experiment,timestamp,pooled_error_pct,worst_interface_error_pct,wrong_direction_interfaces,imputed_interface_observations,ambiguous_interface_observations,minimum_sample_count,minimum_distinct_timestamp_count,pooled_rank,minimax_rank
reference_NY46__paper_roles,2019-01-01 00:00:00,12.0324575661,53.1343072058,0,0,0,13,12,5415,4407
reference_NY46__paper_roles,2019-01-01 01:00:00,11.1139462815,49.6785976282,0,0,0,12,12,4721,4179
reference_NY46__paper_roles,2019-01-01 02:00:00,13.9136670405,47.76450216,0,0,0,12,12,6480,4021
reference_NY46__paper_roles,2019-01-01 03:00:00,11.3366808318,52.8988358891,0,0,0,12,12,4900,4385
reference_NY46__paper_roles,2019-01-01 04:00:00,14.2083773008,73.7401019396,0,0,0,12,12,6616,5390
reference_NY46__paper_roles,2019-01-01 05:00:00,16.432145005,60.8618132942,0,0,0,12,12,7461,4836
reference_NY46__paper_roles,2019-01-01 06:00:00,16.9923434536,70.2509816501,0,0,0,12,12,7623,5254
reference_NY46__paper_roles,2019-01-01 07:00:00,18.8456728722,130.186771145,0,0,0,12,12,7987,6795
reference_NY46__paper_roles,2019-01-01 08:00:00,16.7831197237,489.967164504,0,0,0,12,12,7561,8240
reference_NY46__paper_roles,2019-01-01 09:00:00,16.7245223939,639.273480378,0,0,0,12,12,7544,8359
reference_NY46__paper_roles,2019-01-01 10:00:00,15.779325817,163.482699569,0,0,0,12,12,7246,7201
reference_NY46__paper_roles,2019-01-01 11:00:00,14.0877233784,173.896938819,0,0,0,12,12,6568,7302
reference_NY46__paper_roles,2019-01-01 12:00:00,15.6595412541,216.085001298,0,0,0,12,12,7198,7581
reference_NY46__paper_roles,2019-01-01 13:00:00,19.8665928244,480.733258674,0,0,0,12,12,8156,8227
reference_NY46__paper_roles,2019-01-01 14:00:00,18.2475619304,525.181155006,0,0,0,12,12,7903,8280
reference_NY46__paper_roles,2019-01-01 15:00:00,15.7467292572,205.085465594,0,0,0,12,12,7235,7523
reference_NY46__paper_roles,2019-01-01 16:00:00,17.8456930945,235.468456144,0,0,0,12,12,7815,7688
reference_NY46__paper_roles,2019-01-01 17:00:00,19.142517278,168.620077055,0,0,0,12,12,8039,7247
reference_NY46__paper_roles,2019-01-01 18:00:00,17.8309668828,163.495055183,0,0,0,12,12,7810,7202
reference_NY46__paper_roles,2019-01-01 19:00:00,17.7256232804,132.274349671,0,0,0,12,12,7788,6822
reference_NY46__paper_roles,2019-01-01 20:00:00,15.9409352386,133.789548582,0,0,0,12,12,7304,6845
reference_NY46__paper_roles,2019-01-01 21:00:00,19.7436662504,174.518937996,0,0,0,12,12,8135,7307
reference_NY46__paper_roles,2019-01-01 22:00:00,22.3691241277,278.041581153,0,0,0,12,12,8436,7848
reference_NY46__paper_roles,2019-01-01 23:00:00,15.4164055768,98.2636725757,0,0,0,12,12,7105,6178
reference_NY46__paper_roles,2019-01-02 00:00:00,18.1526534014,114.927814097,0,0,0,12,12,7886,6520
reference_NY46__paper_roles,2019-01-02 01:00:00,20.5253983949,108.374575516,0,0,0,12,12,8243,6401
reference_NY46__paper_roles,2019-01-02 02:00:00,19.6237133155,109.13424891,0,0,0,12,12,8119,6414
reference_NY46__paper_roles,2019-01-02 03:00:00,18.8451439525,78.1571397115,0,0,0,12,12,7986,5558
reference_NY46__paper_roles,2019-01-02 04:00:00,21.6626727466,109.931125477,0,0,0,12,12,8372,6431
reference_NY46__paper_roles,2019-01-02 05:00:00,18.6764277822,119.907034332,0,0,0,12,12,7962,6602
reference_NY46__paper_roles,2019-01-02 06:00:00,15.7430421265,84.4683747997,0,0,0,12,12,7234,5777
reference_NY46__paper_roles,2019-01-02 07:00:00,20.8700742895,155.603710426,0,0,0,12,12,8285,7118
reference_NY46__paper_roles,2019-01-02 08:00:00,20.6309546013,131.882111486,0,0,0,12,12,8258,6819
reference_NY46__paper_roles,2019-01-02 09:00:00,21.9457791482,156.815334587,0,0,0,12,12,8398,7128
reference_NY46__paper_roles,2019-01-02 10:00:00,19.5514307422,122.398656683,0,0,0,12,12,8099,6663
reference_NY46__paper_roles,2019-01-02 11:00:00,23.2864022739,143.098685069,0,0,0,12,12,8496,6971
reference_NY46__paper_roles,2019-01-02 12:00:00,23.4933011496,179.505286409,0,0,0,12,12,8512,7341
reference_NY46__paper_roles,2019-01-02 13:00:00,22.6413827755,194.051227944,0,0,0,12,12,8455,7443
reference_NY46__paper_roles,2019-01-02 14:00:00,23.1470115546,183.240954986,0,0,0,12,12,8484,7368
reference_NY46__paper_roles,2019-01-02 15:00:00,18.8163540515,98.5999262857,0,0,0,12,12,7981,6184
reference_NY46__paper_roles,2019-01-02 16:00:00,22.5975862858,108.41712936,0,0,0,13,13,8453,6404
reference_NY46__paper_roles,2019-01-02 17:00:00,20.4871290547,78.9254200533,0,0,0,11,11,8239,5576
reference_NY46__paper_roles,2019-01-02 18:00:00,19.5960375463,85.0856023821,0,0,0,12,12,8111,5799
reference_NY46__paper_roles,2019-01-02 19:00:00,21.6756214715,107.82504073,0,0,0,12,12,8374,6392
reference_NY46__paper_roles,2019-01-02 20:00:00,16.5216002576,92.5700558865,0,0,0,12,12,7488,6027
reference_NY46__paper_roles,2019-01-02 21:00:00,14.2629790457,76.8270540441,0,0,0,13,12,6635,5508
reference_NY46__paper_roles,2019-01-02 22:00:00,16.994629264,39.1211553395,0,0,0,11,11,7624,3345
reference_NY46__paper_roles,2019-01-02 23:00:00,16.8754680259,56.0049100181,0,0,0,12,12,7584,4586
reference_NY46__paper_roles,2019-01-03 00:00:00,13.0483794341,28.6563881544,0,0,0,12,12,6001,2272
reference_NY46__paper_roles,2019-01-03 01:00:00,17.6458141841,56.4674344049,0,0,0,12,12,7771,4608
reference_NY46__paper_roles,2019-01-03 02:00:00,18.618472432,52.0241529086,0,0,0,12,12,7953,4336
reference_NY46__paper_roles,2019-01-03 03:00:00,21.1951657801,66.2604399383,0,0,0,12,12,8328,5092
reference_NY46__paper_roles,2019-01-03 04:00:00,24.8591570229,98.7637429513,0,0,0,12,12,8575,6189
reference_NY46__paper_roles,2019-01-03 05:00:00,19.5260749517,98.1623435661,0,0,0,12,12,8093,6176
reference_NY46__paper_roles,2019-01-03 06:00:00,13.2801816116,87.3432732367,0,0,0,12,12,6124,5863
reference_NY46__paper_roles,2019-01-03 07:00:00,18.9353630925,109.762129966,0,0,0,12,12,8005,6427
reference_NY46__paper_roles,2019-01-03 08:00:00,17.639265039,98.681226976,0,0,0,12,12,7768,6186
reference_NY46__paper_roles,2019-01-03 09:00:00,14.0966749503,73.0607382336,0,0,0,12,12,6572,5355
reference_NY46__paper_roles,2019-01-03 10:00:00,10.9371307344,46.9159412996,0,0,0,12,12,4588,3956
reference_NY46__paper_roles,2019-01-03 11:00:00,11.4636389667,68.4007638213,0,0,0,12,12,4996,5187
reference_NY46__paper_roles,2019-01-03 12:00:00,13.6517571871,99.3969542833,0,0,0,12,12,6343,6208
reference_NY46__paper_roles,2019-01-03 13:00:00,16.8439500629,101.829891289,0,0,0,12,12,7577,6273
reference_NY46__paper_roles,2019-01-03 14:00:00,14.3878022359,71.1039335383,0,0,0,12,12,6701,5289
reference_NY46__paper_roles,2019-01-03 15:00:00,13.0560595671,61.4695609566,0,0,0,12,12,6011,4862
reference_NY46__paper_roles,2019-01-03 16:00:00,12.8372371471,39.5504071369,0,0,0,12,12,5886,3384
reference_NY46__paper_roles,2019-01-03 17:00:00,12.4550959253,34.2413699285,0,0,0,12,12,5682,2877
reference_NY46__paper_roles,2019-01-03 18:00:00,13.8245757284,55.3268292477,0,0,0,12,12,6434,4541
reference_NY46__paper_roles,2019-01-03 19:00:00,14.4015143474,55.598168729,0,0,0,12,12,6711,4561
reference_NY46__paper_roles,2019-01-03 20:00:00,8.82051710182,34.8029493864,0,0,0,12,12,2809,2936
reference_NY46__paper_roles,2019-01-03 21:00:00,10.2523796199,44.5213022894,0,0,0,12,12,4045,3776
reference_NY46__paper_roles,2019-01-03 22:00:00,12.1378109736,32.1429241062,0,0,0,12,12,5480,2661
reference_NY46__paper_roles,2019-01-03 23:00:00,6.97150246822,27.0581369785,0,0,0,12,12,1322,2084
reference_NY46__paper_roles,2019-01-04 00:00:00,9.13797732015,36.4647066679,0,0,0,12,12,3074,3091
reference_NY46__paper_roles,2019-01-04 01:00:00,11.0726736124,42.9874683516,0,0,0,12,12,4689,3660
reference_NY46__paper_roles,2019-01-04 02:00:00,10.4870001367,48.0511640218,0,0,0,12,12,4229,4048
reference_NY46__paper_roles,2019-01-04 03:00:00,11.9407014287,42.8773096464,0,0,0,12,12,5354,3647
reference_NY46__paper_roles,2019-01-04 04:00:00,6.10104322246,23.8399218032,0,0,0,12,12,796,1658
reference_NY46__paper_roles,2019-01-04 05:00:00,11.2807443533,45.4216527308,0,0,0,12,12,4856,3847
reference_NY46__paper_roles,2019-01-04 06:00:00,7.69691632038,41.0223472669,0,0,0,12,12,1870,3517
reference_NY46__paper_roles,2019-01-04 07:00:00,6.24321799773,33.5692377737,0,0,0,12,12,867,2810
reference_NY46__paper_roles,2019-01-04 08:00:00,5.67623271403,36.8808916531,0,0,0,12,12,613,3133
reference_NY46__paper_roles,2019-01-04 09:00:00,5.32019335541,36.4178021044,0,0,0,12,12,477,3084
reference_NY46__paper_roles,2019-01-04 10:00:00,6.0644666658,59.0506749058,0,0,0,12,12,781,4745
reference_NY46__paper_roles,2019-01-04 11:00:00,9.21717003355,89.2513727869,0,0,0,12,12,3154,5920
reference_NY46__paper_roles,2019-01-04 12:00:00,10.7973579819,102.636103711,0,0,0,12,12,4482,6290
reference_NY46__paper_roles,2019-01-04 13:00:00,13.8883169148,111.904586896,0,0,0,12,12,6468,6467
reference_NY46__paper_roles,2019-01-04 14:00:00,13.0849567429,98.9873396053,0,0,0,12,12,6026,6193
reference_NY46__paper_roles,2019-01-04 15:00:00,9.57486384494,81.9055146089,0,0,0,12,12,3479,5695
reference_NY46__paper_roles,2019-01-04 16:00:00,8.32101383778,70.4759728233,0,0,0,12,12,2367,5266
reference_NY46__paper_roles,2019-01-04 17:00:00,9.97351469612,57.3287630767,0,0,0,13,12,3817,4662
reference_NY46__paper_roles,2019-01-04 18:00:00,9.15307244877,53.8084780931,0,0,0,12,12,3088,4451
reference_NY46__paper_roles,2019-01-04 19:00:00,11.7149447852,75.2590818623,0,0,0,12,12,5166,5451
reference_NY46__paper_roles,2019-01-04 20:00:00,10.5121183155,72.9413609134,0,0,0,12,12,4254,5353
reference_NY46__paper_roles,2019-01-04 21:00:00,7.84424979368,48.1742655674,0,0,0,12,12,1970,4055
reference_NY46__paper_roles,2019-01-04 22:00:00,11.9677171959,26.7417854128,0,0,0,12,12,5373,2043
reference_NY46__paper_roles,2019-01-04 23:00:00,7.18981438334,19.3328533914,0,0,0,12,12,1467,1037
reference_NY46__paper_roles,2019-01-05 00:00:00,9.15447238242,33.9252545312,0,0,0,12,12,3090,2848
reference_NY46__paper_roles,2019-01-05 01:00:00,9.61373826617,38.8883976144,0,0,0,12,12,3520,3324
reference_NY46__paper_roles,2019-01-05 02:00:00,7.85779537453,20.8934572626,0,0,0,12,12,1981,1256
reference_NY46__paper_roles,2019-01-05 03:00:00,11.254621414,36.0396711292,0,0,0,12,12,4835,3053
reference_NY46__paper_roles,2019-01-05 04:00:00,12.5083300118,43.519060098,0,0,0,12,12,5705,3701
reference_NY46__paper_roles,2019-01-05 05:00:00,12.7087459462,64.5078651965,0,0,0,12,12,5809,5010
reference_NY46__paper_roles,2019-01-05 06:00:00,13.2206431075,38.8738581489,0,0,0,12,12,6089,3321
reference_NY46__paper_roles,2019-01-05 07:00:00,10.8243972554,44.0088607443,0,0,0,12,12,4502,3734
reference_NY46__paper_roles,2019-01-05 08:00:00,7.52621812863,25.2949515055,0,0,0,12,12,1735,1851
reference_NY46__paper_roles,2019-01-05 09:00:00,7.06938029265,26.6670949354,0,0,0,12,12,1384,2037
reference_NY46__paper_roles,2019-01-05 10:00:00,4.38727595955,12.413379838,0,0,0,12,12,191,240
reference_NY46__paper_roles,2019-01-05 11:00:00,4.5021918167,8.26063831812,0,0,0,12,12,222,51
reference_NY46__paper_roles,2019-01-05 12:00:00,5.04819227196,7.78459929968,0,0,0,12,12,375,39
reference_NY46__paper_roles,2019-01-05 13:00:00,4.17079858968,7.93118892679,0,0,0,12,12,159,40
reference_NY46__paper_roles,2019-01-05 14:00:00,5.553296829,10.2890412994,0,0,0,12,12,563,131
reference_NY46__paper_roles,2019-01-05 15:00:00,5.53082340444,18.3800098081,0,0,0,12,12,550,887
reference_NY46__paper_roles,2019-01-05 16:00:00,4.9217233901,10.3289390766,0,0,0,12,12,343,134
reference_NY46__paper_roles,2019-01-05 17:00:00,6.62799466927,20.3004485151,0,0,0,12,12,1107,1172
reference_NY46__paper_roles,2019-01-05 18:00:00,7.14420425483,14.6787840115,0,0,0,12,12,1433,459
reference_NY46__paper_roles,2019-01-05 19:00:00,9.86596406539,22.3963600286,0,0,0,12,12,3735,1468
reference_NY46__paper_roles,2019-01-05 20:00:00,8.31598872639,24.7665469091,0,0,0,12,12,2358,1787
reference_NY46__paper_roles,2019-01-05 21:00:00,11.4227647773,28.5571697588,0,0,0,12,12,4966,2261
reference_NY46__paper_roles,2019-01-05 22:00:00,12.7138167795,24.34331906,0,0,0,12,12,5812,1725
reference_NY46__paper_roles,2019-01-05 23:00:00,11.3817209325,21.4387729103,0,0,0,12,12,4939,1332
reference_NY46__paper_roles,2019-01-06 00:00:00,10.4354569107,20.0999108421,0,0,0,12,12,4189,1146
reference_NY46__paper_roles,2019-01-06 01:00:00,9.84292509082,27.5648053782,0,0,0,12,12,3711,2138
reference_NY46__paper_roles,2019-01-06 02:00:00,11.0941080128,34.027234537,0,0,0,12,12,4708,2856
reference_NY46__paper_roles,2019-01-06 03:00:00,11.6165627838,39.352288264,0,0,0,12,12,5095,3368
reference_NY46__paper_roles,2019-01-06 04:00:00,10.8017251541,40.4078536072,0,0,0,12,12,4487,3457
reference_NY46__paper_roles,2019-01-06 05:00:00,8.13724454521,36.7140920023,0,0,0,12,12,2208,3117
reference_NY46__paper_roles,2019-01-06 06:00:00,9.66573923035,43.4557890589,0,0,0,12,12,3566,3698
reference_NY46__paper_roles,2019-01-06 07:00:00,9.57602449111,29.9467652352,0,0,0,12,12,3483,2424
reference_NY46__paper_roles,2019-01-06 08:00:00,12.5715876408,54.7607225207,0,0,0,12,12,5740,4510
reference_NY46__paper_roles,2019-01-06 09:00:00,7.18575627353,19.8555030329,0,0,0,12,12,1463,1111
reference_NY46__paper_roles,2019-01-06 10:00:00,9.65222277708,32.4122438119,0,0,0,12,12,3551,2687
reference_NY46__paper_roles,2019-01-06 11:00:00,8.33052887575,21.8749273802,0,0,0,12,12,2376,1386
reference_NY46__paper_roles,2019-01-06 12:00:00,8.54087572852,30.2390508716,0,0,0,12,12,2554,2450
reference_NY46__paper_roles,2019-01-06 13:00:00,11.0929044208,78.1481786562,0,0,0,12,12,4707,5557
reference_NY46__paper_roles,2019-01-06 14:00:00,12.5788362873,88.137915781,0,0,0,12,12,5745,5883
reference_NY46__paper_roles,2019-01-06 15:00:00,11.3607653324,79.0991216187,0,0,0,12,12,4922,5584
reference_NY46__paper_roles,2019-01-06 16:00:00,13.2213896254,85.3210753162,0,0,0,12,12,6090,5812
reference_NY46__paper_roles,2019-01-06 17:00:00,10.0410777308,53.0882377688,0,0,0,12,12,3879,4403
reference_NY46__paper_roles,2019-01-06 18:00:00,12.0655780961,55.9964956071,0,0,0,12,12,5438,4585
reference_NY46__paper_roles,2019-01-06 19:00:00,10.9481086488,47.5439802115,0,0,0,12,12,4596,4012
reference_NY46__paper_roles,2019-01-06 20:00:00,6.16427776346,16.3567754738,0,0,0,12,12,825,641
reference_NY46__paper_roles,2019-01-06 21:00:00,6.33639318857,16.0811012685,0,0,0,12,12,923,619
reference_NY46__paper_roles,2019-01-06 22:00:00,4.8295553906,14.3679549149,0,0,0,12,12,314,427
reference_NY46__paper_roles,2019-01-06 23:00:00,9.09693282319,39.7637266292,0,0,0,12,12,3042,3408
reference_NY46__paper_roles,2019-01-07 00:00:00,9.44930939116,27.9119782872,0,0,0,12,12,3348,2179
reference_NY46__paper_roles,2019-01-07 01:00:00,10.6945520715,29.1741093568,0,0,0,12,12,4402,2332
reference_NY46__paper_roles,2019-01-07 02:00:00,10.248109084,39.9058541259,0,0,0,12,12,4042,3420
reference_NY46__paper_roles,2019-01-07 03:00:00,10.8629712292,34.3597197687,0,0,0,12,12,4538,2890
reference_NY46__paper_roles,2019-01-07 04:00:00,13.1746841685,33.3482157416,0,0,0,12,12,6070,2783
reference_NY46__paper_roles,2019-01-07 05:00:00,16.259413119,52.7953334519,0,0,0,12,12,7409,4377
reference_NY46__paper_roles,2019-01-07 06:00:00,8.16177180209,15.8233567737,0,0,0,12,12,2228,577
reference_NY46__paper_roles,2019-01-07 07:00:00,3.60491982365,6.34591375874,0,0,0,12,12,78,7
reference_NY46__paper_roles,2019-01-07 08:00:00,3.87625629721,7.44856353429,0,0,0,12,12,114,34
reference_NY46__paper_roles,2019-01-07 09:00:00,5.43078035667,8.26176639145,0,0,0,12,12,520,52
reference_NY46__paper_roles,2019-01-07 10:00:00,7.81266735764,12.3082255309,0,0,0,12,12,1947,230
reference_NY46__paper_roles,2019-01-07 11:00:00,7.11409156135,13.1516856222,0,0,0,12,12,1415,308
reference_NY46__paper_roles,2019-01-07 12:00:00,7.11382146359,12.784993792,0,0,0,12,12,1414,278
reference_NY46__paper_roles,2019-01-07 13:00:00,8.52420750322,13.6995589216,0,0,0,12,12,2540,363
reference_NY46__paper_roles,2019-01-07 14:00:00,7.93168561351,15.2389695412,0,0,0,12,12,2034,515
reference_NY46__paper_roles,2019-01-07 15:00:00,6.63250978987,15.9290515145,0,0,0,12,12,1110,595
reference_NY46__paper_roles,2019-01-07 16:00:00,8.01363961215,23.0628596865,0,0,0,12,12,2108,1552
reference_NY46__paper_roles,2019-01-07 17:00:00,10.4930020178,36.9067723759,0,0,0,12,12,4234,3136
reference_NY46__paper_roles,2019-01-07 18:00:00,12.1095580593,60.8877149458,0,0,0,12,12,5466,4837
reference_NY46__paper_roles,2019-01-07 19:00:00,9.0064993181,48.5140245875,0,0,0,12,12,2974,4088
reference_NY46__paper_roles,2019-01-07 20:00:00,6.98254715346,24.3354641212,0,0,0,12,12,1331,1724
reference_NY46__paper_roles,2019-01-07 21:00:00,7.20532545419,15.5712097402,0,0,0,12,12,1474,547
reference_NY46__paper_roles,2019-01-07 22:00:00,12.48062016,29.0700660989,0,0,0,12,12,5696,2325
reference_NY46__paper_roles,2019-01-07 23:00:00,9.16625550513,27.1615183416,0,0,0,12,12,3107,2092
reference_NY46__paper_roles,2019-01-08 00:00:00,8.22732895089,17.0038460554,0,0,0,12,12,2284,724
reference_NY46__paper_roles,2019-01-08 01:00:00,7.29173022876,23.0866192676,0,0,0,12,12,1526,1554
reference_NY46__paper_roles,2019-01-08 02:00:00,6.67609164322,19.0260260983,0,0,0,12,12,1139,989
reference_NY46__paper_roles,2019-01-08 03:00:00,10.4132175195,50.1006676723,0,0,0,12,12,4178,4205
reference_NY46__paper_roles,2019-01-08 04:00:00,11.6877336731,39.7541009606,0,0,0,12,12,5153,3405
reference_NY46__paper_roles,2019-01-08 05:00:00,11.730848296,36.6278198422,0,0,0,12,12,5178,3108
reference_NY46__paper_roles,2019-01-08 06:00:00,12.0356934308,60.308342596,0,0,0,12,12,5420,4808
reference_NY46__paper_roles,2019-01-08 07:00:00,8.49033973436,57.2371979482,0,0,0,13,12,2513,4656
reference_NY46__paper_roles,2019-01-08 08:00:00,7.21893932893,52.4067123531,0,0,0,12,12,1485,4361
reference_NY46__paper_roles,2019-01-08 09:00:00,6.40000117998,47.0671450865,0,0,0,12,12,971,3967
reference_NY46__paper_roles,2019-01-08 10:00:00,5.2842605324,25.6386686605,0,0,0,12,12,465,1893
reference_NY46__paper_roles,2019-01-08 11:00:00,6.42774912632,25.9880492227,0,0,0,12,12,988,1950
reference_NY46__paper_roles,2019-01-08 12:00:00,6.82890937166,27.6773171579,0,0,0,12,12,1225,2154
reference_NY46__paper_roles,2019-01-08 13:00:00,6.00746588996,12.7059622589,0,0,0,12,12,752,268
reference_NY46__paper_roles,2019-01-08 14:00:00,5.02894062891,8.48627365861,0,0,0,12,12,368,60
reference_NY46__paper_roles,2019-01-08 15:00:00,2.03209311212,4.06828191994,0,0,0,12,12,1,1
reference_NY46__paper_roles,2019-01-08 16:00:00,4.79213275702,8.41403388921,0,0,0,14,14,299,57
reference_NY46__paper_roles,2019-01-08 17:00:00,5.58874014371,10.2332047083,0,0,0,10,10,577,127
reference_NY46__paper_roles,2019-01-08 18:00:00,9.47923311162,32.1204278987,0,0,0,12,12,3383,2657
reference_NY46__paper_roles,2019-01-08 19:00:00,11.8457418903,48.817852738,0,0,0,12,12,5262,4110
reference_NY46__paper_roles,2019-01-08 20:00:00,11.1800187684,38.142391362,0,0,0,12,12,4781,3251
reference_NY46__paper_roles,2019-01-08 21:00:00,18.1364591926,37.5203185126,0,0,0,12,12,7884,3186
reference_NY46__paper_roles,2019-01-08 22:00:00,14.965256389,35.3087525906,0,0,0,12,12,6929,2975
reference_NY46__paper_roles,2019-01-08 23:00:00,13.0261968116,33.5373151363,0,0,0,12,12,5993,2806
reference_NY46__paper_roles,2019-01-09 00:00:00,12.7431161214,20.7666893324,0,0,0,12,12,5828,1237
reference_NY46__paper_roles,2019-01-09 01:00:00,13.7137917957,66.3235142759,0,0,0,12,12,6384,5094
reference_NY46__paper_roles,2019-01-09 02:00:00,14.2228213298,50.8884673409,0,0,0,12,12,6623,4253
reference_NY46__paper_roles,2019-01-09 03:00:00,17.125398957,80.7599320448,0,0,0,12,12,7653,5653
reference_NY46__paper_roles,2019-01-09 04:00:00,15.4499377721,44.4831826442,0,0,0,12,12,7117,3774
reference_NY46__paper_roles,2019-01-09 05:00:00,10.4960112063,30.8560585641,0,0,0,12,12,4238,2524
reference_NY46__paper_roles,2019-01-09 06:00:00,8.29459126213,19.7646140998,0,0,0,12,12,2335,1103
reference_NY46__paper_roles,2019-01-09 07:00:00,10.0482562554,53.4274575285,0,0,0,12,12,3888,4433
reference_NY46__paper_roles,2019-01-09 08:00:00,8.43401655037,54.5634417083,0,0,0,12,12,2465,4497
reference_NY46__paper_roles,2019-01-09 09:00:00,9.86010952695,80.0718426076,0,0,0,12,12,3728,5626
reference_NY46__paper_roles,2019-01-09 10:00:00,10.0740183889,94.8859760502,0,0,0,12,12,3902,6097
reference_NY46__paper_roles,2019-01-09 11:00:00,11.8794168473,110.95392912,0,0,0,12,12,5299,6449
reference_NY46__paper_roles,2019-01-09 12:00:00,11.553652046,104.61570988,0,0,0,12,12,5050,6338
reference_NY46__paper_roles,2019-01-09 13:00:00,12.080833501,108.443739028,0,0,0,12,12,5449,6405
reference_NY46__paper_roles,2019-01-09 14:00:00,10.8513575265,94.1311648696,0,0,0,12,12,4527,6071
reference_NY46__paper_roles,2019-01-09 15:00:00,10.5520737259,94.4235394428,0,0,0,12,12,4296,6079
reference_NY46__paper_roles,2019-01-09 16:00:00,9.23931745007,83.1888790697,0,0,0,12,12,3174,5729
reference_NY46__paper_roles,2019-01-09 17:00:00,9.20498078535,112.312958721,0,0,0,12,12,3143,6474
reference_NY46__paper_roles,2019-01-09 18:00:00,10.5234883616,121.033054069,0,0,0,12,12,4269,6636
reference_NY46__paper_roles,2019-01-09 19:00:00,8.3050493219,110.661616653,0,0,0,12,12,2348,6441
reference_NY46__paper_roles,2019-01-09 20:00:00,6.22722900646,78.1276344546,0,0,0,12,12,857,5556
reference_NY46__paper_roles,2019-01-09 21:00:00,7.37944382874,91.7994096784,0,0,0,12,12,1608,5995
reference_NY46__paper_roles,2019-01-09 22:00:00,12.5742793456,65.3357314277,0,0,0,12,12,5741,5054
reference_NY46__paper_roles,2019-01-09 23:00:00,8.78517669188,62.7706286051,0,0,0,12,12,2771,4928
reference_NY46__paper_roles,2019-01-10 00:00:00,9.8923465012,38.5084531487,0,0,0,12,12,3754,3290
reference_NY46__paper_roles,2019-01-10 01:00:00,9.9035323273,36.8294531547,0,0,0,12,12,3765,3128
reference_NY46__paper_roles,2019-01-10 02:00:00,9.80144158658,35.7919214481,0,0,0,12,12,3668,3022
reference_NY46__paper_roles,2019-01-10 03:00:00,10.2465778101,45.4331499999,0,0,0,12,12,4037,3849
reference_NY46__paper_roles,2019-01-10 04:00:00,11.4131648179,39.9223382734,0,0,0,12,12,4957,3422
reference_NY46__paper_roles,2019-01-10 05:00:00,9.76515516816,29.905393597,0,0,0,12,12,3634,2420
reference_NY46__paper_roles,2019-01-10 06:00:00,4.8936492189,17.6700138725,0,0,0,12,12,336,806
reference_NY46__paper_roles,2019-01-10 07:00:00,4.86236508751,20.2837087377,0,0,0,12,12,325,1168
reference_NY46__paper_roles,2019-01-10 08:00:00,3.7577455685,21.577136065,0,0,0,12,12,100,1346
reference_NY46__paper_roles,2019-01-10 09:00:00,5.24458677193,54.0643618414,0,0,0,12,12,450,4468
reference_NY46__paper_roles,2019-01-10 10:00:00,6.61625026632,77.2797256915,0,0,0,12,12,1102,5522
reference_NY46__paper_roles,2019-01-10 11:00:00,10.1532660515,84.4854445208,0,0,0,12,12,3964,5778
reference_NY46__paper_roles,2019-01-10 12:00:00,8.33722445699,66.2259518388,0,0,0,12,12,2382,5089
reference_NY46__paper_roles,2019-01-10 13:00:00,7.77760851121,52.399175041,0,0,0,12,12,1922,4358
reference_NY46__paper_roles,2019-01-10 14:00:00,7.68317210858,35.0878768565,0,0,0,12,12,1857,2954
reference_NY46__paper_roles,2019-01-10 15:00:00,6.14400563414,32.5248433148,0,0,0,12,12,814,2697
reference_NY46__paper_roles,2019-01-10 16:00:00,5.70260975234,37.4452894064,0,0,0,12,12,626,3176
reference_NY46__paper_roles,2019-01-10 17:00:00,7.97867963351,52.7082776951,0,0,0,12,12,2076,4375
reference_NY46__paper_roles,2019-01-10 18:00:00,8.71092823226,43.7923756538,0,0,0,12,12,2688,3715
reference_NY46__paper_roles,2019-01-10 19:00:00,5.99777523454,23.7808491934,0,0,0,12,12,747,1650
reference_NY46__paper_roles,2019-01-10 20:00:00,6.4579232922,27.9250106636,0,0,0,12,12,1010,2180
reference_NY46__paper_roles,2019-01-10 21:00:00,7.03645064457,27.2829385149,0,0,0,12,12,1361,2109
reference_NY46__paper_roles,2019-01-10 22:00:00,8.91387192105,20.1386897165,0,0,0,12,12,2903,1152
reference_NY46__paper_roles,2019-01-10 23:00:00,13.0517886201,35.9287015849,0,0,0,12,12,6007,3038
reference_NY46__paper_roles,2019-01-11 00:00:00,6.27279606722,16.8657752267,0,0,0,12,12,887,705
reference_NY46__paper_roles,2019-01-11 01:00:00,5.3338343485,16.1011021261,0,0,0,12,12,484,620
reference_NY46__paper_roles,2019-01-11 02:00:00,4.44355808609,16.6965442138,0,0,0,12,12,203,687
reference_NY46__paper_roles,2019-01-11 03:00:00,5.85679205574,18.9567085716,0,0,0,12,12,683,972
reference_NY46__paper_roles,2019-01-11 04:00:00,8.42394558323,24.4460604308,0,0,0,12,12,2454,1744
reference_NY46__paper_roles,2019-01-11 05:00:00,8.66630552254,25.8826116614,0,0,0,12,12,2658,1937
reference_NY46__paper_roles,2019-01-11 06:00:00,10.0365002917,26.219902838,0,0,0,12,12,3872,1982
reference_NY46__paper_roles,2019-01-11 07:00:00,8.2155265752,28.348952598,0,0,0,12,12,2280,2228
reference_NY46__paper_roles,2019-01-11 08:00:00,7.5645152061,43.2208415635,0,0,0,12,12,1769,3678
reference_NY46__paper_roles,2019-01-11 09:00:00,9.59195103344,50.6446866051,0,0,0,12,12,3493,4232
reference_NY46__paper_roles,2019-01-11 10:00:00,8.85304370045,43.8384128393,0,0,0,12,12,2842,3720
reference_NY46__paper_roles,2019-01-11 11:00:00,7.13724506403,10.9869710779,0,0,0,12,12,1429,164
reference_NY46__paper_roles,2019-01-11 12:00:00,7.47759473061,10.8595179896,0,0,0,12,12,1691,153
reference_NY46__paper_roles,2019-01-11 13:00:00,7.75176203994,13.3233071859,0,0,0,12,12,1912,330
reference_NY46__paper_roles,2019-01-11 14:00:00,8.51542817198,14.7272686622,0,0,0,12,12,2532,466
reference_NY46__paper_roles,2019-01-11 15:00:00,9.55888428268,33.5878713421,0,0,0,13,13,3463,2811
reference_NY46__paper_roles,2019-01-11 16:00:00,5.92061708214,19.4570819007,0,0,0,11,11,719,1060
reference_NY46__paper_roles,2019-01-11 17:00:00,6.65221958223,43.2602886537,0,0,0,12,12,1120,3682
reference_NY46__paper_roles,2019-01-11 18:00:00,3.65333067269,21.8755143198,0,0,0,12,12,85,1387
reference_NY46__paper_roles,2019-01-11 19:00:00,2.27508537678,7.27639718774,0,0,0,12,12,4,28
reference_NY46__paper_roles,2019-01-11 20:00:00,4.73340269646,8.12400574951,0,0,0,12,12,285,45
reference_NY46__paper_roles,2019-01-11 21:00:00,9.05739009874,21.922120491,0,0,0,14,13,3009,1400
reference_NY46__paper_roles,2019-01-11 22:00:00,11.6978833612,27.5807930165,0,0,0,10,10,5156,2143
reference_NY46__paper_roles,2019-01-11 23:00:00,9.82563247961,29.6788986959,0,0,0,12,12,3691,2393
reference_NY46__paper_roles,2019-01-12 00:00:00,9.82021666129,25.5725265357,0,0,0,12,12,3688,1885
reference_NY46__paper_roles,2019-01-12 01:00:00,9.97609352069,32.4677503016,0,0,0,12,12,3819,2694
reference_NY46__paper_roles,2019-01-12 02:00:00,11.9224422588,42.5003425263,0,0,0,12,12,5333,3617
reference_NY46__paper_roles,2019-01-12 03:00:00,13.2436459452,43.2154106462,0,0,0,12,12,6103,3677
reference_NY46__paper_roles,2019-01-12 04:00:00,13.983965723,33.8719545369,0,0,0,12,12,6519,2844
reference_NY46__paper_roles,2019-01-12 05:00:00,11.6533695291,27.7738205073,0,0,0,12,12,5124,2163
reference_NY46__paper_roles,2019-01-12 06:00:00,9.93524193202,22.6633656975,0,0,0,12,12,3790,1500
reference_NY46__paper_roles,2019-01-12 07:00:00,8.50940871848,23.2123001277,0,0,0,12,12,2525,1577
reference_NY46__paper_roles,2019-01-12 08:00:00,6.86035717845,19.0185331509,0,0,0,14,13,1241,986
reference_NY46__paper_roles,2019-01-12 09:00:00,9.08072495582,23.9721759609,0,0,0,12,12,3025,1683
reference_NY46__paper_roles,2019-01-12 10:00:00,6.04174286564,10.8035435641,0,0,0,13,13,771,149
reference_NY46__paper_roles,2019-01-12 11:00:00,7.81365408368,18.8114679882,0,0,0,13,13,1949,951
reference_NY46__paper_roles,2019-01-12 12:00:00,9.91660988382,22.1600164971,0,0,0,12,12,3778,1435
reference_NY46__paper_roles,2019-01-12 13:00:00,10.3334503013,16.6630992749,0,0,0,12,12,4103,681
reference_NY46__paper_roles,2019-01-12 14:00:00,11.1205884105,24.3580681643,0,0,0,12,12,4727,1727
reference_NY46__paper_roles,2019-01-12 15:00:00,11.2285038792,20.9888177733,0,0,0,12,12,4822,1272
reference_NY46__paper_roles,2019-01-12 16:00:00,10.880551407,20.1651172759,0,0,0,12,12,4550,1154
reference_NY46__paper_roles,2019-01-12 17:00:00,10.6346479397,23.1229026493,0,0,0,13,13,4357,1562
reference_NY46__paper_roles,2019-01-12 18:00:00,9.05653915391,16.8950960383,0,0,0,11,11,3007,711
reference_NY46__paper_roles,2019-01-12 19:00:00,9.04340116976,16.4904746574,0,0,0,12,12,2999,659
reference_NY46__paper_roles,2019-01-12 20:00:00,10.3737979399,23.4287402669,0,0,0,12,12,4136,1604
reference_NY46__paper_roles,2019-01-12 21:00:00,9.50505064045,18.4616563652,0,0,0,12,12,3415,898
reference_NY46__paper_roles,2019-01-12 22:00:00,12.7589704092,29.2796871233,0,0,0,12,12,5842,2352
reference_NY46__paper_roles,2019-01-12 23:00:00,17.5656816646,32.3151162822,0,0,0,12,12,7749,2679
reference_NY46__paper_roles,2019-01-13 00:00:00,15.7315627816,31.1696099496,0,0,0,12,12,7224,2552
reference_NY46__paper_roles,2019-01-13 01:00:00,12.6570123387,23.386825895,0,0,0,12,12,5784,1598
reference_NY46__paper_roles,2019-01-13 02:00:00,13.6300493069,30.8437300032,0,0,0,12,12,6332,2522
reference_NY46__paper_roles,2019-01-13 03:00:00,15.1581869608,33.4761764425,0,0,0,12,12,6999,2797
reference_NY46__paper_roles,2019-01-13 04:00:00,14.8022789476,35.6869564083,0,0,0,12,12,6865,3009
reference_NY46__paper_roles,2019-01-13 05:00:00,11.673197861,22.3054899248,0,0,0,12,12,5136,1452
reference_NY46__paper_roles,2019-01-13 06:00:00,12.1638988744,25.1166861733,0,0,0,12,12,5500,1827
reference_NY46__paper_roles,2019-01-13 07:00:00,8.49869380536,22.3073717951,0,0,0,12,12,2520,1453
reference_NY46__paper_roles,2019-01-13 08:00:00,9.20574391496,25.2168408097,0,0,0,12,12,3145,1841
reference_NY46__paper_roles,2019-01-13 09:00:00,9.57988922855,22.6139128864,0,0,0,12,12,3485,1493
reference_NY46__paper_roles,2019-01-13 10:00:00,9.12418939324,24.7048384112,0,0,0,12,12,3066,1775
reference_NY46__paper_roles,2019-01-13 11:00:00,9.85690655473,20.974922558,0,0,0,12,12,3725,1270
reference_NY46__paper_roles,2019-01-13 12:00:00,8.88375867549,17.0099176808,0,0,0,12,12,2878,726
reference_NY46__paper_roles,2019-01-13 13:00:00,9.08535594423,16.0702843791,0,0,0,12,12,3031,616
reference_NY46__paper_roles,2019-01-13 14:00:00,8.89211376699,16.8723986864,0,0,0,12,12,2891,706
reference_NY46__paper_roles,2019-01-13 15:00:00,10.8419608643,22.4648958581,0,0,0,12,12,4516,1481
reference_NY46__paper_roles,2019-01-13 16:00:00,12.7135070059,57.265420473,0,0,0,12,12,5811,4658
reference_NY46__paper_roles,2019-01-13 17:00:00,13.4590983223,58.8067862585,0,0,0,12,12,6225,4729
reference_NY46__paper_roles,2019-01-13 18:00:00,9.87068703636,39.3308430902,0,0,0,12,12,3740,3366
reference_NY46__paper_roles,2019-01-13 19:00:00,11.7569431087,35.3157586832,0,0,0,12,12,5198,2976
reference_NY46__paper_roles,2019-01-13 20:00:00,10.8493002065,28.2522708855,0,0,0,12,12,4522,2218
reference_NY46__paper_roles,2019-01-13 21:00:00,10.6963970948,34.5843488771,0,0,0,12,12,4404,2914
reference_NY46__paper_roles,2019-01-13 22:00:00,8.72307179236,18.7549921035,0,0,0,13,12,2706,940
reference_NY46__paper_roles,2019-01-13 23:00:00,8.56492310677,16.517856963,0,0,0,12,12,2580,663
reference_NY46__paper_roles,2019-01-14 00:00:00,12.0783685984,32.3950851242,0,0,0,12,12,5447,2685
reference_NY46__paper_roles,2019-01-14 01:00:00,13.1522681856,32.2880236861,0,0,0,12,12,6057,2678
reference_NY46__paper_roles,2019-01-14 02:00:00,12.3263535667,26.8838530424,0,0,0,12,12,5590,2058
reference_NY46__paper_roles,2019-01-14 03:00:00,11.2140882499,28.3597527846,0,0,0,12,12,4810,2231
reference_NY46__paper_roles,2019-01-14 04:00:00,13.6301844617,51.0017231239,0,0,0,12,12,6333,4264
reference_NY46__paper_roles,2019-01-14 05:00:00,16.4325324282,88.7974632459,0,0,0,13,13,7462,5904
reference_NY46__paper_roles,2019-01-14 06:00:00,19.5354418905,120.79406158,0,0,0,12,11,8097,6633
reference_NY46__paper_roles,2019-01-14 07:00:00,19.6179679917,379.379058594,0,0,0,12,12,8118,8112
reference_NY46__paper_roles,2019-01-14 08:00:00,12.2340258647,107.19586866,0,0,0,12,12,5549,6384
reference_NY46__paper_roles,2019-01-14 09:00:00,11.486882296,28.7405507977,0,0,0,13,13,5012,2285
reference_NY46__paper_roles,2019-01-14 10:00:00,13.1541086033,31.8600529816,0,0,0,12,12,6058,2626
reference_NY46__paper_roles,2019-01-14 11:00:00,12.0453566251,25.6701266824,0,0,0,12,12,5426,1901
reference_NY46__paper_roles,2019-01-14 12:00:00,13.1178967502,23.2040007693,0,0,0,14,13,6038,1574
reference_NY46__paper_roles,2019-01-14 13:00:00,13.256131016,31.0141015121,0,0,0,11,11,6112,2535
reference_NY46__paper_roles,2019-01-14 14:00:00,14.7164910714,59.1797488252,0,0,0,12,12,6831,4749
reference_NY46__paper_roles,2019-01-14 15:00:00,14.1749258208,38.9478386228,0,0,0,12,12,6601,3330
reference_NY46__paper_roles,2019-01-14 16:00:00,14.0345638059,64.6323160772,0,0,0,12,12,6541,5019
reference_NY46__paper_roles,2019-01-14 17:00:00,10.6455390518,52.3381516573,0,0,0,12,12,4366,4357
reference_NY46__paper_roles,2019-01-14 18:00:00,5.82350771205,26.2272099218,0,0,0,12,12,670,1987
reference_NY46__paper_roles,2019-01-14 19:00:00,6.60876434014,25.7057454756,0,0,0,12,12,1095,1909
reference_NY46__paper_roles,2019-01-14 20:00:00,9.01136077571,25.4951456498,0,0,0,12,12,2979,1880
reference_NY46__paper_roles,2019-01-14 21:00:00,8.43126460143,23.0962151824,0,0,0,12,12,2461,1555
reference_NY46__paper_roles,2019-01-14 22:00:00,8.8112677953,29.626532108,0,0,0,12,12,2798,2387
reference_NY46__paper_roles,2019-01-14 23:00:00,13.6899959191,30.6357647699,0,0,0,12,12,6372,2493
reference_NY46__paper_roles,2019-01-15 00:00:00,17.7572641218,43.0810662756,0,0,0,12,12,7793,3667
reference_NY46__paper_roles,2019-01-15 01:00:00,16.2746252074,41.397843534,0,0,0,12,12,7412,3542
reference_NY46__paper_roles,2019-01-15 02:00:00,17.3903031159,41.6874216916,0,0,0,12,12,7713,3555
reference_NY46__paper_roles,2019-01-15 03:00:00,15.1115781865,47.567296899,0,0,0,12,12,6980,4013
reference_NY46__paper_roles,2019-01-15 04:00:00,17.1847804649,46.3807953644,0,0,0,12,12,7671,3917
reference_NY46__paper_roles,2019-01-15 05:00:00,14.211226934,40.3532172828,0,0,0,12,12,6618,3450
reference_NY46__paper_roles,2019-01-15 06:00:00,11.0925769227,26.4235981702,0,0,0,12,12,4705,2010
reference_NY46__paper_roles,2019-01-15 07:00:00,8.94682746175,36.0822143347,0,0,0,12,12,2933,3059
reference_NY46__paper_roles,2019-01-15 08:00:00,6.38574665496,32.0498595429,0,0,0,12,12,956,2645
reference_NY46__paper_roles,2019-01-15 09:00:00,9.47256073138,30.884153861,0,0,0,12,12,3375,2529
reference_NY46__paper_roles,2019-01-15 10:00:00,10.6710782943,31.0151517609,0,0,0,12,12,4384,2536
reference_NY46__paper_roles,2019-01-15 11:00:00,8.30654227402,28.7359870821,0,0,0,13,13,2350,2282
reference_NY46__paper_roles,2019-01-15 12:00:00,11.2642984783,23.8846149847,0,0,0,12,12,4840,1669
reference_NY46__paper_roles,2019-01-15 13:00:00,11.572353449,23.4362937329,0,0,0,12,12,5068,1606
reference_NY46__paper_roles,2019-01-15 14:00:00,13.364599421,26.3521414494,0,0,0,12,12,6167,2001
reference_NY46__paper_roles,2019-01-15 15:00:00,12.476361238,27.4200413851,0,0,0,12,12,5693,2126
reference_NY46__paper_roles,2019-01-15 16:00:00,12.1444771048,35.102024169,0,0,0,12,12,5484,2957
reference_NY46__paper_roles,2019-01-15 17:00:00,9.84056442479,38.7396036979,0,0,0,12,12,3705,3307
reference_NY46__paper_roles,2019-01-15 18:00:00,8.55635229633,32.236278316,0,0,0,12,12,2568,2672
reference_NY46__paper_roles,2019-01-15 19:00:00,6.86909294132,30.5804668532,0,0,0,12,12,1246,2489
reference_NY46__paper_roles,2019-01-15 20:00:00,7.8705730477,30.2412073193,0,0,0,12,12,1992,2452
reference_NY46__paper_roles,2019-01-15 21:00:00,8.90771099708,26.6240284112,0,0,0,12,12,2901,2032
reference_NY46__paper_roles,2019-01-15 22:00:00,15.8305209603,31.855989471,0,0,0,12,12,7264,2623
reference_NY46__paper_roles,2019-01-15 23:00:00,12.494992591,26.7954180745,0,0,0,12,12,5699,2048
reference_NY46__paper_roles,2019-01-16 00:00:00,17.9587208107,34.5806401008,0,0,0,12,12,7846,2913
reference_NY46__paper_roles,2019-01-16 01:00:00,16.6382151899,57.6832292176,0,0,0,12,12,7522,4682
reference_NY46__paper_roles,2019-01-16 02:00:00,21.7951620329,119.836496864,0,0,0,12,12,8387,6600
reference_NY46__paper_roles,2019-01-16 03:00:00,21.1175956177,184.567643931,0,0,0,12,12,8316,7376
reference_NY46__paper_roles,2019-01-16 04:00:00,21.5266362789,293.725857352,0,0,0,12,12,8357,7910
reference_NY46__paper_roles,2019-01-16 05:00:00,13.7629783416,32.6430903247,0,0,0,12,12,6407,2710
reference_NY46__paper_roles,2019-01-16 06:00:00,12.8257707406,40.3565351496,0,0,0,12,12,5878,3451
reference_NY46__paper_roles,2019-01-16 07:00:00,12.1855826709,22.3692750056,0,0,0,12,12,5520,1464
reference_NY46__paper_roles,2019-01-16 08:00:00,7.20693976909,19.3644020804,0,0,0,12,12,1476,1042
reference_NY46__paper_roles,2019-01-16 09:00:00,6.38725114324,21.8156761827,0,0,0,12,12,959,1378
reference_NY46__paper_roles,2019-01-16 10:00:00,6.12769177346,23.671794126,0,0,0,12,12,810,1639
reference_NY46__paper_roles,2019-01-16 11:00:00,5.06440601774,21.3070390154,0,0,0,12,12,382,1310
reference_NY46__paper_roles,2019-01-16 12:00:00,8.08204991206,23.8539363695,0,0,0,12,12,2162,1664
reference_NY46__paper_roles,2019-01-16 13:00:00,10.9161702977,32.681731085,0,0,0,12,12,4579,2714
reference_NY46__paper_roles,2019-01-16 14:00:00,12.5116479231,28.4235190357,0,0,0,12,12,5708,2240
reference_NY46__paper_roles,2019-01-16 15:00:00,8.24952902963,24.7598422818,0,0,0,12,12,2302,1786
reference_NY46__paper_roles,2019-01-16 16:00:00,7.43545606539,21.5220276642,0,0,0,12,12,1649,1342
reference_NY46__paper_roles,2019-01-16 17:00:00,8.31248718043,16.9236678529,0,0,0,12,12,2354,713
reference_NY46__paper_roles,2019-01-16 18:00:00,6.3903916577,17.6533523171,0,0,0,12,12,962,805
reference_NY46__paper_roles,2019-01-16 19:00:00,6.22253693876,13.7877503629,0,0,0,12,12,855,369
reference_NY46__paper_roles,2019-01-16 20:00:00,6.91305820691,15.200664512,0,0,0,12,12,1271,509
reference_NY46__paper_roles,2019-01-16 21:00:00,9.71913840769,19.8038941938,0,0,0,13,13,3607,1108
reference_NY46__paper_roles,2019-01-16 22:00:00,8.97299377799,21.8402554495,0,0,0,12,12,2955,1383
reference_NY46__paper_roles,2019-01-16 23:00:00,13.5752245041,28.4495759497,0,0,0,13,13,6304,2243
reference_NY46__paper_roles,2019-01-17 00:00:00,12.1997007082,23.1196212314,0,0,0,12,12,5530,1560
reference_NY46__paper_roles,2019-01-17 01:00:00,16.9099693236,56.6289012556,0,0,0,12,12,7593,4616
reference_NY46__paper_roles,2019-01-17 02:00:00,16.4627986156,62.6110793725,0,0,0,12,12,7474,4922
reference_NY46__paper_roles,2019-01-17 03:00:00,22.0598196781,92.3276879918,0,0,0,12,12,8413,6017
reference_NY46__paper_roles,2019-01-17 04:00:00,21.6759307364,82.01921753,0,0,0,12,12,8375,5696
reference_NY46__paper_roles,2019-01-17 05:00:00,17.3926077227,40.151156652,0,0,0,13,13,7714,3436
reference_NY46__paper_roles,2019-01-17 06:00:00,22.4368432343,83.4627425764,0,0,0,12,11,8443,5739
reference_NY46__paper_roles,2019-01-17 07:00:00,19.8543266642,4323.95887862,1,0,0,12,12,8155,8701
reference_NY46__paper_roles,2019-01-17 08:00:00,15.8072879973,92.9559636902,0,0,0,12,12,7257,6038
reference_NY46__paper_roles,2019-01-17 09:00:00,12.3301263444,43.8290170556,0,0,0,12,12,5592,3718
reference_NY46__paper_roles,2019-01-17 10:00:00,10.1763215643,24.1492130166,0,0,0,12,12,3986,1701
reference_NY46__paper_roles,2019-01-17 11:00:00,10.4656512858,23.4157665847,0,0,0,8,8,4217,1603
reference_NY46__paper_roles,2019-01-17 12:00:00,14.326537725,42.4172119592,0,0,0,12,12,6662,3611
reference_NY46__paper_roles,2019-01-17 13:00:00,14.3403369045,33.2559035955,0,0,0,12,12,6670,2771
reference_NY46__paper_roles,2019-01-17 14:00:00,14.3901190449,36.6946762653,0,0,0,12,12,6704,3115
reference_NY46__paper_roles,2019-01-17 15:00:00,13.8560840114,37.1095110239,0,0,0,12,12,6449,3150
reference_NY46__paper_roles,2019-01-17 16:00:00,13.8998395166,111.616580332,0,0,0,12,12,6474,6464
reference_NY46__paper_roles,2019-01-17 17:00:00,11.870172563,125.08401319,0,0,0,12,12,5295,6710
reference_NY46__paper_roles,2019-01-17 18:00:00,11.1304312668,134.860457501,0,0,0,12,12,4734,6860
reference_NY46__paper_roles,2019-01-17 19:00:00,11.2250383214,111.362082674,0,0,0,12,12,4820,6454
reference_NY46__paper_roles,2019-01-17 20:00:00,13.169396452,114.336127517,0,0,0,12,12,6066,6508
reference_NY46__paper_roles,2019-01-17 21:00:00,18.2727589189,171.456356481,0,0,0,12,12,7905,7280
reference_NY46__paper_roles,2019-01-17 22:00:00,16.1810957388,75.0482491163,0,0,0,12,12,7383,5441
reference_NY46__paper_roles,2019-01-17 23:00:00,22.866909357,46.9101471046,0,0,0,12,12,8466,3955
reference_NY46__paper_roles,2019-01-18 00:00:00,21.5717794186,64.827717832,0,0,0,12,12,8364,5032
reference_NY46__paper_roles,2019-01-18 01:00:00,25.6291539429,145.471163364,0,0,0,12,12,8612,6993
reference_NY46__paper_roles,2019-01-18 02:00:00,26.4296783114,142.92494996,0,0,0,12,12,8631,6966
reference_NY46__paper_roles,2019-01-18 03:00:00,28.7243817692,133.122973276,0,0,0,12,12,8683,6836
reference_NY46__paper_roles,2019-01-18 04:00:00,30.0977195518,168.804653551,0,0,0,12,12,8698,7248
reference_NY46__paper_roles,2019-01-18 05:00:00,16.9878027833,56.2358879744,0,0,0,12,12,7621,4597
reference_NY46__paper_roles,2019-01-18 06:00:00,18.2922034102,45.3755290277,0,0,0,12,12,7907,3842
reference_NY46__paper_roles,2019-01-18 07:00:00,13.8829490453,50.3437798334,0,0,0,12,12,6466,4219
reference_NY46__paper_roles,2019-01-18 08:00:00,10.8004493054,36.068389876,0,0,0,12,12,4485,3055
reference_NY46__paper_roles,2019-01-18 09:00:00,11.9553659807,54.3707552044,0,0,0,12,12,5364,4483
reference_NY46__paper_roles,2019-01-18 10:00:00,14.4486958236,42.5159200415,0,0,0,12,12,6733,3621
reference_NY46__paper_roles,2019-01-18 11:00:00,13.9761658374,47.3272446342,0,0,0,12,12,6513,3989
reference_NY46__paper_roles,2019-01-18 12:00:00,14.5027519801,41.5260301895,0,0,0,12,12,6757,3545
reference_NY46__paper_roles,2019-01-18 13:00:00,14.6013146473,41.7122751482,0,0,0,12,12,6793,3558
reference_NY46__paper_roles,2019-01-18 14:00:00,14.0568378855,42.326022678,0,0,0,12,12,6553,3603
reference_NY46__paper_roles,2019-01-18 15:00:00,13.3428457102,36.8485156888,0,0,0,12,12,6157,3130
reference_NY46__paper_roles,2019-01-18 16:00:00,10.6286419369,35.5055328493,0,0,0,12,12,4355,2993
reference_NY46__paper_roles,2019-01-18 17:00:00,11.6865128586,44.7845563106,0,0,0,12,12,5151,3801
reference_NY46__paper_roles,2019-01-18 18:00:00,10.2616357648,43.2307977318,0,0,0,12,12,4048,3680
reference_NY46__paper_roles,2019-01-18 19:00:00,11.4033013621,50.8991927188,0,0,0,12,12,4954,4254
reference_NY46__paper_roles,2019-01-18 20:00:00,11.183859983,46.3233584986,0,0,0,12,12,4785,3914
reference_NY46__paper_roles,2019-01-18 21:00:00,13.2793934952,35.5953896085,0,0,0,12,12,6123,3004
reference_NY46__paper_roles,2019-01-18 22:00:00,17.2288083797,43.1111553754,0,0,0,12,12,7679,3672
reference_NY46__paper_roles,2019-01-18 23:00:00,21.0817981064,90.6146188851,0,0,0,12,12,8313,5956
reference_NY46__paper_roles,2019-01-19 00:00:00,22.119951567,98.3501905098,0,0,0,12,12,8419,6181
reference_NY46__paper_roles,2019-01-19 01:00:00,23.3413315722,95.4493403556,0,0,0,12,12,8503,6109
reference_NY46__paper_roles,2019-01-19 02:00:00,24.8596640112,111.036816747,0,0,0,12,12,8576,6450
reference_NY46__paper_roles,2019-01-19 03:00:00,27.661166587,154.979718431,0,0,0,12,12,8667,7112
reference_NY46__paper_roles,2019-01-19 04:00:00,28.5960009641,162.667289177,0,0,0,12,12,8682,7190
reference_NY46__paper_roles,2019-01-19 05:00:00,28.0167624413,141.77468413,0,0,0,12,12,8672,6950
reference_NY46__paper_roles,2019-01-19 06:00:00,26.968389156,121.518206897,0,0,0,12,12,8644,6648
reference_NY46__paper_roles,2019-01-19 07:00:00,12.7216983055,37.5006374879,0,0,0,12,12,5814,3183
reference_NY46__paper_roles,2019-01-19 08:00:00,13.9962703911,33.4355326864,0,0,0,12,12,6522,2792
reference_NY46__paper_roles,2019-01-19 09:00:00,15.3146125543,48.2872838066,0,0,0,12,12,7054,4064
reference_NY46__paper_roles,2019-01-19 10:00:00,15.698505789,40.6888700873,0,0,0,12,12,7215,3487
reference_NY46__paper_roles,2019-01-19 11:00:00,17.6679401143,96.0536324548,0,0,0,12,12,7777,6135
reference_NY46__paper_roles,2019-01-19 12:00:00,18.0750187744,179.776095204,0,0,0,11,11,7873,7342
reference_NY46__paper_roles,2019-01-19 13:00:00,18.6307101367,199.706204406,0,0,0,12,12,7954,7485
reference_NY46__paper_roles,2019-01-19 14:00:00,15.6337169032,193.605565065,0,0,0,12,12,7180,7437
reference_NY46__paper_roles,2019-01-19 15:00:00,18.5243843885,1592.89181581,1,0,0,12,12,7943,8580
reference_NY46__paper_roles,2019-01-19 16:00:00,19.9480882483,317.744138331,1,0,0,12,12,8170,7978
reference_NY46__paper_roles,2019-01-19 17:00:00,22.3865775089,104.126920403,1,0,0,12,12,8437,6332
reference_NY46__paper_roles,2019-01-19 18:00:00,20.067390854,105.333465788,1,0,0,12,12,8184,6354
reference_NY46__paper_roles,2019-01-19 19:00:00,18.5013582039,128.947296218,1,0,0,12,12,7937,6780
reference_NY46__paper_roles,2019-01-19 20:00:00,19.5281603316,158.11108319,1,0,0,12,12,8094,7145
reference_NY46__paper_roles,2019-01-19 21:00:00,20.782172489,198.021105549,1,0,0,12,12,8278,7472
reference_NY46__paper_roles,2019-01-19 22:00:00,22.7753770461,328.749204698,1,0,0,12,12,8462,8002
reference_NY46__paper_roles,2019-01-19 23:00:00,23.1533735113,361.370122758,0,0,0,12,12,8485,8090
reference_NY46__paper_roles,2019-01-20 00:00:00,22.3958734719,88.2772908292,0,0,0,12,12,8438,5888
reference_NY46__paper_roles,2019-01-20 01:00:00,21.1348002685,45.888307543,0,0,0,12,12,8321,3890
reference_NY46__paper_roles,2019-01-20 02:00:00,23.2997117145,68.1516055698,0,0,0,12,12,8498,5176
reference_NY46__paper_roles,2019-01-20 03:00:00,24.8821181978,81.3032143225,0,0,0,12,12,8577,5676
reference_NY46__paper_roles,2019-01-20 04:00:00,25.0407704074,86.9279408685,0,0,0,12,12,8584,5855
reference_NY46__paper_roles,2019-01-20 05:00:00,20.9974804025,43.2152305178,0,0,0,12,12,8300,3676
reference_NY46__paper_roles,2019-01-20 06:00:00,23.8216481773,74.3028060655,0,0,0,12,12,8529,5419
reference_NY46__paper_roles,2019-01-20 07:00:00,22.6781655855,58.5228576595,0,0,0,12,12,8457,4715
reference_NY46__paper_roles,2019-01-20 08:00:00,15.029977152,28.2358919352,0,0,0,12,12,6948,2213
reference_NY46__paper_roles,2019-01-20 09:00:00,15.0740217011,29.3113519472,0,0,0,12,12,6966,2359
reference_NY46__paper_roles,2019-01-20 10:00:00,14.6437521691,36.4475811329,0,0,0,12,12,6805,3089
reference_NY46__paper_roles,2019-01-20 11:00:00,14.1731012612,51.9945893394,0,0,0,12,12,6600,4333
reference_NY46__paper_roles,2019-01-20 12:00:00,14.9212291846,56.6631023912,0,0,0,12,12,6916,4620
reference_NY46__paper_roles,2019-01-20 13:00:00,19.0536844956,134.780226242,0,0,0,12,12,8026,6856
reference_NY46__paper_roles,2019-01-20 14:00:00,18.2565863168,108.407558433,0,0,0,12,12,7904,6403
reference_NY46__paper_roles,2019-01-20 15:00:00,18.2091412926,101.974192055,0,0,0,12,12,7898,6281
reference_NY46__paper_roles,2019-01-20 16:00:00,19.2848480274,117.670207829,0,0,0,12,12,8066,6558
reference_NY46__paper_roles,2019-01-20 17:00:00,16.6886754492,89.1630937651,0,0,0,12,12,7533,5917
reference_NY46__paper_roles,2019-01-20 18:00:00,15.0033715271,75.8434545917,0,0,0,12,12,6940,5476
reference_NY46__paper_roles,2019-01-20 19:00:00,13.5459594294,59.2793403547,0,0,0,13,13,6290,4761
reference_NY46__paper_roles,2019-01-20 20:00:00,14.3275211407,58.3231797396,0,0,0,12,12,6663,4704
reference_NY46__paper_roles,2019-01-20 21:00:00,17.7043992122,78.2136298103,0,0,0,12,12,7784,5559
reference_NY46__paper_roles,2019-01-20 22:00:00,16.93238369,61.0075801274,0,0,0,13,13,7598,4843
reference_NY46__paper_roles,2019-01-20 23:00:00,18.3736539541,70.7776280082,0,0,0,12,12,7914,5282
reference_NY46__paper_roles,2019-01-21 00:00:00,15.7162228337,90.8009786036,0,0,0,13,12,7221,5962
reference_NY46__paper_roles,2019-01-21 01:00:00,15.6090716112,110.092478375,1,0,0,12,12,7168,6433
reference_NY46__paper_roles,2019-01-21 02:00:00,16.597394436,74.3976266523,0,0,0,12,12,7515,5421
reference_NY46__paper_roles,2019-01-21 03:00:00,19.7447992329,79.530657873,0,0,0,12,12,8136,5608
reference_NY46__paper_roles,2019-01-21 04:00:00,17.309388233,84.3277950809,0,0,0,12,12,7698,5772
reference_NY46__paper_roles,2019-01-21 05:00:00,16.3989974447,80.885692374,0,0,0,12,12,7450,5661
reference_NY46__paper_roles,2019-01-21 06:00:00,16.9526000031,55.2886480714,0,0,0,12,12,7601,4537
reference_NY46__paper_roles,2019-01-21 07:00:00,6.90227661232,37.9721959043,0,0,0,12,12,1266,3233
reference_NY46__paper_roles,2019-01-21 08:00:00,6.81885319228,33.0589097017,0,0,0,12,12,1223,2749
reference_NY46__paper_roles,2019-01-21 09:00:00,5.19178874612,17.8519816188,0,0,0,12,12,438,826
reference_NY46__paper_roles,2019-01-21 10:00:00,5.93967602787,18.6443413617,0,0,0,12,12,723,921
reference_NY46__paper_roles,2019-01-21 11:00:00,12.2551469931,38.6805540034,0,0,0,11,11,5561,3300
reference_NY46__paper_roles,2019-01-21 12:00:00,13.6393479539,36.304734108,0,0,0,12,12,6335,3073
reference_NY46__paper_roles,2019-01-21 13:00:00,8.48815319976,34.6277000527,0,0,0,12,12,2509,2916
reference_NY46__paper_roles,2019-01-21 14:00:00,7.41112634142,29.9956079284,0,0,0,12,12,1629,2433
reference_NY46__paper_roles,2019-01-21 15:00:00,7.69457977322,29.5248554201,0,0,0,12,12,1868,2381
reference_NY46__paper_roles,2019-01-21 16:00:00,7.13427277456,49.8008307306,0,0,0,12,12,1427,4187
reference_NY46__paper_roles,2019-01-21 17:00:00,8.06767700159,60.0033166976,0,0,0,12,12,2147,4797
reference_NY46__paper_roles,2019-01-21 18:00:00,9.40193055682,39.4468882593,0,0,0,12,12,3311,3379
reference_NY46__paper_roles,2019-01-21 19:00:00,10.9805802104,59.7690091064,0,0,0,12,12,4631,4786
reference_NY46__paper_roles,2019-01-21 20:00:00,10.5441881591,52.9901805709,0,0,0,12,12,4292,4396
reference_NY46__paper_roles,2019-01-21 21:00:00,10.1674982646,40.8372911146,0,0,0,12,12,3979,3501
reference_NY46__paper_roles,2019-01-21 22:00:00,13.3055973128,62.2615100598,0,0,0,12,12,6136,4907
reference_NY46__paper_roles,2019-01-21 23:00:00,16.0085588434,90.0090616467,0,0,0,12,12,7328,5945
reference_NY46__paper_roles,2019-01-22 00:00:00,17.1453917167,154.816832817,1,0,0,13,12,7658,7109
reference_NY46__paper_roles,2019-01-22 01:00:00,17.894585628,152.981066754,1,0,0,12,12,7826,7084
reference_NY46__paper_roles,2019-01-22 02:00:00,14.8899013692,115.395445402,1,0,0,12,12,6904,6529
reference_NY46__paper_roles,2019-01-22 03:00:00,15.4812698122,91.8123384398,0,0,0,13,12,7126,5996
reference_NY46__paper_roles,2019-01-22 04:00:00,10.8658428147,40.4626830366,0,0,0,12,12,4540,3465
reference_NY46__paper_roles,2019-01-22 05:00:00,10.6850249856,33.5654661359,0,0,0,12,12,4394,2809
reference_NY46__paper_roles,2019-01-22 06:00:00,18.9584074748,63.3950547532,0,0,0,12,12,8009,4961
reference_NY46__paper_roles,2019-01-22 07:00:00,25.5533339269,312.660325174,0,0,0,12,12,8609,7961
reference_NY46__paper_roles,2019-01-22 08:00:00,19.4172349983,158.914443481,0,0,0,12,12,8083,7152
reference_NY46__paper_roles,2019-01-22 09:00:00,15.5302919728,38.487573116,0,0,0,12,12,7143,3286
reference_NY46__paper_roles,2019-01-22 10:00:00,10.4209768221,32.2185417596,0,0,0,12,12,4181,2668
reference_NY46__paper_roles,2019-01-22 11:00:00,9.31754027155,29.2479883373,0,0,0,12,12,3243,2346
reference_NY46__paper_roles,2019-01-22 12:00:00,14.4398589391,47.184475006,0,0,0,12,12,6728,3974
reference_NY46__paper_roles,2019-01-22 13:00:00,12.4086909595,47.4424140256,0,0,0,12,12,5641,4004
reference_NY46__paper_roles,2019-01-22 14:00:00,15.3407233566,50.0259094914,0,0,0,13,13,7068,4199
reference_NY46__paper_roles,2019-01-22 15:00:00,14.6742973763,61.7872073449,0,0,0,12,12,6818,4882
reference_NY46__paper_roles,2019-01-22 16:00:00,14.4469634532,91.996212379,0,0,0,12,12,6732,6004
reference_NY46__paper_roles,2019-01-22 17:00:00,15.6566570574,199.704075687,0,0,0,12,12,7195,7484
reference_NY46__paper_roles,2019-01-22 18:00:00,15.4167232927,457.038293001,0,0,0,12,12,7106,8202
reference_NY46__paper_roles,2019-01-22 19:00:00,13.9575390133,319.75220376,0,0,0,13,13,6507,7982
reference_NY46__paper_roles,2019-01-22 20:00:00,15.875975487,207.942670335,0,0,0,12,12,7280,7538
reference_NY46__paper_roles,2019-01-22 21:00:00,17.8434104296,92.0795070189,0,0,0,12,12,7814,6007
reference_NY46__paper_roles,2019-01-22 22:00:00,14.6762611425,75.6386819236,0,0,0,12,11,6819,5466
reference_NY46__paper_roles,2019-01-22 23:00:00,17.5058414475,99.7032128008,0,0,0,12,12,7739,6216
reference_NY46__paper_roles,2019-01-23 00:00:00,26.2390738418,97.3776451488,0,0,0,12,12,8627,6161
reference_NY46__paper_roles,2019-01-23 01:00:00,27.2513937886,92.6588818374,0,0,0,12,12,8655,6028
reference_NY46__paper_roles,2019-01-23 02:00:00,31.2037814265,175.494512466,0,0,0,12,12,8710,7313
reference_NY46__paper_roles,2019-01-23 03:00:00,32.4987101568,176.323534195,0,0,0,12,12,8725,7321
reference_NY46__paper_roles,2019-01-23 04:00:00,29.7829309572,75.9622441475,0,0,0,12,12,8696,5483
reference_NY46__paper_roles,2019-01-23 05:00:00,26.7361392514,68.9642794131,0,0,0,12,12,8640,5208
reference_NY46__paper_roles,2019-01-23 06:00:00,19.1685194156,58.9643492224,0,0,0,12,12,8044,4737
reference_NY46__paper_roles,2019-01-23 07:00:00,13.0345684601,53.809482397,0,0,0,12,12,5995,4452
reference_NY46__paper_roles,2019-01-23 08:00:00,10.8348700304,36.2344807145,0,0,0,12,12,4511,3069
reference_NY46__paper_roles,2019-01-23 09:00:00,9.64912603175,34.3540292151,0,0,0,12,12,3545,2888
reference_NY46__paper_roles,2019-01-23 10:00:00,14.4348548657,41.4545531804,0,0,0,12,12,6726,3544
reference_NY46__paper_roles,2019-01-23 11:00:00,14.8270704038,51.7534076543,0,0,0,12,12,6879,4319
reference_NY46__paper_roles,2019-01-23 12:00:00,16.4756416145,42.4139504434,0,0,0,12,12,7477,3609
reference_NY46__paper_roles,2019-01-23 13:00:00,15.8374284601,41.7174634578,0,0,0,12,12,7267,3559
reference_NY46__paper_roles,2019-01-23 14:00:00,14.482989947,38.3376253118,0,0,0,12,12,6750,3268
reference_NY46__paper_roles,2019-01-23 15:00:00,12.4291948067,31.8573659295,0,0,0,12,12,5657,2624
reference_NY46__paper_roles,2019-01-23 16:00:00,11.1882560058,37.3633677667,0,0,0,12,12,4789,3172
reference_NY46__paper_roles,2019-01-23 17:00:00,7.95288596425,20.1122810017,0,0,0,12,12,2053,1147
reference_NY46__paper_roles,2019-01-23 18:00:00,5.52778540388,14.7776053891,0,0,0,12,12,548,471
reference_NY46__paper_roles,2019-01-23 19:00:00,5.78543668447,23.2391316754,0,0,0,12,12,655,1580
reference_NY46__paper_roles,2019-01-23 20:00:00,4.99622196045,12.6823960625,0,0,0,12,12,359,265
reference_NY46__paper_roles,2019-01-23 21:00:00,6.41752351317,14.571456067,0,0,0,12,12,983,450
reference_NY46__paper_roles,2019-01-23 22:00:00,4.83279500087,10.6374672381,0,0,0,12,12,318,143
reference_NY46__paper_roles,2019-01-23 23:00:00,9.19281314534,18.8319079621,0,0,0,12,12,3131,956
reference_NY46__paper_roles,2019-01-24 00:00:00,15.1021690081,47.8580915097,0,0,0,12,12,6977,4031
reference_NY46__paper_roles,2019-01-24 01:00:00,12.7684796289,52.5140348977,0,0,0,12,12,5846,4364
reference_NY46__paper_roles,2019-01-24 02:00:00,14.1369274223,59.2507868104,0,0,0,12,12,6588,4756
reference_NY46__paper_roles,2019-01-24 03:00:00,14.2343465264,68.3485377014,0,0,0,12,12,6628,5184
reference_NY46__paper_roles,2019-01-24 04:00:00,13.4699435191,69.5999941162,0,0,0,12,12,6235,5230
reference_NY46__paper_roles,2019-01-24 05:00:00,14.285493294,70.1032087729,0,0,0,12,12,6645,5248
reference_NY46__paper_roles,2019-01-24 06:00:00,6.59582561983,12.0395517416,0,0,0,12,12,1084,213
reference_NY46__paper_roles,2019-01-24 07:00:00,9.1601651978,37.9844111111,0,0,0,12,12,3102,3234
reference_NY46__paper_roles,2019-01-24 08:00:00,8.16291474866,17.382808796,0,0,0,12,12,2230,764
reference_NY46__paper_roles,2019-01-24 09:00:00,9.74409103624,16.410139288,0,0,0,12,12,3623,648
reference_NY46__paper_roles,2019-01-24 10:00:00,6.75773319848,11.5296545569,0,0,0,12,12,1189,193
reference_NY46__paper_roles,2019-01-24 11:00:00,7.6089591925,45.705014475,0,0,0,12,12,1802,3875
reference_NY46__paper_roles,2019-01-24 12:00:00,7.62444094877,31.0997817736,0,0,0,12,12,1814,2545
reference_NY46__paper_roles,2019-01-24 13:00:00,8.53048261258,31.8842682543,0,0,0,12,12,2543,2631
reference_NY46__paper_roles,2019-01-24 14:00:00,8.64920686151,31.4342342132,0,0,0,12,12,2643,2580
reference_NY46__paper_roles,2019-01-24 15:00:00,8.83607780182,18.5709118163,0,0,0,12,12,2822,910
reference_NY46__paper_roles,2019-01-24 16:00:00,8.828435355,23.8534176034,0,0,0,11,11,2815,1663
reference_NY46__paper_roles,2019-01-24 17:00:00,6.22811051957,11.7529907722,0,0,0,12,12,858,203
reference_NY46__paper_roles,2019-01-24 18:00:00,5.17687454555,9.29497337006,0,0,0,12,12,434,85
reference_NY46__paper_roles,2019-01-24 19:00:00,3.32543100499,6.70913597502,0,0,0,12,12,47,14
reference_NY46__paper_roles,2019-01-24 20:00:00,5.81779184893,38.8201133424,0,0,0,12,12,667,3311
reference_NY46__paper_roles,2019-01-24 21:00:00,4.59001140998,20.6450992734,0,0,0,12,12,245,1222
reference_NY46__paper_roles,2019-01-24 22:00:00,4.61424893204,9.95090057185,0,0,0,12,12,252,114
reference_NY46__paper_roles,2019-01-24 23:00:00,10.2390433341,29.8286385742,0,0,0,12,12,4034,2407
reference_NY46__paper_roles,2019-01-25 00:00:00,10.2658399627,37.8126291044,0,0,0,12,12,4053,3223
reference_NY46__paper_roles,2019-01-25 01:00:00,9.93181838121,38.8730790155,0,0,0,12,12,3788,3320
reference_NY46__paper_roles,2019-01-25 02:00:00,13.1348138661,38.9983400419,0,0,0,12,12,6049,3335
reference_NY46__paper_roles,2019-01-25 03:00:00,14.2670760519,41.2840921321,0,0,0,12,12,6636,3537
reference_NY46__paper_roles,2019-01-25 04:00:00,15.5446528497,44.5786109694,0,0,0,12,12,7150,3782
reference_NY46__paper_roles,2019-01-25 05:00:00,14.3538142467,36.0199469186,0,0,0,12,12,6683,3052
reference_NY46__paper_roles,2019-01-25 06:00:00,7.28548039558,28.4745269033,0,0,0,12,12,1517,2248
reference_NY46__paper_roles,2019-01-25 07:00:00,6.65659254805,23.2025195056,0,0,0,12,12,1126,1573
reference_NY46__paper_roles,2019-01-25 08:00:00,4.81610420249,21.0893463122,0,0,0,14,14,306,1283
reference_NY46__paper_roles,2019-01-25 09:00:00,6.38135429346,16.0463821045,0,0,0,10,10,953,611
reference_NY46__paper_roles,2019-01-25 10:00:00,5.11058669926,12.301390777,0,0,0,12,12,409,229
reference_NY46__paper_roles,2019-01-25 11:00:00,5.30036938252,9.66279915976,0,0,0,12,12,470,103
reference_NY46__paper_roles,2019-01-25 12:00:00,6.18749131054,11.4370481386,0,0,0,12,12,834,189
reference_NY46__paper_roles,2019-01-25 13:00:00,7.35134672233,12.0952022141,0,0,0,12,12,1578,215
reference_NY46__paper_roles,2019-01-25 14:00:00,7.48094569548,15.7688628126,0,0,0,12,12,1696,570
reference_NY46__paper_roles,2019-01-25 15:00:00,5.64239363462,9.59419417851,0,0,0,12,12,598,99
reference_NY46__paper_roles,2019-01-25 16:00:00,5.91730197234,12.0685603133,0,0,0,12,12,718,214
reference_NY46__paper_roles,2019-01-25 17:00:00,5.65586754096,13.7529868985,0,0,0,12,12,604,366
reference_NY46__paper_roles,2019-01-25 18:00:00,4.39747287195,6.35540946868,0,0,0,12,12,196,8
reference_NY46__paper_roles,2019-01-25 19:00:00,4.5205334507,7.35693522035,0,0,0,12,12,229,33
reference_NY46__paper_roles,2019-01-25 20:00:00,6.25423264562,8.85987497038,0,0,0,12,12,874,69
reference_NY46__paper_roles,2019-01-25 21:00:00,6.33136468657,13.4628062957,0,0,0,12,12,922,345
reference_NY46__paper_roles,2019-01-25 22:00:00,10.5039202502,25.829697037,0,0,0,12,12,4246,1927
reference_NY46__paper_roles,2019-01-25 23:00:00,8.40836715742,19.3468599126,0,0,0,12,12,2438,1039
reference_NY46__paper_roles,2019-01-26 00:00:00,17.5435172112,40.83678636,0,0,0,14,12,7744,3500
reference_NY46__paper_roles,2019-01-26 01:00:00,17.2968994599,45.3809034801,0,0,0,12,12,7692,3844
reference_NY46__paper_roles,2019-01-26 02:00:00,15.5282026775,31.5152879164,0,0,0,12,12,7141,2585
reference_NY46__paper_roles,2019-01-26 03:00:00,15.9152794071,35.4210314538,0,0,0,12,12,7294,2988
reference_NY46__paper_roles,2019-01-26 04:00:00,17.9655275742,48.3072498216,0,0,0,12,12,7848,4065
reference_NY46__paper_roles,2019-01-26 05:00:00,16.0982166149,38.8999212228,0,0,0,12,12,7351,3326
reference_NY46__paper_roles,2019-01-26 06:00:00,12.9529073863,52.7272300153,0,0,0,12,12,5950,4376
reference_NY46__paper_roles,2019-01-26 07:00:00,9.60238696668,32.0758326128,0,0,0,12,12,3504,2649
reference_NY46__paper_roles,2019-01-26 08:00:00,9.84731839267,29.5548257893,0,0,0,12,12,3712,2383
reference_NY46__paper_roles,2019-01-26 09:00:00,10.4161090142,27.3038024084,0,0,0,12,12,4180,2113
reference_NY46__paper_roles,2019-01-26 10:00:00,10.7538340322,39.6677530936,0,0,0,12,12,4445,3394
reference_NY46__paper_roles,2019-01-26 11:00:00,10.4977135726,20.8947017078,0,0,0,12,12,4242,1257
reference_NY46__paper_roles,2019-01-26 12:00:00,12.6499502362,24.2788208877,0,0,0,12,12,5781,1718
reference_NY46__paper_roles,2019-01-26 13:00:00,12.020776203,23.9160208837,0,0,0,12,12,5410,1673
reference_NY46__paper_roles,2019-01-26 14:00:00,13.5462762734,24.8054711242,0,0,0,12,12,6291,1792
reference_NY46__paper_roles,2019-01-26 15:00:00,13.9586100378,25.7979775633,0,0,0,12,12,6508,1921
reference_NY46__paper_roles,2019-01-26 16:00:00,13.74706027,28.9440574232,0,0,0,12,12,6397,2305
reference_NY46__paper_roles,2019-01-26 17:00:00,14.4824844147,33.7588080964,0,0,0,12,12,6749,2830
reference_NY46__paper_roles,2019-01-26 18:00:00,11.3605225143,24.1171712119,0,0,0,12,12,4921,1698
reference_NY46__paper_roles,2019-01-26 19:00:00,10.1308122112,22.3350348522,0,0,0,12,12,3946,1459
reference_NY46__paper_roles,2019-01-26 20:00:00,9.29990537174,24.1445651908,0,0,0,12,12,3227,1700
reference_NY46__paper_roles,2019-01-26 21:00:00,8.88453483486,21.771702559,0,0,0,13,13,2880,1373
reference_NY46__paper_roles,2019-01-26 22:00:00,11.9096487624,20.4065914743,0,0,0,12,12,5326,1186
reference_NY46__paper_roles,2019-01-26 23:00:00,13.1134346871,21.2525548336,0,0,0,13,13,6034,1303
reference_NY46__paper_roles,2019-01-27 00:00:00,15.9071674099,73.3378686714,0,0,0,12,12,7291,5367
reference_NY46__paper_roles,2019-01-27 01:00:00,16.8669708729,65.9921104774,0,0,0,12,12,7583,5079
reference_NY46__paper_roles,2019-01-27 02:00:00,15.7986905234,71.9422750298,0,0,0,12,12,7254,5320
reference_NY46__paper_roles,2019-01-27 03:00:00,13.1621058272,110.748482138,1,0,0,12,12,6061,6445
reference_NY46__paper_roles,2019-01-27 04:00:00,14.0185668657,77.906869165,0,0,0,12,12,6532,5548
reference_NY46__paper_roles,2019-01-27 05:00:00,10.6571430776,64.8473329639,0,0,0,12,12,4372,5033
reference_NY46__paper_roles,2019-01-27 06:00:00,13.4270937125,89.868344439,0,0,0,12,12,6210,5941
reference_NY46__paper_roles,2019-01-27 07:00:00,7.3805998378,67.2472497393,0,0,0,12,12,1610,5133
reference_NY46__paper_roles,2019-01-27 08:00:00,4.69442290284,7.68314371146,0,0,0,12,12,275,37
reference_NY46__paper_roles,2019-01-27 09:00:00,6.59327898765,101.167986288,0,0,0,12,12,1081,6256
reference_NY46__paper_roles,2019-01-27 10:00:00,6.04650094454,28.3762056644,0,0,0,12,12,776,2235
reference_NY46__paper_roles,2019-01-27 11:00:00,8.92101486214,24.2083094201,0,0,0,12,12,2909,1705
reference_NY46__paper_roles,2019-01-27 12:00:00,10.1134184889,40.119648645,0,0,0,12,12,3935,3433
reference_NY46__paper_roles,2019-01-27 13:00:00,10.4471827822,17.5197466711,0,0,0,12,12,4205,786
reference_NY46__paper_roles,2019-01-27 14:00:00,12.4745771394,25.1651778343,0,0,0,12,12,5691,1834
reference_NY46__paper_roles,2019-01-27 15:00:00,10.5524999289,28.7361559131,0,0,0,12,12,4297,2283
reference_NY46__paper_roles,2019-01-27 16:00:00,6.61475233367,23.5182217003,0,0,0,13,12,1101,1616
reference_NY46__paper_roles,2019-01-27 17:00:00,8.32956438903,36.574367111,0,0,0,12,12,2375,3105
reference_NY46__paper_roles,2019-01-27 18:00:00,6.30188524508,12.6366313765,0,0,0,12,12,901,256
reference_NY46__paper_roles,2019-01-27 19:00:00,6.4635699907,14.1719656601,0,0,0,12,12,1016,406
reference_NY46__paper_roles,2019-01-27 20:00:00,9.9159026866,31.7708670719,0,0,0,12,12,3776,2609
reference_NY46__paper_roles,2019-01-27 21:00:00,13.3939002382,51.5286253025,0,0,0,12,12,6190,4302
reference_NY46__paper_roles,2019-01-27 22:00:00,13.3003093413,45.0610363728,0,0,0,12,12,6134,3817
reference_NY46__paper_roles,2019-01-27 23:00:00,14.6628695085,81.8056903549,0,0,0,12,12,6816,5693
reference_NY46__paper_roles,2019-01-28 00:00:00,18.6109178454,272.053671658,0,0,0,12,12,7951,7828
reference_NY46__paper_roles,2019-01-28 01:00:00,18.1298153166,129.108379506,1,0,0,12,12,7883,6785
reference_NY46__paper_roles,2019-01-28 02:00:00,17.6364188724,3424.60860918,0,0,0,12,12,7766,8678
reference_NY46__paper_roles,2019-01-28 03:00:00,14.5999552866,25.4912563627,0,0,0,12,12,6791,1879
reference_NY46__paper_roles,2019-01-28 04:00:00,14.3030698475,132.860327963,0,0,0,12,12,6649,6833
reference_NY46__paper_roles,2019-01-28 05:00:00,12.8787182756,30.5720101162,0,0,0,12,12,5908,2488
reference_NY46__paper_roles,2019-01-28 06:00:00,20.6977135197,311.055681352,0,0,0,12,12,8271,7957
reference_NY46__paper_roles,2019-01-28 07:00:00,18.2089451696,570.508908131,1,0,0,12,12,7897,8315
reference_NY46__paper_roles,2019-01-28 08:00:00,9.48929312876,35.2993719874,0,0,0,12,12,3392,2974
reference_NY46__paper_roles,2019-01-28 09:00:00,11.6462830309,59.4421752598,0,0,0,12,12,5114,4767
reference_NY46__paper_roles,2019-01-28 10:00:00,11.5586418883,34.058846693,0,0,0,12,12,5056,2858
reference_NY46__paper_roles,2019-01-28 11:00:00,11.8805446952,23.649136538,0,0,0,12,12,5300,1634
reference_NY46__paper_roles,2019-01-28 12:00:00,11.1481170053,20.9022677114,0,0,0,12,12,4752,1260
reference_NY46__paper_roles,2019-01-28 13:00:00,9.95690928919,18.8450290342,0,0,0,12,12,3806,958
reference_NY46__paper_roles,2019-01-28 14:00:00,10.3770729318,20.3561236143,0,0,0,12,12,4139,1176
reference_NY46__paper_roles,2019-01-28 15:00:00,11.8213300283,22.3254226397,0,0,0,12,12,5242,1455
reference_NY46__paper_roles,2019-01-28 16:00:00,11.8653338202,50.0374923383,0,0,0,12,12,5285,4200
reference_NY46__paper_roles,2019-01-28 17:00:00,10.5689116592,65.2163998156,0,0,0,12,12,4306,5047
reference_NY46__paper_roles,2019-01-28 18:00:00,10.3241888313,73.6272164111,0,0,0,12,12,4094,5379
reference_NY46__paper_roles,2019-01-28 19:00:00,9.65768966925,53.5903543881,0,0,0,12,12,3554,4441
reference_NY46__paper_roles,2019-01-28 20:00:00,11.8264523568,55.2887382468,0,0,0,12,12,5245,4538
reference_NY46__paper_roles,2019-01-28 21:00:00,12.2736299641,42.0774685226,0,0,0,12,12,5567,3587
reference_NY46__paper_roles,2019-01-28 22:00:00,11.6587235449,76.824571829,0,0,0,12,12,5128,5507
reference_NY46__paper_roles,2019-01-28 23:00:00,11.8562464446,70.284828793,0,0,0,12,12,5274,5257
reference_NY46__paper_roles,2019-01-29 00:00:00,17.2500517483,130.454180025,1,0,0,12,12,7684,6799
reference_NY46__paper_roles,2019-01-29 01:00:00,13.1978375339,85.3548422936,0,0,0,12,12,6082,5813
reference_NY46__paper_roles,2019-01-29 02:00:00,11.8764411092,47.8337771242,0,0,0,12,12,5298,4027
reference_NY46__paper_roles,2019-01-29 03:00:00,12.9224391775,50.0623713755,0,0,0,12,12,5936,4201
reference_NY46__paper_roles,2019-01-29 04:00:00,15.6626290987,30.9717501156,0,0,0,12,12,7200,2534
reference_NY46__paper_roles,2019-01-29 05:00:00,16.1760545081,34.702508523,0,0,0,13,12,7379,2926
reference_NY46__paper_roles,2019-01-29 06:00:00,15.3402492607,41.4281383771,0,0,0,12,12,7067,3543
reference_NY46__paper_roles,2019-01-29 07:00:00,14.6607096069,81.192738196,0,0,0,12,12,6813,5671
reference_NY46__paper_roles,2019-01-29 08:00:00,12.357112366,58.9316193214,0,0,0,12,12,5608,4736
reference_NY46__paper_roles,2019-01-29 09:00:00,13.9922477891,51.0195928211,0,0,0,12,12,6521,4265
reference_NY46__paper_roles,2019-01-29 10:00:00,13.9328608,38.1480687214,0,0,0,12,12,6492,3253
reference_NY46__paper_roles,2019-01-29 11:00:00,12.1322066033,50.0083607433,0,0,0,12,12,5477,4197
reference_NY46__paper_roles,2019-01-29 12:00:00,12.5699862006,50.2001212726,0,0,0,12,12,5738,4210
reference_NY46__paper_roles,2019-01-29 13:00:00,13.3335723012,48.478243675,0,0,0,12,12,6153,4081
reference_NY46__paper_roles,2019-01-29 14:00:00,15.1122214997,53.3332691689,0,0,0,12,12,6981,4427
reference_NY46__paper_roles,2019-01-29 15:00:00,11.3262284884,22.0453855201,0,0,0,12,12,4890,1421
reference_NY46__paper_roles,2019-01-29 16:00:00,11.263636901,28.6096451671,0,0,0,12,12,4839,2268
reference_NY46__paper_roles,2019-01-29 17:00:00,11.5617468151,36.6546421455,0,0,0,12,12,5058,3110
reference_NY46__paper_roles,2019-01-29 18:00:00,11.2105344095,35.7908338257,0,0,0,12,12,4806,3021
reference_NY46__paper_roles,2019-01-29 19:00:00,9.90001537157,35.995610395,0,0,0,12,12,3762,3049
reference_NY46__paper_roles,2019-01-29 20:00:00,9.72790290984,33.0186073596,0,0,0,12,12,3616,2743
reference_NY46__paper_roles,2019-01-29 21:00:00,12.6391139531,26.0090835859,0,0,0,12,12,5775,1952
reference_NY46__paper_roles,2019-01-29 22:00:00,15.3843931991,33.1837450901,0,0,0,12,12,7089,2764
reference_NY46__paper_roles,2019-01-29 23:00:00,19.7617174435,64.1152410622,0,0,0,12,12,8141,4989
reference_NY46__paper_roles,2019-01-30 00:00:00,13.4501628739,74.3488676492,0,0,0,12,12,6221,5420
reference_NY46__paper_roles,2019-01-30 01:00:00,15.9338522569,43.7667914802,0,0,0,12,12,7301,3714
reference_NY46__paper_roles,2019-01-30 02:00:00,21.1125794483,67.7612985348,0,0,0,12,12,8314,5158
reference_NY46__paper_roles,2019-01-30 03:00:00,17.2787592648,49.8432024976,0,0,0,12,12,7690,4190
reference_NY46__paper_roles,2019-01-30 04:00:00,18.0101778439,67.0084463437,0,0,0,12,12,7858,5121
reference_NY46__paper_roles,2019-01-30 05:00:00,14.057042381,24.4795480331,0,0,0,12,12,6554,1751
reference_NY46__paper_roles,2019-01-30 06:00:00,12.0807778664,30.1780060912,0,0,0,12,12,5448,2444
reference_NY46__paper_roles,2019-01-30 07:00:00,7.74695863874,33.2480119076,0,0,0,12,12,1909,2770
reference_NY46__paper_roles,2019-01-30 08:00:00,6.77404746981,25.7065222889,0,0,0,12,12,1203,1911
reference_NY46__paper_roles,2019-01-30 09:00:00,6.59386456033,18.7288407603,0,0,0,13,13,1083,933
reference_NY46__paper_roles,2019-01-30 10:00:00,5.27286713743,21.4930898488,0,0,0,12,12,460,1336
reference_NY46__paper_roles,2019-01-30 11:00:00,6.02063876309,17.7213213374,0,0,0,12,12,757,813
reference_NY46__paper_roles,2019-01-30 12:00:00,6.62125439684,27.1282132672,0,0,0,12,12,1103,2089
reference_NY46__paper_roles,2019-01-30 13:00:00,8.01557549762,30.6551451678,0,0,0,12,12,2111,2496
reference_NY46__paper_roles,2019-01-30 14:00:00,9.04974755672,36.3394824352,0,0,0,12,12,3002,3075
reference_NY46__paper_roles,2019-01-30 15:00:00,7.28430740872,29.7523810326,0,0,0,12,12,1515,2400
reference_NY46__paper_roles,2019-01-30 16:00:00,6.01181448444,26.107764083,0,0,0,13,12,755,1969
reference_NY46__paper_roles,2019-01-30 17:00:00,6.38947066524,17.3174446819,0,0,0,12,12,961,757
reference_NY46__paper_roles,2019-01-30 18:00:00,7.93217928425,17.7001586996,0,0,0,12,12,2035,811
reference_NY46__paper_roles,2019-01-30 19:00:00,6.83334168384,14.4255453459,0,0,0,12,12,1226,434
reference_NY46__paper_roles,2019-01-30 20:00:00,10.1610103044,27.7513117419,0,0,0,12,12,3974,2161
reference_NY46__paper_roles,2019-01-30 21:00:00,8.41892693702,28.0026233507,0,0,0,13,12,2448,2186
reference_NY46__paper_roles,2019-01-30 22:00:00,9.78721357978,37.1050606003,0,0,0,12,12,3654,3149
reference_NY46__paper_roles,2019-01-30 23:00:00,10.9542164979,45.6480281847,0,0,0,14,14,4604,3870
reference_NY46__paper_roles,2019-01-31 00:00:00,10.2316922363,21.092458812,0,0,0,12,12,4028,1284
reference_NY46__paper_roles,2019-01-31 01:00:00,11.353723122,30.4758693754,0,0,0,13,13,4914,2473
reference_NY46__paper_roles,2019-01-31 02:00:00,10.5563301028,52.5505012791,0,0,0,12,12,4301,4366
reference_NY46__paper_roles,2019-01-31 03:00:00,12.0152304444,51.2467804853,0,0,0,12,12,5405,4279
reference_NY46__paper_roles,2019-01-31 04:00:00,10.4328635512,45.0280559676,0,0,0,12,12,4187,3815
reference_NY46__paper_roles,2019-01-31 05:00:00,9.4493221183,39.7426012592,0,0,0,12,12,3349,3401
reference_NY46__paper_roles,2019-01-31 06:00:00,7.84222406552,24.0499301564,0,0,0,12,12,1967,1690
reference_NY46__paper_roles,2019-01-31 07:00:00,8.00568344638,23.050350694,0,0,0,12,12,2102,1549
reference_NY46__paper_roles,2019-01-31 08:00:00,7.39586498084,23.0595727613,0,0,0,12,12,1622,1551
reference_NY46__paper_roles,2019-01-31 09:00:00,4.55434207846,8.45572432418,0,0,0,12,12,237,58
reference_NY46__paper_roles,2019-01-31 10:00:00,3.43687245573,8.60368348155,0,0,0,13,12,56,65
reference_NY46__paper_roles,2019-01-31 11:00:00,3.432200155,14.0261104044,0,0,0,12,12,54,387
reference_NY46__paper_roles,2019-01-31 12:00:00,4.54609893495,14.0875555529,0,0,0,12,12,235,398
reference_NY46__paper_roles,2019-01-31 13:00:00,4.74618972251,34.7458040678,0,0,0,12,12,288,2932
reference_NY46__paper_roles,2019-01-31 14:00:00,5.92627594766,48.4791903727,0,0,0,12,12,720,4083
reference_NY46__paper_roles,2019-01-31 15:00:00,8.7112026931,66.1056482313,0,0,0,12,12,2689,5083
reference_NY46__paper_roles,2019-01-31 16:00:00,8.73574201913,54.4755088747,0,0,0,12,12,2717,4490
reference_NY46__paper_roles,2019-01-31 17:00:00,7.46051604763,43.3755669854,0,0,0,12,12,1678,3693
reference_NY46__paper_roles,2019-01-31 18:00:00,5.97219432529,35.0223825053,0,0,0,14,13,740,2950
reference_NY46__paper_roles,2019-01-31 19:00:00,8.15587884392,30.2318281976,0,0,0,12,12,2221,2448
reference_NY46__paper_roles,2019-01-31 20:00:00,10.8929493856,30.7785577347,0,0,0,12,12,4559,2513
reference_NY46__paper_roles,2019-01-31 21:00:00,8.09994890229,36.0197198548,0,0,0,12,12,2185,3051
reference_NY46__paper_roles,2019-01-31 22:00:00,9.23955312865,59.2349119151,0,0,0,12,12,3176,4754
reference_NY46__paper_roles,2019-01-31 23:00:00,14.3159373741,122.450098105,1,0,0,12,12,6657,6666
reference_NY46__paper_roles,2019-02-01 00:00:00,13.4637329246,110.806990031,1,0,0,12,12,6227,6446
reference_NY46__paper_roles,2019-02-01 01:00:00,10.4879649334,60.1176203277,0,0,0,12,12,4230,4801
reference_NY46__paper_roles,2019-02-01 02:00:00,10.5789516909,50.6686882208,0,0,0,12,12,4316,4233
reference_NY46__paper_roles,2019-02-01 03:00:00,11.0945925187,62.9107687633,0,0,0,12,12,4709,4933
reference_NY46__paper_roles,2019-02-01 04:00:00,10.537108874,49.056371816,0,0,0,12,12,4282,4130
reference_NY46__paper_roles,2019-02-01 05:00:00,9.2009802231,38.5065589624,0,0,0,12,12,3138,3289
reference_NY46__paper_roles,2019-02-01 06:00:00,7.8296800837,20.0375212617,0,0,0,12,12,1961,1132
reference_NY46__paper_roles,2019-02-01 07:00:00,5.73079815652,9.94956804489,0,0,0,12,12,635,113
reference_NY46__paper_roles,2019-02-01 08:00:00,6.7555406557,16.1706537884,0,0,0,12,12,1187,624
reference_NY46__paper_roles,2019-02-01 09:00:00,6.2794851216,24.4407502531,0,0,0,12,12,890,1741
reference_NY46__paper_roles,2019-02-01 10:00:00,3.8596592827,8.14534111528,0,0,0,12,12,111,46
reference_NY46__paper_roles,2019-02-01 11:00:00,3.42014223173,12.283049736,0,0,0,12,12,52,227
reference_NY46__paper_roles,2019-02-01 12:00:00,3.31367707837,7.35066029243,0,0,0,12,12,46,32
reference_NY46__paper_roles,2019-02-01 13:00:00,3.45495555009,14.8322175115,0,0,0,12,12,58,476
reference_NY46__paper_roles,2019-02-01 14:00:00,3.4990349654,9.57950567271,0,0,0,12,12,64,98
reference_NY46__paper_roles,2019-02-01 15:00:00,2.45403605044,5.52908480639,0,0,0,12,12,7,3
reference_NY46__paper_roles,2019-02-01 16:00:00,3.886187583,8.9107188449,0,0,0,12,12,116,72
reference_NY46__paper_roles,2019-02-01 17:00:00,5.34095718587,21.85928082,0,0,0,12,12,490,1384
reference_NY46__paper_roles,2019-02-01 18:00:00,3.42470754595,7.93960058716,0,0,0,12,12,53,41
reference_NY46__paper_roles,2019-02-01 19:00:00,5.88263011971,16.7731557075,0,0,0,12,12,697,695
reference_NY46__paper_roles,2019-02-01 20:00:00,5.5569535845,8.57453721543,0,0,0,12,12,567,63
reference_NY46__paper_roles,2019-02-01 21:00:00,5.43494990581,19.2266095154,0,0,0,12,12,524,1022
reference_NY46__paper_roles,2019-02-01 22:00:00,8.57506086487,34.085375437,0,0,0,12,12,2587,2861
reference_NY46__paper_roles,2019-02-01 23:00:00,8.99323027805,28.0763025457,0,0,0,12,12,2969,2193
reference_NY46__paper_roles,2019-02-02 00:00:00,15.3655673192,89.0615014976,0,0,0,12,12,7078,5912
reference_NY46__paper_roles,2019-02-02 01:00:00,14.4067293376,148.209461662,1,0,0,12,12,6713,7029
reference_NY46__paper_roles,2019-02-02 02:00:00,10.9147030356,93.8550724584,0,0,0,12,12,4577,6063
reference_NY46__paper_roles,2019-02-02 03:00:00,9.60704170241,81.281208904,0,0,0,12,12,3509,5675
reference_NY46__paper_roles,2019-02-02 04:00:00,9.48553745713,77.5591461976,0,0,0,12,12,3388,5533
reference_NY46__paper_roles,2019-02-02 05:00:00,7.93035827082,26.2223234136,0,0,0,12,12,2032,1985
reference_NY46__paper_roles,2019-02-02 06:00:00,6.10657854446,20.0910290294,0,0,0,12,12,799,1145
reference_NY46__paper_roles,2019-02-02 07:00:00,3.69302689801,12.6725210229,0,0,0,12,12,91,263
reference_NY46__paper_roles,2019-02-02 08:00:00,2.60453106536,11.11800821,0,0,0,12,12,12,172
reference_NY46__paper_roles,2019-02-02 09:00:00,6.02574244477,26.3705689504,0,0,0,12,12,760,2005
reference_NY46__paper_roles,2019-02-02 10:00:00,9.89220307567,62.3425704417,0,0,0,12,12,3753,4911
reference_NY46__paper_roles,2019-02-02 11:00:00,7.7977127553,27.2337403054,0,0,0,12,12,1937,2100
reference_NY46__paper_roles,2019-02-02 12:00:00,8.84654443862,46.1179813877,0,0,0,12,12,2831,3905
reference_NY46__paper_roles,2019-02-02 13:00:00,10.8442803573,101.891055039,1,0,0,12,12,4518,6277
reference_NY46__paper_roles,2019-02-02 14:00:00,9.84283762257,102.289779747,1,0,0,12,12,3710,6287
reference_NY46__paper_roles,2019-02-02 15:00:00,8.16393811025,99.8611534446,0,0,0,12,12,2231,6222
reference_NY46__paper_roles,2019-02-02 16:00:00,6.39679240575,63.2121115053,0,0,0,12,12,967,4952
reference_NY46__paper_roles,2019-02-02 17:00:00,7.1616941191,69.1891613723,0,0,0,12,12,1445,5214
reference_NY46__paper_roles,2019-02-02 18:00:00,9.6609393342,94.7262443291,0,0,0,12,12,3559,6092
reference_NY46__paper_roles,2019-02-02 19:00:00,7.79457385998,73.6162635488,0,0,0,12,12,1933,5378
reference_NY46__paper_roles,2019-02-02 20:00:00,7.10779487727,53.1772238236,0,0,0,12,12,1411,4413
reference_NY46__paper_roles,2019-02-02 21:00:00,6.83929877494,38.4738846667,0,0,0,12,12,1227,3285
reference_NY46__paper_roles,2019-02-02 22:00:00,6.69058725132,54.2272407844,0,0,0,12,12,1148,4475
reference_NY46__paper_roles,2019-02-02 23:00:00,10.6590181779,47.1578994721,0,0,0,12,12,4376,3971
reference_NY46__paper_roles,2019-02-03 00:00:00,11.6817161625,32.2776724578,0,0,0,12,12,5142,2676
reference_NY46__paper_roles,2019-02-03 01:00:00,11.4410685319,43.8811991045,0,0,0,12,12,4979,3725
reference_NY46__paper_roles,2019-02-03 02:00:00,10.7811493001,50.8509730595,0,0,0,12,12,4469,4249
reference_NY46__paper_roles,2019-02-03 03:00:00,9.68197295752,52.4037712643,0,0,0,12,12,3578,4359
reference_NY46__paper_roles,2019-02-03 04:00:00,9.08724574677,51.9974162408,0,0,0,12,12,3033,4334
reference_NY46__paper_roles,2019-02-03 05:00:00,10.5966065798,55.6625172744,0,0,0,12,12,4328,4566
reference_NY46__paper_roles,2019-02-03 06:00:00,7.46913691304,30.2130766519,0,0,0,12,12,1687,2446
reference_NY46__paper_roles,2019-02-03 07:00:00,4.15483461642,24.1779531655,0,0,0,12,12,157,1702
reference_NY46__paper_roles,2019-02-03 08:00:00,2.84044581506,9.98311658629,0,0,0,12,12,22,116
reference_NY46__paper_roles,2019-02-03 09:00:00,5.55689637999,21.7608649303,0,0,0,12,12,566,1372
reference_NY46__paper_roles,2019-02-03 10:00:00,7.69330757601,61.4545566822,0,0,0,12,12,1867,4859
reference_NY46__paper_roles,2019-02-03 11:00:00,7.10611222191,36.9018333135,0,0,0,12,12,1409,3135
reference_NY46__paper_roles,2019-02-03 12:00:00,6.64633365198,31.1901864039,0,0,0,12,12,1116,2554
reference_NY46__paper_roles,2019-02-03 13:00:00,6.77387387091,30.5057228982,0,0,0,12,12,1202,2479
reference_NY46__paper_roles,2019-02-03 14:00:00,7.37563289249,41.9599328426,0,0,0,12,12,1604,3578
reference_NY46__paper_roles,2019-02-03 15:00:00,8.03702333392,34.334619878,0,0,0,12,12,2123,2886
reference_NY46__paper_roles,2019-02-03 16:00:00,6.43074120317,27.0462835168,0,0,0,12,12,989,2083
reference_NY46__paper_roles,2019-02-03 17:00:00,7.05794287552,32.4192687656,0,0,0,12,12,1376,2688
reference_NY46__paper_roles,2019-02-03 18:00:00,9.80897923529,26.4207065495,0,0,0,12,12,3678,2009
reference_NY46__paper_roles,2019-02-03 19:00:00,6.10987685953,24.3835750573,0,0,0,12,12,800,1729
reference_NY46__paper_roles,2019-02-03 20:00:00,6.04447504761,23.6445898611,0,0,0,12,12,773,1633
reference_NY46__paper_roles,2019-02-03 21:00:00,5.08177306607,21.6965262068,0,0,0,12,12,391,1362
reference_NY46__paper_roles,2019-02-03 22:00:00,6.3025599267,22.048476051,0,0,0,12,12,902,1423
reference_NY46__paper_roles,2019-02-03 23:00:00,9.68034962753,24.4254559937,0,0,0,12,12,3576,1739
reference_NY46__paper_roles,2019-02-04 00:00:00,12.8555474059,46.3839245056,0,0,0,12,12,5896,3918
reference_NY46__paper_roles,2019-02-04 01:00:00,10.2099520622,30.7597846213,0,0,0,12,12,4010,2508
reference_NY46__paper_roles,2019-02-04 02:00:00,10.9773708691,56.2149242306,0,0,0,12,12,4625,4596
reference_NY46__paper_roles,2019-02-04 03:00:00,15.6801956406,68.7738984591,0,0,0,12,12,7208,5200
reference_NY46__paper_roles,2019-02-04 04:00:00,16.1811596478,86.8074627501,0,0,0,12,12,7384,5853
reference_NY46__paper_roles,2019-02-04 05:00:00,9.65115490176,40.5073422495,0,0,0,12,12,3549,3471
reference_NY46__paper_roles,2019-02-04 06:00:00,5.72381063832,64.3329731394,0,0,0,12,12,632,5000
reference_NY46__paper_roles,2019-02-04 07:00:00,3.49112613453,17.5050414123,0,0,0,12,12,62,783
reference_NY46__paper_roles,2019-02-04 08:00:00,5.23996550273,41.0165400426,0,0,0,12,12,449,3516
reference_NY46__paper_roles,2019-02-04 09:00:00,4.61482259497,44.6523971924,0,0,0,12,12,253,3791
reference_NY46__paper_roles,2019-02-04 10:00:00,4.92628871124,28.6768735436,0,0,0,12,12,344,2277
reference_NY46__paper_roles,2019-02-04 11:00:00,6.78878005593,20.4421541634,0,0,0,12,12,1212,1191
reference_NY46__paper_roles,2019-02-04 12:00:00,7.28928522135,18.7486780859,0,0,0,12,12,1525,937
reference_NY46__paper_roles,2019-02-04 13:00:00,5.81408046887,21.8679392946,0,0,0,12,12,666,1385
reference_NY46__paper_roles,2019-02-04 14:00:00,5.32618907542,23.7631202987,0,0,0,13,12,480,1648
reference_NY46__paper_roles,2019-02-04 15:00:00,4.5793164553,24.0467608101,0,0,0,12,12,242,1689
reference_NY46__paper_roles,2019-02-04 16:00:00,4.54947656363,31.8707327287,0,0,0,12,12,236,2627
reference_NY46__paper_roles,2019-02-04 17:00:00,6.4487620154,31.505985435,0,0,0,12,12,1005,2583
reference_NY46__paper_roles,2019-02-04 18:00:00,5.35385133063,27.3123570049,0,0,0,12,12,495,2114
reference_NY46__paper_roles,2019-02-04 19:00:00,5.57327996803,20.509398579,0,0,0,12,12,574,1199
reference_NY46__paper_roles,2019-02-04 20:00:00,4.04219447583,20.217105214,0,0,0,12,12,136,1161
reference_NY46__paper_roles,2019-02-04 21:00:00,2.89498488664,13.2858333117,0,0,0,12,12,25,325
reference_NY46__paper_roles,2019-02-04 22:00:00,4.58480971454,7.55843603104,0,0,0,12,12,244,35
reference_NY46__paper_roles,2019-02-04 23:00:00,5.7062984965,11.321558809,0,0,0,13,12,627,184
reference_NY46__paper_roles,2019-02-05 00:00:00,7.59830603563,26.326471152,0,0,0,12,12,1792,1996
reference_NY46__paper_roles,2019-02-05 01:00:00,9.70909749154,35.860647138,0,0,0,12,12,3596,3030
reference_NY46__paper_roles,2019-02-05 02:00:00,8.63758527672,47.485555709,0,0,0,12,12,2636,4006
reference_NY46__paper_roles,2019-02-05 03:00:00,8.35199748632,37.6350045127,0,0,0,12,12,2391,3196
reference_NY46__paper_roles,2019-02-05 04:00:00,4.66419888615,10.2681677837,0,0,0,12,12,264,129
reference_NY46__paper_roles,2019-02-05 05:00:00,7.14914612639,29.9559269254,0,0,0,12,12,1435,2425
reference_NY46__paper_roles,2019-02-05 06:00:00,6.03732771309,79.1868684548,0,0,0,13,12,766,5587
reference_NY46__paper_roles,2019-02-05 07:00:00,2.95126446761,12.6545527778,0,0,0,12,12,27,259
reference_NY46__paper_roles,2019-02-05 08:00:00,5.03601392736,149.996836075,0,0,0,12,12,372,7049
reference_NY46__paper_roles,2019-02-05 09:00:00,5.62143708809,73.8447492627,0,0,0,12,12,588,5397
reference_NY46__paper_roles,2019-02-05 10:00:00,3.8522349943,55.1762825604,0,0,0,12,12,108,4533
reference_NY46__paper_roles,2019-02-05 11:00:00,4.29011306367,52.8034430555,0,0,0,10,10,177,4378
reference_NY46__paper_roles,2019-02-05 12:00:00,4.10785403506,92.3801564942,0,0,0,12,12,150,6019
reference_NY46__paper_roles,2019-02-05 13:00:00,4.51893605002,37.7689492832,0,0,0,12,12,228,3216
reference_NY46__paper_roles,2019-02-05 14:00:00,8.04693516294,120.531775415,0,0,0,10,10,2130,6620
reference_NY46__paper_roles,2019-02-05 15:00:00,7.78795588099,432.831999631,0,0,0,13,12,1930,8172
reference_NY46__paper_roles,2019-02-05 16:00:00,5.14883627802,199.693274294,0,0,0,12,12,426,7483
reference_NY46__paper_roles,2019-02-05 17:00:00,2.79796472301,43.4924545479,0,0,0,12,12,19,3699
reference_NY46__paper_roles,2019-02-05 18:00:00,2.64241930177,5.99454226526,0,0,0,12,12,14,4
reference_NY46__paper_roles,2019-02-05 19:00:00,3.29163313539,35.903092841,0,0,0,12,12,45,3034
reference_NY46__paper_roles,2019-02-05 20:00:00,4.97899795723,8.53161545226,0,0,0,12,12,354,62
reference_NY46__paper_roles,2019-02-05 21:00:00,5.68645482411,76.0949687327,0,0,0,12,12,619,5488
reference_NY46__paper_roles,2019-02-05 22:00:00,4.72810842439,9.81737278302,0,0,0,12,12,283,108
reference_NY46__paper_roles,2019-02-05 23:00:00,10.898466016,25.5368775461,0,0,0,12,12,4562,1882
reference_NY46__paper_roles,2019-02-06 00:00:00,11.5856632326,38.4639259741,0,0,0,12,12,5074,3284
reference_NY46__paper_roles,2019-02-06 01:00:00,10.8815533117,47.3995980619,0,0,0,12,12,4552,3999
reference_NY46__paper_roles,2019-02-06 02:00:00,16.0618813815,584.093110969,1,0,0,12,12,7338,8326
reference_NY46__paper_roles,2019-02-06 03:00:00,22.9971846187,198.306522083,1,0,0,12,12,8472,7473
reference_NY46__paper_roles,2019-02-06 04:00:00,16.4319908102,34.1054183995,0,0,0,12,12,7460,2863
reference_NY46__paper_roles,2019-02-06 05:00:00,12.2908703086,23.6301950009,0,0,0,12,12,5572,1632
reference_NY46__paper_roles,2019-02-06 06:00:00,6.72320757494,64.4872302153,0,0,0,12,12,1162,5008
reference_NY46__paper_roles,2019-02-06 07:00:00,4.59023173648,19.6220466683,0,0,0,12,12,246,1088
reference_NY46__paper_roles,2019-02-06 08:00:00,7.65377935948,336.641581178,1,0,0,12,12,1836,8023
reference_NY46__paper_roles,2019-02-06 09:00:00,8.37186808076,148.536184171,1,0,0,12,12,2409,7032
reference_NY46__paper_roles,2019-02-06 10:00:00,9.767217201,132.436660036,1,0,0,12,12,3638,6827
reference_NY46__paper_roles,2019-02-06 11:00:00,9.80675460422,111.883853237,1,0,0,12,12,3676,6466
reference_NY46__paper_roles,2019-02-06 12:00:00,7.8693150249,168.315385428,1,0,0,12,12,1991,7246
reference_NY46__paper_roles,2019-02-06 13:00:00,10.5222028447,129.472982967,1,0,0,12,12,4267,6791
reference_NY46__paper_roles,2019-02-06 14:00:00,8.32302436102,162.282513204,1,0,0,12,12,2370,7187
reference_NY46__paper_roles,2019-02-06 15:00:00,7.10572452643,349.789773706,1,0,0,12,12,1408,8065
reference_NY46__paper_roles,2019-02-06 16:00:00,7.14131437008,589.560273463,1,0,0,12,12,1431,8331
reference_NY46__paper_roles,2019-02-06 17:00:00,5.20912676861,53.4361446354,0,0,0,12,12,441,4434
reference_NY46__paper_roles,2019-02-06 18:00:00,6.2944359088,198.480818067,1,0,0,12,12,897,7474
reference_NY46__paper_roles,2019-02-06 19:00:00,16.2578112921,279.251576047,1,0,0,12,12,7407,7852
reference_NY46__paper_roles,2019-02-06 20:00:00,11.187018483,1824.12545672,1,0,0,12,12,4788,8602
reference_NY46__paper_roles,2019-02-06 21:00:00,7.98779817153,112.722187931,0,0,0,12,12,2084,6481
reference_NY46__paper_roles,2019-02-06 22:00:00,8.21223759311,18.1285127675,0,0,0,12,12,2278,856
reference_NY46__paper_roles,2019-02-06 23:00:00,17.2505218379,37.5918432848,0,0,0,12,12,7685,3192
reference_NY46__paper_roles,2019-02-07 00:00:00,10.208379857,20.8685617998,0,0,0,12,12,4009,1251
reference_NY46__paper_roles,2019-02-07 01:00:00,11.2952713079,21.7135347307,0,0,0,12,12,4863,1367
reference_NY46__paper_roles,2019-02-07 02:00:00,13.2937596638,44.024279858,0,0,0,12,12,6130,3735
reference_NY46__paper_roles,2019-02-07 03:00:00,16.3965281043,53.170978026,0,0,0,12,12,7449,4411
reference_NY46__paper_roles,2019-02-07 04:00:00,21.0130007116,68.2862830036,0,0,0,12,12,8307,5181
reference_NY46__paper_roles,2019-02-07 05:00:00,17.3848633923,201.715273629,0,0,0,12,12,7711,7500
reference_NY46__paper_roles,2019-02-07 06:00:00,15.2096000584,53.2885609593,0,0,0,12,12,7013,4424
reference_NY46__paper_roles,2019-02-07 07:00:00,14.0700250841,145.786010576,0,0,0,12,12,6556,6998
reference_NY46__paper_roles,2019-02-07 08:00:00,11.2432763987,331.727568461,1,0,0,12,12,4830,8009
reference_NY46__paper_roles,2019-02-07 09:00:00,7.80813957346,286.659407576,0,0,0,12,12,1945,7890
reference_NY46__paper_roles,2019-02-07 10:00:00,8.83262604788,319.661067637,0,0,0,12,12,2820,7981
reference_NY46__paper_roles,2019-02-07 11:00:00,8.32171911369,205.338903225,0,0,0,12,12,2368,7524
reference_NY46__paper_roles,2019-02-07 12:00:00,9.32341227466,212.209525624,0,0,0,12,12,3249,7560
reference_NY46__paper_roles,2019-02-07 13:00:00,7.05572455222,68.8599044472,0,0,0,12,12,1373,5202
reference_NY46__paper_roles,2019-02-07 14:00:00,6.15532993932,54.054712474,0,0,0,12,12,821,4466
reference_NY46__paper_roles,2019-02-07 15:00:00,4.66711629909,13.1378066156,0,0,0,12,12,266,305
reference_NY46__paper_roles,2019-02-07 16:00:00,4.71813172624,18.583664532,0,0,0,12,12,281,911
reference_NY46__paper_roles,2019-02-07 17:00:00,7.91773847955,41.2561339601,0,0,0,12,12,2022,3536
reference_NY46__paper_roles,2019-02-07 18:00:00,8.39454293436,24.5636655852,0,0,0,12,12,2428,1758
reference_NY46__paper_roles,2019-02-07 19:00:00,5.40054642948,26.2898649152,0,0,0,12,12,510,1994
reference_NY46__paper_roles,2019-02-07 20:00:00,6.15141078369,13.9499942775,0,0,0,12,12,820,380
reference_NY46__paper_roles,2019-02-07 21:00:00,4.00373697529,12.9084215231,0,0,0,12,12,129,288
reference_NY46__paper_roles,2019-02-07 22:00:00,4.21612283279,11.643601336,0,0,0,12,12,169,198
reference_NY46__paper_roles,2019-02-07 23:00:00,6.40008937854,34.4240785422,0,0,0,12,12,972,2898
reference_NY46__paper_roles,2019-02-08 00:00:00,6.67220617526,28.6679554756,0,0,0,12,12,1137,2273
reference_NY46__paper_roles,2019-02-08 01:00:00,9.80432428501,36.2689986251,0,0,0,12,12,3673,3071
reference_NY46__paper_roles,2019-02-08 02:00:00,9.24807286491,49.1613985451,0,0,0,12,12,3183,4141
reference_NY46__paper_roles,2019-02-08 03:00:00,7.3028940168,34.556853859,0,0,0,15,14,1536,2909
reference_NY46__paper_roles,2019-02-08 04:00:00,5.6012343934,20.6207310748,0,0,0,11,11,583,1215
reference_NY46__paper_roles,2019-02-08 05:00:00,7.44993199298,27.2896630441,0,0,0,13,12,1665,2111
reference_NY46__paper_roles,2019-02-08 06:00:00,10.9383378762,53.7726214551,0,0,0,12,12,4590,4449
reference_NY46__paper_roles,2019-02-08 07:00:00,12.5362563011,47.1822853785,0,0,0,12,12,5723,3973
reference_NY46__paper_roles,2019-02-08 08:00:00,10.8854439444,39.3079777099,0,0,0,12,12,4554,3363
reference_NY46__paper_roles,2019-02-08 09:00:00,6.91546781761,34.3240947376,0,0,0,12,12,1273,2885
reference_NY46__paper_roles,2019-02-08 10:00:00,7.07588020816,44.5989568536,0,0,0,12,12,1388,3785
reference_NY46__paper_roles,2019-02-08 11:00:00,5.84798110412,49.5361995711,0,0,0,12,12,679,4168
reference_NY46__paper_roles,2019-02-08 12:00:00,6.16896125384,53.6425290502,0,0,0,12,12,827,4446
reference_NY46__paper_roles,2019-02-08 13:00:00,7.83022516021,130.227082239,0,0,0,12,12,1962,6797
reference_NY46__paper_roles,2019-02-08 14:00:00,10.3684211187,181.927084097,0,0,0,12,12,4128,7361
reference_NY46__paper_roles,2019-02-08 15:00:00,10.1243594461,156.447085416,0,0,0,12,12,3941,7125
reference_NY46__paper_roles,2019-02-08 16:00:00,7.53134845769,112.530108364,0,0,0,12,12,1739,6478
reference_NY46__paper_roles,2019-02-08 17:00:00,7.10686683445,56.3444635457,0,0,0,12,12,1410,4601
reference_NY46__paper_roles,2019-02-08 18:00:00,6.54738112756,46.0848108429,0,0,0,12,12,1060,3902
reference_NY46__paper_roles,2019-02-08 19:00:00,7.55109122327,68.9655770418,0,0,0,12,12,1758,5209
reference_NY46__paper_roles,2019-02-08 20:00:00,9.78314161084,136.179698946,0,0,0,12,12,3649,6875
reference_NY46__paper_roles,2019-02-08 21:00:00,9.50732266701,84.8800777134,0,0,0,12,12,3420,5793
reference_NY46__paper_roles,2019-02-08 22:00:00,8.19334670571,41.0297699987,0,0,0,12,12,2260,3518
reference_NY46__paper_roles,2019-02-08 23:00:00,6.41155061605,16.6806229569,0,0,0,12,12,980,684
reference_NY46__paper_roles,2019-02-09 00:00:00,5.78023777781,19.1787670496,0,0,0,12,12,654,1013
reference_NY46__paper_roles,2019-02-09 01:00:00,6.28460586095,21.9092552586,0,0,0,12,12,893,1396
reference_NY46__paper_roles,2019-02-09 02:00:00,5.88485478669,31.7665078096,0,0,0,12,12,700,2608
reference_NY46__paper_roles,2019-02-09 03:00:00,7.4192289943,63.2164440161,0,0,0,12,12,1639,4953
reference_NY46__paper_roles,2019-02-09 04:00:00,7.53579412002,36.6682557333,0,0,0,12,12,1744,3112
reference_NY46__paper_roles,2019-02-09 05:00:00,6.229466644,20.2620002457,0,0,0,12,12,859,1165
reference_NY46__paper_roles,2019-02-09 06:00:00,6.73123460987,17.6031532174,0,0,0,12,12,1170,799
reference_NY46__paper_roles,2019-02-09 07:00:00,9.09824601766,27.5791426354,0,0,0,12,12,3044,2142
reference_NY46__paper_roles,2019-02-09 08:00:00,7.92293614119,23.2954001372,0,0,0,12,12,2026,1589
reference_NY46__paper_roles,2019-02-09 09:00:00,7.11429409768,37.5559767656,0,0,0,12,12,1416,3188
reference_NY46__paper_roles,2019-02-09 10:00:00,5.6841062779,24.9039136046,0,0,0,12,12,616,1805
reference_NY46__paper_roles,2019-02-09 11:00:00,4.67879405081,12.7414819733,0,0,0,12,12,268,274
reference_NY46__paper_roles,2019-02-09 12:00:00,10.0830820103,45.8668685758,0,0,0,12,12,3908,3885
reference_NY46__paper_roles,2019-02-09 13:00:00,10.1608585157,89.7852576731,0,0,0,12,12,3973,5936
reference_NY46__paper_roles,2019-02-09 14:00:00,9.561555373,70.5404382946,0,0,0,12,12,3468,5271
reference_NY46__paper_roles,2019-02-09 15:00:00,6.20479591915,36.6797418071,0,0,0,12,12,846,3114
reference_NY46__paper_roles,2019-02-09 16:00:00,6.68258532539,33.4850045057,0,0,0,12,12,1145,2800
reference_NY46__paper_roles,2019-02-09 17:00:00,4.29376791213,13.4991310394,0,0,0,12,12,178,350
reference_NY46__paper_roles,2019-02-09 18:00:00,5.58104829042,25.5411358992,0,0,0,12,12,575,1883
reference_NY46__paper_roles,2019-02-09 19:00:00,4.04495148767,6.68956427491,0,0,0,12,12,137,13
reference_NY46__paper_roles,2019-02-09 20:00:00,5.54743748825,25.1099675645,0,0,0,12,12,558,1824
reference_NY46__paper_roles,2019-02-09 21:00:00,3.22865533085,6.55703474745,0,0,0,12,12,39,10
reference_NY46__paper_roles,2019-02-09 22:00:00,5.36907501761,10.8631694361,0,0,0,12,12,498,154
reference_NY46__paper_roles,2019-02-09 23:00:00,7.52354535555,19.7717185023,0,0,0,12,12,1731,1104
reference_NY46__paper_roles,2019-02-10 00:00:00,6.39070014314,14.0391158938,0,0,0,12,12,963,390
reference_NY46__paper_roles,2019-02-10 01:00:00,9.07284420412,21.1336596943,0,0,0,12,12,3021,1288
reference_NY46__paper_roles,2019-02-10 02:00:00,8.5913779105,29.8941328671,0,0,0,12,12,2604,2419
reference_NY46__paper_roles,2019-02-10 03:00:00,7.82053168014,21.2484685492,0,0,0,12,12,1954,1302
reference_NY46__paper_roles,2019-02-10 04:00:00,9.62207847978,22.8105781088,0,0,0,12,12,3530,1519
reference_NY46__paper_roles,2019-02-10 05:00:00,7.74033682231,16.1427970037,0,0,0,12,12,1904,621
reference_NY46__paper_roles,2019-02-10 06:00:00,5.24918785671,9.09167867148,0,0,0,12,12,454,79
reference_NY46__paper_roles,2019-02-10 07:00:00,7.34684323518,11.717628618,0,0,0,12,12,1572,201
reference_NY46__paper_roles,2019-02-10 08:00:00,6.46724830312,36.8206523207,0,0,0,12,12,1018,3125
reference_NY46__paper_roles,2019-02-10 09:00:00,10.5910930836,256.846806732,0,0,0,12,12,4324,7780
reference_NY46__paper_roles,2019-02-10 10:00:00,6.58227871187,79.0780454116,0,0,0,12,12,1077,5583
reference_NY46__paper_roles,2019-02-10 11:00:00,11.4760132078,1076.03730336,1,0,0,12,12,5003,8511
reference_NY46__paper_roles,2019-02-10 12:00:00,15.4058244843,343.489738609,1,0,0,12,12,7098,8045
reference_NY46__paper_roles,2019-02-10 13:00:00,12.0605167121,124.294058002,1,0,0,12,12,5435,6700
reference_NY46__paper_roles,2019-02-10 14:00:00,12.7014831168,677.776106027,1,0,0,12,12,5804,8385
reference_NY46__paper_roles,2019-02-10 15:00:00,15.4599881522,865.639827446,1,0,0,12,12,7121,8459
reference_NY46__paper_roles,2019-02-10 16:00:00,16.2317597522,686.690491876,1,0,0,12,12,7398,8391
reference_NY46__paper_roles,2019-02-10 17:00:00,13.4945724929,1518.9915277,1,0,0,12,12,6253,8575
reference_NY46__paper_roles,2019-02-10 18:00:00,16.1963714419,972.069705386,0,0,0,12,12,7390,8489
reference_NY46__paper_roles,2019-02-10 19:00:00,19.7719297226,9438.73080458,0,0,0,12,12,8145,8734
reference_NY46__paper_roles,2019-02-10 20:00:00,18.3096577225,1195.06033868,0,0,0,12,12,7908,8535
reference_NY46__paper_roles,2019-02-10 21:00:00,14.161550631,178.260858359,0,0,0,12,12,6597,7335
reference_NY46__paper_roles,2019-02-10 22:00:00,12.908914927,44.3642272392,0,0,0,11,11,5931,3769
reference_NY46__paper_roles,2019-02-10 23:00:00,15.0474032517,56.7182149574,0,0,0,12,12,6955,4625
reference_NY46__paper_roles,2019-02-11 00:00:00,21.8311699291,111.544379345,0,0,0,12,12,8389,6459
reference_NY46__paper_roles,2019-02-11 01:00:00,12.5836964412,55.8163767343,0,0,0,12,12,5747,4575
reference_NY46__paper_roles,2019-02-11 02:00:00,13.8970791656,132.625363524,1,0,0,12,12,6471,6831
reference_NY46__paper_roles,2019-02-11 03:00:00,14.0071930413,252.783809977,1,0,0,12,12,6528,7766
reference_NY46__paper_roles,2019-02-11 04:00:00,22.455685759,583.415017729,0,0,0,12,12,8445,8325
reference_NY46__paper_roles,2019-02-11 05:00:00,17.6391628485,40.7147030521,0,0,0,12,12,7767,3491
reference_NY46__paper_roles,2019-02-11 06:00:00,13.2282979888,23.118172584,0,0,0,12,12,6094,1559
reference_NY46__paper_roles,2019-02-11 07:00:00,7.81431314293,15.9310854538,0,0,0,12,12,1951,596
reference_NY46__paper_roles,2019-02-11 08:00:00,8.29456126814,19.213231705,0,0,0,12,12,2334,1019
reference_NY46__paper_roles,2019-02-11 09:00:00,7.28326883586,14.1683045517,0,0,0,12,12,1513,405
reference_NY46__paper_roles,2019-02-11 10:00:00,6.44021266536,20.811734429,0,0,0,12,12,999,1245
reference_NY46__paper_roles,2019-02-11 11:00:00,5.84179247325,13.2882422438,0,0,0,12,12,673,326
reference_NY46__paper_roles,2019-02-11 12:00:00,4.39077682474,10.8217352268,0,0,0,12,12,193,151
reference_NY46__paper_roles,2019-02-11 13:00:00,7.30403548201,39.7953092217,0,0,0,12,12,1540,3409
reference_NY46__paper_roles,2019-02-11 14:00:00,7.0332566675,35.8207017579,0,0,0,12,12,1359,3027
reference_NY46__paper_roles,2019-02-11 15:00:00,7.05358519827,26.2050822613,0,0,0,12,12,1372,1979
reference_NY46__paper_roles,2019-02-11 16:00:00,5.59298447385,14.0233343923,0,0,0,12,12,580,385
reference_NY46__paper_roles,2019-02-11 17:00:00,6.58699938771,21.2817006846,0,0,0,12,12,1078,1308
reference_NY46__paper_roles,2019-02-11 18:00:00,8.76451003336,24.0723956895,0,0,0,12,12,2753,1694
reference_NY46__paper_roles,2019-02-11 19:00:00,6.73462698368,22.7545875338,0,0,0,12,12,1173,1514
reference_NY46__paper_roles,2019-02-11 20:00:00,6.74203020757,19.230505719,0,0,0,12,12,1180,1023
reference_NY46__paper_roles,2019-02-11 21:00:00,6.64029740028,18.1690134534,0,0,0,12,12,1114,862
reference_NY46__paper_roles,2019-02-11 22:00:00,8.09380758241,14.6574891502,0,0,0,12,12,2178,455
reference_NY46__paper_roles,2019-02-11 23:00:00,13.7841749062,41.9971612987,0,0,0,12,12,6416,3581
reference_NY46__paper_roles,2019-02-12 00:00:00,19.5907818292,55.0060991393,0,0,0,12,12,8110,4523
reference_NY46__paper_roles,2019-02-12 01:00:00,11.3143221986,45.7119223729,0,0,0,12,12,4883,3876
reference_NY46__paper_roles,2019-02-12 02:00:00,13.3836004272,347.462459523,0,0,0,12,12,6182,8056
reference_NY46__paper_roles,2019-02-12 03:00:00,13.2877554438,51.6540948418,0,0,0,12,12,6127,4312
reference_NY46__paper_roles,2019-02-12 04:00:00,13.0075449943,29.9063354234,0,0,0,12,12,5979,2421
reference_NY46__paper_roles,2019-02-12 05:00:00,19.2114992099,175.139931502,1,0,0,12,12,8051,7309
reference_NY46__paper_roles,2019-02-12 06:00:00,18.630930735,165.695950026,1,0,0,12,12,7955,7222
reference_NY46__paper_roles,2019-02-12 07:00:00,11.4021284311,53.1731690763,0,0,0,12,12,4951,4412
reference_NY46__paper_roles,2019-02-12 08:00:00,7.83420369162,25.1375986914,0,0,0,12,12,1965,1832
reference_NY46__paper_roles,2019-02-12 09:00:00,5.69775004708,39.0459733924,0,0,0,12,12,622,3338
reference_NY46__paper_roles,2019-02-12 10:00:00,7.30236395966,18.7611241334,0,0,0,12,12,1535,942
reference_NY46__paper_roles,2019-02-12 11:00:00,4.43923609704,19.5896804598,0,0,0,11,11,202,1081
reference_NY46__paper_roles,2019-02-12 12:00:00,3.44541778263,27.0039807604,0,0,0,13,12,57,2077
reference_NY46__paper_roles,2019-02-12 13:00:00,5.55456173843,21.402502296,0,0,0,12,12,565,1327
reference_NY46__paper_roles,2019-02-12 14:00:00,4.72156840584,17.4702111194,0,0,0,12,12,282,775
reference_NY46__paper_roles,2019-02-12 15:00:00,3.58964209193,12.2393297291,0,0,0,12,12,71,225
reference_NY46__paper_roles,2019-02-12 16:00:00,9.20211995185,37.7695067366,0,0,0,12,12,3139,3217
reference_NY46__paper_roles,2019-02-12 17:00:00,12.417140208,102.67287381,1,0,0,12,12,5647,6292
reference_NY46__paper_roles,2019-02-12 18:00:00,8.43541856588,30.6495967508,0,0,0,12,12,2467,2495
reference_NY46__paper_roles,2019-02-12 19:00:00,3.55949877158,36.9003413654,0,0,0,12,12,68,3134
reference_NY46__paper_roles,2019-02-12 20:00:00,2.88152027747,30.499023953,0,0,0,12,12,24,2476
reference_NY46__paper_roles,2019-02-12 21:00:00,4.44741606889,7.18067701125,0,0,0,12,12,207,25
reference_NY46__paper_roles,2019-02-12 22:00:00,6.68168288037,13.4882500861,0,0,0,12,12,1144,349
reference_NY46__paper_roles,2019-02-12 23:00:00,5.86340634691,301.23584499,0,0,0,12,12,690,7928
reference_NY46__paper_roles,2019-02-13 00:00:00,13.6919420013,8629.95511515,0,0,0,12,12,6374,8732
reference_NY46__paper_roles,2019-02-13 01:00:00,11.6388342921,426.65048685,0,0,0,12,12,5110,8164
reference_NY46__paper_roles,2019-02-13 02:00:00,12.8758109579,475.428213662,0,0,0,12,12,5906,8223
reference_NY46__paper_roles,2019-02-13 03:00:00,13.1268114025,466.585690986,0,0,0,12,12,6045,8212
reference_NY46__paper_roles,2019-02-13 04:00:00,14.6903292801,960.785647741,1,0,0,12,12,6822,8484
reference_NY46__paper_roles,2019-02-13 05:00:00,13.8433370891,70.7271436415,0,0,0,12,12,6445,5279
reference_NY46__paper_roles,2019-02-13 06:00:00,12.6017897167,195.150227845,0,0,0,12,12,5754,7450
reference_NY46__paper_roles,2019-02-13 07:00:00,8.08566508039,190.052984362,0,0,0,12,12,2165,7411
reference_NY46__paper_roles,2019-02-13 08:00:00,8.96106799725,70.869855846,0,0,0,12,12,2949,5283
reference_NY46__paper_roles,2019-02-13 09:00:00,7.62858298371,41.5939057081,0,0,0,12,12,1815,3552
reference_NY46__paper_roles,2019-02-13 10:00:00,10.0359670778,118.58027786,0,0,0,12,12,3871,6579
reference_NY46__paper_roles,2019-02-13 11:00:00,10.1456874753,81.5506951211,0,0,0,10,10,3956,5688
reference_NY46__paper_roles,2019-02-13 12:00:00,8.16180013937,74.9953223553,0,0,0,12,12,2229,5438
reference_NY46__paper_roles,2019-02-13 13:00:00,6.65497380072,67.6158002968,0,0,0,12,12,1124,5150
reference_NY46__paper_roles,2019-02-13 14:00:00,5.13546090321,53.5193192797,0,0,0,10,10,419,4437
reference_NY46__paper_roles,2019-02-13 15:00:00,3.70934826039,35.1706425052,0,0,0,12,12,92,2966
reference_NY46__paper_roles,2019-02-13 16:00:00,3.64620243462,42.1387539581,0,0,0,12,12,82,3591
reference_NY46__paper_roles,2019-02-13 17:00:00,4.46865776734,54.2965929465,0,0,0,12,12,212,4480
reference_NY46__paper_roles,2019-02-13 18:00:00,3.15385926865,31.0536018143,0,0,0,12,12,33,2540
reference_NY46__paper_roles,2019-02-13 19:00:00,4.11248187213,49.7330690108,0,0,0,12,12,151,4181
reference_NY46__paper_roles,2019-02-13 20:00:00,3.24995760968,25.9898251403,0,0,0,13,12,41,1951
reference_NY46__paper_roles,2019-02-13 21:00:00,5.63561580095,12.9845683005,0,0,0,12,12,594,292
reference_NY46__paper_roles,2019-02-13 22:00:00,8.13925962493,40.5864022153,0,0,0,12,12,2210,3476
reference_NY46__paper_roles,2019-02-13 23:00:00,9.31156207093,56.4879752083,0,0,0,12,12,3236,4610
reference_NY46__paper_roles,2019-02-14 00:00:00,5.71902424277,137.169028845,0,0,0,12,12,631,6891
reference_NY46__paper_roles,2019-02-14 01:00:00,4.86849774822,78.4383965124,0,0,0,12,12,328,5564
reference_NY46__paper_roles,2019-02-14 02:00:00,5.14769280502,81.765751695,0,0,0,12,12,424,5692
reference_NY46__paper_roles,2019-02-14 03:00:00,7.4997679175,96.4098443041,0,0,0,12,12,1711,6145
reference_NY46__paper_roles,2019-02-14 04:00:00,10.9856672298,3854.57307445,0,0,0,12,12,4634,8687
reference_NY46__paper_roles,2019-02-14 05:00:00,6.45611756517,1335.24127694,1,0,0,12,12,1009,8548
reference_NY46__paper_roles,2019-02-14 06:00:00,7.80456848137,126.649970491,0,0,0,12,12,1943,6740
reference_NY46__paper_roles,2019-02-14 07:00:00,6.74532935275,1715.44831735,0,0,0,12,12,1182,8590
reference_NY46__paper_roles,2019-02-14 08:00:00,9.25972132222,222.672056661,1,0,0,12,12,3195,7615
reference_NY46__paper_roles,2019-02-14 09:00:00,8.94788455804,5002.51089602,1,0,0,12,12,2934,8710
reference_NY46__paper_roles,2019-02-14 10:00:00,6.76124895836,79.1122932527,0,0,0,12,12,1192,5585
reference_NY46__paper_roles,2019-02-14 11:00:00,7.08603046228,88.4607567531,0,0,0,12,12,1393,5893
reference_NY46__paper_roles,2019-02-14 12:00:00,9.03583835607,123.095549393,0,0,0,12,12,2996,6678
reference_NY46__paper_roles,2019-02-14 13:00:00,11.3589627746,1422.5875468,0,0,0,12,12,4919,8566
reference_NY46__paper_roles,2019-02-14 14:00:00,10.9392050801,1741.34513447,0,0,0,12,12,4592,8591
reference_NY46__paper_roles,2019-02-14 15:00:00,8.31819685195,346.013079839,0,0,0,12,12,2363,8051
reference_NY46__paper_roles,2019-02-14 16:00:00,9.51931244683,165.595835489,0,0,0,12,12,3429,7221
reference_NY46__paper_roles,2019-02-14 17:00:00,7.60755275497,39.9316412187,0,0,0,12,12,1801,3423
reference_NY46__paper_roles,2019-02-14 18:00:00,7.42461338835,24.7250027433,0,0,0,12,12,1644,1778
reference_NY46__paper_roles,2019-02-14 19:00:00,9.50979052754,56.8665901954,0,0,0,12,12,3423,4636
reference_NY46__paper_roles,2019-02-14 20:00:00,10.0898943682,100.538557159,0,0,0,12,12,3914,6239
reference_NY46__paper_roles,2019-02-14 21:00:00,8.87224963487,50.3015821111,0,0,0,12,12,2858,4216
reference_NY46__paper_roles,2019-02-14 22:00:00,8.25096705444,42.0264531035,0,0,0,12,12,2305,3585
reference_NY46__paper_roles,2019-02-14 23:00:00,14.0866130893,469.18030038,0,0,0,13,12,6567,8214
reference_NY46__paper_roles,2019-02-15 00:00:00,15.3995570928,253.734658648,0,0,0,12,12,7094,7770
reference_NY46__paper_roles,2019-02-15 01:00:00,13.6384900441,479.004925513,0,0,0,12,12,6334,8225
reference_NY46__paper_roles,2019-02-15 02:00:00,11.4001830592,223.076965115,0,0,0,12,12,4949,7617
reference_NY46__paper_roles,2019-02-15 03:00:00,16.3377686412,135.834155563,0,0,0,12,12,7429,6874
reference_NY46__paper_roles,2019-02-15 04:00:00,20.3551216623,387.35667845,0,0,0,12,12,8220,8121
reference_NY46__paper_roles,2019-02-15 05:00:00,21.1807692481,2349.66673758,0,0,0,12,12,8325,8645
reference_NY46__paper_roles,2019-02-15 06:00:00,17.0301266859,9944.27615706,0,0,0,12,12,7628,8736
reference_NY46__paper_roles,2019-02-15 07:00:00,12.3292388367,150.089992152,0,0,0,12,12,5591,7050
reference_NY46__paper_roles,2019-02-15 08:00:00,7.4553823324,53.5678380141,0,0,0,12,12,1671,4440
reference_NY46__paper_roles,2019-02-15 09:00:00,6.32195729039,36.8050252873,0,0,0,12,12,912,3122
reference_NY46__paper_roles,2019-02-15 10:00:00,8.18171485118,64.5099192906,0,0,0,12,12,2247,5011
reference_NY46__paper_roles,2019-02-15 11:00:00,9.07239863748,101.287289286,0,0,0,12,12,3019,6259
reference_NY46__paper_roles,2019-02-15 12:00:00,8.14693429174,100.116978953,0,0,0,12,12,2214,6229
reference_NY46__paper_roles,2019-02-15 13:00:00,8.87369589271,128.04944599,0,0,0,12,12,2862,6763
reference_NY46__paper_roles,2019-02-15 14:00:00,11.4507835352,145.941709111,0,0,0,12,12,4984,7000
reference_NY46__paper_roles,2019-02-15 15:00:00,12.8350600555,172.782043483,0,0,0,12,12,5884,7289
reference_NY46__paper_roles,2019-02-15 16:00:00,10.9644176823,149.612508128,0,0,0,12,12,4615,7043
reference_NY46__paper_roles,2019-02-15 17:00:00,9.59520551897,82.5798349513,0,0,0,11,11,3495,5708
reference_NY46__paper_roles,2019-02-15 18:00:00,9.22029711022,53.0389415135,0,0,0,12,12,3158,4399
reference_NY46__paper_roles,2019-02-15 19:00:00,9.11559135233,72.8197502037,0,0,0,12,12,3057,5346
reference_NY46__paper_roles,2019-02-15 20:00:00,8.51030448749,65.7844994725,0,0,0,12,12,2526,5071
reference_NY46__paper_roles,2019-02-15 21:00:00,11.8597871575,152.476513423,0,0,0,12,12,5280,7078
reference_NY46__paper_roles,2019-02-15 22:00:00,19.822058358,167.152478875,0,0,0,12,12,8148,7240
reference_NY46__paper_roles,2019-02-15 23:00:00,19.1797693912,301.595551501,0,0,0,13,13,8047,7929
reference_NY46__paper_roles,2019-02-16 00:00:00,14.4859643591,91.4580559786,0,0,0,12,12,6752,5982
reference_NY46__paper_roles,2019-02-16 01:00:00,19.6748249938,190.323785428,0,0,0,12,12,8125,7413
reference_NY46__paper_roles,2019-02-16 02:00:00,17.1675044994,99.8429277923,0,0,0,12,12,7667,6221
reference_NY46__paper_roles,2019-02-16 03:00:00,18.2069365078,74.0290725087,0,0,0,12,12,7896,5407
reference_NY46__paper_roles,2019-02-16 04:00:00,18.8750199845,81.9045315213,0,0,0,12,12,7994,5694
reference_NY46__paper_roles,2019-02-16 05:00:00,16.8802510136,132.431314285,0,0,0,12,12,7585,6826
reference_NY46__paper_roles,2019-02-16 06:00:00,14.1463700974,110.896169113,0,0,0,12,12,6591,6447
reference_NY46__paper_roles,2019-02-16 07:00:00,13.3669586681,136.562883222,0,0,0,12,12,6171,6878
reference_NY46__paper_roles,2019-02-16 08:00:00,6.95885740525,39.5305025278,0,0,0,12,12,1314,3382
reference_NY46__paper_roles,2019-02-16 09:00:00,7.9529917501,47.3167246393,0,0,0,12,12,2054,3988
reference_NY46__paper_roles,2019-02-16 10:00:00,7.72727477862,115.174156618,0,0,0,12,12,1895,6524
reference_NY46__paper_roles,2019-02-16 11:00:00,8.33370731479,203.198559841,0,0,0,12,12,2378,7507
reference_NY46__paper_roles,2019-02-16 12:00:00,8.10162671011,171.201572479,0,0,0,12,12,2187,7275
reference_NY46__paper_roles,2019-02-16 13:00:00,7.56223324953,109.814647042,0,0,0,12,12,1767,6429
reference_NY46__paper_roles,2019-02-16 14:00:00,7.88135203795,127.82158881,0,0,0,12,12,2000,6761
reference_NY46__paper_roles,2019-02-16 15:00:00,9.92868144604,154.275966195,0,0,0,12,12,3787,7104
reference_NY46__paper_roles,2019-02-16 16:00:00,9.25061404632,68.0180437194,0,0,0,12,12,3187,5171
reference_NY46__paper_roles,2019-02-16 17:00:00,8.01487783917,13.1449322822,0,0,0,12,12,2109,307
reference_NY46__paper_roles,2019-02-16 18:00:00,8.75803682858,13.6098453928,0,0,0,12,12,2746,356
reference_NY46__paper_roles,2019-02-16 19:00:00,11.7642686273,62.0243368115,0,0,0,12,12,5208,4897
reference_NY46__paper_roles,2019-02-16 20:00:00,10.5762458142,52.8616308137,0,0,0,12,12,4313,4383
reference_NY46__paper_roles,2019-02-16 21:00:00,10.3738175116,59.6621814818,0,0,0,12,12,4137,4777
reference_NY46__paper_roles,2019-02-16 22:00:00,10.535935506,126.789787757,0,0,0,12,12,4281,6746
reference_NY46__paper_roles,2019-02-16 23:00:00,13.8619229771,495.630206014,1,0,0,12,12,6454,8247
reference_NY46__paper_roles,2019-02-17 00:00:00,16.0767884887,118.465392755,1,0,0,12,12,7347,6577
reference_NY46__paper_roles,2019-02-17 01:00:00,9.62150075166,175.897297689,0,0,0,12,12,3529,7316
reference_NY46__paper_roles,2019-02-17 02:00:00,9.37931461395,137.045852518,0,0,0,12,12,3286,6888
reference_NY46__paper_roles,2019-02-17 03:00:00,9.20963237553,150.783008675,0,0,0,12,12,3149,7060
reference_NY46__paper_roles,2019-02-17 04:00:00,16.9603101698,104.107283725,1,0,0,12,12,7607,6331
reference_NY46__paper_roles,2019-02-17 05:00:00,11.8024476472,27.3502472233,0,0,0,12,12,5232,2118
reference_NY46__paper_roles,2019-02-17 06:00:00,9.12348712457,16.9725289502,0,0,0,12,12,3065,721
reference_NY46__paper_roles,2019-02-17 07:00:00,9.49081841067,22.7734734323,0,0,0,12,12,3396,1515
reference_NY46__paper_roles,2019-02-17 08:00:00,4.88288566186,33.4837672647,0,0,0,12,12,333,2799
reference_NY46__paper_roles,2019-02-17 09:00:00,7.19977775393,106.102678708,0,0,0,12,12,1471,6367
reference_NY46__paper_roles,2019-02-17 10:00:00,10.726561832,167.009609183,0,0,0,12,12,4422,7238
reference_NY46__paper_roles,2019-02-17 11:00:00,11.1070919021,128.899212102,0,0,0,12,12,4717,6777
reference_NY46__paper_roles,2019-02-17 12:00:00,12.7475588876,135.460020959,0,0,0,12,12,5834,6867
reference_NY46__paper_roles,2019-02-17 13:00:00,13.5240620778,95.9312920154,0,0,0,13,12,6272,6130
reference_NY46__paper_roles,2019-02-17 14:00:00,9.96068975581,63.4758127785,0,0,0,12,12,3811,4964
reference_NY46__paper_roles,2019-02-17 15:00:00,8.4617577122,78.5690576045,0,0,0,12,12,2490,5567
reference_NY46__paper_roles,2019-02-17 16:00:00,8.46599149538,65.5758140622,0,0,0,12,12,2492,5062
reference_NY46__paper_roles,2019-02-17 17:00:00,6.14743526855,9.22149493288,0,0,0,12,12,817,83
reference_NY46__paper_roles,2019-02-17 18:00:00,7.33227657555,29.2117781385,0,0,0,12,12,1561,2339
reference_NY46__paper_roles,2019-02-17 19:00:00,8.16623337662,14.5439911046,0,0,0,12,12,2235,448
reference_NY46__paper_roles,2019-02-17 20:00:00,11.6615463566,93.9986558645,0,0,0,12,12,5131,6066
reference_NY46__paper_roles,2019-02-17 21:00:00,9.88199963524,51.6898380666,0,0,0,12,12,3747,4313
reference_NY46__paper_roles,2019-02-17 22:00:00,15.6435885043,100.504543037,0,0,0,12,12,7187,6237
reference_NY46__paper_roles,2019-02-17 23:00:00,15.7594565834,1403.96635558,0,0,0,12,12,7242,8560
reference_NY46__paper_roles,2019-02-18 00:00:00,24.5870651411,139.187556817,1,0,0,12,12,8564,6917
reference_NY46__paper_roles,2019-02-18 01:00:00,19.6798990895,184.050490465,1,0,0,12,12,8127,7372
reference_NY46__paper_roles,2019-02-18 02:00:00,15.3721806781,818.255008299,1,0,0,12,12,7082,8439
reference_NY46__paper_roles,2019-02-18 03:00:00,20.317615298,572.621397458,1,0,0,12,12,8217,8318
reference_NY46__paper_roles,2019-02-18 04:00:00,17.8390824811,763.673917213,0,0,0,12,12,7813,8424
reference_NY46__paper_roles,2019-02-18 05:00:00,20.8381217412,529.279241649,1,0,0,12,12,8283,8282
reference_NY46__paper_roles,2019-02-18 06:00:00,21.0037005253,257.691612697,1,0,0,12,12,8304,7786
reference_NY46__paper_roles,2019-02-18 07:00:00,23.1130204464,529.319820675,0,0,0,12,12,8479,8283
reference_NY46__paper_roles,2019-02-18 08:00:00,13.5748657563,6188.31448478,0,0,0,12,12,6303,8722
reference_NY46__paper_roles,2019-02-18 09:00:00,12.341221551,247.153334244,0,0,0,12,12,5599,7744
reference_NY46__paper_roles,2019-02-18 10:00:00,13.0882633212,121.485088867,0,0,0,12,12,6027,6647
reference_NY46__paper_roles,2019-02-18 11:00:00,10.7546231711,51.1576713974,0,0,0,12,12,4446,4273
reference_NY46__paper_roles,2019-02-18 12:00:00,10.2347490917,39.1971602538,0,0,0,12,12,4031,3353
reference_NY46__paper_roles,2019-02-18 13:00:00,9.42609206743,22.6720370311,0,0,0,12,12,3328,1503
reference_NY46__paper_roles,2019-02-18 14:00:00,8.38913812978,16.9170701459,0,0,0,12,12,2425,712
reference_NY46__paper_roles,2019-02-18 15:00:00,8.53076736146,20.8230954556,0,0,0,12,12,2544,1248
reference_NY46__paper_roles,2019-02-18 16:00:00,6.32431416044,14.0590742145,0,0,0,12,12,914,396
reference_NY46__paper_roles,2019-02-18 17:00:00,7.88419646828,17.5686733007,0,0,0,12,12,2002,794
reference_NY46__paper_roles,2019-02-18 18:00:00,7.9995237187,15.6514728206,0,0,0,12,12,2095,554
reference_NY46__paper_roles,2019-02-18 19:00:00,7.10794679001,12.9980939335,0,0,0,12,12,1412,294
reference_NY46__paper_roles,2019-02-18 20:00:00,6.74120755788,10.6782635554,0,0,0,12,12,1177,145
reference_NY46__paper_roles,2019-02-18 21:00:00,7.8870736465,21.8932905221,0,0,0,12,12,2004,1394
reference_NY46__paper_roles,2019-02-18 22:00:00,9.14274422199,25.3312868009,0,0,0,12,12,3081,1857
reference_NY46__paper_roles,2019-02-18 23:00:00,11.3985859178,71.1419985575,0,0,0,12,12,4948,5290
reference_NY46__paper_roles,2019-02-19 00:00:00,15.7421053538,39.6528368018,0,0,0,12,12,7232,3392
reference_NY46__paper_roles,2019-02-19 01:00:00,10.2995084417,25.4379334559,0,0,0,12,12,4073,1873
reference_NY46__paper_roles,2019-02-19 02:00:00,9.23591651003,24.8497943471,0,0,0,12,12,3169,1796
reference_NY46__paper_roles,2019-02-19 03:00:00,9.80205474996,29.2403776094,0,0,0,12,12,3669,2345
reference_NY46__paper_roles,2019-02-19 04:00:00,15.7373888632,41.1124885976,0,0,0,12,12,7227,3529
reference_NY46__paper_roles,2019-02-19 05:00:00,12.1417849569,22.7291213141,0,0,0,12,12,5482,1510
reference_NY46__paper_roles,2019-02-19 06:00:00,9.07434701766,24.5729186125,0,0,0,12,12,3022,1760
reference_NY46__paper_roles,2019-02-19 07:00:00,15.7617004682,343.473215596,0,0,0,12,12,7243,8044
reference_NY46__paper_roles,2019-02-19 08:00:00,9.70165917179,161.43576544,0,0,0,12,12,3591,7181
reference_NY46__paper_roles,2019-02-19 09:00:00,5.10408641974,6.90456577072,0,0,0,12,12,406,16
reference_NY46__paper_roles,2019-02-19 10:00:00,6.15836034325,16.6307601999,0,0,0,12,12,822,673
reference_NY46__paper_roles,2019-02-19 11:00:00,4.58048425907,9.49410923648,0,0,0,12,12,243,97
reference_NY46__paper_roles,2019-02-19 12:00:00,7.60488175165,61.6578754963,0,0,0,12,12,1795,4874
reference_NY46__paper_roles,2019-02-19 13:00:00,8.01107339688,56.8917652828,0,0,0,12,12,2105,4637
reference_NY46__paper_roles,2019-02-19 14:00:00,9.82765665763,84.8033346181,0,0,0,12,12,3695,5790
reference_NY46__paper_roles,2019-02-19 15:00:00,5.9099460572,22.1888456261,0,0,0,12,12,714,1440
reference_NY46__paper_roles,2019-02-19 16:00:00,4.0811974221,6.96952718788,0,0,0,12,12,144,20
reference_NY46__paper_roles,2019-02-19 17:00:00,5.30629438929,14.7135052052,0,0,0,12,12,473,462
reference_NY46__paper_roles,2019-02-19 18:00:00,5.94481344636,15.1895405236,0,0,0,12,12,724,508
reference_NY46__paper_roles,2019-02-19 19:00:00,6.27028914133,46.6625352983,0,0,0,12,12,885,3944
reference_NY46__paper_roles,2019-02-19 20:00:00,3.6509037745,9.01364598833,0,0,0,12,12,84,76
reference_NY46__paper_roles,2019-02-19 21:00:00,4.98973729743,11.5625810389,0,0,0,12,12,357,195
reference_NY46__paper_roles,2019-02-19 22:00:00,8.00191053285,27.9082160842,0,0,0,12,12,2098,2178
reference_NY46__paper_roles,2019-02-19 23:00:00,9.60783987524,63.6543787303,0,0,0,12,12,3513,4972
reference_NY46__paper_roles,2019-02-20 00:00:00,14.0283801842,36.5734705853,0,0,0,12,12,6535,3104
reference_NY46__paper_roles,2019-02-20 01:00:00,10.5305627881,48.4627954674,0,0,0,12,12,4274,4075
reference_NY46__paper_roles,2019-02-20 02:00:00,10.1312882787,37.5106482282,0,0,0,12,12,3947,3184
reference_NY46__paper_roles,2019-02-20 03:00:00,9.88956141604,68.2211429788,0,0,0,12,12,3751,5177
reference_NY46__paper_roles,2019-02-20 04:00:00,15.2129488592,95.4877931556,0,0,0,12,12,7015,6110
reference_NY46__paper_roles,2019-02-20 05:00:00,15.1338319883,430.087920563,0,0,0,12,12,6991,8168
reference_NY46__paper_roles,2019-02-20 06:00:00,7.52498728772,12.1922125188,0,0,0,12,12,1733,221
reference_NY46__paper_roles,2019-02-20 07:00:00,9.73947561021,21.6360268572,0,0,0,12,12,3620,1357
reference_NY46__paper_roles,2019-02-20 08:00:00,8.29395578753,18.6246610908,0,0,0,12,12,2333,916
reference_NY46__paper_roles,2019-02-20 09:00:00,5.67425911593,12.704940214,0,0,0,12,12,611,267
reference_NY46__paper_roles,2019-02-20 10:00:00,8.88614393494,20.24399462,0,0,0,12,12,2884,1164
reference_NY46__paper_roles,2019-02-20 11:00:00,8.16043556183,16.4568936247,0,0,0,12,12,2227,655
reference_NY46__paper_roles,2019-02-20 12:00:00,9.28765975477,19.0237218841,0,0,0,12,12,3216,988
reference_NY46__paper_roles,2019-02-20 13:00:00,8.149404358,22.7442253892,0,0,0,12,12,2215,1512
reference_NY46__paper_roles,2019-02-20 14:00:00,6.94600165595,28.3091515233,0,0,0,12,12,1299,2226
reference_NY46__paper_roles,2019-02-20 15:00:00,7.62859522636,32.2310843852,0,0,0,12,12,1816,2671
reference_NY46__paper_roles,2019-02-20 16:00:00,6.42552411374,19.2862556922,0,0,0,12,12,987,1031
reference_NY46__paper_roles,2019-02-20 17:00:00,8.76415791074,23.7630136317,0,0,0,12,12,2752,1647
reference_NY46__paper_roles,2019-02-20 18:00:00,9.98505363218,25.0925689356,0,0,0,12,12,3827,1822
reference_NY46__paper_roles,2019-02-20 19:00:00,10.8576103474,58.4094819023,0,0,0,12,12,4533,4711
reference_NY46__paper_roles,2019-02-20 20:00:00,10.7151783237,60.5991493074,0,0,0,12,12,4414,4817
reference_NY46__paper_roles,2019-02-20 21:00:00,8.84702968556,26.5013722211,0,0,0,12,12,2832,2018
reference_NY46__paper_roles,2019-02-20 22:00:00,20.7280883203,34.1192518254,0,0,0,12,12,8274,2866
reference_NY46__paper_roles,2019-02-20 23:00:00,14.0655364386,30.310498539,0,0,0,12,12,6555,2457
reference_NY46__paper_roles,2019-02-21 00:00:00,22.4052946452,85.151181364,0,0,0,12,12,8439,5801
reference_NY46__paper_roles,2019-02-21 01:00:00,15.5368307406,29.66633052,0,0,0,12,12,7146,2392
reference_NY46__paper_roles,2019-02-21 02:00:00,21.4233961879,85.7822041883,0,0,0,12,12,8349,5828
reference_NY46__paper_roles,2019-02-21 03:00:00,17.8019637613,72.1406179424,0,0,0,12,12,7802,5329
reference_NY46__paper_roles,2019-02-21 04:00:00,23.9681285718,99.5324516182,0,0,0,13,13,8533,6212
reference_NY46__paper_roles,2019-02-21 05:00:00,17.5631955397,87.338378744,0,0,0,12,12,7748,5862
reference_NY46__paper_roles,2019-02-21 06:00:00,10.8065047417,47.9975284905,0,0,0,12,12,4489,4044
reference_NY46__paper_roles,2019-02-21 07:00:00,13.5525832768,130.940259131,0,0,0,12,12,6294,6805
reference_NY46__paper_roles,2019-02-21 08:00:00,17.3036043387,84.7675414984,0,0,0,11,11,7694,5788
reference_NY46__paper_roles,2019-02-21 09:00:00,6.65524555867,14.3993995654,0,0,0,12,12,1125,429
reference_NY46__paper_roles,2019-02-21 10:00:00,6.16198677856,12.4802811853,0,0,0,12,12,824,245
reference_NY46__paper_roles,2019-02-21 11:00:00,5.32458561311,29.7899827633,0,0,0,12,12,479,2404
reference_NY46__paper_roles,2019-02-21 12:00:00,3.11987635498,15.1025129917,0,0,0,12,12,31,497
reference_NY46__paper_roles,2019-02-21 13:00:00,6.19630269382,40.7049827662,0,0,0,12,12,838,3488
reference_NY46__paper_roles,2019-02-21 14:00:00,7.53514009719,48.4428158576,0,0,0,12,12,1742,4073
reference_NY46__paper_roles,2019-02-21 15:00:00,5.14847707542,28.281100499,0,0,0,12,12,425,2221
reference_NY46__paper_roles,2019-02-21 16:00:00,2.36019114709,14.0700843861,0,0,0,12,12,6,397
reference_NY46__paper_roles,2019-02-21 17:00:00,2.61753202387,12.2164019411,0,0,0,12,12,13,223
reference_NY46__paper_roles,2019-02-21 18:00:00,3.80415935648,23.1169563013,0,0,0,12,12,103,1557
reference_NY46__paper_roles,2019-02-21 19:00:00,3.25352004934,7.12347477912,0,0,0,12,12,42,24
reference_NY46__paper_roles,2019-02-21 20:00:00,3.28144166993,6.211106485,0,0,0,12,12,43,6
reference_NY46__paper_roles,2019-02-21 21:00:00,6.1380672059,42.8268446763,0,0,0,12,12,813,3643
reference_NY46__paper_roles,2019-02-21 22:00:00,11.7385104965,87.2243444841,0,0,0,11,11,5183,5858
reference_NY46__paper_roles,2019-02-21 23:00:00,22.5511746269,67.3493316906,0,0,0,12,12,8449,5137
reference_NY46__paper_roles,2019-02-22 00:00:00,9.42105667485,14.1879025421,0,0,0,12,12,3323,408
reference_NY46__paper_roles,2019-02-22 01:00:00,11.5447867457,23.9456026782,0,0,0,12,12,5042,1678
reference_NY46__paper_roles,2019-02-22 02:00:00,13.6544966274,27.6574386673,0,0,0,12,12,6347,2152
reference_NY46__paper_roles,2019-02-22 03:00:00,18.3658039324,48.5429179561,0,0,0,12,12,7912,4092
reference_NY46__paper_roles,2019-02-22 04:00:00,13.90859297,36.3198355658,0,0,0,12,12,6479,3074
reference_NY46__paper_roles,2019-02-22 05:00:00,11.3713988733,26.2224639684,0,0,0,12,12,4931,1986
reference_NY46__paper_roles,2019-02-22 06:00:00,13.0571359572,28.1618561974,0,0,0,12,12,6013,2204
reference_NY46__paper_roles,2019-02-22 07:00:00,10.8262624174,21.8898717917,0,0,0,12,12,4504,1392
reference_NY46__paper_roles,2019-02-22 08:00:00,6.58863230244,11.2985643475,0,0,0,12,12,1080,182
reference_NY46__paper_roles,2019-02-22 09:00:00,7.92352496961,15.4530527883,0,0,0,12,12,2027,532
reference_NY46__paper_roles,2019-02-22 10:00:00,7.7152513535,27.5954174456,0,0,0,13,13,1882,2144
reference_NY46__paper_roles,2019-02-22 11:00:00,9.05152324446,61.4733218866,0,0,0,12,12,3004,4863
reference_NY46__paper_roles,2019-02-22 12:00:00,6.95200230438,32.6417067368,0,0,0,12,12,1305,2709
reference_NY46__paper_roles,2019-02-22 13:00:00,7.25572878423,32.2873169394,0,0,0,12,12,1503,2677
reference_NY46__paper_roles,2019-02-22 14:00:00,7.31463463397,29.4951188535,0,0,0,12,12,1549,2376
reference_NY46__paper_roles,2019-02-22 15:00:00,6.06945242329,20.4458161931,0,0,0,12,12,782,1192
reference_NY46__paper_roles,2019-02-22 16:00:00,5.5305738226,14.6597377575,0,0,0,12,12,549,456
reference_NY46__paper_roles,2019-02-22 17:00:00,6.29610283557,13.3985852411,0,0,0,12,12,899,336
reference_NY46__paper_roles,2019-02-22 18:00:00,7.40468633383,25.2598674833,0,0,0,12,12,1625,1847
reference_NY46__paper_roles,2019-02-22 19:00:00,10.5096743079,36.9246062184,0,0,0,12,12,4250,3139
reference_NY46__paper_roles,2019-02-22 20:00:00,9.3830956523,39.2519928918,0,0,0,12,12,3294,3358
reference_NY46__paper_roles,2019-02-22 21:00:00,9.94720247321,60.7198370388,0,0,0,12,12,3797,4828
reference_NY46__paper_roles,2019-02-22 22:00:00,10.1112877697,48.864994793,0,0,0,12,12,3933,4115
reference_NY46__paper_roles,2019-02-22 23:00:00,8.37557695086,18.5112598417,0,0,0,12,12,2411,904
reference_NY46__paper_roles,2019-02-23 00:00:00,17.1977830857,34.037777417,0,0,0,12,12,7673,2857
reference_NY46__paper_roles,2019-02-23 01:00:00,10.7192561161,33.2644102525,0,0,0,12,12,4417,2773
reference_NY46__paper_roles,2019-02-23 02:00:00,11.3321552005,38.6048053004,0,0,0,12,12,4895,3295
reference_NY46__paper_roles,2019-02-23 03:00:00,11.1823652108,51.9828717381,0,0,0,12,12,4783,4331
reference_NY46__paper_roles,2019-02-23 04:00:00,15.545771053,32.1714888643,0,0,0,12,12,7151,2664
reference_NY46__paper_roles,2019-02-23 05:00:00,18.105939749,42.624652659,0,0,0,12,12,7877,3625
reference_NY46__paper_roles,2019-02-23 06:00:00,14.9101561343,119.787129303,0,0,0,12,12,6909,6597
reference_NY46__paper_roles,2019-02-23 07:00:00,12.8875086525,152.041009994,0,0,0,12,12,5915,7070
reference_NY46__paper_roles,2019-02-23 08:00:00,11.0570272541,96.3257935729,0,0,0,12,12,4682,6141
reference_NY46__paper_roles,2019-02-23 09:00:00,10.4535883328,59.2761216664,0,0,0,12,12,4209,4760
reference_NY46__paper_roles,2019-02-23 10:00:00,11.7085263522,86.7894880272,0,0,0,12,12,5161,5852
reference_NY46__paper_roles,2019-02-23 11:00:00,9.00717229146,78.3733266441,0,0,0,12,12,2975,5561
reference_NY46__paper_roles,2019-02-23 12:00:00,8.74708264687,47.3558103556,0,0,0,12,12,2733,3993
reference_NY46__paper_roles,2019-02-23 13:00:00,7.33819251457,28.759391204,0,0,0,12,12,1568,2288
reference_NY46__paper_roles,2019-02-23 14:00:00,8.27556649086,33.289660267,0,0,0,12,12,2320,2775
reference_NY46__paper_roles,2019-02-23 15:00:00,8.82027700956,32.1063379723,0,0,0,12,12,2808,2653
reference_NY46__paper_roles,2019-02-23 16:00:00,7.34565855093,22.8445564141,0,0,0,12,12,1570,1523
reference_NY46__paper_roles,2019-02-23 17:00:00,9.09431265133,34.0718428804,0,0,0,12,12,3039,2859
reference_NY46__paper_roles,2019-02-23 18:00:00,5.94834779588,11.8668890762,0,0,0,12,12,726,207
reference_NY46__paper_roles,2019-02-23 19:00:00,10.2074458101,67.3986958351,0,0,0,11,11,4008,5140
reference_NY46__paper_roles,2019-02-23 20:00:00,8.02587030387,50.0907698857,0,0,0,12,12,2118,4203
reference_NY46__paper_roles,2019-02-23 21:00:00,13.0797607224,39.2018444906,0,0,0,12,12,6024,3354
reference_NY46__paper_roles,2019-02-23 22:00:00,9.19979710706,13.9471437067,0,0,0,12,12,3135,379
reference_NY46__paper_roles,2019-02-23 23:00:00,12.8453434854,19.7100473475,0,0,0,12,12,5890,1099
reference_NY46__paper_roles,2019-02-24 00:00:00,13.536774547,29.9820520641,0,0,0,12,12,6281,2431
reference_NY46__paper_roles,2019-02-24 01:00:00,14.6915697925,30.3315781947,0,0,0,12,12,6823,2458
reference_NY46__paper_roles,2019-02-24 02:00:00,14.0231447029,46.1898360043,0,0,0,12,12,6534,3907
reference_NY46__paper_roles,2019-02-24 03:00:00,15.9376972209,43.6309250596,0,0,0,12,12,7303,3706
reference_NY46__paper_roles,2019-02-24 04:00:00,16.2581860098,48.8417766525,0,0,0,12,12,7408,4112
reference_NY46__paper_roles,2019-02-24 05:00:00,17.0552294314,67.9935119259,0,0,0,12,12,7635,5169
reference_NY46__paper_roles,2019-02-24 06:00:00,14.1003566503,48.3814138302,0,0,0,12,12,6573,4071
reference_NY46__paper_roles,2019-02-24 07:00:00,9.90310305664,45.947481371,0,0,0,12,12,3764,3892
reference_NY46__paper_roles,2019-02-24 08:00:00,8.65928234702,29.2629958818,0,0,0,12,12,2651,2348
reference_NY46__paper_roles,2019-02-24 09:00:00,6.41726728404,16.1646589909,0,0,0,12,12,982,623
reference_NY46__paper_roles,2019-02-24 10:00:00,5.86411090131,9.6563219741,0,0,0,12,12,691,102
reference_NY46__paper_roles,2019-02-24 11:00:00,8.18308827557,13.4140865149,0,0,0,12,12,2248,340
reference_NY46__paper_roles,2019-02-24 12:00:00,9.0404799114,25.0916788748,0,0,0,12,12,2997,1821
reference_NY46__paper_roles,2019-02-24 13:00:00,7.97529175763,19.4929142599,0,0,0,13,13,2074,1067
reference_NY46__paper_roles,2019-02-24 14:00:00,4.16937021537,14.2032761155,0,0,0,12,12,158,410
reference_NY46__paper_roles,2019-02-24 15:00:00,6.40897241227,17.0092284743,0,0,0,12,12,979,725
reference_NY46__paper_roles,2019-02-24 16:00:00,9.67277407985,30.8530061482,0,0,0,12,12,3570,2523
reference_NY46__paper_roles,2019-02-24 17:00:00,7.46547474895,13.8855302992,0,0,0,12,12,1682,374
reference_NY46__paper_roles,2019-02-24 18:00:00,7.79336364698,24.1113402829,0,0,0,13,12,1932,1696
reference_NY46__paper_roles,2019-02-24 19:00:00,8.33444775494,29.7646535322,0,0,0,12,12,2379,2401
reference_NY46__paper_roles,2019-02-24 20:00:00,11.046612504,39.2886210265,0,0,0,12,12,4674,3361
reference_NY46__paper_roles,2019-02-24 21:00:00,11.7187977238,51.6336500705,0,0,0,12,12,5171,4308
reference_NY46__paper_roles,2019-02-24 22:00:00,9.40881291716,26.7705588275,0,0,0,12,12,3317,2044
reference_NY46__paper_roles,2019-02-24 23:00:00,4.61080674589,9.83183116307,0,0,0,12,12,251,109
reference_NY46__paper_roles,2019-02-25 00:00:00,8.85735513754,28.8829245623,0,0,0,12,12,2847,2298
reference_NY46__paper_roles,2019-02-25 01:00:00,12.0052016958,61.8520922109,0,0,0,12,12,5400,4884
reference_NY46__paper_roles,2019-02-25 02:00:00,13.5970660688,71.6124622,0,0,0,12,12,6318,5310
reference_NY46__paper_roles,2019-02-25 03:00:00,14.3772929147,77.8392065547,0,0,0,12,12,6695,5542
reference_NY46__paper_roles,2019-02-25 04:00:00,16.3368968493,79.3339359261,0,0,0,12,12,7428,5595
reference_NY46__paper_roles,2019-02-25 05:00:00,15.3217523129,46.4801451616,0,0,0,12,12,7059,3931
reference_NY46__paper_roles,2019-02-25 06:00:00,10.5109441115,22.2961270444,0,0,0,12,12,4252,1451
reference_NY46__paper_roles,2019-02-25 07:00:00,11.0008309492,32.1563041399,0,0,0,12,12,4646,2662
reference_NY46__paper_roles,2019-02-25 08:00:00,10.7066381962,51.4475055299,0,0,0,12,12,4409,4297
reference_NY46__paper_roles,2019-02-25 09:00:00,14.4172712095,162.713849914,0,0,0,12,12,6716,7191
reference_NY46__paper_roles,2019-02-25 10:00:00,12.7167843681,293.466867913,0,0,0,12,12,5813,7909
reference_NY46__paper_roles,2019-02-25 11:00:00,7.59669402249,60.1135226338,0,0,0,12,12,1790,4800
reference_NY46__paper_roles,2019-02-25 12:00:00,12.5693417406,128.397685259,0,0,0,12,12,5737,6772
reference_NY46__paper_roles,2019-02-25 13:00:00,14.0860044295,189.284429739,0,0,0,12,12,6566,7406
reference_NY46__paper_roles,2019-02-25 14:00:00,13.3304890885,99.3673135759,0,0,0,12,12,6152,6207
reference_NY46__paper_roles,2019-02-25 15:00:00,16.1776247646,186.520945657,0,0,0,12,12,7381,7390
reference_NY46__paper_roles,2019-02-25 16:00:00,12.6098536318,111.582977345,0,0,0,12,12,5758,6461
reference_NY46__paper_roles,2019-02-25 17:00:00,8.79935126493,55.660831299,0,0,0,12,12,2785,4565
reference_NY46__paper_roles,2019-02-25 18:00:00,10.1921804686,107.190002605,0,0,0,12,12,4001,6383
reference_NY46__paper_roles,2019-02-25 19:00:00,11.2244364954,221.249352059,0,0,0,12,12,4819,7609
reference_NY46__paper_roles,2019-02-25 20:00:00,8.42684154838,307.558859965,0,0,0,12,12,2457,7952
reference_NY46__paper_roles,2019-02-25 21:00:00,8.1137799404,142.713249227,0,0,0,12,12,2199,6964
reference_NY46__paper_roles,2019-02-25 22:00:00,18.6116440266,63.3601976583,0,0,0,12,12,7952,4960
reference_NY46__paper_roles,2019-02-25 23:00:00,13.449984598,95.0497945834,0,0,0,13,13,6220,6100
reference_NY46__paper_roles,2019-02-26 00:00:00,16.165354505,239.550309865,0,0,0,12,12,7373,7707
reference_NY46__paper_roles,2019-02-26 01:00:00,12.784970885,48.6922967117,0,0,0,12,12,5851,4099
reference_NY46__paper_roles,2019-02-26 02:00:00,11.9066474663,58.3322335519,0,0,0,12,12,5324,4706
reference_NY46__paper_roles,2019-02-26 03:00:00,14.4915240417,65.1811441488,0,0,0,12,12,6755,5046
reference_NY46__paper_roles,2019-02-26 04:00:00,16.1803828049,104.889719623,1,0,0,12,12,7382,6345
reference_NY46__paper_roles,2019-02-26 05:00:00,18.4269219615,136.883657697,1,0,0,12,12,7927,6886
reference_NY46__paper_roles,2019-02-26 06:00:00,12.9547664589,40.1697586865,0,0,0,12,12,5954,3439
reference_NY46__paper_roles,2019-02-26 07:00:00,10.1768089132,18.1971739273,0,0,0,12,12,3987,865
reference_NY46__paper_roles,2019-02-26 08:00:00,8.45417232641,61.8703367834,0,0,0,12,12,2484,4887
reference_NY46__paper_roles,2019-02-26 09:00:00,11.15830771,157.408813564,0,0,0,13,13,4760,7137
reference_NY46__paper_roles,2019-02-26 10:00:00,12.816621452,922.796885128,1,0,0,12,12,5875,8474
reference_NY46__paper_roles,2019-02-26 11:00:00,15.9080462599,419.209199532,1,0,0,12,12,7293,8155
reference_NY46__paper_roles,2019-02-26 12:00:00,15.0330641201,245.268852527,1,0,0,12,12,6952,7733
reference_NY46__paper_roles,2019-02-26 13:00:00,12.9530556733,201.344258026,1,0,0,12,12,5951,7497
reference_NY46__paper_roles,2019-02-26 14:00:00,10.4120262373,325.16428368,1,0,0,12,12,4177,7996
reference_NY46__paper_roles,2019-02-26 15:00:00,11.0483919971,501.636833558,1,0,0,12,12,4676,8253
reference_NY46__paper_roles,2019-02-26 16:00:00,9.60492319747,860.567750549,1,0,0,12,12,3508,8456
reference_NY46__paper_roles,2019-02-26 17:00:00,7.86665008406,331.472365393,0,0,0,12,12,1988,8008
reference_NY46__paper_roles,2019-02-26 18:00:00,7.49020253426,132.338891635,0,0,0,12,12,1705,6824
reference_NY46__paper_roles,2019-02-26 19:00:00,5.75433331689,204.02615634,0,0,0,12,12,644,7513
reference_NY46__paper_roles,2019-02-26 20:00:00,6.20084795604,100.862855197,0,0,0,12,12,843,6250
reference_NY46__paper_roles,2019-02-26 21:00:00,4.01394360456,8.49725440749,0,0,0,12,12,131,61
reference_NY46__paper_roles,2019-02-26 22:00:00,8.40409703862,14.8160970882,0,0,0,12,12,2436,475
reference_NY46__paper_roles,2019-02-26 23:00:00,13.828488616,63.1854498539,0,0,0,12,12,6438,4951
reference_NY46__paper_roles,2019-02-27 00:00:00,11.5712833703,47.4104608066,0,0,0,12,12,5066,4002
reference_NY46__paper_roles,2019-02-27 01:00:00,14.4325409061,305.421994663,1,0,0,12,12,6725,7941
reference_NY46__paper_roles,2019-02-27 02:00:00,11.6069666586,110.31378556,1,0,0,12,12,5088,6436
reference_NY46__paper_roles,2019-02-27 03:00:00,14.1178673403,58.0791723287,0,0,0,12,12,6578,4695
reference_NY46__paper_roles,2019-02-27 04:00:00,16.0565946784,4450.43501399,1,0,0,12,12,7335,8703
reference_NY46__paper_roles,2019-02-27 05:00:00,17.0301594337,131.03787223,1,0,0,12,12,7629,6807
reference_NY46__paper_roles,2019-02-27 06:00:00,15.1296228334,32.7321146925,0,0,0,12,12,6988,2719
reference_NY46__paper_roles,2019-02-27 07:00:00,11.7585551816,25.9003411245,0,0,0,12,12,5202,1939
reference_NY46__paper_roles,2019-02-27 08:00:00,8.96787665451,24.4458775366,0,0,0,12,12,2953,1743
reference_NY46__paper_roles,2019-02-27 09:00:00,8.91711391657,31.5512723022,0,0,0,12,12,2907,2589
reference_NY46__paper_roles,2019-02-27 10:00:00,7.00527445183,12.8429681273,0,0,0,12,12,1342,284
reference_NY46__paper_roles,2019-02-27 11:00:00,6.94433569813,12.0341188474,0,0,0,12,12,1298,212
reference_NY46__paper_roles,2019-02-27 12:00:00,10.3822344713,29.7086926176,0,0,0,12,12,4144,2395
reference_NY46__paper_roles,2019-02-27 13:00:00,6.89618121496,14.0303944278,0,0,0,12,12,1263,388
reference_NY46__paper_roles,2019-02-27 14:00:00,7.18327379369,15.4860591985,0,0,0,12,12,1461,536
reference_NY46__paper_roles,2019-02-27 15:00:00,8.9030854702,14.9283350851,0,0,0,12,12,2897,485
reference_NY46__paper_roles,2019-02-27 16:00:00,9.2628770472,15.6549289934,0,0,0,12,12,3197,555
reference_NY46__paper_roles,2019-02-27 17:00:00,9.57465135548,28.819967432,0,0,0,12,12,3478,2292
reference_NY46__paper_roles,2019-02-27 18:00:00,11.8848644063,33.3978713113,0,0,0,12,12,5305,2788
reference_NY46__paper_roles,2019-02-27 19:00:00,10.5183094447,35.3506008104,0,0,0,12,12,4263,2978
reference_NY46__paper_roles,2019-02-27 20:00:00,8.44891899471,39.7266381228,0,0,0,12,12,2478,3399
reference_NY46__paper_roles,2019-02-27 21:00:00,6.99084613953,26.1563559319,0,0,0,12,12,1334,1974
reference_NY46__paper_roles,2019-02-27 22:00:00,14.1315579398,30.7757746917,0,0,0,12,12,6582,2511
reference_NY46__paper_roles,2019-02-27 23:00:00,16.7342289901,32.1071514428,0,0,0,12,12,7547,2654
reference_NY46__paper_roles,2019-02-28 00:00:00,14.6007254421,32.8076576149,0,0,0,12,12,6792,2731
reference_NY46__paper_roles,2019-02-28 01:00:00,14.4623133708,32.7990733311,0,0,0,12,12,6742,2730
reference_NY46__paper_roles,2019-02-28 02:00:00,15.4450593072,37.9982364201,0,0,0,12,12,7115,3237
reference_NY46__paper_roles,2019-02-28 03:00:00,13.7703751131,31.6459859595,0,0,0,12,12,6410,2599
reference_NY46__paper_roles,2019-02-28 04:00:00,14.5620611392,61.0115046433,0,0,0,12,12,6776,4844
reference_NY46__paper_roles,2019-02-28 05:00:00,16.0709623401,31.0310078784,0,0,0,12,12,7342,2538
reference_NY46__paper_roles,2019-02-28 06:00:00,13.3242206216,30.039269626,0,0,0,13,12,6145,2434
reference_NY46__paper_roles,2019-02-28 07:00:00,15.3960570387,48.5063868414,0,0,0,12,12,7093,4085
reference_NY46__paper_roles,2019-02-28 08:00:00,15.630578016,38.7330067178,0,0,0,12,12,7178,3305
reference_NY46__paper_roles,2019-02-28 09:00:00,14.7620871068,33.3013855519,0,0,0,12,12,6852,2778
reference_NY46__paper_roles,2019-02-28 10:00:00,8.74979288894,26.5324323674,0,0,0,12,12,2737,2026
reference_NY46__paper_roles,2019-02-28 11:00:00,11.3421248637,27.4080056072,0,0,0,12,12,4907,2123
reference_NY46__paper_roles,2019-02-28 12:00:00,10.062108549,21.0478891532,0,0,0,12,12,3895,1278
reference_NY46__paper_roles,2019-02-28 13:00:00,9.18094212155,20.1461763359,0,0,0,12,12,3118,1153
reference_NY46__paper_roles,2019-02-28 14:00:00,9.25090422832,22.8998861869,0,0,0,12,12,3188,1534
reference_NY46__paper_roles,2019-02-28 15:00:00,8.91449715494,20.2038973696,0,0,0,12,12,2905,1159
reference_NY46__paper_roles,2019-02-28 16:00:00,7.51306107643,19.6521683799,0,0,0,12,12,1724,1094
reference_NY46__paper_roles,2019-02-28 17:00:00,7.9439814962,23.4733195515,0,0,0,12,12,2043,1613
reference_NY46__paper_roles,2019-02-28 18:00:00,7.60624131088,22.5750765884,0,0,0,12,12,1799,1488
reference_NY46__paper_roles,2019-02-28 19:00:00,7.63049713329,25.4369573626,0,0,0,12,12,1818,1872
reference_NY46__paper_roles,2019-02-28 20:00:00,8.58351084117,22.4375607942,0,0,0,12,12,2597,1475
reference_NY46__paper_roles,2019-02-28 21:00:00,7.70687070525,21.2122468239,0,0,0,12,12,1879,1298
reference_NY46__paper_roles,2019-02-28 22:00:00,11.338261361,21.6578687687,0,0,0,12,12,4903,1360
reference_NY46__paper_roles,2019-02-28 23:00:00,12.5954717901,30.3083468625,0,0,0,12,12,5753,2456
reference_NY46__paper_roles,2019-03-01 00:00:00,14.6866673825,31.7177718291,0,0,0,12,12,6821,2602
reference_NY46__paper_roles,2019-03-01 01:00:00,11.8516280383,42.6922061586,0,0,0,12,12,5265,3630
reference_NY46__paper_roles,2019-03-01 02:00:00,16.975123394,54.0236345155,0,0,0,12,12,7616,4462
reference_NY46__paper_roles,2019-03-01 03:00:00,15.92101252,46.3414823296,0,0,0,12,12,7296,3915
reference_NY46__paper_roles,2019-03-01 04:00:00,15.4811355841,44.2476586797,0,0,0,12,12,7125,3753
reference_NY46__paper_roles,2019-03-01 05:00:00,12.8311296315,34.2507276045,0,0,0,12,12,5882,2879
reference_NY46__paper_roles,2019-03-01 06:00:00,11.0476668324,27.4490281221,0,0,0,12,12,4675,2128
reference_NY46__paper_roles,2019-03-01 07:00:00,8.20539765692,20.8109448485,0,0,0,12,12,2271,1244
reference_NY46__paper_roles,2019-03-01 08:00:00,5.8714299609,11.462446019,0,0,0,12,12,693,191
reference_NY46__paper_roles,2019-03-01 09:00:00,4.54326450077,10.5170934257,0,0,0,12,12,234,138
reference_NY46__paper_roles,2019-03-01 10:00:00,6.38408718668,23.7303109202,0,0,0,12,12,954,1642
reference_NY46__paper_roles,2019-03-01 11:00:00,8.31326049962,42.1027199977,0,0,0,12,12,2355,3589
reference_NY46__paper_roles,2019-03-01 12:00:00,4.93718667489,10.8318331544,0,0,0,12,12,346,152
reference_NY46__paper_roles,2019-03-01 13:00:00,10.944282022,18.9672550511,0,0,0,12,12,4594,978
reference_NY46__paper_roles,2019-03-01 14:00:00,10.6139052213,19.206878113,0,0,0,12,12,4344,1017
reference_NY46__paper_roles,2019-03-01 15:00:00,13.8588262432,24.4736254086,0,0,0,12,12,6451,1749
reference_NY46__paper_roles,2019-03-01 16:00:00,18.3392225892,29.5493476076,0,0,0,12,12,7910,2382
reference_NY46__paper_roles,2019-03-01 17:00:00,18.4138208118,29.9254127616,0,0,0,12,12,7925,2423
reference_NY46__paper_roles,2019-03-01 18:00:00,14.5853655407,21.7323189708,0,0,0,12,12,6783,1369
reference_NY46__paper_roles,2019-03-01 19:00:00,19.6100062763,32.1119518989,0,0,0,12,12,8115,2655
reference_NY46__paper_roles,2019-03-01 20:00:00,20.6049802027,33.4986140934,0,0,0,12,12,8252,2801
reference_NY46__paper_roles,2019-03-01 21:00:00,23.818761736,43.5156951791,0,0,0,12,12,8528,3700
reference_NY46__paper_roles,2019-03-01 22:00:00,29.5462654254,58.2188727874,0,0,0,13,12,8693,4698
reference_NY46__paper_roles,2019-03-01 23:00:00,36.7114718921,71.9773228993,0,0,0,12,12,8746,5322
reference_NY46__paper_roles,2019-03-02 00:00:00,20.3663150058,39.3964208412,0,0,0,12,12,8222,3373
reference_NY46__paper_roles,2019-03-02 01:00:00,19.1933806591,49.6338508985,0,0,0,12,12,8049,4176
reference_NY46__paper_roles,2019-03-02 02:00:00,17.6335045384,47.8666311346,0,0,0,12,12,7765,4034
reference_NY46__paper_roles,2019-03-02 03:00:00,15.8239576952,42.5111832918,0,0,0,12,12,7261,3620
reference_NY46__paper_roles,2019-03-02 04:00:00,15.2808122975,45.7295971626,0,0,0,12,12,7033,3879
reference_NY46__paper_roles,2019-03-02 05:00:00,10.2915989678,30.2988293164,0,0,0,12,12,4069,2455
reference_NY46__paper_roles,2019-03-02 06:00:00,3.07047266672,7.30059430485,0,0,0,12,12,29,29
reference_NY46__paper_roles,2019-03-02 07:00:00,5.71384386213,17.1040745092,0,0,0,12,12,629,740
reference_NY46__paper_roles,2019-03-02 08:00:00,8.73083611181,20.9535193314,0,0,0,12,12,2713,1267
reference_NY46__paper_roles,2019-03-02 09:00:00,11.436111587,30.8271502898,0,0,0,12,12,4974,2519
reference_NY46__paper_roles,2019-03-02 10:00:00,8.74752723746,23.2543421903,0,0,0,12,12,2734,1582
reference_NY46__paper_roles,2019-03-02 11:00:00,7.82339017073,21.7980801265,0,0,0,12,12,1957,1376
reference_NY46__paper_roles,2019-03-02 12:00:00,9.49992798404,31.7805888697,0,0,0,12,12,3409,2611
reference_NY46__paper_roles,2019-03-02 13:00:00,8.6350018081,14.3133671663,0,0,0,12,12,2635,421
reference_NY46__paper_roles,2019-03-02 14:00:00,9.69919013864,15.7981893682,0,0,0,12,12,3590,574
reference_NY46__paper_roles,2019-03-02 15:00:00,10.8514258601,15.3543778064,0,0,0,12,12,4528,525
reference_NY46__paper_roles,2019-03-02 16:00:00,10.5697639963,19.1109625906,0,0,0,12,12,4307,1005
reference_NY46__paper_roles,2019-03-02 17:00:00,12.9906883646,24.2763812555,0,0,0,12,12,5974,1717
reference_NY46__paper_roles,2019-03-02 18:00:00,15.4851999605,30.4671932801,0,0,0,12,12,7131,2472
reference_NY46__paper_roles,2019-03-02 19:00:00,15.2971582966,30.7406439288,0,0,0,12,12,7046,2504
reference_NY46__paper_roles,2019-03-02 20:00:00,16.3197183369,30.5596346468,0,0,0,12,12,7422,2486
reference_NY46__paper_roles,2019-03-02 21:00:00,15.0208156656,26.3531644248,0,0,0,12,12,6946,2002
reference_NY46__paper_roles,2019-03-02 22:00:00,15.6734823391,25.6786414024,0,0,0,12,12,7204,1905
reference_NY46__paper_roles,2019-03-02 23:00:00,11.617417646,19.7960255412,0,0,0,12,12,5096,1107
reference_NY46__paper_roles,2019-03-03 00:00:00,15.558140141,166.138078558,1,0,0,12,12,7153,7224
reference_NY46__paper_roles,2019-03-03 01:00:00,17.5786869885,141.259044615,1,0,0,12,12,7752,6945
reference_NY46__paper_roles,2019-03-03 02:00:00,15.8909664899,166.620428423,1,0,0,12,12,7287,7231
reference_NY46__paper_roles,2019-03-03 03:00:00,17.2393100929,110.701847868,1,0,0,12,12,7682,6444
reference_NY46__paper_roles,2019-03-03 04:00:00,20.0668470593,102.18173281,0,0,0,12,12,8183,6283
reference_NY46__paper_roles,2019-03-03 05:00:00,17.7824534854,85.4370050709,0,0,0,12,12,7799,5816
reference_NY46__paper_roles,2019-03-03 06:00:00,12.5103950013,56.8995281531,0,0,0,12,12,5706,4638
reference_NY46__paper_roles,2019-03-03 07:00:00,11.026899806,111.587114118,0,0,0,12,12,4664,6462
reference_NY46__paper_roles,2019-03-03 08:00:00,8.21312620053,30.438855634,0,0,0,12,12,2279,2469
reference_NY46__paper_roles,2019-03-03 09:00:00,11.1551245978,52.5940385826,0,0,0,12,12,4759,4370
reference_NY46__paper_roles,2019-03-03 10:00:00,11.335870801,79.5578141317,0,0,0,12,12,4899,5609
reference_NY46__paper_roles,2019-03-03 11:00:00,12.0293313367,70.0286596748,0,0,0,12,12,5413,5245
reference_NY46__paper_roles,2019-03-03 12:00:00,13.0489787342,55.9180541507,0,0,0,12,12,6003,4581
reference_NY46__paper_roles,2019-03-03 13:00:00,10.8206787053,27.5998265786,0,0,0,12,12,4498,2145
reference_NY46__paper_roles,2019-03-03 14:00:00,8.53879141254,17.3415467576,0,0,0,12,12,2551,761
reference_NY46__paper_roles,2019-03-03 15:00:00,9.49347689569,21.3505964993,0,0,0,12,12,3399,1318
reference_NY46__paper_roles,2019-03-03 16:00:00,10.1483700195,22.3164058754,0,0,0,12,12,3958,1454
reference_NY46__paper_roles,2019-03-03 17:00:00,11.3984633759,25.9749320902,0,0,0,12,12,4946,1947
reference_NY46__paper_roles,2019-03-03 18:00:00,12.0424378811,35.9858063367,0,0,0,12,12,5425,3043
reference_NY46__paper_roles,2019-03-03 19:00:00,12.5063832013,25.8752215974,0,0,0,12,12,5704,1933
reference_NY46__paper_roles,2019-03-03 20:00:00,11.367065771,24.702871706,0,0,0,12,12,4925,1774
reference_NY46__paper_roles,2019-03-03 21:00:00,13.3837769857,28.2590457587,0,0,0,12,12,6183,2219
reference_NY46__paper_roles,2019-03-03 22:00:00,13.8310298121,34.0906682233,0,0,0,12,12,6439,2862
reference_NY46__paper_roles,2019-03-03 23:00:00,24.9912641606,65.2893964937,0,0,0,12,12,8582,5052
reference_NY46__paper_roles,2019-03-04 00:00:00,21.3884374363,89.5585771948,0,0,0,12,12,8346,5929
reference_NY46__paper_roles,2019-03-04 01:00:00,22.2481191281,101.899743353,0,0,0,12,12,8425,6278
reference_NY46__paper_roles,2019-03-04 02:00:00,24.4830318766,120.073802577,0,0,0,12,12,8560,6609
reference_NY46__paper_roles,2019-03-04 03:00:00,23.7575583617,201.675927418,0,0,0,12,12,8524,7499
reference_NY46__paper_roles,2019-03-04 04:00:00,27.0384354722,381.425249389,1,0,0,12,12,8647,8115
reference_NY46__paper_roles,2019-03-04 05:00:00,17.6004872874,77.0192213843,0,0,0,12,12,7756,5514
reference_NY46__paper_roles,2019-03-04 06:00:00,8.58416916575,20.3222737736,0,0,0,12,12,2598,1174
reference_NY46__paper_roles,2019-03-04 07:00:00,11.1925281731,38.161074893,0,0,0,12,12,4793,3254
reference_NY46__paper_roles,2019-03-04 08:00:00,10.9529737162,21.6139025657,0,0,0,12,12,4602,1354
reference_NY46__paper_roles,2019-03-04 09:00:00,8.39283594162,19.3669726708,0,0,0,12,12,2427,1043
reference_NY46__paper_roles,2019-03-04 10:00:00,8.42470533375,17.0406250169,0,0,0,12,12,2456,729
reference_NY46__paper_roles,2019-03-04 11:00:00,9.78557059025,28.0423837215,0,0,0,13,13,3653,2190
reference_NY46__paper_roles,2019-03-04 12:00:00,8.2993690775,18.211748321,0,0,0,12,12,2341,867
reference_NY46__paper_roles,2019-03-04 13:00:00,8.33620813621,19.1903374271,0,0,0,12,12,2381,1015
reference_NY46__paper_roles,2019-03-04 14:00:00,7.33341380922,16.8037614022,0,0,0,12,12,1562,698
reference_NY46__paper_roles,2019-03-04 15:00:00,8.04281618596,18.559340118,0,0,0,12,12,2126,908
reference_NY46__paper_roles,2019-03-04 16:00:00,8.80878718465,49.0690650284,0,0,0,12,12,2797,4131
reference_NY46__paper_roles,2019-03-04 17:00:00,7.78324592074,30.8612479971,0,0,0,12,12,1925,2526
reference_NY46__paper_roles,2019-03-04 18:00:00,7.9612651048,24.0657322732,0,0,0,12,12,2060,1691
reference_NY46__paper_roles,2019-03-04 19:00:00,7.96331568786,20.5868068642,0,0,0,12,12,2066,1210
reference_NY46__paper_roles,2019-03-04 20:00:00,8.10947522841,40.9495871114,0,0,0,12,12,2194,3510
reference_NY46__paper_roles,2019-03-04 21:00:00,6.00867927198,15.902469661,0,0,0,12,12,753,591
reference_NY46__paper_roles,2019-03-04 22:00:00,7.35770148868,64.317764212,0,0,0,12,12,1583,4999
reference_NY46__paper_roles,2019-03-04 23:00:00,11.4165386644,65.5408263974,0,0,0,12,12,4961,5061
reference_NY46__paper_roles,2019-03-05 00:00:00,9.89793057452,46.6210069907,0,0,0,12,12,3758,3942
reference_NY46__paper_roles,2019-03-05 01:00:00,10.3850895801,31.8822814582,0,0,0,12,12,4148,2630
reference_NY46__paper_roles,2019-03-05 02:00:00,13.2265639745,90.2851466393,0,0,0,13,12,6093,5953
reference_NY46__paper_roles,2019-03-05 03:00:00,15.3337473911,125.522063793,1,0,0,13,13,7064,6716
reference_NY46__paper_roles,2019-03-05 04:00:00,11.9030762537,50.6991708304,0,0,0,13,12,5320,4237
reference_NY46__paper_roles,2019-03-05 05:00:00,11.0846184519,120.739765042,1,0,0,12,12,4697,6630
reference_NY46__paper_roles,2019-03-05 06:00:00,6.17272425913,19.5204427992,0,0,0,12,12,829,1070
reference_NY46__paper_roles,2019-03-05 07:00:00,10.6232807747,38.0901825151,0,0,0,12,12,4353,3247
reference_NY46__paper_roles,2019-03-05 08:00:00,11.3984802106,56.1236285446,0,0,0,12,12,4947,4594
reference_NY46__paper_roles,2019-03-05 09:00:00,9.87339428156,30.7984157556,0,0,0,12,12,3741,2514
reference_NY46__paper_roles,2019-03-05 10:00:00,9.21667086735,21.4699990391,0,0,0,12,12,3153,1333
reference_NY46__paper_roles,2019-03-05 11:00:00,9.33276543081,18.8902236941,0,0,0,12,12,3259,966
reference_NY46__paper_roles,2019-03-05 12:00:00,9.50235492054,19.2442525792,0,0,0,13,13,3412,1025
reference_NY46__paper_roles,2019-03-05 13:00:00,8.88599337856,18.1608219232,0,0,0,12,12,2882,861
reference_NY46__paper_roles,2019-03-05 14:00:00,8.84155853996,19.0815586943,0,0,0,12,12,2827,997
reference_NY46__paper_roles,2019-03-05 15:00:00,10.8488342655,23.7979567308,0,0,0,12,12,4521,1654
reference_NY46__paper_roles,2019-03-05 16:00:00,10.7171990275,23.3060642986,0,0,0,12,12,4416,1590
reference_NY46__paper_roles,2019-03-05 17:00:00,12.430704071,29.098193563,0,0,0,12,12,5659,2327
reference_NY46__paper_roles,2019-03-05 18:00:00,12.8156188739,22.1407428035,0,0,0,12,12,5873,1434
reference_NY46__paper_roles,2019-03-05 19:00:00,9.4819803109,20.5477559115,0,0,0,12,12,3386,1204
reference_NY46__paper_roles,2019-03-05 20:00:00,6.93710768106,14.9843621167,0,0,0,12,12,1292,489
reference_NY46__paper_roles,2019-03-05 21:00:00,7.44869896831,25.6753798047,0,0,0,12,12,1664,1902
reference_NY46__paper_roles,2019-03-05 22:00:00,8.33927207932,49.2372942826,0,0,0,12,12,2383,4145
reference_NY46__paper_roles,2019-03-05 23:00:00,7.58954773822,19.0038307137,0,0,0,12,12,1786,983
reference_NY46__paper_roles,2019-03-06 00:00:00,5.05735202374,15.3000073331,0,0,0,12,12,378,519
reference_NY46__paper_roles,2019-03-06 01:00:00,5.66221622615,14.9950786902,0,0,0,12,12,607,490
reference_NY46__paper_roles,2019-03-06 02:00:00,5.9537634213,13.814550093,0,0,0,12,12,729,370
reference_NY46__paper_roles,2019-03-06 03:00:00,7.45024061811,19.5194218535,0,0,0,12,12,1667,1069
reference_NY46__paper_roles,2019-03-06 04:00:00,7.97139065971,22.3505101833,0,0,0,12,12,2072,1461
reference_NY46__paper_roles,2019-03-06 05:00:00,10.2147832929,33.7048221583,0,0,0,12,12,4017,2821
reference_NY46__paper_roles,2019-03-06 06:00:00,8.71176965118,18.2135213113,0,0,0,14,13,2691,868
reference_NY46__paper_roles,2019-03-06 07:00:00,8.74026937958,14.0117043143,0,0,0,12,12,2724,384
reference_NY46__paper_roles,2019-03-06 08:00:00,7.44500086698,14.8468921929,0,0,0,12,12,1661,477
reference_NY46__paper_roles,2019-03-06 09:00:00,6.92950635003,17.2553375908,0,0,0,12,12,1287,754
reference_NY46__paper_roles,2019-03-06 10:00:00,7.02611287759,15.6338647816,0,0,0,13,12,1351,552
reference_NY46__paper_roles,2019-03-06 11:00:00,8.226381985,25.0791746533,0,0,0,12,12,2282,1820
reference_NY46__paper_roles,2019-03-06 12:00:00,11.5221967462,64.4642646069,0,0,0,12,12,5029,5007
reference_NY46__paper_roles,2019-03-06 13:00:00,9.86188647533,39.6742211113,0,0,0,12,12,3729,3396
reference_NY46__paper_roles,2019-03-06 14:00:00,8.5416224507,21.1392477986,0,0,0,12,12,2555,1289
reference_NY46__paper_roles,2019-03-06 15:00:00,8.80269130648,49.7311204177,0,0,0,12,12,2790,4180
reference_NY46__paper_roles,2019-03-06 16:00:00,9.89307938368,97.2757302955,0,0,0,12,12,3755,6159
reference_NY46__paper_roles,2019-03-06 17:00:00,8.86668944486,24.8038405483,0,0,0,13,12,2856,1791
reference_NY46__paper_roles,2019-03-06 18:00:00,10.7961633127,42.7886434376,0,0,0,12,12,4480,3637
reference_NY46__paper_roles,2019-03-06 19:00:00,11.4586199304,44.9162751793,0,0,0,12,12,4992,3810
reference_NY46__paper_roles,2019-03-06 20:00:00,9.98702563607,26.503825719,0,0,0,12,12,3829,2019
reference_NY46__paper_roles,2019-03-06 21:00:00,10.438038945,37.2901683305,0,0,0,12,12,4195,3166
reference_NY46__paper_roles,2019-03-06 22:00:00,6.77099373686,17.7558588772,0,0,0,12,12,1199,818
reference_NY46__paper_roles,2019-03-06 23:00:00,9.61538443548,24.6892972299,0,0,0,12,12,3524,1772
reference_NY46__paper_roles,2019-03-07 00:00:00,9.42193785207,27.3021055615,0,0,0,12,12,3324,2112
reference_NY46__paper_roles,2019-03-07 01:00:00,9.79657959284,18.7508408259,0,0,0,12,12,3663,938
reference_NY46__paper_roles,2019-03-07 02:00:00,9.32215540442,18.7509842398,0,0,0,12,12,3247,939
reference_NY46__paper_roles,2019-03-07 03:00:00,10.1046228403,38.5807557048,0,0,0,12,12,3928,3293
reference_NY46__paper_roles,2019-03-07 04:00:00,14.2122783217,25.7944274529,0,0,0,12,12,6619,1919
reference_NY46__paper_roles,2019-03-07 05:00:00,11.8605551254,28.5586581457,0,0,0,12,12,5283,2262
reference_NY46__paper_roles,2019-03-07 06:00:00,9.9970231386,31.9288128741,0,0,0,12,12,3840,2636
reference_NY46__paper_roles,2019-03-07 07:00:00,12.7228525903,33.0573664037,0,0,0,12,12,5816,2748
reference_NY46__paper_roles,2019-03-07 08:00:00,8.53005877463,15.5443859651,0,0,0,12,12,2542,542
reference_NY46__paper_roles,2019-03-07 09:00:00,10.395267908,18.7664567939,0,0,0,12,12,4158,945
reference_NY46__paper_roles,2019-03-07 10:00:00,10.3881877003,18.7229465164,0,0,0,12,12,4154,932
reference_NY46__paper_roles,2019-03-07 11:00:00,10.4470833313,18.7616042105,0,0,0,12,12,4204,943
reference_NY46__paper_roles,2019-03-07 12:00:00,9.20071846351,19.1665395509,0,0,0,12,12,3137,1010
reference_NY46__paper_roles,2019-03-07 13:00:00,9.29377916843,20.6768369436,0,0,0,12,12,3221,1225
reference_NY46__paper_roles,2019-03-07 14:00:00,9.76628124741,27.9522038556,0,0,0,12,12,3636,2184
reference_NY46__paper_roles,2019-03-07 15:00:00,9.37192253641,27.908030981,0,0,0,12,12,3284,2177
reference_NY46__paper_roles,2019-03-07 16:00:00,8.85992003186,28.5847602731,0,0,0,12,12,2849,2267
reference_NY46__paper_roles,2019-03-07 17:00:00,9.44831685468,25.7485390015,0,0,0,12,12,3347,1916
reference_NY46__paper_roles,2019-03-07 18:00:00,10.0122986982,23.4063418242,0,0,0,12,12,3852,1601
reference_NY46__paper_roles,2019-03-07 19:00:00,9.44656604904,24.3962561188,0,0,0,12,12,3346,1734
reference_NY46__paper_roles,2019-03-07 20:00:00,10.0207888992,28.8410253057,0,0,0,12,12,3858,2295
reference_NY46__paper_roles,2019-03-07 21:00:00,9.09440339129,35.2420259144,0,0,0,12,12,3040,2972
reference_NY46__paper_roles,2019-03-07 22:00:00,12.12303242,73.3872132568,0,0,0,12,12,5475,5369
reference_NY46__paper_roles,2019-03-07 23:00:00,15.889585235,64.0766158329,0,0,0,12,12,7286,4987
reference_NY46__paper_roles,2019-03-08 00:00:00,12.320156355,28.1794859511,0,0,0,12,12,5588,2207
reference_NY46__paper_roles,2019-03-08 01:00:00,10.709116847,181.810646075,1,0,0,12,12,4410,7359
reference_NY46__paper_roles,2019-03-08 02:00:00,9.85763526083,140.164111429,1,0,0,12,12,3726,6931
reference_NY46__paper_roles,2019-03-08 03:00:00,10.4743650168,92.961151583,0,0,0,12,12,4224,6040
reference_NY46__paper_roles,2019-03-08 04:00:00,11.5676064751,50.0134575466,0,0,0,12,12,5063,4198
reference_NY46__paper_roles,2019-03-08 05:00:00,11.43268875,26.2079380703,0,0,0,12,12,4970,1980
reference_NY46__paper_roles,2019-03-08 06:00:00,8.17099977257,20.9381210799,0,0,0,12,12,2239,1265
reference_NY46__paper_roles,2019-03-08 07:00:00,7.88287080227,37.5520053744,0,0,0,12,12,2001,3187
reference_NY46__paper_roles,2019-03-08 08:00:00,6.91420325966,16.3766472088,0,0,0,12,12,1272,643
reference_NY46__paper_roles,2019-03-08 09:00:00,8.23936516523,26.2212955566,0,0,0,12,12,2295,1983
reference_NY46__paper_roles,2019-03-08 10:00:00,8.26099226122,15.8498485312,0,0,0,12,12,2311,582
reference_NY46__paper_roles,2019-03-08 11:00:00,9.02155558356,20.0539659204,0,0,0,12,12,2987,1136
reference_NY46__paper_roles,2019-03-08 12:00:00,8.88678532554,30.6432063351,0,0,0,12,12,2887,2494
reference_NY46__paper_roles,2019-03-08 13:00:00,10.1761706238,40.8429936653,0,0,0,12,12,3985,3502
reference_NY46__paper_roles,2019-03-08 14:00:00,10.5390624412,40.7170580161,0,0,0,12,12,4285,3492
reference_NY46__paper_roles,2019-03-08 15:00:00,9.15615112233,20.4341210909,0,0,0,12,12,3097,1189
reference_NY46__paper_roles,2019-03-08 16:00:00,8.18648198651,16.8380101417,0,0,0,12,12,2252,702
reference_NY46__paper_roles,2019-03-08 17:00:00,9.79227107484,20.7711824388,0,0,0,12,12,3661,1239
reference_NY46__paper_roles,2019-03-08 18:00:00,11.1023435345,45.2308377799,0,0,0,12,12,4714,3830
reference_NY46__paper_roles,2019-03-08 19:00:00,11.0898078572,89.9163100308,0,0,0,12,12,4702,5944
reference_NY46__paper_roles,2019-03-08 20:00:00,6.56811550919,32.7537417416,0,0,0,12,12,1071,2724
reference_NY46__paper_roles,2019-03-08 21:00:00,9.32937104725,54.5854778251,0,0,0,12,12,3256,4500
reference_NY46__paper_roles,2019-03-08 22:00:00,9.92849609309,82.6895801576,0,0,0,12,12,3786,5710
reference_NY46__paper_roles,2019-03-08 23:00:00,12.5418206145,357.772917705,1,0,0,12,12,5726,8079
reference_NY46__paper_roles,2019-03-09 00:00:00,9.10478334333,3893.06637754,1,0,0,12,12,3050,8689
reference_NY46__paper_roles,2019-03-09 01:00:00,9.93609227777,1060.00217098,1,0,0,12,12,3792,8506
reference_NY46__paper_roles,2019-03-09 02:00:00,9.12785284107,10378.6377139,0,0,0,12,12,3068,8737
reference_NY46__paper_roles,2019-03-09 03:00:00,10.7746617671,693.5699406,0,0,0,12,12,4463,8397
reference_NY46__paper_roles,2019-03-09 04:00:00,10.8755271887,552.600718884,0,0,0,12,12,4548,8296
reference_NY46__paper_roles,2019-03-09 05:00:00,10.7426870206,660.576902604,1,0,0,12,12,4434,8372
reference_NY46__paper_roles,2019-03-09 06:00:00,8.72996611864,104.083779236,1,0,0,12,12,2712,6329
reference_NY46__paper_roles,2019-03-09 07:00:00,7.02818790455,57.6867532486,0,0,0,12,12,1352,4683
reference_NY46__paper_roles,2019-03-09 08:00:00,7.94986799869,73.9288805708,0,0,0,12,12,2049,5401
reference_NY46__paper_roles,2019-03-09 09:00:00,8.73727180352,90.8927594406,0,0,0,12,12,2718,5965
reference_NY46__paper_roles,2019-03-09 10:00:00,8.18809862763,38.2689954719,0,0,0,12,12,2257,3263
reference_NY46__paper_roles,2019-03-09 11:00:00,8.29521830315,35.6465453097,0,0,0,13,13,2336,3007
reference_NY46__paper_roles,2019-03-09 12:00:00,8.66686931328,52.5077438617,0,0,0,12,12,2659,4363
reference_NY46__paper_roles,2019-03-09 13:00:00,8.72161693695,39.6697601569,0,0,0,12,12,2704,3395
reference_NY46__paper_roles,2019-03-09 14:00:00,9.60292112009,39.1312922476,0,0,0,12,12,3505,3348
reference_NY46__paper_roles,2019-03-09 15:00:00,9.36231359427,50.1707557205,0,0,0,12,12,3275,4208
reference_NY46__paper_roles,2019-03-09 16:00:00,9.18391346793,47.9504338489,0,0,0,12,12,3122,4037
reference_NY46__paper_roles,2019-03-09 17:00:00,8.8313440673,57.500466038,0,0,0,12,12,2819,4669
reference_NY46__paper_roles,2019-03-09 18:00:00,6.3989755951,44.0913729269,0,0,0,12,12,970,3740
reference_NY46__paper_roles,2019-03-09 19:00:00,5.41508901332,12.6509823723,0,0,0,13,13,515,258
reference_NY46__paper_roles,2019-03-09 20:00:00,5.11779577626,12.6456067934,0,0,0,12,12,413,257
reference_NY46__paper_roles,2019-03-09 21:00:00,6.69413045073,2821.22337521,0,0,0,12,12,1149,8659
reference_NY46__paper_roles,2019-03-09 22:00:00,6.71332730945,31.0824474655,0,0,0,12,12,1159,2544
reference_NY46__paper_roles,2019-03-09 23:00:00,7.4987989574,242.532477923,0,0,0,12,12,1709,7721
reference_NY46__paper_roles,2019-03-10 00:00:00,10.4832576131,19.8636872036,0,0,0,12,12,4225,1114
reference_NY46__paper_roles,2019-03-10 01:00:00,7.00060934557,13.1258072733,0,0,0,12,12,1340,304
reference_NY46__paper_roles,2019-03-10 02:00:00,7.28466975929,18.1535226907,0,7,0,0,0,1516,860
reference_NY46__paper_roles,2019-03-10 03:00:00,7.5353700426,24.3893203247,0,0,0,14,12,1743,1731
reference_NY46__paper_roles,2019-03-10 04:00:00,7.70388994211,42.3698619469,0,0,0,12,12,1876,3606
reference_NY46__paper_roles,2019-03-10 05:00:00,7.54528357876,17.705521292,0,0,0,12,12,1752,812
reference_NY46__paper_roles,2019-03-10 06:00:00,7.39057062253,17.5032534389,0,0,0,12,12,1620,782
reference_NY46__paper_roles,2019-03-10 07:00:00,6.19998924058,16.2231195491,0,0,0,12,12,842,627
reference_NY46__paper_roles,2019-03-10 08:00:00,7.54975260725,18.1242808663,0,0,0,12,12,1756,855
reference_NY46__paper_roles,2019-03-10 09:00:00,9.28159363826,24.6775977374,0,0,0,11,11,3212,1769
reference_NY46__paper_roles,2019-03-10 10:00:00,12.6596939362,25.1208357645,0,0,0,12,12,5787,1828
reference_NY46__paper_roles,2019-03-10 11:00:00,14.461036866,33.5229768614,0,0,0,12,12,6741,2803
reference_NY46__paper_roles,2019-03-10 12:00:00,14.2411425174,38.2457538658,0,0,0,12,12,6630,3260
reference_NY46__paper_roles,2019-03-10 13:00:00,11.6510676976,44.4524103166,0,0,0,12,12,5119,3773
reference_NY46__paper_roles,2019-03-10 14:00:00,10.8553088,47.2210277925,0,0,0,12,12,4532,3979
reference_NY46__paper_roles,2019-03-10 15:00:00,9.46446301026,41.2378457346,0,0,0,12,12,3367,3534
reference_NY46__paper_roles,2019-03-10 16:00:00,8.54570723336,30.8988944818,0,0,0,12,12,2559,2531
reference_NY46__paper_roles,2019-03-10 17:00:00,8.85720891988,23.7280528493,0,0,0,12,12,2846,1641
reference_NY46__paper_roles,2019-03-10 18:00:00,7.61194139728,20.7894334083,0,0,0,12,12,1804,1241
reference_NY46__paper_roles,2019-03-10 19:00:00,11.2966096923,75.2341344291,0,0,0,12,12,4864,5449
reference_NY46__paper_roles,2019-03-10 20:00:00,9.72611226201,24.0451860012,0,0,0,12,12,3611,1688
reference_NY46__paper_roles,2019-03-10 21:00:00,9.8646140578,46.2509578678,0,0,0,12,12,3733,3910
reference_NY46__paper_roles,2019-03-10 22:00:00,12.6087389504,46.5015948365,0,0,0,12,12,5757,3935
reference_NY46__paper_roles,2019-03-10 23:00:00,14.6212909325,60.2450256554,0,0,0,12,12,6797,4804
reference_NY46__paper_roles,2019-03-11 00:00:00,4.70393383241,14.3086224532,0,0,0,12,12,278,420
reference_NY46__paper_roles,2019-03-11 01:00:00,6.73170680258,24.4959584477,0,0,0,12,12,1171,1752
reference_NY46__paper_roles,2019-03-11 02:00:00,7.85778367734,29.250738189,0,0,0,12,12,1980,2347
reference_NY46__paper_roles,2019-03-11 03:00:00,9.10284886294,28.5179748551,0,0,0,12,12,3048,2254
reference_NY46__paper_roles,2019-03-11 04:00:00,11.0846690774,42.0868229364,0,0,0,12,12,4698,3588
reference_NY46__paper_roles,2019-03-11 05:00:00,15.3831684494,63.2700343109,0,0,0,12,12,7087,4956
reference_NY46__paper_roles,2019-03-11 06:00:00,15.9624479092,66.070290047,0,0,0,12,12,7309,5081
reference_NY46__paper_roles,2019-03-11 07:00:00,6.06949491309,21.6059077562,0,0,0,12,12,783,1351
reference_NY46__paper_roles,2019-03-11 08:00:00,12.3539728144,114.273505772,0,0,0,12,12,5604,6507
reference_NY46__paper_roles,2019-03-11 09:00:00,7.00748952995,42.4780317984,0,0,0,12,12,1343,3615
reference_NY46__paper_roles,2019-03-11 10:00:00,8.07595496751,16.8599634861,0,0,0,12,12,2158,704
reference_NY46__paper_roles,2019-03-11 11:00:00,6.28007703797,38.9457925375,0,0,0,12,12,891,3329
reference_NY46__paper_roles,2019-03-11 12:00:00,6.3073126918,35.5161166295,0,0,0,12,12,905,2995
reference_NY46__paper_roles,2019-03-11 13:00:00,5.4135293608,21.5771819801,0,0,0,12,12,514,1347
reference_NY46__paper_roles,2019-03-11 14:00:00,6.19662591349,35.3913384562,0,0,0,12,12,840,2985
reference_NY46__paper_roles,2019-03-11 15:00:00,4.88645187117,21.1628348576,0,0,0,12,12,334,1296
reference_NY46__paper_roles,2019-03-11 16:00:00,6.49149592621,20.5051164138,0,0,0,12,12,1029,1197
reference_NY46__paper_roles,2019-03-11 17:00:00,5.62283568482,23.1073884222,0,0,0,12,12,589,1556
reference_NY46__paper_roles,2019-03-11 18:00:00,5.22639770513,33.9256259764,0,0,0,12,12,447,2849
reference_NY46__paper_roles,2019-03-11 19:00:00,7.51267230273,58.2593256171,0,0,0,12,12,1722,4700
reference_NY46__paper_roles,2019-03-11 20:00:00,3.82655992436,140.310611669,1,0,0,12,12,104,6934
reference_NY46__paper_roles,2019-03-11 21:00:00,4.99617691907,55.2855219703,0,0,0,12,12,358,4536
reference_NY46__paper_roles,2019-03-11 22:00:00,6.63791751414,18.4418552105,0,0,0,12,12,1112,895
reference_NY46__paper_roles,2019-03-11 23:00:00,4.05825712619,54.4981945104,0,0,0,12,12,138,4491
reference_NY46__paper_roles,2019-03-12 00:00:00,5.11734133382,668.886304968,1,0,0,12,12,412,8380
reference_NY46__paper_roles,2019-03-12 01:00:00,5.08695365669,53.9172581385,0,0,0,12,12,394,4460
reference_NY46__paper_roles,2019-03-12 02:00:00,9.45527383307,128.99215323,0,0,0,12,12,3357,6783
reference_NY46__paper_roles,2019-03-12 03:00:00,12.1579637396,66.130408382,0,0,0,12,12,5495,5085
reference_NY46__paper_roles,2019-03-12 04:00:00,19.2642409596,60.4421048157,0,0,0,12,12,8060,4813
reference_NY46__paper_roles,2019-03-12 05:00:00,25.1812534148,192.200211005,0,0,0,12,12,8589,7427
reference_NY46__paper_roles,2019-03-12 06:00:00,10.3495962947,1572.71828749,0,0,0,12,12,4115,8577
reference_NY46__paper_roles,2019-03-12 07:00:00,8.26353132231,146.763334502,0,0,0,12,12,2313,7014
reference_NY46__paper_roles,2019-03-12 08:00:00,9.26472979313,28.675011328,0,0,0,12,12,3200,2276
reference_NY46__paper_roles,2019-03-12 09:00:00,9.14515530413,62.8027517839,0,0,0,12,12,3083,4931
reference_NY46__paper_roles,2019-03-12 10:00:00,6.94164953242,85.7255467518,0,0,0,12,12,1295,5825
reference_NY46__paper_roles,2019-03-12 11:00:00,4.73521043623,11.9392745399,0,0,0,12,12,286,209
reference_NY46__paper_roles,2019-03-12 12:00:00,7.15300340344,15.8967480911,0,0,0,12,12,1437,589
reference_NY46__paper_roles,2019-03-12 13:00:00,5.6847330076,18.8782129259,0,0,0,12,12,617,964
reference_NY46__paper_roles,2019-03-12 14:00:00,6.46791892821,19.2792396861,0,0,0,12,12,1019,1029
reference_NY46__paper_roles,2019-03-12 15:00:00,10.0481228412,26.345257219,0,0,0,12,12,3887,2000
reference_NY46__paper_roles,2019-03-12 16:00:00,11.8431766861,31.2838440319,0,0,0,12,12,5255,2566
reference_NY46__paper_roles,2019-03-12 17:00:00,10.4403452692,28.0267839839,0,0,0,12,12,4197,2188
reference_NY46__paper_roles,2019-03-12 18:00:00,8.58883831805,25.6185393748,0,0,0,12,12,2602,1890
reference_NY46__paper_roles,2019-03-12 19:00:00,8.38164777975,56.8642415811,0,0,0,12,12,2416,4635
reference_NY46__paper_roles,2019-03-12 20:00:00,8.48973629517,77.2901979824,0,0,0,12,12,2512,5526
reference_NY46__paper_roles,2019-03-12 21:00:00,8.02291576721,54.8322061116,0,0,0,12,12,2115,4511
reference_NY46__paper_roles,2019-03-12 22:00:00,6.7492773052,30.6226724586,0,0,0,12,12,1185,2492
reference_NY46__paper_roles,2019-03-12 23:00:00,7.66488125622,71.9505453234,0,0,0,12,12,1847,5321
reference_NY46__paper_roles,2019-03-13 00:00:00,9.21572491404,104.83871427,1,0,0,12,12,3152,6343
reference_NY46__paper_roles,2019-03-13 01:00:00,10.6386774006,971.62247733,1,0,0,12,12,4359,8488
reference_NY46__paper_roles,2019-03-13 02:00:00,13.6546446126,966.349934972,1,0,0,12,12,6348,8485
reference_NY46__paper_roles,2019-03-13 03:00:00,13.5409790786,153.860313034,0,0,0,12,12,6286,7095
reference_NY46__paper_roles,2019-03-13 04:00:00,21.8578081294,186.122937852,0,0,0,12,12,8391,7386
reference_NY46__paper_roles,2019-03-13 05:00:00,20.9940628919,261.544544043,0,0,0,12,12,8299,7800
reference_NY46__paper_roles,2019-03-13 06:00:00,13.297330732,104.09805415,1,0,0,12,12,6133,6330
reference_NY46__paper_roles,2019-03-13 07:00:00,6.97860273624,14.5933238535,0,0,0,12,12,1326,451
reference_NY46__paper_roles,2019-03-13 08:00:00,5.06030491584,19.5880192744,0,0,0,12,12,379,1080
reference_NY46__paper_roles,2019-03-13 09:00:00,6.95356451037,38.888712559,0,0,0,12,12,1306,3325
reference_NY46__paper_roles,2019-03-13 10:00:00,5.88771501633,12.3734090605,0,0,0,12,12,701,235
reference_NY46__paper_roles,2019-03-13 11:00:00,7.61372817099,17.4863267524,0,0,0,12,12,1805,778
reference_NY46__paper_roles,2019-03-13 12:00:00,9.08503077957,19.1689523419,0,0,0,12,12,3030,1011
reference_NY46__paper_roles,2019-03-13 13:00:00,9.69277458581,24.7960153123,0,0,0,12,12,3585,1790
reference_NY46__paper_roles,2019-03-13 14:00:00,9.08543606338,21.3813879655,0,0,0,12,12,3032,1322
reference_NY46__paper_roles,2019-03-13 15:00:00,9.79731900185,40.1318726327,0,0,0,12,12,3664,3434
reference_NY46__paper_roles,2019-03-13 16:00:00,10.4086517832,42.8794967315,0,0,0,12,12,4174,3648
reference_NY46__paper_roles,2019-03-13 17:00:00,11.6762175564,39.2444692163,0,0,0,12,12,5138,3357
reference_NY46__paper_roles,2019-03-13 18:00:00,9.24975388815,40.4279297824,0,0,0,12,12,3186,3461
reference_NY46__paper_roles,2019-03-13 19:00:00,12.4040403815,84.8172125076,0,0,0,12,12,5639,5791
reference_NY46__paper_roles,2019-03-13 20:00:00,12.8343176527,59.6849683208,0,0,0,12,12,5883,4781
reference_NY46__paper_roles,2019-03-13 21:00:00,11.9778941009,30.3316768738,0,0,0,12,12,5382,2459
reference_NY46__paper_roles,2019-03-13 22:00:00,8.85622693767,31.8139597569,0,0,0,12,12,2844,2616
reference_NY46__paper_roles,2019-03-13 23:00:00,7.66391590171,48.9468977329,0,0,0,12,12,1845,4119
reference_NY46__paper_roles,2019-03-14 00:00:00,11.8932783363,49.0190590096,0,0,0,12,12,5309,4128
reference_NY46__paper_roles,2019-03-14 01:00:00,11.5687117063,38.1842372728,0,0,0,12,12,5064,3255
reference_NY46__paper_roles,2019-03-14 02:00:00,12.8082721813,51.4445018022,0,0,0,12,12,5867,4296
reference_NY46__paper_roles,2019-03-14 03:00:00,14.9136843471,51.2254325005,0,0,0,12,12,6913,4276
reference_NY46__paper_roles,2019-03-14 04:00:00,19.8523658616,74.9556079314,0,0,0,12,12,8153,5437
reference_NY46__paper_roles,2019-03-14 05:00:00,21.7435799006,87.3684379928,0,0,0,12,12,8383,5864
reference_NY46__paper_roles,2019-03-14 06:00:00,15.5296920772,44.6914338593,0,0,0,12,12,7142,3793
reference_NY46__paper_roles,2019-03-14 07:00:00,7.08022345134,12.340060795,0,0,0,12,12,1389,233
reference_NY46__paper_roles,2019-03-14 08:00:00,9.32418870663,36.2144540222,0,0,0,12,12,3251,3067
reference_NY46__paper_roles,2019-03-14 09:00:00,8.74290288852,36.8724727074,0,0,0,12,12,2727,3132
reference_NY46__paper_roles,2019-03-14 10:00:00,8.24314646653,29.8606008463,0,0,0,12,12,2299,2413
reference_NY46__paper_roles,2019-03-14 11:00:00,7.66166666413,28.7876677803,0,0,0,12,12,1844,2291
reference_NY46__paper_roles,2019-03-14 12:00:00,4.45921346975,32.0814667935,0,0,0,12,12,210,2650
reference_NY46__paper_roles,2019-03-14 13:00:00,5.39353873996,26.6999152162,0,0,0,13,12,507,2039
reference_NY46__paper_roles,2019-03-14 14:00:00,12.0345770565,37.0159741048,0,0,0,12,12,5418,3144
reference_NY46__paper_roles,2019-03-14 15:00:00,11.4515935469,26.9115709199,0,0,0,12,12,4986,2063
reference_NY46__paper_roles,2019-03-14 16:00:00,7.84638571657,22.0684622448,0,0,0,12,12,1973,1425
reference_NY46__paper_roles,2019-03-14 17:00:00,5.49197863426,14.6745419258,0,0,0,12,12,540,458
reference_NY46__paper_roles,2019-03-14 18:00:00,7.7168277185,38.7258464285,0,0,0,12,12,1885,3304
reference_NY46__paper_roles,2019-03-14 19:00:00,9.38105394892,23.0317612849,0,0,0,12,12,3292,1544
reference_NY46__paper_roles,2019-03-14 20:00:00,5.48294345773,21.9879310565,0,0,0,13,12,537,1408
reference_NY46__paper_roles,2019-03-14 21:00:00,8.79556189725,16.5594511678,0,0,0,12,12,2781,668
reference_NY46__paper_roles,2019-03-14 22:00:00,7.99152379867,17.5233730134,0,0,0,12,12,2088,787
reference_NY46__paper_roles,2019-03-14 23:00:00,9.07676206546,25.9338201994,0,0,0,12,12,3024,1946
reference_NY46__paper_roles,2019-03-15 00:00:00,6.43216725014,22.657324114,0,0,0,12,12,991,1499
reference_NY46__paper_roles,2019-03-15 01:00:00,7.78456654262,13.0437326899,0,0,0,12,12,1927,298
reference_NY46__paper_roles,2019-03-15 02:00:00,8.32241624714,12.6197934375,0,0,0,12,12,2369,254
reference_NY46__paper_roles,2019-03-15 03:00:00,8.01620282964,15.5283623203,0,0,0,12,12,2112,541
reference_NY46__paper_roles,2019-03-15 04:00:00,14.1872746003,35.9915181673,0,0,0,12,12,6606,3047
reference_NY46__paper_roles,2019-03-15 05:00:00,13.2753320045,45.3716092943,0,0,0,12,12,6121,3841
reference_NY46__paper_roles,2019-03-15 06:00:00,14.5992569142,66.3990295532,0,0,0,12,12,6790,5096
reference_NY46__paper_roles,2019-03-15 07:00:00,12.238921001,49.4506558739,0,0,0,12,12,5554,4160
reference_NY46__paper_roles,2019-03-15 08:00:00,10.5136735952,59.0210717481,0,0,0,12,12,4256,4741
reference_NY46__paper_roles,2019-03-15 09:00:00,8.72293730388,71.8198166868,0,0,0,12,12,2705,5316
reference_NY46__paper_roles,2019-03-15 10:00:00,5.72638029039,45.0258643445,0,0,0,12,12,634,3814
reference_NY46__paper_roles,2019-03-15 11:00:00,6.09628462998,41.1488766738,0,0,0,12,12,792,3531
reference_NY46__paper_roles,2019-03-15 12:00:00,7.74403303899,80.8942458788,0,0,0,12,12,1907,5662
reference_NY46__paper_roles,2019-03-15 13:00:00,9.91419643836,37.2419019057,0,0,0,11,11,3773,3160
reference_NY46__paper_roles,2019-03-15 14:00:00,12.1024141163,48.9618344794,0,0,0,12,12,5463,4121
reference_NY46__paper_roles,2019-03-15 15:00:00,12.5937322661,29.0215237291,0,0,0,12,12,5752,2315
reference_NY46__paper_roles,2019-03-15 16:00:00,12.4638512225,37.9428371705,0,0,0,12,12,5686,3232
reference_NY46__paper_roles,2019-03-15 17:00:00,12.0206569807,37.3526552842,0,0,0,12,12,5409,3171
reference_NY46__paper_roles,2019-03-15 18:00:00,12.1657545328,36.9820373173,0,0,0,12,12,5501,3141
reference_NY46__paper_roles,2019-03-15 19:00:00,11.5969214339,43.9835865503,0,0,0,12,12,5080,3730
reference_NY46__paper_roles,2019-03-15 20:00:00,12.195995733,44.3335288091,0,0,0,12,12,5529,3764
reference_NY46__paper_roles,2019-03-15 21:00:00,11.7000591936,42.119462352,0,0,0,12,12,5157,3590
reference_NY46__paper_roles,2019-03-15 22:00:00,10.4737524164,36.672392607,0,0,0,12,12,4223,3113
reference_NY46__paper_roles,2019-03-15 23:00:00,11.1164128837,29.0617790136,0,0,0,12,12,4724,2321
reference_NY46__paper_roles,2019-03-16 00:00:00,9.507692479,26.0791979232,0,0,0,12,12,3421,1965
reference_NY46__paper_roles,2019-03-16 01:00:00,13.2361133584,28.3471578998,0,0,0,12,12,6100,2227
reference_NY46__paper_roles,2019-03-16 02:00:00,12.6267636848,19.4464370353,0,0,0,12,12,5770,1058
reference_NY46__paper_roles,2019-03-16 03:00:00,10.0662768576,15.5593963527,0,0,0,12,12,3898,544
reference_NY46__paper_roles,2019-03-16 04:00:00,11.5359167914,18.3140897634,0,0,0,12,12,5036,879
reference_NY46__paper_roles,2019-03-16 05:00:00,12.5198467562,35.5651258753,0,0,0,12,12,5715,3002
reference_NY46__paper_roles,2019-03-16 06:00:00,12.3672297504,45.646856519,0,0,0,12,12,5613,3868
reference_NY46__paper_roles,2019-03-16 07:00:00,13.7916801153,45.8716671996,0,0,0,14,13,6419,3887
reference_NY46__paper_roles,2019-03-16 08:00:00,11.6298099163,25.3782435924,0,0,0,12,12,5104,1863
reference_NY46__paper_roles,2019-03-16 09:00:00,12.3913346132,29.3043856984,0,0,0,12,12,5627,2356
reference_NY46__paper_roles,2019-03-16 10:00:00,10.0026948835,32.2292636115,0,0,0,12,12,3843,2669
reference_NY46__paper_roles,2019-03-16 11:00:00,13.4670878499,39.4034411744,0,0,0,12,12,6230,3375
reference_NY46__paper_roles,2019-03-16 12:00:00,13.5951400521,43.079059348,0,0,0,12,12,6316,3666
reference_NY46__paper_roles,2019-03-16 13:00:00,9.96984956456,44.7232745019,0,0,0,12,12,3814,3796
reference_NY46__paper_roles,2019-03-16 14:00:00,10.0957828698,51.3839114696,0,0,0,12,12,3921,4291
reference_NY46__paper_roles,2019-03-16 15:00:00,11.4548357709,44.7941620096,0,0,0,12,12,4990,3802
reference_NY46__paper_roles,2019-03-16 16:00:00,11.8529770392,55.1777406424,0,0,0,12,12,5267,4534
reference_NY46__paper_roles,2019-03-16 17:00:00,11.7459164479,49.1372053617,0,0,0,12,12,5190,4138
reference_NY46__paper_roles,2019-03-16 18:00:00,9.51204134146,25.876803604,0,0,0,12,12,3424,1935
reference_NY46__paper_roles,2019-03-16 19:00:00,7.99679561611,19.9566219354,0,0,0,12,12,2092,1121
reference_NY46__paper_roles,2019-03-16 20:00:00,7.38268754761,22.834289159,0,0,0,12,12,1611,1522
reference_NY46__paper_roles,2019-03-16 21:00:00,8.71775832218,37.8009261381,0,0,0,12,12,2699,3222
reference_NY46__paper_roles,2019-03-16 22:00:00,12.8705982498,31.5691879521,0,0,0,12,12,5905,2590
reference_NY46__paper_roles,2019-03-16 23:00:00,7.12186565185,27.0384760478,0,0,0,12,12,1420,2081
reference_NY46__paper_roles,2019-03-17 00:00:00,4.79865987127,14.1447749382,0,0,0,12,12,301,403
reference_NY46__paper_roles,2019-03-17 01:00:00,6.38092360612,22.0218138932,0,0,0,12,12,952,1414
reference_NY46__paper_roles,2019-03-17 02:00:00,6.96539359279,21.9884979055,0,0,0,12,12,1317,1409
reference_NY46__paper_roles,2019-03-17 03:00:00,7.14306832137,17.7651701209,0,0,0,12,12,1432,819
reference_NY46__paper_roles,2019-03-17 04:00:00,7.62918716922,18.813640177,0,0,0,12,12,1817,952
reference_NY46__paper_roles,2019-03-17 05:00:00,10.1999723001,26.9769590501,0,0,0,12,12,4005,2072
reference_NY46__paper_roles,2019-03-17 06:00:00,12.2945829141,34.1063685053,0,0,0,12,12,5573,2864
reference_NY46__paper_roles,2019-03-17 07:00:00,10.542260453,31.6362429799,0,0,0,12,12,4290,2597
reference_NY46__paper_roles,2019-03-17 08:00:00,6.24110322181,25.2810267201,0,0,0,12,12,866,1848
reference_NY46__paper_roles,2019-03-17 09:00:00,6.27873989088,22.8731229748,0,0,0,12,12,889,1530
reference_NY46__paper_roles,2019-03-17 10:00:00,9.14051549797,78.8655440047,0,0,0,12,12,3077,5574
reference_NY46__paper_roles,2019-03-17 11:00:00,9.30663260439,97.2817055231,0,0,0,12,12,3232,6160
reference_NY46__paper_roles,2019-03-17 12:00:00,8.09002015639,69.9869143104,0,0,0,12,12,2169,5243
reference_NY46__paper_roles,2019-03-17 13:00:00,10.6135859405,70.3963378189,0,0,0,12,12,4342,5263
reference_NY46__paper_roles,2019-03-17 14:00:00,10.3521600491,65.0170279509,0,0,0,12,12,4116,5040
reference_NY46__paper_roles,2019-03-17 15:00:00,11.7817841992,36.8470129465,0,0,0,12,12,5214,3129
reference_NY46__paper_roles,2019-03-17 16:00:00,11.6706853687,67.3693276946,0,0,0,12,12,5134,5139
reference_NY46__paper_roles,2019-03-17 17:00:00,10.3723166239,39.8118221608,0,0,0,12,12,4134,3411
reference_NY46__paper_roles,2019-03-17 18:00:00,8.66622609206,21.7510469718,0,0,0,12,12,2657,1371
reference_NY46__paper_roles,2019-03-17 19:00:00,8.5420547936,17.872570362,0,0,0,12,12,2556,832
reference_NY46__paper_roles,2019-03-17 20:00:00,6.05896103475,16.446638316,0,0,0,12,12,778,653
reference_NY46__paper_roles,2019-03-17 21:00:00,7.0472975366,17.7702848972,0,0,0,12,12,1369,820
reference_NY46__paper_roles,2019-03-17 22:00:00,4.53936429685,8.66666476232,0,0,0,12,12,233,67
reference_NY46__paper_roles,2019-03-17 23:00:00,8.22938222806,17.995397199,0,0,0,12,12,2286,848
reference_NY46__paper_roles,2019-03-18 00:00:00,7.79497370307,13.6509090126,0,0,0,13,13,1934,359
reference_NY46__paper_roles,2019-03-18 01:00:00,6.77273627822,12.8096076276,0,0,0,12,12,1201,280
reference_NY46__paper_roles,2019-03-18 02:00:00,9.23801522792,24.3242843454,0,0,0,12,12,3171,1723
reference_NY46__paper_roles,2019-03-18 03:00:00,11.4846786225,37.0946741893,0,0,0,12,12,5010,3146
reference_NY46__paper_roles,2019-03-18 04:00:00,18.0838525781,62.0900466038,0,0,0,12,12,7874,4901
reference_NY46__paper_roles,2019-03-18 05:00:00,20.6821191219,64.0719168211,0,0,0,12,12,8267,4986
reference_NY46__paper_roles,2019-03-18 06:00:00,12.9475538225,40.4504261458,0,0,0,12,12,5947,3464
reference_NY46__paper_roles,2019-03-18 07:00:00,7.01642330981,10.5725158373,0,0,0,12,12,1348,140
reference_NY46__paper_roles,2019-03-18 08:00:00,10.1564071227,26.0187995052,0,0,0,12,12,3969,1954
reference_NY46__paper_roles,2019-03-18 09:00:00,10.6432288115,26.052293895,0,0,0,12,12,4363,1959
reference_NY46__paper_roles,2019-03-18 10:00:00,7.26987736362,19.3554222302,0,0,0,12,12,1507,1040
reference_NY46__paper_roles,2019-03-18 11:00:00,6.3646632188,19.3576709253,0,0,0,12,12,939,1041
reference_NY46__paper_roles,2019-03-18 12:00:00,6.52259182215,20.7176455138,0,0,0,14,14,1049,1229
reference_NY46__paper_roles,2019-03-18 13:00:00,5.70968655927,21.4092475237,0,0,0,10,10,628,1328
reference_NY46__paper_roles,2019-03-18 14:00:00,6.91184887877,23.325000753,0,0,0,12,12,1270,1591
reference_NY46__paper_roles,2019-03-18 15:00:00,6.56071723588,20.2939626524,0,0,0,12,12,1067,1169
reference_NY46__paper_roles,2019-03-18 16:00:00,8.48520691313,22.9020988688,0,0,0,12,12,2506,1535
reference_NY46__paper_roles,2019-03-18 17:00:00,8.65653350976,18.8660449405,0,0,0,12,12,2650,960
reference_NY46__paper_roles,2019-03-18 18:00:00,8.07050230502,16.6893566627,0,0,0,12,12,2151,685
reference_NY46__paper_roles,2019-03-18 19:00:00,6.51433191064,13.4764877815,0,0,0,12,12,1043,348
reference_NY46__paper_roles,2019-03-18 20:00:00,6.8773672261,13.401011944,0,0,0,12,12,1249,338
reference_NY46__paper_roles,2019-03-18 21:00:00,9.42614148081,20.0354714626,0,0,0,12,12,3329,1131
reference_NY46__paper_roles,2019-03-18 22:00:00,14.107820365,30.2405264689,0,0,0,12,12,6575,2451
reference_NY46__paper_roles,2019-03-18 23:00:00,6.96346890202,16.0559472125,0,0,0,12,12,1316,614
reference_NY46__paper_roles,2019-03-19 00:00:00,7.30127933214,13.236673868,0,0,0,12,12,1534,320
reference_NY46__paper_roles,2019-03-19 01:00:00,9.97783730205,21.1462626771,0,0,0,12,12,3820,1290
reference_NY46__paper_roles,2019-03-19 02:00:00,8.06388789742,20.8846662679,0,0,0,12,12,2145,1253
reference_NY46__paper_roles,2019-03-19 03:00:00,10.8255107705,28.51794524,0,0,0,12,12,4503,2253
reference_NY46__paper_roles,2019-03-19 04:00:00,19.410667327,54.223477281,0,0,0,12,12,8082,4473
reference_NY46__paper_roles,2019-03-19 05:00:00,18.6033593732,59.4867881955,0,0,0,12,12,7947,4770
reference_NY46__paper_roles,2019-03-19 06:00:00,15.7011319208,41.2223331324,0,0,0,12,12,7216,3533
reference_NY46__paper_roles,2019-03-19 07:00:00,23.7902178812,44.2898510508,0,0,0,12,12,8526,3757
reference_NY46__paper_roles,2019-03-19 08:00:00,21.3790867177,51.4680226742,0,0,0,12,12,8344,4299
reference_NY46__paper_roles,2019-03-19 09:00:00,13.7859807821,29.2741633627,0,0,0,12,12,6417,2351
reference_NY46__paper_roles,2019-03-19 10:00:00,8.25503744923,26.8794348788,0,0,0,12,12,2307,2057
reference_NY46__paper_roles,2019-03-19 11:00:00,9.1017011944,26.3085257508,0,0,0,12,12,3046,1995
reference_NY46__paper_roles,2019-03-19 12:00:00,5.1291503153,24.3944312424,0,0,0,12,12,417,1733
reference_NY46__paper_roles,2019-03-19 13:00:00,6.99318765423,26.9378856738,0,0,0,12,12,1336,2068
reference_NY46__paper_roles,2019-03-19 14:00:00,7.17361765999,21.9772457704,0,0,0,12,12,1451,1407
reference_NY46__paper_roles,2019-03-19 15:00:00,11.454942703,23.9513783908,0,0,0,12,12,4991,1679
reference_NY46__paper_roles,2019-03-19 16:00:00,11.5102148391,27.1911093787,0,0,0,12,12,5021,2095
reference_NY46__paper_roles,2019-03-19 17:00:00,8.07870395353,22.0433736591,0,0,0,12,12,2160,1420
reference_NY46__paper_roles,2019-03-19 18:00:00,8.25236023842,17.1248930509,0,0,0,12,12,2306,743
reference_NY46__paper_roles,2019-03-19 19:00:00,7.31832151867,14.5285183289,0,0,0,12,12,1551,446
reference_NY46__paper_roles,2019-03-19 20:00:00,7.45077035034,17.5749494305,0,0,0,12,12,1668,797
reference_NY46__paper_roles,2019-03-19 21:00:00,15.2681835425,27.0980156281,0,0,0,12,12,7029,2087
reference_NY46__paper_roles,2019-03-19 22:00:00,14.3361023497,25.4257839185,0,0,0,12,12,6667,1870
reference_NY46__paper_roles,2019-03-19 23:00:00,9.50523916566,25.0261385512,0,0,0,12,12,3416,1817
reference_NY46__paper_roles,2019-03-20 00:00:00,6.5021596091,13.6478154163,0,0,0,12,12,1038,358
reference_NY46__paper_roles,2019-03-20 01:00:00,4.51205896794,10.4408628946,0,0,0,12,12,227,135
reference_NY46__paper_roles,2019-03-20 02:00:00,6.72621692134,13.0009925856,0,0,0,12,12,1165,295
reference_NY46__paper_roles,2019-03-20 03:00:00,9.30809861516,30.7374310024,0,0,0,12,12,3234,2503
reference_NY46__paper_roles,2019-03-20 04:00:00,9.20351145542,37.8564786963,0,0,0,12,12,3141,3226
reference_NY46__paper_roles,2019-03-20 05:00:00,12.6288900031,52.8767910032,0,0,0,12,12,5771,4384
reference_NY46__paper_roles,2019-03-20 06:00:00,8.31114451867,37.7911709955,0,0,0,12,12,2352,3221
reference_NY46__paper_roles,2019-03-20 07:00:00,8.9028169868,17.8622220078,0,0,0,12,12,2895,828
reference_NY46__paper_roles,2019-03-20 08:00:00,8.19312038814,19.9709666167,0,0,0,13,12,2259,1122
reference_NY46__paper_roles,2019-03-20 09:00:00,8.92774887042,21.395095061,0,0,0,12,12,2914,1324
reference_NY46__paper_roles,2019-03-20 10:00:00,7.64531152713,19.660522328,0,0,0,12,12,1831,1095
reference_NY46__paper_roles,2019-03-20 11:00:00,6.62848063322,22.2762316568,0,0,0,12,12,1108,1449
reference_NY46__paper_roles,2019-03-20 12:00:00,5.26389407505,19.6479311858,0,0,0,12,12,458,1092
reference_NY46__paper_roles,2019-03-20 13:00:00,7.06487648547,22.0471091443,0,0,0,14,14,1380,1422
reference_NY46__paper_roles,2019-03-20 14:00:00,9.82581500472,24.2227732068,0,0,0,12,12,3692,1707
reference_NY46__paper_roles,2019-03-20 15:00:00,7.90305519835,19.3243600203,0,0,0,12,12,2012,1036
reference_NY46__paper_roles,2019-03-20 16:00:00,9.80580018234,21.1111726338,0,0,0,12,12,3675,1285
reference_NY46__paper_roles,2019-03-20 17:00:00,10.4636798122,18.7468132117,0,0,0,12,12,4216,934
reference_NY46__paper_roles,2019-03-20 18:00:00,9.81491183358,19.486378825,0,0,0,12,12,3684,1065
reference_NY46__paper_roles,2019-03-20 19:00:00,5.78592217276,11.6600149434,0,0,0,12,12,656,199
reference_NY46__paper_roles,2019-03-20 20:00:00,7.56530458775,16.2297664832,0,0,0,12,12,1770,628
reference_NY46__paper_roles,2019-03-20 21:00:00,6.95454900166,14.7338649052,0,0,0,12,12,1309,467
reference_NY46__paper_roles,2019-03-20 22:00:00,11.7106376615,18.0559328279,0,0,0,12,12,5163,851
reference_NY46__paper_roles,2019-03-20 23:00:00,7.52898767344,31.7450847515,0,0,0,12,12,1737,2607
reference_NY46__paper_roles,2019-03-21 00:00:00,6.14456366143,14.4929385968,0,0,0,12,12,816,443
reference_NY46__paper_roles,2019-03-21 01:00:00,4.85852156738,12.6618466919,0,0,0,12,12,323,261
reference_NY46__paper_roles,2019-03-21 02:00:00,7.38297147508,14.1906781785,0,0,0,12,12,1612,409
reference_NY46__paper_roles,2019-03-21 03:00:00,5.06415810835,30.3773797882,0,0,0,12,12,381,2463
reference_NY46__paper_roles,2019-03-21 04:00:00,15.1989351564,45.7880193097,0,0,0,12,12,7009,3881
reference_NY46__paper_roles,2019-03-21 05:00:00,13.6469819033,40.0979864992,0,0,0,12,12,6342,3432
reference_NY46__paper_roles,2019-03-21 06:00:00,10.3255219943,33.8338009831,0,0,0,12,12,4097,2837
reference_NY46__paper_roles,2019-03-21 07:00:00,8.72423663153,21.3488558869,0,0,0,12,12,2707,1317
reference_NY46__paper_roles,2019-03-21 08:00:00,7.45373130753,18.617353729,0,0,0,12,12,1670,915
reference_NY46__paper_roles,2019-03-21 09:00:00,7.41231192217,20.3740383487,0,0,0,12,12,1631,1178
reference_NY46__paper_roles,2019-03-21 10:00:00,7.30101683466,20.8694486371,0,0,0,12,12,1533,1252
reference_NY46__paper_roles,2019-03-21 11:00:00,6.40371252062,18.987641631,0,0,0,12,12,976,980
reference_NY46__paper_roles,2019-03-21 12:00:00,7.70149590679,18.87369063,0,0,0,12,12,1873,962
reference_NY46__paper_roles,2019-03-21 13:00:00,7.39810886533,21.5102724217,0,0,0,12,12,1623,1338
reference_NY46__paper_roles,2019-03-21 14:00:00,7.29709697946,25.7841189995,0,0,0,12,12,1531,1918
reference_NY46__paper_roles,2019-03-21 15:00:00,7.81495610719,21.8209553818,0,0,0,12,12,1952,1379
reference_NY46__paper_roles,2019-03-21 16:00:00,5.99270653748,22.000746913,0,0,0,12,12,744,1412
reference_NY46__paper_roles,2019-03-21 17:00:00,5.73708588485,19.4000272364,0,0,0,12,12,638,1047
reference_NY46__paper_roles,2019-03-21 18:00:00,8.53972817642,25.3546378209,0,0,0,12,12,2552,1862
reference_NY46__paper_roles,2019-03-21 19:00:00,5.68093306086,23.3967481869,0,0,0,12,12,614,1600
reference_NY46__paper_roles,2019-03-21 20:00:00,8.32474044765,21.3615244901,0,0,0,12,12,2372,1319
reference_NY46__paper_roles,2019-03-21 21:00:00,9.50336570941,18.7033982136,0,0,0,12,12,3413,928
reference_NY46__paper_roles,2019-03-21 22:00:00,6.28475318001,20.9350612076,0,0,0,12,12,894,1263
reference_NY46__paper_roles,2019-03-21 23:00:00,6.2708709521,15.922884157,0,0,0,12,12,886,594
reference_NY46__paper_roles,2019-03-22 00:00:00,6.48559282215,13.4199370027,0,0,0,14,13,1027,342
reference_NY46__paper_roles,2019-03-22 01:00:00,6.28458106767,29.0346935095,0,0,0,11,11,892,2316
reference_NY46__paper_roles,2019-03-22 02:00:00,8.88872948063,40.6761918435,0,0,0,12,12,2889,3484
reference_NY46__paper_roles,2019-03-22 03:00:00,8.87670445488,35.7370803043,0,0,0,12,12,2870,3014
reference_NY46__paper_roles,2019-03-22 04:00:00,13.4756099311,34.7687720864,0,0,0,12,12,6239,2934
reference_NY46__paper_roles,2019-03-22 05:00:00,13.8631650676,36.1322691463,0,0,0,12,12,6457,3062
reference_NY46__paper_roles,2019-03-22 06:00:00,10.4554857173,27.1503801877,0,0,0,12,12,4212,2091
reference_NY46__paper_roles,2019-03-22 07:00:00,5.96831470761,21.8769658487,0,0,0,12,12,735,1388
reference_NY46__paper_roles,2019-03-22 08:00:00,6.50352565398,19.8389082422,0,0,0,12,12,1039,1109
reference_NY46__paper_roles,2019-03-22 09:00:00,7.10361043388,22.3318072927,0,0,0,12,12,1404,1458
reference_NY46__paper_roles,2019-03-22 10:00:00,7.90418627533,17.1494693131,0,0,0,12,12,2013,746
reference_NY46__paper_roles,2019-03-22 11:00:00,6.98023203726,19.7799709124,0,0,0,12,12,1327,1106
reference_NY46__paper_roles,2019-03-22 12:00:00,7.38742894233,18.959201427,0,0,0,12,12,1617,974
reference_NY46__paper_roles,2019-03-22 13:00:00,5.92856638332,17.0505345577,0,0,0,12,12,722,732
reference_NY46__paper_roles,2019-03-22 14:00:00,7.25130828815,20.1324796544,0,0,0,12,12,1500,1149
reference_NY46__paper_roles,2019-03-22 15:00:00,8.9950083208,20.0832735005,0,0,0,12,12,2970,1143
reference_NY46__paper_roles,2019-03-22 16:00:00,9.55178326835,21.3127707415,0,0,0,12,12,3455,1311
reference_NY46__paper_roles,2019-03-22 17:00:00,10.1047327532,19.5472863898,0,0,0,12,12,3929,1073
reference_NY46__paper_roles,2019-03-22 18:00:00,9.32548520724,19.002486426,0,0,0,12,12,3252,982
reference_NY46__paper_roles,2019-03-22 19:00:00,7.72284513053,28.0773114412,0,0,0,12,12,1889,2194
reference_NY46__paper_roles,2019-03-22 20:00:00,6.41173489402,24.4752604278,0,0,0,12,12,981,1750
reference_NY46__paper_roles,2019-03-22 21:00:00,5.85909439341,33.3907927037,0,0,0,12,12,685,2785
reference_NY46__paper_roles,2019-03-22 22:00:00,8.84757106145,32.4489574081,0,0,0,12,12,2833,2692
reference_NY46__paper_roles,2019-03-22 23:00:00,8.09243944046,35.5244115062,0,0,0,12,12,2173,2996
reference_NY46__paper_roles,2019-03-23 00:00:00,8.27130411447,27.6843051614,0,0,0,12,12,2318,2155
reference_NY46__paper_roles,2019-03-23 01:00:00,8.52664933573,23.4481791615,0,0,0,12,12,2541,1610
reference_NY46__paper_roles,2019-03-23 02:00:00,8.17265604741,27.576077962,0,0,0,12,12,2242,2140
reference_NY46__paper_roles,2019-03-23 03:00:00,7.88621438618,23.9640787157,0,0,0,12,12,2003,1682
reference_NY46__paper_roles,2019-03-23 04:00:00,9.42685194659,28.4351154184,0,0,0,12,12,3330,2242
reference_NY46__paper_roles,2019-03-23 05:00:00,10.9372586246,41.8616005102,0,0,0,12,12,4589,3569
reference_NY46__paper_roles,2019-03-23 06:00:00,10.6900434318,33.3941102025,0,0,0,12,12,4399,2786
reference_NY46__paper_roles,2019-03-23 07:00:00,10.8588643769,32.5345956048,0,0,0,12,12,4535,2700
reference_NY46__paper_roles,2019-03-23 08:00:00,5.0461290681,10.9033824008,0,0,0,12,12,374,156
reference_NY46__paper_roles,2019-03-23 09:00:00,5.98123740007,10.7678045277,0,0,0,12,12,742,148
reference_NY46__paper_roles,2019-03-23 10:00:00,6.69770391966,10.9361940973,0,0,0,12,12,1151,158
reference_NY46__paper_roles,2019-03-23 11:00:00,7.2596384771,12.6609936722,0,0,0,12,12,1505,260
reference_NY46__paper_roles,2019-03-23 12:00:00,9.54428222783,28.2319944953,0,0,0,12,12,3450,2212
reference_NY46__paper_roles,2019-03-23 13:00:00,8.92402872323,26.5143877884,0,0,0,12,12,2911,2022
reference_NY46__paper_roles,2019-03-23 14:00:00,10.2856134973,31.2298203736,0,0,0,12,12,4063,2557
reference_NY46__paper_roles,2019-03-23 15:00:00,10.0148339835,32.894355553,0,0,0,12,12,3854,2737
reference_NY46__paper_roles,2019-03-23 16:00:00,13.6592961645,46.9240066673,0,0,0,12,12,6354,3958
reference_NY46__paper_roles,2019-03-23 17:00:00,10.9530063158,51.5103231385,0,0,0,12,12,4603,4301
reference_NY46__paper_roles,2019-03-23 18:00:00,9.38602463966,36.2259587242,0,0,0,12,12,3296,3068
reference_NY46__paper_roles,2019-03-23 19:00:00,5.09031116707,16.6427519137,0,0,0,12,12,395,676
reference_NY46__paper_roles,2019-03-23 20:00:00,5.43303253761,30.2211989486,0,0,0,12,12,522,2447
reference_NY46__paper_roles,2019-03-23 21:00:00,8.2508873975,41.5494387805,0,0,0,12,12,2304,3547
reference_NY46__paper_roles,2019-03-23 22:00:00,8.71242876327,27.2656971868,0,0,0,12,12,2692,2106
reference_NY46__paper_roles,2019-03-23 23:00:00,10.472230308,48.473047481,0,0,0,12,12,4222,4080
reference_NY46__paper_roles,2019-03-24 00:00:00,10.5760227089,43.0884267988,0,0,0,12,12,4312,3670
reference_NY46__paper_roles,2019-03-24 01:00:00,11.4944139077,44.2301401722,0,0,0,12,12,5016,3751
reference_NY46__paper_roles,2019-03-24 02:00:00,13.0214708778,34.3652935261,0,0,0,12,12,5992,2892
reference_NY46__paper_roles,2019-03-24 03:00:00,12.4776689507,30.3648155169,0,0,0,12,12,5694,2462
reference_NY46__paper_roles,2019-03-24 04:00:00,13.6774259651,26.6070845343,0,0,0,12,12,6363,2031
reference_NY46__paper_roles,2019-03-24 05:00:00,12.3966586523,23.924205496,0,0,0,12,12,5633,1674
reference_NY46__paper_roles,2019-03-24 06:00:00,9.49980208511,23.5723694801,0,0,0,12,12,3408,1624
reference_NY46__paper_roles,2019-03-24 07:00:00,10.330748953,24.465402321,0,0,0,12,12,4100,1748
reference_NY46__paper_roles,2019-03-24 08:00:00,9.27345663464,20.3882853433,0,0,0,12,12,3206,1181
reference_NY46__paper_roles,2019-03-24 09:00:00,8.92616953865,37.7206523068,0,0,0,12,12,2912,3210
reference_NY46__paper_roles,2019-03-24 10:00:00,11.1955791861,84.9715775917,0,0,0,12,12,4797,5795
reference_NY46__paper_roles,2019-03-24 11:00:00,14.6600802945,126.933257235,0,0,0,12,12,6812,6751
reference_NY46__paper_roles,2019-03-24 12:00:00,15.0935601414,167.846751961,0,0,0,12,12,6970,7243
reference_NY46__paper_roles,2019-03-24 13:00:00,14.8323592088,326.801399615,0,0,0,12,12,6881,8000
reference_NY46__paper_roles,2019-03-24 14:00:00,12.8593522687,196.197148969,0,0,0,13,13,5899,7459
reference_NY46__paper_roles,2019-03-24 15:00:00,13.6169997309,124.846186287,0,0,0,10,10,6327,6707
reference_NY46__paper_roles,2019-03-24 16:00:00,11.6119441914,69.595423927,0,0,0,12,12,5092,5229
reference_NY46__paper_roles,2019-03-24 17:00:00,11.0365740932,59.7134110009,0,0,0,12,12,4668,4782
reference_NY46__paper_roles,2019-03-24 18:00:00,9.74736939525,20.8965704754,0,0,0,12,12,3625,1258
reference_NY46__paper_roles,2019-03-24 19:00:00,10.1028726001,51.5372733743,0,0,0,12,12,3925,4304
reference_NY46__paper_roles,2019-03-24 20:00:00,7.98551749138,21.6571638015,0,0,0,12,12,2082,1359
reference_NY46__paper_roles,2019-03-24 21:00:00,8.7213802382,53.4907481119,0,0,0,12,12,2703,4436
reference_NY46__paper_roles,2019-03-24 22:00:00,8.83595415591,54.5286736694,0,0,0,12,12,2821,4495
reference_NY46__paper_roles,2019-03-24 23:00:00,10.3931209446,78.4550144135,0,0,0,12,12,4157,5565
reference_NY46__paper_roles,2019-03-25 00:00:00,9.66518666411,62.4844086277,0,0,0,12,12,3565,4915
reference_NY46__paper_roles,2019-03-25 01:00:00,8.559062658,40.479778998,0,0,0,12,12,2573,3468
reference_NY46__paper_roles,2019-03-25 02:00:00,13.6567966883,66.3350150078,0,0,0,12,12,6352,5095
reference_NY46__paper_roles,2019-03-25 03:00:00,15.5325673524,82.7342218755,0,0,0,12,12,7144,5714
reference_NY46__paper_roles,2019-03-25 04:00:00,20.4707352186,150.24252996,0,0,0,12,12,8237,7053
reference_NY46__paper_roles,2019-03-25 05:00:00,18.4913982092,151.34233863,0,0,0,12,12,7934,7065
reference_NY46__paper_roles,2019-03-25 06:00:00,15.6540005866,93.2475392922,0,0,0,12,12,7194,6045
reference_NY46__paper_roles,2019-03-25 07:00:00,8.44414769462,141.179327969,0,0,0,12,12,2473,6944
reference_NY46__paper_roles,2019-03-25 08:00:00,6.04118886715,38.3461097273,0,0,0,12,12,770,3269
reference_NY46__paper_roles,2019-03-25 09:00:00,8.2305994027,100.685249348,1,0,0,12,12,2288,6243
reference_NY46__paper_roles,2019-03-25 10:00:00,9.81977957632,37.7330384447,0,0,0,12,12,3687,3211
reference_NY46__paper_roles,2019-03-25 11:00:00,10.7204718714,202.143176674,0,0,0,12,12,4418,7504
reference_NY46__paper_roles,2019-03-25 12:00:00,11.8125927443,48.8743560681,0,0,0,12,12,5236,4117
reference_NY46__paper_roles,2019-03-25 13:00:00,12.9497989748,46.2188216499,0,0,0,12,12,5949,3909
reference_NY46__paper_roles,2019-03-25 14:00:00,12.2110532624,42.4698978861,0,0,0,12,12,5535,3614
reference_NY46__paper_roles,2019-03-25 15:00:00,12.0350475438,30.4641841505,0,0,0,12,12,5419,2470
reference_NY46__paper_roles,2019-03-25 16:00:00,14.3137839665,74.5837712207,0,0,0,12,12,6655,5426
reference_NY46__paper_roles,2019-03-25 17:00:00,11.7163094455,41.1372699152,0,0,0,12,12,5168,3530
reference_NY46__paper_roles,2019-03-25 18:00:00,10.0880465913,18.7673095927,0,0,0,12,12,3911,946
reference_NY46__paper_roles,2019-03-25 19:00:00,5.79339459172,12.7347616189,0,0,0,12,12,659,273
reference_NY46__paper_roles,2019-03-25 20:00:00,10.5381670434,35.1259826112,0,0,0,12,12,4284,2959
reference_NY46__paper_roles,2019-03-25 21:00:00,8.44946607267,15.4647845124,0,0,0,12,12,2479,533
reference_NY46__paper_roles,2019-03-25 22:00:00,10.6736373542,248.000413986,0,0,0,12,12,4387,7750
reference_NY46__paper_roles,2019-03-25 23:00:00,11.4530101135,589.639196193,0,0,0,12,12,4988,8332
reference_NY46__paper_roles,2019-03-26 00:00:00,10.3844467501,340.190879841,1,0,0,12,12,4146,8031
reference_NY46__paper_roles,2019-03-26 01:00:00,7.50673663192,16.8907038404,0,0,0,12,12,1715,710
reference_NY46__paper_roles,2019-03-26 02:00:00,8.67425852436,35.0887595259,0,0,0,12,12,2664,2955
reference_NY46__paper_roles,2019-03-26 03:00:00,9.80365131082,42.4633970233,0,0,0,12,12,3672,3613
reference_NY46__paper_roles,2019-03-26 04:00:00,16.5544209109,53.6196825919,0,0,0,12,12,7503,4442
reference_NY46__paper_roles,2019-03-26 05:00:00,10.0614869875,26.4433737314,0,0,0,12,12,3894,2012
reference_NY46__paper_roles,2019-03-26 06:00:00,7.40940274857,23.7871602789,0,0,0,12,12,1628,1651
reference_NY46__paper_roles,2019-03-26 07:00:00,6.54295940234,47.2812033885,0,0,0,12,12,1056,3984
reference_NY46__paper_roles,2019-03-26 08:00:00,7.34755286234,26.9060032399,0,0,0,12,12,1574,2062
reference_NY46__paper_roles,2019-03-26 09:00:00,9.60757798355,21.9646993345,0,0,0,12,12,3511,1405
reference_NY46__paper_roles,2019-03-26 10:00:00,12.3402582925,79.4608347212,0,0,0,12,12,5597,5601
reference_NY46__paper_roles,2019-03-26 11:00:00,8.31814846424,64.868044505,0,0,0,12,12,2362,5037
reference_NY46__paper_roles,2019-03-26 12:00:00,10.6928495856,76.0289616115,0,0,0,12,12,4400,5486
reference_NY46__paper_roles,2019-03-26 13:00:00,10.5043334987,57.2196071302,0,0,0,12,12,4247,4655
reference_NY46__paper_roles,2019-03-26 14:00:00,7.20105138003,58.597780042,0,0,0,12,12,1472,4723
reference_NY46__paper_roles,2019-03-26 15:00:00,9.5424693171,75.3223194022,0,0,0,12,12,3448,5452
reference_NY46__paper_roles,2019-03-26 16:00:00,10.5184354056,75.1815080137,0,0,0,12,12,4264,5448
reference_NY46__paper_roles,2019-03-26 17:00:00,7.58600936664,25.6664313724,0,0,0,12,12,1781,1899
reference_NY46__paper_roles,2019-03-26 18:00:00,8.04831643009,21.4254863612,0,0,0,12,12,2135,1330
reference_NY46__paper_roles,2019-03-26 19:00:00,6.463040105,19.0914295812,0,0,0,12,12,1015,1001
reference_NY46__paper_roles,2019-03-26 20:00:00,10.5593721206,24.2395247713,0,0,0,12,12,4303,1712
reference_NY46__paper_roles,2019-03-26 21:00:00,11.4145161549,26.8464070379,0,0,0,12,12,4958,2052
reference_NY46__paper_roles,2019-03-26 22:00:00,11.8455631535,41.0102781758,0,0,0,12,12,5261,3515
reference_NY46__paper_roles,2019-03-26 23:00:00,8.2877960102,48.7578751377,0,0,0,12,12,2327,4107
reference_NY46__paper_roles,2019-03-27 00:00:00,8.75197596618,67.9553297366,0,0,0,12,12,2739,5166
reference_NY46__paper_roles,2019-03-27 01:00:00,11.3808374026,133.956263701,1,0,0,12,12,4938,6849
reference_NY46__paper_roles,2019-03-27 02:00:00,8.54455522492,180.301781728,1,0,0,12,12,2558,7348
reference_NY46__paper_roles,2019-03-27 03:00:00,7.68460970442,174.029824718,0,0,0,12,12,1858,7303
reference_NY46__paper_roles,2019-03-27 04:00:00,14.4609117668,34.5290740949,0,0,0,12,12,6740,2907
reference_NY46__paper_roles,2019-03-27 05:00:00,12.4320842285,38.408168078,0,0,0,12,12,5661,3275
reference_NY46__paper_roles,2019-03-27 06:00:00,14.0313706089,28.5693323327,0,0,0,12,12,6537,2263
reference_NY46__paper_roles,2019-03-27 07:00:00,17.5116748082,33.0828531638,0,0,0,12,12,7740,2753
reference_NY46__paper_roles,2019-03-27 08:00:00,11.757428975,38.3303872815,0,0,0,12,12,5199,3266
reference_NY46__paper_roles,2019-03-27 09:00:00,13.6526522883,39.693777408,0,0,0,12,12,6344,3397
reference_NY46__paper_roles,2019-03-27 10:00:00,6.6974798544,25.8854458388,0,0,0,12,12,1150,1938
reference_NY46__paper_roles,2019-03-27 11:00:00,6.64676883463,24.7443764219,0,0,0,12,12,1117,1783
reference_NY46__paper_roles,2019-03-27 12:00:00,5.90299647731,24.5734121975,0,0,0,12,12,712,1761
reference_NY46__paper_roles,2019-03-27 13:00:00,6.98176971458,21.3333955472,0,0,0,12,12,1329,1316
reference_NY46__paper_roles,2019-03-27 14:00:00,8.68124138876,26.3605770421,0,0,0,12,12,2665,2004
reference_NY46__paper_roles,2019-03-27 15:00:00,6.60935604275,21.6083867843,0,0,0,12,12,1096,1352
reference_NY46__paper_roles,2019-03-27 16:00:00,7.30510651392,16.6522614361,0,0,0,12,12,1542,678
reference_NY46__paper_roles,2019-03-27 17:00:00,7.73641337517,16.6371451385,0,0,0,12,12,1902,675
reference_NY46__paper_roles,2019-03-27 18:00:00,8.22996638609,14.7631513092,0,0,0,12,12,2287,469
reference_NY46__paper_roles,2019-03-27 19:00:00,5.9169710036,13.2225980395,0,0,0,12,12,717,319
reference_NY46__paper_roles,2019-03-27 20:00:00,9.50901455078,18.6115124039,0,0,0,12,12,3422,913
reference_NY46__paper_roles,2019-03-27 21:00:00,14.8349677295,29.7322122528,0,0,0,12,12,6885,2398
reference_NY46__paper_roles,2019-03-27 22:00:00,16.8896079702,31.2571237497,0,0,0,12,12,7587,2564
reference_NY46__paper_roles,2019-03-27 23:00:00,12.0460436898,22.2104852789,0,0,0,12,12,5428,1443
reference_NY46__paper_roles,2019-03-28 00:00:00,7.01290978284,11.745283077,0,0,0,12,12,1345,202
reference_NY46__paper_roles,2019-03-28 01:00:00,7.59258600787,20.6498769996,0,0,0,12,12,1787,1223
reference_NY46__paper_roles,2019-03-28 02:00:00,8.04944074327,17.7803156329,0,0,0,12,12,2136,821
reference_NY46__paper_roles,2019-03-28 03:00:00,8.29241766604,19.6046230593,0,0,0,12,12,2331,1083
reference_NY46__paper_roles,2019-03-28 04:00:00,12.9329250733,41.6729109307,0,0,0,12,12,5938,3554
reference_NY46__paper_roles,2019-03-28 05:00:00,11.3919692254,32.0694297158,0,0,0,12,12,4944,2647
reference_NY46__paper_roles,2019-03-28 06:00:00,7.48848660168,18.6672995564,0,0,0,12,12,1704,922
reference_NY46__paper_roles,2019-03-28 07:00:00,7.27022449906,17.1819935781,0,0,0,12,12,1509,749
reference_NY46__paper_roles,2019-03-28 08:00:00,6.94834964121,20.9179825848,0,0,0,12,12,1301,1261
reference_NY46__paper_roles,2019-03-28 09:00:00,7.58597123944,22.0374399003,0,0,0,12,12,1780,1417
reference_NY46__paper_roles,2019-03-28 10:00:00,7.90069937313,22.8076207168,0,0,0,12,12,2010,1518
reference_NY46__paper_roles,2019-03-28 11:00:00,8.88440361329,35.6436324322,0,0,0,12,12,2879,3006
reference_NY46__paper_roles,2019-03-28 12:00:00,7.4219949888,23.6172375298,0,0,0,12,12,1641,1628
reference_NY46__paper_roles,2019-03-28 13:00:00,7.33439110828,20.8903740764,0,0,0,12,12,1564,1255
reference_NY46__paper_roles,2019-03-28 14:00:00,8.0927384106,30.8237342445,0,0,0,12,12,2174,2518
reference_NY46__paper_roles,2019-03-28 15:00:00,8.03483960129,20.4357223134,0,0,0,12,12,2121,1190
reference_NY46__paper_roles,2019-03-28 16:00:00,8.11312791472,19.3828692066,0,0,0,12,12,2198,1045
reference_NY46__paper_roles,2019-03-28 17:00:00,7.55409434812,22.2776760918,0,0,0,12,12,1761,1450
reference_NY46__paper_roles,2019-03-28 18:00:00,7.856903646,21.5123445728,0,0,0,12,12,1978,1339
reference_NY46__paper_roles,2019-03-28 19:00:00,7.304026912,20.5849436419,0,0,0,12,12,1539,1209
reference_NY46__paper_roles,2019-03-28 20:00:00,6.5345944704,18.2582427106,0,0,0,12,12,1051,872
reference_NY46__paper_roles,2019-03-28 21:00:00,7.90811757684,19.0388538149,0,0,0,12,12,2016,990
reference_NY46__paper_roles,2019-03-28 22:00:00,17.4608563093,34.1238207869,0,0,0,12,12,7724,2867
reference_NY46__paper_roles,2019-03-28 23:00:00,8.95549620163,36.1864361284,0,0,0,12,12,2946,3064
reference_NY46__paper_roles,2019-03-29 00:00:00,7.43164431531,21.0637806161,0,0,0,12,12,1647,1279
reference_NY46__paper_roles,2019-03-29 01:00:00,10.0900718207,13.1535819276,0,0,0,12,12,3915,309
reference_NY46__paper_roles,2019-03-29 02:00:00,10.0818614243,13.2535882611,0,0,0,12,12,3907,322
reference_NY46__paper_roles,2019-03-29 03:00:00,12.6020935086,24.7869918809,0,0,0,12,12,5755,1789
reference_NY46__paper_roles,2019-03-29 04:00:00,17.390070477,46.8970646409,0,0,0,12,12,7712,3954
reference_NY46__paper_roles,2019-03-29 05:00:00,17.3687153491,51.8244320214,0,0,0,12,12,7707,4321
reference_NY46__paper_roles,2019-03-29 06:00:00,10.1514278184,36.7256870311,0,0,0,12,12,3963,3119
reference_NY46__paper_roles,2019-03-29 07:00:00,4.56698422986,18.1876210286,0,0,0,12,12,241,863
reference_NY46__paper_roles,2019-03-29 08:00:00,9.01357369052,28.4565623362,0,0,0,12,12,2980,2245
reference_NY46__paper_roles,2019-03-29 09:00:00,9.60767319446,26.3836206388,0,0,0,12,12,3512,2006
reference_NY46__paper_roles,2019-03-29 10:00:00,8.65043789239,23.1986787866,0,0,0,12,12,2644,1572
reference_NY46__paper_roles,2019-03-29 11:00:00,7.6437361335,15.2974684173,0,0,0,12,12,1829,518
reference_NY46__paper_roles,2019-03-29 12:00:00,6.59364243803,13.3593577161,0,0,0,13,13,1082,334
reference_NY46__paper_roles,2019-03-29 13:00:00,6.66275658072,12.7264889625,0,0,0,12,12,1130,272
reference_NY46__paper_roles,2019-03-29 14:00:00,6.4381187806,14.3138819573,0,0,0,13,12,996,422
reference_NY46__paper_roles,2019-03-29 15:00:00,7.41743902385,14.3335611906,0,0,0,12,12,1637,424
reference_NY46__paper_roles,2019-03-29 16:00:00,7.64026879596,13.8967951517,0,0,0,12,12,1828,376
reference_NY46__paper_roles,2019-03-29 17:00:00,8.1938694477,16.3149129444,0,0,0,12,12,2261,636
reference_NY46__paper_roles,2019-03-29 18:00:00,8.81647189924,19.2232965021,0,0,0,12,12,2805,1020
reference_NY46__paper_roles,2019-03-29 19:00:00,10.225655122,25.340742473,0,0,0,12,12,4024,1861
reference_NY46__paper_roles,2019-03-29 20:00:00,10.1198686693,16.4343988219,0,0,0,12,12,3939,651
reference_NY46__paper_roles,2019-03-29 21:00:00,6.20898964259,9.65513393777,0,0,0,12,12,848,101
reference_NY46__paper_roles,2019-03-29 22:00:00,12.1720095261,17.9134563019,0,0,0,12,12,5505,837
reference_NY46__paper_roles,2019-03-29 23:00:00,11.0770873698,14.2967047235,0,0,0,12,12,4692,419
reference_NY46__paper_roles,2019-03-30 00:00:00,8.35462836358,19.0711071527,0,0,0,12,12,2395,993
reference_NY46__paper_roles,2019-03-30 01:00:00,7.89773082449,21.8836623856,0,0,0,12,12,2008,1390
reference_NY46__paper_roles,2019-03-30 02:00:00,7.15172524047,14.9672044251,0,0,0,12,12,1436,486
reference_NY46__paper_roles,2019-03-30 03:00:00,7.45905306618,16.6493209823,0,0,0,12,12,1675,677
reference_NY46__paper_roles,2019-03-30 04:00:00,9.43205099036,16.9518949088,0,0,0,12,12,3335,718
reference_NY46__paper_roles,2019-03-30 05:00:00,10.1811648673,22.3306263726,0,0,0,12,12,3992,1457
reference_NY46__paper_roles,2019-03-30 06:00:00,10.9170182564,20.2303095607,0,0,0,12,12,4580,1163
reference_NY46__paper_roles,2019-03-30 07:00:00,16.5102683615,33.4500697302,0,0,0,12,12,7484,2795
reference_NY46__paper_roles,2019-03-30 08:00:00,10.6118723,34.6730691595,0,0,0,12,12,4340,2921
reference_NY46__paper_roles,2019-03-30 09:00:00,11.3068877869,30.7453791209,0,0,0,12,12,4875,2506
reference_NY46__paper_roles,2019-03-30 10:00:00,10.957932152,48.9804620789,0,0,0,12,12,4609,4125
reference_NY46__paper_roles,2019-03-30 11:00:00,11.76449731,83.3918456972,0,0,0,12,12,5209,5736
reference_NY46__paper_roles,2019-03-30 12:00:00,9.9081550766,85.297046712,0,0,0,12,12,3769,5808
reference_NY46__paper_roles,2019-03-30 13:00:00,9.617324739,124.624531816,0,0,0,12,12,3525,6704
reference_NY46__paper_roles,2019-03-30 14:00:00,10.3060004783,98.1473261463,0,0,0,12,12,4079,6175
reference_NY46__paper_roles,2019-03-30 15:00:00,9.72027289255,57.1008768704,0,0,0,12,12,3609,4647
reference_NY46__paper_roles,2019-03-30 16:00:00,8.12929331578,26.7738014242,0,0,0,12,12,2203,2046
reference_NY46__paper_roles,2019-03-30 17:00:00,9.02673801007,30.3789549663,0,0,0,12,12,2991,2464
reference_NY46__paper_roles,2019-03-30 18:00:00,7.98135789294,21.9677480644,0,0,0,12,12,2078,1406
reference_NY46__paper_roles,2019-03-30 19:00:00,9.36964312213,22.2055315046,0,0,0,12,12,3280,1442
reference_NY46__paper_roles,2019-03-30 20:00:00,10.5282687038,41.8719373299,0,0,0,12,12,4270,3571
reference_NY46__paper_roles,2019-03-30 21:00:00,13.4683394972,61.7043629345,0,0,0,12,12,6232,4879
reference_NY46__paper_roles,2019-03-30 22:00:00,12.248575864,51.6045786779,0,0,0,12,12,5556,4306
reference_NY46__paper_roles,2019-03-30 23:00:00,10.2111493305,36.4938585997,0,0,0,12,12,4013,3094
reference_NY46__paper_roles,2019-03-31 00:00:00,9.08884271543,34.7455083387,0,0,0,12,12,3034,2931
reference_NY46__paper_roles,2019-03-31 01:00:00,9.91537023343,28.2600898597,0,0,0,12,12,3774,2220
reference_NY46__paper_roles,2019-03-31 02:00:00,13.4788323339,33.2083516516,0,0,0,12,12,6241,2768
reference_NY46__paper_roles,2019-03-31 03:00:00,16.5494696358,39.1375699597,0,0,0,12,12,7500,3349
reference_NY46__paper_roles,2019-03-31 04:00:00,15.0723872245,39.4060190866,0,0,0,11,11,6965,3376
reference_NY46__paper_roles,2019-03-31 05:00:00,13.2584030399,27.2001988853,0,0,0,12,12,6114,2097
reference_NY46__paper_roles,2019-03-31 06:00:00,13.2592171282,25.6144314319,0,0,0,12,12,6115,1889
reference_NY46__paper_roles,2019-03-31 07:00:00,16.5657423694,48.7008945797,0,0,0,12,12,7506,4101
reference_NY46__paper_roles,2019-03-31 08:00:00,12.8159865422,45.5861360789,0,0,0,12,12,5874,3860
reference_NY46__paper_roles,2019-03-31 09:00:00,8.70256913786,31.7329273601,0,0,0,12,12,2680,2605
reference_NY46__paper_roles,2019-03-31 10:00:00,11.6835367512,47.8554108365,0,0,0,12,12,5146,4030
reference_NY46__paper_roles,2019-03-31 11:00:00,10.8320895272,33.3165102341,0,0,0,12,12,4509,2780
reference_NY46__paper_roles,2019-03-31 12:00:00,10.3121813485,25.3834424096,0,0,0,12,12,4085,1864
reference_NY46__paper_roles,2019-03-31 13:00:00,9.79744642371,54.5669561177,0,0,0,12,12,3665,4499
reference_NY46__paper_roles,2019-03-31 14:00:00,10.3819161317,98.9845858038,0,0,0,13,13,4142,6192
reference_NY46__paper_roles,2019-03-31 15:00:00,10.7311320188,132.582332829,0,0,0,12,12,4424,6830
reference_NY46__paper_roles,2019-03-31 16:00:00,10.4850825124,107.866672254,0,0,0,12,12,4226,6394
reference_NY46__paper_roles,2019-03-31 17:00:00,8.87577546348,70.5872427347,0,0,0,12,12,2867,5272
reference_NY46__paper_roles,2019-03-31 18:00:00,9.86450280905,60.9845412694,0,0,0,12,12,3732,4840
reference_NY46__paper_roles,2019-03-31 19:00:00,8.79425650627,32.7716819623,0,0,0,12,12,2778,2727
reference_NY46__paper_roles,2019-03-31 20:00:00,11.1218090308,49.3016759769,0,0,0,12,12,4728,4151
reference_NY46__paper_roles,2019-03-31 21:00:00,15.6954403352,26.714984281,0,0,0,12,12,7214,2041
reference_NY46__paper_roles,2019-03-31 22:00:00,7.33807900609,42.3599172015,0,0,0,12,12,1567,3605
reference_NY46__paper_roles,2019-03-31 23:00:00,12.731081337,60.6133745771,0,0,0,12,12,5821,4819
reference_NY46__paper_roles,2019-04-01 00:00:00,13.1862793951,45.4824467106,0,0,0,12,12,6075,3855
reference_NY46__paper_roles,2019-04-01 01:00:00,10.2946719444,38.7750984686,0,0,0,12,12,4071,3309
reference_NY46__paper_roles,2019-04-01 02:00:00,14.7957105785,35.1686410206,0,0,0,12,12,6861,2965
reference_NY46__paper_roles,2019-04-01 03:00:00,13.3106231442,37.457643354,0,0,0,12,12,6141,3179
reference_NY46__paper_roles,2019-04-01 04:00:00,17.8583683854,40.883390492,0,0,0,12,12,7819,3506
reference_NY46__paper_roles,2019-04-01 05:00:00,21.9609246655,60.4305070362,0,0,0,12,12,8403,4812
reference_NY46__paper_roles,2019-04-01 06:00:00,16.2480557206,43.5741235904,0,0,0,12,12,7402,3705
reference_NY46__paper_roles,2019-04-01 07:00:00,12.4229064211,28.5490471928,0,0,0,12,12,5654,2260
reference_NY46__paper_roles,2019-04-01 08:00:00,10.9556622813,23.1971316905,0,0,0,12,12,4607,1570
reference_NY46__paper_roles,2019-04-01 09:00:00,7.43753610995,26.3328634551,0,0,0,12,12,1653,1998
reference_NY46__paper_roles,2019-04-01 10:00:00,7.08430273584,22.6697840927,0,0,0,12,12,1392,1502
reference_NY46__paper_roles,2019-04-01 11:00:00,6.24411407775,20.1793696066,0,0,0,12,12,868,1156
reference_NY46__paper_roles,2019-04-01 12:00:00,8.01553677839,23.3886324312,0,0,0,12,12,2110,1599
reference_NY46__paper_roles,2019-04-01 13:00:00,6.16681048417,20.9353327661,0,0,0,12,12,826,1264
reference_NY46__paper_roles,2019-04-01 14:00:00,8.29943653884,27.2098153863,0,0,0,12,12,2342,2099
reference_NY46__paper_roles,2019-04-01 15:00:00,9.42291450274,23.3383110401,0,0,0,12,12,3325,1593
reference_NY46__paper_roles,2019-04-01 16:00:00,8.27208108067,56.8460770914,0,0,0,12,12,2319,4633
reference_NY46__paper_roles,2019-04-01 17:00:00,6.44094020704,15.9415475525,0,0,0,12,12,1000,598
reference_NY46__paper_roles,2019-04-01 18:00:00,8.62422106522,39.8736479424,0,0,0,12,12,2628,3417
reference_NY46__paper_roles,2019-04-01 19:00:00,7.07422439822,25.8528971242,0,0,0,12,12,1387,1930
reference_NY46__paper_roles,2019-04-01 20:00:00,8.37043978469,22.3993516202,0,0,0,12,12,2408,1469
reference_NY46__paper_roles,2019-04-01 21:00:00,9.19150161985,20.3955892175,0,0,0,12,12,3129,1182
reference_NY46__paper_roles,2019-04-01 22:00:00,16.3195094539,42.3080559817,0,0,0,12,12,7421,3601
reference_NY46__paper_roles,2019-04-01 23:00:00,11.8442441081,30.7725891851,0,0,0,12,12,5257,2510
reference_NY46__paper_roles,2019-04-02 00:00:00,9.47399744004,22.238105925,0,0,0,12,12,3378,1445
reference_NY46__paper_roles,2019-04-02 01:00:00,9.59013445671,27.6294157279,0,0,0,12,12,3490,2148
reference_NY46__paper_roles,2019-04-02 02:00:00,14.4719653346,31.8370170747,0,0,0,12,12,6745,2620
reference_NY46__paper_roles,2019-04-02 03:00:00,16.8359284317,31.8333276985,0,0,0,12,12,7576,2618
reference_NY46__paper_roles,2019-04-02 04:00:00,21.571627683,49.241549107,0,0,0,12,12,8363,4146
reference_NY46__paper_roles,2019-04-02 05:00:00,25.2052080309,71.0968465233,0,0,0,12,12,8590,5288
reference_NY46__paper_roles,2019-04-02 06:00:00,9.5239919077,21.2702678464,0,0,0,12,12,3437,1305
reference_NY46__paper_roles,2019-04-02 07:00:00,9.5473192563,16.5116765758,0,0,0,12,12,3451,661
reference_NY46__paper_roles,2019-04-02 08:00:00,5.88428067342,15.1720198507,0,0,0,12,12,699,506
reference_NY46__paper_roles,2019-04-02 09:00:00,6.97096062527,27.50311796,0,0,0,12,12,1319,2133
reference_NY46__paper_roles,2019-04-02 10:00:00,6.75594697541,41.1063682291,0,0,0,12,12,1188,3528
reference_NY46__paper_roles,2019-04-02 11:00:00,8.48012073729,46.266617504,0,0,0,12,12,2501,3911
reference_NY46__paper_roles,2019-04-02 12:00:00,13.5300792487,61.8619000872,0,0,0,12,12,6277,4886
reference_NY46__paper_roles,2019-04-02 13:00:00,13.8453566873,61.1429992694,0,0,0,12,12,6447,4848
reference_NY46__paper_roles,2019-04-02 14:00:00,12.7953979632,50.4031515217,0,0,0,12,12,5855,4222
reference_NY46__paper_roles,2019-04-02 15:00:00,14.1578395359,45.049133993,0,0,0,12,12,6595,3816
reference_NY46__paper_roles,2019-04-02 16:00:00,12.2104338151,49.1462256099,0,0,0,12,12,5534,4139
reference_NY46__paper_roles,2019-04-02 17:00:00,10.8206126322,49.2845131871,0,0,0,12,12,4497,4149
reference_NY46__paper_roles,2019-04-02 18:00:00,10.9881468646,51.6116396,0,0,0,12,12,4639,4307
reference_NY46__paper_roles,2019-04-02 19:00:00,9.83001575202,46.0189078418,0,0,0,12,12,3697,3896
reference_NY46__paper_roles,2019-04-02 20:00:00,8.81237852269,26.1611819212,0,0,0,12,12,2800,1975
reference_NY46__paper_roles,2019-04-02 21:00:00,11.0417620924,22.2647375107,0,0,0,12,12,4671,1448
reference_NY46__paper_roles,2019-04-02 22:00:00,13.8719673556,31.4736005128,0,0,0,12,12,6462,2582
reference_NY46__paper_roles,2019-04-02 23:00:00,12.7227591699,29.4209645933,0,0,0,12,12,5815,2369
reference_NY46__paper_roles,2019-04-03 00:00:00,6.34490178006,17.7424279146,0,0,0,12,12,926,815
reference_NY46__paper_roles,2019-04-03 01:00:00,7.82770399243,36.1300933722,0,0,0,12,12,1960,3061
reference_NY46__paper_roles,2019-04-03 02:00:00,6.47491644171,19.092672588,0,0,0,12,12,1022,1002
reference_NY46__paper_roles,2019-04-03 03:00:00,10.2677555753,25.65679441,0,0,0,12,12,4054,1897
reference_NY46__paper_roles,2019-04-03 04:00:00,17.9919863407,50.2963868931,0,0,0,12,12,7854,4215
reference_NY46__paper_roles,2019-04-03 05:00:00,18.5190513107,55.3682785317,0,0,0,12,12,7941,4544
reference_NY46__paper_roles,2019-04-03 06:00:00,12.3153410014,52.1647443424,0,0,0,12,12,5585,4345
reference_NY46__paper_roles,2019-04-03 07:00:00,9.15682637919,46.4375165303,0,0,0,12,12,3100,3926
reference_NY46__paper_roles,2019-04-03 08:00:00,10.3286556273,66.9064069563,0,0,0,12,12,4098,5116
reference_NY46__paper_roles,2019-04-03 09:00:00,9.24188502363,73.2153895655,0,0,0,12,12,3179,5361
reference_NY46__paper_roles,2019-04-03 10:00:00,9.83709347838,95.8421422511,0,0,0,12,12,3702,6123
reference_NY46__paper_roles,2019-04-03 11:00:00,10.5391075092,128.11538845,0,0,0,12,12,4286,6765
reference_NY46__paper_roles,2019-04-03 12:00:00,11.4691326166,142.803091028,0,0,0,12,12,4999,6965
reference_NY46__paper_roles,2019-04-03 13:00:00,13.0490263288,160.904887742,0,0,0,12,12,6004,7173
reference_NY46__paper_roles,2019-04-03 14:00:00,10.8295698972,143.030113128,0,0,0,12,12,4507,6968
reference_NY46__paper_roles,2019-04-03 15:00:00,12.5118812704,135.705123624,0,0,0,12,12,5709,6872
reference_NY46__paper_roles,2019-04-03 16:00:00,13.0638783293,128.083322672,0,0,0,12,12,6016,6764
reference_NY46__paper_roles,2019-04-03 17:00:00,13.3674039304,123.7994438,0,0,0,12,12,6172,6693
reference_NY46__paper_roles,2019-04-03 18:00:00,12.8426720859,100.240856926,0,0,0,12,12,5888,6233
reference_NY46__paper_roles,2019-04-03 19:00:00,12.6253955374,134.201360184,0,0,0,12,12,5768,6851
reference_NY46__paper_roles,2019-04-03 20:00:00,13.7508418404,154.068119559,0,0,0,12,12,6399,7098
reference_NY46__paper_roles,2019-04-03 21:00:00,15.1507734734,172.874904315,0,0,0,12,12,6996,7290
reference_NY46__paper_roles,2019-04-03 22:00:00,16.9873719154,140.609934137,0,0,0,12,12,7620,6937
reference_NY46__paper_roles,2019-04-03 23:00:00,15.3172200885,179.935737247,0,0,0,12,12,7056,7345
reference_NY46__paper_roles,2019-04-04 00:00:00,10.1400131744,87.2778632753,0,0,0,12,12,3954,5860
reference_NY46__paper_roles,2019-04-04 01:00:00,10.4011546138,108.140112848,0,0,0,12,12,4167,6396
reference_NY46__paper_roles,2019-04-04 02:00:00,11.268449671,86.3742578532,0,0,0,12,12,4841,5846
reference_NY46__paper_roles,2019-04-04 03:00:00,11.9424775078,92.804713935,0,0,0,12,12,5356,6033
reference_NY46__paper_roles,2019-04-04 04:00:00,28.3509814078,337.754944237,0,0,0,12,12,8678,8027
reference_NY46__paper_roles,2019-04-04 05:00:00,22.7979627006,289.53886846,0,0,0,12,12,8465,7903
reference_NY46__paper_roles,2019-04-04 06:00:00,13.0092570464,100.875925211,0,0,0,12,12,5982,6251
reference_NY46__paper_roles,2019-04-04 07:00:00,13.8171244103,81.372761922,0,0,0,12,12,6430,5682
reference_NY46__paper_roles,2019-04-04 08:00:00,14.7522765294,95.0772855888,0,0,0,12,12,6846,6102
reference_NY46__paper_roles,2019-04-04 09:00:00,16.5538723314,300.757656339,0,0,0,12,12,7502,7926
reference_NY46__paper_roles,2019-04-04 10:00:00,16.5199060815,142.933600905,0,0,0,12,12,7487,6967
reference_NY46__paper_roles,2019-04-04 11:00:00,17.4936472289,117.781882466,0,0,0,12,12,7735,6560
reference_NY46__paper_roles,2019-04-04 12:00:00,16.9596377578,163.809538954,0,0,0,13,12,7606,7209
reference_NY46__paper_roles,2019-04-04 13:00:00,13.1194963844,230.356778693,0,0,0,12,12,6039,7659
reference_NY46__paper_roles,2019-04-04 14:00:00,19.0025613567,768.237019982,0,0,0,12,12,8018,8427
reference_NY46__paper_roles,2019-04-04 15:00:00,16.8873030014,15135.6313425,1,0,0,12,12,7586,8740
reference_NY46__paper_roles,2019-04-04 16:00:00,15.1476367198,2263.74529877,0,0,0,12,12,6995,8637
reference_NY46__paper_roles,2019-04-04 17:00:00,15.8632631543,485.973014124,0,0,0,12,12,7278,8234
reference_NY46__paper_roles,2019-04-04 18:00:00,14.2713715168,371.079971073,0,0,0,12,12,6638,8103
reference_NY46__paper_roles,2019-04-04 19:00:00,13.3352133818,54.8634487786,0,0,0,12,12,6154,4514
reference_NY46__paper_roles,2019-04-04 20:00:00,15.5822423391,75.9422385906,0,0,0,12,12,7160,5481
reference_NY46__paper_roles,2019-04-04 21:00:00,21.3574347108,49.489860202,0,0,0,12,12,8343,4163
reference_NY46__paper_roles,2019-04-04 22:00:00,15.8866990887,59.2304273423,0,0,0,12,12,7285,4753
reference_NY46__paper_roles,2019-04-04 23:00:00,18.6378209666,166.85304695,0,0,0,12,12,7957,7235
reference_NY46__paper_roles,2019-04-05 00:00:00,9.7713126455,126.67624392,0,0,0,12,12,3642,6742
reference_NY46__paper_roles,2019-04-05 01:00:00,9.54226263287,93.5214961259,0,0,0,12,12,3447,6053
reference_NY46__paper_roles,2019-04-05 02:00:00,11.4662970053,100.828464679,0,0,0,12,12,4998,6248
reference_NY46__paper_roles,2019-04-05 03:00:00,12.9725780652,126.864006382,0,0,0,12,12,5963,6749
reference_NY46__paper_roles,2019-04-05 04:00:00,21.9228540116,107.835861763,0,0,0,12,12,8395,6393
reference_NY46__paper_roles,2019-04-05 05:00:00,27.4785728567,145.108147194,0,0,0,12,12,8663,6988
reference_NY46__paper_roles,2019-04-05 06:00:00,8.57254583536,39.8140271581,0,0,0,13,12,2584,3412
reference_NY46__paper_roles,2019-04-05 07:00:00,11.6378606453,26.5155636797,0,0,0,12,12,5108,2023
reference_NY46__paper_roles,2019-04-05 08:00:00,14.8931341858,46.4741953428,0,0,0,12,12,6906,3929
reference_NY46__paper_roles,2019-04-05 09:00:00,15.829863706,64.3899718123,0,0,0,13,13,7263,5003
reference_NY46__paper_roles,2019-04-05 10:00:00,13.3061361576,133.893233551,0,0,0,12,12,6137,6847
reference_NY46__paper_roles,2019-04-05 11:00:00,13.4044349514,229.655361139,0,0,0,12,12,6199,7656
reference_NY46__paper_roles,2019-04-05 12:00:00,12.4827102668,205.425311708,0,0,0,12,12,5697,7525
reference_NY46__paper_roles,2019-04-05 13:00:00,11.93285321,129.56963547,0,0,0,12,12,5346,6792
reference_NY46__paper_roles,2019-04-05 14:00:00,14.8708535261,117.106477211,0,0,0,12,12,6900,6545
reference_NY46__paper_roles,2019-04-05 15:00:00,18.6761078545,77.8637784822,0,0,0,12,12,7961,5545
reference_NY46__paper_roles,2019-04-05 16:00:00,20.3039980448,92.9035000771,0,0,0,12,11,8214,6036
reference_NY46__paper_roles,2019-04-05 17:00:00,18.74445624,69.3159441037,0,0,0,12,12,7972,5219
reference_NY46__paper_roles,2019-04-05 18:00:00,16.1326304195,47.2797235356,0,0,0,12,12,7364,3983
reference_NY46__paper_roles,2019-04-05 19:00:00,17.7312296304,46.4758280674,0,0,0,12,12,7790,3930
reference_NY46__paper_roles,2019-04-05 20:00:00,23.0865352831,55.422011413,0,0,0,12,12,8478,4549
reference_NY46__paper_roles,2019-04-05 21:00:00,16.1518527021,46.3224047085,0,0,0,12,12,7368,3913
reference_NY46__paper_roles,2019-04-05 22:00:00,27.5026589101,67.9067934513,0,0,0,12,12,8664,5162
reference_NY46__paper_roles,2019-04-05 23:00:00,21.4291542147,61.633802625,0,0,0,12,12,8352,4872
reference_NY46__paper_roles,2019-04-06 00:00:00,7.43737312207,20.8151410945,0,0,0,12,12,1652,1247
reference_NY46__paper_roles,2019-04-06 01:00:00,6.95861410258,12.5757828877,0,0,0,12,12,1313,252
reference_NY46__paper_roles,2019-04-06 02:00:00,6.74854566664,29.657249366,0,0,0,12,12,1184,2390
reference_NY46__paper_roles,2019-04-06 03:00:00,8.92809671936,58.5616962795,0,0,0,12,12,2916,4721
reference_NY46__paper_roles,2019-04-06 04:00:00,11.8387610074,47.1509286522,0,0,0,12,12,5248,3970
reference_NY46__paper_roles,2019-04-06 05:00:00,14.1332637936,68.5280485768,0,0,0,13,12,6585,5195
reference_NY46__paper_roles,2019-04-06 06:00:00,14.8740710631,51.9356379191,0,0,0,12,12,6902,4327
reference_NY46__paper_roles,2019-04-06 07:00:00,17.1826724523,69.5771738841,0,0,0,12,12,7669,5228
reference_NY46__paper_roles,2019-04-06 08:00:00,5.06125431013,12.6319873075,0,0,0,12,12,380,255
reference_NY46__paper_roles,2019-04-06 09:00:00,4.44659257283,33.0675631604,0,0,0,12,12,205,2752
reference_NY46__paper_roles,2019-04-06 10:00:00,7.95894402901,100.684621414,0,0,0,12,12,2059,6242
reference_NY46__paper_roles,2019-04-06 11:00:00,11.301311151,207.76045351,0,0,0,12,12,4868,7536
reference_NY46__paper_roles,2019-04-06 12:00:00,14.2048125825,343.041417723,0,0,0,12,12,6613,8042
reference_NY46__paper_roles,2019-04-06 13:00:00,14.9155706053,192.338954452,0,0,0,12,12,6915,7428
reference_NY46__paper_roles,2019-04-06 14:00:00,21.2181671715,228.920255154,0,0,0,12,12,8331,7654
reference_NY46__paper_roles,2019-04-06 15:00:00,21.1428066574,254.175675644,0,0,0,12,12,8322,7771
reference_NY46__paper_roles,2019-04-06 16:00:00,14.9029218771,169.610600897,0,0,0,12,12,6908,7260
reference_NY46__paper_roles,2019-04-06 17:00:00,19.6793629699,153.109523327,0,0,0,12,12,8126,7087
reference_NY46__paper_roles,2019-04-06 18:00:00,13.5703771519,125.630477654,0,0,0,12,12,6300,6719
reference_NY46__paper_roles,2019-04-06 19:00:00,9.10745893996,59.0234070786,0,0,0,12,12,3052,4742
reference_NY46__paper_roles,2019-04-06 20:00:00,5.52052499896,28.9730083021,0,0,0,12,12,546,2310
reference_NY46__paper_roles,2019-04-06 21:00:00,7.20843526286,40.5282055437,0,0,0,12,12,1478,3472
reference_NY46__paper_roles,2019-04-06 22:00:00,9.70524080637,52.4052775936,0,0,0,12,12,3593,4360
reference_NY46__paper_roles,2019-04-06 23:00:00,10.6425958292,91.2699432226,0,0,0,12,12,4362,5975
reference_NY46__paper_roles,2019-04-07 00:00:00,8.85226575724,46.1455923909,0,0,0,12,12,2839,3906
reference_NY46__paper_roles,2019-04-07 01:00:00,12.4458879725,65.6902027459,0,0,0,12,12,5671,5066
reference_NY46__paper_roles,2019-04-07 02:00:00,13.524708837,74.4217626427,0,0,0,12,12,6273,5422
reference_NY46__paper_roles,2019-04-07 03:00:00,11.7584424298,55.6803204525,0,0,0,12,12,5201,4568
reference_NY46__paper_roles,2019-04-07 04:00:00,15.7953160341,63.6188302629,0,0,0,12,12,7251,4970
reference_NY46__paper_roles,2019-04-07 05:00:00,13.7551173149,53.5319799509,0,0,0,12,12,6402,4439
reference_NY46__paper_roles,2019-04-07 06:00:00,15.5257801988,42.544155618,0,0,0,12,12,7140,3622
reference_NY46__paper_roles,2019-04-07 07:00:00,13.8590791452,66.7735207896,0,0,0,12,12,6452,5111
reference_NY46__paper_roles,2019-04-07 08:00:00,10.812334328,112.0353539,0,0,0,12,12,4494,6468
reference_NY46__paper_roles,2019-04-07 09:00:00,15.8972852715,157.330456664,0,0,0,12,12,7289,7134
reference_NY46__paper_roles,2019-04-07 10:00:00,13.9622109934,170.701689625,0,0,0,12,12,6509,7269
reference_NY46__paper_roles,2019-04-07 11:00:00,16.5370717545,158.85082577,0,0,0,12,12,7495,7151
reference_NY46__paper_roles,2019-04-07 12:00:00,16.1582257758,235.014153432,0,0,0,12,12,7370,7685
reference_NY46__paper_roles,2019-04-07 13:00:00,19.2670423295,283.904650663,0,0,0,12,12,8061,7875
reference_NY46__paper_roles,2019-04-07 14:00:00,19.3885147621,228.409659532,0,0,0,12,12,8080,7651
reference_NY46__paper_roles,2019-04-07 15:00:00,17.4890907818,245.592311799,0,0,0,13,13,7732,7735
reference_NY46__paper_roles,2019-04-07 16:00:00,15.6495039328,121.080387708,0,0,0,10,10,7189,6637
reference_NY46__paper_roles,2019-04-07 17:00:00,13.9308611282,97.5159363207,0,0,0,12,12,6490,6165
reference_NY46__paper_roles,2019-04-07 18:00:00,8.2572130515,63.3042392888,0,0,0,12,12,2308,4958
reference_NY46__paper_roles,2019-04-07 19:00:00,9.75780336618,55.9946259844,0,0,0,12,12,3631,4584
reference_NY46__paper_roles,2019-04-07 20:00:00,5.99867447664,41.8970525632,0,0,0,12,12,749,3573
reference_NY46__paper_roles,2019-04-07 21:00:00,6.44794100999,30.386383854,0,0,0,12,12,1004,2465
reference_NY46__paper_roles,2019-04-07 22:00:00,10.7967596068,47.4096020193,0,0,0,12,12,4481,4001
reference_NY46__paper_roles,2019-04-07 23:00:00,8.07025455836,75.9323640737,0,0,0,12,12,2150,5479
reference_NY46__paper_roles,2019-04-08 00:00:00,11.8835899285,88.8008589448,0,0,0,12,12,5301,5905
reference_NY46__paper_roles,2019-04-08 01:00:00,14.7123663861,126.633669897,0,0,0,12,12,6827,6738
reference_NY46__paper_roles,2019-04-08 02:00:00,16.170716955,150.274584873,0,0,0,12,12,7377,7054
reference_NY46__paper_roles,2019-04-08 03:00:00,15.4805985419,128.924571118,0,0,0,12,12,7124,6779
reference_NY46__paper_roles,2019-04-08 04:00:00,23.3046598328,213.088271579,0,0,0,12,12,8499,7564
reference_NY46__paper_roles,2019-04-08 05:00:00,27.2570690345,216.081097002,0,0,0,12,12,8656,7580
reference_NY46__paper_roles,2019-04-08 06:00:00,15.1264103183,216.400943862,0,0,0,12,12,6986,7583
reference_NY46__paper_roles,2019-04-08 07:00:00,13.6611108093,183.885781718,0,0,0,12,12,6356,7371
reference_NY46__paper_roles,2019-04-08 08:00:00,13.9166214978,146.247702818,0,0,0,12,12,6484,7008
reference_NY46__paper_roles,2019-04-08 09:00:00,12.4354356371,134.855129263,0,0,0,12,12,5664,6859
reference_NY46__paper_roles,2019-04-08 10:00:00,10.8277106698,162.571226742,0,0,0,12,12,4506,7188
reference_NY46__paper_roles,2019-04-08 11:00:00,14.5844376251,243.405922612,0,0,0,12,12,6782,7727
reference_NY46__paper_roles,2019-04-08 12:00:00,13.7013539441,204.333579068,0,0,0,12,12,6376,7516
reference_NY46__paper_roles,2019-04-08 13:00:00,10.9663056266,155.590741122,0,0,0,10,10,4616,7117
reference_NY46__paper_roles,2019-04-08 14:00:00,12.0582735922,165.505133285,0,0,0,12,12,5433,7220
reference_NY46__paper_roles,2019-04-08 15:00:00,10.7436940583,188.578436134,0,0,0,12,12,4436,7402
reference_NY46__paper_roles,2019-04-08 16:00:00,11.8595861029,152.779689717,0,0,0,12,12,5279,7081
reference_NY46__paper_roles,2019-04-08 17:00:00,10.5933054757,120.690999509,0,0,0,12,12,4326,6628
reference_NY46__paper_roles,2019-04-08 18:00:00,7.55682940837,47.0995484049,0,0,0,12,12,1762,3968
reference_NY46__paper_roles,2019-04-08 19:00:00,7.78771476651,35.9210027995,0,0,0,12,12,1929,3036
reference_NY46__paper_roles,2019-04-08 20:00:00,9.95178750948,29.7263832343,0,0,0,12,12,3802,2397
reference_NY46__paper_roles,2019-04-08 21:00:00,10.7443206558,34.4355391493,0,0,0,12,12,4437,2900
reference_NY46__paper_roles,2019-04-08 22:00:00,10.9552062093,52.9269402811,0,0,0,12,12,4606,4388
reference_NY46__paper_roles,2019-04-08 23:00:00,9.55299180141,51.0297391348,0,0,0,12,12,3458,4266
reference_NY46__paper_roles,2019-04-09 00:00:00,6.37828039698,51.248352235,0,0,0,12,12,949,4280
reference_NY46__paper_roles,2019-04-09 01:00:00,8.82424040976,31.1222707678,0,0,0,12,12,2811,2547
reference_NY46__paper_roles,2019-04-09 02:00:00,11.5043585588,30.6181570232,0,0,0,12,12,5019,2491
reference_NY46__paper_roles,2019-04-09 03:00:00,12.6446646275,36.5668230663,0,0,0,12,12,5777,3103
reference_NY46__paper_roles,2019-04-09 04:00:00,14.2808544244,47.3559071995,0,0,0,12,12,6643,3994
reference_NY46__paper_roles,2019-04-09 05:00:00,24.2753793198,96.9601548732,0,0,0,12,12,8548,6156
reference_NY46__paper_roles,2019-04-09 06:00:00,7.71553206943,44.0490355312,0,0,0,12,12,1883,3738
reference_NY46__paper_roles,2019-04-09 07:00:00,8.10796886308,33.8043958276,0,0,0,12,12,2191,2835
reference_NY46__paper_roles,2019-04-09 08:00:00,8.37821421093,37.0947671992,0,0,0,12,12,2413,3147
reference_NY46__paper_roles,2019-04-09 09:00:00,10.4523628828,186.831550429,0,0,0,12,12,4207,7392
reference_NY46__paper_roles,2019-04-09 10:00:00,12.1799481566,244.869625664,0,0,0,12,12,5515,7732
reference_NY46__paper_roles,2019-04-09 11:00:00,11.8657432678,127.18639536,0,0,0,10,10,5286,6756
reference_NY46__paper_roles,2019-04-09 12:00:00,14.7048772158,116.801768101,0,0,0,12,12,6826,6543
reference_NY46__paper_roles,2019-04-09 13:00:00,11.7915111957,73.6863938241,0,0,0,11,11,5225,5383
reference_NY46__paper_roles,2019-04-09 14:00:00,13.3035344183,74.7896592584,0,0,0,12,12,6135,5430
reference_NY46__paper_roles,2019-04-09 15:00:00,10.1652935838,51.7004663844,0,0,0,12,12,3978,4315
reference_NY46__paper_roles,2019-04-09 16:00:00,10.4007713847,28.8389353339,0,0,0,12,12,4166,2294
reference_NY46__paper_roles,2019-04-09 17:00:00,12.1432700475,31.5271014139,0,0,0,12,12,5483,2586
reference_NY46__paper_roles,2019-04-09 18:00:00,11.6420210523,28.1457557754,0,0,0,12,12,5112,2203
reference_NY46__paper_roles,2019-04-09 19:00:00,10.9513504625,23.9063976507,0,0,0,12,12,4600,1671
reference_NY46__paper_roles,2019-04-09 20:00:00,13.6741441251,34.5309858894,0,0,0,12,12,6362,2908
reference_NY46__paper_roles,2019-04-09 21:00:00,12.34334863,36.4468076533,0,0,0,12,12,5602,3088
reference_NY46__paper_roles,2019-04-09 22:00:00,13.0200413029,45.4566203366,0,0,0,12,12,5991,3853
reference_NY46__paper_roles,2019-04-09 23:00:00,18.9667391487,201.758521264,0,0,0,12,12,8010,7501
reference_NY46__paper_roles,2019-04-10 00:00:00,10.4367410444,80.8400876368,0,0,0,13,13,4191,5657
reference_NY46__paper_roles,2019-04-10 01:00:00,9.56859123816,42.4266538123,0,0,0,12,12,3473,3612
reference_NY46__paper_roles,2019-04-10 02:00:00,12.0490410452,34.7321634155,0,0,0,12,12,5429,2928
reference_NY46__paper_roles,2019-04-10 03:00:00,15.1798261716,43.3058752124,0,0,0,12,12,7004,3689
reference_NY46__paper_roles,2019-04-10 04:00:00,21.0000052153,74.2862806357,0,0,0,12,12,8302,5417
reference_NY46__paper_roles,2019-04-10 05:00:00,21.1891696552,92.0863792227,0,0,0,12,12,8326,6008
reference_NY46__paper_roles,2019-04-10 06:00:00,7.28676345993,45.5947910763,0,0,0,12,12,1520,3861
reference_NY46__paper_roles,2019-04-10 07:00:00,6.78655626055,51.1835118706,0,0,0,12,12,1208,4274
reference_NY46__paper_roles,2019-04-10 08:00:00,11.5215630471,51.7446991286,0,0,0,12,12,5027,4317
reference_NY46__paper_roles,2019-04-10 09:00:00,7.43571963645,37.7715283792,0,0,0,12,12,1651,3218
reference_NY46__paper_roles,2019-04-10 10:00:00,5.69167032301,40.8489888363,0,0,0,12,12,620,3503
reference_NY46__paper_roles,2019-04-10 11:00:00,7.50189620284,56.6497267876,0,0,0,10,10,1713,4619
reference_NY46__paper_roles,2019-04-10 12:00:00,9.72724402311,119.116502845,0,0,0,12,12,3615,6586
reference_NY46__paper_roles,2019-04-10 13:00:00,5.64072161871,27.9283235402,0,0,0,12,12,597,2181
reference_NY46__paper_roles,2019-04-10 14:00:00,4.97938566485,19.2746723422,0,0,0,11,11,355,1028
reference_NY46__paper_roles,2019-04-10 15:00:00,6.46237391973,23.6252486181,0,0,0,12,12,1012,1630
reference_NY46__paper_roles,2019-04-10 16:00:00,6.07924180747,31.9691276376,0,0,0,12,12,787,2639
reference_NY46__paper_roles,2019-04-10 17:00:00,3.75140248267,8.1566927217,0,0,0,11,10,99,47
reference_NY46__paper_roles,2019-04-10 18:00:00,6.36969071477,16.7526052094,0,0,0,12,12,945,693
reference_NY46__paper_roles,2019-04-10 19:00:00,7.48620620074,29.1876902169,0,0,0,12,12,1700,2336
reference_NY46__paper_roles,2019-04-10 20:00:00,7.38628892961,24.2804652357,0,0,0,13,12,1616,1719
reference_NY46__paper_roles,2019-04-10 21:00:00,9.16882051798,25.4181347603,0,0,0,12,12,3112,1868
reference_NY46__paper_roles,2019-04-10 22:00:00,9.7142652506,25.6695756273,0,0,0,12,12,3601,1900
reference_NY46__paper_roles,2019-04-10 23:00:00,11.5141320093,60.6931185522,0,0,0,15,13,5023,4826
reference_NY46__paper_roles,2019-04-11 00:00:00,9.23191069702,25.5010120178,0,0,0,11,11,3164,1881
reference_NY46__paper_roles,2019-04-11 01:00:00,10.9878654561,33.0663782948,0,0,0,12,12,4638,2751
reference_NY46__paper_roles,2019-04-11 02:00:00,10.8377150107,32.2402213916,0,0,0,12,12,4514,2673
reference_NY46__paper_roles,2019-04-11 03:00:00,8.89879380759,29.464782644,0,0,0,12,12,2893,2372
reference_NY46__paper_roles,2019-04-11 04:00:00,7.37026568277,23.7906370674,0,0,0,12,12,1600,1653
reference_NY46__paper_roles,2019-04-11 05:00:00,10.0434768568,22.5285670063,0,0,0,12,12,3882,1484
reference_NY46__paper_roles,2019-04-11 06:00:00,3.48688516757,17.1108232995,0,0,0,13,12,60,742
reference_NY46__paper_roles,2019-04-11 07:00:00,5.70005400813,27.3716968708,0,0,0,12,12,625,2120
reference_NY46__paper_roles,2019-04-11 08:00:00,8.94875251397,22.6957877278,0,0,0,12,12,2937,1506
reference_NY46__paper_roles,2019-04-11 09:00:00,7.9376446686,16.1999146368,0,0,0,12,12,2039,625
reference_NY46__paper_roles,2019-04-11 10:00:00,6.54137762552,15.2118826318,0,0,0,12,12,1054,511
reference_NY46__paper_roles,2019-04-11 11:00:00,6.49973295193,17.9525850785,0,0,0,12,12,1034,845
reference_NY46__paper_roles,2019-04-11 12:00:00,6.95647348698,15.5158581839,0,0,0,12,12,1311,539
reference_NY46__paper_roles,2019-04-11 13:00:00,6.93155780648,23.3635959203,0,0,0,12,12,1288,1596
reference_NY46__paper_roles,2019-04-11 14:00:00,8.98707296904,93.3278754231,0,0,0,12,12,2966,6049
reference_NY46__paper_roles,2019-04-11 15:00:00,8.40138513585,64.6027803944,0,0,0,12,12,2433,5018
reference_NY46__paper_roles,2019-04-11 16:00:00,6.7766775487,45.4403435454,0,0,0,12,12,1205,3850
reference_NY46__paper_roles,2019-04-11 17:00:00,5.85975486841,17.9138986934,0,0,0,12,12,686,838
reference_NY46__paper_roles,2019-04-11 18:00:00,5.7641804964,11.2994692664,0,0,0,12,12,649,183
reference_NY46__paper_roles,2019-04-11 19:00:00,8.74308098842,17.7388068969,0,0,0,12,12,2728,814
reference_NY46__paper_roles,2019-04-11 20:00:00,12.8613269026,41.061408071,0,0,0,12,12,5901,3523
reference_NY46__paper_roles,2019-04-11 21:00:00,19.0635198445,48.1229597311,0,0,0,12,12,8029,4053
reference_NY46__paper_roles,2019-04-11 22:00:00,13.4129229816,31.0627028975,0,0,0,12,12,6203,2542
reference_NY46__paper_roles,2019-04-11 23:00:00,12.528005385,29.409961242,0,0,0,12,12,5720,2366
reference_NY46__paper_roles,2019-04-12 00:00:00,8.78806147818,22.7781341874,0,0,0,12,12,2773,1516
reference_NY46__paper_roles,2019-04-12 01:00:00,10.0306652747,29.2037404066,0,0,0,12,12,3865,2338
reference_NY46__paper_roles,2019-04-12 02:00:00,11.2860194314,35.8937685781,0,0,0,12,12,4858,3033
reference_NY46__paper_roles,2019-04-12 03:00:00,10.7579473898,35.0347108817,0,0,0,12,12,4449,2952
reference_NY46__paper_roles,2019-04-12 04:00:00,11.1467752239,38.1291749858,0,0,0,12,12,4751,3250
reference_NY46__paper_roles,2019-04-12 05:00:00,8.38453442787,28.8910204288,0,0,0,12,12,2419,2299
reference_NY46__paper_roles,2019-04-12 06:00:00,8.7614062811,56.2755253834,0,0,0,12,12,2749,4598
reference_NY46__paper_roles,2019-04-12 07:00:00,15.0982346266,28.1138919189,0,0,0,12,12,6975,2196
reference_NY46__paper_roles,2019-04-12 08:00:00,13.0486922077,22.931464333,0,0,0,12,12,6002,1538
reference_NY46__paper_roles,2019-04-12 09:00:00,12.17818081,18.8626901083,0,0,0,12,12,5512,959
reference_NY46__paper_roles,2019-04-12 10:00:00,13.447178273,21.7052841344,0,0,0,12,12,6218,1364
reference_NY46__paper_roles,2019-04-12 11:00:00,8.40912115687,19.2888150383,0,0,0,12,12,2441,1032
reference_NY46__paper_roles,2019-04-12 12:00:00,7.5139793616,24.2473493891,0,0,0,12,12,1727,1714
reference_NY46__paper_roles,2019-04-12 13:00:00,10.9145937508,20.3868964835,0,0,0,12,12,4576,1180
reference_NY46__paper_roles,2019-04-12 14:00:00,11.3564938684,17.1057411946,0,0,0,12,12,4916,741
reference_NY46__paper_roles,2019-04-12 15:00:00,6.91623227821,15.9363203109,0,0,0,12,12,1275,597
reference_NY46__paper_roles,2019-04-12 16:00:00,11.0073168107,32.7798324607,0,0,0,12,12,4650,2728
reference_NY46__paper_roles,2019-04-12 17:00:00,10.615209565,17.994488172,0,0,0,12,12,4345,847
reference_NY46__paper_roles,2019-04-12 18:00:00,9.95566033325,20.3787376242,0,0,0,12,12,3805,1179
reference_NY46__paper_roles,2019-04-12 19:00:00,11.5160078563,19.580547125,0,0,0,12,12,5024,1079
reference_NY46__paper_roles,2019-04-12 20:00:00,12.9927961563,27.8188918502,0,0,0,12,12,5976,2168
reference_NY46__paper_roles,2019-04-12 21:00:00,11.657040426,45.0202743557,0,0,0,12,12,5127,3813
reference_NY46__paper_roles,2019-04-12 22:00:00,11.5854772337,49.5980670659,0,0,0,12,12,5073,4173
reference_NY46__paper_roles,2019-04-12 23:00:00,15.8837777888,43.6438881083,0,0,0,12,12,7283,3707
reference_NY46__paper_roles,2019-04-13 00:00:00,10.1338606101,3055.95802347,0,0,0,12,12,3950,8672
reference_NY46__paper_roles,2019-04-13 01:00:00,17.0689773708,5618.79902061,2,0,0,12,12,7638,8719
reference_NY46__paper_roles,2019-04-13 02:00:00,18.3125480768,935.322999222,2,0,0,12,12,7909,8478
reference_NY46__paper_roles,2019-04-13 03:00:00,20.6503401372,524.20489284,2,0,0,12,12,8261,8279
reference_NY46__paper_roles,2019-04-13 04:00:00,19.5146471407,606.812168997,2,0,0,12,12,8090,8343
reference_NY46__paper_roles,2019-04-13 05:00:00,24.2019525567,600.478669053,2,0,0,12,12,8542,8337
reference_NY46__paper_roles,2019-04-13 06:00:00,21.6542175046,470.485701835,2,0,0,12,12,8369,8215
reference_NY46__paper_roles,2019-04-13 07:00:00,22.5462345692,520.443474581,2,0,0,12,12,8448,8273
reference_NY46__paper_roles,2019-04-13 08:00:00,19.7454329983,1076.62957411,2,0,0,12,12,8137,8512
reference_NY46__paper_roles,2019-04-13 09:00:00,18.0124651806,2813.31484343,1,0,0,13,13,7859,8657
reference_NY46__paper_roles,2019-04-13 10:00:00,14.5367985614,116113.79992,2,0,0,13,12,6770,8757
reference_NY46__paper_roles,2019-04-13 11:00:00,17.3265768011,19280.2172737,2,0,0,12,12,7700,8744
reference_NY46__paper_roles,2019-04-13 12:00:00,21.1302408077,684.051116042,2,0,0,12,12,8320,8389
reference_NY46__paper_roles,2019-04-13 13:00:00,19.2462472416,613.579380159,2,0,0,12,12,8057,8347
reference_NY46__paper_roles,2019-04-13 14:00:00,16.4645736771,1411.70585406,2,0,0,12,12,7475,8564
reference_NY46__paper_roles,2019-04-13 15:00:00,16.5315188522,1354.14081873,2,0,0,12,12,7494,8550
reference_NY46__paper_roles,2019-04-13 16:00:00,17.9101081304,1795.99760406,2,0,0,12,12,7833,8600
reference_NY46__paper_roles,2019-04-13 17:00:00,16.3839285251,1697.97238008,1,0,0,12,12,7445,8589
reference_NY46__paper_roles,2019-04-13 18:00:00,16.1700986678,664.857253346,1,0,0,12,12,7376,8375
reference_NY46__paper_roles,2019-04-13 19:00:00,12.9540995781,360.370412768,1,0,0,12,12,5953,8086
reference_NY46__paper_roles,2019-04-13 20:00:00,11.3292486985,181.836399613,0,0,0,10,10,4893,7360
reference_NY46__paper_roles,2019-04-13 21:00:00,12.0043310531,241.760318495,0,0,0,12,12,5398,7718
reference_NY46__paper_roles,2019-04-13 22:00:00,16.4577905607,331.987965836,0,0,0,12,12,7470,8010
reference_NY46__paper_roles,2019-04-13 23:00:00,16.7198156909,95.4943533616,0,0,0,12,12,7542,6111
reference_NY46__paper_roles,2019-04-14 00:00:00,14.7214121678,72.7475391945,0,0,0,13,13,6834,5345
reference_NY46__paper_roles,2019-04-14 01:00:00,17.8734960895,84.727003799,0,0,0,12,12,7822,5786
reference_NY46__paper_roles,2019-04-14 02:00:00,21.714799273,72.367967132,0,0,0,12,12,8379,5335
reference_NY46__paper_roles,2019-04-14 03:00:00,18.6095107965,69.8355318654,0,0,0,12,12,7950,5239
reference_NY46__paper_roles,2019-04-14 04:00:00,19.5994801225,79.8331868158,0,0,0,12,12,8113,5620
reference_NY46__paper_roles,2019-04-14 05:00:00,17.4843029698,76.1459736012,0,0,0,12,12,7729,5489
reference_NY46__paper_roles,2019-04-14 06:00:00,17.1692134206,80.6292175175,0,0,0,12,12,7668,5643
reference_NY46__paper_roles,2019-04-14 07:00:00,18.8757523656,42.6938460538,0,0,0,12,12,7996,3631
reference_NY46__paper_roles,2019-04-14 08:00:00,9.24021537743,30.0471127847,0,0,0,12,12,3177,2435
reference_NY46__paper_roles,2019-04-14 09:00:00,9.57497576488,25.476794026,0,0,0,12,12,3480,1878
reference_NY46__paper_roles,2019-04-14 10:00:00,10.2103380961,25.5791500825,0,0,0,12,12,4011,1886
reference_NY46__paper_roles,2019-04-14 11:00:00,12.645067523,37.8968937891,0,0,0,12,12,5778,3230
reference_NY46__paper_roles,2019-04-14 12:00:00,20.0976428772,35.5078787758,0,0,0,12,12,8186,2994
reference_NY46__paper_roles,2019-04-14 13:00:00,12.3925365493,29.9707690001,0,0,0,12,12,5629,2428
reference_NY46__paper_roles,2019-04-14 14:00:00,8.58602558911,24.6517789175,0,0,0,12,12,2600,1767
reference_NY46__paper_roles,2019-04-14 15:00:00,7.66872108785,25.9266120445,0,0,0,12,12,1850,1944
reference_NY46__paper_roles,2019-04-14 16:00:00,9.79767492315,19.576564508,0,0,0,12,12,3666,1077
reference_NY46__paper_roles,2019-04-14 17:00:00,11.2268326466,16.2567499249,0,0,0,12,12,4821,632
reference_NY46__paper_roles,2019-04-14 18:00:00,10.5417119844,22.6541933862,0,0,0,12,12,4289,1498
reference_NY46__paper_roles,2019-04-14 19:00:00,12.7642528571,26.9970101847,0,0,0,12,12,5844,2075
reference_NY46__paper_roles,2019-04-14 20:00:00,20.3449956818,69.3812700061,0,0,0,12,12,8219,5221
reference_NY46__paper_roles,2019-04-14 21:00:00,18.9919542548,64.0940950009,0,0,0,12,12,8015,4988
reference_NY46__paper_roles,2019-04-14 22:00:00,17.9000469976,433.177209075,0,0,0,12,12,7830,8174
reference_NY46__paper_roles,2019-04-14 23:00:00,18.6794264167,193.942034485,0,0,0,12,12,7964,7440
reference_NY46__paper_roles,2019-04-15 00:00:00,15.6187434375,143.094482871,0,0,0,13,13,7173,6970
reference_NY46__paper_roles,2019-04-15 01:00:00,15.4850262997,130.211357737,0,0,0,12,12,7130,6796
reference_NY46__paper_roles,2019-04-15 02:00:00,20.2281091325,150.285738205,0,0,0,12,12,8203,7055
reference_NY46__paper_roles,2019-04-15 03:00:00,24.1656275119,139.854794652,0,0,0,12,12,8539,6927
reference_NY46__paper_roles,2019-04-15 04:00:00,27.0967126663,126.065386309,0,0,0,12,12,8650,6730
reference_NY46__paper_roles,2019-04-15 05:00:00,29.4041308509,301.039802726,0,0,0,12,12,8690,7927
reference_NY46__paper_roles,2019-04-15 06:00:00,20.6673003201,111.288944417,0,0,0,12,12,8263,6453
reference_NY46__paper_roles,2019-04-15 07:00:00,16.7428377473,88.4615910417,0,0,0,12,12,7551,5894
reference_NY46__paper_roles,2019-04-15 08:00:00,15.2074333831,103.954632064,0,0,0,13,12,7012,6326
reference_NY46__paper_roles,2019-04-15 09:00:00,17.8129227715,188.765722805,0,0,0,12,12,7805,7403
reference_NY46__paper_roles,2019-04-15 10:00:00,16.225919036,105.135128071,0,0,0,12,12,7397,6349
reference_NY46__paper_roles,2019-04-15 11:00:00,16.602703576,69.5751874767,0,0,0,12,12,7518,5227
reference_NY46__paper_roles,2019-04-15 12:00:00,17.401342641,101.359371713,0,0,0,12,12,7715,6260
reference_NY46__paper_roles,2019-04-15 13:00:00,16.6480940192,53.8237358524,0,0,0,12,12,7527,4455
reference_NY46__paper_roles,2019-04-15 14:00:00,10.1158163825,52.4220729379,0,0,0,12,12,3937,4362
reference_NY46__paper_roles,2019-04-15 15:00:00,15.3277574078,44.3459269187,0,0,0,12,12,7061,3766
reference_NY46__paper_roles,2019-04-15 16:00:00,10.1959255212,21.128509309,0,0,0,12,12,4004,1287
reference_NY46__paper_roles,2019-04-15 17:00:00,10.8326153184,28.9347898911,0,0,0,12,12,4510,2304
reference_NY46__paper_roles,2019-04-15 18:00:00,13.9821257218,36.7866813645,0,0,0,12,12,6517,3120
reference_NY46__paper_roles,2019-04-15 19:00:00,8.74494224984,73.3291247129,0,0,0,12,12,2732,5366
reference_NY46__paper_roles,2019-04-15 20:00:00,16.1957570437,64.1177347516,0,0,0,12,12,7389,4990
reference_NY46__paper_roles,2019-04-15 21:00:00,19.281979008,93.6487871892,0,0,0,12,12,8065,6058
reference_NY46__paper_roles,2019-04-15 22:00:00,19.7778691523,89.2625761235,0,0,0,12,12,8146,5923
reference_NY46__paper_roles,2019-04-15 23:00:00,19.6514050548,85.263982233,0,0,0,12,12,8121,5806
reference_NY46__paper_roles,2019-04-16 00:00:00,8.88360068863,49.3340944842,0,0,0,12,12,2877,4155
reference_NY46__paper_roles,2019-04-16 01:00:00,12.8881809247,50.1439331901,0,0,0,12,12,5916,4206
reference_NY46__paper_roles,2019-04-16 02:00:00,15.7122763603,69.5583993743,0,0,0,12,12,7220,5226
reference_NY46__paper_roles,2019-04-16 03:00:00,19.3546349993,82.989281626,0,0,0,12,12,8076,5722
reference_NY46__paper_roles,2019-04-16 04:00:00,17.8592921766,81.449854469,0,0,0,12,12,7820,5686
reference_NY46__paper_roles,2019-04-16 05:00:00,17.9828172087,82.5412807218,0,0,0,12,12,7852,5707
reference_NY46__paper_roles,2019-04-16 06:00:00,12.2294243793,49.5571778835,0,0,0,12,12,5547,4169
reference_NY46__paper_roles,2019-04-16 07:00:00,8.12119586145,39.5372915879,0,0,0,12,12,2201,3383
reference_NY46__paper_roles,2019-04-16 08:00:00,17.8197039081,49.9676910867,0,0,0,12,12,7808,4194
reference_NY46__paper_roles,2019-04-16 09:00:00,15.7840991185,68.9985498413,0,0,0,14,13,7247,5211
reference_NY46__paper_roles,2019-04-16 10:00:00,13.503252566,107.089708416,0,0,0,12,12,6256,6382
reference_NY46__paper_roles,2019-04-16 11:00:00,18.4813854991,125.727213028,0,0,0,11,11,7932,6722
reference_NY46__paper_roles,2019-04-16 12:00:00,14.7223548655,87.5377050158,0,0,0,13,13,6836,5867
reference_NY46__paper_roles,2019-04-16 13:00:00,19.2116165228,198.865629222,0,0,0,12,12,8052,7476
reference_NY46__paper_roles,2019-04-16 14:00:00,20.3074021373,141.560669181,0,0,0,12,12,8215,6947
reference_NY46__paper_roles,2019-04-16 15:00:00,21.6997322844,149.292168189,0,0,0,12,12,8377,7038
reference_NY46__paper_roles,2019-04-16 16:00:00,16.9148901544,61.5924585519,0,0,0,12,12,7594,4869
reference_NY46__paper_roles,2019-04-16 17:00:00,13.2221925854,67.5071518951,0,0,0,12,12,6091,5141
reference_NY46__paper_roles,2019-04-16 18:00:00,9.71826382381,15.6806028571,0,0,0,12,12,3604,560
reference_NY46__paper_roles,2019-04-16 19:00:00,13.8214803596,52.0422583522,0,0,0,12,12,6433,4337
reference_NY46__paper_roles,2019-04-16 20:00:00,14.3583436703,68.1065425477,0,0,0,12,12,6686,5174
reference_NY46__paper_roles,2019-04-16 21:00:00,13.1879750563,96.3117136892,0,0,0,12,12,6077,6140
reference_NY46__paper_roles,2019-04-16 22:00:00,15.6736911915,120.062209092,0,0,0,12,12,7206,6608
reference_NY46__paper_roles,2019-04-16 23:00:00,21.8747072362,243.348980663,0,0,0,12,12,8393,7726
reference_NY46__paper_roles,2019-04-17 00:00:00,20.0532092003,106.21912571,0,0,0,12,12,8182,6369
reference_NY46__paper_roles,2019-04-17 01:00:00,24.9144345523,151.619593951,0,0,0,12,12,8578,7067
reference_NY46__paper_roles,2019-04-17 02:00:00,27.7638556977,199.115720274,0,0,0,12,12,8668,7479
reference_NY46__paper_roles,2019-04-17 03:00:00,27.9557189079,159.259181344,0,0,0,12,12,8671,7159
reference_NY46__paper_roles,2019-04-17 04:00:00,27.3079808787,200.776713718,0,0,0,12,12,8658,7493
reference_NY46__paper_roles,2019-04-17 05:00:00,26.9462708271,214.017420476,0,0,0,12,12,8643,7567
reference_NY46__paper_roles,2019-04-17 06:00:00,21.1792987892,157.888810381,0,0,0,12,12,8324,7144
reference_NY46__paper_roles,2019-04-17 07:00:00,20.0910920485,93.7971573715,0,0,0,12,12,8185,6061
reference_NY46__paper_roles,2019-04-17 08:00:00,18.1829429331,85.0639470236,0,0,0,12,12,7889,5798
reference_NY46__paper_roles,2019-04-17 09:00:00,13.583414613,54.272095583,0,0,0,12,12,6309,4477
reference_NY46__paper_roles,2019-04-17 10:00:00,12.2686741023,65.5361267412,0,0,0,12,12,5566,5060
reference_NY46__paper_roles,2019-04-17 11:00:00,13.9820114269,58.1748025608,0,0,0,12,12,6516,4696
reference_NY46__paper_roles,2019-04-17 12:00:00,18.0045726861,68.4411297554,0,0,0,11,11,7857,5190
reference_NY46__paper_roles,2019-04-17 13:00:00,20.9559593211,92.2028793468,0,0,0,12,12,8294,6014
reference_NY46__paper_roles,2019-04-17 14:00:00,17.818034822,63.5955468991,0,0,0,12,12,7807,4969
reference_NY46__paper_roles,2019-04-17 15:00:00,20.1219752509,68.2599974274,0,0,0,12,12,8192,5179
reference_NY46__paper_roles,2019-04-17 16:00:00,16.920102967,61.4574187872,0,0,0,12,12,7596,4860
reference_NY46__paper_roles,2019-04-17 17:00:00,13.9509286818,46.8093114541,0,0,0,12,12,6506,3950
reference_NY46__paper_roles,2019-04-17 18:00:00,15.2357676125,51.9266879293,0,0,0,12,12,7018,4326
reference_NY46__paper_roles,2019-04-17 19:00:00,13.8188636516,40.0656799111,0,0,0,12,12,6432,3429
reference_NY46__paper_roles,2019-04-17 20:00:00,14.6924219387,44.2435914273,0,0,0,12,12,6824,3752
reference_NY46__paper_roles,2019-04-17 21:00:00,12.6854533539,51.0950840042,0,0,0,12,12,5798,4270
reference_NY46__paper_roles,2019-04-17 22:00:00,14.3577644047,65.0514330419,0,0,0,12,12,6685,5041
reference_NY46__paper_roles,2019-04-17 23:00:00,12.9854258366,64.8266608375,0,0,0,12,12,5968,5031
reference_NY46__paper_roles,2019-04-18 00:00:00,12.194252783,62.0028546621,0,0,0,12,12,5526,4895
reference_NY46__paper_roles,2019-04-18 01:00:00,14.1079723558,65.235847105,0,0,0,12,12,6576,5050
reference_NY46__paper_roles,2019-04-18 02:00:00,13.4148443479,70.0028418725,0,0,0,12,12,6204,5244
reference_NY46__paper_roles,2019-04-18 03:00:00,13.1177680789,72.0272683239,0,0,0,12,12,6037,5323
reference_NY46__paper_roles,2019-04-18 04:00:00,16.161282288,107.612824422,0,0,0,12,12,7371,6389
reference_NY46__paper_roles,2019-04-18 05:00:00,19.1533261407,104.905799485,0,0,0,12,12,8042,6346
reference_NY46__paper_roles,2019-04-18 06:00:00,16.904054296,79.8270041577,0,0,0,12,12,7592,5619
reference_NY46__paper_roles,2019-04-18 07:00:00,11.0114144246,52.117705106,0,0,0,12,12,4656,4343
reference_NY46__paper_roles,2019-04-18 08:00:00,10.5127563441,48.5118269305,0,0,0,12,12,4255,4087
reference_NY46__paper_roles,2019-04-18 09:00:00,13.2803088591,57.6005095498,0,0,0,12,12,6125,4678
reference_NY46__paper_roles,2019-04-18 10:00:00,14.1345553108,55.7693368642,0,0,0,12,12,6586,4572
reference_NY46__paper_roles,2019-04-18 11:00:00,14.4010136065,50.9944917619,0,0,0,12,12,6710,4262
reference_NY46__paper_roles,2019-04-18 12:00:00,10.2423291722,37.4782206271,0,0,0,12,12,4036,3181
reference_NY46__paper_roles,2019-04-18 13:00:00,11.6818587709,49.0983539857,0,0,0,12,12,5143,4136
reference_NY46__paper_roles,2019-04-18 14:00:00,10.3117125687,41.8707901895,0,0,0,12,12,4083,3570
reference_NY46__paper_roles,2019-04-18 15:00:00,11.8757080959,44.3452500528,0,0,0,12,12,5296,3765
reference_NY46__paper_roles,2019-04-18 16:00:00,12.2143701857,37.5575463068,0,0,0,13,13,5537,3189
reference_NY46__paper_roles,2019-04-18 17:00:00,10.8713120531,33.1060296289,0,0,0,12,12,4543,2757
reference_NY46__paper_roles,2019-04-18 18:00:00,14.9382755221,43.6489467725,0,0,0,12,12,6923,3709
reference_NY46__paper_roles,2019-04-18 19:00:00,13.2433788613,41.0853107114,0,0,0,12,12,6102,3525
reference_NY46__paper_roles,2019-04-18 20:00:00,9.40262704776,27.6350033631,0,0,0,12,12,3312,2149
reference_NY46__paper_roles,2019-04-18 21:00:00,9.12242288084,34.4702588128,0,0,0,12,12,3063,2901
reference_NY46__paper_roles,2019-04-18 22:00:00,9.5324791339,38.6838786452,0,0,0,12,12,3442,3301
reference_NY46__paper_roles,2019-04-18 23:00:00,11.4700384902,41.32523354,0,0,0,12,12,5000,3539
reference_NY46__paper_roles,2019-04-19 00:00:00,12.2515783343,94.6060155606,0,0,0,12,12,5560,6084
reference_NY46__paper_roles,2019-04-19 01:00:00,17.0918582795,119.810274311,0,0,0,12,12,7644,6598
reference_NY46__paper_roles,2019-04-19 02:00:00,17.2347447888,91.9104893976,0,0,0,12,12,7680,6000
reference_NY46__paper_roles,2019-04-19 03:00:00,19.3854772243,78.6690746771,0,0,0,12,12,8078,5570
reference_NY46__paper_roles,2019-04-19 04:00:00,20.901675495,89.5705776397,0,0,0,12,12,8288,5930
reference_NY46__paper_roles,2019-04-19 05:00:00,19.9759095804,72.4552394362,0,0,0,12,12,8174,5341
reference_NY46__paper_roles,2019-04-19 06:00:00,12.3497870852,41.7634986036,0,0,0,12,12,5603,3564
reference_NY46__paper_roles,2019-04-19 07:00:00,10.0288534605,35.453503137,0,0,0,11,11,3864,2991
reference_NY46__paper_roles,2019-04-19 08:00:00,8.80218386615,22.6316207642,0,0,0,12,12,2789,1496
reference_NY46__paper_roles,2019-04-19 09:00:00,12.7389011866,34.3996574861,0,0,0,13,13,5824,2895
reference_NY46__paper_roles,2019-04-19 10:00:00,7.29731237169,17.4526811289,0,0,0,10,10,1532,771
reference_NY46__paper_roles,2019-04-19 11:00:00,6.54147187927,17.9368628956,0,0,0,12,12,1055,843
reference_NY46__paper_roles,2019-04-19 12:00:00,7.88042385736,19.4112419476,0,0,0,12,12,1997,1050
reference_NY46__paper_roles,2019-04-19 13:00:00,8.17483287542,18.8042278654,0,0,0,12,12,2245,950
reference_NY46__paper_roles,2019-04-19 14:00:00,8.74443375251,22.9382244813,0,0,0,12,12,2731,1539
reference_NY46__paper_roles,2019-04-19 15:00:00,13.3582631182,28.2486269281,0,0,0,12,12,6163,2217
reference_NY46__paper_roles,2019-04-19 16:00:00,12.0660468247,31.2567222972,0,0,0,12,12,5439,2563
reference_NY46__paper_roles,2019-04-19 17:00:00,9.27168164318,23.0292031917,0,0,0,12,12,3205,1542
reference_NY46__paper_roles,2019-04-19 18:00:00,12.7049462277,30.8392339552,0,0,0,12,12,5806,2521
reference_NY46__paper_roles,2019-04-19 19:00:00,10.3809817274,25.8561750658,0,0,0,12,12,4141,1931
reference_NY46__paper_roles,2019-04-19 20:00:00,6.24946673228,13.9455510021,0,0,0,12,12,872,378
reference_NY46__paper_roles,2019-04-19 21:00:00,10.2475661672,31.9790366297,0,0,0,12,12,4039,2640
reference_NY46__paper_roles,2019-04-19 22:00:00,12.8992435973,40.2229993777,0,0,0,13,12,5925,3440
reference_NY46__paper_roles,2019-04-19 23:00:00,13.4022205665,61.4303409428,0,0,0,12,12,6197,4858
reference_NY46__paper_roles,2019-04-20 00:00:00,13.3689840777,3385.12841347,1,0,0,12,12,6174,8676
reference_NY46__paper_roles,2019-04-20 01:00:00,14.8228993602,3958.75139087,1,0,0,12,12,6876,8693
reference_NY46__paper_roles,2019-04-20 02:00:00,17.4865864766,858.961350394,2,0,0,12,12,7730,8455
reference_NY46__paper_roles,2019-04-20 03:00:00,19.9205840027,445.216403389,2,0,0,12,12,8167,8187
reference_NY46__paper_roles,2019-04-20 04:00:00,29.282504117,386.320626675,2,0,0,12,12,8689,8120
reference_NY46__paper_roles,2019-04-20 05:00:00,29.7567788979,474.287860509,2,0,0,12,12,8695,8222
reference_NY46__paper_roles,2019-04-20 06:00:00,31.5043611608,697.079042014,2,0,0,12,12,8715,8399
reference_NY46__paper_roles,2019-04-20 07:00:00,28.3910236933,929.971645785,2,0,0,12,12,8679,8476
reference_NY46__paper_roles,2019-04-20 08:00:00,22.322294071,1813.44915956,2,0,0,12,12,8435,8601
reference_NY46__paper_roles,2019-04-20 09:00:00,14.5900234736,451.123243805,1,0,0,12,12,6785,8194
reference_NY46__paper_roles,2019-04-20 10:00:00,17.0358848338,273.365099728,1,0,0,12,12,7631,7832
reference_NY46__paper_roles,2019-04-20 11:00:00,19.7322234252,166.138810766,1,0,0,12,12,8133,7225
reference_NY46__paper_roles,2019-04-20 12:00:00,19.0575735574,225.163670933,1,0,0,12,12,8027,7631
reference_NY46__paper_roles,2019-04-20 13:00:00,16.4091377297,420.048159343,1,0,0,12,12,7454,8156
reference_NY46__paper_roles,2019-04-20 14:00:00,18.8839630471,4850.45470983,1,0,0,12,12,7999,8708
reference_NY46__paper_roles,2019-04-20 15:00:00,20.7398298734,1079.55143449,2,0,0,12,12,8275,8513
reference_NY46__paper_roles,2019-04-20 16:00:00,20.5520349919,656.420767299,2,0,0,12,12,8249,8369
reference_NY46__paper_roles,2019-04-20 17:00:00,22.0679115811,922.135318361,2,0,0,12,12,8415,8472
reference_NY46__paper_roles,2019-04-20 18:00:00,22.7909988567,441.503886783,2,0,0,12,12,8464,8183
reference_NY46__paper_roles,2019-04-20 19:00:00,21.2140365245,321.761875699,2,0,0,12,12,8330,7988
reference_NY46__paper_roles,2019-04-20 20:00:00,19.2257000029,1043.33095935,2,0,0,12,12,8053,8503
reference_NY46__paper_roles,2019-04-20 21:00:00,14.64074714,811.110799575,0,0,0,12,12,6804,8435
reference_NY46__paper_roles,2019-04-20 22:00:00,15.7659820702,110.638057546,0,0,0,12,12,7244,6440
reference_NY46__paper_roles,2019-04-20 23:00:00,17.4641817866,96.1525444925,0,0,0,12,12,7726,6137
reference_NY46__paper_roles,2019-04-21 00:00:00,16.2984389924,165.212345767,0,0,0,13,12,7417,7217
reference_NY46__paper_roles,2019-04-21 01:00:00,23.5994428752,84.6041679134,0,0,0,12,12,8519,5782
reference_NY46__paper_roles,2019-04-21 02:00:00,22.1883304196,73.4040020981,0,0,0,12,12,8424,5371
reference_NY46__paper_roles,2019-04-21 03:00:00,22.6808641004,77.2685594817,0,0,0,12,12,8458,5521
reference_NY46__paper_roles,2019-04-21 04:00:00,22.6235097184,63.5873365719,0,0,0,12,12,8454,4968
reference_NY46__paper_roles,2019-04-21 05:00:00,20.5895293806,63.0612773317,0,0,0,12,12,8250,4943
reference_NY46__paper_roles,2019-04-21 06:00:00,21.1242930209,58.3515990946,0,0,0,12,12,8318,4707
reference_NY46__paper_roles,2019-04-21 07:00:00,19.9743784774,57.5437580982,0,0,0,13,12,8173,4675
reference_NY46__paper_roles,2019-04-21 08:00:00,13.2169445156,61.5039890185,0,0,0,13,13,6088,4865
reference_NY46__paper_roles,2019-04-21 09:00:00,11.054027229,34.6906508778,0,0,0,12,12,4681,2924
reference_NY46__paper_roles,2019-04-21 10:00:00,9.53378321767,25.9137563791,0,0,0,12,12,3443,1942
reference_NY46__paper_roles,2019-04-21 11:00:00,9.95375909026,34.2012829816,0,0,0,12,12,3803,2872
reference_NY46__paper_roles,2019-04-21 12:00:00,13.5377227026,53.416480562,0,0,0,13,12,6282,4432
reference_NY46__paper_roles,2019-04-21 13:00:00,9.82703318163,35.0983278018,0,0,0,12,12,3694,2956
reference_NY46__paper_roles,2019-04-21 14:00:00,12.7571703224,54.0467312299,0,0,0,12,12,5839,4465
reference_NY46__paper_roles,2019-04-21 15:00:00,15.8614578236,65.5284271291,0,0,0,12,12,7277,5059
reference_NY46__paper_roles,2019-04-21 16:00:00,19.7702443158,66.21880973,0,0,0,12,12,8143,5088
reference_NY46__paper_roles,2019-04-21 17:00:00,15.641651743,54.0396932591,0,0,0,12,12,7184,4464
reference_NY46__paper_roles,2019-04-21 18:00:00,12.9668757861,31.7848789719,0,0,0,12,12,5959,2612
reference_NY46__paper_roles,2019-04-21 19:00:00,9.70822506188,20.0231197059,0,0,0,12,12,3595,1130
reference_NY46__paper_roles,2019-04-21 20:00:00,9.81231091482,19.7011355241,0,0,0,12,12,3681,1098
reference_NY46__paper_roles,2019-04-21 21:00:00,11.9134814811,19.3747691877,0,0,0,12,12,5330,1044
reference_NY46__paper_roles,2019-04-21 22:00:00,9.28862111132,22.8198466101,0,0,0,12,12,3217,1520
reference_NY46__paper_roles,2019-04-21 23:00:00,13.6047361598,31.6440455828,0,0,0,12,12,6321,2598
reference_NY46__paper_roles,2019-04-22 00:00:00,12.2587952622,34.2641404048,0,0,0,12,12,5564,2881
reference_NY46__paper_roles,2019-04-22 01:00:00,14.3785594219,35.9071526202,0,0,0,12,12,6696,3035
reference_NY46__paper_roles,2019-04-22 02:00:00,13.6530311461,39.7579364752,0,0,0,12,12,6345,3406
reference_NY46__paper_roles,2019-04-22 03:00:00,13.3918718301,35.205579149,0,0,0,12,12,6189,2969
reference_NY46__paper_roles,2019-04-22 04:00:00,23.2082306927,53.2561210704,0,0,0,12,12,8489,4421
reference_NY46__paper_roles,2019-04-22 05:00:00,23.4396220997,89.2920255875,0,0,0,12,12,8509,5924
reference_NY46__paper_roles,2019-04-22 06:00:00,15.4142749804,117.735528311,0,0,0,12,12,7104,6559
reference_NY46__paper_roles,2019-04-22 07:00:00,13.1211196536,45.3420575457,0,0,0,12,12,6043,3838
reference_NY46__paper_roles,2019-04-22 08:00:00,17.6212080348,121.473241005,0,0,0,13,12,7761,6646
reference_NY46__paper_roles,2019-04-22 09:00:00,23.0678390019,312.544060597,0,0,0,12,12,8476,7960
reference_NY46__paper_roles,2019-04-22 10:00:00,12.9655194643,163.593472934,0,0,0,12,12,5958,7204
reference_NY46__paper_roles,2019-04-22 11:00:00,9.77401236752,72.203013913,0,0,0,12,12,3644,5333
reference_NY46__paper_roles,2019-04-22 12:00:00,13.0114802149,94.6034505674,0,0,0,12,12,5984,6083
reference_NY46__paper_roles,2019-04-22 13:00:00,8.49913903452,39.121281524,0,0,0,12,12,2521,3346
reference_NY46__paper_roles,2019-04-22 14:00:00,7.03185050029,31.8369921573,0,0,0,12,12,1356,2619
reference_NY46__paper_roles,2019-04-22 15:00:00,9.92757270388,37.7777707641,0,0,0,12,12,3784,3219
reference_NY46__paper_roles,2019-04-22 16:00:00,6.76842800325,24.5797247716,0,0,0,12,12,1196,1763
reference_NY46__paper_roles,2019-04-22 17:00:00,8.16702619653,25.6755244194,0,0,0,12,12,2236,1903
reference_NY46__paper_roles,2019-04-22 18:00:00,10.4964018211,33.1848331328,0,0,0,12,12,4239,2766
reference_NY46__paper_roles,2019-04-22 19:00:00,12.1229533376,25.6983243565,0,0,0,12,12,5474,1908
reference_NY46__paper_roles,2019-04-22 20:00:00,13.6541167452,24.8102474056,0,0,0,12,12,6346,1793
reference_NY46__paper_roles,2019-04-22 21:00:00,9.20012582903,24.7533428148,0,0,0,12,12,3136,1785
reference_NY46__paper_roles,2019-04-22 22:00:00,10.7451611421,29.2284004624,0,0,0,12,12,4438,2342
reference_NY46__paper_roles,2019-04-22 23:00:00,11.2924992475,32.5285299533,0,0,0,12,12,4861,2699
reference_NY46__paper_roles,2019-04-23 00:00:00,13.6811371064,47.8331620645,0,0,0,12,12,6368,4026
reference_NY46__paper_roles,2019-04-23 01:00:00,18.5911920516,70.2111548617,0,0,0,12,12,7946,5253
reference_NY46__paper_roles,2019-04-23 02:00:00,16.6660896235,73.9808550484,0,0,0,12,12,7530,5405
reference_NY46__paper_roles,2019-04-23 03:00:00,22.0835544354,65.9354313372,0,0,0,12,12,8417,5075
reference_NY46__paper_roles,2019-04-23 04:00:00,20.26683138,59.589931923,0,0,0,12,12,8206,4775
reference_NY46__paper_roles,2019-04-23 05:00:00,21.242029857,43.2885598651,0,0,0,12,12,8333,3684
reference_NY46__paper_roles,2019-04-23 06:00:00,16.5995309502,59.803762558,0,0,0,12,12,7516,4788
reference_NY46__paper_roles,2019-04-23 07:00:00,11.72791066,32.6940985582,0,0,0,12,12,5177,2715
reference_NY46__paper_roles,2019-04-23 08:00:00,15.8493502002,100.683760678,0,0,0,12,12,7272,6241
reference_NY46__paper_roles,2019-04-23 09:00:00,15.2309973777,82.8513714034,0,0,0,12,12,7017,5717
reference_NY46__paper_roles,2019-04-23 10:00:00,14.2784749355,85.2033140395,0,0,0,12,12,6641,5805
reference_NY46__paper_roles,2019-04-23 11:00:00,13.5452978799,59.6530803242,0,0,0,9,9,6288,4776
reference_NY46__paper_roles,2019-04-23 12:00:00,12.4296499662,51.9186664442,0,0,0,12,12,5658,4324
reference_NY46__paper_roles,2019-04-23 13:00:00,22.3058683408,213.523275645,0,0,0,12,12,8433,7565
reference_NY46__paper_roles,2019-04-23 14:00:00,16.1696330133,126.712780413,0,0,0,12,12,7375,6744
reference_NY46__paper_roles,2019-04-23 15:00:00,13.5106895754,70.7689318529,0,0,0,12,12,6261,5281
reference_NY46__paper_roles,2019-04-23 16:00:00,12.7230484655,48.634281393,0,0,0,12,12,5817,4096
reference_NY46__paper_roles,2019-04-23 17:00:00,11.1797187785,29.9713183043,0,0,0,12,12,4780,2429
reference_NY46__paper_roles,2019-04-23 18:00:00,13.4552193996,34.7474438411,0,0,0,12,12,6223,2933
reference_NY46__paper_roles,2019-04-23 19:00:00,14.3601366769,40.299572172,0,0,0,12,12,6688,3447
reference_NY46__paper_roles,2019-04-23 20:00:00,18.0600830704,55.6469012124,0,0,0,12,12,7868,4563
reference_NY46__paper_roles,2019-04-23 21:00:00,16.7120019325,63.7183224454,0,0,0,13,12,7540,4975
reference_NY46__paper_roles,2019-04-23 22:00:00,15.831613391,80.1852798421,0,0,0,13,13,7265,5627
reference_NY46__paper_roles,2019-04-23 23:00:00,17.2057262214,117.914441327,0,0,0,13,13,7676,6565
reference_NY46__paper_roles,2019-04-24 00:00:00,10.053013553,97.5433443872,0,0,0,12,12,3892,6166
reference_NY46__paper_roles,2019-04-24 01:00:00,14.1762167302,81.7258836745,0,0,0,12,12,6602,5690
reference_NY46__paper_roles,2019-04-24 02:00:00,21.3255098222,60.6410084583,0,0,0,12,12,8339,4822
reference_NY46__paper_roles,2019-04-24 03:00:00,22.9178851144,67.1904702904,0,0,0,12,12,8468,5129
reference_NY46__paper_roles,2019-04-24 04:00:00,19.2002035464,70.7607427343,0,0,0,12,12,8050,5280
reference_NY46__paper_roles,2019-04-24 05:00:00,17.764053306,61.7295992901,0,0,0,12,12,7798,4881
reference_NY46__paper_roles,2019-04-24 06:00:00,12.7973584799,58.5010256929,0,0,0,12,12,5858,4714
reference_NY46__paper_roles,2019-04-24 07:00:00,10.3956238848,27.072513475,0,0,0,12,12,4159,2085
reference_NY46__paper_roles,2019-04-24 08:00:00,13.4880930565,22.4289051995,0,0,0,12,12,6247,1473
reference_NY46__paper_roles,2019-04-24 09:00:00,10.7527717985,15.6840739367,0,0,0,13,13,4443,561
reference_NY46__paper_roles,2019-04-24 10:00:00,11.8169759566,33.3818673629,0,0,0,12,12,5241,2784
reference_NY46__paper_roles,2019-04-24 11:00:00,6.98924081936,28.844977446,0,0,0,10,10,1333,2296
reference_NY46__paper_roles,2019-04-24 12:00:00,9.37081533339,26.770857434,0,0,0,12,11,3283,2045
reference_NY46__paper_roles,2019-04-24 13:00:00,9.33310311707,15.9680004729,0,0,0,12,12,3260,600
reference_NY46__paper_roles,2019-04-24 14:00:00,8.82500815926,16.4350015687,0,0,0,12,12,2813,652
reference_NY46__paper_roles,2019-04-24 15:00:00,9.69117282316,18.3394258651,0,0,0,11,11,3584,884
reference_NY46__paper_roles,2019-04-24 16:00:00,7.78886620891,23.5380034566,0,0,0,12,12,1931,1620
reference_NY46__paper_roles,2019-04-24 17:00:00,9.08094828226,22.4492092529,0,0,0,12,12,3026,1477
reference_NY46__paper_roles,2019-04-24 18:00:00,9.38688822438,18.5137365767,0,0,0,12,12,3297,905
reference_NY46__paper_roles,2019-04-24 19:00:00,8.35991704178,16.6602414739,0,0,0,12,12,2405,680
reference_NY46__paper_roles,2019-04-24 20:00:00,9.60177001613,17.6978745418,0,0,0,12,12,3502,810
reference_NY46__paper_roles,2019-04-24 21:00:00,7.73479517401,14.2464991907,0,0,0,12,12,1901,414
reference_NY46__paper_roles,2019-04-24 22:00:00,8.10897665505,18.6805430842,0,0,0,12,12,2193,926
reference_NY46__paper_roles,2019-04-24 23:00:00,11.4182893714,29.8831600115,0,0,0,12,12,4964,2416
reference_NY46__paper_roles,2019-04-25 00:00:00,15.0154319069,28.5846956245,0,0,0,12,12,6942,2266
reference_NY46__paper_roles,2019-04-25 01:00:00,23.2578328722,76.0706879026,0,0,0,12,12,8493,5487
reference_NY46__paper_roles,2019-04-25 02:00:00,33.3453877228,192.449542178,0,0,0,12,12,8730,7431
reference_NY46__paper_roles,2019-04-25 03:00:00,37.7490122654,256.928569567,0,0,0,12,12,8751,7782
reference_NY46__paper_roles,2019-04-25 04:00:00,44.5005055331,563.709921603,0,0,0,12,12,8756,8308
reference_NY46__paper_roles,2019-04-25 05:00:00,33.3540299448,195.61069227,0,0,0,12,12,8731,7455
reference_NY46__paper_roles,2019-04-25 06:00:00,19.271115667,454.32518816,0,0,0,12,12,8063,8199
reference_NY46__paper_roles,2019-04-25 07:00:00,10.3047423669,103.296247305,0,0,0,12,12,4078,6308
reference_NY46__paper_roles,2019-04-25 08:00:00,12.8042164247,254.501558989,0,0,0,12,12,5863,7773
reference_NY46__paper_roles,2019-04-25 09:00:00,13.803555424,212.025377537,0,0,0,12,12,6423,7559
reference_NY46__paper_roles,2019-04-25 10:00:00,14.4522205202,832.332712333,0,0,0,12,12,6734,8444
reference_NY46__paper_roles,2019-04-25 11:00:00,15.3861691388,333.563883438,0,0,0,12,12,7090,8016
reference_NY46__paper_roles,2019-04-25 12:00:00,16.3472978842,371.62913583,0,0,0,12,12,7432,8104
reference_NY46__paper_roles,2019-04-25 13:00:00,17.7415898201,279.843558106,0,0,0,12,12,7791,7858
reference_NY46__paper_roles,2019-04-25 14:00:00,17.6184560771,145.997389342,0,0,0,12,12,7759,7002
reference_NY46__paper_roles,2019-04-25 15:00:00,16.8983770757,59.3543014453,0,0,0,12,12,7589,4765
reference_NY46__paper_roles,2019-04-25 16:00:00,14.6646928337,67.1556888632,0,0,0,12,12,6817,5126
reference_NY46__paper_roles,2019-04-25 17:00:00,12.0507191414,48.0329526466,0,0,0,12,12,5430,4047
reference_NY46__paper_roles,2019-04-25 18:00:00,11.9816760471,55.4585309938,0,0,0,12,12,5386,4552
reference_NY46__paper_roles,2019-04-25 19:00:00,10.6103586066,46.8821122976,0,0,0,12,12,4339,3953
reference_NY46__paper_roles,2019-04-25 20:00:00,8.82899362032,17.498607225,0,0,0,12,12,2817,781
reference_NY46__paper_roles,2019-04-25 21:00:00,8.42074480569,42.4038094574,0,0,0,12,12,2449,3607
reference_NY46__paper_roles,2019-04-25 22:00:00,11.1885679074,39.0333227626,0,0,0,12,12,4790,3337
reference_NY46__paper_roles,2019-04-25 23:00:00,15.6433022682,75.4065394946,0,0,0,12,12,7186,5456
reference_NY46__paper_roles,2019-04-26 00:00:00,18.0705563805,91.334531951,0,0,0,12,12,7872,5978
reference_NY46__paper_roles,2019-04-26 01:00:00,21.8054095136,76.4183194558,0,0,0,12,12,8388,5498
reference_NY46__paper_roles,2019-04-26 02:00:00,23.1888520021,73.8804798603,0,0,0,12,12,8487,5398
reference_NY46__paper_roles,2019-04-26 03:00:00,23.3281384701,65.0935115517,0,0,0,12,12,8502,5043
reference_NY46__paper_roles,2019-04-26 04:00:00,27.4535594458,93.4028809627,0,0,0,12,12,8661,6050
reference_NY46__paper_roles,2019-04-26 05:00:00,31.6697859887,88.0511805307,0,0,0,12,12,8717,5876
reference_NY46__paper_roles,2019-04-26 06:00:00,12.1616756997,42.680538109,0,0,0,12,12,5499,3628
reference_NY46__paper_roles,2019-04-26 07:00:00,10.39856084,33.745967645,0,0,0,12,12,4162,2828
reference_NY46__paper_roles,2019-04-26 08:00:00,11.0507170141,15.2898523197,0,0,0,12,12,4680,517
reference_NY46__paper_roles,2019-04-26 09:00:00,8.06031700413,16.7426892374,0,0,0,12,12,2143,692
reference_NY46__paper_roles,2019-04-26 10:00:00,11.3117221637,27.3985098441,0,0,0,12,12,4880,2122
reference_NY46__paper_roles,2019-04-26 11:00:00,9.18345112078,19.0793402869,0,0,0,13,13,3121,996
reference_NY46__paper_roles,2019-04-26 12:00:00,9.29545907832,15.3362321185,0,0,0,12,12,3222,523
reference_NY46__paper_roles,2019-04-26 13:00:00,9.31329832542,16.4279718979,0,0,0,12,12,3239,649
reference_NY46__paper_roles,2019-04-26 14:00:00,7.94874852887,17.8981619691,0,0,0,12,12,2048,835
reference_NY46__paper_roles,2019-04-26 15:00:00,7.58124889185,15.1349581497,0,0,0,12,12,1777,501
reference_NY46__paper_roles,2019-04-26 16:00:00,8.78865912059,16.2225258235,0,0,0,12,12,2774,626
reference_NY46__paper_roles,2019-04-26 17:00:00,8.31184530534,13.0160785087,0,0,0,12,12,2353,296
reference_NY46__paper_roles,2019-04-26 18:00:00,8.16616923298,17.5619001853,0,0,0,12,12,2234,792
reference_NY46__paper_roles,2019-04-26 19:00:00,6.36101540931,13.2886633748,0,0,0,12,12,935,327
reference_NY46__paper_roles,2019-04-26 20:00:00,8.1764263701,29.7195234769,0,0,0,12,12,2246,2396
reference_NY46__paper_roles,2019-04-26 21:00:00,11.4715760977,38.1100924491,0,0,0,12,12,5002,3249
reference_NY46__paper_roles,2019-04-26 22:00:00,13.1041663784,39.6404713246,0,0,0,12,12,6031,3391
reference_NY46__paper_roles,2019-04-26 23:00:00,14.3014026398,50.9761356941,0,0,0,12,12,6648,4260
reference_NY46__paper_roles,2019-04-27 00:00:00,15.4114378988,85.9163686782,0,0,0,12,12,7103,5831
reference_NY46__paper_roles,2019-04-27 01:00:00,21.945013679,91.7289446471,0,0,0,12,12,8397,5991
reference_NY46__paper_roles,2019-04-27 02:00:00,20.8964783726,73.7356047622,0,0,0,12,12,8287,5389
reference_NY46__paper_roles,2019-04-27 03:00:00,18.7488499806,57.4711037568,0,0,0,12,12,7973,4668
reference_NY46__paper_roles,2019-04-27 04:00:00,21.1270829517,86.6974466174,0,0,0,12,12,8319,5850
reference_NY46__paper_roles,2019-04-27 05:00:00,13.813103129,64.5469826774,0,0,0,12,12,6428,5014
reference_NY46__paper_roles,2019-04-27 06:00:00,12.0111484149,46.3571956603,0,0,0,12,12,5402,3916
reference_NY46__paper_roles,2019-04-27 07:00:00,7.58851444496,38.0013773309,0,0,0,13,12,1785,3240
reference_NY46__paper_roles,2019-04-27 08:00:00,8.9028474016,23.762027248,0,0,0,12,12,2896,1646
reference_NY46__paper_roles,2019-04-27 09:00:00,9.6753691039,22.6857163969,0,0,0,12,12,3572,1505
reference_NY46__paper_roles,2019-04-27 10:00:00,8.70259494409,34.4019493114,0,0,0,12,12,2681,2896
reference_NY46__paper_roles,2019-04-27 11:00:00,6.76844669612,31.1658779515,0,0,0,12,12,1197,2551
reference_NY46__paper_roles,2019-04-27 12:00:00,6.91637083637,23.3647949657,0,0,0,12,12,1276,1597
reference_NY46__paper_roles,2019-04-27 13:00:00,9.43033140036,20.0677155586,0,0,0,12,12,3332,1141
reference_NY46__paper_roles,2019-04-27 14:00:00,8.82474359246,15.7870797511,0,0,0,12,12,2812,572
reference_NY46__paper_roles,2019-04-27 15:00:00,5.96958518922,21.3902860399,0,0,0,12,12,738,1323
reference_NY46__paper_roles,2019-04-27 16:00:00,5.86185605487,26.0779114534,0,0,0,12,12,689,1964
reference_NY46__paper_roles,2019-04-27 17:00:00,9.91606723323,18.4647263638,0,0,0,12,12,3777,899
reference_NY46__paper_roles,2019-04-27 18:00:00,10.9116834888,23.4689432214,0,0,0,12,12,4572,1612
reference_NY46__paper_roles,2019-04-27 19:00:00,12.6221980798,29.8408733556,0,0,0,12,12,5765,2409
reference_NY46__paper_roles,2019-04-27 20:00:00,12.3791010442,28.1903189479,0,0,0,12,12,5620,2208
reference_NY46__paper_roles,2019-04-27 21:00:00,10.2627686724,17.7873678234,0,0,0,12,12,4049,823
reference_NY46__paper_roles,2019-04-27 22:00:00,11.8428377713,20.5804924055,0,0,0,12,12,5254,1207
reference_NY46__paper_roles,2019-04-27 23:00:00,13.4028103386,26.2172401931,0,0,0,12,12,6198,1981
reference_NY46__paper_roles,2019-04-28 00:00:00,13.0779320519,45.7154872993,0,0,0,12,12,6022,3877
reference_NY46__paper_roles,2019-04-28 01:00:00,18.7673960486,83.5155921092,0,0,0,12,12,7976,5741
reference_NY46__paper_roles,2019-04-28 02:00:00,18.9349668646,123.940772594,0,0,0,12,12,8004,6696
reference_NY46__paper_roles,2019-04-28 03:00:00,16.6689059222,58.2667023253,0,0,0,12,12,7531,4701
reference_NY46__paper_roles,2019-04-28 04:00:00,17.6609054688,42.9210096659,0,0,0,12,12,7774,3653
reference_NY46__paper_roles,2019-04-28 05:00:00,18.6535455761,33.6873233964,0,0,0,12,12,7959,2817
reference_NY46__paper_roles,2019-04-28 06:00:00,15.0666591298,33.1057390954,0,0,0,12,12,6964,2756
reference_NY46__paper_roles,2019-04-28 07:00:00,18.4121624135,36.3924889877,0,0,0,12,12,7924,3080
reference_NY46__paper_roles,2019-04-28 08:00:00,13.9985210422,30.7315505536,0,0,0,12,12,6524,2502
reference_NY46__paper_roles,2019-04-28 09:00:00,14.8021442041,32.3799091213,0,0,0,12,12,6864,2682
reference_NY46__paper_roles,2019-04-28 10:00:00,11.3676135892,28.3737531092,0,0,0,12,12,4928,2234
reference_NY46__paper_roles,2019-04-28 11:00:00,11.6075508356,21.2813710137,0,0,0,12,12,5089,1307
reference_NY46__paper_roles,2019-04-28 12:00:00,10.5854883649,27.010157748,0,0,0,12,12,4319,2078
reference_NY46__paper_roles,2019-04-28 13:00:00,11.7276504621,23.5847331268,0,0,0,12,12,5176,1625
reference_NY46__paper_roles,2019-04-28 14:00:00,8.52023797042,30.1013184296,0,0,0,12,12,2536,2439
reference_NY46__paper_roles,2019-04-28 15:00:00,10.1316499646,33.1157730579,0,0,0,12,12,3948,2758
reference_NY46__paper_roles,2019-04-28 16:00:00,10.976211383,33.5587516114,0,0,0,12,12,4623,2808
reference_NY46__paper_roles,2019-04-28 17:00:00,4.68613015415,27.2087405222,0,0,0,12,12,272,2098
reference_NY46__paper_roles,2019-04-28 18:00:00,9.14239905795,19.0722860378,0,0,0,12,12,3080,995
reference_NY46__paper_roles,2019-04-28 19:00:00,12.6164412664,29.2348726576,0,0,0,12,12,5764,2343
reference_NY46__paper_roles,2019-04-28 20:00:00,13.6199472356,26.6622995465,0,0,0,12,12,6329,2035
reference_NY46__paper_roles,2019-04-28 21:00:00,11.7954740318,18.7857414285,0,0,0,12,12,5227,947
reference_NY46__paper_roles,2019-04-28 22:00:00,13.6835363796,34.9801463894,0,0,0,12,12,6369,2948
reference_NY46__paper_roles,2019-04-28 23:00:00,16.0036205576,31.1639486029,0,0,0,12,12,7324,2550
reference_NY46__paper_roles,2019-04-29 00:00:00,16.7678046516,189.901536678,0,0,0,12,12,7560,7410
reference_NY46__paper_roles,2019-04-29 01:00:00,22.9226184012,5651.54590927,1,0,0,12,12,8469,8720
reference_NY46__paper_roles,2019-04-29 02:00:00,20.9835323128,1173.06029168,0,0,0,12,12,8297,8530
reference_NY46__paper_roles,2019-04-29 03:00:00,22.7196294478,376.169529715,1,0,0,12,12,8459,8108
reference_NY46__paper_roles,2019-04-29 04:00:00,27.1288891086,365.477152526,0,0,0,12,12,8651,8092
reference_NY46__paper_roles,2019-04-29 05:00:00,18.6342315996,97.4578165574,0,0,0,13,13,7956,6163
reference_NY46__paper_roles,2019-04-29 06:00:00,7.44339136382,15.8830421403,0,0,0,12,12,1658,586
reference_NY46__paper_roles,2019-04-29 07:00:00,12.5715618464,17.4508583064,0,0,0,12,12,5739,769
reference_NY46__paper_roles,2019-04-29 08:00:00,12.7107520973,39.3686296678,0,0,0,12,12,5810,3369
reference_NY46__paper_roles,2019-04-29 09:00:00,9.45791043628,74.9078397898,0,0,0,12,12,3364,5436
reference_NY46__paper_roles,2019-04-29 10:00:00,10.7897257796,134.622662853,0,0,0,12,12,4477,6854
reference_NY46__paper_roles,2019-04-29 11:00:00,13.5723282941,169.686479646,0,0,0,12,12,6302,7261
reference_NY46__paper_roles,2019-04-29 12:00:00,12.7919166373,60.31268137,0,0,0,12,12,5853,4809
reference_NY46__paper_roles,2019-04-29 13:00:00,12.9901981693,88.7347654491,0,0,0,12,12,5973,5902
reference_NY46__paper_roles,2019-04-29 14:00:00,14.2483078511,98.2953964981,0,0,0,12,12,6632,6179
reference_NY46__paper_roles,2019-04-29 15:00:00,14.7202814021,30.6736047848,0,0,0,12,12,6833,2500
reference_NY46__paper_roles,2019-04-29 16:00:00,11.2240138131,30.349458191,0,0,0,12,12,4818,2461
reference_NY46__paper_roles,2019-04-29 17:00:00,13.8283927701,32.6057105737,0,0,0,12,12,6437,2703
reference_NY46__paper_roles,2019-04-29 18:00:00,12.5913507726,35.1592126317,0,0,0,12,12,5750,2963
reference_NY46__paper_roles,2019-04-29 19:00:00,11.85485738,23.4598174202,0,0,0,12,12,5271,1611
reference_NY46__paper_roles,2019-04-29 20:00:00,17.0972856098,37.7098962783,0,0,0,12,12,7646,3208
reference_NY46__paper_roles,2019-04-29 21:00:00,14.4449252218,48.0185493735,0,0,0,12,12,6731,4045
reference_NY46__paper_roles,2019-04-29 22:00:00,12.3543658642,27.7195845386,0,0,0,12,12,5606,2157
reference_NY46__paper_roles,2019-04-29 23:00:00,15.0549078244,45.4234809034,0,0,0,12,12,6959,3848
reference_NY46__paper_roles,2019-04-30 00:00:00,9.35383749993,41.9360336747,0,0,0,12,12,3273,3574
reference_NY46__paper_roles,2019-04-30 01:00:00,17.9551071231,81.4395426568,0,0,0,12,12,7844,5685
reference_NY46__paper_roles,2019-04-30 02:00:00,16.6025721694,70.0836855234,0,0,0,12,12,7517,5247
reference_NY46__paper_roles,2019-04-30 03:00:00,15.5913517109,43.8751927694,0,0,0,12,12,7163,3724
reference_NY46__paper_roles,2019-04-30 04:00:00,21.6028174578,39.8772782339,0,0,0,12,12,8366,3419
reference_NY46__paper_roles,2019-04-30 05:00:00,27.0451546424,40.4261515276,0,0,0,12,12,8649,3460
reference_NY46__paper_roles,2019-04-30 06:00:00,8.45590207291,18.319161153,0,0,0,12,12,2485,880
reference_NY46__paper_roles,2019-04-30 07:00:00,10.687073006,64.7450607764,0,0,0,13,13,4397,5024
reference_NY46__paper_roles,2019-04-30 08:00:00,14.1960598064,77.8363347255,0,0,0,11,11,6609,5541
reference_NY46__paper_roles,2019-04-30 09:00:00,16.9580969658,152.07194621,1,0,0,12,12,7604,7071
reference_NY46__paper_roles,2019-04-30 10:00:00,11.5655730601,87.3330057497,0,0,0,12,12,5060,5861
reference_NY46__paper_roles,2019-04-30 11:00:00,10.6733557012,1027.08820479,1,0,0,12,12,4386,8500
reference_NY46__paper_roles,2019-04-30 12:00:00,11.5887611597,282.424317328,0,0,0,12,12,5077,7873
reference_NY46__paper_roles,2019-04-30 13:00:00,11.1657353458,151.411145066,0,0,0,12,12,4767,7066
reference_NY46__paper_roles,2019-04-30 14:00:00,6.72292382529,200.296607133,0,0,0,13,12,1161,7490
reference_NY46__paper_roles,2019-04-30 15:00:00,6.19269715347,162.254099524,0,0,0,12,12,836,7186
reference_NY46__paper_roles,2019-04-30 16:00:00,9.2699173691,122.025360107,0,0,0,12,12,3204,6654
reference_NY46__paper_roles,2019-04-30 17:00:00,10.6182608367,89.0207252164,0,0,0,12,12,4349,5910
reference_NY46__paper_roles,2019-04-30 18:00:00,10.9734361358,83.5778963409,0,0,0,12,12,4620,5745
reference_NY46__paper_roles,2019-04-30 19:00:00,12.5362915457,77.9139404808,0,0,0,12,12,5724,5549
reference_NY46__paper_roles,2019-04-30 20:00:00,14.6445939038,119.38525728,0,0,0,12,12,6806,6594
reference_NY46__paper_roles,2019-04-30 21:00:00,14.2853573179,85.4596253351,0,0,0,12,12,6644,5817
reference_NY46__paper_roles,2019-04-30 22:00:00,14.3180218432,83.4570404317,0,0,0,12,12,6659,5738
reference_NY46__paper_roles,2019-04-30 23:00:00,21.2733436737,87.846855691,0,0,0,12,12,8336,5872
reference_NY46__paper_roles,2019-05-01 00:00:00,16.3772676146,67.9677218676,0,0,0,12,12,7439,5167
reference_NY46__paper_roles,2019-05-01 01:00:00,16.1356186915,91.907470664,0,0,0,12,12,7365,5999
reference_NY46__paper_roles,2019-05-01 02:00:00,15.9709892953,79.3980223867,0,0,0,12,12,7314,5597
reference_NY46__paper_roles,2019-05-01 03:00:00,12.2571639725,57.1675176937,0,0,0,12,12,5563,4651
reference_NY46__paper_roles,2019-05-01 04:00:00,24.6384472097,106.290602493,0,0,0,12,12,8569,6375
reference_NY46__paper_roles,2019-05-01 05:00:00,25.8620582297,99.0326014445,0,0,0,12,12,8617,6195
reference_NY46__paper_roles,2019-05-01 06:00:00,14.7963767816,79.935578455,0,0,0,12,12,6863,5624
reference_NY46__paper_roles,2019-05-01 07:00:00,15.1848207038,82.7214643841,0,0,0,12,12,7006,5713
reference_NY46__paper_roles,2019-05-01 08:00:00,14.8115630831,159.904705888,0,0,0,12,12,6868,7164
reference_NY46__paper_roles,2019-05-01 09:00:00,9.66480757268,42.8902504997,0,0,0,12,12,3563,3650
reference_NY46__paper_roles,2019-05-01 10:00:00,15.6511041281,189.86046193,0,0,0,12,12,7190,7409
reference_NY46__paper_roles,2019-05-01 11:00:00,14.97028218,279.835202734,0,0,0,12,12,6932,7857
reference_NY46__paper_roles,2019-05-01 12:00:00,9.07559615875,122.914585001,0,0,0,12,12,3023,6675
reference_NY46__paper_roles,2019-05-01 13:00:00,14.3693939528,2303.5952251,1,0,0,12,12,6691,8640
reference_NY46__paper_roles,2019-05-01 14:00:00,13.4655030331,187.383192199,0,0,0,12,12,6229,7395
reference_NY46__paper_roles,2019-05-01 15:00:00,12.3925475073,215.07130632,0,0,0,12,12,5630,7572
reference_NY46__paper_roles,2019-05-01 16:00:00,13.9335097073,196.129255408,0,0,0,14,14,6493,7457
reference_NY46__paper_roles,2019-05-01 17:00:00,15.6244558484,208.432317806,0,0,0,12,12,7175,7541
reference_NY46__paper_roles,2019-05-01 18:00:00,13.9077841828,44.1998315024,0,0,0,12,12,6478,3748
reference_NY46__paper_roles,2019-05-01 19:00:00,15.1063267772,36.429155889,0,0,0,12,12,6979,3087
reference_NY46__paper_roles,2019-05-01 20:00:00,13.9796766551,35.7406630824,0,0,0,12,12,6514,3016
reference_NY46__paper_roles,2019-05-01 21:00:00,15.44329388,79.1966415808,0,0,0,12,12,7114,5588
reference_NY46__paper_roles,2019-05-01 22:00:00,12.5480819455,35.8333346636,0,0,0,12,12,5728,3028
reference_NY46__paper_roles,2019-05-01 23:00:00,12.9459140345,64.8557804304,0,0,0,12,12,5946,5034
reference_NY46__paper_roles,2019-05-02 00:00:00,10.1591354145,64.0611910914,0,0,0,12,12,3971,4985
reference_NY46__paper_roles,2019-05-02 01:00:00,14.7498922662,84.5353113615,0,0,0,12,12,6843,5779
reference_NY46__paper_roles,2019-05-02 02:00:00,17.1322965672,103.620052814,0,0,0,12,12,7655,6316
reference_NY46__paper_roles,2019-05-02 03:00:00,25.1134755325,109.505650627,0,0,0,12,12,8586,6422
reference_NY46__paper_roles,2019-05-02 04:00:00,33.0067255532,96.3271323335,0,0,0,12,12,8727,6142
reference_NY46__paper_roles,2019-05-02 05:00:00,28.4743152765,80.3658691396,0,0,0,12,12,8681,5632
reference_NY46__paper_roles,2019-05-02 06:00:00,13.9218889455,46.403146947,0,0,0,12,12,6486,3919
reference_NY46__paper_roles,2019-05-02 07:00:00,11.2070627165,22.4533358736,0,0,0,12,12,4805,1478
reference_NY46__paper_roles,2019-05-02 08:00:00,9.40719691892,22.7267509424,0,0,0,12,12,3315,1509
reference_NY46__paper_roles,2019-05-02 09:00:00,10.2771744241,51.6385896202,0,0,0,12,12,4061,4310
reference_NY46__paper_roles,2019-05-02 10:00:00,9.4576106718,29.8544482466,0,0,0,12,12,3362,2411
reference_NY46__paper_roles,2019-05-02 11:00:00,9.99250927029,33.6450679686,0,0,0,12,12,3837,2814
reference_NY46__paper_roles,2019-05-02 12:00:00,11.6240473277,80.7099308909,0,0,0,12,12,5102,5648
reference_NY46__paper_roles,2019-05-02 13:00:00,11.4824381369,71.3702886761,0,0,0,13,12,5008,5301
reference_NY46__paper_roles,2019-05-02 14:00:00,10.7662350573,42.917880516,0,0,0,12,12,4454,3652
reference_NY46__paper_roles,2019-05-02 15:00:00,10.701942997,14.2404349937,0,0,0,13,13,4407,412
reference_NY46__paper_roles,2019-05-02 16:00:00,13.760377579,17.3997842573,0,0,0,12,12,6406,767
reference_NY46__paper_roles,2019-05-02 17:00:00,9.988515531,17.3066988083,0,0,0,12,12,3832,756
reference_NY46__paper_roles,2019-05-02 18:00:00,9.65383684949,37.9919803462,0,0,0,12,12,3552,3236
reference_NY46__paper_roles,2019-05-02 19:00:00,8.74416191755,24.2695994508,0,0,0,12,12,2730,1715
reference_NY46__paper_roles,2019-05-02 20:00:00,11.9740683624,26.2218669877,0,0,0,12,12,5379,1984
reference_NY46__paper_roles,2019-05-02 21:00:00,11.0096341041,44.5939912935,0,0,0,12,12,4655,3784
reference_NY46__paper_roles,2019-05-02 22:00:00,11.6226765453,54.3441714599,0,0,0,12,12,5101,4482
reference_NY46__paper_roles,2019-05-02 23:00:00,14.7931310867,43.6463975995,0,0,0,12,12,6860,3708
reference_NY46__paper_roles,2019-05-03 00:00:00,12.0747096188,48.8596292934,0,0,0,12,12,5444,4114
reference_NY46__paper_roles,2019-05-03 01:00:00,15.336691422,54.9876951453,0,0,0,12,12,7066,4521
reference_NY46__paper_roles,2019-05-03 02:00:00,14.6531955792,59.3018821811,0,0,0,12,12,6811,4764
reference_NY46__paper_roles,2019-05-03 03:00:00,14.7429101647,58.0117393563,0,0,0,12,12,6842,4692
reference_NY46__paper_roles,2019-05-03 04:00:00,19.5210569072,67.5341666194,0,0,0,12,12,8092,5144
reference_NY46__paper_roles,2019-05-03 05:00:00,29.6268537963,68.4892175501,0,0,0,12,12,8694,5192
reference_NY46__paper_roles,2019-05-03 06:00:00,21.0333766041,35.95685217,0,0,0,12,12,8310,3040
reference_NY46__paper_roles,2019-05-03 07:00:00,9.16631218875,23.3460737131,0,0,0,12,12,3108,1595
reference_NY46__paper_roles,2019-05-03 08:00:00,9.94077985691,16.3240783989,0,0,0,12,12,3795,638
reference_NY46__paper_roles,2019-05-03 09:00:00,12.3986614975,16.9672275621,0,0,0,12,12,5635,720
reference_NY46__paper_roles,2019-05-03 10:00:00,8.18674307806,13.2063291829,0,0,0,12,12,2253,315
reference_NY46__paper_roles,2019-05-03 11:00:00,7.41147091408,14.6799966785,0,0,0,12,12,1630,460
reference_NY46__paper_roles,2019-05-03 12:00:00,9.55838853805,19.2932241469,0,0,0,12,12,3462,1033
reference_NY46__paper_roles,2019-05-03 13:00:00,11.7253117912,73.4590142691,0,0,0,12,12,5175,5373
reference_NY46__paper_roles,2019-05-03 14:00:00,8.67160502913,22.6229043303,0,0,0,12,12,2663,1495
reference_NY46__paper_roles,2019-05-03 15:00:00,7.57839174232,19.1877849257,0,0,0,12,12,1775,1014
reference_NY46__paper_roles,2019-05-03 16:00:00,8.30997744674,11.762449281,0,0,0,12,12,2351,204
reference_NY46__paper_roles,2019-05-03 17:00:00,8.00700171392,13.320911301,0,0,0,12,12,2103,329
reference_NY46__paper_roles,2019-05-03 18:00:00,7.61641914961,12.7863898534,0,0,0,12,12,1808,279
reference_NY46__paper_roles,2019-05-03 19:00:00,6.02187867702,14.4716414013,0,0,0,12,12,758,438
reference_NY46__paper_roles,2019-05-03 20:00:00,6.31764322451,11.2047492473,0,0,0,12,12,910,179
reference_NY46__paper_roles,2019-05-03 21:00:00,10.5729469538,21.9166558616,0,0,0,12,12,4309,1399
reference_NY46__paper_roles,2019-05-03 22:00:00,15.3658080542,43.8629316862,0,0,0,12,12,7079,3723
reference_NY46__paper_roles,2019-05-03 23:00:00,20.022315716,31.8133432893,0,0,0,12,12,8180,2615
reference_NY46__paper_roles,2019-05-04 00:00:00,11.0301176728,23.9451954512,0,0,0,12,12,4666,1677
reference_NY46__paper_roles,2019-05-04 01:00:00,10.6412493013,23.1431490569,0,0,0,12,12,4361,1565
reference_NY46__paper_roles,2019-05-04 02:00:00,12.6387169078,22.8887987594,0,0,0,12,12,5773,1533
reference_NY46__paper_roles,2019-05-04 03:00:00,12.9598841795,23.0330250528,0,0,0,12,12,5957,1545
reference_NY46__paper_roles,2019-05-04 04:00:00,14.083370698,27.8404288825,0,0,0,12,12,6562,2170
reference_NY46__paper_roles,2019-05-04 05:00:00,7.09331142508,49.3854071052,0,0,0,12,12,1394,4157
reference_NY46__paper_roles,2019-05-04 06:00:00,14.7176830638,57.897409148,0,0,0,12,12,6832,4688
reference_NY46__paper_roles,2019-05-04 07:00:00,14.6334403737,109.356425966,0,0,0,12,12,6801,6420
reference_NY46__paper_roles,2019-05-04 08:00:00,12.6864742832,136.857675708,0,0,0,12,12,5799,6884
reference_NY46__paper_roles,2019-05-04 09:00:00,12.4202519322,73.9604389726,0,0,0,12,12,5651,5403
reference_NY46__paper_roles,2019-05-04 10:00:00,14.0784380454,75.9344336849,0,0,0,12,12,6559,5480
reference_NY46__paper_roles,2019-05-04 11:00:00,18.5175481169,93.8123721707,0,0,0,12,12,7940,6062
reference_NY46__paper_roles,2019-05-04 12:00:00,14.8930597975,63.5501143439,0,0,0,12,12,6905,4967
reference_NY46__paper_roles,2019-05-04 13:00:00,12.398104433,68.2586159783,0,0,0,12,12,5634,5178
reference_NY46__paper_roles,2019-05-04 14:00:00,8.00982066662,54.0245761479,0,0,0,12,12,2104,4463
reference_NY46__paper_roles,2019-05-04 15:00:00,9.77416137703,59.2069995716,0,0,0,12,12,3645,4750
reference_NY46__paper_roles,2019-05-04 16:00:00,10.8706309071,54.7566025947,0,0,0,12,12,4541,4509
reference_NY46__paper_roles,2019-05-04 17:00:00,12.3846641461,59.2568529299,0,0,0,12,12,5622,4758
reference_NY46__paper_roles,2019-05-04 18:00:00,15.9311787288,62.3300695562,0,0,0,12,12,7298,4908
reference_NY46__paper_roles,2019-05-04 19:00:00,16.9004206025,58.1968277138,0,0,0,12,12,7590,4697
reference_NY46__paper_roles,2019-05-04 20:00:00,16.989895198,34.7713062397,0,0,0,12,12,7622,2935
reference_NY46__paper_roles,2019-05-04 21:00:00,16.3396793878,31.7359678875,0,0,0,12,12,7430,2606
reference_NY46__paper_roles,2019-05-04 22:00:00,18.1102806738,35.8095663209,0,0,0,12,12,7879,3025
reference_NY46__paper_roles,2019-05-04 23:00:00,18.206287916,31.2957155158,0,0,0,12,12,7895,2568
reference_NY46__paper_roles,2019-05-05 00:00:00,10.3872914784,40.0045058108,0,0,0,12,12,4153,3427
reference_NY46__paper_roles,2019-05-05 01:00:00,14.1559047885,46.4710851652,0,0,0,12,12,6594,3927
reference_NY46__paper_roles,2019-05-05 02:00:00,16.7594444736,58.3531934965,0,0,0,12,12,7558,4708
reference_NY46__paper_roles,2019-05-05 03:00:00,15.512698073,67.286146721,0,0,0,12,12,7138,5135
reference_NY46__paper_roles,2019-05-05 04:00:00,16.7537506465,79.2705124745,0,0,0,12,12,7556,5592
reference_NY46__paper_roles,2019-05-05 05:00:00,16.3802568231,61.9812591714,0,0,0,12,12,7443,4893
reference_NY46__paper_roles,2019-05-05 06:00:00,14.848064661,47.789125368,0,0,0,12,12,6892,4023
reference_NY46__paper_roles,2019-05-05 07:00:00,14.852660722,37.6792617036,0,0,0,12,12,6894,3204
reference_NY46__paper_roles,2019-05-05 08:00:00,11.8136085155,34.7374253481,0,0,0,12,12,5238,2929
reference_NY46__paper_roles,2019-05-05 09:00:00,10.8242696604,27.7772156233,0,0,0,12,12,4501,2164
reference_NY46__paper_roles,2019-05-05 10:00:00,10.3306575459,19.1311727414,0,0,0,12,12,4099,1007
reference_NY46__paper_roles,2019-05-05 11:00:00,9.20333172911,21.6441894585,0,0,0,12,12,3140,1358
reference_NY46__paper_roles,2019-05-05 12:00:00,8.42450159025,12.5571838942,0,0,0,12,12,2455,251
reference_NY46__paper_roles,2019-05-05 13:00:00,9.36621742367,15.8963867162,0,0,0,12,12,3277,588
reference_NY46__paper_roles,2019-05-05 14:00:00,9.8675524577,16.0511231469,0,0,0,12,12,3737,612
reference_NY46__paper_roles,2019-05-05 15:00:00,10.0741198317,14.4839004438,0,0,0,12,12,3903,440
reference_NY46__paper_roles,2019-05-05 16:00:00,9.7769725747,18.9631062041,0,0,0,12,12,3646,975
reference_NY46__paper_roles,2019-05-05 17:00:00,8.68424333301,19.0390827838,0,0,0,12,12,2668,991
reference_NY46__paper_roles,2019-05-05 18:00:00,9.563080299,20.6327155813,0,0,0,12,12,3470,1217
reference_NY46__paper_roles,2019-05-05 19:00:00,9.62114842614,24.9956940379,0,0,0,12,12,3528,1814
reference_NY46__paper_roles,2019-05-05 20:00:00,10.3822282861,18.9911646082,0,0,0,12,12,4143,981
reference_NY46__paper_roles,2019-05-05 21:00:00,7.38925382715,18.9640754319,0,0,0,12,12,1618,977
reference_NY46__paper_roles,2019-05-05 22:00:00,11.7421595469,23.1360450513,0,0,0,12,12,5186,1563
reference_NY46__paper_roles,2019-05-05 23:00:00,15.9025953393,28.6213107601,0,0,0,12,12,7290,2269
reference_NY46__paper_roles,2019-05-06 00:00:00,15.2026441563,28.515150047,0,0,0,12,12,7011,2252
reference_NY46__paper_roles,2019-05-06 01:00:00,16.7030976256,27.5262701562,0,0,0,12,12,7539,2135
reference_NY46__paper_roles,2019-05-06 02:00:00,20.4896895252,31.8481669196,0,0,0,12,12,8240,2622
reference_NY46__paper_roles,2019-05-06 03:00:00,18.8290727556,32.0051536284,0,0,0,12,12,7983,2643
reference_NY46__paper_roles,2019-05-06 04:00:00,20.41138405,36.2366274262,0,0,0,12,12,8231,3070
reference_NY46__paper_roles,2019-05-06 05:00:00,21.6339063684,32.3805468466,0,0,0,12,12,8368,2683
reference_NY46__paper_roles,2019-05-06 06:00:00,14.8662826146,27.8525804544,0,0,0,12,12,6897,2172
reference_NY46__paper_roles,2019-05-06 07:00:00,13.3667810479,63.1083542098,0,0,0,12,12,6170,4947
reference_NY46__paper_roles,2019-05-06 08:00:00,15.3802261133,123.068708641,0,0,0,12,12,7085,6677
reference_NY46__paper_roles,2019-05-06 09:00:00,15.7085624875,80.4758117339,0,0,0,12,12,7218,5638
reference_NY46__paper_roles,2019-05-06 10:00:00,14.0032799878,92.4209533207,0,0,0,12,12,6527,6020
reference_NY46__paper_roles,2019-05-06 11:00:00,13.163197569,70.7030549535,0,0,0,12,12,6064,5278
reference_NY46__paper_roles,2019-05-06 12:00:00,14.6367860534,60.2862024254,0,0,0,12,12,6803,4807
reference_NY46__paper_roles,2019-05-06 13:00:00,12.1773300624,51.0972822972,0,0,0,12,12,5510,4271
reference_NY46__paper_roles,2019-05-06 14:00:00,10.9635262623,22.2545748839,0,0,0,12,12,4612,1447
reference_NY46__paper_roles,2019-05-06 15:00:00,11.130714368,18.222876841,0,0,0,12,12,4735,871
reference_NY46__paper_roles,2019-05-06 16:00:00,12.2791898391,25.644869673,0,0,0,12,12,5569,1895
reference_NY46__paper_roles,2019-05-06 17:00:00,11.7479743561,23.0057141473,0,0,0,12,12,5191,1541
reference_NY46__paper_roles,2019-05-06 18:00:00,14.0318602477,29.7410959534,0,0,0,12,12,6538,2399
reference_NY46__paper_roles,2019-05-06 19:00:00,10.7895519761,18.6140909807,0,0,0,12,12,4476,914
reference_NY46__paper_roles,2019-05-06 20:00:00,13.4082330718,27.3506578189,0,0,0,12,12,6201,2119
reference_NY46__paper_roles,2019-05-06 21:00:00,21.9506510415,50.9954103243,0,0,0,12,12,8400,4263
reference_NY46__paper_roles,2019-05-06 22:00:00,18.7871779232,67.1647053289,0,0,0,12,12,7979,5128
reference_NY46__paper_roles,2019-05-06 23:00:00,19.0819345974,103.596262368,0,0,0,13,12,8030,6315
reference_NY46__paper_roles,2019-05-07 00:00:00,20.3913683506,116.557089267,0,0,0,12,12,8229,6540
reference_NY46__paper_roles,2019-05-07 01:00:00,15.8958622761,67.6671711167,0,0,0,12,12,7288,5152
reference_NY46__paper_roles,2019-05-07 02:00:00,17.7236440479,62.7091619871,0,0,0,12,12,7787,4925
reference_NY46__paper_roles,2019-05-07 03:00:00,21.7160876892,70.4970392996,0,0,0,12,12,8380,5269
reference_NY46__paper_roles,2019-05-07 04:00:00,29.2611241689,61.0742011751,0,0,0,12,12,8688,4847
reference_NY46__paper_roles,2019-05-07 05:00:00,37.260706219,80.7428486196,0,0,0,12,12,8750,5651
reference_NY46__paper_roles,2019-05-07 06:00:00,24.6105365119,40.2502951753,0,0,0,12,12,8566,3443
reference_NY46__paper_roles,2019-05-07 07:00:00,16.9837200216,53.3833187179,0,0,0,12,12,7619,4430
reference_NY46__paper_roles,2019-05-07 08:00:00,14.3657336158,55.3360750045,0,0,0,12,12,6689,4543
reference_NY46__paper_roles,2019-05-07 09:00:00,14.1186829225,68.9897732575,0,0,0,12,12,6579,5210
reference_NY46__paper_roles,2019-05-07 10:00:00,10.8868016906,53.8179613451,0,0,0,12,12,4555,4454
reference_NY46__paper_roles,2019-05-07 11:00:00,10.4050032755,49.8148209206,0,0,0,12,12,4169,4189
reference_NY46__paper_roles,2019-05-07 12:00:00,12.3672512905,45.3654183124,0,0,0,12,12,5614,3839
reference_NY46__paper_roles,2019-05-07 13:00:00,9.25419769778,32.6972207488,0,0,0,12,12,3190,2717
reference_NY46__paper_roles,2019-05-07 14:00:00,8.95474430743,33.7435069294,0,0,0,12,12,2943,2827
reference_NY46__paper_roles,2019-05-07 15:00:00,13.6676308322,37.5696881848,0,0,0,12,12,6360,3191
reference_NY46__paper_roles,2019-05-07 16:00:00,10.9089368492,35.776742115,0,0,0,12,12,4569,3020
reference_NY46__paper_roles,2019-05-07 17:00:00,11.4243505019,24.9017480644,0,0,0,12,12,4969,1804
reference_NY46__paper_roles,2019-05-07 18:00:00,7.19385897526,14.0542683589,0,0,0,12,12,1469,393
reference_NY46__paper_roles,2019-05-07 19:00:00,9.07166688425,21.7902333714,0,0,0,11,11,3018,1374
reference_NY46__paper_roles,2019-05-07 20:00:00,8.49507233474,20.2747755918,0,0,0,12,12,2517,1167
reference_NY46__paper_roles,2019-05-07 21:00:00,10.7782872491,17.8898315764,0,0,0,12,12,4465,833
reference_NY46__paper_roles,2019-05-07 22:00:00,7.98451268999,30.8140509947,0,0,0,12,12,2080,2516
reference_NY46__paper_roles,2019-05-07 23:00:00,15.3478550927,74.2037398556,0,0,0,12,12,7073,5411
reference_NY46__paper_roles,2019-05-08 00:00:00,10.8512562035,76.2524028268,0,0,0,12,12,4525,5493
reference_NY46__paper_roles,2019-05-08 01:00:00,19.1177281379,132.175969493,0,0,0,12,12,8035,6821
reference_NY46__paper_roles,2019-05-08 02:00:00,20.2997904941,135.1651298,0,0,0,12,12,8213,6864
reference_NY46__paper_roles,2019-05-08 03:00:00,21.3535830341,153.611052391,0,0,0,12,12,8342,7094
reference_NY46__paper_roles,2019-05-08 04:00:00,24.2405401085,182.180550826,0,0,0,12,12,8547,7363
reference_NY46__paper_roles,2019-05-08 05:00:00,28.7298917542,138.982873229,0,0,0,12,12,8684,6913
reference_NY46__paper_roles,2019-05-08 06:00:00,20.113091132,89.8628614675,0,0,0,12,12,8189,5940
reference_NY46__paper_roles,2019-05-08 07:00:00,16.1565862658,38.1934929812,0,0,0,12,12,7369,3256
reference_NY46__paper_roles,2019-05-08 08:00:00,14.5294956936,72.0856857959,0,0,0,12,12,6767,5326
reference_NY46__paper_roles,2019-05-08 09:00:00,13.3230654338,49.2791313341,0,0,0,12,12,6144,4148
reference_NY46__paper_roles,2019-05-08 10:00:00,9.3705958792,23.1395181189,0,0,0,12,12,3282,1564
reference_NY46__paper_roles,2019-05-08 11:00:00,10.6588819724,24.5153990497,0,0,0,12,12,4375,1754
reference_NY46__paper_roles,2019-05-08 12:00:00,8.5583826074,19.147769799,0,0,0,12,12,2572,1008
reference_NY46__paper_roles,2019-05-08 13:00:00,9.66843537425,16.8218808174,0,0,0,12,12,3567,700
reference_NY46__paper_roles,2019-05-08 14:00:00,9.01087664038,16.6363923337,0,0,0,12,12,2978,674
reference_NY46__paper_roles,2019-05-08 15:00:00,8.55563912727,19.4730326424,0,0,0,12,12,2567,1062
reference_NY46__paper_roles,2019-05-08 16:00:00,8.10539473717,19.4094657164,0,0,0,12,12,2188,1048
reference_NY46__paper_roles,2019-05-08 17:00:00,10.5699247891,19.8898524074,0,0,0,12,12,4308,1117
reference_NY46__paper_roles,2019-05-08 18:00:00,9.63519093048,20.7523010243,0,0,0,12,12,3540,1234
reference_NY46__paper_roles,2019-05-08 19:00:00,7.68867324667,22.8619481039,0,0,0,12,12,1862,1527
reference_NY46__paper_roles,2019-05-08 20:00:00,10.9487870219,24.8379451773,0,0,0,12,12,4598,1795
reference_NY46__paper_roles,2019-05-08 21:00:00,15.3187416907,38.0491577136,0,0,0,12,12,7058,3243
reference_NY46__paper_roles,2019-05-08 22:00:00,13.8993341383,33.6216950702,0,0,0,12,12,6473,2813
reference_NY46__paper_roles,2019-05-08 23:00:00,17.9765844592,114.222810332,0,0,0,12,12,7850,6506
reference_NY46__paper_roles,2019-05-09 00:00:00,10.0332014126,45.5021837269,0,0,0,12,12,3867,3858
reference_NY46__paper_roles,2019-05-09 01:00:00,13.6657053231,118.77674202,0,0,0,12,12,6359,6582
reference_NY46__paper_roles,2019-05-09 02:00:00,18.9461374114,165.447551055,0,0,0,12,12,8006,7219
reference_NY46__paper_roles,2019-05-09 03:00:00,20.6782894721,347.045430219,0,0,0,12,12,8266,8053
reference_NY46__paper_roles,2019-05-09 04:00:00,21.3111871274,234.789054891,0,0,0,12,12,8338,7682
reference_NY46__paper_roles,2019-05-09 05:00:00,22.27646961,227.847522084,0,0,0,12,12,8430,7645
reference_NY46__paper_roles,2019-05-09 06:00:00,19.2790800756,116.296333453,0,0,0,12,12,8064,6536
reference_NY46__paper_roles,2019-05-09 07:00:00,11.4387389978,31.7959417529,0,0,0,12,12,4977,2613
reference_NY46__paper_roles,2019-05-09 08:00:00,12.6395791135,55.4881320787,0,0,0,12,12,5776,4555
reference_NY46__paper_roles,2019-05-09 09:00:00,9.55401339174,49.3030183002,0,0,0,12,12,3459,4152
reference_NY46__paper_roles,2019-05-09 10:00:00,13.5379918485,70.4082272648,0,0,0,12,12,6283,5264
reference_NY46__paper_roles,2019-05-09 11:00:00,15.2695271256,77.008999299,0,0,0,12,12,7030,5513
reference_NY46__paper_roles,2019-05-09 12:00:00,16.4594949536,55.9141208817,0,0,0,12,12,7471,4580
reference_NY46__paper_roles,2019-05-09 13:00:00,15.0649219884,58.6992434237,0,0,0,12,12,6962,4725
reference_NY46__paper_roles,2019-05-09 14:00:00,15.2854871647,45.6560322514,0,0,0,12,12,7036,3873
reference_NY46__paper_roles,2019-05-09 15:00:00,14.8794493108,50.3070401036,0,0,0,12,12,6903,4218
reference_NY46__paper_roles,2019-05-09 16:00:00,14.5161563821,36.3764846857,0,0,0,12,12,6761,3077
reference_NY46__paper_roles,2019-05-09 17:00:00,14.5069787814,54.2878114648,0,0,0,12,12,6759,4479
reference_NY46__paper_roles,2019-05-09 18:00:00,12.6537669263,57.5913993617,0,0,0,12,12,5783,4676
reference_NY46__paper_roles,2019-05-09 19:00:00,8.17119948326,29.9752232091,0,0,0,12,12,2240,2430
reference_NY46__paper_roles,2019-05-09 20:00:00,13.0537572494,47.9567108485,0,0,0,12,12,6010,4038
reference_NY46__paper_roles,2019-05-09 21:00:00,17.5579846781,109.56397558,0,0,0,12,12,7746,6423
reference_NY46__paper_roles,2019-05-09 22:00:00,13.307164527,101.359946369,0,0,0,12,12,6139,6261
reference_NY46__paper_roles,2019-05-09 23:00:00,15.6320498571,1744.26510589,1,0,0,14,14,7179,8592
reference_NY46__paper_roles,2019-05-10 00:00:00,14.5822888231,429.30524212,0,0,0,12,12,6781,8167
reference_NY46__paper_roles,2019-05-10 01:00:00,18.7507718762,1578.58343722,0,0,0,12,12,7974,8579
reference_NY46__paper_roles,2019-05-10 02:00:00,20.1654275845,742.967234513,0,0,0,12,12,8196,8415
reference_NY46__paper_roles,2019-05-10 03:00:00,20.6950861624,317.632485955,0,0,0,12,12,8270,7976
reference_NY46__paper_roles,2019-05-10 04:00:00,21.0206408889,244.603599265,0,0,0,12,12,8308,7731
reference_NY46__paper_roles,2019-05-10 05:00:00,19.1571609968,317.151139855,0,0,0,12,12,8043,7971
reference_NY46__paper_roles,2019-05-10 06:00:00,9.11694198526,53.3673646045,0,0,0,12,12,3059,4429
reference_NY46__paper_roles,2019-05-10 07:00:00,7.45243436817,14.421326058,0,0,0,12,12,1669,433
reference_NY46__paper_roles,2019-05-10 08:00:00,8.73892879462,14.6230547327,0,0,0,12,12,2720,454
reference_NY46__paper_roles,2019-05-10 09:00:00,8.6293121753,15.7340682483,0,0,0,12,12,2631,567
reference_NY46__paper_roles,2019-05-10 10:00:00,7.51051132894,39.8748362429,0,0,0,12,12,1720,3418
reference_NY46__paper_roles,2019-05-10 11:00:00,8.99566613358,57.9639589907,0,0,0,12,12,2971,4690
reference_NY46__paper_roles,2019-05-10 12:00:00,5.53447365285,20.406595055,0,0,0,12,12,551,1187
reference_NY46__paper_roles,2019-05-10 13:00:00,8.56195565307,20.2248915236,0,0,0,12,12,2577,1162
reference_NY46__paper_roles,2019-05-10 14:00:00,7.00376945893,15.0553436778,0,0,0,12,12,1341,493
reference_NY46__paper_roles,2019-05-10 15:00:00,9.28098178636,32.0918398708,0,0,0,12,12,3210,2651
reference_NY46__paper_roles,2019-05-10 16:00:00,8.04792537644,29.571250689,0,0,0,12,12,2134,2384
reference_NY46__paper_roles,2019-05-10 17:00:00,6.53864366093,15.5978860234,0,0,0,12,12,1053,549
reference_NY46__paper_roles,2019-05-10 18:00:00,5.01189171101,10.9701243826,0,0,0,12,12,363,162
reference_NY46__paper_roles,2019-05-10 19:00:00,4.8642629051,6.83204094601,0,0,0,12,12,327,15
reference_NY46__paper_roles,2019-05-10 20:00:00,6.84111591175,17.8664007769,0,0,0,12,12,1228,829
reference_NY46__paper_roles,2019-05-10 21:00:00,9.11467708052,25.1099708431,0,0,0,12,12,3056,1825
reference_NY46__paper_roles,2019-05-10 22:00:00,7.62196113656,20.7301072692,0,0,0,12,12,1812,1231
reference_NY46__paper_roles,2019-05-10 23:00:00,5.75918786037,9.47171237826,0,0,0,12,12,646,96
reference_NY46__paper_roles,2019-05-11 00:00:00,5.51369295401,17.6335078678,0,0,0,12,12,543,802
reference_NY46__paper_roles,2019-05-11 01:00:00,10.5171205818,37.2497353384,0,0,0,12,12,4261,3162
reference_NY46__paper_roles,2019-05-11 02:00:00,12.3740769153,48.380374441,0,0,0,12,12,5617,4070
reference_NY46__paper_roles,2019-05-11 03:00:00,16.4500889644,66.8968282197,0,0,0,12,12,7465,5115
reference_NY46__paper_roles,2019-05-11 04:00:00,16.6894293817,49.8077960294,0,0,0,12,12,7534,4188
reference_NY46__paper_roles,2019-05-11 05:00:00,21.6597596904,75.1375014758,0,0,0,12,12,8371,5444
reference_NY46__paper_roles,2019-05-11 06:00:00,11.4231190712,89.784341125,0,0,0,12,12,4967,5935
reference_NY46__paper_roles,2019-05-11 07:00:00,15.5828135131,206.898591611,0,0,0,12,12,7161,7533
reference_NY46__paper_roles,2019-05-11 08:00:00,11.720474076,155.220676635,0,0,0,12,12,5173,7113
reference_NY46__paper_roles,2019-05-11 09:00:00,11.7751544728,88.6378475314,0,0,0,12,12,5211,5898
reference_NY46__paper_roles,2019-05-11 10:00:00,12.4225741972,85.9968114087,0,0,0,12,12,5653,5836
reference_NY46__paper_roles,2019-05-11 11:00:00,14.4285823505,47.8665837217,0,0,0,13,12,6720,4033
reference_NY46__paper_roles,2019-05-11 12:00:00,13.8271482714,56.431500449,0,0,0,12,12,6436,4605
reference_NY46__paper_roles,2019-05-11 13:00:00,11.0079237494,41.5932206406,0,0,0,12,12,4652,3551
reference_NY46__paper_roles,2019-05-11 14:00:00,8.53160905504,55.1147311953,0,0,0,12,12,2546,4527
reference_NY46__paper_roles,2019-05-11 15:00:00,11.8976089723,48.1017821116,0,0,0,12,12,5317,4051
reference_NY46__paper_roles,2019-05-11 16:00:00,14.5512460121,48.4104489172,0,0,0,12,12,6775,4072
reference_NY46__paper_roles,2019-05-11 17:00:00,11.2773951963,61.5957869704,0,0,0,12,12,4851,4870
reference_NY46__paper_roles,2019-05-11 18:00:00,6.73867510224,57.3211347346,0,0,0,12,12,1176,4660
reference_NY46__paper_roles,2019-05-11 19:00:00,8.76828144313,78.2383487018,0,0,0,12,12,2757,5560
reference_NY46__paper_roles,2019-05-11 20:00:00,7.97128851804,73.5653387589,0,0,0,12,12,2071,5377
reference_NY46__paper_roles,2019-05-11 21:00:00,9.8263714178,39.939710752,0,0,0,12,12,3693,3424
reference_NY46__paper_roles,2019-05-11 22:00:00,10.4059964674,77.8016517068,0,0,0,12,12,4170,5539
reference_NY46__paper_roles,2019-05-11 23:00:00,7.11526926785,103.150451434,0,0,0,12,12,1418,6305
reference_NY46__paper_roles,2019-05-12 00:00:00,12.5057290515,41.9668504164,0,0,0,13,13,5703,3579
reference_NY46__paper_roles,2019-05-12 01:00:00,12.4695672897,41.2393911643,0,0,0,12,12,5687,3535
reference_NY46__paper_roles,2019-05-12 02:00:00,14.8470705021,49.0330948977,0,0,0,12,12,6890,4129
reference_NY46__paper_roles,2019-05-12 03:00:00,15.7299028857,44.315730444,0,0,0,12,12,7223,3762
reference_NY46__paper_roles,2019-05-12 04:00:00,13.2321717806,44.1028674626,0,0,0,12,12,6095,3742
reference_NY46__paper_roles,2019-05-12 05:00:00,11.5525694394,34.9069521861,0,0,0,12,12,5049,2943
reference_NY46__paper_roles,2019-05-12 06:00:00,15.0997592941,46.0642407415,0,0,0,12,12,6976,3901
reference_NY46__paper_roles,2019-05-12 07:00:00,15.081014675,54.9805427154,0,0,0,12,12,6967,4520
reference_NY46__paper_roles,2019-05-12 08:00:00,13.6628569114,47.8798783612,0,0,0,12,12,6358,4035
reference_NY46__paper_roles,2019-05-12 09:00:00,11.2362451454,36.0790976321,0,0,0,12,12,4824,3058
reference_NY46__paper_roles,2019-05-12 10:00:00,7.17810672662,24.2188527357,0,0,0,12,12,1456,1706
reference_NY46__paper_roles,2019-05-12 11:00:00,7.48631686681,25.2559284753,0,0,0,12,12,1701,1845
reference_NY46__paper_roles,2019-05-12 12:00:00,7.04135610239,20.9991969169,0,0,0,12,12,1365,1273
reference_NY46__paper_roles,2019-05-12 13:00:00,7.10564875378,20.8137698338,0,0,0,12,12,1407,1246
reference_NY46__paper_roles,2019-05-12 14:00:00,9.57287757133,21.8069391455,0,0,0,12,12,3477,1377
reference_NY46__paper_roles,2019-05-12 15:00:00,10.5182843419,20.206942367,0,0,0,12,12,4262,1160
reference_NY46__paper_roles,2019-05-12 16:00:00,5.28216699403,24.7067211765,0,0,0,12,12,464,1776
reference_NY46__paper_roles,2019-05-12 17:00:00,7.1294021775,37.0028781699,0,0,0,12,12,1422,3143
reference_NY46__paper_roles,2019-05-12 18:00:00,6.94126035098,37.651277713,0,0,0,12,12,1293,3201
reference_NY46__paper_roles,2019-05-12 19:00:00,7.06083929563,35.0419939075,0,0,0,12,12,1377,2953
reference_NY46__paper_roles,2019-05-12 20:00:00,8.44011809884,26.8503744856,0,0,0,12,12,2471,2054
reference_NY46__paper_roles,2019-05-12 21:00:00,9.2205154626,19.5471963283,0,0,0,12,12,3159,1072
reference_NY46__paper_roles,2019-05-12 22:00:00,8.40277573302,36.3820308164,0,0,0,12,12,2434,3078
reference_NY46__paper_roles,2019-05-12 23:00:00,9.88142768695,45.1955549226,0,0,0,12,12,3746,3826
reference_NY46__paper_roles,2019-05-13 00:00:00,8.55504658941,34.9157154902,0,0,0,12,12,2565,2944
reference_NY46__paper_roles,2019-05-13 01:00:00,10.2870165816,44.8352969199,0,0,0,12,12,4067,3804
reference_NY46__paper_roles,2019-05-13 02:00:00,13.4795513931,71.794070347,0,0,0,12,12,6242,5315
reference_NY46__paper_roles,2019-05-13 03:00:00,15.687782983,52.9121405366,0,0,0,12,12,7210,4387
reference_NY46__paper_roles,2019-05-13 04:00:00,19.7219226752,55.4400096966,0,0,0,12,12,8132,4550
reference_NY46__paper_roles,2019-05-13 05:00:00,25.3993285208,74.5397739886,0,0,0,12,12,8601,5424
reference_NY46__paper_roles,2019-05-13 06:00:00,16.1475330055,31.7198349069,0,0,0,12,12,7367,2603
reference_NY46__paper_roles,2019-05-13 07:00:00,13.3450125708,53.1081724912,0,0,0,12,12,6158,4404
reference_NY46__paper_roles,2019-05-13 08:00:00,11.441685914,100.185725413,0,0,0,12,12,4980,6232
reference_NY46__paper_roles,2019-05-13 09:00:00,11.1781990368,123.337268997,0,0,0,12,12,4777,6685
reference_NY46__paper_roles,2019-05-13 10:00:00,11.979510881,105.65057836,0,0,0,12,12,5385,6361
reference_NY46__paper_roles,2019-05-13 11:00:00,11.9417008587,148.549212704,0,0,0,12,12,5355,7033
reference_NY46__paper_roles,2019-05-13 12:00:00,11.1685848384,95.7576080396,0,0,0,12,12,4769,6121
reference_NY46__paper_roles,2019-05-13 13:00:00,11.5498591657,111.130377462,0,0,0,12,12,5045,6451
reference_NY46__paper_roles,2019-05-13 14:00:00,10.273700659,85.7117105884,0,0,0,12,12,4059,5824
reference_NY46__paper_roles,2019-05-13 15:00:00,12.8483549938,130.568895768,0,0,0,12,12,5891,6801
reference_NY46__paper_roles,2019-05-13 16:00:00,13.8630235775,124.800975139,0,0,0,12,12,6455,6706
reference_NY46__paper_roles,2019-05-13 17:00:00,9.3342584525,70.6068550218,0,0,0,12,12,3261,5274
reference_NY46__paper_roles,2019-05-13 18:00:00,8.5025772164,49.5242369119,0,0,0,12,12,2523,4167
reference_NY46__paper_roles,2019-05-13 19:00:00,9.65711823636,71.642257975,0,0,0,12,12,3553,5312
reference_NY46__paper_roles,2019-05-13 20:00:00,10.212634964,120.368716028,0,0,0,12,12,4015,6615
reference_NY46__paper_roles,2019-05-13 21:00:00,19.7558667993,223.164363631,0,0,0,12,12,8139,7619
reference_NY46__paper_roles,2019-05-13 22:00:00,16.3239944799,131.27663391,0,0,0,12,12,7424,6812
reference_NY46__paper_roles,2019-05-13 23:00:00,13.9646974098,129.378808027,0,0,0,12,12,6510,6787
reference_NY46__paper_roles,2019-05-14 00:00:00,13.4006404919,63.0226689083,0,0,0,12,12,6196,4940
reference_NY46__paper_roles,2019-05-14 01:00:00,15.5772062117,73.273355415,0,0,0,12,12,7159,5364
reference_NY46__paper_roles,2019-05-14 02:00:00,16.734087862,86.1194665835,0,0,0,12,12,7546,5839
reference_NY46__paper_roles,2019-05-14 03:00:00,23.4460700478,113.44166073,0,0,0,12,12,8510,6493
reference_NY46__paper_roles,2019-05-14 04:00:00,24.2285468928,60.704044432,0,0,0,12,12,8545,4827
reference_NY46__paper_roles,2019-05-14 05:00:00,35.3054123507,79.4799441325,0,0,0,12,12,8741,5603
reference_NY46__paper_roles,2019-05-14 06:00:00,21.8837357291,62.0560865953,0,0,0,12,12,8394,4900
reference_NY46__paper_roles,2019-05-14 07:00:00,12.4109639054,80.8718022335,0,0,0,12,12,5643,5660
reference_NY46__paper_roles,2019-05-14 08:00:00,8.48936930642,26.262897493,0,0,0,12,12,2511,1991
reference_NY46__paper_roles,2019-05-14 09:00:00,10.3994976768,118.662251725,0,0,0,12,12,4164,6581
reference_NY46__paper_roles,2019-05-14 10:00:00,10.1501582457,112.224404562,0,0,0,12,12,3961,6473
reference_NY46__paper_roles,2019-05-14 11:00:00,8.60755803389,75.8457177126,0,0,0,12,12,2612,5477
reference_NY46__paper_roles,2019-05-14 12:00:00,11.1310409471,95.6651482233,0,0,0,12,12,4736,6117
reference_NY46__paper_roles,2019-05-14 13:00:00,10.9872575396,95.7573628268,0,0,0,12,12,4637,6120
reference_NY46__paper_roles,2019-05-14 14:00:00,10.0478175732,89.4902019966,0,0,0,12,12,3886,5928
reference_NY46__paper_roles,2019-05-14 15:00:00,10.363594591,104.039135581,0,0,0,12,12,4125,6328
reference_NY46__paper_roles,2019-05-14 16:00:00,9.33556110176,61.2968699632,0,0,0,12,12,3262,4855
reference_NY46__paper_roles,2019-05-14 17:00:00,6.21163403614,9.69121247393,0,0,0,12,12,850,104
reference_NY46__paper_roles,2019-05-14 18:00:00,6.26047865047,11.5021665674,0,0,0,12,12,878,192
reference_NY46__paper_roles,2019-05-14 19:00:00,6.24786245583,13.6852486781,0,0,0,12,12,869,361
reference_NY46__paper_roles,2019-05-14 20:00:00,7.36062104866,21.6110486499,0,0,0,12,12,1586,1353
reference_NY46__paper_roles,2019-05-14 21:00:00,12.3120400341,19.6436534726,0,0,0,12,12,5584,1091
reference_NY46__paper_roles,2019-05-14 22:00:00,12.7432984517,36.4553357242,0,0,0,12,12,5829,3090
reference_NY46__paper_roles,2019-05-14 23:00:00,13.9456749453,50.8524119682,0,0,0,12,12,6501,4250
reference_NY46__paper_roles,2019-05-15 00:00:00,9.14024649235,39.5084638104,0,0,0,12,12,3076,3380
reference_NY46__paper_roles,2019-05-15 01:00:00,11.6975442329,50.386920787,0,0,0,12,12,5155,4221
reference_NY46__paper_roles,2019-05-15 02:00:00,12.9920477621,64.369595065,0,0,0,12,12,5975,5002
reference_NY46__paper_roles,2019-05-15 03:00:00,15.3482932848,62.1840494187,0,0,0,12,12,7074,4904
reference_NY46__paper_roles,2019-05-15 04:00:00,16.3111525962,62.228401929,0,0,0,12,12,7420,4905
reference_NY46__paper_roles,2019-05-15 05:00:00,19.8539320323,43.531927323,0,0,0,12,12,8154,3702
reference_NY46__paper_roles,2019-05-15 06:00:00,18.6537619187,53.1690881826,0,0,0,12,12,7960,4410
reference_NY46__paper_roles,2019-05-15 07:00:00,12.7272281065,65.7166427043,0,0,0,12,12,5820,5068
reference_NY46__paper_roles,2019-05-15 08:00:00,9.67880908897,64.857097388,0,0,0,12,12,3574,5035
reference_NY46__paper_roles,2019-05-15 09:00:00,7.69728981626,66.6707862981,0,0,0,12,12,1871,5107
reference_NY46__paper_roles,2019-05-15 10:00:00,5.56893591367,20.3335154835,0,0,0,12,12,572,1175
reference_NY46__paper_roles,2019-05-15 11:00:00,7.54277152811,50.209217107,0,0,0,12,12,1748,4211
reference_NY46__paper_roles,2019-05-15 12:00:00,11.2993889256,97.8037233813,0,0,0,14,13,4865,6168
reference_NY46__paper_roles,2019-05-15 13:00:00,11.8139875984,95.555690871,0,0,0,11,11,5239,6113
reference_NY46__paper_roles,2019-05-15 14:00:00,13.7073464281,66.7142944429,0,0,0,12,12,6379,5109
reference_NY46__paper_roles,2019-05-15 15:00:00,12.1531268741,81.2580454259,0,0,0,12,12,5491,5674
reference_NY46__paper_roles,2019-05-15 16:00:00,16.1843804644,73.0689182037,0,0,0,12,12,7385,5356
reference_NY46__paper_roles,2019-05-15 17:00:00,12.9896514533,33.5172845845,0,0,0,12,12,5972,2802
reference_NY46__paper_roles,2019-05-15 18:00:00,14.566086407,74.2910891277,0,0,0,12,12,6777,5418
reference_NY46__paper_roles,2019-05-15 19:00:00,11.5847275979,57.7103079168,0,0,0,12,12,5071,4684
reference_NY46__paper_roles,2019-05-15 20:00:00,9.39715939026,44.588519385,0,0,0,12,12,3307,3783
reference_NY46__paper_roles,2019-05-15 21:00:00,18.9462158027,61.4581794461,0,0,0,12,12,8007,4861
reference_NY46__paper_roles,2019-05-15 22:00:00,11.9312738976,77.4644883264,0,0,0,12,12,5343,5530
reference_NY46__paper_roles,2019-05-15 23:00:00,12.9725172834,70.082128711,0,0,0,12,12,5962,5246
reference_NY46__paper_roles,2019-05-16 00:00:00,14.9148249729,61.6637165,0,0,0,12,12,6914,4877
reference_NY46__paper_roles,2019-05-16 01:00:00,16.5412580818,79.768285849,0,0,0,12,12,7497,5617
reference_NY46__paper_roles,2019-05-16 02:00:00,17.3478473545,85.301291913,0,0,0,12,12,7704,5809
reference_NY46__paper_roles,2019-05-16 03:00:00,18.833539525,86.3258111602,0,0,0,12,12,7984,5844
reference_NY46__paper_roles,2019-05-16 04:00:00,23.8583092274,89.2554938655,0,0,0,12,12,8530,5922
reference_NY46__paper_roles,2019-05-16 05:00:00,27.813236263,72.2824821973,0,0,0,12,12,8669,5334
reference_NY46__paper_roles,2019-05-16 06:00:00,20.3817114747,48.1817731029,0,0,0,12,12,8226,4056
reference_NY46__paper_roles,2019-05-16 07:00:00,13.732007984,84.6681852962,0,0,0,12,12,6393,5783
reference_NY46__paper_roles,2019-05-16 08:00:00,16.7192779267,105.221901052,0,0,0,12,11,7541,6353
reference_NY46__paper_roles,2019-05-16 09:00:00,16.3774240043,126.105392683,0,0,0,12,12,7441,6731
reference_NY46__paper_roles,2019-05-16 10:00:00,11.9357368007,110.239864772,0,0,0,12,12,5350,6434
reference_NY46__paper_roles,2019-05-16 11:00:00,11.8402957297,132.967993112,0,0,0,9,9,5251,6835
reference_NY46__paper_roles,2019-05-16 12:00:00,13.9149350255,60.3731229523,0,0,0,12,12,6483,4811
reference_NY46__paper_roles,2019-05-16 13:00:00,10.0647904932,93.2378734644,0,0,0,12,12,3896,6044
reference_NY46__paper_roles,2019-05-16 14:00:00,11.1341131439,65.6215644653,0,0,0,12,12,4738,5064
reference_NY46__paper_roles,2019-05-16 15:00:00,14.7008928665,49.6440755331,0,0,0,12,12,6825,4177
reference_NY46__paper_roles,2019-05-16 16:00:00,15.0971275716,129.409286539,0,0,0,12,12,6974,6789
reference_NY46__paper_roles,2019-05-16 17:00:00,24.5892945951,119.307570843,0,0,0,12,11,8565,6593
reference_NY46__paper_roles,2019-05-16 18:00:00,12.1950251431,58.5238808729,0,0,0,12,12,5528,4716
reference_NY46__paper_roles,2019-05-16 19:00:00,12.4739283589,64.14532809,0,0,0,12,12,5690,4991
reference_NY46__paper_roles,2019-05-16 20:00:00,14.7588575289,90.7858566916,0,0,0,12,12,6848,5961
reference_NY46__paper_roles,2019-05-16 21:00:00,18.719054025,54.6603602936,0,0,0,12,12,7968,4504
reference_NY46__paper_roles,2019-05-16 22:00:00,10.5445490243,53.1850497134,0,0,0,12,12,4294,4414
reference_NY46__paper_roles,2019-05-16 23:00:00,11.7559779639,61.9165970367,0,0,0,12,12,5196,4890
reference_NY46__paper_roles,2019-05-17 00:00:00,12.6242225591,51.0304197108,0,0,0,12,12,5767,4267
reference_NY46__paper_roles,2019-05-17 01:00:00,11.7773239822,46.0954187651,0,0,0,12,12,5213,3903
reference_NY46__paper_roles,2019-05-17 02:00:00,15.6790620172,64.4266956352,0,0,0,12,12,7207,5006
reference_NY46__paper_roles,2019-05-17 03:00:00,16.0636375764,59.4679292983,0,0,0,12,12,7339,4768
reference_NY46__paper_roles,2019-05-17 04:00:00,20.5039454721,73.3012693919,0,0,0,12,12,8241,5365
reference_NY46__paper_roles,2019-05-17 05:00:00,21.93004963,74.0257259247,0,0,0,12,12,8396,5406
reference_NY46__paper_roles,2019-05-17 06:00:00,25.5919390152,58.7548400908,0,0,0,12,12,8611,4727
reference_NY46__paper_roles,2019-05-17 07:00:00,22.9864586481,66.8642008898,0,0,0,12,12,8471,5113
reference_NY46__paper_roles,2019-05-17 08:00:00,11.8438016611,68.2747112616,0,0,0,12,12,5256,5180
reference_NY46__paper_roles,2019-05-17 09:00:00,11.2228495572,50.0979030595,0,0,0,12,12,4816,4204
reference_NY46__paper_roles,2019-05-17 10:00:00,10.8814832509,74.7272054598,0,0,0,12,12,4551,5428
reference_NY46__paper_roles,2019-05-17 11:00:00,11.175989519,75.0208031381,0,0,0,12,12,4774,5440
reference_NY46__paper_roles,2019-05-17 12:00:00,15.2858348726,88.0724601386,0,0,0,12,12,7038,5877
reference_NY46__paper_roles,2019-05-17 13:00:00,11.6373201742,48.4482911006,0,0,0,12,12,5107,4074
reference_NY46__paper_roles,2019-05-17 14:00:00,9.08913997053,24.198205342,0,0,0,12,12,3036,1704
reference_NY46__paper_roles,2019-05-17 15:00:00,12.5590237209,45.2061614234,0,0,0,12,12,5732,3827
reference_NY46__paper_roles,2019-05-17 16:00:00,8.39468150165,21.2634162205,0,0,0,12,12,2429,1304
reference_NY46__paper_roles,2019-05-17 17:00:00,8.35940286942,27.3791901731,0,0,0,12,12,2402,2121
reference_NY46__paper_roles,2019-05-17 18:00:00,6.76910033917,18.1438906493,0,0,0,12,12,1198,857
reference_NY46__paper_roles,2019-05-17 19:00:00,7.09508612859,22.2540235716,0,0,0,12,12,1397,1446
reference_NY46__paper_roles,2019-05-17 20:00:00,6.86737229157,25.8763676659,0,0,0,12,12,1245,1934
reference_NY46__paper_roles,2019-05-17 21:00:00,6.20345913165,28.0363573027,0,0,0,12,12,844,2189
reference_NY46__paper_roles,2019-05-17 22:00:00,5.37063249481,32.5863337703,0,0,0,12,12,499,2702
reference_NY46__paper_roles,2019-05-17 23:00:00,16.2207260988,40.6593322508,0,0,0,12,12,7394,3482
reference_NY46__paper_roles,2019-05-18 00:00:00,7.36082811629,24.458115336,0,0,0,12,12,1587,1746
reference_NY46__paper_roles,2019-05-18 01:00:00,11.9027729669,42.3179945926,0,0,0,12,12,5319,3602
reference_NY46__paper_roles,2019-05-18 02:00:00,14.0319120199,45.4964217661,0,0,0,12,12,6539,3857
reference_NY46__paper_roles,2019-05-18 03:00:00,10.5592552625,23.4985821105,0,0,0,12,12,4302,1614
reference_NY46__paper_roles,2019-05-18 04:00:00,15.0609861271,28.3576657126,0,0,0,12,12,6960,2229
reference_NY46__paper_roles,2019-05-18 05:00:00,15.9862967225,35.3995385727,0,0,0,12,12,7318,2986
reference_NY46__paper_roles,2019-05-18 06:00:00,10.8005186023,60.8132041666,0,0,0,12,12,4486,4831
reference_NY46__paper_roles,2019-05-18 07:00:00,10.5964192025,142.660961517,0,0,0,12,12,4327,6961
reference_NY46__paper_roles,2019-05-18 08:00:00,8.60289609694,120.057920875,0,0,0,12,12,2609,6607
reference_NY46__paper_roles,2019-05-18 09:00:00,8.90528625596,93.5230968401,0,0,0,12,12,2898,6054
reference_NY46__paper_roles,2019-05-18 10:00:00,10.7416605531,105.168987334,0,0,0,12,12,4432,6352
reference_NY46__paper_roles,2019-05-18 11:00:00,8.61022703341,106.358277304,0,0,0,12,12,2613,6376
reference_NY46__paper_roles,2019-05-18 12:00:00,10.4900504341,84.6731529552,0,0,0,12,12,4232,5784
reference_NY46__paper_roles,2019-05-18 13:00:00,12.6572165861,95.8125234537,0,0,0,12,12,5785,6122
reference_NY46__paper_roles,2019-05-18 14:00:00,12.8584184719,106.771989914,0,0,0,12,12,5897,6381
reference_NY46__paper_roles,2019-05-18 15:00:00,12.5571937872,137.092240932,0,0,0,12,12,5731,6890
reference_NY46__paper_roles,2019-05-18 16:00:00,12.5130415927,170.30423801,0,0,0,12,12,5710,7268
reference_NY46__paper_roles,2019-05-18 17:00:00,10.4857848088,104.698681992,0,0,0,12,12,4227,6341
reference_NY46__paper_roles,2019-05-18 18:00:00,10.2865301664,85.9767919053,0,0,0,12,12,4066,5835
reference_NY46__paper_roles,2019-05-18 19:00:00,12.1830387566,115.69128142,0,0,0,12,12,5518,6533
reference_NY46__paper_roles,2019-05-18 20:00:00,12.738726893,49.4685126399,0,0,0,12,12,5823,4161
reference_NY46__paper_roles,2019-05-18 21:00:00,11.7386559581,25.1728936495,0,0,0,12,12,5184,1837
reference_NY46__paper_roles,2019-05-18 22:00:00,11.3546125126,24.8543267305,0,0,0,12,12,4915,1797
reference_NY46__paper_roles,2019-05-18 23:00:00,10.6572048716,25.9017216751,0,0,0,12,12,4373,1940
reference_NY46__paper_roles,2019-05-19 00:00:00,8.98429512732,34.4028721633,0,0,0,12,12,2963,2897
reference_NY46__paper_roles,2019-05-19 01:00:00,13.5540347034,41.827053642,0,0,0,12,12,6295,3568
reference_NY46__paper_roles,2019-05-19 02:00:00,15.5709642878,68.999528976,0,0,0,12,12,7156,5212
reference_NY46__paper_roles,2019-05-19 03:00:00,15.9967720339,63.6597824338,0,0,0,12,12,7322,4973
reference_NY46__paper_roles,2019-05-19 04:00:00,15.7470050191,62.0328802351,0,0,0,12,12,7236,4898
reference_NY46__paper_roles,2019-05-19 05:00:00,17.757647372,87.0706394388,0,0,0,12,12,7794,5856
reference_NY46__paper_roles,2019-05-19 06:00:00,16.8047713982,83.8266577179,0,0,0,12,12,7565,5759
reference_NY46__paper_roles,2019-05-19 07:00:00,13.4150112439,46.0580957539,0,0,0,12,12,6205,3900
reference_NY46__paper_roles,2019-05-19 08:00:00,9.86526193082,29.4320293652,0,0,0,12,12,3734,2370
reference_NY46__paper_roles,2019-05-19 09:00:00,9.1938057736,21.4312146453,0,0,0,12,12,3132,1331
reference_NY46__paper_roles,2019-05-19 10:00:00,8.75827188278,21.9007098038,0,0,0,12,12,2747,1395
reference_NY46__paper_roles,2019-05-19 11:00:00,9.85304557333,35.377032882,0,0,0,12,12,3723,2982
reference_NY46__paper_roles,2019-05-19 12:00:00,11.9148987744,33.7667856855,0,0,0,12,12,5332,2832
reference_NY46__paper_roles,2019-05-19 13:00:00,13.0149712321,38.220250162,0,0,0,12,12,5986,3258
reference_NY46__paper_roles,2019-05-19 14:00:00,13.3499375901,24.7262945857,0,0,0,12,12,6160,1779
reference_NY46__paper_roles,2019-05-19 15:00:00,11.6456083138,21.5174479436,0,0,0,12,12,5113,1341
reference_NY46__paper_roles,2019-05-19 16:00:00,11.6786043035,20.9234800342,0,0,0,12,12,5139,1262
reference_NY46__paper_roles,2019-05-19 17:00:00,11.8665084968,22.7519370125,0,0,0,12,12,5289,1513
reference_NY46__paper_roles,2019-05-19 18:00:00,10.7527163213,20.9568703867,0,0,0,12,12,4442,1269
reference_NY46__paper_roles,2019-05-19 19:00:00,8.568778055,17.3293535563,0,0,0,12,12,2581,758
reference_NY46__paper_roles,2019-05-19 20:00:00,8.031574085,14.8143952332,0,0,0,12,12,2120,474
reference_NY46__paper_roles,2019-05-19 21:00:00,7.47913478862,13.5741524958,0,0,0,12,12,1693,352
reference_NY46__paper_roles,2019-05-19 22:00:00,9.16764964961,28.4510996725,0,0,0,14,14,3110,2244
reference_NY46__paper_roles,2019-05-19 23:00:00,7.96197214384,19.3385277129,0,0,0,12,12,2063,1038
reference_NY46__paper_roles,2019-05-20 00:00:00,7.34954901546,16.8894763883,0,0,0,12,12,1576,709
reference_NY46__paper_roles,2019-05-20 01:00:00,8.96208454187,18.3859293383,0,0,0,12,12,2951,890
reference_NY46__paper_roles,2019-05-20 02:00:00,12.2780297824,34.2743752901,0,0,0,12,12,5568,2883
reference_NY46__paper_roles,2019-05-20 03:00:00,17.4985304313,47.055425343,0,0,0,12,12,7737,3964
reference_NY46__paper_roles,2019-05-20 04:00:00,18.8791247879,52.5772996464,0,0,0,12,12,7997,4367
reference_NY46__paper_roles,2019-05-20 05:00:00,23.1188289903,56.7325213062,0,0,0,12,12,8481,4628
reference_NY46__paper_roles,2019-05-20 06:00:00,18.0173507804,26.0724749431,0,0,0,12,12,7860,1962
reference_NY46__paper_roles,2019-05-20 07:00:00,18.1035357943,34.4850329112,0,0,0,12,12,7876,2902
reference_NY46__paper_roles,2019-05-20 08:00:00,13.5922551144,34.6400145538,0,0,0,13,12,6314,2918
reference_NY46__paper_roles,2019-05-20 09:00:00,17.1195197087,41.99285842,0,0,0,12,12,7650,3580
reference_NY46__paper_roles,2019-05-20 10:00:00,13.391612643,29.2188708888,0,0,0,12,12,6188,2341
reference_NY46__paper_roles,2019-05-20 11:00:00,12.7084610984,25.6800408233,0,0,0,12,12,5808,1906
reference_NY46__paper_roles,2019-05-20 12:00:00,16.6903710535,52.2408700387,0,0,0,12,12,7535,4349
reference_NY46__paper_roles,2019-05-20 13:00:00,15.9416389926,53.6250720896,0,0,0,12,12,7305,4443
reference_NY46__paper_roles,2019-05-20 14:00:00,19.583898458,71.1620598459,0,0,0,13,12,8107,5291
reference_NY46__paper_roles,2019-05-20 15:00:00,18.8224912704,53.0394488372,0,0,0,12,12,7982,4400
reference_NY46__paper_roles,2019-05-20 16:00:00,21.0104832538,75.7289249682,0,0,0,12,12,8306,5473
reference_NY46__paper_roles,2019-05-20 17:00:00,21.9542128794,80.5038555698,0,0,0,12,12,8402,5639
reference_NY46__paper_roles,2019-05-20 18:00:00,19.3489793376,73.897366621,0,0,0,12,12,8075,5400
reference_NY46__paper_roles,2019-05-20 19:00:00,16.7395167743,51.2601992098,0,0,0,12,12,7550,4283
reference_NY46__paper_roles,2019-05-20 20:00:00,19.2341224193,55.5329452059,0,0,0,12,12,8055,4558
reference_NY46__paper_roles,2019-05-20 21:00:00,20.9927164027,58.8453640088,0,0,0,12,12,8298,4734
reference_NY46__paper_roles,2019-05-20 22:00:00,15.1757256622,74.2345218335,0,0,0,12,12,7003,5415
reference_NY46__paper_roles,2019-05-20 23:00:00,15.30124973,60.8593548975,0,0,0,12,12,7049,4835
reference_NY46__paper_roles,2019-05-21 00:00:00,15.9835926937,94.3152574568,0,0,0,12,12,7316,6077
reference_NY46__paper_roles,2019-05-21 01:00:00,20.1732473594,75.2585449408,0,0,0,12,12,8197,5450
reference_NY46__paper_roles,2019-05-21 02:00:00,19.1776279782,61.2671899582,0,0,0,12,12,8046,4853
reference_NY46__paper_roles,2019-05-21 03:00:00,21.9904591833,51.3030468434,0,0,0,12,12,8407,4286
reference_NY46__paper_roles,2019-05-21 04:00:00,21.4557587783,48.5811678604,0,0,0,12,12,8353,4093
reference_NY46__paper_roles,2019-05-21 05:00:00,19.5615287972,66.9879714302,0,0,0,12,12,8102,5120
reference_NY46__paper_roles,2019-05-21 06:00:00,20.7572952864,61.0177599699,0,0,0,12,12,8277,4845
reference_NY46__paper_roles,2019-05-21 07:00:00,18.4319306475,42.5468825167,0,0,0,12,12,7928,3623
reference_NY46__paper_roles,2019-05-21 08:00:00,9.34145661551,32.1298849604,0,0,0,12,12,3266,2659
reference_NY46__paper_roles,2019-05-21 09:00:00,11.5494845058,39.0855348306,0,0,0,12,12,5044,3342
reference_NY46__paper_roles,2019-05-21 10:00:00,10.6752941613,22.8799326182,0,0,0,12,12,4388,1532
reference_NY46__paper_roles,2019-05-21 11:00:00,15.3044127974,27.8589278691,0,0,0,12,11,7051,2174
reference_NY46__paper_roles,2019-05-21 12:00:00,10.9050641955,22.4221414278,0,0,0,12,12,4565,1472
reference_NY46__paper_roles,2019-05-21 13:00:00,14.6471140966,29.15895778,0,0,0,12,12,6807,2330
reference_NY46__paper_roles,2019-05-21 14:00:00,9.81572368504,30.408877252,0,0,0,12,12,3686,2467
reference_NY46__paper_roles,2019-05-21 15:00:00,11.2776018442,28.8482220484,0,0,0,12,12,4852,2297
reference_NY46__paper_roles,2019-05-21 16:00:00,9.79812922547,28.9958240567,0,0,0,12,12,3667,2312
reference_NY46__paper_roles,2019-05-21 17:00:00,10.5165296524,29.9643340483,0,0,0,12,12,4260,2427
reference_NY46__paper_roles,2019-05-21 18:00:00,9.84158749513,28.3707111311,0,0,0,12,12,3707,2232
reference_NY46__paper_roles,2019-05-21 19:00:00,8.55377980681,26.4946760959,0,0,0,12,12,2563,2016
reference_NY46__paper_roles,2019-05-21 20:00:00,8.58046512489,28.5118189247,0,0,0,12,12,2594,2250
reference_NY46__paper_roles,2019-05-21 21:00:00,10.1558124186,26.5284872575,0,0,0,12,12,3968,2025
reference_NY46__paper_roles,2019-05-21 22:00:00,8.72531420191,20.1783515903,0,0,0,12,12,2708,1155
reference_NY46__paper_roles,2019-05-21 23:00:00,11.1411650967,24.2742553107,0,0,0,12,12,4747,1716
reference_NY46__paper_roles,2019-05-22 00:00:00,17.4745139741,50.6256772018,0,0,0,12,12,7728,4230
reference_NY46__paper_roles,2019-05-22 01:00:00,14.592445291,52.6521386727,0,0,0,12,12,6787,4372
reference_NY46__paper_roles,2019-05-22 02:00:00,17.0050061485,71.3725795373,0,0,0,12,12,7625,5302
reference_NY46__paper_roles,2019-05-22 03:00:00,15.8442051984,63.5007853114,0,0,0,12,12,7269,4965
reference_NY46__paper_roles,2019-05-22 04:00:00,20.2929308147,51.2633198434,0,0,0,12,12,8212,4284
reference_NY46__paper_roles,2019-05-22 05:00:00,17.3753995608,40.9655465326,0,0,0,12,12,7709,3511
reference_NY46__paper_roles,2019-05-22 06:00:00,17.8787593486,47.2691983956,0,0,0,12,12,7823,3982
reference_NY46__paper_roles,2019-05-22 07:00:00,19.1317796772,53.2594882727,0,0,0,12,12,8037,4422
reference_NY46__paper_roles,2019-05-22 08:00:00,13.7927572849,58.3827480162,0,0,0,12,12,6420,4710
reference_NY46__paper_roles,2019-05-22 09:00:00,19.6961489945,65.9523831394,0,0,0,12,12,8130,5076
reference_NY46__paper_roles,2019-05-22 10:00:00,19.0491176897,78.0197997445,0,0,0,12,12,8025,5552
reference_NY46__paper_roles,2019-05-22 11:00:00,17.1200041267,44.9530929532,0,0,0,12,12,7651,3811
reference_NY46__paper_roles,2019-05-22 12:00:00,17.6100330378,52.0539211036,0,0,0,12,12,7758,4338
reference_NY46__paper_roles,2019-05-22 13:00:00,15.706204543,70.4828958897,0,0,0,12,12,7217,5268
reference_NY46__paper_roles,2019-05-22 14:00:00,15.6426333318,37.3227658649,0,0,0,12,12,7185,3168
reference_NY46__paper_roles,2019-05-22 15:00:00,13.3763953554,34.875103891,0,0,0,12,12,6177,2939
reference_NY46__paper_roles,2019-05-22 16:00:00,15.950661636,49.7707829518,0,0,0,12,12,7306,4184
reference_NY46__paper_roles,2019-05-22 17:00:00,13.4469373683,42.3028503211,0,0,0,12,12,6217,3600
reference_NY46__paper_roles,2019-05-22 18:00:00,12.3870656072,46.5137159779,0,0,0,12,12,5624,3936
reference_NY46__paper_roles,2019-05-22 19:00:00,9.5214543713,32.9980870251,0,0,0,12,12,3431,2742
reference_NY46__paper_roles,2019-05-22 20:00:00,14.9616874565,44.3575282793,0,0,0,12,12,6927,3767
reference_NY46__paper_roles,2019-05-22 21:00:00,11.523578807,38.0441362948,0,0,0,12,12,5030,3242
reference_NY46__paper_roles,2019-05-22 22:00:00,13.0350591746,28.2034187314,0,0,0,12,12,5996,2210
reference_NY46__paper_roles,2019-05-22 23:00:00,10.983400672,56.4447840921,0,0,0,12,12,4632,4607
reference_NY46__paper_roles,2019-05-23 00:00:00,10.9217308114,65.1069004432,0,0,0,12,12,4583,5044
reference_NY46__paper_roles,2019-05-23 01:00:00,10.7989005025,55.3951557949,0,0,0,12,12,4483,4545
reference_NY46__paper_roles,2019-05-23 02:00:00,12.6157920343,57.2385312108,0,0,0,12,12,5762,4657
reference_NY46__paper_roles,2019-05-23 03:00:00,13.1205014561,53.4552568019,0,0,0,12,12,6042,4435
reference_NY46__paper_roles,2019-05-23 04:00:00,15.683902074,68.4831148373,0,0,0,12,12,7209,5191
reference_NY46__paper_roles,2019-05-23 05:00:00,16.5516582113,65.5130218766,0,0,0,12,12,7501,5058
reference_NY46__paper_roles,2019-05-23 06:00:00,16.8018161198,50.9869784727,0,0,0,12,12,7563,4261
reference_NY46__paper_roles,2019-05-23 07:00:00,16.0591425166,43.9851910107,0,0,0,12,12,7336,3731
reference_NY46__paper_roles,2019-05-23 08:00:00,11.5911488234,39.6204838221,0,0,0,12,12,5079,3389
reference_NY46__paper_roles,2019-05-23 09:00:00,10.7409182262,38.9258185695,0,0,0,12,12,4431,3327
reference_NY46__paper_roles,2019-05-23 10:00:00,8.35902215923,29.0957908302,0,0,0,12,12,2400,2326
reference_NY46__paper_roles,2019-05-23 11:00:00,9.28322155171,52.2872993547,0,0,0,12,12,3213,4353
reference_NY46__paper_roles,2019-05-23 12:00:00,7.43093315315,26.9057143588,0,0,0,12,12,1646,2061
reference_NY46__paper_roles,2019-05-23 13:00:00,14.8497417165,39.7517151465,0,0,0,13,13,6893,3403
reference_NY46__paper_roles,2019-05-23 14:00:00,14.3899415804,83.8358239437,0,0,0,12,12,6703,5761
reference_NY46__paper_roles,2019-05-23 15:00:00,20.3982404776,600.921228097,0,0,0,13,12,8230,8338
reference_NY46__paper_roles,2019-05-23 16:00:00,22.5171264465,160.485675049,0,0,0,12,12,8446,7168
reference_NY46__paper_roles,2019-05-23 17:00:00,19.5318144027,95.5914531345,0,0,0,12,12,8095,6114
reference_NY46__paper_roles,2019-05-23 18:00:00,15.4005827014,99.4459440975,0,0,0,12,12,7096,6211
reference_NY46__paper_roles,2019-05-23 19:00:00,13.8061476967,86.8349209088,0,0,0,12,12,6426,5854
reference_NY46__paper_roles,2019-05-23 20:00:00,14.3571906992,76.7727614846,0,0,0,12,12,6684,5505
reference_NY46__paper_roles,2019-05-23 21:00:00,12.9036828984,69.5055891248,0,0,0,12,12,5928,5225
reference_NY46__paper_roles,2019-05-23 22:00:00,14.5426269718,71.506784819,0,0,0,12,12,6772,5306
reference_NY46__paper_roles,2019-05-23 23:00:00,12.7430243764,106.670047791,0,0,0,12,12,5827,6379
reference_NY46__paper_roles,2019-05-24 00:00:00,14.1933980029,106.511654116,0,0,0,12,12,6608,6377
reference_NY46__paper_roles,2019-05-24 01:00:00,15.0189074546,118.292284008,0,0,0,12,12,6943,6574
reference_NY46__paper_roles,2019-05-24 02:00:00,15.6519931198,143.195336335,0,0,0,12,12,7192,6974
reference_NY46__paper_roles,2019-05-24 03:00:00,17.965808306,163.350589377,0,0,0,12,12,7849,7198
reference_NY46__paper_roles,2019-05-24 04:00:00,15.7389235052,109.167485136,0,0,0,12,12,7229,6415
reference_NY46__paper_roles,2019-05-24 05:00:00,22.4340380605,93.4805623666,0,0,0,12,12,8442,6052
reference_NY46__paper_roles,2019-05-24 06:00:00,21.8616951354,78.6134422453,0,0,0,12,12,8392,5569
reference_NY46__paper_roles,2019-05-24 07:00:00,13.3879433343,49.9999979212,0,0,0,12,12,6185,4196
reference_NY46__paper_roles,2019-05-24 08:00:00,8.51993049766,35.5369002121,0,0,0,12,12,2535,2997
reference_NY46__paper_roles,2019-05-24 09:00:00,10.1646422307,46.4210646326,0,0,0,12,12,3976,3922
reference_NY46__paper_roles,2019-05-24 10:00:00,7.05279895587,29.4136929546,0,0,0,12,12,1371,2367
reference_NY46__paper_roles,2019-05-24 11:00:00,9.92269621604,35.2101715497,0,0,0,12,12,3781,2970
reference_NY46__paper_roles,2019-05-24 12:00:00,9.75003403368,34.4320428877,0,0,0,12,12,3628,2899
reference_NY46__paper_roles,2019-05-24 13:00:00,9.03279726127,32.7687999339,0,0,0,13,12,2994,2726
reference_NY46__paper_roles,2019-05-24 14:00:00,10.4110431777,34.0145548264,0,0,0,12,12,4176,2854
reference_NY46__paper_roles,2019-05-24 15:00:00,12.1591460931,37.6884365121,0,0,0,12,12,5497,3205
reference_NY46__paper_roles,2019-05-24 16:00:00,14.4523415078,27.5653959672,0,0,0,12,12,6735,2139
reference_NY46__paper_roles,2019-05-24 17:00:00,9.26393873063,17.3004696369,0,0,0,12,12,3199,755
reference_NY46__paper_roles,2019-05-24 18:00:00,8.70269363903,22.131299392,0,0,0,12,12,2682,1433
reference_NY46__paper_roles,2019-05-24 19:00:00,10.1821203656,25.2580075513,0,0,0,12,12,3993,1846
reference_NY46__paper_roles,2019-05-24 20:00:00,12.0640677477,21.2343767261,0,0,0,12,12,5437,1300
reference_NY46__paper_roles,2019-05-24 21:00:00,14.8145992778,33.3957143677,0,0,0,12,12,6870,2787
reference_NY46__paper_roles,2019-05-24 22:00:00,10.6155930384,31.8371570375,0,0,0,12,12,4347,2621
reference_NY46__paper_roles,2019-05-24 23:00:00,7.65850874222,26.2399814431,0,0,0,12,12,1840,1989
reference_NY46__paper_roles,2019-05-25 00:00:00,11.710598486,30.5560369386,0,0,0,12,12,5162,2485
reference_NY46__paper_roles,2019-05-25 01:00:00,11.3900927406,24.907057339,0,0,0,12,12,4943,1806
reference_NY46__paper_roles,2019-05-25 02:00:00,13.5305550741,43.0523957293,0,0,0,12,12,6278,3664
reference_NY46__paper_roles,2019-05-25 03:00:00,13.3654003792,29.1799976146,0,0,0,12,12,6168,2334
reference_NY46__paper_roles,2019-05-25 04:00:00,13.7183814513,44.5283189733,0,0,0,12,12,6387,3777
reference_NY46__paper_roles,2019-05-25 05:00:00,17.8040303671,316.992141439,0,0,0,13,12,7804,7969
reference_NY46__paper_roles,2019-05-25 06:00:00,23.5751036184,1915.40291811,0,0,0,12,12,8517,8612
reference_NY46__paper_roles,2019-05-25 07:00:00,17.9894194308,256.908166766,0,0,0,12,12,7853,7781
reference_NY46__paper_roles,2019-05-25 08:00:00,15.4060067401,242.221536599,0,0,0,12,12,7100,7720
reference_NY46__paper_roles,2019-05-25 09:00:00,18.2052944779,287.732750455,0,0,0,12,12,7894,7895
reference_NY46__paper_roles,2019-05-25 10:00:00,17.2015976625,369.087903472,0,0,0,12,12,7674,8100
reference_NY46__paper_roles,2019-05-25 11:00:00,14.3507944687,186.829011497,0,0,0,12,12,6681,7391
reference_NY46__paper_roles,2019-05-25 12:00:00,16.4950499271,185.663549759,0,0,0,12,12,7480,7384
reference_NY46__paper_roles,2019-05-25 13:00:00,16.7359004511,228.78686775,0,0,0,12,12,7548,7652
reference_NY46__paper_roles,2019-05-25 14:00:00,17.9115704562,190.85443691,0,0,0,12,12,7834,7418
reference_NY46__paper_roles,2019-05-25 15:00:00,18.9315041892,164.306258786,0,0,0,12,12,8003,7213
reference_NY46__paper_roles,2019-05-25 16:00:00,17.2751844499,194.108471215,0,0,0,12,12,7689,7445
reference_NY46__paper_roles,2019-05-25 17:00:00,20.2445126376,261.011741057,0,0,0,12,12,8204,7798
reference_NY46__paper_roles,2019-05-25 18:00:00,21.9687450949,178.881272418,0,0,0,12,12,8404,7338
reference_NY46__paper_roles,2019-05-25 19:00:00,16.0884273575,79.6219680235,0,0,0,12,12,7348,5611
reference_NY46__paper_roles,2019-05-25 20:00:00,13.8019647645,38.0821216999,0,0,0,12,12,6422,3246
reference_NY46__paper_roles,2019-05-25 21:00:00,14.1762865208,25.0252812033,0,0,0,12,12,6603,1816
reference_NY46__paper_roles,2019-05-25 22:00:00,15.2981841521,81.3320267401,0,0,0,12,12,7047,5678
reference_NY46__paper_roles,2019-05-25 23:00:00,15.8184113995,131.080209705,0,0,0,12,12,7260,6808
reference_NY46__paper_roles,2019-05-26 00:00:00,15.0951713115,80.8137168069,0,0,0,12,12,6971,5656
reference_NY46__paper_roles,2019-05-26 01:00:00,17.9496301181,80.7611431786,0,0,0,12,12,7840,5655
reference_NY46__paper_roles,2019-05-26 02:00:00,21.5017764751,129.408954026,0,0,0,12,12,8356,6788
reference_NY46__paper_roles,2019-05-26 03:00:00,22.0412423119,131.139927304,0,0,0,13,12,8410,6809
reference_NY46__paper_roles,2019-05-26 04:00:00,19.9986392127,111.427229684,0,0,0,12,12,8178,6455
reference_NY46__paper_roles,2019-05-26 05:00:00,19.6659221058,102.973943415,0,0,0,12,12,8123,6299
reference_NY46__paper_roles,2019-05-26 06:00:00,14.4322792806,72.8520044142,0,0,0,12,12,6724,5348
reference_NY46__paper_roles,2019-05-26 07:00:00,14.3761745135,103.829028378,0,0,0,12,12,6694,6322
reference_NY46__paper_roles,2019-05-26 08:00:00,15.9673715208,97.4155236515,0,0,0,12,12,7312,6162
reference_NY46__paper_roles,2019-05-26 09:00:00,20.1262543742,131.731591687,0,0,0,12,12,8193,6817
reference_NY46__paper_roles,2019-05-26 10:00:00,17.6638057438,119.822726075,0,0,0,12,12,7775,6599
reference_NY46__paper_roles,2019-05-26 11:00:00,15.5698695833,75.9216824541,0,0,0,12,12,7155,5478
reference_NY46__paper_roles,2019-05-26 12:00:00,9.50683319591,35.4045154696,0,0,0,12,12,3419,2987
reference_NY46__paper_roles,2019-05-26 13:00:00,12.8096722158,57.1030135007,0,0,0,12,12,5868,4648
reference_NY46__paper_roles,2019-05-26 14:00:00,13.2470351968,51.2670957952,0,0,0,12,12,6106,4285
reference_NY46__paper_roles,2019-05-26 15:00:00,9.40609481207,38.4102819214,0,0,0,12,12,3314,3276
reference_NY46__paper_roles,2019-05-26 16:00:00,11.1916034703,33.9484660143,0,0,0,12,12,4792,2850
reference_NY46__paper_roles,2019-05-26 17:00:00,9.45623046152,27.7872147354,0,0,0,12,12,3360,2165
reference_NY46__paper_roles,2019-05-26 18:00:00,9.63259463947,24.3013762148,0,0,0,12,12,3537,1720
reference_NY46__paper_roles,2019-05-26 19:00:00,11.8450836022,34.5667607915,0,0,0,12,12,5259,2912
reference_NY46__paper_roles,2019-05-26 20:00:00,10.7331862937,29.3098841664,0,0,0,12,12,4426,2358
reference_NY46__paper_roles,2019-05-26 21:00:00,12.8039177494,41.7761996531,0,0,0,12,12,5862,3565
reference_NY46__paper_roles,2019-05-26 22:00:00,10.8533909815,38.6191267686,0,0,0,12,12,4530,3297
reference_NY46__paper_roles,2019-05-26 23:00:00,9.17862879304,25.6583531887,0,0,0,12,12,3114,1898
reference_NY46__paper_roles,2019-05-27 00:00:00,7.53761985641,19.8723049213,0,0,0,12,12,1746,1116
reference_NY46__paper_roles,2019-05-27 01:00:00,9.68210135578,18.0506401144,0,0,0,12,12,3579,850
reference_NY46__paper_roles,2019-05-27 02:00:00,13.4357630083,36.3025779808,0,0,0,12,12,6213,3072
reference_NY46__paper_roles,2019-05-27 03:00:00,13.8595380439,39.948828609,0,0,0,12,12,6453,3425
reference_NY46__paper_roles,2019-05-27 04:00:00,14.5104288551,44.3118925924,0,0,0,12,12,6760,3761
reference_NY46__paper_roles,2019-05-27 05:00:00,14.7163958924,35.9212208417,0,0,0,12,12,6830,3037
reference_NY46__paper_roles,2019-05-27 06:00:00,12.3231468717,25.4596208523,0,0,0,12,12,5589,1876
reference_NY46__paper_roles,2019-05-27 07:00:00,9.86812094887,18.7913561569,0,0,0,12,12,3738,948
reference_NY46__paper_roles,2019-05-27 08:00:00,7.5015333116,21.1640035259,0,0,0,12,12,1712,1297
reference_NY46__paper_roles,2019-05-27 09:00:00,10.980494977,31.1611034613,0,0,0,12,12,4630,2549
reference_NY46__paper_roles,2019-05-27 10:00:00,9.56046470579,24.3571451196,0,0,0,12,12,3467,1726
reference_NY46__paper_roles,2019-05-27 11:00:00,10.1859011504,30.2667881036,0,0,0,12,12,3998,2453
reference_NY46__paper_roles,2019-05-27 12:00:00,9.18838170531,24.7075177776,0,0,0,12,12,3127,1777
reference_NY46__paper_roles,2019-05-27 13:00:00,9.10375138888,19.457497748,0,0,0,12,12,3049,1061
reference_NY46__paper_roles,2019-05-27 14:00:00,10.8475996439,26.1525714364,0,0,0,12,12,4519,1973
reference_NY46__paper_roles,2019-05-27 15:00:00,10.3975248711,20.3977949542,0,0,0,12,12,4161,1184
reference_NY46__paper_roles,2019-05-27 16:00:00,8.68633673264,21.1467175255,0,0,0,12,12,2670,1291
reference_NY46__paper_roles,2019-05-27 17:00:00,8.61484068646,16.1544784284,0,0,0,12,11,2617,622
reference_NY46__paper_roles,2019-05-27 18:00:00,8.40965138007,14.9268402858,0,0,0,12,12,2443,484
reference_NY46__paper_roles,2019-05-27 19:00:00,9.73511556266,16.2671635837,0,0,0,12,12,3618,634
reference_NY46__paper_roles,2019-05-27 20:00:00,10.6276338019,18.3124942319,0,0,0,12,12,4354,878
reference_NY46__paper_roles,2019-05-27 21:00:00,11.3367121399,21.0046886494,0,0,0,12,12,4901,1275
reference_NY46__paper_roles,2019-05-27 22:00:00,8.52332507816,23.2267857308,0,0,0,12,12,2539,1578
reference_NY46__paper_roles,2019-05-27 23:00:00,11.9293751782,20.7265982772,0,0,0,13,13,5341,1230
reference_NY46__paper_roles,2019-05-28 00:00:00,11.2362978971,29.889877882,0,0,0,12,12,4825,2417
reference_NY46__paper_roles,2019-05-28 01:00:00,10.5210871113,31.9488408973,0,0,0,12,12,4266,2638
reference_NY46__paper_roles,2019-05-28 02:00:00,12.8059131809,35.9639048412,0,0,0,13,13,5866,3041
reference_NY46__paper_roles,2019-05-28 03:00:00,14.6312575619,45.1672741189,0,0,0,12,12,6800,3822
reference_NY46__paper_roles,2019-05-28 04:00:00,15.6878759483,44.6599115944,0,0,0,12,12,7211,3792
reference_NY46__paper_roles,2019-05-28 05:00:00,19.6518413972,40.7216499953,0,0,0,12,12,8122,3493
reference_NY46__paper_roles,2019-05-28 06:00:00,15.7964153231,39.3255058972,0,0,0,12,12,7252,3364
reference_NY46__paper_roles,2019-05-28 07:00:00,12.2374675598,24.6867309947,0,0,0,12,12,5551,1771
reference_NY46__paper_roles,2019-05-28 08:00:00,3.84256071809,16.7240460916,0,0,0,12,12,106,690
reference_NY46__paper_roles,2019-05-28 09:00:00,6.65671078584,45.4124576898,0,0,0,12,12,1127,3846
reference_NY46__paper_roles,2019-05-28 10:00:00,7.34098334599,54.4076810308,0,0,0,12,12,1569,4486
reference_NY46__paper_roles,2019-05-28 11:00:00,10.4265047276,52.9852991477,0,0,0,12,12,4185,4395
reference_NY46__paper_roles,2019-05-28 12:00:00,8.75543819946,45.6416941809,0,0,0,12,12,2745,3866
reference_NY46__paper_roles,2019-05-28 13:00:00,11.4329974621,51.5093954855,0,0,0,12,12,4971,4300
reference_NY46__paper_roles,2019-05-28 14:00:00,7.03327688256,34.6662633967,0,0,0,12,12,1360,2920
reference_NY46__paper_roles,2019-05-28 15:00:00,10.1543348844,30.8810175005,0,0,0,11,11,3965,2528
reference_NY46__paper_roles,2019-05-28 16:00:00,10.6136800057,44.6249889177,0,0,0,12,12,4343,3787
reference_NY46__paper_roles,2019-05-28 17:00:00,6.94938924747,36.2027142074,0,0,0,12,12,1302,3066
reference_NY46__paper_roles,2019-05-28 18:00:00,8.98168273804,33.4124369252,0,0,0,12,12,2960,2789
reference_NY46__paper_roles,2019-05-28 19:00:00,7.93092294945,19.4769660418,0,0,0,12,12,2033,1063
reference_NY46__paper_roles,2019-05-28 20:00:00,10.1225558881,27.2488159333,0,0,0,12,12,3940,2102
reference_NY46__paper_roles,2019-05-28 21:00:00,16.0649449847,43.4529351301,0,0,0,12,12,7340,3697
reference_NY46__paper_roles,2019-05-28 22:00:00,10.7664532762,48.2543624855,0,0,0,12,12,4455,4061
reference_NY46__paper_roles,2019-05-28 23:00:00,15.5437718894,53.3424490344,0,0,0,12,12,7149,4428
reference_NY46__paper_roles,2019-05-29 00:00:00,8.81894291303,38.8879762018,0,0,0,12,12,2807,3323
reference_NY46__paper_roles,2019-05-29 01:00:00,6.84416164135,25.4073421375,0,0,0,12,12,1230,1866
reference_NY46__paper_roles,2019-05-29 02:00:00,11.3115732978,32.5527230244,0,0,0,12,12,4879,2701
reference_NY46__paper_roles,2019-05-29 03:00:00,10.1842776904,26.4287312874,0,0,0,12,12,3996,2011
reference_NY46__paper_roles,2019-05-29 04:00:00,12.5907775198,25.7706934393,0,0,0,12,12,5749,1917
reference_NY46__paper_roles,2019-05-29 05:00:00,17.680746471,35.5038574986,0,0,0,12,12,7778,2992
reference_NY46__paper_roles,2019-05-29 06:00:00,13.5121912254,20.048149298,0,0,0,12,12,6263,1135
reference_NY46__paper_roles,2019-05-29 07:00:00,6.31937734315,18.0312894399,0,0,0,12,12,911,849
reference_NY46__paper_roles,2019-05-29 08:00:00,6.60718603768,15.2885513428,0,0,0,12,12,1093,516
reference_NY46__paper_roles,2019-05-29 09:00:00,6.8565354459,16.0152094075,0,0,0,12,12,1239,605
reference_NY46__paper_roles,2019-05-29 10:00:00,8.38853057511,19.1512551749,0,0,0,12,12,2424,1009
reference_NY46__paper_roles,2019-05-29 11:00:00,8.19171908848,15.4951394667,0,0,0,12,12,2258,537
reference_NY46__paper_roles,2019-05-29 12:00:00,10.511960663,19.4330039075,0,0,0,12,12,4253,1055
reference_NY46__paper_roles,2019-05-29 13:00:00,7.11104498119,16.4514588525,0,0,0,12,12,1413,654
reference_NY46__paper_roles,2019-05-29 14:00:00,7.35937388638,19.0882296845,0,0,0,12,12,1585,999
reference_NY46__paper_roles,2019-05-29 15:00:00,9.43424965438,16.8061778819,0,0,0,12,12,3337,699
reference_NY46__paper_roles,2019-05-29 16:00:00,14.5035427197,21.1138216054,0,0,0,12,12,6758,1286
reference_NY46__paper_roles,2019-05-29 17:00:00,12.5011386769,20.6395150658,0,0,0,12,12,5701,1219
reference_NY46__paper_roles,2019-05-29 18:00:00,13.216551854,27.7981112616,0,0,0,12,12,6087,2167
reference_NY46__paper_roles,2019-05-29 19:00:00,11.2811350682,24.2411739903,0,0,0,12,12,4857,1713
reference_NY46__paper_roles,2019-05-29 20:00:00,12.3782413509,29.5078147605,0,0,0,12,12,5619,2380
reference_NY46__paper_roles,2019-05-29 21:00:00,15.8609731323,46.9444190609,0,0,0,12,12,7275,3959
reference_NY46__paper_roles,2019-05-29 22:00:00,17.1638506713,31.6128787824,0,0,0,12,12,7666,2596
reference_NY46__paper_roles,2019-05-29 23:00:00,10.577720983,17.4982220938,0,0,0,12,12,4315,780
reference_NY46__paper_roles,2019-05-30 00:00:00,7.48188803767,17.0724981139,0,0,0,12,12,1698,736
reference_NY46__paper_roles,2019-05-30 01:00:00,11.2778448713,28.9540141025,0,0,0,12,12,4853,2306
reference_NY46__paper_roles,2019-05-30 02:00:00,8.11094319792,34.3967552738,0,0,0,12,12,2195,2894
reference_NY46__paper_roles,2019-05-30 03:00:00,8.90114254904,29.2847367557,0,0,0,12,12,2894,2353
reference_NY46__paper_roles,2019-05-30 04:00:00,12.9801212826,23.0301401779,0,0,0,12,12,5966,1543
reference_NY46__paper_roles,2019-05-30 05:00:00,12.8141074677,31.9209983003,0,0,0,12,12,5871,2635
reference_NY46__paper_roles,2019-05-30 06:00:00,8.78460702078,22.8774323433,0,0,0,12,12,2770,1531
reference_NY46__paper_roles,2019-05-30 07:00:00,8.0861522331,23.8418582189,0,0,0,12,12,2166,1660
reference_NY46__paper_roles,2019-05-30 08:00:00,4.77604500425,23.519122701,0,0,0,12,12,293,1617
reference_NY46__paper_roles,2019-05-30 09:00:00,3.64073314758,12.377571451,0,0,0,12,12,81,237
reference_NY46__paper_roles,2019-05-30 10:00:00,4.20825007106,13.3492921129,0,0,0,12,12,167,333
reference_NY46__paper_roles,2019-05-30 11:00:00,3.36127392747,8.98944487168,0,0,0,8,8,50,74
reference_NY46__paper_roles,2019-05-30 12:00:00,7.25526942229,12.8399290073,0,0,0,12,12,1502,283
reference_NY46__paper_roles,2019-05-30 13:00:00,3.11081267451,9.41053669002,0,0,0,12,12,30,92
reference_NY46__paper_roles,2019-05-30 14:00:00,5.59161774606,10.1855669546,0,0,0,12,12,579,124
reference_NY46__paper_roles,2019-05-30 15:00:00,5.3026972882,11.0539835467,0,0,0,12,12,472,166
reference_NY46__paper_roles,2019-05-30 16:00:00,6.56449837646,12.5433073421,0,0,0,12,12,1069,250
reference_NY46__paper_roles,2019-05-30 17:00:00,6.66952770034,19.2250314805,0,0,0,12,12,1136,1021
reference_NY46__paper_roles,2019-05-30 18:00:00,6.11584250681,13.9970283883,0,0,0,12,12,804,382
reference_NY46__paper_roles,2019-05-30 19:00:00,8.77413271524,20.640101325,0,0,0,12,12,2763,1220
reference_NY46__paper_roles,2019-05-30 20:00:00,8.03876496266,20.542327593,0,0,0,12,12,2125,1202
reference_NY46__paper_roles,2019-05-30 21:00:00,5.33665921059,20.301093739,0,0,0,12,12,485,1173
reference_NY46__paper_roles,2019-05-30 22:00:00,10.8720580108,29.9224757726,0,0,0,12,12,4544,2422
reference_NY46__paper_roles,2019-05-30 23:00:00,13.3297235176,30.801273307,0,0,0,12,12,6151,2515
reference_NY46__paper_roles,2019-05-31 00:00:00,9.23323435563,23.3272892013,0,0,0,12,12,3167,1592
reference_NY46__paper_roles,2019-05-31 01:00:00,8.07584786349,33.7075111065,0,0,0,12,12,2157,2822
reference_NY46__paper_roles,2019-05-31 02:00:00,10.5139035629,43.8577861954,0,0,0,12,12,4257,3722
reference_NY46__paper_roles,2019-05-31 03:00:00,10.1046013321,40.68465891,0,0,0,12,12,3927,3486
reference_NY46__paper_roles,2019-05-31 04:00:00,15.539248841,42.0103725947,0,0,0,12,12,7147,3583
reference_NY46__paper_roles,2019-05-31 05:00:00,19.3791963032,48.3402288552,0,0,0,12,12,8077,4068
reference_NY46__paper_roles,2019-05-31 06:00:00,14.2423052043,37.096143286,0,0,0,12,12,6631,3148
reference_NY46__paper_roles,2019-05-31 07:00:00,11.8836355441,45.6716939853,0,0,0,12,12,5302,3874
reference_NY46__paper_roles,2019-05-31 08:00:00,10.0665572658,43.9895930313,0,0,0,12,12,3899,3733
reference_NY46__paper_roles,2019-05-31 09:00:00,11.3085124166,43.9406559139,0,0,0,12,12,4877,3728
reference_NY46__paper_roles,2019-05-31 10:00:00,10.6094954661,48.221888627,0,0,0,12,12,4336,4059
reference_NY46__paper_roles,2019-05-31 11:00:00,10.0444827636,61.561957968,0,0,0,12,12,3884,4867
reference_NY46__paper_roles,2019-05-31 12:00:00,12.3035522747,57.2004239569,0,0,0,12,12,5577,4653
reference_NY46__paper_roles,2019-05-31 13:00:00,11.7350352999,56.9449828074,0,0,0,11,11,5180,4640
reference_NY46__paper_roles,2019-05-31 14:00:00,16.2682869034,39.8301314218,0,0,0,12,12,7411,3415
reference_NY46__paper_roles,2019-05-31 15:00:00,15.2964729355,24.1159002644,0,0,0,12,12,7045,1697
reference_NY46__paper_roles,2019-05-31 16:00:00,13.9976762168,29.0439092126,0,0,0,12,12,6523,2318
reference_NY46__paper_roles,2019-05-31 17:00:00,10.2332876199,22.9217284418,0,0,0,12,12,4030,1537
reference_NY46__paper_roles,2019-05-31 18:00:00,12.2855695477,24.5995037378,0,0,0,12,12,5571,1764
reference_NY46__paper_roles,2019-05-31 19:00:00,11.7821246503,29.0700109877,0,0,0,12,12,5215,2324
reference_NY46__paper_roles,2019-05-31 20:00:00,13.3873636585,33.1659373404,0,0,0,13,12,6184,2763
reference_NY46__paper_roles,2019-05-31 21:00:00,18.1277775164,29.4161142186,0,0,0,12,12,7881,2368
reference_NY46__paper_roles,2019-05-31 22:00:00,17.1631727293,25.4474788897,0,0,0,12,12,7664,1874
reference_NY46__paper_roles,2019-05-31 23:00:00,9.59742183322,14.723466042,0,0,0,12,12,3499,465
reference_NY46__paper_roles,2019-06-01 00:00:00,6.51893043219,20.043874091,0,0,0,12,12,1046,1134
reference_NY46__paper_roles,2019-06-01 01:00:00,7.26089602252,34.5081566321,0,0,0,12,12,1506,2905
reference_NY46__paper_roles,2019-06-01 02:00:00,9.47495545035,38.5782740353,0,0,0,12,12,3379,3292
reference_NY46__paper_roles,2019-06-01 03:00:00,8.83958161534,44.7647135873,0,0,0,12,12,2823,3800
reference_NY46__paper_roles,2019-06-01 04:00:00,9.84167032698,42.1641297442,0,0,0,12,12,3708,3593
reference_NY46__paper_roles,2019-06-01 05:00:00,9.84172023034,55.8295562642,0,0,0,12,12,3709,4576
reference_NY46__paper_roles,2019-06-01 06:00:00,9.61166186277,44.637110063,0,0,0,12,12,3516,3789
reference_NY46__paper_roles,2019-06-01 07:00:00,11.7206131063,31.3656207294,0,0,0,12,12,5174,2576
reference_NY46__paper_roles,2019-06-01 08:00:00,13.3884299845,30.1306149474,0,0,0,12,12,6186,2440
reference_NY46__paper_roles,2019-06-01 09:00:00,12.7588670303,39.7471347634,0,0,0,12,12,5841,3402
reference_NY46__paper_roles,2019-06-01 10:00:00,11.0207897009,41.7602471381,0,0,0,12,12,4661,3563
reference_NY46__paper_roles,2019-06-01 11:00:00,7.58707257449,24.834669824,0,0,0,12,12,1783,1794
reference_NY46__paper_roles,2019-06-01 12:00:00,8.23358210242,24.5675470327,0,0,0,12,12,2291,1759
reference_NY46__paper_roles,2019-06-01 13:00:00,8.47798149824,24.236514393,0,0,0,12,12,2500,1711
reference_NY46__paper_roles,2019-06-01 14:00:00,8.66235697844,18.3117592687,0,0,0,12,12,2653,877
reference_NY46__paper_roles,2019-06-01 15:00:00,6.73659428248,11.2466269523,0,0,0,12,12,1175,181
reference_NY46__paper_roles,2019-06-01 16:00:00,7.03901719482,13.8415221754,0,0,0,12,12,1364,372
reference_NY46__paper_roles,2019-06-01 17:00:00,11.3822828393,20.0752709644,0,0,0,12,12,4940,1142
reference_NY46__paper_roles,2019-06-01 18:00:00,10.0855882054,26.0817539321,0,0,0,12,12,3910,1967
reference_NY46__paper_roles,2019-06-01 19:00:00,9.56825832425,31.2105068606,0,0,0,12,12,3472,2555
reference_NY46__paper_roles,2019-06-01 20:00:00,8.52310359488,31.4218738189,0,0,0,12,12,2538,2579
reference_NY46__paper_roles,2019-06-01 21:00:00,9.82942295297,24.3871005692,0,0,0,12,12,3696,1730
reference_NY46__paper_roles,2019-06-01 22:00:00,10.3116171927,21.7024617791,0,0,0,12,12,4082,1363
reference_NY46__paper_roles,2019-06-01 23:00:00,7.58794643569,16.67598215,0,0,0,12,12,1784,683
reference_NY46__paper_roles,2019-06-02 00:00:00,7.15532280887,17.6861896034,0,0,0,12,12,1441,808
reference_NY46__paper_roles,2019-06-02 01:00:00,9.33120902197,26.9118245172,0,0,0,12,12,3257,2064
reference_NY46__paper_roles,2019-06-02 02:00:00,9.24941173421,36.1667276197,0,0,0,12,12,3185,3063
reference_NY46__paper_roles,2019-06-02 03:00:00,8.48030308325,31.3361090211,0,0,0,12,12,2503,2571
reference_NY46__paper_roles,2019-06-02 04:00:00,4.98191402459,29.4481481095,0,0,0,12,12,356,2371
reference_NY46__paper_roles,2019-06-02 05:00:00,4.36614960248,26.7140197924,0,0,0,12,12,186,2040
reference_NY46__paper_roles,2019-06-02 06:00:00,6.44414778949,32.6203314889,0,0,0,12,12,1002,2706
reference_NY46__paper_roles,2019-06-02 07:00:00,9.93536359722,23.9134106585,0,0,0,12,12,3791,1672
reference_NY46__paper_roles,2019-06-02 08:00:00,12.2043415805,43.0852755629,0,0,0,12,12,5532,3668
reference_NY46__paper_roles,2019-06-02 09:00:00,12.5266615159,50.7807189807,0,0,0,12,12,5719,4246
reference_NY46__paper_roles,2019-06-02 10:00:00,7.97531221254,20.0592188173,0,0,0,12,12,2075,1139
reference_NY46__paper_roles,2019-06-02 11:00:00,9.60713176569,16.0712599237,0,0,0,12,12,3510,617
reference_NY46__paper_roles,2019-06-02 12:00:00,6.97691971387,14.0901311185,0,0,0,12,12,1324,399
reference_NY46__paper_roles,2019-06-02 13:00:00,5.68226834933,14.5230556146,0,0,0,12,12,615,445
reference_NY46__paper_roles,2019-06-02 14:00:00,7.74073908092,15.9776733133,0,0,0,12,12,1905,602
reference_NY46__paper_roles,2019-06-02 15:00:00,11.9898079897,18.3215223476,0,0,0,13,12,5389,881
reference_NY46__paper_roles,2019-06-02 16:00:00,9.59020424295,16.49912527,0,0,0,12,12,3491,660
reference_NY46__paper_roles,2019-06-02 17:00:00,13.8657027358,21.3677653966,0,0,0,12,12,6460,1321
reference_NY46__paper_roles,2019-06-02 18:00:00,14.4119550312,20.8901605955,0,0,0,12,12,6715,1254
reference_NY46__paper_roles,2019-06-02 19:00:00,14.0396209733,32.8221822852,0,0,0,12,12,6542,2732
reference_NY46__paper_roles,2019-06-02 20:00:00,11.4511402172,42.2044992858,0,0,0,12,12,4985,3596
reference_NY46__paper_roles,2019-06-02 21:00:00,13.3375934741,48.6924086378,0,0,0,12,12,6155,4100
reference_NY46__paper_roles,2019-06-02 22:00:00,11.7922394759,47.9879650762,0,0,0,12,12,5226,4043
reference_NY46__paper_roles,2019-06-02 23:00:00,9.30719390588,26.8528672299,0,0,0,12,12,3233,2055
reference_NY46__paper_roles,2019-06-03 00:00:00,6.61078334209,22.8620822698,0,0,0,12,12,1097,1528
reference_NY46__paper_roles,2019-06-03 01:00:00,8.59469377321,38.4506817302,0,0,0,12,12,2607,3281
reference_NY46__paper_roles,2019-06-03 02:00:00,10.3702095149,35.1968777352,0,0,0,12,12,4131,2968
reference_NY46__paper_roles,2019-06-03 03:00:00,14.1349529727,43.0952471073,0,0,0,12,12,6587,3671
reference_NY46__paper_roles,2019-06-03 04:00:00,17.4290308475,44.1035815992,0,0,0,12,12,7721,3743
reference_NY46__paper_roles,2019-06-03 05:00:00,16.3098477777,45.6166160978,0,0,0,12,12,7419,3863
reference_NY46__paper_roles,2019-06-03 06:00:00,11.9483961472,61.8818309825,0,0,0,12,12,5360,4889
reference_NY46__paper_roles,2019-06-03 07:00:00,9.08130717964,58.3650235489,0,0,0,12,12,3027,4709
reference_NY46__paper_roles,2019-06-03 08:00:00,13.3453376245,56.0100336561,0,0,0,12,12,6159,4588
reference_NY46__paper_roles,2019-06-03 09:00:00,10.2636277981,72.1699017581,0,0,0,12,12,4051,5331
reference_NY46__paper_roles,2019-06-03 10:00:00,9.24878015618,84.1586512441,0,0,0,13,12,3184,5768
reference_NY46__paper_roles,2019-06-03 11:00:00,9.69643560038,95.7157561071,0,0,0,12,12,3586,6119
reference_NY46__paper_roles,2019-06-03 12:00:00,10.0065110462,93.4622231064,0,0,0,12,12,3845,6051
reference_NY46__paper_roles,2019-06-03 13:00:00,14.9467267431,152.159828938,0,0,0,12,12,6924,7072
reference_NY46__paper_roles,2019-06-03 14:00:00,20.6151316301,2371.53252146,0,0,0,12,12,8254,8646
reference_NY46__paper_roles,2019-06-03 15:00:00,19.9493810406,358.724152863,1,0,0,12,12,8171,8080
reference_NY46__paper_roles,2019-06-03 16:00:00,24.7110140047,1410.27985696,0,0,0,12,12,8572,8563
reference_NY46__paper_roles,2019-06-03 17:00:00,25.1341868503,293.156436749,0,0,0,12,12,8588,7906
reference_NY46__paper_roles,2019-06-03 18:00:00,25.2600935268,226.969201377,0,0,0,12,12,8595,7638
reference_NY46__paper_roles,2019-06-03 19:00:00,21.6704542917,149.671657577,0,0,0,12,12,8373,7044
reference_NY46__paper_roles,2019-06-03 20:00:00,22.0390845742,91.7832701293,0,0,0,12,12,8409,5993
reference_NY46__paper_roles,2019-06-03 21:00:00,20.8057162573,55.4877019082,0,0,0,12,12,8280,4554
reference_NY46__paper_roles,2019-06-03 22:00:00,10.4402771436,48.6916663336,0,0,0,13,12,4196,4098
reference_NY46__paper_roles,2019-06-03 23:00:00,8.29900172598,12.6870195327,0,0,0,12,12,2340,266
reference_NY46__paper_roles,2019-06-04 00:00:00,14.1174772899,23.1601366237,0,0,0,12,12,6577,1567
reference_NY46__paper_roles,2019-06-04 01:00:00,8.07063668924,19.5690277471,0,0,0,12,12,2152,1076
reference_NY46__paper_roles,2019-06-04 02:00:00,10.3121207523,19.866463639,0,0,0,12,12,4084,1115
reference_NY46__paper_roles,2019-06-04 03:00:00,13.6558195231,23.1213423356,0,0,0,12,12,6351,1561
reference_NY46__paper_roles,2019-06-04 04:00:00,12.4314543565,19.6995223277,0,0,0,12,12,5660,1097
reference_NY46__paper_roles,2019-06-04 05:00:00,13.5171965639,34.2176275283,0,0,0,12,12,6266,2873
reference_NY46__paper_roles,2019-06-04 06:00:00,8.58318542876,20.3974248637,0,0,0,13,12,2596,1183
reference_NY46__paper_roles,2019-06-04 07:00:00,8.88657541499,38.9933036645,0,0,0,12,12,2886,3334
reference_NY46__paper_roles,2019-06-04 08:00:00,7.17584787098,55.5433187756,0,0,0,12,12,1454,4560
reference_NY46__paper_roles,2019-06-04 09:00:00,8.43022016292,64.2100372416,0,0,0,12,12,2460,4993
reference_NY46__paper_roles,2019-06-04 10:00:00,13.7487688015,78.4801766936,0,0,0,12,12,6398,5566
reference_NY46__paper_roles,2019-06-04 11:00:00,16.672001568,112.093381149,0,0,0,12,12,7532,6470
reference_NY46__paper_roles,2019-06-04 12:00:00,17.3154182325,103.000729023,0,0,0,12,12,7699,6300
reference_NY46__paper_roles,2019-06-04 13:00:00,16.5269617961,80.8635668665,0,0,0,12,12,7491,5659
reference_NY46__paper_roles,2019-06-04 14:00:00,18.2794203763,101.108993222,0,0,0,12,12,7906,6254
reference_NY46__paper_roles,2019-06-04 15:00:00,13.1735532766,88.0461535073,0,0,0,12,12,6069,5875
reference_NY46__paper_roles,2019-06-04 16:00:00,11.7599120751,55.1606774926,0,0,0,12,12,5204,4531
reference_NY46__paper_roles,2019-06-04 17:00:00,11.9390602666,55.3351418268,0,0,0,12,12,5353,4542
reference_NY46__paper_roles,2019-06-04 18:00:00,9.33621010616,38.7380382609,0,0,0,12,12,3263,3306
reference_NY46__paper_roles,2019-06-04 19:00:00,7.50869284954,26.1714196433,0,0,0,12,12,1718,1976
reference_NY46__paper_roles,2019-06-04 20:00:00,9.49876365656,29.4793174532,0,0,0,12,12,3407,2373
reference_NY46__paper_roles,2019-06-04 21:00:00,10.7424369821,43.6680448972,0,0,0,12,12,4433,3710
reference_NY46__paper_roles,2019-06-04 22:00:00,11.3780798657,52.9510400846,0,0,0,12,12,4936,4389
reference_NY46__paper_roles,2019-06-04 23:00:00,10.9962326667,78.8539516934,0,0,0,12,12,4642,5573
reference_NY46__paper_roles,2019-06-05 00:00:00,8.85152687352,95.3349126758,0,0,0,12,12,2836,6107
reference_NY46__paper_roles,2019-06-05 01:00:00,9.15552937248,165.099814591,0,0,0,12,12,3093,7216
reference_NY46__paper_roles,2019-06-05 02:00:00,7.46900565404,56.1787803243,0,0,0,12,12,1686,4595
reference_NY46__paper_roles,2019-06-05 03:00:00,11.5252084399,75.453475262,0,0,0,12,12,5031,5457
reference_NY46__paper_roles,2019-06-05 04:00:00,14.742806601,105.365023782,0,0,0,12,12,6841,6356
reference_NY46__paper_roles,2019-06-05 05:00:00,14.9895240707,138.418038237,0,0,0,12,12,6937,6907
reference_NY46__paper_roles,2019-06-05 06:00:00,17.1616744195,191.835477026,0,0,0,12,12,7663,7426
reference_NY46__paper_roles,2019-06-05 07:00:00,16.9232918175,82.702399275,0,0,0,12,12,7597,5711
reference_NY46__paper_roles,2019-06-05 08:00:00,12.8795305827,85.2023920221,0,0,0,13,13,5909,5804
reference_NY46__paper_roles,2019-06-05 09:00:00,9.17034255655,123.098863172,0,0,0,12,12,3113,6679
reference_NY46__paper_roles,2019-06-05 10:00:00,5.91096554709,63.0197911735,0,0,0,12,12,715,4939
reference_NY46__paper_roles,2019-06-05 11:00:00,6.25982435034,47.1462962928,0,0,0,12,12,877,3969
reference_NY46__paper_roles,2019-06-05 12:00:00,16.4974110024,67.6047909678,0,0,0,13,12,7481,5148
reference_NY46__paper_roles,2019-06-05 13:00:00,9.4557142527,45.0752307408,0,0,0,12,12,3358,3818
reference_NY46__paper_roles,2019-06-05 14:00:00,8.09524238104,40.2952150872,0,0,0,12,12,2181,3446
reference_NY46__paper_roles,2019-06-05 15:00:00,11.3706315146,52.9711800245,0,0,0,12,12,4930,4391
reference_NY46__paper_roles,2019-06-05 16:00:00,11.2552289946,49.4733042483,0,0,0,12,12,4836,4162
reference_NY46__paper_roles,2019-06-05 17:00:00,8.4290314561,14.1107308176,0,0,0,12,12,2459,401
reference_NY46__paper_roles,2019-06-05 18:00:00,11.020194153,52.6997723606,0,0,0,12,12,4660,4374
reference_NY46__paper_roles,2019-06-05 19:00:00,9.18433084338,51.4645058164,0,0,0,12,12,3123,4298
reference_NY46__paper_roles,2019-06-05 20:00:00,15.2560848785,32.0930956233,0,0,0,12,12,7024,2652
reference_NY46__paper_roles,2019-06-05 21:00:00,28.2146501007,61.9869551657,0,0,0,12,12,8675,4894
reference_NY46__paper_roles,2019-06-05 22:00:00,22.5598073215,62.7873613158,0,0,0,12,12,8450,4930
reference_NY46__paper_roles,2019-06-05 23:00:00,23.4086613017,47.3942913836,0,0,0,12,12,8506,3998
reference_NY46__paper_roles,2019-06-06 00:00:00,18.1917734025,73.151594665,0,0,0,12,12,7891,5357
reference_NY46__paper_roles,2019-06-06 01:00:00,17.8220151508,49.1513606232,0,0,0,12,12,7809,4140
reference_NY46__paper_roles,2019-06-06 02:00:00,12.7382056132,44.2767986132,0,0,0,12,12,5822,3755
reference_NY46__paper_roles,2019-06-06 03:00:00,9.01999132952,31.8953098015,0,0,0,12,12,2985,2633
reference_NY46__paper_roles,2019-06-06 04:00:00,10.4503085182,26.9867455562,0,0,0,12,12,4206,2074
reference_NY46__paper_roles,2019-06-06 05:00:00,15.3280913136,31.9434201052,0,0,0,12,12,7062,2637
reference_NY46__paper_roles,2019-06-06 06:00:00,14.9970125763,26.5272480371,0,0,0,12,12,6938,2024
reference_NY46__paper_roles,2019-06-06 07:00:00,13.6861808066,27.3387948572,0,0,0,12,12,6370,2116
reference_NY46__paper_roles,2019-06-06 08:00:00,9.1125500693,31.2470271392,0,0,0,13,12,3054,2560
reference_NY46__paper_roles,2019-06-06 09:00:00,6.85739308817,15.5896189424,0,0,0,12,12,1240,548
reference_NY46__paper_roles,2019-06-06 10:00:00,12.6827485112,46.4097370201,0,0,0,12,12,5796,3920
reference_NY46__paper_roles,2019-06-06 11:00:00,8.57413676566,19.6218031627,0,0,0,12,12,2585,1087
reference_NY46__paper_roles,2019-06-06 12:00:00,8.09132868624,12.375556849,0,0,0,12,12,2170,236
reference_NY46__paper_roles,2019-06-06 13:00:00,12.039370294,21.9252899435,0,0,0,12,12,5422,1401
reference_NY46__paper_roles,2019-06-06 14:00:00,9.79090248628,15.1813656388,0,0,0,12,12,3659,507
reference_NY46__paper_roles,2019-06-06 15:00:00,11.6379368324,30.1735434326,0,0,0,12,12,5109,2443
reference_NY46__paper_roles,2019-06-06 16:00:00,19.5151703778,134.832394,0,0,0,12,12,8091,6858
reference_NY46__paper_roles,2019-06-06 17:00:00,17.730505947,44.9094521198,0,0,0,12,12,7789,3808
reference_NY46__paper_roles,2019-06-06 18:00:00,7.96961142868,15.0338975744,0,0,0,12,12,2070,492
reference_NY46__paper_roles,2019-06-06 19:00:00,7.18091787454,13.2721407276,0,0,0,12,12,1457,324
reference_NY46__paper_roles,2019-06-06 20:00:00,10.2191713795,15.6280864508,0,0,0,12,12,4020,550
reference_NY46__paper_roles,2019-06-06 21:00:00,14.2591684843,30.5463423344,0,0,0,12,12,6634,2483
reference_NY46__paper_roles,2019-06-06 22:00:00,13.5267272658,28.5798840706,0,0,0,12,12,6276,2264
reference_NY46__paper_roles,2019-06-06 23:00:00,10.421816092,33.0616642502,0,0,0,12,12,4182,2750
reference_NY46__paper_roles,2019-06-07 00:00:00,8.69609068756,23.1856972891,0,0,0,12,12,2677,1568
reference_NY46__paper_roles,2019-06-07 01:00:00,10.6812665397,23.2083978286,0,0,0,12,12,4392,1575
reference_NY46__paper_roles,2019-06-07 02:00:00,11.0137195205,31.677419191,0,0,0,12,12,4657,2600
reference_NY46__paper_roles,2019-06-07 03:00:00,12.3542580334,48.2851836805,0,0,0,12,12,5605,4062
reference_NY46__paper_roles,2019-06-07 04:00:00,16.657036824,101.226728626,0,0,0,12,12,7529,6258
reference_NY46__paper_roles,2019-06-07 05:00:00,24.0964321745,114.117369881,0,0,0,12,12,8536,6503
reference_NY46__paper_roles,2019-06-07 06:00:00,21.0049351094,69.823618364,0,0,0,12,12,8305,5238
reference_NY46__paper_roles,2019-06-07 07:00:00,14.8624120603,48.7307564891,0,0,0,12,12,6896,4106
reference_NY46__paper_roles,2019-06-07 08:00:00,9.54167610481,57.6122338228,0,0,0,12,12,3446,4680
reference_NY46__paper_roles,2019-06-07 09:00:00,13.46717756,83.1989150047,0,0,0,13,13,6231,5730
reference_NY46__paper_roles,2019-06-07 10:00:00,11.8843808571,46.4854107633,0,0,0,12,11,5304,3932
reference_NY46__paper_roles,2019-06-07 11:00:00,12.4539222757,33.0399530331,0,0,0,12,12,5680,2746
reference_NY46__paper_roles,2019-06-07 12:00:00,8.98458357113,26.928174368,0,0,0,12,12,2964,2065
reference_NY46__paper_roles,2019-06-07 13:00:00,11.6365768749,48.5956741514,0,0,0,12,12,5106,4095
reference_NY46__paper_roles,2019-06-07 14:00:00,15.1712545897,38.9306902581,0,0,0,12,12,7002,3328
reference_NY46__paper_roles,2019-06-07 15:00:00,13.6434833672,49.6645884088,0,0,0,12,12,6340,4178
reference_NY46__paper_roles,2019-06-07 16:00:00,14.2225272788,51.3426507266,0,0,0,12,12,6622,4289
reference_NY46__paper_roles,2019-06-07 17:00:00,13.5408605873,32.2026824219,0,0,0,12,12,6285,2666
reference_NY46__paper_roles,2019-06-07 18:00:00,10.3330083179,22.8208754291,0,0,0,12,12,4102,1521
reference_NY46__paper_roles,2019-06-07 19:00:00,10.5981799947,18.6724785805,0,0,0,12,12,4330,924
reference_NY46__paper_roles,2019-06-07 20:00:00,10.1543826581,19.5285115199,0,0,0,12,12,3966,1071
reference_NY46__paper_roles,2019-06-07 21:00:00,12.137505008,18.9831495687,0,0,0,12,11,5479,979
reference_NY46__paper_roles,2019-06-07 22:00:00,15.6567081179,32.5008416449,0,0,0,13,13,7196,2696
reference_NY46__paper_roles,2019-06-07 23:00:00,10.0942956557,19.4344797064,0,0,0,12,12,3917,1056
reference_NY46__paper_roles,2019-06-08 00:00:00,6.85538709462,12.5235268562,0,0,0,12,12,1238,248
reference_NY46__paper_roles,2019-06-08 01:00:00,4.87797903532,17.0757469662,0,0,0,12,12,330,737
reference_NY46__paper_roles,2019-06-08 02:00:00,11.5015420989,47.9620049627,0,0,0,12,12,5017,4041
reference_NY46__paper_roles,2019-06-08 03:00:00,12.8822546962,52.9563202422,0,0,0,12,12,5912,4390
reference_NY46__paper_roles,2019-06-08 04:00:00,14.815481305,60.8160304684,0,0,0,12,12,6871,4832
reference_NY46__paper_roles,2019-06-08 05:00:00,15.8612092954,55.414571869,0,0,0,12,12,7276,4547
reference_NY46__paper_roles,2019-06-08 06:00:00,16.26418478,66.9559931751,0,0,0,12,12,7410,5119
reference_NY46__paper_roles,2019-06-08 07:00:00,12.9596500649,84.4093153918,0,0,0,12,12,5956,5775
reference_NY46__paper_roles,2019-06-08 08:00:00,14.0162504862,102.538229059,0,0,0,12,12,6531,6289
reference_NY46__paper_roles,2019-06-08 09:00:00,9.38743331132,85.9441562506,0,0,0,12,12,3299,5833
reference_NY46__paper_roles,2019-06-08 10:00:00,13.7158285895,205.899503868,0,0,0,12,12,6386,7526
reference_NY46__paper_roles,2019-06-08 11:00:00,12.8128420634,122.568251007,0,0,0,12,12,5870,6670
reference_NY46__paper_roles,2019-06-08 12:00:00,9.80777485311,140.321024227,0,0,0,12,12,3677,6935
reference_NY46__paper_roles,2019-06-08 13:00:00,6.85244402802,1368.30315618,0,0,0,12,12,1235,8553
reference_NY46__paper_roles,2019-06-08 14:00:00,4.33968245882,13.2896124145,0,0,0,12,12,184,328
reference_NY46__paper_roles,2019-06-08 15:00:00,6.54698803305,240.019512302,0,0,0,12,12,1059,7709
reference_NY46__paper_roles,2019-06-08 16:00:00,5.29368840665,13.1605680228,0,0,0,12,12,468,311
reference_NY46__paper_roles,2019-06-08 17:00:00,3.98106087308,19.3036687262,0,0,0,12,12,128,1035
reference_NY46__paper_roles,2019-06-08 18:00:00,2.93707327834,21.3985537637,0,0,0,12,12,26,1325
reference_NY46__paper_roles,2019-06-08 19:00:00,3.57862539951,12.8218794167,0,0,0,12,12,70,282
reference_NY46__paper_roles,2019-06-08 20:00:00,4.53418233503,56.0987727175,0,0,0,12,12,232,4592
reference_NY46__paper_roles,2019-06-08 21:00:00,8.95174171352,87.2255521892,0,0,0,13,12,2940,5859
reference_NY46__paper_roles,2019-06-08 22:00:00,5.39238792143,54.2985997156,0,0,0,12,12,506,4481
reference_NY46__paper_roles,2019-06-08 23:00:00,4.11852079587,37.0275088712,0,0,0,12,12,152,3145
reference_NY46__paper_roles,2019-06-09 00:00:00,6.10510694338,73.189512328,0,0,0,12,12,798,5359
reference_NY46__paper_roles,2019-06-09 01:00:00,12.6485811925,71.3390362233,0,0,0,12,12,5779,5299
reference_NY46__paper_roles,2019-06-09 02:00:00,17.1523479617,73.462383309,0,0,0,12,12,7661,5374
reference_NY46__paper_roles,2019-06-09 03:00:00,15.3438074478,59.0095834632,0,0,0,12,12,7069,4740
reference_NY46__paper_roles,2019-06-09 04:00:00,14.9231990041,46.4268556607,0,0,0,12,12,6917,3923
reference_NY46__paper_roles,2019-06-09 05:00:00,16.0963454961,47.330159977,0,0,0,12,12,7350,3990
reference_NY46__paper_roles,2019-06-09 06:00:00,18.3955514419,48.7071483482,0,0,0,12,12,7921,4102
reference_NY46__paper_roles,2019-06-09 07:00:00,9.62509948977,56.0989907253,0,0,0,12,12,3532,4593
reference_NY46__paper_roles,2019-06-09 08:00:00,13.1629118826,61.880605424,0,0,0,12,12,6063,4888
reference_NY46__paper_roles,2019-06-09 09:00:00,16.4187766713,58.254402926,0,0,0,12,12,7456,4699
reference_NY46__paper_roles,2019-06-09 10:00:00,12.0077494587,48.4667642252,0,0,0,12,12,5401,4078
reference_NY46__paper_roles,2019-06-09 11:00:00,14.2277367433,47.3765775896,0,0,0,12,12,6626,3997
reference_NY46__paper_roles,2019-06-09 12:00:00,14.345922382,47.6172219886,0,0,0,12,12,6677,4016
reference_NY46__paper_roles,2019-06-09 13:00:00,13.0078891533,59.3014706909,0,0,0,12,12,5980,4763
reference_NY46__paper_roles,2019-06-09 14:00:00,9.49998583407,42.6636983976,0,0,0,13,12,3410,3627
reference_NY46__paper_roles,2019-06-09 15:00:00,9.50620853217,28.9999237687,0,0,0,12,12,3418,2313
reference_NY46__paper_roles,2019-06-09 16:00:00,8.5591067371,47.0616363852,0,0,0,12,12,2574,3965
reference_NY46__paper_roles,2019-06-09 17:00:00,8.62468479857,93.27039292,0,0,0,12,12,2629,6046
reference_NY46__paper_roles,2019-06-09 18:00:00,7.57387580958,54.213406073,0,0,0,12,12,1773,4471
reference_NY46__paper_roles,2019-06-09 19:00:00,8.61928043796,95.3311321755,0,0,0,14,13,2625,6106
reference_NY46__paper_roles,2019-06-09 20:00:00,10.9789160289,66.6676983444,0,0,0,11,11,4629,5106
reference_NY46__paper_roles,2019-06-09 21:00:00,11.1332096986,22.1028996777,0,0,0,12,12,4737,1430
reference_NY46__paper_roles,2019-06-09 22:00:00,6.36361771921,35.9660063227,0,0,0,12,12,937,3042
reference_NY46__paper_roles,2019-06-09 23:00:00,6.54938952716,50.1616006479,0,0,0,12,12,1061,4207
reference_NY46__paper_roles,2019-06-10 00:00:00,7.86019764339,72.7121129129,0,0,0,12,12,1983,5344
reference_NY46__paper_roles,2019-06-10 01:00:00,9.39644233753,53.7514232754,0,0,0,12,12,3306,4448
reference_NY46__paper_roles,2019-06-10 02:00:00,12.3006206096,55.648460485,0,0,0,12,12,5576,4564
reference_NY46__paper_roles,2019-06-10 03:00:00,12.7455589411,57.0979848853,0,0,0,12,12,5832,4646
reference_NY46__paper_roles,2019-06-10 04:00:00,13.9416195205,62.3423545346,0,0,0,12,12,6497,4910
reference_NY46__paper_roles,2019-06-10 05:00:00,17.6668286802,65.0738504488,0,0,0,12,12,7776,5042
reference_NY46__paper_roles,2019-06-10 06:00:00,21.2075492468,59.2117824267,0,0,0,12,12,8329,4751
reference_NY46__paper_roles,2019-06-10 07:00:00,20.6423030367,102.670325663,0,0,0,13,13,8259,6291
reference_NY46__paper_roles,2019-06-10 08:00:00,12.7453748908,340.22493267,0,0,0,12,12,5830,8032
reference_NY46__paper_roles,2019-06-10 09:00:00,16.1019418848,2469.15537093,0,0,0,12,12,7353,8651
reference_NY46__paper_roles,2019-06-10 10:00:00,14.0833448436,5375.92341025,1,0,0,12,12,6561,8715
reference_NY46__paper_roles,2019-06-10 11:00:00,12.1725067187,334.353956036,1,0,0,12,12,5507,8019
reference_NY46__paper_roles,2019-06-10 12:00:00,9.68373560176,309.898792362,0,0,0,12,12,3580,7955
reference_NY46__paper_roles,2019-06-10 13:00:00,14.4401698988,1387.50072704,0,0,0,14,14,6729,8559
reference_NY46__paper_roles,2019-06-10 14:00:00,12.5140579935,398.368665063,1,0,0,10,10,5711,8136
reference_NY46__paper_roles,2019-06-10 15:00:00,11.1869075683,264.886969581,1,0,0,12,12,4787,7807
reference_NY46__paper_roles,2019-06-10 16:00:00,10.2210014295,357.281864077,0,0,0,12,12,4021,8076
reference_NY46__paper_roles,2019-06-10 17:00:00,9.02982152729,213.643847819,0,0,0,12,12,2993,7566
reference_NY46__paper_roles,2019-06-10 18:00:00,12.1582846272,286.324658841,0,0,0,12,12,5496,7889
reference_NY46__paper_roles,2019-06-10 19:00:00,8.06864435858,138.859656194,0,0,0,12,12,2148,6911
reference_NY46__paper_roles,2019-06-10 20:00:00,9.98845758869,122.44204218,0,0,0,12,12,3831,6665
reference_NY46__paper_roles,2019-06-10 21:00:00,13.4526927316,100.073097502,0,0,0,12,12,6222,6228
reference_NY46__paper_roles,2019-06-10 22:00:00,11.6828278918,235.725657271,0,0,0,12,12,5145,7689
reference_NY46__paper_roles,2019-06-10 23:00:00,13.6713495971,258.599449022,0,0,0,12,12,6361,7792
reference_NY46__paper_roles,2019-06-11 00:00:00,12.0010652436,288.375796517,0,0,0,12,12,5397,7899
reference_NY46__paper_roles,2019-06-11 01:00:00,12.1534963968,138.350583081,0,0,0,12,12,5492,6903
reference_NY46__paper_roles,2019-06-11 02:00:00,13.7772145524,199.947873279,0,0,0,12,12,6414,7486
reference_NY46__paper_roles,2019-06-11 03:00:00,13.1165037762,145.995318699,0,0,0,12,12,6036,7001
reference_NY46__paper_roles,2019-06-11 04:00:00,15.4888788507,650.366347164,0,0,0,12,12,7133,8364
reference_NY46__paper_roles,2019-06-11 05:00:00,16.5958079738,391.82808054,0,0,0,12,12,7513,8128
reference_NY46__paper_roles,2019-06-11 06:00:00,15.8856670663,523.069243225,0,0,0,12,12,7284,8277
reference_NY46__paper_roles,2019-06-11 07:00:00,13.4824169746,284.333427888,0,0,0,12,12,6244,7880
reference_NY46__paper_roles,2019-06-11 08:00:00,16.800852928,218.986541663,0,0,0,13,13,7562,7598
reference_NY46__paper_roles,2019-06-11 09:00:00,17.5738031576,210.6811619,0,0,0,12,12,7750,7553
reference_NY46__paper_roles,2019-06-11 10:00:00,16.2232287038,141.74035039,0,0,0,12,12,7396,6949
reference_NY46__paper_roles,2019-06-11 11:00:00,13.6427515739,146.167811339,0,0,0,7,7,6339,7006
reference_NY46__paper_roles,2019-06-11 12:00:00,10.9237978197,121.464064849,0,0,0,11,11,4584,6645
reference_NY46__paper_roles,2019-06-11 13:00:00,13.3798645498,117.834210942,0,0,0,11,11,6180,6564
reference_NY46__paper_roles,2019-06-11 14:00:00,11.8016209379,125.329936616,0,0,0,12,12,5230,6714
reference_NY46__paper_roles,2019-06-11 15:00:00,6.4858403452,29.9923544491,0,0,0,12,12,1028,2432
reference_NY46__paper_roles,2019-06-11 16:00:00,8.2242284196,55.1178869809,0,0,0,12,12,2281,4529
reference_NY46__paper_roles,2019-06-11 17:00:00,6.66187466587,42.0012831106,0,0,0,12,12,1129,3582
reference_NY46__paper_roles,2019-06-11 18:00:00,12.8920495963,101.574530375,0,0,0,12,12,5919,6266
reference_NY46__paper_roles,2019-06-11 19:00:00,10.2218526423,64.7895616408,0,0,0,14,14,4022,5026
reference_NY46__paper_roles,2019-06-11 20:00:00,14.7384504861,42.9345680297,0,0,0,12,12,6840,3654
reference_NY46__paper_roles,2019-06-11 21:00:00,11.5267484891,59.7674855499,0,0,0,12,12,5034,4785
reference_NY46__paper_roles,2019-06-11 22:00:00,10.3392523346,55.7556645422,0,0,0,13,13,4108,4571
reference_NY46__paper_roles,2019-06-11 23:00:00,10.2944855704,20.539938215,0,0,0,12,12,4070,1201
reference_NY46__paper_roles,2019-06-12 00:00:00,7.21421650974,21.7459097727,0,0,0,12,12,1480,1370
reference_NY46__paper_roles,2019-06-12 01:00:00,9.37949728313,37.8798401323,0,0,0,12,12,3288,3227
reference_NY46__paper_roles,2019-06-12 02:00:00,8.73550636383,56.005316669,0,0,0,12,12,2716,4587
reference_NY46__paper_roles,2019-06-12 03:00:00,11.2694964846,56.3349847758,0,0,0,12,12,4846,4600
reference_NY46__paper_roles,2019-06-12 04:00:00,13.3818483596,54.0559182926,0,0,0,12,12,6181,4467
reference_NY46__paper_roles,2019-06-12 05:00:00,12.2214238424,45.2500968726,0,0,0,12,12,5543,3833
reference_NY46__paper_roles,2019-06-12 06:00:00,14.7721455505,45.6201451765,0,0,0,12,12,6854,3864
reference_NY46__paper_roles,2019-06-12 07:00:00,23.3252919168,66.6762318669,0,0,0,13,12,8501,5108
reference_NY46__paper_roles,2019-06-12 08:00:00,15.4812820256,69.4983680329,0,0,0,12,12,7127,5224
reference_NY46__paper_roles,2019-06-12 09:00:00,13.948095156,77.9495834975,0,0,0,12,12,6504,5550
reference_NY46__paper_roles,2019-06-12 10:00:00,15.6592302329,96.7734280017,0,0,0,12,12,7197,6152
reference_NY46__paper_roles,2019-06-12 11:00:00,15.5734305079,128.254865401,0,0,0,9,9,7157,6767
reference_NY46__paper_roles,2019-06-12 12:00:00,13.5334629391,99.8938613231,0,0,0,9,9,6280,6226
reference_NY46__paper_roles,2019-06-12 13:00:00,14.3139504521,93.7364948533,0,0,0,11,11,6656,6060
reference_NY46__paper_roles,2019-06-12 14:00:00,16.6416985985,95.170310695,0,0,0,11,11,7524,6104
reference_NY46__paper_roles,2019-06-12 15:00:00,15.7899855169,144.349489736,0,0,0,13,12,7249,6982
reference_NY46__paper_roles,2019-06-12 16:00:00,16.9669783262,199.199415739,0,0,0,13,12,7609,7481
reference_NY46__paper_roles,2019-06-12 17:00:00,13.3727179066,159.037754017,0,0,0,12,12,6175,7156
reference_NY46__paper_roles,2019-06-12 18:00:00,12.0418216819,88.6605576238,0,0,0,12,12,5424,5900
reference_NY46__paper_roles,2019-06-12 19:00:00,7.78232491656,50.7222895243,0,0,0,12,12,1924,4240
reference_NY46__paper_roles,2019-06-12 20:00:00,8.00201684568,54.8376567954,0,0,0,12,12,2100,4512
reference_NY46__paper_roles,2019-06-12 21:00:00,13.7189262323,49.3597572356,0,0,0,12,12,6388,4156
reference_NY46__paper_roles,2019-06-12 22:00:00,10.0728724359,55.6658656378,0,0,0,12,12,3901,4567
reference_NY46__paper_roles,2019-06-12 23:00:00,7.8249801463,43.3013755918,0,0,0,12,12,1958,3688
reference_NY46__paper_roles,2019-06-13 00:00:00,8.25991964539,41.759810536,0,0,0,12,12,2310,3562
reference_NY46__paper_roles,2019-06-13 01:00:00,8.27844043778,33.1162090668,0,0,0,12,12,2322,2759
reference_NY46__paper_roles,2019-06-13 02:00:00,8.98189848341,40.2761950814,0,0,0,12,12,2961,3444
reference_NY46__paper_roles,2019-06-13 03:00:00,12.5220712617,55.0399315511,0,0,0,12,12,5716,4524
reference_NY46__paper_roles,2019-06-13 04:00:00,13.5585804331,48.6708868433,0,0,0,12,12,6297,4097
reference_NY46__paper_roles,2019-06-13 05:00:00,14.5879865236,75.1635968423,0,0,0,12,12,6784,5447
reference_NY46__paper_roles,2019-06-13 06:00:00,10.7842508624,43.55002954,0,0,0,12,12,4470,3704
reference_NY46__paper_roles,2019-06-13 07:00:00,14.1432898818,42.174223272,0,0,0,12,12,6589,3594
reference_NY46__paper_roles,2019-06-13 08:00:00,11.5421491528,50.7322438552,0,0,0,12,12,5038,4241
reference_NY46__paper_roles,2019-06-13 09:00:00,9.81002893479,33.4276036596,0,0,0,12,12,3680,2790
reference_NY46__paper_roles,2019-06-13 10:00:00,9.31115299052,39.7410050437,0,0,0,12,12,3235,3400
reference_NY46__paper_roles,2019-06-13 11:00:00,9.84148987154,58.5257069026,0,0,0,12,12,3706,4717
reference_NY46__paper_roles,2019-06-13 12:00:00,9.31522061191,59.7652723802,0,0,0,12,12,3241,4784
reference_NY46__paper_roles,2019-06-13 13:00:00,11.2726322802,88.528262134,0,0,0,12,12,4847,5896
reference_NY46__paper_roles,2019-06-13 14:00:00,13.1822254902,111.487765472,0,0,0,12,12,6072,6457
reference_NY46__paper_roles,2019-06-13 15:00:00,13.4833448556,80.5251374162,0,0,0,12,12,6245,5640
reference_NY46__paper_roles,2019-06-13 16:00:00,13.0106272737,74.2004376934,0,0,0,12,12,5983,5410
reference_NY46__paper_roles,2019-06-13 17:00:00,13.2601244375,69.7545258593,0,0,0,12,12,6116,5235
reference_NY46__paper_roles,2019-06-13 18:00:00,10.1278189673,37.6486368156,0,0,0,12,12,3945,3200
reference_NY46__paper_roles,2019-06-13 19:00:00,6.39567141516,28.4060833389,0,0,0,12,12,965,2239
reference_NY46__paper_roles,2019-06-13 20:00:00,11.8133958962,27.1767601377,0,0,0,12,12,5237,2093
reference_NY46__paper_roles,2019-06-13 21:00:00,9.03558141954,38.0779316116,0,0,0,12,12,2995,3244
reference_NY46__paper_roles,2019-06-13 22:00:00,9.38796987161,53.8100963255,0,0,0,13,13,3300,4453
reference_NY46__paper_roles,2019-06-13 23:00:00,9.52204641637,63.8260224473,0,0,0,12,12,3432,4980
reference_NY46__paper_roles,2019-06-14 00:00:00,9.90976694716,57.1992120537,0,0,0,13,13,3770,4652
reference_NY46__paper_roles,2019-06-14 01:00:00,10.590679818,38.4601888121,0,0,0,12,12,4323,3283
reference_NY46__paper_roles,2019-06-14 02:00:00,12.5931771639,50.7411009014,0,0,0,12,12,5751,4242
reference_NY46__paper_roles,2019-06-14 03:00:00,14.0490515605,50.7760159238,0,0,0,12,12,6550,4245
reference_NY46__paper_roles,2019-06-14 04:00:00,13.272530313,56.5106751387,0,0,0,12,12,6120,4612
reference_NY46__paper_roles,2019-06-14 05:00:00,19.7663278466,104.769089848,0,0,0,12,12,8142,6342
reference_NY46__paper_roles,2019-06-14 06:00:00,19.8801942466,216.128917748,0,0,0,13,12,8160,7582
reference_NY46__paper_roles,2019-06-14 07:00:00,20.1390831366,169.751609129,0,0,0,12,12,8194,7262
reference_NY46__paper_roles,2019-06-14 08:00:00,19.8414081969,225.489056013,0,0,0,12,12,8152,7634
reference_NY46__paper_roles,2019-06-14 09:00:00,18.6037462628,215.131598667,0,0,0,13,13,7948,7573
reference_NY46__paper_roles,2019-06-14 10:00:00,16.5047073696,232.274526789,0,0,0,12,12,7482,7668
reference_NY46__paper_roles,2019-06-14 11:00:00,18.1837490432,307.210540253,0,0,0,12,12,7890,7950
reference_NY46__paper_roles,2019-06-14 12:00:00,19.0873834286,320.33739845,0,0,0,12,12,8031,7985
reference_NY46__paper_roles,2019-06-14 13:00:00,17.1191425268,512.044081458,0,0,0,12,12,7649,8264
reference_NY46__paper_roles,2019-06-14 14:00:00,20.2906301654,358.766873166,0,0,0,12,12,8211,8081
reference_NY46__paper_roles,2019-06-14 15:00:00,23.8729815338,342.976979592,0,0,0,12,12,8531,8041
reference_NY46__paper_roles,2019-06-14 16:00:00,24.7949267916,424.022293753,0,0,0,12,12,8574,8160
reference_NY46__paper_roles,2019-06-14 17:00:00,20.2817549589,275.762940115,0,0,0,12,12,8210,7841
reference_NY46__paper_roles,2019-06-14 18:00:00,20.4166480514,260.568325471,0,0,0,12,12,8232,7797
reference_NY46__paper_roles,2019-06-14 19:00:00,16.9352749482,191.018557868,0,0,0,12,12,7599,7421
reference_NY46__paper_roles,2019-06-14 20:00:00,14.6502390124,221.025492979,0,0,0,12,12,6809,7608
reference_NY46__paper_roles,2019-06-14 21:00:00,14.1807152624,214.315274157,0,0,0,12,12,6605,7570
reference_NY46__paper_roles,2019-06-14 22:00:00,18.1740846759,196.171464279,0,0,0,12,12,7887,7458
reference_NY46__paper_roles,2019-06-14 23:00:00,14.6358696507,147.644293873,0,0,0,12,12,6802,7023
reference_NY46__paper_roles,2019-06-15 00:00:00,8.46051345247,57.7334991439,0,0,0,12,12,2489,4686
reference_NY46__paper_roles,2019-06-15 01:00:00,10.2720073314,42.8096769591,0,0,0,12,12,4057,3641
reference_NY46__paper_roles,2019-06-15 02:00:00,14.3409084884,63.0945371956,0,0,0,12,12,6672,4946
reference_NY46__paper_roles,2019-06-15 03:00:00,14.4119130961,78.0489909648,0,0,0,12,12,6714,5553
reference_NY46__paper_roles,2019-06-15 04:00:00,15.473750843,73.2242374351,0,0,0,12,12,7123,5362
reference_NY46__paper_roles,2019-06-15 05:00:00,17.0743072568,85.2702513311,0,0,0,12,12,7640,5807
reference_NY46__paper_roles,2019-06-15 06:00:00,11.4333552751,101.849228082,0,0,0,12,12,4972,6274
reference_NY46__paper_roles,2019-06-15 07:00:00,10.1952684293,73.7423937512,0,0,0,12,12,4003,5391
reference_NY46__paper_roles,2019-06-15 08:00:00,8.75222792526,85.9211011069,0,0,0,12,12,2740,5832
reference_NY46__paper_roles,2019-06-15 09:00:00,9.23877076017,95.9876746019,0,0,0,12,12,3173,6132
reference_NY46__paper_roles,2019-06-15 10:00:00,11.0856305503,137.421984107,0,0,0,12,12,4699,6895
reference_NY46__paper_roles,2019-06-15 11:00:00,12.753336983,153.270527029,0,0,0,12,12,5838,7090
reference_NY46__paper_roles,2019-06-15 12:00:00,13.1390425716,151.718391589,0,0,0,12,12,6051,7068
reference_NY46__paper_roles,2019-06-15 13:00:00,8.24247357777,89.1842269612,0,0,0,12,12,2297,5918
reference_NY46__paper_roles,2019-06-15 14:00:00,9.84903181915,98.2083765331,0,0,0,12,12,3716,6177
reference_NY46__paper_roles,2019-06-15 15:00:00,9.87884383625,104.620255243,0,0,0,12,12,3745,6339
reference_NY46__paper_roles,2019-06-15 16:00:00,12.1481223572,102.914870567,0,0,0,12,12,5488,6296
reference_NY46__paper_roles,2019-06-15 17:00:00,11.684493752,82.6029306585,0,0,0,12,12,5149,5709
reference_NY46__paper_roles,2019-06-15 18:00:00,12.1359996798,92.76772335,0,0,0,12,12,5478,6030
reference_NY46__paper_roles,2019-06-15 19:00:00,11.6527700154,114.180653585,0,0,0,12,12,5123,6504
reference_NY46__paper_roles,2019-06-15 20:00:00,11.4027937034,79.6646003945,0,0,0,12,12,4953,5614
reference_NY46__paper_roles,2019-06-15 21:00:00,11.7978351372,55.0935224869,0,0,0,12,12,5228,4526
reference_NY46__paper_roles,2019-06-15 22:00:00,8.72967857126,64.7412001721,0,0,0,12,12,2710,5023
reference_NY46__paper_roles,2019-06-15 23:00:00,8.29222575736,67.200433645,0,0,0,12,12,2330,5130
reference_NY46__paper_roles,2019-06-16 00:00:00,8.29863561159,47.5137459058,0,0,0,12,12,2337,4008
reference_NY46__paper_roles,2019-06-16 01:00:00,10.3989948772,58.5007384664,0,0,0,12,12,4163,4713
reference_NY46__paper_roles,2019-06-16 02:00:00,15.0194594271,80.6482341263,0,0,0,12,12,6945,5645
reference_NY46__paper_roles,2019-06-16 03:00:00,14.2082973559,38.4152541067,0,0,0,12,12,6615,3278
reference_NY46__paper_roles,2019-06-16 04:00:00,18.4639420695,52.5918709572,0,0,0,12,12,7930,4369
reference_NY46__paper_roles,2019-06-16 05:00:00,12.8105101641,35.8591095908,0,0,0,12,12,5869,3029
reference_NY46__paper_roles,2019-06-16 06:00:00,11.8023788336,17.2373389951,0,0,0,12,12,5231,752
reference_NY46__paper_roles,2019-06-16 07:00:00,11.1946026191,31.0594147018,0,0,0,12,12,4795,2541
reference_NY46__paper_roles,2019-06-16 08:00:00,12.9481468234,52.9737593434,0,0,0,12,12,5948,4392
reference_NY46__paper_roles,2019-06-16 09:00:00,13.4436397805,49.1893823965,0,0,0,12,12,6215,4143
reference_NY46__paper_roles,2019-06-16 10:00:00,9.35821614711,71.3058453904,0,0,0,12,12,3274,5298
reference_NY46__paper_roles,2019-06-16 11:00:00,8.47534722948,48.4660839279,0,0,0,12,12,2499,4077
reference_NY46__paper_roles,2019-06-16 12:00:00,13.0302991407,83.0487999614,0,0,0,12,12,5994,5725
reference_NY46__paper_roles,2019-06-16 13:00:00,7.47918351495,40.1386149871,0,0,0,12,12,1694,3435
reference_NY46__paper_roles,2019-06-16 14:00:00,6.34226470924,39.7529808989,0,0,0,12,12,924,3404
reference_NY46__paper_roles,2019-06-16 15:00:00,10.0335396579,69.6410783377,0,0,0,12,12,3869,5232
reference_NY46__paper_roles,2019-06-16 16:00:00,12.8155554665,94.547032054,0,0,0,12,12,5872,6081
reference_NY46__paper_roles,2019-06-16 17:00:00,10.0387946762,57.3662107194,0,0,0,12,12,3874,4664
reference_NY46__paper_roles,2019-06-16 18:00:00,7.49712573022,59.0339421437,0,0,0,12,12,1708,4743
reference_NY46__paper_roles,2019-06-16 19:00:00,9.55830848007,89.1941316535,0,0,0,12,12,3461,5919
reference_NY46__paper_roles,2019-06-16 20:00:00,9.46848761338,94.3912209539,0,0,0,12,12,3370,6078
reference_NY46__paper_roles,2019-06-16 21:00:00,10.4065671573,106.206777362,0,0,0,12,12,4171,6368
reference_NY46__paper_roles,2019-06-16 22:00:00,10.0414869285,101.486164889,0,0,0,12,12,3880,6263
reference_NY46__paper_roles,2019-06-16 23:00:00,12.0715254237,99.7073789565,0,0,0,13,13,5442,6217
reference_NY46__paper_roles,2019-06-17 00:00:00,10.3323478957,23.2642383507,0,0,0,12,12,4101,1584
reference_NY46__paper_roles,2019-06-17 01:00:00,8.8861007685,43.1878688371,0,0,0,12,12,2883,3675
reference_NY46__paper_roles,2019-06-17 02:00:00,9.62259261339,50.7170461413,0,0,0,12,12,3531,4239
reference_NY46__paper_roles,2019-06-17 03:00:00,12.7530549405,65.2898254832,0,0,0,12,12,5837,5053
reference_NY46__paper_roles,2019-06-17 04:00:00,14.2774620613,69.2804189131,0,0,0,12,12,6640,5217
reference_NY46__paper_roles,2019-06-17 05:00:00,18.0356863821,129.309399337,0,0,0,12,12,7862,6786
reference_NY46__paper_roles,2019-06-17 06:00:00,15.8458730298,105.499173674,0,0,0,12,12,7270,6358
reference_NY46__paper_roles,2019-06-17 07:00:00,16.0013858215,221.266036577,0,0,0,12,12,7323,7610
reference_NY46__paper_roles,2019-06-17 08:00:00,9.84928857757,197.147831445,0,0,0,12,12,3717,7467
reference_NY46__paper_roles,2019-06-17 09:00:00,9.07098902002,258.120056195,0,0,0,12,12,3017,7788
reference_NY46__paper_roles,2019-06-17 10:00:00,9.88343177001,394.972708198,0,0,0,12,12,3748,8131
reference_NY46__paper_roles,2019-06-17 11:00:00,7.03826058843,93.5417949255,0,0,0,12,12,1362,6055
reference_NY46__paper_roles,2019-06-17 12:00:00,6.12337174858,23.93032344,0,0,0,12,12,808,1675
reference_NY46__paper_roles,2019-06-17 13:00:00,7.37008609812,52.9848370667,0,0,0,12,12,1599,4394
reference_NY46__paper_roles,2019-06-17 14:00:00,9.85070643464,134.910486334,0,0,0,12,12,3718,6861
reference_NY46__paper_roles,2019-06-17 15:00:00,8.87355255352,163.521621661,0,0,0,12,12,2861,7203
reference_NY46__paper_roles,2019-06-17 16:00:00,10.7602709868,245.606992584,0,0,0,12,12,4451,7736
reference_NY46__paper_roles,2019-06-17 17:00:00,7.34614182721,96.532960219,0,0,0,12,12,1571,6148
reference_NY46__paper_roles,2019-06-17 18:00:00,6.94156360178,55.6867120076,0,0,0,12,12,1294,4570
reference_NY46__paper_roles,2019-06-17 19:00:00,6.43221834137,17.0511065338,0,0,0,12,12,992,733
reference_NY46__paper_roles,2019-06-17 20:00:00,7.79909690199,25.1525639277,0,0,0,12,12,1938,1833
reference_NY46__paper_roles,2019-06-17 21:00:00,13.4622771217,34.114152042,0,0,0,12,12,6226,2865
reference_NY46__paper_roles,2019-06-17 22:00:00,12.7525814364,94.0911075714,0,0,0,12,12,5836,6069
reference_NY46__paper_roles,2019-06-17 23:00:00,16.9657222345,124.901785872,0,0,0,12,12,7608,6708
reference_NY46__paper_roles,2019-06-18 00:00:00,10.8078720487,113.19942904,0,0,0,12,12,4491,6490
reference_NY46__paper_roles,2019-06-18 01:00:00,11.2027831207,162.742893131,0,0,0,12,12,4804,7192
reference_NY46__paper_roles,2019-06-18 02:00:00,11.3253384134,141.701163687,0,0,0,12,12,4889,6948
reference_NY46__paper_roles,2019-06-18 03:00:00,10.3689366082,95.9101309237,0,0,0,12,12,4129,6129
reference_NY46__paper_roles,2019-06-18 04:00:00,15.4490528568,143.540730813,0,0,0,12,12,7116,6976
reference_NY46__paper_roles,2019-06-18 05:00:00,20.6244233071,103.442835887,0,0,0,12,12,8257,6310
reference_NY46__paper_roles,2019-06-18 06:00:00,14.4876336409,168.951247666,0,0,0,13,13,6753,7249
reference_NY46__paper_roles,2019-06-18 07:00:00,6.61156051621,37.6279212655,0,0,0,12,12,1098,3194
reference_NY46__paper_roles,2019-06-18 08:00:00,8.79582617099,113.141015715,0,0,0,12,12,2782,6489
reference_NY46__paper_roles,2019-06-18 09:00:00,5.63125146354,75.4538181626,0,0,0,12,12,592,5458
reference_NY46__paper_roles,2019-06-18 10:00:00,4.4899116027,36.8123588685,0,0,0,12,12,217,3123
reference_NY46__paper_roles,2019-06-18 11:00:00,4.50958627841,25.6433707085,0,0,0,12,12,224,1894
reference_NY46__paper_roles,2019-06-18 12:00:00,7.30339448616,12.4927829395,0,0,0,12,11,1537,246
reference_NY46__paper_roles,2019-06-18 13:00:00,6.5000513576,67.5103555717,0,0,0,12,12,1035,5142
reference_NY46__paper_roles,2019-06-18 14:00:00,4.32299850285,44.5389716526,0,0,0,12,12,181,3778
reference_NY46__paper_roles,2019-06-18 15:00:00,6.06268747275,23.0429250154,0,0,0,12,12,779,1546
reference_NY46__paper_roles,2019-06-18 16:00:00,8.42302871387,53.8735001899,0,0,0,12,12,2451,4458
reference_NY46__paper_roles,2019-06-18 17:00:00,9.67888601325,46.4329615573,0,0,0,14,14,3575,3925
reference_NY46__paper_roles,2019-06-18 18:00:00,12.3615511299,47.5370643303,0,0,0,11,11,5609,4011
reference_NY46__paper_roles,2019-06-18 19:00:00,17.1483543941,77.8689232068,0,0,0,12,12,7659,5546
reference_NY46__paper_roles,2019-06-18 20:00:00,17.6867020242,101.658709736,1,0,0,12,12,7781,6268
reference_NY46__paper_roles,2019-06-18 21:00:00,23.0810390254,95.3294719116,0,0,0,12,12,8477,6105
reference_NY46__paper_roles,2019-06-18 22:00:00,20.2184712623,62.7668521141,0,0,0,12,12,8202,4927
reference_NY46__paper_roles,2019-06-18 23:00:00,18.4168555973,39.377742813,0,0,0,12,12,7926,3370
reference_NY46__paper_roles,2019-06-19 00:00:00,7.63443388,18.1068786457,0,0,0,12,12,1822,853
reference_NY46__paper_roles,2019-06-19 01:00:00,5.16327704536,10.9694182036,0,0,0,12,12,430,161
reference_NY46__paper_roles,2019-06-19 02:00:00,5.34510878758,10.0753722454,0,0,0,12,12,492,120
reference_NY46__paper_roles,2019-06-19 03:00:00,5.57205658575,8.89674767633,0,0,0,12,12,573,70
reference_NY46__paper_roles,2019-06-19 04:00:00,10.3662033373,15.9172691418,0,0,0,12,12,4127,593
reference_NY46__paper_roles,2019-06-19 05:00:00,16.4624101776,26.1480113745,0,0,0,12,12,7473,1972
reference_NY46__paper_roles,2019-06-19 06:00:00,14.6614654488,25.8394091042,0,0,0,14,14,6814,1929
reference_NY46__paper_roles,2019-06-19 07:00:00,7.19029975443,10.3206690117,0,0,0,12,12,1468,133
reference_NY46__paper_roles,2019-06-19 08:00:00,9.41885778711,28.0945822928,0,0,0,12,12,3321,2195
reference_NY46__paper_roles,2019-06-19 09:00:00,5.33770555224,18.7116812146,0,0,0,12,12,486,929
reference_NY46__paper_roles,2019-06-19 10:00:00,9.61788511823,56.6694036594,0,0,0,14,13,3526,4622
reference_NY46__paper_roles,2019-06-19 11:00:00,8.40096169449,29.6171783449,0,0,0,11,11,2432,2386
reference_NY46__paper_roles,2019-06-19 12:00:00,8.6228846016,47.0619089797,0,0,0,12,12,2627,3966
reference_NY46__paper_roles,2019-06-19 13:00:00,9.38019850292,66.1009245211,0,0,0,12,12,3290,5082
reference_NY46__paper_roles,2019-06-19 14:00:00,9.59617346875,44.0642771309,0,0,0,12,12,3496,3739
reference_NY46__paper_roles,2019-06-19 15:00:00,8.11115607058,20.7490925334,0,0,0,12,12,2196,1233
reference_NY46__paper_roles,2019-06-19 16:00:00,11.9793994293,63.0321585131,0,0,0,12,12,5384,4942
reference_NY46__paper_roles,2019-06-19 17:00:00,11.9468964668,19.2430337338,0,0,0,12,12,5358,1024
reference_NY46__paper_roles,2019-06-19 18:00:00,11.9658093911,59.1285907487,0,0,0,12,12,5372,4747
reference_NY46__paper_roles,2019-06-19 19:00:00,8.8818559411,18.9591622901,0,0,0,12,12,2874,973
reference_NY46__paper_roles,2019-06-19 20:00:00,9.8307537638,17.5934203552,0,0,0,13,13,3698,798
reference_NY46__paper_roles,2019-06-19 21:00:00,11.896736668,25.8323349053,0,0,0,12,12,5316,1928
reference_NY46__paper_roles,2019-06-19 22:00:00,11.1247691932,20.9545467832,0,0,0,12,12,4730,1268
reference_NY46__paper_roles,2019-06-19 23:00:00,17.6397098327,38.4001698347,0,0,0,12,12,7769,3274
reference_NY46__paper_roles,2019-06-20 00:00:00,8.87464871361,29.3286196372,0,0,0,12,12,2864,2361
reference_NY46__paper_roles,2019-06-20 01:00:00,5.79998903874,25.3311580417,0,0,0,12,12,663,1856
reference_NY46__paper_roles,2019-06-20 02:00:00,6.85502522938,30.1454510009,0,0,0,12,12,1237,2441
reference_NY46__paper_roles,2019-06-20 03:00:00,8.72113953295,41.8227952179,0,0,0,12,12,2700,3567
reference_NY46__paper_roles,2019-06-20 04:00:00,11.0743547321,39.1047502474,0,0,0,12,12,4691,3343
reference_NY46__paper_roles,2019-06-20 05:00:00,18.4851056748,34.9297014281,0,0,0,12,12,7933,2945
reference_NY46__paper_roles,2019-06-20 06:00:00,14.834961425,35.6951436077,0,0,0,12,12,6884,3010
reference_NY46__paper_roles,2019-06-20 07:00:00,12.0612699214,33.8663696957,0,0,0,12,12,5436,2842
reference_NY46__paper_roles,2019-06-20 08:00:00,6.49192495309,12.8579315812,0,0,0,12,12,1030,286
reference_NY46__paper_roles,2019-06-20 09:00:00,6.98097202229,42.4946056688,0,0,0,12,12,1328,3616
reference_NY46__paper_roles,2019-06-20 10:00:00,7.96177369289,68.5597548041,0,0,0,13,12,2062,5196
reference_NY46__paper_roles,2019-06-20 11:00:00,7.54909619304,73.2011811726,0,0,0,12,12,1755,5360
reference_NY46__paper_roles,2019-06-20 12:00:00,9.70415924926,199.176786734,0,0,0,13,13,3592,7480
reference_NY46__paper_roles,2019-06-20 13:00:00,9.80332099916,118.262501305,0,0,0,12,12,3670,6572
reference_NY46__paper_roles,2019-06-20 14:00:00,9.06559085402,121.18269812,0,0,0,12,12,3015,6639
reference_NY46__paper_roles,2019-06-20 15:00:00,13.7468958812,119.77114122,0,0,0,12,12,6396,6596
reference_NY46__paper_roles,2019-06-20 16:00:00,9.23518495721,62.4470345657,0,0,0,12,12,3168,4914
reference_NY46__paper_roles,2019-06-20 17:00:00,10.5438404849,58.5607965494,0,0,0,12,12,4291,4720
reference_NY46__paper_roles,2019-06-20 18:00:00,12.4752084392,51.4021027899,0,0,0,12,12,5692,4292
reference_NY46__paper_roles,2019-06-20 19:00:00,12.684530569,47.252101514,0,0,0,12,12,5797,3981
reference_NY46__paper_roles,2019-06-20 20:00:00,15.2387499647,42.5038804596,0,0,0,12,12,7019,3618
reference_NY46__paper_roles,2019-06-20 21:00:00,16.2027530482,35.5536658003,0,0,0,13,13,7392,3000
reference_NY46__paper_roles,2019-06-20 22:00:00,6.39891715254,18.3326524723,0,0,0,12,12,969,883
reference_NY46__paper_roles,2019-06-20 23:00:00,8.08369264201,16.8248569995,0,0,0,12,12,2164,701
reference_NY46__paper_roles,2019-06-21 00:00:00,7.46316136893,23.8460956271,0,0,0,12,12,1679,1661
reference_NY46__paper_roles,2019-06-21 01:00:00,9.72716840706,13.4423590299,0,0,0,14,14,3614,344
reference_NY46__paper_roles,2019-06-21 02:00:00,6.232463644,24.8551470159,0,0,0,10,10,861,1799
reference_NY46__paper_roles,2019-06-21 03:00:00,9.84812638038,40.3964237153,0,0,0,12,12,3715,3456
reference_NY46__paper_roles,2019-06-21 04:00:00,13.6797633003,44.5625750528,0,0,0,12,12,6365,3780
reference_NY46__paper_roles,2019-06-21 05:00:00,15.3016252829,43.9869030922,0,0,0,12,12,7050,3732
reference_NY46__paper_roles,2019-06-21 06:00:00,13.2358156059,31.5124226076,0,0,0,13,13,6099,2584
reference_NY46__paper_roles,2019-06-21 07:00:00,3.43525221577,33.0974021412,0,0,0,12,12,55,2755
reference_NY46__paper_roles,2019-06-21 08:00:00,5.90280204552,10.289250663,0,0,0,12,12,711,132
reference_NY46__paper_roles,2019-06-21 09:00:00,7.72048800207,15.5182476178,0,0,0,12,12,1886,540
reference_NY46__paper_roles,2019-06-21 10:00:00,4.8016135451,16.3915215772,0,0,0,12,12,302,646
reference_NY46__paper_roles,2019-06-21 11:00:00,4.06840955335,7.24504428952,0,0,0,12,12,141,27
reference_NY46__paper_roles,2019-06-21 12:00:00,4.37832044884,43.8010671133,0,0,0,12,12,189,3716
reference_NY46__paper_roles,2019-06-21 13:00:00,3.48841022687,53.319819613,0,0,0,12,12,61,4426
reference_NY46__paper_roles,2019-06-21 14:00:00,5.41095846696,170.993874008,0,0,0,12,12,513,7274
reference_NY46__paper_roles,2019-06-21 15:00:00,5.62399028974,77.4703886464,0,0,0,12,12,590,5531
reference_NY46__paper_roles,2019-06-21 16:00:00,4.80553366267,60.9103353287,0,0,0,12,12,305,4838
reference_NY46__paper_roles,2019-06-21 17:00:00,5.47175181919,80.6300497147,0,0,0,12,12,534,5644
reference_NY46__paper_roles,2019-06-21 18:00:00,4.32676000706,28.7711517285,0,0,0,12,12,183,2289
reference_NY46__paper_roles,2019-06-21 19:00:00,7.96793878469,18.827951986,0,0,0,12,12,2069,955
reference_NY46__paper_roles,2019-06-21 20:00:00,9.2927156742,21.5261398414,0,0,0,12,12,3220,1343
reference_NY46__paper_roles,2019-06-21 21:00:00,10.7404073432,24.609903013,0,0,0,12,12,4429,1765
reference_NY46__paper_roles,2019-06-21 22:00:00,9.14581270276,48.0325602082,0,0,0,12,12,3084,4046
reference_NY46__paper_roles,2019-06-21 23:00:00,13.1285005162,93.6603897523,0,0,0,12,12,6047,6059
reference_NY46__paper_roles,2019-06-22 00:00:00,11.9878630734,73.6578889714,0,0,0,12,12,5388,5382
reference_NY46__paper_roles,2019-06-22 01:00:00,10.2257496112,48.3272367057,0,0,0,12,12,4025,4067
reference_NY46__paper_roles,2019-06-22 02:00:00,13.2540396186,43.7666493677,0,0,0,12,12,6109,3713
reference_NY46__paper_roles,2019-06-22 03:00:00,11.5266188605,37.1573305945,0,0,0,12,12,5033,3155
reference_NY46__paper_roles,2019-06-22 04:00:00,12.9118845864,38.4427480438,0,0,0,12,12,5932,3280
reference_NY46__paper_roles,2019-06-22 05:00:00,12.1297186552,45.2112067434,0,0,0,12,12,5476,3828
reference_NY46__paper_roles,2019-06-22 06:00:00,11.8118619982,52.2422582738,0,0,0,12,12,5235,4351
reference_NY46__paper_roles,2019-06-22 07:00:00,7.31988954767,50.8143831995,0,0,0,12,12,1553,4247
reference_NY46__paper_roles,2019-06-22 08:00:00,11.2212788554,44.8077660941,0,0,0,12,12,4815,3803
reference_NY46__paper_roles,2019-06-22 09:00:00,10.3396013621,72.4351978246,0,0,0,12,12,4109,5340
reference_NY46__paper_roles,2019-06-22 10:00:00,8.96114269314,49.1798083538,0,0,0,12,12,2950,4142
reference_NY46__paper_roles,2019-06-22 11:00:00,7.96681481578,80.7222162122,0,0,0,12,12,2067,5649
reference_NY46__paper_roles,2019-06-22 12:00:00,4.41046721561,34.9347657696,0,0,0,12,12,200,2946
reference_NY46__paper_roles,2019-06-22 13:00:00,4.36644212892,31.8584885608,0,0,0,12,12,187,2625
reference_NY46__paper_roles,2019-06-22 14:00:00,5.33796971272,37.6534784643,0,0,0,12,12,487,3202
reference_NY46__paper_roles,2019-06-22 15:00:00,5.96489951802,21.0720408504,0,0,0,12,12,733,1281
reference_NY46__paper_roles,2019-06-22 16:00:00,4.73880324032,28.7417592436,0,0,0,12,12,287,2286
reference_NY46__paper_roles,2019-06-22 17:00:00,5.1844109149,11.5741279726,0,0,0,12,12,435,196
reference_NY46__paper_roles,2019-06-22 18:00:00,4.87897288866,11.4491679433,0,0,0,12,12,331,190
reference_NY46__paper_roles,2019-06-22 19:00:00,7.66700113077,29.2956885608,0,0,0,12,12,1849,2355
reference_NY46__paper_roles,2019-06-22 20:00:00,7.84306219588,39.6245285706,0,0,0,12,12,1968,3390
reference_NY46__paper_roles,2019-06-22 21:00:00,11.8681231578,60.1761980906,0,0,0,13,12,5291,4802
reference_NY46__paper_roles,2019-06-22 22:00:00,7.99587207534,55.9454727779,0,0,0,12,12,2091,4582
reference_NY46__paper_roles,2019-06-22 23:00:00,8.02490858392,47.7788979442,0,0,0,12,12,2117,4022
reference_NY46__paper_roles,2019-06-23 00:00:00,8.02392015571,25.8009497838,0,0,0,12,12,2116,1923
reference_NY46__paper_roles,2019-06-23 01:00:00,5.55981086124,17.4764468846,0,0,0,12,12,570,776
reference_NY46__paper_roles,2019-06-23 02:00:00,7.92712797928,16.9915925799,0,0,0,12,12,2031,723
reference_NY46__paper_roles,2019-06-23 03:00:00,9.63272339572,26.499357938,0,0,0,12,12,3538,2017
reference_NY46__paper_roles,2019-06-23 04:00:00,12.1454446333,32.471778307,0,0,0,12,12,5485,2695
reference_NY46__paper_roles,2019-06-23 05:00:00,13.8184707839,37.7641181324,0,0,0,12,12,6431,3214
reference_NY46__paper_roles,2019-06-23 06:00:00,9.02503134902,26.9342040407,0,0,0,12,12,2989,2067
reference_NY46__paper_roles,2019-06-23 07:00:00,7.41771653502,36.545692312,0,0,0,12,12,1638,3099
reference_NY46__paper_roles,2019-06-23 08:00:00,7.12376084596,33.9796789903,0,0,0,12,12,1421,2853
reference_NY46__paper_roles,2019-06-23 09:00:00,8.74369457713,50.4498016019,0,0,0,12,12,2729,4225
reference_NY46__paper_roles,2019-06-23 10:00:00,8.35645474262,85.0604244535,0,0,0,12,12,2396,5797
reference_NY46__paper_roles,2019-06-23 11:00:00,10.5488915272,67.3670795111,0,0,0,12,12,4295,5138
reference_NY46__paper_roles,2019-06-23 12:00:00,14.0128904314,103.204799859,0,0,0,12,12,6529,6306
reference_NY46__paper_roles,2019-06-23 13:00:00,10.6853856365,103.666300934,0,0,0,12,12,4395,6318
reference_NY46__paper_roles,2019-06-23 14:00:00,10.5775820726,113.458696928,0,0,0,12,12,4314,6494
reference_NY46__paper_roles,2019-06-23 15:00:00,8.24716869744,73.549690409,0,0,0,12,12,2301,5376
reference_NY46__paper_roles,2019-06-23 16:00:00,7.14567769636,59.682455072,0,0,0,12,12,1434,4780
reference_NY46__paper_roles,2019-06-23 17:00:00,8.21187466866,93.1348478982,0,0,0,12,12,2277,6043
reference_NY46__paper_roles,2019-06-23 18:00:00,5.71451885923,13.4176888333,0,0,0,12,12,630,341
reference_NY46__paper_roles,2019-06-23 19:00:00,8.02282738646,25.8796748814,0,0,0,12,12,2114,1936
reference_NY46__paper_roles,2019-06-23 20:00:00,4.82179311173,13.4642110847,0,0,0,12,12,311,346
reference_NY46__paper_roles,2019-06-23 21:00:00,12.3926229063,46.6000263449,0,0,0,12,12,5631,3941
reference_NY46__paper_roles,2019-06-23 22:00:00,14.1320023906,108.657826664,0,0,0,12,12,6583,6407
reference_NY46__paper_roles,2019-06-23 23:00:00,12.4191367866,56.6640825451,0,0,0,12,12,5649,4621
reference_NY46__paper_roles,2019-06-24 00:00:00,8.73805067451,54.6473766502,0,0,0,12,12,2719,4503
reference_NY46__paper_roles,2019-06-24 01:00:00,9.16484855122,40.5019181402,0,0,0,12,12,3106,3470
reference_NY46__paper_roles,2019-06-24 02:00:00,9.61331745319,24.6943654842,0,0,0,12,12,3519,1773
reference_NY46__paper_roles,2019-06-24 03:00:00,13.9501280444,45.2206073152,0,0,0,12,12,6505,3829
reference_NY46__paper_roles,2019-06-24 04:00:00,18.1292316508,45.7256187975,0,0,0,12,12,7882,3878
reference_NY46__paper_roles,2019-06-24 05:00:00,18.3917491458,35.4279163424,0,0,0,12,12,7917,2990
reference_NY46__paper_roles,2019-06-24 06:00:00,18.0469310298,30.2054532196,0,0,0,12,12,7866,2445
reference_NY46__paper_roles,2019-06-24 07:00:00,18.1804316877,45.918065513,0,0,0,12,12,7888,3891
reference_NY46__paper_roles,2019-06-24 08:00:00,12.0993976953,86.2356929836,0,0,0,12,12,5460,5843
reference_NY46__paper_roles,2019-06-24 09:00:00,9.31858796721,67.6964775694,0,0,0,12,12,3245,5155
reference_NY46__paper_roles,2019-06-24 10:00:00,4.77994508277,34.3390735038,0,0,0,13,13,294,2887
reference_NY46__paper_roles,2019-06-24 11:00:00,6.29582563421,8.61752860928,0,0,0,13,12,898,66
reference_NY46__paper_roles,2019-06-24 12:00:00,7.78563057913,15.2027036004,0,0,0,12,12,1928,510
reference_NY46__paper_roles,2019-06-24 13:00:00,6.5989591392,11.1298271564,0,0,0,12,12,1087,174
reference_NY46__paper_roles,2019-06-24 14:00:00,6.51377490383,44.7169742442,0,0,0,12,12,1042,3795
reference_NY46__paper_roles,2019-06-24 15:00:00,3.92806979247,38.8227949605,0,0,0,12,12,123,3313
reference_NY46__paper_roles,2019-06-24 16:00:00,4.10699456428,9.02255585223,0,0,0,12,12,149,77
reference_NY46__paper_roles,2019-06-24 17:00:00,4.09908873985,8.22550846068,0,0,0,12,11,147,49
reference_NY46__paper_roles,2019-06-24 18:00:00,3.91346343318,6.46189018154,0,0,0,12,12,121,9
reference_NY46__paper_roles,2019-06-24 19:00:00,5.40587881958,41.748427896,0,0,0,13,13,511,3561
reference_NY46__paper_roles,2019-06-24 20:00:00,5.16846813519,83.6377000701,0,0,0,12,12,431,5749
reference_NY46__paper_roles,2019-06-24 21:00:00,9.13489762242,123.890653695,1,0,0,12,12,3073,6694
reference_NY46__paper_roles,2019-06-24 22:00:00,16.1462489238,56.4251125974,0,0,0,12,12,7366,4604
reference_NY46__paper_roles,2019-06-24 23:00:00,14.3200739306,28.785449279,0,0,0,12,12,6660,2290
reference_NY46__paper_roles,2019-06-25 00:00:00,3.74771547213,12.1548389991,0,0,0,12,12,98,218
reference_NY46__paper_roles,2019-06-25 01:00:00,6.21966797969,18.945139741,0,0,0,12,12,854,970
reference_NY46__paper_roles,2019-06-25 02:00:00,9.25208959269,27.5459142244,0,0,0,12,12,3189,2136
reference_NY46__paper_roles,2019-06-25 03:00:00,12.3947523872,42.2376644419,0,0,0,12,12,5632,3597
reference_NY46__paper_roles,2019-06-25 04:00:00,13.23525314,38.2051372082,0,0,0,12,12,6098,3257
reference_NY46__paper_roles,2019-06-25 05:00:00,16.0062225505,75.685714362,0,0,0,12,12,7325,5470
reference_NY46__paper_roles,2019-06-25 06:00:00,6.2354983993,40.8559555629,0,0,0,12,12,863,3504
reference_NY46__paper_roles,2019-06-25 07:00:00,7.22075637077,37.4137429714,0,0,0,12,12,1488,3173
reference_NY46__paper_roles,2019-06-25 08:00:00,9.74116156638,35.744005789,0,0,0,14,14,3621,3018
reference_NY46__paper_roles,2019-06-25 09:00:00,7.0149294534,11.7010267638,0,0,0,11,11,1347,200
reference_NY46__paper_roles,2019-06-25 10:00:00,5.08159845678,61.4937264171,0,0,0,12,12,390,4864
reference_NY46__paper_roles,2019-06-25 11:00:00,4.68334323686,55.4201104003,0,0,0,11,11,270,4548
reference_NY46__paper_roles,2019-06-25 12:00:00,4.76909306555,781.842837154,0,0,0,11,11,292,8432
reference_NY46__paper_roles,2019-06-25 13:00:00,3.71508985614,9.35870191578,0,0,0,12,12,93,88
reference_NY46__paper_roles,2019-06-25 14:00:00,3.74362862816,7.33566296031,0,0,0,12,12,97,31
reference_NY46__paper_roles,2019-06-25 15:00:00,4.82815752014,11.1306944775,0,0,0,12,12,312,175
reference_NY46__paper_roles,2019-06-25 16:00:00,6.00162732434,143.057775518,0,0,0,12,12,750,6969
reference_NY46__paper_roles,2019-06-25 17:00:00,5.37848138646,36.4986339196,0,0,0,12,12,501,3095
reference_NY46__paper_roles,2019-06-25 18:00:00,4.69331837578,20.8462809559,0,0,0,13,13,274,1249
reference_NY46__paper_roles,2019-06-25 19:00:00,6.23367302655,14.0242888637,0,0,0,12,12,862,386
reference_NY46__paper_roles,2019-06-25 20:00:00,8.68404942179,21.3290177945,0,0,0,12,12,2667,1315
reference_NY46__paper_roles,2019-06-25 21:00:00,9.49412241054,21.0773249474,0,0,0,12,12,3400,1282
reference_NY46__paper_roles,2019-06-25 22:00:00,7.81825310062,13.0213210789,0,0,0,12,12,1953,297
reference_NY46__paper_roles,2019-06-25 23:00:00,16.9677094437,35.9880807411,0,0,0,12,12,7610,3045
reference_NY46__paper_roles,2019-06-26 00:00:00,4.55624316264,17.6828907061,0,0,0,12,12,238,807
reference_NY46__paper_roles,2019-06-26 01:00:00,7.60591878815,43.4116493423,0,0,0,12,12,1798,3695
reference_NY46__paper_roles,2019-06-26 02:00:00,6.27442318395,16.8782489871,0,0,0,12,12,888,708
reference_NY46__paper_roles,2019-06-26 03:00:00,4.49157733219,16.0518327331,0,0,0,12,12,218,613
reference_NY46__paper_roles,2019-06-26 04:00:00,9.75376923956,16.3771014447,0,0,0,12,12,3629,644
reference_NY46__paper_roles,2019-06-26 05:00:00,16.8137333535,26.1106209747,0,0,0,12,12,7570,1970
reference_NY46__paper_roles,2019-06-26 06:00:00,9.20702537577,19.4151801463,0,0,0,12,12,3146,1052
reference_NY46__paper_roles,2019-06-26 07:00:00,12.414763014,25.338451842,0,0,0,12,12,5645,1860
reference_NY46__paper_roles,2019-06-26 08:00:00,6.56614455128,61.6612388671,0,0,0,12,12,1070,4876
reference_NY46__paper_roles,2019-06-26 09:00:00,6.90811643457,35.799913744,0,0,0,12,12,1268,3023
reference_NY46__paper_roles,2019-06-26 10:00:00,9.94349751832,45.3416218139,0,0,0,12,12,3796,3837
reference_NY46__paper_roles,2019-06-26 11:00:00,5.36218932642,90.1192966501,0,0,0,12,12,496,5950
reference_NY46__paper_roles,2019-06-26 12:00:00,3.6479424068,377.293658678,1,0,0,12,12,83,8110
reference_NY46__paper_roles,2019-06-26 13:00:00,10.065935551,279.748712248,0,0,0,12,12,3897,7855
reference_NY46__paper_roles,2019-06-26 14:00:00,8.55806407067,203.144629969,1,0,0,14,14,2571,7506
reference_NY46__paper_roles,2019-06-26 15:00:00,7.66638048309,86.4910341566,0,0,0,11,11,1848,5848
reference_NY46__paper_roles,2019-06-26 16:00:00,9.535614438,48.4841041212,0,0,0,12,12,3444,4084
reference_NY46__paper_roles,2019-06-26 17:00:00,8.37276481609,187.885501612,0,0,0,12,12,2410,7400
reference_NY46__paper_roles,2019-06-26 18:00:00,6.78075587013,42.9001219611,0,0,0,12,12,1207,3651
reference_NY46__paper_roles,2019-06-26 19:00:00,11.9308736719,122.306572192,1,0,0,12,12,5342,6661
reference_NY46__paper_roles,2019-06-26 20:00:00,12.0121599901,131.698543684,1,0,0,12,12,5403,6816
reference_NY46__paper_roles,2019-06-26 21:00:00,11.9971685701,100.166731169,1,0,0,12,12,5396,6231
reference_NY46__paper_roles,2019-06-26 22:00:00,17.692734183,38.7250291299,0,0,0,12,11,7782,3303
reference_NY46__paper_roles,2019-06-26 23:00:00,9.95871535498,16.7820314801,0,0,0,13,12,3810,696
reference_NY46__paper_roles,2019-06-27 00:00:00,6.25561911723,22.5456546285,0,0,0,12,12,875,1486
reference_NY46__paper_roles,2019-06-27 01:00:00,6.11385157144,17.3349710597,0,0,0,12,12,803,759
reference_NY46__paper_roles,2019-06-27 02:00:00,8.31695901748,30.9167686484,0,0,0,12,12,2359,2532
reference_NY46__paper_roles,2019-06-27 03:00:00,7.92131846276,22.544212147,0,0,0,12,12,2024,1485
reference_NY46__paper_roles,2019-06-27 04:00:00,12.9684920288,31.5467804807,0,0,0,12,12,5960,2587
reference_NY46__paper_roles,2019-06-27 05:00:00,22.7736924715,39.1302346779,0,0,0,12,12,8461,3347
reference_NY46__paper_roles,2019-06-27 06:00:00,10.6525521783,74.5797004397,0,0,0,12,12,4370,5425
reference_NY46__paper_roles,2019-06-27 07:00:00,9.83951891827,128.539368112,1,0,0,12,12,3703,6774
reference_NY46__paper_roles,2019-06-27 08:00:00,8.97811141487,59.263231874,0,0,0,12,12,2958,4759
reference_NY46__paper_roles,2019-06-27 09:00:00,11.1426127862,225.224316799,0,0,0,12,12,4749,7632
reference_NY46__paper_roles,2019-06-27 10:00:00,11.7751941996,241.353532923,0,0,0,12,12,5212,7713
reference_NY46__paper_roles,2019-06-27 11:00:00,11.6511356185,353.99190853,1,0,0,9,9,5120,8070
reference_NY46__paper_roles,2019-06-27 12:00:00,16.5443891367,460.9419577,0,0,0,12,12,7499,8206
reference_NY46__paper_roles,2019-06-27 13:00:00,13.5190536169,56.6451256506,0,0,0,12,12,6269,4618
reference_NY46__paper_roles,2019-06-27 14:00:00,10.2110923692,40.5959727956,0,0,0,13,13,4012,3478
reference_NY46__paper_roles,2019-06-27 15:00:00,13.9003793608,92.0275085342,0,0,0,12,12,6475,6006
reference_NY46__paper_roles,2019-06-27 16:00:00,12.7072524966,78.9682476764,0,0,0,12,12,5807,5578
reference_NY46__paper_roles,2019-06-27 17:00:00,10.7759886171,41.9515325912,0,0,0,13,13,4464,3577
reference_NY46__paper_roles,2019-06-27 18:00:00,9.8404433986,279.798957866,0,0,0,12,12,3704,7856
reference_NY46__paper_roles,2019-06-27 19:00:00,8.86136302715,87.6665143003,0,0,0,12,12,2851,5868
reference_NY46__paper_roles,2019-06-27 20:00:00,11.9354306511,291.410159514,0,0,0,12,12,5349,7905
reference_NY46__paper_roles,2019-06-27 21:00:00,16.610050242,305.215715574,0,0,0,12,12,7519,7939
reference_NY46__paper_roles,2019-06-27 22:00:00,8.63248141611,27.0176446082,0,0,0,13,13,2633,2080
reference_NY46__paper_roles,2019-06-27 23:00:00,12.4067147141,95.1476207109,0,0,0,11,11,5640,6103
reference_NY46__paper_roles,2019-06-28 00:00:00,14.0209830499,127.564903982,0,0,0,12,12,6533,6759
reference_NY46__paper_roles,2019-06-28 01:00:00,9.09128868788,49.8858257873,0,0,0,12,12,3038,4191
reference_NY46__paper_roles,2019-06-28 02:00:00,8.69557372959,20.7149436135,0,0,0,12,12,2676,1228
reference_NY46__paper_roles,2019-06-28 03:00:00,16.2371888408,117.156791973,1,0,0,12,12,7399,6547
reference_NY46__paper_roles,2019-06-28 04:00:00,17.8948510092,82.0546610598,0,0,0,12,12,7827,5697
reference_NY46__paper_roles,2019-06-28 05:00:00,25.6581328394,741.297930972,0,0,0,12,12,8613,8414
reference_NY46__paper_roles,2019-06-28 06:00:00,24.996443771,38.8224761035,0,0,0,12,12,8583,3312
reference_NY46__paper_roles,2019-06-28 07:00:00,23.2236161247,41.6978206634,0,0,0,12,12,8491,3557
reference_NY46__paper_roles,2019-06-28 08:00:00,20.0976505537,49.5168865846,0,0,0,13,13,8187,4165
reference_NY46__paper_roles,2019-06-28 09:00:00,19.8960240386,44.9036570578,0,0,0,14,14,8162,3807
reference_NY46__paper_roles,2019-06-28 10:00:00,23.1141353617,74.2225324282,0,0,0,13,13,8480,5414
reference_NY46__paper_roles,2019-06-28 11:00:00,19.7703521739,73.840388178,0,0,0,12,12,8144,5396
reference_NY46__paper_roles,2019-06-28 12:00:00,16.2529598175,45.9788513234,0,0,0,13,12,7404,3894
reference_NY46__paper_roles,2019-06-28 13:00:00,19.0969382316,40.7293075203,0,0,0,12,12,8033,3495
reference_NY46__paper_roles,2019-06-28 14:00:00,16.9020559015,40.8888333417,0,0,0,11,11,7591,3507
reference_NY46__paper_roles,2019-06-28 15:00:00,21.557291965,55.7974717451,0,0,0,13,13,8362,4574
reference_NY46__paper_roles,2019-06-28 16:00:00,25.5442799597,77.6923087854,0,0,0,12,12,8608,5536
reference_NY46__paper_roles,2019-06-28 17:00:00,30.7037049958,60.5900364607,0,0,0,12,12,8705,4816
reference_NY46__paper_roles,2019-06-28 18:00:00,19.6066774725,31.0472981468,0,0,0,12,12,8114,2539
reference_NY46__paper_roles,2019-06-28 19:00:00,18.8831052033,245.892547342,0,0,0,12,12,7998,7738
reference_NY46__paper_roles,2019-06-28 20:00:00,26.1846698211,106.244215973,0,0,0,12,12,8624,6374
reference_NY46__paper_roles,2019-06-28 21:00:00,24.3350642514,189.803978801,0,0,0,12,12,8551,7408
reference_NY46__paper_roles,2019-06-28 22:00:00,13.7207387403,81.202585527,0,0,0,12,12,6390,5672
reference_NY46__paper_roles,2019-06-28 23:00:00,24.6699337353,232.250572923,1,0,0,12,12,8570,7667
reference_NY46__paper_roles,2019-06-29 00:00:00,17.8038506354,26.3876797889,0,0,0,12,12,7803,2007
reference_NY46__paper_roles,2019-06-29 01:00:00,14.5694235091,120.889586897,0,0,0,12,12,6778,6634
reference_NY46__paper_roles,2019-06-29 02:00:00,16.3637239788,166.986904016,0,0,0,12,12,7436,7237
reference_NY46__paper_roles,2019-06-29 03:00:00,14.0464900387,133.430642251,0,0,0,13,12,6548,6842
reference_NY46__paper_roles,2019-06-29 04:00:00,10.7720578265,134.665984512,0,0,0,12,12,4461,6855
reference_NY46__paper_roles,2019-06-29 05:00:00,14.3828091658,65.2286351956,0,0,0,12,12,6699,5049
reference_NY46__paper_roles,2019-06-29 06:00:00,12.9356326357,61.3450163399,0,0,0,12,12,5940,4857
reference_NY46__paper_roles,2019-06-29 07:00:00,13.8539739551,323.290565462,0,0,0,12,12,6448,7991
reference_NY46__paper_roles,2019-06-29 08:00:00,21.0283357101,83.29393165,0,0,0,12,12,8309,5734
reference_NY46__paper_roles,2019-06-29 09:00:00,16.6372312595,40.411285946,0,0,0,12,12,7521,3458
reference_NY46__paper_roles,2019-06-29 10:00:00,11.4098725809,49.5019400447,0,0,0,13,13,4956,4164
reference_NY46__paper_roles,2019-06-29 11:00:00,13.3215388721,39.2990080962,0,0,0,12,11,6143,3362
reference_NY46__paper_roles,2019-06-29 12:00:00,15.4923723546,44.205638574,0,0,0,12,12,7135,3750
reference_NY46__paper_roles,2019-06-29 13:00:00,22.064535741,143.11856153,0,0,0,12,12,8414,6973
reference_NY46__paper_roles,2019-06-29 14:00:00,13.8972013237,37.4726015849,0,0,0,12,12,6472,3180
reference_NY46__paper_roles,2019-06-29 15:00:00,14.5240170582,27.0436715432,0,0,0,12,12,6765,2082
reference_NY46__paper_roles,2019-06-29 16:00:00,18.8531247138,50.6445165032,0,0,0,12,12,7991,4231
reference_NY46__paper_roles,2019-06-29 17:00:00,13.1876685829,23.8043095326,0,0,0,12,12,6076,1655
reference_NY46__paper_roles,2019-06-29 18:00:00,10.8647477063,60.6283831879,0,0,0,12,12,4539,4821
reference_NY46__paper_roles,2019-06-29 19:00:00,10.8510439319,37.8427694801,0,0,0,11,11,4524,3225
reference_NY46__paper_roles,2019-06-29 20:00:00,11.8695225662,31.1342987053,0,0,0,11,11,5292,2548
reference_NY46__paper_roles,2019-06-29 21:00:00,18.0579097395,691.730279358,0,0,0,12,12,7867,8395
reference_NY46__paper_roles,2019-06-29 22:00:00,15.0633782494,294.760236266,1,0,0,12,12,6961,7912
reference_NY46__paper_roles,2019-06-29 23:00:00,16.8027367058,42.4159503518,0,0,0,12,12,7564,3610
reference_NY46__paper_roles,2019-06-30 00:00:00,4.89977245648,20.5767514846,0,0,0,12,12,338,1206
reference_NY46__paper_roles,2019-06-30 01:00:00,4.32480534561,10.5091907079,0,0,0,12,12,182,137
reference_NY46__paper_roles,2019-06-30 02:00:00,9.612365072,16.7232471522,0,0,0,12,12,3517,689
reference_NY46__paper_roles,2019-06-30 03:00:00,7.95606344733,31.2912440761,0,0,0,12,12,2057,2567
reference_NY46__paper_roles,2019-06-30 04:00:00,7.10174832548,14.1099990889,0,0,0,12,12,1403,400
reference_NY46__paper_roles,2019-06-30 05:00:00,9.28755632988,24.9482471112,0,0,0,12,12,3215,1810
reference_NY46__paper_roles,2019-06-30 06:00:00,7.48816975225,20.9749230433,0,0,0,12,12,1703,1271
reference_NY46__paper_roles,2019-06-30 07:00:00,5.74344150871,22.9637194498,0,0,0,12,12,640,1540
reference_NY46__paper_roles,2019-06-30 08:00:00,10.4376126169,42.7536517404,0,0,0,13,13,4194,3633
reference_NY46__paper_roles,2019-06-30 09:00:00,6.74323599856,25.6276635631,0,0,0,14,14,1181,1892
reference_NY46__paper_roles,2019-06-30 10:00:00,8.28433756069,47.4165926036,0,0,0,10,10,2325,4003
reference_NY46__paper_roles,2019-06-30 11:00:00,8.64727745638,12.3931623779,0,0,0,12,12,2641,239
reference_NY46__paper_roles,2019-06-30 12:00:00,5.10385641251,13.7773635299,0,0,0,12,12,405,368
reference_NY46__paper_roles,2019-06-30 13:00:00,6.74123360412,48.7235192479,0,0,0,12,12,1178,4104
reference_NY46__paper_roles,2019-06-30 14:00:00,9.46670389893,121.965014676,1,0,0,12,12,3369,6653
reference_NY46__paper_roles,2019-06-30 15:00:00,8.38464956644,94.4778680892,0,0,0,13,13,2420,6080
reference_NY46__paper_roles,2019-06-30 16:00:00,7.35034380511,337.471762701,1,0,0,12,12,1577,8024
reference_NY46__paper_roles,2019-06-30 17:00:00,7.58584311697,169.872673775,1,0,0,12,12,1779,7264
reference_NY46__paper_roles,2019-06-30 18:00:00,8.38235828561,114.48840913,1,0,0,12,12,2417,6514
reference_NY46__paper_roles,2019-06-30 19:00:00,8.84805008599,144.174634057,1,0,0,12,12,2834,6981
reference_NY46__paper_roles,2019-06-30 20:00:00,8.05070837009,284.537119053,1,0,0,12,12,2137,7882
reference_NY46__paper_roles,2019-06-30 21:00:00,8.59412884379,145.438098888,1,0,0,12,12,2606,6992
reference_NY46__paper_roles,2019-06-30 22:00:00,9.69779713584,40.538646237,0,0,0,12,12,3588,3474
reference_NY46__paper_roles,2019-06-30 23:00:00,4.8304331001,10.2626623118,0,0,0,12,12,316,128
reference_NY46__paper_roles,2019-07-01 00:00:00,6.34297821003,79.0532773902,0,0,0,11,11,925,5581
reference_NY46__paper_roles,2019-07-01 01:00:00,4.47689376346,9.00258681577,0,0,0,12,12,214,75
reference_NY46__paper_roles,2019-07-01 02:00:00,9.15474364159,38.9878764002,0,0,0,12,12,3091,3333
reference_NY46__paper_roles,2019-07-01 03:00:00,14.000350064,38.0992631648,0,0,0,12,12,6526,3248
reference_NY46__paper_roles,2019-07-01 04:00:00,17.6530252709,47.7974393874,0,0,0,12,12,7772,4025
reference_NY46__paper_roles,2019-07-01 05:00:00,13.4254942216,37.987799036,0,0,0,12,12,6209,3235
reference_NY46__paper_roles,2019-07-01 06:00:00,13.4463778253,19.6680273114,0,0,0,12,12,6216,1096
reference_NY46__paper_roles,2019-07-01 07:00:00,14.9869760506,26.2480164219,0,0,0,12,12,6936,1990
reference_NY46__paper_roles,2019-07-01 08:00:00,13.8630539624,35.7037195038,0,0,0,12,12,6456,3011
reference_NY46__paper_roles,2019-07-01 09:00:00,12.8864703011,107.818421341,0,0,0,12,12,5914,6391
reference_NY46__paper_roles,2019-07-01 10:00:00,13.6188076248,229.596701846,0,0,0,13,13,6328,7655
reference_NY46__paper_roles,2019-07-01 11:00:00,6.77951346908,22.1746717171,0,0,0,12,12,1206,1436
reference_NY46__paper_roles,2019-07-01 12:00:00,4.19431029284,101.974179608,0,0,0,12,12,164,6280
reference_NY46__paper_roles,2019-07-01 13:00:00,6.87882035916,5173.14117253,0,0,0,13,13,1250,8712
reference_NY46__paper_roles,2019-07-01 14:00:00,5.18556185391,480.21604736,1,0,0,14,14,436,8226
reference_NY46__paper_roles,2019-07-01 15:00:00,7.08210969425,258.467177076,1,0,0,13,12,1391,7790
reference_NY46__paper_roles,2019-07-01 16:00:00,6.4808529276,491.037712181,1,0,0,12,12,1023,8243
reference_NY46__paper_roles,2019-07-01 17:00:00,6.33065354661,114.083877809,1,0,0,15,14,920,6502
reference_NY46__paper_roles,2019-07-01 18:00:00,7.13805961415,64.5249628163,0,0,0,14,12,1430,5012
reference_NY46__paper_roles,2019-07-01 19:00:00,10.6668249804,103.563416169,1,0,0,12,12,4381,6313
reference_NY46__paper_roles,2019-07-01 20:00:00,9.20452275201,81.7432327179,0,0,0,12,12,3142,5691
reference_NY46__paper_roles,2019-07-01 21:00:00,9.4559550719,52.0561062548,0,0,0,12,12,3359,4339
reference_NY46__paper_roles,2019-07-01 22:00:00,9.23843941742,15.843797943,0,0,0,14,13,3172,581
reference_NY46__paper_roles,2019-07-01 23:00:00,8.30524306762,14.3515991477,0,0,0,11,11,2349,425
reference_NY46__paper_roles,2019-07-02 00:00:00,5.10006671804,46.2892975818,0,0,0,12,11,398,3912
reference_NY46__paper_roles,2019-07-02 01:00:00,3.59124821102,14.7171785314,0,0,0,12,12,73,463
reference_NY46__paper_roles,2019-07-02 02:00:00,5.86920934995,18.667479626,0,0,0,12,12,692,923
reference_NY46__paper_roles,2019-07-02 03:00:00,9.93460591946,35.9866570749,0,0,0,12,12,3789,3044
reference_NY46__paper_roles,2019-07-02 04:00:00,16.7618984529,50.6735484921,0,0,0,12,12,7559,4234
reference_NY46__paper_roles,2019-07-02 05:00:00,15.7510593099,40.4900779817,0,0,0,12,12,7238,3469
reference_NY46__paper_roles,2019-07-02 06:00:00,14.925363382,35.5521709759,0,0,0,12,12,6920,2999
reference_NY46__paper_roles,2019-07-02 07:00:00,11.9698404479,27.2878995094,0,0,0,13,13,5374,2110
reference_NY46__paper_roles,2019-07-02 08:00:00,8.45361930516,73.7947032212,0,0,0,16,15,2481,5394
reference_NY46__paper_roles,2019-07-02 09:00:00,7.94747119672,314.171727973,1,0,0,12,12,2047,7963
reference_NY46__paper_roles,2019-07-02 10:00:00,6.93407296157,32.2139754556,0,0,0,15,14,1291,2667
reference_NY46__paper_roles,2019-07-02 11:00:00,5.43542407967,83.0595217321,0,0,0,11,11,525,5726
reference_NY46__paper_roles,2019-07-02 12:00:00,8.80451139416,2321.71171758,1,0,0,12,12,2793,8642
reference_NY46__paper_roles,2019-07-02 13:00:00,6.24971615706,266.782129537,1,0,0,12,12,873,7811
reference_NY46__paper_roles,2019-07-02 14:00:00,5.24605955309,87.7681864009,0,0,0,14,12,452,5869
reference_NY46__paper_roles,2019-07-02 15:00:00,7.32977496281,87.1251952571,0,0,0,12,12,1557,5857
reference_NY46__paper_roles,2019-07-02 16:00:00,7.16636534028,15.4369768375,0,0,0,12,12,1449,530
reference_NY46__paper_roles,2019-07-02 17:00:00,7.05674819618,29.8660527887,0,0,0,12,12,1375,2415
reference_NY46__paper_roles,2019-07-02 18:00:00,8.07731053143,110.665335491,1,0,0,14,14,2159,6442
reference_NY46__paper_roles,2019-07-02 19:00:00,13.7134968453,121.181754668,1,0,0,9,9,6383,6638
reference_NY46__paper_roles,2019-07-02 20:00:00,13.758553782,91.8748201015,0,0,0,12,12,6403,5998
reference_NY46__paper_roles,2019-07-02 21:00:00,17.5880981182,137.205729211,1,0,0,16,14,7755,6893
reference_NY46__paper_roles,2019-07-02 22:00:00,16.3762951157,124.069961493,1,0,0,12,12,7438,6697
reference_NY46__paper_roles,2019-07-02 23:00:00,18.5858261398,99.4298464372,0,0,0,12,12,7945,6209
reference_NY46__paper_roles,2019-07-03 00:00:00,9.91165720675,52.8389182533,0,0,0,13,12,3772,4381
reference_NY46__paper_roles,2019-07-03 01:00:00,8.54741550196,57.5141942771,0,0,0,12,12,2560,4673
reference_NY46__paper_roles,2019-07-03 02:00:00,6.37825567377,39.8209843388,0,0,0,12,12,948,3414
reference_NY46__paper_roles,2019-07-03 03:00:00,9.11041086513,24.4433330987,0,0,0,12,12,3053,1742
reference_NY46__paper_roles,2019-07-03 04:00:00,10.1643994282,28.9017073301,0,0,0,12,12,3975,2300
reference_NY46__paper_roles,2019-07-03 05:00:00,20.3449945765,44.2904551688,0,0,0,12,12,8218,3758
reference_NY46__paper_roles,2019-07-03 06:00:00,19.7056289047,40.0203102411,0,0,0,12,12,8131,3428
reference_NY46__paper_roles,2019-07-03 07:00:00,9.61441832909,173.754430483,0,0,0,14,13,3523,7299
reference_NY46__paper_roles,2019-07-03 08:00:00,9.93687804843,572.174917809,1,0,0,12,12,3793,8317
reference_NY46__paper_roles,2019-07-03 09:00:00,18.9975913354,280.47149386,1,0,0,12,12,8017,7864
reference_NY46__paper_roles,2019-07-03 10:00:00,16.8070514221,442.055002519,0,0,0,12,12,7566,8184
reference_NY46__paper_roles,2019-07-03 11:00:00,11.280716414,473.424776092,0,0,0,12,12,4855,8218
reference_NY46__paper_roles,2019-07-03 12:00:00,10.2697051638,84.369207658,0,0,0,12,12,4055,5774
reference_NY46__paper_roles,2019-07-03 13:00:00,11.194746284,62.9787776782,0,0,0,12,12,4796,4937
reference_NY46__paper_roles,2019-07-03 14:00:00,9.89523445386,54.5421152717,0,0,0,13,13,3757,4496
reference_NY46__paper_roles,2019-07-03 15:00:00,10.342089912,24.2296453959,0,0,0,12,12,4111,1709
reference_NY46__paper_roles,2019-07-03 16:00:00,11.5425041345,17.0254821312,0,0,0,12,12,5039,728
reference_NY46__paper_roles,2019-07-03 17:00:00,11.1378226141,60.2419833394,0,0,0,12,12,4742,4803
reference_NY46__paper_roles,2019-07-03 18:00:00,12.7413950235,102.224945083,1,0,0,12,12,5826,6284
reference_NY46__paper_roles,2019-07-03 19:00:00,13.6794102187,142.637347455,1,0,0,12,12,6364,6960
reference_NY46__paper_roles,2019-07-03 20:00:00,16.9701687052,148.806126758,1,0,0,12,12,7611,7034
reference_NY46__paper_roles,2019-07-03 21:00:00,20.8672158334,108.802653767,1,0,0,12,12,8284,6410
reference_NY46__paper_roles,2019-07-03 22:00:00,14.5440019052,70.8801000895,0,0,0,12,12,6773,5284
reference_NY46__paper_roles,2019-07-03 23:00:00,15.2196349202,45.976744379,0,0,0,12,12,7016,3893
reference_NY46__paper_roles,2019-07-04 00:00:00,9.53836886728,24.4042131721,0,0,0,12,12,3445,1735
reference_NY46__paper_roles,2019-07-04 01:00:00,6.0642591663,18.3942499453,0,0,0,13,13,780,892
reference_NY46__paper_roles,2019-07-04 02:00:00,9.50609550973,28.6730054797,0,0,0,11,11,3417,2274
reference_NY46__paper_roles,2019-07-04 03:00:00,10.5333011337,19.9714310169,0,0,0,12,12,4275,1123
reference_NY46__paper_roles,2019-07-04 04:00:00,13.6405203208,32.7499572111,0,0,0,12,12,6337,2722
reference_NY46__paper_roles,2019-07-04 05:00:00,11.4208895453,21.9139393713,0,0,0,12,12,4965,1397
reference_NY46__paper_roles,2019-07-04 06:00:00,12.4346919235,25.2431194525,0,0,0,12,12,5662,1843
reference_NY46__paper_roles,2019-07-04 07:00:00,15.6917988265,23.2102169191,0,0,0,12,12,7213,1576
reference_NY46__paper_roles,2019-07-04 08:00:00,12.8397082597,20.5989997707,0,0,0,12,12,5887,1211
reference_NY46__paper_roles,2019-07-04 09:00:00,16.4468351311,32.6519207263,0,0,0,12,12,7464,2712
reference_NY46__paper_roles,2019-07-04 10:00:00,17.0781988555,64.3605375594,0,0,0,12,12,7641,5001
reference_NY46__paper_roles,2019-07-04 11:00:00,15.9866196741,94.0737210869,0,0,0,12,12,7319,6068
reference_NY46__paper_roles,2019-07-04 12:00:00,15.6355270732,92.1395580578,0,0,0,12,12,7181,6010
reference_NY46__paper_roles,2019-07-04 13:00:00,16.3796062121,146.257774969,1,0,0,12,12,7442,7009
reference_NY46__paper_roles,2019-07-04 14:00:00,14.51832365,163.9328847,1,0,0,12,12,6762,7210
reference_NY46__paper_roles,2019-07-04 15:00:00,14.3056420179,133.395173647,1,0,0,12,12,6653,6840
reference_NY46__paper_roles,2019-07-04 16:00:00,12.4375256578,96.2321836057,0,0,0,12,12,5666,6139
reference_NY46__paper_roles,2019-07-04 17:00:00,11.2212007693,33.7838227902,0,0,0,12,12,4814,2833
reference_NY46__paper_roles,2019-07-04 18:00:00,9.90185027298,51.3352260253,0,0,0,12,12,3763,4288
reference_NY46__paper_roles,2019-07-04 19:00:00,12.2164770386,173.120441415,1,0,0,12,12,5539,7293
reference_NY46__paper_roles,2019-07-04 20:00:00,15.4885972549,120.311631356,1,0,0,12,12,7132,6613
reference_NY46__paper_roles,2019-07-04 21:00:00,12.7459557495,103.925556059,1,0,0,12,12,5833,6324
reference_NY46__paper_roles,2019-07-04 22:00:00,9.81486917102,56.0527655388,0,0,0,13,13,3683,4589
reference_NY46__paper_roles,2019-07-04 23:00:00,12.7631874488,45.4530410202,0,0,0,11,11,5843,3852
reference_NY46__paper_roles,2019-07-05 00:00:00,8.51093593281,31.5727481748,0,0,0,12,12,2528,2591
reference_NY46__paper_roles,2019-07-05 01:00:00,8.66418008577,27.8541998752,0,0,0,12,12,2655,2173
reference_NY46__paper_roles,2019-07-05 02:00:00,8.23109916449,13.8962491045,0,0,0,12,12,2289,375
reference_NY46__paper_roles,2019-07-05 03:00:00,8.90808946507,26.0729890479,0,0,0,12,12,2902,1963
reference_NY46__paper_roles,2019-07-05 04:00:00,15.1320466292,28.198884187,0,0,0,12,12,6990,2209
reference_NY46__paper_roles,2019-07-05 05:00:00,20.2802035534,40.8757002242,0,0,0,12,12,8209,3505
reference_NY46__paper_roles,2019-07-05 06:00:00,13.9411958772,21.8829926198,0,0,0,12,12,6496,1389
reference_NY46__paper_roles,2019-07-05 07:00:00,9.52216384847,23.2716586899,0,0,0,12,12,3433,1585
reference_NY46__paper_roles,2019-07-05 08:00:00,12.4176742476,39.1109167881,0,0,0,12,12,5648,3344
reference_NY46__paper_roles,2019-07-05 09:00:00,16.5960487595,91.7323869006,0,0,0,12,12,7514,5992
reference_NY46__paper_roles,2019-07-05 10:00:00,19.8969445063,283.984133601,1,0,0,12,12,8163,7877
reference_NY46__paper_roles,2019-07-05 11:00:00,17.7572377613,1088.54679214,1,0,0,12,12,7792,8514
reference_NY46__paper_roles,2019-07-05 12:00:00,15.1314288662,129898.452982,0,0,0,12,12,6989,8758
reference_NY46__paper_roles,2019-07-05 13:00:00,13.66141581,1488.1744606,0,0,0,12,12,6357,8571
reference_NY46__paper_roles,2019-07-05 14:00:00,12.9829869676,2455.57400357,1,0,0,12,12,5967,8650
reference_NY46__paper_roles,2019-07-05 15:00:00,11.8051831557,223.929356789,1,0,0,12,12,5233,7624
reference_NY46__paper_roles,2019-07-05 16:00:00,10.9642184208,41.3926085423,0,0,0,12,12,4614,3541
reference_NY46__paper_roles,2019-07-05 17:00:00,11.954697912,92.7706614729,0,0,0,12,12,5363,6032
reference_NY46__paper_roles,2019-07-05 18:00:00,9.92556507823,83.777784779,0,0,0,12,12,3783,5757
reference_NY46__paper_roles,2019-07-05 19:00:00,17.4156331809,161.727641259,1,0,0,12,12,7719,7183
reference_NY46__paper_roles,2019-07-05 20:00:00,16.074828783,274.983913194,1,0,0,12,12,7345,7836
reference_NY46__paper_roles,2019-07-05 21:00:00,10.1748366026,180.239367328,1,0,0,12,12,3983,7346
reference_NY46__paper_roles,2019-07-05 22:00:00,9.89918640193,72.8524636352,0,0,0,12,12,3760,5349
reference_NY46__paper_roles,2019-07-05 23:00:00,15.6735523377,69.7101781142,0,0,0,12,12,7205,5234
reference_NY46__paper_roles,2019-07-06 00:00:00,12.1613920415,52.8078194267,0,0,0,11,11,5498,4379
reference_NY46__paper_roles,2019-07-06 01:00:00,10.6781816991,39.326672611,0,0,0,12,12,4390,3365
reference_NY46__paper_roles,2019-07-06 02:00:00,7.03199978145,20.7740758426,0,0,0,12,12,1357,1240
reference_NY46__paper_roles,2019-07-06 03:00:00,5.65172469183,18.4781356623,0,0,0,12,12,601,901
reference_NY46__paper_roles,2019-07-06 04:00:00,8.88646314147,19.9514636531,0,0,0,12,12,2885,1119
reference_NY46__paper_roles,2019-07-06 05:00:00,9.29574576819,15.2188245902,0,0,0,12,12,3223,514
reference_NY46__paper_roles,2019-07-06 06:00:00,13.0704966765,24.9224727091,0,0,0,12,12,6019,1807
reference_NY46__paper_roles,2019-07-06 07:00:00,20.8000665329,36.6166104008,0,0,0,12,12,8279,3106
reference_NY46__paper_roles,2019-07-06 08:00:00,17.9529157989,32.0202331569,0,0,0,12,12,7842,2644
reference_NY46__paper_roles,2019-07-06 09:00:00,17.0953728937,47.6289075863,0,0,0,12,12,7645,4017
reference_NY46__paper_roles,2019-07-06 10:00:00,14.286632686,61.2965374406,0,0,0,12,12,6646,4854
reference_NY46__paper_roles,2019-07-06 11:00:00,11.4443093955,53.127306793,0,0,0,12,12,4982,4406
reference_NY46__paper_roles,2019-07-06 12:00:00,16.454150215,35.2920635937,0,0,0,12,12,7468,2973
reference_NY46__paper_roles,2019-07-06 13:00:00,17.6812141479,42.066566554,0,0,0,12,12,7779,3586
reference_NY46__paper_roles,2019-07-06 14:00:00,15.8832819254,55.6841030374,0,0,0,12,12,7282,4569
reference_NY46__paper_roles,2019-07-06 15:00:00,15.2129170884,51.5464441268,0,0,0,12,12,7014,4305
reference_NY46__paper_roles,2019-07-06 16:00:00,14.2219787083,94.6319122038,0,0,0,12,12,6621,6088
reference_NY46__paper_roles,2019-07-06 17:00:00,14.3994705499,75.6398901129,0,0,0,12,12,6709,5467
reference_NY46__paper_roles,2019-07-06 18:00:00,18.7361924354,121.193994778,1,0,0,12,12,7971,6640
reference_NY46__paper_roles,2019-07-06 19:00:00,22.273685948,196.419056084,1,0,0,18,18,8429,7462
reference_NY46__paper_roles,2019-07-06 20:00:00,18.7802407394,159.650416337,1,0,0,11,11,7978,7162
reference_NY46__paper_roles,2019-07-06 21:00:00,12.8946134188,119.125652085,1,0,0,12,12,5922,6587
reference_NY46__paper_roles,2019-07-06 22:00:00,16.2865003763,112.57412961,1,0,0,12,12,7414,6479
reference_NY46__paper_roles,2019-07-06 23:00:00,12.1157477951,24.3757004528,0,0,0,12,12,5469,1728
reference_NY46__paper_roles,2019-07-07 00:00:00,6.92276829427,71.2919760925,0,0,0,12,12,1280,5297
reference_NY46__paper_roles,2019-07-07 01:00:00,3.8540039201,13.1556707507,0,0,0,12,12,109,310
reference_NY46__paper_roles,2019-07-07 02:00:00,6.6988639289,9.21467728118,0,0,0,12,12,1153,82
reference_NY46__paper_roles,2019-07-07 03:00:00,7.57200035121,15.1131757722,0,0,0,12,12,1771,499
reference_NY46__paper_roles,2019-07-07 04:00:00,9.61409281339,21.1623097738,0,0,0,12,12,3521,1295
reference_NY46__paper_roles,2019-07-07 05:00:00,11.1372134382,37.2667103361,0,0,0,12,12,4741,3163
reference_NY46__paper_roles,2019-07-07 06:00:00,13.8356500045,40.9735164422,0,0,0,12,12,6440,3514
reference_NY46__paper_roles,2019-07-07 07:00:00,9.52105216089,20.4912564935,0,0,0,12,12,3430,1196
reference_NY46__paper_roles,2019-07-07 08:00:00,13.4590952964,25.460449716,0,0,0,12,12,6224,1877
reference_NY46__paper_roles,2019-07-07 09:00:00,10.2858459775,31.5997274128,0,0,0,12,12,4064,2594
reference_NY46__paper_roles,2019-07-07 10:00:00,11.1017670897,23.2303859123,0,0,0,12,12,4713,1579
reference_NY46__paper_roles,2019-07-07 11:00:00,9.74588909713,17.9133549219,0,0,0,12,12,3624,836
reference_NY46__paper_roles,2019-07-07 12:00:00,8.48848721514,14.2067121286,0,0,0,12,12,2510,411
reference_NY46__paper_roles,2019-07-07 13:00:00,8.46740606428,15.114366984,0,0,0,12,12,2494,500
reference_NY46__paper_roles,2019-07-07 14:00:00,7.47769945146,14.9156101227,0,0,0,12,12,1692,481
reference_NY46__paper_roles,2019-07-07 15:00:00,8.41237785537,14.4087864885,0,0,0,12,12,2444,430
reference_NY46__paper_roles,2019-07-07 16:00:00,9.43960451538,18.3694366724,0,0,0,12,12,3340,886
reference_NY46__paper_roles,2019-07-07 17:00:00,9.72644245829,26.6332424574,0,0,0,12,12,3612,2033
reference_NY46__paper_roles,2019-07-07 18:00:00,8.57779959746,26.9021783418,0,0,0,12,12,2591,2060
reference_NY46__paper_roles,2019-07-07 19:00:00,8.654240054,26.2043706402,0,0,0,12,12,2649,1978
reference_NY46__paper_roles,2019-07-07 20:00:00,11.3793914346,31.4424849958,0,0,0,12,12,4937,2581
reference_NY46__paper_roles,2019-07-07 21:00:00,11.2118066637,30.4772769213,0,0,0,12,12,4808,2474
reference_NY46__paper_roles,2019-07-07 22:00:00,7.35375503483,19.6222311243,0,0,0,12,12,1580,1089
reference_NY46__paper_roles,2019-07-07 23:00:00,11.4155970455,28.7148676157,0,0,0,12,12,4959,2280
reference_NY46__paper_roles,2019-07-08 00:00:00,11.1663281658,20.0558746769,0,0,0,12,12,4768,1137
reference_NY46__paper_roles,2019-07-08 01:00:00,9.69739753628,17.2452822103,0,0,0,12,12,3587,753
reference_NY46__paper_roles,2019-07-08 02:00:00,7.10435818936,14.7957498918,0,0,0,12,12,1405,472
reference_NY46__paper_roles,2019-07-08 03:00:00,7.98965774912,15.8008302846,0,0,0,12,12,2085,575
reference_NY46__paper_roles,2019-07-08 04:00:00,13.0517513378,32.6301686064,0,0,0,12,12,6006,2708
reference_NY46__paper_roles,2019-07-08 05:00:00,19.4283088296,31.8290924865,0,0,0,12,12,8084,2617
reference_NY46__paper_roles,2019-07-08 06:00:00,8.77656374271,89.7812997683,0,0,0,12,12,2764,5934
reference_NY46__paper_roles,2019-07-08 07:00:00,4.75373607861,15.8356941883,0,0,0,12,12,290,580
reference_NY46__paper_roles,2019-07-08 08:00:00,5.4363550197,13.1670017494,0,0,0,12,12,526,312
reference_NY46__paper_roles,2019-07-08 09:00:00,4.64375531907,38.9573313163,0,0,0,12,12,259,3331
reference_NY46__paper_roles,2019-07-08 10:00:00,4.48166586872,39.0677553941,0,0,0,12,12,216,3340
reference_NY46__paper_roles,2019-07-08 11:00:00,5.83655908454,38.6693145222,0,0,0,12,12,672,3298
reference_NY46__paper_roles,2019-07-08 12:00:00,9.24516356448,88.1050342098,0,0,0,12,12,3181,5880
reference_NY46__paper_roles,2019-07-08 13:00:00,6.78701477392,90.1120090168,0,0,0,13,12,1210,5949
reference_NY46__paper_roles,2019-07-08 14:00:00,4.94048981847,148.166844219,1,0,0,12,12,348,7028
reference_NY46__paper_roles,2019-07-08 15:00:00,5.8038396306,32.7951479183,0,0,0,12,12,664,2729
reference_NY46__paper_roles,2019-07-08 16:00:00,6.92307610992,76.369747159,0,0,0,14,13,1281,5497
reference_NY46__paper_roles,2019-07-08 17:00:00,6.35829135526,47.4426587265,0,0,0,12,12,933,4005
reference_NY46__paper_roles,2019-07-08 18:00:00,4.19945390084,22.6171140344,0,0,0,12,12,165,1494
reference_NY46__paper_roles,2019-07-08 19:00:00,7.86327613609,69.8235689788,0,0,0,12,12,1986,5237
reference_NY46__paper_roles,2019-07-08 20:00:00,13.925309845,93.5785221443,0,0,0,12,12,6488,6057
reference_NY46__paper_roles,2019-07-08 21:00:00,8.42197670103,34.2647749996,0,0,0,12,12,2450,2882
reference_NY46__paper_roles,2019-07-08 22:00:00,8.9428482805,22.7397323087,0,0,0,12,12,2931,1511
reference_NY46__paper_roles,2019-07-08 23:00:00,13.9145250499,160.321962754,0,0,0,12,12,6482,7165
reference_NY46__paper_roles,2019-07-09 00:00:00,7.50750391341,15.1717007268,0,0,0,12,12,1717,505
reference_NY46__paper_roles,2019-07-09 01:00:00,7.032153062,26.8895012428,0,0,0,12,12,1358,2059
reference_NY46__paper_roles,2019-07-09 02:00:00,7.22444322971,28.52977127,0,0,0,12,12,1489,2256
reference_NY46__paper_roles,2019-07-09 03:00:00,7.12980906879,17.5115093193,0,0,0,12,12,1423,784
reference_NY46__paper_roles,2019-07-09 04:00:00,10.2151235231,24.8860840683,0,0,0,12,12,4018,1801
reference_NY46__paper_roles,2019-07-09 05:00:00,17.6047150396,44.8736862566,0,0,0,12,12,7757,3806
reference_NY46__paper_roles,2019-07-09 06:00:00,15.1510915956,51.9212746118,0,0,0,12,12,6997,4325
reference_NY46__paper_roles,2019-07-09 07:00:00,13.1848668087,100.148016762,0,0,0,12,12,6074,6230
reference_NY46__paper_roles,2019-07-09 08:00:00,8.49186007014,47.5162638973,0,0,0,12,12,2514,4009
reference_NY46__paper_roles,2019-07-09 09:00:00,8.76529032548,25.7972900119,0,0,0,12,12,2755,1920
reference_NY46__paper_roles,2019-07-09 10:00:00,8.20272936091,26.353568708,0,0,0,12,12,2269,2003
reference_NY46__paper_roles,2019-07-09 11:00:00,7.59526382115,17.8914577883,0,0,0,12,12,1789,834
reference_NY46__paper_roles,2019-07-09 12:00:00,11.9730287349,45.8848182776,0,0,0,12,12,5378,3889
reference_NY46__paper_roles,2019-07-09 13:00:00,10.5803879911,43.6940619199,0,0,0,12,12,4317,3712
reference_NY46__paper_roles,2019-07-09 14:00:00,11.6023438107,93.2826112864,0,0,0,12,12,5085,6047
reference_NY46__paper_roles,2019-07-09 15:00:00,9.71041913547,32.3635148718,0,0,0,12,12,3597,2680
reference_NY46__paper_roles,2019-07-09 16:00:00,8.46923730849,46.4912627557,0,0,0,12,12,2496,3933
reference_NY46__paper_roles,2019-07-09 17:00:00,8.15590335966,18.3823485445,0,0,0,12,12,2222,888
reference_NY46__paper_roles,2019-07-09 18:00:00,11.7027970587,62.3643525315,0,0,0,12,12,5159,4912
reference_NY46__paper_roles,2019-07-09 19:00:00,14.0953501445,59.3695186066,0,0,0,12,12,6571,4766
reference_NY46__paper_roles,2019-07-09 20:00:00,14.9987533954,77.7809302027,0,0,0,12,12,6939,5538
reference_NY46__paper_roles,2019-07-09 21:00:00,17.5800118338,80.4031511434,0,0,0,12,12,7753,5634
reference_NY46__paper_roles,2019-07-09 22:00:00,12.3762436379,62.3373783721,0,0,0,12,12,5618,4909
reference_NY46__paper_roles,2019-07-09 23:00:00,15.2856279482,32.3798097254,0,0,0,12,12,7037,2681
reference_NY46__paper_roles,2019-07-10 00:00:00,5.90455726564,29.3599496175,0,0,0,12,12,713,2363
reference_NY46__paper_roles,2019-07-10 01:00:00,5.19190764831,11.921729736,0,0,0,12,12,439,208
reference_NY46__paper_roles,2019-07-10 02:00:00,6.87542470693,15.0332693587,0,0,0,12,12,1248,491
reference_NY46__paper_roles,2019-07-10 03:00:00,7.44169788083,18.4463546474,0,0,0,12,12,1656,896
reference_NY46__paper_roles,2019-07-10 04:00:00,9.00785917301,51.9579706765,0,0,0,12,12,2976,4329
reference_NY46__paper_roles,2019-07-10 05:00:00,15.9888211954,81.3797250811,0,0,0,13,13,7321,5683
reference_NY46__paper_roles,2019-07-10 06:00:00,10.3406474926,43.8552376071,0,0,0,12,12,4110,3721
reference_NY46__paper_roles,2019-07-10 07:00:00,7.13318004838,13.0722761313,0,0,0,12,12,1425,299
reference_NY46__paper_roles,2019-07-10 08:00:00,10.963184908,66.3197066432,0,0,0,12,12,4611,5093
reference_NY46__paper_roles,2019-07-10 09:00:00,9.85824139909,161.147707648,1,0,0,13,13,3727,7176
reference_NY46__paper_roles,2019-07-10 10:00:00,12.3176731998,378.701449203,1,0,0,13,13,5586,8111
reference_NY46__paper_roles,2019-07-10 11:00:00,13.5911062174,209.915324372,0,0,0,12,11,6313,7551
reference_NY46__paper_roles,2019-07-10 12:00:00,10.3169608233,180.395785999,0,0,0,12,12,4089,7349
reference_NY46__paper_roles,2019-07-10 13:00:00,7.64007186281,62.6075433319,0,0,0,15,14,1826,4921
reference_NY46__paper_roles,2019-07-10 14:00:00,8.50663339574,60.6768351421,0,0,0,12,12,2524,4824
reference_NY46__paper_roles,2019-07-10 15:00:00,6.74152898055,15.3771288606,0,0,0,12,12,1179,526
reference_NY46__paper_roles,2019-07-10 16:00:00,8.56430735766,18.2113038535,0,0,0,12,12,2579,866
reference_NY46__paper_roles,2019-07-10 17:00:00,11.8453509249,38.5362358185,0,0,0,11,11,5260,3291
reference_NY46__paper_roles,2019-07-10 18:00:00,10.3377121227,23.815157621,0,0,0,12,12,4106,1656
reference_NY46__paper_roles,2019-07-10 19:00:00,14.9660915753,94.6142353161,0,0,0,13,13,6930,6086
reference_NY46__paper_roles,2019-07-10 20:00:00,17.8471167575,138.225514173,0,0,0,12,12,7817,6902
reference_NY46__paper_roles,2019-07-10 21:00:00,20.3084313656,8651.4458313,0,0,0,12,12,8216,8733
reference_NY46__paper_roles,2019-07-10 22:00:00,19.5891866912,1612.69471922,1,0,0,12,12,8109,8582
reference_NY46__paper_roles,2019-07-10 23:00:00,15.9673758044,326.670458472,0,0,0,12,12,7313,7999
reference_NY46__paper_roles,2019-07-11 00:00:00,18.1417860219,474.032832303,0,0,0,12,12,7885,8220
reference_NY46__paper_roles,2019-07-11 01:00:00,9.45473892819,247.497710436,0,0,0,12,12,3356,7746
reference_NY46__paper_roles,2019-07-11 02:00:00,13.9018673786,339.917589451,0,0,0,12,12,6477,8030
reference_NY46__paper_roles,2019-07-11 03:00:00,16.5918762571,196.254454543,0,0,0,12,12,7512,7460
reference_NY46__paper_roles,2019-07-11 04:00:00,16.6567536064,128.959478186,0,0,0,12,12,7528,6781
reference_NY46__paper_roles,2019-07-11 05:00:00,15.372810133,70.1177562026,0,0,0,12,12,7083,5251
reference_NY46__paper_roles,2019-07-11 06:00:00,17.0575755018,64.3153436558,0,0,0,12,12,7636,4998
reference_NY46__paper_roles,2019-07-11 07:00:00,14.2232563624,217.43278031,1,0,0,12,12,6625,7592
reference_NY46__paper_roles,2019-07-11 08:00:00,14.3791824508,208.948728172,1,0,0,12,12,6698,7544
reference_NY46__paper_roles,2019-07-11 09:00:00,16.6961717719,196.976503689,1,0,0,12,12,7537,7466
reference_NY46__paper_roles,2019-07-11 10:00:00,13.2964330372,367.685268406,1,0,0,12,12,6132,8095
reference_NY46__paper_roles,2019-07-11 11:00:00,8.34101997463,224.201096369,1,0,0,12,12,2385,7625
reference_NY46__paper_roles,2019-07-11 12:00:00,10.4676948494,200.149137298,1,0,0,12,12,4218,7489
reference_NY46__paper_roles,2019-07-11 13:00:00,10.2483278243,204.568608845,1,0,0,12,12,4044,7517
reference_NY46__paper_roles,2019-07-11 14:00:00,8.8659626471,266.11381019,1,0,0,12,12,2855,7809
reference_NY46__paper_roles,2019-07-11 15:00:00,7.54343568643,156.854110169,0,0,0,15,14,1749,7130
reference_NY46__paper_roles,2019-07-11 16:00:00,9.6504367336,54.8536165578,0,0,0,11,11,3546,4513
reference_NY46__paper_roles,2019-07-11 17:00:00,9.62643986249,22.0139435402,0,0,0,12,12,3534,1413
reference_NY46__paper_roles,2019-07-11 18:00:00,9.7825683221,940.72345975,0,0,0,12,12,3648,8480
reference_NY46__paper_roles,2019-07-11 19:00:00,10.537635217,467.381470336,0,0,0,12,11,4283,8213
reference_NY46__paper_roles,2019-07-11 20:00:00,10.9882661151,304.582293468,0,0,0,12,12,4640,7937
reference_NY46__paper_roles,2019-07-11 21:00:00,31.9491502767,304.68376675,1,0,0,12,12,8721,7938
reference_NY46__paper_roles,2019-07-11 22:00:00,34.2920223434,227.895825463,1,0,0,11,11,8736,7648
reference_NY46__paper_roles,2019-07-11 23:00:00,24.1584949006,2215.71260369,1,0,0,12,12,8538,8634
reference_NY46__paper_roles,2019-07-12 00:00:00,19.0592236711,838.909729407,1,0,0,12,12,8028,8448
reference_NY46__paper_roles,2019-07-12 01:00:00,9.38548843516,391.055030582,1,0,0,12,12,3295,8126
reference_NY46__paper_roles,2019-07-12 02:00:00,11.0992298926,246.834602157,1,0,0,12,12,4712,7741
reference_NY46__paper_roles,2019-07-12 03:00:00,13.0442610552,237.080419892,1,0,0,12,12,6000,7698
reference_NY46__paper_roles,2019-07-12 04:00:00,13.1097134603,181.271599821,1,0,0,12,12,6033,7357
reference_NY46__paper_roles,2019-07-12 05:00:00,16.7383968405,186.392424361,1,0,0,12,12,7549,7389
reference_NY46__paper_roles,2019-07-12 06:00:00,16.008430404,744.691717549,1,0,0,12,12,7327,8416
reference_NY46__paper_roles,2019-07-12 07:00:00,12.0830693527,107.331792941,1,0,0,12,12,5452,6385
reference_NY46__paper_roles,2019-07-12 08:00:00,11.4497799616,62.9205991283,0,0,0,12,12,4983,4934
reference_NY46__paper_roles,2019-07-12 09:00:00,11.9751479964,83.6638241296,0,0,0,15,14,5380,5751
reference_NY46__paper_roles,2019-07-12 10:00:00,8.40842388923,64.3995493779,0,0,0,10,10,2440,5004
reference_NY46__paper_roles,2019-07-12 11:00:00,7.34702260677,54.9052679937,0,0,0,12,12,1573,4517
reference_NY46__paper_roles,2019-07-12 12:00:00,8.22731095068,49.2471541658,0,0,0,12,12,2283,4147
reference_NY46__paper_roles,2019-07-12 13:00:00,7.65376760137,34.245841316,0,0,0,12,12,1835,2878
reference_NY46__paper_roles,2019-07-12 14:00:00,7.37684407345,24.0733793249,0,0,0,13,12,1606,1695
reference_NY46__paper_roles,2019-07-12 15:00:00,9.14457193357,52.2812876071,0,0,0,12,12,3082,4352
reference_NY46__paper_roles,2019-07-12 16:00:00,11.0033353739,73.4000235994,0,0,0,12,12,4648,5370
reference_NY46__paper_roles,2019-07-12 17:00:00,9.76601103673,32.7612746511,0,0,0,12,12,3635,2725
reference_NY46__paper_roles,2019-07-12 18:00:00,11.14676163,28.7334463485,0,0,0,12,12,4750,2281
reference_NY46__paper_roles,2019-07-12 19:00:00,9.64660367165,27.0135414484,0,0,0,13,13,3543,2079
reference_NY46__paper_roles,2019-07-12 20:00:00,11.4020801874,31.2645904521,0,0,0,12,12,4950,2565
reference_NY46__paper_roles,2019-07-12 21:00:00,12.6685550908,38.2617464506,0,0,0,12,12,5788,3262
reference_NY46__paper_roles,2019-07-12 22:00:00,9.3999407247,28.1357321352,0,0,0,12,12,3309,2201
reference_NY46__paper_roles,2019-07-12 23:00:00,12.3697434426,33.8804413961,0,0,0,12,12,5615,2845
reference_NY46__paper_roles,2019-07-13 00:00:00,7.95833940208,26.7989272869,0,0,0,12,12,2058,2049
reference_NY46__paper_roles,2019-07-13 01:00:00,5.79916576396,35.585844252,0,0,0,12,12,662,3003
reference_NY46__paper_roles,2019-07-13 02:00:00,7.38978480119,39.8194809174,0,0,0,12,12,1619,3413
reference_NY46__paper_roles,2019-07-13 03:00:00,8.06948878582,27.0847922529,0,0,0,12,12,2149,2086
reference_NY46__paper_roles,2019-07-13 04:00:00,8.34949187598,28.1343019296,0,0,0,12,12,2389,2200
reference_NY46__paper_roles,2019-07-13 05:00:00,10.7336138799,34.5657278204,0,0,0,12,12,4427,2910
reference_NY46__paper_roles,2019-07-13 06:00:00,16.4278652909,46.4311004787,0,0,0,12,12,7458,3924
reference_NY46__paper_roles,2019-07-13 07:00:00,12.4546737404,19.6195002112,0,0,0,12,12,5681,1086
reference_NY46__paper_roles,2019-07-13 08:00:00,13.4945609039,27.6987085908,0,0,0,12,12,6252,2156
reference_NY46__paper_roles,2019-07-13 09:00:00,10.8272735457,29.8558829569,0,0,0,12,12,4505,2412
reference_NY46__paper_roles,2019-07-13 10:00:00,7.22773431721,11.2015642698,0,0,0,12,12,1492,178
reference_NY46__paper_roles,2019-07-13 11:00:00,6.33013877734,12.318878676,0,0,0,12,12,918,231
reference_NY46__paper_roles,2019-07-13 12:00:00,6.04321080729,9.98125136574,0,0,0,12,12,772,115
reference_NY46__paper_roles,2019-07-13 13:00:00,6.6799352063,9.64711180372,0,0,0,12,12,1142,100
reference_NY46__paper_roles,2019-07-13 14:00:00,7.52761860644,25.4191145726,0,0,0,12,12,1736,1869
reference_NY46__paper_roles,2019-07-13 15:00:00,7.64374411638,17.0486084557,0,0,0,12,12,1830,730
reference_NY46__paper_roles,2019-07-13 16:00:00,8.01296783356,16.0461767909,0,0,0,12,12,2107,610
reference_NY46__paper_roles,2019-07-13 17:00:00,9.57023968825,21.9594245141,0,0,0,12,12,3474,1404
reference_NY46__paper_roles,2019-07-13 18:00:00,13.8639268941,40.4453539983,0,0,0,12,12,6458,3463
reference_NY46__paper_roles,2019-07-13 19:00:00,10.0347095063,33.1539419024,0,0,0,10,10,3870,2761
reference_NY46__paper_roles,2019-07-13 20:00:00,12.7577002247,54.3989934611,0,0,0,14,14,5840,4485
reference_NY46__paper_roles,2019-07-13 21:00:00,17.1107419296,71.523014421,0,0,0,9,9,7647,5309
reference_NY46__paper_roles,2019-07-13 22:00:00,12.8286897445,50.6754501797,0,0,0,12,12,5880,4235
reference_NY46__paper_roles,2019-07-13 23:00:00,12.9337233555,50.8703581346,0,0,0,12,12,5939,4252
reference_NY46__paper_roles,2019-07-14 00:00:00,10.8104435483,20.2029297153,0,0,0,12,12,4493,1158
reference_NY46__paper_roles,2019-07-14 01:00:00,6.63024743292,16.2378155561,0,0,0,13,13,1109,631
reference_NY46__paper_roles,2019-07-14 02:00:00,8.6192605678,19.0838637402,0,0,0,12,12,2624,998
reference_NY46__paper_roles,2019-07-14 03:00:00,10.5359334659,38.4166441701,0,0,0,12,12,4280,3279
reference_NY46__paper_roles,2019-07-14 04:00:00,11.4594457296,34.8839120024,0,0,0,12,12,4993,2940
reference_NY46__paper_roles,2019-07-14 05:00:00,11.0138760489,33.9626948203,0,0,0,12,12,4658,2851
reference_NY46__paper_roles,2019-07-14 06:00:00,14.2229325453,42.5065633259,0,0,0,12,12,6624,3619
reference_NY46__paper_roles,2019-07-14 07:00:00,14.8444378382,45.195368101,0,0,0,12,12,6888,3825
reference_NY46__paper_roles,2019-07-14 08:00:00,12.04551341,37.9265451757,0,0,0,12,12,5427,3231
reference_NY46__paper_roles,2019-07-14 09:00:00,9.49307816851,18.3101641743,0,0,0,12,12,3398,876
reference_NY46__paper_roles,2019-07-14 10:00:00,8.09856409517,14.0490265234,0,0,0,12,12,2184,391
reference_NY46__paper_roles,2019-07-14 11:00:00,6.42417474731,24.9270874352,0,0,0,12,12,985,1808
reference_NY46__paper_roles,2019-07-14 12:00:00,7.60470765442,14.3198831348,0,0,0,12,12,1794,423
reference_NY46__paper_roles,2019-07-14 13:00:00,9.9081437046,21.9932356393,0,0,0,12,12,3768,1410
reference_NY46__paper_roles,2019-07-14 14:00:00,6.3850189069,14.6188832828,0,0,0,12,12,955,453
reference_NY46__paper_roles,2019-07-14 15:00:00,5.016376832,11.9577332174,0,0,0,13,12,365,210
reference_NY46__paper_roles,2019-07-14 16:00:00,5.55925590102,12.9513214386,0,0,0,12,12,569,291
reference_NY46__paper_roles,2019-07-14 17:00:00,7.7425113722,15.6734807232,0,0,0,12,12,1906,559
reference_NY46__paper_roles,2019-07-14 18:00:00,8.88585750233,17.4793896755,0,0,0,12,12,2881,777
reference_NY46__paper_roles,2019-07-14 19:00:00,11.8583601791,37.9993914562,0,0,0,12,12,5275,3238
reference_NY46__paper_roles,2019-07-14 20:00:00,11.9477631293,44.7601276896,0,0,0,12,12,5359,3799
reference_NY46__paper_roles,2019-07-14 21:00:00,10.5021509747,29.152365696,0,0,0,12,12,4244,2329
reference_NY46__paper_roles,2019-07-14 22:00:00,12.3049109617,33.8573313412,0,0,0,12,12,5578,2841
reference_NY46__paper_roles,2019-07-14 23:00:00,12.5521478606,39.047695711,0,0,0,12,12,5729,3339
reference_NY46__paper_roles,2019-07-15 00:00:00,2.83676633689,10.1000273966,0,0,0,12,12,21,122
reference_NY46__paper_roles,2019-07-15 01:00:00,4.48032549727,18.4402742698,0,0,0,12,12,215,894
reference_NY46__paper_roles,2019-07-15 02:00:00,8.00017392039,36.8609436843,0,0,0,12,12,2096,3131
reference_NY46__paper_roles,2019-07-15 03:00:00,10.7260003089,45.1839025916,0,0,0,12,12,4421,3824
reference_NY46__paper_roles,2019-07-15 04:00:00,15.9620655831,57.056744202,0,0,0,12,12,7308,4645
reference_NY46__paper_roles,2019-07-15 05:00:00,22.295889571,55.5333290274,0,0,0,12,12,8432,4559
reference_NY46__paper_roles,2019-07-15 06:00:00,17.9117650326,43.2518564127,0,0,0,13,13,7835,3681
reference_NY46__paper_roles,2019-07-15 07:00:00,12.3854775414,19.8488664297,0,0,0,12,12,5623,1110
reference_NY46__paper_roles,2019-07-15 08:00:00,10.5924794521,17.7497767887,0,0,0,12,12,4325,816
reference_NY46__paper_roles,2019-07-15 09:00:00,11.3953596478,44.5679245376,0,0,0,12,12,4945,3781
reference_NY46__paper_roles,2019-07-15 10:00:00,15.7971108618,150.15175081,1,0,0,14,13,7253,7051
reference_NY46__paper_roles,2019-07-15 11:00:00,15.1410005392,340.744294777,1,0,0,12,12,6993,8034
reference_NY46__paper_roles,2019-07-15 12:00:00,13.6572722593,296.316570269,1,0,0,12,12,6353,7917
reference_NY46__paper_roles,2019-07-15 13:00:00,13.2460245629,478.181324338,1,0,0,12,12,6104,8224
reference_NY46__paper_roles,2019-07-15 14:00:00,10.3587037083,37.1977599996,0,0,0,12,12,4121,3157
reference_NY46__paper_roles,2019-07-15 15:00:00,9.55510891946,152.574081171,0,0,0,12,12,3460,7080
reference_NY46__paper_roles,2019-07-15 16:00:00,9.44504725384,393.120464538,0,0,0,12,12,3345,8129
reference_NY46__paper_roles,2019-07-15 17:00:00,10.6067086565,185.010364638,1,0,0,12,12,4334,7379
reference_NY46__paper_roles,2019-07-15 18:00:00,13.3745834899,230.890587455,1,0,0,12,12,6176,7661
reference_NY46__paper_roles,2019-07-15 19:00:00,15.9640031826,119.286955416,1,0,0,12,12,7310,6592
reference_NY46__paper_roles,2019-07-15 20:00:00,10.9997054184,83.5936651306,0,0,0,12,12,4645,5747
reference_NY46__paper_roles,2019-07-15 21:00:00,13.5683216935,68.9072827004,0,0,0,12,12,6299,5205
reference_NY46__paper_roles,2019-07-15 22:00:00,12.0329109575,31.5999170984,0,0,0,12,12,5416,2595
reference_NY46__paper_roles,2019-07-15 23:00:00,13.9694289421,32.9513855099,0,0,0,12,12,6511,2741
reference_NY46__paper_roles,2019-07-16 00:00:00,3.65848097994,8.36381429533,0,0,0,12,12,86,56
reference_NY46__paper_roles,2019-07-16 01:00:00,3.59674503373,6.94561156565,0,0,0,12,12,75,19
reference_NY46__paper_roles,2019-07-16 02:00:00,7.37564097402,19.9018427535,0,0,0,12,12,1605,1118
reference_NY46__paper_roles,2019-07-16 03:00:00,8.26775249031,33.476726064,0,0,0,12,12,2315,2798
reference_NY46__paper_roles,2019-07-16 04:00:00,11.3068515551,45.3903998381,0,0,0,12,12,4874,3845
reference_NY46__paper_roles,2019-07-16 05:00:00,13.7762743554,46.4205715316,0,0,0,12,12,6413,3921
reference_NY46__paper_roles,2019-07-16 06:00:00,10.7115356601,23.6579656963,0,0,0,12,12,4413,1635
reference_NY46__paper_roles,2019-07-16 07:00:00,4.832457053,16.0448161361,0,0,0,12,12,317,609
reference_NY46__paper_roles,2019-07-16 08:00:00,16.7516787801,72.7094928522,0,0,0,12,12,7555,5343
reference_NY46__paper_roles,2019-07-16 09:00:00,13.0800910816,227.694161072,1,0,0,13,12,6025,7643
reference_NY46__paper_roles,2019-07-16 10:00:00,18.982597948,488.012825584,1,0,0,12,12,8013,8236
reference_NY46__paper_roles,2019-07-16 11:00:00,13.0172754735,90.6714512084,0,0,0,12,12,5989,5958
reference_NY46__paper_roles,2019-07-16 12:00:00,10.2142844483,70.2531175196,0,0,0,12,12,4016,5255
reference_NY46__paper_roles,2019-07-16 13:00:00,9.28023314763,92.9574191825,0,0,0,13,13,3209,6039
reference_NY46__paper_roles,2019-07-16 14:00:00,10.1263029415,332.756670413,0,0,0,13,13,3943,8014
reference_NY46__paper_roles,2019-07-16 15:00:00,7.42418816075,1204.10336957,0,0,0,11,11,1643,8536
reference_NY46__paper_roles,2019-07-16 16:00:00,6.13651798146,186.108038993,0,0,0,12,12,812,7385
reference_NY46__paper_roles,2019-07-16 17:00:00,10.9038746729,208.82682472,0,0,0,10,10,4564,7543
reference_NY46__paper_roles,2019-07-16 18:00:00,7.17509812776,31.877068126,0,0,0,12,12,1452,2628
reference_NY46__paper_roles,2019-07-16 19:00:00,7.42945624986,65.8714020267,0,0,0,12,12,1645,5074
reference_NY46__paper_roles,2019-07-16 20:00:00,9.78418556132,69.8096377057,0,0,0,12,12,3650,5236
reference_NY46__paper_roles,2019-07-16 21:00:00,11.9266299041,59.1052546899,0,0,0,12,12,5337,4746
reference_NY46__paper_roles,2019-07-16 22:00:00,13.9422394916,37.7136999173,0,0,0,12,12,6498,3209
reference_NY46__paper_roles,2019-07-16 23:00:00,10.6481387082,23.4365016329,0,0,0,12,12,4368,1607
reference_NY46__paper_roles,2019-07-17 00:00:00,11.007551048,33.7180991825,0,0,0,12,12,4651,2823
reference_NY46__paper_roles,2019-07-17 01:00:00,5.54785255749,15.8896824761,0,0,0,12,12,559,587
reference_NY46__paper_roles,2019-07-17 02:00:00,3.5912629017,12.6624920519,0,0,0,12,12,74,262
reference_NY46__paper_roles,2019-07-17 03:00:00,7.06211259524,20.0042563498,0,0,0,12,12,1379,1127
reference_NY46__paper_roles,2019-07-17 04:00:00,12.4148759924,37.4404478483,0,0,0,12,12,5646,3175
reference_NY46__paper_roles,2019-07-17 05:00:00,9.86315959123,27.0000321118,0,0,0,12,12,3730,2076
reference_NY46__paper_roles,2019-07-17 06:00:00,9.55199298199,23.5650290442,0,0,0,12,12,3456,1622
reference_NY46__paper_roles,2019-07-17 07:00:00,11.5430409469,50.6964079298,0,0,0,12,12,5040,4236
reference_NY46__paper_roles,2019-07-17 08:00:00,12.209890115,33.7622138408,0,0,0,12,12,5533,2831
reference_NY46__paper_roles,2019-07-17 09:00:00,18.4664070323,83.5911136192,0,0,0,12,12,7931,5746
reference_NY46__paper_roles,2019-07-17 10:00:00,17.8939246284,154.463206652,1,0,0,12,12,7825,7108
reference_NY46__paper_roles,2019-07-17 11:00:00,12.2285708768,93.8709913781,0,0,0,12,12,5546,6064
reference_NY46__paper_roles,2019-07-17 12:00:00,8.51126431817,81.0641144632,0,0,0,12,12,2529,5667
reference_NY46__paper_roles,2019-07-17 13:00:00,8.64020835625,46.0362808798,0,0,0,12,12,2638,3897
reference_NY46__paper_roles,2019-07-17 14:00:00,7.92707057119,57.1359292929,0,0,0,12,12,2029,4650
reference_NY46__paper_roles,2019-07-17 15:00:00,14.028826887,117.473067153,1,0,0,12,12,6536,6554
reference_NY46__paper_roles,2019-07-17 16:00:00,20.7170318585,2957.40378579,1,0,0,12,12,8273,8666
reference_NY46__paper_roles,2019-07-17 17:00:00,17.6830857313,3440.76595026,0,0,0,12,12,7780,8681
reference_NY46__paper_roles,2019-07-17 18:00:00,24.4872564226,1381.67178671,0,0,0,12,12,8561,8557
reference_NY46__paper_roles,2019-07-17 19:00:00,22.0484372449,2118.92913392,0,0,0,12,12,8412,8626
reference_NY46__paper_roles,2019-07-17 20:00:00,34.6232717754,1746.73862202,1,0,0,12,12,8740,8593
reference_NY46__paper_roles,2019-07-17 21:00:00,27.4699412768,3571.02459946,1,0,0,12,12,8662,8684
reference_NY46__paper_roles,2019-07-17 22:00:00,15.6043552904,220.359134481,1,0,0,12,12,7166,7603
reference_NY46__paper_roles,2019-07-17 23:00:00,6.92480557901,28.2437304462,0,0,0,12,12,1282,2215
reference_NY46__paper_roles,2019-07-18 00:00:00,4.66270192138,268.662977629,0,0,0,12,12,262,7820
reference_NY46__paper_roles,2019-07-18 01:00:00,4.50093884907,1998.21259066,1,0,0,12,12,221,8615
reference_NY46__paper_roles,2019-07-18 02:00:00,4.19397010822,184.893724832,0,0,0,14,13,163,7377
reference_NY46__paper_roles,2019-07-18 03:00:00,7.67596248522,117.407110133,0,0,0,12,12,1854,6552
reference_NY46__paper_roles,2019-07-18 04:00:00,15.0507545626,196.278234468,0,0,0,12,12,6958,7461
reference_NY46__paper_roles,2019-07-18 05:00:00,19.9773410109,244.419154161,0,0,0,12,12,8175,7730
reference_NY46__paper_roles,2019-07-18 06:00:00,9.95380266275,492.531941326,0,0,0,12,12,3804,8245
reference_NY46__paper_roles,2019-07-18 07:00:00,4.08481669369,28.2900347256,0,0,0,13,12,145,2222
reference_NY46__paper_roles,2019-07-18 08:00:00,9.05785874331,53.2158347306,0,0,0,12,12,3010,4416
reference_NY46__paper_roles,2019-07-18 09:00:00,11.2754666828,50.9592759261,0,0,0,12,12,4850,4258
reference_NY46__paper_roles,2019-07-18 10:00:00,6.91873412834,689.525269163,1,0,0,12,12,1278,8394
reference_NY46__paper_roles,2019-07-18 11:00:00,10.9104213509,139.449249013,0,0,0,12,12,4571,6921
reference_NY46__paper_roles,2019-07-18 12:00:00,13.5210152498,162.209043445,0,0,0,13,13,6270,7185
reference_NY46__paper_roles,2019-07-18 13:00:00,10.9273175692,22.0739151117,0,0,0,12,12,4585,1426
reference_NY46__paper_roles,2019-07-18 14:00:00,7.48097027191,72.4066572471,0,0,0,12,11,1697,5337
reference_NY46__paper_roles,2019-07-18 15:00:00,10.4369158056,18.4158338869,0,0,0,12,12,4192,893
reference_NY46__paper_roles,2019-07-18 16:00:00,6.50152543289,30.8313469685,0,0,0,14,14,1037,2520
reference_NY46__paper_roles,2019-07-18 17:00:00,8.79435207572,49.891049569,0,0,0,11,10,2779,4193
reference_NY46__paper_roles,2019-07-18 18:00:00,9.31340987628,29.1926439035,0,0,0,12,12,3240,2337
reference_NY46__paper_roles,2019-07-18 19:00:00,10.3152257851,30.4269209858,0,0,0,10,10,4088,2468
reference_NY46__paper_roles,2019-07-18 20:00:00,8.61063045655,20.0203590576,0,0,0,12,12,2614,1128
reference_NY46__paper_roles,2019-07-18 21:00:00,11.7147875176,20.8983054619,0,0,0,12,12,5165,1259
reference_NY46__paper_roles,2019-07-18 22:00:00,10.4529873231,24.9786087302,0,0,0,12,12,4208,1811
reference_NY46__paper_roles,2019-07-18 23:00:00,12.8538117276,99.6477752962,0,0,0,12,12,5894,6214
reference_NY46__paper_roles,2019-07-19 00:00:00,10.5148010661,82.7052212625,0,0,0,12,12,4259,5712
reference_NY46__paper_roles,2019-07-19 01:00:00,7.34817706806,115.216726459,1,0,0,12,12,1575,6526
reference_NY46__paper_roles,2019-07-19 02:00:00,8.61593449238,181.109998089,1,0,0,12,12,2620,7355
reference_NY46__paper_roles,2019-07-19 03:00:00,8.17387503834,576.110971395,1,0,0,12,12,2243,8321
reference_NY46__paper_roles,2019-07-19 04:00:00,16.7539014506,522.009015582,1,0,0,12,12,7557,8274
reference_NY46__paper_roles,2019-07-19 05:00:00,20.7443943037,255.535533459,1,0,0,12,12,8276,7777
reference_NY46__paper_roles,2019-07-19 06:00:00,20.1902179359,128.420143806,1,0,0,12,12,8198,6773
reference_NY46__paper_roles,2019-07-19 07:00:00,9.98614845867,77.896901862,0,0,0,12,12,3828,5547
reference_NY46__paper_roles,2019-07-19 08:00:00,14.7239059426,39.6973965464,0,0,0,12,12,6838,3398
reference_NY46__paper_roles,2019-07-19 09:00:00,10.9941424352,48.722881352,0,0,0,12,12,4641,4103
reference_NY46__paper_roles,2019-07-19 10:00:00,11.6189842884,27.640968998,0,0,0,12,12,5097,2151
reference_NY46__paper_roles,2019-07-19 11:00:00,12.081633421,26.0601226174,0,0,0,12,12,5451,1960
reference_NY46__paper_roles,2019-07-19 12:00:00,8.24226848461,32.3963878369,0,0,0,12,12,2296,2686
reference_NY46__paper_roles,2019-07-19 13:00:00,8.35713500518,53.1393685944,0,0,0,12,12,2397,4409
reference_NY46__paper_roles,2019-07-19 14:00:00,13.7594253182,120.766315581,1,0,0,12,12,6404,6631
reference_NY46__paper_roles,2019-07-19 15:00:00,13.420080095,206.810725735,1,0,0,12,12,6206,7532
reference_NY46__paper_roles,2019-07-19 16:00:00,13.5769967691,203.372137385,0,0,0,14,14,6305,7509
reference_NY46__paper_roles,2019-07-19 17:00:00,11.9317560869,88.5865334833,0,0,0,11,11,5345,5897
reference_NY46__paper_roles,2019-07-19 18:00:00,12.2153024528,99.2099401067,0,0,0,12,12,5538,6203
reference_NY46__paper_roles,2019-07-19 19:00:00,7.86234134183,32.2665149385,0,0,0,12,12,1985,2675
reference_NY46__paper_roles,2019-07-19 20:00:00,8.16557684022,30.0803102724,0,0,0,12,12,2232,2436
reference_NY46__paper_roles,2019-07-19 21:00:00,7.7810274982,20.6055331838,0,0,0,12,12,1923,1213
reference_NY46__paper_roles,2019-07-19 22:00:00,11.3746193676,32.2301751213,0,0,0,12,12,4934,2670
reference_NY46__paper_roles,2019-07-19 23:00:00,6.90514390507,37.6263823474,0,0,0,12,12,1267,3193
reference_NY46__paper_roles,2019-07-20 00:00:00,6.36768430285,43.3207149803,0,0,0,12,12,944,3691
reference_NY46__paper_roles,2019-07-20 01:00:00,5.34010882606,54.5208792032,0,0,0,12,12,489,4493
reference_NY46__paper_roles,2019-07-20 02:00:00,4.71385016737,10.6205442518,0,0,0,12,12,280,141
reference_NY46__paper_roles,2019-07-20 03:00:00,6.46240826113,17.6177664924,0,0,0,12,12,1013,800
reference_NY46__paper_roles,2019-07-20 04:00:00,8.72125312565,22.4553394902,0,0,0,12,12,2701,1479
reference_NY46__paper_roles,2019-07-20 05:00:00,12.1937242626,34.6960214813,0,0,0,12,12,5525,2925
reference_NY46__paper_roles,2019-07-20 06:00:00,12.4462937557,32.6088959702,0,0,0,12,12,5672,2704
reference_NY46__paper_roles,2019-07-20 07:00:00,10.3830813796,17.4654245296,0,0,0,12,12,4145,773
reference_NY46__paper_roles,2019-07-20 08:00:00,13.1834999052,24.5241183491,0,0,0,12,12,6073,1755
reference_NY46__paper_roles,2019-07-20 09:00:00,14.4602602626,30.7130615803,0,0,0,12,12,6739,2501
reference_NY46__paper_roles,2019-07-20 10:00:00,10.3763452005,27.2602567973,0,0,0,12,12,4138,2105
reference_NY46__paper_roles,2019-07-20 11:00:00,8.18639109636,40.7890605494,0,0,0,12,12,2251,3499
reference_NY46__paper_roles,2019-07-20 12:00:00,8.11296087484,53.5302967111,0,0,0,12,12,2197,4438
reference_NY46__paper_roles,2019-07-20 13:00:00,8.37658683737,25.735531481,0,0,0,12,12,2412,1914
reference_NY46__paper_roles,2019-07-20 14:00:00,8.07268136359,25.0214272431,0,0,0,12,12,2154,1815
reference_NY46__paper_roles,2019-07-20 15:00:00,7.90768253354,32.0583028804,0,0,0,12,12,2015,2646
reference_NY46__paper_roles,2019-07-20 16:00:00,12.3374280121,113.749777289,0,0,0,13,12,5595,6499
reference_NY46__paper_roles,2019-07-20 17:00:00,15.2485123939,149.310645942,0,0,0,12,12,7022,7039
reference_NY46__paper_roles,2019-07-20 18:00:00,12.5147166038,88.2331660424,0,0,0,12,12,5712,5884
reference_NY46__paper_roles,2019-07-20 19:00:00,10.0102692108,55.3975021187,0,0,0,12,12,3848,4546
reference_NY46__paper_roles,2019-07-20 20:00:00,11.1104590379,52.9745348855,0,0,0,12,12,4719,4393
reference_NY46__paper_roles,2019-07-20 21:00:00,20.9411269036,99.861308513,0,0,0,12,12,8290,6223
reference_NY46__paper_roles,2019-07-20 22:00:00,15.7859396379,76.9526678934,0,0,0,12,12,7248,5511
reference_NY46__paper_roles,2019-07-20 23:00:00,7.2476199737,27.4366034963,0,0,0,12,12,1496,2127
reference_NY46__paper_roles,2019-07-21 00:00:00,8.09711856772,20.6432777374,0,0,0,12,12,2183,1221
reference_NY46__paper_roles,2019-07-21 01:00:00,4.69650008846,12.383059191,0,0,0,12,12,277,238
reference_NY46__paper_roles,2019-07-21 02:00:00,4.66265646879,15.1045238356,0,0,0,12,12,261,498
reference_NY46__paper_roles,2019-07-21 03:00:00,7.5723954569,33.5314369748,0,0,0,12,12,1772,2805
reference_NY46__paper_roles,2019-07-21 04:00:00,8.53103597371,34.9869507407,0,0,0,12,12,2545,2949
reference_NY46__paper_roles,2019-07-21 05:00:00,10.4071904227,25.8627891488,0,0,0,12,12,4173,1932
reference_NY46__paper_roles,2019-07-21 06:00:00,13.7306637994,28.5304959472,0,0,0,12,12,6392,2257
reference_NY46__paper_roles,2019-07-21 07:00:00,11.6539126294,24.7681776698,0,0,0,12,12,5125,1788
reference_NY46__paper_roles,2019-07-21 08:00:00,12.154382868,23.6205888087,0,0,0,12,12,5493,1629
reference_NY46__paper_roles,2019-07-21 09:00:00,12.8521494146,27.7353450916,0,0,0,12,12,5893,2158
reference_NY46__paper_roles,2019-07-21 10:00:00,12.4351684402,23.8847193859,0,0,0,12,12,5663,1670
reference_NY46__paper_roles,2019-07-21 11:00:00,7.48320458406,10.2682407871,0,0,0,12,12,1699,130
reference_NY46__paper_roles,2019-07-21 12:00:00,11.5540567792,14.3990071113,0,0,0,12,12,5051,428
reference_NY46__paper_roles,2019-07-21 13:00:00,9.23200794011,37.7047845627,0,0,0,12,12,3165,3206
reference_NY46__paper_roles,2019-07-21 14:00:00,8.87418860425,15.0768432146,0,0,0,12,12,2863,495
reference_NY46__paper_roles,2019-07-21 15:00:00,9.4883867028,16.3685390914,0,0,0,12,12,3390,642
reference_NY46__paper_roles,2019-07-21 16:00:00,9.4665178423,14.0498959572,0,0,0,12,12,3368,392
reference_NY46__paper_roles,2019-07-21 17:00:00,11.3381862505,30.2380590569,0,0,0,12,12,4902,2449
reference_NY46__paper_roles,2019-07-21 18:00:00,14.9250693239,51.2532897606,0,0,0,13,11,6919,4281
reference_NY46__paper_roles,2019-07-21 19:00:00,20.4419109137,58.806335928,0,0,0,12,12,8234,4728
reference_NY46__paper_roles,2019-07-21 20:00:00,15.8468801789,63.1361817479,0,0,0,12,12,7271,4948
reference_NY46__paper_roles,2019-07-21 21:00:00,15.8242181068,72.9187692796,0,0,0,12,12,7262,5352
reference_NY46__paper_roles,2019-07-21 22:00:00,16.957291075,45.8805742486,0,0,0,12,12,7602,3888
reference_NY46__paper_roles,2019-07-21 23:00:00,11.313329281,33.8006925734,0,0,0,12,12,4882,2834
reference_NY46__paper_roles,2019-07-22 00:00:00,7.79985923727,19.4096734289,0,0,0,12,12,1940,1049
reference_NY46__paper_roles,2019-07-22 01:00:00,4.06058817789,7.63488233492,0,0,0,12,12,139,36
reference_NY46__paper_roles,2019-07-22 02:00:00,5.79766728568,9.12205410755,0,0,0,12,12,661,80
reference_NY46__paper_roles,2019-07-22 03:00:00,5.27116936944,15.8775093337,0,0,0,12,12,459,585
reference_NY46__paper_roles,2019-07-22 04:00:00,8.4710203487,22.1870177368,0,0,0,12,12,2497,1438
reference_NY46__paper_roles,2019-07-22 05:00:00,13.5054813886,28.9624406151,0,0,0,12,12,6257,2307
reference_NY46__paper_roles,2019-07-22 06:00:00,12.9896147927,25.7378341534,0,0,0,12,12,5971,1915
reference_NY46__paper_roles,2019-07-22 07:00:00,6.88117718335,15.3906764755,0,0,0,12,12,1251,527
reference_NY46__paper_roles,2019-07-22 08:00:00,10.0698156113,30.822315,0,0,0,12,12,3900,2517
reference_NY46__paper_roles,2019-07-22 09:00:00,6.65426071774,28.7054006307,0,0,0,12,12,1123,2279
reference_NY46__paper_roles,2019-07-22 10:00:00,8.13190026182,26.3302550869,0,0,0,12,12,2207,1997
reference_NY46__paper_roles,2019-07-22 11:00:00,7.82723929115,22.9062400672,0,0,0,12,12,1959,1536
reference_NY46__paper_roles,2019-07-22 12:00:00,8.31591195894,12.7191399506,0,0,0,12,12,2357,269
reference_NY46__paper_roles,2019-07-22 13:00:00,9.46307966017,35.7394544076,0,0,0,12,12,3366,3015
reference_NY46__paper_roles,2019-07-22 14:00:00,15.6099160817,54.2709259502,0,0,0,12,12,7170,4476
reference_NY46__paper_roles,2019-07-22 15:00:00,21.6593264367,122.872588061,1,0,0,12,12,8370,6674
reference_NY46__paper_roles,2019-07-22 16:00:00,26.9736028299,237.120651487,1,0,0,13,13,8645,7699
reference_NY46__paper_roles,2019-07-22 17:00:00,24.4112936738,551.341865002,0,0,0,11,11,8557,8295
reference_NY46__paper_roles,2019-07-22 18:00:00,23.4137291261,145.338998407,1,0,0,12,12,8507,6991
reference_NY46__paper_roles,2019-07-22 19:00:00,13.8807537379,24.6563314166,0,0,0,12,12,6465,1768
reference_NY46__paper_roles,2019-07-22 20:00:00,15.5234277536,26.4113133895,0,0,0,12,12,7139,2008
reference_NY46__paper_roles,2019-07-22 21:00:00,13.1987994987,30.5169667872,0,0,0,12,12,6083,2481
reference_NY46__paper_roles,2019-07-22 22:00:00,8.63473186288,22.5939161251,0,0,0,12,12,2634,1490
reference_NY46__paper_roles,2019-07-22 23:00:00,8.84075411306,25.7300174327,0,0,0,12,12,2824,1913
reference_NY46__paper_roles,2019-07-23 00:00:00,10.2327679693,33.5455968989,0,0,0,12,12,4029,2807
reference_NY46__paper_roles,2019-07-23 01:00:00,5.61106878831,16.5294958803,0,0,0,13,12,586,664
reference_NY46__paper_roles,2019-07-23 02:00:00,6.14929317947,17.4579109756,0,0,0,12,12,818,772
reference_NY46__paper_roles,2019-07-23 03:00:00,8.09361240243,36.3965282222,0,0,0,12,12,2175,3081
reference_NY46__paper_roles,2019-07-23 04:00:00,12.3923131142,40.5924909755,0,0,0,12,12,5628,3477
reference_NY46__paper_roles,2019-07-23 05:00:00,14.9779870423,19.4529283716,0,0,0,12,12,6935,1059
reference_NY46__paper_roles,2019-07-23 06:00:00,11.3411667043,43.8141474302,0,0,0,12,12,4906,3717
reference_NY46__paper_roles,2019-07-23 07:00:00,9.66024275333,154.11190531,0,0,0,12,12,3557,7100
reference_NY46__paper_roles,2019-07-23 08:00:00,9.52259720605,108.78949225,0,0,0,12,12,3434,6409
reference_NY46__paper_roles,2019-07-23 09:00:00,10.1842607277,123.166439128,0,0,0,12,12,3995,6681
reference_NY46__paper_roles,2019-07-23 10:00:00,9.62787961923,89.7229381113,0,0,0,12,12,3535,5933
reference_NY46__paper_roles,2019-07-23 11:00:00,9.28143903771,77.3159939144,0,0,0,13,13,3211,5527
reference_NY46__paper_roles,2019-07-23 12:00:00,10.7285227967,99.4351022123,0,0,0,12,12,4423,6210
reference_NY46__paper_roles,2019-07-23 13:00:00,10.9186096028,4289.46497825,0,0,0,12,12,4581,8699
reference_NY46__paper_roles,2019-07-23 14:00:00,9.54343386248,36.5379706417,0,0,0,12,12,3449,3098
reference_NY46__paper_roles,2019-07-23 15:00:00,11.0928658364,25.9208911706,0,0,0,12,12,4706,1943
reference_NY46__paper_roles,2019-07-23 16:00:00,10.1369470358,23.2742803615,0,0,0,12,12,3952,1586
reference_NY46__paper_roles,2019-07-23 17:00:00,9.61237630664,81.2361065779,0,0,0,13,12,3518,5673
reference_NY46__paper_roles,2019-07-23 18:00:00,9.65995952272,95.8872523351,0,0,0,14,14,3556,6127
reference_NY46__paper_roles,2019-07-23 19:00:00,11.9635197231,330.162445368,1,0,0,11,11,5368,8005
reference_NY46__paper_roles,2019-07-23 20:00:00,11.5580993704,448.121416507,1,0,0,12,12,5055,8190
reference_NY46__paper_roles,2019-07-23 21:00:00,13.6278318029,681.227679154,1,0,0,12,12,6331,8387
reference_NY46__paper_roles,2019-07-23 22:00:00,6.5224286938,15.3504544952,0,0,0,12,12,1048,524
reference_NY46__paper_roles,2019-07-23 23:00:00,11.0379957955,89.8184615513,0,0,0,12,12,4669,5937
reference_NY46__paper_roles,2019-07-24 00:00:00,4.90534943271,22.8604049288,0,0,0,12,12,341,1526
reference_NY46__paper_roles,2019-07-24 01:00:00,7.72465923477,75.8385426889,0,0,0,12,12,1893,5475
reference_NY46__paper_roles,2019-07-24 02:00:00,9.13478260122,94.677574157,0,0,0,12,12,3072,6090
reference_NY46__paper_roles,2019-07-24 03:00:00,9.74967069944,60.3443971893,0,0,0,12,12,3626,4810
reference_NY46__paper_roles,2019-07-24 04:00:00,15.3710101529,63.2376806019,0,0,0,12,12,7081,4955
reference_NY46__paper_roles,2019-07-24 05:00:00,21.7477262221,103.115978462,0,0,0,12,12,8384,6303
reference_NY46__paper_roles,2019-07-24 06:00:00,19.0286583062,187.895027944,0,0,0,12,12,8021,7401
reference_NY46__paper_roles,2019-07-24 07:00:00,9.78965191811,125.545965466,0,0,0,12,12,3658,6717
reference_NY46__paper_roles,2019-07-24 08:00:00,7.98375087235,54.427652432,0,0,0,13,12,2079,4489
reference_NY46__paper_roles,2019-07-24 09:00:00,9.04121856896,16.6676939859,0,0,0,13,13,2998,682
reference_NY46__paper_roles,2019-07-24 10:00:00,7.65442643426,49.0905141679,0,0,0,12,12,1837,4135
reference_NY46__paper_roles,2019-07-24 11:00:00,7.76235688283,112.456573169,1,0,0,13,13,1916,6477
reference_NY46__paper_roles,2019-07-24 12:00:00,8.45368927333,80.7603678989,0,0,0,11,11,2482,5654
reference_NY46__paper_roles,2019-07-24 13:00:00,11.6060054758,102.228307915,1,0,0,12,12,5086,6285
reference_NY46__paper_roles,2019-07-24 14:00:00,8.13808582303,17.3938931186,0,0,0,12,12,2209,766
reference_NY46__paper_roles,2019-07-24 15:00:00,7.94150972678,83.2482273111,0,0,0,12,12,2042,5731
reference_NY46__paper_roles,2019-07-24 16:00:00,8.46810489649,54.7435297274,0,0,0,12,12,2495,4507
reference_NY46__paper_roles,2019-07-24 17:00:00,5.07228713419,18.1958555951,0,0,0,12,12,386,864
reference_NY46__paper_roles,2019-07-24 18:00:00,9.74992627254,18.8183532615,0,0,0,12,12,3627,953
reference_NY46__paper_roles,2019-07-24 19:00:00,11.1956505659,23.2590692992,0,0,0,13,12,4798,1583
reference_NY46__paper_roles,2019-07-24 20:00:00,10.5352304629,55.4895587051,0,0,0,12,12,4277,4556
reference_NY46__paper_roles,2019-07-24 21:00:00,12.0178779828,62.5145050589,0,0,0,12,12,5407,4919
reference_NY46__paper_roles,2019-07-24 22:00:00,6.0449491225,15.4716277026,0,0,0,12,12,774,535
reference_NY46__paper_roles,2019-07-24 23:00:00,8.19651948587,23.0505707608,0,0,0,12,12,2262,1550
reference_NY46__paper_roles,2019-07-25 00:00:00,4.52209849292,13.2126864171,0,0,0,12,12,230,317
reference_NY46__paper_roles,2019-07-25 01:00:00,7.28718326534,17.0487395052,0,0,0,12,12,1522,731
reference_NY46__paper_roles,2019-07-25 02:00:00,5.06457969065,13.9836674952,0,0,0,12,12,384,381
reference_NY46__paper_roles,2019-07-25 03:00:00,6.88329440736,14.0108768752,0,0,0,12,12,1253,383
reference_NY46__paper_roles,2019-07-25 04:00:00,8.74823027254,18.9111282753,0,0,0,12,12,2735,967
reference_NY46__paper_roles,2019-07-25 05:00:00,16.5236527572,29.1773130907,0,0,0,12,12,7489,2333
reference_NY46__paper_roles,2019-07-25 06:00:00,15.933428115,33.337067074,0,0,0,12,12,7300,2782
reference_NY46__paper_roles,2019-07-25 07:00:00,9.05663022164,18.8427009944,0,0,0,12,12,3008,957
reference_NY46__paper_roles,2019-07-25 08:00:00,8.18453122171,20.1351409806,0,0,0,12,12,2249,1150
reference_NY46__paper_roles,2019-07-25 09:00:00,10.1828200603,30.9186560968,0,0,0,12,12,3994,2533
reference_NY46__paper_roles,2019-07-25 10:00:00,8.19704411749,19.0198144669,0,0,0,12,12,2263,987
reference_NY46__paper_roles,2019-07-25 11:00:00,9.85111500848,64.2444504002,0,0,0,12,12,3719,4995
reference_NY46__paper_roles,2019-07-25 12:00:00,9.45253936495,20.4533312645,0,0,0,12,12,3353,1194
reference_NY46__paper_roles,2019-07-25 13:00:00,9.44367103998,38.3737245466,0,0,0,12,12,3343,3271
reference_NY46__paper_roles,2019-07-25 14:00:00,7.80702697939,55.8328264802,0,0,0,12,12,1944,4577
reference_NY46__paper_roles,2019-07-25 15:00:00,6.18326654658,19.8618469518,0,0,0,12,12,833,1113
reference_NY46__paper_roles,2019-07-25 16:00:00,6.26375929579,18.6919980305,0,0,0,12,12,880,927
reference_NY46__paper_roles,2019-07-25 17:00:00,9.16298434505,56.3602952008,0,0,0,12,12,3104,4602
reference_NY46__paper_roles,2019-07-25 18:00:00,8.80737905019,14.244396828,0,0,0,12,12,2795,413
reference_NY46__paper_roles,2019-07-25 19:00:00,11.0460315691,167.746346402,1,0,0,12,12,4673,7241
reference_NY46__paper_roles,2019-07-25 20:00:00,8.46367390948,65.4134512289,0,0,0,12,12,2491,5055
reference_NY46__paper_roles,2019-07-25 21:00:00,6.9710529882,33.4379225574,0,0,0,12,12,1321,2794
reference_NY46__paper_roles,2019-07-25 22:00:00,6.09514816484,14.4507055798,0,0,0,12,12,791,437
reference_NY46__paper_roles,2019-07-25 23:00:00,12.3351537288,25.2941357838,0,0,0,12,12,5594,1850
reference_NY46__paper_roles,2019-07-26 00:00:00,3.7760729557,10.9584984401,0,0,0,12,12,102,160
reference_NY46__paper_roles,2019-07-26 01:00:00,3.91203374861,8.08465410314,0,0,0,12,12,120,42
reference_NY46__paper_roles,2019-07-26 02:00:00,7.5300403897,16.653073003,0,0,0,12,12,1738,679
reference_NY46__paper_roles,2019-07-26 03:00:00,8.65417570981,18.9290208287,0,0,0,12,12,2648,968
reference_NY46__paper_roles,2019-07-26 04:00:00,16.2764870427,34.3578678919,0,0,0,12,12,7413,2889
reference_NY46__paper_roles,2019-07-26 05:00:00,21.1215682232,43.4227298645,0,0,0,12,12,8317,3696
reference_NY46__paper_roles,2019-07-26 06:00:00,19.6127311337,153.936899922,0,0,0,12,12,8117,7096
reference_NY46__paper_roles,2019-07-26 07:00:00,7.46462848009,16.5956405521,0,0,0,12,12,1681,671
reference_NY46__paper_roles,2019-07-26 08:00:00,8.43938211878,18.5534352485,0,0,0,12,12,2470,907
reference_NY46__paper_roles,2019-07-26 09:00:00,11.4428778052,36.8261335637,0,0,0,12,12,4981,3127
reference_NY46__paper_roles,2019-07-26 10:00:00,10.6379769068,25.2009376766,0,0,0,12,12,4358,1839
reference_NY46__paper_roles,2019-07-26 11:00:00,13.1198962372,48.9670390172,0,0,0,12,12,6040,4123
reference_NY46__paper_roles,2019-07-26 12:00:00,13.0195808559,67.925241673,0,0,0,12,12,5990,5164
reference_NY46__paper_roles,2019-07-26 13:00:00,10.6651499815,75.5002374757,0,0,0,12,12,4380,5461
reference_NY46__paper_roles,2019-07-26 14:00:00,8.8013428571,94.2158178407,0,0,0,12,12,2788,6076
reference_NY46__paper_roles,2019-07-26 15:00:00,10.2287773269,105.778726737,1,0,0,12,12,4026,6363
reference_NY46__paper_roles,2019-07-26 16:00:00,8.96507217052,86.1700767704,0,0,0,12,12,2952,5840
reference_NY46__paper_roles,2019-07-26 17:00:00,8.77755863589,81.3666292794,0,0,0,12,12,2765,5681
reference_NY46__paper_roles,2019-07-26 18:00:00,12.2378504839,91.8415532589,0,0,0,12,12,5552,5997
reference_NY46__paper_roles,2019-07-26 19:00:00,17.9951139347,104.393837664,1,0,0,12,12,7855,6335
reference_NY46__paper_roles,2019-07-26 20:00:00,17.3045440842,104.659203445,1,0,0,12,12,7695,6340
reference_NY46__paper_roles,2019-07-26 21:00:00,23.141726315,149.854517549,1,0,0,12,12,8482,7046
reference_NY46__paper_roles,2019-07-26 22:00:00,21.049599515,99.8378623213,0,0,0,12,12,8311,6220
reference_NY46__paper_roles,2019-07-26 23:00:00,23.4393434524,62.2604634014,0,0,0,12,12,8508,4906
reference_NY46__paper_roles,2019-07-27 00:00:00,20.3589538854,32.251429658,0,0,0,12,12,8221,2674
reference_NY46__paper_roles,2019-07-27 01:00:00,20.5053449505,44.1376447641,0,0,0,12,12,8242,3746
reference_NY46__paper_roles,2019-07-27 02:00:00,18.8639973644,51.6343276208,0,0,0,12,12,7993,4309
reference_NY46__paper_roles,2019-07-27 03:00:00,20.0054104967,75.6604962308,0,0,0,12,12,8179,5469
reference_NY46__paper_roles,2019-07-27 04:00:00,24.6167095042,88.6476986526,0,0,0,12,12,8567,5899
reference_NY46__paper_roles,2019-07-27 05:00:00,30.3843061895,94.7884752705,0,0,0,12,12,8703,6094
reference_NY46__paper_roles,2019-07-27 06:00:00,31.8988260218,99.7406311688,0,0,0,12,12,8720,6218
reference_NY46__paper_roles,2019-07-27 07:00:00,26.1653238905,93.0775320761,0,0,0,12,12,8623,6041
reference_NY46__paper_roles,2019-07-27 08:00:00,13.3290500206,49.5667645976,0,0,0,13,12,6150,4170
reference_NY46__paper_roles,2019-07-27 09:00:00,14.4299137719,50.3062637513,0,0,0,12,12,6722,4217
reference_NY46__paper_roles,2019-07-27 10:00:00,19.0099336362,45.6144965316,0,0,0,12,12,8019,3862
reference_NY46__paper_roles,2019-07-27 11:00:00,20.5304912601,67.0382498137,0,0,0,12,12,8246,5123
reference_NY46__paper_roles,2019-07-27 12:00:00,17.9522782759,87.793957492,0,0,0,12,12,7841,5870
reference_NY46__paper_roles,2019-07-27 13:00:00,18.0407817284,77.8397540458,0,0,0,12,12,7864,5543
reference_NY46__paper_roles,2019-07-27 14:00:00,15.4353257729,83.6998952312,0,0,0,12,12,7112,5753
reference_NY46__paper_roles,2019-07-27 15:00:00,16.237339289,92.0885855082,0,0,0,12,12,7400,6009
reference_NY46__paper_roles,2019-07-27 16:00:00,17.0831198824,82.2601506347,0,0,0,12,12,7642,5701
reference_NY46__paper_roles,2019-07-27 17:00:00,21.2714708561,95.6513360484,0,0,0,12,12,8335,6116
reference_NY46__paper_roles,2019-07-27 18:00:00,24.6194257924,91.5969294967,0,0,0,12,12,8568,5988
reference_NY46__paper_roles,2019-07-27 19:00:00,16.2386876809,82.1478552569,0,0,0,12,12,7401,5698
reference_NY46__paper_roles,2019-07-27 20:00:00,11.0963188325,58.7162408641,0,0,0,12,12,4711,4726
reference_NY46__paper_roles,2019-07-27 21:00:00,13.7533746523,48.2442261962,0,0,0,12,12,6400,4060
reference_NY46__paper_roles,2019-07-27 22:00:00,11.3032424794,30.0978565078,0,0,0,12,12,4870,2437
reference_NY46__paper_roles,2019-07-27 23:00:00,13.320666664,64.7682834611,0,0,0,12,12,6142,5025
reference_NY46__paper_roles,2019-07-28 00:00:00,6.76115579383,59.9201752526,0,0,0,12,12,1191,4794
reference_NY46__paper_roles,2019-07-28 01:00:00,9.65843706647,169.593768417,0,0,0,12,12,3555,7258
reference_NY46__paper_roles,2019-07-28 02:00:00,6.35371712187,38.776630524,0,0,0,12,12,931,3310
reference_NY46__paper_roles,2019-07-28 03:00:00,6.62264822083,160.82202233,0,0,0,12,12,1105,7172
reference_NY46__paper_roles,2019-07-28 04:00:00,10.7809231872,135.273137622,0,0,0,12,12,4468,6866
reference_NY46__paper_roles,2019-07-28 05:00:00,12.9207154124,338.018979129,0,0,0,12,12,5934,8028
reference_NY46__paper_roles,2019-07-28 06:00:00,14.9122872111,153.599236945,0,0,0,12,12,6911,7093
reference_NY46__paper_roles,2019-07-28 07:00:00,17.0080826421,41.0443919669,0,0,0,12,12,7626,3521
reference_NY46__paper_roles,2019-07-28 08:00:00,15.2573764049,98.7067910309,0,0,0,13,13,7025,6187
reference_NY46__paper_roles,2019-07-28 09:00:00,10.1194734139,22.3709402031,0,0,0,13,12,3938,1465
reference_NY46__paper_roles,2019-07-28 10:00:00,8.93530891245,18.6381190138,0,0,0,12,12,2924,919
reference_NY46__paper_roles,2019-07-28 11:00:00,10.0121430932,36.6431355452,0,0,0,12,12,3851,3109
reference_NY46__paper_roles,2019-07-28 12:00:00,8.09702417805,47.1603957248,0,0,0,12,12,2182,3972
reference_NY46__paper_roles,2019-07-28 13:00:00,7.68753813836,44.0438786417,0,0,0,12,12,1860,3737
reference_NY46__paper_roles,2019-07-28 14:00:00,5.97539101465,34.1731717751,0,0,0,12,12,741,2868
reference_NY46__paper_roles,2019-07-28 15:00:00,7.10132812884,41.9389769517,0,0,0,12,12,1402,3575
reference_NY46__paper_roles,2019-07-28 16:00:00,6.76477262763,44.3197056238,0,0,0,12,12,1194,3763
reference_NY46__paper_roles,2019-07-28 17:00:00,8.09998426938,61.5683814505,0,0,0,12,12,2186,4868
reference_NY46__paper_roles,2019-07-28 18:00:00,11.0718767345,75.7215211532,0,0,0,12,12,4688,5471
reference_NY46__paper_roles,2019-07-28 19:00:00,11.8594287413,88.3994266038,0,0,0,12,12,5276,5891
reference_NY46__paper_roles,2019-07-28 20:00:00,10.7996359685,77.7330442799,0,0,0,12,12,4484,5537
reference_NY46__paper_roles,2019-07-28 21:00:00,11.9595276087,79.2422672308,0,0,0,12,12,5365,5590
reference_NY46__paper_roles,2019-07-28 22:00:00,8.57712148481,51.3075524577,0,0,0,12,12,2588,4287
reference_NY46__paper_roles,2019-07-28 23:00:00,14.9346326833,38.7739729154,0,0,0,12,12,6922,3308
reference_NY46__paper_roles,2019-07-29 00:00:00,9.8632682336,78.0645601532,0,0,0,12,12,3731,5554
reference_NY46__paper_roles,2019-07-29 01:00:00,2.78112952091,22.3782540417,0,0,0,12,12,17,1467
reference_NY46__paper_roles,2019-07-29 02:00:00,4.51115571206,7.01107633556,0,0,0,12,12,226,21
reference_NY46__paper_roles,2019-07-29 03:00:00,5.78934859907,14.8663113771,0,0,0,12,12,658,479
reference_NY46__paper_roles,2019-07-29 04:00:00,11.2731263359,21.9312261895,0,0,0,12,12,4848,1402
reference_NY46__paper_roles,2019-07-29 05:00:00,17.9333991253,87.506984392,0,0,0,12,12,7838,5866
reference_NY46__paper_roles,2019-07-29 06:00:00,9.66387659923,21.1558831551,0,0,0,12,12,3560,1293
reference_NY46__paper_roles,2019-07-29 07:00:00,16.2027460557,52.1985747333,0,0,0,12,12,7391,4346
reference_NY46__paper_roles,2019-07-29 08:00:00,15.1611948379,72.4171039803,0,0,0,12,12,7000,5339
reference_NY46__paper_roles,2019-07-29 09:00:00,14.8695308605,74.6950669509,0,0,0,12,12,6898,5427
reference_NY46__paper_roles,2019-07-29 10:00:00,14.4989413737,120.697918724,1,0,0,12,12,6756,6629
reference_NY46__paper_roles,2019-07-29 11:00:00,9.71836232441,98.4378415153,0,0,0,12,12,3605,6182
reference_NY46__paper_roles,2019-07-29 12:00:00,8.90761518614,81.3442053847,0,0,0,12,12,2899,5680
reference_NY46__paper_roles,2019-07-29 13:00:00,9.98048198138,52.5300704959,0,0,0,12,12,3823,4365
reference_NY46__paper_roles,2019-07-29 14:00:00,12.5190164482,25.803705284,0,0,0,12,12,5713,1924
reference_NY46__paper_roles,2019-07-29 15:00:00,12.310030578,22.0312239392,0,0,0,12,12,5582,1416
reference_NY46__paper_roles,2019-07-29 16:00:00,11.6076545142,24.527529019,0,0,0,12,12,5090,1756
reference_NY46__paper_roles,2019-07-29 17:00:00,8.79687580877,19.1085583625,0,0,0,12,12,2784,1003
reference_NY46__paper_roles,2019-07-29 18:00:00,9.6643317245,32.6433263942,0,0,0,12,12,3561,2711
reference_NY46__paper_roles,2019-07-29 19:00:00,11.3271442008,52.072140832,0,0,0,12,12,4892,4340
reference_NY46__paper_roles,2019-07-29 20:00:00,11.280305477,62.045290036,0,0,0,12,12,4854,4899
reference_NY46__paper_roles,2019-07-29 21:00:00,18.5314945118,232.480848515,1,0,0,12,12,7944,7669
reference_NY46__paper_roles,2019-07-29 22:00:00,18.9746854192,314.823793497,1,0,0,12,12,8012,7966
reference_NY46__paper_roles,2019-07-29 23:00:00,12.2384944101,352.580825965,1,0,0,12,12,5553,8069
reference_NY46__paper_roles,2019-07-30 00:00:00,13.7002568751,575.909252965,0,0,0,12,12,6375,8320
reference_NY46__paper_roles,2019-07-30 01:00:00,11.4367270946,315.155568757,0,0,0,12,12,4975,7967
reference_NY46__paper_roles,2019-07-30 02:00:00,8.63959890555,235.041786914,0,0,0,12,12,2637,7686
reference_NY46__paper_roles,2019-07-30 03:00:00,8.4060427873,650.332515208,1,0,0,12,12,2437,8363
reference_NY46__paper_roles,2019-07-30 04:00:00,9.59350263688,224.552816094,0,0,0,12,12,3494,7628
reference_NY46__paper_roles,2019-07-30 05:00:00,13.292860518,128.905264088,0,0,0,12,12,6129,6778
reference_NY46__paper_roles,2019-07-30 06:00:00,12.6743079789,96.0878812672,0,0,0,12,12,5790,6136
reference_NY46__paper_roles,2019-07-30 07:00:00,11.9753794232,103.925763978,1,0,0,12,12,5381,6325
reference_NY46__paper_roles,2019-07-30 08:00:00,14.3397044777,108.213507341,1,0,0,12,12,6669,6397
reference_NY46__paper_roles,2019-07-30 09:00:00,12.9864697278,91.2850628202,0,0,0,12,12,5969,5976
reference_NY46__paper_roles,2019-07-30 10:00:00,7.01398895205,94.8062831381,0,0,0,12,12,1346,6096
reference_NY46__paper_roles,2019-07-30 11:00:00,7.36252618819,63.4313867921,0,0,0,12,12,1589,4962
reference_NY46__paper_roles,2019-07-30 12:00:00,9.97021616656,75.9561139323,0,0,0,12,12,3815,5482
reference_NY46__paper_roles,2019-07-30 13:00:00,9.5963128223,60.9476490068,0,0,0,12,12,3497,4839
reference_NY46__paper_roles,2019-07-30 14:00:00,10.0946132031,57.8004528497,0,0,0,12,12,3919,4687
reference_NY46__paper_roles,2019-07-30 15:00:00,8.97739899081,40.3883534028,0,0,0,12,12,2957,3453
reference_NY46__paper_roles,2019-07-30 16:00:00,8.66910038616,33.9252081378,0,0,0,12,12,2661,2847
reference_NY46__paper_roles,2019-07-30 17:00:00,9.66489305392,33.2438982087,0,0,0,12,12,3564,2769
reference_NY46__paper_roles,2019-07-30 18:00:00,12.1038120425,71.7522275244,0,0,0,12,12,5464,5314
reference_NY46__paper_roles,2019-07-30 19:00:00,13.5990123326,112.690966876,1,0,0,12,12,6320,6480
reference_NY46__paper_roles,2019-07-30 20:00:00,16.9192445296,140.840429362,1,0,0,12,12,7595,6940
reference_NY46__paper_roles,2019-07-30 21:00:00,17.3448401397,152.444478261,1,0,0,12,12,7703,7077
reference_NY46__paper_roles,2019-07-30 22:00:00,13.8008033983,123.211378291,1,0,0,12,12,6421,6682
reference_NY46__paper_roles,2019-07-30 23:00:00,14.8244845665,96.5089805768,0,0,0,12,12,6878,6147
reference_NY46__paper_roles,2019-07-31 00:00:00,12.5254918068,154.231418424,1,0,0,12,12,5718,7103
reference_NY46__paper_roles,2019-07-31 01:00:00,8.3016231652,106.230519818,1,0,0,12,12,2345,6372
reference_NY46__paper_roles,2019-07-31 02:00:00,9.51581782341,69.8721871545,0,0,0,12,12,3428,5240
reference_NY46__paper_roles,2019-07-31 03:00:00,8.05111745206,47.2074019596,0,0,0,12,12,2139,3978
reference_NY46__paper_roles,2019-07-31 04:00:00,8.87261276405,38.8239387927,0,0,0,12,12,2859,3315
reference_NY46__paper_roles,2019-07-31 05:00:00,11.9055051834,53.2529890952,0,0,0,12,12,5323,4420
reference_NY46__paper_roles,2019-07-31 06:00:00,9.15544238922,37.299190036,0,0,0,12,12,3092,3167
reference_NY46__paper_roles,2019-07-31 07:00:00,9.92181936765,56.4779249078,0,0,0,12,12,3780,4609
reference_NY46__paper_roles,2019-07-31 08:00:00,12.956826456,126.637973942,1,0,0,12,12,5955,6739
reference_NY46__paper_roles,2019-07-31 09:00:00,11.7826553939,206.808166645,1,0,0,12,12,5216,7531
reference_NY46__paper_roles,2019-07-31 10:00:00,12.5254045516,136.624228438,1,0,0,12,12,5717,6879
reference_NY46__paper_roles,2019-07-31 11:00:00,11.1044449307,140.278720684,1,0,0,12,12,4715,6932
reference_NY46__paper_roles,2019-07-31 12:00:00,10.857634049,145.518866603,1,0,0,12,12,4534,6995
reference_NY46__paper_roles,2019-07-31 13:00:00,13.8371526413,125.906670594,1,0,0,12,12,6442,6726
reference_NY46__paper_roles,2019-07-31 14:00:00,16.1765667362,507.835391789,1,0,0,12,12,7380,8260
reference_NY46__paper_roles,2019-07-31 15:00:00,16.2483693725,741.154748029,0,0,0,12,12,7403,8413
reference_NY46__paper_roles,2019-07-31 16:00:00,13.6548736362,76.9060840622,0,0,0,12,12,6349,5510
reference_NY46__paper_roles,2019-07-31 17:00:00,17.5837131372,209.338664689,0,0,0,14,14,7754,7547
reference_NY46__paper_roles,2019-07-31 18:00:00,16.3825329174,80.6615097039,0,0,0,11,11,7444,5646
reference_NY46__paper_roles,2019-07-31 19:00:00,13.4934690054,74.512745521,0,0,0,12,12,6251,5423
reference_NY46__paper_roles,2019-07-31 20:00:00,12.6751672223,307.25422214,0,0,0,12,12,5791,7951
reference_NY46__paper_roles,2019-07-31 21:00:00,15.4542569602,162.571306524,0,0,0,12,12,7120,7189
reference_NY46__paper_roles,2019-07-31 22:00:00,16.722135653,217.790550062,0,0,0,12,12,7543,7594
reference_NY46__paper_roles,2019-07-31 23:00:00,8.42323308403,49.5177665238,0,0,0,12,12,2452,4166
reference_NY46__paper_roles,2019-08-01 00:00:00,6.18924056903,95.9396991245,0,0,0,12,12,835,6131
reference_NY46__paper_roles,2019-08-01 01:00:00,5.88022789067,39.8690269653,0,0,0,12,12,696,3416
reference_NY46__paper_roles,2019-08-01 02:00:00,10.1557789383,38.4138960587,0,0,0,12,12,3967,3277
reference_NY46__paper_roles,2019-08-01 03:00:00,13.5174478366,51.9081155954,0,0,0,12,12,6267,4323
reference_NY46__paper_roles,2019-08-01 04:00:00,15.3112974284,54.526791602,0,0,0,12,12,7053,4494
reference_NY46__paper_roles,2019-08-01 05:00:00,13.9362774201,43.2286218452,0,0,0,12,12,6494,3679
reference_NY46__paper_roles,2019-08-01 06:00:00,11.1370995152,22.4353664636,0,0,0,13,12,4740,1474
reference_NY46__paper_roles,2019-08-01 07:00:00,7.86755063657,39.6166613146,0,0,0,12,12,1990,3388
reference_NY46__paper_roles,2019-08-01 08:00:00,7.15706479351,130.947575552,1,0,0,12,12,1442,6806
reference_NY46__paper_roles,2019-08-01 09:00:00,13.824719926,212.629735804,1,0,0,12,12,6435,7561
reference_NY46__paper_roles,2019-08-01 10:00:00,10.0958545768,330.444424397,1,0,0,12,12,3922,8006
reference_NY46__paper_roles,2019-08-01 11:00:00,8.69844441642,458.921469491,1,0,0,12,12,2678,8204
reference_NY46__paper_roles,2019-08-01 12:00:00,10.440448698,267.462414304,1,0,0,12,12,4198,7813
reference_NY46__paper_roles,2019-08-01 13:00:00,10.0895776003,214.119680609,1,0,0,12,12,3912,7568
reference_NY46__paper_roles,2019-08-01 14:00:00,11.3566390164,246.563399062,1,0,0,12,12,4918,7739
reference_NY46__paper_roles,2019-08-01 15:00:00,13.8748005752,197.574662094,0,0,0,12,12,6463,7469
reference_NY46__paper_roles,2019-08-01 16:00:00,14.0858829055,633.702497794,1,0,0,12,12,6565,8356
reference_NY46__paper_roles,2019-08-01 17:00:00,11.1841135632,903.56329404,1,0,0,12,12,4786,8470
reference_NY46__paper_roles,2019-08-01 18:00:00,11.3342169536,517.323861353,1,0,0,12,12,4897,8271
reference_NY46__paper_roles,2019-08-01 19:00:00,10.8198483939,279.95344422,1,0,0,12,12,4496,7859
reference_NY46__paper_roles,2019-08-01 20:00:00,14.3973537336,176.059096047,1,0,0,12,12,6707,7319
reference_NY46__paper_roles,2019-08-01 21:00:00,13.8647605119,122.065732369,1,0,0,12,12,6459,6655
reference_NY46__paper_roles,2019-08-01 22:00:00,10.6863387063,117.257327002,1,0,0,12,12,4396,6548
reference_NY46__paper_roles,2019-08-01 23:00:00,7.53718097834,293.263585352,0,0,0,12,12,1745,7907
reference_NY46__paper_roles,2019-08-02 00:00:00,5.15078565449,14.0390700368,0,0,0,12,12,427,389
reference_NY46__paper_roles,2019-08-02 01:00:00,8.57043949841,88.0889120358,0,0,0,12,12,2583,5878
reference_NY46__paper_roles,2019-08-02 02:00:00,7.94698029198,71.8794088277,0,0,0,12,12,2045,5319
reference_NY46__paper_roles,2019-08-02 03:00:00,9.10238898445,84.7871366161,0,0,0,12,12,3047,5789
reference_NY46__paper_roles,2019-08-02 04:00:00,13.5832307445,98.0342839366,0,0,0,12,12,6308,6173
reference_NY46__paper_roles,2019-08-02 05:00:00,17.4101184961,115.617448916,1,0,0,12,12,7717,6531
reference_NY46__paper_roles,2019-08-02 06:00:00,14.0140176513,201.416315512,0,0,0,12,12,6530,7498
reference_NY46__paper_roles,2019-08-02 07:00:00,5.94874539559,16.7388349456,0,0,0,12,12,727,691
reference_NY46__paper_roles,2019-08-02 08:00:00,7.69222664833,18.5683299048,0,0,0,12,12,1865,909
reference_NY46__paper_roles,2019-08-02 09:00:00,12.8427139478,33.1468067563,0,0,0,12,12,5889,2760
reference_NY46__paper_roles,2019-08-02 10:00:00,14.3471008821,126.474782899,1,0,0,12,12,6678,6736
reference_NY46__paper_roles,2019-08-02 11:00:00,13.1601020034,163.806744145,1,0,0,12,12,6060,7208
reference_NY46__paper_roles,2019-08-02 12:00:00,13.9196227461,368.477540369,1,0,0,12,12,6485,8098
reference_NY46__paper_roles,2019-08-02 13:00:00,13.3622780833,439.037322913,1,0,0,12,12,6164,8180
reference_NY46__paper_roles,2019-08-02 14:00:00,11.8910771633,867.675382745,1,0,0,12,12,5308,8460
reference_NY46__paper_roles,2019-08-02 15:00:00,12.2339493212,169.599601768,0,0,0,12,12,5548,7259
reference_NY46__paper_roles,2019-08-02 16:00:00,11.7829018822,22.6846247217,0,0,0,12,12,5217,1504
reference_NY46__paper_roles,2019-08-02 17:00:00,13.7462589882,83.7404877235,0,0,0,12,12,6395,5755
reference_NY46__paper_roles,2019-08-02 18:00:00,20.2627494935,177.756949018,1,0,0,12,12,8205,7332
reference_NY46__paper_roles,2019-08-02 19:00:00,21.3867179439,227.882251617,1,0,0,12,12,8345,7647
reference_NY46__paper_roles,2019-08-02 20:00:00,20.8867644867,155.515718814,1,0,0,12,12,8286,7116
reference_NY46__paper_roles,2019-08-02 21:00:00,23.4984825512,95.7042591861,0,0,0,12,12,8513,6118
reference_NY46__paper_roles,2019-08-02 22:00:00,16.5593802247,76.5105919195,0,0,0,12,12,7504,5500
reference_NY46__paper_roles,2019-08-02 23:00:00,13.7898628525,288.515858719,1,0,0,12,12,6418,7900
reference_NY46__paper_roles,2019-08-03 00:00:00,4.75921178622,17.6358264393,0,0,0,12,12,291,803
reference_NY46__paper_roles,2019-08-03 01:00:00,5.78741500168,28.1211111961,0,0,0,12,12,657,2199
reference_NY46__paper_roles,2019-08-03 02:00:00,6.14449714947,26.7830689567,0,0,0,12,12,815,2047
reference_NY46__paper_roles,2019-08-03 03:00:00,9.50067778086,27.9050332335,0,0,0,12,12,3411,2176
reference_NY46__paper_roles,2019-08-03 04:00:00,12.6266578351,33.3299245993,0,0,0,12,12,5769,2781
reference_NY46__paper_roles,2019-08-03 05:00:00,19.5554810062,59.9062842085,0,0,0,12,12,8100,4793
reference_NY46__paper_roles,2019-08-03 06:00:00,22.9089237031,118.00309553,0,0,0,12,12,8467,6568
reference_NY46__paper_roles,2019-08-03 07:00:00,25.536309347,91.9478217459,0,0,0,12,12,8607,6001
reference_NY46__paper_roles,2019-08-03 08:00:00,18.8600626358,86.4382824991,0,0,0,12,12,7992,5847
reference_NY46__paper_roles,2019-08-03 09:00:00,21.7063266699,110.912471237,1,0,0,12,12,8378,6448
reference_NY46__paper_roles,2019-08-03 10:00:00,21.5808372817,146.887361528,1,0,0,12,12,8365,7016
reference_NY46__paper_roles,2019-08-03 11:00:00,26.1386284921,168.000148242,1,0,0,12,12,8622,7245
reference_NY46__paper_roles,2019-08-03 12:00:00,26.405119126,216.501953534,1,0,0,13,13,8629,7586
reference_NY46__paper_roles,2019-08-03 13:00:00,30.8400017257,222.874520833,1,0,0,12,12,8706,7616
reference_NY46__paper_roles,2019-08-03 14:00:00,33.7403893891,253.375421348,1,0,0,12,12,8734,7769
reference_NY46__paper_roles,2019-08-03 15:00:00,32.9522877739,282.609899258,1,0,0,12,12,8726,7874
reference_NY46__paper_roles,2019-08-03 16:00:00,32.2372752258,341.520613413,1,0,0,12,12,8722,8037
reference_NY46__paper_roles,2019-08-03 17:00:00,31.6391142813,347.19543258,1,0,0,12,12,8716,8054
reference_NY46__paper_roles,2019-08-03 18:00:00,34.4063742228,317.623493082,1,0,0,12,12,8738,7975
reference_NY46__paper_roles,2019-08-03 19:00:00,34.4773194403,230.951501045,1,0,0,12,12,8739,7662
reference_NY46__paper_roles,2019-08-03 20:00:00,26.4267980266,225.429348463,1,0,0,12,12,8630,7633
reference_NY46__paper_roles,2019-08-03 21:00:00,28.7625595155,398.199547693,1,0,0,12,12,8685,8135
reference_NY46__paper_roles,2019-08-03 22:00:00,26.3051807483,368.419813576,1,0,0,12,12,8628,8097
reference_NY46__paper_roles,2019-08-03 23:00:00,22.249189158,140293.886761,0,0,0,12,12,8426,8759
reference_NY46__paper_roles,2019-08-04 00:00:00,11.7190310029,168.965654529,1,0,0,12,12,5172,7250
reference_NY46__paper_roles,2019-08-04 01:00:00,11.3703013235,123.502387364,1,0,0,12,12,4929,6690
reference_NY46__paper_roles,2019-08-04 02:00:00,10.4447077291,233.251396412,1,0,0,12,12,4201,7673
reference_NY46__paper_roles,2019-08-04 03:00:00,7.2146635936,37.8863240137,0,0,0,12,12,1482,3228
reference_NY46__paper_roles,2019-08-04 04:00:00,10.3713689821,43.0370225924,0,0,0,12,12,4133,3662
reference_NY46__paper_roles,2019-08-04 05:00:00,8.53987861895,28.3018637693,0,0,0,12,12,2553,2223
reference_NY46__paper_roles,2019-08-04 06:00:00,17.4118019055,123.490633806,0,0,0,12,12,7718,6688
reference_NY46__paper_roles,2019-08-04 07:00:00,9.20519831876,483.467102564,1,0,0,12,12,3144,8230
reference_NY46__paper_roles,2019-08-04 08:00:00,8.54415622392,123.928852866,0,0,0,12,12,2557,6695
reference_NY46__paper_roles,2019-08-04 09:00:00,9.39253769927,170.876231033,1,0,0,12,12,3304,7272
reference_NY46__paper_roles,2019-08-04 10:00:00,9.58267287981,30.7416055487,0,0,0,12,12,3487,2505
reference_NY46__paper_roles,2019-08-04 11:00:00,10.6096905674,51.9912119667,0,0,0,12,12,4337,4332
reference_NY46__paper_roles,2019-08-04 12:00:00,10.9638073401,74.8105681888,0,0,0,12,12,4613,5431
reference_NY46__paper_roles,2019-08-04 13:00:00,13.3627094351,111.556871262,1,0,0,12,12,6166,6460
reference_NY46__paper_roles,2019-08-04 14:00:00,11.5784248458,120.558720454,1,0,0,12,12,5069,6621
reference_NY46__paper_roles,2019-08-04 15:00:00,13.7125329956,171.286100886,1,0,0,12,12,6382,7276
reference_NY46__paper_roles,2019-08-04 16:00:00,12.1474582309,228.292615753,1,0,0,12,12,5487,7649
reference_NY46__paper_roles,2019-08-04 17:00:00,12.4498047092,143.559271886,1,0,0,12,12,5676,6978
reference_NY46__paper_roles,2019-08-04 18:00:00,14.3054782506,189.246045915,1,0,0,12,12,6652,7405
reference_NY46__paper_roles,2019-08-04 19:00:00,14.6488432196,182.641845588,1,0,0,12,12,6808,7365
reference_NY46__paper_roles,2019-08-04 20:00:00,18.7722540897,135.502253022,1,0,0,12,12,7977,6869
reference_NY46__paper_roles,2019-08-04 21:00:00,16.825886466,79.7665100889,0,0,0,12,12,7571,5615
reference_NY46__paper_roles,2019-08-04 22:00:00,12.0957514409,30.6134011274,0,0,0,12,12,5456,2490
reference_NY46__paper_roles,2019-08-04 23:00:00,14.2078804486,44.038445285,0,0,0,12,12,6614,3736
reference_NY46__paper_roles,2019-08-05 00:00:00,9.59731089443,341.851029658,1,0,0,12,12,3498,8038
reference_NY46__paper_roles,2019-08-05 01:00:00,4.83592044443,436.474064606,1,0,0,12,12,319,8177
reference_NY46__paper_roles,2019-08-05 02:00:00,5.4720731873,117.493470154,0,0,0,12,12,535,6555
reference_NY46__paper_roles,2019-08-05 03:00:00,6.2139634404,247.033679978,1,0,0,12,12,851,7742
reference_NY46__paper_roles,2019-08-05 04:00:00,14.1024326166,233.339730974,0,0,0,12,12,6574,7674
reference_NY46__paper_roles,2019-08-05 05:00:00,18.3949691774,23.7786209805,0,0,0,13,13,7920,1649
reference_NY46__paper_roles,2019-08-05 06:00:00,10.185230314,79.2910135156,0,0,0,12,12,3997,5593
reference_NY46__paper_roles,2019-08-05 07:00:00,6.45007006515,150.89926866,0,0,0,12,12,1006,7061
reference_NY46__paper_roles,2019-08-05 08:00:00,5.45891345516,625.019345737,1,0,0,12,12,530,8354
reference_NY46__paper_roles,2019-08-05 09:00:00,10.8212465349,502.93689961,1,0,0,12,12,4500,8254
reference_NY46__paper_roles,2019-08-05 10:00:00,14.0513517664,70.6308571739,0,0,0,12,12,6551,5277
reference_NY46__paper_roles,2019-08-05 11:00:00,13.611984327,77.2588457334,0,0,0,12,12,6324,5520
reference_NY46__paper_roles,2019-08-05 12:00:00,13.7095554957,91.1819430735,0,0,0,12,12,6381,5972
reference_NY46__paper_roles,2019-08-05 13:00:00,17.9569780972,133.82766058,0,0,0,12,12,7845,6846
reference_NY46__paper_roles,2019-08-05 14:00:00,15.1356647358,75.4053608374,0,0,0,12,12,6992,5455
reference_NY46__paper_roles,2019-08-05 15:00:00,16.3875691873,43.298859164,0,0,0,12,12,7447,3686
reference_NY46__paper_roles,2019-08-05 16:00:00,16.944352476,57.5116793322,0,0,0,12,12,7600,4672
reference_NY46__paper_roles,2019-08-05 17:00:00,17.2160108639,32.629687149,0,0,0,12,12,7677,2707
reference_NY46__paper_roles,2019-08-05 18:00:00,19.6919830022,157.779127984,0,0,0,12,12,8129,7140
reference_NY46__paper_roles,2019-08-05 19:00:00,21.4244825357,216.055359389,0,0,0,12,12,8350,7579
reference_NY46__paper_roles,2019-08-05 20:00:00,19.9385249596,320.76000319,0,0,0,12,12,8169,7987
reference_NY46__paper_roles,2019-08-05 21:00:00,20.2012028926,92.4273393052,0,0,0,12,12,8199,6021
reference_NY46__paper_roles,2019-08-05 22:00:00,11.8229817391,25.6114866137,0,0,0,12,12,5244,1888
reference_NY46__paper_roles,2019-08-05 23:00:00,13.1466262759,42.7695793731,0,0,0,12,12,6053,3636
reference_NY46__paper_roles,2019-08-06 00:00:00,5.60969717452,152.178331754,1,0,0,12,12,585,7074
reference_NY46__paper_roles,2019-08-06 01:00:00,2.77210796599,6.91062873178,0,0,0,12,12,16,18
reference_NY46__paper_roles,2019-08-06 02:00:00,7.93541050995,209.607823779,1,0,0,12,12,2038,7549
reference_NY46__paper_roles,2019-08-06 03:00:00,11.6570058051,211.864932506,1,0,0,12,12,5126,7558
reference_NY46__paper_roles,2019-08-06 04:00:00,13.1727131063,274.591835687,1,0,0,12,12,6067,7834
reference_NY46__paper_roles,2019-08-06 05:00:00,14.0427431161,2402.91941969,1,0,0,12,12,6547,8647
reference_NY46__paper_roles,2019-08-06 06:00:00,6.88962043116,99.7886825453,0,0,0,12,12,1257,6219
reference_NY46__paper_roles,2019-08-06 07:00:00,7.91888526939,96.9036056817,0,0,0,12,12,2023,6155
reference_NY46__paper_roles,2019-08-06 08:00:00,10.3176857645,337.525784116,0,0,0,12,12,4090,8025
reference_NY46__paper_roles,2019-08-06 09:00:00,15.5108291703,389.819663092,0,0,0,12,12,7137,8125
reference_NY46__paper_roles,2019-08-06 10:00:00,13.8424849233,114.465455576,0,0,0,12,12,6444,6513
reference_NY46__paper_roles,2019-08-06 11:00:00,14.5702958925,126.936020747,0,0,0,12,12,6780,6752
reference_NY46__paper_roles,2019-08-06 12:00:00,17.4434590052,132.936970181,0,0,0,12,12,7723,6834
reference_NY46__paper_roles,2019-08-06 13:00:00,14.8213778141,46.7552081162,0,0,0,12,12,6874,3948
reference_NY46__paper_roles,2019-08-06 14:00:00,10.8706402037,28.9287887038,0,0,0,12,12,4542,2302
reference_NY46__paper_roles,2019-08-06 15:00:00,14.0894033769,47.960671655,0,0,0,12,12,6569,4039
reference_NY46__paper_roles,2019-08-06 16:00:00,13.3525790255,42.7912306275,0,0,0,12,12,6161,3639
reference_NY46__paper_roles,2019-08-06 17:00:00,10.4289809502,28.3944628646,0,0,0,12,12,4186,2238
reference_NY46__paper_roles,2019-08-06 18:00:00,11.9375089493,25.4269336808,0,0,0,12,12,5352,1871
reference_NY46__paper_roles,2019-08-06 19:00:00,14.3343205104,28.3722907031,0,0,0,12,12,6666,2233
reference_NY46__paper_roles,2019-08-06 20:00:00,26.0574667777,65.0000745016,0,0,0,12,12,8621,5039
reference_NY46__paper_roles,2019-08-06 21:00:00,21.1921903422,84.3224212197,0,0,0,12,12,8327,5771
reference_NY46__paper_roles,2019-08-06 22:00:00,16.5077179786,441.004322567,0,0,0,13,13,7483,8182
reference_NY46__paper_roles,2019-08-06 23:00:00,17.7144793843,247.066993353,1,0,0,12,12,7786,7743
reference_NY46__paper_roles,2019-08-07 00:00:00,10.7890966474,255.939717686,1,0,0,12,12,4475,7778
reference_NY46__paper_roles,2019-08-07 01:00:00,9.9569799421,23.8730622532,0,0,0,12,12,3807,1667
reference_NY46__paper_roles,2019-08-07 02:00:00,10.7572700147,471.12444022,0,0,0,12,12,4447,8217
reference_NY46__paper_roles,2019-08-07 03:00:00,11.7181481902,38.078378896,0,0,0,12,12,5170,3245
reference_NY46__paper_roles,2019-08-07 04:00:00,15.7327986825,142.31727124,1,0,0,12,12,7225,6954
reference_NY46__paper_roles,2019-08-07 05:00:00,15.9861431953,67.909803672,0,0,0,12,12,7317,5163
reference_NY46__paper_roles,2019-08-07 06:00:00,11.2300724554,29.4830826104,0,0,0,12,12,4823,2374
reference_NY46__paper_roles,2019-08-07 07:00:00,11.0570339428,149.906903521,1,0,0,12,11,4683,7047
reference_NY46__paper_roles,2019-08-07 08:00:00,14.9735670152,231.78394715,1,0,0,12,12,6933,7666
reference_NY46__paper_roles,2019-08-07 09:00:00,16.2174708048,207.934043575,1,0,0,12,12,7393,7537
reference_NY46__paper_roles,2019-08-07 10:00:00,12.8665244418,215.269695783,1,0,0,12,12,5904,7575
reference_NY46__paper_roles,2019-08-07 11:00:00,9.39129871393,173.208808768,1,0,0,12,12,3303,7296
reference_NY46__paper_roles,2019-08-07 12:00:00,8.43397802932,236.514674444,1,0,0,12,12,2464,7696
reference_NY46__paper_roles,2019-08-07 13:00:00,14.8171408097,1253.53490159,0,0,0,12,12,6872,8539
reference_NY46__paper_roles,2019-08-07 14:00:00,13.8438791186,264.548529725,0,0,0,12,12,6446,7806
reference_NY46__paper_roles,2019-08-07 15:00:00,16.1302105806,300.500410553,0,0,0,12,12,7363,7924
reference_NY46__paper_roles,2019-08-07 16:00:00,16.1297915621,667.70437979,0,0,0,12,12,7362,8379
reference_NY46__paper_roles,2019-08-07 17:00:00,14.1457335504,90.2457000203,0,0,0,12,12,6590,5952
reference_NY46__paper_roles,2019-08-07 18:00:00,16.1044750561,70.3289071013,0,0,0,12,12,7355,5258
reference_NY46__paper_roles,2019-08-07 19:00:00,16.8118841163,67.5295464517,0,0,0,12,12,7568,5143
reference_NY46__paper_roles,2019-08-07 20:00:00,25.9200692347,175.464437294,1,0,0,12,12,8619,7312
reference_NY46__paper_roles,2019-08-07 21:00:00,24.472077897,174.503740909,0,0,0,12,12,8559,7306
reference_NY46__paper_roles,2019-08-07 22:00:00,16.8599399974,464.953199266,0,0,0,12,12,7581,8210
reference_NY46__paper_roles,2019-08-07 23:00:00,23.7144980363,67.2029649951,0,0,0,12,12,8523,5131
reference_NY46__paper_roles,2019-08-08 00:00:00,13.2564612352,323.702631959,1,0,0,12,12,6113,7992
reference_NY46__paper_roles,2019-08-08 01:00:00,10.385654815,149.162120221,1,0,0,12,12,4150,7036
reference_NY46__paper_roles,2019-08-08 02:00:00,8.85279183726,107.488855799,1,0,0,12,12,2840,6388
reference_NY46__paper_roles,2019-08-08 03:00:00,7.51305573414,99.6024567105,0,0,0,12,12,1723,6213
reference_NY46__paper_roles,2019-08-08 04:00:00,9.06214831,95.8655950092,0,0,0,12,12,3014,6125
reference_NY46__paper_roles,2019-08-08 05:00:00,16.4240958726,64.5577848467,0,0,0,12,12,7457,5017
reference_NY46__paper_roles,2019-08-08 06:00:00,13.4888365579,303.712024576,0,0,0,12,12,6248,7934
reference_NY46__paper_roles,2019-08-08 07:00:00,9.73170012786,76.6599307072,0,0,0,12,12,3617,5503
reference_NY46__paper_roles,2019-08-08 08:00:00,11.0741371508,69.2784751259,0,0,0,12,12,4690,5216
reference_NY46__paper_roles,2019-08-08 09:00:00,13.4211139554,108.365377797,1,0,0,12,12,6207,6400
reference_NY46__paper_roles,2019-08-08 10:00:00,13.2398707554,154.314054309,1,0,0,12,12,6101,7105
reference_NY46__paper_roles,2019-08-08 11:00:00,8.49928038994,150.451437781,1,0,0,12,12,2522,7056
reference_NY46__paper_roles,2019-08-08 12:00:00,15.7554742968,101.958398953,1,0,0,12,12,7240,6279
reference_NY46__paper_roles,2019-08-08 13:00:00,11.5572284706,73.2484274611,0,0,0,12,12,5054,5363
reference_NY46__paper_roles,2019-08-08 14:00:00,10.9739462901,83.6792732049,0,0,0,12,12,4621,5752
reference_NY46__paper_roles,2019-08-08 15:00:00,9.56023912831,22.4178379628,0,0,0,12,12,3465,1471
reference_NY46__paper_roles,2019-08-08 16:00:00,8.69370656126,15.8762593199,0,0,0,12,12,2675,583
reference_NY46__paper_roles,2019-08-08 17:00:00,7.65822414903,15.9125997294,0,0,0,13,13,1838,592
reference_NY46__paper_roles,2019-08-08 18:00:00,13.6801216668,50.5892777352,0,0,0,12,12,6366,4228
reference_NY46__paper_roles,2019-08-08 19:00:00,18.6811587975,85.9612571788,0,0,0,12,12,7965,5834
reference_NY46__paper_roles,2019-08-08 20:00:00,15.4000344793,132.726603267,1,0,0,12,12,7095,6832
reference_NY46__paper_roles,2019-08-08 21:00:00,13.3287728995,86.2344727575,0,0,0,11,11,6149,5842
reference_NY46__paper_roles,2019-08-08 22:00:00,9.16768353483,27.743738855,0,0,0,12,12,3111,2160
reference_NY46__paper_roles,2019-08-08 23:00:00,12.0757312537,25.705788335,0,0,0,12,12,5445,1910
reference_NY46__paper_roles,2019-08-09 00:00:00,7.65837093178,16.6910238784,0,0,0,12,12,1839,686
reference_NY46__paper_roles,2019-08-09 01:00:00,8.97838779071,129.780233927,0,0,0,12,12,2959,6793
reference_NY46__paper_roles,2019-08-09 02:00:00,12.8362231824,112.755437026,0,0,0,12,12,5885,6483
reference_NY46__paper_roles,2019-08-09 03:00:00,14.5387323931,62.7633973844,0,0,0,12,12,6771,4926
reference_NY46__paper_roles,2019-08-09 04:00:00,19.0425747038,45.122239533,0,0,0,12,12,8023,3820
reference_NY46__paper_roles,2019-08-09 05:00:00,21.1596579099,89.3346428256,0,0,0,12,12,8323,5925
reference_NY46__paper_roles,2019-08-09 06:00:00,18.7284386156,149.594677428,0,0,0,12,12,7969,7042
reference_NY46__paper_roles,2019-08-09 07:00:00,11.6659182132,17.1721711834,0,0,0,12,12,5132,747
reference_NY46__paper_roles,2019-08-09 08:00:00,10.172936735,37.2103027469,0,0,0,12,12,3981,3159
reference_NY46__paper_roles,2019-08-09 09:00:00,9.2095422949,33.4362145459,0,0,0,12,12,3148,2793
reference_NY46__paper_roles,2019-08-09 10:00:00,12.3658889628,37.4480109772,0,0,0,12,12,5612,3177
reference_NY46__paper_roles,2019-08-09 11:00:00,11.3225704159,50.7674190169,0,0,0,12,12,4887,4244
reference_NY46__paper_roles,2019-08-09 12:00:00,12.1878259096,62.7791642118,0,0,0,12,12,5521,4929
reference_NY46__paper_roles,2019-08-09 13:00:00,10.7430161594,45.6432283726,0,0,0,12,12,4435,3867
reference_NY46__paper_roles,2019-08-09 14:00:00,9.8329425715,19.091007092,0,0,0,12,12,3700,1000
reference_NY46__paper_roles,2019-08-09 15:00:00,8.27966309926,25.6256259507,0,0,0,11,11,2323,1891
reference_NY46__paper_roles,2019-08-09 16:00:00,8.7794926347,17.5616866016,0,0,0,12,12,2766,791
reference_NY46__paper_roles,2019-08-09 17:00:00,7.17683535189,16.0643104718,0,0,0,12,12,1455,615
reference_NY46__paper_roles,2019-08-09 18:00:00,8.20522243078,24.3043045776,0,0,0,12,12,2270,1721
reference_NY46__paper_roles,2019-08-09 19:00:00,9.99294598148,17.3600731808,0,0,0,12,12,3838,762
reference_NY46__paper_roles,2019-08-09 20:00:00,11.2008280117,17.9516750728,0,0,0,12,12,4802,844
reference_NY46__paper_roles,2019-08-09 21:00:00,11.9143568058,24.1189073366,0,0,0,12,12,5331,1699
reference_NY46__paper_roles,2019-08-09 22:00:00,8.88749462643,15.141415237,0,0,0,12,12,2888,502
reference_NY46__paper_roles,2019-08-09 23:00:00,15.483334035,122.120267238,0,0,0,12,12,7129,6656
reference_NY46__paper_roles,2019-08-10 00:00:00,3.53901501664,14.275183645,0,0,0,13,13,67,418
reference_NY46__paper_roles,2019-08-10 01:00:00,6.6370483152,23.3459605447,0,0,0,11,11,1111,1594
reference_NY46__paper_roles,2019-08-10 02:00:00,9.4771312764,62.9212247055,0,0,0,12,12,3381,4935
reference_NY46__paper_roles,2019-08-10 03:00:00,12.3118717236,50.8604104729,0,0,0,12,12,5583,4251
reference_NY46__paper_roles,2019-08-10 04:00:00,12.2556368642,54.4982418506,0,0,0,12,12,5562,4492
reference_NY46__paper_roles,2019-08-10 05:00:00,9.7371684014,31.8793397842,0,0,0,12,12,3619,2629
reference_NY46__paper_roles,2019-08-10 06:00:00,18.0026063331,68.3600427973,0,0,0,12,12,7856,5186
reference_NY46__paper_roles,2019-08-10 07:00:00,14.5357494243,27.5768419063,0,0,0,12,12,6769,2141
reference_NY46__paper_roles,2019-08-10 08:00:00,11.4025413337,26.9339104326,0,0,0,12,12,4952,2066
reference_NY46__paper_roles,2019-08-10 09:00:00,8.00467167878,66.5450148244,0,0,0,12,12,2101,5101
reference_NY46__paper_roles,2019-08-10 10:00:00,8.4035536661,80.4669031261,0,0,0,12,12,2435,5636
reference_NY46__paper_roles,2019-08-10 11:00:00,8.40918622479,73.697712368,0,0,0,12,12,2442,5386
reference_NY46__paper_roles,2019-08-10 12:00:00,8.3571719775,70.3788906557,0,0,0,12,12,2398,5261
reference_NY46__paper_roles,2019-08-10 13:00:00,7.96160162531,59.2472666961,0,0,0,12,12,2061,4755
reference_NY46__paper_roles,2019-08-10 14:00:00,8.4334324968,71.4730009003,0,0,0,12,12,2462,5305
reference_NY46__paper_roles,2019-08-10 15:00:00,8.3583800509,117.81140175,0,0,0,12,12,2399,6562
reference_NY46__paper_roles,2019-08-10 16:00:00,8.71303524701,131.593211178,0,0,0,12,12,2695,6814
reference_NY46__paper_roles,2019-08-10 17:00:00,7.16505523644,118.399610778,0,0,0,12,12,1447,6575
reference_NY46__paper_roles,2019-08-10 18:00:00,4.89744233458,41.5665303054,0,0,0,12,12,337,3549
reference_NY46__paper_roles,2019-08-10 19:00:00,4.68573410206,8.34224970066,0,0,0,12,12,271,55
reference_NY46__paper_roles,2019-08-10 20:00:00,6.37927206171,27.6083994055,0,0,0,12,12,951,2146
reference_NY46__paper_roles,2019-08-10 21:00:00,10.137808624,26.5104932691,0,0,0,12,12,3953,2021
reference_NY46__paper_roles,2019-08-10 22:00:00,7.76454169925,15.071223501,0,0,0,12,12,1917,494
reference_NY46__paper_roles,2019-08-10 23:00:00,7.84583095159,15.8344378649,0,0,0,12,12,1972,579
reference_NY46__paper_roles,2019-08-11 00:00:00,5.08103307564,8.08505951593,0,0,0,12,12,389,43
reference_NY46__paper_roles,2019-08-11 01:00:00,6.49640459458,56.0892241182,0,0,0,12,12,1032,4591
reference_NY46__paper_roles,2019-08-11 02:00:00,7.16168753235,68.8827683305,0,0,0,12,12,1444,5204
reference_NY46__paper_roles,2019-08-11 03:00:00,7.65931284868,42.0225823673,0,0,0,12,12,1843,3584
reference_NY46__paper_roles,2019-08-11 04:00:00,10.3008462177,22.4611226878,0,0,0,12,12,4074,1480
reference_NY46__paper_roles,2019-08-11 05:00:00,9.66050649086,25.4132619601,0,0,0,12,12,3558,1867
reference_NY46__paper_roles,2019-08-11 06:00:00,9.40471665185,26.2640669861,0,0,0,12,12,3313,1992
reference_NY46__paper_roles,2019-08-11 07:00:00,10.5084766018,39.5156399203,0,0,0,12,12,4248,3381
reference_NY46__paper_roles,2019-08-11 08:00:00,7.32507285824,16.4320138219,0,0,0,12,12,1554,650
reference_NY46__paper_roles,2019-08-11 09:00:00,12.0150603964,46.4970638595,0,0,0,13,13,5404,3934
reference_NY46__paper_roles,2019-08-11 10:00:00,6.70433191644,51.8503149982,0,0,0,12,12,1156,4322
reference_NY46__paper_roles,2019-08-11 11:00:00,7.36890708202,44.7543702592,0,0,0,12,12,1596,3797
reference_NY46__paper_roles,2019-08-11 12:00:00,9.88587055266,65.9867042049,0,0,0,12,12,3749,5078
reference_NY46__paper_roles,2019-08-11 13:00:00,9.10715065629,68.512273858,0,0,0,12,12,3051,5193
reference_NY46__paper_roles,2019-08-11 14:00:00,5.63593914364,33.528946378,0,0,0,12,12,595,2804
reference_NY46__paper_roles,2019-08-11 15:00:00,5.45105269685,8.96512822472,0,0,0,12,12,529,73
reference_NY46__paper_roles,2019-08-11 16:00:00,5.9515655624,13.5558768713,0,0,0,12,12,728,351
reference_NY46__paper_roles,2019-08-11 17:00:00,8.08800261285,26.5534049785,0,0,0,12,12,2167,2027
reference_NY46__paper_roles,2019-08-11 18:00:00,8.57957899383,37.3514509152,0,0,0,12,12,2593,3170
reference_NY46__paper_roles,2019-08-11 19:00:00,7.79931319417,33.1556470343,0,0,0,12,12,1939,2762
reference_NY46__paper_roles,2019-08-11 20:00:00,7.07234286375,34.6104042593,0,0,0,12,12,1385,2915
reference_NY46__paper_roles,2019-08-11 21:00:00,11.9342680573,22.1882689102,0,0,0,12,12,5347,1439
reference_NY46__paper_roles,2019-08-11 22:00:00,5.8909702128,13.6243036128,0,0,0,12,12,704,357
reference_NY46__paper_roles,2019-08-11 23:00:00,3.17836605725,8.26427895941,0,0,0,12,12,34,53
reference_NY46__paper_roles,2019-08-12 00:00:00,6.81800033897,26.9545703198,0,0,0,12,12,1222,2070
reference_NY46__paper_roles,2019-08-12 01:00:00,8.39045951971,76.3389965063,0,0,0,12,12,2426,5495
reference_NY46__paper_roles,2019-08-12 02:00:00,12.4237146725,227.314932983,0,0,0,12,12,5655,7640
reference_NY46__paper_roles,2019-08-12 03:00:00,12.4716286336,30105.2902324,0,0,0,12,12,5688,8749
reference_NY46__paper_roles,2019-08-12 04:00:00,18.3924780864,3159.15238434,0,0,0,12,12,7918,8673
reference_NY46__paper_roles,2019-08-12 05:00:00,23.9238904603,428.062237323,0,0,0,12,12,8532,8166
reference_NY46__paper_roles,2019-08-12 06:00:00,17.6418567512,120.581841585,0,0,0,12,12,7770,6623
reference_NY46__paper_roles,2019-08-12 07:00:00,12.0338007221,45.2634891257,0,0,0,12,12,5417,3835
reference_NY46__paper_roles,2019-08-12 08:00:00,8.93628836505,259.643236824,1,0,0,12,12,2925,7795
reference_NY46__paper_roles,2019-08-12 09:00:00,12.080878748,142.54024754,1,0,0,12,12,5450,6957
reference_NY46__paper_roles,2019-08-12 10:00:00,8.27031559239,48.1927026589,0,0,0,12,12,2317,4058
reference_NY46__paper_roles,2019-08-12 11:00:00,9.95742826443,59.2954387374,0,0,0,12,12,3808,4762
reference_NY46__paper_roles,2019-08-12 12:00:00,8.87067345488,76.7043081363,0,0,0,12,12,2857,5504
reference_NY46__paper_roles,2019-08-12 13:00:00,8.71464645924,191.494302831,1,0,0,12,12,2696,7423
reference_NY46__paper_roles,2019-08-12 14:00:00,6.43612681918,3424.71957469,0,0,0,12,12,994,8679
reference_NY46__paper_roles,2019-08-12 15:00:00,6.07256159573,197.5953925,0,0,0,12,12,785,7470
reference_NY46__paper_roles,2019-08-12 16:00:00,6.20382723799,63.803664438,0,0,0,12,12,845,4976
reference_NY46__paper_roles,2019-08-12 17:00:00,8.48422780284,94.9501988175,0,0,0,12,12,2505,6098
reference_NY46__paper_roles,2019-08-12 18:00:00,10.0383647352,85.3187891572,0,0,0,12,12,3873,5811
reference_NY46__paper_roles,2019-08-12 19:00:00,11.7073753012,116.265450187,1,0,0,12,12,5160,6535
reference_NY46__paper_roles,2019-08-12 20:00:00,12.5861230697,133.312371338,1,0,0,12,12,5748,6838
reference_NY46__paper_roles,2019-08-12 21:00:00,10.3527319493,145.482361077,1,0,0,12,12,4117,6994
reference_NY46__paper_roles,2019-08-12 22:00:00,7.41630531032,153.078922302,1,0,0,12,12,1636,7086
reference_NY46__paper_roles,2019-08-12 23:00:00,8.9307215892,72.4787079806,0,0,0,12,12,2920,5342
reference_NY46__paper_roles,2019-08-13 00:00:00,11.0902279892,834.491966851,0,0,0,12,12,4703,8447
reference_NY46__paper_roles,2019-08-13 01:00:00,6.3871363957,286.69855375,1,0,0,12,12,958,7891
reference_NY46__paper_roles,2019-08-13 02:00:00,7.94600793219,141.355844201,1,0,0,12,12,2044,6946
reference_NY46__paper_roles,2019-08-13 03:00:00,7.86121865433,280.270844216,1,0,0,12,12,1984,7862
reference_NY46__paper_roles,2019-08-13 04:00:00,19.0311555989,274.740601498,1,0,0,12,12,8022,7835
reference_NY46__paper_roles,2019-08-13 05:00:00,18.0350582622,160.72168417,1,0,0,12,12,7861,7169
reference_NY46__paper_roles,2019-08-13 06:00:00,11.0031027395,142.557284322,1,0,0,12,12,4647,6959
reference_NY46__paper_roles,2019-08-13 07:00:00,9.85673138575,39.4426853517,0,0,0,12,12,3724,3377
reference_NY46__paper_roles,2019-08-13 08:00:00,11.5834041027,101.003735308,1,0,0,12,12,5070,6252
reference_NY46__paper_roles,2019-08-13 09:00:00,12.1833139064,117.395930326,1,0,0,12,12,5519,6551
reference_NY46__paper_roles,2019-08-13 10:00:00,8.94482681066,176.214128734,1,0,0,12,12,2932,7320
reference_NY46__paper_roles,2019-08-13 11:00:00,9.18997522972,1354.51026017,1,0,0,12,12,3128,8551
reference_NY46__paper_roles,2019-08-13 12:00:00,12.2467023937,4565.21596991,1,0,0,12,12,5555,8705
reference_NY46__paper_roles,2019-08-13 13:00:00,11.9353288535,136.655875787,0,0,0,12,12,5348,6880
reference_NY46__paper_roles,2019-08-13 14:00:00,8.58820928377,81.5034066109,0,0,0,12,12,2601,5687
reference_NY46__paper_roles,2019-08-13 15:00:00,8.12985560199,22.0218680753,0,0,0,12,12,2204,1415
reference_NY46__paper_roles,2019-08-13 16:00:00,8.25751066319,23.7533216959,0,0,0,12,12,2309,1645
reference_NY46__paper_roles,2019-08-13 17:00:00,9.26375319314,26.6051827575,0,0,0,12,12,3198,2030
reference_NY46__paper_roles,2019-08-13 18:00:00,12.0998518631,55.2130760957,0,0,0,12,12,5461,4535
reference_NY46__paper_roles,2019-08-13 19:00:00,11.893573329,67.0196183382,0,0,0,12,12,5310,5122
reference_NY46__paper_roles,2019-08-13 20:00:00,14.822017224,191.288481529,1,0,0,12,12,6875,7422
reference_NY46__paper_roles,2019-08-13 21:00:00,17.8171380086,137.508762058,1,0,0,12,12,7806,6897
reference_NY46__paper_roles,2019-08-13 22:00:00,12.1019685642,120.03521047,1,0,0,12,12,5462,6605
reference_NY46__paper_roles,2019-08-13 23:00:00,5.76041810118,31.387423009,0,0,0,12,12,647,2578
reference_NY46__paper_roles,2019-08-14 00:00:00,7.35139724533,40.158187091,0,0,0,12,12,1579,3437
reference_NY46__paper_roles,2019-08-14 01:00:00,6.04513760016,18.7630567002,0,0,0,12,12,775,944
reference_NY46__paper_roles,2019-08-14 02:00:00,7.39218039902,204.818565127,0,0,0,12,12,1621,7521
reference_NY46__paper_roles,2019-08-14 03:00:00,8.56979234071,236.477258582,0,0,0,12,12,2582,7695
reference_NY46__paper_roles,2019-08-14 04:00:00,12.5534673362,103.680013414,0,0,0,12,12,5730,6319
reference_NY46__paper_roles,2019-08-14 05:00:00,16.4038354179,174.11240955,0,0,0,12,12,7452,7304
reference_NY46__paper_roles,2019-08-14 06:00:00,6.92667706382,35.8922243847,0,0,0,12,12,1284,3032
reference_NY46__paper_roles,2019-08-14 07:00:00,6.85497155221,31.3626603363,0,0,0,12,12,1236,2575
reference_NY46__paper_roles,2019-08-14 08:00:00,8.15808179354,44.6999098758,0,0,0,12,12,2224,3794
reference_NY46__paper_roles,2019-08-14 09:00:00,10.9788783897,139.005148579,1,0,0,12,12,4628,6914
reference_NY46__paper_roles,2019-08-14 10:00:00,9.49529339107,348.579491191,1,0,0,11,11,3401,8061
reference_NY46__paper_roles,2019-08-14 11:00:00,10.5749150756,646.145627442,1,0,0,12,12,4311,8360
reference_NY46__paper_roles,2019-08-14 12:00:00,10.1420044157,239.654452113,1,0,0,12,12,3955,7708
reference_NY46__paper_roles,2019-08-14 13:00:00,8.23748306595,613.959693111,0,0,0,12,12,2294,8348
reference_NY46__paper_roles,2019-08-14 14:00:00,7.60547014066,5517.28852288,1,0,0,12,12,1796,8717
reference_NY46__paper_roles,2019-08-14 15:00:00,6.49534171558,1067.95002228,0,0,0,12,12,1031,8507
reference_NY46__paper_roles,2019-08-14 16:00:00,7.2870067819,463.932646509,1,0,0,12,11,1521,8208
reference_NY46__paper_roles,2019-08-14 17:00:00,9.12967044215,250.946335499,1,0,0,12,12,3069,7761
reference_NY46__paper_roles,2019-08-14 18:00:00,12.1943968471,195.253139512,1,0,0,12,12,5527,7451
reference_NY46__paper_roles,2019-08-14 19:00:00,10.8302192895,114.992625115,1,0,0,12,12,4508,6522
reference_NY46__paper_roles,2019-08-14 20:00:00,9.83615974742,129.427664218,1,0,0,13,12,3701,6790
reference_NY46__paper_roles,2019-08-14 21:00:00,13.5899650303,217.155013931,1,0,0,11,11,6312,7589
reference_NY46__paper_roles,2019-08-14 22:00:00,11.0264819784,290.579075474,1,0,0,12,12,4663,7904
reference_NY46__paper_roles,2019-08-14 23:00:00,13.1625565579,120.022909893,0,0,0,12,12,6062,6604
reference_NY46__paper_roles,2019-08-15 00:00:00,4.02807925754,126.425157905,1,0,0,11,11,134,6735
reference_NY46__paper_roles,2019-08-15 01:00:00,3.71926970013,196.796192804,1,0,0,12,12,95,7465
reference_NY46__paper_roles,2019-08-15 02:00:00,4.86246327201,3926.57294838,0,0,0,12,12,326,8691
reference_NY46__paper_roles,2019-08-15 03:00:00,7.30929921637,107.422365479,1,0,0,12,12,1544,6387
reference_NY46__paper_roles,2019-08-15 04:00:00,9.78469737603,137.182225793,1,0,0,12,12,3651,6892
reference_NY46__paper_roles,2019-08-15 05:00:00,12.2251315716,1505.3791416,1,0,0,12,12,5544,8574
reference_NY46__paper_roles,2019-08-15 06:00:00,6.81344976586,169.806885642,1,0,0,12,12,1217,7263
reference_NY46__paper_roles,2019-08-15 07:00:00,7.95336392855,160.972368839,1,0,0,13,13,2055,7174
reference_NY46__paper_roles,2019-08-15 08:00:00,10.2468394749,193.615898012,1,0,0,12,12,4038,7438
reference_NY46__paper_roles,2019-08-15 09:00:00,10.4031475775,821.693864486,1,0,0,12,12,4168,8440
reference_NY46__paper_roles,2019-08-15 10:00:00,9.87425110157,492.671077233,0,0,0,12,12,3742,8246
reference_NY46__paper_roles,2019-08-15 11:00:00,11.0486447808,517.336226794,0,0,0,12,12,4677,8272
reference_NY46__paper_roles,2019-08-15 12:00:00,10.2477593496,209.822098585,1,0,0,12,12,4040,7550
reference_NY46__paper_roles,2019-08-15 13:00:00,12.8928668577,874.637011193,1,0,0,12,12,5921,8462
reference_NY46__paper_roles,2019-08-15 14:00:00,8.73247166965,1386.68017801,1,0,0,12,12,2715,8558
reference_NY46__paper_roles,2019-08-15 15:00:00,11.8697318091,587.640283444,1,0,0,12,12,5293,8328
reference_NY46__paper_roles,2019-08-15 16:00:00,11.3648191711,305.812375264,1,0,0,12,12,4923,7943
reference_NY46__paper_roles,2019-08-15 17:00:00,10.9389904867,161.280567584,1,0,0,12,12,4591,7178
reference_NY46__paper_roles,2019-08-15 18:00:00,9.94792570373,164.198001383,1,0,0,12,12,3799,7212
reference_NY46__paper_roles,2019-08-15 19:00:00,10.7696635292,172.026602427,1,0,0,13,11,4458,7285
reference_NY46__paper_roles,2019-08-15 20:00:00,15.29123115,253.224212956,1,0,0,12,12,7043,7768
reference_NY46__paper_roles,2019-08-15 21:00:00,14.9701949623,275.372223463,1,0,0,12,12,6931,7838
reference_NY46__paper_roles,2019-08-15 22:00:00,6.98267677602,171.620026123,1,0,0,12,12,1332,7281
reference_NY46__paper_roles,2019-08-15 23:00:00,11.0787976404,22.4839181054,0,0,0,12,12,4695,1482
reference_NY46__paper_roles,2019-08-16 00:00:00,7.2190207682,190.775490042,0,0,0,12,12,1486,7417
reference_NY46__paper_roles,2019-08-16 01:00:00,6.64130477154,822.328572778,0,0,0,12,12,1115,8441
reference_NY46__paper_roles,2019-08-16 02:00:00,9.67489379267,379.737009851,0,0,0,12,12,3571,8113
reference_NY46__paper_roles,2019-08-16 03:00:00,8.09505118985,902.723792633,1,0,0,12,12,2180,8469
reference_NY46__paper_roles,2019-08-16 04:00:00,11.1400131395,317.805607763,1,0,0,12,12,4745,7979
reference_NY46__paper_roles,2019-08-16 05:00:00,15.0310094946,447.767872444,1,0,0,12,12,6950,8189
reference_NY46__paper_roles,2019-08-16 06:00:00,9.91689746295,257.29114289,1,0,0,13,12,3779,7785
reference_NY46__paper_roles,2019-08-16 07:00:00,10.62182711,163.166278102,1,0,0,14,14,4352,7195
reference_NY46__paper_roles,2019-08-16 08:00:00,9.99900384726,180.875522304,1,0,0,10,10,3841,7353
reference_NY46__paper_roles,2019-08-16 09:00:00,10.8535154557,430.16596969,1,0,0,12,12,4531,8169
reference_NY46__paper_roles,2019-08-16 10:00:00,11.648956557,507.352565235,1,0,0,12,12,5116,8259
reference_NY46__paper_roles,2019-08-16 11:00:00,10.437592441,1258.97828167,0,0,0,12,12,4193,8541
reference_NY46__paper_roles,2019-08-16 12:00:00,12.1126536031,7428.41868647,1,0,0,12,12,5468,8730
reference_NY46__paper_roles,2019-08-16 13:00:00,8.04673583373,443.699637495,1,0,0,12,12,2129,8186
reference_NY46__paper_roles,2019-08-16 14:00:00,7.40254221404,243.594881489,0,0,0,12,12,1624,7728
reference_NY46__paper_roles,2019-08-16 15:00:00,11.8763190113,439.77390547,1,0,0,12,12,5297,8181
reference_NY46__paper_roles,2019-08-16 16:00:00,11.3599070109,191.696957805,1,0,0,12,12,4920,7425
reference_NY46__paper_roles,2019-08-16 17:00:00,13.6231785014,272.811458311,1,0,0,12,12,6330,7829
reference_NY46__paper_roles,2019-08-16 18:00:00,11.8560586305,136.71785862,1,0,0,12,12,5273,6882
reference_NY46__paper_roles,2019-08-16 19:00:00,13.5794093667,174.634908883,1,0,0,12,12,6306,7308
reference_NY46__paper_roles,2019-08-16 20:00:00,12.3073442277,154.913566279,1,0,0,12,12,5580,7110
reference_NY46__paper_roles,2019-08-16 21:00:00,11.6843530233,219.726187053,1,0,0,12,12,5148,7601
reference_NY46__paper_roles,2019-08-16 22:00:00,8.16568726173,315.830380183,1,0,0,12,12,2233,7968
reference_NY46__paper_roles,2019-08-16 23:00:00,11.3654763282,251.646609174,1,0,0,12,12,4924,7762
reference_NY46__paper_roles,2019-08-17 00:00:00,5.67348179034,267.935587131,1,0,0,12,12,610,7817
reference_NY46__paper_roles,2019-08-17 01:00:00,6.6581868565,79.4191173822,0,0,0,12,12,1128,5599
reference_NY46__paper_roles,2019-08-17 02:00:00,7.6147181038,56.9572941122,0,0,0,12,12,1806,4641
reference_NY46__paper_roles,2019-08-17 03:00:00,11.5264030167,59.0449408217,0,0,0,12,12,5032,4744
reference_NY46__paper_roles,2019-08-17 04:00:00,10.9860575785,46.5181207412,0,0,0,12,12,4635,3937
reference_NY46__paper_roles,2019-08-17 05:00:00,10.8171192297,43.295167087,0,0,0,12,12,4495,3685
reference_NY46__paper_roles,2019-08-17 06:00:00,12.7519124203,22.0378177174,0,0,0,12,12,5835,1418
reference_NY46__paper_roles,2019-08-17 07:00:00,18.0851904929,31.5762999726,0,0,0,12,12,7875,2593
reference_NY46__paper_roles,2019-08-17 08:00:00,11.7422842247,22.7241462848,0,0,0,12,12,5187,1508
reference_NY46__paper_roles,2019-08-17 09:00:00,8.53808099771,26.0348926904,0,0,0,12,12,2549,1958
reference_NY46__paper_roles,2019-08-17 10:00:00,6.95133932848,16.337104491,0,0,0,12,12,1303,640
reference_NY46__paper_roles,2019-08-17 11:00:00,8.23317591655,28.9638398125,0,0,0,12,12,2290,2308
reference_NY46__paper_roles,2019-08-17 12:00:00,9.38076412623,39.5565896061,0,0,0,12,12,3291,3385
reference_NY46__paper_roles,2019-08-17 13:00:00,9.97345243807,52.2040111203,0,0,0,11,11,3816,4348
reference_NY46__paper_roles,2019-08-17 14:00:00,10.1144500037,62.0138315615,0,0,0,12,12,3936,4896
reference_NY46__paper_roles,2019-08-17 15:00:00,9.16374202861,39.8070591986,0,0,0,12,12,3105,3410
reference_NY46__paper_roles,2019-08-17 16:00:00,9.47196969316,39.2146399414,0,0,0,12,12,3374,3355
reference_NY46__paper_roles,2019-08-17 17:00:00,9.56040526084,40.5385547468,0,0,0,12,12,3466,3473
reference_NY46__paper_roles,2019-08-17 18:00:00,10.9973461586,55.8836510731,0,0,0,12,12,4644,4579
reference_NY46__paper_roles,2019-08-17 19:00:00,11.5709503314,91.3785713615,0,0,0,12,12,5065,5979
reference_NY46__paper_roles,2019-08-17 20:00:00,11.049156206,84.7453218306,0,0,0,12,12,4678,5787
reference_NY46__paper_roles,2019-08-17 21:00:00,6.95623376071,47.7895256241,0,0,0,13,13,1310,4024
reference_NY46__paper_roles,2019-08-17 22:00:00,7.86685460826,111.205386752,1,0,0,12,12,1989,6452
reference_NY46__paper_roles,2019-08-17 23:00:00,5.44715578849,48.0976867042,0,0,0,12,12,528,4050
reference_NY46__paper_roles,2019-08-18 00:00:00,6.55620970856,53.9141800898,0,0,0,13,12,1062,4459
reference_NY46__paper_roles,2019-08-18 01:00:00,8.80701820959,48.3099636888,0,0,0,12,12,2794,4066
reference_NY46__paper_roles,2019-08-18 02:00:00,12.1732451282,47.7412649419,0,0,0,12,12,5508,4020
reference_NY46__paper_roles,2019-08-18 03:00:00,14.7763876627,48.8254618724,0,0,0,12,12,6855,4111
reference_NY46__paper_roles,2019-08-18 04:00:00,15.2680751213,46.8557216837,0,0,0,12,12,7028,3951
reference_NY46__paper_roles,2019-08-18 05:00:00,11.4523551448,40.4410197735,0,0,0,12,12,4987,3462
reference_NY46__paper_roles,2019-08-18 06:00:00,11.2232162046,35.1864865618,0,0,0,12,12,4817,2967
reference_NY46__paper_roles,2019-08-18 07:00:00,12.8762618231,23.7345664934,0,0,0,12,12,5907,1643
reference_NY46__paper_roles,2019-08-18 08:00:00,15.5831741388,31.3616721394,0,0,0,12,12,7162,2574
reference_NY46__paper_roles,2019-08-18 09:00:00,11.9315855428,23.197887968,0,0,0,12,12,5344,1571
reference_NY46__paper_roles,2019-08-18 10:00:00,10.7577343861,18.9347868376,0,0,0,14,14,4448,969
reference_NY46__paper_roles,2019-08-18 11:00:00,12.4401825574,47.4964159456,0,0,0,11,11,5667,4007
reference_NY46__paper_roles,2019-08-18 12:00:00,11.9016205733,67.1459321737,0,0,0,11,11,5318,5125
reference_NY46__paper_roles,2019-08-18 13:00:00,9.5279378847,48.1840272198,0,0,0,12,12,3440,4057
reference_NY46__paper_roles,2019-08-18 14:00:00,14.4352405677,65.9921781922,0,0,0,12,12,6727,5080
reference_NY46__paper_roles,2019-08-18 15:00:00,13.9808509,43.9610342585,0,0,0,12,12,6515,3729
reference_NY46__paper_roles,2019-08-18 16:00:00,14.453035645,70.1136172714,0,0,0,12,12,6737,5250
reference_NY46__paper_roles,2019-08-18 17:00:00,19.8844079871,195.405950596,1,0,0,12,12,8161,7453
reference_NY46__paper_roles,2019-08-18 18:00:00,20.3749722397,287.30814935,1,0,0,12,12,8224,7893
reference_NY46__paper_roles,2019-08-18 19:00:00,16.6475911486,178.63812179,1,0,0,12,12,7526,7337
reference_NY46__paper_roles,2019-08-18 20:00:00,17.7918865227,234.264397763,1,0,0,12,12,7800,7678
reference_NY46__paper_roles,2019-08-18 21:00:00,16.978563573,235.808402899,1,0,0,12,12,7617,7691
reference_NY46__paper_roles,2019-08-18 22:00:00,10.4552094422,192.991224213,1,0,0,12,12,4211,7435
reference_NY46__paper_roles,2019-08-18 23:00:00,11.2505936535,16507.1444308,0,0,0,12,12,4833,8742
reference_NY46__paper_roles,2019-08-19 00:00:00,7.29437942591,29.2353841989,0,0,0,12,12,1527,2344
reference_NY46__paper_roles,2019-08-19 01:00:00,10.8207284904,80.4584207245,0,0,0,12,12,4499,5635
reference_NY46__paper_roles,2019-08-19 02:00:00,10.4086826405,98.9066892195,0,0,0,12,12,4175,6190
reference_NY46__paper_roles,2019-08-19 03:00:00,11.1415679052,64.2827091879,0,0,0,12,12,4748,4997
reference_NY46__paper_roles,2019-08-19 04:00:00,10.8519119821,28.9792756802,0,0,0,12,12,4529,2311
reference_NY46__paper_roles,2019-08-19 05:00:00,15.0867680533,125.552669935,1,0,0,12,12,6969,6718
reference_NY46__paper_roles,2019-08-19 06:00:00,8.32694940762,1108.16777218,1,0,0,12,12,2373,8519
reference_NY46__paper_roles,2019-08-19 07:00:00,14.2941998053,91.4847638235,0,0,0,12,12,6647,5983
reference_NY46__paper_roles,2019-08-19 08:00:00,14.3036197596,84.282370153,0,0,0,12,12,6651,5770
reference_NY46__paper_roles,2019-08-19 09:00:00,14.3988616339,105.15011823,1,0,0,12,12,6708,6350
reference_NY46__paper_roles,2019-08-19 10:00:00,10.1676647604,105.681449243,1,0,0,12,12,3980,6362
reference_NY46__paper_roles,2019-08-19 11:00:00,8.88201197905,113.78862109,1,0,0,12,12,2875,6500
reference_NY46__paper_roles,2019-08-19 12:00:00,8.09377997199,147.058921445,1,0,0,12,12,2177,7018
reference_NY46__paper_roles,2019-08-19 13:00:00,9.25441613699,103.596015917,1,0,0,12,12,3191,6314
reference_NY46__paper_roles,2019-08-19 14:00:00,8.79473299663,94.1887399618,0,0,0,12,12,2780,6073
reference_NY46__paper_roles,2019-08-19 15:00:00,16.006718703,220.471289097,1,0,0,12,12,7326,7604
reference_NY46__paper_roles,2019-08-19 16:00:00,25.374530479,1072.4123692,0,0,0,12,12,8599,8508
reference_NY46__paper_roles,2019-08-19 17:00:00,14.5480230147,163.637273465,0,0,0,12,12,6774,7206
reference_NY46__paper_roles,2019-08-19 18:00:00,14.3454448544,102.2661279,0,0,0,12,12,6676,6286
reference_NY46__paper_roles,2019-08-19 19:00:00,11.3013097038,1105.05532145,1,0,0,12,12,4867,8517
reference_NY46__paper_roles,2019-08-19 20:00:00,8.60748283234,280.039033999,1,0,0,12,12,2611,7860
reference_NY46__paper_roles,2019-08-19 21:00:00,15.0664302161,2260.24748312,1,0,0,12,12,6963,8636
reference_NY46__paper_roles,2019-08-19 22:00:00,15.5364038378,230.10372615,1,0,0,12,12,7145,7658
reference_NY46__paper_roles,2019-08-19 23:00:00,6.60173343632,219.091165368,0,0,0,12,12,1090,7599
reference_NY46__paper_roles,2019-08-20 00:00:00,4.02656661313,11.188678715,0,0,0,12,12,133,177
reference_NY46__paper_roles,2019-08-20 01:00:00,3.59779873514,48.7714838688,0,0,0,12,12,76,4108
reference_NY46__paper_roles,2019-08-20 02:00:00,8.31346527608,99.6796021593,0,0,0,12,12,2356,6215
reference_NY46__paper_roles,2019-08-20 03:00:00,8.34364386428,169.206872016,1,0,0,12,12,2387,7255
reference_NY46__paper_roles,2019-08-20 04:00:00,8.31898786969,81.074603128,0,0,0,14,12,2366,5668
reference_NY46__paper_roles,2019-08-20 05:00:00,12.1398686003,21.8349290385,0,0,0,12,12,5481,1381
reference_NY46__paper_roles,2019-08-20 06:00:00,4.99833564128,84.5637186132,0,0,0,12,12,361,5781
reference_NY46__paper_roles,2019-08-20 07:00:00,9.97586513698,70.3866160789,0,0,0,12,12,3818,5262
reference_NY46__paper_roles,2019-08-20 08:00:00,15.0964097902,85.1691721071,0,0,0,11,10,6973,5803
reference_NY46__paper_roles,2019-08-20 09:00:00,16.0657746619,108.457845212,1,0,0,12,12,7341,6406
reference_NY46__paper_roles,2019-08-20 10:00:00,11.2569265664,139.780686868,1,0,0,13,12,4837,6926
reference_NY46__paper_roles,2019-08-20 11:00:00,12.4019657196,574.336999461,1,0,0,12,12,5637,8319
reference_NY46__paper_roles,2019-08-20 12:00:00,9.48777624423,1751.22438452,0,0,0,12,12,3389,8594
reference_NY46__paper_roles,2019-08-20 13:00:00,9.37958666029,243.729688304,0,0,0,12,12,3289,7729
reference_NY46__paper_roles,2019-08-20 14:00:00,9.19670419241,65.6272398037,0,0,0,12,12,3133,5065
reference_NY46__paper_roles,2019-08-20 15:00:00,11.5658668677,421.429730881,0,0,0,12,12,5061,8157
reference_NY46__paper_roles,2019-08-20 16:00:00,11.784611842,295.62686827,0,0,0,12,12,5220,7913
reference_NY46__paper_roles,2019-08-20 17:00:00,11.7832229128,183.340788468,0,0,0,12,12,5218,7369
reference_NY46__paper_roles,2019-08-20 18:00:00,18.2442795396,135.660042957,0,0,0,12,12,7902,6871
reference_NY46__paper_roles,2019-08-20 19:00:00,19.8771909307,588.740369518,0,0,0,12,12,8159,8329
reference_NY46__paper_roles,2019-08-20 20:00:00,24.4071601049,547.071937459,0,0,0,12,12,8556,8294
reference_NY46__paper_roles,2019-08-20 21:00:00,24.283562895,1926.97159246,1,0,0,12,12,8549,8613
reference_NY46__paper_roles,2019-08-20 22:00:00,15.4087474606,828.51894512,1,0,0,12,12,7102,8442
reference_NY46__paper_roles,2019-08-20 23:00:00,9.05530494826,40146.2498724,0,0,0,12,12,3006,8752
reference_NY46__paper_roles,2019-08-21 00:00:00,5.10706691292,95.8504130486,0,0,0,12,12,407,6124
reference_NY46__paper_roles,2019-08-21 01:00:00,3.20652552595,40.9660991299,0,0,0,12,12,37,3512
reference_NY46__paper_roles,2019-08-21 02:00:00,5.7341631229,103.105139557,1,0,0,12,12,636,6301
reference_NY46__paper_roles,2019-08-21 03:00:00,7.87989797547,85.0201147752,0,0,0,12,12,1996,5796
reference_NY46__paper_roles,2019-08-21 04:00:00,10.0005852667,265.482591153,1,0,0,12,12,3842,7808
reference_NY46__paper_roles,2019-08-21 05:00:00,9.83289539142,255.34326139,1,0,0,12,12,3699,7776
reference_NY46__paper_roles,2019-08-21 06:00:00,6.26927111032,60.6721534544,0,0,0,12,12,882,4823
reference_NY46__paper_roles,2019-08-21 07:00:00,8.82343028088,71.6396238637,0,0,0,12,12,2810,5311
reference_NY46__paper_roles,2019-08-21 08:00:00,11.9068362092,106.224269693,1,0,0,12,12,5325,6371
reference_NY46__paper_roles,2019-08-21 09:00:00,11.9720945761,46.9925983148,0,0,0,12,12,5377,3963
reference_NY46__paper_roles,2019-08-21 10:00:00,10.8512804449,74.2192774875,0,0,0,12,12,4526,5413
reference_NY46__paper_roles,2019-08-21 11:00:00,10.4959982542,128.115496806,1,0,0,12,12,4237,6766
reference_NY46__paper_roles,2019-08-21 12:00:00,11.5981577099,425.028253709,1,0,0,12,12,5081,8161
reference_NY46__paper_roles,2019-08-21 13:00:00,13.5822835557,865.241310947,1,0,0,12,12,6307,8458
reference_NY46__paper_roles,2019-08-21 14:00:00,15.6413259831,151.162082551,0,0,0,12,12,7183,7064
reference_NY46__paper_roles,2019-08-21 15:00:00,25.5303542684,102.046744002,0,0,0,12,12,8606,6282
reference_NY46__paper_roles,2019-08-21 16:00:00,22.4201846629,224.257215055,0,0,0,12,12,8440,7626
reference_NY46__paper_roles,2019-08-21 17:00:00,23.3116618699,122.48426512,0,0,0,12,12,8500,6668
reference_NY46__paper_roles,2019-08-21 18:00:00,22.0456120929,138.41050526,0,0,0,12,12,8411,6906
reference_NY46__paper_roles,2019-08-21 19:00:00,20.6236983823,114.375904105,0,0,0,12,12,8256,6510
reference_NY46__paper_roles,2019-08-21 20:00:00,17.1578633573,236.618293102,0,0,0,12,12,7662,7697
reference_NY46__paper_roles,2019-08-21 21:00:00,17.1226705491,500.036502275,0,0,0,12,12,7652,8252
reference_NY46__paper_roles,2019-08-21 22:00:00,10.9766919201,554.401277116,1,0,0,12,12,4624,8298
reference_NY46__paper_roles,2019-08-21 23:00:00,5.77273858067,13.1929996878,0,0,0,12,12,651,313
reference_NY46__paper_roles,2019-08-22 00:00:00,7.47271765431,77.8164856414,0,0,0,12,12,1688,5540
reference_NY46__paper_roles,2019-08-22 01:00:00,6.91891087867,36.5150014544,0,0,0,12,12,1279,3097
reference_NY46__paper_roles,2019-08-22 02:00:00,4.94751803035,26.3369155082,0,0,0,12,12,349,1999
reference_NY46__paper_roles,2019-08-22 03:00:00,6.07026907042,78.0967074449,0,0,0,12,12,784,5555
reference_NY46__paper_roles,2019-08-22 04:00:00,13.3950086426,92.8209907354,0,0,0,12,12,6191,6034
reference_NY46__paper_roles,2019-08-22 05:00:00,14.7623573062,131.32681003,0,0,0,12,12,6853,6813
reference_NY46__paper_roles,2019-08-22 06:00:00,8.07070101012,24.8635540484,0,0,0,12,12,2153,1800
reference_NY46__paper_roles,2019-08-22 07:00:00,9.94752651133,16.9891653305,0,0,0,12,12,3798,722
reference_NY46__paper_roles,2019-08-22 08:00:00,7.73008228092,37.281719417,0,0,0,12,12,1897,3165
reference_NY46__paper_roles,2019-08-22 09:00:00,12.8974097945,52.9032008786,0,0,0,12,12,5924,4386
reference_NY46__paper_roles,2019-08-22 10:00:00,11.6209647551,39.2642688043,0,0,0,12,12,5099,3360
reference_NY46__paper_roles,2019-08-22 11:00:00,6.3171003586,21.3254097,0,0,0,12,12,908,1313
reference_NY46__paper_roles,2019-08-22 12:00:00,7.05625839395,14.055516544,0,0,0,12,12,1374,394
reference_NY46__paper_roles,2019-08-22 13:00:00,7.76130419969,14.2627687231,0,0,0,12,12,1915,417
reference_NY46__paper_roles,2019-08-22 14:00:00,7.50924521697,13.2201391537,0,0,0,12,12,1719,318
reference_NY46__paper_roles,2019-08-22 15:00:00,12.0175402171,25.2831417587,0,0,0,12,12,5406,1849
reference_NY46__paper_roles,2019-08-22 16:00:00,11.6399147117,29.1876260733,0,0,0,12,12,5111,2335
reference_NY46__paper_roles,2019-08-22 17:00:00,12.4412009538,34.5660708209,0,0,0,12,12,5668,2911
reference_NY46__paper_roles,2019-08-22 18:00:00,13.6553418948,34.1846301703,0,0,0,12,12,6350,2870
reference_NY46__paper_roles,2019-08-22 19:00:00,11.7174014368,25.982241817,0,0,0,12,12,5169,1948
reference_NY46__paper_roles,2019-08-22 20:00:00,17.56292217,42.7681686659,0,0,0,14,13,7747,3635
reference_NY46__paper_roles,2019-08-22 21:00:00,16.4307836738,43.9039232065,0,0,0,11,11,7459,3726
reference_NY46__paper_roles,2019-08-22 22:00:00,12.9800315883,50.4182682929,0,0,0,12,12,5965,4224
reference_NY46__paper_roles,2019-08-22 23:00:00,13.9367040637,88.8303257425,0,0,0,12,12,6495,5906
reference_NY46__paper_roles,2019-08-23 00:00:00,2.58199632417,23.4071353861,0,0,0,12,12,10,1602
reference_NY46__paper_roles,2019-08-23 01:00:00,7.45781794117,94.0912169154,0,0,0,12,12,1673,6070
reference_NY46__paper_roles,2019-08-23 02:00:00,11.3865738554,280.102069511,0,0,0,12,12,4941,7861
reference_NY46__paper_roles,2019-08-23 03:00:00,8.81455515134,76.8566613032,0,0,0,12,12,2803,5509
reference_NY46__paper_roles,2019-08-23 04:00:00,16.0138287074,63.5474057183,0,0,0,12,12,7329,4966
reference_NY46__paper_roles,2019-08-23 05:00:00,17.954783236,85.8418885007,0,0,0,12,12,7843,5829
reference_NY46__paper_roles,2019-08-23 06:00:00,10.876336761,94.7968983884,0,0,0,12,12,4549,6095
reference_NY46__paper_roles,2019-08-23 07:00:00,8.20084429733,13.6062875433,0,0,0,12,12,2266,355
reference_NY46__paper_roles,2019-08-23 08:00:00,7.8995726051,20.0646765905,0,0,0,12,12,2009,1140
reference_NY46__paper_roles,2019-08-23 09:00:00,4.44666727582,20.5488508332,0,0,0,12,12,206,1205
reference_NY46__paper_roles,2019-08-23 10:00:00,3.62418261061,14.2499683207,0,0,0,12,12,79,415
reference_NY46__paper_roles,2019-08-23 11:00:00,4.49811256172,19.6309190513,0,0,0,12,12,219,1090
reference_NY46__paper_roles,2019-08-23 12:00:00,7.5315980413,14.4809726949,0,0,0,12,12,1740,439
reference_NY46__paper_roles,2019-08-23 13:00:00,5.28202567575,24.9951075318,0,0,0,12,12,463,1813
reference_NY46__paper_roles,2019-08-23 14:00:00,4.40628352722,18.2759242157,0,0,0,12,12,198,874
reference_NY46__paper_roles,2019-08-23 15:00:00,3.83434607379,35.1360170511,0,0,0,12,12,105,2960
reference_NY46__paper_roles,2019-08-23 16:00:00,5.84438791655,59.4959194815,0,0,0,12,12,675,4771
reference_NY46__paper_roles,2019-08-23 17:00:00,2.71446787711,6.90751868799,0,0,0,12,12,15,17
reference_NY46__paper_roles,2019-08-23 18:00:00,5.38499408488,26.4683172937,0,0,0,12,12,503,2015
reference_NY46__paper_roles,2019-08-23 19:00:00,7.85889822634,34.6435470635,0,0,0,12,12,1982,2919
reference_NY46__paper_roles,2019-08-23 20:00:00,5.89288853486,42.8247524825,0,0,0,12,12,707,3642
reference_NY46__paper_roles,2019-08-23 21:00:00,5.92752548039,34.4870100518,0,0,0,12,12,721,2904
reference_NY46__paper_roles,2019-08-23 22:00:00,4.39326890172,37.7685765296,0,0,0,12,12,195,3215
reference_NY46__paper_roles,2019-08-23 23:00:00,17.3505057904,1496.46267269,1,0,0,12,12,7705,8573
reference_NY46__paper_roles,2019-08-24 00:00:00,5.73633381443,285.836891868,0,0,0,13,12,637,7888
reference_NY46__paper_roles,2019-08-24 01:00:00,8.66082410902,613.55259233,1,0,0,12,12,2652,8346
reference_NY46__paper_roles,2019-08-24 02:00:00,9.39331748958,374.862129338,1,0,0,12,12,3305,8105
reference_NY46__paper_roles,2019-08-24 03:00:00,11.8447059859,638.977279697,1,0,0,12,12,5258,8358
reference_NY46__paper_roles,2019-08-24 04:00:00,12.4420101834,666.972394116,1,0,0,12,12,5669,8378
reference_NY46__paper_roles,2019-08-24 05:00:00,16.1156649211,438.20562345,1,0,0,12,12,7358,8179
reference_NY46__paper_roles,2019-08-24 06:00:00,20.8305175625,2950.72534696,0,0,0,12,12,8282,8665
reference_NY46__paper_roles,2019-08-24 07:00:00,15.8796674651,416.846616607,0,0,0,12,12,7281,8154
reference_NY46__paper_roles,2019-08-24 08:00:00,11.6691263823,484.281634588,0,0,0,12,12,5133,8231
reference_NY46__paper_roles,2019-08-24 09:00:00,11.1192729838,217.278631573,0,0,0,12,12,4725,7591
reference_NY46__paper_roles,2019-08-24 10:00:00,7.38540482788,111.473153763,0,0,0,12,12,1614,6456
reference_NY46__paper_roles,2019-08-24 11:00:00,5.40864861819,34.5119901028,0,0,0,12,12,512,2906
reference_NY46__paper_roles,2019-08-24 12:00:00,9.47266512798,14.4891774377,0,0,0,12,12,3376,441
reference_NY46__paper_roles,2019-08-24 13:00:00,6.97634491122,23.6711570696,0,0,0,12,12,1323,1638
reference_NY46__paper_roles,2019-08-24 14:00:00,6.6495994317,21.9160400227,0,0,0,12,12,1118,1398
reference_NY46__paper_roles,2019-08-24 15:00:00,7.6898067065,26.2891046845,0,0,0,12,12,1863,1993
reference_NY46__paper_roles,2019-08-24 16:00:00,7.65919554634,23.9753914815,0,0,0,12,12,1842,1684
reference_NY46__paper_roles,2019-08-24 17:00:00,10.1356786684,26.5096587933,0,0,0,12,12,3951,2020
reference_NY46__paper_roles,2019-08-24 18:00:00,7.95203518239,36.3555809616,0,0,0,12,12,2052,3076
reference_NY46__paper_roles,2019-08-24 19:00:00,10.0401006092,57.12382414,0,0,0,12,12,3876,4649
reference_NY46__paper_roles,2019-08-24 20:00:00,12.7454132648,80.2329775673,0,0,0,12,12,5831,5630
reference_NY46__paper_roles,2019-08-24 21:00:00,11.8638847822,79.3849452204,0,0,0,12,12,5284,5596
reference_NY46__paper_roles,2019-08-24 22:00:00,7.07395741859,16.5717464399,0,0,0,12,12,1386,669
reference_NY46__paper_roles,2019-08-24 23:00:00,10.355358155,53.6364875143,0,0,0,12,12,4118,4445
reference_NY46__paper_roles,2019-08-25 00:00:00,10.8422012757,234.152160553,0,0,0,12,12,4517,7677
reference_NY46__paper_roles,2019-08-25 01:00:00,5.63632738245,19.1740312591,0,0,0,12,12,596,1012
reference_NY46__paper_roles,2019-08-25 02:00:00,6.89681766359,27.5243276159,0,0,0,12,12,1264,2134
reference_NY46__paper_roles,2019-08-25 03:00:00,5.51678928031,10.4872754815,0,0,0,12,12,544,136
reference_NY46__paper_roles,2019-08-25 04:00:00,8.93313882363,24.8995557242,0,0,0,12,12,2922,1803
reference_NY46__paper_roles,2019-08-25 05:00:00,9.37910162338,17.8019724818,0,0,0,12,12,3285,825
reference_NY46__paper_roles,2019-08-25 06:00:00,10.1021549138,16.476945188,0,0,0,12,12,3924,657
reference_NY46__paper_roles,2019-08-25 07:00:00,15.4058729995,32.846009774,0,0,0,13,13,7099,2735
reference_NY46__paper_roles,2019-08-25 08:00:00,9.60823390645,16.2318121125,0,0,0,12,12,3514,629
reference_NY46__paper_roles,2019-08-25 09:00:00,10.8367744026,27.0980981435,0,0,0,12,12,4512,2088
reference_NY46__paper_roles,2019-08-25 10:00:00,13.8923573096,65.7065812906,0,0,0,12,12,6469,5067
reference_NY46__paper_roles,2019-08-25 11:00:00,10.5085853912,23.150008976,0,0,0,12,12,4249,1566
reference_NY46__paper_roles,2019-08-25 12:00:00,7.5976483453,73.1781386038,0,0,0,12,12,1791,5358
reference_NY46__paper_roles,2019-08-25 13:00:00,6.30963737977,15.9734309939,0,0,0,12,12,906,601
reference_NY46__paper_roles,2019-08-25 14:00:00,7.63725065451,28.5823385437,0,0,0,12,12,1825,2265
reference_NY46__paper_roles,2019-08-25 15:00:00,5.18733740551,13.2584734126,0,0,0,12,12,437,323
reference_NY46__paper_roles,2019-08-25 16:00:00,12.6298415741,26.0170806328,0,0,0,12,12,5772,1953
reference_NY46__paper_roles,2019-08-25 17:00:00,8.76566294691,92.2828400252,0,0,0,12,12,2756,6016
reference_NY46__paper_roles,2019-08-25 18:00:00,8.71144472832,39.0750850923,0,0,0,12,12,2690,3341
reference_NY46__paper_roles,2019-08-25 19:00:00,8.08172466717,56.7147713277,0,0,0,12,12,2161,4624
reference_NY46__paper_roles,2019-08-25 20:00:00,10.0510921825,61.846995076,0,0,0,12,12,3891,4883
reference_NY46__paper_roles,2019-08-25 21:00:00,6.81637132647,17.7516628225,0,0,0,12,12,1221,817
reference_NY46__paper_roles,2019-08-25 22:00:00,9.85292461992,24.7458821355,0,0,0,12,12,3722,1784
reference_NY46__paper_roles,2019-08-25 23:00:00,12.3889202549,26.9644637906,0,0,0,12,12,5626,2071
reference_NY46__paper_roles,2019-08-26 00:00:00,7.4806168148,32.6618121566,0,0,0,12,12,1695,2713
reference_NY46__paper_roles,2019-08-26 01:00:00,7.69048295596,19.5161153843,0,0,0,12,12,1864,1068
reference_NY46__paper_roles,2019-08-26 02:00:00,13.1200644152,207.460684255,0,0,0,12,12,6041,7534
reference_NY46__paper_roles,2019-08-26 03:00:00,13.4246521061,175.41589884,0,0,0,12,12,6208,7311
reference_NY46__paper_roles,2019-08-26 04:00:00,19.1394905776,109.811222223,0,0,0,12,12,8038,6428
reference_NY46__paper_roles,2019-08-26 05:00:00,23.6202800993,76.6263245374,0,0,0,12,12,8521,5502
reference_NY46__paper_roles,2019-08-26 06:00:00,21.4255455457,58.9672771311,0,0,0,12,12,8351,4738
reference_NY46__paper_roles,2019-08-26 07:00:00,13.7644007949,30.5505143675,0,0,0,12,12,6408,2484
reference_NY46__paper_roles,2019-08-26 08:00:00,7.89430676436,14.7223210491,0,0,0,12,12,2007,464
reference_NY46__paper_roles,2019-08-26 09:00:00,7.72210481286,178.303243394,1,0,0,12,12,1888,7336
reference_NY46__paper_roles,2019-08-26 10:00:00,8.76905347892,73.9408282429,0,0,0,12,12,2758,5402
reference_NY46__paper_roles,2019-08-26 11:00:00,7.13086282508,173.20474627,0,0,0,12,12,1424,7295
reference_NY46__paper_roles,2019-08-26 12:00:00,6.18317396151,369.53008673,1,0,0,12,12,832,8102
reference_NY46__paper_roles,2019-08-26 13:00:00,6.55737634057,241.9695793,1,0,0,12,12,1064,7719
reference_NY46__paper_roles,2019-08-26 14:00:00,8.75451177414,217.276085383,1,0,0,12,12,2744,7590
reference_NY46__paper_roles,2019-08-26 15:00:00,8.87594968463,167.041742613,1,0,0,12,12,2869,7239
reference_NY46__paper_roles,2019-08-26 16:00:00,4.6783856707,91.3126450586,0,0,0,12,12,267,5977
reference_NY46__paper_roles,2019-08-26 17:00:00,5.13126003349,257.082038826,1,0,0,12,12,418,7783
reference_NY46__paper_roles,2019-08-26 18:00:00,8.82565966596,193.481007643,1,0,0,12,12,2814,7436
reference_NY46__paper_roles,2019-08-26 19:00:00,7.63247296871,174.286246616,1,0,0,12,12,1819,7305
reference_NY46__paper_roles,2019-08-26 20:00:00,7.18769075771,106.231756518,1,0,0,12,12,1465,6373
reference_NY46__paper_roles,2019-08-26 21:00:00,6.46193387672,19.6171140377,0,0,0,12,12,1011,1085
reference_NY46__paper_roles,2019-08-26 22:00:00,6.3556922097,48.7948624587,0,0,0,12,12,932,4109
reference_NY46__paper_roles,2019-08-26 23:00:00,10.3491392195,347.21997929,0,0,0,12,12,4114,8055
reference_NY46__paper_roles,2019-08-27 00:00:00,5.13603416328,89.6918650598,0,0,0,12,12,420,5932
reference_NY46__paper_roles,2019-08-27 01:00:00,6.58157072556,64.7972024063,0,0,0,12,12,1076,5028
reference_NY46__paper_roles,2019-08-27 02:00:00,7.28659944042,46.5713152597,0,0,0,12,12,1519,3940
reference_NY46__paper_roles,2019-08-27 03:00:00,7.41276608744,41.5298145663,0,0,0,12,12,1633,3546
reference_NY46__paper_roles,2019-08-27 04:00:00,7.6761783194,50.7599818108,0,0,0,12,12,1855,4243
reference_NY46__paper_roles,2019-08-27 05:00:00,9.76881831191,32.695586251,0,0,0,12,12,3640,2716
reference_NY46__paper_roles,2019-08-27 06:00:00,15.3873954128,1290.33799295,0,0,0,12,12,7091,8545
reference_NY46__paper_roles,2019-08-27 07:00:00,12.5285391829,85.3955706127,0,0,0,12,12,5721,5815
reference_NY46__paper_roles,2019-08-27 08:00:00,8.33990292096,1364.49180498,0,0,0,13,12,2384,8552
reference_NY46__paper_roles,2019-08-27 09:00:00,4.60420578167,1369.56071522,1,0,0,12,12,250,8554
reference_NY46__paper_roles,2019-08-27 10:00:00,9.26925758929,996.99313969,0,0,0,12,12,3203,8495
reference_NY46__paper_roles,2019-08-27 11:00:00,7.32994741819,32.1119759529,0,0,0,11,11,1559,2656
reference_NY46__paper_roles,2019-08-27 12:00:00,5.59574788855,19.9939542694,0,0,0,10,10,582,1126
reference_NY46__paper_roles,2019-08-27 13:00:00,7.3777347696,60.5690538088,0,0,0,11,11,1607,4815
reference_NY46__paper_roles,2019-08-27 14:00:00,7.41418660744,30.6712278596,0,0,0,10,10,1634,2499
reference_NY46__paper_roles,2019-08-27 15:00:00,9.58329528446,46.6792921028,0,0,0,12,12,3488,3946
reference_NY46__paper_roles,2019-08-27 16:00:00,8.59401235624,41.6954846451,0,0,0,12,12,2605,3556
reference_NY46__paper_roles,2019-08-27 17:00:00,8.29888847858,22.6489451689,0,0,0,12,12,2339,1497
reference_NY46__paper_roles,2019-08-27 18:00:00,10.0441412278,20.1383631207,0,0,0,12,12,3883,1151
reference_NY46__paper_roles,2019-08-27 19:00:00,11.1722510472,129.080096059,0,0,0,12,12,4773,6784
reference_NY46__paper_roles,2019-08-27 20:00:00,11.2391191843,154.19999446,0,0,0,12,12,4828,7101
reference_NY46__paper_roles,2019-08-27 21:00:00,8.04695067613,29.5000320955,0,0,0,12,12,2131,2378
reference_NY46__paper_roles,2019-08-27 22:00:00,13.1377899448,28.4607114777,0,0,0,12,12,6050,2247
reference_NY46__paper_roles,2019-08-27 23:00:00,13.5965740062,275.498929995,1,0,0,12,12,6317,7839
reference_NY46__paper_roles,2019-08-28 00:00:00,6.23647133927,112.07957005,0,0,0,12,12,864,6469
reference_NY46__paper_roles,2019-08-28 01:00:00,5.35383969143,11.8394009993,0,0,0,12,12,494,205
reference_NY46__paper_roles,2019-08-28 02:00:00,6.77270763778,29.1009716848,0,0,0,12,12,1200,2328
reference_NY46__paper_roles,2019-08-28 03:00:00,10.6037427952,15.7403336557,0,0,0,12,12,4332,569
reference_NY46__paper_roles,2019-08-28 04:00:00,17.7602687908,109.095171487,0,0,0,12,12,7797,6413
reference_NY46__paper_roles,2019-08-28 05:00:00,19.3317428249,302.019697367,1,0,0,12,12,8071,7932
reference_NY46__paper_roles,2019-08-28 06:00:00,11.1499627056,96.0474583151,0,0,0,12,12,4754,6134
reference_NY46__paper_roles,2019-08-28 07:00:00,11.2140742375,51.2303451205,0,0,0,12,12,4809,4277
reference_NY46__paper_roles,2019-08-28 08:00:00,12.2138575184,60.8371487193,0,0,0,12,12,5536,4834
reference_NY46__paper_roles,2019-08-28 09:00:00,10.4224450112,20.5145479064,0,0,0,12,12,4183,1200
reference_NY46__paper_roles,2019-08-28 10:00:00,10.5747021584,45.6477587213,0,0,0,13,12,4310,3869
reference_NY46__paper_roles,2019-08-28 11:00:00,15.2754573668,90.0366138616,0,0,0,12,12,7032,5947
reference_NY46__paper_roles,2019-08-28 12:00:00,14.2283199677,74.8128210465,0,0,0,12,12,6627,5432
reference_NY46__paper_roles,2019-08-28 13:00:00,16.1032336115,81.3354197982,0,0,0,12,12,7354,5679
reference_NY46__paper_roles,2019-08-28 14:00:00,8.66375263469,65.2181244338,0,0,0,12,12,2654,5048
reference_NY46__paper_roles,2019-08-28 15:00:00,7.88076919702,16.3338476294,0,0,0,12,12,1999,639
reference_NY46__paper_roles,2019-08-28 16:00:00,8.71267130568,15.5604995943,0,0,0,12,12,2694,545
reference_NY46__paper_roles,2019-08-28 17:00:00,10.0954568453,19.4449728634,0,0,0,12,12,3920,1057
reference_NY46__paper_roles,2019-08-28 18:00:00,10.1277985506,17.9881846774,0,0,0,12,12,3944,846
reference_NY46__paper_roles,2019-08-28 19:00:00,8.60688877146,21.006923257,0,0,0,12,12,2610,1276
reference_NY46__paper_roles,2019-08-28 20:00:00,11.1830449301,26.6021338477,0,0,0,12,12,4784,2029
reference_NY46__paper_roles,2019-08-28 21:00:00,11.7628211513,27.4894815108,0,0,0,12,12,5207,2130
reference_NY46__paper_roles,2019-08-28 22:00:00,13.1507201445,95.0562505843,0,0,0,12,12,6055,6101
reference_NY46__paper_roles,2019-08-28 23:00:00,16.5886133139,94.5616529673,0,0,0,12,12,7511,6082
reference_NY46__paper_roles,2019-08-29 00:00:00,5.04951803515,134.365189911,0,0,0,12,12,376,6853
reference_NY46__paper_roles,2019-08-29 01:00:00,5.52165290267,117.031978707,0,0,0,12,12,547,6544
reference_NY46__paper_roles,2019-08-29 02:00:00,7.44722674614,4081.72878418,1,0,0,12,12,1662,8695
reference_NY46__paper_roles,2019-08-29 03:00:00,6.40175791009,1674.32011045,1,0,0,12,12,975,8584
reference_NY46__paper_roles,2019-08-29 04:00:00,10.1031882244,224.760692959,0,0,0,12,12,3926,7629
reference_NY46__paper_roles,2019-08-29 05:00:00,15.4025389522,30.5640597645,0,0,0,12,12,7097,2487
reference_NY46__paper_roles,2019-08-29 06:00:00,10.2482100988,39.6645346503,0,0,0,12,12,4043,3393
reference_NY46__paper_roles,2019-08-29 07:00:00,7.62185724486,67.2823200902,0,0,0,12,12,1811,5134
reference_NY46__paper_roles,2019-08-29 08:00:00,4.97643847082,150.462946551,1,0,0,12,12,353,7057
reference_NY46__paper_roles,2019-08-29 09:00:00,4.9294631362,130.563697094,0,0,0,12,12,345,6800
reference_NY46__paper_roles,2019-08-29 10:00:00,6.07643313425,466.520468229,1,0,0,12,12,786,8211
reference_NY46__paper_roles,2019-08-29 11:00:00,5.81944613708,384.681750248,0,0,0,12,12,669,8118
reference_NY46__paper_roles,2019-08-29 12:00:00,4.13369803901,68.072614969,0,0,0,13,13,154,5173
reference_NY46__paper_roles,2019-08-29 13:00:00,3.67444197046,84.2113813703,0,0,0,12,12,87,5769
reference_NY46__paper_roles,2019-08-29 14:00:00,4.78439969797,99.8908037817,0,0,0,12,12,296,6225
reference_NY46__paper_roles,2019-08-29 15:00:00,4.879481627,80.2657686443,0,0,0,12,12,332,5631
reference_NY46__paper_roles,2019-08-29 16:00:00,8.64054763115,189.609781723,0,0,0,12,12,2639,7407
reference_NY46__paper_roles,2019-08-29 17:00:00,7.21447695223,13.3407338551,0,0,0,12,12,1481,332
reference_NY46__paper_roles,2019-08-29 18:00:00,7.09370227642,49.0812478489,0,0,0,12,12,1395,4133
reference_NY46__paper_roles,2019-08-29 19:00:00,5.61793859345,31.339606055,0,0,0,12,12,587,2572
reference_NY46__paper_roles,2019-08-29 20:00:00,7.69654461413,45.655061189,0,0,0,12,12,1869,3872
reference_NY46__paper_roles,2019-08-29 21:00:00,12.0519118131,27.7431023522,0,0,0,12,12,5431,2159
reference_NY46__paper_roles,2019-08-29 22:00:00,12.1194972774,38.3077216812,0,0,0,12,12,5472,3264
reference_NY46__paper_roles,2019-08-29 23:00:00,6.66590895849,227.385818352,0,0,0,12,12,1134,7641
reference_NY46__paper_roles,2019-08-30 00:00:00,8.39635975075,125.738755491,0,0,0,12,12,2430,6723
reference_NY46__paper_roles,2019-08-30 01:00:00,6.89157678749,1073.88566698,0,0,0,12,12,1259,8510
reference_NY46__paper_roles,2019-08-30 02:00:00,10.9717522541,3477.0551966,0,0,0,12,12,4619,8683
reference_NY46__paper_roles,2019-08-30 03:00:00,10.809961838,4303.04190567,0,0,0,12,12,4492,8700
reference_NY46__paper_roles,2019-08-30 04:00:00,13.8049651189,5050.13343059,1,0,0,12,12,6424,8711
reference_NY46__paper_roles,2019-08-30 05:00:00,15.6701417422,14925.2344753,1,0,0,12,12,7202,8739
reference_NY46__paper_roles,2019-08-30 06:00:00,11.2536715698,232.689120654,0,0,0,12,12,4834,7670
reference_NY46__paper_roles,2019-08-30 07:00:00,13.012585002,30.2739844411,0,0,0,12,12,5985,2454
reference_NY46__paper_roles,2019-08-30 08:00:00,13.2461655572,56.4443905205,0,0,0,12,12,6105,4606
reference_NY46__paper_roles,2019-08-30 09:00:00,5.62600434817,105.445205816,0,0,0,12,12,591,6357
reference_NY46__paper_roles,2019-08-30 10:00:00,6.28498584366,7.3036202873,0,0,0,12,12,895,30
reference_NY46__paper_roles,2019-08-30 11:00:00,9.15573857548,23.4384172739,0,0,0,12,12,3094,1608
reference_NY46__paper_roles,2019-08-30 12:00:00,8.45711099903,140.285718163,1,0,0,12,12,2486,6933
reference_NY46__paper_roles,2019-08-30 13:00:00,12.0204393383,814.515956067,1,0,0,12,12,5408,8437
reference_NY46__paper_roles,2019-08-30 14:00:00,6.6508388763,70.4781953816,0,0,0,12,12,1119,5267
reference_NY46__paper_roles,2019-08-30 15:00:00,9.30438365911,138.188058036,0,0,0,12,12,3229,6901
reference_NY46__paper_roles,2019-08-30 16:00:00,7.87679979903,72.3686338218,0,0,0,12,12,1995,5336
reference_NY46__paper_roles,2019-08-30 17:00:00,9.92799691904,64.4939584737,0,0,0,12,12,3785,5009
reference_NY46__paper_roles,2019-08-30 18:00:00,9.43109366211,18.6298203794,0,0,0,12,12,3333,917
reference_NY46__paper_roles,2019-08-30 19:00:00,5.01355246277,9.43427257484,0,0,0,12,12,364,94
reference_NY46__paper_roles,2019-08-30 20:00:00,5.86127990507,16.0205046261,0,0,0,12,12,688,607
reference_NY46__paper_roles,2019-08-30 21:00:00,9.15832195008,63.8194304684,0,0,0,12,12,3101,4979
reference_NY46__paper_roles,2019-08-30 22:00:00,5.17153483327,20.7706371349,0,0,0,12,12,433,1238
reference_NY46__paper_roles,2019-08-30 23:00:00,13.1729446074,54.9059965245,0,0,0,12,12,6068,4518
reference_NY46__paper_roles,2019-08-31 00:00:00,6.54469092613,11.2295465108,0,0,0,12,12,1057,180
reference_NY46__paper_roles,2019-08-31 01:00:00,6.38628592643,9.24692333393,0,0,0,12,12,957,84
reference_NY46__paper_roles,2019-08-31 02:00:00,6.19995265984,16.2589216331,0,0,0,12,12,841,633
reference_NY46__paper_roles,2019-08-31 03:00:00,6.99619335155,22.0836720276,0,0,0,12,12,1337,1428
reference_NY46__paper_roles,2019-08-31 04:00:00,8.33157565845,23.5512110769,0,0,0,12,12,2377,1621
reference_NY46__paper_roles,2019-08-31 05:00:00,8.35921806637,20.7074661688,0,0,0,13,12,2401,1226
reference_NY46__paper_roles,2019-08-31 06:00:00,12.8807308545,32.4193169439,0,0,0,12,12,5911,2689
reference_NY46__paper_roles,2019-08-31 07:00:00,14.040521326,37.7431205361,0,0,0,12,12,6543,3212
reference_NY46__paper_roles,2019-08-31 08:00:00,9.52461728615,19.6509534196,0,0,0,12,12,3439,1093
reference_NY46__paper_roles,2019-08-31 09:00:00,13.1516539865,29.0466876744,0,0,0,12,12,6056,2319
reference_NY46__paper_roles,2019-08-31 10:00:00,6.23070244843,9.04312480975,0,0,0,12,12,860,78
reference_NY46__paper_roles,2019-08-31 11:00:00,6.3651811501,17.8599969565,0,0,0,12,12,940,827
reference_NY46__paper_roles,2019-08-31 12:00:00,7.72340045365,33.0360651954,0,0,0,12,12,1890,2745
reference_NY46__paper_roles,2019-08-31 13:00:00,8.31773294137,27.8490578504,0,0,0,12,12,2360,2171
reference_NY46__paper_roles,2019-08-31 14:00:00,6.03545622877,20.7608090615,0,0,0,12,12,763,1235
reference_NY46__paper_roles,2019-08-31 15:00:00,6.01107385909,22.3602558671,0,0,0,12,12,754,1463
reference_NY46__paper_roles,2019-08-31 16:00:00,7.75664732273,42.2831979682,0,0,0,12,12,1913,3598
reference_NY46__paper_roles,2019-08-31 17:00:00,9.15611678657,47.5279742387,0,0,0,12,12,3096,4010
reference_NY46__paper_roles,2019-08-31 18:00:00,6.60194055263,15.7810579339,0,0,0,13,12,1091,571
reference_NY46__paper_roles,2019-08-31 19:00:00,6.35059504068,16.4578109289,0,0,0,12,12,927,656
reference_NY46__paper_roles,2019-08-31 20:00:00,6.73524596644,18.8726997595,0,0,0,12,12,1174,961
reference_NY46__paper_roles,2019-08-31 21:00:00,6.73087704533,42.9414609944,0,0,0,12,12,1168,3655
reference_NY46__paper_roles,2019-08-31 22:00:00,4.73088457464,18.2178864358,0,0,0,12,12,284,869
reference_NY46__paper_roles,2019-08-31 23:00:00,9.01714636779,38.8579277642,0,0,0,14,13,2982,3317
reference_NY46__paper_roles,2019-09-01 00:00:00,7.94077462291,25.3040818612,0,0,0,12,12,2040,1852
reference_NY46__paper_roles,2019-09-01 01:00:00,12.7231659873,82.771625973,0,0,0,13,13,5818,5716
reference_NY46__paper_roles,2019-09-01 02:00:00,13.2070993728,57.2724606603,0,0,0,12,12,6085,4659
reference_NY46__paper_roles,2019-09-01 03:00:00,10.766683649,48.1172005215,0,0,0,12,12,4456,4052
reference_NY46__paper_roles,2019-09-01 04:00:00,9.01690399085,41.8779785371,0,0,0,12,12,2981,3572
reference_NY46__paper_roles,2019-09-01 05:00:00,7.57876575557,20.399730988,0,0,0,12,12,1776,1185
reference_NY46__paper_roles,2019-09-01 06:00:00,7.99475428868,25.254255719,0,0,0,12,12,2089,1844
reference_NY46__paper_roles,2019-09-01 07:00:00,9.01882246914,23.116969676,0,0,0,12,12,2983,1558
reference_NY46__paper_roles,2019-09-01 08:00:00,9.71956301743,26.0195424741,0,0,0,12,12,3608,1955
reference_NY46__paper_roles,2019-09-01 09:00:00,12.0594741811,21.2394423389,0,0,0,12,12,5434,1301
reference_NY46__paper_roles,2019-09-01 10:00:00,11.6518511022,21.2762536378,0,0,0,12,12,5121,1306
reference_NY46__paper_roles,2019-09-01 11:00:00,13.5316297996,25.1688978264,0,0,0,12,12,6279,1836
reference_NY46__paper_roles,2019-09-01 12:00:00,13.5114303959,44.4331711485,0,0,0,12,12,6262,3771
reference_NY46__paper_roles,2019-09-01 13:00:00,11.1656198674,29.6790467392,0,0,0,12,12,4765,2394
reference_NY46__paper_roles,2019-09-01 14:00:00,5.04029693904,9.43092239639,0,0,0,12,12,373,93
reference_NY46__paper_roles,2019-09-01 15:00:00,7.22022607876,24.5760027309,0,0,0,12,12,1487,1762
reference_NY46__paper_roles,2019-09-01 16:00:00,6.08132395555,31.2473800858,0,0,0,12,12,788,2561
reference_NY46__paper_roles,2019-09-01 17:00:00,6.54561341313,36.8215967855,0,0,0,12,12,1058,3126
reference_NY46__paper_roles,2019-09-01 18:00:00,7.55307546397,49.7703794343,0,0,0,12,12,1759,4183
reference_NY46__paper_roles,2019-09-01 19:00:00,6.17197547972,42.8886065024,0,0,0,12,12,828,3649
reference_NY46__paper_roles,2019-09-01 20:00:00,6.57509663984,28.0186358153,0,0,0,12,12,1073,2187
reference_NY46__paper_roles,2019-09-01 21:00:00,7.27052990069,33.9720830849,0,0,0,12,12,1510,2852
reference_NY46__paper_roles,2019-09-01 22:00:00,8.80415438459,20.6366018235,0,0,0,13,12,2792,1218
reference_NY46__paper_roles,2019-09-01 23:00:00,8.93009207103,55.479041562,0,0,0,12,12,2918,4553
reference_NY46__paper_roles,2019-09-02 00:00:00,7.98559629715,37.5684738112,0,0,0,12,12,2083,3190
reference_NY46__paper_roles,2019-09-02 01:00:00,6.85070138764,67.6741645571,0,0,0,12,12,1234,5153
reference_NY46__paper_roles,2019-09-02 02:00:00,9.12308517254,40.4752571696,0,0,0,12,12,3064,3467
reference_NY46__paper_roles,2019-09-02 03:00:00,10.462378011,57.6564923795,0,0,0,12,12,4214,4681
reference_NY46__paper_roles,2019-09-02 04:00:00,7.17567738908,37.812656019,0,0,0,12,12,1453,3224
reference_NY46__paper_roles,2019-09-02 05:00:00,9.51278848847,21.596305505,0,0,0,12,12,3425,1350
reference_NY46__paper_roles,2019-09-02 06:00:00,6.95991042619,15.3043080198,0,0,0,12,12,1315,522
reference_NY46__paper_roles,2019-09-02 07:00:00,10.1914365972,23.2927974608,0,0,0,12,12,3999,1588
reference_NY46__paper_roles,2019-09-02 08:00:00,8.6708570192,21.5358423864,0,0,0,12,12,2662,1344
reference_NY46__paper_roles,2019-09-02 09:00:00,9.2551607875,24.7393018989,0,0,0,12,12,3192,1782
reference_NY46__paper_roles,2019-09-02 10:00:00,7.54584837204,17.7941562694,0,0,0,12,12,1753,824
reference_NY46__paper_roles,2019-09-02 11:00:00,7.79629933614,14.505564321,0,0,0,12,12,1935,444
reference_NY46__paper_roles,2019-09-02 12:00:00,2.30230732879,10.7665238057,0,0,0,12,12,5,147
reference_NY46__paper_roles,2019-09-02 13:00:00,3.56852712828,4.27182104299,0,0,0,12,12,69,2
reference_NY46__paper_roles,2019-09-02 14:00:00,5.06731374585,23.9382624544,0,0,0,12,12,385,1676
reference_NY46__paper_roles,2019-09-02 15:00:00,9.32346272218,18.535527371,0,0,0,12,12,3250,906
reference_NY46__paper_roles,2019-09-02 16:00:00,9.60230156199,38.0006452979,0,0,0,12,12,3503,3239
reference_NY46__paper_roles,2019-09-02 17:00:00,7.21527661022,24.4576793649,0,0,0,12,12,1484,1745
reference_NY46__paper_roles,2019-09-02 18:00:00,5.58918264976,12.8865351279,0,0,0,12,12,578,287
reference_NY46__paper_roles,2019-09-02 19:00:00,6.50021882995,13.2048629872,0,0,0,12,12,1036,314
reference_NY46__paper_roles,2019-09-02 20:00:00,7.3631716347,16.5297167911,0,0,0,12,12,1591,665
reference_NY46__paper_roles,2019-09-02 21:00:00,5.38091576554,16.0058895662,0,0,0,12,12,502,603
reference_NY46__paper_roles,2019-09-02 22:00:00,7.678297958,72.0548276345,0,0,0,12,12,1856,5325
reference_NY46__paper_roles,2019-09-02 23:00:00,9.84770759222,36.9172035632,0,0,0,12,12,3714,3137
reference_NY46__paper_roles,2019-09-03 00:00:00,7.58222562205,53.3065999424,0,0,0,12,12,1778,4425
reference_NY46__paper_roles,2019-09-03 01:00:00,8.30062090923,42.95177078,0,0,0,12,12,2344,3657
reference_NY46__paper_roles,2019-09-03 02:00:00,12.4100479877,101.173644436,0,0,0,12,12,5642,6257
reference_NY46__paper_roles,2019-09-03 03:00:00,11.6153027279,90.6632415708,0,0,0,12,12,5094,5957
reference_NY46__paper_roles,2019-09-03 04:00:00,16.7477288588,94.6094427812,0,0,0,12,12,7553,6085
reference_NY46__paper_roles,2019-09-03 05:00:00,21.4058989042,42.1395713216,0,0,0,12,12,8347,3592
reference_NY46__paper_roles,2019-09-03 06:00:00,15.3084228836,33.6882596985,0,0,0,12,12,7052,2818
reference_NY46__paper_roles,2019-09-03 07:00:00,14.0734674167,31.6784254426,0,0,0,12,12,6557,2601
reference_NY46__paper_roles,2019-09-03 08:00:00,8.15520221638,13.6988929318,0,0,0,12,12,2220,362
reference_NY46__paper_roles,2019-09-03 09:00:00,8.78268280426,137.938773192,1,0,0,11,11,2768,6900
reference_NY46__paper_roles,2019-09-03 10:00:00,15.9783805714,79.9564841366,0,0,0,12,12,7315,5625
reference_NY46__paper_roles,2019-09-03 11:00:00,20.5483797582,170.184995657,1,0,0,12,12,8248,7265
reference_NY46__paper_roles,2019-09-03 12:00:00,23.0573366882,708.344714528,1,0,0,12,12,8475,8403
reference_NY46__paper_roles,2019-09-03 13:00:00,25.2144007616,557.529827448,0,0,0,12,12,8591,8301
reference_NY46__paper_roles,2019-09-03 14:00:00,18.3872846356,563.422958927,0,0,0,12,12,7915,8307
reference_NY46__paper_roles,2019-09-03 15:00:00,15.3447481162,78.6983031456,0,0,0,12,12,7070,5572
reference_NY46__paper_roles,2019-09-03 16:00:00,12.6704509699,68.4113054677,0,0,0,12,12,5789,5189
reference_NY46__paper_roles,2019-09-03 17:00:00,17.3090503531,60.2595711964,0,0,0,12,12,7697,4805
reference_NY46__paper_roles,2019-09-03 18:00:00,13.6916730462,145.148214207,0,0,0,12,12,6373,6989
reference_NY46__paper_roles,2019-09-03 19:00:00,8.15230003644,49.7642804503,0,0,0,12,12,2216,4182
reference_NY46__paper_roles,2019-09-03 20:00:00,8.83107012282,55.141738997,0,0,0,12,12,2818,4530
reference_NY46__paper_roles,2019-09-03 21:00:00,8.71255391919,42.6075479687,0,0,0,12,12,2693,3624
reference_NY46__paper_roles,2019-09-03 22:00:00,15.1235133114,268.898852055,1,0,0,12,12,6984,7821
reference_NY46__paper_roles,2019-09-03 23:00:00,13.4899584692,2289.97473182,1,0,0,14,13,6249,8639
reference_NY46__paper_roles,2019-09-04 00:00:00,6.37614718709,206.037208515,0,0,0,12,12,946,7527
reference_NY46__paper_roles,2019-09-04 01:00:00,10.499580983,765.44576451,0,0,0,12,12,4243,8425
reference_NY46__paper_roles,2019-09-04 02:00:00,11.6744197251,450.541535924,1,0,0,12,12,5137,8193
reference_NY46__paper_roles,2019-09-04 03:00:00,14.8079957131,405.263646247,1,0,0,12,12,6867,8142
reference_NY46__paper_roles,2019-09-04 04:00:00,20.2719224974,605.480349904,1,0,0,12,12,8208,8341
reference_NY46__paper_roles,2019-09-04 05:00:00,21.7523615156,281.08136358,1,0,0,12,12,8385,7869
reference_NY46__paper_roles,2019-09-04 06:00:00,11.0824506399,44.3099981288,0,0,0,12,12,4696,3760
reference_NY46__paper_roles,2019-09-04 07:00:00,17.3076710014,25.2095004013,0,0,0,12,12,7696,1840
reference_NY46__paper_roles,2019-09-04 08:00:00,17.5138741478,68.9257302681,0,0,0,13,13,7741,5206
reference_NY46__paper_roles,2019-09-04 09:00:00,15.8063180691,73.9709745223,0,0,0,12,12,7256,5404
reference_NY46__paper_roles,2019-09-04 10:00:00,12.8054705617,30.4663903762,0,0,0,12,12,5865,2471
reference_NY46__paper_roles,2019-09-04 11:00:00,13.0172487593,23.9589383069,0,0,0,12,12,5988,1681
reference_NY46__paper_roles,2019-09-04 12:00:00,15.2394038169,48.5287967103,0,0,0,12,12,7020,4089
reference_NY46__paper_roles,2019-09-04 13:00:00,12.0849106182,38.6739176291,0,0,0,13,13,5453,3299
reference_NY46__paper_roles,2019-09-04 14:00:00,18.2026657332,100.680813176,1,0,0,11,11,7893,6240
reference_NY46__paper_roles,2019-09-04 15:00:00,23.2193181521,72.8449449369,0,0,0,12,12,8490,5347
reference_NY46__paper_roles,2019-09-04 16:00:00,24.2974595919,84.0573890529,0,0,0,11,10,8550,5764
reference_NY46__paper_roles,2019-09-04 17:00:00,30.2362265117,96.733746543,0,0,0,12,12,8701,6151
reference_NY46__paper_roles,2019-09-04 18:00:00,25.4752407641,4929.36452409,1,0,0,12,12,8603,8709
reference_NY46__paper_roles,2019-09-04 19:00:00,18.1946642751,83.4969600238,0,0,0,12,12,7892,5740
reference_NY46__paper_roles,2019-09-04 20:00:00,11.5438027989,101.557852681,0,0,0,12,12,5041,6265
reference_NY46__paper_roles,2019-09-04 21:00:00,15.0479397416,126.662293583,0,0,0,12,12,6956,6741
reference_NY46__paper_roles,2019-09-04 22:00:00,16.2216752285,65.5111496632,0,0,0,12,12,7395,5057
reference_NY46__paper_roles,2019-09-04 23:00:00,16.9734062691,59.6712078026,0,0,0,12,12,7613,4779
reference_NY46__paper_roles,2019-09-05 00:00:00,8.1974484917,30.7610209133,0,0,0,12,12,2264,2509
reference_NY46__paper_roles,2019-09-05 01:00:00,7.38558662368,71.7457284913,0,0,0,12,12,1615,5313
reference_NY46__paper_roles,2019-09-05 02:00:00,6.76343597238,64.6815450424,0,0,0,12,12,1193,5020
reference_NY46__paper_roles,2019-09-05 03:00:00,8.6892571664,69.8911579616,0,0,0,12,12,2672,5241
reference_NY46__paper_roles,2019-09-05 04:00:00,10.4913609311,73.6334325298,0,0,0,12,12,4233,5380
reference_NY46__paper_roles,2019-09-05 05:00:00,16.9735113799,68.7526036747,0,0,0,12,12,7614,5199
reference_NY46__paper_roles,2019-09-05 06:00:00,7.70230093407,68.0097537909,0,0,0,12,12,1874,5170
reference_NY46__paper_roles,2019-09-05 07:00:00,5.10283501919,10.9173316477,0,0,0,12,12,403,157
reference_NY46__paper_roles,2019-09-05 08:00:00,6.46247324314,24.1943761488,0,0,0,12,12,1014,1703
reference_NY46__paper_roles,2019-09-05 09:00:00,8.09227819093,36.6964394084,0,0,0,12,12,2172,3116
reference_NY46__paper_roles,2019-09-05 10:00:00,8.86107552425,563.302246103,0,0,0,14,13,2850,8306
reference_NY46__paper_roles,2019-09-05 11:00:00,8.15758890705,220.539692346,0,0,0,12,11,2223,7605
reference_NY46__paper_roles,2019-09-05 12:00:00,7.71451585086,103.665945911,0,0,0,12,12,1881,6317
reference_NY46__paper_roles,2019-09-05 13:00:00,9.15594269137,4209.46577104,0,0,0,12,12,3095,8698
reference_NY46__paper_roles,2019-09-05 14:00:00,9.86996419991,125.286595902,0,0,0,12,12,3739,6712
reference_NY46__paper_roles,2019-09-05 15:00:00,9.06163057139,248.207377112,0,0,0,12,12,3013,7752
reference_NY46__paper_roles,2019-09-05 16:00:00,9.13297420343,91.2226885668,0,0,0,12,12,3070,5973
reference_NY46__paper_roles,2019-09-05 17:00:00,5.2739553991,10.8992921435,0,0,0,12,12,462,155
reference_NY46__paper_roles,2019-09-05 18:00:00,6.47157750709,13.3966971868,0,0,0,12,12,1021,335
reference_NY46__paper_roles,2019-09-05 19:00:00,7.18280206704,719.503738935,0,0,0,12,12,1460,8406
reference_NY46__paper_roles,2019-09-05 20:00:00,10.9781374045,324.440907335,0,0,0,12,12,4627,7994
reference_NY46__paper_roles,2019-09-05 21:00:00,12.4223523305,186.326324053,1,0,0,12,12,5652,7387
reference_NY46__paper_roles,2019-09-05 22:00:00,8.8141525569,25.0441086531,0,0,0,12,12,2802,1818
reference_NY46__paper_roles,2019-09-05 23:00:00,12.4471516862,42.8478732813,0,0,0,12,12,5674,3645
reference_NY46__paper_roles,2019-09-06 00:00:00,6.31261320673,63.8874892289,0,0,0,12,12,907,4981
reference_NY46__paper_roles,2019-09-06 01:00:00,5.2629244272,68.8827584295,0,0,0,12,12,457,5203
reference_NY46__paper_roles,2019-09-06 02:00:00,7.55049369755,25.4514331743,0,0,0,12,12,1757,1875
reference_NY46__paper_roles,2019-09-06 03:00:00,5.84264389589,22.2326866286,0,0,0,12,12,674,1444
reference_NY46__paper_roles,2019-09-06 04:00:00,8.89727332545,27.186727912,0,0,0,12,12,2892,2094
reference_NY46__paper_roles,2019-09-06 05:00:00,18.5003398307,38.8820404421,0,0,0,12,12,7936,3322
reference_NY46__paper_roles,2019-09-06 06:00:00,10.8374001049,23.0496721789,0,0,0,13,12,4513,1548
reference_NY46__paper_roles,2019-09-06 07:00:00,9.8997457191,27.7923341792,0,0,0,12,12,3761,2166
reference_NY46__paper_roles,2019-09-06 08:00:00,5.53451641335,66.9368767421,0,0,0,13,13,552,5118
reference_NY46__paper_roles,2019-09-06 09:00:00,6.57852159803,1446.68386809,1,0,0,12,12,1075,8570
reference_NY46__paper_roles,2019-09-06 10:00:00,5.41626574075,61.1639196035,0,0,0,12,12,516,4849
reference_NY46__paper_roles,2019-09-06 11:00:00,6.72586958968,77.5035059271,0,0,0,12,12,1164,5532
reference_NY46__paper_roles,2019-09-06 12:00:00,5.20981235964,40.5763789854,0,0,0,12,12,442,3475
reference_NY46__paper_roles,2019-09-06 13:00:00,5.3152485745,67.5611044985,0,0,0,12,12,475,5146
reference_NY46__paper_roles,2019-09-06 14:00:00,3.14076754638,40.8975770343,0,0,0,12,12,32,3508
reference_NY46__paper_roles,2019-09-06 15:00:00,3.89736096188,34.251558815,0,0,0,12,12,119,2880
reference_NY46__paper_roles,2019-09-06 16:00:00,8.22787193282,80.8590427476,0,0,0,12,12,2285,5658
reference_NY46__paper_roles,2019-09-06 17:00:00,7.7326776398,141.039374767,1,0,0,12,12,1899,6942
reference_NY46__paper_roles,2019-09-06 18:00:00,11.6921063411,192.364800669,1,0,0,12,12,5154,7429
reference_NY46__paper_roles,2019-09-06 19:00:00,4.40185584898,58.5604501684,0,0,0,11,11,197,4719
reference_NY46__paper_roles,2019-09-06 20:00:00,11.7361345261,54.1907725832,0,0,0,12,12,5181,4470
reference_NY46__paper_roles,2019-09-06 21:00:00,10.5353654916,97.4709892178,0,0,0,12,12,4278,6164
reference_NY46__paper_roles,2019-09-06 22:00:00,11.9514827594,4139.35345688,1,0,0,12,12,5362,8696
reference_NY46__paper_roles,2019-09-06 23:00:00,14.8719149583,7341.14315713,1,0,0,13,13,6901,8729
reference_NY46__paper_roles,2019-09-07 00:00:00,10.9520471001,124.539379386,0,0,0,12,11,4601,6703
reference_NY46__paper_roles,2019-09-07 01:00:00,6.50416377463,64.2733140912,0,0,0,12,12,1040,4996
reference_NY46__paper_roles,2019-09-07 02:00:00,10.1250570678,1177.53185776,0,0,0,12,12,3942,8531
reference_NY46__paper_roles,2019-09-07 03:00:00,11.8546345063,1693.09507963,1,0,0,12,12,5269,8588
reference_NY46__paper_roles,2019-09-07 04:00:00,13.2476917944,815.345137596,1,0,0,12,12,6108,8438
reference_NY46__paper_roles,2019-09-07 05:00:00,12.4355277565,3736.58330293,0,0,0,12,12,5665,8685
reference_NY46__paper_roles,2019-09-07 06:00:00,17.907174939,335.668003686,0,0,0,12,12,7832,8020
reference_NY46__paper_roles,2019-09-07 07:00:00,19.610373764,323.122060857,0,0,0,12,12,8116,7990
reference_NY46__paper_roles,2019-09-07 08:00:00,6.03709224039,347.000399491,0,0,0,12,12,764,8052
reference_NY46__paper_roles,2019-09-07 09:00:00,7.80919076354,105.363926125,0,0,0,13,12,1946,6355
reference_NY46__paper_roles,2019-09-07 10:00:00,8.95419304951,187.182568308,0,0,0,12,12,2942,7394
reference_NY46__paper_roles,2019-09-07 11:00:00,7.31443477054,60.8205554025,0,0,0,12,12,1548,4833
reference_NY46__paper_roles,2019-09-07 12:00:00,7.42024827467,63.2906672982,0,0,0,12,12,1640,4957
reference_NY46__paper_roles,2019-09-07 13:00:00,7.31474474451,52.5799176064,0,0,0,12,12,1550,4368
reference_NY46__paper_roles,2019-09-07 14:00:00,5.8464173639,59.5512572539,0,0,0,12,12,677,4773
reference_NY46__paper_roles,2019-09-07 15:00:00,5.97038833566,55.0504529429,0,0,0,12,12,739,4525
reference_NY46__paper_roles,2019-09-07 16:00:00,6.73111915583,56.6022976601,0,0,0,12,12,1169,4614
reference_NY46__paper_roles,2019-09-07 17:00:00,9.57200341359,67.6220788725,0,0,0,12,12,3475,5151
reference_NY46__paper_roles,2019-09-07 18:00:00,10.6574878658,27.2598146596,0,0,0,13,13,4374,2104
reference_NY46__paper_roles,2019-09-07 19:00:00,5.12589579266,39.3837717279,0,0,0,12,12,416,3371
reference_NY46__paper_roles,2019-09-07 20:00:00,6.79888678112,17.5355024113,0,0,0,12,12,1214,789
reference_NY46__paper_roles,2019-09-07 21:00:00,9.40971697607,25.12246927,0,0,0,12,12,3319,1830
reference_NY46__paper_roles,2019-09-07 22:00:00,10.318062531,28.8212612367,0,0,0,12,12,4091,2293
reference_NY46__paper_roles,2019-09-07 23:00:00,9.02153232735,27.3478252129,0,0,0,12,12,2986,2117
reference_NY46__paper_roles,2019-09-08 00:00:00,5.33161979633,57.5946484308,0,0,0,12,12,483,4677
reference_NY46__paper_roles,2019-09-08 01:00:00,5.36739938561,53.4045543739,0,0,0,12,12,497,4431
reference_NY46__paper_roles,2019-09-08 02:00:00,3.8492530185,23.5116681365,0,0,0,12,12,107,1615
reference_NY46__paper_roles,2019-09-08 03:00:00,6.4530406875,24.4983230202,0,0,0,12,12,1007,1753
reference_NY46__paper_roles,2019-09-08 04:00:00,7.37964643644,30.7776721891,0,0,0,12,12,1609,2512
reference_NY46__paper_roles,2019-09-08 05:00:00,4.07570483181,19.7162358041,0,0,0,12,12,143,1100
reference_NY46__paper_roles,2019-09-08 06:00:00,9.62635162438,32.8285143994,0,0,0,12,12,3533,2733
reference_NY46__paper_roles,2019-09-08 07:00:00,12.0966751702,40.7741733165,0,0,0,12,12,5457,3498
reference_NY46__paper_roles,2019-09-08 08:00:00,12.387846681,77.6133960351,0,0,0,12,12,5625,5534
reference_NY46__paper_roles,2019-09-08 09:00:00,7.46343213875,62.6333305376,0,0,0,13,13,1680,4924
reference_NY46__paper_roles,2019-09-08 10:00:00,6.81394924019,48.5890538474,0,0,0,12,11,1218,4094
reference_NY46__paper_roles,2019-09-08 11:00:00,6.33059679455,25.0974961682,0,0,0,12,12,919,1823
reference_NY46__paper_roles,2019-09-08 12:00:00,9.18253742332,49.0748694254,0,0,0,12,12,3120,4132
reference_NY46__paper_roles,2019-09-08 13:00:00,11.1070486462,49.4353854223,0,0,0,12,12,4716,4159
reference_NY46__paper_roles,2019-09-08 14:00:00,7.94742256533,81.0765097849,0,0,0,12,12,2046,5669
reference_NY46__paper_roles,2019-09-08 15:00:00,9.94958723168,114.965261105,0,0,0,13,12,3801,6521
reference_NY46__paper_roles,2019-09-08 16:00:00,8.26127376771,105.056362103,0,0,0,12,12,2312,6348
reference_NY46__paper_roles,2019-09-08 17:00:00,6.36654950423,28.3814591118,0,0,0,12,12,941,2236
reference_NY46__paper_roles,2019-09-08 18:00:00,5.75793519729,40.3947853952,0,0,0,12,12,645,3455
reference_NY46__paper_roles,2019-09-08 19:00:00,3.46721411619,9.12997100619,0,0,0,12,12,59,81
reference_NY46__paper_roles,2019-09-08 20:00:00,9.37020861053,45.1437334537,0,0,0,12,12,3281,3821
reference_NY46__paper_roles,2019-09-08 21:00:00,7.56403437048,21.710063386,0,0,0,12,12,1768,1366
reference_NY46__paper_roles,2019-09-08 22:00:00,8.89110860778,18.801358053,0,0,0,12,12,2890,949
reference_NY46__paper_roles,2019-09-08 23:00:00,8.44874581391,21.8311000256,0,0,0,12,12,2477,1380
reference_NY46__paper_roles,2019-09-09 00:00:00,3.60209657538,6.06404409593,0,0,0,12,12,77,5
reference_NY46__paper_roles,2019-09-09 01:00:00,4.9059515891,10.2086937681,0,0,0,12,12,342,125
reference_NY46__paper_roles,2019-09-09 02:00:00,6.39569130916,40.6841552864,0,0,0,12,12,966,3485
reference_NY46__paper_roles,2019-09-09 03:00:00,8.58997034234,32.9376329548,0,0,0,12,12,2603,2740
reference_NY46__paper_roles,2019-09-09 04:00:00,7.5578933153,20.5458752379,0,0,0,12,12,1763,1203
reference_NY46__paper_roles,2019-09-09 05:00:00,10.6618622157,25.6888455665,0,0,0,12,12,4378,1907
reference_NY46__paper_roles,2019-09-09 06:00:00,14.0538146651,29.5891951055,0,0,0,12,12,6552,2385
reference_NY46__paper_roles,2019-09-09 07:00:00,11.9273113734,21.000745247,0,0,0,12,12,5338,1274
reference_NY46__paper_roles,2019-09-09 08:00:00,8.41547904391,32.9348371357,0,0,0,12,12,2447,2739
reference_NY46__paper_roles,2019-09-09 09:00:00,7.75973265923,41.7968695036,0,0,0,12,12,1914,3566
reference_NY46__paper_roles,2019-09-09 10:00:00,5.84968429735,19.0448937368,0,0,0,12,12,681,992
reference_NY46__paper_roles,2019-09-09 11:00:00,6.35837796302,16.3196936712,0,0,0,12,12,934,637
reference_NY46__paper_roles,2019-09-09 12:00:00,9.56635940489,243.277739084,1,0,0,12,12,3471,7724
reference_NY46__paper_roles,2019-09-09 13:00:00,7.06877573507,92.5559546008,0,0,0,13,13,1383,6025
reference_NY46__paper_roles,2019-09-09 14:00:00,4.10475058658,11.174910683,0,0,0,13,13,148,176
reference_NY46__paper_roles,2019-09-09 15:00:00,4.97182161702,8.89778198631,0,0,0,12,11,352,71
reference_NY46__paper_roles,2019-09-09 16:00:00,5.13689275106,9.40910487453,0,0,0,13,12,421,91
reference_NY46__paper_roles,2019-09-09 17:00:00,9.12003106639,15.0886904366,0,0,0,12,12,3062,496
reference_NY46__paper_roles,2019-09-09 18:00:00,8.02628603278,21.4882367746,0,0,0,12,12,2119,1334
reference_NY46__paper_roles,2019-09-09 19:00:00,7.24330917606,42.9870157715,0,0,0,12,12,1495,3659
reference_NY46__paper_roles,2019-09-09 20:00:00,4.82878261052,15.3011937402,0,0,0,12,12,313,520
reference_NY46__paper_roles,2019-09-09 21:00:00,8.1994955525,20.7982085034,0,0,0,12,12,2265,1242
reference_NY46__paper_roles,2019-09-09 22:00:00,6.97099764431,15.6657980313,0,0,0,12,12,1320,557
reference_NY46__paper_roles,2019-09-09 23:00:00,7.79726547394,16.8565036695,0,0,0,12,12,1936,703
reference_NY46__paper_roles,2019-09-10 00:00:00,5.09557900959,9.46500326404,0,0,0,12,12,397,95
reference_NY46__paper_roles,2019-09-10 01:00:00,4.85876577895,10.7351572622,0,0,0,12,12,324,146
reference_NY46__paper_roles,2019-09-10 02:00:00,6.88245746474,12.180050169,0,0,0,12,12,1252,220
reference_NY46__paper_roles,2019-09-10 03:00:00,7.16601107301,12.721854871,0,0,0,12,12,1448,271
reference_NY46__paper_roles,2019-09-10 04:00:00,11.5869961554,22.1193729629,0,0,0,12,12,5075,1432
reference_NY46__paper_roles,2019-09-10 05:00:00,14.6041231771,33.1843111332,0,0,0,12,12,6794,2765
reference_NY46__paper_roles,2019-09-10 06:00:00,11.5542480597,25.8007411442,0,0,0,12,12,5052,1922
reference_NY46__paper_roles,2019-09-10 07:00:00,17.578480914,34.3179025341,0,0,0,12,12,7751,2884
reference_NY46__paper_roles,2019-09-10 08:00:00,14.9307494492,31.1899718406,0,0,0,12,12,6921,2553
reference_NY46__paper_roles,2019-09-10 09:00:00,5.28701643833,19.5575260467,0,0,0,13,13,466,1075
reference_NY46__paper_roles,2019-09-10 10:00:00,6.81021322427,14.8082134544,0,0,0,12,12,1216,473
reference_NY46__paper_roles,2019-09-10 11:00:00,4.78769882729,18.7154268794,0,0,0,12,12,297,931
reference_NY46__paper_roles,2019-09-10 12:00:00,7.91515162338,68.0194576069,0,0,0,12,12,2021,5172
reference_NY46__paper_roles,2019-09-10 13:00:00,12.3085907935,184.895509208,0,0,0,12,12,5581,7378
reference_NY46__paper_roles,2019-09-10 14:00:00,11.9792128281,149.47852532,0,0,0,12,12,5383,7041
reference_NY46__paper_roles,2019-09-10 15:00:00,9.29833705201,120.644680709,0,0,0,12,12,3224,6625
reference_NY46__paper_roles,2019-09-10 16:00:00,8.88003314767,91.0406494907,0,0,0,12,12,2871,5968
reference_NY46__paper_roles,2019-09-10 17:00:00,11.6798244886,127.764088801,0,0,0,12,12,5140,6760
reference_NY46__paper_roles,2019-09-10 18:00:00,8.38485749348,65.1422404617,0,0,0,12,12,2421,5045
reference_NY46__paper_roles,2019-09-10 19:00:00,4.60305906301,8.46759580755,0,0,0,12,12,248,59
reference_NY46__paper_roles,2019-09-10 20:00:00,9.51288314819,447.719893692,0,0,0,13,12,3426,8188
reference_NY46__paper_roles,2019-09-10 21:00:00,7.2840304847,15.4279693908,0,0,0,12,12,1514,528
reference_NY46__paper_roles,2019-09-10 22:00:00,11.6593731021,191.009349836,0,0,0,12,12,5130,7420
reference_NY46__paper_roles,2019-09-10 23:00:00,10.7743893462,194.005003022,1,0,0,12,12,4462,7442
reference_NY46__paper_roles,2019-09-11 00:00:00,8.88175168637,53.1384654952,0,0,0,12,12,2873,4408
reference_NY46__paper_roles,2019-09-11 01:00:00,6.37877387101,73.7326950625,0,0,0,12,12,950,5388
reference_NY46__paper_roles,2019-09-11 02:00:00,7.13553000472,122.179232021,1,0,0,12,12,1428,6659
reference_NY46__paper_roles,2019-09-11 03:00:00,8.7017221869,93.0982119153,0,0,0,12,12,2679,6042
reference_NY46__paper_roles,2019-09-11 04:00:00,9.366895595,128.543648844,1,0,0,12,12,3278,6775
reference_NY46__paper_roles,2019-09-11 05:00:00,15.2620316665,71.4649296287,0,0,0,12,12,7026,5304
reference_NY46__paper_roles,2019-09-11 06:00:00,13.0573757808,21.3631965193,0,0,0,12,12,6014,1320
reference_NY46__paper_roles,2019-09-11 07:00:00,12.1879566427,55.1177022208,0,0,0,12,12,5522,4528
reference_NY46__paper_roles,2019-09-11 08:00:00,17.4620117938,184.134084172,0,0,0,12,12,7725,7373
reference_NY46__paper_roles,2019-09-11 09:00:00,23.6112269278,103.714348069,0,0,0,12,12,8520,6321
reference_NY46__paper_roles,2019-09-11 10:00:00,21.2699063127,37.1737815463,0,0,0,12,12,8334,3156
reference_NY46__paper_roles,2019-09-11 11:00:00,15.3682736385,31.8084162817,0,0,0,12,12,7080,2614
reference_NY46__paper_roles,2019-09-11 12:00:00,19.3248398681,27.4141310069,0,0,0,12,12,8070,2124
reference_NY46__paper_roles,2019-09-11 13:00:00,19.1439777393,40.6654220609,0,0,0,12,12,8040,3483
reference_NY46__paper_roles,2019-09-11 14:00:00,23.249715476,66.1540195371,0,0,0,12,12,8492,5086
reference_NY46__paper_roles,2019-09-11 15:00:00,27.6267978767,88.2369434708,0,0,0,12,12,8666,5886
reference_NY46__paper_roles,2019-09-11 16:00:00,26.7209741709,118.256342235,0,0,0,12,12,8639,6571
reference_NY46__paper_roles,2019-09-11 17:00:00,20.3833843488,88.9273415451,0,0,0,13,12,8227,5908
reference_NY46__paper_roles,2019-09-11 18:00:00,19.4560017412,179.148544758,1,0,0,12,12,8086,7340
reference_NY46__paper_roles,2019-09-11 19:00:00,13.0947944424,47.2061126568,0,0,0,12,12,6030,3977
reference_NY46__paper_roles,2019-09-11 20:00:00,19.3456776559,80.4705685661,0,0,0,12,12,8074,5637
reference_NY46__paper_roles,2019-09-11 21:00:00,16.4873200231,449.814255902,1,0,0,12,12,7479,8192
reference_NY46__paper_roles,2019-09-11 22:00:00,13.4874846958,1022.34510939,0,0,0,12,12,6246,8498
reference_NY46__paper_roles,2019-09-11 23:00:00,10.6053038791,1878.07634457,1,0,0,12,12,4333,8610
reference_NY46__paper_roles,2019-09-12 00:00:00,13.5181064866,26.1988250105,0,0,0,12,12,6268,1977
reference_NY46__paper_roles,2019-09-12 01:00:00,10.043152999,40.6422906388,0,0,0,12,12,3881,3480
reference_NY46__paper_roles,2019-09-12 02:00:00,11.860553545,67.542402788,0,0,0,12,12,5282,5145
reference_NY46__paper_roles,2019-09-12 03:00:00,11.3530077165,85.5705264611,0,0,0,12,12,4913,5820
reference_NY46__paper_roles,2019-09-12 04:00:00,18.3670318883,89.8864735602,0,0,0,12,12,7913,5943
reference_NY46__paper_roles,2019-09-12 05:00:00,21.9955351694,47.235657783,0,0,0,12,12,8408,3980
reference_NY46__paper_roles,2019-09-12 06:00:00,13.0942558704,44.7601048926,0,0,0,12,12,6029,3798
reference_NY46__paper_roles,2019-09-12 07:00:00,11.8839363239,41.1837622891,0,0,0,12,12,5303,3532
reference_NY46__paper_roles,2019-09-12 08:00:00,15.7519082057,40.1582246303,0,0,0,12,12,7239,3438
reference_NY46__paper_roles,2019-09-12 09:00:00,13.6888570254,21.5166893476,0,0,0,12,12,6371,1340
reference_NY46__paper_roles,2019-09-12 10:00:00,13.079416338,96.565116995,0,0,0,12,12,6023,6149
reference_NY46__paper_roles,2019-09-12 11:00:00,15.6267071243,149.970816372,0,0,0,12,12,7176,7048
reference_NY46__paper_roles,2019-09-12 12:00:00,11.3385421217,73.8313071639,0,0,0,12,12,4904,5395
reference_NY46__paper_roles,2019-09-12 13:00:00,12.6762223157,172.920681787,0,0,0,12,12,5792,7291
reference_NY46__paper_roles,2019-09-12 14:00:00,14.3451651715,369.188199084,0,0,0,12,12,6675,8101
reference_NY46__paper_roles,2019-09-12 15:00:00,14.2723536761,979.930513713,1,0,0,12,11,6639,8492
reference_NY46__paper_roles,2019-09-12 16:00:00,16.8124463886,2103.03485773,1,0,0,12,12,7569,8623
reference_NY46__paper_roles,2019-09-12 17:00:00,16.3495763674,603.211970446,0,0,0,12,12,7433,8340
reference_NY46__paper_roles,2019-09-12 18:00:00,14.4065470778,457.175713341,0,0,0,12,12,6712,8203
reference_NY46__paper_roles,2019-09-12 19:00:00,13.291068677,135.534038758,0,0,0,12,12,6128,6870
reference_NY46__paper_roles,2019-09-12 20:00:00,13.5218523198,100.847185111,1,0,0,12,12,6271,6249
reference_NY46__paper_roles,2019-09-12 21:00:00,16.1189596621,123.443257499,1,0,0,13,12,7361,6687
reference_NY46__paper_roles,2019-09-12 22:00:00,10.5298963134,61.2503011844,0,0,0,12,12,4272,4852
reference_NY46__paper_roles,2019-09-12 23:00:00,11.7594144678,211.740576695,1,0,0,12,12,5203,7557
reference_NY46__paper_roles,2019-09-13 00:00:00,8.1537870677,284.518817995,1,0,0,12,12,2219,7881
reference_NY46__paper_roles,2019-09-13 01:00:00,9.86689958522,38.1428032438,0,0,0,12,12,3736,3252
reference_NY46__paper_roles,2019-09-13 02:00:00,10.6538724208,33.6721094965,0,0,0,12,12,4371,2816
reference_NY46__paper_roles,2019-09-13 03:00:00,13.5454627421,159.055559247,0,0,0,12,12,6289,7157
reference_NY46__paper_roles,2019-09-13 04:00:00,22.5895881058,324.89166431,1,0,0,12,12,8452,7995
reference_NY46__paper_roles,2019-09-13 05:00:00,16.8286234504,350.940030934,0,0,0,12,12,7573,8067
reference_NY46__paper_roles,2019-09-13 06:00:00,13.6050293056,123.620932455,0,0,0,12,12,6322,6691
reference_NY46__paper_roles,2019-09-13 07:00:00,11.9704556495,18.3577239272,0,0,0,12,12,5375,885
reference_NY46__paper_roles,2019-09-13 08:00:00,11.7447744448,39.5966639998,0,0,0,12,12,5188,3387
reference_NY46__paper_roles,2019-09-13 09:00:00,13.9444279647,48.5380287895,0,0,0,12,12,6500,4090
reference_NY46__paper_roles,2019-09-13 10:00:00,19.3342339051,150.180159905,1,0,0,12,12,8072,7052
reference_NY46__paper_roles,2019-09-13 11:00:00,19.2258790599,107.741053653,1,0,0,12,12,8054,6390
reference_NY46__paper_roles,2019-09-13 12:00:00,19.2637553724,142.708743246,0,0,0,12,12,8059,6963
reference_NY46__paper_roles,2019-09-13 13:00:00,15.3584717844,88.7871238273,0,0,0,12,12,7076,5903
reference_NY46__paper_roles,2019-09-13 14:00:00,13.6810111898,118.266030462,0,0,0,13,13,6367,6573
reference_NY46__paper_roles,2019-09-13 15:00:00,13.5123026356,262.026295256,0,0,0,12,11,6264,7803
reference_NY46__paper_roles,2019-09-13 16:00:00,13.2041600247,215.259694379,1,0,0,14,14,6084,7574
reference_NY46__paper_roles,2019-09-13 17:00:00,10.8909754779,871.941522688,0,0,0,10,10,4558,8461
reference_NY46__paper_roles,2019-09-13 18:00:00,10.5668793392,107622.407727,0,0,0,12,12,4305,8756
reference_NY46__paper_roles,2019-09-13 19:00:00,9.32930056235,340.683689521,0,0,0,12,12,3255,8033
reference_NY46__paper_roles,2019-09-13 20:00:00,9.47160818527,195.048831956,0,0,0,12,12,3373,7448
reference_NY46__paper_roles,2019-09-13 21:00:00,8.71590146077,108.263129534,0,0,0,12,12,2698,6399
reference_NY46__paper_roles,2019-09-13 22:00:00,6.03714233802,86.225420829,0,0,0,12,12,765,5841
reference_NY46__paper_roles,2019-09-13 23:00:00,11.7452330093,275.358766614,0,0,0,12,12,5189,7837
reference_NY46__paper_roles,2019-09-14 00:00:00,4.90495204182,83.5549397218,0,0,0,12,12,340,5744
reference_NY46__paper_roles,2019-09-14 01:00:00,8.93004817989,44.2498193082,0,0,0,12,12,2917,3754
reference_NY46__paper_roles,2019-09-14 02:00:00,12.0315382731,53.2311477047,0,0,0,13,13,5414,4418
reference_NY46__paper_roles,2019-09-14 03:00:00,14.8069362955,66.2463753421,0,0,0,12,12,6866,5091
reference_NY46__paper_roles,2019-09-14 04:00:00,16.9744506804,54.2873939283,0,0,0,12,12,7615,4478
reference_NY46__paper_roles,2019-09-14 05:00:00,12.070032237,40.6458715047,0,0,0,12,12,5441,3481
reference_NY46__paper_roles,2019-09-14 06:00:00,11.9912694133,62.8774676188,0,0,0,12,12,5390,4932
reference_NY46__paper_roles,2019-09-14 07:00:00,5.65429482319,15.9663781677,0,0,0,12,12,602,599
reference_NY46__paper_roles,2019-09-14 08:00:00,5.65028119309,20.8065806854,0,0,0,12,12,600,1243
reference_NY46__paper_roles,2019-09-14 09:00:00,5.07311617116,37.6378365953,0,0,0,12,12,388,3197
reference_NY46__paper_roles,2019-09-14 10:00:00,7.46549568044,61.6453244988,0,0,0,12,12,1683,4873
reference_NY46__paper_roles,2019-09-14 11:00:00,7.61883577855,47.3313917517,0,0,0,12,12,1810,3991
reference_NY46__paper_roles,2019-09-14 12:00:00,8.08237944332,29.7675243008,0,0,0,12,12,2163,2402
reference_NY46__paper_roles,2019-09-14 13:00:00,9.35012843003,51.6999393162,0,0,0,12,12,3272,4314
reference_NY46__paper_roles,2019-09-14 14:00:00,6.01240629066,38.4532434593,0,0,0,12,12,756,3282
reference_NY46__paper_roles,2019-09-14 15:00:00,4.45538807221,36.0521901578,0,0,0,12,12,208,3054
reference_NY46__paper_roles,2019-09-14 16:00:00,6.02578854925,31.3059101652,0,0,0,12,12,761,2569
reference_NY46__paper_roles,2019-09-14 17:00:00,6.09824747163,28.6731895432,0,0,0,12,12,794,2275
reference_NY46__paper_roles,2019-09-14 18:00:00,6.40022806978,23.5274927379,0,0,0,12,12,973,1618
reference_NY46__paper_roles,2019-09-14 19:00:00,7.72431772281,20.6030549282,0,0,0,12,12,1892,1212
reference_NY46__paper_roles,2019-09-14 20:00:00,6.19634658127,13.6695210118,0,0,0,12,12,839,360
reference_NY46__paper_roles,2019-09-14 21:00:00,4.78875783804,9.32771142469,0,0,0,12,12,298,86
reference_NY46__paper_roles,2019-09-14 22:00:00,4.01277194658,12.8143598928,0,0,0,12,12,130,281
reference_NY46__paper_roles,2019-09-14 23:00:00,8.58132301238,48.9884579427,0,0,0,12,12,2595,4127
reference_NY46__paper_roles,2019-09-15 00:00:00,7.04231318,14.9246130468,0,0,0,12,12,1367,483
reference_NY46__paper_roles,2019-09-15 01:00:00,10.6438592661,25.1154755259,0,0,0,12,12,4364,1826
reference_NY46__paper_roles,2019-09-15 02:00:00,10.3096014731,33.7202187298,0,0,0,12,12,4081,2824
reference_NY46__paper_roles,2019-09-15 03:00:00,10.3625773285,21.0701423585,0,0,0,12,12,4124,1280
reference_NY46__paper_roles,2019-09-15 04:00:00,10.7248932764,23.0490781487,0,0,0,12,12,4420,1547
reference_NY46__paper_roles,2019-09-15 05:00:00,11.2929413051,24.6116005856,0,0,0,12,12,4862,1766
reference_NY46__paper_roles,2019-09-15 06:00:00,11.6519115794,24.0681527475,0,0,0,12,12,5122,1693
reference_NY46__paper_roles,2019-09-15 07:00:00,12.0977424561,34.6285145249,0,0,0,12,12,5459,2917
reference_NY46__paper_roles,2019-09-15 08:00:00,9.09785472165,29.6586500394,0,0,0,12,12,3043,2391
reference_NY46__paper_roles,2019-09-15 09:00:00,12.1181985594,38.3857759048,0,0,0,13,13,5471,3272
reference_NY46__paper_roles,2019-09-15 10:00:00,10.0390084619,28.6385402906,0,0,0,13,12,3875,2270
reference_NY46__paper_roles,2019-09-15 11:00:00,14.0841659554,43.0858994867,0,0,0,12,12,6563,3669
reference_NY46__paper_roles,2019-09-15 12:00:00,15.804260476,73.716507121,0,0,0,12,12,7255,5387
reference_NY46__paper_roles,2019-09-15 13:00:00,12.2358656126,170.708507921,0,0,0,12,12,5550,7270
reference_NY46__paper_roles,2019-09-15 14:00:00,12.8048025909,61.6210077681,0,0,0,12,12,5864,4871
reference_NY46__paper_roles,2019-09-15 15:00:00,11.7835641815,89.0921351343,0,0,0,12,12,5219,5914
reference_NY46__paper_roles,2019-09-15 16:00:00,7.13392606119,114.751631529,0,0,0,13,13,1426,6518
reference_NY46__paper_roles,2019-09-15 17:00:00,8.54859231034,26.0640742894,0,0,0,12,12,2561,1961
reference_NY46__paper_roles,2019-09-15 18:00:00,7.46793939137,13.2077989172,0,0,0,12,12,1685,316
reference_NY46__paper_roles,2019-09-15 19:00:00,7.18182483258,61.2269396062,0,0,0,12,12,1459,4851
reference_NY46__paper_roles,2019-09-15 20:00:00,9.71216397845,588.761319921,0,0,0,12,12,3598,8330
reference_NY46__paper_roles,2019-09-15 21:00:00,10.4460693948,101.101937484,0,0,0,12,12,4202,6253
reference_NY46__paper_roles,2019-09-15 22:00:00,12.5664718655,71.2540720124,0,0,0,12,12,5735,5292
reference_NY46__paper_roles,2019-09-15 23:00:00,11.24524122,83.8178937011,0,0,0,12,12,4831,5758
reference_NY46__paper_roles,2019-09-16 00:00:00,6.43942036604,69.2045429194,0,0,0,12,12,998,5215
reference_NY46__paper_roles,2019-09-16 01:00:00,9.04955655696,80.6050229595,0,0,0,12,12,3001,5642
reference_NY46__paper_roles,2019-09-16 02:00:00,12.6153771151,112.80298251,0,0,0,12,12,5761,6486
reference_NY46__paper_roles,2019-09-16 03:00:00,12.342028383,83.5533296419,0,0,0,12,12,5600,5742
reference_NY46__paper_roles,2019-09-16 04:00:00,19.3054184425,83.6591552378,0,0,0,12,12,8068,5750
reference_NY46__paper_roles,2019-09-16 05:00:00,23.3776867873,62.5023224753,0,0,0,12,12,8505,4918
reference_NY46__paper_roles,2019-09-16 06:00:00,13.7196346991,64.9309000143,0,0,0,12,12,6389,5038
reference_NY46__paper_roles,2019-09-16 07:00:00,11.8946684347,121.531593856,0,0,0,12,12,5313,6649
reference_NY46__paper_roles,2019-09-16 08:00:00,11.8895012279,35.7718823842,0,0,0,12,12,5307,3019
reference_NY46__paper_roles,2019-09-16 09:00:00,9.28753160397,120.565486537,1,0,0,12,12,3214,6622
reference_NY46__paper_roles,2019-09-16 10:00:00,12.1657612077,992.949877694,1,0,0,12,12,5502,8493
reference_NY46__paper_roles,2019-09-16 11:00:00,9.98200344673,234.540072989,1,0,0,12,12,3825,7679
reference_NY46__paper_roles,2019-09-16 12:00:00,11.389080064,405.94583679,0,0,0,12,12,4942,8144
reference_NY46__paper_roles,2019-09-16 13:00:00,15.8374903699,422.140164501,0,0,0,13,13,7268,8158
reference_NY46__paper_roles,2019-09-16 14:00:00,13.1145715327,181.009478662,0,0,0,12,12,6035,7354
reference_NY46__paper_roles,2019-09-16 15:00:00,15.4068123221,665.387075486,1,0,0,12,12,7101,8376
reference_NY46__paper_roles,2019-09-16 16:00:00,11.8553636026,200.534772322,1,0,0,12,12,5272,7491
reference_NY46__paper_roles,2019-09-16 17:00:00,11.2684742341,20.4505395774,0,0,0,12,12,4842,1193
reference_NY46__paper_roles,2019-09-16 18:00:00,9.87672700236,29.9594736128,0,0,0,12,12,3743,2426
reference_NY46__paper_roles,2019-09-16 19:00:00,10.7908882296,88.6844880219,0,0,0,12,12,4478,5901
reference_NY46__paper_roles,2019-09-16 20:00:00,10.9588470954,19.2949877671,0,0,0,12,12,4610,1034
reference_NY46__paper_roles,2019-09-16 21:00:00,10.041023494,84.1352970495,0,0,0,12,12,3878,5767
reference_NY46__paper_roles,2019-09-16 22:00:00,10.850531532,84.536346917,0,0,0,12,12,4523,5780
reference_NY46__paper_roles,2019-09-16 23:00:00,14.3403722729,29.405740334,0,0,0,12,12,6671,2365
reference_NY46__paper_roles,2019-09-17 00:00:00,11.2012539372,54.1773844471,0,0,0,12,12,4803,4469
reference_NY46__paper_roles,2019-09-17 01:00:00,10.0112746254,53.2702068282,0,0,0,12,12,3849,4423
reference_NY46__paper_roles,2019-09-17 02:00:00,12.068410949,35.3614703958,0,0,0,12,12,5440,2980
reference_NY46__paper_roles,2019-09-17 03:00:00,11.5997952074,46.6651820518,0,0,0,12,12,5082,3945
reference_NY46__paper_roles,2019-09-17 04:00:00,15.1060572558,38.8710475874,0,0,0,12,12,6978,3319
reference_NY46__paper_roles,2019-09-17 05:00:00,21.3105110311,58.4965852851,0,0,0,12,12,8337,4712
reference_NY46__paper_roles,2019-09-17 06:00:00,15.8672323054,23.1903691483,0,0,0,12,12,7279,1569
reference_NY46__paper_roles,2019-09-17 07:00:00,14.3415168492,752.127499788,1,0,0,12,12,6674,8419
reference_NY46__paper_roles,2019-09-17 08:00:00,12.4036499229,19498.3231904,0,0,0,12,12,5638,8745
reference_NY46__paper_roles,2019-09-17 09:00:00,10.1485458106,4410.71429398,0,0,0,12,12,3959,8702
reference_NY46__paper_roles,2019-09-17 10:00:00,10.9194293836,127.222135667,0,0,0,12,12,4582,6758
reference_NY46__paper_roles,2019-09-17 11:00:00,13.056415102,176.778978482,1,0,0,12,12,6012,7327
reference_NY46__paper_roles,2019-09-17 12:00:00,12.1799538495,27.557213778,0,0,0,12,12,5516,2137
reference_NY46__paper_roles,2019-09-17 13:00:00,12.5299760624,53.2368900558,0,0,0,12,12,5722,4419
reference_NY46__paper_roles,2019-09-17 14:00:00,10.0146872206,26.4571664409,0,0,0,12,12,3853,2013
reference_NY46__paper_roles,2019-09-17 15:00:00,10.9093979702,100.685676225,1,0,0,12,12,4570,6244
reference_NY46__paper_roles,2019-09-17 16:00:00,10.2844638462,576.749686917,1,0,0,12,12,4062,8322
reference_NY46__paper_roles,2019-09-17 17:00:00,10.0476138223,142.551563128,1,0,0,12,12,3885,6958
reference_NY46__paper_roles,2019-09-17 18:00:00,9.13827196207,184.248258794,1,0,0,12,12,3075,7374
reference_NY46__paper_roles,2019-09-17 19:00:00,6.31756521364,49.0897282961,0,0,0,12,12,909,4134
reference_NY46__paper_roles,2019-09-17 20:00:00,15.2657861624,28.3029545768,0,0,0,12,12,7027,2224
reference_NY46__paper_roles,2019-09-17 21:00:00,19.5593997728,52.8220391948,0,0,0,12,12,8101,4380
reference_NY46__paper_roles,2019-09-17 22:00:00,15.6470801561,2658.79895256,1,0,0,12,12,7188,8655
reference_NY46__paper_roles,2019-09-17 23:00:00,13.4739256418,579.248590867,0,0,0,12,12,6238,8323
reference_NY46__paper_roles,2019-09-18 00:00:00,4.80284813227,64.789874019,0,0,0,12,12,303,5027
reference_NY46__paper_roles,2019-09-18 01:00:00,4.4452834299,6.65097806111,0,0,0,12,12,204,12
reference_NY46__paper_roles,2019-09-18 02:00:00,7.89240623678,40.3891048653,0,0,0,12,12,2006,3454
reference_NY46__paper_roles,2019-09-18 03:00:00,4.12177060745,20.710366238,0,0,0,12,12,153,1227
reference_NY46__paper_roles,2019-09-18 04:00:00,7.30395687004,14.4168702326,0,0,0,12,12,1538,432
reference_NY46__paper_roles,2019-09-18 05:00:00,14.3842978287,31.7729478397,0,0,0,12,12,6700,2610
reference_NY46__paper_roles,2019-09-18 06:00:00,7.68770028538,34.0831705612,0,0,0,12,12,1861,2860
reference_NY46__paper_roles,2019-09-18 07:00:00,5.47215846634,43.8381419851,0,0,0,12,12,536,3719
reference_NY46__paper_roles,2019-09-18 08:00:00,7.06849509982,51.4429606709,0,0,0,12,12,1382,4295
reference_NY46__paper_roles,2019-09-18 09:00:00,9.52331546602,336.027036064,0,0,0,12,12,3435,8021
reference_NY46__paper_roles,2019-09-18 10:00:00,7.87071058029,13.1385660022,0,0,0,12,12,1993,306
reference_NY46__paper_roles,2019-09-18 11:00:00,10.1806868242,597.459932438,1,0,0,12,12,3991,8335
reference_NY46__paper_roles,2019-09-18 12:00:00,10.3859434439,453.810534774,0,0,0,12,12,4152,8197
reference_NY46__paper_roles,2019-09-18 13:00:00,6.59736389478,142.706273658,0,0,0,12,12,1086,6962
reference_NY46__paper_roles,2019-09-18 14:00:00,9.49245337134,216.49211347,0,0,0,12,12,3397,7585
reference_NY46__paper_roles,2019-09-18 15:00:00,10.9155421655,88.1346128886,0,0,0,12,12,4578,5882
reference_NY46__paper_roles,2019-09-18 16:00:00,9.47668901868,24.9821520849,0,0,0,12,12,3380,1812
reference_NY46__paper_roles,2019-09-18 17:00:00,6.16111807131,9.40453337286,0,0,0,12,12,823,90
reference_NY46__paper_roles,2019-09-18 18:00:00,4.46877821942,8.70747864818,0,0,0,12,12,213,68
reference_NY46__paper_roles,2019-09-18 19:00:00,7.51308073378,125.076777698,0,0,0,12,12,1725,6709
reference_NY46__paper_roles,2019-09-18 20:00:00,8.15361416092,234.800011109,0,0,0,12,12,2217,7683
reference_NY46__paper_roles,2019-09-18 21:00:00,11.3498296558,177.889260776,1,0,0,12,12,4911,7333
reference_NY46__paper_roles,2019-09-18 22:00:00,8.70694591343,51.2557269836,0,0,0,12,12,2684,4282
reference_NY46__paper_roles,2019-09-18 23:00:00,10.48815325,15.7970303254,0,0,0,12,12,4231,573
reference_NY46__paper_roles,2019-09-19 00:00:00,4.20159186643,7.01499969159,0,0,0,12,12,166,23
reference_NY46__paper_roles,2019-09-19 01:00:00,7.59452022628,19.773569532,0,0,0,12,12,1788,1105
reference_NY46__paper_roles,2019-09-19 02:00:00,6.89049709845,17.5672437653,0,0,0,12,12,1258,793
reference_NY46__paper_roles,2019-09-19 03:00:00,9.87844928348,35.56013025,0,0,0,12,12,3744,3001
reference_NY46__paper_roles,2019-09-19 04:00:00,12.4555963528,40.7086812679,0,0,0,12,12,5683,3490
reference_NY46__paper_roles,2019-09-19 05:00:00,16.8476857026,44.6445335833,0,0,0,12,12,7578,3790
reference_NY46__paper_roles,2019-09-19 06:00:00,6.37718647881,223.502299992,0,0,0,12,12,947,7621
reference_NY46__paper_roles,2019-09-19 07:00:00,5.09043026141,38.0380871673,0,0,0,12,12,396,3241
reference_NY46__paper_roles,2019-09-19 08:00:00,6.11682477406,9.85156831796,0,0,0,12,12,805,111
reference_NY46__paper_roles,2019-09-19 09:00:00,9.68960664366,12.98925057,0,0,0,12,12,3583,293
reference_NY46__paper_roles,2019-09-19 10:00:00,11.1588176438,67.2208818689,0,0,0,12,12,4761,5132
reference_NY46__paper_roles,2019-09-19 11:00:00,9.16764600763,39.2627830922,0,0,0,12,12,3109,3359
reference_NY46__paper_roles,2019-09-19 12:00:00,11.9448501026,52.2033149287,0,0,0,12,12,5357,4347
reference_NY46__paper_roles,2019-09-19 13:00:00,9.267973128,88.4497613955,0,0,0,12,12,3202,5892
reference_NY46__paper_roles,2019-09-19 14:00:00,8.81794652501,948.446047723,0,0,0,12,12,2806,8482
reference_NY46__paper_roles,2019-09-19 15:00:00,8.55991162759,45.2511562411,0,0,0,13,13,2575,3834
reference_NY46__paper_roles,2019-09-19 16:00:00,11.4369168727,332.497326607,1,0,0,12,12,4976,8012
reference_NY46__paper_roles,2019-09-19 17:00:00,12.3433225306,203.290996874,1,0,0,13,13,5601,7508
reference_NY46__paper_roles,2019-09-19 18:00:00,8.47430186,409.535738872,0,0,0,12,12,2498,8148
reference_NY46__paper_roles,2019-09-19 19:00:00,6.58754398217,63.3076498673,0,0,0,12,12,1079,4959
reference_NY46__paper_roles,2019-09-19 20:00:00,5.08221614986,19.0149599729,0,0,0,12,12,393,984
reference_NY46__paper_roles,2019-09-19 21:00:00,8.04338067543,30.1576851689,0,0,0,12,12,2127,2442
reference_NY46__paper_roles,2019-09-19 22:00:00,7.64592789957,17.6178477948,0,0,0,12,12,1833,801
reference_NY46__paper_roles,2019-09-19 23:00:00,8.34116426798,39.912976115,0,0,0,12,12,2386,3421
reference_NY46__paper_roles,2019-09-20 00:00:00,5.60445172286,11.0700787701,0,0,0,12,12,584,168
reference_NY46__paper_roles,2019-09-20 01:00:00,5.69778654874,11.1242581603,0,0,0,12,12,623,173
reference_NY46__paper_roles,2019-09-20 02:00:00,10.356953443,29.891460168,0,0,0,12,12,4119,2418
reference_NY46__paper_roles,2019-09-20 03:00:00,10.3068166801,35.5427253412,0,0,0,12,12,4080,2998
reference_NY46__paper_roles,2019-09-20 04:00:00,10.057262359,34.9063000301,0,0,0,12,12,3893,2942
reference_NY46__paper_roles,2019-09-20 05:00:00,14.8241584155,48.9813112615,0,0,0,12,12,6877,4126
reference_NY46__paper_roles,2019-09-20 06:00:00,11.6807143324,77.0656674646,0,0,0,12,12,5141,5516
reference_NY46__paper_roles,2019-09-20 07:00:00,7.92405500786,13.1255496794,0,0,0,12,12,2028,303
reference_NY46__paper_roles,2019-09-20 08:00:00,6.17772875986,10.9486362139,0,0,0,12,12,831,159
reference_NY46__paper_roles,2019-09-20 09:00:00,11.1515622779,21.6358458709,0,0,0,12,12,4756,1356
reference_NY46__paper_roles,2019-09-20 10:00:00,9.01911218393,61.7211818788,0,0,0,14,13,2984,4880
reference_NY46__paper_roles,2019-09-20 11:00:00,7.16376239253,38.2404182582,0,0,0,12,12,1446,3259
reference_NY46__paper_roles,2019-09-20 12:00:00,8.20934011337,35.6321907678,0,0,0,12,12,2274,3005
reference_NY46__paper_roles,2019-09-20 13:00:00,7.29464960909,27.2548267044,0,0,0,12,12,1528,2103
reference_NY46__paper_roles,2019-09-20 14:00:00,7.40705973934,57.6009332867,0,0,0,12,12,1627,4679
reference_NY46__paper_roles,2019-09-20 15:00:00,15.9260829548,945.401284128,1,0,0,12,12,7297,8481
reference_NY46__paper_roles,2019-09-20 16:00:00,12.7970038134,70.2072272433,0,0,0,12,12,5857,5252
reference_NY46__paper_roles,2019-09-20 17:00:00,12.9065476442,202.034177399,1,0,0,12,12,5929,7503
reference_NY46__paper_roles,2019-09-20 18:00:00,3.22920297218,35.2311225201,0,0,0,12,12,40,2971
reference_NY46__paper_roles,2019-09-20 19:00:00,3.32669905484,529.742150027,0,0,0,12,12,48,8284
reference_NY46__paper_roles,2019-09-20 20:00:00,5.41700327642,50.8409892229,0,0,0,12,12,517,4248
reference_NY46__paper_roles,2019-09-20 21:00:00,4.45694859645,105.612231009,0,0,0,12,12,209,6360
reference_NY46__paper_roles,2019-09-20 22:00:00,7.74643302645,88.3363391914,0,0,0,12,12,1908,5890
reference_NY46__paper_roles,2019-09-20 23:00:00,11.1656215256,657.520512122,0,0,0,12,12,4766,8370
reference_NY46__paper_roles,2019-09-21 00:00:00,11.6060419254,7114.49941279,1,0,0,12,12,5087,8728
reference_NY46__paper_roles,2019-09-21 01:00:00,10.7868596744,1425.81618811,0,0,0,12,12,4474,8567
reference_NY46__paper_roles,2019-09-21 02:00:00,9.76858690349,83.2744189797,0,0,0,12,12,3639,5732
reference_NY46__paper_roles,2019-09-21 03:00:00,11.46566074,138.379893206,0,0,0,12,12,4997,6904
reference_NY46__paper_roles,2019-09-21 04:00:00,14.8343373445,106.519472541,0,0,0,12,12,6883,6378
reference_NY46__paper_roles,2019-09-21 05:00:00,11.7394503769,21.4105946381,0,0,0,12,12,5185,1329
reference_NY46__paper_roles,2019-09-21 06:00:00,12.7932940471,34.8865769798,0,0,0,12,12,5854,2941
reference_NY46__paper_roles,2019-09-21 07:00:00,14.3505287169,38.8463809828,0,0,0,12,12,6680,3316
reference_NY46__paper_roles,2019-09-21 08:00:00,7.24832438424,13.9294397552,0,0,0,12,12,1497,377
reference_NY46__paper_roles,2019-09-21 09:00:00,3.36322316722,207.978510303,0,0,0,12,12,51,7539
reference_NY46__paper_roles,2019-09-21 10:00:00,9.11730733422,32.7310983817,0,0,0,12,12,3060,2718
reference_NY46__paper_roles,2019-09-21 11:00:00,6.67781420734,10.0546608927,0,0,0,12,12,1140,119
reference_NY46__paper_roles,2019-09-21 12:00:00,7.37285267168,20.2727200771,0,0,0,12,12,1601,1166
reference_NY46__paper_roles,2019-09-21 13:00:00,12.361598719,57.3238024398,0,0,0,12,12,5610,4661
reference_NY46__paper_roles,2019-09-21 14:00:00,12.1893527356,68.9428290401,0,0,0,12,12,5523,5207
reference_NY46__paper_roles,2019-09-21 15:00:00,11.4175938069,49.3279602712,0,0,0,12,12,4962,4154
reference_NY46__paper_roles,2019-09-21 16:00:00,10.7794051641,116.34865811,0,0,0,12,12,4467,6539
reference_NY46__paper_roles,2019-09-21 17:00:00,9.50340356052,120.052730374,0,0,0,12,12,3414,6606
reference_NY46__paper_roles,2019-09-21 18:00:00,8.95484815066,170.227614566,0,0,0,12,12,2944,7267
reference_NY46__paper_roles,2019-09-21 19:00:00,17.1318694533,360.546390862,0,0,0,12,12,7654,8087
reference_NY46__paper_roles,2019-09-21 20:00:00,16.5251923915,140.422492003,0,0,0,12,12,7490,6936
reference_NY46__paper_roles,2019-09-21 21:00:00,9.60058753048,44.3629391914,0,0,0,12,12,3500,3768
reference_NY46__paper_roles,2019-09-21 22:00:00,14.7858889213,30.8598163183,0,0,0,12,12,6858,2525
reference_NY46__paper_roles,2019-09-21 23:00:00,12.9453453791,28.9305316739,0,0,0,12,12,5945,2303
reference_NY46__paper_roles,2019-09-22 00:00:00,4.82151384785,674.724655724,1,0,0,12,12,310,8382
reference_NY46__paper_roles,2019-09-22 01:00:00,6.7746884096,146.710417571,1,0,0,14,14,1204,7013
reference_NY46__paper_roles,2019-09-22 02:00:00,8.55508802745,178.015493505,1,0,0,11,11,2566,7334
reference_NY46__paper_roles,2019-09-22 03:00:00,8.98483685021,347.517772815,1,0,0,12,12,2965,8057
reference_NY46__paper_roles,2019-09-22 04:00:00,11.7560510518,387.902265051,1,0,0,12,12,5197,8123
reference_NY46__paper_roles,2019-09-22 05:00:00,10.6769248494,460.991355929,1,0,0,12,12,4389,8207
reference_NY46__paper_roles,2019-09-22 06:00:00,9.00834543661,130.661159758,1,0,0,12,12,2977,6803
reference_NY46__paper_roles,2019-09-22 07:00:00,18.0645586803,275.973138548,1,0,0,12,12,7869,7843
reference_NY46__paper_roles,2019-09-22 08:00:00,13.8968426137,241.581460295,1,0,0,12,12,6470,7714
reference_NY46__paper_roles,2019-09-22 09:00:00,8.36547677316,354.53024413,1,0,0,12,12,2406,8072
reference_NY46__paper_roles,2019-09-22 10:00:00,9.48949133588,47.9609219427,0,0,0,12,12,3393,4040
reference_NY46__paper_roles,2019-09-22 11:00:00,11.045640089,51.3433005407,0,0,0,12,12,4672,4290
reference_NY46__paper_roles,2019-09-22 12:00:00,13.982847313,63.174044364,0,0,0,12,12,6518,4949
reference_NY46__paper_roles,2019-09-22 13:00:00,13.0160323024,44.1313110442,0,0,0,12,12,5987,3745
reference_NY46__paper_roles,2019-09-22 14:00:00,8.87278647868,16.7645695427,0,0,0,12,12,2860,694
reference_NY46__paper_roles,2019-09-22 15:00:00,5.49563411965,35.735667019,0,0,0,12,12,541,3013
reference_NY46__paper_roles,2019-09-22 16:00:00,8.09136017548,64.1990562273,0,0,0,13,13,2171,4992
reference_NY46__paper_roles,2019-09-22 17:00:00,9.39744903301,122.170821374,0,0,0,12,11,3308,6658
reference_NY46__paper_roles,2019-09-22 18:00:00,10.3015570999,173.742029385,0,0,0,12,12,4075,7298
reference_NY46__paper_roles,2019-09-22 19:00:00,10.3574759756,53.1905364449,0,0,0,12,12,4120,4415
reference_NY46__paper_roles,2019-09-22 20:00:00,13.7737298718,26.0282624365,0,0,0,12,12,6411,1957
reference_NY46__paper_roles,2019-09-22 21:00:00,10.9408570496,127.205995484,1,0,0,12,12,4593,6757
reference_NY46__paper_roles,2019-09-22 22:00:00,13.0901128281,219.190701144,0,0,0,12,12,6028,7600
reference_NY46__paper_roles,2019-09-22 23:00:00,10.8411489586,150.659600094,0,0,0,12,12,4515,7059
reference_NY46__paper_roles,2019-09-23 00:00:00,5.06448866859,146.064725479,0,0,0,12,12,383,7003
reference_NY46__paper_roles,2019-09-23 01:00:00,4.0662045177,38.8232366633,0,0,0,12,12,140,3314
reference_NY46__paper_roles,2019-09-23 02:00:00,10.740779846,376.057212289,0,0,0,12,12,4430,8107
reference_NY46__paper_roles,2019-09-23 03:00:00,11.4629739011,1421.77696655,0,0,0,12,12,4995,8565
reference_NY46__paper_roles,2019-09-23 04:00:00,13.0531108126,2605.61989433,1,0,0,12,12,6009,8653
reference_NY46__paper_roles,2019-09-23 05:00:00,20.6870864465,147.674373313,1,0,0,12,12,8269,7024
reference_NY46__paper_roles,2019-09-23 06:00:00,10.3135441619,280.712373859,1,0,0,12,12,4086,7866
reference_NY46__paper_roles,2019-09-23 07:00:00,15.9184398266,247.696660449,1,0,0,12,12,7295,7747
reference_NY46__paper_roles,2019-09-23 08:00:00,12.8906825502,144.403245639,1,0,0,12,12,5917,6985
reference_NY46__paper_roles,2019-09-23 09:00:00,14.5200597854,95.8758589489,0,0,0,12,12,6763,6126
reference_NY46__paper_roles,2019-09-23 10:00:00,11.171424943,39.4436425085,0,0,0,13,12,4772,3378
reference_NY46__paper_roles,2019-09-23 11:00:00,10.19315188,51.4079857835,0,0,0,12,12,4002,4294
reference_NY46__paper_roles,2019-09-23 12:00:00,11.7853154407,25.676055781,0,0,0,12,12,5222,1904
reference_NY46__paper_roles,2019-09-23 13:00:00,9.97850639266,167.794342603,1,0,0,12,12,3821,7242
reference_NY46__paper_roles,2019-09-23 14:00:00,8.98766290802,28.1162965381,0,0,0,13,13,2967,2197
reference_NY46__paper_roles,2019-09-23 15:00:00,9.28876637183,25.3982710918,0,0,0,12,12,3218,1865
reference_NY46__paper_roles,2019-09-23 16:00:00,8.44777802634,17.929402803,0,0,0,12,12,2476,841
reference_NY46__paper_roles,2019-09-23 17:00:00,9.31301444696,14.490299758,0,0,0,12,12,3238,442
reference_NY46__paper_roles,2019-09-23 18:00:00,7.37426657967,12.7579618902,0,0,0,12,12,1602,276
reference_NY46__paper_roles,2019-09-23 19:00:00,9.46876062914,17.8701000568,0,0,0,12,12,3371,831
reference_NY46__paper_roles,2019-09-23 20:00:00,8.81518637134,19.4898917349,0,0,0,12,12,2804,1066
reference_NY46__paper_roles,2019-09-23 21:00:00,9.36745939662,20.1953417422,0,0,0,14,13,3279,1157
reference_NY46__paper_roles,2019-09-23 22:00:00,12.8290872632,33.6471316164,0,0,0,12,12,5881,2815
reference_NY46__paper_roles,2019-09-23 23:00:00,12.9886512104,30.6661234731,0,0,0,12,12,5970,2498
reference_NY46__paper_roles,2019-09-24 00:00:00,5.3310840086,15.717580658,0,0,0,12,12,482,565
reference_NY46__paper_roles,2019-09-24 01:00:00,5.74407474622,75.0947412544,0,0,0,12,12,641,5443
reference_NY46__paper_roles,2019-09-24 02:00:00,7.83273472618,94.199584445,0,0,0,12,12,1964,6074
reference_NY46__paper_roles,2019-09-24 03:00:00,10.9135533636,104.370217151,0,0,0,12,12,4574,6334
reference_NY46__paper_roles,2019-09-24 04:00:00,15.2986598515,124.099311923,0,0,0,12,12,7048,6698
reference_NY46__paper_roles,2019-09-24 05:00:00,29.4151470979,306.957945818,0,0,0,14,13,8691,7947
reference_NY46__paper_roles,2019-09-24 06:00:00,15.6599809007,1787.94004761,1,0,0,11,11,7199,8598
reference_NY46__paper_roles,2019-09-24 07:00:00,7.70416057037,78.5924083578,0,0,0,11,11,1877,5568
reference_NY46__paper_roles,2019-09-24 08:00:00,13.149614266,225.836790194,1,0,0,12,12,6054,7635
reference_NY46__paper_roles,2019-09-24 09:00:00,10.5357662009,381.741424493,1,0,0,12,12,4279,8116
reference_NY46__paper_roles,2019-09-24 10:00:00,10.7318736384,279.278112576,1,0,0,12,12,4425,7853
reference_NY46__paper_roles,2019-09-24 11:00:00,5.63308769692,812.304011938,0,0,0,8,8,593,8436
reference_NY46__paper_roles,2019-09-24 12:00:00,7.35418433862,248.398094024,1,0,0,11,11,1581,7753
reference_NY46__paper_roles,2019-09-24 13:00:00,3.58998947984,119.273190186,0,0,0,11,11,72,6591
reference_NY46__paper_roles,2019-09-24 14:00:00,8.63239490908,427.77970038,0,0,0,12,12,2632,8165
reference_NY46__paper_roles,2019-09-24 15:00:00,8.51197761927,712.878234664,1,0,0,13,13,2530,8405
reference_NY46__paper_roles,2019-09-24 16:00:00,11.6842159444,75.4779519644,0,0,0,12,12,5147,5459
reference_NY46__paper_roles,2019-09-24 17:00:00,9.90420581862,405.889405475,1,0,0,12,12,3766,8143
reference_NY46__paper_roles,2019-09-24 18:00:00,8.6534320907,1026.10993535,1,0,0,12,12,2647,8499
reference_NY46__paper_roles,2019-09-24 19:00:00,4.93943890451,157.304189129,1,0,0,12,12,347,7133
reference_NY46__paper_roles,2019-09-24 20:00:00,9.49588099131,101.755978824,1,0,0,12,12,3405,6271
reference_NY46__paper_roles,2019-09-24 21:00:00,15.6380543019,190.881617887,0,0,0,12,12,7182,7419
reference_NY46__paper_roles,2019-09-24 22:00:00,8.55393807476,31.3446226304,0,0,0,12,12,2564,2573
reference_NY46__paper_roles,2019-09-24 23:00:00,9.75542928629,92.204509449,0,0,0,12,12,3630,6015
reference_NY46__paper_roles,2019-09-25 00:00:00,4.68067528869,32.8604037244,0,0,0,12,12,269,2736
reference_NY46__paper_roles,2019-09-25 01:00:00,5.17016407601,47.2989515177,0,0,0,12,12,432,3986
reference_NY46__paper_roles,2019-09-25 02:00:00,5.96008592086,60.7919608598,0,0,0,12,12,732,4830
reference_NY46__paper_roles,2019-09-25 03:00:00,6.45500087415,71.2752466681,0,0,0,12,12,1008,5295
reference_NY46__paper_roles,2019-09-25 04:00:00,5.99515404684,54.7227311155,0,0,0,12,12,745,4506
reference_NY46__paper_roles,2019-09-25 05:00:00,18.9883894613,223.64670987,0,0,0,12,12,8014,7622
reference_NY46__paper_roles,2019-09-25 06:00:00,12.2844431336,383.981825396,0,0,0,12,12,5570,8117
reference_NY46__paper_roles,2019-09-25 07:00:00,13.0740063064,100.405821225,0,0,0,12,12,6020,6236
reference_NY46__paper_roles,2019-09-25 08:00:00,9.38173594135,879.289277578,1,0,0,12,12,3293,8464
reference_NY46__paper_roles,2019-09-25 09:00:00,9.8034209387,622.639760654,0,0,0,12,12,3671,8351
reference_NY46__paper_roles,2019-09-25 10:00:00,15.3917650021,2011.88585322,1,0,0,12,12,7092,8618
reference_NY46__paper_roles,2019-09-25 11:00:00,10.2123499522,173.068630586,1,0,0,12,12,4014,7292
reference_NY46__paper_roles,2019-09-25 12:00:00,11.0888826066,629.205317762,1,0,0,12,12,4701,8355
reference_NY46__paper_roles,2019-09-25 13:00:00,11.1228662415,122.402429218,1,0,0,10,10,4729,6664
reference_NY46__paper_roles,2019-09-25 14:00:00,8.95514703979,158.804786398,1,0,0,11,11,2945,7150
reference_NY46__paper_roles,2019-09-25 15:00:00,16.3894113331,226.650685084,1,0,0,10,10,7448,7637
reference_NY46__paper_roles,2019-09-25 16:00:00,14.833639228,157.48166683,1,0,0,12,12,6882,7138
reference_NY46__paper_roles,2019-09-25 17:00:00,12.2511577485,140.157331766,1,0,0,12,12,5559,6929
reference_NY46__paper_roles,2019-09-25 18:00:00,8.85300905029,281.004206681,0,0,0,12,12,2841,7868
reference_NY46__paper_roles,2019-09-25 19:00:00,8.29276259477,250.193012355,1,0,0,12,12,2332,7759
reference_NY46__paper_roles,2019-09-25 20:00:00,13.9254035496,190.664948206,1,0,0,12,12,6489,7414
reference_NY46__paper_roles,2019-09-25 21:00:00,13.1325207994,311.915991282,1,0,0,12,12,6048,7958
reference_NY46__paper_roles,2019-09-25 22:00:00,8.14137081746,1099.20546494,0,0,0,12,12,2212,8516
reference_NY46__paper_roles,2019-09-25 23:00:00,12.3401829857,553.805207038,1,0,0,12,12,5596,8297
reference_NY46__paper_roles,2019-09-26 00:00:00,9.1848973128,2060.01129129,1,0,0,12,12,3124,8620
reference_NY46__paper_roles,2019-09-26 01:00:00,10.0089047684,354.147739315,1,0,0,12,12,3847,8071
reference_NY46__paper_roles,2019-09-26 02:00:00,9.64834496035,376.005164737,1,0,0,12,12,3544,8106
reference_NY46__paper_roles,2019-09-26 03:00:00,12.8217123034,341.039227512,1,0,0,12,12,5876,8035
reference_NY46__paper_roles,2019-09-26 04:00:00,14.8977145906,285.130432557,1,0,0,12,12,6907,7887
reference_NY46__paper_roles,2019-09-26 05:00:00,21.0020652996,423.963124104,1,0,0,12,12,8303,8159
reference_NY46__paper_roles,2019-09-26 06:00:00,15.9884201894,201.930456238,0,0,0,12,12,7320,7502
reference_NY46__paper_roles,2019-09-26 07:00:00,8.43704792848,95.5284871227,0,0,0,12,12,2468,6112
reference_NY46__paper_roles,2019-09-26 08:00:00,5.76987808575,46.5359152038,0,0,0,12,12,650,3938
reference_NY46__paper_roles,2019-09-26 09:00:00,5.24460586126,65.5878776983,0,0,0,12,12,451,5063
reference_NY46__paper_roles,2019-09-26 10:00:00,3.72874998674,276.378788841,1,0,0,12,12,96,7844
reference_NY46__paper_roles,2019-09-26 11:00:00,6.09373185793,566.696084946,1,0,0,12,12,790,8310
reference_NY46__paper_roles,2019-09-26 12:00:00,5.67558426369,163.444042698,1,0,0,12,12,612,7200
reference_NY46__paper_roles,2019-09-26 13:00:00,6.28579655619,20081.0335835,1,0,0,12,12,896,8746
reference_NY46__paper_roles,2019-09-26 14:00:00,4.96565336758,142.087581113,0,0,0,12,12,350,6953
reference_NY46__paper_roles,2019-09-26 15:00:00,5.74301964297,35.9891426292,0,0,0,12,12,639,3046
reference_NY46__paper_roles,2019-09-26 16:00:00,7.66402108936,25.1663877786,0,0,0,12,12,1846,1835
reference_NY46__paper_roles,2019-09-26 17:00:00,6.70045186452,61.3383916579,0,0,0,12,12,1154,4856
reference_NY46__paper_roles,2019-09-26 18:00:00,11.149237417,190.733909013,0,0,0,12,12,4753,7415
reference_NY46__paper_roles,2019-09-26 19:00:00,9.23219887754,181.323492794,0,0,0,12,12,3166,7358
reference_NY46__paper_roles,2019-09-26 20:00:00,13.6596305215,357.012955661,1,0,0,12,12,6355,8075
reference_NY46__paper_roles,2019-09-26 21:00:00,14.0408326742,413.572794678,0,0,0,12,12,6545,8151
reference_NY46__paper_roles,2019-09-26 22:00:00,8.280002655,166.209577998,0,0,0,12,12,2324,7226
reference_NY46__paper_roles,2019-09-26 23:00:00,12.8515112618,117.941808182,0,0,0,12,12,5892,6567
reference_NY46__paper_roles,2019-09-27 00:00:00,8.05663500674,112.862948388,0,0,0,12,12,2141,6487
reference_NY46__paper_roles,2019-09-27 01:00:00,11.4768411166,146.268491702,0,0,0,12,12,5005,7010
reference_NY46__paper_roles,2019-09-27 02:00:00,10.7716389164,126.326467343,0,0,0,12,12,4460,6734
reference_NY46__paper_roles,2019-09-27 03:00:00,11.9943016822,101.798860518,0,0,0,12,12,5392,6272
reference_NY46__paper_roles,2019-09-27 04:00:00,12.6797134395,69.458973413,0,0,0,12,12,5795,5223
reference_NY46__paper_roles,2019-09-27 05:00:00,18.2379528084,101.733808031,0,0,0,12,12,7900,6270
reference_NY46__paper_roles,2019-09-27 06:00:00,15.6717712247,101.111880042,0,0,0,14,14,7203,6255
reference_NY46__paper_roles,2019-09-27 07:00:00,10.9777850552,252.383970447,0,0,0,11,11,4626,7764
reference_NY46__paper_roles,2019-09-27 08:00:00,5.74812490759,12.4223502286,0,0,0,12,12,642,242
reference_NY46__paper_roles,2019-09-27 09:00:00,9.09852053969,81.0328432543,0,0,0,12,12,3045,5666
reference_NY46__paper_roles,2019-09-27 10:00:00,5.43099052196,172.718054572,1,0,0,12,12,521,7288
reference_NY46__paper_roles,2019-09-27 11:00:00,6.55621915887,268.573903784,0,0,0,12,12,1063,7819
reference_NY46__paper_roles,2019-09-27 12:00:00,10.7506615569,211.05058053,0,0,0,12,12,4441,7555
reference_NY46__paper_roles,2019-09-27 13:00:00,9.99610898871,257.788420945,0,0,0,12,12,3839,7787
reference_NY46__paper_roles,2019-09-27 14:00:00,9.25772346324,16.6135456075,0,0,0,13,12,3194,672
reference_NY46__paper_roles,2019-09-27 15:00:00,5.69224847747,175.311172464,0,0,0,12,12,621,7310
reference_NY46__paper_roles,2019-09-27 16:00:00,8.1677568662,46.6939821833,0,0,0,12,12,2237,3947
reference_NY46__paper_roles,2019-09-27 17:00:00,5.1473089787,34.2197454747,0,0,0,12,12,423,2874
reference_NY46__paper_roles,2019-09-27 18:00:00,3.8906173708,18.9639478784,0,0,0,12,12,117,976
reference_NY46__paper_roles,2019-09-27 19:00:00,5.12195963111,74.8698131956,0,0,0,12,12,414,5434
reference_NY46__paper_roles,2019-09-27 20:00:00,10.6719789039,170.749389255,0,0,0,12,12,4385,7271
reference_NY46__paper_roles,2019-09-27 21:00:00,9.34273923936,138.51027891,0,0,0,12,12,3267,6908
reference_NY46__paper_roles,2019-09-27 22:00:00,9.64218223566,56.7185911018,0,0,0,12,12,3541,4626
reference_NY46__paper_roles,2019-09-27 23:00:00,9.88945699303,75.064693213,0,0,0,13,12,3750,5442
reference_NY46__paper_roles,2019-09-28 00:00:00,8.55294911636,64.4255525007,0,0,0,13,12,2562,5005
reference_NY46__paper_roles,2019-09-28 01:00:00,7.02957291653,48.8839120781,0,0,0,12,12,1354,4118
reference_NY46__paper_roles,2019-09-28 02:00:00,9.06848195458,59.4777045941,0,0,0,12,12,3016,4769
reference_NY46__paper_roles,2019-09-28 03:00:00,10.6454365992,26.587354764,0,0,0,12,12,4365,2028
reference_NY46__paper_roles,2019-09-28 04:00:00,8.25069512007,20.5817907182,0,0,0,12,12,2303,1208
reference_NY46__paper_roles,2019-09-28 05:00:00,6.12050737391,21.6940210812,0,0,0,12,12,807,1361
reference_NY46__paper_roles,2019-09-28 06:00:00,7.5614499756,92.9306981101,0,0,0,12,12,1765,6037
reference_NY46__paper_roles,2019-09-28 07:00:00,14.9134634736,42.9796006119,0,0,0,12,12,6912,3658
reference_NY46__paper_roles,2019-09-28 08:00:00,10.7100354713,43.3003539148,0,0,0,12,12,4411,3687
reference_NY46__paper_roles,2019-09-28 09:00:00,5.1088704111,39.3377597412,0,0,0,12,12,408,3367
reference_NY46__paper_roles,2019-09-28 10:00:00,6.43800938603,24.3916413665,0,0,0,12,12,995,1732
reference_NY46__paper_roles,2019-09-28 11:00:00,9.48972576578,121.762569201,0,0,0,12,12,3395,6651
reference_NY46__paper_roles,2019-09-28 12:00:00,7.36321454604,12.3000220754,0,0,0,12,12,1592,228
reference_NY46__paper_roles,2019-09-28 13:00:00,5.0315532938,568.006409359,0,0,0,12,12,370,8312
reference_NY46__paper_roles,2019-09-28 14:00:00,7.15496538993,17.4200867942,0,0,0,12,11,1440,768
reference_NY46__paper_roles,2019-09-28 15:00:00,13.2938546725,125.98486418,0,0,0,11,11,6131,6728
reference_NY46__paper_roles,2019-09-28 16:00:00,5.21953120933,16.8732484757,0,0,0,12,12,445,707
reference_NY46__paper_roles,2019-09-28 17:00:00,4.28472073468,10.1024372181,0,0,0,12,12,175,123
reference_NY46__paper_roles,2019-09-28 18:00:00,3.53335466593,17.534711134,0,0,0,12,12,66,788
reference_NY46__paper_roles,2019-09-28 19:00:00,8.30033163232,40.3313753166,0,0,0,11,11,2343,3448
reference_NY46__paper_roles,2019-09-28 20:00:00,5.80737773224,94.0017287702,0,0,0,12,12,665,6067
reference_NY46__paper_roles,2019-09-28 21:00:00,3.51379508706,13.7519354541,0,0,0,12,12,65,365
reference_NY46__paper_roles,2019-09-28 22:00:00,6.93370957425,19.4122077528,0,0,0,12,12,1290,1051
reference_NY46__paper_roles,2019-09-28 23:00:00,6.652340285,13.4648976264,0,0,0,12,12,1122,347
reference_NY46__paper_roles,2019-09-29 00:00:00,5.12377632044,11.8425757982,0,0,0,12,12,415,206
reference_NY46__paper_roles,2019-09-29 01:00:00,4.20893935405,11.9698285977,0,0,0,12,12,168,211
reference_NY46__paper_roles,2019-09-29 02:00:00,4.19153119278,7.68995908959,0,0,0,12,12,162,38
reference_NY46__paper_roles,2019-09-29 03:00:00,4.0346459034,9.79108728312,0,0,0,12,12,135,107
reference_NY46__paper_roles,2019-09-29 04:00:00,6.12474409215,40.0796181821,0,0,0,12,12,809,3431
reference_NY46__paper_roles,2019-09-29 05:00:00,7.85582458926,28.3582138475,0,0,0,12,12,1977,2230
reference_NY46__paper_roles,2019-09-29 06:00:00,7.52460189688,11.5743883125,0,0,0,12,12,1732,197
reference_NY46__paper_roles,2019-09-29 07:00:00,10.4578364848,19.0173097015,0,0,0,12,12,4213,985
reference_NY46__paper_roles,2019-09-29 08:00:00,6.35204519007,10.01544011,0,0,0,12,12,930,118
reference_NY46__paper_roles,2019-09-29 09:00:00,6.25864285763,10.9837550647,0,0,0,12,12,876,163
reference_NY46__paper_roles,2019-09-29 10:00:00,6.43532380217,21.5716137256,0,0,0,12,12,993,1345
reference_NY46__paper_roles,2019-09-29 11:00:00,8.30284531333,12.2600454685,0,0,0,12,12,2346,226
reference_NY46__paper_roles,2019-09-29 12:00:00,6.98197191252,14.8676849208,0,0,0,12,12,1330,480
reference_NY46__paper_roles,2019-09-29 13:00:00,5.38500048494,13.2432329409,0,0,0,12,12,504,321
reference_NY46__paper_roles,2019-09-29 14:00:00,5.64897197764,13.3990550225,0,0,0,13,12,599,337
reference_NY46__paper_roles,2019-09-29 15:00:00,12.4505069735,18.3918466991,0,0,0,12,12,5677,891
reference_NY46__paper_roles,2019-09-29 16:00:00,4.82011567228,16.2812475166,0,0,0,12,12,309,635
reference_NY46__paper_roles,2019-09-29 17:00:00,5.65455373949,15.8993903482,0,0,0,12,12,603,590
reference_NY46__paper_roles,2019-09-29 18:00:00,6.67223994266,15.5489493545,0,0,0,12,12,1138,543
reference_NY46__paper_roles,2019-09-29 19:00:00,5.89208378681,15.3034681181,0,0,0,12,12,705,521
reference_NY46__paper_roles,2019-09-29 20:00:00,6.35073310206,34.8271596629,0,0,0,12,12,928,2937
reference_NY46__paper_roles,2019-09-29 21:00:00,9.33241644919,47.7339483211,0,0,0,12,12,3258,4019
reference_NY46__paper_roles,2019-09-29 22:00:00,11.2205758473,75.6374799867,0,0,0,12,12,4813,5465
reference_NY46__paper_roles,2019-09-29 23:00:00,11.0316873317,143.443795724,0,0,0,12,12,4667,6975
reference_NY46__paper_roles,2019-09-30 00:00:00,6.97836286803,70.3498187704,0,0,0,12,12,1325,5259
reference_NY46__paper_roles,2019-09-30 01:00:00,5.11250191785,93.9300222302,0,0,0,12,12,410,6065
reference_NY46__paper_roles,2019-09-30 02:00:00,5.30079428837,156.020034416,0,0,0,12,12,471,7122
reference_NY46__paper_roles,2019-09-30 03:00:00,8.265227337,92.6650959525,0,0,0,12,12,2314,6029
reference_NY46__paper_roles,2019-09-30 04:00:00,14.1673498683,163.275105428,0,0,0,12,12,6599,7196
reference_NY46__paper_roles,2019-09-30 05:00:00,14.6041981866,220.285949504,0,0,0,12,12,6795,7602
reference_NY46__paper_roles,2019-09-30 06:00:00,6.438153571,12.1339233321,0,0,0,12,12,997,216
reference_NY46__paper_roles,2019-09-30 07:00:00,6.21806986074,201.194836718,0,0,0,12,12,853,7495
reference_NY46__paper_roles,2019-09-30 08:00:00,6.71013079004,41.5728695324,0,0,0,12,12,1158,3550
reference_NY46__paper_roles,2019-09-30 09:00:00,7.72105501757,1495.53548746,1,0,0,12,12,1887,8572
reference_NY46__paper_roles,2019-09-30 10:00:00,7.24330475786,273.478805246,1,0,0,14,14,1494,7833
reference_NY46__paper_roles,2019-09-30 11:00:00,7.49958369467,73.4280204801,0,0,0,12,12,1710,5372
reference_NY46__paper_roles,2019-09-30 12:00:00,7.32954427468,222.124136519,1,0,0,12,12,1556,7613
reference_NY46__paper_roles,2019-09-30 13:00:00,6.22508337806,65.2410248847,0,0,0,12,12,856,5051
reference_NY46__paper_roles,2019-09-30 14:00:00,4.50902136808,11.059631527,0,0,0,12,12,223,167
reference_NY46__paper_roles,2019-09-30 15:00:00,7.28735432385,700.065898177,1,0,0,12,12,1523,8402
reference_NY46__paper_roles,2019-09-30 16:00:00,9.61434000041,131.89198842,1,0,0,12,12,3522,6820
reference_NY46__paper_roles,2019-09-30 17:00:00,7.20438668267,53.073790044,0,0,0,12,12,1473,4402
reference_NY46__paper_roles,2019-09-30 18:00:00,5.55291426174,89.0815621016,0,0,0,14,14,562,5913
reference_NY46__paper_roles,2019-09-30 19:00:00,5.32285135938,158.137521738,0,0,0,11,11,478,7146
reference_NY46__paper_roles,2019-09-30 20:00:00,4.30285222141,10.6330771747,0,0,0,12,12,179,142
reference_NY46__paper_roles,2019-09-30 21:00:00,10.2631744163,72.8988069828,0,0,0,12,12,4050,5351
reference_NY46__paper_roles,2019-09-30 22:00:00,8.20233458437,572.117287505,1,0,0,12,12,2268,8316
reference_NY46__paper_roles,2019-09-30 23:00:00,9.3287490434,65.9543993303,0,0,0,12,12,3254,5077
reference_NY46__paper_roles,2019-10-01 00:00:00,7.92267987392,276.676990126,0,0,0,12,12,2025,7845
reference_NY46__paper_roles,2019-10-01 01:00:00,8.80017507147,119.904999573,0,0,0,12,12,2787,6601
reference_NY46__paper_roles,2019-10-01 02:00:00,9.09553021962,185.503197511,0,0,0,12,12,3041,7381
reference_NY46__paper_roles,2019-10-01 03:00:00,9.65082700791,183.078074669,0,0,0,12,12,3548,7366
reference_NY46__paper_roles,2019-10-01 04:00:00,13.5989670778,231.308591483,0,0,0,12,12,6319,7663
reference_NY46__paper_roles,2019-10-01 05:00:00,21.1126312635,281.206898543,0,0,0,12,12,8315,7870
reference_NY46__paper_roles,2019-10-01 06:00:00,13.8360212795,434.551979683,0,0,0,12,12,6441,8175
reference_NY46__paper_roles,2019-10-01 07:00:00,15.2876906377,75.1559661305,0,0,0,13,12,7039,5446
reference_NY46__paper_roles,2019-10-01 08:00:00,7.90150932636,75.0203662684,0,0,0,12,12,2011,5439
reference_NY46__paper_roles,2019-10-01 09:00:00,8.75963599554,52.3173617966,0,0,0,12,12,2748,4355
reference_NY46__paper_roles,2019-10-01 10:00:00,6.36450955635,15.4285642167,0,0,0,12,12,938,529
reference_NY46__paper_roles,2019-10-01 11:00:00,5.54388869897,12.8492755719,0,0,0,12,12,557,285
reference_NY46__paper_roles,2019-10-01 12:00:00,7.01087681665,23.4385019835,0,0,0,14,13,1344,1609
reference_NY46__paper_roles,2019-10-01 13:00:00,9.08913701477,21.4971319692,0,0,0,11,11,3035,1337
reference_NY46__paper_roles,2019-10-01 14:00:00,13.3663419719,85.5902574402,0,0,0,12,12,6169,5821
reference_NY46__paper_roles,2019-10-01 15:00:00,16.7428497101,81.3833832683,0,0,0,11,11,7552,5684
reference_NY46__paper_roles,2019-10-01 16:00:00,18.9921456728,195.2629526,0,0,0,12,11,8016,7452
reference_NY46__paper_roles,2019-10-01 17:00:00,16.3362138544,46.920757712,0,0,0,13,13,7427,3957
reference_NY46__paper_roles,2019-10-01 18:00:00,12.0769163478,53.7074855941,0,0,0,12,12,5446,4447
reference_NY46__paper_roles,2019-10-01 19:00:00,11.3673738531,39.170773885,0,0,0,12,12,4926,3351
reference_NY46__paper_roles,2019-10-01 20:00:00,13.2777569845,39.196146319,0,0,0,13,12,6122,3352
reference_NY46__paper_roles,2019-10-01 21:00:00,11.1813812988,15.6714910592,0,0,0,12,12,4782,558
reference_NY46__paper_roles,2019-10-01 22:00:00,12.6970911578,153.301934829,1,0,0,13,12,5803,7091
reference_NY46__paper_roles,2019-10-01 23:00:00,8.97280012355,449.466048015,0,0,0,12,12,2954,8191
reference_NY46__paper_roles,2019-10-02 00:00:00,8.55784572879,55.0060790407,0,0,0,12,12,2570,4522
reference_NY46__paper_roles,2019-10-02 01:00:00,9.99126138992,74.7766045555,0,0,0,12,12,3835,5429
reference_NY46__paper_roles,2019-10-02 02:00:00,15.1669655363,77.9974313033,0,0,0,12,12,7001,5551
reference_NY46__paper_roles,2019-10-02 03:00:00,14.3086843399,163.704739693,0,0,0,12,12,6654,7207
reference_NY46__paper_roles,2019-10-02 04:00:00,15.1212606914,151.924302245,0,0,0,12,12,6983,7069
reference_NY46__paper_roles,2019-10-02 05:00:00,31.4185148066,297.449530441,0,0,0,12,12,8712,7921
reference_NY46__paper_roles,2019-10-02 06:00:00,13.2614355884,29.0620745089,0,0,0,12,12,6117,2322
reference_NY46__paper_roles,2019-10-02 07:00:00,11.3339483614,40.6348553902,0,0,0,12,12,4896,3479
reference_NY46__paper_roles,2019-10-02 08:00:00,14.7513581747,128.363989383,1,0,0,12,12,6844,6771
reference_NY46__paper_roles,2019-10-02 09:00:00,11.4602051988,96.1834896155,0,0,0,12,12,4994,6138
reference_NY46__paper_roles,2019-10-02 10:00:00,11.6873490264,238.629529652,0,0,0,12,12,5152,7703
reference_NY46__paper_roles,2019-10-02 11:00:00,12.1697064588,137.213399093,0,0,0,12,12,5504,6894
reference_NY46__paper_roles,2019-10-02 12:00:00,10.4704515444,63.1773722953,0,0,0,12,12,4221,4950
reference_NY46__paper_roles,2019-10-02 13:00:00,11.9283931477,237.892265111,0,0,0,12,12,5339,7701
reference_NY46__paper_roles,2019-10-02 14:00:00,17.7586817026,147.397467156,1,0,0,12,12,7795,7021
reference_NY46__paper_roles,2019-10-02 15:00:00,17.3762827512,137.462918844,1,0,0,12,12,7710,6896
reference_NY46__paper_roles,2019-10-02 16:00:00,16.6431213718,40.7080320542,0,0,0,12,12,7525,3489
reference_NY46__paper_roles,2019-10-02 17:00:00,14.7609158296,34.2365781746,0,0,0,12,12,6850,2876
reference_NY46__paper_roles,2019-10-02 18:00:00,15.4906593585,408.622558066,1,0,0,12,12,7134,8147
reference_NY46__paper_roles,2019-10-02 19:00:00,17.8319273551,106.689221975,1,0,0,12,12,7811,6380
reference_NY46__paper_roles,2019-10-02 20:00:00,13.6415190691,32.4280866255,0,0,0,12,12,6338,2690
reference_NY46__paper_roles,2019-10-02 21:00:00,13.4475380822,41.0395076554,0,0,0,12,12,6219,3520
reference_NY46__paper_roles,2019-10-02 22:00:00,10.0215360516,55.6105178376,0,0,0,12,12,3860,4562
reference_NY46__paper_roles,2019-10-02 23:00:00,10.5878312119,59.8165945732,0,0,0,12,12,4322,4790
reference_NY46__paper_roles,2019-10-03 00:00:00,6.65227440932,52.29236224,0,0,0,12,12,1121,4354
reference_NY46__paper_roles,2019-10-03 01:00:00,5.33934252116,43.6880539625,0,0,0,12,12,488,3711
reference_NY46__paper_roles,2019-10-03 02:00:00,5.1022768862,47.5851880596,0,0,0,12,12,400,4015
reference_NY46__paper_roles,2019-10-03 03:00:00,14.1969443309,109.054028111,0,0,0,12,12,6610,6412
reference_NY46__paper_roles,2019-10-03 04:00:00,19.2949151864,89.8718437239,0,0,0,12,12,8067,5942
reference_NY46__paper_roles,2019-10-03 05:00:00,26.6419863854,88.8450792019,0,0,0,12,12,8635,5907
reference_NY46__paper_roles,2019-10-03 06:00:00,6.11780096323,100.827868418,0,0,0,12,12,806,6247
reference_NY46__paper_roles,2019-10-03 07:00:00,2.53103997654,12.4274514673,0,0,0,12,12,8,243
reference_NY46__paper_roles,2019-10-03 08:00:00,5.55889011205,82.8698406385,0,0,0,12,12,568,5718
reference_NY46__paper_roles,2019-10-03 09:00:00,6.40081772934,192.702006021,0,0,0,12,12,974,7433
reference_NY46__paper_roles,2019-10-03 10:00:00,3.94864926602,293.816888704,0,0,0,12,12,125,7911
reference_NY46__paper_roles,2019-10-03 11:00:00,4.85029152044,259.633654393,1,0,0,12,12,321,7794
reference_NY46__paper_roles,2019-10-03 12:00:00,4.13935280006,778.6671716,1,0,0,12,12,155,8431
reference_NY46__paper_roles,2019-10-03 13:00:00,5.58463628046,234.807756164,1,0,0,12,12,576,7684
reference_NY46__paper_roles,2019-10-03 14:00:00,6.56199337755,243.151500245,0,0,0,12,12,1068,7723
reference_NY46__paper_roles,2019-10-03 15:00:00,7.44246976469,560.989653997,1,0,0,13,12,1657,8304
reference_NY46__paper_roles,2019-10-03 16:00:00,6.46463585945,47.2011023139,0,0,0,12,12,1017,3976
reference_NY46__paper_roles,2019-10-03 17:00:00,8.17455510689,47.8381822561,0,0,0,12,12,2244,4029
reference_NY46__paper_roles,2019-10-03 18:00:00,9.15657101813,17.3741708692,0,0,0,12,12,3098,763
reference_NY46__paper_roles,2019-10-03 19:00:00,12.6966846005,20.9481891664,0,0,0,12,12,5802,1266
reference_NY46__paper_roles,2019-10-03 20:00:00,11.1281411379,395.308799028,0,0,0,12,12,4733,8132
reference_NY46__paper_roles,2019-10-03 21:00:00,11.2106229055,305.370666651,0,0,0,12,12,4807,7940
reference_NY46__paper_roles,2019-10-03 22:00:00,11.613939524,6434.05554703,1,0,0,12,12,5093,8723
reference_NY46__paper_roles,2019-10-03 23:00:00,17.2682079107,2190.08520778,0,0,0,12,12,7687,8632
reference_NY46__paper_roles,2019-10-04 00:00:00,9.30324921655,505.962621732,0,0,0,12,12,3228,8255
reference_NY46__paper_roles,2019-10-04 01:00:00,10.3858637713,284.748443456,0,0,0,12,12,4151,7883
reference_NY46__paper_roles,2019-10-04 02:00:00,8.1601518306,120.654265023,0,0,0,12,12,2226,6626
reference_NY46__paper_roles,2019-10-04 03:00:00,10.5145749614,104.494248426,0,0,0,12,12,4258,6336
reference_NY46__paper_roles,2019-10-04 04:00:00,16.0478781416,162.778340941,0,0,0,12,12,7331,7193
reference_NY46__paper_roles,2019-10-04 05:00:00,20.4833352111,830.045728763,0,0,0,12,12,8238,8443
reference_NY46__paper_roles,2019-10-04 06:00:00,14.3035810816,511.404230378,0,0,0,12,12,6650,8263
reference_NY46__paper_roles,2019-10-04 07:00:00,7.30606881395,34.8578199627,0,0,0,12,12,1543,2938
reference_NY46__paper_roles,2019-10-04 08:00:00,3.49466108362,166.281412191,1,0,0,12,12,63,7227
reference_NY46__paper_roles,2019-10-04 09:00:00,4.90460064522,351.81211083,0,0,0,12,12,339,8068
reference_NY46__paper_roles,2019-10-04 10:00:00,5.53472784397,198.511232853,1,0,0,12,12,553,7475
reference_NY46__paper_roles,2019-10-04 11:00:00,6.30349964387,154.353824106,1,0,0,12,12,903,7106
reference_NY46__paper_roles,2019-10-04 12:00:00,7.21484266964,115.278764447,1,0,0,13,12,1483,6527
reference_NY46__paper_roles,2019-10-04 13:00:00,8.58531111739,35.6859763852,0,0,0,12,12,2599,3008
reference_NY46__paper_roles,2019-10-04 14:00:00,6.8730901937,56.0778119374,0,0,0,12,12,1247,4590
reference_NY46__paper_roles,2019-10-04 15:00:00,6.09851427689,144.382805239,1,0,0,12,12,795,6984
reference_NY46__paper_roles,2019-10-04 16:00:00,6.21145832829,179.812623025,1,0,0,12,12,849,7343
reference_NY46__paper_roles,2019-10-04 17:00:00,5.05616501126,99.2625376294,0,0,0,12,12,377,6205
reference_NY46__paper_roles,2019-10-04 18:00:00,5.4267701548,1335.37316516,0,0,0,12,12,518,8549
reference_NY46__paper_roles,2019-10-04 19:00:00,6.72824923532,310.073306188,1,0,0,12,12,1166,7956
reference_NY46__paper_roles,2019-10-04 20:00:00,10.5348432594,176.447412914,1,0,0,12,12,4276,7323
reference_NY46__paper_roles,2019-10-04 21:00:00,17.4735716283,145.151956857,0,0,0,13,12,7727,6990
reference_NY46__paper_roles,2019-10-04 22:00:00,10.3913346901,225.9390927,0,0,0,12,12,4156,7636
reference_NY46__paper_roles,2019-10-04 23:00:00,14.7609125039,30.501419639,0,0,0,12,12,6849,2477
reference_NY46__paper_roles,2019-10-05 00:00:00,7.80365230257,48.4638820402,0,0,0,12,12,1942,4076
reference_NY46__paper_roles,2019-10-05 01:00:00,8.68796019067,67.7679838374,0,0,0,12,12,2671,5159
reference_NY46__paper_roles,2019-10-05 02:00:00,8.69065069874,53.035782642,0,0,0,12,12,2673,4398
reference_NY46__paper_roles,2019-10-05 03:00:00,8.43372833359,123.7875148,1,0,0,12,12,2463,6692
reference_NY46__paper_roles,2019-10-05 04:00:00,9.16075430801,62.9823081796,0,0,0,12,12,3103,4938
reference_NY46__paper_roles,2019-10-05 05:00:00,7.09708147168,18.7561900428,0,0,0,12,12,1398,941
reference_NY46__paper_roles,2019-10-05 06:00:00,7.03071265822,17.0208129097,0,0,0,12,12,1355,727
reference_NY46__paper_roles,2019-10-05 07:00:00,12.9713645082,56.539852953,0,0,0,12,12,5961,4613
reference_NY46__paper_roles,2019-10-05 08:00:00,7.67246538899,19.280463794,0,0,0,12,12,1853,1030
reference_NY46__paper_roles,2019-10-05 09:00:00,4.69547487197,185.459002426,0,0,0,12,12,276,7380
reference_NY46__paper_roles,2019-10-05 10:00:00,10.5841738207,19.2045622218,0,0,0,12,12,4318,1016
reference_NY46__paper_roles,2019-10-05 11:00:00,7.68482475987,25.706722364,0,0,0,12,12,1859,1912
reference_NY46__paper_roles,2019-10-05 12:00:00,4.66433825402,29.7797168017,0,0,0,12,12,265,2403
reference_NY46__paper_roles,2019-10-05 13:00:00,3.68675469431,10.6408055573,0,0,0,12,12,90,144
reference_NY46__paper_roles,2019-10-05 14:00:00,3.28390862816,10.8101513769,0,0,0,13,13,44,150
reference_NY46__paper_roles,2019-10-05 15:00:00,4.74781104692,14.0577636987,0,0,0,12,12,289,395
reference_NY46__paper_roles,2019-10-05 16:00:00,9.5233777023,49.5863902413,0,0,0,12,12,3436,4172
reference_NY46__paper_roles,2019-10-05 17:00:00,10.3201427547,45.8243886495,0,0,0,12,12,4093,3882
reference_NY46__paper_roles,2019-10-05 18:00:00,10.2225531244,64.7261558915,0,0,0,12,12,4023,5022
reference_NY46__paper_roles,2019-10-05 19:00:00,9.48101629394,70.4482860471,0,0,0,13,13,3385,5265
reference_NY46__paper_roles,2019-10-05 20:00:00,11.3309932932,155.265853031,0,0,0,12,12,4894,7114
reference_NY46__paper_roles,2019-10-05 21:00:00,8.17192239276,42.7014599432,0,0,0,12,12,2241,3632
reference_NY46__paper_roles,2019-10-05 22:00:00,6.84703833725,16.7927964782,0,0,0,12,12,1231,697
reference_NY46__paper_roles,2019-10-05 23:00:00,13.4721565756,36.1105109154,0,0,0,12,12,6237,3060
reference_NY46__paper_roles,2019-10-06 00:00:00,9.99148593557,46.4726364329,0,0,0,12,12,3836,3928
reference_NY46__paper_roles,2019-10-06 01:00:00,6.724189097,18.4951384257,0,0,0,12,12,1163,902
reference_NY46__paper_roles,2019-10-06 02:00:00,3.68012680118,8.57835858914,0,0,0,12,12,89,64
reference_NY46__paper_roles,2019-10-06 03:00:00,10.3450480585,196.780384488,0,0,0,12,12,4113,7463
reference_NY46__paper_roles,2019-10-06 04:00:00,9.32279794102,227.134499677,0,0,0,12,12,3248,7639
reference_NY46__paper_roles,2019-10-06 05:00:00,5.77926954696,485.258627739,0,0,0,12,12,653,8232
reference_NY46__paper_roles,2019-10-06 06:00:00,7.57452866049,557.052332097,0,0,0,12,12,1774,8299
reference_NY46__paper_roles,2019-10-06 07:00:00,15.8122520575,317.412872299,0,0,0,12,12,7258,7973
reference_NY46__paper_roles,2019-10-06 08:00:00,8.79372645547,163.348541661,0,0,0,12,12,2777,7197
reference_NY46__paper_roles,2019-10-06 09:00:00,9.42308047405,92.5586737053,0,0,0,12,12,3326,6026
reference_NY46__paper_roles,2019-10-06 10:00:00,9.05990213132,115.377251679,0,0,0,13,12,3012,6528
reference_NY46__paper_roles,2019-10-06 11:00:00,7.53418191612,114.5059238,0,0,0,12,12,1741,6515
reference_NY46__paper_roles,2019-10-06 12:00:00,8.79157739872,64.8240164929,0,0,0,12,12,2775,5029
reference_NY46__paper_roles,2019-10-06 13:00:00,8.68155817109,368.555123787,0,0,0,12,12,2666,8099
reference_NY46__paper_roles,2019-10-06 14:00:00,8.72131640004,34.1923203432,0,0,0,12,12,2702,2871
reference_NY46__paper_roles,2019-10-06 15:00:00,5.2469709409,22.7216654776,0,0,0,12,12,453,1507
reference_NY46__paper_roles,2019-10-06 16:00:00,7.52096860058,128.737295968,0,0,0,12,12,1729,6776
reference_NY46__paper_roles,2019-10-06 17:00:00,6.86302045763,88.1037251292,0,0,0,12,12,1242,5879
reference_NY46__paper_roles,2019-10-06 18:00:00,7.86369589828,160.439590203,0,0,0,12,12,1987,7167
reference_NY46__paper_roles,2019-10-06 19:00:00,7.32930339786,96.4882798957,0,0,0,12,12,1555,6146
reference_NY46__paper_roles,2019-10-06 20:00:00,9.90458310024,767.99538717,1,0,0,12,12,3767,8426
reference_NY46__paper_roles,2019-10-06 21:00:00,11.0882721919,522.158543825,1,0,0,12,12,4700,8275
reference_NY46__paper_roles,2019-10-06 22:00:00,8.7109260842,497.266902902,1,0,0,14,13,2687,8249
reference_NY46__paper_roles,2019-10-06 23:00:00,8.84109411507,208.341824238,0,0,0,12,12,2825,7540
reference_NY46__paper_roles,2019-10-07 00:00:00,7.62318526887,65.8099145161,0,0,0,13,12,1813,5073
reference_NY46__paper_roles,2019-10-07 01:00:00,6.38740180104,61.0258964312,0,0,0,12,12,960,4846
reference_NY46__paper_roles,2019-10-07 02:00:00,7.30414300407,79.9250141484,0,0,0,12,12,1541,5623
reference_NY46__paper_roles,2019-10-07 03:00:00,6.62504248976,83.9318259518,0,0,0,12,12,1106,5762
reference_NY46__paper_roles,2019-10-07 04:00:00,15.2899611927,33.2895397612,0,0,0,12,12,7042,2774
reference_NY46__paper_roles,2019-10-07 05:00:00,24.9527210987,51.9677243742,0,0,0,12,12,8581,4330
reference_NY46__paper_roles,2019-10-07 06:00:00,12.2956350978,23.7175500953,0,0,0,12,12,5574,1640
reference_NY46__paper_roles,2019-10-07 07:00:00,6.95173727241,254.958865948,0,0,0,13,13,1304,7775
reference_NY46__paper_roles,2019-10-07 08:00:00,8.48769752321,64.5505144466,0,0,0,12,12,2508,5015
reference_NY46__paper_roles,2019-10-07 09:00:00,5.42930910056,29.34983892,0,0,0,12,12,519,2362
reference_NY46__paper_roles,2019-10-07 10:00:00,4.60418213226,72.0355848373,0,0,0,12,12,249,5324
reference_NY46__paper_roles,2019-10-07 11:00:00,4.83021010003,125.839108903,0,0,0,12,12,315,6724
reference_NY46__paper_roles,2019-10-07 12:00:00,4.25502057796,38.587418867,0,0,0,12,12,172,3294
reference_NY46__paper_roles,2019-10-07 13:00:00,2.96762258013,17.1370676135,0,0,0,12,12,28,745
reference_NY46__paper_roles,2019-10-07 14:00:00,3.62608862015,23.4356556405,0,0,0,12,12,80,1605
reference_NY46__paper_roles,2019-10-07 15:00:00,3.91391820108,21.1554284591,0,0,0,12,12,122,1292
reference_NY46__paper_roles,2019-10-07 16:00:00,5.849504325,31.8919702105,0,0,0,12,12,680,2632
reference_NY46__paper_roles,2019-10-07 17:00:00,4.69259906448,33.8401022758,0,0,0,12,12,273,2838
reference_NY46__paper_roles,2019-10-07 18:00:00,6.72099130455,53.0100413055,0,0,0,12,12,1160,4397
reference_NY46__paper_roles,2019-10-07 19:00:00,8.1879130458,31.0809912402,0,0,0,12,12,2255,2543
reference_NY46__paper_roles,2019-10-07 20:00:00,13.1793633695,296.182947135,0,0,0,12,12,6071,7915
reference_NY46__paper_roles,2019-10-07 21:00:00,9.80928274043,113.344048609,0,0,0,12,12,3679,6492
reference_NY46__paper_roles,2019-10-07 22:00:00,13.805217951,59.5780616093,0,0,0,12,12,6425,4774
reference_NY46__paper_roles,2019-10-07 23:00:00,13.4899966983,79.3285276649,0,0,0,12,12,6250,5594
reference_NY46__paper_roles,2019-10-08 00:00:00,10.6704969477,332.852892388,0,0,0,12,12,4382,8015
reference_NY46__paper_roles,2019-10-08 01:00:00,6.84339699384,179.9324029,0,0,0,12,12,1229,7344
reference_NY46__paper_roles,2019-10-08 02:00:00,7.33539822781,169.108401294,0,0,0,12,12,1566,7254
reference_NY46__paper_roles,2019-10-08 03:00:00,8.53605242821,140.159403794,0,0,0,12,12,2548,6930
reference_NY46__paper_roles,2019-10-08 04:00:00,14.3663373771,128.980700625,0,0,0,12,12,6690,6782
reference_NY46__paper_roles,2019-10-08 05:00:00,19.7403795159,83.7425666887,0,0,0,12,12,8134,5756
reference_NY46__paper_roles,2019-10-08 06:00:00,9.17935817853,470.978035509,0,0,0,12,12,3115,8216
reference_NY46__paper_roles,2019-10-08 07:00:00,8.97620885942,195.42573765,1,0,0,13,13,2956,7454
reference_NY46__paper_roles,2019-10-08 08:00:00,9.53093810876,79.6332547796,0,0,0,13,13,3441,5612
reference_NY46__paper_roles,2019-10-08 09:00:00,7.19491970892,67.8862715881,0,0,0,12,12,1470,5161
reference_NY46__paper_roles,2019-10-08 10:00:00,8.84411258187,567.889260174,0,0,0,12,12,2829,8311
reference_NY46__paper_roles,2019-10-08 11:00:00,3.33161942233,139.182046928,0,0,0,12,12,49,6916
reference_NY46__paper_roles,2019-10-08 12:00:00,4.66362734708,87.8952598733,0,0,0,12,12,263,5873
reference_NY46__paper_roles,2019-10-08 13:00:00,7.35762435928,635.575452784,0,0,0,12,12,1582,8357
reference_NY46__paper_roles,2019-10-08 14:00:00,9.2677869066,1166.70094555,0,0,0,12,12,3201,8528
reference_NY46__paper_roles,2019-10-08 15:00:00,13.2079583121,729.99919975,0,0,0,12,12,6086,8409
reference_NY46__paper_roles,2019-10-08 16:00:00,9.44385866309,287.839887654,0,0,0,12,12,3344,7896
reference_NY46__paper_roles,2019-10-08 17:00:00,6.09792171169,59.147889736,0,0,0,12,12,793,4748
reference_NY46__paper_roles,2019-10-08 18:00:00,6.11144142916,42.6864974636,0,0,0,12,12,801,3629
reference_NY46__paper_roles,2019-10-08 19:00:00,6.78687742143,187.604399581,1,0,0,12,12,1209,7398
reference_NY46__paper_roles,2019-10-08 20:00:00,8.91481527915,117.276039754,1,0,0,12,12,2906,6549
reference_NY46__paper_roles,2019-10-08 21:00:00,11.0924539624,136.350828748,0,0,0,12,12,4704,6877
reference_NY46__paper_roles,2019-10-08 22:00:00,12.1783473653,77.221990816,0,0,0,12,12,5513,5518
reference_NY46__paper_roles,2019-10-08 23:00:00,18.9100595693,47.9684308776,0,0,0,12,12,8001,4042
reference_NY46__paper_roles,2019-10-09 00:00:00,11.372119857,39.3989967774,0,0,0,12,12,4932,3374
reference_NY46__paper_roles,2019-10-09 01:00:00,8.56143197199,36.9855567235,0,0,0,12,12,2576,3142
reference_NY46__paper_roles,2019-10-09 02:00:00,8.92285147238,51.4025992152,0,0,0,12,12,2910,4293
reference_NY46__paper_roles,2019-10-09 03:00:00,9.4954969237,42.8740864201,0,0,0,12,12,3403,3646
reference_NY46__paper_roles,2019-10-09 04:00:00,13.4089220508,35.7431293325,0,0,0,12,12,6202,3017
reference_NY46__paper_roles,2019-10-09 05:00:00,27.1978834323,56.6083565086,0,0,0,12,12,8654,4615
reference_NY46__paper_roles,2019-10-09 06:00:00,13.947078897,34.383234459,0,0,0,13,12,6502,2893
reference_NY46__paper_roles,2019-10-09 07:00:00,10.3844963209,34.2310514915,0,0,0,12,12,4147,2875
reference_NY46__paper_roles,2019-10-09 08:00:00,11.3163263538,72.4145376501,0,0,0,12,12,4885,5338
reference_NY46__paper_roles,2019-10-09 09:00:00,12.6146201285,73.3576548666,0,0,0,12,12,5759,5368
reference_NY46__paper_roles,2019-10-09 10:00:00,10.5538597856,37.2046029954,0,0,0,12,12,4299,3158
reference_NY46__paper_roles,2019-10-09 11:00:00,7.1833874096,35.1609161102,0,0,0,12,12,1462,2964
reference_NY46__paper_roles,2019-10-09 12:00:00,6.69805648534,203.856870041,1,0,0,12,12,1152,7511
reference_NY46__paper_roles,2019-10-09 13:00:00,7.72561395959,336.086208316,0,0,0,12,12,1894,8022
reference_NY46__paper_roles,2019-10-09 14:00:00,6.44595886585,31.5744542587,0,0,0,12,12,1003,2592
reference_NY46__paper_roles,2019-10-09 15:00:00,13.6064402589,68.1125531019,0,0,0,12,12,6323,5175
reference_NY46__paper_roles,2019-10-09 16:00:00,9.11817884095,30.5082117508,0,0,0,12,12,3061,2480
reference_NY46__paper_roles,2019-10-09 17:00:00,10.3998736617,108.376523635,1,0,0,12,12,4165,6402
reference_NY46__paper_roles,2019-10-09 18:00:00,13.1897839034,254.806007811,1,0,0,12,12,6080,7774
reference_NY46__paper_roles,2019-10-09 19:00:00,8.84482906275,1052.6906474,0,0,0,12,12,2830,8504
reference_NY46__paper_roles,2019-10-09 20:00:00,8.708029358,73.0039412135,0,0,0,12,12,2686,5354
reference_NY46__paper_roles,2019-10-09 21:00:00,13.4072866127,58.8298720468,0,0,0,12,12,6200,4732
reference_NY46__paper_roles,2019-10-09 22:00:00,16.1102451876,30.6588382103,0,0,0,12,12,7357,2497
reference_NY46__paper_roles,2019-10-09 23:00:00,23.5728519427,47.303893195,0,0,0,12,12,8516,3987
reference_NY46__paper_roles,2019-10-10 00:00:00,17.9401543995,40.9200263052,0,0,0,12,12,7839,3509
reference_NY46__paper_roles,2019-10-10 01:00:00,15.4379866283,40.226158248,0,0,0,12,12,7113,3441
reference_NY46__paper_roles,2019-10-10 02:00:00,17.0837463263,105.16339838,1,0,0,12,12,7643,6351
reference_NY46__paper_roles,2019-10-10 03:00:00,16.4040935066,88.2837412029,0,0,0,12,12,7453,5889
reference_NY46__paper_roles,2019-10-10 04:00:00,25.5141325768,101.621330386,1,0,0,12,12,8605,6267
reference_NY46__paper_roles,2019-10-10 05:00:00,39.4163558826,89.2538609688,0,0,0,12,12,8755,5921
reference_NY46__paper_roles,2019-10-10 06:00:00,21.3376707459,79.7730794888,0,0,0,12,12,8340,5618
reference_NY46__paper_roles,2019-10-10 07:00:00,14.1528362386,432.543270896,0,0,0,12,12,6593,8170
reference_NY46__paper_roles,2019-10-10 08:00:00,6.17467846951,83.553607,0,0,0,12,12,830,5743
reference_NY46__paper_roles,2019-10-10 09:00:00,9.31783116794,34.0181876673,0,0,0,12,12,3244,2855
reference_NY46__paper_roles,2019-10-10 10:00:00,9.3129503647,349.092297822,1,0,0,12,12,3237,8063
reference_NY46__paper_roles,2019-10-10 11:00:00,6.02219158519,332.565788569,1,0,0,12,12,759,8013
reference_NY46__paper_roles,2019-10-10 12:00:00,2.83662941196,1292.79691553,0,0,0,12,12,20,8546
reference_NY46__paper_roles,2019-10-10 13:00:00,6.66300702965,95.638792508,0,0,0,12,12,1132,6115
reference_NY46__paper_roles,2019-10-10 14:00:00,3.87989928397,453.598316919,1,0,0,12,12,115,8196
reference_NY46__paper_roles,2019-10-10 15:00:00,4.18456958817,349.693865593,0,0,0,12,12,161,8064
reference_NY46__paper_roles,2019-10-10 16:00:00,2.15322639797,14.1185578362,0,0,0,12,12,3,402
reference_NY46__paper_roles,2019-10-10 17:00:00,6.66294913261,130.62927571,0,0,0,12,12,1131,6802
reference_NY46__paper_roles,2019-10-10 18:00:00,5.10353650978,46.9823928339,0,0,0,12,12,404,3962
reference_NY46__paper_roles,2019-10-10 19:00:00,8.04758517201,32.183826543,0,0,0,12,12,2133,2665
reference_NY46__paper_roles,2019-10-10 20:00:00,8.20757005422,14.9219639207,0,0,0,12,12,2273,482
reference_NY46__paper_roles,2019-10-10 21:00:00,14.2112190468,85.6011075312,0,0,0,12,12,6617,5822
reference_NY46__paper_roles,2019-10-10 22:00:00,15.6630058667,36.4703621819,0,0,0,12,12,7201,3093
reference_NY46__paper_roles,2019-10-10 23:00:00,23.0305452066,57.4525415517,0,0,0,12,12,8474,4667
reference_NY46__paper_roles,2019-10-11 00:00:00,6.48262793169,17.4888412183,0,0,0,12,12,1024,779
reference_NY46__paper_roles,2019-10-11 01:00:00,5.48919023482,12.3676795347,0,0,0,12,12,539,234
reference_NY46__paper_roles,2019-10-11 02:00:00,4.63557910535,12.5246700581,0,0,0,12,12,256,249
reference_NY46__paper_roles,2019-10-11 03:00:00,8.74050355046,15.7101178718,0,0,0,12,12,2725,564
reference_NY46__paper_roles,2019-10-11 04:00:00,14.202383291,28.3847420974,0,0,0,12,12,6612,2237
reference_NY46__paper_roles,2019-10-11 05:00:00,15.0840096407,31.9983119533,0,0,0,12,12,6968,2641
reference_NY46__paper_roles,2019-10-11 06:00:00,11.9363516555,23.6266742867,0,0,0,12,12,5351,1631
reference_NY46__paper_roles,2019-10-11 07:00:00,6.68076864389,13.5896776416,0,0,0,12,12,1143,354
reference_NY46__paper_roles,2019-10-11 08:00:00,5.43446037734,29.2712098287,0,0,0,12,12,523,2350
reference_NY46__paper_roles,2019-10-11 09:00:00,5.27382857683,17.7826728291,0,0,0,12,12,461,822
reference_NY46__paper_roles,2019-10-11 10:00:00,3.95542262237,17.3925794531,0,0,0,12,12,127,765
reference_NY46__paper_roles,2019-10-11 11:00:00,3.77413858968,12.3249477974,0,0,0,12,12,101,232
reference_NY46__paper_roles,2019-10-11 12:00:00,5.00516670586,14.7092428357,0,0,0,13,12,362,461
reference_NY46__paper_roles,2019-10-11 13:00:00,4.62920511533,16.0178693581,0,0,0,12,12,255,606
reference_NY46__paper_roles,2019-10-11 14:00:00,6.04055019997,15.7214169434,0,0,0,12,12,769,566
reference_NY46__paper_roles,2019-10-11 15:00:00,5.03022740749,24.941494327,0,0,0,12,12,369,1809
reference_NY46__paper_roles,2019-10-11 16:00:00,4.81854985704,18.1494390209,0,0,0,12,12,308,859
reference_NY46__paper_roles,2019-10-11 17:00:00,5.48410133959,23.6112138775,0,0,0,12,12,538,1627
reference_NY46__paper_roles,2019-10-11 18:00:00,8.05076587083,33.4338837425,0,0,0,12,12,2138,2791
reference_NY46__paper_roles,2019-10-11 19:00:00,7.74788439891,35.9347169769,0,0,0,12,12,1910,3039
reference_NY46__paper_roles,2019-10-11 20:00:00,8.61278733933,14.4368837578,0,0,0,12,12,2616,436
reference_NY46__paper_roles,2019-10-11 21:00:00,10.3886042005,46.7925977329,0,0,0,12,12,4155,3949
reference_NY46__paper_roles,2019-10-11 22:00:00,11.2368623077,26.1050880326,0,0,0,12,12,4827,1968
reference_NY46__paper_roles,2019-10-11 23:00:00,9.60390177909,22.1857517813,0,0,0,12,12,3506,1437
reference_NY46__paper_roles,2019-10-12 00:00:00,4.84991858019,11.1159178026,0,0,0,12,12,320,171
reference_NY46__paper_roles,2019-10-12 01:00:00,22.7250089436,162.184369606,0,0,0,12,12,8460,7184
reference_NY46__paper_roles,2019-10-12 02:00:00,23.6423877413,267.679805266,1,0,0,12,12,8522,7815
reference_NY46__paper_roles,2019-10-12 03:00:00,28.2333926181,55277.3597893,1,0,0,12,12,8676,8755
reference_NY46__paper_roles,2019-10-12 04:00:00,26.4944517547,307.019823808,1,0,0,12,12,8632,7948
reference_NY46__paper_roles,2019-10-12 05:00:00,24.3776808022,158.971443354,1,0,0,12,12,8552,7154
reference_NY46__paper_roles,2019-10-12 06:00:00,26.2132639697,359.291418243,1,0,0,12,12,8626,8082
reference_NY46__paper_roles,2019-10-12 07:00:00,21.7386134116,133.491077739,0,0,0,12,12,8382,6843
reference_NY46__paper_roles,2019-10-12 08:00:00,20.1209400554,121.407672276,0,0,0,12,12,8191,6643
reference_NY46__paper_roles,2019-10-12 09:00:00,13.0689595628,133.323666199,0,0,0,12,12,6018,6839
reference_NY46__paper_roles,2019-10-12 10:00:00,12.146860262,114.423581584,0,0,0,12,12,5486,6512
reference_NY46__paper_roles,2019-10-12 11:00:00,14.5916870093,110.085938918,0,0,0,12,12,6786,6432
reference_NY46__paper_roles,2019-10-12 12:00:00,16.5280415094,113.689367896,0,0,0,12,12,7493,6498
reference_NY46__paper_roles,2019-10-12 13:00:00,16.733110399,111.501186185,0,0,0,12,12,7545,6458
reference_NY46__paper_roles,2019-10-12 14:00:00,19.0258754689,120.141534839,0,0,0,12,12,8020,6611
reference_NY46__paper_roles,2019-10-12 15:00:00,11.3038980236,121.238472184,0,0,0,12,12,4872,6641
reference_NY46__paper_roles,2019-10-12 16:00:00,9.98913349055,145.665968548,0,0,0,12,12,3833,6997
reference_NY46__paper_roles,2019-10-12 17:00:00,17.202889079,161.288283337,0,0,0,12,12,7675,7179
reference_NY46__paper_roles,2019-10-12 18:00:00,22.5829922952,161.01014012,0,0,0,12,12,8451,7175
reference_NY46__paper_roles,2019-10-12 19:00:00,20.9432873745,148.366221269,0,0,0,12,12,8291,7030
reference_NY46__paper_roles,2019-10-12 20:00:00,20.1145191731,163.609560082,0,0,0,12,12,8190,7205
reference_NY46__paper_roles,2019-10-12 21:00:00,20.9459082111,99.0284881824,0,0,0,12,12,8292,6194
reference_NY46__paper_roles,2019-10-12 22:00:00,17.1347204786,103.4460861,0,0,0,12,12,7657,6311
reference_NY46__paper_roles,2019-10-12 23:00:00,20.2676419381,97.6621808827,0,0,0,12,12,8207,6167
reference_NY46__paper_roles,2019-10-13 00:00:00,24.3853491573,91.981887286,0,0,0,13,12,8554,6003
reference_NY46__paper_roles,2019-10-13 01:00:00,28.4601822187,149.727575827,1,0,0,12,12,8680,7045
reference_NY46__paper_roles,2019-10-13 02:00:00,23.7941635072,140.102311132,1,0,0,12,12,8527,6928
reference_NY46__paper_roles,2019-10-13 03:00:00,25.8457680058,109.709176084,0,0,0,12,12,8616,6426
reference_NY46__paper_roles,2019-10-13 04:00:00,24.1507938725,125.328244651,0,0,0,12,12,8537,6713
reference_NY46__paper_roles,2019-10-13 05:00:00,24.671160699,135.490212775,1,0,0,12,12,8571,6868
reference_NY46__paper_roles,2019-10-13 06:00:00,26.6893235078,115.786260083,0,0,0,12,12,8637,6534
reference_NY46__paper_roles,2019-10-13 07:00:00,24.930260179,120.135892645,0,0,0,12,12,8579,6610
reference_NY46__paper_roles,2019-10-13 08:00:00,16.8293652387,119.516986323,0,0,0,12,12,7575,6595
reference_NY46__paper_roles,2019-10-13 09:00:00,13.9865432389,104.003146221,0,0,0,12,12,6520,6327
reference_NY46__paper_roles,2019-10-13 10:00:00,11.4900996324,90.0301315206,0,0,0,12,12,5013,5946
reference_NY46__paper_roles,2019-10-13 11:00:00,9.22016098027,79.468620142,0,0,0,12,12,3157,5602
reference_NY46__paper_roles,2019-10-13 12:00:00,6.40874152516,86.0905540167,0,0,0,12,12,978,5838
reference_NY46__paper_roles,2019-10-13 13:00:00,7.80095766837,85.3183266998,0,0,0,12,12,1941,5810
reference_NY46__paper_roles,2019-10-13 14:00:00,8.88048234954,79.0633560975,0,0,0,12,12,2872,5582
reference_NY46__paper_roles,2019-10-13 15:00:00,12.7246353529,79.4880106214,0,0,0,12,12,5819,5604
reference_NY46__paper_roles,2019-10-13 16:00:00,8.13118298135,60.0354656336,0,0,0,12,12,2205,4798
reference_NY46__paper_roles,2019-10-13 17:00:00,9.98786214086,63.6940030891,0,0,0,12,12,3830,4974
reference_NY46__paper_roles,2019-10-13 18:00:00,12.0223930389,71.519342555,0,0,0,12,12,5411,5308
reference_NY46__paper_roles,2019-10-13 19:00:00,17.3365865729,111.611948251,0,0,0,12,12,7701,6463
reference_NY46__paper_roles,2019-10-13 20:00:00,13.8800859117,122.152863109,0,0,0,12,12,6464,6657
reference_NY46__paper_roles,2019-10-13 21:00:00,15.619453972,131.183338915,0,0,0,12,12,7174,6810
reference_NY46__paper_roles,2019-10-13 22:00:00,20.1548578423,161.201290423,0,0,0,12,12,8195,7177
reference_NY46__paper_roles,2019-10-13 23:00:00,24.186056666,125.894732796,0,0,0,12,12,8541,6725
reference_NY46__paper_roles,2019-10-14 00:00:00,13.37696169,49.3062589999,0,0,0,12,12,6178,4153
reference_NY46__paper_roles,2019-10-14 01:00:00,15.9650043387,54.7553279277,0,0,0,12,12,7311,4508
reference_NY46__paper_roles,2019-10-14 02:00:00,20.4494231926,118.159302058,0,0,0,12,12,8235,6570
reference_NY46__paper_roles,2019-10-14 03:00:00,30.1226366738,146.200787359,0,0,0,12,12,8699,7007
reference_NY46__paper_roles,2019-10-14 04:00:00,39.3165943404,206.550940371,1,0,0,12,12,8754,7528
reference_NY46__paper_roles,2019-10-14 05:00:00,26.1883050345,113.218650079,0,0,0,12,12,8625,6491
reference_NY46__paper_roles,2019-10-14 06:00:00,11.7367390681,114.526115453,1,0,0,12,12,5182,6516
reference_NY46__paper_roles,2019-10-14 07:00:00,10.97150562,32.8956471888,0,0,0,12,12,4618,2738
reference_NY46__paper_roles,2019-10-14 08:00:00,10.265508908,47.4025936986,0,0,0,12,12,4052,4000
reference_NY46__paper_roles,2019-10-14 09:00:00,13.4332446308,56.4155347661,0,0,0,12,12,6211,4603
reference_NY46__paper_roles,2019-10-14 10:00:00,11.1591764981,66.7635821441,0,0,0,12,12,4762,5110
reference_NY46__paper_roles,2019-10-14 11:00:00,8.46612408968,54.420394912,0,0,0,12,12,2493,4488
reference_NY46__paper_roles,2019-10-14 12:00:00,11.8407659435,50.2543309604,0,0,0,12,12,5253,4214
reference_NY46__paper_roles,2019-10-14 13:00:00,10.8479996154,49.1066653918,0,0,0,12,12,4520,4137
reference_NY46__paper_roles,2019-10-14 14:00:00,13.1951125722,59.9290210917,0,0,0,12,12,6081,4795
reference_NY46__paper_roles,2019-10-14 15:00:00,16.0734073278,65.7665596347,0,0,0,13,13,7344,5070
reference_NY46__paper_roles,2019-10-14 16:00:00,16.4539677324,70.9178308162,0,0,0,12,11,7467,5285
reference_NY46__paper_roles,2019-10-14 17:00:00,16.0605347357,71.8409947388,0,0,0,12,12,7337,5317
reference_NY46__paper_roles,2019-10-14 18:00:00,11.1686251201,46.8649261886,0,0,0,12,12,4770,3952
reference_NY46__paper_roles,2019-10-14 19:00:00,19.8231680782,66.9302879276,0,0,0,12,12,8149,5117
reference_NY46__paper_roles,2019-10-14 20:00:00,18.9464413009,80.731602462,0,0,0,12,12,8008,5650
reference_NY46__paper_roles,2019-10-14 21:00:00,17.0441311491,91.5062186751,0,0,0,12,12,7634,5984
reference_NY46__paper_roles,2019-10-14 22:00:00,16.1188662279,59.7446863853,0,0,0,12,12,7360,4783
reference_NY46__paper_roles,2019-10-14 23:00:00,16.0564180716,37.6467727833,0,0,0,12,12,7334,3199
reference_NY46__paper_roles,2019-10-15 00:00:00,13.1227134391,48.3584939107,0,0,0,12,12,6044,4069
reference_NY46__paper_roles,2019-10-15 01:00:00,11.9934439689,62.5947355387,0,0,0,12,12,5391,4920
reference_NY46__paper_roles,2019-10-15 02:00:00,14.4902519719,83.1756692305,0,0,0,12,12,6754,5728
reference_NY46__paper_roles,2019-10-15 03:00:00,23.1864188542,113.668751084,1,0,0,12,12,8486,6497
reference_NY46__paper_roles,2019-10-15 04:00:00,33.0986000351,94.1699945235,0,0,0,12,12,8729,6072
reference_NY46__paper_roles,2019-10-15 05:00:00,36.841443807,100.823027732,0,0,0,12,12,8748,6246
reference_NY46__paper_roles,2019-10-15 06:00:00,22.4417672699,70.3788506784,0,0,0,12,12,8444,5260
reference_NY46__paper_roles,2019-10-15 07:00:00,20.9994434926,175.865477013,1,0,0,12,12,8301,7315
reference_NY46__paper_roles,2019-10-15 08:00:00,25.3100116145,300.574265882,1,0,0,12,12,8597,7925
reference_NY46__paper_roles,2019-10-15 09:00:00,14.7879036475,242.926624001,1,0,0,12,12,6859,7722
reference_NY46__paper_roles,2019-10-15 10:00:00,17.4292019081,357.591047334,1,0,0,13,12,7722,8078
reference_NY46__paper_roles,2019-10-15 11:00:00,19.6901920655,687.455545977,1,0,0,12,12,8128,8393
reference_NY46__paper_roles,2019-10-15 12:00:00,22.1232194401,938.875057046,2,0,0,12,12,8421,8479
reference_NY46__paper_roles,2019-10-15 13:00:00,23.1948160563,675.705336453,2,0,0,12,12,8488,8384
reference_NY46__paper_roles,2019-10-15 14:00:00,21.9829096974,488.712555297,2,0,0,12,12,8405,8237
reference_NY46__paper_roles,2019-10-15 15:00:00,17.6202430811,127.14556333,1,0,0,12,12,7760,6755
reference_NY46__paper_roles,2019-10-15 16:00:00,19.2460176974,139.438373946,1,0,0,12,12,8056,6920
reference_NY46__paper_roles,2019-10-15 17:00:00,17.8373914494,138.408941771,1,0,0,12,12,7812,6905
reference_NY46__paper_roles,2019-10-15 18:00:00,18.3948153288,118.969815557,1,0,0,12,12,7919,6584
reference_NY46__paper_roles,2019-10-15 19:00:00,19.897802361,118.837649984,1,0,0,12,12,8164,6583
reference_NY46__paper_roles,2019-10-15 20:00:00,23.2869551292,110.402155155,1,0,0,12,12,8497,6438
reference_NY46__paper_roles,2019-10-15 21:00:00,23.5857221032,110.342768798,1,0,0,12,12,8518,6437
reference_NY46__paper_roles,2019-10-15 22:00:00,20.653142406,113.115474691,0,0,0,13,13,8262,6488
reference_NY46__paper_roles,2019-10-15 23:00:00,25.4972729004,125.915945836,0,0,0,12,12,8604,6727
reference_NY46__paper_roles,2019-10-16 00:00:00,25.2527883124,220.766327302,0,0,0,13,13,8594,7607
reference_NY46__paper_roles,2019-10-16 01:00:00,32.4708514723,247.161287786,1,0,0,12,12,8724,7745
reference_NY46__paper_roles,2019-10-16 02:00:00,31.7418943169,279.619356228,1,0,0,12,12,8718,7854
reference_NY46__paper_roles,2019-10-16 03:00:00,36.5771977975,287.439678635,2,0,0,12,12,8745,7894
reference_NY46__paper_roles,2019-10-16 04:00:00,48.8127739565,296.421063483,2,0,0,12,12,8759,7918
reference_NY46__paper_roles,2019-10-16 05:00:00,49.4333844858,304.33698049,1,0,0,12,12,8760,7936
reference_NY46__paper_roles,2019-10-16 06:00:00,30.9690645645,134.929871627,1,0,0,12,12,8707,6862
reference_NY46__paper_roles,2019-10-16 07:00:00,24.087015594,102.313082006,1,0,0,12,12,8535,6288
reference_NY46__paper_roles,2019-10-16 08:00:00,21.4819614397,108.932690919,1,0,0,12,12,8355,6411
reference_NY46__paper_roles,2019-10-16 09:00:00,19.5825711994,110.514032434,1,0,0,12,12,8106,6439
reference_NY46__paper_roles,2019-10-16 10:00:00,15.608222571,99.1385000841,0,0,0,12,12,7167,6200
reference_NY46__paper_roles,2019-10-16 11:00:00,19.7531643715,118.641458131,1,0,0,12,12,8138,6580
reference_NY46__paper_roles,2019-10-16 12:00:00,18.8518065651,116.57705467,1,0,0,12,12,7989,6541
reference_NY46__paper_roles,2019-10-16 13:00:00,21.9831828648,121.7567136,1,0,0,12,12,8406,6650
reference_NY46__paper_roles,2019-10-16 14:00:00,20.4281034816,99.0724088506,0,0,0,12,12,8233,6196
reference_NY46__paper_roles,2019-10-16 15:00:00,19.0446145439,91.5574791397,0,0,0,12,12,8024,5985
reference_NY46__paper_roles,2019-10-16 16:00:00,23.4556459017,101.873582484,1,0,0,12,12,8511,6275
reference_NY46__paper_roles,2019-10-16 17:00:00,17.7596499036,75.1409053018,0,0,0,12,12,7796,5445
reference_NY46__paper_roles,2019-10-16 18:00:00,17.9287483844,91.0815359242,0,0,0,12,12,7837,5969
reference_NY46__paper_roles,2019-10-16 19:00:00,17.8888498304,94.7644662832,0,0,0,12,12,7824,6093
reference_NY46__paper_roles,2019-10-16 20:00:00,16.3355227786,78.3973864267,0,0,0,12,12,7426,5563
reference_NY46__paper_roles,2019-10-16 21:00:00,14.3304289423,72.0974358276,0,0,0,12,12,6664,5327
reference_NY46__paper_roles,2019-10-16 22:00:00,14.6506823951,66.4297704714,0,0,0,12,12,6810,5097
reference_NY46__paper_roles,2019-10-16 23:00:00,31.3393375358,86.564156707,0,0,0,12,12,8711,5849
reference_NY46__paper_roles,2019-10-17 00:00:00,24.2099390432,181.122292818,0,0,0,12,12,8543,7356
reference_NY46__paper_roles,2019-10-17 01:00:00,21.6788823534,166.799944759,0,0,0,12,12,8376,7234
reference_NY46__paper_roles,2019-10-17 02:00:00,23.5494592634,159.472002819,0,0,0,12,12,8515,7161
reference_NY46__paper_roles,2019-10-17 03:00:00,27.4087509844,172.035458494,0,0,0,12,12,8660,7286
reference_NY46__paper_roles,2019-10-17 04:00:00,38.1463282299,159.119933369,0,0,0,12,12,8752,7158
reference_NY46__paper_roles,2019-10-17 05:00:00,46.3422941818,157.791972477,0,0,0,12,12,8758,7141
reference_NY46__paper_roles,2019-10-17 06:00:00,26.7103965856,123.271413491,1,0,0,12,12,8638,6684
reference_NY46__paper_roles,2019-10-17 07:00:00,17.8971003858,100.537432007,0,0,0,12,12,7829,6238
reference_NY46__paper_roles,2019-10-17 08:00:00,18.0674443756,99.0959044166,0,0,0,12,12,7870,6197
reference_NY46__paper_roles,2019-10-17 09:00:00,18.8756110989,98.5371997684,0,0,0,12,12,7995,6183
reference_NY46__paper_roles,2019-10-17 10:00:00,15.0192037865,79.8668127595,0,0,0,14,14,6944,5621
reference_NY46__paper_roles,2019-10-17 11:00:00,13.8664877652,82.4684600185,0,0,0,13,13,6461,5705
reference_NY46__paper_roles,2019-10-17 12:00:00,16.4177302628,93.2918633966,0,0,0,12,11,7455,6048
reference_NY46__paper_roles,2019-10-17 13:00:00,15.0311863181,78.6871611059,0,0,0,12,12,6951,5571
reference_NY46__paper_roles,2019-10-17 14:00:00,14.0809310526,91.1641372516,0,0,0,12,12,6560,5971
reference_NY46__paper_roles,2019-10-17 15:00:00,13.39849613,91.3877629752,0,0,0,12,12,6195,5980
reference_NY46__paper_roles,2019-10-17 16:00:00,16.0540568583,82.1499723368,0,0,0,13,13,7333,5699
reference_NY46__paper_roles,2019-10-17 17:00:00,13.7401919471,68.3589743426,0,0,0,12,12,6394,5185
reference_NY46__paper_roles,2019-10-17 18:00:00,11.5644619761,102.922004488,0,0,0,12,12,5059,6297
reference_NY46__paper_roles,2019-10-17 19:00:00,14.4859409865,79.4067023073,0,0,0,12,12,6751,5598
reference_NY46__paper_roles,2019-10-17 20:00:00,11.6019231859,75.5518475315,0,0,0,12,12,5084,5463
reference_NY46__paper_roles,2019-10-17 21:00:00,14.4820897819,66.5580128844,0,0,0,12,12,6748,5102
reference_NY46__paper_roles,2019-10-17 22:00:00,17.9046474799,66.5921431188,0,0,0,13,12,7831,5103
reference_NY46__paper_roles,2019-10-17 23:00:00,19.1685367011,57.2090693906,0,0,0,12,12,8045,4654
reference_NY46__paper_roles,2019-10-18 00:00:00,15.1829893509,59.6692309962,0,0,0,12,12,7005,4778
reference_NY46__paper_roles,2019-10-18 01:00:00,16.7025687933,77.2858874752,0,0,0,12,12,7538,5524
reference_NY46__paper_roles,2019-10-18 02:00:00,16.5614996709,56.302015123,0,0,0,12,12,7505,4599
reference_NY46__paper_roles,2019-10-18 03:00:00,22.6668886368,58.6027101415,0,0,0,12,12,8456,4724
reference_NY46__paper_roles,2019-10-18 04:00:00,34.3995454273,92.1927019623,0,0,0,12,12,8737,6012
reference_NY46__paper_roles,2019-10-18 05:00:00,36.1347254546,195.051881036,1,0,0,12,12,8744,7449
reference_NY46__paper_roles,2019-10-18 06:00:00,20.3907769818,100.401169635,1,0,0,12,12,8228,6235
reference_NY46__paper_roles,2019-10-18 07:00:00,16.6950218107,99.1826102741,0,0,0,12,12,7536,6202
reference_NY46__paper_roles,2019-10-18 08:00:00,20.6675069775,146.866438945,1,0,0,12,12,8264,7015
reference_NY46__paper_roles,2019-10-18 09:00:00,15.239838242,149.331696666,1,0,0,12,12,7021,7040
reference_NY46__paper_roles,2019-10-18 10:00:00,16.3551769833,514.621609052,1,0,0,12,12,7434,8268
reference_NY46__paper_roles,2019-10-18 11:00:00,12.9214165991,723.214993943,0,0,0,12,12,5935,8407
reference_NY46__paper_roles,2019-10-18 12:00:00,9.46012365838,675.163517129,0,0,0,12,12,3365,8383
reference_NY46__paper_roles,2019-10-18 13:00:00,8.84144814258,512.874145792,1,0,0,12,12,2826,8265
reference_NY46__paper_roles,2019-10-18 14:00:00,12.4481642604,117.362234011,1,0,0,12,12,5675,6550
reference_NY46__paper_roles,2019-10-18 15:00:00,13.5264967435,99.1349648599,0,0,0,12,12,6275,6199
reference_NY46__paper_roles,2019-10-18 16:00:00,11.1769568317,110.695716787,1,0,0,13,13,4776,6443
reference_NY46__paper_roles,2019-10-18 17:00:00,10.5967543903,47.3374216324,0,0,0,12,12,4329,3992
reference_NY46__paper_roles,2019-10-18 18:00:00,11.3063106422,23.5324969987,0,0,0,12,12,4873,1619
reference_NY46__paper_roles,2019-10-18 19:00:00,20.4606356608,32.0730144165,0,0,0,12,12,8236,2648
reference_NY46__paper_roles,2019-10-18 20:00:00,10.7222359165,37.6434794228,0,0,0,12,12,4419,3198
reference_NY46__paper_roles,2019-10-18 21:00:00,11.7624403002,26.1413655458,0,0,0,12,12,5206,1971
reference_NY46__paper_roles,2019-10-18 22:00:00,11.4923507258,35.3820303241,0,0,0,12,12,5014,2984
reference_NY46__paper_roles,2019-10-18 23:00:00,15.2850846402,36.5094121722,0,0,0,12,12,7035,3096
reference_NY46__paper_roles,2019-10-19 00:00:00,9.37934941255,33.6192759142,0,0,0,12,12,3287,2812
reference_NY46__paper_roles,2019-10-19 01:00:00,12.8912933879,56.7318031276,0,0,0,12,12,5918,4627
reference_NY46__paper_roles,2019-10-19 02:00:00,18.5218522071,89.4460520292,0,0,0,12,12,7942,5927
reference_NY46__paper_roles,2019-10-19 03:00:00,24.2285578934,109.213961979,1,0,0,12,12,8546,6416
reference_NY46__paper_roles,2019-10-19 04:00:00,30.5540319846,83.0388555863,0,0,0,12,12,8704,5724
reference_NY46__paper_roles,2019-10-19 05:00:00,26.5906455548,156.987190291,1,0,0,12,12,8634,7131
reference_NY46__paper_roles,2019-10-19 06:00:00,20.9741451089,157.85634816,1,0,0,12,12,8296,7143
reference_NY46__paper_roles,2019-10-19 07:00:00,26.9316075472,79.1583304754,0,0,0,12,12,8642,5586
reference_NY46__paper_roles,2019-10-19 08:00:00,19.1462602466,66.4723343004,0,0,0,13,12,8041,5098
reference_NY46__paper_roles,2019-10-19 09:00:00,17.8456954124,113.667285331,0,0,0,12,12,7816,6496
reference_NY46__paper_roles,2019-10-19 10:00:00,18.2156989148,122.722419115,0,0,0,12,12,7899,6671
reference_NY46__paper_roles,2019-10-19 11:00:00,12.2608466039,147.301271762,0,0,0,12,12,5565,7019
reference_NY46__paper_roles,2019-10-19 12:00:00,14.6866211868,129.931785828,0,0,0,12,12,6820,6794
reference_NY46__paper_roles,2019-10-19 13:00:00,14.4216840869,128.350615331,0,0,0,12,12,6718,6770
reference_NY46__paper_roles,2019-10-19 14:00:00,17.5428745538,142.046741284,0,0,0,12,12,7743,6952
reference_NY46__paper_roles,2019-10-19 15:00:00,23.0278287884,132.340512178,0,0,0,12,12,8473,6825
reference_NY46__paper_roles,2019-10-19 16:00:00,17.9774465079,121.296365489,0,0,0,13,13,7851,6642
reference_NY46__paper_roles,2019-10-19 17:00:00,19.3906098641,140.99928782,0,0,0,12,12,8081,6941
reference_NY46__paper_roles,2019-10-19 18:00:00,15.748694615,142.3642216,0,0,0,12,12,7237,6956
reference_NY46__paper_roles,2019-10-19 19:00:00,15.6536639892,152.808790952,0,0,0,12,12,7193,7082
reference_NY46__paper_roles,2019-10-19 20:00:00,13.500679996,166.684971256,0,0,0,12,12,6255,7233
reference_NY46__paper_roles,2019-10-19 21:00:00,13.4355362294,164.437739504,0,0,0,12,12,6212,7215
reference_NY46__paper_roles,2019-10-19 22:00:00,13.0396612412,158.735655667,0,0,0,12,12,5998,7149
reference_NY46__paper_roles,2019-10-19 23:00:00,10.7022259161,165.348690338,0,0,0,12,12,4408,7218
reference_NY46__paper_roles,2019-10-20 00:00:00,18.4014517465,187.539855124,1,0,0,12,12,7922,7397
reference_NY46__paper_roles,2019-10-20 01:00:00,20.3674405373,248.159144603,1,0,0,12,12,8223,7751
reference_NY46__paper_roles,2019-10-20 02:00:00,25.0429058799,296.112873349,0,0,0,12,12,8585,7914
reference_NY46__paper_roles,2019-10-20 03:00:00,25.3405170029,278.962361312,0,0,0,12,12,8598,7851
reference_NY46__paper_roles,2019-10-20 04:00:00,24.3796144178,317.533542893,1,0,0,12,12,8553,7974
reference_NY46__paper_roles,2019-10-20 05:00:00,31.4194018517,342.463449918,1,0,0,12,12,8713,8040
reference_NY46__paper_roles,2019-10-20 06:00:00,39.0156381491,289.399576885,1,0,0,12,12,8753,7901
reference_NY46__paper_roles,2019-10-20 07:00:00,33.5233536202,283.959236254,1,0,0,12,12,8733,7876
reference_NY46__paper_roles,2019-10-20 08:00:00,18.5174672374,230.383501736,1,0,0,12,12,7939,7660
reference_NY46__paper_roles,2019-10-20 09:00:00,17.1490911192,203.836375682,1,0,0,12,12,7660,7510
reference_NY46__paper_roles,2019-10-20 10:00:00,17.3007332095,168.96923442,1,0,0,12,12,7693,7251
reference_NY46__paper_roles,2019-10-20 11:00:00,15.4302697711,169.075606934,1,0,0,12,12,7110,7253
reference_NY46__paper_roles,2019-10-20 12:00:00,16.9582808065,146.996229269,1,0,0,12,12,7605,7017
reference_NY46__paper_roles,2019-10-20 13:00:00,16.1741006654,128.323369585,1,0,0,12,12,7378,6769
reference_NY46__paper_roles,2019-10-20 14:00:00,17.5513590703,134.781163338,1,0,0,12,12,7745,6857
reference_NY46__paper_roles,2019-10-20 15:00:00,16.3600359573,136.291863344,1,0,0,12,12,7435,6876
reference_NY46__paper_roles,2019-10-20 16:00:00,16.9577481929,139.408367893,1,0,0,12,12,7603,6919
reference_NY46__paper_roles,2019-10-20 17:00:00,20.6493956213,155.667005688,1,0,0,12,12,8260,7119
reference_NY46__paper_roles,2019-10-20 18:00:00,19.511686056,206.667402127,0,0,0,12,12,8089,7529
reference_NY46__paper_roles,2019-10-20 19:00:00,18.8342488253,177.455915258,0,0,0,12,12,7985,7331
reference_NY46__paper_roles,2019-10-20 20:00:00,23.1435501031,173.131649913,0,0,0,12,12,8483,7294
reference_NY46__paper_roles,2019-10-20 21:00:00,17.6222668112,126.138350275,0,0,0,12,12,7762,6732
reference_NY46__paper_roles,2019-10-20 22:00:00,9.43156558161,72.1648465937,0,0,0,12,12,3334,5330
reference_NY46__paper_roles,2019-10-20 23:00:00,10.0053719625,59.0053785973,0,0,0,12,12,3844,4739
reference_NY46__paper_roles,2019-10-21 00:00:00,12.5190204086,60.6021091952,0,0,0,12,12,5714,4818
reference_NY46__paper_roles,2019-10-21 01:00:00,13.378563843,79.2135840823,0,0,0,12,12,6179,5589
reference_NY46__paper_roles,2019-10-21 02:00:00,16.3003314298,76.0031749111,0,0,0,12,12,7418,5485
reference_NY46__paper_roles,2019-10-21 03:00:00,24.7845717332,76.188640504,0,0,0,12,12,8573,5492
reference_NY46__paper_roles,2019-10-21 04:00:00,45.030454049,92.5036543149,0,0,0,12,12,8757,6023
reference_NY46__paper_roles,2019-10-21 05:00:00,35.866680393,658.334469343,1,0,0,12,12,8743,8371
reference_NY46__paper_roles,2019-10-21 06:00:00,18.0446425428,109.885256541,0,0,0,12,12,7865,6430
reference_NY46__paper_roles,2019-10-21 07:00:00,12.9281036651,40.9666775846,0,0,0,12,12,5937,3513
reference_NY46__paper_roles,2019-10-21 08:00:00,18.7084456954,90.2869583658,0,0,0,13,13,7967,5955
reference_NY46__paper_roles,2019-10-21 09:00:00,11.5018984132,37.7541282399,0,0,0,13,12,5018,3213
reference_NY46__paper_roles,2019-10-21 10:00:00,10.0916133562,34.3644514983,0,0,0,12,12,3916,2891
reference_NY46__paper_roles,2019-10-21 11:00:00,15.2828076178,80.7526662444,0,0,0,13,12,7034,5652
reference_NY46__paper_roles,2019-10-21 12:00:00,9.58260289978,29.8492597585,0,0,0,12,12,3486,2410
reference_NY46__paper_roles,2019-10-21 13:00:00,15.8343737611,53.1247808958,0,0,0,12,12,7266,4405
reference_NY46__paper_roles,2019-10-21 14:00:00,13.7041614053,185.600491138,1,0,0,12,12,6377,7383
reference_NY46__paper_roles,2019-10-21 15:00:00,16.5120418716,84.3620469731,0,0,0,12,12,7485,5773
reference_NY46__paper_roles,2019-10-21 16:00:00,13.5720456023,54.9426365793,0,0,0,12,12,6301,4519
reference_NY46__paper_roles,2019-10-21 17:00:00,11.7700584856,40.723961039,0,0,0,12,12,5210,3494
reference_NY46__paper_roles,2019-10-21 18:00:00,7.54063392408,49.6126521178,0,0,0,12,12,1747,4175
reference_NY46__paper_roles,2019-10-21 19:00:00,9.74269221634,44.5181032339,0,0,0,12,12,3622,3775
reference_NY46__paper_roles,2019-10-21 20:00:00,11.9964880384,64.2108501897,0,0,0,12,12,5395,4994
reference_NY46__paper_roles,2019-10-21 21:00:00,11.6211854877,68.8110609144,0,0,0,12,12,5100,5201
reference_NY46__paper_roles,2019-10-21 22:00:00,16.0459773245,54.6187886729,0,0,0,12,12,7330,4502
reference_NY46__paper_roles,2019-10-21 23:00:00,7.11520994481,47.3688933448,0,0,0,13,12,1417,3996
reference_NY46__paper_roles,2019-10-22 00:00:00,10.46950079,86.3506608088,0,0,0,13,12,4220,5845
reference_NY46__paper_roles,2019-10-22 01:00:00,18.3897397776,1155.95077978,1,0,0,12,12,7916,8527
reference_NY46__paper_roles,2019-10-22 02:00:00,22.4235150778,115.143099076,0,0,0,13,12,8441,6523
reference_NY46__paper_roles,2019-10-22 03:00:00,20.6187424419,84.8474459032,0,0,0,12,12,8255,5792
reference_NY46__paper_roles,2019-10-22 04:00:00,33.5048638634,148.935931477,0,0,0,12,12,8732,7035
reference_NY46__paper_roles,2019-10-22 05:00:00,22.1644378103,119.244663755,1,0,0,12,12,8423,6590
reference_NY46__paper_roles,2019-10-22 06:00:00,24.5437671916,176.810586303,0,0,0,12,12,8563,7328
reference_NY46__paper_roles,2019-10-22 07:00:00,14.5927604773,201.322745385,0,0,0,12,12,6788,7496
reference_NY46__paper_roles,2019-10-22 08:00:00,11.3172950697,212.637927175,0,0,0,12,12,4886,7562
reference_NY46__paper_roles,2019-10-22 09:00:00,11.5324111956,131.807029045,0,0,0,12,12,5035,6818
reference_NY46__paper_roles,2019-10-22 10:00:00,12.5668936595,175.992674044,0,0,0,14,13,5736,7318
reference_NY46__paper_roles,2019-10-22 11:00:00,15.3291115074,171.310179076,0,0,0,11,11,7063,7277
reference_NY46__paper_roles,2019-10-22 12:00:00,13.1892200807,146.381678579,1,0,0,12,12,6078,7012
reference_NY46__paper_roles,2019-10-22 13:00:00,14.7128884245,156.579393562,0,0,0,12,12,6828,7126
reference_NY46__paper_roles,2019-10-22 14:00:00,13.3626295312,158.727484725,0,0,0,13,12,6165,7148
reference_NY46__paper_roles,2019-10-22 15:00:00,14.326292718,143.110603643,0,0,0,12,12,6661,6972
reference_NY46__paper_roles,2019-10-22 16:00:00,11.9046617527,94.9885034175,0,0,0,13,12,5321,6099
reference_NY46__paper_roles,2019-10-22 17:00:00,12.648907218,91.5583265301,0,0,0,12,12,5780,5986
reference_NY46__paper_roles,2019-10-22 18:00:00,11.950394182,72.1825013446,0,0,0,12,12,5361,5332
reference_NY46__paper_roles,2019-10-22 19:00:00,9.85243480044,83.6086952136,0,0,0,12,12,3721,5748
reference_NY46__paper_roles,2019-10-22 20:00:00,13.2544404756,532.94118184,1,0,0,13,13,6110,8287
reference_NY46__paper_roles,2019-10-22 21:00:00,14.4798696107,61.8580364305,0,0,0,12,12,6747,4885
reference_NY46__paper_roles,2019-10-22 22:00:00,19.6392660084,82.1849132732,0,0,0,12,12,8120,5700
reference_NY46__paper_roles,2019-10-22 23:00:00,18.4935699021,120.671918945,0,0,0,12,12,7935,6627
reference_NY46__paper_roles,2019-10-23 00:00:00,8.18460013151,37.7785574404,0,0,0,12,12,2250,3220
reference_NY46__paper_roles,2019-10-23 01:00:00,12.4195861999,34.486285367,0,0,0,12,12,5650,2903
reference_NY46__paper_roles,2019-10-23 02:00:00,11.5459226201,39.2319097344,0,0,0,12,12,5043,3356
reference_NY46__paper_roles,2019-10-23 03:00:00,10.2365558236,34.676205556,0,0,0,12,12,4033,2922
reference_NY46__paper_roles,2019-10-23 04:00:00,15.3177219106,49.7922681861,0,0,0,12,12,7057,4186
reference_NY46__paper_roles,2019-10-23 05:00:00,20.9655238646,37.8936954654,0,0,0,12,12,8295,3229
reference_NY46__paper_roles,2019-10-23 06:00:00,19.5791572398,101.890513647,0,0,0,12,12,8105,6276
reference_NY46__paper_roles,2019-10-23 07:00:00,9.93938427465,1186.89659907,0,0,0,12,12,3794,8534
reference_NY46__paper_roles,2019-10-23 08:00:00,12.0371009373,302.701205107,0,0,0,12,12,5421,7933
reference_NY46__paper_roles,2019-10-23 09:00:00,12.6159960638,1034.46074632,0,0,0,12,12,5763,8502
reference_NY46__paper_roles,2019-10-23 10:00:00,15.3453787502,3764.97861115,0,0,0,13,12,7072,8686
reference_NY46__paper_roles,2019-10-23 11:00:00,14.0333542662,4753.22671638,0,0,0,16,15,6540,8707
reference_NY46__paper_roles,2019-10-23 12:00:00,10.8066020522,317.638118839,1,0,0,11,11,4490,7977
reference_NY46__paper_roles,2019-10-23 13:00:00,15.5969104048,995.74910375,1,0,0,12,12,7164,8494
reference_NY46__paper_roles,2019-10-23 14:00:00,9.98084907706,1236.34216402,0,0,0,12,12,3824,8538
reference_NY46__paper_roles,2019-10-23 15:00:00,15.1446222752,1139.24728674,0,0,0,12,12,6994,8525
reference_NY46__paper_roles,2019-10-23 16:00:00,10.3137949898,398.542692503,0,0,0,12,12,4087,8137
reference_NY46__paper_roles,2019-10-23 17:00:00,10.3734240787,515.725627068,0,0,0,12,12,4135,8270
reference_NY46__paper_roles,2019-10-23 18:00:00,10.947790675,1425.87705232,0,0,0,11,11,4595,8568
reference_NY46__paper_roles,2019-10-23 19:00:00,18.7984965217,236.023436968,1,0,0,11,11,7980,7693
reference_NY46__paper_roles,2019-10-23 20:00:00,19.5477437235,224.329009177,1,0,0,13,13,8098,7627
reference_NY46__paper_roles,2019-10-23 21:00:00,20.1007628143,535.901735789,1,0,0,11,11,8188,8289
reference_NY46__paper_roles,2019-10-23 22:00:00,20.0285018791,2986.20411655,1,0,0,12,12,8181,8668
reference_NY46__paper_roles,2019-10-23 23:00:00,14.5354762353,2967.56769315,0,0,0,12,12,6768,8667
reference_NY46__paper_roles,2019-10-24 00:00:00,14.7153528736,317.118167515,0,0,0,12,12,6829,7970
reference_NY46__paper_roles,2019-10-24 01:00:00,13.3069177685,123.364041641,0,0,0,12,12,6138,6686
reference_NY46__paper_roles,2019-10-24 02:00:00,12.854031494,157.366587154,0,0,0,12,12,5895,7135
reference_NY46__paper_roles,2019-10-24 03:00:00,12.3194741154,98.6635288525,0,0,0,12,12,5587,6185
reference_NY46__paper_roles,2019-10-24 04:00:00,15.5689034446,76.3634001403,0,0,0,12,12,7154,5496
reference_NY46__paper_roles,2019-10-24 05:00:00,19.8674866411,53.9934110375,0,0,0,12,12,8157,4461
reference_NY46__paper_roles,2019-10-24 06:00:00,16.4576096287,45.2377021155,0,0,0,12,12,7469,3831
reference_NY46__paper_roles,2019-10-24 07:00:00,14.3952684786,139.676245652,0,0,0,12,12,6706,6924
reference_NY46__paper_roles,2019-10-24 08:00:00,16.3867962669,165.98157566,0,0,0,12,12,7446,7223
reference_NY46__paper_roles,2019-10-24 09:00:00,19.3860562416,252.391299576,0,0,0,12,12,8079,7765
reference_NY46__paper_roles,2019-10-24 10:00:00,20.8135188083,2278.95717586,0,0,0,14,13,8281,8638
reference_NY46__paper_roles,2019-10-24 11:00:00,15.2924681435,863.284130569,1,0,0,12,12,7044,8457
reference_NY46__paper_roles,2019-10-24 12:00:00,18.6885684878,665.748813482,1,0,0,12,12,7966,8377
reference_NY46__paper_roles,2019-10-24 13:00:00,21.773913388,581.68160735,1,0,0,12,12,8386,8324
reference_NY46__paper_roles,2019-10-24 14:00:00,17.1331756067,1854.16617349,1,0,0,12,12,7656,8606
reference_NY46__paper_roles,2019-10-24 15:00:00,16.2562428108,1408.82621219,1,0,0,12,12,7406,8562
reference_NY46__paper_roles,2019-10-24 16:00:00,18.8462206658,4052.85344592,0,0,0,12,12,7988,8694
reference_NY46__paper_roles,2019-10-24 17:00:00,14.7235440935,901.285300986,0,0,0,12,12,6837,8468
reference_NY46__paper_roles,2019-10-24 18:00:00,19.9815457161,425.425514813,0,0,0,14,14,8176,8162
reference_NY46__paper_roles,2019-10-24 19:00:00,20.9479321255,305.689060283,1,0,0,11,11,8293,7942
reference_NY46__paper_roles,2019-10-24 20:00:00,31.7435869737,275.842284039,1,0,0,12,12,8719,7842
reference_NY46__paper_roles,2019-10-24 21:00:00,33.046149099,348.364955488,0,0,0,12,12,8728,8060
reference_NY46__paper_roles,2019-10-24 22:00:00,27.1905891315,216.457614402,0,0,0,12,12,8653,7584
reference_NY46__paper_roles,2019-10-24 23:00:00,35.7809213923,264.177924446,0,0,0,12,12,8742,7805
reference_NY46__paper_roles,2019-10-25 00:00:00,9.91040838145,140.68729914,0,0,0,12,12,3771,6939
reference_NY46__paper_roles,2019-10-25 01:00:00,12.4622631994,123.213016045,0,0,0,12,12,5685,6683
reference_NY46__paper_roles,2019-10-25 02:00:00,15.9352637248,117.441995748,0,0,0,12,12,7302,6553
reference_NY46__paper_roles,2019-10-25 03:00:00,17.8954759931,85.1437126648,0,0,0,12,12,7828,5800
reference_NY46__paper_roles,2019-10-25 04:00:00,28.1225258365,166.287262255,0,0,0,12,12,8674,7228
reference_NY46__paper_roles,2019-10-25 05:00:00,21.952227885,267.895219944,0,0,0,12,12,8401,7816
reference_NY46__paper_roles,2019-10-25 06:00:00,21.2358768623,120.411649658,0,0,0,12,12,8332,6617
reference_NY46__paper_roles,2019-10-25 07:00:00,7.64011944894,271.903110861,0,0,0,12,12,1827,7827
reference_NY46__paper_roles,2019-10-25 08:00:00,9.31887471832,92.8869244352,0,0,0,12,12,3246,6035
reference_NY46__paper_roles,2019-10-25 09:00:00,8.75338591696,109.437124298,1,0,0,12,12,2742,6421
reference_NY46__paper_roles,2019-10-25 10:00:00,12.6073774691,147.867807224,1,0,0,12,12,5756,7026
reference_NY46__paper_roles,2019-10-25 11:00:00,14.2376527635,170.962276371,1,0,0,12,12,6629,7273
reference_NY46__paper_roles,2019-10-25 12:00:00,15.3645803356,153.152193664,1,0,0,12,12,7077,7089
reference_NY46__paper_roles,2019-10-25 13:00:00,13.6137177528,145.921069495,1,0,0,12,12,6326,6999
reference_NY46__paper_roles,2019-10-25 14:00:00,21.5367021596,270.141132262,1,0,0,12,12,8359,7824
reference_NY46__paper_roles,2019-10-25 15:00:00,19.449720585,233.897596003,1,0,0,12,12,8085,7675
reference_NY46__paper_roles,2019-10-25 16:00:00,18.3602943351,183.682399783,1,0,0,12,12,7911,7370
reference_NY46__paper_roles,2019-10-25 17:00:00,16.4653884527,270.228729653,1,0,0,12,12,7476,7825
reference_NY46__paper_roles,2019-10-25 18:00:00,13.9996744792,325.523757248,1,0,0,12,12,6525,7997
reference_NY46__paper_roles,2019-10-25 19:00:00,20.6828801756,958.37334366,1,0,0,12,12,8268,8483
reference_NY46__paper_roles,2019-10-25 20:00:00,20.5939648282,5306.38089196,0,0,0,12,12,8251,8714
reference_NY46__paper_roles,2019-10-25 21:00:00,10.913933646,130.389239003,0,0,0,12,12,4575,6798
reference_NY46__paper_roles,2019-10-25 22:00:00,8.29064744953,57.3514873565,0,0,0,12,12,2329,4663
reference_NY46__paper_roles,2019-10-25 23:00:00,13.8565370721,103.411108882,0,0,0,12,12,6450,6309
reference_NY46__paper_roles,2019-10-26 00:00:00,10.7648492178,73.696101047,0,0,0,12,12,4452,5384
reference_NY46__paper_roles,2019-10-26 01:00:00,8.62108430255,65.7975940495,0,0,0,12,12,2626,5072
reference_NY46__paper_roles,2019-10-26 02:00:00,7.61844961214,66.8191190808,0,0,0,12,12,1809,5112
reference_NY46__paper_roles,2019-10-26 03:00:00,9.15219666222,69.981944354,0,0,0,12,12,3087,5242
reference_NY46__paper_roles,2019-10-26 04:00:00,9.08259698819,69.3467246574,0,0,0,12,12,3028,5220
reference_NY46__paper_roles,2019-10-26 05:00:00,13.2341158178,91.0934674048,0,0,0,12,12,6096,5970
reference_NY46__paper_roles,2019-10-26 06:00:00,16.1181855693,140.66561134,0,0,0,12,12,7359,6938
reference_NY46__paper_roles,2019-10-26 07:00:00,8.38523792108,75.3459779697,0,0,0,12,12,2422,5454
reference_NY46__paper_roles,2019-10-26 08:00:00,8.06367594466,54.5635813486,0,0,0,12,12,2144,4498
reference_NY46__paper_roles,2019-10-26 09:00:00,10.7920794271,185.57879498,0,0,0,12,12,4479,7382
reference_NY46__paper_roles,2019-10-26 10:00:00,10.5867060472,131.192401422,0,0,0,12,12,4320,6811
reference_NY46__paper_roles,2019-10-26 11:00:00,8.95999569478,94.210569605,0,0,0,12,12,2948,6075
reference_NY46__paper_roles,2019-10-26 12:00:00,8.48557168359,67.5986538441,0,0,0,12,12,2507,5147
reference_NY46__paper_roles,2019-10-26 13:00:00,8.34535145475,85.5102122676,0,0,0,12,12,2388,5818
reference_NY46__paper_roles,2019-10-26 14:00:00,7.20784444694,73.6471348832,0,0,0,12,12,1477,5381
reference_NY46__paper_roles,2019-10-26 15:00:00,6.91687191311,50.063486542,0,0,0,12,12,1277,4202
reference_NY46__paper_roles,2019-10-26 16:00:00,9.43975739609,181.951169957,0,0,0,12,12,3341,7362
reference_NY46__paper_roles,2019-10-26 17:00:00,13.1417770737,176.450094603,0,0,0,12,12,6052,7324
reference_NY46__paper_roles,2019-10-26 18:00:00,12.8225955668,112.216724991,0,0,0,12,12,5877,6472
reference_NY46__paper_roles,2019-10-26 19:00:00,13.709262262,79.7677527849,0,0,0,12,12,6380,5616
reference_NY46__paper_roles,2019-10-26 20:00:00,13.2620329991,51.0368812003,0,0,0,12,12,6118,4268
reference_NY46__paper_roles,2019-10-26 21:00:00,17.0364253595,182.185072853,0,0,0,12,12,7632,7364
reference_NY46__paper_roles,2019-10-26 22:00:00,13.5408302595,111.649735286,0,0,0,12,12,6284,6465
reference_NY46__paper_roles,2019-10-26 23:00:00,16.5828252787,557.310245224,0,0,0,12,12,7510,8300
reference_NY46__paper_roles,2019-10-27 00:00:00,8.93505387511,159.309842222,0,0,0,13,13,2923,7160
reference_NY46__paper_roles,2019-10-27 01:00:00,10.0943134598,23.7480847782,0,0,0,11,11,3918,1644
reference_NY46__paper_roles,2019-10-27 02:00:00,8.85032310589,51.059064571,0,0,0,12,12,2835,4269
reference_NY46__paper_roles,2019-10-27 03:00:00,8.48012218062,37.497384911,0,0,0,12,12,2502,3182
reference_NY46__paper_roles,2019-10-27 04:00:00,10.6942563879,75.5411752917,0,0,0,12,12,4401,5462
reference_NY46__paper_roles,2019-10-27 05:00:00,11.6295275755,82.4340568804,0,0,0,12,12,5103,5704
reference_NY46__paper_roles,2019-10-27 06:00:00,9.11266064124,114.566239619,0,0,0,12,12,3055,6517
reference_NY46__paper_roles,2019-10-27 07:00:00,7.5470653213,38.391169128,0,0,0,12,12,1754,3273
reference_NY46__paper_roles,2019-10-27 08:00:00,10.1649773495,85.1649914806,0,0,0,12,12,3977,5802
reference_NY46__paper_roles,2019-10-27 09:00:00,9.45103225417,102.69068427,0,0,0,12,12,3351,6293
reference_NY46__paper_roles,2019-10-27 10:00:00,7.96203607271,77.2840535713,0,0,0,12,12,2064,5523
reference_NY46__paper_roles,2019-10-27 11:00:00,8.64587777125,53.6329816249,0,0,0,12,12,2640,4444
reference_NY46__paper_roles,2019-10-27 12:00:00,8.43907347647,17.4684458853,0,0,0,12,12,2469,774
reference_NY46__paper_roles,2019-10-27 13:00:00,8.37918649217,43.0399657525,0,0,0,12,12,2414,3663
reference_NY46__paper_roles,2019-10-27 14:00:00,10.0079196462,71.2710483926,0,0,0,12,12,3846,5294
reference_NY46__paper_roles,2019-10-27 15:00:00,10.0762588355,67.8152213944,0,0,0,12,12,3905,5160
reference_NY46__paper_roles,2019-10-27 16:00:00,5.8989064067,82.9657155741,0,0,0,12,12,709,5721
reference_NY46__paper_roles,2019-10-27 17:00:00,8.32947290634,126.721199501,0,0,0,12,12,2374,6745
reference_NY46__paper_roles,2019-10-27 18:00:00,7.18113819664,9.99353515663,0,0,0,12,12,1458,117
reference_NY46__paper_roles,2019-10-27 19:00:00,7.97440984516,14.3640185717,0,0,0,12,12,2073,426
reference_NY46__paper_roles,2019-10-27 20:00:00,15.1534431257,104.513164668,0,0,0,12,12,6998,6337
reference_NY46__paper_roles,2019-10-27 21:00:00,12.939135365,132.335567428,0,0,0,12,12,5942,6823
reference_NY46__paper_roles,2019-10-27 22:00:00,10.861964761,82.4740485016,0,0,0,12,12,4537,5706
reference_NY46__paper_roles,2019-10-27 23:00:00,11.5548081693,117.918763403,0,0,0,12,12,5053,6566
reference_NY46__paper_roles,2019-10-28 00:00:00,9.89501432915,158.548691195,0,0,0,12,12,3756,7147
reference_NY46__paper_roles,2019-10-28 01:00:00,11.0079516726,153.998903641,0,0,0,12,12,4653,7097
reference_NY46__paper_roles,2019-10-28 02:00:00,14.4239440126,612.193116941,0,0,0,12,12,6719,8344
reference_NY46__paper_roles,2019-10-28 03:00:00,17.2418236615,803.049916333,0,0,0,12,12,7683,8434
reference_NY46__paper_roles,2019-10-28 04:00:00,19.5633237785,233.088626091,0,0,0,12,12,8103,7672
reference_NY46__paper_roles,2019-10-28 05:00:00,29.4532243608,1676.43648686,0,0,0,12,12,8692,8586
reference_NY46__paper_roles,2019-10-28 06:00:00,22.5190491987,3905.51815219,1,0,0,12,12,8447,8690
reference_NY46__paper_roles,2019-10-28 07:00:00,8.33573430228,749.395104613,1,0,0,12,12,2380,8417
reference_NY46__paper_roles,2019-10-28 08:00:00,7.6930045207,455.509039484,1,0,0,12,12,1866,8200
reference_NY46__paper_roles,2019-10-28 09:00:00,9.14111574966,522.827715261,1,0,0,12,12,3078,8276
reference_NY46__paper_roles,2019-10-28 10:00:00,7.77170058464,6614.71420634,0,0,0,12,12,1919,8725
reference_NY46__paper_roles,2019-10-28 11:00:00,4.70531163163,266.512912188,0,0,0,12,12,279,7810
reference_NY46__paper_roles,2019-10-28 12:00:00,4.39042299539,2188.46397388,0,0,0,12,12,192,8631
reference_NY46__paper_roles,2019-10-28 13:00:00,5.01973114141,278.345973848,0,0,0,12,12,366,7849
reference_NY46__paper_roles,2019-10-28 14:00:00,6.26731896903,1574.63521945,1,0,0,12,12,881,8578
reference_NY46__paper_roles,2019-10-28 15:00:00,7.66952570823,842.418550547,0,0,0,12,12,1851,8449
reference_NY46__paper_roles,2019-10-28 16:00:00,8.2427703046,1794.94321454,0,0,0,12,12,2298,8599
reference_NY46__paper_roles,2019-10-28 17:00:00,9.49611663152,399.972764729,1,0,0,14,13,3406,8139
reference_NY46__paper_roles,2019-10-28 18:00:00,11.179674771,54.3867134966,0,0,0,11,11,4779,4484
reference_NY46__paper_roles,2019-10-28 19:00:00,10.1778007577,97.8931846696,0,0,0,12,12,3988,6170
reference_NY46__paper_roles,2019-10-28 20:00:00,17.8623810709,122.520552309,1,0,0,12,12,7821,6669
reference_NY46__paper_roles,2019-10-28 21:00:00,12.6577937604,833.828946444,1,0,0,12,12,5786,8446
reference_NY46__paper_roles,2019-10-28 22:00:00,14.8183991954,135.104954548,0,0,0,12,12,6873,6863
reference_NY46__paper_roles,2019-10-28 23:00:00,17.4869175459,496.315989466,0,0,0,12,12,7731,8248
reference_NY46__paper_roles,2019-10-29 00:00:00,11.7900358984,1002.78857698,1,0,0,12,12,5223,8496
reference_NY46__paper_roles,2019-10-29 01:00:00,12.5113817682,584.671793776,0,0,0,12,12,5707,8327
reference_NY46__paper_roles,2019-10-29 02:00:00,11.6503476155,620.125781073,0,0,0,12,12,5118,8350
reference_NY46__paper_roles,2019-10-29 03:00:00,11.1790215618,1844.46452259,0,0,0,12,12,4778,8605
reference_NY46__paper_roles,2019-10-29 04:00:00,15.2880583669,3449.09693838,1,0,0,12,12,7040,8682
reference_NY46__paper_roles,2019-10-29 05:00:00,27.3087932271,388.958952144,1,0,0,12,12,8659,8124
reference_NY46__paper_roles,2019-10-29 06:00:00,20.6724918493,652.54217319,1,0,0,12,12,8265,8365
reference_NY46__paper_roles,2019-10-29 07:00:00,14.7765600302,241.341613768,1,0,0,12,12,6856,7712
reference_NY46__paper_roles,2019-10-29 08:00:00,9.28952061975,218.814084464,1,0,0,12,12,3219,7597
reference_NY46__paper_roles,2019-10-29 09:00:00,7.41508196566,832.608938241,1,0,0,12,12,1635,8445
reference_NY46__paper_roles,2019-10-29 10:00:00,8.35244098632,381.260400851,1,0,0,13,12,2392,8114
reference_NY46__paper_roles,2019-10-29 11:00:00,9.19884064578,269.119078713,1,0,0,12,12,3134,7823
reference_NY46__paper_roles,2019-10-29 12:00:00,9.98422954519,251.65558918,1,0,0,12,12,3826,7763
reference_NY46__paper_roles,2019-10-29 13:00:00,8.88279015292,223.207134872,1,0,0,12,12,2876,7620
reference_NY46__paper_roles,2019-10-29 14:00:00,10.5105169616,247.705325289,1,0,0,12,12,4251,7748
reference_NY46__paper_roles,2019-10-29 15:00:00,13.3535328452,314.56306732,1,0,0,11,10,6162,7964
reference_NY46__paper_roles,2019-10-29 16:00:00,10.5303503525,344.004090545,1,0,0,12,12,4273,8046
reference_NY46__paper_roles,2019-10-29 17:00:00,7.90997254754,975.485052632,1,0,0,11,11,2018,8491
reference_NY46__paper_roles,2019-10-29 18:00:00,8.76479629131,3223.01781484,0,0,0,12,12,2754,8674
reference_NY46__paper_roles,2019-10-29 19:00:00,12.6769779478,240.116081218,1,0,0,12,12,5793,7710
reference_NY46__paper_roles,2019-10-29 20:00:00,15.0455369758,438.189243918,1,0,0,9,9,6954,8178
reference_NY46__paper_roles,2019-10-29 21:00:00,15.7366979671,247.916540138,1,0,0,12,12,7226,7749
reference_NY46__paper_roles,2019-10-29 22:00:00,11.5612992678,595.113031636,0,0,0,12,12,5057,8334
reference_NY46__paper_roles,2019-10-29 23:00:00,22.1584519864,2206.69738758,1,0,0,12,12,8422,8633
reference_NY46__paper_roles,2019-10-30 00:00:00,16.9732132154,878.385518162,1,0,0,12,12,7612,8463
reference_NY46__paper_roles,2019-10-30 01:00:00,16.5657649887,513.786926237,1,0,0,12,12,7507,8266
reference_NY46__paper_roles,2019-10-30 02:00:00,16.1624266743,683.361113809,1,0,0,12,12,7372,8388
reference_NY46__paper_roles,2019-10-30 03:00:00,19.5016975192,1134.26794637,1,0,0,12,12,8088,8524
reference_NY46__paper_roles,2019-10-30 04:00:00,23.2819207948,263.727392911,1,0,0,12,12,8494,7804
reference_NY46__paper_roles,2019-10-30 05:00:00,25.2145060062,474.276779568,1,0,0,12,12,8592,8221
reference_NY46__paper_roles,2019-10-30 06:00:00,16.0496476776,76.1574302244,0,0,0,12,12,7332,5490
reference_NY46__paper_roles,2019-10-30 07:00:00,11.8223044245,136.761328439,0,0,0,12,12,5243,6883
reference_NY46__paper_roles,2019-10-30 08:00:00,8.78733139978,649.615128714,1,0,0,12,12,2772,8362
reference_NY46__paper_roles,2019-10-30 09:00:00,4.56213800371,489.728046978,0,0,0,12,12,240,8239
reference_NY46__paper_roles,2019-10-30 10:00:00,4.34975633245,75.4962393598,0,0,0,12,12,185,5460
reference_NY46__paper_roles,2019-10-30 11:00:00,9.68037382466,845.916795156,0,0,0,12,12,3577,8450
reference_NY46__paper_roles,2019-10-30 12:00:00,2.14457326885,539.195405716,1,0,0,12,12,2,8292
reference_NY46__paper_roles,2019-10-30 13:00:00,11.6587693441,172.519938542,1,0,0,12,12,5129,7287
reference_NY46__paper_roles,2019-10-30 14:00:00,5.15394620563,248.910955677,1,0,0,12,12,428,7757
reference_NY46__paper_roles,2019-10-30 15:00:00,9.77113670469,213.032537538,1,0,0,12,12,3641,7563
reference_NY46__paper_roles,2019-10-30 16:00:00,10.6152098399,490.980719627,1,0,0,12,12,4346,8241
reference_NY46__paper_roles,2019-10-30 17:00:00,5.88865596749,79.4994108887,0,0,0,12,12,702,5605
reference_NY46__paper_roles,2019-10-30 18:00:00,9.05816542303,697.404772938,0,0,0,12,12,3011,8401
reference_NY46__paper_roles,2019-10-30 19:00:00,12.0925386966,432.634282544,1,0,0,12,12,5455,8171
reference_NY46__paper_roles,2019-10-30 20:00:00,20.538777052,527.044396346,1,0,0,12,12,8247,8281
reference_NY46__paper_roles,2019-10-30 21:00:00,19.2710023635,394.593571066,0,0,0,9,9,8062,8130
reference_NY46__paper_roles,2019-10-30 22:00:00,12.3821422307,114.386329356,0,0,0,12,12,5621,6511
reference_NY46__paper_roles,2019-10-30 23:00:00,15.9576903221,109.616667261,0,0,0,12,12,7307,6424
reference_NY46__paper_roles,2019-10-31 00:00:00,9.02407094562,75.7249433088,0,0,0,12,12,2988,5472
reference_NY46__paper_roles,2019-10-31 01:00:00,9.67877618711,73.7722405595,0,0,0,12,12,3573,5393
reference_NY46__paper_roles,2019-10-31 02:00:00,6.92724537716,57.3926525616,0,0,0,12,12,1285,4665
reference_NY46__paper_roles,2019-10-31 03:00:00,9.61950311543,68.400905464,0,0,0,12,12,3527,5188
reference_NY46__paper_roles,2019-10-31 04:00:00,12.6929337239,77.2880328312,0,0,0,12,12,5800,5525
reference_NY46__paper_roles,2019-10-31 05:00:00,20.5287707911,63.022725204,0,0,0,12,12,8245,4941
reference_NY46__paper_roles,2019-10-31 06:00:00,21.4775883958,914.193380903,0,0,0,12,12,8354,8471
reference_NY46__paper_roles,2019-10-31 07:00:00,13.326746661,2330.5594734,0,0,0,12,12,6147,8643
reference_NY46__paper_roles,2019-10-31 08:00:00,10.1581059213,3344.44533612,0,0,0,12,12,3970,8675
reference_NY46__paper_roles,2019-10-31 09:00:00,7.36780313228,171.708847579,1,0,0,12,12,1593,7282
reference_NY46__paper_roles,2019-10-31 10:00:00,4.79661236223,82.7398092788,0,0,0,12,12,300,5715
reference_NY46__paper_roles,2019-10-31 11:00:00,4.51009969586,70.6239069304,0,0,0,10,9,225,5276
reference_NY46__paper_roles,2019-10-31 12:00:00,8.04507890257,180.476184183,0,0,0,11,11,2128,7350
reference_NY46__paper_roles,2019-10-31 13:00:00,14.8379326657,5887.18662512,1,0,0,13,13,6886,8721
reference_NY46__paper_roles,2019-10-31 14:00:00,9.54804443682,141.047671796,0,0,0,12,12,3453,6943
reference_NY46__paper_roles,2019-10-31 15:00:00,8.36552910974,206.70814653,0,0,0,12,12,2407,7530
reference_NY46__paper_roles,2019-10-31 16:00:00,7.95067542673,63.0846352984,0,0,0,12,12,2050,4945
reference_NY46__paper_roles,2019-10-31 17:00:00,12.2991100148,122.355733628,0,0,0,12,12,5575,6662
reference_NY46__paper_roles,2019-10-31 18:00:00,8.93954882115,180.497345079,0,0,0,12,12,2929,7351
reference_NY46__paper_roles,2019-10-31 19:00:00,8.41383147371,881.937139808,0,0,0,13,13,2445,8465
reference_NY46__paper_roles,2019-10-31 20:00:00,10.7464054398,187.056637221,0,0,0,11,11,4439,7393
reference_NY46__paper_roles,2019-10-31 21:00:00,11.732272987,248.90186609,0,0,0,14,14,5179,7756
reference_NY46__paper_roles,2019-10-31 22:00:00,13.4719337596,350.145720603,0,0,0,12,12,6236,8066
reference_NY46__paper_roles,2019-10-31 23:00:00,15.3803821286,227.411297393,0,0,0,14,13,7086,7642
reference_NY46__paper_roles,2019-11-01 00:00:00,7.47287483867,67.1609853124,0,0,0,14,14,1689,5127
reference_NY46__paper_roles,2019-11-01 01:00:00,4.23762666042,36.5637120493,0,0,0,11,11,170,3101
reference_NY46__paper_roles,2019-11-01 02:00:00,7.01814200427,28.3062338322,0,0,0,12,12,1349,2225
reference_NY46__paper_roles,2019-11-01 03:00:00,12.5801609626,62.3881843145,0,0,0,12,12,5746,4913
reference_NY46__paper_roles,2019-11-01 04:00:00,11.027623185,42.9432722904,0,0,0,12,12,4665,3656
reference_NY46__paper_roles,2019-11-01 05:00:00,9.33719158957,18.9525772156,0,0,0,12,12,3264,971
reference_NY46__paper_roles,2019-11-01 06:00:00,10.9841159178,51.2216647545,0,0,0,13,13,4633,4275
reference_NY46__paper_roles,2019-11-01 07:00:00,5.7251139231,24.4056625737,0,0,0,12,12,633,1736
reference_NY46__paper_roles,2019-11-01 08:00:00,6.32598909714,26.6504035887,0,0,0,12,12,916,2034
reference_NY46__paper_roles,2019-11-01 09:00:00,8.70794926747,23.5676238459,0,0,0,12,12,2685,1623
reference_NY46__paper_roles,2019-11-01 10:00:00,10.1759654563,152.991433924,0,0,0,12,12,3984,7085
reference_NY46__paper_roles,2019-11-01 11:00:00,7.91051864091,43.4107440946,0,0,0,12,12,2019,3694
reference_NY46__paper_roles,2019-11-01 12:00:00,8.37960004011,196.786154619,0,0,0,12,12,2415,7464
reference_NY46__paper_roles,2019-11-01 13:00:00,10.6215313222,209.358151348,0,0,0,12,12,4351,7548
reference_NY46__paper_roles,2019-11-01 14:00:00,10.3348047941,261.487541299,0,0,0,14,14,4104,7799
reference_NY46__paper_roles,2019-11-01 15:00:00,9.78749082406,2441.75419654,0,0,0,10,10,3655,8649
reference_NY46__paper_roles,2019-11-01 16:00:00,9.18527338531,218.35254985,0,0,0,12,12,3125,7596
reference_NY46__paper_roles,2019-11-01 17:00:00,9.07242836146,122.47471287,0,0,0,12,12,3020,6667
reference_NY46__paper_roles,2019-11-01 18:00:00,12.1495636917,293.421119377,0,0,0,13,12,5490,7908
reference_NY46__paper_roles,2019-11-01 19:00:00,10.0897794907,17.1995534215,0,0,0,12,12,3913,750
reference_NY46__paper_roles,2019-11-01 20:00:00,20.2081240867,48.5117147784,0,0,0,12,12,8200,4086
reference_NY46__paper_roles,2019-11-01 21:00:00,12.1784798737,19.2672017144,0,0,0,12,12,5514,1026
reference_NY46__paper_roles,2019-11-01 22:00:00,11.8497818232,46.9754087187,0,0,0,12,12,5263,3960
reference_NY46__paper_roles,2019-11-01 23:00:00,16.6124247088,114.905428907,0,0,0,12,12,7520,6519
reference_NY46__paper_roles,2019-11-02 00:00:00,11.9657860794,79.509559394,0,0,0,12,12,5371,5607
reference_NY46__paper_roles,2019-11-02 01:00:00,13.6399086038,200.560423851,1,0,0,12,12,6336,7492
reference_NY46__paper_roles,2019-11-02 02:00:00,13.7775504907,491.002236778,1,0,0,12,12,6415,8242
reference_NY46__paper_roles,2019-11-02 03:00:00,15.5504425156,367.273538935,1,0,0,12,12,7152,8094
reference_NY46__paper_roles,2019-11-02 04:00:00,17.8522580289,161.48967108,1,0,0,12,12,7818,7182
reference_NY46__paper_roles,2019-11-02 05:00:00,13.3953984598,139.05103033,1,0,0,12,12,6192,6915
reference_NY46__paper_roles,2019-11-02 06:00:00,9.4892236775,1784.13583784,0,0,0,12,12,3391,8597
reference_NY46__paper_roles,2019-11-02 07:00:00,11.9645134174,76.3103447874,0,0,0,12,12,5370,5494
reference_NY46__paper_roles,2019-11-02 08:00:00,9.34132472582,36.4065537444,0,0,0,12,12,3265,3083
reference_NY46__paper_roles,2019-11-02 09:00:00,17.6997472169,101.693706785,0,0,0,12,12,7783,6269
reference_NY46__paper_roles,2019-11-02 10:00:00,13.1679553713,137.529313441,0,0,0,12,12,6065,6898
reference_NY46__paper_roles,2019-11-02 11:00:00,8.78141402548,194.087600002,0,0,0,12,12,2767,7444
reference_NY46__paper_roles,2019-11-02 12:00:00,8.79661679592,109.257172769,0,0,0,12,12,2783,6418
reference_NY46__paper_roles,2019-11-02 13:00:00,11.1278726226,317.403592485,0,0,0,12,12,4732,7972
reference_NY46__paper_roles,2019-11-02 14:00:00,10.555389204,481.968620444,0,0,0,12,12,4300,8228
reference_NY46__paper_roles,2019-11-02 15:00:00,10.6331830749,222.05226745,0,0,0,12,12,4356,7612
reference_NY46__paper_roles,2019-11-02 16:00:00,9.31713568306,86.028096173,0,0,0,12,12,3242,5837
reference_NY46__paper_roles,2019-11-02 17:00:00,11.1204155302,81.3167914786,0,0,0,12,12,4726,5677
reference_NY46__paper_roles,2019-11-02 18:00:00,14.4173222166,71.4058137179,0,0,0,12,12,6717,5303
reference_NY46__paper_roles,2019-11-02 19:00:00,15.2891492194,59.2543250771,0,0,0,12,12,7041,4757
reference_NY46__paper_roles,2019-11-02 20:00:00,14.7239978836,58.0288296812,0,0,0,13,12,6839,4693
reference_NY46__paper_roles,2019-11-02 21:00:00,9.76104449014,35.8107209757,0,0,0,12,12,3632,3026
reference_NY46__paper_roles,2019-11-02 22:00:00,6.60062419259,36.9198332948,0,0,0,12,12,1088,3138
reference_NY46__paper_roles,2019-11-02 23:00:00,9.89082922753,18.6368987189,0,0,0,12,12,3752,918
reference_NY46__paper_roles,2019-11-03 00:00:00,7.45553722449,55.2923720643,0,0,0,12,12,1672,4539
reference_NY46__paper_roles,2019-11-03 01:00:00,7.99112200846,33.0295546943,0,0,7,24,12,2087,2744
reference_NY46__paper_roles,2019-11-03 02:00:00,5.81786571052,45.2651206103,0,0,0,12,12,668,3836
reference_NY46__paper_roles,2019-11-03 03:00:00,8.45398471349,93.5616960586,0,0,0,12,12,2483,6056
reference_NY46__paper_roles,2019-11-03 04:00:00,8.79310204468,43.0707581038,0,0,0,12,12,2776,3665
reference_NY46__paper_roles,2019-11-03 05:00:00,8.49745112631,22.8591467551,0,0,0,12,12,2519,1524
reference_NY46__paper_roles,2019-11-03 06:00:00,10.1783483769,24.7300315439,0,0,0,12,12,3990,1780
reference_NY46__paper_roles,2019-11-03 07:00:00,9.23951367208,43.9217299525,0,0,0,12,12,3175,3727
reference_NY46__paper_roles,2019-11-03 08:00:00,7.8901962245,47.1936348708,0,0,0,12,12,2005,3975
reference_NY46__paper_roles,2019-11-03 09:00:00,10.5226481271,85.9138716594,0,0,0,12,12,4268,5830
reference_NY46__paper_roles,2019-11-03 10:00:00,7.76560627301,62.9220885976,0,0,0,12,12,1918,4936
reference_NY46__paper_roles,2019-11-03 11:00:00,14.1904097668,514.887764535,0,0,0,12,12,6607,8269
reference_NY46__paper_roles,2019-11-03 12:00:00,11.865776201,168.981598327,0,0,0,12,12,5288,7252
reference_NY46__paper_roles,2019-11-03 13:00:00,10.6949759223,83.831727492,0,0,0,12,12,4403,5760
reference_NY46__paper_roles,2019-11-03 14:00:00,7.33083095507,56.7675806003,0,0,0,12,12,1560,4630
reference_NY46__paper_roles,2019-11-03 15:00:00,5.59396114729,28.056451146,0,0,0,12,12,581,2192
reference_NY46__paper_roles,2019-11-03 16:00:00,7.16839580281,20.5090507489,0,0,0,12,12,1450,1198
reference_NY46__paper_roles,2019-11-03 17:00:00,9.43233684825,58.3237942627,0,0,0,12,12,3336,4705
reference_NY46__paper_roles,2019-11-03 18:00:00,9.32568598488,58.5552067575,0,0,0,12,12,3253,4718
reference_NY46__paper_roles,2019-11-03 19:00:00,6.80167991514,19.8605928673,0,0,0,12,12,1215,1112
reference_NY46__paper_roles,2019-11-03 20:00:00,6.27027152319,29.3204242924,0,0,0,12,12,884,2360
reference_NY46__paper_roles,2019-11-03 21:00:00,5.39778645136,24.463617633,0,0,0,12,12,508,1747
reference_NY46__paper_roles,2019-11-03 22:00:00,4.78385020537,11.3575582867,0,0,0,12,12,295,186
reference_NY46__paper_roles,2019-11-03 23:00:00,10.4407005173,57.0545512422,0,0,0,12,12,4199,4644
reference_NY46__paper_roles,2019-11-04 00:00:00,13.5627005337,96.6257707864,0,0,0,12,12,6298,6150
reference_NY46__paper_roles,2019-11-04 01:00:00,11.5719312614,64.0188871588,0,0,0,12,12,5067,4984
reference_NY46__paper_roles,2019-11-04 02:00:00,15.3252478944,67.9349613861,0,0,0,12,12,7060,5165
reference_NY46__paper_roles,2019-11-04 03:00:00,14.4438507867,70.2788573545,0,0,0,12,12,6730,5256
reference_NY46__paper_roles,2019-11-04 04:00:00,13.3964630335,166.356583845,0,0,0,12,12,6193,7229
reference_NY46__paper_roles,2019-11-04 05:00:00,11.9125883852,83.7085110965,0,0,0,12,12,5329,5754
reference_NY46__paper_roles,2019-11-04 06:00:00,10.966525041,118.579317195,0,0,0,12,12,4617,6578
reference_NY46__paper_roles,2019-11-04 07:00:00,8.61760011342,48.9637166483,0,0,0,12,12,2623,4122
reference_NY46__paper_roles,2019-11-04 08:00:00,4.41009381469,45.3689010803,0,0,0,12,12,199,3840
reference_NY46__paper_roles,2019-11-04 09:00:00,6.76495214856,108.717381545,0,0,0,12,12,1195,6408
reference_NY46__paper_roles,2019-11-04 10:00:00,5.46594811908,75.6536140853,0,0,0,12,12,532,5468
reference_NY46__paper_roles,2019-11-04 11:00:00,7.18748422188,232.846742498,0,0,0,12,12,1464,7671
reference_NY46__paper_roles,2019-11-04 12:00:00,7.36305858459,343.308232743,0,0,0,12,12,1590,8043
reference_NY46__paper_roles,2019-11-04 13:00:00,7.98524977178,455.742407214,0,0,0,12,12,2081,8201
reference_NY46__paper_roles,2019-11-04 14:00:00,7.35876317272,214.618266668,0,0,0,12,12,1584,7571
reference_NY46__paper_roles,2019-11-04 15:00:00,5.85817166165,120.402513589,0,0,0,13,13,684,6616
reference_NY46__paper_roles,2019-11-04 16:00:00,7.04239968578,195.947562777,0,0,0,12,12,1368,7456
reference_NY46__paper_roles,2019-11-04 17:00:00,5.55172579176,149.175601163,0,0,0,12,12,560,7037
reference_NY46__paper_roles,2019-11-04 18:00:00,10.4626616024,618.872447129,0,0,0,12,12,4215,8349
reference_NY46__paper_roles,2019-11-04 19:00:00,10.2613456538,306.306480842,0,0,0,12,12,4047,7945
reference_NY46__paper_roles,2019-11-04 20:00:00,8.10705836941,155.808899897,0,0,0,12,12,2190,7120
reference_NY46__paper_roles,2019-11-04 21:00:00,8.31863338974,102.925969788,0,0,0,12,12,2364,6298
reference_NY46__paper_roles,2019-11-04 22:00:00,8.13942354099,78.3859080404,0,0,0,12,12,2211,5562
reference_NY46__paper_roles,2019-11-04 23:00:00,8.94060098948,88.2759464612,0,0,0,12,12,2930,5887
reference_NY46__paper_roles,2019-11-05 00:00:00,8.3239718681,99.1051753846,0,0,0,12,12,2371,6198
reference_NY46__paper_roles,2019-11-05 01:00:00,12.7405836168,214.22957452,0,0,0,12,12,5825,7569
reference_NY46__paper_roles,2019-11-05 02:00:00,11.4059263621,299.398771728,0,0,0,12,12,4955,7923
reference_NY46__paper_roles,2019-11-05 03:00:00,9.30522823978,117.817051159,0,0,0,12,12,3231,6563
reference_NY46__paper_roles,2019-11-05 04:00:00,10.7862986394,96.3916159206,0,0,0,12,12,4473,6144
reference_NY46__paper_roles,2019-11-05 05:00:00,9.0835067696,51.232882905,0,0,0,12,12,3029,4278
reference_NY46__paper_roles,2019-11-05 06:00:00,9.96665226148,78.8726110205,0,0,0,12,12,3813,5575
reference_NY46__paper_roles,2019-11-05 07:00:00,9.71673521407,150.979354061,0,0,0,12,12,3602,7063
reference_NY46__paper_roles,2019-11-05 08:00:00,5.83198357269,180.289833225,0,0,0,12,12,671,7347
reference_NY46__paper_roles,2019-11-05 09:00:00,5.85985875635,2331.49717463,1,0,0,12,12,687,8644
reference_NY46__paper_roles,2019-11-05 10:00:00,5.69838814953,686.542803351,1,0,0,12,12,624,8390
reference_NY46__paper_roles,2019-11-05 11:00:00,5.53876856591,309.355845219,0,0,0,12,12,554,7954
reference_NY46__paper_roles,2019-11-05 12:00:00,5.65659220179,75.784692217,0,0,0,12,12,605,5474
reference_NY46__paper_roles,2019-11-05 13:00:00,6.48536831111,75.3248993545,0,0,0,12,12,1026,5453
reference_NY46__paper_roles,2019-11-05 14:00:00,6.03935704343,100.046743432,0,0,0,12,12,767,6227
reference_NY46__paper_roles,2019-11-05 15:00:00,4.24689218933,35.8042151077,0,0,0,12,12,171,3024
reference_NY46__paper_roles,2019-11-05 16:00:00,5.3466352477,234.731164797,1,0,0,12,12,493,7680
reference_NY46__paper_roles,2019-11-05 17:00:00,9.45473505001,3866.76888193,1,0,0,12,12,3355,8688
reference_NY46__paper_roles,2019-11-05 18:00:00,9.40067842205,189.030823922,0,0,0,12,12,3310,7404
reference_NY46__paper_roles,2019-11-05 19:00:00,11.1623475074,361.731971413,0,0,0,12,12,4763,8091
reference_NY46__paper_roles,2019-11-05 20:00:00,6.52817368293,126.2144351,0,0,0,12,12,1050,6733
reference_NY46__paper_roles,2019-11-05 21:00:00,8.77310059556,103.549503621,0,0,0,12,12,2762,6312
reference_NY46__paper_roles,2019-11-05 22:00:00,9.05044600206,56.9441675051,0,0,0,12,12,3003,4639
reference_NY46__paper_roles,2019-11-05 23:00:00,7.36826653087,63.8040522881,0,0,0,12,12,1595,4977
reference_NY46__paper_roles,2019-11-06 00:00:00,10.1509548454,70.9456843177,0,0,0,12,12,3962,5286
reference_NY46__paper_roles,2019-11-06 01:00:00,11.1761863319,55.7854745808,0,0,0,12,12,4775,4573
reference_NY46__paper_roles,2019-11-06 02:00:00,13.5859041626,76.9587927532,0,0,0,12,12,6311,5512
reference_NY46__paper_roles,2019-11-06 03:00:00,11.4352271019,69.0429571505,0,0,0,12,12,4973,5213
reference_NY46__paper_roles,2019-11-06 04:00:00,12.8848330147,97.8665761543,0,0,0,12,12,5913,6169
reference_NY46__paper_roles,2019-11-06 05:00:00,21.5320705594,166.65036759,0,0,0,12,12,8358,7232
reference_NY46__paper_roles,2019-11-06 06:00:00,22.2568377565,296.529960297,1,0,0,12,12,8427,7920
reference_NY46__paper_roles,2019-11-06 07:00:00,25.7890574763,92.5478365675,0,0,0,12,12,8615,6024
reference_NY46__paper_roles,2019-11-06 08:00:00,24.2145193397,146.340636235,1,0,0,12,12,8544,7011
reference_NY46__paper_roles,2019-11-06 09:00:00,15.3835366793,759.496447498,1,0,0,12,12,7088,8422
reference_NY46__paper_roles,2019-11-06 10:00:00,12.4613106816,730.65551135,1,0,0,12,12,5684,8410
reference_NY46__paper_roles,2019-11-06 11:00:00,11.7504964403,673.349815296,1,0,0,12,12,5193,8381
reference_NY46__paper_roles,2019-11-06 12:00:00,11.3240620599,5240.88755193,0,0,0,10,10,4888,8713
reference_NY46__paper_roles,2019-11-06 13:00:00,14.3409120324,509.362119614,1,0,0,12,12,6673,8261
reference_NY46__paper_roles,2019-11-06 14:00:00,8.38348170237,850.069532317,1,0,0,12,12,2418,8451
reference_NY46__paper_roles,2019-11-06 15:00:00,7.06679242252,215.378195388,0,0,0,12,12,1381,7576
reference_NY46__paper_roles,2019-11-06 16:00:00,12.0048998633,90.139992423,0,0,0,11,11,5399,5951
reference_NY46__paper_roles,2019-11-06 17:00:00,20.7163142346,771.313710283,1,0,0,12,12,8272,8429
reference_NY46__paper_roles,2019-11-06 18:00:00,27.0391412512,319.872748862,0,0,0,12,12,8648,7983
reference_NY46__paper_roles,2019-11-06 19:00:00,21.6100643795,454.237338925,0,0,0,12,12,8367,8198
reference_NY46__paper_roles,2019-11-06 20:00:00,12.7661149911,104.274484748,0,0,0,12,12,5845,6333
reference_NY46__paper_roles,2019-11-06 21:00:00,11.299618165,19.2732701024,0,0,0,12,12,4866,1027
reference_NY46__paper_roles,2019-11-06 22:00:00,10.4942615312,166.939877007,0,0,0,12,12,4236,7236
reference_NY46__paper_roles,2019-11-06 23:00:00,13.5927609305,661.043047676,1,0,0,12,12,6315,8373
reference_NY46__paper_roles,2019-11-07 00:00:00,19.7935533444,241.63636007,0,0,0,12,12,8147,7715
reference_NY46__paper_roles,2019-11-07 01:00:00,21.5415507435,117.125103475,1,0,0,12,12,8360,6546
reference_NY46__paper_roles,2019-11-07 02:00:00,26.6817896744,121.442157137,1,0,0,12,12,8636,6644
reference_NY46__paper_roles,2019-11-07 03:00:00,25.9198389849,464.190368179,1,0,0,12,12,8618,8209
reference_NY46__paper_roles,2019-11-07 04:00:00,25.2880391086,142.336668908,0,0,0,12,12,8596,6955
reference_NY46__paper_roles,2019-11-07 05:00:00,16.8546542228,59.5174866234,0,0,0,12,12,7580,4772
reference_NY46__paper_roles,2019-11-07 06:00:00,25.388856024,473.876727466,1,0,0,12,12,8600,8219
reference_NY46__paper_roles,2019-11-07 07:00:00,26.9844126138,1172.73722715,0,0,0,12,12,8646,8529
reference_NY46__paper_roles,2019-11-07 08:00:00,27.3002641743,1855.83101353,0,0,0,12,12,8657,8607
reference_NY46__paper_roles,2019-11-07 09:00:00,22.0703113813,1315.74373529,0,0,0,12,12,8416,8547
reference_NY46__paper_roles,2019-11-07 10:00:00,26.5289584607,400.026927083,1,0,0,12,12,8633,8140
reference_NY46__paper_roles,2019-11-07 11:00:00,26.7466322646,538.049544808,1,0,0,12,12,8641,8290
reference_NY46__paper_roles,2019-11-07 12:00:00,24.9459333246,2114.23709544,1,0,0,13,13,8580,8624
reference_NY46__paper_roles,2019-11-07 13:00:00,21.4230915954,1377.29400251,1,0,0,12,12,8348,8556
reference_NY46__paper_roles,2019-11-07 14:00:00,19.9832320058,216.983577157,0,0,0,12,12,8177,7588
reference_NY46__paper_roles,2019-11-07 15:00:00,16.0765500451,94.7113443758,0,0,0,12,12,7346,6091
reference_NY46__paper_roles,2019-11-07 16:00:00,18.239199092,79.2558383007,0,0,0,12,12,7901,5591
reference_NY46__paper_roles,2019-11-07 17:00:00,17.9650373312,103.924740375,0,0,0,12,12,7847,6323
reference_NY46__paper_roles,2019-11-07 18:00:00,30.3255575384,286.73419792,1,0,0,12,12,8702,7892
reference_NY46__paper_roles,2019-11-07 19:00:00,21.555768329,1868.9063772,1,0,0,12,12,8361,8609
reference_NY46__paper_roles,2019-11-07 20:00:00,19.2484786732,258.168299191,0,0,0,12,12,8058,7789
reference_NY46__paper_roles,2019-11-07 21:00:00,12.3558037747,42.296832807,0,0,0,12,12,5607,3599
reference_NY46__paper_roles,2019-11-07 22:00:00,16.8646362943,198.918426036,0,0,0,12,12,7582,7477
reference_NY46__paper_roles,2019-11-07 23:00:00,14.1274321805,155.319049059,0,0,0,12,12,6581,7115
reference_NY46__paper_roles,2019-11-08 00:00:00,21.9482216025,284.195192702,1,0,0,12,12,8399,7879
reference_NY46__paper_roles,2019-11-08 01:00:00,27.5938492667,105.98572459,1,0,0,12,12,8665,6366
reference_NY46__paper_roles,2019-11-08 02:00:00,24.3991152721,105.053564655,1,0,0,12,12,8555,6347
reference_NY46__paper_roles,2019-11-08 03:00:00,31.4823011108,176.410799082,1,0,0,12,12,8714,7322
reference_NY46__paper_roles,2019-11-08 04:00:00,31.1259558685,77.2582405125,0,0,0,12,12,8709,5519
reference_NY46__paper_roles,2019-11-08 05:00:00,28.0524172419,44.2963956799,0,0,0,12,12,8673,3759
reference_NY46__paper_roles,2019-11-08 06:00:00,23.76408191,410.319269452,1,0,0,12,12,8525,8149
reference_NY46__paper_roles,2019-11-08 07:00:00,29.0196768555,301.786774742,0,0,0,12,12,8686,7930
reference_NY46__paper_roles,2019-11-08 08:00:00,22.1215658688,119.180695483,0,0,0,12,12,8420,6589
reference_NY46__paper_roles,2019-11-08 09:00:00,11.1390820655,52.8397699419,0,0,0,12,12,4744,4382
reference_NY46__paper_roles,2019-11-08 10:00:00,14.3179278338,105.576136144,0,0,0,12,12,6658,6359
reference_NY46__paper_roles,2019-11-08 11:00:00,13.6455823147,115.216216772,0,0,0,12,12,6341,6525
reference_NY46__paper_roles,2019-11-08 12:00:00,10.4863064836,29.2672445942,0,0,0,12,12,4228,2349
reference_NY46__paper_roles,2019-11-08 13:00:00,8.55731248499,30.3864324989,0,0,0,12,12,2569,2466
reference_NY46__paper_roles,2019-11-08 14:00:00,10.8728851645,254.363894704,1,0,0,12,12,4545,7772
reference_NY46__paper_roles,2019-11-08 15:00:00,10.9546208938,1110.09839087,0,0,0,12,12,4605,8520
reference_NY46__paper_roles,2019-11-08 16:00:00,16.3429945515,2568.84971771,0,0,0,12,12,7431,8652
reference_NY46__paper_roles,2019-11-08 17:00:00,26.004575068,1675.83862091,1,0,0,12,12,8620,8585
reference_NY46__paper_roles,2019-11-08 18:00:00,19.8288757611,1072.6730812,1,0,0,12,12,8150,8509
reference_NY46__paper_roles,2019-11-08 19:00:00,24.0386298497,1908.28068749,1,0,0,12,12,8534,8611
reference_NY46__paper_roles,2019-11-08 20:00:00,19.1249526399,5498.9903064,1,0,0,12,12,8036,8716
reference_NY46__paper_roles,2019-11-08 21:00:00,12.774825297,44.6293489423,0,0,0,12,12,5849,3788
reference_NY46__paper_roles,2019-11-08 22:00:00,16.1685647778,314.78054448,0,0,0,12,12,7374,7965
reference_NY46__paper_roles,2019-11-08 23:00:00,15.7376483639,282.243289015,0,0,0,12,12,7228,7872
reference_NY46__paper_roles,2019-11-09 00:00:00,30.2290270413,624.794253736,0,0,0,12,12,8700,8353
reference_NY46__paper_roles,2019-11-09 01:00:00,24.4932369383,37.511191846,0,0,0,12,12,8562,3185
reference_NY46__paper_roles,2019-11-09 02:00:00,27.1468748811,1958.61007238,0,0,0,12,12,8652,8614
reference_NY46__paper_roles,2019-11-09 03:00:00,25.6751228038,107.968346388,1,0,0,12,12,8614,6395
reference_NY46__paper_roles,2019-11-09 04:00:00,23.3731862077,58.285625164,0,0,0,12,12,8504,4703
reference_NY46__paper_roles,2019-11-09 05:00:00,29.1522174401,92.0255565787,0,0,0,12,12,8687,6005
reference_NY46__paper_roles,2019-11-09 06:00:00,25.2463760271,108.222947095,0,0,0,12,12,8593,6398
reference_NY46__paper_roles,2019-11-09 07:00:00,23.51600014,561.9297067,1,0,0,12,12,8514,8305
reference_NY46__paper_roles,2019-11-09 08:00:00,17.2862791347,359.979742999,1,0,0,12,12,7691,8084
reference_NY46__paper_roles,2019-11-09 09:00:00,14.9536863253,145.613303837,0,0,0,12,12,6925,6996
reference_NY46__paper_roles,2019-11-09 10:00:00,18.651349972,191.656866304,0,0,0,12,12,7958,7424
reference_NY46__paper_roles,2019-11-09 11:00:00,17.1126878882,2902.21156661,0,0,0,12,12,7648,8663
reference_NY46__paper_roles,2019-11-09 12:00:00,13.942413142,224.777386062,0,0,0,12,12,6499,7630
reference_NY46__paper_roles,2019-11-09 13:00:00,17.3617244531,296.441667027,0,0,0,12,12,7706,7919
reference_NY46__paper_roles,2019-11-09 14:00:00,19.8726418932,733.441736561,1,0,0,12,12,8158,8411
reference_NY46__paper_roles,2019-11-09 15:00:00,17.1893451177,740.267199404,0,0,0,12,12,7672,8412
reference_NY46__paper_roles,2019-11-09 16:00:00,19.5855222057,199.636858528,1,0,0,12,12,8108,7482
reference_NY46__paper_roles,2019-11-09 17:00:00,18.7519733874,38.6106867758,0,0,0,12,12,7975,3296
reference_NY46__paper_roles,2019-11-09 18:00:00,19.9568535925,63.6384372403,0,0,0,12,12,8172,4971
reference_NY46__paper_roles,2019-11-09 19:00:00,22.2640931963,99.8847215242,0,0,0,13,12,8428,6224
reference_NY46__paper_roles,2019-11-09 20:00:00,15.123996603,51.9437710418,0,0,0,12,12,6985,4328
reference_NY46__paper_roles,2019-11-09 21:00:00,10.7861349276,88.4648660575,0,0,0,12,12,4472,5895
reference_NY46__paper_roles,2019-11-09 22:00:00,11.1503276365,152.973255592,1,0,0,12,12,4755,7083
reference_NY46__paper_roles,2019-11-09 23:00:00,14.3881261827,91.6226241329,0,0,0,12,12,6702,5989
reference_NY46__paper_roles,2019-11-10 00:00:00,21.0749893343,91.2286589749,0,0,0,12,12,8312,5974
reference_NY46__paper_roles,2019-11-10 01:00:00,15.9078586956,71.0362901898,0,0,0,12,12,7292,5287
reference_NY46__paper_roles,2019-11-10 02:00:00,19.9036829122,258.521131052,1,0,0,12,12,8165,7791
reference_NY46__paper_roles,2019-11-10 03:00:00,18.1066881738,92.3611037369,0,0,0,12,12,7878,6018
reference_NY46__paper_roles,2019-11-10 04:00:00,19.832780853,227.872411809,0,0,0,12,12,8151,7646
reference_NY46__paper_roles,2019-11-10 05:00:00,15.7398008434,280.334759917,0,0,0,12,12,7230,7863
reference_NY46__paper_roles,2019-11-10 06:00:00,11.4938026697,58.0327386624,0,0,0,12,12,5015,4694
reference_NY46__paper_roles,2019-11-10 07:00:00,9.47275518799,35.725122736,0,0,0,12,12,3377,3012
reference_NY46__paper_roles,2019-11-10 08:00:00,11.9955104467,137.848174518,1,0,0,12,12,5394,6899
reference_NY46__paper_roles,2019-11-10 09:00:00,14.6131445038,280.5102574,1,0,0,12,12,6796,7865
reference_NY46__paper_roles,2019-11-10 10:00:00,19.6728666102,284.915725549,1,0,0,12,12,8124,7884
reference_NY46__paper_roles,2019-11-10 11:00:00,21.7235755574,211.167266838,1,0,0,12,12,8381,7556
reference_NY46__paper_roles,2019-11-10 12:00:00,15.7583652222,513.806731496,1,0,0,12,12,7241,8267
reference_NY46__paper_roles,2019-11-10 13:00:00,11.7010517153,307.037634865,1,0,0,12,12,5158,7949
reference_NY46__paper_roles,2019-11-10 14:00:00,15.7691403947,530.069623987,1,0,0,12,12,7245,8285
reference_NY46__paper_roles,2019-11-10 15:00:00,14.4300432933,344.280641936,1,0,0,12,12,6723,8048
reference_NY46__paper_roles,2019-11-10 16:00:00,13.508167834,460.909116429,0,0,0,12,12,6258,8205
reference_NY46__paper_roles,2019-11-10 17:00:00,13.7143774404,80.9990035108,0,0,0,12,12,6385,5664
reference_NY46__paper_roles,2019-11-10 18:00:00,10.9485644964,26.2333541077,0,0,0,12,12,4597,1988
reference_NY46__paper_roles,2019-11-10 19:00:00,8.75281431794,32.839128171,0,0,0,12,12,2741,2734
reference_NY46__paper_roles,2019-11-10 20:00:00,8.10543310736,26.0798450864,0,0,0,12,12,2189,1966
reference_NY46__paper_roles,2019-11-10 21:00:00,13.0060379977,120.428272408,0,0,0,12,12,5978,6618
reference_NY46__paper_roles,2019-11-10 22:00:00,11.4176444857,61.5324748945,0,0,0,12,12,4963,4866
reference_NY46__paper_roles,2019-11-10 23:00:00,19.5331903542,85.6167481062,0,0,0,12,12,8096,5823
reference_NY46__paper_roles,2019-11-11 00:00:00,31.0248179961,360.92458018,0,0,0,12,12,8708,8088
reference_NY46__paper_roles,2019-11-11 01:00:00,36.8346775824,451.351043967,0,0,0,12,12,8747,8195
reference_NY46__paper_roles,2019-11-11 02:00:00,37.2080846798,360.116031975,0,0,0,12,12,8749,8085
reference_NY46__paper_roles,2019-11-11 03:00:00,34.1595656458,137.009448186,0,0,0,12,12,8735,6887
reference_NY46__paper_roles,2019-11-11 04:00:00,28.3102078919,118.056398603,0,0,0,12,12,8677,6569
reference_NY46__paper_roles,2019-11-11 05:00:00,20.3776826219,68.3074496148,0,0,0,12,12,8225,5183
reference_NY46__paper_roles,2019-11-11 06:00:00,13.913976152,624.609632125,0,0,0,12,12,6481,8352
reference_NY46__paper_roles,2019-11-11 07:00:00,13.5842798076,1207.59262552,0,0,0,11,11,6310,8537
reference_NY46__paper_roles,2019-11-11 08:00:00,11.8396039358,330.644333372,0,0,0,12,12,5250,8007
reference_NY46__paper_roles,2019-11-11 09:00:00,10.6167579204,5548.09279589,1,0,0,12,12,4348,8718
reference_NY46__paper_roles,2019-11-11 10:00:00,17.3390451931,3942.53451874,0,0,0,12,12,7702,8692
reference_NY46__paper_roles,2019-11-11 11:00:00,18.0705008193,217.536142437,1,0,0,12,12,7871,7593
reference_NY46__paper_roles,2019-11-11 12:00:00,22.9809438143,228.912866849,1,0,0,12,12,8470,7653
reference_NY46__paper_roles,2019-11-11 13:00:00,20.2126886753,103.147451051,1,0,0,12,12,8201,6304
reference_NY46__paper_roles,2019-11-11 14:00:00,20.6057693488,74.278402931,0,0,0,12,12,8253,5416
reference_NY46__paper_roles,2019-11-11 15:00:00,17.2731275934,95.3915278181,0,0,0,12,12,7688,6108
reference_NY46__paper_roles,2019-11-11 16:00:00,13.3428197486,44.4284913647,0,0,0,12,12,6156,3770
reference_NY46__paper_roles,2019-11-11 17:00:00,14.9242124624,42.7888769415,0,0,0,12,12,6918,3638
reference_NY46__paper_roles,2019-11-11 18:00:00,15.4231279772,47.9419571239,0,0,0,12,12,7107,4036
reference_NY46__paper_roles,2019-11-11 19:00:00,15.1265545467,82.4203047931,0,0,0,12,12,6987,5703
reference_NY46__paper_roles,2019-11-11 20:00:00,16.3236698957,90.9729007414,0,0,0,12,12,7423,5967
reference_NY46__paper_roles,2019-11-11 21:00:00,14.9112496444,127.833702003,0,0,0,12,12,6910,6762
reference_NY46__paper_roles,2019-11-11 22:00:00,18.8917541399,199.952763409,1,0,0,12,12,8000,7487
reference_NY46__paper_roles,2019-11-11 23:00:00,15.2019918312,223.117959413,1,0,0,12,12,7010,7618
reference_NY46__paper_roles,2019-11-12 00:00:00,24.4204851053,81.6857511311,0,0,0,12,12,8558,5689
reference_NY46__paper_roles,2019-11-12 01:00:00,29.8836367239,261.690847315,0,0,0,12,12,8697,7801
reference_NY46__paper_roles,2019-11-12 02:00:00,27.9023316976,256.788953615,0,0,0,12,12,8670,7779
reference_NY46__paper_roles,2019-11-12 03:00:00,32.3940251812,282.168501213,0,0,0,12,12,8723,7871
reference_NY46__paper_roles,2019-11-12 04:00:00,25.4737279402,135.181499573,0,0,0,12,12,8602,6865
reference_NY46__paper_roles,2019-11-12 05:00:00,19.5755951757,64.5528136768,0,0,0,12,12,8104,5016
reference_NY46__paper_roles,2019-11-12 06:00:00,22.1041468958,157.383080798,1,0,0,12,12,8418,7136
reference_NY46__paper_roles,2019-11-12 07:00:00,17.4229066253,261.693292165,1,0,0,12,12,7720,7802
reference_NY46__paper_roles,2019-11-12 08:00:00,15.4999795013,58.8428106573,0,0,0,12,12,7136,4733
reference_NY46__paper_roles,2019-11-12 09:00:00,10.0118954291,54.2180444746,0,0,0,12,12,3850,4472
reference_NY46__paper_roles,2019-11-12 10:00:00,14.1264200121,134.270711004,1,0,0,13,12,6580,6852
reference_NY46__paper_roles,2019-11-12 11:00:00,11.2181534397,125.635241437,1,0,0,12,12,4811,6720
reference_NY46__paper_roles,2019-11-12 12:00:00,16.1062544346,303.883631376,1,0,0,12,12,7356,7935
reference_NY46__paper_roles,2019-11-12 13:00:00,16.6392233775,2871.10368708,1,0,0,12,12,7523,8662
reference_NY46__paper_roles,2019-11-12 14:00:00,8.87485423186,234.786742157,0,0,0,12,12,2865,7681
reference_NY46__paper_roles,2019-11-12 15:00:00,11.8678273535,306.015460582,1,0,0,12,12,5290,7944
reference_NY46__paper_roles,2019-11-12 16:00:00,10.0215462628,24.2237158374,0,0,0,12,12,3861,1708
reference_NY46__paper_roles,2019-11-12 17:00:00,12.6151097814,337.636345446,1,0,0,12,12,5760,8026
reference_NY46__paper_roles,2019-11-12 18:00:00,19.7584533713,171.416357295,1,0,0,12,12,8140,7279
reference_NY46__paper_roles,2019-11-12 19:00:00,17.3730588748,138.830344406,1,0,0,12,12,7708,6910
reference_NY46__paper_roles,2019-11-12 20:00:00,14.8416675507,175.661210382,1,0,0,12,12,6887,7314
reference_NY46__paper_roles,2019-11-12 21:00:00,15.7288749821,308.275782664,1,0,0,13,13,7222,7953
reference_NY46__paper_roles,2019-11-12 22:00:00,19.1170500646,271.478096093,0,0,0,12,12,8034,7826
reference_NY46__paper_roles,2019-11-12 23:00:00,18.9732887239,248.610439789,1,0,0,13,13,8011,7755
reference_NY46__paper_roles,2019-11-13 00:00:00,14.0406661064,32.0021470632,0,0,0,14,14,6544,2642
reference_NY46__paper_roles,2019-11-13 01:00:00,21.339407989,55.3245336846,0,0,0,10,10,8341,4540
reference_NY46__paper_roles,2019-11-13 02:00:00,24.1732085757,347.98716955,1,0,0,12,12,8540,8058
reference_NY46__paper_roles,2019-11-13 03:00:00,20.9094131987,159.716219715,1,0,0,12,12,8289,7163
reference_NY46__paper_roles,2019-11-13 04:00:00,17.1838271962,119.173543149,1,0,0,12,12,7670,6588
reference_NY46__paper_roles,2019-11-13 05:00:00,15.7925279082,101.486221477,0,0,0,12,12,7250,6264
reference_NY46__paper_roles,2019-11-13 06:00:00,13.3078276124,235.762732209,1,0,0,12,12,6140,7690
reference_NY46__paper_roles,2019-11-13 07:00:00,25.1136043103,202.385498746,1,0,0,12,12,8587,7505
reference_NY46__paper_roles,2019-11-13 08:00:00,17.0306308649,329.520296656,1,0,0,12,12,7630,8003
reference_NY46__paper_roles,2019-11-13 09:00:00,16.3772780574,569.096694455,1,0,0,12,12,7440,8313
reference_NY46__paper_roles,2019-11-13 10:00:00,10.6078644908,26619.8013957,1,0,0,12,12,4335,8748
reference_NY46__paper_roles,2019-11-13 11:00:00,10.897963183,403.433743393,0,0,0,12,12,4561,8141
reference_NY46__paper_roles,2019-11-13 12:00:00,8.23723596962,341.455064445,1,0,0,12,12,2293,8036
reference_NY46__paper_roles,2019-11-13 13:00:00,8.26982389782,856.938223325,1,0,0,12,12,2316,8454
reference_NY46__paper_roles,2019-11-13 14:00:00,8.2114921464,79.5052787423,0,0,0,10,10,2276,5606
reference_NY46__paper_roles,2019-11-13 15:00:00,9.96133137369,199.092297792,1,0,0,11,11,3812,7478
reference_NY46__paper_roles,2019-11-13 16:00:00,11.2003431867,28.542242123,0,0,0,12,12,4801,2259
reference_NY46__paper_roles,2019-11-13 17:00:00,17.0413009858,164.34016507,0,0,0,12,12,7633,7214
reference_NY46__paper_roles,2019-11-13 18:00:00,19.1895188588,103.685260027,0,0,0,12,12,8048,6320
reference_NY46__paper_roles,2019-11-13 19:00:00,14.8477734845,41.5596899869,0,0,0,12,12,6891,3548
reference_NY46__paper_roles,2019-11-13 20:00:00,10.0166022395,29.0380445131,0,0,0,12,12,3856,2317
reference_NY46__paper_roles,2019-11-13 21:00:00,9.11612252712,27.7658828178,0,0,0,12,12,3058,2162
reference_NY46__paper_roles,2019-11-13 22:00:00,7.03859641686,36.008863158,0,0,0,13,13,1363,3050
reference_NY46__paper_roles,2019-11-13 23:00:00,6.89275006657,35.3778073028,0,0,0,12,12,1260,2983
reference_NY46__paper_roles,2019-11-14 00:00:00,9.44964340259,98.932954696,0,0,0,12,12,3350,6191
reference_NY46__paper_roles,2019-11-14 01:00:00,8.61506589048,71.2900321266,0,0,0,12,12,2618,5296
reference_NY46__paper_roles,2019-11-14 02:00:00,8.73902950262,96.9000565223,0,0,0,12,12,2722,6154
reference_NY46__paper_roles,2019-11-14 03:00:00,8.5384245496,92.1583572831,0,0,0,12,12,2550,6011
reference_NY46__paper_roles,2019-11-14 04:00:00,9.43501228818,133.287959776,0,0,0,12,12,3339,6837
reference_NY46__paper_roles,2019-11-14 05:00:00,13.234590148,152.428838958,0,0,0,12,12,6097,7076
reference_NY46__paper_roles,2019-11-14 06:00:00,6.67878246041,46.0018237275,0,0,0,12,12,1141,3895
reference_NY46__paper_roles,2019-11-14 07:00:00,5.66040323183,20.4095190588,0,0,0,12,12,606,1188
reference_NY46__paper_roles,2019-11-14 08:00:00,5.55260600029,67.0569568703,0,0,0,12,12,561,5124
reference_NY46__paper_roles,2019-11-14 09:00:00,7.02044210637,52.689277011,0,0,0,12,12,1350,4373
reference_NY46__paper_roles,2019-11-14 10:00:00,8.75079913901,144.380091577,0,0,0,12,12,2738,6983
reference_NY46__paper_roles,2019-11-14 11:00:00,5.2291202213,313.924522264,0,0,0,12,11,448,7962
reference_NY46__paper_roles,2019-11-14 12:00:00,7.55809648322,40.7301099586,0,0,0,12,12,1764,3496
reference_NY46__paper_roles,2019-11-14 13:00:00,15.7421072758,36.1954183444,0,0,0,12,12,7233,3065
reference_NY46__paper_roles,2019-11-14 14:00:00,12.8027012519,17.1296315814,0,0,0,12,12,5861,744
reference_NY46__paper_roles,2019-11-14 15:00:00,9.57515968876,13.7225992354,0,0,0,11,11,3481,364
reference_NY46__paper_roles,2019-11-14 16:00:00,6.74636951692,13.8208162006,0,0,0,11,10,1183,371
reference_NY46__paper_roles,2019-11-14 17:00:00,7.1544997799,26.0246380212,0,0,0,12,12,1439,1956
reference_NY46__paper_roles,2019-11-14 18:00:00,10.1780476047,100.754949237,0,0,0,12,12,3989,6245
reference_NY46__paper_roles,2019-11-14 19:00:00,8.49489991696,96.0380516632,0,0,0,12,12,2516,6133
reference_NY46__paper_roles,2019-11-14 20:00:00,7.85438028876,91.4306168165,0,0,0,12,12,1976,5981
reference_NY46__paper_roles,2019-11-14 21:00:00,6.88905855794,142.002074634,0,0,0,12,12,1256,6951
reference_NY46__paper_roles,2019-11-14 22:00:00,7.56184722597,122.270340239,0,0,0,12,12,1766,6660
reference_NY46__paper_roles,2019-11-14 23:00:00,10.3242662493,112.41946196,0,0,0,12,12,4095,6475
reference_NY46__paper_roles,2019-11-15 00:00:00,8.27592867269,63.0823522821,0,0,0,12,12,2321,4944
reference_NY46__paper_roles,2019-11-15 01:00:00,5.7935311946,35.109776527,0,0,0,12,12,660,2958
reference_NY46__paper_roles,2019-11-15 02:00:00,5.89557678863,41.0305329357,0,0,0,12,12,708,3519
reference_NY46__paper_roles,2019-11-15 03:00:00,6.81490941217,65.7503093313,0,0,0,12,12,1219,5069
reference_NY46__paper_roles,2019-11-15 04:00:00,6.55761545983,60.7554781857,0,0,0,12,12,1065,4829
reference_NY46__paper_roles,2019-11-15 05:00:00,9.79182845458,94.673028138,0,0,0,12,12,3660,6089
reference_NY46__paper_roles,2019-11-15 06:00:00,9.40957174416,301.843153039,0,0,0,12,12,3318,7931
reference_NY46__paper_roles,2019-11-15 07:00:00,9.7891505338,932.66519577,0,0,0,12,12,3656,8477
reference_NY46__paper_roles,2019-11-15 08:00:00,9.42075891428,2141.30480119,0,0,0,12,12,3322,8629
reference_NY46__paper_roles,2019-11-15 09:00:00,8.35989372868,361.180456156,0,0,0,12,12,2404,8089
reference_NY46__paper_roles,2019-11-15 10:00:00,7.45017256587,896.950930951,1,0,0,13,12,1666,8467
reference_NY46__paper_roles,2019-11-15 11:00:00,5.76358208095,156.829433026,1,0,0,12,12,648,7129
reference_NY46__paper_roles,2019-11-15 12:00:00,9.72102915538,193.629835167,1,0,0,12,12,3610,7439
reference_NY46__paper_roles,2019-11-15 13:00:00,9.7952984216,194.952334911,1,0,0,12,12,3662,7447
reference_NY46__paper_roles,2019-11-15 14:00:00,6.78826656181,319.918792038,1,0,0,12,12,1211,7984
reference_NY46__paper_roles,2019-11-15 15:00:00,5.84538011686,486.641029246,1,0,0,12,12,676,8235
reference_NY46__paper_roles,2019-11-15 16:00:00,7.51186070713,6621.46357779,0,0,0,12,12,1721,8726
reference_NY46__paper_roles,2019-11-15 17:00:00,9.61074070996,1028.93542553,0,0,0,12,12,3515,8501
reference_NY46__paper_roles,2019-11-15 18:00:00,9.36241122881,329.998378968,1,0,0,12,12,3276,8004
reference_NY46__paper_roles,2019-11-15 19:00:00,7.73741657792,386.061178316,1,0,0,12,12,1903,8119
reference_NY46__paper_roles,2019-11-15 20:00:00,8.62840288443,245.553800843,1,0,0,12,12,2630,7734
reference_NY46__paper_roles,2019-11-15 21:00:00,7.44048688933,173.773270332,1,0,0,12,12,1655,7300
reference_NY46__paper_roles,2019-11-15 22:00:00,6.62214888185,2048.4681751,1,0,0,12,12,1104,8619
reference_NY46__paper_roles,2019-11-15 23:00:00,18.4554441489,661.55446299,0,0,0,12,12,7929,8374
reference_NY46__paper_roles,2019-11-16 00:00:00,14.8623772193,241.65404118,1,0,0,12,12,6895,7716
reference_NY46__paper_roles,2019-11-16 01:00:00,12.6530699662,1545.75590637,1,0,0,12,12,5782,8576
reference_NY46__paper_roles,2019-11-16 02:00:00,15.3733272567,4171.75851622,0,0,0,12,12,7084,8697
reference_NY46__paper_roles,2019-11-16 03:00:00,15.7408737465,692.454643197,0,0,0,12,12,7231,8396
reference_NY46__paper_roles,2019-11-16 04:00:00,13.0421104292,532.915388685,1,0,0,12,12,5999,8286
reference_NY46__paper_roles,2019-11-16 05:00:00,12.2012402943,761.673020043,0,0,0,12,12,5531,8423
reference_NY46__paper_roles,2019-11-16 06:00:00,10.1475842972,193.961903151,0,0,0,12,12,3957,7441
reference_NY46__paper_roles,2019-11-16 07:00:00,7.63335609941,222.523014367,0,0,0,12,12,1820,7614
reference_NY46__paper_roles,2019-11-16 08:00:00,6.94417062801,102.694352755,1,0,0,12,12,1297,6294
reference_NY46__paper_roles,2019-11-16 09:00:00,6.90816502314,204.635948257,0,0,0,12,12,1269,7518
reference_NY46__paper_roles,2019-11-16 10:00:00,9.67097908769,1106.85107427,0,0,0,13,12,3568,8518
reference_NY46__paper_roles,2019-11-16 11:00:00,8.65126854979,974.491080854,0,0,0,12,12,2645,8490
reference_NY46__paper_roles,2019-11-16 12:00:00,8.93067371006,252.921751874,1,0,0,12,12,2919,7767
reference_NY46__paper_roles,2019-11-16 13:00:00,7.23232330803,248.524778365,1,0,0,12,12,1493,7754
reference_NY46__paper_roles,2019-11-16 14:00:00,6.55925165506,2305.67259928,1,0,0,12,12,1066,8641
reference_NY46__paper_roles,2019-11-16 15:00:00,6.51520493416,112.752156395,1,0,0,12,12,1044,6482
reference_NY46__paper_roles,2019-11-16 16:00:00,5.29925169717,11.114282344,0,0,0,12,12,469,170
reference_NY46__paper_roles,2019-11-16 17:00:00,8.09367398277,43.3228252984,0,0,0,12,12,2176,3692
reference_NY46__paper_roles,2019-11-16 18:00:00,6.70048688189,44.8580957405,0,0,0,12,12,1155,3805
reference_NY46__paper_roles,2019-11-16 19:00:00,5.67222967095,12.1595031369,0,0,0,12,12,609,219
reference_NY46__paper_roles,2019-11-16 20:00:00,7.50688724245,70.1099664095,0,0,0,12,12,1716,5249
reference_NY46__paper_roles,2019-11-16 21:00:00,6.66617320416,80.3932079319,0,0,0,12,12,1135,5633
reference_NY46__paper_roles,2019-11-16 22:00:00,7.52594355354,110.299935579,0,0,0,12,12,1734,6435
reference_NY46__paper_roles,2019-11-16 23:00:00,9.69787049347,82.9266089415,0,0,0,12,12,3589,5719
reference_NY46__paper_roles,2019-11-17 00:00:00,17.2561249147,68.7101326183,0,0,0,12,12,7686,5198
reference_NY46__paper_roles,2019-11-17 01:00:00,15.6161662679,84.4683486816,0,0,0,12,12,7172,5776
reference_NY46__paper_roles,2019-11-17 02:00:00,13.2549043612,126.700251362,0,0,0,12,12,6111,6743
reference_NY46__paper_roles,2019-11-17 03:00:00,12.7043001747,122.798872864,0,0,0,12,12,5805,6672
reference_NY46__paper_roles,2019-11-17 04:00:00,10.9073102467,125.195663833,0,0,0,12,12,4566,6711
reference_NY46__paper_roles,2019-11-17 05:00:00,9.34633396581,47.858975392,0,0,0,12,12,3271,4032
reference_NY46__paper_roles,2019-11-17 06:00:00,6.7603871554,22.6107531504,0,0,0,12,12,1190,1492
reference_NY46__paper_roles,2019-11-17 07:00:00,6.520309068,25.5684585833,0,0,0,12,12,1047,1884
reference_NY46__paper_roles,2019-11-17 08:00:00,7.32980829239,35.1369281867,0,0,0,12,12,1558,2961
reference_NY46__paper_roles,2019-11-17 09:00:00,9.17982346742,69.31549398,0,0,0,12,12,3116,5218
reference_NY46__paper_roles,2019-11-17 10:00:00,10.0253988069,134.195068561,0,0,0,12,12,3863,6850
reference_NY46__paper_roles,2019-11-17 11:00:00,8.7397671497,120.6304772,0,0,0,12,12,2723,6624
reference_NY46__paper_roles,2019-11-17 12:00:00,7.31288282293,112.790401245,0,0,0,12,12,1546,6484
reference_NY46__paper_roles,2019-11-17 13:00:00,6.60121638401,85.3874199619,0,0,0,12,12,1089,5814
reference_NY46__paper_roles,2019-11-17 14:00:00,7.70342264363,74.1059617164,0,0,0,12,12,1875,5409
reference_NY46__paper_roles,2019-11-17 15:00:00,6.94343140743,50.9106562512,0,0,0,12,12,1296,4255
reference_NY46__paper_roles,2019-11-17 16:00:00,7.71380151665,49.399466469,0,0,0,12,12,1880,4158
reference_NY46__paper_roles,2019-11-17 17:00:00,10.6823544537,74.2090469853,0,0,0,12,12,4393,5412
reference_NY46__paper_roles,2019-11-17 18:00:00,8.85843236002,50.4142141691,0,0,0,12,12,2848,4223
reference_NY46__paper_roles,2019-11-17 19:00:00,8.7389390796,66.6465333849,0,0,0,12,12,2721,5105
reference_NY46__paper_roles,2019-11-17 20:00:00,7.91240959364,116.325865503,0,0,0,12,12,2020,6538
reference_NY46__paper_roles,2019-11-17 21:00:00,8.66529810884,176.899694802,0,0,0,12,12,2656,7329
reference_NY46__paper_roles,2019-11-17 22:00:00,6.46811351005,126.887652638,0,0,0,12,12,1020,6750
reference_NY46__paper_roles,2019-11-17 23:00:00,9.42342229769,59.811465533,0,0,0,12,12,3327,4789
reference_NY46__paper_roles,2019-11-18 00:00:00,13.2240365243,154.963173121,0,0,0,12,12,6092,7111
reference_NY46__paper_roles,2019-11-18 01:00:00,13.7253184306,126.810285719,0,0,0,12,12,6391,6747
reference_NY46__paper_roles,2019-11-18 02:00:00,10.344597868,51.6421901272,0,0,0,12,12,4112,4311
reference_NY46__paper_roles,2019-11-18 03:00:00,12.8796342673,67.6126324984,0,0,0,12,12,5910,5149
reference_NY46__paper_roles,2019-11-18 04:00:00,11.7619022638,43.1320006792,0,0,0,12,12,5205,3673
reference_NY46__paper_roles,2019-11-18 05:00:00,14.3587052552,208.614518795,0,0,0,12,12,6687,7542
reference_NY46__paper_roles,2019-11-18 06:00:00,12.7958758867,612.700351748,1,0,0,12,12,5856,8345
reference_NY46__paper_roles,2019-11-18 07:00:00,11.1151362985,21.8356986919,0,0,0,12,12,4723,1382
reference_NY46__paper_roles,2019-11-18 08:00:00,10.1085224738,97.940139516,0,0,0,13,13,3932,6172
reference_NY46__paper_roles,2019-11-18 09:00:00,8.35415775319,77.6365293746,0,0,0,12,12,2394,5535
reference_NY46__paper_roles,2019-11-18 10:00:00,9.71331235507,44.5566004646,0,0,0,12,12,3599,3779
reference_NY46__paper_roles,2019-11-18 11:00:00,7.46641264785,408.572449643,1,0,0,12,12,1684,8145
reference_NY46__paper_roles,2019-11-18 12:00:00,9.49553526898,124.11116927,0,0,0,12,12,3404,6699
reference_NY46__paper_roles,2019-11-18 13:00:00,11.52210927,150.954186539,0,0,0,12,12,5028,7062
reference_NY46__paper_roles,2019-11-18 14:00:00,11.1370884656,132.511598752,0,0,0,12,12,4739,6829
reference_NY46__paper_roles,2019-11-18 15:00:00,9.38742534668,21.3180400641,0,0,0,12,12,3298,1312
reference_NY46__paper_roles,2019-11-18 16:00:00,8.10860266038,90.7606423507,0,0,0,12,12,2192,5960
reference_NY46__paper_roles,2019-11-18 17:00:00,14.3386345418,60.087549026,0,0,0,12,12,6668,4799
reference_NY46__paper_roles,2019-11-18 18:00:00,16.9820721097,120.530369922,1,0,0,12,12,7618,6619
reference_NY46__paper_roles,2019-11-18 19:00:00,22.3210626491,162.788673782,1,0,0,12,12,8434,7194
reference_NY46__paper_roles,2019-11-18 20:00:00,15.6287771539,326.365834622,1,0,0,12,12,7177,7998
reference_NY46__paper_roles,2019-11-18 21:00:00,10.5872555132,66.6184641482,0,0,0,12,12,4321,5104
reference_NY46__paper_roles,2019-11-18 22:00:00,10.6973886787,296.271404966,1,0,0,12,12,4405,7916
reference_NY46__paper_roles,2019-11-18 23:00:00,15.3451636563,268.444114888,0,0,0,12,12,7071,7818
reference_NY46__paper_roles,2019-11-19 00:00:00,9.18005535588,2819.08546056,1,0,0,12,12,3117,8658
reference_NY46__paper_roles,2019-11-19 01:00:00,13.5567995101,276.801651694,0,0,0,12,12,6296,7846
reference_NY46__paper_roles,2019-11-19 02:00:00,12.3650698474,7455.2428079,0,0,0,12,12,5611,8731
reference_NY46__paper_roles,2019-11-19 03:00:00,11.1911347313,17406.1856158,0,0,0,12,12,4791,8743
reference_NY46__paper_roles,2019-11-19 04:00:00,8.61644069014,228.359988717,0,0,0,12,12,2622,7650
reference_NY46__paper_roles,2019-11-19 05:00:00,8.31779234881,45.4963979531,0,0,0,12,12,2361,3856
reference_NY46__paper_roles,2019-11-19 06:00:00,8.84383105486,16.0104149196,0,0,0,12,12,2828,604
reference_NY46__paper_roles,2019-11-19 07:00:00,12.8005149952,234.027905221,1,0,0,12,12,5859,7676
reference_NY46__paper_roles,2019-11-19 08:00:00,11.5172029319,238.995948421,1,0,0,12,12,5025,7706
reference_NY46__paper_roles,2019-11-19 09:00:00,15.1972711154,216.856418739,1,0,0,12,12,7008,7587
reference_NY46__paper_roles,2019-11-19 10:00:00,17.4025576049,200.835182966,1,0,0,12,12,7716,7494
reference_NY46__paper_roles,2019-11-19 11:00:00,17.0191857218,235.050291176,1,0,0,12,12,7627,7687
reference_NY46__paper_roles,2019-11-19 12:00:00,16.4600784283,200.006224071,1,0,0,12,12,7472,7488
reference_NY46__paper_roles,2019-11-19 13:00:00,14.7962612757,176.633923161,1,0,0,12,12,6862,7326
reference_NY46__paper_roles,2019-11-19 14:00:00,15.194006188,138.950645032,1,0,0,12,12,7007,6912
reference_NY46__paper_roles,2019-11-19 15:00:00,13.7543333494,118.435725908,1,0,0,12,12,6401,6576
reference_NY46__paper_roles,2019-11-19 16:00:00,10.3652119091,49.5668433712,0,0,0,12,12,4126,4171
reference_NY46__paper_roles,2019-11-19 17:00:00,15.8534710786,125.334190243,0,0,0,12,12,7274,6715
reference_NY46__paper_roles,2019-11-19 18:00:00,18.5150131741,197.497283849,1,0,0,12,12,7938,7468
reference_NY46__paper_roles,2019-11-19 19:00:00,14.215888016,152.168606801,1,0,0,12,12,6620,7073
reference_NY46__paper_roles,2019-11-19 20:00:00,15.5425530321,186.340713027,1,0,0,12,12,7148,7388
reference_NY46__paper_roles,2019-11-19 21:00:00,13.8371800617,164.034726469,1,0,0,12,12,6443,7211
reference_NY46__paper_roles,2019-11-19 22:00:00,11.1994332266,220.644531745,1,0,0,12,12,4800,7606
reference_NY46__paper_roles,2019-11-19 23:00:00,11.5519966337,215.471459691,0,0,0,12,12,5048,7577
reference_NY46__paper_roles,2019-11-20 00:00:00,8.48156696795,109.220547809,0,0,0,12,12,2504,6417
reference_NY46__paper_roles,2019-11-20 01:00:00,14.42863573,320.573189215,0,0,0,12,12,6721,7986
reference_NY46__paper_roles,2019-11-20 02:00:00,12.6945388211,117.575471919,0,0,0,12,12,5801,6557
reference_NY46__paper_roles,2019-11-20 03:00:00,15.8181893747,267.474352279,1,0,0,12,12,7259,7814
reference_NY46__paper_roles,2019-11-20 04:00:00,14.5292293889,333.870031426,1,0,0,12,12,6766,8018
reference_NY46__paper_roles,2019-11-20 05:00:00,12.2508333194,118.987008749,1,0,0,12,12,5558,6585
reference_NY46__paper_roles,2019-11-20 06:00:00,11.0715526058,171.841151169,0,0,0,12,12,4687,7284
reference_NY46__paper_roles,2019-11-20 07:00:00,25.5533836639,246.682765046,1,0,0,12,12,8610,7740
reference_NY46__paper_roles,2019-11-20 08:00:00,6.96731390805,2145.14697315,1,0,0,12,12,1318,8630
reference_NY46__paper_roles,2019-11-20 09:00:00,6.84849242775,560.637212772,0,0,0,12,12,1232,8302
reference_NY46__paper_roles,2019-11-20 10:00:00,4.59606211299,7.18355420211,0,0,0,12,12,247,26
reference_NY46__paper_roles,2019-11-20 11:00:00,9.7892467001,148.534414428,1,0,0,12,12,3657,7031
reference_NY46__paper_roles,2019-11-20 12:00:00,11.302349916,126.544544487,1,0,0,12,12,4869,6737
reference_NY46__paper_roles,2019-11-20 13:00:00,8.95165845221,137.054092602,1,0,0,12,12,2938,6889
reference_NY46__paper_roles,2019-11-20 14:00:00,9.76350721003,240.913458937,0,0,0,11,11,3633,7711
reference_NY46__paper_roles,2019-11-20 15:00:00,8.81230788189,112.435444161,0,0,0,12,12,2799,6476
reference_NY46__paper_roles,2019-11-20 16:00:00,4.07399510318,13.1043636182,0,0,0,12,12,142,301
reference_NY46__paper_roles,2019-11-20 17:00:00,4.64635011607,38.372633481,0,0,0,12,12,260,3270
reference_NY46__paper_roles,2019-11-20 18:00:00,6.08691927845,42.4119132302,0,0,0,12,12,789,3608
reference_NY46__paper_roles,2019-11-20 19:00:00,5.99827264168,31.2411889463,0,0,0,12,12,748,2559
reference_NY46__paper_roles,2019-11-20 20:00:00,3.85918149462,17.1736713724,0,0,0,12,12,110,748
reference_NY46__paper_roles,2019-11-20 21:00:00,3.19512289871,6.57408877643,0,0,0,12,12,35,11
reference_NY46__paper_roles,2019-11-20 22:00:00,4.46556673549,31.0213211781,0,0,0,12,12,211,2537
reference_NY46__paper_roles,2019-11-20 23:00:00,2.79252709257,48.1425383953,0,0,0,12,12,18,4054
reference_NY46__paper_roles,2019-11-21 00:00:00,6.92631676845,218.298857036,1,0,0,12,12,1283,7595
reference_NY46__paper_roles,2019-11-21 01:00:00,8.8083243683,287.907873254,1,0,0,12,12,2796,7897
reference_NY46__paper_roles,2019-11-21 02:00:00,7.88075860894,2916.03208106,1,0,0,12,12,1998,8664
reference_NY46__paper_roles,2019-11-21 03:00:00,7.9414592267,1759.83769844,0,0,0,12,12,2041,8596
reference_NY46__paper_roles,2019-11-21 04:00:00,6.2492752872,21.8847882682,0,0,0,12,12,870,1391
reference_NY46__paper_roles,2019-11-21 05:00:00,7.31956829785,171.327435834,1,0,0,12,12,1552,7278
reference_NY46__paper_roles,2019-11-21 06:00:00,10.7102609112,47.2852814904,0,0,0,12,12,4412,3985
reference_NY46__paper_roles,2019-11-21 07:00:00,6.99701187828,28.9707208333,0,0,0,12,12,1338,2309
reference_NY46__paper_roles,2019-11-21 08:00:00,4.01436234815,124.401347274,1,0,0,12,12,132,6701
reference_NY46__paper_roles,2019-11-21 09:00:00,11.4772955539,143.769356954,1,0,0,12,12,5006,6980
reference_NY46__paper_roles,2019-11-21 10:00:00,9.19206760668,288.289739192,1,0,0,13,12,3130,7898
reference_NY46__paper_roles,2019-11-21 11:00:00,10.9572069253,160.409491477,1,0,0,9,9,4608,7166
reference_NY46__paper_roles,2019-11-21 12:00:00,7.93465354927,192.783908369,1,0,0,12,12,2037,7434
reference_NY46__paper_roles,2019-11-21 13:00:00,7.20587734328,154.424853852,1,0,0,12,12,1475,7107
reference_NY46__paper_roles,2019-11-21 14:00:00,9.27862992359,153.378414259,1,0,0,12,12,3207,7092
reference_NY46__paper_roles,2019-11-21 15:00:00,5.2905412693,169.304886856,0,0,0,12,12,467,7256
reference_NY46__paper_roles,2019-11-21 16:00:00,5.31533352979,45.572465334,0,0,0,12,12,476,3859
reference_NY46__paper_roles,2019-11-21 17:00:00,6.48502921975,15.4409844953,0,0,0,12,12,1025,531
reference_NY46__paper_roles,2019-11-21 18:00:00,7.54522774028,278.700829803,0,0,0,12,12,1751,7850
reference_NY46__paper_roles,2019-11-21 19:00:00,7.9270796574,491.90214416,0,0,0,12,12,2030,8244
reference_NY46__paper_roles,2019-11-21 20:00:00,5.55398529369,245.682987379,0,0,0,12,12,564,7737
reference_NY46__paper_roles,2019-11-21 21:00:00,7.75109020061,71.3646013573,0,0,0,12,12,1911,5300
reference_NY46__paper_roles,2019-11-21 22:00:00,5.88329253713,113.46235236,0,0,0,13,12,698,6495
reference_NY46__paper_roles,2019-11-21 23:00:00,8.01119174138,238.794133684,0,0,0,12,12,2106,7705
reference_NY46__paper_roles,2019-11-22 00:00:00,7.64751657332,114.207104351,1,0,0,12,12,1834,6505
reference_NY46__paper_roles,2019-11-22 01:00:00,8.03632231984,506.116129518,1,0,0,12,12,2122,8256
reference_NY46__paper_roles,2019-11-22 02:00:00,6.1927496627,1263.97006308,1,0,0,12,12,837,8542
reference_NY46__paper_roles,2019-11-22 03:00:00,8.35405950309,1753.54023911,0,0,0,12,12,2393,8595
reference_NY46__paper_roles,2019-11-22 04:00:00,9.64286330799,207.748872238,1,0,0,12,12,3542,7535
reference_NY46__paper_roles,2019-11-22 05:00:00,13.9231141061,1123.77087703,0,0,0,12,12,6487,8523
reference_NY46__paper_roles,2019-11-22 06:00:00,11.0663796324,25843.9949717,0,0,0,12,12,4686,8747
reference_NY46__paper_roles,2019-11-22 07:00:00,10.4358298782,231.555156735,1,0,0,12,12,4190,7665
reference_NY46__paper_roles,2019-11-22 08:00:00,8.94817643714,163.371139012,1,0,0,13,13,2935,7199
reference_NY46__paper_roles,2019-11-22 09:00:00,10.5415732779,243.301476849,1,0,0,12,12,4288,7725
reference_NY46__paper_roles,2019-11-22 10:00:00,12.6388026537,154.224095334,1,0,0,12,12,5774,7102
reference_NY46__paper_roles,2019-11-22 11:00:00,11.4704371153,488.861300072,1,0,0,14,13,5001,8238
reference_NY46__paper_roles,2019-11-22 12:00:00,10.8943589229,696.382677442,1,0,0,13,12,4560,8398
reference_NY46__paper_roles,2019-11-22 13:00:00,11.1708128355,1255.80771819,1,0,0,12,12,4771,8540
reference_NY46__paper_roles,2019-11-22 14:00:00,9.48083210721,2118.51559845,0,0,0,12,12,3384,8625
reference_NY46__paper_roles,2019-11-22 15:00:00,11.1250901103,9527.3860043,1,0,0,12,12,4731,8735
reference_NY46__paper_roles,2019-11-22 16:00:00,9.45751307384,709.73502429,1,0,0,12,12,3361,8404
reference_NY46__paper_roles,2019-11-22 17:00:00,9.15665260197,123.000256676,1,0,0,14,14,3099,6676
reference_NY46__paper_roles,2019-11-22 18:00:00,9.14684083343,127.032095959,1,0,0,11,11,3085,6753
reference_NY46__paper_roles,2019-11-22 19:00:00,9.42957783417,133.915124468,1,0,0,12,12,3331,6848
reference_NY46__paper_roles,2019-11-22 20:00:00,11.2590088158,194.758750601,1,0,0,12,12,4838,7446
reference_NY46__paper_roles,2019-11-22 21:00:00,11.8505210118,209.168692045,1,0,0,12,12,5264,7546
reference_NY46__paper_roles,2019-11-22 22:00:00,18.921740828,769.933727735,1,0,0,12,12,8002,8428
reference_NY46__paper_roles,2019-11-22 23:00:00,14.0483155651,148.152773918,0,0,0,13,12,6549,7027
reference_NY46__paper_roles,2019-11-23 00:00:00,10.0482908113,23.8708658058,0,0,0,13,13,3889,1665
reference_NY46__paper_roles,2019-11-23 01:00:00,7.58655989436,14.9747600358,0,0,0,12,12,1782,487
reference_NY46__paper_roles,2019-11-23 02:00:00,9.00292462969,17.3369051329,0,0,0,12,12,2972,760
reference_NY46__paper_roles,2019-11-23 03:00:00,10.0742132354,17.0973533986,0,0,0,12,12,3904,739
reference_NY46__paper_roles,2019-11-23 04:00:00,9.12549517891,17.0939708593,0,0,0,12,12,3067,738
reference_NY46__paper_roles,2019-11-23 05:00:00,7.27866717214,16.7228491241,0,0,0,12,12,1512,688
reference_NY46__paper_roles,2019-11-23 06:00:00,6.24931586181,12.7710037742,0,0,0,12,12,871,277
reference_NY46__paper_roles,2019-11-23 07:00:00,5.95467177385,41.1023143093,0,0,0,12,12,731,3527
reference_NY46__paper_roles,2019-11-23 08:00:00,7.44340536853,19.7554000144,0,0,0,12,12,1659,1102
reference_NY46__paper_roles,2019-11-23 09:00:00,9.27947905377,54.2258801453,0,0,0,12,12,3208,4474
reference_NY46__paper_roles,2019-11-23 10:00:00,11.7506254094,80.5352047488,0,0,0,12,12,5194,5641
reference_NY46__paper_roles,2019-11-23 11:00:00,11.5114458572,122.802746055,0,0,0,14,13,5022,6673
reference_NY46__paper_roles,2019-11-23 12:00:00,7.73329573382,57.9326310598,0,0,0,14,14,1900,4689
reference_NY46__paper_roles,2019-11-23 13:00:00,7.21018275706,55.4516737099,0,0,0,12,12,1479,4551
reference_NY46__paper_roles,2019-11-23 14:00:00,7.43841106015,57.0212317787,0,0,0,12,12,1654,4643
reference_NY46__paper_roles,2019-11-23 15:00:00,7.6344907551,13.0901566344,0,0,0,12,12,1823,300
reference_NY46__paper_roles,2019-11-23 16:00:00,11.2412843342,57.525350816,0,0,0,13,12,4829,4674
reference_NY46__paper_roles,2019-11-23 17:00:00,11.7153363747,58.8191490277,0,0,0,12,12,5167,4731
reference_NY46__paper_roles,2019-11-23 18:00:00,8.15368047512,28.1405652924,0,0,0,12,12,2218,2202
reference_NY46__paper_roles,2019-11-23 19:00:00,6.95371851092,35.8719299315,0,0,0,12,12,1307,3031
reference_NY46__paper_roles,2019-11-23 20:00:00,6.10413062704,21.8905878629,0,0,0,12,12,797,1393
reference_NY46__paper_roles,2019-11-23 21:00:00,8.16866363971,92.438435364,0,0,0,12,12,2238,6022
reference_NY46__paper_roles,2019-11-23 22:00:00,9.45178948471,92.1969001668,0,0,0,12,12,3352,6013
reference_NY46__paper_roles,2019-11-23 23:00:00,16.580727708,89.3589022074,0,0,0,12,12,7509,5926
reference_NY46__paper_roles,2019-11-24 00:00:00,12.900011514,62.5008837351,0,0,0,12,12,5926,4917
reference_NY46__paper_roles,2019-11-24 01:00:00,13.008080277,38.4950333343,0,0,0,12,12,5981,3287
reference_NY46__paper_roles,2019-11-24 02:00:00,9.8514492696,28.9024534546,0,0,0,12,12,3720,2301
reference_NY46__paper_roles,2019-11-24 03:00:00,8.30433107224,27.2400027393,0,0,0,12,12,2347,2101
reference_NY46__paper_roles,2019-11-24 04:00:00,11.8536446471,30.0995918379,0,0,0,12,12,5268,2438
reference_NY46__paper_roles,2019-11-24 05:00:00,6.33086236238,27.4937563341,0,0,0,12,12,921,2131
reference_NY46__paper_roles,2019-11-24 06:00:00,6.94827943358,24.3204843342,0,0,0,12,12,1300,1722
reference_NY46__paper_roles,2019-11-24 07:00:00,8.07304004554,28.6955765791,0,0,0,12,12,2155,2278
reference_NY46__paper_roles,2019-11-24 08:00:00,8.95173029392,31.72939942,0,0,0,12,12,2939,2604
reference_NY46__paper_roles,2019-11-24 09:00:00,10.7791284896,59.7873308701,0,0,0,14,13,4466,4787
reference_NY46__paper_roles,2019-11-24 10:00:00,10.0212647797,44.450899602,0,0,0,11,11,3859,3772
reference_NY46__paper_roles,2019-11-24 11:00:00,9.48962793829,38.8594435381,0,0,0,12,12,3394,3318
reference_NY46__paper_roles,2019-11-24 12:00:00,8.51083931749,23.074036215,0,0,0,12,12,2527,1553
reference_NY46__paper_roles,2019-11-24 13:00:00,9.45775031233,33.7022844628,0,0,0,12,12,3363,2820
reference_NY46__paper_roles,2019-11-24 14:00:00,7.64540603286,25.985558609,0,0,0,12,12,1832,1949
reference_NY46__paper_roles,2019-11-24 15:00:00,7.1210476764,28.4566518086,0,0,0,12,12,1419,2246
reference_NY46__paper_roles,2019-11-24 16:00:00,7.3104750324,27.3158267307,0,0,0,12,12,1545,2115
reference_NY46__paper_roles,2019-11-24 17:00:00,7.24880239598,25.9079178507,0,0,0,12,12,1498,1941
reference_NY46__paper_roles,2019-11-24 18:00:00,8.45250847799,25.9338011032,0,0,0,12,12,2480,1945
reference_NY46__paper_roles,2019-11-24 19:00:00,7.84356344023,27.8804107524,0,0,0,12,12,1969,2175
reference_NY46__paper_roles,2019-11-24 20:00:00,8.18803934516,39.7583673946,0,0,0,12,12,2256,3407
reference_NY46__paper_roles,2019-11-24 21:00:00,7.99951699427,56.734132639,0,0,0,14,14,2094,4629
reference_NY46__paper_roles,2019-11-24 22:00:00,11.9867311143,56.5038085963,0,0,0,12,12,5387,4611
reference_NY46__paper_roles,2019-11-24 23:00:00,8.39900374336,37.1150610409,0,0,0,14,13,2431,3151
reference_NY46__paper_roles,2019-11-25 00:00:00,9.34312142749,923.607836028,0,0,0,12,12,3269,8475
reference_NY46__paper_roles,2019-11-25 01:00:00,9.41730637351,34.7093453532,0,0,0,12,12,3320,2927
reference_NY46__paper_roles,2019-11-25 02:00:00,9.78552622088,44.9108960278,0,0,0,12,12,3652,3809
reference_NY46__paper_roles,2019-11-25 03:00:00,11.0071154278,45.2413461682,0,0,0,12,12,4649,3832
reference_NY46__paper_roles,2019-11-25 04:00:00,11.9105375314,160.761026464,0,0,0,12,12,5328,7171
reference_NY46__paper_roles,2019-11-25 05:00:00,9.97913067813,173.883314551,0,0,0,12,12,3822,7301
reference_NY46__paper_roles,2019-11-25 06:00:00,11.2691798566,238.335576988,0,0,0,12,12,4845,7702
reference_NY46__paper_roles,2019-11-25 07:00:00,7.09815728903,167.922914137,0,0,0,12,12,1400,7244
reference_NY46__paper_roles,2019-11-25 08:00:00,9.13430627311,285.052992721,1,0,0,12,12,3071,7885
reference_NY46__paper_roles,2019-11-25 09:00:00,10.1114761588,269.002924344,1,0,0,12,12,3934,7822
reference_NY46__paper_roles,2019-11-25 10:00:00,13.760266403,204.670899,1,0,0,12,12,6405,7519
reference_NY46__paper_roles,2019-11-25 11:00:00,9.63374220163,647.081212914,1,0,0,13,12,3539,8361
reference_NY46__paper_roles,2019-11-25 12:00:00,12.9025141836,1147.56475413,1,0,0,12,12,5927,8526
reference_NY46__paper_roles,2019-11-25 13:00:00,13.5260835152,1998.36018647,1,0,0,12,12,6274,8616
reference_NY46__paper_roles,2019-11-25 14:00:00,8.75404040934,144.940780011,1,0,0,12,12,2743,6987
reference_NY46__paper_roles,2019-11-25 15:00:00,3.22761818139,138.576682914,1,0,0,12,12,38,6909
reference_NY46__paper_roles,2019-11-25 16:00:00,7.00010318249,79.4375304847,0,0,0,12,12,1339,5600
reference_NY46__paper_roles,2019-11-25 17:00:00,7.36229813493,177.208986574,1,0,0,12,12,1588,7330
reference_NY46__paper_roles,2019-11-25 18:00:00,5.96958098551,156.367034745,1,0,0,12,12,737,7124
reference_NY46__paper_roles,2019-11-25 19:00:00,8.20948586651,173.486275492,1,0,0,12,12,2275,7297
reference_NY46__paper_roles,2019-11-25 20:00:00,8.77123888143,344.874024875,1,0,0,12,12,2759,8049
reference_NY46__paper_roles,2019-11-25 21:00:00,11.3344805699,749.860305851,1,0,0,12,12,4898,8418
reference_NY46__paper_roles,2019-11-25 22:00:00,14.4523517253,204.015291544,0,0,0,14,13,6736,7512
reference_NY46__paper_roles,2019-11-25 23:00:00,11.6495076675,64.5361890476,0,0,0,12,12,5117,5013
reference_NY46__paper_roles,2019-11-26 00:00:00,15.4817722934,68.2922375869,0,0,0,12,12,7128,5182
reference_NY46__paper_roles,2019-11-26 01:00:00,15.6096730476,48.8670258366,0,0,0,12,12,7169,4116
reference_NY46__paper_roles,2019-11-26 02:00:00,16.3744023049,77.1707105305,0,0,0,12,12,7437,5517
reference_NY46__paper_roles,2019-11-26 03:00:00,16.84942364,74.8205647605,0,0,0,12,12,7579,5433
reference_NY46__paper_roles,2019-11-26 04:00:00,19.0923497059,117.515268153,0,0,0,12,12,8032,6556
reference_NY46__paper_roles,2019-11-26 05:00:00,12.3718753899,273.05937452,0,0,0,12,12,5616,7830
reference_NY46__paper_roles,2019-11-26 06:00:00,7.65913635672,36.4237271141,0,0,0,12,12,1841,3085
reference_NY46__paper_roles,2019-11-26 07:00:00,7.09801958504,85.7674975657,0,0,0,12,12,1399,5827
reference_NY46__paper_roles,2019-11-26 08:00:00,6.21552995059,46.9823695201,0,0,0,12,12,852,3961
reference_NY46__paper_roles,2019-11-26 09:00:00,5.56608473407,157.83001502,0,0,0,12,12,571,7142
reference_NY46__paper_roles,2019-11-26 10:00:00,8.76153224513,41172.370195,0,0,0,13,13,2750,8753
reference_NY46__paper_roles,2019-11-26 11:00:00,8.53288239349,506.608211077,1,0,0,12,12,2547,8257
reference_NY46__paper_roles,2019-11-26 12:00:00,10.3366111266,139.311515941,1,0,0,12,12,4105,6918
reference_NY46__paper_roles,2019-11-26 13:00:00,11.8657466354,442.908936692,1,0,0,12,12,5287,8185
reference_NY46__paper_roles,2019-11-26 14:00:00,10.6708810609,680.111172037,1,0,0,12,12,4383,8386
reference_NY46__paper_roles,2019-11-26 15:00:00,7.0987844943,133.424959675,0,0,0,12,12,1401,6841
reference_NY46__paper_roles,2019-11-26 16:00:00,11.9227477233,344.064330999,0,0,0,12,12,5334,8047
reference_NY46__paper_roles,2019-11-26 17:00:00,13.1561158885,524.095979971,1,0,0,12,12,6059,8278
reference_NY46__paper_roles,2019-11-26 18:00:00,10.3589806617,152463.109117,0,0,0,12,12,4122,8760
reference_NY46__paper_roles,2019-11-26 19:00:00,10.3795842249,2865.47488735,1,0,0,12,12,4140,8661
reference_NY46__paper_roles,2019-11-26 20:00:00,8.85659012882,499.238383146,1,0,0,12,12,2845,8251
reference_NY46__paper_roles,2019-11-26 21:00:00,10.2189727552,147.779646882,0,0,0,12,12,4019,7025
reference_NY46__paper_roles,2019-11-26 22:00:00,11.6005120695,32.7401144946,0,0,0,12,12,5083,2720
reference_NY46__paper_roles,2019-11-26 23:00:00,6.49712821051,16.0266431446,0,0,0,13,12,1033,608
reference_NY46__paper_roles,2019-11-27 00:00:00,6.86612861504,15.6852181333,0,0,0,12,12,1243,562
reference_NY46__paper_roles,2019-11-27 01:00:00,8.52085261246,27.6176759184,0,0,0,12,12,2537,2147
reference_NY46__paper_roles,2019-11-27 02:00:00,8.71516204828,31.3705852313,0,0,0,12,12,2697,2577
reference_NY46__paper_roles,2019-11-27 03:00:00,8.16013170816,30.7562222206,0,0,0,12,12,2225,2507
reference_NY46__paper_roles,2019-11-27 04:00:00,7.87135673986,21.4905097006,0,0,0,12,12,1994,1335
reference_NY46__paper_roles,2019-11-27 05:00:00,9.24129530523,22.5996898766,0,0,0,12,12,3178,1491
reference_NY46__paper_roles,2019-11-27 06:00:00,9.15058002208,42.7540579795,0,0,0,12,12,3086,3634
reference_NY46__paper_roles,2019-11-27 07:00:00,9.1811174946,49.8893106535,0,0,0,12,12,3119,4192
reference_NY46__paper_roles,2019-11-27 08:00:00,9.02664625503,50.61068639,0,0,0,12,12,2990,4229
reference_NY46__paper_roles,2019-11-27 09:00:00,8.07401041609,17.8680795441,0,0,0,12,12,2156,830
reference_NY46__paper_roles,2019-11-27 10:00:00,7.44733183743,18.584230556,0,0,0,12,12,1663,912
reference_NY46__paper_roles,2019-11-27 11:00:00,8.29882137862,63.2336603762,0,0,0,12,12,2338,4954
reference_NY46__paper_roles,2019-11-27 12:00:00,7.08178954961,215.946682764,0,0,0,13,13,1390,7578
reference_NY46__paper_roles,2019-11-27 13:00:00,7.43560577966,2009.87600455,0,0,0,12,12,1650,8617
reference_NY46__paper_roles,2019-11-27 14:00:00,7.10534770646,14.4290125494,0,0,0,12,12,1406,435
reference_NY46__paper_roles,2019-11-27 15:00:00,6.13610306833,21.1617461221,0,0,0,12,12,811,1294
reference_NY46__paper_roles,2019-11-27 16:00:00,5.37329263163,52.0734325392,0,0,0,12,12,500,4341
reference_NY46__paper_roles,2019-11-27 17:00:00,5.46045661464,17.6408110887,0,0,0,12,12,531,804
reference_NY46__paper_roles,2019-11-27 18:00:00,6.42092995064,23.5954267052,0,0,0,12,12,984,1626
reference_NY46__paper_roles,2019-11-27 19:00:00,8.92806954576,497.440607861,0,0,0,12,12,2915,8250
reference_NY46__paper_roles,2019-11-27 20:00:00,11.0236854328,2132.61450313,0,0,0,12,12,4662,8627
reference_NY46__paper_roles,2019-11-27 21:00:00,9.57591076539,15632.8794131,0,0,0,12,12,3482,8741
reference_NY46__paper_roles,2019-11-27 22:00:00,12.5745344593,55.8515821688,0,0,0,12,12,5742,4578
reference_NY46__paper_roles,2019-11-27 23:00:00,11.8406335413,30.497977132,0,0,0,12,12,5252,2475
reference_NY46__paper_roles,2019-11-28 00:00:00,9.68733471168,332.340189461,1,0,0,12,12,3581,8011
reference_NY46__paper_roles,2019-11-28 01:00:00,10.663430864,1054.68545396,1,0,0,12,12,4379,8505
reference_NY46__paper_roles,2019-11-28 02:00:00,13.509676788,601.456922504,1,0,0,12,12,6259,8339
reference_NY46__paper_roles,2019-11-28 03:00:00,14.3536539732,723.370843966,1,0,0,12,12,6682,8408
reference_NY46__paper_roles,2019-11-28 04:00:00,11.7487221178,285.126463387,1,0,0,12,12,5192,7886
reference_NY46__paper_roles,2019-11-28 05:00:00,14.9575308317,968.776134703,1,0,0,12,12,6926,8486
reference_NY46__paper_roles,2019-11-28 06:00:00,14.8286253195,6518.78864416,2,0,0,12,12,6880,8724
reference_NY46__paper_roles,2019-11-28 07:00:00,14.7612546209,197.631978763,1,0,0,13,12,6851,7471
reference_NY46__paper_roles,2019-11-28 08:00:00,17.2351840447,31118.396842,1,0,0,12,12,7681,8750
reference_NY46__paper_roles,2019-11-28 09:00:00,17.7935933785,259.263051214,0,0,0,13,13,7801,7793
reference_NY46__paper_roles,2019-11-28 10:00:00,16.4017663493,128.304491603,0,0,0,12,12,7451,6768
reference_NY46__paper_roles,2019-11-28 11:00:00,18.6772716867,126.853975528,0,0,0,12,12,7963,6748
reference_NY46__paper_roles,2019-11-28 12:00:00,18.8521031607,143.689564981,0,0,0,12,12,7990,6979
reference_NY46__paper_roles,2019-11-28 13:00:00,14.477031162,66.507399963,0,0,0,12,12,6746,5099
reference_NY46__paper_roles,2019-11-28 14:00:00,7.67120093076,28.0489573169,0,0,0,12,12,1852,2191
reference_NY46__paper_roles,2019-11-28 15:00:00,7.82099814314,36.5643796777,0,0,0,12,12,1955,3102
reference_NY46__paper_roles,2019-11-28 16:00:00,9.26062469326,60.6282072093,0,0,0,12,12,3196,4820
reference_NY46__paper_roles,2019-11-28 17:00:00,14.3789590373,146.157896421,0,0,0,12,12,6697,7004
reference_NY46__paper_roles,2019-11-28 18:00:00,10.2403985612,98.7119993354,0,0,0,12,12,4035,6188
reference_NY46__paper_roles,2019-11-28 19:00:00,9.8053009535,103.113854406,0,0,0,12,12,3674,6302
reference_NY46__paper_roles,2019-11-28 20:00:00,9.56303190743,96.77840863,0,0,0,12,12,3469,6153
reference_NY46__paper_roles,2019-11-28 21:00:00,9.54773486106,94.6166668278,0,0,0,12,12,3452,6087
reference_NY46__paper_roles,2019-11-28 22:00:00,8.45977188506,53.8340922687,0,0,0,12,12,2488,4456
reference_NY46__paper_roles,2019-11-28 23:00:00,10.2610721489,50.5024321329,0,0,0,13,12,4046,4227
reference_NY46__paper_roles,2019-11-29 00:00:00,9.62879339247,19.4827719846,0,0,0,12,12,3536,1064
reference_NY46__paper_roles,2019-11-29 01:00:00,9.72701224743,31.2172137624,0,0,0,12,12,3613,2556
reference_NY46__paper_roles,2019-11-29 02:00:00,8.06529356613,21.007355466,0,0,0,12,12,2146,1277
reference_NY46__paper_roles,2019-11-29 03:00:00,7.52279886324,14.4119105613,0,0,0,13,12,1730,431
reference_NY46__paper_roles,2019-11-29 04:00:00,7.95469649247,14.7562211323,0,0,0,12,12,2056,468
reference_NY46__paper_roles,2019-11-29 05:00:00,7.99519209,13.4068689488,0,0,0,12,12,2090,339
reference_NY46__paper_roles,2019-11-29 06:00:00,12.471853175,73.7664939467,0,0,0,12,12,5689,5392
reference_NY46__paper_roles,2019-11-29 07:00:00,15.4736942892,89.8309220918,0,0,0,12,12,7122,5938
reference_NY46__paper_roles,2019-11-29 08:00:00,17.0714974284,103.265187557,0,0,0,12,12,7639,6307
reference_NY46__paper_roles,2019-11-29 09:00:00,11.3425410979,53.8673900613,0,0,0,12,12,4908,4457
reference_NY46__paper_roles,2019-11-29 10:00:00,12.7713820515,120.351309277,0,0,0,12,12,5848,6614
reference_NY46__paper_roles,2019-11-29 11:00:00,10.5293688255,175.924987669,0,0,0,12,12,4271,7317
reference_NY46__paper_roles,2019-11-29 12:00:00,9.34519554078,249.346590443,0,0,0,13,13,3270,7758
reference_NY46__paper_roles,2019-11-29 13:00:00,6.95777966879,150.477562675,0,0,0,12,12,1312,7058
reference_NY46__paper_roles,2019-11-29 14:00:00,6.56995130637,91.5880655293,0,0,0,12,12,1072,5987
reference_NY46__paper_roles,2019-11-29 15:00:00,4.50057981632,16.0792528203,0,0,0,12,12,220,618
reference_NY46__paper_roles,2019-11-29 16:00:00,9.45295299912,24.42241792,0,0,0,12,12,3354,1738
reference_NY46__paper_roles,2019-11-29 17:00:00,13.8116342888,33.2954932445,0,0,0,12,12,6427,2777
reference_NY46__paper_roles,2019-11-29 18:00:00,15.7120042668,23.8812773147,0,0,0,12,12,7219,1668
reference_NY46__paper_roles,2019-11-29 19:00:00,11.8546841885,23.2904326046,0,0,0,12,12,5270,1587
reference_NY46__paper_roles,2019-11-29 20:00:00,9.58547372314,20.4910953737,0,0,0,12,12,3489,1195
reference_NY46__paper_roles,2019-11-29 21:00:00,8.57727795957,17.0588076868,0,0,0,12,12,2589,734
reference_NY46__paper_roles,2019-11-29 22:00:00,8.81280271128,18.8241448817,0,0,0,12,12,2801,954
reference_NY46__paper_roles,2019-11-29 23:00:00,7.33404242663,12.6761953756,0,0,0,12,12,1563,264
reference_NY46__paper_roles,2019-11-30 00:00:00,15.4270381805,27.1965440369,0,0,0,12,12,7109,2096
reference_NY46__paper_roles,2019-11-30 01:00:00,11.1534411275,22.3748804661,0,0,0,12,12,4758,1466
reference_NY46__paper_roles,2019-11-30 02:00:00,11.8855754117,43.5342573898,0,0,0,12,12,5306,3703
reference_NY46__paper_roles,2019-11-30 03:00:00,13.7758584748,33.4654931519,0,0,0,12,12,6412,2796
reference_NY46__paper_roles,2019-11-30 04:00:00,11.1643981382,23.9566080955,0,0,0,12,12,4764,1680
reference_NY46__paper_roles,2019-11-30 05:00:00,11.5505554033,26.983472639,0,0,0,12,12,5046,2073
reference_NY46__paper_roles,2019-11-30 06:00:00,11.3675220398,18.8805351598,0,0,0,12,12,4927,965
reference_NY46__paper_roles,2019-11-30 07:00:00,12.4782809788,15.6580257458,0,0,0,12,12,5695,556
reference_NY46__paper_roles,2019-11-30 08:00:00,9.18685956462,15.1652216289,0,0,0,12,12,3126,504
reference_NY46__paper_roles,2019-11-30 09:00:00,7.96212945211,18.747661438,0,0,0,12,12,2065,936
reference_NY46__paper_roles,2019-11-30 10:00:00,8.64766553278,20.1241469356,0,0,0,12,12,2642,1148
reference_NY46__paper_roles,2019-11-30 11:00:00,9.81435038593,18.4568428639,0,0,0,12,12,3682,897
reference_NY46__paper_roles,2019-11-30 12:00:00,11.506545967,18.7470699802,0,0,0,12,12,5020,935
reference_NY46__paper_roles,2019-11-30 13:00:00,9.4952957731,18.2729646628,0,0,0,12,12,3402,873
reference_NY46__paper_roles,2019-11-30 14:00:00,10.9280733448,19.9753574768,0,0,0,12,12,4586,1124
reference_NY46__paper_roles,2019-11-30 15:00:00,10.3958033666,19.9797864805,0,0,0,12,12,4160,1125
reference_NY46__paper_roles,2019-11-30 16:00:00,11.35146356,21.3285398538,0,0,0,12,12,4912,1314
reference_NY46__paper_roles,2019-11-30 17:00:00,10.3249449269,22.5587346948,0,0,0,12,12,4096,1487
reference_NY46__paper_roles,2019-11-30 18:00:00,11.4860077604,24.8890602924,0,0,0,12,12,5011,1802
reference_NY46__paper_roles,2019-11-30 19:00:00,11.5668634907,22.3581057008,0,0,0,12,12,5062,1462
reference_NY46__paper_roles,2019-11-30 20:00:00,12.1804065769,24.5395402685,0,0,0,12,12,5517,1757
reference_NY46__paper_roles,2019-11-30 21:00:00,11.0771874441,27.2773805235,0,0,0,12,12,4693,2108
reference_NY46__paper_roles,2019-11-30 22:00:00,10.5024261322,25.2294773081,0,0,0,12,12,4245,1842
reference_NY46__paper_roles,2019-11-30 23:00:00,11.6821628216,23.2533732856,0,0,0,12,12,5144,1581
reference_NY46__paper_roles,2019-12-01 00:00:00,13.6124581395,19.7264020199,0,0,0,12,12,6325,1101
reference_NY46__paper_roles,2019-12-01 01:00:00,11.9609887715,21.9542750668,0,0,0,12,12,5367,1403
reference_NY46__paper_roles,2019-12-01 02:00:00,14.5218445162,26.8647630629,0,0,0,12,12,6764,2056
reference_NY46__paper_roles,2019-12-01 03:00:00,17.4949964496,28.5319327852,0,0,0,12,12,7736,2258
reference_NY46__paper_roles,2019-12-01 04:00:00,14.7573164609,33.2585627966,0,0,0,12,12,6847,2772
reference_NY46__paper_roles,2019-12-01 05:00:00,13.4378860762,36.4245144078,0,0,0,12,12,6214,3086
reference_NY46__paper_roles,2019-12-01 06:00:00,13.0352448946,40.4133211229,0,0,0,12,12,5997,3459
reference_NY46__paper_roles,2019-12-01 07:00:00,17.6251018431,63.9731803446,0,0,0,12,12,7763,4983
reference_NY46__paper_roles,2019-12-01 08:00:00,19.5964519248,62.0981112185,0,0,0,12,12,8112,4902
reference_NY46__paper_roles,2019-12-01 09:00:00,14.1513011441,33.0563288107,0,0,0,12,12,6592,2747
reference_NY46__paper_roles,2019-12-01 10:00:00,14.6256983742,39.557986218,0,0,0,12,12,6798,3386
reference_NY46__paper_roles,2019-12-01 11:00:00,8.28913043036,23.8313091997,0,0,0,12,12,2328,1657
reference_NY46__paper_roles,2019-12-01 12:00:00,11.6196627251,43.2795687586,0,0,0,12,12,5098,3683
reference_NY46__paper_roles,2019-12-01 13:00:00,10.7585887054,49.6059839858,0,0,0,12,12,4450,4174
reference_NY46__paper_roles,2019-12-01 14:00:00,7.60967800435,37.2470206046,0,0,0,12,12,1803,3161
reference_NY46__paper_roles,2019-12-01 15:00:00,11.0503114764,48.0692208601,0,0,0,12,12,4679,4049
reference_NY46__paper_roles,2019-12-01 16:00:00,15.333963782,64.857182094,0,0,0,12,12,7065,5036
reference_NY46__paper_roles,2019-12-01 17:00:00,19.9315828074,133.746861955,0,0,0,12,12,8168,6844
reference_NY46__paper_roles,2019-12-01 18:00:00,12.1104513425,54.8977686216,0,0,0,12,12,5467,4515
reference_NY46__paper_roles,2019-12-01 19:00:00,8.74932878689,30.8744397713,0,0,0,12,12,2736,2527
reference_NY46__paper_roles,2019-12-01 20:00:00,7.84939950297,26.8177578998,0,0,0,12,12,1974,2051
reference_NY46__paper_roles,2019-12-01 21:00:00,7.98033352268,27.2750446779,0,0,0,12,12,2077,2107
reference_NY46__paper_roles,2019-12-01 22:00:00,10.4229093447,14.983862017,0,0,0,13,12,4184,488
reference_NY46__paper_roles,2019-12-01 23:00:00,6.61416903275,17.068702115,0,0,0,12,12,1100,735
reference_NY46__paper_roles,2019-12-02 00:00:00,7.69869966616,18.1489038791,0,0,0,12,12,1872,858
reference_NY46__paper_roles,2019-12-02 01:00:00,14.0416483704,67.3199289768,0,0,0,12,12,6546,5136
reference_NY46__paper_roles,2019-12-02 02:00:00,15.4316332185,69.6310436773,0,0,0,12,12,7111,5231
reference_NY46__paper_roles,2019-12-02 03:00:00,15.4502100459,69.4113845495,0,0,0,12,12,7118,5222
reference_NY46__paper_roles,2019-12-02 04:00:00,10.8018227757,26.6951621979,0,0,0,12,12,4488,2038
reference_NY46__paper_roles,2019-12-02 05:00:00,10.1918632107,41.2943619699,0,0,0,12,12,4000,3538
reference_NY46__paper_roles,2019-12-02 06:00:00,8.6859105775,16.5562036841,0,0,0,12,12,2669,667
reference_NY46__paper_roles,2019-12-02 07:00:00,10.8819971369,25.3324172809,0,0,0,12,12,4553,1858
reference_NY46__paper_roles,2019-12-02 08:00:00,11.8945635311,50.358516951,0,0,0,12,12,5312,4220
reference_NY46__paper_roles,2019-12-02 09:00:00,10.950909967,44.2038496326,0,0,0,12,12,4599,3749
reference_NY46__paper_roles,2019-12-02 10:00:00,9.22103300511,17.6894857958,0,0,0,12,12,3160,809
reference_NY46__paper_roles,2019-12-02 11:00:00,8.72977161063,29.4926097086,0,0,0,12,12,2711,2375
reference_NY46__paper_roles,2019-12-02 12:00:00,9.82426404146,33.2009380945,0,0,0,12,12,3690,2767
reference_NY46__paper_roles,2019-12-02 13:00:00,9.77998756379,25.6489124618,0,0,0,12,12,3647,1896
reference_NY46__paper_roles,2019-12-02 14:00:00,6.82782567243,15.8228759256,0,0,0,12,12,1224,576
reference_NY46__paper_roles,2019-12-02 15:00:00,6.7055265928,12.9359556765,0,0,0,12,12,1157,290
reference_NY46__paper_roles,2019-12-02 16:00:00,6.81498060751,22.4996332856,0,0,0,12,12,1220,1483
reference_NY46__paper_roles,2019-12-02 17:00:00,8.20653396887,22.0379911296,0,0,0,12,12,2272,1419
reference_NY46__paper_roles,2019-12-02 18:00:00,9.46989120751,25.3278388875,0,0,0,12,12,3372,1855
reference_NY46__paper_roles,2019-12-02 19:00:00,8.38658313508,19.1278147885,0,0,0,12,12,2423,1006
reference_NY46__paper_roles,2019-12-02 20:00:00,8.57745350078,19.6020334803,0,0,0,12,12,2590,1082
reference_NY46__paper_roles,2019-12-02 21:00:00,8.44106691122,16.9455251582,0,0,0,12,12,2472,717
reference_NY46__paper_roles,2019-12-02 22:00:00,16.5128232689,26.9458176307,0,0,0,12,12,7486,2069
reference_NY46__paper_roles,2019-12-02 23:00:00,12.7862430575,24.0662281608,0,0,0,12,12,5852,1692
reference_NY46__paper_roles,2019-12-03 00:00:00,12.2278414077,42.8342835651,0,0,0,12,12,5545,3644
reference_NY46__paper_roles,2019-12-03 01:00:00,16.1874581937,36.0748001769,0,0,0,12,12,7386,3057
reference_NY46__paper_roles,2019-12-03 02:00:00,15.6519397243,39.3939904015,0,0,0,12,12,7191,3372
reference_NY46__paper_roles,2019-12-03 03:00:00,13.4804851505,33.0940952853,0,0,0,12,12,6243,2754
reference_NY46__paper_roles,2019-12-03 04:00:00,14.9742208204,32.1679368129,0,0,0,12,12,6934,2663
reference_NY46__paper_roles,2019-12-03 05:00:00,12.0534946206,48.9680104073,0,0,0,12,12,5432,4124
reference_NY46__paper_roles,2019-12-03 06:00:00,6.73322776029,12.6073657638,0,0,0,12,12,1172,253
reference_NY46__paper_roles,2019-12-03 07:00:00,7.73260774873,17.5742865435,0,0,0,12,12,1898,796
reference_NY46__paper_roles,2019-12-03 08:00:00,7.25506128755,15.6973075863,0,0,0,12,12,1501,563
reference_NY46__paper_roles,2019-12-03 09:00:00,9.57940099646,79.594440991,0,0,0,12,12,3484,5610
reference_NY46__paper_roles,2019-12-03 10:00:00,11.8954245487,311.982785684,0,0,0,13,12,5314,7959
reference_NY46__paper_roles,2019-12-03 11:00:00,11.3071702093,136.871198775,0,0,0,12,12,4876,6885
reference_NY46__paper_roles,2019-12-03 12:00:00,10.6983723369,169.531135596,0,0,0,12,12,4406,7257
reference_NY46__paper_roles,2019-12-03 13:00:00,6.26111361696,76.4557897255,0,0,0,12,12,879,5499
reference_NY46__paper_roles,2019-12-03 14:00:00,6.44404636725,45.0911942099,0,0,0,12,12,1001,3819
reference_NY46__paper_roles,2019-12-03 15:00:00,4.2609786427,16.4802997928,0,0,0,12,12,173,658
reference_NY46__paper_roles,2019-12-03 16:00:00,6.60716160897,35.1536304829,0,0,0,12,12,1092,2962
reference_NY46__paper_roles,2019-12-03 17:00:00,10.6191862722,114.365315025,0,0,0,12,12,4350,6509
reference_NY46__paper_roles,2019-12-03 18:00:00,5.10056985351,21.9957113459,0,0,0,12,12,399,1411
reference_NY46__paper_roles,2019-12-03 19:00:00,5.89060762671,29.0096595617,0,0,0,12,12,703,2314
reference_NY46__paper_roles,2019-12-03 20:00:00,7.63380550711,28.2474983613,0,0,0,12,12,1821,2216
reference_NY46__paper_roles,2019-12-03 21:00:00,4.62749425926,27.6407679949,0,0,0,12,12,254,2150
reference_NY46__paper_roles,2019-12-03 22:00:00,4.81686643612,37.1380185227,0,0,0,12,12,307,3153
reference_NY46__paper_roles,2019-12-03 23:00:00,7.5532631714,18.8754028875,0,0,0,12,12,1760,963
reference_NY46__paper_roles,2019-12-04 00:00:00,4.2725887749,11.5424656568,0,0,0,12,12,174,194
reference_NY46__paper_roles,2019-12-04 01:00:00,8.56429941367,15.877178934,0,0,0,13,12,2578,584
reference_NY46__paper_roles,2019-12-04 02:00:00,7.95167170949,20.8556595386,0,0,0,12,12,2051,1250
reference_NY46__paper_roles,2019-12-04 03:00:00,8.98804536172,28.1772222482,0,0,0,12,12,2968,2206
reference_NY46__paper_roles,2019-12-04 04:00:00,7.45956889086,19.9522246028,0,0,0,12,12,1676,1120
reference_NY46__paper_roles,2019-12-04 05:00:00,7.84192865895,22.3475334699,0,0,0,12,12,1966,1460
reference_NY46__paper_roles,2019-12-04 06:00:00,7.7728777926,27.9354324656,0,0,0,12,12,1921,2182
reference_NY46__paper_roles,2019-12-04 07:00:00,6.53754154139,16.4040347906,0,0,0,12,12,1052,647
reference_NY46__paper_roles,2019-12-04 08:00:00,5.66989079858,22.0984970965,0,0,0,12,12,608,1429
reference_NY46__paper_roles,2019-12-04 09:00:00,6.95408459933,46.0483661278,0,0,0,12,12,1308,3899
reference_NY46__paper_roles,2019-12-04 10:00:00,6.8841775942,33.8322179831,0,0,0,12,12,1254,2836
reference_NY46__paper_roles,2019-12-04 11:00:00,5.89210045662,16.3779239035,0,0,0,12,12,706,645
reference_NY46__paper_roles,2019-12-04 12:00:00,5.13779895081,18.1100839975,0,0,0,12,12,422,854
reference_NY46__paper_roles,2019-12-04 13:00:00,6.23840631226,18.471945167,0,0,0,12,12,865,900
reference_NY46__paper_roles,2019-12-04 14:00:00,6.36192258534,18.6738333667,0,0,0,12,12,936,925
reference_NY46__paper_roles,2019-12-04 15:00:00,4.63836836723,15.6332585693,0,0,0,12,12,258,551
reference_NY46__paper_roles,2019-12-04 16:00:00,5.96788528604,22.6645438006,0,0,0,12,12,734,1501
reference_NY46__paper_roles,2019-12-04 17:00:00,8.45766508996,33.8469153224,0,0,0,13,13,2487,2840
reference_NY46__paper_roles,2019-12-04 18:00:00,7.06118029107,15.7388161814,0,0,0,12,12,1378,568
reference_NY46__paper_roles,2019-12-04 19:00:00,5.51767205675,14.6735491417,0,0,0,13,13,545,457
reference_NY46__paper_roles,2019-12-04 20:00:00,7.49462279154,29.495740556,0,0,0,12,12,1707,2377
reference_NY46__paper_roles,2019-12-04 21:00:00,9.52459366861,58.8580693303,0,0,0,12,12,3438,4735
reference_NY46__paper_roles,2019-12-04 22:00:00,10.6883206614,48.854842215,0,0,0,12,12,4398,4113
reference_NY46__paper_roles,2019-12-04 23:00:00,10.9963581542,40.7366379206,0,0,0,12,12,4643,3497
reference_NY46__paper_roles,2019-12-05 00:00:00,14.1769717655,63.9004064741,0,0,0,12,12,6604,4982
reference_NY46__paper_roles,2019-12-05 01:00:00,17.4933903632,50.1887395352,0,0,0,12,12,7734,4209
reference_NY46__paper_roles,2019-12-05 02:00:00,18.4089380378,76.8024778183,0,0,0,12,12,7923,5506
reference_NY46__paper_roles,2019-12-05 03:00:00,19.3160529173,210.731988442,0,0,0,12,12,8069,7554
reference_NY46__paper_roles,2019-12-05 04:00:00,17.6289772752,88.2352833861,0,0,0,12,12,7764,5885
reference_NY46__paper_roles,2019-12-05 05:00:00,12.9766258939,66.8738923248,0,0,0,12,12,5964,5114
reference_NY46__paper_roles,2019-12-05 06:00:00,12.3344860061,65.4159861587,0,0,0,12,12,5593,5056
reference_NY46__paper_roles,2019-12-05 07:00:00,11.5508807515,89.1069351851,0,0,0,12,12,5047,5915
reference_NY46__paper_roles,2019-12-05 08:00:00,6.68358709843,29.8346862041,0,0,0,12,12,1146,2408
reference_NY46__paper_roles,2019-12-05 09:00:00,7.82256307707,62.6307021124,0,0,0,12,12,1956,4923
reference_NY46__paper_roles,2019-12-05 10:00:00,11.4234023579,161.331468643,0,0,0,12,12,4968,7180
reference_NY46__paper_roles,2019-12-05 11:00:00,10.1057405451,204.053438541,0,0,0,12,12,3930,7514
reference_NY46__paper_roles,2019-12-05 12:00:00,7.29620451681,146.164007015,0,0,0,12,12,1529,7005
reference_NY46__paper_roles,2019-12-05 13:00:00,9.22208159957,204.822777176,0,0,0,12,12,3161,7522
reference_NY46__paper_roles,2019-12-05 14:00:00,6.51052546428,63.4486674005,0,0,0,12,12,1041,4963
reference_NY46__paper_roles,2019-12-05 15:00:00,3.86657551968,8.0938425498,0,0,0,12,12,113,44
reference_NY46__paper_roles,2019-12-05 16:00:00,5.32677829913,19.552970916,0,0,0,12,12,481,1074
reference_NY46__paper_roles,2019-12-05 17:00:00,7.60573192232,98.3207924668,0,0,0,12,12,1797,6180
reference_NY46__paper_roles,2019-12-05 18:00:00,7.78409659798,416.57379871,0,0,0,12,12,1926,8153
reference_NY46__paper_roles,2019-12-05 19:00:00,7.25761927034,91.7889668312,0,0,0,12,12,1504,5994
reference_NY46__paper_roles,2019-12-05 20:00:00,6.36655805051,8.23253667816,0,0,0,12,12,942,50
reference_NY46__paper_roles,2019-12-05 21:00:00,6.36729004726,11.0856874865,0,0,0,12,12,943,169
reference_NY46__paper_roles,2019-12-05 22:00:00,9.47813519708,106.220732499,0,0,0,12,12,3382,6370
reference_NY46__paper_roles,2019-12-05 23:00:00,15.3162387136,83.3735320587,0,0,0,12,12,7055,5735
reference_NY46__paper_roles,2019-12-06 00:00:00,12.1778860534,236.250019687,0,0,0,12,12,5511,7694
reference_NY46__paper_roles,2019-12-06 01:00:00,14.1596618677,391.634924976,0,0,0,12,12,6596,8127
reference_NY46__paper_roles,2019-12-06 02:00:00,13.7667578263,298.901287759,0,0,0,12,12,6409,7922
reference_NY46__paper_roles,2019-12-06 03:00:00,12.9079277258,152.506264954,0,0,0,12,12,5930,7079
reference_NY46__paper_roles,2019-12-06 04:00:00,12.1484394,100.296676915,0,0,0,12,12,5489,6234
reference_NY46__paper_roles,2019-12-06 05:00:00,11.4844345158,75.6011863634,0,0,0,12,12,5009,5464
reference_NY46__paper_roles,2019-12-06 06:00:00,6.32300679361,22.8703018603,0,0,0,12,12,913,1529
reference_NY46__paper_roles,2019-12-06 07:00:00,8.3187255372,15.4706656129,0,0,0,12,12,2365,534
reference_NY46__paper_roles,2019-12-06 08:00:00,7.96719317043,49.2948067755,0,0,0,12,12,2068,4150
reference_NY46__paper_roles,2019-12-06 09:00:00,7.31411113074,342.339707466,0,0,0,12,12,1547,8039
reference_NY46__paper_roles,2019-12-06 10:00:00,7.27095012703,1271.70863344,1,0,0,12,12,1511,8544
reference_NY46__paper_roles,2019-12-06 11:00:00,7.43424022313,415.237912092,1,0,0,12,12,1648,8152
reference_NY46__paper_roles,2019-12-06 12:00:00,7.25061795203,7109.73824526,1,0,0,12,12,1499,8727
reference_NY46__paper_roles,2019-12-06 13:00:00,7.36814325873,318.410901423,0,0,0,12,12,1594,7980
reference_NY46__paper_roles,2019-12-06 14:00:00,6.86623842916,152.414442496,0,0,0,12,12,1244,7075
reference_NY46__paper_roles,2019-12-06 15:00:00,7.84550840042,67.6775638856,0,0,0,12,12,1971,5154
reference_NY46__paper_roles,2019-12-06 16:00:00,7.63487070658,89.5890295568,0,0,0,12,12,1824,5931
reference_NY46__paper_roles,2019-12-06 17:00:00,8.12469057116,102.804714296,0,0,0,12,12,2202,6295
reference_NY46__paper_roles,2019-12-06 18:00:00,8.51729843228,80.1952629027,0,0,0,12,12,2533,5628
reference_NY46__paper_roles,2019-12-06 19:00:00,5.87901325662,43.1683457024,0,0,0,12,12,695,3674
reference_NY46__paper_roles,2019-12-06 20:00:00,8.13171678236,52.6004518992,0,0,0,12,12,2206,4371
reference_NY46__paper_roles,2019-12-06 21:00:00,8.05549654793,15.2119991271,0,0,0,12,12,2140,512
reference_NY46__paper_roles,2019-12-06 22:00:00,12.4536749686,32.4533328923,0,0,0,12,12,5679,2693
reference_NY46__paper_roles,2019-12-06 23:00:00,14.2682584761,28.0006347756,0,0,0,12,12,6637,2185
reference_NY46__paper_roles,2019-12-07 00:00:00,21.8565720044,82.9290373021,0,0,0,12,12,8390,5720
reference_NY46__paper_roles,2019-12-07 01:00:00,18.0407653233,57.5096918293,0,0,0,12,12,7863,4671
reference_NY46__paper_roles,2019-12-07 02:00:00,16.094264948,46.1023150813,0,0,0,12,12,7349,3904
reference_NY46__paper_roles,2019-12-07 03:00:00,13.4691690535,55.9583607888,0,0,0,12,12,6233,4583
reference_NY46__paper_roles,2019-12-07 04:00:00,12.4468930725,41.0977115399,0,0,0,12,12,5673,3526
reference_NY46__paper_roles,2019-12-07 05:00:00,13.1894918912,61.6744278176,0,0,0,12,12,6079,4878
reference_NY46__paper_roles,2019-12-07 06:00:00,13.4780680055,3402.18333929,1,0,0,12,12,6240,8677
reference_NY46__paper_roles,2019-12-07 07:00:00,13.0516200142,51.7373318134,0,0,0,12,12,6005,4316
reference_NY46__paper_roles,2019-12-07 08:00:00,11.5902666313,18.7119031885,0,0,0,12,12,5078,930
reference_NY46__paper_roles,2019-12-07 09:00:00,11.3565419439,74.881840552,0,0,0,12,12,4917,5435
reference_NY46__paper_roles,2019-12-07 10:00:00,10.2961491844,123.499311036,1,0,0,12,12,4072,6689
reference_NY46__paper_roles,2019-12-07 11:00:00,10.7534547079,21.2858560465,0,0,0,12,12,4444,1309
reference_NY46__paper_roles,2019-12-07 12:00:00,14.6291157215,50394.2039206,0,0,0,12,12,6799,8754
reference_NY46__paper_roles,2019-12-07 13:00:00,12.9531202194,333.701606777,0,0,0,12,12,5952,8017
reference_NY46__paper_roles,2019-12-07 14:00:00,9.65064694961,157.269310603,0,0,0,12,12,3547,7132
reference_NY46__paper_roles,2019-12-07 15:00:00,7.90927331748,87.4008987329,0,0,0,12,12,2017,5865
reference_NY46__paper_roles,2019-12-07 16:00:00,6.84962874644,32.7491430151,0,0,0,12,12,1233,2721
reference_NY46__paper_roles,2019-12-07 17:00:00,9.14239710371,123.148582326,0,0,0,12,12,3079,6680
reference_NY46__paper_roles,2019-12-07 18:00:00,8.80012008059,121.814080626,0,0,0,12,12,2786,6652
reference_NY46__paper_roles,2019-12-07 19:00:00,5.47116635771,29.3680644621,0,0,0,12,12,533,2364
reference_NY46__paper_roles,2019-12-07 20:00:00,5.25009133664,9.33262320547,0,0,0,12,12,455,87
reference_NY46__paper_roles,2019-12-07 21:00:00,4.89176701234,16.9362526652,0,0,0,12,12,335,714
reference_NY46__paper_roles,2019-12-07 22:00:00,7.28917622188,20.0568807872,0,0,0,12,12,1524,1138
reference_NY46__paper_roles,2019-12-07 23:00:00,15.0129379919,28.2236682175,0,0,0,13,12,6941,2211
reference_NY46__paper_roles,2019-12-08 00:00:00,11.7912872307,19.2085985473,0,0,0,12,12,5224,1018
reference_NY46__paper_roles,2019-12-08 01:00:00,10.7667939712,14.6063420359,0,0,0,12,12,4457,452
reference_NY46__paper_roles,2019-12-08 02:00:00,10.7860363257,23.6651511864,0,0,0,12,12,4471,1636
reference_NY46__paper_roles,2019-12-08 03:00:00,11.8599455674,25.1898601403,0,0,0,12,12,5281,1838
reference_NY46__paper_roles,2019-12-08 04:00:00,10.159552212,25.3071878361,0,0,0,12,12,3972,1853
reference_NY46__paper_roles,2019-12-08 05:00:00,9.91585550666,27.4165078723,0,0,0,12,12,3775,2125
reference_NY46__paper_roles,2019-12-08 06:00:00,11.0093659216,35.3656899978,0,0,0,12,12,4654,2981
reference_NY46__paper_roles,2019-12-08 07:00:00,11.8388502693,41.6608526284,0,0,0,12,12,5249,3553
reference_NY46__paper_roles,2019-12-08 08:00:00,11.8940309858,59.9983940678,0,0,0,12,12,5311,4796
reference_NY46__paper_roles,2019-12-08 09:00:00,13.9322622539,85.5415651459,0,0,0,12,12,6491,5819
reference_NY46__paper_roles,2019-12-08 10:00:00,11.5413012606,71.854979342,0,0,0,12,12,5037,5318
reference_NY46__paper_roles,2019-12-08 11:00:00,11.3725856878,97.9117600321,0,0,0,12,12,4933,6171
reference_NY46__paper_roles,2019-12-08 12:00:00,11.8158106185,91.9551375456,0,0,0,12,12,5240,6002
reference_NY46__paper_roles,2019-12-08 13:00:00,11.2685275451,130.902944329,0,0,0,13,13,4843,6804
reference_NY46__paper_roles,2019-12-08 14:00:00,10.3029822997,115.634882881,0,0,0,12,12,4076,6532
reference_NY46__paper_roles,2019-12-08 15:00:00,8.77146180473,84.1344274328,0,0,0,12,12,2760,5766
reference_NY46__paper_roles,2019-12-08 16:00:00,11.0950326897,120.171515228,0,0,0,12,12,4710,6612
reference_NY46__paper_roles,2019-12-08 17:00:00,17.1637815717,83.1747484432,0,0,0,12,12,7665,5727
reference_NY46__paper_roles,2019-12-08 18:00:00,15.0254858245,120.022086895,0,0,0,12,12,6947,6603
reference_NY46__paper_roles,2019-12-08 19:00:00,13.9707559086,74.0569805703,0,0,0,12,12,6512,5408
reference_NY46__paper_roles,2019-12-08 20:00:00,12.8615912469,99.2592313493,0,0,0,12,12,5902,6204
reference_NY46__paper_roles,2019-12-08 21:00:00,10.9748757546,82.3091174127,0,0,0,12,12,4622,5702
reference_NY46__paper_roles,2019-12-08 22:00:00,8.57899908089,60.2744528451,0,0,0,12,12,2592,4806
reference_NY46__paper_roles,2019-12-08 23:00:00,10.2861037738,356.673483698,0,0,0,13,13,4065,8074
reference_NY46__paper_roles,2019-12-09 00:00:00,11.1934804527,92.7685163083,0,0,0,12,12,4794,6031
reference_NY46__paper_roles,2019-12-09 01:00:00,10.9315602172,131.671914059,1,0,0,12,12,4587,6815
reference_NY46__paper_roles,2019-12-09 02:00:00,11.9708070714,697.179341611,1,0,0,12,12,5376,8400
reference_NY46__paper_roles,2019-12-09 03:00:00,11.1142690933,853.628674605,1,0,0,12,12,4722,8452
reference_NY46__paper_roles,2019-12-09 04:00:00,10.8896441963,1096.71794851,0,0,0,12,12,4557,8515
reference_NY46__paper_roles,2019-12-09 05:00:00,9.60473010095,157.750064199,0,0,0,12,12,3507,7139
reference_NY46__paper_roles,2019-12-09 06:00:00,13.5099607327,855.75356325,1,0,0,12,12,6260,8453
reference_NY46__paper_roles,2019-12-09 07:00:00,11.4545028601,433.114497492,0,0,0,12,12,4989,8173
reference_NY46__paper_roles,2019-12-09 08:00:00,9.82320215847,147.636149045,0,0,0,12,12,3689,7022
reference_NY46__paper_roles,2019-12-09 09:00:00,10.3607299126,183.15563747,0,0,0,12,12,4123,7367
reference_NY46__paper_roles,2019-12-09 10:00:00,11.9104643108,121.011165393,0,0,0,12,12,5327,6635
reference_NY46__paper_roles,2019-12-09 11:00:00,14.0943367553,425.772999061,0,0,0,10,9,6570,8163
reference_NY46__paper_roles,2019-12-09 12:00:00,11.6726391071,105.820905657,0,0,0,12,12,5135,6364
reference_NY46__paper_roles,2019-12-09 13:00:00,10.0319331173,79.9234364362,0,0,0,12,12,3866,5622
reference_NY46__paper_roles,2019-12-09 14:00:00,10.2722564671,124.526696806,0,0,0,12,12,4058,6702
reference_NY46__paper_roles,2019-12-09 15:00:00,6.9288979119,79.0441641481,0,0,0,12,12,1286,5580
reference_NY46__paper_roles,2019-12-09 16:00:00,6.2983811812,73.5470720264,0,0,0,12,12,900,5375
reference_NY46__paper_roles,2019-12-09 17:00:00,9.04571121946,204.747646629,0,0,0,12,12,3000,7520
reference_NY46__paper_roles,2019-12-09 18:00:00,8.42371635061,126.019273457,0,0,0,11,11,2453,6729
reference_NY46__paper_roles,2019-12-09 19:00:00,12.6772116136,398.901520574,0,0,0,13,13,5794,8138
reference_NY46__paper_roles,2019-12-09 20:00:00,11.8521979758,509.745352574,0,0,0,12,12,5266,8262
reference_NY46__paper_roles,2019-12-09 21:00:00,15.852994923,120.774313496,0,0,0,12,12,7273,6632
reference_NY46__paper_roles,2019-12-09 22:00:00,9.9911907322,156.723998804,0,0,0,12,12,3834,7127
reference_NY46__paper_roles,2019-12-09 23:00:00,10.7168584429,98.0965034275,0,0,0,12,12,4415,6174
reference_NY46__paper_roles,2019-12-10 00:00:00,12.4962081039,124.7026637,0,0,0,12,12,5700,6705
reference_NY46__paper_roles,2019-12-10 01:00:00,18.7319678821,893.087724655,0,0,0,12,12,7970,8466
reference_NY46__paper_roles,2019-12-10 02:00:00,22.2920668851,1688.52897139,1,0,0,12,12,8431,8587
reference_NY46__paper_roles,2019-12-10 03:00:00,23.2858309116,2228.93146787,1,0,0,12,12,8495,8635
reference_NY46__paper_roles,2019-12-10 04:00:00,20.5265080466,2436.23764782,1,0,0,12,12,8244,8648
reference_NY46__paper_roles,2019-12-10 05:00:00,16.4773763921,1183.37186261,1,0,0,12,12,7478,8533
reference_NY46__paper_roles,2019-12-10 06:00:00,9.68954914705,166.491958003,0,0,0,12,12,3582,7230
reference_NY46__paper_roles,2019-12-10 07:00:00,11.7852070218,238.65524031,0,0,0,11,11,5221,7704
reference_NY46__paper_roles,2019-12-10 08:00:00,14.3917809847,221.702770871,0,0,0,12,12,6705,7611
reference_NY46__paper_roles,2019-12-10 09:00:00,15.1181253253,1270.31804296,1,0,0,12,12,6982,8543
reference_NY46__paper_roles,2019-12-10 10:00:00,10.0161812069,1444.17030036,1,0,0,12,12,3855,8569
reference_NY46__paper_roles,2019-12-10 11:00:00,7.47467636433,547.066443769,1,0,0,12,12,1690,8293
reference_NY46__paper_roles,2019-12-10 12:00:00,11.2752502257,482.903666442,1,0,0,12,12,4849,8229
reference_NY46__paper_roles,2019-12-10 13:00:00,11.7113726919,506.735774323,1,0,0,12,12,5164,8258
reference_NY46__paper_roles,2019-12-10 14:00:00,11.5877294878,366.110796924,1,0,0,12,12,5076,8093
reference_NY46__paper_roles,2019-12-10 15:00:00,12.4284600151,12076.2042449,0,0,0,12,12,5656,8738
reference_NY46__paper_roles,2019-12-10 16:00:00,10.9086186025,535.419934597,0,0,0,12,12,4568,8288
reference_NY46__paper_roles,2019-12-10 17:00:00,11.2500380377,969.042076221,0,0,0,12,12,4832,8487
reference_NY46__paper_roles,2019-12-10 18:00:00,9.21367326301,387.587429481,0,0,0,12,12,3151,8122
reference_NY46__paper_roles,2019-12-10 19:00:00,10.2480453661,2627.66091304,0,0,0,12,12,4041,8654
reference_NY46__paper_roles,2019-12-10 20:00:00,12.4133121638,1010.51459444,1,0,0,12,12,5644,8497
reference_NY46__paper_roles,2019-12-10 21:00:00,12.9364714889,396.232098462,0,0,0,12,12,5941,8133
reference_NY46__paper_roles,2019-12-10 22:00:00,13.2805434611,306.463863699,0,0,0,12,12,6126,7946
reference_NY46__paper_roles,2019-12-10 23:00:00,14.0856955653,187.641926103,0,0,0,12,12,6564,7399
reference_NY46__paper_roles,2019-12-11 00:00:00,11.3477918703,125.673764601,0,0,0,12,12,4910,6721
reference_NY46__paper_roles,2019-12-11 01:00:00,14.2018582612,79.6628406226,0,0,0,12,12,6611,5613
reference_NY46__paper_roles,2019-12-11 02:00:00,18.120099422,105.978913095,0,0,0,12,12,7880,6365
reference_NY46__paper_roles,2019-12-11 03:00:00,16.0716160065,109.628968321,0,0,0,12,12,7343,6425
reference_NY46__paper_roles,2019-12-11 04:00:00,14.8695370841,96.3608870309,0,0,0,12,12,6899,6143
reference_NY46__paper_roles,2019-12-11 05:00:00,11.8700826104,77.0469203004,0,0,0,12,12,5294,5515
reference_NY46__paper_roles,2019-12-11 06:00:00,11.2891886744,52.1460926112,0,0,0,12,12,4860,4344
reference_NY46__paper_roles,2019-12-11 07:00:00,13.4947636403,21.70735517,0,0,0,12,12,6254,1365
reference_NY46__paper_roles,2019-12-11 08:00:00,14.1324900654,20.0409774213,0,0,0,12,12,6584,1133
reference_NY46__paper_roles,2019-12-11 09:00:00,12.5661614773,17.9199375245,0,0,0,12,12,5734,839
reference_NY46__paper_roles,2019-12-11 10:00:00,10.5207940034,18.2860965248,0,0,0,12,12,4265,875
reference_NY46__paper_roles,2019-12-11 11:00:00,9.23091935352,22.0780625015,0,0,0,10,10,3163,1427
reference_NY46__paper_roles,2019-12-11 12:00:00,6.39471587554,20.6138082092,0,0,0,12,12,964,1214
reference_NY46__paper_roles,2019-12-11 13:00:00,6.89521558216,204.187248278,0,0,0,11,11,1262,7515
reference_NY46__paper_roles,2019-12-11 14:00:00,9.15330753184,3433.87586427,1,0,0,12,12,3089,8680
reference_NY46__paper_roles,2019-12-11 15:00:00,8.66746876342,653.137131871,1,0,0,12,12,2660,8366
reference_NY46__paper_roles,2019-12-11 16:00:00,11.8300043446,345.964624749,1,0,0,12,12,5246,8050
reference_NY46__paper_roles,2019-12-11 17:00:00,16.8942182263,560.753922402,1,0,0,12,12,7588,8303
reference_NY46__paper_roles,2019-12-11 18:00:00,16.3304889221,434.875619794,1,0,0,12,12,7425,8176
reference_NY46__paper_roles,2019-12-11 19:00:00,14.4669439206,605.690932004,1,0,0,12,12,6744,8342
reference_NY46__paper_roles,2019-12-11 20:00:00,11.218853076,778.499904629,0,0,0,12,12,4812,8430
reference_NY46__paper_roles,2019-12-11 21:00:00,12.1897138808,280.822648225,0,0,0,12,12,5524,7867
reference_NY46__paper_roles,2019-12-11 22:00:00,10.3705509279,90.8099981509,0,0,0,12,12,4132,5963
reference_NY46__paper_roles,2019-12-11 23:00:00,10.9012197953,36.6171844399,0,0,0,12,12,4563,3107
reference_NY46__paper_roles,2019-12-12 00:00:00,10.0851702266,88.1334476923,0,0,0,12,12,3909,5881
reference_NY46__paper_roles,2019-12-12 01:00:00,10.0804987696,54.4087356283,0,0,0,12,12,3906,4487
reference_NY46__paper_roles,2019-12-12 02:00:00,9.57214515836,55.1728449355,0,0,0,12,12,3476,4532
reference_NY46__paper_roles,2019-12-12 03:00:00,6.14951907131,15.2184865286,0,0,0,12,12,819,513
reference_NY46__paper_roles,2019-12-12 04:00:00,7.93440016784,29.2862511382,0,0,0,12,12,2036,2354
reference_NY46__paper_roles,2019-12-12 05:00:00,6.40583791464,17.5133057639,0,0,0,12,12,977,785
reference_NY46__paper_roles,2019-12-12 06:00:00,10.4679081347,485.500738643,0,0,0,12,12,4219,8233
reference_NY46__paper_roles,2019-12-12 07:00:00,14.3495986679,922.428391942,0,0,0,12,12,6679,8473
reference_NY46__paper_roles,2019-12-12 08:00:00,7.48651693075,192.365524215,0,0,0,12,12,1702,7430
reference_NY46__paper_roles,2019-12-12 09:00:00,5.74934639676,80.6905360539,0,0,0,12,12,643,5647
reference_NY46__paper_roles,2019-12-12 10:00:00,8.24607094498,208.972567184,1,0,0,12,12,2300,7545
reference_NY46__paper_roles,2019-12-12 11:00:00,5.91596680744,190.320115306,0,0,0,7,7,716,7412
reference_NY46__paper_roles,2019-12-12 12:00:00,6.05691562027,34.679662395,0,7,0,0,0,777,2923
reference_NY46__paper_roles,2019-12-12 13:00:00,2.59294963453,9.70858919525,0,0,0,10,10,11,105
reference_NY46__paper_roles,2019-12-12 14:00:00,5.11534286554,16.9391167325,0,0,0,12,12,411,716
reference_NY46__paper_roles,2019-12-12 15:00:00,4.3932116843,13.8566011177,0,0,0,12,12,194,373
reference_NY46__paper_roles,2019-12-12 16:00:00,3.95242690672,19.4214998272,0,0,0,7,7,126,1053
reference_NY46__paper_roles,2019-12-12 17:00:00,9.76629975842,41.0669995117,0,0,0,12,12,3637,3524
reference_NY46__paper_roles,2019-12-12 18:00:00,8.14427843951,58.281487969,0,0,0,12,12,2213,4702
reference_NY46__paper_roles,2019-12-12 19:00:00,7.81391501206,58.8155287873,0,0,0,12,12,1950,4730
reference_NY46__paper_roles,2019-12-12 20:00:00,11.1073838132,277.942455466,0,0,0,12,12,4718,7847
reference_NY46__paper_roles,2019-12-12 21:00:00,10.7472082374,653.734861926,1,0,0,12,12,4440,8367
reference_NY46__paper_roles,2019-12-12 22:00:00,8.43423664583,755.308384066,0,0,0,12,12,2466,8420
reference_NY46__paper_roles,2019-12-12 23:00:00,8.09428815386,112.801110282,0,0,0,12,12,2179,6485
reference_NY46__paper_roles,2019-12-13 00:00:00,11.3757492965,235.997478342,0,0,0,12,12,4935,7692
reference_NY46__paper_roles,2019-12-13 01:00:00,12.5618616806,171.73215851,0,0,0,12,12,5733,7283
reference_NY46__paper_roles,2019-12-13 02:00:00,10.7653349776,135.810792571,0,0,0,12,12,4453,6873
reference_NY46__paper_roles,2019-12-13 03:00:00,11.7518235937,160.740403917,0,0,0,12,12,5195,7170
reference_NY46__paper_roles,2019-12-13 04:00:00,11.9948837453,132.458371311,0,0,0,12,12,5393,6828
reference_NY46__paper_roles,2019-12-13 05:00:00,12.8595339622,241.714527079,0,0,0,12,12,5900,7717
reference_NY46__paper_roles,2019-12-13 06:00:00,11.9609326919,107.352666985,0,0,0,13,13,5366,6386
reference_NY46__paper_roles,2019-12-13 07:00:00,13.1284985645,356.02451722,0,0,0,12,12,6046,8073
reference_NY46__paper_roles,2019-12-13 08:00:00,10.8743916393,143.558653984,0,0,0,12,12,4546,6977
reference_NY46__paper_roles,2019-12-13 09:00:00,8.93704766419,139.675667522,0,0,0,12,12,2927,6923
reference_NY46__paper_roles,2019-12-13 10:00:00,7.81266810188,81.1654565248,0,0,0,11,11,1948,5670
reference_NY46__paper_roles,2019-12-13 11:00:00,7.98999564965,83.283762494,0,0,0,11,11,2086,5733
reference_NY46__paper_roles,2019-12-13 12:00:00,7.3833839438,44.6199197799,0,0,0,12,12,1613,3786
reference_NY46__paper_roles,2019-12-13 13:00:00,7.04994728094,51.1219740611,0,0,0,11,11,1370,4272
reference_NY46__paper_roles,2019-12-13 14:00:00,6.88737394453,27.6614867165,0,0,0,12,12,1255,2153
reference_NY46__paper_roles,2019-12-13 15:00:00,8.865949033,50.9449959143,0,0,0,9,8,2854,4256
reference_NY46__paper_roles,2019-12-13 16:00:00,8.70638760029,22.1037562329,0,0,0,12,12,2683,1431
reference_NY46__paper_roles,2019-12-13 17:00:00,11.0578338162,90.0800954542,0,0,0,12,12,4684,5948
reference_NY46__paper_roles,2019-12-13 18:00:00,8.40840377771,61.9618310986,0,0,0,12,12,2439,4892
reference_NY46__paper_roles,2019-12-13 19:00:00,9.8151153423,109.349269065,0,0,0,12,12,3685,6419
reference_NY46__paper_roles,2019-12-13 20:00:00,9.30445312486,158.979971233,0,0,0,14,14,3230,7155
reference_NY46__paper_roles,2019-12-13 21:00:00,8.9172441776,158.959693198,0,0,0,10,10,2908,7153
reference_NY46__paper_roles,2019-12-13 22:00:00,6.11310060024,80.2008661943,0,0,0,12,12,802,5629
reference_NY46__paper_roles,2019-12-13 23:00:00,7.33458566572,36.3900116887,0,0,0,12,12,1565,3079
reference_NY46__paper_roles,2019-12-14 00:00:00,10.5627880621,412.286041443,0,0,0,12,12,4304,8150
reference_NY46__paper_roles,2019-12-14 01:00:00,15.0309476375,1660.00631938,1,0,0,12,12,6949,8583
reference_NY46__paper_roles,2019-12-14 02:00:00,16.8293559088,1374.35446619,1,0,0,12,12,7574,8555
reference_NY46__paper_roles,2019-12-14 03:00:00,19.3412584611,2827.42510585,1,0,0,12,12,8073,8660
reference_NY46__paper_roles,2019-12-14 04:00:00,19.9068483362,359.609858378,1,0,0,12,12,8166,8083
reference_NY46__paper_roles,2019-12-14 05:00:00,16.192431196,323.00286745,1,0,0,12,12,7387,7989
reference_NY46__paper_roles,2019-12-14 06:00:00,15.4529605655,275.632828646,1,0,0,12,12,7119,7840
reference_NY46__paper_roles,2019-12-14 07:00:00,17.0641885249,284.104152556,1,0,0,12,12,7637,7878
reference_NY46__paper_roles,2019-12-14 08:00:00,14.5700406597,327.034151032,1,0,0,12,12,6779,8001
reference_NY46__paper_roles,2019-12-14 09:00:00,11.039563583,136.663904728,1,0,0,12,12,4670,6881
reference_NY46__paper_roles,2019-12-14 10:00:00,10.1729571976,180.829835261,1,0,0,12,12,3982,7352
reference_NY46__paper_roles,2019-12-14 11:00:00,8.93766771587,179.07495607,1,0,0,12,12,2928,7339
reference_NY46__paper_roles,2019-12-14 12:00:00,10.6405499997,139.700543513,1,0,0,12,12,4360,6925
reference_NY46__paper_roles,2019-12-14 13:00:00,12.1222116456,144.639929561,1,0,0,12,12,5473,6986
reference_NY46__paper_roles,2019-12-14 14:00:00,11.7578741687,209.999783311,1,0,0,12,12,5200,7552
reference_NY46__paper_roles,2019-12-14 15:00:00,12.9423044088,190.773475574,1,0,0,12,12,5944,7416
reference_NY46__paper_roles,2019-12-14 16:00:00,10.2879158862,154.108067233,1,0,0,12,12,4068,7099
reference_NY46__paper_roles,2019-12-14 17:00:00,10.861000801,156.113473268,1,0,0,12,12,4536,7123
reference_NY46__paper_roles,2019-12-14 18:00:00,9.6517583472,184.310464,1,0,0,12,12,3550,7375
reference_NY46__paper_roles,2019-12-14 19:00:00,10.7704224797,230.089717169,1,0,0,12,12,4459,7657
reference_NY46__paper_roles,2019-12-14 20:00:00,10.3191224261,538.278440537,1,0,0,12,12,4092,8291
reference_NY46__paper_roles,2019-12-14 21:00:00,8.51933731803,4526.93202595,1,0,0,12,12,2534,8704
reference_NY46__paper_roles,2019-12-14 22:00:00,12.7839439905,1123.68590369,0,0,0,12,12,5850,8522
reference_NY46__paper_roles,2019-12-14 23:00:00,11.9263082252,655.102858647,1,0,0,12,12,5336,8368
reference_NY46__paper_roles,2019-12-15 00:00:00,12.8632246679,250.638369112,1,0,0,12,12,5903,7760
reference_NY46__paper_roles,2019-12-15 01:00:00,16.2948460446,564.00767668,1,0,0,12,12,7415,8309
reference_NY46__paper_roles,2019-12-15 02:00:00,16.5682379422,1612.64028581,0,0,0,12,12,7508,8581
reference_NY46__paper_roles,2019-12-15 03:00:00,17.7130427258,1839.09336797,0,0,0,12,12,7785,8604
reference_NY46__paper_roles,2019-12-15 04:00:00,17.9219186188,4631.49140662,1,0,0,12,12,7836,8706
reference_NY46__paper_roles,2019-12-15 05:00:00,13.0638290166,348.982986879,1,0,0,12,12,6015,8062
reference_NY46__paper_roles,2019-12-15 06:00:00,13.8141906253,237.725592394,1,0,0,12,12,6429,7700
reference_NY46__paper_roles,2019-12-15 07:00:00,13.0744167985,2698.24944817,1,0,0,12,12,6021,8656
reference_NY46__paper_roles,2019-12-15 08:00:00,15.0483212347,2141.05971082,1,0,0,12,12,6957,8628
reference_NY46__paper_roles,2019-12-15 09:00:00,17.4997198189,590.085407691,1,0,0,12,12,7738,8333
reference_NY46__paper_roles,2019-12-15 10:00:00,15.3495238547,599.892389635,0,0,0,12,12,7075,8336
reference_NY46__paper_roles,2019-12-15 11:00:00,16.8267595132,686.808853645,0,0,0,12,12,7572,8392
reference_NY46__paper_roles,2019-12-15 12:00:00,13.9472267065,376.497126147,0,0,0,12,12,6503,8109
reference_NY46__paper_roles,2019-12-15 13:00:00,13.5480178923,259.865415204,0,0,0,12,12,6292,7796
reference_NY46__paper_roles,2019-12-15 14:00:00,11.9293069544,348.191052771,0,0,0,12,12,5340,8059
reference_NY46__paper_roles,2019-12-15 15:00:00,12.6221986747,1116.27504748,0,0,0,12,12,5766,8521
reference_NY46__paper_roles,2019-12-15 16:00:00,10.8870473375,2071.40106375,1,0,0,12,12,4556,8621
reference_NY46__paper_roles,2019-12-15 17:00:00,10.7380866886,339.786490636,1,0,0,12,12,4428,8029
reference_NY46__paper_roles,2019-12-15 18:00:00,13.2474870564,257.112850741,1,0,0,12,12,6107,7784
reference_NY46__paper_roles,2019-12-15 19:00:00,12.5746197195,231.354802117,1,0,0,12,12,5743,7664
reference_NY46__paper_roles,2019-12-15 20:00:00,12.2167604904,192.655145378,1,0,0,12,12,5540,7432
reference_NY46__paper_roles,2019-12-15 21:00:00,9.67243341439,324.22724925,1,0,0,12,12,3569,7993
reference_NY46__paper_roles,2019-12-15 22:00:00,11.905272568,1407.85973181,1,0,0,12,12,5322,8561
reference_NY46__paper_roles,2019-12-15 23:00:00,18.6043345104,31912.3313916,0,0,0,12,12,7949,8751
reference_NY46__paper_roles,2019-12-16 00:00:00,14.964485942,357.366218476,1,0,0,12,12,6928,8077
reference_NY46__paper_roles,2019-12-16 01:00:00,15.0380406475,3041.56955885,0,0,0,12,12,6953,8669
reference_NY46__paper_roles,2019-12-16 02:00:00,14.6624747453,3054.07403696,1,0,0,12,12,6815,8671
reference_NY46__paper_roles,2019-12-16 03:00:00,15.095918462,1179.27134659,1,0,0,12,12,6972,8532
reference_NY46__paper_roles,2019-12-16 04:00:00,17.6537653418,3046.8104233,0,0,0,13,12,7773,8670
reference_NY46__paper_roles,2019-12-16 05:00:00,14.4664867962,1834.92823952,1,0,0,12,12,6743,8603
reference_NY46__paper_roles,2019-12-16 06:00:00,11.8595812306,273.065484079,1,0,0,12,12,5278,7831
reference_NY46__paper_roles,2019-12-16 07:00:00,13.3975477738,368.414084251,1,0,0,12,12,6194,8096
reference_NY46__paper_roles,2019-12-16 08:00:00,13.3681935064,176.509269264,1,0,0,12,12,6173,7325
reference_NY46__paper_roles,2019-12-16 09:00:00,10.433276352,398.123444822,1,0,0,12,12,4188,8134
reference_NY46__paper_roles,2019-12-16 10:00:00,11.8349656123,2082.62942267,1,0,0,12,12,5247,8622
reference_NY46__paper_roles,2019-12-16 11:00:00,8.77229743833,408.583789425,0,0,0,12,12,2761,8146
reference_NY46__paper_roles,2019-12-16 12:00:00,6.32573401155,73.6973428658,0,0,0,12,12,915,5385
reference_NY46__paper_roles,2019-12-16 13:00:00,6.35078923737,63.8073493087,0,0,0,12,12,929,4978
reference_NY46__paper_roles,2019-12-16 14:00:00,5.02260216272,39.0271685837,0,0,0,12,12,367,3336
reference_NY46__paper_roles,2019-12-16 15:00:00,4.37782274999,51.7451302052,0,0,0,12,12,188,4318
reference_NY46__paper_roles,2019-12-16 16:00:00,7.54402623491,147.341525596,0,0,0,12,12,1750,7020
reference_NY46__paper_roles,2019-12-16 17:00:00,9.24552288599,223.700311758,0,0,0,12,12,3182,7623
reference_NY46__paper_roles,2019-12-16 18:00:00,8.61538233962,153.115745447,0,0,0,12,12,2619,7088
reference_NY46__paper_roles,2019-12-16 19:00:00,7.72341092881,227.774054694,0,0,0,12,12,1891,7644
reference_NY46__paper_roles,2019-12-16 20:00:00,9.29941758299,76.5672777475,0,0,0,12,12,3226,5501
reference_NY46__paper_roles,2019-12-16 21:00:00,8.08823316842,12.153435935,0,0,0,12,12,2168,217
reference_NY46__paper_roles,2019-12-16 22:00:00,5.53888660462,12.4525754816,0,0,0,12,12,555,244
reference_NY46__paper_roles,2019-12-16 23:00:00,9.60067426025,19.4244128562,0,0,0,12,12,3501,1054
reference_NY46__paper_roles,2019-12-17 00:00:00,5.54382917548,11.3305975165,0,0,0,12,12,556,185
reference_NY46__paper_roles,2019-12-17 01:00:00,5.43936105215,10.092513223,0,0,0,12,12,527,121
reference_NY46__paper_roles,2019-12-17 02:00:00,6.99286590589,14.1817367931,0,0,0,12,12,1335,407
reference_NY46__paper_roles,2019-12-17 03:00:00,11.3129555554,39.9977417473,0,0,0,12,12,4881,3426
reference_NY46__paper_roles,2019-12-17 04:00:00,10.9080713905,66.2389383789,0,0,0,12,12,4567,5090
reference_NY46__paper_roles,2019-12-17 05:00:00,13.1041736217,187.410035726,0,0,0,12,12,6032,7396
reference_NY46__paper_roles,2019-12-17 06:00:00,12.9977234139,104.877302247,0,0,0,12,12,5977,6344
reference_NY46__paper_roles,2019-12-17 07:00:00,16.5441798341,1862.63447604,0,0,0,12,12,7498,8608
reference_NY46__paper_roles,2019-12-17 08:00:00,16.7498159646,757.194098935,1,0,0,12,12,7554,8421
reference_NY46__paper_roles,2019-12-17 09:00:00,13.4697035116,801.996166375,1,0,0,12,12,6234,8433
reference_NY46__paper_roles,2019-12-17 10:00:00,10.4933661358,86.7249454664,0,0,0,12,12,4235,5851
reference_NY46__paper_roles,2019-12-17 11:00:00,8.85212235359,15.8263722079,0,0,0,12,12,2838,578
reference_NY46__paper_roles,2019-12-17 12:00:00,7.49267121173,14.1557223011,0,0,0,12,12,1706,404
reference_NY46__paper_roles,2019-12-17 13:00:00,7.40524014374,21.402068026,0,0,0,12,12,1626,1326
reference_NY46__paper_roles,2019-12-17 14:00:00,7.51973260478,12.2081861955,0,0,0,13,12,1728,222
reference_NY46__paper_roles,2019-12-17 15:00:00,7.44364701211,12.5165437094,0,0,0,13,13,1660,247
reference_NY46__paper_roles,2019-12-17 16:00:00,8.95570376183,21.7960873719,0,0,0,11,11,2947,1375
reference_NY46__paper_roles,2019-12-17 17:00:00,12.3988238232,18.5022552392,0,0,0,12,12,5636,903
reference_NY46__paper_roles,2019-12-17 18:00:00,12.8948404805,20.6658381661,0,0,0,13,13,5923,1224
reference_NY46__paper_roles,2019-12-17 19:00:00,10.3032286521,39.1385865086,0,0,0,12,12,4077,3350
reference_NY46__paper_roles,2019-12-17 20:00:00,11.0597424037,33.9235934553,0,0,0,12,12,4685,2846
reference_NY46__paper_roles,2019-12-17 21:00:00,10.5408818146,31.2351816835,0,0,0,12,12,4287,2558
reference_NY46__paper_roles,2019-12-17 22:00:00,11.5854355833,24.4277822558,0,0,0,12,12,5072,1740
reference_NY46__paper_roles,2019-12-17 23:00:00,12.8266125111,27.5000042116,0,0,0,12,12,5879,2132
reference_NY46__paper_roles,2019-12-18 00:00:00,14.7218517095,44.1586880109,0,0,0,12,12,6835,3747
reference_NY46__paper_roles,2019-12-18 01:00:00,12.1070212703,37.4496470113,0,0,0,12,12,5465,3178
reference_NY46__paper_roles,2019-12-18 02:00:00,16.8109696179,67.9872894085,0,0,0,12,12,7567,5168
reference_NY46__paper_roles,2019-12-18 03:00:00,14.3341307793,66.5231213646,0,0,0,12,12,6665,5100
reference_NY46__paper_roles,2019-12-18 04:00:00,15.689693779,59.869688189,0,0,0,12,12,7212,4792
reference_NY46__paper_roles,2019-12-18 05:00:00,15.5765226341,61.003695763,0,0,0,12,12,7158,4842
reference_NY46__paper_roles,2019-12-18 06:00:00,9.38971602345,56.7784607299,0,0,0,12,12,3301,4631
reference_NY46__paper_roles,2019-12-18 07:00:00,6.8932651702,22.1981622218,0,0,0,12,12,1261,1441
reference_NY46__paper_roles,2019-12-18 08:00:00,6.43130642144,12.4183000245,0,0,0,12,12,990,241
reference_NY46__paper_roles,2019-12-18 09:00:00,7.50506009587,13.1130613245,0,0,0,12,12,1714,302
reference_NY46__paper_roles,2019-12-18 10:00:00,7.2247892126,19.1103851302,0,0,0,12,12,1490,1004
reference_NY46__paper_roles,2019-12-18 11:00:00,8.74149950854,29.8190247348,0,0,0,12,12,2726,2406
reference_NY46__paper_roles,2019-12-18 12:00:00,9.44221289195,36.7915866429,0,0,0,12,12,3342,3121
reference_NY46__paper_roles,2019-12-18 13:00:00,9.0279748875,58.011145332,0,0,0,13,12,2992,4691
reference_NY46__paper_roles,2019-12-18 14:00:00,6.91588362031,29.5062813177,0,0,0,12,12,1274,2379
reference_NY46__paper_roles,2019-12-18 15:00:00,7.72966690416,20.6296235946,0,0,0,12,12,1896,1216
reference_NY46__paper_roles,2019-12-18 16:00:00,7.09372422004,20.0216509396,0,0,0,12,12,1396,1129
reference_NY46__paper_roles,2019-12-18 17:00:00,4.63744755281,10.2292373443,0,0,0,12,12,257,126
reference_NY46__paper_roles,2019-12-18 18:00:00,8.03838490584,44.1265122929,0,0,0,12,12,2124,3744
reference_NY46__paper_roles,2019-12-18 19:00:00,5.96905263499,14.5371092004,0,0,0,12,12,736,447
reference_NY46__paper_roles,2019-12-18 20:00:00,4.85577641777,24.2316569772,0,0,0,12,12,322,1710
reference_NY46__paper_roles,2019-12-18 21:00:00,6.79356838875,38.2607040948,0,0,0,12,12,1213,3261
reference_NY46__paper_roles,2019-12-18 22:00:00,5.21556959239,17.2199187899,0,0,0,12,12,444,751
reference_NY46__paper_roles,2019-12-18 23:00:00,10.913059551,88.9499405766,0,0,0,12,12,4573,5909
reference_NY46__paper_roles,2019-12-19 00:00:00,10.1327516228,112.206555684,1,0,0,12,12,3949,6471
reference_NY46__paper_roles,2019-12-19 01:00:00,12.0727345571,139.661632022,1,0,0,12,12,5443,6922
reference_NY46__paper_roles,2019-12-19 02:00:00,12.089489858,113.875338813,1,0,0,12,12,5454,6501
reference_NY46__paper_roles,2019-12-19 03:00:00,11.4787004803,97.1798732573,0,0,0,12,12,5007,6157
reference_NY46__paper_roles,2019-12-19 04:00:00,5.34129332537,266.881584261,1,0,0,12,12,491,7812
reference_NY46__paper_roles,2019-12-19 05:00:00,8.85189440131,80.9496155648,0,0,0,12,12,2837,5663
reference_NY46__paper_roles,2019-12-19 06:00:00,10.6486388715,57.7143279022,0,0,0,12,12,4369,4685
reference_NY46__paper_roles,2019-12-19 07:00:00,4.17507747692,12.7202579609,0,0,0,12,12,160,270
reference_NY46__paper_roles,2019-12-19 08:00:00,5.38651661417,27.8348511365,0,0,0,12,12,505,2169
reference_NY46__paper_roles,2019-12-19 09:00:00,7.90550639646,28.5138080943,0,0,0,12,12,2014,2251
reference_NY46__paper_roles,2019-12-19 10:00:00,6.59621001643,9.83783741767,0,0,0,12,12,1085,110
reference_NY46__paper_roles,2019-12-19 11:00:00,8.7267381945,29.6451700694,0,0,0,12,12,2709,2389
reference_NY46__paper_roles,2019-12-19 12:00:00,9.20945440289,37.2682938043,0,0,0,12,12,3147,3164
reference_NY46__paper_roles,2019-12-19 13:00:00,7.3691641492,13.5752140172,0,0,0,12,12,1598,353
reference_NY46__paper_roles,2019-12-19 14:00:00,5.95384700069,30.8961955863,0,0,0,12,12,730,2530
reference_NY46__paper_roles,2019-12-19 15:00:00,7.37443981683,26.4642514954,0,0,0,12,12,1603,2014
reference_NY46__paper_roles,2019-12-19 16:00:00,6.51690087033,22.0507585888,0,0,0,12,12,1045,1424
reference_NY46__paper_roles,2019-12-19 17:00:00,5.07228971688,28.7377056469,0,0,0,12,12,387,2284
reference_NY46__paper_roles,2019-12-19 18:00:00,5.22110703522,28.2371524291,0,0,0,12,12,446,2214
reference_NY46__paper_roles,2019-12-19 19:00:00,5.94812338312,36.9443431038,0,0,0,12,12,725,3140
reference_NY46__paper_roles,2019-12-19 20:00:00,3.86244395462,10.5512568659,0,0,0,12,12,112,139
reference_NY46__paper_roles,2019-12-19 21:00:00,7.3691155115,22.4451055327,0,0,0,12,12,1597,1476
reference_NY46__paper_roles,2019-12-19 22:00:00,12.9201461477,64.8250397197,0,0,0,12,12,5933,5030
reference_NY46__paper_roles,2019-12-19 23:00:00,14.3719594973,73.8956184627,0,0,0,12,12,6693,5399
reference_NY46__paper_roles,2019-12-20 00:00:00,9.09049162613,80.9999296886,0,0,0,12,12,3037,5665
reference_NY46__paper_roles,2019-12-20 01:00:00,11.1529774011,116.735461104,1,0,0,12,12,4757,6542
reference_NY46__paper_roles,2019-12-20 02:00:00,9.43474002542,97.194378641,0,0,0,12,12,3338,6158
reference_NY46__paper_roles,2019-12-20 03:00:00,11.9246671531,90.8114492666,0,0,0,12,12,5335,5964
reference_NY46__paper_roles,2019-12-20 04:00:00,8.42707914443,66.1590667886,0,0,0,12,12,2458,5087
reference_NY46__paper_roles,2019-12-20 05:00:00,8.0019886829,62.4907651098,0,0,0,12,12,2099,4916
reference_NY46__paper_roles,2019-12-20 06:00:00,9.92433071243,37.6611406087,0,0,0,12,12,3782,3203
reference_NY46__paper_roles,2019-12-20 07:00:00,12.450538806,77.8507046535,0,0,0,12,12,5678,5544
reference_NY46__paper_roles,2019-12-20 08:00:00,8.94868674734,33.8461863619,0,0,0,12,12,2936,2839
reference_NY46__paper_roles,2019-12-20 09:00:00,8.73199270826,16.2340037035,0,0,0,12,12,2714,630
reference_NY46__paper_roles,2019-12-20 10:00:00,14.1624262238,31.8970137786,0,0,0,12,12,6598,2634
reference_NY46__paper_roles,2019-12-20 11:00:00,13.901737272,33.7481672649,0,0,0,12,12,6476,2829
reference_NY46__paper_roles,2019-12-20 12:00:00,12.76916057,38.326746899,0,0,0,14,14,5847,3265
reference_NY46__paper_roles,2019-12-20 13:00:00,11.7997073439,23.8721449142,0,0,0,11,11,5229,1666
reference_NY46__paper_roles,2019-12-20 14:00:00,11.1409818665,36.6675184936,0,0,0,12,12,4746,3111
reference_NY46__paper_roles,2019-12-20 15:00:00,11.138098204,21.2212428304,0,0,0,12,12,4743,1299
reference_NY46__paper_roles,2019-12-20 16:00:00,8.11916541149,25.3338243223,0,0,0,12,12,2200,1859
reference_NY46__paper_roles,2019-12-20 17:00:00,8.86434179407,29.3067848709,0,0,0,12,12,2853,2357
reference_NY46__paper_roles,2019-12-20 18:00:00,9.55165536372,33.2943368957,0,0,0,12,12,3454,2776
reference_NY46__paper_roles,2019-12-20 19:00:00,11.3472203038,33.7413324377,0,0,0,12,12,4909,2826
reference_NY46__paper_roles,2019-12-20 20:00:00,11.3392357277,36.8165343597,0,0,0,12,12,4905,3124
reference_NY46__paper_roles,2019-12-20 21:00:00,13.7068715168,52.2409012262,0,0,0,12,12,6378,4350
reference_NY46__paper_roles,2019-12-20 22:00:00,12.9414348962,56.6342703205,0,0,0,12,12,5943,4617
reference_NY46__paper_roles,2019-12-20 23:00:00,13.2690513773,67.7071565657,0,0,0,12,12,6119,5156
reference_NY46__paper_roles,2019-12-21 00:00:00,14.7522588877,90.9549993669,0,0,0,12,12,6845,5966
reference_NY46__paper_roles,2019-12-21 01:00:00,10.9870719401,84.7041716574,0,0,0,12,12,4636,5785
reference_NY46__paper_roles,2019-12-21 02:00:00,11.6078562474,68.5195236566,0,0,0,12,12,5091,5194
reference_NY46__paper_roles,2019-12-21 03:00:00,8.49355403262,41.7317331757,0,0,0,12,12,2515,3560
reference_NY46__paper_roles,2019-12-21 04:00:00,10.6123514481,64.7189489096,0,0,0,12,12,4341,5021
reference_NY46__paper_roles,2019-12-21 05:00:00,10.4157800201,89.8620423881,0,0,0,12,12,4179,5939
reference_NY46__paper_roles,2019-12-21 06:00:00,11.4761816067,87.8061899289,0,0,0,12,12,5004,5871
reference_NY46__paper_roles,2019-12-21 07:00:00,9.59038506554,78.9608859997,0,0,0,12,12,3492,5577
reference_NY46__paper_roles,2019-12-21 08:00:00,10.0402233944,40.3417689762,0,0,0,12,12,3877,3449
reference_NY46__paper_roles,2019-12-21 09:00:00,10.108393528,29.8653285858,0,0,0,12,12,3931,2414
reference_NY46__paper_roles,2019-12-21 10:00:00,10.6788098704,49.1895971028,0,0,0,12,12,4391,4144
reference_NY46__paper_roles,2019-12-21 11:00:00,10.0974443818,52.334555759,0,0,0,12,12,3923,4356
reference_NY46__paper_roles,2019-12-21 12:00:00,8.65158461674,22.7990745582,0,0,0,12,12,2646,1517
reference_NY46__paper_roles,2019-12-21 13:00:00,8.18694188942,15.5676312413,0,0,0,12,12,2254,546
reference_NY46__paper_roles,2019-12-21 14:00:00,6.26958499649,14.8615296319,0,0,0,12,12,883,478
reference_NY46__paper_roles,2019-12-21 15:00:00,5.89968065072,13.7573573701,0,0,0,12,12,710,367
reference_NY46__paper_roles,2019-12-21 16:00:00,9.0050314907,36.4033621054,0,0,0,12,12,2973,3082
reference_NY46__paper_roles,2019-12-21 17:00:00,9.25539143532,45.4642154706,0,0,0,14,14,3193,3854
reference_NY46__paper_roles,2019-12-21 18:00:00,10.0333557446,30.5340704612,0,0,0,10,10,3868,2482
reference_NY46__paper_roles,2019-12-21 19:00:00,10.2059259213,31.1156619307,0,0,0,12,12,4006,2546
reference_NY46__paper_roles,2019-12-21 20:00:00,5.84661071948,24.4197774003,0,0,0,12,12,678,1737
reference_NY46__paper_roles,2019-12-21 21:00:00,6.00238789475,24.8549946336,0,0,0,12,12,751,1798
reference_NY46__paper_roles,2019-12-21 22:00:00,6.30465111459,24.0415940596,0,0,0,12,12,904,1687
reference_NY46__paper_roles,2019-12-21 23:00:00,5.30834077184,26.662872941,0,0,0,12,12,474,2036
reference_NY46__paper_roles,2019-12-22 00:00:00,9.66477292754,27.4829748425,0,0,0,14,14,3562,2129
reference_NY46__paper_roles,2019-12-22 01:00:00,14.2786444465,32.6160994377,0,0,0,12,12,6642,2705
reference_NY46__paper_roles,2019-12-22 02:00:00,12.8923352233,30.5036543581,0,0,0,12,12,5920,2478
reference_NY46__paper_roles,2019-12-22 03:00:00,10.2354843501,29.6302762371,0,0,0,12,12,4032,2388
reference_NY46__paper_roles,2019-12-22 04:00:00,10.2074341728,29.0664246719,0,0,0,12,12,4007,2323
reference_NY46__paper_roles,2019-12-22 05:00:00,11.2366322703,48.2855679918,0,0,0,12,12,4826,4063
reference_NY46__paper_roles,2019-12-22 06:00:00,17.5182052047,115.406665021,1,0,0,12,12,7742,6530
reference_NY46__paper_roles,2019-12-22 07:00:00,7.28562942544,13.4303684159,0,0,0,12,12,1518,343
reference_NY46__paper_roles,2019-12-22 08:00:00,13.3907809742,116.316838192,0,0,0,12,12,6187,6537
reference_NY46__paper_roles,2019-12-22 09:00:00,8.59556874345,54.6977892361,0,0,0,12,12,2608,4505
reference_NY46__paper_roles,2019-12-22 10:00:00,10.5527783413,78.981061746,0,0,0,12,12,4298,5579
reference_NY46__paper_roles,2019-12-22 11:00:00,10.0494350891,89.1134109699,0,0,0,12,12,3890,5916
reference_NY46__paper_roles,2019-12-22 12:00:00,8.05746801154,117.784911344,0,0,0,12,12,2142,6561
reference_NY46__paper_roles,2019-12-22 13:00:00,6.93281319503,61.9435535457,0,0,0,12,12,1289,4891
reference_NY46__paper_roles,2019-12-22 14:00:00,6.63921963641,34.7392098111,0,0,0,12,12,1113,2930
reference_NY46__paper_roles,2019-12-22 15:00:00,6.66455454328,26.802743296,0,0,0,12,12,1133,2050
reference_NY46__paper_roles,2019-12-22 16:00:00,4.87271725947,20.088190058,0,0,0,12,12,329,1144
reference_NY46__paper_roles,2019-12-22 17:00:00,6.20769661069,14.5485778541,0,0,0,12,12,847,449
reference_NY46__paper_roles,2019-12-22 18:00:00,5.19943229153,12.9209376998,0,0,0,12,12,440,289
reference_NY46__paper_roles,2019-12-22 19:00:00,4.32271633644,15.1535361961,0,0,0,12,12,180,503
reference_NY46__paper_roles,2019-12-22 20:00:00,5.08216145062,16.9557585783,0,0,0,12,12,392,719
reference_NY46__paper_roles,2019-12-22 21:00:00,4.38113690496,21.5946054439,0,0,0,12,12,190,1349
reference_NY46__paper_roles,2019-12-22 22:00:00,10.1486649482,38.3306771664,0,0,0,13,12,3960,3267
reference_NY46__paper_roles,2019-12-22 23:00:00,7.27006243261,18.6403834816,0,0,0,12,12,1508,920
reference_NY46__paper_roles,2019-12-23 00:00:00,7.83081929854,25.3255024731,0,0,0,12,12,1963,1854
reference_NY46__paper_roles,2019-12-23 01:00:00,11.5185600535,29.7918079353,0,0,0,12,12,5026,2405
reference_NY46__paper_roles,2019-12-23 02:00:00,11.1133585461,50.9661001135,0,0,0,12,12,4720,4259
reference_NY46__paper_roles,2019-12-23 03:00:00,11.2873621583,170.192691429,0,0,0,12,12,4859,7266
reference_NY46__paper_roles,2019-12-23 04:00:00,12.5439313819,570.078263706,1,0,0,12,12,5727,8314
reference_NY46__paper_roles,2019-12-23 05:00:00,15.5992107896,289.510599051,0,0,0,14,13,7165,7902
reference_NY46__paper_roles,2019-12-23 06:00:00,7.18859288958,12.7545711675,0,0,0,11,11,1466,275
reference_NY46__paper_roles,2019-12-23 07:00:00,12.1179410215,53.8046627053,0,0,0,12,12,5470,4450
reference_NY46__paper_roles,2019-12-23 08:00:00,8.49537609621,60.6795823792,0,0,0,12,12,2518,4825
reference_NY46__paper_roles,2019-12-23 09:00:00,7.15993651983,37.7098552854,0,0,0,12,12,1443,3207
reference_NY46__paper_roles,2019-12-23 10:00:00,9.23687728336,84.075125983,0,0,0,12,12,3170,5765
reference_NY46__paper_roles,2019-12-23 11:00:00,8.61211353127,72.1329107973,0,0,0,12,12,2615,5328
reference_NY46__paper_roles,2019-12-23 12:00:00,10.6456415502,90.2859085999,0,0,0,12,12,4367,5954
reference_NY46__paper_roles,2019-12-23 13:00:00,10.2304889746,70.6202654386,0,0,0,12,12,4027,5275
reference_NY46__paper_roles,2019-12-23 14:00:00,10.4538896622,71.5129402516,0,0,0,12,12,4210,5307
reference_NY46__paper_roles,2019-12-23 15:00:00,7.22762713827,66.1248228057,0,0,0,12,12,1491,5084
reference_NY46__paper_roles,2019-12-23 16:00:00,6.75428248325,76.1611169544,0,0,0,12,12,1186,5491
reference_NY46__paper_roles,2019-12-23 17:00:00,6.72856712316,75.998543516,0,0,0,12,12,1167,5484
reference_NY46__paper_roles,2019-12-23 18:00:00,5.49912234738,57.4201967857,0,0,0,12,12,542,4666
reference_NY46__paper_roles,2019-12-23 19:00:00,4.53275243059,23.8532909163,0,0,0,12,12,231,1662
reference_NY46__paper_roles,2019-12-23 20:00:00,3.94812189887,8.21622784214,0,0,0,13,12,124,48
reference_NY46__paper_roles,2019-12-23 21:00:00,5.15927400805,40.2329067504,0,0,0,12,12,429,3442
reference_NY46__paper_roles,2019-12-23 22:00:00,4.28983463469,11.4083654208,0,0,0,13,12,176,187
reference_NY46__paper_roles,2019-12-23 23:00:00,6.60797155517,12.2355685383,0,0,0,12,12,1094,224
reference_NY46__paper_roles,2019-12-24 00:00:00,16.0991994087,50.2275584074,0,0,0,12,12,7352,4213
reference_NY46__paper_roles,2019-12-24 01:00:00,12.2503491707,45.3790138508,0,0,0,12,12,5557,3843
reference_NY46__paper_roles,2019-12-24 02:00:00,9.70763683258,50.4640958867,0,0,0,12,12,3594,4226
reference_NY46__paper_roles,2019-12-24 03:00:00,11.0190011483,56.9916351026,0,0,0,12,12,4659,4642
reference_NY46__paper_roles,2019-12-24 04:00:00,11.8954270148,57.5065801482,0,0,0,12,12,5315,4670
reference_NY46__paper_roles,2019-12-24 05:00:00,9.21880789936,46.5616493573,0,0,0,12,12,3155,3939
reference_NY46__paper_roles,2019-12-24 06:00:00,5.10230446478,11.0466225571,0,0,0,12,12,401,165
reference_NY46__paper_roles,2019-12-24 07:00:00,9.95868439917,20.3662334546,0,0,0,12,12,3809,1177
reference_NY46__paper_roles,2019-12-24 08:00:00,4.80302320926,19.6111801916,0,0,0,12,12,304,1084
reference_NY46__paper_roles,2019-12-24 09:00:00,5.39825076953,20.7620378397,0,0,0,12,12,509,1236
reference_NY46__paper_roles,2019-12-24 10:00:00,7.60731391355,41.9470440177,0,0,0,12,12,1800,3576
reference_NY46__paper_roles,2019-12-24 11:00:00,8.44637742571,101.378300513,0,0,0,12,12,2474,6262
reference_NY46__paper_roles,2019-12-24 12:00:00,8.23388145019,155.894042962,0,0,0,12,12,2292,7121
reference_NY46__paper_roles,2019-12-24 13:00:00,8.95381878017,127.05820797,0,0,0,12,12,2941,6754
reference_NY46__paper_roles,2019-12-24 14:00:00,8.90767520413,71.2617333668,0,0,0,12,12,2900,5293
reference_NY46__paper_roles,2019-12-24 15:00:00,5.03538918942,16.9375661044,0,0,0,12,12,371,715
reference_NY46__paper_roles,2019-12-24 16:00:00,9.71838152998,89.0474337985,0,0,0,12,12,3606,5911
reference_NY46__paper_roles,2019-12-24 17:00:00,11.3106788278,85.7609475635,0,0,0,12,12,4878,5826
reference_NY46__paper_roles,2019-12-24 18:00:00,10.4972312877,99.2862103979,0,0,0,12,12,4241,6206
reference_NY46__paper_roles,2019-12-24 19:00:00,9.24392655362,56.8497984966,0,0,0,12,12,3180,4634
reference_NY46__paper_roles,2019-12-24 20:00:00,10.5443976709,95.9092865881,0,0,0,12,12,4293,6128
reference_NY46__paper_roles,2019-12-24 21:00:00,9.22610785743,18.2222867861,0,0,0,12,12,3162,870
reference_NY46__paper_roles,2019-12-24 22:00:00,8.87514017695,20.7329304797,0,0,0,12,12,2866,1232
reference_NY46__paper_roles,2019-12-24 23:00:00,7.42246582108,13.3397424169,0,0,0,12,12,1642,331
reference_NY46__paper_roles,2019-12-25 00:00:00,11.32630729,45.8520804364,0,0,0,12,12,4891,3883
reference_NY46__paper_roles,2019-12-25 01:00:00,10.446464138,38.9703716173,0,0,0,12,12,4203,3332
reference_NY46__paper_roles,2019-12-25 02:00:00,11.6856269847,49.7809342657,0,0,0,12,12,5150,4185
reference_NY46__paper_roles,2019-12-25 03:00:00,13.5452686234,77.4452735123,0,0,0,12,12,6287,5529
reference_NY46__paper_roles,2019-12-25 04:00:00,11.6314935505,61.0026345918,0,0,0,12,12,5105,4841
reference_NY46__paper_roles,2019-12-25 05:00:00,11.8056001616,54.5940928282,0,0,0,12,12,5234,4501
reference_NY46__paper_roles,2019-12-25 06:00:00,12.0415238915,67.710891013,0,0,0,12,12,5423,5157
reference_NY46__paper_roles,2019-12-25 07:00:00,12.0972112718,69.6971042163,0,0,0,12,12,5458,5233
reference_NY46__paper_roles,2019-12-25 08:00:00,7.51328319632,50.9528899197,0,0,0,12,12,1726,4257
reference_NY46__paper_roles,2019-12-25 09:00:00,8.86292602082,52.1049282068,0,0,0,12,12,2852,4342
reference_NY46__paper_roles,2019-12-25 10:00:00,10.874476322,41.0579535076,0,0,0,12,12,4547,3522
reference_NY46__paper_roles,2019-12-25 11:00:00,8.93101439033,37.1365106075,0,0,0,12,12,2921,3152
reference_NY46__paper_roles,2019-12-25 12:00:00,9.39057913542,33.316325784,0,0,0,12,12,3302,2779
reference_NY46__paper_roles,2019-12-25 13:00:00,8.98268448091,32.1385941674,0,0,0,12,12,2962,2660
reference_NY46__paper_roles,2019-12-25 14:00:00,9.94900913852,33.8693988815,0,0,0,12,12,3800,2843
reference_NY46__paper_roles,2019-12-25 15:00:00,9.84733872195,28.1196245139,0,0,0,12,12,3713,2198
reference_NY46__paper_roles,2019-12-25 16:00:00,11.3033800642,43.0283412597,0,0,0,12,12,4871,3661
reference_NY46__paper_roles,2019-12-25 17:00:00,10.4069933111,22.5762358577,0,0,0,12,12,4172,1489
reference_NY46__paper_roles,2019-12-25 18:00:00,9.29930538246,28.1626917017,0,0,0,12,12,3225,2205
reference_NY46__paper_roles,2019-12-25 19:00:00,8.78454367868,29.1687095668,0,0,0,12,12,2769,2331
reference_NY46__paper_roles,2019-12-25 20:00:00,7.2969754725,14.255771207,0,0,0,12,12,1530,416
reference_NY46__paper_roles,2019-12-25 21:00:00,6.57645260703,16.5176452633,0,0,0,12,12,1074,662
reference_NY46__paper_roles,2019-12-25 22:00:00,8.57432871941,18.3276416028,0,0,0,12,12,2586,882
reference_NY46__paper_roles,2019-12-25 23:00:00,10.4966670314,24.6809309374,0,0,0,12,12,4240,1770
reference_NY46__paper_roles,2019-12-26 00:00:00,16.4521783461,45.8571697727,0,0,0,12,12,7466,3884
reference_NY46__paper_roles,2019-12-26 01:00:00,14.3707785096,56.6769390782,0,0,0,12,12,6692,4623
reference_NY46__paper_roles,2019-12-26 02:00:00,12.3060638246,40.4628691252,0,0,0,12,12,5579,3466
reference_NY46__paper_roles,2019-12-26 03:00:00,14.078257825,43.3190573012,0,0,0,12,12,6558,3690
reference_NY46__paper_roles,2019-12-26 04:00:00,13.5494194411,48.4695746286,0,0,0,12,12,6293,4079
reference_NY46__paper_roles,2019-12-26 05:00:00,12.2183057678,36.0738768912,0,0,0,12,12,5542,3056
reference_NY46__paper_roles,2019-12-26 06:00:00,9.34307872461,28.4987091279,0,0,0,12,12,3268,2249
reference_NY46__paper_roles,2019-12-26 07:00:00,7.85705906435,23.841797831,0,0,0,12,12,1979,1659
reference_NY46__paper_roles,2019-12-26 08:00:00,7.46032652494,22.4094365011,0,0,0,12,12,1677,1470
reference_NY46__paper_roles,2019-12-26 09:00:00,6.03987500642,19.0716781483,0,0,0,12,12,768,994
reference_NY46__paper_roles,2019-12-26 10:00:00,5.77585010962,25.0443024566,0,0,0,12,12,652,1819
reference_NY46__paper_roles,2019-12-26 11:00:00,6.61299060449,21.7306946259,0,0,0,12,12,1099,1368
reference_NY46__paper_roles,2019-12-26 12:00:00,6.90090631222,18.0606182976,0,0,0,12,12,1265,852
reference_NY46__paper_roles,2019-12-26 13:00:00,7.02900214322,16.5822482669,0,0,0,12,12,1353,670
reference_NY46__paper_roles,2019-12-26 14:00:00,6.68578214694,19.5783967119,0,0,0,12,12,1147,1078
reference_NY46__paper_roles,2019-12-26 15:00:00,8.3597602775,27.1319396404,0,0,0,12,12,2403,2090
reference_NY46__paper_roles,2019-12-26 16:00:00,4.96952581753,17.9278951105,0,0,0,12,12,351,840
reference_NY46__paper_roles,2019-12-26 17:00:00,8.00152503344,22.328487293,0,0,0,12,12,2097,1456
reference_NY46__paper_roles,2019-12-26 18:00:00,7.61493456118,25.8150477072,0,0,0,11,11,1807,1926
reference_NY46__paper_roles,2019-12-26 19:00:00,9.71810745478,31.2478864688,0,0,0,12,12,3603,2562
reference_NY46__paper_roles,2019-12-26 20:00:00,7.71588979349,35.9937889023,0,0,0,12,12,1884,3048
reference_NY46__paper_roles,2019-12-26 21:00:00,8.02218484139,31.3333899734,0,0,0,13,12,2113,2570
reference_NY46__paper_roles,2019-12-26 22:00:00,7.04203212535,42.1833176664,0,0,0,13,12,1366,3595
reference_NY46__paper_roles,2019-12-26 23:00:00,8.61638417357,70.4996884126,0,0,0,12,12,2621,5270
reference_NY46__paper_roles,2019-12-27 00:00:00,15.2724435204,83.9854872732,0,0,0,12,12,7031,5763
reference_NY46__paper_roles,2019-12-27 01:00:00,16.1949904258,90.6963635246,0,0,0,12,12,7388,5959
reference_NY46__paper_roles,2019-12-27 02:00:00,16.538667988,83.0032487392,0,0,0,12,12,7496,5723
reference_NY46__paper_roles,2019-12-27 03:00:00,15.6127875531,83.4298129541,0,0,0,12,12,7171,5737
reference_NY46__paper_roles,2019-12-27 04:00:00,14.2586580156,88.0215664456,0,0,0,12,12,6633,5874
reference_NY46__paper_roles,2019-12-27 05:00:00,9.77301776087,84.8801116087,0,0,0,12,12,3643,5794
reference_NY46__paper_roles,2019-12-27 06:00:00,11.440493085,91.6469510897,0,0,0,12,12,4978,5990
reference_NY46__paper_roles,2019-12-27 07:00:00,10.0252266801,62.1839179378,0,0,0,12,12,3862,4903
reference_NY46__paper_roles,2019-12-27 08:00:00,9.05338128113,41.3534114121,0,0,0,12,12,3005,3540
reference_NY46__paper_roles,2019-12-27 09:00:00,9.21230110292,37.332184668,0,0,0,12,12,3150,3169
reference_NY46__paper_roles,2019-12-27 10:00:00,7.70667131821,28.7588854278,0,0,0,12,12,1878,2287
reference_NY46__paper_roles,2019-12-27 11:00:00,7.15352328419,26.732646944,0,0,0,12,12,1438,2042
reference_NY46__paper_roles,2019-12-27 12:00:00,7.41238233284,28.4339600062,0,0,0,12,12,1632,2241
reference_NY46__paper_roles,2019-12-27 13:00:00,6.39863076988,25.6081436851,0,0,0,12,12,968,1887
reference_NY46__paper_roles,2019-12-27 14:00:00,6.02954121334,22.8601862991,0,0,0,12,12,762,1525
reference_NY46__paper_roles,2019-12-27 15:00:00,6.4246942917,21.6190663078,0,0,0,12,12,986,1355
reference_NY46__paper_roles,2019-12-27 16:00:00,5.87252386362,19.3883852977,0,0,0,12,12,694,1046
reference_NY46__paper_roles,2019-12-27 17:00:00,8.92676995447,17.4513060143,0,0,0,12,12,2913,770
reference_NY46__paper_roles,2019-12-27 18:00:00,9.48223590717,25.1277293582,0,0,0,12,12,3387,1831
reference_NY46__paper_roles,2019-12-27 19:00:00,10.5992003034,45.007251481,0,0,0,12,12,4331,3812
reference_NY46__paper_roles,2019-12-27 20:00:00,8.28762993978,42.7966312762,0,0,0,13,13,2326,3640
reference_NY46__paper_roles,2019-12-27 21:00:00,10.3390547628,34.1751456277,0,0,0,12,12,4107,2869
reference_NY46__paper_roles,2019-12-27 22:00:00,5.99572429444,11.427903251,0,0,0,12,12,746,188
reference_NY46__paper_roles,2019-12-27 23:00:00,5.21215128599,9.89603599836,0,0,0,12,12,443,112
reference_NY46__paper_roles,2019-12-28 00:00:00,8.04696860182,25.8133226635,0,0,0,12,12,2132,1925
reference_NY46__paper_roles,2019-12-28 01:00:00,5.985821868,21.5850831649,0,0,0,12,12,743,1348
reference_NY46__paper_roles,2019-12-28 02:00:00,9.51319024899,58.5791981645,0,0,0,12,12,3427,4722
reference_NY46__paper_roles,2019-12-28 03:00:00,9.40744812175,61.2018340692,0,0,0,12,12,3316,4850
reference_NY46__paper_roles,2019-12-28 04:00:00,7.99690275253,60.5622406935,0,0,0,12,12,2093,4814
reference_NY46__paper_roles,2019-12-28 05:00:00,3.20180788344,9.38058482843,0,0,0,12,12,36,89
reference_NY46__paper_roles,2019-12-28 06:00:00,5.10270964954,14.7746207134,0,0,0,12,12,402,470
reference_NY46__paper_roles,2019-12-28 07:00:00,5.68606856085,20.2999372706,0,0,0,12,12,618,1171
reference_NY46__paper_roles,2019-12-28 08:00:00,2.86951382443,35.3324436487,0,0,0,12,12,23,2977
reference_NY46__paper_roles,2019-12-28 09:00:00,3.67644095915,59.2205144192,0,0,0,12,12,88,4752
reference_NY46__paper_roles,2019-12-28 10:00:00,8.69360908698,99.1715352694,0,0,0,12,12,2674,6201
reference_NY46__paper_roles,2019-12-28 11:00:00,4.42683104657,47.7276464978,0,0,0,12,12,201,4018
reference_NY46__paper_roles,2019-12-28 12:00:00,3.71604285899,26.8475552055,0,0,0,12,12,94,2053
reference_NY46__paper_roles,2019-12-28 13:00:00,4.99704167588,30.3486725632,0,0,0,12,12,360,2460
reference_NY46__paper_roles,2019-12-28 14:00:00,7.602142095,51.5363544613,0,0,0,12,12,1793,4303
reference_NY46__paper_roles,2019-12-28 15:00:00,5.25461066638,40.0737489016,0,0,0,12,12,456,3430
reference_NY46__paper_roles,2019-12-28 16:00:00,5.85444375664,17.5429021937,0,0,0,12,12,682,790
reference_NY46__paper_roles,2019-12-28 17:00:00,4.14655762793,9.77687917157,0,0,0,12,12,156,106
reference_NY46__paper_roles,2019-12-28 18:00:00,4.09464643988,15.5050832975,0,0,0,12,12,146,538
reference_NY46__paper_roles,2019-12-28 19:00:00,3.89217728355,18.383057971,0,0,0,12,12,118,889
reference_NY46__paper_roles,2019-12-28 20:00:00,2.56177228656,7.01337633396,0,0,0,12,12,9,22
reference_NY46__paper_roles,2019-12-28 21:00:00,6.32955379137,46.6461554724,0,0,0,12,12,917,3943
reference_NY46__paper_roles,2019-12-28 22:00:00,12.0276250901,42.3267117721,0,0,0,12,12,5412,3604
reference_NY46__paper_roles,2019-12-28 23:00:00,4.55721443865,8.32789587299,0,0,0,12,12,239,54
reference_NY46__paper_roles,2019-12-29 00:00:00,8.93631674578,17.5712938225,0,0,0,12,12,2926,795
reference_NY46__paper_roles,2019-12-29 01:00:00,8.44750178912,16.5528541108,0,0,0,12,12,2475,666
reference_NY46__paper_roles,2019-12-29 02:00:00,9.55234697696,20.2972729707,0,0,0,12,12,3457,1170
reference_NY46__paper_roles,2019-12-29 03:00:00,8.41434442233,15.6434908428,0,0,0,12,12,2446,553
reference_NY46__paper_roles,2019-12-29 04:00:00,8.20193926942,37.6308996239,0,0,0,12,12,2267,3195
reference_NY46__paper_roles,2019-12-29 05:00:00,8.76413100888,55.4939811549,0,0,0,12,12,2751,4557
reference_NY46__paper_roles,2019-12-29 06:00:00,7.4586885942,47.366629745,0,0,0,12,12,1674,3995
reference_NY46__paper_roles,2019-12-29 07:00:00,8.34988848526,48.9501560176,0,0,0,12,12,2390,4120
reference_NY46__paper_roles,2019-12-29 08:00:00,8.91447629351,45.8693310258,0,0,0,12,12,2904,3886
reference_NY46__paper_roles,2019-12-29 09:00:00,8.51479482067,48.478310992,0,0,0,12,12,2531,4082
reference_NY46__paper_roles,2019-12-29 10:00:00,8.82889857397,47.8349974159,0,0,0,12,12,2816,4028
reference_NY46__paper_roles,2019-12-29 11:00:00,10.4443012891,48.5389564055,0,0,0,12,12,4200,4091
reference_NY46__paper_roles,2019-12-29 12:00:00,9.55945971665,46.042913724,0,0,0,12,12,3464,3898
reference_NY46__paper_roles,2019-12-29 13:00:00,7.85257833574,45.4483137131,0,0,0,12,12,1975,3851
reference_NY46__paper_roles,2019-12-29 14:00:00,10.6600159159,53.0505550344,0,0,0,13,13,4377,4401
reference_NY46__paper_roles,2019-12-29 15:00:00,14.81170302,44.0922240586,0,0,0,12,12,6869,3741
reference_NY46__paper_roles,2019-12-29 16:00:00,12.1549229826,37.4352426846,0,0,0,12,12,5494,3174
reference_NY46__paper_roles,2019-12-29 17:00:00,12.8025356147,24.0045926548,0,0,0,12,12,5860,1685
reference_NY46__paper_roles,2019-12-29 18:00:00,11.6478359405,25.1217992747,0,0,0,12,12,5115,1829
reference_NY46__paper_roles,2019-12-29 19:00:00,13.3243879655,44.2776639341,0,0,0,12,12,6146,3756
reference_NY46__paper_roles,2019-12-29 20:00:00,11.2691283954,36.5585545968,0,0,0,12,12,4844,3100
reference_NY46__paper_roles,2019-12-29 21:00:00,9.89877855815,24.0195513188,0,0,0,12,12,3759,1686
reference_NY46__paper_roles,2019-12-29 22:00:00,9.21910308338,17.9295256738,0,0,0,12,12,3156,842
reference_NY46__paper_roles,2019-12-29 23:00:00,12.1722184146,28.5257532037,0,0,0,12,12,5506,2255
reference_NY46__paper_roles,2019-12-30 00:00:00,10.2701736079,32.1288877275,0,0,0,11,11,4056,2658
reference_NY46__paper_roles,2019-12-30 01:00:00,13.0682497951,42.6355856162,0,0,0,12,12,6017,3626
reference_NY46__paper_roles,2019-12-30 02:00:00,12.1696045391,53.2176915992,0,0,0,12,12,5503,4417
reference_NY46__paper_roles,2019-12-30 03:00:00,11.8595549327,51.8230419232,0,0,0,12,12,5277,4320
reference_NY46__paper_roles,2019-12-30 04:00:00,12.4424039602,52.0074424603,0,0,0,13,13,5670,4335
reference_NY46__paper_roles,2019-12-30 05:00:00,12.4930636717,38.6962214994,0,0,0,12,12,5698,3302
reference_NY46__paper_roles,2019-12-30 06:00:00,13.8833063484,56.8025634462,0,0,0,12,12,6467,4632
reference_NY46__paper_roles,2019-12-30 07:00:00,10.3689468965,50.2124329633,0,0,0,12,12,4130,4212
reference_NY46__paper_roles,2019-12-30 08:00:00,10.0199363843,45.177976382,0,0,0,12,12,3857,3823
reference_NY46__paper_roles,2019-12-30 09:00:00,7.77227780906,54.9010936836,0,0,0,12,12,1920,4516
reference_NY46__paper_roles,2019-12-30 10:00:00,8.85524357841,45.781547637,0,0,0,14,13,2843,3880
reference_NY46__paper_roles,2019-12-30 11:00:00,10.3851094504,40.3815821128,0,0,0,12,12,4149,3452
reference_NY46__paper_roles,2019-12-30 12:00:00,8.80369194878,32.5267354531,0,0,0,12,12,2791,2698
reference_NY46__paper_roles,2019-12-30 13:00:00,8.87590167837,35.0336246849,0,0,0,14,14,2868,2951
reference_NY46__paper_roles,2019-12-30 14:00:00,12.5760703492,36.4691301357,0,0,0,12,11,5744,3092
reference_NY46__paper_roles,2019-12-30 15:00:00,13.4648915749,45.6235773652,0,0,0,13,12,6228,3865
reference_NY46__paper_roles,2019-12-30 16:00:00,14.8452212866,38.5033483463,0,0,0,13,13,6889,3288
reference_NY46__paper_roles,2019-12-30 17:00:00,13.5125233144,24.7308944593,0,0,0,12,12,6265,1781
reference_NY46__paper_roles,2019-12-30 18:00:00,15.9314974276,32.392706059,0,0,0,12,12,7299,2684
reference_NY46__paper_roles,2019-12-30 19:00:00,16.4407220262,45.6532982004,0,0,0,12,12,7463,3871
reference_NY46__paper_roles,2019-12-30 20:00:00,14.457600472,47.5811312328,0,0,0,12,12,6738,4014
reference_NY46__paper_roles,2019-12-30 21:00:00,10.2768351051,29.0545859964,0,0,0,12,12,4060,2320
reference_NY46__paper_roles,2019-12-30 22:00:00,12.8589929728,29.2161029821,0,0,0,12,12,5898,2340
reference_NY46__paper_roles,2019-12-30 23:00:00,17.2209394724,46.2085999502,0,0,0,12,12,7678,3908
reference_NY46__paper_roles,2019-12-31 00:00:00,22.7820028298,49.9770281892,0,0,0,12,12,8463,4195
reference_NY46__paper_roles,2019-12-31 01:00:00,19.4703374784,70.5910092063,0,0,0,12,12,8087,5273
reference_NY46__paper_roles,2019-12-31 02:00:00,16.2560159964,68.6953801134,0,0,0,12,12,7405,5197
reference_NY46__paper_roles,2019-12-31 03:00:00,16.2948942278,77.3234250567,0,0,0,12,12,7416,5528
reference_NY46__paper_roles,2019-12-31 04:00:00,16.527283298,72.8848573129,0,0,0,12,12,7492,5350
reference_NY46__paper_roles,2019-12-31 05:00:00,14.5973749203,61.660281867,0,0,0,12,12,6789,4875
reference_NY46__paper_roles,2019-12-31 06:00:00,12.5044409688,59.8463238559,0,0,0,12,12,5702,4791
reference_NY46__paper_roles,2019-12-31 07:00:00,9.71345266928,50.7162303665,0,0,0,12,12,3600,4238
reference_NY46__paper_roles,2019-12-31 08:00:00,12.5379178746,40.2798931545,0,0,0,12,12,5725,3445
reference_NY46__paper_roles,2019-12-31 09:00:00,12.2168237199,34.9466066228,0,0,0,12,12,5541,2947
reference_NY46__paper_roles,2019-12-31 10:00:00,11.1989597642,27.9400710371,0,0,0,12,12,4799,2183
reference_NY46__paper_roles,2019-12-31 11:00:00,11.3143602616,31.5502543602,0,0,0,12,12,4884,2588
reference_NY46__paper_roles,2019-12-31 12:00:00,10.6099676508,32.4341487281,0,0,0,12,12,4338,2691
reference_NY46__paper_roles,2019-12-31 13:00:00,12.1763184077,33.6957427627,0,0,0,12,12,5509,2819
reference_NY46__paper_roles,2019-12-31 14:00:00,11.9640453146,33.7266012505,0,0,0,12,12,5369,2825
reference_NY46__paper_roles,2019-12-31 15:00:00,12.340278629,35.4257762449,0,0,0,12,12,5598,2989
reference_NY46__paper_roles,2019-12-31 16:00:00,14.7821553275,48.7284801943,0,0,0,12,12,6857,4105
reference_NY46__paper_roles,2019-12-31 17:00:00,15.2533955253,35.3548001633,0,0,0,13,13,7023,2979
reference_NY46__paper_roles,2019-12-31 18:00:00,17.490560342,36.7178764788,0,0,0,12,12,7733,3118
reference_NY46__paper_roles,2019-12-31 19:00:00,15.4233948795,37.144234443,0,0,0,12,12,7108,3154
reference_NY46__paper_roles,2019-12-31 20:00:00,13.326935824,28.6456233908,0,0,0,12,12,6148,2271
reference_NY46__paper_roles,2019-12-31 21:00:00,11.0780443484,23.6708871012,0,0,0,12,12,4694,1637
reference_NY46__paper_roles,2019-12-31 22:00:00,11.4160742032,23.7887131029,0,0,0,12,12,4960,1652
reference_NY46__paper_roles,2019-12-31 23:00:00,13.052133419,32.7499628245,0,0,0,12,12,6008,2723
compact51__paper_roles,2019-01-01 00:00:00,18.5213516594,53.1343072058,0,0,0,13,12,5462,3443
compact51__paper_roles,2019-01-01 01:00:00,17.9591476239,49.6785976282,0,0,0,12,12,5102,2587
compact51__paper_roles,2019-01-01 02:00:00,20.3712690985,50.3737859727,0,0,0,12,12,6513,2767
compact51__paper_roles,2019-01-01 03:00:00,17.8413539512,52.8988358891,0,0,0,12,12,5004,3375
compact51__paper_roles,2019-01-01 04:00:00,20.8154551695,73.7401019396,0,0,0,12,12,6698,5298
compact51__paper_roles,2019-01-01 05:00:00,21.4429739184,60.8618132942,0,0,0,12,12,6985,4568
compact51__paper_roles,2019-01-01 06:00:00,22.9313187568,70.2509816501,0,0,0,12,12,7476,5151
compact51__paper_roles,2019-01-01 07:00:00,25.2198097579,130.186771145,0,0,0,12,12,8000,6803
compact51__paper_roles,2019-01-01 08:00:00,24.7434961407,489.967164504,0,0,0,12,12,7897,8240
compact51__paper_roles,2019-01-01 09:00:00,24.5566422312,639.273480378,0,0,0,12,12,7866,8359
compact51__paper_roles,2019-01-01 10:00:00,23.2585546285,163.482699569,0,0,0,12,12,7570,7205
compact51__paper_roles,2019-01-01 11:00:00,21.6009916099,173.896938819,0,0,0,12,12,7053,7305
compact51__paper_roles,2019-01-01 12:00:00,23.2418736017,216.085001298,0,0,0,12,12,7566,7581
compact51__paper_roles,2019-01-01 13:00:00,27.9829137285,480.733258674,0,0,0,12,12,8389,8227
compact51__paper_roles,2019-01-01 14:00:00,26.2983431345,525.181155006,0,0,0,12,12,8190,8280
compact51__paper_roles,2019-01-01 15:00:00,24.0381948582,205.085465594,0,0,0,12,12,7753,7524
compact51__paper_roles,2019-01-01 16:00:00,25.9694808201,235.468456144,0,0,0,12,12,8125,7690
compact51__paper_roles,2019-01-01 17:00:00,26.2874046178,168.620077055,0,0,0,12,12,8187,7251
compact51__paper_roles,2019-01-01 18:00:00,24.070161319,163.495055183,0,0,0,12,12,7758,7206
compact51__paper_roles,2019-01-01 19:00:00,24.044557422,132.274349671,0,0,0,12,12,7755,6831
compact51__paper_roles,2019-01-01 20:00:00,22.2996479574,133.789548582,0,0,0,12,12,7289,6853
compact51__paper_roles,2019-01-01 21:00:00,25.4533504777,174.518937996,0,0,0,12,12,8047,7310
compact51__paper_roles,2019-01-01 22:00:00,28.1493900625,278.041581153,0,0,0,12,12,8405,7850
compact51__paper_roles,2019-01-01 23:00:00,20.5109430838,98.2636725757,0,0,0,12,12,6577,6162
compact51__paper_roles,2019-01-02 00:00:00,23.2025941363,114.927814097,0,0,0,12,12,7555,6527
compact51__paper_roles,2019-01-02 01:00:00,25.5952597583,108.374575516,0,0,0,12,12,8063,6399
compact51__paper_roles,2019-01-02 02:00:00,24.806811278,109.13424891,0,0,0,12,12,7909,6416
compact51__paper_roles,2019-01-02 03:00:00,23.8479912701,78.1571397115,0,0,0,12,12,7722,5484
compact51__paper_roles,2019-01-02 04:00:00,26.9578537856,109.931125477,0,0,0,12,12,8279,6433
compact51__paper_roles,2019-01-02 05:00:00,23.7235749551,119.907034332,0,0,0,12,12,7681,6609
compact51__paper_roles,2019-01-02 06:00:00,21.4110230527,84.4683747997,0,0,0,12,12,6970,5730
compact51__paper_roles,2019-01-02 07:00:00,27.1709113906,155.603710426,0,0,0,12,12,8310,7122
compact51__paper_roles,2019-01-02 08:00:00,26.6094452098,131.882111486,0,0,0,12,12,8231,6827
compact51__paper_roles,2019-01-02 09:00:00,27.8176999916,156.815334587,0,0,0,12,12,8369,7132
compact51__paper_roles,2019-01-02 10:00:00,24.2710413396,122.398656683,0,0,0,12,12,7805,6669
compact51__paper_roles,2019-01-02 11:00:00,28.5723136205,143.098685069,0,0,0,12,12,8427,6976
compact51__paper_roles,2019-01-02 12:00:00,28.7854827025,179.505286409,0,0,0,12,12,8434,7342
compact51__paper_roles,2019-01-02 13:00:00,27.8021404166,194.051227944,0,0,0,12,12,8367,7444
compact51__paper_roles,2019-01-02 14:00:00,28.7867548818,183.240954986,0,0,0,12,12,8435,7369
compact51__paper_roles,2019-01-02 15:00:00,24.186723493,98.5999262857,0,0,0,12,12,7783,6167
compact51__paper_roles,2019-01-02 16:00:00,27.7543949762,108.41712936,0,0,0,13,13,8361,6402
compact51__paper_roles,2019-01-02 17:00:00,27.7642054126,78.9254200533,0,0,0,11,11,8363,5505
compact51__paper_roles,2019-01-02 18:00:00,25.3644552902,85.0856023821,0,0,0,12,12,8035,5752
compact51__paper_roles,2019-01-02 19:00:00,27.2804669348,107.82504073,0,0,0,12,12,8318,6390
compact51__paper_roles,2019-01-02 20:00:00,21.6611533588,92.5700558865,0,0,0,12,12,7080,5998
compact51__paper_roles,2019-01-02 21:00:00,18.8950814621,76.8270540441,0,0,0,13,12,5725,5427
compact51__paper_roles,2019-01-02 22:00:00,20.9567415021,54.8662134555,0,0,0,11,11,6769,3767
compact51__paper_roles,2019-01-02 23:00:00,21.2447152278,56.0049100181,0,0,0,12,12,6898,3977
compact51__paper_roles,2019-01-03 00:00:00,18.0859199648,46.3634624492,0,0,0,12,12,5180,1683
compact51__paper_roles,2019-01-03 01:00:00,23.2826573258,56.4674344049,0,0,0,12,12,7576,4055
compact51__paper_roles,2019-01-03 02:00:00,24.6607140329,52.0241529085,0,0,0,12,12,7880,3169
compact51__paper_roles,2019-01-03 03:00:00,26.1563271698,66.2604399383,0,0,0,12,12,8159,4967
compact51__paper_roles,2019-01-03 04:00:00,29.8083539029,98.7637429513,0,0,0,12,12,8502,6172
compact51__paper_roles,2019-01-03 05:00:00,26.1923096657,98.1623435661,0,0,0,12,12,8166,6160
compact51__paper_roles,2019-01-03 06:00:00,20.5547739175,87.3432732367,0,0,0,12,12,6589,5820
compact51__paper_roles,2019-01-03 07:00:00,25.2133177858,109.762129966,0,0,0,12,12,7999,6429
compact51__paper_roles,2019-01-03 08:00:00,23.1206848627,98.681226976,0,0,0,12,12,7532,6169
compact51__paper_roles,2019-01-03 09:00:00,19.655708977,73.0607382336,0,0,0,12,12,6178,5261
compact51__paper_roles,2019-01-03 10:00:00,16.7831718872,51.5966552937,0,0,0,12,12,4213,3065
compact51__paper_roles,2019-01-03 11:00:00,15.8300188691,68.4007638213,0,0,0,12,12,3464,5075
compact51__paper_roles,2019-01-03 12:00:00,17.7448811033,99.3969542833,0,0,0,12,12,4934,6192
compact51__paper_roles,2019-01-03 13:00:00,20.6612759156,101.829891289,0,0,0,12,12,6627,6258
compact51__paper_roles,2019-01-03 14:00:00,18.6827112796,71.1039335383,0,0,0,12,12,5588,5191
compact51__paper_roles,2019-01-03 15:00:00,17.8772334235,61.4695609566,0,0,0,12,12,5029,4619
compact51__paper_roles,2019-01-03 16:00:00,19.2071194577,56.3532614788,0,0,0,12,12,5926,4034
compact51__paper_roles,2019-01-03 17:00:00,18.388845119,55.6857146431,0,0,0,12,12,5387,3929
compact51__paper_roles,2019-01-03 18:00:00,20.5060645097,55.5129316349,0,0,0,12,12,6575,3891
compact51__paper_roles,2019-01-03 19:00:00,21.4632053982,56.6586258389,0,0,0,12,12,6997,4080
compact51__paper_roles,2019-01-03 20:00:00,17.151541384,51.2632787884,0,0,0,12,12,4475,2992
compact51__paper_roles,2019-01-03 21:00:00,18.6414693401,52.9224768298,0,0,0,12,12,5556,3385
compact51__paper_roles,2019-01-03 22:00:00,18.0366658861,53.8961561909,0,0,0,12,12,5148,3591
compact51__paper_roles,2019-01-03 23:00:00,14.4232730093,46.685414102,0,0,0,12,12,2356,1774
compact51__paper_roles,2019-01-04 00:00:00,15.4957446999,45.9848280542,0,0,0,12,12,3186,1614
compact51__paper_roles,2019-01-04 01:00:00,17.1490141083,46.0979357333,0,0,0,12,12,4471,1633
compact51__paper_roles,2019-01-04 02:00:00,16.7213684477,48.0511640218,0,0,0,12,12,4174,2161
compact51__paper_roles,2019-01-04 03:00:00,15.9630334613,43.3537322906,0,0,0,12,12,3578,1031
compact51__paper_roles,2019-01-04 04:00:00,13.0256342642,37.8221639229,0,0,0,12,12,1385,292
compact51__paper_roles,2019-01-04 05:00:00,17.0493241406,45.4216527308,0,0,0,12,12,4406,1474
compact51__paper_roles,2019-01-04 06:00:00,15.1824391996,41.0223472669,0,0,0,12,12,2960,653
compact51__paper_roles,2019-01-04 07:00:00,13.7580540076,38.9839858239,0,0,0,12,12,1859,392
compact51__paper_roles,2019-01-04 08:00:00,13.6288862472,40.3048648754,0,0,0,12,12,1769,545
compact51__paper_roles,2019-01-04 09:00:00,13.1139112999,42.5357886991,0,0,0,12,12,1447,901
compact51__paper_roles,2019-01-04 10:00:00,14.6230779262,59.0506749058,0,0,0,12,12,2516,4377
compact51__paper_roles,2019-01-04 11:00:00,17.1310583383,89.2513727869,0,0,0,12,12,4461,5884
compact51__paper_roles,2019-01-04 12:00:00,18.3761660001,102.636103711,0,0,0,12,12,5377,6274
compact51__paper_roles,2019-01-04 13:00:00,20.0317292122,111.904586896,0,0,0,12,12,6367,6473
compact51__paper_roles,2019-01-04 14:00:00,19.6546467198,98.9873396053,0,0,0,12,12,6177,6177
compact51__paper_roles,2019-01-04 15:00:00,17.4937134746,81.9055146089,0,0,0,12,12,4750,5633
compact51__paper_roles,2019-01-04 16:00:00,16.9765083713,70.4759728233,0,0,0,12,12,4346,5165
compact51__paper_roles,2019-01-04 17:00:00,18.6043155825,57.3287630767,0,0,0,13,12,5530,4176
compact51__paper_roles,2019-01-04 18:00:00,17.9460843789,53.8084780931,0,0,0,12,12,5086,3572
compact51__paper_roles,2019-01-04 19:00:00,20.2914401211,75.2590818623,0,0,0,12,12,6482,5367
compact51__paper_roles,2019-01-04 20:00:00,19.3213944769,72.9413609134,0,0,0,12,12,5993,5260
compact51__paper_roles,2019-01-04 21:00:00,15.7723420141,48.1742655674,0,0,0,12,12,3426,2191
compact51__paper_roles,2019-01-04 22:00:00,18.2629364168,52.1656752117,0,0,0,12,12,5301,3210
compact51__paper_roles,2019-01-04 23:00:00,13.7732936743,46.7850352328,0,0,0,12,12,1868,1808
compact51__paper_roles,2019-01-05 00:00:00,16.0774217207,48.1044416511,0,0,0,12,12,3665,2181
compact51__paper_roles,2019-01-05 01:00:00,17.2197867547,50.1991628788,0,0,0,12,12,4544,2728
compact51__paper_roles,2019-01-05 02:00:00,15.5071075939,43.545574872,0,0,0,12,12,3195,1068
compact51__paper_roles,2019-01-05 03:00:00,17.8064224632,51.3431469637,0,0,0,12,12,4977,3010
compact51__paper_roles,2019-01-05 04:00:00,18.5784314917,55.1501085932,0,0,0,12,12,5513,3818
compact51__paper_roles,2019-01-05 05:00:00,20.6575283953,64.5078651965,0,0,0,12,12,6625,4848
compact51__paper_roles,2019-01-05 06:00:00,18.8315321002,55.3224612367,0,0,0,12,12,5687,3849
compact51__paper_roles,2019-01-05 07:00:00,16.9681620807,50.3732013261,0,0,0,12,12,4343,2766
compact51__paper_roles,2019-01-05 08:00:00,15.5944649537,49.1337308174,0,0,0,12,12,3277,2446
compact51__paper_roles,2019-01-05 09:00:00,15.2860376015,48.5418837746,0,0,0,12,12,3051,2309
compact51__paper_roles,2019-01-05 10:00:00,12.7291320033,47.3104018306,0,0,0,12,12,1191,1958
compact51__paper_roles,2019-01-05 11:00:00,11.4960317287,47.4737079758,0,0,0,12,12,556,2004
compact51__paper_roles,2019-01-05 12:00:00,11.9574768601,44.5858029272,0,0,0,12,12,754,1282
compact51__paper_roles,2019-01-05 13:00:00,11.6404554882,45.3152925714,0,0,0,12,12,610,1447
compact51__paper_roles,2019-01-05 14:00:00,12.2269540078,45.800850233,0,0,0,12,12,916,1563
compact51__paper_roles,2019-01-05 15:00:00,13.407331882,42.3965981942,0,0,0,12,12,1623,875
compact51__paper_roles,2019-01-05 16:00:00,12.2931438042,42.680295197,0,0,0,12,12,955,924
compact51__paper_roles,2019-01-05 17:00:00,13.8938398234,39.5835444028,0,0,0,12,12,1950,461
compact51__paper_roles,2019-01-05 18:00:00,15.1395886944,48.7842003647,0,0,0,12,12,2926,2367
compact51__paper_roles,2019-01-05 19:00:00,16.7011918984,50.8292321681,0,0,0,12,12,4154,2887
compact51__paper_roles,2019-01-05 20:00:00,15.8329671567,49.6530013753,0,0,0,12,12,3468,2583
compact51__paper_roles,2019-01-05 21:00:00,16.9934722442,54.4515684167,0,0,0,12,12,4360,3694
compact51__paper_roles,2019-01-05 22:00:00,17.9315130576,56.2509368631,0,0,0,12,12,5075,4017
compact51__paper_roles,2019-01-05 23:00:00,16.3587913942,54.3467689353,0,0,0,12,12,3893,3678
compact51__paper_roles,2019-01-06 00:00:00,15.9427854052,52.3111060584,0,0,0,12,12,3563,3244
compact51__paper_roles,2019-01-06 01:00:00,16.3712841455,53.3390236252,0,0,0,12,12,3898,3491
compact51__paper_roles,2019-01-06 02:00:00,16.9306060738,53.9902304933,0,0,0,12,12,4312,3608
compact51__paper_roles,2019-01-06 03:00:00,17.9266232768,53.1086169858,0,0,0,12,12,5068,3437
compact51__paper_roles,2019-01-06 04:00:00,17.9072213473,51.3132983646,0,0,0,12,12,5050,3004
compact51__paper_roles,2019-01-06 05:00:00,15.7133998665,46.9466783403,0,0,0,12,12,3381,1850
compact51__paper_roles,2019-01-06 06:00:00,16.8031304679,49.181176553,0,0,0,12,12,4222,2461
compact51__paper_roles,2019-01-06 07:00:00,16.6179250733,46.1974187991,0,0,0,12,12,4086,1652
compact51__paper_roles,2019-01-06 08:00:00,19.3433954635,54.7607225207,0,0,0,12,12,6006,3751
compact51__paper_roles,2019-01-06 09:00:00,15.0001177649,42.6410103578,0,0,0,12,12,2822,920
compact51__paper_roles,2019-01-06 10:00:00,16.3152210915,46.0748066015,0,0,0,12,12,3851,1627
compact51__paper_roles,2019-01-06 11:00:00,14.9716304764,47.9512075112,0,0,0,12,12,2792,2122
compact51__paper_roles,2019-01-06 12:00:00,16.2073730589,50.7001731399,0,0,0,12,12,3776,2849
compact51__paper_roles,2019-01-06 13:00:00,18.1154563779,78.1481786562,0,0,0,12,12,5207,5483
compact51__paper_roles,2019-01-06 14:00:00,19.3698489186,88.137915781,0,0,0,12,12,6024,5843
compact51__paper_roles,2019-01-06 15:00:00,18.8783002899,79.0991216187,0,0,0,12,12,5717,5514
compact51__paper_roles,2019-01-06 16:00:00,19.9976223184,85.3210753162,0,0,0,12,12,6346,5766
compact51__paper_roles,2019-01-06 17:00:00,17.3134694706,53.0882377688,0,0,0,12,12,4623,3429
compact51__paper_roles,2019-01-06 18:00:00,19.2450414202,55.9964956071,0,0,0,12,12,5947,3975
compact51__paper_roles,2019-01-06 19:00:00,18.9490649053,47.5439802115,0,0,0,12,12,5757,2025
compact51__paper_roles,2019-01-06 20:00:00,14.4268352486,42.8835506126,0,0,0,12,12,2357,956
compact51__paper_roles,2019-01-06 21:00:00,13.566871138,43.7232835624,0,0,0,12,12,1721,1106
compact51__paper_roles,2019-01-06 22:00:00,12.1664143869,44.0082307942,0,0,0,12,12,868,1164
compact51__paper_roles,2019-01-06 23:00:00,14.8948418344,46.9877209211,0,0,0,12,12,2729,1867
compact51__paper_roles,2019-01-07 00:00:00,15.3358347235,46.7514902598,0,0,0,12,12,3089,1793
compact51__paper_roles,2019-01-07 01:00:00,16.4053802956,49.5082537635,0,0,0,12,12,3916,2545
compact51__paper_roles,2019-01-07 02:00:00,15.6190567517,48.1504525131,0,0,0,12,12,3296,2187
compact51__paper_roles,2019-01-07 03:00:00,16.8159814705,48.5290468442,0,0,0,12,12,4232,2307
compact51__paper_roles,2019-01-07 04:00:00,19.3695182541,50.2938537186,0,0,0,12,12,6023,2748
compact51__paper_roles,2019-01-07 05:00:00,22.5854719039,55.5311330337,0,0,0,12,12,7383,3894
compact51__paper_roles,2019-01-07 06:00:00,16.0097328288,50.1513363635,0,0,0,12,12,3610,2709
compact51__paper_roles,2019-01-07 07:00:00,11.8195516543,49.6264123842,0,0,0,12,12,683,2579
compact51__paper_roles,2019-01-07 08:00:00,11.2832551721,50.692414222,0,0,0,12,12,458,2843
compact51__paper_roles,2019-01-07 09:00:00,11.8063156324,53.9844248501,0,0,0,12,12,670,3606
compact51__paper_roles,2019-01-07 10:00:00,13.3161250994,57.2438942771,0,0,0,12,12,1571,4166
compact51__paper_roles,2019-01-07 11:00:00,12.6670624893,56.001848127,0,0,0,12,12,1169,3976
compact51__paper_roles,2019-01-07 12:00:00,12.8399387267,55.4207856704,0,0,0,12,12,1260,3868
compact51__paper_roles,2019-01-07 13:00:00,13.6773375587,50.2807652131,0,0,0,12,12,1801,2743
compact51__paper_roles,2019-01-07 14:00:00,13.0546696907,48.2154521874,0,0,0,12,12,1402,2206
compact51__paper_roles,2019-01-07 15:00:00,12.0725919015,47.4213184423,0,0,0,12,12,819,1987
compact51__paper_roles,2019-01-07 16:00:00,14.1849994478,48.2860909937,0,0,0,12,12,2164,2233
compact51__paper_roles,2019-01-07 17:00:00,18.0119496428,53.7228987025,0,0,0,12,12,5137,3562
compact51__paper_roles,2019-01-07 18:00:00,18.9831648217,60.8877149458,0,0,0,12,12,5782,4569
compact51__paper_roles,2019-01-07 19:00:00,15.5527700799,48.5140245875,0,0,0,12,12,3234,2306
compact51__paper_roles,2019-01-07 20:00:00,12.3568587132,44.3012800236,0,0,0,12,12,982,1226
compact51__paper_roles,2019-01-07 21:00:00,12.5052813919,44.9291550903,0,0,0,12,12,1076,1352
compact51__paper_roles,2019-01-07 22:00:00,18.0658288916,50.272407502,0,0,0,12,12,5164,2742
compact51__paper_roles,2019-01-07 23:00:00,14.4870825098,41.69270806,0,0,0,12,12,2399,760
compact51__paper_roles,2019-01-08 00:00:00,12.9601563885,39.4360072276,0,0,0,12,12,1337,445
compact51__paper_roles,2019-01-08 01:00:00,12.6469787362,38.3845540312,0,0,0,12,12,1156,336
compact51__paper_roles,2019-01-08 02:00:00,11.8235107473,39.4738504062,0,0,0,12,12,686,451
compact51__paper_roles,2019-01-08 03:00:00,15.9618960441,40.9079299155,0,0,0,12,12,3577,631
compact51__paper_roles,2019-01-08 04:00:00,17.1272770567,41.8985920123,0,0,0,12,12,4456,788
compact51__paper_roles,2019-01-08 05:00:00,16.9656176728,43.8918546201,0,0,0,12,12,4342,1144
compact51__paper_roles,2019-01-08 06:00:00,17.9077770947,60.308342596,0,0,0,12,12,5051,4515
compact51__paper_roles,2019-01-08 07:00:00,16.2758043798,57.2371979482,0,0,0,13,12,3829,4163
compact51__paper_roles,2019-01-08 08:00:00,14.8733537003,52.4067123531,0,0,0,12,12,2710,3258
compact51__paper_roles,2019-01-08 09:00:00,13.703260505,47.0671450865,0,0,0,12,12,1819,1889
compact51__paper_roles,2019-01-08 10:00:00,11.2687205497,43.3601767333,0,0,0,12,12,452,1032
compact51__paper_roles,2019-01-08 11:00:00,12.0077578924,44.9151786529,0,0,0,12,12,787,1349
compact51__paper_roles,2019-01-08 12:00:00,13.1254720143,46.774587075,0,0,0,12,12,1454,1804
compact51__paper_roles,2019-01-08 13:00:00,11.5641945853,48.8456187609,0,0,0,12,12,583,2376
compact51__paper_roles,2019-01-08 14:00:00,10.7418060022,45.7737334584,0,0,0,12,12,290,1551
compact51__paper_roles,2019-01-08 15:00:00,9.91938388407,42.7914088118,0,0,0,12,12,125,938
compact51__paper_roles,2019-01-08 16:00:00,10.469066895,46.1119237318,0,0,0,14,14,228,1635
compact51__paper_roles,2019-01-08 17:00:00,11.6972462331,49.149630275,0,0,0,10,10,632,2450
compact51__paper_roles,2019-01-08 18:00:00,14.6754334039,55.1998342972,0,0,0,12,12,2551,3828
compact51__paper_roles,2019-01-08 19:00:00,17.8967491929,58.052603832,0,0,0,12,12,5040,4264
compact51__paper_roles,2019-01-08 20:00:00,17.1952293385,56.99932549,0,0,0,12,12,4519,4136
compact51__paper_roles,2019-01-08 21:00:00,24.1651065712,65.2684820954,0,0,0,12,12,7779,4911
compact51__paper_roles,2019-01-08 22:00:00,20.8035578688,60.7961197198,0,0,0,12,12,6691,4559
compact51__paper_roles,2019-01-08 23:00:00,18.6081066764,53.3887260083,0,0,0,12,12,5535,3507
compact51__paper_roles,2019-01-09 00:00:00,17.9056346122,52.6785531038,0,0,0,12,12,5047,3327
compact51__paper_roles,2019-01-09 01:00:00,20.3972769938,54.6945647677,0,0,0,12,12,6529,3740
compact51__paper_roles,2019-01-09 02:00:00,20.1443386939,52.3592575173,0,0,0,12,12,6415,3249
compact51__paper_roles,2019-01-09 03:00:00,23.4039649522,66.8257030243,0,0,0,12,12,7607,4995
compact51__paper_roles,2019-01-09 04:00:00,21.4373145632,52.5033213544,0,0,0,12,12,6983,3282
compact51__paper_roles,2019-01-09 05:00:00,16.4828511257,47.0503110132,0,0,0,12,12,3994,1884
compact51__paper_roles,2019-01-09 06:00:00,14.0843693824,41.5821959138,0,0,0,12,12,2082,742
compact51__paper_roles,2019-01-09 07:00:00,15.6951734893,53.4274575285,0,0,0,12,12,3360,3514
compact51__paper_roles,2019-01-09 08:00:00,14.6234103295,54.5634417083,0,0,0,12,12,2517,3711
compact51__paper_roles,2019-01-09 09:00:00,15.7394361488,80.0718426076,0,0,0,12,12,3401,5556
compact51__paper_roles,2019-01-09 10:00:00,16.1107103638,94.8859760502,0,0,0,12,12,3689,6073
compact51__paper_roles,2019-01-09 11:00:00,17.6708403944,110.95392912,0,0,0,12,12,4885,6453
compact51__paper_roles,2019-01-09 12:00:00,17.0125732993,104.61570988,0,0,0,12,12,4382,6327
compact51__paper_roles,2019-01-09 13:00:00,17.651306044,108.443739028,0,0,0,12,12,4866,6403
compact51__paper_roles,2019-01-09 14:00:00,17.1187839963,94.1311648696,0,0,0,12,12,4450,6047
compact51__paper_roles,2019-01-09 15:00:00,16.8449884265,94.4235394428,0,0,0,12,12,4260,6056
compact51__paper_roles,2019-01-09 16:00:00,15.7306782163,83.1888790697,0,0,0,12,12,3394,5676
compact51__paper_roles,2019-01-09 17:00:00,15.1615037921,112.312958721,0,0,0,12,12,2942,6480
compact51__paper_roles,2019-01-09 18:00:00,17.1751763213,121.033054069,0,0,0,12,12,4498,6643
compact51__paper_roles,2019-01-09 19:00:00,15.0025138599,110.661616653,0,0,0,12,12,2823,6445
compact51__paper_roles,2019-01-09 20:00:00,11.6962709393,78.1276344546,0,0,0,12,12,631,5482
compact51__paper_roles,2019-01-09 21:00:00,12.5077818636,91.7994096783,0,0,0,12,12,1080,5963
compact51__paper_roles,2019-01-09 22:00:00,18.4630693523,65.3357314277,0,0,0,12,12,5428,4913
compact51__paper_roles,2019-01-09 23:00:00,14.3777710241,62.7706286051,0,0,0,12,12,2320,4720
compact51__paper_roles,2019-01-10 00:00:00,15.8479294552,47.2236109834,0,0,0,12,12,3486,1937
compact51__paper_roles,2019-01-10 01:00:00,15.7404382365,44.8977270494,0,0,0,12,12,3403,1347
compact51__paper_roles,2019-01-10 02:00:00,15.7095272606,45.627480847,0,0,0,12,12,3376,1513
compact51__paper_roles,2019-01-10 03:00:00,16.5047457714,47.853171437,0,0,0,12,12,4009,2101
compact51__paper_roles,2019-01-10 04:00:00,17.1155027125,49.1744379085,0,0,0,12,12,4449,2457
compact51__paper_roles,2019-01-10 05:00:00,15.6901760557,48.1759042242,0,0,0,12,12,3353,2193
compact51__paper_roles,2019-01-10 06:00:00,11.615719856,39.6366389161,0,0,0,12,12,598,467
compact51__paper_roles,2019-01-10 07:00:00,11.078847146,40.3765658959,0,0,0,12,12,384,558
compact51__paper_roles,2019-01-10 08:00:00,10.2213201572,40.9456926734,0,0,0,12,12,177,637
compact51__paper_roles,2019-01-10 09:00:00,11.8049292068,54.0643618414,0,0,0,12,12,669,3627
compact51__paper_roles,2019-01-10 10:00:00,13.4742020064,77.2797256915,0,0,0,12,12,1664,5442
compact51__paper_roles,2019-01-10 11:00:00,16.1116772264,84.4854445208,0,0,0,12,12,3692,5731
compact51__paper_roles,2019-01-10 12:00:00,14.4991713449,66.2259518388,0,0,0,12,12,2415,4962
compact51__paper_roles,2019-01-10 13:00:00,13.8144018619,52.399175041,0,0,0,12,12,1897,3255
compact51__paper_roles,2019-01-10 14:00:00,13.1968548697,47.0776789955,0,0,0,12,12,1498,1894
compact51__paper_roles,2019-01-10 15:00:00,12.1398643441,46.1745854232,0,0,0,12,12,853,1646
compact51__paper_roles,2019-01-10 16:00:00,12.6197207497,46.9710961988,0,0,0,12,12,1135,1860
compact51__paper_roles,2019-01-10 17:00:00,15.1040043547,52.7082776951,0,0,0,12,12,2897,3330
compact51__paper_roles,2019-01-10 18:00:00,14.8334614426,51.7484583882,0,0,0,12,12,2680,3107
compact51__paper_roles,2019-01-10 19:00:00,11.6556557629,47.7947293285,0,0,0,12,12,617,2082
compact51__paper_roles,2019-01-10 20:00:00,12.2179828181,45.7055504206,0,0,0,12,12,906,1538
compact51__paper_roles,2019-01-10 21:00:00,12.3969182458,45.7118727664,0,0,0,12,12,1005,1539
compact51__paper_roles,2019-01-10 22:00:00,13.7409654509,49.9514352517,0,0,0,12,12,1837,2654
compact51__paper_roles,2019-01-10 23:00:00,18.1468769438,53.604202148,0,0,0,12,12,5229,3542
compact51__paper_roles,2019-01-11 00:00:00,11.3557673763,41.4185182703,0,0,0,12,12,486,716
compact51__paper_roles,2019-01-11 01:00:00,10.4158755731,40.2795668991,0,0,0,12,12,213,544
compact51__paper_roles,2019-01-11 02:00:00,9.91859349493,41.1157190593,0,0,0,12,12,124,670
compact51__paper_roles,2019-01-11 03:00:00,10.8833881721,42.3586670217,0,0,0,12,12,322,869
compact51__paper_roles,2019-01-11 04:00:00,14.0191382531,44.7664698633,0,0,0,12,12,2037,1316
compact51__paper_roles,2019-01-11 05:00:00,13.9457560768,45.42085621,0,0,0,12,12,1993,1473
compact51__paper_roles,2019-01-11 06:00:00,15.2144317464,50.581954592,0,0,0,12,12,2994,2815
compact51__paper_roles,2019-01-11 07:00:00,14.287232789,55.5952316668,0,0,0,12,12,2249,3904
compact51__paper_roles,2019-01-11 08:00:00,13.7939774101,54.0565644227,0,0,0,12,12,1886,3625
compact51__paper_roles,2019-01-11 09:00:00,14.9881864506,52.1444416531,0,0,0,12,12,2806,3200
compact51__paper_roles,2019-01-11 10:00:00,14.2045502404,50.9597218055,0,0,0,12,12,2179,2921
compact51__paper_roles,2019-01-11 11:00:00,11.7239271439,47.1724805889,0,0,0,12,12,638,1923
compact51__paper_roles,2019-01-11 12:00:00,12.0787839474,48.0794582162,0,0,0,12,12,823,2173
compact51__paper_roles,2019-01-11 13:00:00,12.4666258542,48.210882824,0,0,0,12,12,1049,2204
compact51__paper_roles,2019-01-11 14:00:00,12.9791258102,47.2476690777,0,0,0,12,12,1355,1942
compact51__paper_roles,2019-01-11 15:00:00,14.9029388046,52.1123968892,0,0,0,13,13,2735,3192
compact51__paper_roles,2019-01-11 16:00:00,12.4890011365,48.1793388608,0,0,0,11,11,1066,2195
compact51__paper_roles,2019-01-11 17:00:00,14.513445582,56.4450421084,0,0,0,12,12,2426,4053
compact51__paper_roles,2019-01-11 18:00:00,11.0562153876,49.4131733859,0,0,0,12,12,372,2519
compact51__paper_roles,2019-01-11 19:00:00,10.0172529632,48.9547051164,0,0,0,12,12,138,2406
compact51__paper_roles,2019-01-11 20:00:00,11.1970497776,45.0788335794,0,0,0,12,12,428,1387
compact51__paper_roles,2019-01-11 21:00:00,13.8598728417,40.0031198953,0,0,0,14,13,1925,513
compact51__paper_roles,2019-01-11 22:00:00,14.2711247378,35.4013306489,0,0,0,10,10,2230,157
compact51__paper_roles,2019-01-11 23:00:00,14.504575479,35.0890815543,0,0,0,12,12,2418,140
compact51__paper_roles,2019-01-12 00:00:00,14.0016071154,38.9982665373,0,0,0,12,12,2022,394
compact51__paper_roles,2019-01-12 01:00:00,13.410964743,33.7611300624,0,0,0,12,12,1626,93
compact51__paper_roles,2019-01-12 02:00:00,15.8497721184,42.5003425263,0,0,0,12,12,3490,892
compact51__paper_roles,2019-01-12 03:00:00,16.9595456254,43.2154106462,0,0,0,12,12,4335,1007
compact51__paper_roles,2019-01-12 04:00:00,18.1135595241,45.231970804,0,0,0,12,12,5205,1422
compact51__paper_roles,2019-01-12 05:00:00,16.2295553936,42.6485306092,0,0,0,12,12,3798,921
compact51__paper_roles,2019-01-12 06:00:00,14.5540695022,41.7339205343,0,0,0,12,12,2455,768
compact51__paper_roles,2019-01-12 07:00:00,13.6669678853,44.1133064032,0,0,0,12,12,1794,1187
compact51__paper_roles,2019-01-12 08:00:00,12.8029271934,49.3104910884,0,0,0,14,13,1237,2489
compact51__paper_roles,2019-01-12 09:00:00,14.2140412135,46.5440480859,0,0,0,12,12,2186,1732
compact51__paper_roles,2019-01-12 10:00:00,10.9168164289,48.6979616444,0,0,0,13,13,333,2347
compact51__paper_roles,2019-01-12 11:00:00,12.7365062317,54.3423770983,0,0,0,13,13,1197,3675
compact51__paper_roles,2019-01-12 12:00:00,14.5903202756,52.9301162827,0,0,0,12,12,2486,3388
compact51__paper_roles,2019-01-12 13:00:00,14.3478394409,49.7237403731,0,0,0,12,12,2297,2594
compact51__paper_roles,2019-01-12 14:00:00,15.3966389271,51.5320359318,0,0,0,12,12,3119,3054
compact51__paper_roles,2019-01-12 15:00:00,15.5305100426,48.1881129569,0,0,0,12,12,3217,2199
compact51__paper_roles,2019-01-12 16:00:00,15.4946573647,54.1279486767,0,0,0,12,12,3184,3635
compact51__paper_roles,2019-01-12 17:00:00,16.1640634168,55.3608226044,0,0,0,13,13,3740,3858
compact51__paper_roles,2019-01-12 18:00:00,14.1202346693,55.5033908782,0,0,0,11,11,2116,3890
compact51__paper_roles,2019-01-12 19:00:00,14.1463153067,54.9808452546,0,0,0,12,12,2131,3785
compact51__paper_roles,2019-01-12 20:00:00,15.4187757653,50.3505424704,0,0,0,12,12,3134,2761
compact51__paper_roles,2019-01-12 21:00:00,14.9185988613,48.3420510524,0,0,0,12,12,2745,2260
compact51__paper_roles,2019-01-12 22:00:00,17.5296793215,46.7633790251,0,0,0,12,12,4777,1801
compact51__paper_roles,2019-01-12 23:00:00,21.6669969613,50.5838284568,0,0,0,12,12,7082,2816
compact51__paper_roles,2019-01-13 00:00:00,20.0583590704,46.6907001293,0,0,0,12,12,6378,1778
compact51__paper_roles,2019-01-13 01:00:00,17.0719396507,45.9626553989,0,0,0,12,12,4424,1608
compact51__paper_roles,2019-01-13 02:00:00,17.9683687565,42.2752243861,0,0,0,12,12,5110,850
compact51__paper_roles,2019-01-13 03:00:00,19.7363689029,43.5828956185,0,0,0,12,12,6218,1076
compact51__paper_roles,2019-01-13 04:00:00,19.3133124484,45.0084032468,0,0,0,12,12,5987,1371
compact51__paper_roles,2019-01-13 05:00:00,16.4163012477,41.9246357285,0,0,0,12,12,3926,794
compact51__paper_roles,2019-01-13 06:00:00,17.249734124,42.6936964284,0,0,0,12,12,4575,928
compact51__paper_roles,2019-01-13 07:00:00,13.9697971535,46.7898869145,0,0,0,12,12,2005,1810
compact51__paper_roles,2019-01-13 08:00:00,14.6165893008,48.0456097256,0,0,0,12,12,2510,2158
compact51__paper_roles,2019-01-13 09:00:00,15.0928990471,47.0752055657,0,0,0,12,12,2887,1891
compact51__paper_roles,2019-01-13 10:00:00,14.4857673533,52.3827130001,0,0,0,12,12,2397,3251
compact51__paper_roles,2019-01-13 11:00:00,15.1130435155,53.6669015564,0,0,0,12,12,2904,3554
compact51__paper_roles,2019-01-13 12:00:00,14.0033149786,47.1605166815,0,0,0,12,12,2024,1919
compact51__paper_roles,2019-01-13 13:00:00,14.2198086973,46.1180168508,0,0,0,12,12,2190,1637
compact51__paper_roles,2019-01-13 14:00:00,14.095577268,48.0695457247,0,0,0,12,12,2096,2169
compact51__paper_roles,2019-01-13 15:00:00,16.4756537075,49.9969967659,0,0,0,12,12,3987,2665
compact51__paper_roles,2019-01-13 16:00:00,18.5099483595,57.265420473,0,0,0,12,12,5457,4168
compact51__paper_roles,2019-01-13 17:00:00,18.4474815447,58.8067862585,0,0,0,12,12,5422,4345
compact51__paper_roles,2019-01-13 18:00:00,14.870651423,56.3835306838,0,0,0,12,12,2706,4038
compact51__paper_roles,2019-01-13 19:00:00,16.7595111,51.9404361158,0,0,0,12,12,4193,3153
compact51__paper_roles,2019-01-13 20:00:00,16.1000154909,51.5461887792,0,0,0,12,12,3681,3058
compact51__paper_roles,2019-01-13 21:00:00,16.2562406849,48.4759264943,0,0,0,12,12,3816,2297
compact51__paper_roles,2019-01-13 22:00:00,14.4864057904,45.0035543247,0,0,0,13,12,2398,1369
compact51__paper_roles,2019-01-13 23:00:00,14.17149318,44.4019947384,0,0,0,12,12,2149,1247
compact51__paper_roles,2019-01-14 00:00:00,17.2509938646,42.8380493606,0,0,0,12,12,4578,949
compact51__paper_roles,2019-01-14 01:00:00,18.125095605,43.7328937191,0,0,0,12,12,5220,1107
compact51__paper_roles,2019-01-14 02:00:00,17.4254750608,43.8400884036,0,0,0,12,12,4704,1131
compact51__paper_roles,2019-01-14 03:00:00,16.9531968969,45.3831401736,0,0,0,12,12,4330,1464
compact51__paper_roles,2019-01-14 04:00:00,18.6919016585,51.0017231239,0,0,0,12,12,5595,2929
compact51__paper_roles,2019-01-14 05:00:00,21.6071432834,88.7974632459,0,0,0,13,13,7056,5866
compact51__paper_roles,2019-01-14 06:00:00,23.6862619456,120.79406158,0,0,0,12,11,7673,6640
compact51__paper_roles,2019-01-14 07:00:00,23.762831883,379.379058594,0,0,0,12,12,7699,8112
compact51__paper_roles,2019-01-14 08:00:00,16.8447079236,107.19586866,0,0,0,12,12,4259,6380
compact51__paper_roles,2019-01-14 09:00:00,15.9531401599,59.8866349112,0,0,0,13,13,3573,4474
compact51__paper_roles,2019-01-14 10:00:00,17.6178939381,55.2677634564,0,0,0,12,12,4844,3839
compact51__paper_roles,2019-01-14 11:00:00,16.7826201538,61.556453643,0,0,0,12,12,4211,4624
compact51__paper_roles,2019-01-14 12:00:00,17.7400550073,54.4683334387,0,0,0,14,13,4930,3696
compact51__paper_roles,2019-01-14 13:00:00,17.8727831726,55.095052835,0,0,0,11,11,5026,3810
compact51__paper_roles,2019-01-14 14:00:00,19.8168633252,59.1797488252,0,0,0,12,12,6261,4394
compact51__paper_roles,2019-01-14 15:00:00,18.6278452923,49.9874583032,0,0,0,12,12,5545,2662
compact51__paper_roles,2019-01-14 16:00:00,20.2483919006,64.6323160772,0,0,0,12,12,6458,4861
compact51__paper_roles,2019-01-14 17:00:00,17.2873038531,59.5305209315,0,0,0,12,12,4603,4438
compact51__paper_roles,2019-01-14 18:00:00,13.397217345,56.7727492892,0,0,0,12,12,1618,4101
compact51__paper_roles,2019-01-14 19:00:00,14.0778976543,53.6202375996,0,0,0,12,12,2078,3544
compact51__paper_roles,2019-01-14 20:00:00,15.7950178337,48.7255726537,0,0,0,12,12,3443,2357
compact51__paper_roles,2019-01-14 21:00:00,14.7527786025,44.0797643707,0,0,0,12,12,2616,1173
compact51__paper_roles,2019-01-14 22:00:00,16.0276091407,43.9471830473,0,0,0,12,12,3634,1156
compact51__paper_roles,2019-01-14 23:00:00,18.739024065,46.2078070501,0,0,0,12,12,5624,1653
compact51__paper_roles,2019-01-15 00:00:00,22.3721459781,51.4515486293,0,0,0,12,12,7318,3035
compact51__paper_roles,2019-01-15 01:00:00,20.5769748967,47.3638548911,0,0,0,12,12,6599,1974
compact51__paper_roles,2019-01-15 02:00:00,21.4066379218,44.7698848144,0,0,0,12,12,6968,1318
compact51__paper_roles,2019-01-15 03:00:00,19.3088344951,47.567296899,0,0,0,12,12,5985,2029
compact51__paper_roles,2019-01-15 04:00:00,21.3171739499,44.8234166159,0,0,0,12,12,6926,1336
compact51__paper_roles,2019-01-15 05:00:00,18.181465209,47.8853029203,0,0,0,12,12,5246,2107
compact51__paper_roles,2019-01-15 06:00:00,16.5275330919,45.14622347,0,0,0,12,12,4027,1403
compact51__paper_roles,2019-01-15 07:00:00,15.4838100801,56.2128424321,0,0,0,12,12,3172,4013
compact51__paper_roles,2019-01-15 08:00:00,14.0435458747,56.1703384938,0,0,0,12,12,2053,4007
compact51__paper_roles,2019-01-15 09:00:00,16.1803696736,54.9552723724,0,0,0,12,12,3756,3781
compact51__paper_roles,2019-01-15 10:00:00,15.1418659167,61.8706276459,0,0,0,12,12,2930,4651
compact51__paper_roles,2019-01-15 11:00:00,13.9290272662,56.0867606867,0,0,0,13,13,1986,3992
compact51__paper_roles,2019-01-15 12:00:00,16.1208206141,51.3251421023,0,0,0,12,12,3703,3007
compact51__paper_roles,2019-01-15 13:00:00,15.548050563,50.2686392549,0,0,0,12,12,3230,2741
compact51__paper_roles,2019-01-15 14:00:00,17.2103122269,49.7512484457,0,0,0,12,12,4538,2606
compact51__paper_roles,2019-01-15 15:00:00,17.6274743013,49.2795697679,0,0,0,12,12,4848,2482
compact51__paper_roles,2019-01-15 16:00:00,18.0253068655,54.8132223987,0,0,0,12,12,5140,3757
compact51__paper_roles,2019-01-15 17:00:00,16.5143329168,56.8386573118,0,0,0,12,12,4013,4114
compact51__paper_roles,2019-01-15 18:00:00,14.3601181384,56.8977668372,0,0,0,12,12,2307,4125
compact51__paper_roles,2019-01-15 19:00:00,13.036879976,56.3566284226,0,0,0,12,12,1391,4035
compact51__paper_roles,2019-01-15 20:00:00,13.7626018997,52.4870426864,0,0,0,12,12,1862,3276
compact51__paper_roles,2019-01-15 21:00:00,15.0096249522,46.2708856573,0,0,0,12,12,2829,1666
compact51__paper_roles,2019-01-15 22:00:00,20.8031251811,52.4414545104,0,0,0,12,12,6690,3266
compact51__paper_roles,2019-01-15 23:00:00,17.3298704419,47.5804362691,0,0,0,12,12,4632,2032
compact51__paper_roles,2019-01-16 00:00:00,23.1650795502,48.2869178822,0,0,0,12,12,7545,2234
compact51__paper_roles,2019-01-16 01:00:00,21.8177448019,44.4212165425,0,0,0,12,12,7136,1254
compact51__paper_roles,2019-01-16 02:00:00,26.9641102742,97.3058578108,0,0,0,12,12,8280,6140
compact51__paper_roles,2019-01-16 03:00:00,26.7232238913,159.147301241,0,0,0,12,12,8247,7163
compact51__paper_roles,2019-01-16 04:00:00,27.6096924864,265.327257003,0,0,0,12,12,8347,7809
compact51__paper_roles,2019-01-16 05:00:00,19.2756083,45.145278135,0,0,0,12,12,5969,1401
compact51__paper_roles,2019-01-16 06:00:00,18.8042246286,44.8640138385,0,0,0,12,12,5664,1343
compact51__paper_roles,2019-01-16 07:00:00,19.3554753568,53.2914165481,0,0,0,12,12,6013,3484
compact51__paper_roles,2019-01-16 08:00:00,12.8339104263,50.4481518132,0,0,0,12,12,1257,2792
compact51__paper_roles,2019-01-16 09:00:00,12.3919962686,49.068746094,0,0,0,12,12,998,2432
compact51__paper_roles,2019-01-16 10:00:00,12.3232123403,50.4718187362,0,0,0,12,12,968,2795
compact51__paper_roles,2019-01-16 11:00:00,11.0308002848,49.5364587586,0,0,0,12,12,363,2553
compact51__paper_roles,2019-01-16 12:00:00,12.9542447164,48.2008182729,0,0,0,12,12,1333,2201
compact51__paper_roles,2019-01-16 13:00:00,16.0181459081,50.4217290237,0,0,0,12,12,3620,2785
compact51__paper_roles,2019-01-16 14:00:00,18.0927327709,56.9571699596,0,0,0,12,12,5185,4130
compact51__paper_roles,2019-01-16 15:00:00,13.5048279487,51.5995856805,0,0,0,12,12,1682,3066
compact51__paper_roles,2019-01-16 16:00:00,14.4228068052,53.534085652,0,0,0,12,12,2355,3535
compact51__paper_roles,2019-01-16 17:00:00,14.8814647737,56.4360639654,0,0,0,12,12,2720,4049
compact51__paper_roles,2019-01-16 18:00:00,12.5775547787,52.6442457824,0,0,0,12,12,1119,3317
compact51__paper_roles,2019-01-16 19:00:00,12.0183831537,52.6072755339,0,0,0,12,12,791,3310
compact51__paper_roles,2019-01-16 20:00:00,13.4771185698,52.2083563398,0,0,0,12,12,1667,3218
compact51__paper_roles,2019-01-16 21:00:00,14.5509622308,51.3122774416,0,0,0,13,13,2452,3003
compact51__paper_roles,2019-01-16 22:00:00,14.7107322975,50.8860709894,0,0,0,12,12,2579,2904
compact51__paper_roles,2019-01-16 23:00:00,18.5689675719,58.6247110308,0,0,0,13,13,5506,4331
compact51__paper_roles,2019-01-17 00:00:00,16.8534687029,54.7538446552,0,0,0,12,12,4264,3748
compact51__paper_roles,2019-01-17 01:00:00,21.1781237703,51.7502048407,0,0,0,12,12,6867,3108
compact51__paper_roles,2019-01-17 02:00:00,21.2642973958,58.8523019131,0,0,0,12,12,6906,4353
compact51__paper_roles,2019-01-17 03:00:00,27.4940368043,70.3554807131,0,0,0,12,12,8341,5157
compact51__paper_roles,2019-01-17 04:00:00,27.2300177228,63.706444608,0,0,0,12,12,8313,4788
compact51__paper_roles,2019-01-17 05:00:00,22.1024277183,64.6586108125,0,0,0,13,13,7223,4862
compact51__paper_roles,2019-01-17 06:00:00,27.3325987479,83.4627425764,0,0,0,12,11,8322,5687
compact51__paper_roles,2019-01-17 07:00:00,25.2376276762,4323.95887862,1,0,0,12,12,8004,8701
compact51__paper_roles,2019-01-17 08:00:00,21.1044951525,92.9559636902,0,0,0,12,12,6840,6009
compact51__paper_roles,2019-01-17 09:00:00,17.3851054667,55.3511041066,0,0,0,12,12,4676,3854
compact51__paper_roles,2019-01-17 10:00:00,16.5999427271,55.305343176,0,0,0,12,12,4074,3848
compact51__paper_roles,2019-01-17 11:00:00,16.1879422246,58.064983368,0,0,0,8,8,3762,4267
compact51__paper_roles,2019-01-17 12:00:00,19.8633129481,52.899639441,0,0,0,12,12,6285,3376
compact51__paper_roles,2019-01-17 13:00:00,19.2303098572,56.5257697665,0,0,0,12,12,5939,4065
compact51__paper_roles,2019-01-17 14:00:00,19.3154118069,54.9959508893,0,0,0,12,12,5989,3790
compact51__paper_roles,2019-01-17 15:00:00,18.3371497967,55.6038675781,0,0,0,12,12,5342,3906
compact51__paper_roles,2019-01-17 16:00:00,21.185435467,111.616580332,0,0,0,12,12,6871,6468
compact51__paper_roles,2019-01-17 17:00:00,19.7166584585,125.08401319,0,0,0,12,12,6207,6716
compact51__paper_roles,2019-01-17 18:00:00,19.1739509274,134.860457501,0,0,0,12,12,5910,6869
compact51__paper_roles,2019-01-17 19:00:00,19.2260524519,111.362082674,0,0,0,12,12,5936,6458
compact51__paper_roles,2019-01-17 20:00:00,20.0208801504,114.336127517,0,0,0,12,12,6360,6515
compact51__paper_roles,2019-01-17 21:00:00,23.3097123755,171.456356481,0,0,0,12,12,7584,7283
compact51__paper_roles,2019-01-17 22:00:00,21.1442401887,75.0482491163,0,0,0,12,12,6854,5357
compact51__paper_roles,2019-01-17 23:00:00,27.5508015925,59.7645837525,0,0,0,12,12,8344,4460
compact51__paper_roles,2019-01-18 00:00:00,25.9836919756,64.827717832,0,0,0,12,12,8129,4881
compact51__paper_roles,2019-01-18 01:00:00,29.6648467552,110.409026746,0,0,0,12,12,8492,6442
compact51__paper_roles,2019-01-18 02:00:00,30.7696013635,111.625013378,0,0,0,12,12,8555,6469
compact51__paper_roles,2019-01-18 03:00:00,32.6931775411,102.968267787,0,0,0,12,12,8624,6283
compact51__paper_roles,2019-01-18 04:00:00,33.9628990449,134.725938075,0,0,0,12,12,8663,6864
compact51__paper_roles,2019-01-18 05:00:00,21.8459367543,50.8209305892,0,0,0,12,12,7150,2886
compact51__paper_roles,2019-01-18 06:00:00,22.4911140705,49.5856541001,0,0,0,12,12,7353,2567
compact51__paper_roles,2019-01-18 07:00:00,19.5550752982,56.799939686,0,0,0,12,12,6126,4108
compact51__paper_roles,2019-01-18 08:00:00,16.4284814481,58.9306913028,0,0,0,12,12,3942,4357
compact51__paper_roles,2019-01-18 09:00:00,18.3656055344,56.2400913147,0,0,0,12,12,5366,4016
compact51__paper_roles,2019-01-18 10:00:00,21.2002639808,51.1951148036,0,0,0,12,12,6879,2968
compact51__paper_roles,2019-01-18 11:00:00,20.7338499593,54.16774032,0,0,0,12,12,6663,3643
compact51__paper_roles,2019-01-18 12:00:00,20.7346077452,54.548251243,0,0,0,12,12,6665,3708
compact51__paper_roles,2019-01-18 13:00:00,21.3655961248,52.6608962636,0,0,0,12,12,6949,3323
compact51__paper_roles,2019-01-18 14:00:00,19.7937116149,54.4567554262,0,0,0,12,12,6250,3695
compact51__paper_roles,2019-01-18 15:00:00,18.4520820885,56.1114517026,0,0,0,12,12,5425,4000
compact51__paper_roles,2019-01-18 16:00:00,17.7859172785,57.5686253462,0,0,0,12,12,4963,4207
compact51__paper_roles,2019-01-18 17:00:00,19.087866452,52.8325449313,0,0,0,12,12,5861,3358
compact51__paper_roles,2019-01-18 18:00:00,17.9237737015,53.8845911828,0,0,0,12,12,5062,3588
compact51__paper_roles,2019-01-18 19:00:00,18.0256774149,56.0327233826,0,0,0,12,12,5141,3982
compact51__paper_roles,2019-01-18 20:00:00,18.4682679052,51.5761474978,0,0,0,12,12,5430,3063
compact51__paper_roles,2019-01-18 21:00:00,19.0388494252,51.4373249757,0,0,0,12,12,5822,3030
compact51__paper_roles,2019-01-18 22:00:00,20.5999255162,53.8384192572,0,0,0,12,12,6605,3580
compact51__paper_roles,2019-01-18 23:00:00,25.2850775168,69.2130047368,0,0,0,12,12,8019,5107
compact51__paper_roles,2019-01-19 00:00:00,25.796216094,73.7456218725,0,0,0,12,12,8099,5300
compact51__paper_roles,2019-01-19 01:00:00,26.5450414666,69.442424675,0,0,0,12,12,8221,5117
compact51__paper_roles,2019-01-19 02:00:00,28.0620931313,82.4703507021,0,0,0,12,12,8392,5648
compact51__paper_roles,2019-01-19 03:00:00,31.0074277854,120.257213167,0,0,0,12,12,8564,6619
compact51__paper_roles,2019-01-19 04:00:00,31.7984762841,126.094123818,0,0,0,12,12,8592,6737
compact51__paper_roles,2019-01-19 05:00:00,31.2652468095,108.576751754,0,0,0,12,12,8571,6407
compact51__paper_roles,2019-01-19 06:00:00,31.3350049938,93.9207616047,0,0,0,12,12,8574,6039
compact51__paper_roles,2019-01-19 07:00:00,18.6416903554,49.8704123373,0,0,0,12,12,5557,2630
compact51__paper_roles,2019-01-19 08:00:00,19.9530805556,45.7950177317,0,0,0,12,12,6326,1557
compact51__paper_roles,2019-01-19 09:00:00,20.2077024174,48.5604493005,0,0,0,12,12,6438,2315
compact51__paper_roles,2019-01-19 10:00:00,20.4528769239,47.9165397422,0,0,0,12,12,6557,2113
compact51__paper_roles,2019-01-19 11:00:00,22.5179887434,96.0536324548,0,0,0,12,12,7357,6112
compact51__paper_roles,2019-01-19 12:00:00,22.4024309759,179.776095204,0,0,0,11,11,7327,7343
compact51__paper_roles,2019-01-19 13:00:00,23.155468861,199.706204406,0,0,0,12,12,7541,7486
compact51__paper_roles,2019-01-19 14:00:00,20.6791810142,193.605565065,0,0,0,12,12,6632,7438
compact51__paper_roles,2019-01-19 15:00:00,24.0444060622,1592.89181581,1,0,0,12,12,7754,8580
compact51__paper_roles,2019-01-19 16:00:00,25.340102693,317.744138331,1,0,0,12,12,8029,7978
compact51__paper_roles,2019-01-19 17:00:00,28.2457514961,104.126920403,1,0,0,12,12,8412,6321
compact51__paper_roles,2019-01-19 18:00:00,25.6189318375,105.333465788,1,0,0,12,12,8065,6345
compact51__paper_roles,2019-01-19 19:00:00,23.7949384226,128.947296218,1,0,0,12,12,7710,6788
compact51__paper_roles,2019-01-19 20:00:00,25.2027336236,158.11108319,1,0,0,12,12,7997,7149
compact51__paper_roles,2019-01-19 21:00:00,25.3454798842,198.021105549,1,0,0,12,12,8030,7473
compact51__paper_roles,2019-01-19 22:00:00,27.1151120577,328.749204698,1,0,0,12,12,8295,8002
compact51__paper_roles,2019-01-19 23:00:00,25.947547729,361.370122758,0,0,0,12,12,8123,8090
compact51__paper_roles,2019-01-20 00:00:00,24.785689874,88.2772908292,0,0,0,12,12,7903,5849
compact51__paper_roles,2019-01-20 01:00:00,22.6252878761,49.9432970715,0,0,0,12,12,7398,2651
compact51__paper_roles,2019-01-20 02:00:00,25.092031683,47.5205650263,0,0,0,12,12,7971,2017
compact51__paper_roles,2019-01-20 03:00:00,26.7427447759,64.1776816786,0,0,0,12,12,8252,4821
compact51__paper_roles,2019-01-20 04:00:00,27.1303271352,59.112731807,0,0,0,12,12,8299,4383
compact51__paper_roles,2019-01-20 05:00:00,22.411929735,47.0282292761,0,0,0,12,12,7334,1878
compact51__paper_roles,2019-01-20 06:00:00,26.2575020736,50.9036925141,0,0,0,12,12,8178,2908
compact51__paper_roles,2019-01-20 07:00:00,25.3276434852,61.1251074432,0,0,0,12,12,8027,4593
compact51__paper_roles,2019-01-20 08:00:00,17.1817220239,55.0013412259,0,0,0,12,12,4505,3791
compact51__paper_roles,2019-01-20 09:00:00,19.1292925424,50.0615188232,0,0,0,12,12,5883,2682
compact51__paper_roles,2019-01-20 10:00:00,18.429953144,51.9224545579,0,0,0,12,12,5414,3149
compact51__paper_roles,2019-01-20 11:00:00,18.8517868336,52.1086388943,0,0,0,12,12,5703,3191
compact51__paper_roles,2019-01-20 12:00:00,19.7223594626,56.6631023912,0,0,0,12,12,6209,4082
compact51__paper_roles,2019-01-20 13:00:00,23.611641819,134.780226242,0,0,0,12,12,7653,6865
compact51__paper_roles,2019-01-20 14:00:00,22.7810434351,108.407558433,0,0,0,12,12,7438,6401
compact51__paper_roles,2019-01-20 15:00:00,23.9558992701,101.974192055,0,0,0,12,12,7735,6266
compact51__paper_roles,2019-01-20 16:00:00,25.2020333301,117.670207829,0,0,0,12,12,7996,6567
compact51__paper_roles,2019-01-20 17:00:00,22.814315459,89.1630937651,0,0,0,12,12,7448,5881
compact51__paper_roles,2019-01-20 18:00:00,21.3629574519,75.8434545917,0,0,0,12,12,6948,5393
compact51__paper_roles,2019-01-20 19:00:00,21.058665715,59.2793403547,0,0,0,13,13,6810,4409
compact51__paper_roles,2019-01-20 20:00:00,21.4628745354,58.3231797396,0,0,0,12,12,6996,4288
compact51__paper_roles,2019-01-20 21:00:00,22.3865906322,78.2136298103,0,0,0,12,12,7324,5485
compact51__paper_roles,2019-01-20 22:00:00,21.5108816648,61.0075801274,0,0,0,13,13,7017,4581
compact51__paper_roles,2019-01-20 23:00:00,23.2611967403,70.7776280082,0,0,0,12,12,7572,5183
compact51__paper_roles,2019-01-21 00:00:00,19.8556643019,90.8009786036,0,0,0,13,12,6282,5930
compact51__paper_roles,2019-01-21 01:00:00,20.9311446816,110.092478375,1,0,0,12,12,6758,6435
compact51__paper_roles,2019-01-21 02:00:00,18.909281206,74.3976266523,0,0,0,12,12,5733,5332
compact51__paper_roles,2019-01-21 03:00:00,21.9408391514,79.530657873,0,0,0,12,12,7177,5538
compact51__paper_roles,2019-01-21 04:00:00,22.3076799069,84.3277950809,0,0,0,12,12,7292,5725
compact51__paper_roles,2019-01-21 05:00:00,21.9409216607,80.885692374,0,0,0,12,12,7178,5594
compact51__paper_roles,2019-01-21 06:00:00,22.5615011466,55.2886480714,0,0,0,12,12,7374,3843
compact51__paper_roles,2019-01-21 07:00:00,13.4545396255,54.447210163,0,0,0,12,12,1654,3693
compact51__paper_roles,2019-01-21 08:00:00,13.8905191966,58.192102085,0,0,0,12,12,1948,4276
compact51__paper_roles,2019-01-21 09:00:00,13.9525390656,53.7373969267,0,0,0,12,12,1996,3563
compact51__paper_roles,2019-01-21 10:00:00,14.6189679202,56.0878858041,0,0,0,12,12,2513,3993
compact51__paper_roles,2019-01-21 11:00:00,20.5277437107,48.1827030702,0,0,0,11,11,6584,2196
compact51__paper_roles,2019-01-21 12:00:00,21.7388677196,38.7592406673,0,0,0,12,12,7099,376
compact51__paper_roles,2019-01-21 13:00:00,17.4836846758,41.2071331577,0,0,0,12,12,4745,682
compact51__paper_roles,2019-01-21 14:00:00,16.9407413016,41.4167304744,0,0,0,12,12,4318,715
compact51__paper_roles,2019-01-21 15:00:00,16.9509116538,40.2709666911,0,0,0,12,12,4324,543
compact51__paper_roles,2019-01-21 16:00:00,17.30792027,50.9427297608,0,0,0,12,12,4618,2918
compact51__paper_roles,2019-01-21 17:00:00,16.1251467438,60.0033166976,0,0,0,12,12,3707,4484
compact51__paper_roles,2019-01-21 18:00:00,19.5152103327,54.8835206234,0,0,0,12,12,6105,3771
compact51__paper_roles,2019-01-21 19:00:00,21.6506212499,59.7690091064,0,0,0,12,12,7076,4464
compact51__paper_roles,2019-01-21 20:00:00,21.3998242632,52.9901805709,0,0,0,12,12,6964,3399
compact51__paper_roles,2019-01-21 21:00:00,19.991097992,43.920483843,0,0,0,12,12,6343,1150
compact51__paper_roles,2019-01-21 22:00:00,22.3640123394,62.2615100598,0,0,0,12,12,7317,4681
compact51__paper_roles,2019-01-21 23:00:00,22.6706904782,90.0090616467,0,0,0,12,12,7411,5910
compact51__paper_roles,2019-01-22 00:00:00,23.555296797,154.816832817,1,0,0,13,12,7637,7114
compact51__paper_roles,2019-01-22 01:00:00,23.8439428175,152.981066754,1,0,0,12,12,7720,7089
compact51__paper_roles,2019-01-22 02:00:00,21.7504078126,115.395445402,1,0,0,12,12,7105,6537
compact51__paper_roles,2019-01-22 03:00:00,20.2705189802,91.8123384398,0,0,0,13,12,6471,5964
compact51__paper_roles,2019-01-22 04:00:00,18.2224631791,40.4626830366,0,0,0,12,12,5274,573
compact51__paper_roles,2019-01-22 05:00:00,15.5540748127,37.7364578515,0,0,0,12,12,3235,288
compact51__paper_roles,2019-01-22 06:00:00,29.0854164283,63.3950547532,0,0,0,12,12,8458,4766
compact51__paper_roles,2019-01-22 07:00:00,36.2975043771,312.660325174,0,0,0,12,12,8699,7961
compact51__paper_roles,2019-01-22 08:00:00,30.195900275,158.914443481,0,0,0,12,12,8526,7156
compact51__paper_roles,2019-01-22 09:00:00,26.0018932287,64.7113354659,0,0,0,12,12,8133,4864
compact51__paper_roles,2019-01-22 10:00:00,20.1273198924,61.3802505628,0,0,0,12,12,6406,4610
compact51__paper_roles,2019-01-22 11:00:00,19.4126560331,54.8573349392,0,0,0,12,12,6047,3764
compact51__paper_roles,2019-01-22 12:00:00,23.4210626932,48.4597051995,0,0,0,12,12,7610,2290
compact51__paper_roles,2019-01-22 13:00:00,21.1070794576,47.4424140256,0,0,0,12,12,6842,1995
compact51__paper_roles,2019-01-22 14:00:00,22.6340193813,50.0259094914,0,0,0,13,13,7401,2676
compact51__paper_roles,2019-01-22 15:00:00,22.10593341,61.7872073449,0,0,0,12,12,7224,4645
compact51__paper_roles,2019-01-22 16:00:00,21.470010574,91.996212379,0,0,0,12,12,7000,5972
compact51__paper_roles,2019-01-22 17:00:00,23.7386714981,199.704075687,0,0,0,12,12,7689,7485
compact51__paper_roles,2019-01-22 18:00:00,24.3762125328,457.038293001,0,0,0,12,12,7824,8202
compact51__paper_roles,2019-01-22 19:00:00,22.569434745,319.75220376,0,0,0,13,13,7379,7982
compact51__paper_roles,2019-01-22 20:00:00,24.2081457267,207.942670335,0,0,0,12,12,7788,7538
compact51__paper_roles,2019-01-22 21:00:00,25.1820141387,92.0795070189,0,0,0,12,12,7990,5976
compact51__paper_roles,2019-01-22 22:00:00,19.2721642365,75.6386819236,0,0,0,12,11,5966,5383
compact51__paper_roles,2019-01-22 23:00:00,22.2019903558,99.7032128008,0,0,0,12,12,7257,6200
compact51__paper_roles,2019-01-23 00:00:00,28.2663266228,97.3776451488,0,0,0,12,12,8413,6142
compact51__paper_roles,2019-01-23 01:00:00,30.0634171684,92.6588818374,0,0,0,12,12,8521,5999
compact51__paper_roles,2019-01-23 02:00:00,34.0515114258,143.473098574,0,0,0,12,12,8665,6981
compact51__paper_roles,2019-01-23 03:00:00,35.9509924932,144.96445151,0,0,0,12,12,8695,6994
compact51__paper_roles,2019-01-23 04:00:00,32.6088316932,75.9622441475,0,0,0,12,12,8619,5400
compact51__paper_roles,2019-01-23 05:00:00,29.9837426956,68.9642794131,0,0,0,12,12,8516,5097
compact51__paper_roles,2019-01-23 06:00:00,25.1667788726,58.9643492224,0,0,0,12,12,7989,4362
compact51__paper_roles,2019-01-23 07:00:00,19.3748688634,54.750225837,0,0,0,12,12,6027,3747
compact51__paper_roles,2019-01-23 08:00:00,17.4332567442,60.7877803543,0,0,0,12,12,4711,4557
compact51__paper_roles,2019-01-23 09:00:00,15.6495429524,58.842905704,0,0,0,12,12,3316,4351
compact51__paper_roles,2019-01-23 10:00:00,19.5040113483,53.4270925513,0,0,0,12,12,6096,3513
compact51__paper_roles,2019-01-23 11:00:00,21.0610958489,56.6118744222,0,0,0,12,12,6812,4074
compact51__paper_roles,2019-01-23 12:00:00,21.5715367955,54.6331380953,0,0,0,12,12,7042,3729
compact51__paper_roles,2019-01-23 13:00:00,21.6041334414,54.8816673064,0,0,0,12,12,7054,3770
compact51__paper_roles,2019-01-23 14:00:00,20.6818042312,55.4204333039,0,0,0,12,12,6634,3867
compact51__paper_roles,2019-01-23 15:00:00,19.1025751461,53.0494414615,0,0,0,12,12,5869,3418
compact51__paper_roles,2019-01-23 16:00:00,18.2649403533,50.5977773886,0,0,0,12,12,5303,2819
compact51__paper_roles,2019-01-23 17:00:00,15.5064859914,47.8310691836,0,0,0,12,12,3194,2093
compact51__paper_roles,2019-01-23 18:00:00,12.9958337614,50.7363357823,0,0,0,12,12,1362,2861
compact51__paper_roles,2019-01-23 19:00:00,13.3857053936,49.2607728608,0,0,0,12,12,1608,2476
compact51__paper_roles,2019-01-23 20:00:00,13.0113243714,51.4953773685,0,0,0,12,12,1374,3046
compact51__paper_roles,2019-01-23 21:00:00,13.392430844,53.1919790587,0,0,0,12,12,1613,3456
compact51__paper_roles,2019-01-23 22:00:00,12.4198095667,50.792213222,0,0,0,12,12,1021,2875
compact51__paper_roles,2019-01-23 23:00:00,13.295588933,44.7796838663,0,0,0,12,12,1558,1323
compact51__paper_roles,2019-01-24 00:00:00,18.6625366828,39.3859297662,0,0,0,12,12,5571,441
compact51__paper_roles,2019-01-24 01:00:00,16.7941788142,40.5063611964,0,0,0,12,12,4219,581
compact51__paper_roles,2019-01-24 02:00:00,18.1099756817,44.0917988402,0,0,0,12,12,5200,1175
compact51__paper_roles,2019-01-24 03:00:00,19.3852866412,52.113799954,0,0,0,12,12,6035,3193
compact51__paper_roles,2019-01-24 04:00:00,19.035456103,53.526620574,0,0,0,12,12,5820,3530
compact51__paper_roles,2019-01-24 05:00:00,20.0725128986,53.462746937,0,0,0,12,12,6382,3519
compact51__paper_roles,2019-01-24 06:00:00,13.9100119716,50.1779749702,0,0,0,12,12,1964,2718
compact51__paper_roles,2019-01-24 07:00:00,16.0149199889,56.7576737258,0,0,0,12,12,3618,4099
compact51__paper_roles,2019-01-24 08:00:00,14.0925975424,57.5005392203,0,0,0,12,12,2092,4193
compact51__paper_roles,2019-01-24 09:00:00,15.3170256349,57.8439717459,0,0,0,12,12,3075,4240
compact51__paper_roles,2019-01-24 10:00:00,13.6152504438,58.4736787569,0,0,0,12,12,1757,4307
compact51__paper_roles,2019-01-24 11:00:00,16.0422257723,50.9027524572,0,0,0,12,12,3641,2907
compact51__paper_roles,2019-01-24 12:00:00,14.8407403625,51.1542118581,0,0,0,12,12,2685,2961
compact51__paper_roles,2019-01-24 13:00:00,15.4858985261,49.8970370057,0,0,0,12,12,3173,2640
compact51__paper_roles,2019-01-24 14:00:00,16.0187924246,49.5745184114,0,0,0,12,12,3621,2563
compact51__paper_roles,2019-01-24 15:00:00,15.1411591608,50.3806055456,0,0,0,12,12,2928,2770
compact51__paper_roles,2019-01-24 16:00:00,16.1525618183,49.114162135,0,0,0,11,11,3731,2442
compact51__paper_roles,2019-01-24 17:00:00,13.6515127889,51.2537935208,0,0,0,12,12,1784,2987
compact51__paper_roles,2019-01-24 18:00:00,12.2246243625,51.918011327,0,0,0,12,12,914,3146
compact51__paper_roles,2019-01-24 19:00:00,11.1248539495,48.3530080091,0,0,0,12,12,406,2263
compact51__paper_roles,2019-01-24 20:00:00,13.7331999422,42.1689885617,0,0,0,12,12,1836,831
compact51__paper_roles,2019-01-24 21:00:00,11.075379402,46.4295056509,0,0,0,12,12,382,1701
compact51__paper_roles,2019-01-24 22:00:00,10.7915630067,48.3207050277,0,0,0,12,12,299,2248
compact51__paper_roles,2019-01-24 23:00:00,14.8742984201,48.2712448766,0,0,0,12,12,2711,2224
compact51__paper_roles,2019-01-25 00:00:00,15.0772823338,46.350360869,0,0,0,12,12,2875,1674
compact51__paper_roles,2019-01-25 01:00:00,14.3481354167,44.4099012827,0,0,0,12,12,2300,1248
compact51__paper_roles,2019-01-25 02:00:00,18.3840979125,48.120983225,0,0,0,12,12,5383,2185
compact51__paper_roles,2019-01-25 03:00:00,19.5036662946,48.5749311762,0,0,0,12,12,6095,2316
compact51__paper_roles,2019-01-25 04:00:00,21.2573576231,50.0672558445,0,0,0,12,12,6903,2684
compact51__paper_roles,2019-01-25 05:00:00,18.3704535468,46.0650450526,0,0,0,12,12,5371,1626
compact51__paper_roles,2019-01-25 06:00:00,15.5631345128,43.9066883186,0,0,0,12,12,3244,1147
compact51__paper_roles,2019-01-25 07:00:00,15.0110285321,47.4221068503,0,0,0,12,12,2830,1988
compact51__paper_roles,2019-01-25 08:00:00,12.2533273678,47.3279955803,0,0,0,14,14,931,1964
compact51__paper_roles,2019-01-25 09:00:00,12.6332340606,50.6994375919,0,0,0,10,10,1144,2848
compact51__paper_roles,2019-01-25 10:00:00,11.9481172334,46.3000406381,0,0,0,12,12,749,1670
compact51__paper_roles,2019-01-25 11:00:00,12.0867109093,44.4740588978,0,0,0,12,12,827,1264
compact51__paper_roles,2019-01-25 12:00:00,12.8110994343,46.7829442136,0,0,0,12,12,1246,1807
compact51__paper_roles,2019-01-25 13:00:00,13.7791246522,46.9759019228,0,0,0,12,12,1875,1863
compact51__paper_roles,2019-01-25 14:00:00,14.3762000108,45.869046678,0,0,0,12,12,2317,1579
compact51__paper_roles,2019-01-25 15:00:00,13.1038511923,44.3919428106,0,0,0,12,12,1436,1245
compact51__paper_roles,2019-01-25 16:00:00,13.5381946899,40.2483726489,0,0,0,12,12,1702,536
compact51__paper_roles,2019-01-25 17:00:00,13.1402561309,39.4349386548,0,0,0,12,12,1463,443
compact51__paper_roles,2019-01-25 18:00:00,11.809141604,44.0725870259,0,0,0,12,12,674,1171
compact51__paper_roles,2019-01-25 19:00:00,11.6531722591,45.0296698063,0,0,0,12,12,614,1377
compact51__paper_roles,2019-01-25 20:00:00,13.3261590713,44.6920551018,0,0,0,12,12,1575,1299
compact51__paper_roles,2019-01-25 21:00:00,14.3716411865,43.8350944645,0,0,0,12,12,2315,1130
compact51__paper_roles,2019-01-25 22:00:00,15.7508460832,40.7015744244,0,0,0,12,12,3410,609
compact51__paper_roles,2019-01-25 23:00:00,14.1203542644,37.2361010225,0,0,0,12,12,2117,256
compact51__paper_roles,2019-01-26 00:00:00,20.9077326865,45.8267104564,0,0,0,14,12,6741,1569
compact51__paper_roles,2019-01-26 01:00:00,20.7237143089,42.1549289095,0,0,0,12,12,6655,830
compact51__paper_roles,2019-01-26 02:00:00,18.8446571821,41.6730597695,0,0,0,12,12,5693,759
compact51__paper_roles,2019-01-26 03:00:00,19.0580034229,40.2115853158,0,0,0,12,12,5838,532
compact51__paper_roles,2019-01-26 04:00:00,21.2812130788,48.3072498216,0,0,0,12,12,6913,2243
compact51__paper_roles,2019-01-26 05:00:00,19.6347620157,46.8798709642,0,0,0,12,12,6164,1826
compact51__paper_roles,2019-01-26 06:00:00,18.7644585268,52.7272300153,0,0,0,12,12,5640,3335
compact51__paper_roles,2019-01-26 07:00:00,16.8723767777,44.8386858387,0,0,0,12,12,4279,1341
compact51__paper_roles,2019-01-26 08:00:00,17.1207369726,48.3284419215,0,0,0,12,12,4451,2256
compact51__paper_roles,2019-01-26 09:00:00,17.0134429035,47.3555900416,0,0,0,12,12,4384,1972
compact51__paper_roles,2019-01-26 10:00:00,16.4122650465,49.5106251738,0,0,0,12,12,3924,2546
compact51__paper_roles,2019-01-26 11:00:00,15.1385132389,58.4482186598,0,0,0,12,12,2924,4306
compact51__paper_roles,2019-01-26 12:00:00,15.791012882,61.8259474682,0,0,0,12,12,3438,4646
compact51__paper_roles,2019-01-26 13:00:00,15.7384918706,67.3960738397,0,0,0,12,12,3399,5027
compact51__paper_roles,2019-01-26 14:00:00,17.1705626844,69.8359896554,0,0,0,12,12,4494,5136
compact51__paper_roles,2019-01-26 15:00:00,17.5430837396,67.9244957067,0,0,0,12,12,4788,5054
compact51__paper_roles,2019-01-26 16:00:00,17.4390666726,61.9187049892,0,0,0,12,12,4713,4656
compact51__paper_roles,2019-01-26 17:00:00,19.2743865124,61.1815435185,0,0,0,12,12,5967,4597
compact51__paper_roles,2019-01-26 18:00:00,15.6573517348,63.6619479266,0,0,0,12,12,3328,4783
compact51__paper_roles,2019-01-26 19:00:00,14.8093705999,62.3971207228,0,0,0,12,12,2662,4692
compact51__paper_roles,2019-01-26 20:00:00,14.7589213301,57.7082550974,0,0,0,12,12,2619,4221
compact51__paper_roles,2019-01-26 21:00:00,15.5715459104,52.4668082804,0,0,0,13,13,3253,3269
compact51__paper_roles,2019-01-26 22:00:00,15.8399203574,57.8003233792,0,0,0,12,12,3477,4234
compact51__paper_roles,2019-01-26 23:00:00,16.4070007424,51.1376013238,0,0,0,13,13,3920,2960
compact51__paper_roles,2019-01-27 00:00:00,19.1392642594,73.3378686714,0,0,0,12,12,5889,5274
compact51__paper_roles,2019-01-27 01:00:00,20.0606020074,65.9921104774,0,0,0,12,12,6379,4949
compact51__paper_roles,2019-01-27 02:00:00,18.9139987671,71.9422750298,0,0,0,12,12,5737,5225
compact51__paper_roles,2019-01-27 03:00:00,15.7885421907,110.748482138,1,0,0,12,12,3437,6449
compact51__paper_roles,2019-01-27 04:00:00,17.2207001645,77.906869165,0,0,0,12,12,4547,5474
compact51__paper_roles,2019-01-27 05:00:00,14.131497145,64.8473329639,0,0,0,12,12,2122,4883
compact51__paper_roles,2019-01-27 06:00:00,16.3260289152,89.868344439,0,0,0,12,12,3862,5906
compact51__paper_roles,2019-01-27 07:00:00,14.7514490122,67.2472497394,0,0,0,12,12,2614,5015
compact51__paper_roles,2019-01-27 08:00:00,12.2205722275,40.8076374515,0,0,0,12,12,910,620
compact51__paper_roles,2019-01-27 09:00:00,14.3095103798,101.167986288,0,0,0,12,12,2274,6240
compact51__paper_roles,2019-01-27 10:00:00,13.4038489202,47.1660898498,0,0,0,12,12,1621,1922
compact51__paper_roles,2019-01-27 11:00:00,14.7073254171,47.9656820091,0,0,0,12,12,2576,2131
compact51__paper_roles,2019-01-27 12:00:00,15.3160834793,46.0625236162,0,0,0,12,12,3074,1625
compact51__paper_roles,2019-01-27 13:00:00,15.2485987344,47.4196254647,0,0,0,12,12,3023,1986
compact51__paper_roles,2019-01-27 14:00:00,16.0274446919,48.9449099153,0,0,0,12,12,3633,2402
compact51__paper_roles,2019-01-27 15:00:00,16.0234924897,48.406949221,0,0,0,12,12,3629,2278
compact51__paper_roles,2019-01-27 16:00:00,13.2488447022,46.1400287989,0,0,0,13,12,1528,1642
compact51__paper_roles,2019-01-27 17:00:00,14.9944340647,47.3832707689,0,0,0,12,12,2814,1980
compact51__paper_roles,2019-01-27 18:00:00,12.4955387132,51.922870521,0,0,0,12,12,1069,3150
compact51__paper_roles,2019-01-27 19:00:00,12.3835628333,50.5219504474,0,0,0,12,12,994,2807
compact51__paper_roles,2019-01-27 20:00:00,14.0390019574,55.7234879508,0,0,0,12,12,2047,3939
compact51__paper_roles,2019-01-27 21:00:00,16.668006498,57.8084293822,0,0,0,12,12,4128,4237
compact51__paper_roles,2019-01-27 22:00:00,17.3621126782,58.9824773048,0,0,0,12,12,4652,4366
compact51__paper_roles,2019-01-27 23:00:00,18.9711152975,81.8056903549,0,0,0,12,12,5775,5631
compact51__paper_roles,2019-01-28 00:00:00,21.9997646729,272.053671658,0,0,0,12,12,7191,7830
compact51__paper_roles,2019-01-28 01:00:00,21.5167991858,129.108379506,1,0,0,12,12,7022,6793
compact51__paper_roles,2019-01-28 02:00:00,21.1354326174,3424.60860918,0,0,0,12,12,6852,8678
compact51__paper_roles,2019-01-28 03:00:00,18.8261308181,56.5200523074,0,0,0,12,12,5679,4063
compact51__paper_roles,2019-01-28 04:00:00,19.083986874,132.860327963,0,0,0,12,12,5858,6842
compact51__paper_roles,2019-01-28 05:00:00,17.0256068696,53.3398144433,0,0,0,12,12,4393,3492
compact51__paper_roles,2019-01-28 06:00:00,23.8453638577,311.055681352,0,0,0,12,12,7721,7957
compact51__paper_roles,2019-01-28 07:00:00,25.842947601,570.508908131,1,0,0,12,12,8107,8315
compact51__paper_roles,2019-01-28 08:00:00,16.0456112081,61.0046966707,0,0,0,12,12,3642,4579
compact51__paper_roles,2019-01-28 09:00:00,16.4718432552,63.0517103884,0,0,0,12,12,3981,4739
compact51__paper_roles,2019-01-28 10:00:00,16.2602542519,65.6027781335,0,0,0,12,12,3818,4926
compact51__paper_roles,2019-01-28 11:00:00,16.7139633125,71.2581936287,0,0,0,12,12,4167,5195
compact51__paper_roles,2019-01-28 12:00:00,16.0146530641,66.0328329341,0,0,0,12,12,3616,4953
compact51__paper_roles,2019-01-28 13:00:00,15.0175600441,63.6825367611,0,0,0,12,12,2833,4784
compact51__paper_roles,2019-01-28 14:00:00,15.8608583966,64.1336876229,0,0,0,12,12,3504,4818
compact51__paper_roles,2019-01-28 15:00:00,16.9250927955,64.7296597262,0,0,0,12,12,4310,4868
compact51__paper_roles,2019-01-28 16:00:00,19.2479514327,67.4570819848,0,0,0,12,12,5952,5030
compact51__paper_roles,2019-01-28 17:00:00,18.6214557443,71.7079853828,0,0,0,12,12,5541,5215
compact51__paper_roles,2019-01-28 18:00:00,17.836226699,73.6272164111,0,0,0,12,12,5000,5286
compact51__paper_roles,2019-01-28 19:00:00,16.795844774,63.9310401119,0,0,0,12,12,4220,4802
compact51__paper_roles,2019-01-28 20:00:00,19.2979425846,55.2887382468,0,0,0,12,12,5977,3844
compact51__paper_roles,2019-01-28 21:00:00,19.0935974673,49.5205424805,0,0,0,12,12,5863,2548
compact51__paper_roles,2019-01-28 22:00:00,18.8340884518,76.824571829,0,0,0,12,12,5689,5426
compact51__paper_roles,2019-01-28 23:00:00,17.3425643027,70.284828793,0,0,0,12,12,4640,5153
compact51__paper_roles,2019-01-29 00:00:00,19.923417906,130.454180025,1,0,0,12,12,6312,6807
compact51__paper_roles,2019-01-29 01:00:00,18.5512304678,85.3548422937,0,0,0,12,12,5491,5767
compact51__paper_roles,2019-01-29 02:00:00,18.0486398801,47.8337771242,0,0,0,12,12,5155,2095
compact51__paper_roles,2019-01-29 03:00:00,17.2208686603,50.0623713755,0,0,0,12,12,4548,2683
compact51__paper_roles,2019-01-29 04:00:00,18.8490086589,46.1831490148,0,0,0,12,12,5699,1648
compact51__paper_roles,2019-01-29 05:00:00,19.7671886885,45.1180018891,0,0,0,13,12,6237,1396
compact51__paper_roles,2019-01-29 06:00:00,20.8711169014,45.1405650406,0,0,0,12,12,6731,1400
compact51__paper_roles,2019-01-29 07:00:00,19.9560129132,81.192738196,0,0,0,12,12,6328,5605
compact51__paper_roles,2019-01-29 08:00:00,17.4234259823,58.9316193214,0,0,0,12,12,4703,4358
compact51__paper_roles,2019-01-29 09:00:00,19.6236227946,52.5051297914,0,0,0,12,12,6160,3283
compact51__paper_roles,2019-01-29 10:00:00,19.4894369125,47.1314072964,0,0,0,12,12,6084,1908
compact51__paper_roles,2019-01-29 11:00:00,18.9900917492,50.0083607433,0,0,0,12,12,5789,2671
compact51__paper_roles,2019-01-29 12:00:00,19.199902023,50.2001212726,0,0,0,12,12,5920,2729
compact51__paper_roles,2019-01-29 13:00:00,19.4699056601,48.478243675,0,0,0,12,12,6068,2298
compact51__paper_roles,2019-01-29 14:00:00,20.7165410526,53.3332691689,0,0,0,12,12,6652,3489
compact51__paper_roles,2019-01-29 15:00:00,16.3048198278,49.5315297095,0,0,0,12,12,3843,2552
compact51__paper_roles,2019-01-29 16:00:00,16.8377638475,54.1386810027,0,0,0,12,12,4252,3638
compact51__paper_roles,2019-01-29 17:00:00,17.6586247397,55.4651437092,0,0,0,12,12,4873,3879
compact51__paper_roles,2019-01-29 18:00:00,17.0129418715,57.8006783608,0,0,0,12,12,4383,4236
compact51__paper_roles,2019-01-29 19:00:00,15.6812826754,59.0791487823,0,0,0,12,12,3347,4379
compact51__paper_roles,2019-01-29 20:00:00,15.8563679653,59.1513533693,0,0,0,12,12,3496,4390
compact51__paper_roles,2019-01-29 21:00:00,17.2094169317,54.042856737,0,0,0,12,12,4534,3620
compact51__paper_roles,2019-01-29 22:00:00,18.6326922728,55.0688469342,0,0,0,12,12,5549,3803
compact51__paper_roles,2019-01-29 23:00:00,21.9900723664,64.1152410622,0,0,0,12,12,7190,4815
compact51__paper_roles,2019-01-30 00:00:00,19.0308523275,74.3488676492,0,0,0,12,12,5816,5331
compact51__paper_roles,2019-01-30 01:00:00,20.4107142225,43.7667914802,0,0,0,12,12,6535,1118
compact51__paper_roles,2019-01-30 02:00:00,24.0254337678,48.4506665769,0,0,0,12,12,7746,2288
compact51__paper_roles,2019-01-30 03:00:00,20.3938009105,44.4228150488,0,0,0,12,12,6526,1255
compact51__paper_roles,2019-01-30 04:00:00,22.2495992326,50.0059442867,0,0,0,12,12,7274,2670
compact51__paper_roles,2019-01-30 05:00:00,18.8454174739,46.4215692914,0,0,0,12,12,5694,1698
compact51__paper_roles,2019-01-30 06:00:00,15.608205841,36.9753834389,0,0,0,12,12,3284,241
compact51__paper_roles,2019-01-30 07:00:00,17.1209803159,46.6037297371,0,0,0,12,12,4452,1755
compact51__paper_roles,2019-01-30 08:00:00,15.6423292763,44.7786930067,0,0,0,12,12,3310,1322
compact51__paper_roles,2019-01-30 09:00:00,14.1407786903,48.9934976505,0,0,0,13,13,2126,2417
compact51__paper_roles,2019-01-30 10:00:00,13.4387052936,53.2227098984,0,0,0,12,12,1644,3462
compact51__paper_roles,2019-01-30 11:00:00,13.6403213836,54.7055051458,0,0,0,12,12,1775,3743
compact51__paper_roles,2019-01-30 12:00:00,12.6319062274,52.6770418175,0,0,0,12,12,1143,3325
compact51__paper_roles,2019-01-30 13:00:00,12.9410606278,50.9085480064,0,0,0,12,12,1324,2910
compact51__paper_roles,2019-01-30 14:00:00,14.1574233656,51.6403201139,0,0,0,12,12,2140,3075
compact51__paper_roles,2019-01-30 15:00:00,14.3342575409,48.0714085524,0,0,0,12,12,2286,2171
compact51__paper_roles,2019-01-30 16:00:00,15.1253372747,52.8857772379,0,0,0,13,12,2914,3372
compact51__paper_roles,2019-01-30 17:00:00,16.345835892,48.5124073976,0,0,0,12,12,3883,2305
compact51__paper_roles,2019-01-30 18:00:00,17.845767976,56.9176633198,0,0,0,12,12,5008,4126
compact51__paper_roles,2019-01-30 19:00:00,16.5485447444,51.5132879261,0,0,0,12,12,4036,3051
compact51__paper_roles,2019-01-30 20:00:00,17.9468681669,41.320581006,0,0,0,12,12,5087,697
compact51__paper_roles,2019-01-30 21:00:00,15.8021792564,38.8128308769,0,0,0,13,12,3447,377
compact51__paper_roles,2019-01-30 22:00:00,15.6504515977,37.1050606003,0,0,0,12,12,3318,250
compact51__paper_roles,2019-01-30 23:00:00,14.562226847,45.6480281847,0,0,0,14,14,2461,1517
compact51__paper_roles,2019-01-31 00:00:00,14.2560276247,39.7272398377,0,0,0,12,12,2218,473
compact51__paper_roles,2019-01-31 01:00:00,16.2216512924,40.1511059749,0,0,0,13,13,3788,527
compact51__paper_roles,2019-01-31 02:00:00,16.8231466182,52.5505012791,0,0,0,12,12,4240,3295
compact51__paper_roles,2019-01-31 03:00:00,18.6782666518,51.2467804853,0,0,0,12,12,5582,2983
compact51__paper_roles,2019-01-31 04:00:00,16.4844408824,45.0280559676,0,0,0,12,12,3995,1376
compact51__paper_roles,2019-01-31 05:00:00,14.0930522892,39.7426012592,0,0,0,12,12,2093,475
compact51__paper_roles,2019-01-31 06:00:00,13.7770733988,35.5468306853,0,0,0,12,12,1871,165
compact51__paper_roles,2019-01-31 07:00:00,18.3313235961,46.6236049551,0,0,0,12,12,5339,1759
compact51__paper_roles,2019-01-31 08:00:00,17.7870266506,48.235997259,0,0,0,12,12,4964,2211
compact51__paper_roles,2019-01-31 09:00:00,14.0049489305,43.4228341158,0,0,0,12,12,2027,1043
compact51__paper_roles,2019-01-31 10:00:00,13.1141473883,47.024635516,0,0,0,13,12,1450,1876
compact51__paper_roles,2019-01-31 11:00:00,11.2053588104,46.1649448321,0,0,0,12,12,433,1645
compact51__paper_roles,2019-01-31 12:00:00,11.4297652051,56.9812389945,0,0,0,12,12,525,4134
compact51__paper_roles,2019-01-31 13:00:00,13.0216450702,50.8438459823,0,0,0,12,12,1381,2893
compact51__paper_roles,2019-01-31 14:00:00,14.101096,52.2179253234,0,0,0,12,12,2102,3221
compact51__paper_roles,2019-01-31 15:00:00,15.5763020731,66.1056482313,0,0,0,12,12,3260,4957
compact51__paper_roles,2019-01-31 16:00:00,16.819469106,55.5380160077,0,0,0,12,12,4237,3896
compact51__paper_roles,2019-01-31 17:00:00,15.632703127,62.6695696596,0,0,0,12,12,3304,4711
compact51__paper_roles,2019-01-31 18:00:00,15.1319935688,65.8320816291,0,0,0,14,13,2917,4943
compact51__paper_roles,2019-01-31 19:00:00,18.9880102542,57.8248610761,0,0,0,12,12,5787,4238
compact51__paper_roles,2019-01-31 20:00:00,16.4391636182,65.3382675042,0,0,0,12,12,3955,4914
compact51__paper_roles,2019-01-31 21:00:00,17.2999353671,49.8444084236,0,0,0,12,12,4613,2626
compact51__paper_roles,2019-01-31 22:00:00,17.5261464405,59.2349119151,0,0,0,12,12,4770,4399
compact51__paper_roles,2019-01-31 23:00:00,15.9861949889,122.450098105,1,0,0,12,12,3596,6672
compact51__paper_roles,2019-02-01 00:00:00,14.5135791595,110.806990031,1,0,0,12,12,2427,6450
compact51__paper_roles,2019-02-01 01:00:00,12.1175955394,60.1176203278,0,0,0,12,12,843,4501
compact51__paper_roles,2019-02-01 02:00:00,11.4491626001,50.6686882208,0,0,0,12,12,535,2837
compact51__paper_roles,2019-02-01 03:00:00,11.8169056114,62.9107687633,0,0,0,12,12,680,4726
compact51__paper_roles,2019-02-01 04:00:00,10.8798113293,49.056371816,0,0,0,12,12,320,2428
compact51__paper_roles,2019-02-01 05:00:00,10.9245967505,38.5065589624,0,0,0,12,12,335,350
compact51__paper_roles,2019-02-01 06:00:00,9.85347592074,38.3511996641,0,0,0,12,12,111,334
compact51__paper_roles,2019-02-01 07:00:00,12.2813930521,42.9499249594,0,0,0,12,12,945,962
compact51__paper_roles,2019-02-01 08:00:00,15.1453157082,44.7336698913,0,0,0,12,12,2933,1308
compact51__paper_roles,2019-02-01 09:00:00,13.3542081525,42.5447472114,0,0,0,12,12,1592,902
compact51__paper_roles,2019-02-01 10:00:00,8.63941271128,50.1245191339,0,0,0,12,12,21,2702
compact51__paper_roles,2019-02-01 11:00:00,8.76505632741,55.5517270489,0,0,0,12,12,23,3900
compact51__paper_roles,2019-02-01 12:00:00,10.9995635139,55.0951098345,0,0,0,12,12,352,3811
compact51__paper_roles,2019-02-01 13:00:00,11.0834875155,50.3507491034,0,0,0,12,12,385,2762
compact51__paper_roles,2019-02-01 14:00:00,10.6044658327,54.1781350186,0,0,0,12,12,252,3646
compact51__paper_roles,2019-02-01 15:00:00,10.2847809689,51.2426650252,0,0,0,12,12,192,2982
compact51__paper_roles,2019-02-01 16:00:00,10.1205342258,49.2084656784,0,0,0,12,12,157,2467
compact51__paper_roles,2019-02-01 17:00:00,11.8911297728,45.9618874183,0,0,0,12,12,717,1607
compact51__paper_roles,2019-02-01 18:00:00,10.8900035486,53.5276880171,0,0,0,12,12,326,3532
compact51__paper_roles,2019-02-01 19:00:00,12.8712408731,58.5782184193,0,0,0,12,12,1278,4326
compact51__paper_roles,2019-02-01 20:00:00,13.0583447057,53.5964880397,0,0,0,12,12,1406,3540
compact51__paper_roles,2019-02-01 21:00:00,11.3775659942,43.4881795828,0,0,0,12,12,497,1056
compact51__paper_roles,2019-02-01 22:00:00,12.7435322251,39.116881674,0,0,0,12,12,1202,407
compact51__paper_roles,2019-02-01 23:00:00,12.474456557,43.2405812775,0,0,0,12,12,1056,1011
compact51__paper_roles,2019-02-02 00:00:00,17.4163803925,89.0615014976,0,0,0,12,12,4696,5876
compact51__paper_roles,2019-02-02 01:00:00,16.5425673483,148.209461662,1,0,0,12,12,4033,7034
compact51__paper_roles,2019-02-02 02:00:00,14.7157722452,93.8550724584,0,0,0,12,12,2586,6036
compact51__paper_roles,2019-02-02 03:00:00,15.1594869186,81.2812089041,0,0,0,12,12,2941,5609
compact51__paper_roles,2019-02-02 04:00:00,12.6596358041,77.5591461977,0,0,0,12,12,1162,5454
compact51__paper_roles,2019-02-02 05:00:00,12.1166456146,42.7022426105,0,0,0,12,12,842,931
compact51__paper_roles,2019-02-02 06:00:00,10.0735723858,39.3255129777,0,0,0,12,12,148,432
compact51__paper_roles,2019-02-02 07:00:00,10.262869853,42.2132630443,0,0,0,12,12,185,838
compact51__paper_roles,2019-02-02 08:00:00,10.3669911616,43.4350058455,0,0,0,12,12,200,1046
compact51__paper_roles,2019-02-02 09:00:00,14.2997266648,39.9563436635,0,0,0,12,12,2263,508
compact51__paper_roles,2019-02-02 10:00:00,18.093865006,62.3425704417,0,0,0,12,12,5186,4686
compact51__paper_roles,2019-02-02 11:00:00,16.0099669617,41.3363010636,0,0,0,12,12,3611,701
compact51__paper_roles,2019-02-02 12:00:00,16.7101275544,46.1179813877,0,0,0,12,12,4160,1636
compact51__paper_roles,2019-02-02 13:00:00,19.2052379212,101.891055039,1,0,0,12,12,5922,6262
compact51__paper_roles,2019-02-02 14:00:00,17.556030542,102.289779747,1,0,0,12,12,4796,6271
compact51__paper_roles,2019-02-02 15:00:00,15.9009025115,99.8611534446,0,0,0,12,12,3533,6206
compact51__paper_roles,2019-02-02 16:00:00,15.0947055913,63.2121115053,0,0,0,12,12,2889,4752
compact51__paper_roles,2019-02-02 17:00:00,15.761006435,69.1891613723,0,0,0,12,12,3414,5105
compact51__paper_roles,2019-02-02 18:00:00,18.0858282372,94.7262443291,0,0,0,12,12,5179,6068
compact51__paper_roles,2019-02-02 19:00:00,16.3316350299,73.6162635488,0,0,0,12,12,3866,5285
compact51__paper_roles,2019-02-02 20:00:00,15.6115682,53.1772238236,0,0,0,12,12,3290,3451
compact51__paper_roles,2019-02-02 21:00:00,15.4943768996,43.342911162,0,0,0,12,12,3183,1030
compact51__paper_roles,2019-02-02 22:00:00,14.8153420042,54.2272407844,0,0,0,12,12,2666,3655
compact51__paper_roles,2019-02-02 23:00:00,15.57618485,47.1578994721,0,0,0,12,12,3259,1917
compact51__paper_roles,2019-02-03 00:00:00,17.4449122992,49.9642562407,0,0,0,12,12,4721,2658
compact51__paper_roles,2019-02-03 01:00:00,18.6466412946,43.8811991045,0,0,0,12,12,5562,1142
compact51__paper_roles,2019-02-03 02:00:00,18.2639418348,50.8509730595,0,0,0,12,12,5302,2894
compact51__paper_roles,2019-02-03 03:00:00,17.0764398981,52.4037712643,0,0,0,12,12,4430,3256
compact51__paper_roles,2019-02-03 04:00:00,16.3495773762,51.9974162408,0,0,0,12,12,3886,3164
compact51__paper_roles,2019-02-03 05:00:00,17.0075312188,55.6625172744,0,0,0,12,12,4375,3921
compact51__paper_roles,2019-02-03 06:00:00,14.3325773106,39.0737727516,0,0,0,12,12,2284,402
compact51__paper_roles,2019-02-03 07:00:00,12.0889708283,37.2450003601,0,0,0,12,12,828,257
compact51__paper_roles,2019-02-03 08:00:00,11.3897300791,42.2296840848,0,0,0,12,12,502,844
compact51__paper_roles,2019-02-03 09:00:00,14.0126447102,47.378896677,0,0,0,12,12,2032,1978
compact51__paper_roles,2019-02-03 10:00:00,16.2137350517,61.4545566822,0,0,0,12,12,3784,4615
compact51__paper_roles,2019-02-03 11:00:00,15.1778410365,50.1794909288,0,0,0,12,12,2956,2719
compact51__paper_roles,2019-02-03 12:00:00,14.843522006,48.8992335054,0,0,0,12,12,2688,2392
compact51__paper_roles,2019-02-03 13:00:00,14.898537372,46.5583203409,0,0,0,12,12,2732,1741
compact51__paper_roles,2019-02-03 14:00:00,15.4563241138,47.7333467253,0,0,0,12,12,3157,2061
compact51__paper_roles,2019-02-03 15:00:00,15.9542315883,47.4334874692,0,0,0,12,12,3574,1992
compact51__paper_roles,2019-02-03 16:00:00,15.0907129077,49.7452188331,0,0,0,12,12,2886,2605
compact51__paper_roles,2019-02-03 17:00:00,15.5790833649,46.3605089905,0,0,0,12,12,3264,1682
compact51__paper_roles,2019-02-03 18:00:00,18.4001746857,42.4206014154,0,0,0,12,12,5396,880
compact51__paper_roles,2019-02-03 19:00:00,15.0829685221,44.8376736192,0,0,0,12,12,2879,1340
compact51__paper_roles,2019-02-03 20:00:00,15.2134223606,44.7442781193,0,0,0,12,12,2990,1309
compact51__paper_roles,2019-02-03 21:00:00,14.1699612716,44.4516111673,0,0,0,12,12,2148,1259
compact51__paper_roles,2019-02-03 22:00:00,13.1586684038,46.0314507989,0,0,0,12,12,1473,1618
compact51__paper_roles,2019-02-03 23:00:00,15.7309455623,44.516967217,0,0,0,12,12,3395,1272
compact51__paper_roles,2019-02-04 00:00:00,15.9439321028,46.3839245056,0,0,0,12,12,3566,1686
compact51__paper_roles,2019-02-04 01:00:00,14.2755493285,38.2807370248,0,0,0,12,12,2235,330
compact51__paper_roles,2019-02-04 02:00:00,15.6348123806,39.4819251282,0,0,0,12,12,3306,454
compact51__paper_roles,2019-02-04 03:00:00,20.5405014394,55.3790321052,0,0,0,12,12,6586,3860
compact51__paper_roles,2019-02-04 04:00:00,20.9533018281,86.8074627501,0,0,0,12,12,6767,5809
compact51__paper_roles,2019-02-04 05:00:00,16.0768868578,40.6756904156,0,0,0,12,12,3664,604
compact51__paper_roles,2019-02-04 06:00:00,13.5302239972,64.3329731394,0,0,0,12,12,1698,4833
compact51__paper_roles,2019-02-04 07:00:00,11.2643674454,41.0153362322,0,0,0,12,12,451,652
compact51__paper_roles,2019-02-04 08:00:00,14.1661714306,48.1784804904,0,0,0,12,12,2144,2194
compact51__paper_roles,2019-02-04 09:00:00,13.7461497487,52.1066413574,0,0,0,12,12,1842,3190
compact51__paper_roles,2019-02-04 10:00:00,13.0515995795,53.6759927231,0,0,0,12,12,1401,3555
compact51__paper_roles,2019-02-04 11:00:00,13.7787418409,56.6676615808,0,0,0,12,12,1874,4087
compact51__paper_roles,2019-02-04 12:00:00,13.2424622366,56.8088255309,0,0,0,12,12,1525,4112
compact51__paper_roles,2019-02-04 13:00:00,12.1818105686,53.4786352689,0,0,0,12,12,879,3520
compact51__paper_roles,2019-02-04 14:00:00,13.083229899,56.7771276444,0,0,0,13,12,1418,4102
compact51__paper_roles,2019-02-04 15:00:00,12.6356014073,56.1017772034,0,0,0,12,12,1145,3998
compact51__paper_roles,2019-02-04 16:00:00,13.6244220928,54.190278201,0,0,0,12,12,1767,3649
compact51__paper_roles,2019-02-04 17:00:00,15.0948021808,52.3668466021,0,0,0,12,12,2890,3250
compact51__paper_roles,2019-02-04 18:00:00,14.1479300939,51.4587533923,0,0,0,12,12,2133,3037
compact51__paper_roles,2019-02-04 19:00:00,14.3416314548,51.2993024706,0,0,0,12,12,2291,2998
compact51__paper_roles,2019-02-04 20:00:00,12.8470229379,47.0051231306,0,0,0,12,12,1264,1872
compact51__paper_roles,2019-02-04 21:00:00,11.2988804198,48.1836307492,0,0,0,12,12,464,2197
compact51__paper_roles,2019-02-04 22:00:00,11.3556908444,46.9656660419,0,0,0,12,12,485,1859
compact51__paper_roles,2019-02-04 23:00:00,11.9929061998,41.5415243229,0,0,0,13,12,776,735
compact51__paper_roles,2019-02-05 00:00:00,11.4888360263,40.421200173,0,0,0,12,12,554,568
compact51__paper_roles,2019-02-05 01:00:00,13.6460971302,37.3141769122,0,0,0,12,12,1780,266
compact51__paper_roles,2019-02-05 02:00:00,12.2443483785,47.485555709,0,0,0,12,12,924,2007
compact51__paper_roles,2019-02-05 03:00:00,12.5103440185,35.2495830947,0,0,0,12,12,1083,146
compact51__paper_roles,2019-02-05 04:00:00,9.37720307275,34.8054221725,0,0,0,12,12,49,126
compact51__paper_roles,2019-02-05 05:00:00,12.6971641624,40.4120484901,0,0,0,12,12,1179,565
compact51__paper_roles,2019-02-05 06:00:00,14.565806608,79.1868684548,0,0,0,13,12,2467,5518
compact51__paper_roles,2019-02-05 07:00:00,10.2228998727,39.8016132071,0,0,0,12,12,178,488
compact51__paper_roles,2019-02-05 08:00:00,14.1459053589,149.996836075,0,0,0,12,12,2130,7054
compact51__paper_roles,2019-02-05 09:00:00,14.2850827393,73.8447492627,0,0,0,12,12,2246,5305
compact51__paper_roles,2019-02-05 10:00:00,12.5918753153,55.1762825604,0,0,0,12,12,1124,3822
compact51__paper_roles,2019-02-05 11:00:00,12.6265609104,52.8034430554,0,0,0,10,10,1139,3351
compact51__paper_roles,2019-02-05 12:00:00,12.9417995387,92.3801564942,0,0,0,12,12,1325,5990
compact51__paper_roles,2019-02-05 13:00:00,12.0280423608,50.7956226958,0,0,0,12,12,799,2876
compact51__paper_roles,2019-02-05 14:00:00,14.8422876556,120.531775415,0,0,0,10,10,2686,6627
compact51__paper_roles,2019-02-05 15:00:00,15.6963528633,432.831999631,0,0,0,13,12,3363,8172
compact51__paper_roles,2019-02-05 16:00:00,14.0834404673,199.693274294,0,0,0,12,12,2081,7484
compact51__paper_roles,2019-02-05 17:00:00,11.3496058097,52.120087582,0,0,0,12,12,482,3196
compact51__paper_roles,2019-02-05 18:00:00,10.4878392609,54.5513585252,0,0,0,12,12,232,3709
compact51__paper_roles,2019-02-05 19:00:00,11.2791067582,56.4353751293,0,0,0,12,12,456,4048
compact51__paper_roles,2019-02-05 20:00:00,12.6369770116,53.0609345397,0,0,0,12,12,1146,3422
compact51__paper_roles,2019-02-05 21:00:00,13.1363466084,76.0949687327,0,0,0,12,12,1460,5405
compact51__paper_roles,2019-02-05 22:00:00,11.0867950763,52.7269738891,0,0,0,12,12,387,3334
compact51__paper_roles,2019-02-05 23:00:00,17.3990131494,57.1958415064,0,0,0,12,12,4680,4156
compact51__paper_roles,2019-02-06 00:00:00,17.9161575676,55.6854390048,0,0,0,12,12,5056,3928
compact51__paper_roles,2019-02-06 01:00:00,16.4291237784,53.022661194,0,0,0,12,12,3944,3410
compact51__paper_roles,2019-02-06 02:00:00,23.6244475119,584.093110969,1,0,0,12,12,7655,8326
compact51__paper_roles,2019-02-06 03:00:00,30.2923385814,198.306522083,1,0,0,12,12,8532,7474
compact51__paper_roles,2019-02-06 04:00:00,23.0521095537,62.0753223037,0,0,0,12,12,7509,4670
compact51__paper_roles,2019-02-06 05:00:00,18.7144513276,52.9069994737,0,0,0,12,12,5610,3381
compact51__paper_roles,2019-02-06 06:00:00,15.5705916623,64.4872302153,0,0,0,12,12,3252,4845
compact51__paper_roles,2019-02-06 07:00:00,14.4141744494,60.1980901182,0,0,0,12,12,2346,4509
compact51__paper_roles,2019-02-06 08:00:00,18.1021227847,336.641581178,1,0,0,12,12,5192,8023
compact51__paper_roles,2019-02-06 09:00:00,17.1949034574,148.536184171,1,0,0,12,12,4517,7037
compact51__paper_roles,2019-02-06 10:00:00,17.4198205602,132.436660036,1,0,0,12,12,4701,6836
compact51__paper_roles,2019-02-06 11:00:00,17.4347397239,111.883853237,1,0,0,12,12,4712,6472
compact51__paper_roles,2019-02-06 12:00:00,16.3121766156,168.315385428,1,0,0,12,12,3848,7250
compact51__paper_roles,2019-02-06 13:00:00,18.7050277075,129.472982967,1,0,0,12,12,5606,6799
compact51__paper_roles,2019-02-06 14:00:00,17.0010057688,162.282513204,1,0,0,12,12,4364,7192
compact51__paper_roles,2019-02-06 15:00:00,16.1054506121,349.789773706,1,0,0,12,12,3686,8065
compact51__paper_roles,2019-02-06 16:00:00,16.817261097,589.560273463,1,0,0,12,12,4233,8331
compact51__paper_roles,2019-02-06 17:00:00,14.3503446627,65.176550347,0,0,0,12,12,2303,4903
compact51__paper_roles,2019-02-06 18:00:00,15.9467960988,198.480818067,1,0,0,12,12,3569,7475
compact51__paper_roles,2019-02-06 19:00:00,25.2769179126,279.251576047,1,0,0,12,12,8016,7854
compact51__paper_roles,2019-02-06 20:00:00,21.8496065111,1824.12545672,1,0,0,12,12,7152,8602
compact51__paper_roles,2019-02-06 21:00:00,15.6902301627,112.722187931,0,0,0,12,12,3355,6488
compact51__paper_roles,2019-02-06 22:00:00,13.26394044,53.3069289536,0,0,0,12,12,1538,3486
compact51__paper_roles,2019-02-06 23:00:00,21.544640642,64.1327361293,0,0,0,12,12,7035,4817
compact51__paper_roles,2019-02-07 00:00:00,14.7478574819,49.1582508747,0,0,0,12,12,2610,2453
compact51__paper_roles,2019-02-07 01:00:00,15.1050161949,49.3946352713,0,0,0,12,12,2899,2512
compact51__paper_roles,2019-02-07 02:00:00,16.981250335,49.9964113131,0,0,0,12,12,4350,2664
compact51__paper_roles,2019-02-07 03:00:00,20.316331308,49.3230327641,0,0,0,12,12,6487,2492
compact51__paper_roles,2019-02-07 04:00:00,25.8277441447,60.3401352276,0,0,0,12,12,8106,4517
compact51__paper_roles,2019-02-07 05:00:00,22.8918652454,201.715273629,0,0,0,12,12,7468,7501
compact51__paper_roles,2019-02-07 06:00:00,21.5078603795,60.5079329503,0,0,0,12,12,7016,4526
compact51__paper_roles,2019-02-07 07:00:00,21.7876518702,145.786010576,0,0,0,12,12,7125,7004
compact51__paper_roles,2019-02-07 08:00:00,19.1174430506,331.727568461,1,0,0,12,12,5876,8009
compact51__paper_roles,2019-02-07 09:00:00,15.7581510438,286.659407576,0,0,0,12,12,3413,7891
compact51__paper_roles,2019-02-07 10:00:00,16.3742600254,319.661067637,0,0,0,12,12,3899,7981
compact51__paper_roles,2019-02-07 11:00:00,15.9749937429,205.338903225,0,0,0,12,12,3591,7525
compact51__paper_roles,2019-02-07 12:00:00,16.0740903386,212.209525624,0,0,0,12,12,3661,7560
compact51__paper_roles,2019-02-07 13:00:00,14.0114008558,68.8599044472,0,0,0,12,12,2031,5091
compact51__paper_roles,2019-02-07 14:00:00,12.9506332446,54.0547124739,0,0,0,12,12,1331,3623
compact51__paper_roles,2019-02-07 15:00:00,12.0014801733,50.0992624998,0,0,0,12,12,782,2696
compact51__paper_roles,2019-02-07 16:00:00,12.3033272418,48.7031926464,0,0,0,12,12,958,2351
compact51__paper_roles,2019-02-07 17:00:00,15.8845812462,43.3063008015,0,0,0,12,12,3525,1025
compact51__paper_roles,2019-02-07 18:00:00,16.5756557115,42.8280633441,0,0,0,12,12,4055,948
compact51__paper_roles,2019-02-07 19:00:00,14.7007222144,45.5414328718,0,0,0,12,12,2572,1501
compact51__paper_roles,2019-02-07 20:00:00,12.2703335227,49.2730489172,0,0,0,12,12,940,2480
compact51__paper_roles,2019-02-07 21:00:00,11.093356945,43.5065467808,0,0,0,12,12,392,1060
compact51__paper_roles,2019-02-07 22:00:00,10.3926606647,42.7275747817,0,0,0,12,12,206,934
compact51__paper_roles,2019-02-07 23:00:00,13.1022505616,43.3147679867,0,0,0,12,12,1432,1028
compact51__paper_roles,2019-02-08 00:00:00,13.7907566811,43.5836319173,0,0,0,12,12,1884,1077
compact51__paper_roles,2019-02-08 01:00:00,17.0606264343,45.265603216,0,0,0,12,12,4415,1435
compact51__paper_roles,2019-02-08 02:00:00,17.3200307089,49.1613985451,0,0,0,12,12,4626,2455
compact51__paper_roles,2019-02-08 03:00:00,14.0496639085,40.6256819013,0,0,0,15,14,2060,595
compact51__paper_roles,2019-02-08 04:00:00,12.7723435218,36.9845225968,0,0,0,11,11,1215,242
compact51__paper_roles,2019-02-08 05:00:00,14.8458357374,37.462489864,0,0,0,13,12,2692,273
compact51__paper_roles,2019-02-08 06:00:00,17.8099809679,53.7726214551,0,0,0,12,12,4979,3569
compact51__paper_roles,2019-02-08 07:00:00,21.3354879107,47.1822853785,0,0,0,12,12,6932,1925
compact51__paper_roles,2019-02-08 08:00:00,18.86286878,42.3298040515,0,0,0,12,12,5710,863
compact51__paper_roles,2019-02-08 09:00:00,16.1434378675,47.4096603672,0,0,0,12,12,3721,1984
compact51__paper_roles,2019-02-08 10:00:00,16.1325506358,47.3258516339,0,0,0,12,12,3711,1962
compact51__paper_roles,2019-02-08 11:00:00,14.8445834553,49.5760492441,0,0,0,12,12,2690,2564
compact51__paper_roles,2019-02-08 12:00:00,15.1382168667,53.6425290502,0,0,0,12,12,2922,3549
compact51__paper_roles,2019-02-08 13:00:00,16.5791387564,130.227082239,0,0,0,12,12,4057,6805
compact51__paper_roles,2019-02-08 14:00:00,18.6136663275,181.927084097,0,0,0,12,12,5538,7362
compact51__paper_roles,2019-02-08 15:00:00,18.8498428278,156.447085416,0,0,0,12,12,5701,7129
compact51__paper_roles,2019-02-08 16:00:00,16.922914076,112.530108364,0,0,0,12,12,4307,6485
compact51__paper_roles,2019-02-08 17:00:00,15.2124903985,56.3444635457,0,0,0,12,12,2989,4032
compact51__paper_roles,2019-02-08 18:00:00,15.0165770835,47.0550375112,0,0,0,12,12,2832,1885
compact51__paper_roles,2019-02-08 19:00:00,15.4443159687,68.9655770418,0,0,0,12,12,3146,5098
compact51__paper_roles,2019-02-08 20:00:00,18.0283305111,136.179698946,0,0,0,12,12,5143,6883
compact51__paper_roles,2019-02-08 21:00:00,17.2903909679,84.8800777134,0,0,0,12,12,4606,5746
compact51__paper_roles,2019-02-08 22:00:00,13.8642238139,41.0297699987,0,0,0,12,12,1929,654
compact51__paper_roles,2019-02-08 23:00:00,11.2727588472,34.7328551302,0,0,0,12,12,455,122
compact51__paper_roles,2019-02-09 00:00:00,11.4824943021,31.6627988892,0,0,0,12,12,549,48
compact51__paper_roles,2019-02-09 01:00:00,12.0060855663,31.504456877,0,0,0,12,12,785,46
compact51__paper_roles,2019-02-09 02:00:00,12.2515777195,32.8368016005,0,0,0,12,12,927,74
compact51__paper_roles,2019-02-09 03:00:00,13.7538896266,63.2164440161,0,0,0,12,12,1852,4753
compact51__paper_roles,2019-02-09 04:00:00,13.7475468706,36.6682557333,0,0,0,12,12,1844,213
compact51__paper_roles,2019-02-09 05:00:00,13.1284584326,31.0059325313,0,0,0,12,12,1455,40
compact51__paper_roles,2019-02-09 06:00:00,12.9382218494,30.5932677698,0,0,0,12,12,1322,36
compact51__paper_roles,2019-02-09 07:00:00,16.1262347321,35.2715515797,0,0,0,12,12,3708,147
compact51__paper_roles,2019-02-09 08:00:00,14.8692053973,33.3601618381,0,0,0,12,12,2704,84
compact51__paper_roles,2019-02-09 09:00:00,14.1447185303,37.5559767656,0,0,0,12,12,2129,276
compact51__paper_roles,2019-02-09 10:00:00,12.6217210315,40.7470884934,0,0,0,12,12,1136,613
compact51__paper_roles,2019-02-09 11:00:00,11.4430539439,42.7206996822,0,0,0,12,12,531,933
compact51__paper_roles,2019-02-09 12:00:00,15.449335248,50.2552263259,0,0,0,12,12,3150,2738
compact51__paper_roles,2019-02-09 13:00:00,16.28052537,89.7852576731,0,0,0,12,12,3830,5901
compact51__paper_roles,2019-02-09 14:00:00,16.1295861085,70.5404382946,0,0,0,12,12,3709,5172
compact51__paper_roles,2019-02-09 15:00:00,12.6573508735,46.1363813919,0,0,0,12,12,1161,1640
compact51__paper_roles,2019-02-09 16:00:00,12.335755715,48.0938966362,0,0,0,12,12,972,2178
compact51__paper_roles,2019-02-09 17:00:00,12.4833523457,45.2925396996,0,0,0,12,12,1064,1442
compact51__paper_roles,2019-02-09 18:00:00,14.216589426,43.2055501145,0,0,0,12,12,2187,1004
compact51__paper_roles,2019-02-09 19:00:00,11.9237058138,45.677554487,0,0,0,12,12,736,1531
compact51__paper_roles,2019-02-09 20:00:00,13.9245654245,44.8449976558,0,0,0,12,12,1981,1342
compact51__paper_roles,2019-02-09 21:00:00,10.8869553441,41.087753867,0,0,0,12,12,323,667
compact51__paper_roles,2019-02-09 22:00:00,11.3953224658,43.0634712186,0,0,0,12,12,508,985
compact51__paper_roles,2019-02-09 23:00:00,12.9715157062,43.5695876938,0,0,0,12,12,1346,1074
compact51__paper_roles,2019-02-10 00:00:00,12.8009849928,38.0918298309,0,0,0,12,12,1234,317
compact51__paper_roles,2019-02-10 01:00:00,14.3202862402,37.437970118,0,0,0,12,12,2280,271
compact51__paper_roles,2019-02-10 02:00:00,13.5971070797,35.0602284019,0,0,0,12,12,1741,136
compact51__paper_roles,2019-02-10 03:00:00,12.7839161961,39.5674801579,0,0,0,12,12,1224,460
compact51__paper_roles,2019-02-10 04:00:00,14.9236268262,42.6343343172,0,0,0,12,12,2748,915
compact51__paper_roles,2019-02-10 05:00:00,13.6281114372,39.1233714339,0,0,0,12,12,1768,408
compact51__paper_roles,2019-02-10 06:00:00,12.2072767723,35.8237725172,0,0,0,12,12,896,172
compact51__paper_roles,2019-02-10 07:00:00,13.1973237012,38.428537382,0,0,0,12,12,1499,343
compact51__paper_roles,2019-02-10 08:00:00,15.1944128956,41.0716064422,0,0,0,12,12,2973,662
compact51__paper_roles,2019-02-10 09:00:00,19.0059948911,256.846806732,0,0,0,12,12,5796,7782
compact51__paper_roles,2019-02-10 10:00:00,14.6887723941,79.0780454116,0,0,0,12,12,2562,5513
compact51__paper_roles,2019-02-10 11:00:00,19.0185888797,1076.03730336,1,0,0,12,12,5805,8511
compact51__paper_roles,2019-02-10 12:00:00,21.2231350889,343.489738609,1,0,0,12,12,6888,8045
compact51__paper_roles,2019-02-10 13:00:00,18.6055779393,124.294058002,1,0,0,12,12,5532,6706
compact51__paper_roles,2019-02-10 14:00:00,18.7158187196,677.776106027,1,0,0,12,12,5611,8385
compact51__paper_roles,2019-02-10 15:00:00,21.3914459807,865.639827446,1,0,0,12,12,6959,8459
compact51__paper_roles,2019-02-10 16:00:00,22.5560832337,686.690491876,1,0,0,12,12,7370,8391
compact51__paper_roles,2019-02-10 17:00:00,20.9236884892,1518.9915277,1,0,0,12,12,6754,8575
compact51__paper_roles,2019-02-10 18:00:00,24.9254725872,972.069705386,0,0,0,12,12,7935,8489
compact51__paper_roles,2019-02-10 19:00:00,26.9276590076,9438.73080458,0,0,0,12,12,8274,8734
compact51__paper_roles,2019-02-10 20:00:00,25.5150025189,1195.06033868,0,0,0,12,12,8052,8535
compact51__paper_roles,2019-02-10 21:00:00,21.1194418973,178.260858359,0,0,0,12,12,6843,7336
compact51__paper_roles,2019-02-10 22:00:00,18.9408235801,48.3226149479,0,0,0,11,11,5751,2251
compact51__paper_roles,2019-02-10 23:00:00,20.7315869842,56.7182149574,0,0,0,12,12,6659,4095
compact51__paper_roles,2019-02-11 00:00:00,27.0055516034,111.544379345,0,0,0,12,12,8285,6463
compact51__paper_roles,2019-02-11 01:00:00,16.4443604781,55.8163767343,0,0,0,12,12,3959,3950
compact51__paper_roles,2019-02-11 02:00:00,17.66619871,132.625363524,1,0,0,12,12,4880,6840
compact51__paper_roles,2019-02-11 03:00:00,17.4504623375,252.783809977,1,0,0,12,12,4723,7769
compact51__paper_roles,2019-02-11 04:00:00,26.1809683302,583.415017729,0,0,0,12,12,8165,8325
compact51__paper_roles,2019-02-11 05:00:00,21.6551580983,44.9370884326,0,0,0,12,12,7079,1354
compact51__paper_roles,2019-02-11 06:00:00,17.2950502029,42.5352044962,0,0,0,12,12,4611,900
compact51__paper_roles,2019-02-11 07:00:00,13.7291969713,47.4649060371,0,0,0,12,12,1832,2001
compact51__paper_roles,2019-02-11 08:00:00,16.1672816684,50.7412257213,0,0,0,12,12,3742,2864
compact51__paper_roles,2019-02-11 09:00:00,15.6559059858,50.0771766283,0,0,0,12,12,3325,2687
compact51__paper_roles,2019-02-11 10:00:00,15.5486376678,48.9460732403,0,0,0,12,12,3231,2403
compact51__paper_roles,2019-02-11 11:00:00,14.6108189822,48.0832244245,0,0,0,12,12,2503,2174
compact51__paper_roles,2019-02-11 12:00:00,13.5875797858,45.1776242299,0,0,0,12,12,1733,1411
compact51__paper_roles,2019-02-11 13:00:00,15.8514368842,50.6317788836,0,0,0,12,12,3491,2828
compact51__paper_roles,2019-02-11 14:00:00,15.3968029801,48.7027279975,0,0,0,12,12,3120,2350
compact51__paper_roles,2019-02-11 15:00:00,14.3423955097,46.7782197932,0,0,0,12,12,2292,1805
compact51__paper_roles,2019-02-11 16:00:00,12.8237652667,44.9673271928,0,0,0,12,12,1252,1363
compact51__paper_roles,2019-02-11 17:00:00,15.5976615238,46.0124630723,0,0,0,12,12,3279,1616
compact51__paper_roles,2019-02-11 18:00:00,17.6275201154,48.5397809925,0,0,0,12,12,4849,2308
compact51__paper_roles,2019-02-11 19:00:00,15.1703600965,46.9356443049,0,0,0,12,12,2948,1845
compact51__paper_roles,2019-02-11 20:00:00,15.7372586151,46.7236138988,0,0,0,12,12,3398,1787
compact51__paper_roles,2019-02-11 21:00:00,14.9266565354,44.2187467765,0,0,0,12,12,2750,1208
compact51__paper_roles,2019-02-11 22:00:00,13.9790558666,43.6546008953,0,0,0,12,12,2012,1096
compact51__paper_roles,2019-02-11 23:00:00,18.8366670468,43.9578317812,0,0,0,12,12,5690,1158
compact51__paper_roles,2019-02-12 00:00:00,23.0481884248,55.0060991393,0,0,0,12,12,7507,3793
compact51__paper_roles,2019-02-12 01:00:00,13.6829457241,45.7119223729,0,0,0,12,12,1804,1540
compact51__paper_roles,2019-02-12 02:00:00,15.4481447152,347.462459523,0,0,0,12,12,3148,8056
compact51__paper_roles,2019-02-12 03:00:00,15.3227198361,51.6540948418,0,0,0,12,12,3078,3078
compact51__paper_roles,2019-02-12 04:00:00,15.6674490707,44.9807804975,0,0,0,12,12,3336,1365
compact51__paper_roles,2019-02-12 05:00:00,22.1774098464,175.139931502,1,0,0,12,12,7247,7312
compact51__paper_roles,2019-02-12 06:00:00,22.3246745932,165.695950026,1,0,0,12,12,7302,7226
compact51__paper_roles,2019-02-12 07:00:00,17.7884158651,53.1731690763,0,0,0,12,12,4965,3450
compact51__paper_roles,2019-02-12 08:00:00,13.9183655457,50.5035710876,0,0,0,12,12,1977,2801
compact51__paper_roles,2019-02-12 09:00:00,13.1351510721,48.3715196715,0,0,0,12,12,1459,2267
compact51__paper_roles,2019-02-12 10:00:00,13.2642946422,46.0332444948,0,0,0,12,12,1539,1619
compact51__paper_roles,2019-02-12 11:00:00,13.0956824542,47.4346863817,0,0,0,11,11,1427,1994
compact51__paper_roles,2019-02-12 12:00:00,13.3913831057,48.4211569992,0,0,0,13,12,1612,2282
compact51__paper_roles,2019-02-12 13:00:00,14.7039839724,44.7182379685,0,0,0,12,12,2574,1304
compact51__paper_roles,2019-02-12 14:00:00,13.7999526208,45.0269121066,0,0,0,12,12,1889,1375
compact51__paper_roles,2019-02-12 15:00:00,12.5588331773,42.9421011078,0,0,0,12,12,1109,960
compact51__paper_roles,2019-02-12 16:00:00,18.3052223089,42.9665377207,0,0,0,12,12,5321,968
compact51__paper_roles,2019-02-12 17:00:00,21.3528441928,102.67287381,1,0,0,12,12,6943,6276
compact51__paper_roles,2019-02-12 18:00:00,18.3168049766,51.0092734027,0,0,0,12,12,5327,2932
compact51__paper_roles,2019-02-12 19:00:00,12.8052657538,45.6769780602,0,0,0,12,12,1239,1530
compact51__paper_roles,2019-02-12 20:00:00,10.6179377559,41.7142493069,0,0,0,12,12,257,764
compact51__paper_roles,2019-02-12 21:00:00,10.72064421,44.0010203493,0,0,0,12,12,285,1162
compact51__paper_roles,2019-02-12 22:00:00,11.311649693,40.3204259494,0,0,0,12,12,469,552
compact51__paper_roles,2019-02-12 23:00:00,11.7802913718,301.23584499,0,0,0,12,12,655,7928
compact51__paper_roles,2019-02-13 00:00:00,16.0681638382,8629.95511515,0,0,0,12,12,3658,8732
compact51__paper_roles,2019-02-13 01:00:00,15.8548092581,426.65048685,0,0,0,12,12,3493,8164
compact51__paper_roles,2019-02-13 02:00:00,16.853002174,475.428213662,0,0,0,12,12,4263,8223
compact51__paper_roles,2019-02-13 03:00:00,17.3204457032,466.585690986,0,0,0,12,12,4627,8212
compact51__paper_roles,2019-02-13 04:00:00,17.9931775781,960.785647741,1,0,0,12,12,5128,8484
compact51__paper_roles,2019-02-13 05:00:00,16.953082547,70.7271436415,0,0,0,12,12,4329,5180
compact51__paper_roles,2019-02-13 06:00:00,16.5706847577,195.150227845,0,0,0,12,12,4049,7451
compact51__paper_roles,2019-02-13 07:00:00,15.421753472,190.052984362,0,0,0,12,12,3138,7412
compact51__paper_roles,2019-02-13 08:00:00,16.4060051334,70.869855846,0,0,0,12,12,3917,5184
compact51__paper_roles,2019-02-13 09:00:00,13.3924636867,48.9925824106,0,0,0,12,12,1614,2416
compact51__paper_roles,2019-02-13 10:00:00,15.9042394938,118.58027786,0,0,0,12,12,3537,6587
compact51__paper_roles,2019-02-13 11:00:00,15.6736335056,81.5506951211,0,0,0,10,10,3340,5625
compact51__paper_roles,2019-02-13 12:00:00,14.723216459,74.9953223553,0,0,0,12,12,2590,5354
compact51__paper_roles,2019-02-13 13:00:00,13.5893782586,67.6158002968,0,0,0,12,12,1734,5040
compact51__paper_roles,2019-02-13 14:00:00,12.6775933268,53.5193192797,0,0,0,10,10,1172,3528
compact51__paper_roles,2019-02-13 15:00:00,11.9204626078,44.3799459514,0,0,0,12,12,731,1239
compact51__paper_roles,2019-02-13 16:00:00,12.9839992361,45.8939240926,0,0,0,12,12,1358,1584
compact51__paper_roles,2019-02-13 17:00:00,14.153081533,54.2965929465,0,0,0,12,12,2137,3667
compact51__paper_roles,2019-02-13 18:00:00,12.7017536374,45.4436894591,0,0,0,12,12,1180,1482
compact51__paper_roles,2019-02-13 19:00:00,13.9286606975,49.7330690108,0,0,0,12,12,1985,2598
compact51__paper_roles,2019-02-13 20:00:00,11.9231936578,44.2704137816,0,0,0,13,12,733,1220
compact51__paper_roles,2019-02-13 21:00:00,10.1123082015,52.1023167561,0,0,0,12,12,155,3186
compact51__paper_roles,2019-02-13 22:00:00,13.7604484376,46.7219353599,0,0,0,12,12,1861,1785
compact51__paper_roles,2019-02-13 23:00:00,13.7535314085,56.4879752083,0,0,0,12,12,1851,4059
compact51__paper_roles,2019-02-14 00:00:00,11.6293891526,137.169028845,0,0,0,12,12,606,6898
compact51__paper_roles,2019-02-14 01:00:00,10.7138763659,78.4383965124,0,0,0,12,12,283,5490
compact51__paper_roles,2019-02-14 02:00:00,10.9258176304,81.765751695,0,0,0,12,12,336,5630
compact51__paper_roles,2019-02-14 03:00:00,11.9678557593,96.4098443041,0,0,0,12,12,762,6122
compact51__paper_roles,2019-02-14 04:00:00,14.5140587138,3854.57307445,0,0,0,12,12,2428,8687
compact51__paper_roles,2019-02-14 05:00:00,12.2281904973,1335.24127694,1,0,0,12,12,917,8548
compact51__paper_roles,2019-02-14 06:00:00,15.429073173,126.649970491,0,0,0,12,12,3141,6747
compact51__paper_roles,2019-02-14 07:00:00,15.576510999,1715.44831735,0,0,0,12,12,3261,8590
compact51__paper_roles,2019-02-14 08:00:00,16.8318092837,222.672056661,1,0,0,12,12,4246,7615
compact51__paper_roles,2019-02-14 09:00:00,15.9916185432,5002.51089602,1,0,0,12,12,3599,8710
compact51__paper_roles,2019-02-14 10:00:00,13.2914014149,79.1122932527,0,0,0,12,12,1555,5515
compact51__paper_roles,2019-02-14 11:00:00,12.7325410408,88.4607567531,0,0,0,12,12,1192,5854
compact51__paper_roles,2019-02-14 12:00:00,13.9016126744,123.095549393,0,0,0,12,12,1956,6684
compact51__paper_roles,2019-02-14 13:00:00,16.6750715472,1422.5875468,0,0,0,12,12,4134,8566
compact51__paper_roles,2019-02-14 14:00:00,16.2729659542,1741.34513447,0,0,0,12,12,3827,8591
compact51__paper_roles,2019-02-14 15:00:00,14.382746411,346.013079839,0,0,0,12,12,2325,8051
compact51__paper_roles,2019-02-14 16:00:00,16.1477554933,165.595835489,0,0,0,12,12,3727,7225
compact51__paper_roles,2019-02-14 17:00:00,15.423548371,51.7173595193,0,0,0,12,12,3140,3098
compact51__paper_roles,2019-02-14 18:00:00,15.8695732672,49.790055873,0,0,0,12,12,3510,2614
compact51__paper_roles,2019-02-14 19:00:00,18.0744937988,56.8665901954,0,0,0,12,12,5171,4121
compact51__paper_roles,2019-02-14 20:00:00,19.2760157144,100.538557159,0,0,0,12,12,5970,6224
compact51__paper_roles,2019-02-14 21:00:00,16.4493453008,50.3015821111,0,0,0,12,12,3969,2750
compact51__paper_roles,2019-02-14 22:00:00,14.8712610568,42.0264531035,0,0,0,12,12,2707,804
compact51__paper_roles,2019-02-14 23:00:00,18.2601645096,469.18030038,0,0,0,13,12,5297,8214
compact51__paper_roles,2019-02-15 00:00:00,19.8090286752,253.734658648,0,0,0,12,12,6256,7773
compact51__paper_roles,2019-02-15 01:00:00,18.2120274405,479.004925513,0,0,0,12,12,5265,8225
compact51__paper_roles,2019-02-15 02:00:00,15.990694831,223.076965115,0,0,0,12,12,3598,7617
compact51__paper_roles,2019-02-15 03:00:00,20.6078869545,135.834155563,0,0,0,12,12,6608,6882
compact51__paper_roles,2019-02-15 04:00:00,25.1876633722,387.35667845,0,0,0,12,12,7992,8121
compact51__paper_roles,2019-02-15 05:00:00,26.5454088158,2349.66673758,0,0,0,12,12,8222,8645
compact51__paper_roles,2019-02-15 06:00:00,22.6144986431,9944.27615706,0,0,0,12,12,7393,8736
compact51__paper_roles,2019-02-15 07:00:00,19.7487776793,150.089992152,0,0,0,12,12,6226,7055
compact51__paper_roles,2019-02-15 08:00:00,14.9177270269,53.5678380141,0,0,0,12,12,2744,3537
compact51__paper_roles,2019-02-15 09:00:00,14.357469333,46.4386023507,0,0,0,12,12,2306,1705
compact51__paper_roles,2019-02-15 10:00:00,14.8831881445,64.5099192906,0,0,0,12,12,2722,4849
compact51__paper_roles,2019-02-15 11:00:00,15.846200203,101.287289286,0,0,0,12,12,3485,6244
compact51__paper_roles,2019-02-15 12:00:00,14.7607159349,100.116978953,0,0,0,12,12,2621,6213
compact51__paper_roles,2019-02-15 13:00:00,15.6736410075,128.04944599,0,0,0,12,12,3341,6770
compact51__paper_roles,2019-02-15 14:00:00,18.2997670552,145.941709111,0,0,0,12,12,5318,7006
compact51__paper_roles,2019-02-15 15:00:00,19.5515714464,172.782043483,0,0,0,12,12,6124,7292
compact51__paper_roles,2019-02-15 16:00:00,18.0612096017,149.612508128,0,0,0,12,12,5160,7048
compact51__paper_roles,2019-02-15 17:00:00,17.9259990199,82.5798349513,0,0,0,11,11,5065,5651
compact51__paper_roles,2019-02-15 18:00:00,17.6315324263,53.0389415135,0,0,0,12,12,4852,3414
compact51__paper_roles,2019-02-15 19:00:00,17.747040558,72.8197502037,0,0,0,12,12,4936,5253
compact51__paper_roles,2019-02-15 20:00:00,17.2441848962,65.7844994725,0,0,0,12,12,4568,4940
compact51__paper_roles,2019-02-15 21:00:00,18.3544338002,152.476513423,0,0,0,12,12,5358,7083
compact51__paper_roles,2019-02-15 22:00:00,24.7034648165,167.152478875,0,0,0,12,12,7889,7244
compact51__paper_roles,2019-02-15 23:00:00,23.5636217229,301.595551501,0,0,0,13,13,7640,7929
compact51__paper_roles,2019-02-16 00:00:00,18.5406151919,91.4580559786,0,0,0,12,12,5478,5950
compact51__paper_roles,2019-02-16 01:00:00,23.7330932906,190.323785428,0,0,0,12,12,7687,7414
compact51__paper_roles,2019-02-16 02:00:00,20.7644222166,99.8429277923,0,0,0,12,12,6675,6205
compact51__paper_roles,2019-02-16 03:00:00,22.2636595548,65.7674650069,0,0,0,12,12,7276,4939
compact51__paper_roles,2019-02-16 04:00:00,22.9592227668,81.9045315213,0,0,0,12,12,7482,5632
compact51__paper_roles,2019-02-16 05:00:00,20.790125946,132.431314285,0,0,0,12,12,6684,6835
compact51__paper_roles,2019-02-16 06:00:00,18.6926073376,110.896169113,0,0,0,12,12,5598,6451
compact51__paper_roles,2019-02-16 07:00:00,19.5272973823,136.562883222,0,0,0,12,12,6114,6886
compact51__paper_roles,2019-02-16 08:00:00,14.2728718617,39.5305025278,0,0,0,12,12,2231,456
compact51__paper_roles,2019-02-16 09:00:00,15.6429872456,47.3167246393,0,0,0,12,12,3311,1960
compact51__paper_roles,2019-02-16 10:00:00,16.614927538,115.174156618,0,0,0,12,12,4082,6532
compact51__paper_roles,2019-02-16 11:00:00,17.472356665,203.198559841,0,0,0,12,12,4737,7508
compact51__paper_roles,2019-02-16 12:00:00,17.3583644605,171.201572479,0,0,0,12,12,4650,7278
compact51__paper_roles,2019-02-16 13:00:00,16.5908223186,109.814647042,0,0,0,12,12,4064,6431
compact51__paper_roles,2019-02-16 14:00:00,16.8702641447,127.82158881,0,0,0,12,12,4277,6768
compact51__paper_roles,2019-02-16 15:00:00,18.8093353415,154.275966195,0,0,0,12,12,5670,7109
compact51__paper_roles,2019-02-16 16:00:00,17.8054606075,68.0180437194,0,0,0,12,12,4975,5060
compact51__paper_roles,2019-02-16 17:00:00,15.8204718031,41.7050547726,0,0,0,12,12,3458,762
compact51__paper_roles,2019-02-16 18:00:00,16.4469899648,46.9959843434,0,0,0,12,12,3962,1870
compact51__paper_roles,2019-02-16 19:00:00,19.5819105177,62.0243368115,0,0,0,12,12,6142,4665
compact51__paper_roles,2019-02-16 20:00:00,19.0364238816,52.8616308137,0,0,0,12,12,5821,3369
compact51__paper_roles,2019-02-16 21:00:00,18.1387636929,59.6621814817,0,0,0,12,12,5224,4447
compact51__paper_roles,2019-02-16 22:00:00,15.9715204365,126.789787757,0,0,0,12,12,3586,6753
compact51__paper_roles,2019-02-16 23:00:00,19.512108396,495.630206013,1,0,0,12,12,6102,8247
compact51__paper_roles,2019-02-17 00:00:00,21.3160876004,118.465392755,1,0,0,12,12,6925,6585
compact51__paper_roles,2019-02-17 01:00:00,14.2437380987,175.897297689,0,0,0,12,12,2206,7318
compact51__paper_roles,2019-02-17 02:00:00,14.0681173036,137.045852519,0,0,0,12,12,2070,6895
compact51__paper_roles,2019-02-17 03:00:00,14.0386314413,150.783008674,0,0,0,12,12,2046,7065
compact51__paper_roles,2019-02-17 04:00:00,22.1331820914,104.107283725,1,0,0,12,12,7232,6320
compact51__paper_roles,2019-02-17 05:00:00,16.1916918843,41.9526730662,0,0,0,12,12,3765,798
compact51__paper_roles,2019-02-17 06:00:00,13.188048616,42.0573292546,0,0,0,12,12,1490,809
compact51__paper_roles,2019-02-17 07:00:00,14.5428987516,41.3968152662,0,0,0,12,12,2448,712
compact51__paper_roles,2019-02-17 08:00:00,13.5811673129,42.1088092055,0,0,0,12,12,1728,819
compact51__paper_roles,2019-02-17 09:00:00,16.6214453129,106.102678708,0,0,0,12,12,4088,6359
compact51__paper_roles,2019-02-17 10:00:00,17.6317907424,167.009609183,0,0,0,12,12,4853,7242
compact51__paper_roles,2019-02-17 11:00:00,17.1859539145,128.899212102,0,0,0,12,12,4513,6785
compact51__paper_roles,2019-02-17 12:00:00,18.2229620374,135.460020959,0,0,0,12,12,5275,6875
compact51__paper_roles,2019-02-17 13:00:00,19.8956632147,95.9312920154,0,0,0,13,12,6302,6107
compact51__paper_roles,2019-02-17 14:00:00,17.1280018591,63.4758127785,0,0,0,12,12,4458,4771
compact51__paper_roles,2019-02-17 15:00:00,15.9593241506,78.5690576045,0,0,0,12,12,3576,5493
compact51__paper_roles,2019-02-17 16:00:00,15.7795227116,65.5758140622,0,0,0,12,12,3431,4924
compact51__paper_roles,2019-02-17 17:00:00,13.4910110545,47.2466896422,0,0,0,12,12,1675,1941
compact51__paper_roles,2019-02-17 18:00:00,14.4026301428,43.1955852019,0,0,0,12,12,2338,1002
compact51__paper_roles,2019-02-17 19:00:00,14.355558979,47.1039717013,0,0,0,12,12,2305,1904
compact51__paper_roles,2019-02-17 20:00:00,18.3289015755,93.9986558645,0,0,0,12,12,5337,6041
compact51__paper_roles,2019-02-17 21:00:00,15.3240153329,51.6898380666,0,0,0,12,12,3080,3088
compact51__paper_roles,2019-02-17 22:00:00,21.0527165206,100.504543037,0,0,0,12,12,6807,6221
compact51__paper_roles,2019-02-17 23:00:00,21.2139855584,1403.96635558,0,0,0,12,12,6885,8560
compact51__paper_roles,2019-02-18 00:00:00,29.6051854171,139.187556817,1,0,0,12,12,8489,6924
compact51__paper_roles,2019-02-18 01:00:00,24.18318676,184.050490465,1,0,0,12,12,7782,7373
compact51__paper_roles,2019-02-18 02:00:00,19.0207832743,818.255008299,1,0,0,12,12,5806,8439
compact51__paper_roles,2019-02-18 03:00:00,24.0353957768,572.621397458,1,0,0,12,12,7751,8318
compact51__paper_roles,2019-02-18 04:00:00,22.2745248462,763.673917213,0,0,0,12,12,7279,8424
compact51__paper_roles,2019-02-18 05:00:00,25.6627411239,529.279241649,1,0,0,12,12,8074,8282
compact51__paper_roles,2019-02-18 06:00:00,25.8199710631,257.691612697,1,0,0,12,12,8104,7788
compact51__paper_roles,2019-02-18 07:00:00,28.8882953935,529.319820675,0,0,0,12,12,8442,8283
compact51__paper_roles,2019-02-18 08:00:00,21.0932832928,6188.31448478,0,0,0,12,12,6831,8722
compact51__paper_roles,2019-02-18 09:00:00,19.0781951726,247.153334244,0,0,0,12,12,5855,7747
compact51__paper_roles,2019-02-18 10:00:00,18.9930891459,121.485088867,0,0,0,12,12,5792,6654
compact51__paper_roles,2019-02-18 11:00:00,14.8919662474,51.1576713974,0,0,0,12,12,2727,2962
compact51__paper_roles,2019-02-18 12:00:00,14.2933693527,49.909184061,0,0,0,12,12,2255,2644
compact51__paper_roles,2019-02-18 13:00:00,12.9240250518,49.4478962645,0,0,0,12,12,1311,2526
compact51__paper_roles,2019-02-18 14:00:00,12.6421487035,48.8486770924,0,0,0,12,12,1152,2377
compact51__paper_roles,2019-02-18 15:00:00,13.043902834,48.8878014775,0,0,0,12,12,1395,2386
compact51__paper_roles,2019-02-18 16:00:00,12.2821075448,46.8765937254,0,0,0,12,12,947,1825
compact51__paper_roles,2019-02-18 17:00:00,14.2540040274,48.3239193967,0,0,0,12,12,2215,2253
compact51__paper_roles,2019-02-18 18:00:00,14.7778425127,50.1806301813,0,0,0,12,12,2639,2720
compact51__paper_roles,2019-02-18 19:00:00,13.5100659726,47.6987570548,0,0,0,12,12,1683,2053
compact51__paper_roles,2019-02-18 20:00:00,14.1548185557,48.6471929053,0,0,0,12,12,2139,2334
compact51__paper_roles,2019-02-18 21:00:00,14.366581954,47.7691435093,0,0,0,12,12,2311,2075
compact51__paper_roles,2019-02-18 22:00:00,14.2082939446,47.6323536694,0,0,0,12,12,2183,2047
compact51__paper_roles,2019-02-18 23:00:00,16.346581007,71.1419985575,0,0,0,12,12,3885,5192
compact51__paper_roles,2019-02-19 00:00:00,19.5912466558,48.6994237001,0,0,0,12,12,6146,2348
compact51__paper_roles,2019-02-19 01:00:00,13.3225182462,42.7920442671,0,0,0,12,12,1574,939
compact51__paper_roles,2019-02-19 02:00:00,11.9091195697,39.2243461137,0,0,0,12,12,724,416
compact51__paper_roles,2019-02-19 03:00:00,12.2484454071,38.8349937072,0,0,0,12,12,926,382
compact51__paper_roles,2019-02-19 04:00:00,19.0239209974,46.9186503099,0,0,0,12,12,5810,1840
compact51__paper_roles,2019-02-19 05:00:00,16.1355972531,43.8566693318,0,0,0,12,12,3714,1135
compact51__paper_roles,2019-02-19 06:00:00,13.9449728495,43.2484320116,0,0,0,12,12,1992,1012
compact51__paper_roles,2019-02-19 07:00:00,21.7572431954,343.473215596,0,0,0,12,12,7107,8044
compact51__paper_roles,2019-02-19 08:00:00,14.7737952005,161.43576544,0,0,0,12,12,2632,7186
compact51__paper_roles,2019-02-19 09:00:00,11.0569715316,45.3606108961,0,0,0,12,12,373,1458
compact51__paper_roles,2019-02-19 10:00:00,11.48019379,47.3266969415,0,0,0,12,12,547,1963
compact51__paper_roles,2019-02-19 11:00:00,10.1021422549,47.2859421175,0,0,0,12,12,154,1954
compact51__paper_roles,2019-02-19 12:00:00,12.7815552509,61.6578754963,0,0,0,12,12,1220,4636
compact51__paper_roles,2019-02-19 13:00:00,12.4653837225,56.8917652828,0,0,0,12,12,1048,4124
compact51__paper_roles,2019-02-19 14:00:00,13.9154068313,84.8033346181,0,0,0,12,12,1973,5743
compact51__paper_roles,2019-02-19 15:00:00,11.194359459,46.3876396175,0,0,0,12,12,425,1690
compact51__paper_roles,2019-02-19 16:00:00,10.2344806027,47.3856427964,0,0,0,12,12,180,1982
compact51__paper_roles,2019-02-19 17:00:00,11.221639453,49.3047270834,0,0,0,12,12,439,2486
compact51__paper_roles,2019-02-19 18:00:00,11.621928396,52.4745652527,0,0,0,12,12,600,3271
compact51__paper_roles,2019-02-19 19:00:00,12.2102203405,49.3997573648,0,0,0,12,12,899,2516
compact51__paper_roles,2019-02-19 20:00:00,9.95946833723,48.8662479359,0,0,0,12,12,131,2382
compact51__paper_roles,2019-02-19 21:00:00,9.60137161365,48.5535177322,0,0,0,12,12,75,2313
compact51__paper_roles,2019-02-19 22:00:00,12.1938886426,45.5403373244,0,0,0,12,12,887,1500
compact51__paper_roles,2019-02-19 23:00:00,13.226775033,63.6543787303,0,0,0,12,12,1515,4781
compact51__paper_roles,2019-02-20 00:00:00,18.0249881106,46.0782571372,0,0,0,12,12,5139,1628
compact51__paper_roles,2019-02-20 01:00:00,14.399876983,48.4627954674,0,0,0,12,12,2336,2291
compact51__paper_roles,2019-02-20 02:00:00,13.9860149349,37.5106482282,0,0,0,12,12,2016,274
compact51__paper_roles,2019-02-20 03:00:00,14.4959229817,68.2211429788,0,0,0,12,12,2411,5066
compact51__paper_roles,2019-02-20 04:00:00,19.1116176487,95.4877931556,0,0,0,12,12,5872,6085
compact51__paper_roles,2019-02-20 05:00:00,19.4647334798,430.087920563,0,0,0,12,12,6064,8168
compact51__paper_roles,2019-02-20 06:00:00,12.5942757227,40.370081021,0,0,0,12,12,1127,555
compact51__paper_roles,2019-02-20 07:00:00,16.6468782624,50.2340199523,0,0,0,12,12,4114,2734
compact51__paper_roles,2019-02-20 08:00:00,14.2418354109,49.1798459776,0,0,0,12,12,2205,2460
compact51__paper_roles,2019-02-20 09:00:00,12.419233843,46.475072621,0,0,0,12,12,1020,1714
compact51__paper_roles,2019-02-20 10:00:00,15.7628280381,43.5940850491,0,0,0,12,12,3416,1079
compact51__paper_roles,2019-02-20 11:00:00,15.2154814881,43.6258544516,0,0,0,12,12,2995,1088
compact51__paper_roles,2019-02-20 12:00:00,17.3618568163,42.998734013,0,0,0,12,12,4651,973
compact51__paper_roles,2019-02-20 13:00:00,14.6972467913,45.2980846735,0,0,0,12,12,2570,1443
compact51__paper_roles,2019-02-20 14:00:00,13.4840012218,44.783412438,0,0,0,12,12,1671,1325
compact51__paper_roles,2019-02-20 15:00:00,14.4926238249,43.7345278657,0,0,0,12,12,2408,1109
compact51__paper_roles,2019-02-20 16:00:00,14.9650349594,44.6876857603,0,0,0,12,12,2782,1298
compact51__paper_roles,2019-02-20 17:00:00,17.3810734931,50.7986857052,0,0,0,12,12,4670,2878
compact51__paper_roles,2019-02-20 18:00:00,18.1026614879,50.7564193645,0,0,0,12,12,5193,2866
compact51__paper_roles,2019-02-20 19:00:00,18.4030717691,58.4094819023,0,0,0,12,12,5399,4303
compact51__paper_roles,2019-02-20 20:00:00,18.1423150554,60.5991493074,0,0,0,12,12,5226,4535
compact51__paper_roles,2019-02-20 21:00:00,17.1615938603,43.5812710514,0,0,0,12,12,4488,1075
compact51__paper_roles,2019-02-20 22:00:00,24.9680023412,56.557948644,0,0,0,12,12,7949,4070
compact51__paper_roles,2019-02-20 23:00:00,16.2266210648,48.1873006121,0,0,0,12,12,3793,2198
compact51__paper_roles,2019-02-21 00:00:00,25.4714507062,85.151181364,0,0,0,12,12,8048,5754
compact51__paper_roles,2019-02-21 01:00:00,18.3350381676,45.8956299727,0,0,0,12,12,5341,1585
compact51__paper_roles,2019-02-21 02:00:00,25.3000243491,85.7822041883,0,0,0,12,12,8022,5782
compact51__paper_roles,2019-02-21 03:00:00,22.5718451479,72.1406179424,0,0,0,12,12,7380,5236
compact51__paper_roles,2019-02-21 04:00:00,27.9429537496,99.5324516181,0,0,0,13,13,8385,6196
compact51__paper_roles,2019-02-21 05:00:00,22.7519522464,87.338378744,0,0,0,12,12,7430,5819
compact51__paper_roles,2019-02-21 06:00:00,17.675553114,47.9975284905,0,0,0,12,12,4888,2141
compact51__paper_roles,2019-02-21 07:00:00,21.2366736686,130.940259131,0,0,0,12,12,6894,6813
compact51__paper_roles,2019-02-21 08:00:00,22.1114539179,84.7675414984,0,0,0,11,11,7227,5741
compact51__paper_roles,2019-02-21 09:00:00,15.4558340109,46.6306819997,0,0,0,12,12,3155,1761
compact51__paper_roles,2019-02-21 10:00:00,14.7927771222,44.5072064972,0,0,0,12,12,2647,1268
compact51__paper_roles,2019-02-21 11:00:00,13.8067309843,44.6431806769,0,0,0,12,12,1892,1289
compact51__paper_roles,2019-02-21 12:00:00,10.6527244345,43.0565929588,0,0,0,12,12,265,984
compact51__paper_roles,2019-02-21 13:00:00,12.14301665,45.6559456412,0,0,0,12,12,855,1523
compact51__paper_roles,2019-02-21 14:00:00,13.1043040339,48.4428158576,0,0,0,12,12,1438,2287
compact51__paper_roles,2019-02-21 15:00:00,11.0115185343,43.853144967,0,0,0,12,12,356,1134
compact51__paper_roles,2019-02-21 16:00:00,9.45286221705,41.988021467,0,0,0,12,12,61,801
compact51__paper_roles,2019-02-21 17:00:00,10.8873040666,39.9462371157,0,0,0,12,12,324,504
compact51__paper_roles,2019-02-21 18:00:00,12.588717608,41.4401706864,0,0,0,12,12,1122,719
compact51__paper_roles,2019-02-21 19:00:00,12.1140279878,40.4659846066,0,0,0,12,12,839,575
compact51__paper_roles,2019-02-21 20:00:00,10.6730823899,42.5233921217,0,0,0,12,12,269,898
compact51__paper_roles,2019-02-21 21:00:00,14.4963055777,42.8268446763,0,0,0,12,12,2412,947
compact51__paper_roles,2019-02-21 22:00:00,16.9624351261,87.2243444841,0,0,0,11,11,4340,5815
compact51__paper_roles,2019-02-21 23:00:00,27.0738102025,67.3493316906,0,0,0,12,12,8292,5021
compact51__paper_roles,2019-02-22 00:00:00,13.5227153324,39.1497711626,0,0,0,12,12,1691,409
compact51__paper_roles,2019-02-22 01:00:00,14.7248051191,36.8396859466,0,0,0,12,12,2591,230
compact51__paper_roles,2019-02-22 02:00:00,17.3746855359,38.4217517826,0,0,0,12,12,4663,341
compact51__paper_roles,2019-02-22 03:00:00,22.3441059586,44.4526971258,0,0,0,12,12,7309,1261
compact51__paper_roles,2019-02-22 04:00:00,17.6266698064,41.2830316853,0,0,0,12,12,4847,696
compact51__paper_roles,2019-02-22 05:00:00,15.3377407321,40.4197746852,0,0,0,12,12,3090,567
compact51__paper_roles,2019-02-22 06:00:00,17.6670703527,45.7148898045,0,0,0,12,12,4881,1541
compact51__paper_roles,2019-02-22 07:00:00,16.2847859785,49.5161432987,0,0,0,12,12,3835,2547
compact51__paper_roles,2019-02-22 08:00:00,11.9631235285,47.5909599892,0,0,0,12,12,757,2035
compact51__paper_roles,2019-02-22 09:00:00,11.83469311,46.6519387922,0,0,0,12,12,692,1768
compact51__paper_roles,2019-02-22 10:00:00,13.1694049956,53.0051336188,0,0,0,13,13,1480,3402
compact51__paper_roles,2019-02-22 11:00:00,15.793561504,61.4733218866,0,0,0,12,12,3441,4621
compact51__paper_roles,2019-02-22 12:00:00,11.2045291662,47.4531367194,0,0,0,12,12,432,1998
compact51__paper_roles,2019-02-22 13:00:00,10.8972267375,49.1587727286,0,0,0,12,12,328,2454
compact51__paper_roles,2019-02-22 14:00:00,11.3904263125,50.2950617127,0,0,0,12,12,503,2749
compact51__paper_roles,2019-02-22 15:00:00,11.6812521767,46.5463219175,0,0,0,12,12,628,1733
compact51__paper_roles,2019-02-22 16:00:00,11.8691295668,46.049799131,0,0,0,12,12,703,1622
compact51__paper_roles,2019-02-22 17:00:00,13.0419498175,47.9461206215,0,0,0,12,12,1394,2119
compact51__paper_roles,2019-02-22 18:00:00,14.2983631053,52.2996929526,0,0,0,12,12,2261,3239
compact51__paper_roles,2019-02-22 19:00:00,14.5287205913,54.0087027296,0,0,0,12,12,2439,3611
compact51__paper_roles,2019-02-22 20:00:00,14.2786573134,52.6799443309,0,0,0,12,12,2237,3328
compact51__paper_roles,2019-02-22 21:00:00,14.8100212702,60.7198370388,0,0,0,12,12,2663,4552
compact51__paper_roles,2019-02-22 22:00:00,15.1352196935,48.864994793,0,0,0,12,12,2919,2380
compact51__paper_roles,2019-02-22 23:00:00,12.2647586142,45.595924628,0,0,0,12,12,937,1506
compact51__paper_roles,2019-02-23 00:00:00,21.2345838676,51.0480597702,0,0,0,12,12,6893,2941
compact51__paper_roles,2019-02-23 01:00:00,14.6206098964,39.7591422358,0,0,0,12,12,2514,478
compact51__paper_roles,2019-02-23 02:00:00,14.6345709293,40.663446509,0,0,0,12,12,2526,602
compact51__paper_roles,2019-02-23 03:00:00,15.0409646613,51.9828717381,0,0,0,12,12,2854,3160
compact51__paper_roles,2019-02-23 04:00:00,18.5440719788,47.780057474,0,0,0,12,12,5484,2078
compact51__paper_roles,2019-02-23 05:00:00,21.358414993,49.8327454169,0,0,0,12,12,6945,2624
compact51__paper_roles,2019-02-23 06:00:00,18.6815690607,119.787129303,0,0,0,12,12,5586,6605
compact51__paper_roles,2019-02-23 07:00:00,18.9879216351,152.041009994,0,0,0,12,12,5786,7075
compact51__paper_roles,2019-02-23 08:00:00,17.4028011998,96.3257935729,0,0,0,12,12,4684,6118
compact51__paper_roles,2019-02-23 09:00:00,17.4024270496,59.2761216664,0,0,0,12,12,4683,4408
compact51__paper_roles,2019-02-23 10:00:00,18.5490855883,86.7894880272,0,0,0,12,12,5488,5808
compact51__paper_roles,2019-02-23 11:00:00,16.7386053524,78.3733266441,0,0,0,12,12,4180,5487
compact51__paper_roles,2019-02-23 12:00:00,16.5424018341,50.5342238553,0,0,0,12,12,4032,2810
compact51__paper_roles,2019-02-23 13:00:00,15.3492920221,48.2663604001,0,0,0,12,12,3096,2222
compact51__paper_roles,2019-02-23 14:00:00,16.268914876,49.338899563,0,0,0,12,12,3824,2496
compact51__paper_roles,2019-02-23 15:00:00,15.8417737428,49.391563216,0,0,0,12,12,3481,2510
compact51__paper_roles,2019-02-23 16:00:00,14.6674922633,47.9010371263,0,0,0,12,12,2547,2110
compact51__paper_roles,2019-02-23 17:00:00,16.7004826696,47.5326724629,0,0,0,12,12,4152,2022
compact51__paper_roles,2019-02-23 18:00:00,14.295030158,43.105402382,0,0,0,12,12,2258,992
compact51__paper_roles,2019-02-23 19:00:00,18.2559450371,67.3986958351,0,0,0,11,11,5292,5028
compact51__paper_roles,2019-02-23 20:00:00,16.0235829725,50.0907698857,0,0,0,12,12,3630,2694
compact51__paper_roles,2019-02-23 21:00:00,17.9545940935,51.4663669002,0,0,0,12,12,5097,3041
compact51__paper_roles,2019-02-23 22:00:00,14.0717283756,45.9306904225,0,0,0,12,12,2072,1596
compact51__paper_roles,2019-02-23 23:00:00,17.3450115037,46.1573198005,0,0,0,12,12,4643,1644
compact51__paper_roles,2019-02-24 00:00:00,17.952025206,46.5833189151,0,0,0,12,12,5092,1748
compact51__paper_roles,2019-02-24 01:00:00,19.2525391863,45.9290286319,0,0,0,12,12,5956,1594
compact51__paper_roles,2019-02-24 02:00:00,17.8347492048,46.1898360043,0,0,0,12,12,4999,1649
compact51__paper_roles,2019-02-24 03:00:00,19.7626021753,45.4227015289,0,0,0,12,12,6231,1475
compact51__paper_roles,2019-02-24 04:00:00,19.8812738301,48.8417766525,0,0,0,12,12,6292,2375
compact51__paper_roles,2019-02-24 05:00:00,20.5579021461,67.9935119259,0,0,0,12,12,6591,5058
compact51__paper_roles,2019-02-24 06:00:00,18.1897545839,48.3814138302,0,0,0,12,12,5251,2275
compact51__paper_roles,2019-02-24 07:00:00,17.4491842388,45.947481371,0,0,0,12,12,4722,1602
compact51__paper_roles,2019-02-24 08:00:00,15.9429224514,40.7233188349,0,0,0,12,12,3564,610
compact51__paper_roles,2019-02-24 09:00:00,13.0585460095,39.790788716,0,0,0,12,12,1407,486
compact51__paper_roles,2019-02-24 10:00:00,13.3149065387,40.7497435037,0,0,0,12,12,1570,614
compact51__paper_roles,2019-02-24 11:00:00,15.4860127774,44.1709139178,0,0,0,12,12,3174,1201
compact51__paper_roles,2019-02-24 12:00:00,16.6502852192,42.9655902896,0,0,0,12,12,4116,967
compact51__paper_roles,2019-02-24 13:00:00,15.8617823761,44.9428429465,0,0,0,13,13,3505,1356
compact51__paper_roles,2019-02-24 14:00:00,11.7500260736,42.8924312283,0,0,0,12,12,645,958
compact51__paper_roles,2019-02-24 15:00:00,13.7316781874,41.9474081355,0,0,0,12,12,1833,797
compact51__paper_roles,2019-02-24 16:00:00,17.1829843564,48.8277408051,0,0,0,12,12,4509,2374
compact51__paper_roles,2019-02-24 17:00:00,14.3369012788,48.6374877943,0,0,0,12,12,2288,2331
compact51__paper_roles,2019-02-24 18:00:00,14.6700192823,49.4584450776,0,0,0,13,12,2550,2528
compact51__paper_roles,2019-02-24 19:00:00,15.3015617526,52.1992440216,0,0,0,12,12,3061,3214
compact51__paper_roles,2019-02-24 20:00:00,17.502392688,52.7498372002,0,0,0,12,12,4756,3341
compact51__paper_roles,2019-02-24 21:00:00,19.2470370981,51.6970831043,0,0,0,12,12,5950,3089
compact51__paper_roles,2019-02-24 22:00:00,14.4012738457,47.715555145,0,0,0,12,12,2337,2058
compact51__paper_roles,2019-02-24 23:00:00,10.2554052577,40.1454271655,0,0,0,12,12,184,525
compact51__paper_roles,2019-02-25 00:00:00,11.4932062652,39.4363313364,0,0,0,12,12,555,446
compact51__paper_roles,2019-02-25 01:00:00,14.9287612324,46.7552368289,0,0,0,12,12,2752,1797
compact51__paper_roles,2019-02-25 02:00:00,16.2288466125,49.1218594819,0,0,0,12,12,3797,2444
compact51__paper_roles,2019-02-25 03:00:00,17.2351208358,54.8461943434,0,0,0,12,12,4560,3762
compact51__paper_roles,2019-02-25 04:00:00,19.7115333725,57.5504774369,0,0,0,12,12,6202,4204
compact51__paper_roles,2019-02-25 05:00:00,18.6046280821,44.3499992622,0,0,0,12,12,5531,1234
compact51__paper_roles,2019-02-25 06:00:00,14.745680964,40.0194796506,0,0,0,12,12,2609,514
compact51__paper_roles,2019-02-25 07:00:00,17.7166733772,43.8623700914,0,0,0,12,12,4915,1138
compact51__paper_roles,2019-02-25 08:00:00,18.4384795414,51.4475055298,0,0,0,12,12,5416,3033
compact51__paper_roles,2019-02-25 09:00:00,22.1201559423,162.713849914,0,0,0,12,12,7229,7195
compact51__paper_roles,2019-02-25 10:00:00,19.9217028352,293.466867913,0,0,0,12,12,6311,7910
compact51__paper_roles,2019-02-25 11:00:00,14.345945608,60.1135226338,0,0,0,12,12,2294,4500
compact51__paper_roles,2019-02-25 12:00:00,17.3396891926,128.397685259,0,0,0,12,12,4638,6780
compact51__paper_roles,2019-02-25 13:00:00,19.2054417603,189.284429739,0,0,0,12,12,5923,7407
compact51__paper_roles,2019-02-25 14:00:00,17.7846518302,99.3673135759,0,0,0,12,12,4961,6191
compact51__paper_roles,2019-02-25 15:00:00,20.2950851127,186.520945657,0,0,0,12,12,6483,7390
compact51__paper_roles,2019-02-25 16:00:00,17.6209370875,111.582977345,0,0,0,12,12,4845,6465
compact51__paper_roles,2019-02-25 17:00:00,14.6114770336,55.660831299,0,0,0,12,12,2504,3920
compact51__paper_roles,2019-02-25 18:00:00,16.2812536345,107.190002605,0,0,0,12,12,3832,6379
compact51__paper_roles,2019-02-25 19:00:00,17.6917004688,221.249352059,0,0,0,12,12,4898,7609
compact51__paper_roles,2019-02-25 20:00:00,15.6738629667,307.558859965,0,0,0,12,12,3342,7952
compact51__paper_roles,2019-02-25 21:00:00,14.5811542678,142.713249227,0,0,0,12,12,2479,6970
compact51__paper_roles,2019-02-25 22:00:00,22.2191395035,63.3601976583,0,0,0,12,12,7264,4763
compact51__paper_roles,2019-02-25 23:00:00,16.8984201218,95.0497945834,0,0,0,13,13,4291,6076
compact51__paper_roles,2019-02-26 00:00:00,18.5286046116,239.550309865,0,0,0,12,12,5469,7709
compact51__paper_roles,2019-02-26 01:00:00,14.7008642506,48.6922967117,0,0,0,12,12,2573,2345
compact51__paper_roles,2019-02-26 02:00:00,13.5978464883,38.0831620609,0,0,0,12,12,1742,315
compact51__paper_roles,2019-02-26 03:00:00,16.0116999837,45.4140307014,0,0,0,12,12,3613,1470
compact51__paper_roles,2019-02-26 04:00:00,18.0352862367,104.889719623,1,0,0,12,12,5145,6334
compact51__paper_roles,2019-02-26 05:00:00,21.163256901,136.883657697,1,0,0,12,12,6861,6894
compact51__paper_roles,2019-02-26 06:00:00,17.8118150559,42.1039199195,0,0,0,12,12,4980,818
compact51__paper_roles,2019-02-26 07:00:00,17.5894793467,49.2074710503,0,0,0,12,12,4818,2466
compact51__paper_roles,2019-02-26 08:00:00,15.3073188465,61.8703367834,0,0,0,12,12,3069,4650
compact51__paper_roles,2019-02-26 09:00:00,15.9196090669,157.408813564,0,0,0,13,13,3550,7141
compact51__paper_roles,2019-02-26 10:00:00,17.9532440445,922.796885127,1,0,0,12,12,5094,8474
compact51__paper_roles,2019-02-26 11:00:00,20.7025477604,419.209199532,1,0,0,12,12,6648,8155
compact51__paper_roles,2019-02-26 12:00:00,19.9623228731,245.268852527,1,0,0,12,12,6330,7735
compact51__paper_roles,2019-02-26 13:00:00,18.2715092739,201.344258026,1,0,0,12,12,5306,7498
compact51__paper_roles,2019-02-26 14:00:00,16.9248967274,325.16428368,1,0,0,12,12,4309,7996
compact51__paper_roles,2019-02-26 15:00:00,17.9886945716,501.636833558,1,0,0,12,12,5124,8253
compact51__paper_roles,2019-02-26 16:00:00,17.3508545127,860.567750549,1,0,0,12,12,4646,8456
compact51__paper_roles,2019-02-26 17:00:00,15.5630542516,331.472365393,0,0,0,12,12,3243,8008
compact51__paper_roles,2019-02-26 18:00:00,16.5031069666,132.338891635,0,0,0,12,12,4007,6833
compact51__paper_roles,2019-02-26 19:00:00,15.3345510858,204.02615634,0,0,0,12,12,3086,7514
compact51__paper_roles,2019-02-26 20:00:00,13.1820813965,100.862855197,0,0,0,12,12,1488,6234
compact51__paper_roles,2019-02-26 21:00:00,10.2934614234,48.2794272243,0,0,0,12,12,193,2226
compact51__paper_roles,2019-02-26 22:00:00,11.2886944179,47.4773842423,0,0,0,12,12,460,2006
compact51__paper_roles,2019-02-26 23:00:00,16.4861763736,63.1854498539,0,0,0,12,12,3998,4751
compact51__paper_roles,2019-02-27 00:00:00,13.7664385075,52.2798267386,0,0,0,12,12,1865,3234
compact51__paper_roles,2019-02-27 01:00:00,17.3697708805,305.421994663,1,0,0,12,12,4658,7941
compact51__paper_roles,2019-02-27 02:00:00,14.2841032767,110.31378556,1,0,0,12,12,2245,6438
compact51__paper_roles,2019-02-27 03:00:00,16.5186679806,58.0791723287,0,0,0,12,12,4017,4269
compact51__paper_roles,2019-02-27 04:00:00,18.0637992338,4450.43501399,1,0,0,12,12,5163,8703
compact51__paper_roles,2019-02-27 05:00:00,18.822880662,131.03787223,1,0,0,12,12,5678,6815
compact51__paper_roles,2019-02-27 06:00:00,18.5725308242,56.2928435077,0,0,0,12,12,5509,4022
compact51__paper_roles,2019-02-27 07:00:00,16.0509366369,62.5130844366,0,0,0,12,12,3648,4701
compact51__paper_roles,2019-02-27 08:00:00,14.4226028698,59.8385372377,0,0,0,12,12,2354,4471
compact51__paper_roles,2019-02-27 09:00:00,14.1113612036,60.9878723114,0,0,0,12,12,2110,4575
compact51__paper_roles,2019-02-27 10:00:00,11.89961463,54.6848021739,0,0,0,12,12,721,3736
compact51__paper_roles,2019-02-27 11:00:00,11.649334096,52.9890164983,0,0,0,12,12,613,3398
compact51__paper_roles,2019-02-27 12:00:00,16.146360183,68.4534261578,0,0,0,12,12,3724,5079
compact51__paper_roles,2019-02-27 13:00:00,12.2773572405,56.3478804009,0,0,0,12,12,942,4033
compact51__paper_roles,2019-02-27 14:00:00,11.8209980992,52.5965961923,0,0,0,12,12,684,3308
compact51__paper_roles,2019-02-27 15:00:00,13.6015503867,49.0504081605,0,0,0,12,12,1746,2426
compact51__paper_roles,2019-02-27 16:00:00,14.0260272826,50.118048345,0,0,0,12,12,2039,2699
compact51__paper_roles,2019-02-27 17:00:00,15.6114417753,56.4603735401,0,0,0,12,12,3289,4054
compact51__paper_roles,2019-02-27 18:00:00,18.7102032588,53.3095605762,0,0,0,12,12,5609,3487
compact51__paper_roles,2019-02-27 19:00:00,17.4512177519,58.1145860702,0,0,0,12,12,4725,4272
compact51__paper_roles,2019-02-27 20:00:00,15.5316544632,56.689720196,0,0,0,12,12,3219,4092
compact51__paper_roles,2019-02-27 21:00:00,13.3742536807,50.9799730204,0,0,0,12,12,1603,2925
compact51__paper_roles,2019-02-27 22:00:00,16.7011626463,48.6280773682,0,0,0,12,12,4153,2327
compact51__paper_roles,2019-02-27 23:00:00,18.7091510556,50.3600736345,0,0,0,12,12,5608,2764
compact51__paper_roles,2019-02-28 00:00:00,16.4274297194,46.5137119177,0,0,0,12,12,3941,1726
compact51__paper_roles,2019-02-28 01:00:00,16.1133362609,49.264723855,0,0,0,12,12,3696,2477
compact51__paper_roles,2019-02-28 02:00:00,17.205424183,48.7516010805,0,0,0,12,12,4530,2363
compact51__paper_roles,2019-02-28 03:00:00,15.5906386236,47.2787226991,0,0,0,12,12,3273,1950
compact51__paper_roles,2019-02-28 04:00:00,16.092074946,61.0115046433,0,0,0,12,12,3674,4582
compact51__paper_roles,2019-02-28 05:00:00,17.7180100121,48.0529293478,0,0,0,12,12,4916,2164
compact51__paper_roles,2019-02-28 06:00:00,17.965411742,53.1176551294,0,0,0,13,12,5106,3438
compact51__paper_roles,2019-02-28 07:00:00,19.8423632329,77.597340368,0,0,0,12,12,6277,5457
compact51__paper_roles,2019-02-28 08:00:00,20.6959306603,70.5260552514,0,0,0,12,12,6642,5170
compact51__paper_roles,2019-02-28 09:00:00,17.9585438655,66.3520422713,0,0,0,12,12,5101,4972
compact51__paper_roles,2019-02-28 10:00:00,12.8045693372,57.9547367347,0,0,0,12,12,1238,4251
compact51__paper_roles,2019-02-28 11:00:00,15.0092378987,61.0540840945,0,0,0,12,12,2828,4587
compact51__paper_roles,2019-02-28 12:00:00,13.0922873655,58.7703789523,0,0,0,12,12,1425,4341
compact51__paper_roles,2019-02-28 13:00:00,12.1276224359,56.8433348704,0,0,0,12,12,848,4115
compact51__paper_roles,2019-02-28 14:00:00,12.306192188,56.3030236441,0,0,0,12,12,960,4026
compact51__paper_roles,2019-02-28 15:00:00,12.9687859312,56.3430677561,0,0,0,12,12,1342,4031
compact51__paper_roles,2019-02-28 16:00:00,13.0856345166,56.0729382702,0,0,0,12,12,1420,3989
compact51__paper_roles,2019-02-28 17:00:00,14.2307363964,61.6303028008,0,0,0,12,12,2195,4632
compact51__paper_roles,2019-02-28 18:00:00,14.044290395,59.1597137031,0,0,0,12,12,2055,4392
compact51__paper_roles,2019-02-28 19:00:00,13.5378161411,57.708784382,0,0,0,12,12,1701,4222
compact51__paper_roles,2019-02-28 20:00:00,14.6889568844,57.2384421044,0,0,0,12,12,2564,4164
compact51__paper_roles,2019-02-28 21:00:00,13.0224759392,53.3480298532,0,0,0,12,12,1384,3494
compact51__paper_roles,2019-02-28 22:00:00,15.1262856817,50.8199347278,0,0,0,12,12,2915,2885
compact51__paper_roles,2019-02-28 23:00:00,15.1234051435,52.2319622167,0,0,0,12,12,2913,3224
compact51__paper_roles,2019-03-01 00:00:00,18.1457854677,58.1337919761,0,0,0,12,12,5228,4274
compact51__paper_roles,2019-03-01 01:00:00,15.2342145326,45.5219141769,0,0,0,12,12,3008,1496
compact51__paper_roles,2019-03-01 02:00:00,20.6448630967,48.0667736898,0,0,0,12,12,6619,2167
compact51__paper_roles,2019-03-01 03:00:00,20.0411480582,41.3880065417,0,0,0,12,12,6371,710
compact51__paper_roles,2019-03-01 04:00:00,20.1986434746,43.7466147294,0,0,0,12,12,6432,1112
compact51__paper_roles,2019-03-01 05:00:00,17.4032253877,42.3262438178,0,0,0,12,12,4685,862
compact51__paper_roles,2019-03-01 06:00:00,16.6125681222,44.7037959673,0,0,0,12,12,4080,1302
compact51__paper_roles,2019-03-01 07:00:00,15.8355474299,49.034788766,0,0,0,12,12,3474,2422
compact51__paper_roles,2019-03-01 08:00:00,11.5428189861,46.6739861172,0,0,0,12,12,576,1772
compact51__paper_roles,2019-03-01 09:00:00,9.96183452082,42.1711397374,0,0,0,12,12,132,832
compact51__paper_roles,2019-03-01 10:00:00,10.9925445123,45.7391290377,0,0,0,12,12,350,1545
compact51__paper_roles,2019-03-01 11:00:00,12.9057382725,49.8820518013,0,0,0,12,12,1297,2635
compact51__paper_roles,2019-03-01 12:00:00,10.0694711268,45.1645405858,0,0,0,12,12,146,1407
compact51__paper_roles,2019-03-01 13:00:00,14.5249011869,52.4287519179,0,0,0,12,12,2436,3264
compact51__paper_roles,2019-03-01 14:00:00,13.8266095626,51.5258422816,0,0,0,12,12,1908,3052
compact51__paper_roles,2019-03-01 15:00:00,16.9112830364,54.6416801729,0,0,0,12,12,4299,3730
compact51__paper_roles,2019-03-01 16:00:00,20.9329432991,57.5341448537,0,0,0,12,12,6759,4202
compact51__paper_roles,2019-03-01 17:00:00,21.0632541884,55.599529795,0,0,0,12,12,6814,3905
compact51__paper_roles,2019-03-01 18:00:00,17.6350661748,53.2816841158,0,0,0,12,12,4854,3482
compact51__paper_roles,2019-03-01 19:00:00,22.9866870124,61.653963004,0,0,0,12,12,7489,4635
compact51__paper_roles,2019-03-01 20:00:00,24.1414754263,64.7176879526,0,0,0,12,12,7771,4865
compact51__paper_roles,2019-03-01 21:00:00,27.8989913871,72.723044869,0,0,0,12,12,8375,5251
compact51__paper_roles,2019-03-01 22:00:00,33.0037094388,76.3474840618,0,0,0,13,12,8633,5415
compact51__paper_roles,2019-03-01 23:00:00,40.2108748542,83.6898632354,0,0,0,12,12,8733,5700
compact51__paper_roles,2019-03-02 00:00:00,21.9344862142,53.0166105511,0,0,0,12,12,7175,3408
compact51__paper_roles,2019-03-02 01:00:00,20.9234504333,47.7522519593,0,0,0,12,12,6753,2068
compact51__paper_roles,2019-03-02 02:00:00,19.5856165219,45.7833051786,0,0,0,12,12,6144,1553
compact51__paper_roles,2019-03-02 03:00:00,18.4170312096,43.3117868846,0,0,0,12,12,5407,1027
compact51__paper_roles,2019-03-02 04:00:00,18.3840237048,39.7694004015,0,0,0,12,12,5381,480
compact51__paper_roles,2019-03-02 05:00:00,13.7559757193,33.7288269088,0,0,0,12,12,1855,91
compact51__paper_roles,2019-03-02 06:00:00,9.17019462896,27.8353944948,0,0,0,12,12,35,15
compact51__paper_roles,2019-03-02 07:00:00,11.0839440574,28.0753040827,0,0,0,12,12,386,18
compact51__paper_roles,2019-03-02 08:00:00,13.1085830497,25.7278116333,0,0,0,12,12,1442,3
compact51__paper_roles,2019-03-02 09:00:00,15.5839404659,30.8271502898,0,0,0,12,12,3265,39
compact51__paper_roles,2019-03-02 10:00:00,13.9146037074,27.0350708849,0,0,0,12,12,1971,7
compact51__paper_roles,2019-03-02 11:00:00,13.2229114073,27.5992646204,0,0,0,12,12,1514,11
compact51__paper_roles,2019-03-02 12:00:00,14.4500286888,31.7805888697,0,0,0,12,12,2371,52
compact51__paper_roles,2019-03-02 13:00:00,13.9159183826,27.7231060983,0,0,0,12,12,1974,14
compact51__paper_roles,2019-03-02 14:00:00,14.7996160494,26.7490851283,0,0,0,12,12,2652,5
compact51__paper_roles,2019-03-02 15:00:00,15.1733868274,26.5919890583,0,0,0,12,12,2951,4
compact51__paper_roles,2019-03-02 16:00:00,15.3398124386,30.2943864975,0,0,0,12,12,3091,30
compact51__paper_roles,2019-03-02 17:00:00,16.4556789245,34.1283654942,0,0,0,12,12,3974,104
compact51__paper_roles,2019-03-02 18:00:00,18.1849316688,38.8233381715,0,0,0,12,12,5249,380
compact51__paper_roles,2019-03-02 19:00:00,17.916452877,38.9187678016,0,0,0,12,12,5057,389
compact51__paper_roles,2019-03-02 20:00:00,17.9309168476,38.7359263399,0,0,0,12,12,5071,375
compact51__paper_roles,2019-03-02 21:00:00,16.9076814194,35.3627411105,0,0,0,12,12,4296,153
compact51__paper_roles,2019-03-02 22:00:00,17.6154788995,35.4504730848,0,0,0,12,12,4839,160
compact51__paper_roles,2019-03-02 23:00:00,16.1033217476,31.0720123858,0,0,0,12,12,3683,41
compact51__paper_roles,2019-03-03 00:00:00,18.1105745591,166.138078558,1,0,0,12,12,5202,7228
compact51__paper_roles,2019-03-03 01:00:00,20.3584807678,141.259044615,1,0,0,12,12,6509,6952
compact51__paper_roles,2019-03-03 02:00:00,18.7285322682,166.620428423,1,0,0,12,12,5621,7235
compact51__paper_roles,2019-03-03 03:00:00,20.3331067577,110.701847868,1,0,0,12,12,6498,6448
compact51__paper_roles,2019-03-03 04:00:00,23.6606891335,78.9008696188,0,0,0,12,12,7665,5504
compact51__paper_roles,2019-03-03 05:00:00,21.6464646968,62.2850467621,0,0,0,12,12,7074,4682
compact51__paper_roles,2019-03-03 06:00:00,16.5599162655,41.4506836649,0,0,0,12,12,4043,720
compact51__paper_roles,2019-03-03 07:00:00,16.0327248127,111.587114118,0,0,0,12,12,3635,6466
compact51__paper_roles,2019-03-03 08:00:00,13.2367034138,37.9766139631,0,0,0,12,12,1522,303
compact51__paper_roles,2019-03-03 09:00:00,16.2091537073,52.5940385826,0,0,0,12,12,3781,3307
compact51__paper_roles,2019-03-03 10:00:00,15.8553313262,79.5578141317,0,0,0,12,12,3495,5539
compact51__paper_roles,2019-03-03 11:00:00,16.1537044247,70.0286596748,0,0,0,12,12,3734,5143
compact51__paper_roles,2019-03-03 12:00:00,17.3767949376,55.9180541507,0,0,0,12,12,4667,3966
compact51__paper_roles,2019-03-03 13:00:00,15.3056049478,43.6103538667,0,0,0,12,12,3067,1084
compact51__paper_roles,2019-03-03 14:00:00,13.0879711988,43.6313020768,0,0,0,12,12,1423,1091
compact51__paper_roles,2019-03-03 15:00:00,13.7939194673,46.7551488007,0,0,0,12,12,1885,1796
compact51__paper_roles,2019-03-03 16:00:00,14.7125108533,42.6355799406,0,0,0,12,12,2583,918
compact51__paper_roles,2019-03-03 17:00:00,15.6902226277,40.5305727993,0,0,0,12,12,3354,584
compact51__paper_roles,2019-03-03 18:00:00,16.5899227275,38.6621560666,0,0,0,12,12,4062,362
compact51__paper_roles,2019-03-03 19:00:00,16.6273576214,43.9293334543,0,0,0,12,12,4094,1153
compact51__paper_roles,2019-03-03 20:00:00,15.8658809164,45.1031472132,0,0,0,12,12,3508,1391
compact51__paper_roles,2019-03-03 21:00:00,17.8487636041,47.1969303825,0,0,0,12,12,5009,1931
compact51__paper_roles,2019-03-03 22:00:00,17.8718505526,47.3135581382,0,0,0,12,12,5025,1959
compact51__paper_roles,2019-03-03 23:00:00,29.0455277712,58.3335511302,0,0,0,12,12,8453,4291
compact51__paper_roles,2019-03-04 00:00:00,24.5301734712,63.6180164301,0,0,0,12,12,7860,4778
compact51__paper_roles,2019-03-04 01:00:00,25.4122623668,101.899743353,0,0,0,12,12,8042,6263
compact51__paper_roles,2019-03-04 02:00:00,27.5250583646,90.2154079444,0,0,0,12,12,8343,5917
compact51__paper_roles,2019-03-04 03:00:00,27.3893105419,201.675927418,0,0,0,12,12,8328,7500
compact51__paper_roles,2019-03-04 04:00:00,30.5630860489,381.425249389,1,0,0,12,12,8542,8115
compact51__paper_roles,2019-03-04 05:00:00,21.1683935665,52.8394839995,0,0,0,12,12,6864,3362
compact51__paper_roles,2019-03-04 06:00:00,12.4428102192,40.9817073737,0,0,0,12,12,1035,649
compact51__paper_roles,2019-03-04 07:00:00,15.2754947235,48.6918503928,0,0,0,12,12,3041,2344
compact51__paper_roles,2019-03-04 08:00:00,15.4001775163,50.5195132584,0,0,0,12,12,3124,2806
compact51__paper_roles,2019-03-04 09:00:00,12.5053882336,47.4312385792,0,0,0,12,12,1077,1991
compact51__paper_roles,2019-03-04 10:00:00,12.41246975,44.9501517879,0,0,0,12,12,1016,1358
compact51__paper_roles,2019-03-04 11:00:00,13.4453902464,44.9917822185,0,0,0,13,13,1649,1367
compact51__paper_roles,2019-03-04 12:00:00,11.785553975,46.7008029682,0,0,0,12,12,663,1780
compact51__paper_roles,2019-03-04 13:00:00,12.3652563043,45.9830605096,0,0,0,12,12,985,1613
compact51__paper_roles,2019-03-04 14:00:00,12.4791527565,44.7657729286,0,0,0,12,12,1060,1315
compact51__paper_roles,2019-03-04 15:00:00,13.1719478495,45.9584673067,0,0,0,12,12,1481,1605
compact51__paper_roles,2019-03-04 16:00:00,14.0044766608,49.0690650284,0,0,0,12,12,2025,2433
compact51__paper_roles,2019-03-04 17:00:00,13.0271154935,45.7817722311,0,0,0,12,12,1386,1552
compact51__paper_roles,2019-03-04 18:00:00,12.3667498935,47.8761621794,0,0,0,12,12,986,2104
compact51__paper_roles,2019-03-04 19:00:00,11.8188908209,46.6951262554,0,0,0,12,12,681,1779
compact51__paper_roles,2019-03-04 20:00:00,12.5606806759,44.0181320924,0,0,0,12,12,1110,1166
compact51__paper_roles,2019-03-04 21:00:00,11.3291347838,41.6478348917,0,0,0,12,12,476,753
compact51__paper_roles,2019-03-04 22:00:00,11.1873398773,64.3177642119,0,0,0,12,12,420,4831
compact51__paper_roles,2019-03-04 23:00:00,15.0488046408,65.5408263974,0,0,0,12,12,2859,4923
compact51__paper_roles,2019-03-05 00:00:00,13.6108710891,46.6210069907,0,0,0,12,12,1753,1758
compact51__paper_roles,2019-03-05 01:00:00,14.1198100519,38.8860528922,0,0,0,12,12,2114,385
compact51__paper_roles,2019-03-05 02:00:00,17.061446661,90.2851466393,0,0,0,13,12,4418,5920
compact51__paper_roles,2019-03-05 03:00:00,19.5622943894,125.522063793,1,0,0,13,13,6129,6722
compact51__paper_roles,2019-03-05 04:00:00,15.496135126,50.6991708304,0,0,0,13,12,3188,2847
compact51__paper_roles,2019-03-05 05:00:00,16.5811242891,120.739765042,1,0,0,12,12,4058,6637
compact51__paper_roles,2019-03-05 06:00:00,12.2657415301,37.4522911793,0,0,0,12,12,938,272
compact51__paper_roles,2019-03-05 07:00:00,15.6043838407,45.2375438918,0,0,0,12,12,3282,1425
compact51__paper_roles,2019-03-05 08:00:00,15.8158471706,56.1236285446,0,0,0,12,12,3456,4002
compact51__paper_roles,2019-03-05 09:00:00,13.6222020902,46.9431220199,0,0,0,12,12,1765,1847
compact51__paper_roles,2019-03-05 10:00:00,12.3928751633,44.783364996,0,0,0,12,12,1000,1324
compact51__paper_roles,2019-03-05 11:00:00,12.3593156062,45.9248178936,0,0,0,12,12,983,1590
compact51__paper_roles,2019-03-05 12:00:00,12.4508550305,47.0945089441,0,0,0,13,13,1041,1900
compact51__paper_roles,2019-03-05 13:00:00,11.925375388,48.7186137009,0,0,0,12,12,737,2355
compact51__paper_roles,2019-03-05 14:00:00,12.1845309769,49.4844635096,0,0,0,12,12,882,2537
compact51__paper_roles,2019-03-05 15:00:00,14.0348536043,46.7380741323,0,0,0,12,12,2044,1790
compact51__paper_roles,2019-03-05 16:00:00,14.1072080601,47.9519332711,0,0,0,12,12,2106,2123
compact51__paper_roles,2019-03-05 17:00:00,15.8797605957,51.4100016504,0,0,0,12,12,3520,3026
compact51__paper_roles,2019-03-05 18:00:00,16.8480930661,60.085861665,0,0,0,12,12,4262,4495
compact51__paper_roles,2019-03-05 19:00:00,13.3663303256,52.1519076159,0,0,0,12,12,1598,3207
compact51__paper_roles,2019-03-05 20:00:00,11.706476547,48.6725186324,0,0,0,12,12,634,2340
compact51__paper_roles,2019-03-05 21:00:00,11.3941224023,40.0870225301,0,0,0,12,12,507,520
compact51__paper_roles,2019-03-05 22:00:00,11.7858669146,49.2372942826,0,0,0,12,12,664,2470
compact51__paper_roles,2019-03-05 23:00:00,11.05537645,43.1730563004,0,0,0,12,12,371,997
compact51__paper_roles,2019-03-06 00:00:00,9.99794582096,39.6586627799,0,0,0,12,12,134,469
compact51__paper_roles,2019-03-06 01:00:00,10.4996569279,39.5456006168,0,0,0,12,12,234,459
compact51__paper_roles,2019-03-06 02:00:00,11.0463938733,39.6087961758,0,0,0,12,12,368,464
compact51__paper_roles,2019-03-06 03:00:00,11.2938660755,40.4397677161,0,0,0,12,12,462,571
compact51__paper_roles,2019-03-06 04:00:00,12.2074934879,40.3153887358,0,0,0,12,12,897,549
compact51__paper_roles,2019-03-06 05:00:00,14.8910271996,36.54722507,0,0,0,12,12,2726,209
compact51__paper_roles,2019-03-06 06:00:00,14.5695557098,41.7402514225,0,0,0,14,13,2469,769
compact51__paper_roles,2019-03-06 07:00:00,14.8669294333,48.6434953544,0,0,0,12,12,2699,2333
compact51__paper_roles,2019-03-06 08:00:00,12.4732428069,49.7714899262,0,0,0,12,12,1055,2609
compact51__paper_roles,2019-03-06 09:00:00,11.1943141234,44.9440155391,0,0,0,12,12,424,1357
compact51__paper_roles,2019-03-06 10:00:00,11.7808078733,42.5008032727,0,0,0,13,12,656,893
compact51__paper_roles,2019-03-06 11:00:00,12.3934640613,41.0790469571,0,0,0,12,12,1001,664
compact51__paper_roles,2019-03-06 12:00:00,14.7503922773,64.4642646069,0,0,0,12,12,2611,4842
compact51__paper_roles,2019-03-06 13:00:00,13.8666664392,40.9471530486,0,0,0,12,12,1931,638
compact51__paper_roles,2019-03-06 14:00:00,12.7131077815,40.7443394063,0,0,0,12,12,1183,612
compact51__paper_roles,2019-03-06 15:00:00,12.8017780959,49.7311204176,0,0,0,12,12,1235,2597
compact51__paper_roles,2019-03-06 16:00:00,14.175141887,97.2757302955,0,0,0,12,12,2151,6138
compact51__paper_roles,2019-03-06 17:00:00,13.0903302756,45.1974980757,0,0,0,13,12,1424,1415
compact51__paper_roles,2019-03-06 18:00:00,14.8890975062,52.0894657942,0,0,0,12,12,2724,3184
compact51__paper_roles,2019-03-06 19:00:00,15.4089623561,51.6028934387,0,0,0,12,12,3129,3068
compact51__paper_roles,2019-03-06 20:00:00,11.6888213009,39.7498396951,0,0,0,12,12,630,476
compact51__paper_roles,2019-03-06 21:00:00,12.1975791908,37.2901683305,0,0,0,12,12,890,262
compact51__paper_roles,2019-03-06 22:00:00,10.0814022813,42.0532260867,0,0,0,12,12,151,808
compact51__paper_roles,2019-03-06 23:00:00,12.4549911568,42.5470544797,0,0,0,12,12,1044,903
compact51__paper_roles,2019-03-07 00:00:00,13.4562118093,39.8008709914,0,0,0,12,12,1655,487
compact51__paper_roles,2019-03-07 01:00:00,13.5519338485,41.8564089442,0,0,0,12,12,1711,784
compact51__paper_roles,2019-03-07 02:00:00,13.0199106372,41.1804627101,0,0,0,12,12,1380,677
compact51__paper_roles,2019-03-07 03:00:00,14.0032641514,38.5807557048,0,0,0,12,12,2023,356
compact51__paper_roles,2019-03-07 04:00:00,17.9084286584,44.1738829668,0,0,0,12,12,5052,1202
compact51__paper_roles,2019-03-07 05:00:00,15.5295630259,43.5297042739,0,0,0,12,12,3216,1065
compact51__paper_roles,2019-03-07 06:00:00,15.1706395699,47.8772771178,0,0,0,12,12,2950,2105
compact51__paper_roles,2019-03-07 07:00:00,16.8071973526,54.1469467031,0,0,0,12,12,4226,3641
compact51__paper_roles,2019-03-07 08:00:00,11.4224431194,43.6492577278,0,0,0,12,12,519,1094
compact51__paper_roles,2019-03-07 09:00:00,13.0412660559,45.3082019686,0,0,0,12,12,1393,1444
compact51__paper_roles,2019-03-07 10:00:00,13.6779513006,46.5131698155,0,0,0,12,12,1802,1725
compact51__paper_roles,2019-03-07 11:00:00,13.7784926188,45.3755134958,0,0,0,12,12,1873,1463
compact51__paper_roles,2019-03-07 12:00:00,12.4345185553,43.8810143925,0,0,0,12,12,1030,1141
compact51__paper_roles,2019-03-07 13:00:00,11.9317121085,42.8234179779,0,0,0,12,12,739,945
compact51__paper_roles,2019-03-07 14:00:00,12.3363634366,40.9348170266,0,0,0,12,12,973,634
compact51__paper_roles,2019-03-07 15:00:00,12.3367744465,40.4302521435,0,0,0,12,12,975,570
compact51__paper_roles,2019-03-07 16:00:00,12.2484072168,39.2261872385,0,0,0,12,12,925,417
compact51__paper_roles,2019-03-07 17:00:00,13.2810238613,45.2776886547,0,0,0,12,12,1545,1439
compact51__paper_roles,2019-03-07 18:00:00,13.6694338105,48.4166090501,0,0,0,12,12,1796,2281
compact51__paper_roles,2019-03-07 19:00:00,13.167581914,48.3236031062,0,0,0,12,12,1477,2252
compact51__paper_roles,2019-03-07 20:00:00,12.9105960411,42.1376857813,0,0,0,12,12,1301,827
compact51__paper_roles,2019-03-07 21:00:00,12.4650679412,41.1700798275,0,0,0,12,12,1047,675
compact51__paper_roles,2019-03-07 22:00:00,15.3050517398,73.3872132568,0,0,0,12,12,3066,5275
compact51__paper_roles,2019-03-07 23:00:00,18.8153102569,64.0766158329,0,0,0,12,12,5674,4811
compact51__paper_roles,2019-03-08 00:00:00,15.9443530958,47.0120520934,0,0,0,12,12,3567,1873
compact51__paper_roles,2019-03-08 01:00:00,14.3709851388,181.810646075,1,0,0,12,12,2314,7360
compact51__paper_roles,2019-03-08 02:00:00,14.4704979478,140.164111429,1,0,0,12,12,2387,6938
compact51__paper_roles,2019-03-08 03:00:00,14.196935143,92.961151583,0,0,0,12,12,2172,6011
compact51__paper_roles,2019-03-08 04:00:00,14.9553323194,50.0134575466,0,0,0,12,12,2775,2673
compact51__paper_roles,2019-03-08 05:00:00,15.0347890328,41.1830706028,0,0,0,12,12,2848,678
compact51__paper_roles,2019-03-08 06:00:00,11.4579008711,40.0004873463,0,0,0,12,12,537,511
compact51__paper_roles,2019-03-08 07:00:00,12.0751043963,38.6328684454,0,0,0,12,12,820,359
compact51__paper_roles,2019-03-08 08:00:00,9.56516362184,36.3877352472,0,0,0,12,12,71,198
compact51__paper_roles,2019-03-08 09:00:00,9.26207053002,36.8728289198,0,0,0,12,12,40,233
compact51__paper_roles,2019-03-08 10:00:00,9.32591939065,37.9760429164,0,0,0,12,12,46,302
compact51__paper_roles,2019-03-08 11:00:00,10.9294861582,39.4779641103,0,0,0,12,12,339,453
compact51__paper_roles,2019-03-08 12:00:00,11.6576749873,41.2610162665,0,0,0,12,12,618,690
compact51__paper_roles,2019-03-08 13:00:00,13.511149913,44.7275235205,0,0,0,12,12,1684,1306
compact51__paper_roles,2019-03-08 14:00:00,13.5865858502,44.158480253,0,0,0,12,12,1732,1200
compact51__paper_roles,2019-03-08 15:00:00,12.2777345914,47.079837126,0,0,0,12,12,943,1895
compact51__paper_roles,2019-03-08 16:00:00,11.4053208541,47.8982863628,0,0,0,12,12,512,2109
compact51__paper_roles,2019-03-08 17:00:00,13.2929632484,48.5813337735,0,0,0,12,12,1557,2319
compact51__paper_roles,2019-03-08 18:00:00,14.2351229178,45.2308377799,0,0,0,12,12,2200,1421
compact51__paper_roles,2019-03-08 19:00:00,13.750590018,89.9163100308,0,0,0,12,12,1847,5909
compact51__paper_roles,2019-03-08 20:00:00,10.53486061,41.9018385021,0,0,0,12,12,241,789
compact51__paper_roles,2019-03-08 21:00:00,12.2844151405,54.5854778251,0,0,0,12,12,949,3717
compact51__paper_roles,2019-03-08 22:00:00,13.131601349,82.6895801577,0,0,0,12,12,1457,5653
compact51__paper_roles,2019-03-08 23:00:00,15.4707834203,357.772917705,1,0,0,12,12,3165,8079
compact51__paper_roles,2019-03-09 00:00:00,15.1825164354,3893.06637754,1,0,0,12,12,2961,8689
compact51__paper_roles,2019-03-09 01:00:00,15.5434554092,1060.00217098,1,0,0,12,12,3224,8506
compact51__paper_roles,2019-03-09 02:00:00,15.1405032886,10378.6377139,0,0,0,12,12,2927,8737
compact51__paper_roles,2019-03-09 03:00:00,16.7828368501,693.5699406,0,0,0,12,12,4212,8397
compact51__paper_roles,2019-03-09 04:00:00,16.6758597235,552.600718884,0,0,0,12,12,4135,8296
compact51__paper_roles,2019-03-09 05:00:00,16.935502788,660.576902604,1,0,0,12,12,4316,8372
compact51__paper_roles,2019-03-09 06:00:00,15.1989257653,104.083779236,1,0,0,12,12,2974,6318
compact51__paper_roles,2019-03-09 07:00:00,14.1480199584,57.6867532486,0,0,0,12,12,2134,4218
compact51__paper_roles,2019-03-09 08:00:00,14.6659981142,73.9288805708,0,0,0,12,12,2546,5310
compact51__paper_roles,2019-03-09 09:00:00,14.2440440736,90.8927594406,0,0,0,12,12,2207,5933
compact51__paper_roles,2019-03-09 10:00:00,13.3559611488,44.0433638086,0,0,0,12,12,1594,1168
compact51__paper_roles,2019-03-09 11:00:00,12.8159630387,42.182332526,0,0,0,13,13,1248,834
compact51__paper_roles,2019-03-09 12:00:00,13.614247239,52.5077438617,0,0,0,12,12,1756,3284
compact51__paper_roles,2019-03-09 13:00:00,13.2725982676,44.6362801518,0,0,0,12,12,1542,1286
compact51__paper_roles,2019-03-09 14:00:00,13.8246875014,45.4536193342,0,0,0,12,12,1906,1484
compact51__paper_roles,2019-03-09 15:00:00,14.4273226122,50.1707557205,0,0,0,12,12,2359,2716
compact51__paper_roles,2019-03-09 16:00:00,14.8262208774,47.9504338489,0,0,0,12,12,2671,2121
compact51__paper_roles,2019-03-09 17:00:00,15.3422504815,57.500466038,0,0,0,12,12,3093,4192
compact51__paper_roles,2019-03-09 18:00:00,12.6670015395,44.0913729269,0,0,0,12,12,1168,1174
compact51__paper_roles,2019-03-09 19:00:00,11.9397054016,39.3959325114,0,0,0,13,13,746,442
compact51__paper_roles,2019-03-09 20:00:00,11.6224801867,39.0768166237,0,0,0,12,12,601,404
compact51__paper_roles,2019-03-09 21:00:00,13.1676518984,2821.22337521,0,0,0,12,12,1478,8659
compact51__paper_roles,2019-03-09 22:00:00,12.2184087118,40.1776567365,0,0,0,12,12,907,529
compact51__paper_roles,2019-03-09 23:00:00,12.1696535438,242.532477923,0,0,0,12,12,872,7723
compact51__paper_roles,2019-03-10 00:00:00,14.7565472683,43.2164667341,0,0,0,12,12,2618,1008
compact51__paper_roles,2019-03-10 01:00:00,13.5658546897,36.9340619448,0,0,0,12,12,1719,238
compact51__paper_roles,2019-03-10 02:00:00,13.5626371753,36.1099816427,0,7,0,0,0,1716,187
compact51__paper_roles,2019-03-10 03:00:00,13.82228492,35.4818821672,0,0,0,14,12,1904,161
compact51__paper_roles,2019-03-10 04:00:00,13.8068014546,42.3698619469,0,0,0,12,12,1893,871
compact51__paper_roles,2019-03-10 05:00:00,12.8887909393,33.8100933367,0,0,0,12,12,1291,95
compact51__paper_roles,2019-03-10 06:00:00,13.1139550257,35.797731325,0,0,0,12,12,1448,171
compact51__paper_roles,2019-03-10 07:00:00,12.8786683906,39.6505892889,0,0,0,12,12,1285,468
compact51__paper_roles,2019-03-10 08:00:00,13.2207515878,36.5279892735,0,0,0,12,12,1512,208
compact51__paper_roles,2019-03-10 09:00:00,16.5491991132,46.9552149596,0,0,0,11,11,4037,1855
compact51__paper_roles,2019-03-10 10:00:00,17.5247973842,44.2830260886,0,0,0,12,12,4768,1222
compact51__paper_roles,2019-03-10 11:00:00,18.640612008,38.8984387722,0,0,0,12,12,5555,388
compact51__paper_roles,2019-03-10 12:00:00,18.1620550013,38.7049536968,0,0,0,12,12,5236,370
compact51__paper_roles,2019-03-10 13:00:00,17.5269172451,44.4524103166,0,0,0,12,12,4772,1260
compact51__paper_roles,2019-03-10 14:00:00,17.0763139933,47.2210277925,0,0,0,12,12,4429,1936
compact51__paper_roles,2019-03-10 15:00:00,15.2520695273,41.2378457346,0,0,0,12,12,3026,687
compact51__paper_roles,2019-03-10 16:00:00,14.6358628564,37.9911735298,0,0,0,12,12,2527,305
compact51__paper_roles,2019-03-10 17:00:00,14.2704282258,44.1478207745,0,0,0,12,12,2228,1196
compact51__paper_roles,2019-03-10 18:00:00,13.209009853,43.3066182465,0,0,0,12,12,1505,1026
compact51__paper_roles,2019-03-10 19:00:00,17.1976363372,75.2341344291,0,0,0,12,12,4520,5365
compact51__paper_roles,2019-03-10 20:00:00,15.9110614294,38.3052153547,0,0,0,12,12,3543,331
compact51__paper_roles,2019-03-10 21:00:00,16.8416699098,46.2509578678,0,0,0,12,12,4257,1662
compact51__paper_roles,2019-03-10 22:00:00,19.0155374595,46.5015948365,0,0,0,12,12,5802,1723
compact51__paper_roles,2019-03-10 23:00:00,19.9157955728,55.7692559974,0,0,0,12,12,6309,3942
compact51__paper_roles,2019-03-11 00:00:00,12.4117917991,39.0976863032,0,0,0,12,12,1015,406
compact51__paper_roles,2019-03-11 01:00:00,11.9951528459,38.0927790015,0,0,0,12,12,778,318
compact51__paper_roles,2019-03-11 02:00:00,12.1957207842,36.8987935061,0,0,0,12,12,889,234
compact51__paper_roles,2019-03-11 03:00:00,14.2066119147,41.3635837603,0,0,0,12,12,2181,706
compact51__paper_roles,2019-03-11 04:00:00,16.2934924617,43.5119890479,0,0,0,12,12,3839,1062
compact51__paper_roles,2019-03-11 05:00:00,20.5612943816,52.3358978718,0,0,0,12,12,6592,3248
compact51__paper_roles,2019-03-11 06:00:00,21.5986154877,56.8917408896,0,0,0,12,12,7052,4123
compact51__paper_roles,2019-03-11 07:00:00,13.7558682188,42.3685860927,0,0,0,12,12,1854,870
compact51__paper_roles,2019-03-11 08:00:00,19.2708736328,114.273505772,0,0,0,12,12,5962,6514
compact51__paper_roles,2019-03-11 09:00:00,14.9705756209,45.0479036544,0,0,0,12,12,2789,1382
compact51__paper_roles,2019-03-11 10:00:00,12.2912623526,41.9768634662,0,0,0,12,12,954,800
compact51__paper_roles,2019-03-11 11:00:00,9.71039332584,39.9368638315,0,0,0,12,12,86,502
compact51__paper_roles,2019-03-11 12:00:00,9.88677153227,41.3838682418,0,0,0,12,12,116,709
compact51__paper_roles,2019-03-11 13:00:00,9.55108946468,42.2837351476,0,0,0,12,12,70,851
compact51__paper_roles,2019-03-11 14:00:00,11.0008418338,40.9362659332,0,0,0,12,12,353,636
compact51__paper_roles,2019-03-11 15:00:00,10.3185994789,42.3944002476,0,0,0,12,12,197,874
compact51__paper_roles,2019-03-11 16:00:00,11.3225353998,43.5860592049,0,0,0,12,12,473,1078
compact51__paper_roles,2019-03-11 17:00:00,10.9429376181,39.7379530393,0,0,0,12,12,340,474
compact51__paper_roles,2019-03-11 18:00:00,11.8327461718,36.6872385283,0,0,0,12,12,690,215
compact51__paper_roles,2019-03-11 19:00:00,12.6878749622,58.2593256171,0,0,0,12,12,1177,4281
compact51__paper_roles,2019-03-11 20:00:00,10.5769295008,140.310611669,1,0,0,12,12,250,6941
compact51__paper_roles,2019-03-11 21:00:00,12.933326701,55.2855219703,0,0,0,12,12,1319,3840
compact51__paper_roles,2019-03-11 22:00:00,15.1176043478,35.1007852755,0,0,0,12,12,2908,141
compact51__paper_roles,2019-03-11 23:00:00,11.2565803187,54.4981945104,0,0,0,12,12,449,3701
compact51__paper_roles,2019-03-12 00:00:00,11.2604325617,668.886304968,1,0,0,12,12,450,8380
compact51__paper_roles,2019-03-12 01:00:00,10.7047203661,53.9172581385,0,0,0,12,12,278,3594
compact51__paper_roles,2019-03-12 02:00:00,14.1052479349,128.99215323,0,0,0,12,12,2104,6791
compact51__paper_roles,2019-03-12 03:00:00,17.1378651125,66.130408382,0,0,0,12,12,4467,4959
compact51__paper_roles,2019-03-12 04:00:00,24.1185312552,51.2402580061,0,0,0,12,12,7766,2980
compact51__paper_roles,2019-03-12 05:00:00,29.2145838904,192.200211005,0,0,0,12,12,8465,7428
compact51__paper_roles,2019-03-12 06:00:00,12.871471577,1572.71828749,0,0,0,12,12,1279,8577
compact51__paper_roles,2019-03-12 07:00:00,13.5024332023,146.763334502,0,0,0,12,12,1681,7019
compact51__paper_roles,2019-03-12 08:00:00,13.1890806148,44.391495708,0,0,0,12,12,1491,1244
compact51__paper_roles,2019-03-12 09:00:00,12.0298466352,62.8027517838,0,0,0,12,12,802,4723
compact51__paper_roles,2019-03-12 10:00:00,10.6392017232,85.7255467518,0,0,0,12,12,262,5779
compact51__paper_roles,2019-03-12 11:00:00,10.1537117969,37.0255819607,0,0,0,12,12,160,245
compact51__paper_roles,2019-03-12 12:00:00,10.251122001,45.208033033,0,0,0,12,12,183,1418
compact51__paper_roles,2019-03-12 13:00:00,9.43954739446,44.7226210794,0,0,0,12,12,59,1305
compact51__paper_roles,2019-03-12 14:00:00,9.34591989754,44.8036102736,0,0,0,12,12,47,1331
compact51__paper_roles,2019-03-12 15:00:00,12.4577681624,46.2914141814,0,0,0,12,12,1045,1667
compact51__paper_roles,2019-03-12 16:00:00,14.4187979472,47.3312120519,0,0,0,12,12,2350,1967
compact51__paper_roles,2019-03-12 17:00:00,13.8216706657,45.9028087367,0,0,0,12,12,1903,1589
compact51__paper_roles,2019-03-12 18:00:00,11.394105116,41.0876549879,0,0,0,12,12,506,666
compact51__paper_roles,2019-03-12 19:00:00,10.7098530433,56.8642415811,0,0,0,12,12,281,4120
compact51__paper_roles,2019-03-12 20:00:00,12.4892828873,77.2901979824,0,0,0,12,12,1067,5446
compact51__paper_roles,2019-03-12 21:00:00,13.1506237324,54.8322061116,0,0,0,12,12,1468,3759
compact51__paper_roles,2019-03-12 22:00:00,13.003978311,33.3752635762,0,0,0,12,12,1371,85
compact51__paper_roles,2019-03-12 23:00:00,12.4904846715,71.9505453234,0,0,0,12,12,1068,5226
compact51__paper_roles,2019-03-13 00:00:00,12.7874235015,104.83871427,1,0,0,12,12,1227,6332
compact51__paper_roles,2019-03-13 01:00:00,13.6379873146,971.62247733,1,0,0,12,12,1773,8488
compact51__paper_roles,2019-03-13 02:00:00,16.8038984889,966.349934972,1,0,0,12,12,4223,8485
compact51__paper_roles,2019-03-13 03:00:00,17.291576956,153.860313034,0,0,0,12,12,4607,7100
compact51__paper_roles,2019-03-13 04:00:00,26.8682007985,186.122937852,0,0,0,12,12,8268,7386
compact51__paper_roles,2019-03-13 05:00:00,25.3048944016,261.544544043,0,0,0,12,12,8023,7802
compact51__paper_roles,2019-03-13 06:00:00,16.1600562845,104.09805415,1,0,0,12,12,3737,6319
compact51__paper_roles,2019-03-13 07:00:00,13.9107957335,34.7139289085,0,0,0,12,12,1966,121
compact51__paper_roles,2019-03-13 08:00:00,10.5250369568,37.8070960349,0,0,0,12,12,239,290
compact51__paper_roles,2019-03-13 09:00:00,10.5835081755,38.888712559,0,0,0,12,12,251,386
compact51__paper_roles,2019-03-13 10:00:00,9.5273726691,42.9905378346,0,0,0,12,12,69,971
compact51__paper_roles,2019-03-13 11:00:00,11.1603761591,46.5665115445,0,0,0,12,12,416,1742
compact51__paper_roles,2019-03-13 12:00:00,13.5962877769,50.9388979763,0,0,0,12,12,1740,2917
compact51__paper_roles,2019-03-13 13:00:00,14.7891231894,54.9951126231,0,0,0,12,12,2644,3789
compact51__paper_roles,2019-03-13 14:00:00,13.348936041,52.9063878064,0,0,0,12,12,1590,3380
compact51__paper_roles,2019-03-13 15:00:00,13.4213356256,47.9186235897,0,0,0,12,12,1634,2115
compact51__paper_roles,2019-03-13 16:00:00,13.7220990699,42.8794967315,0,0,0,12,12,1829,954
compact51__paper_roles,2019-03-13 17:00:00,14.8686261878,39.7724360361,0,0,0,12,12,2703,482
compact51__paper_roles,2019-03-13 18:00:00,12.9455134746,40.4279297824,0,0,0,12,12,1329,569
compact51__paper_roles,2019-03-13 19:00:00,17.010918562,84.8172125076,0,0,0,12,12,4377,5744
compact51__paper_roles,2019-03-13 20:00:00,18.7762124406,59.6849683208,0,0,0,12,12,5648,4453
compact51__paper_roles,2019-03-13 21:00:00,16.3893162722,30.3316768738,0,0,0,12,12,3906,32
compact51__paper_roles,2019-03-13 22:00:00,13.4418468983,31.8139597569,0,0,0,12,12,1646,53
compact51__paper_roles,2019-03-13 23:00:00,13.3118178097,48.9468977329,0,0,0,12,12,1568,2404
compact51__paper_roles,2019-03-14 00:00:00,15.7364446437,49.0190590096,0,0,0,12,12,3397,2421
compact51__paper_roles,2019-03-14 01:00:00,16.0197012116,40.4634294791,0,0,0,12,12,3623,574
compact51__paper_roles,2019-03-14 02:00:00,17.6641302871,51.4445018022,0,0,0,12,12,4877,3032
compact51__paper_roles,2019-03-14 03:00:00,19.7807743759,51.2254325005,0,0,0,12,12,6239,2975
compact51__paper_roles,2019-03-14 04:00:00,25.3922341123,74.9556079314,0,0,0,12,12,8037,5352
compact51__paper_roles,2019-03-14 05:00:00,24.9315293594,87.3684379928,0,0,0,12,12,7940,5821
compact51__paper_roles,2019-03-14 06:00:00,19.3931231806,40.2445578411,0,0,0,12,12,6039,535
compact51__paper_roles,2019-03-14 07:00:00,13.1479199836,38.205404091,0,0,0,12,12,1467,325
compact51__paper_roles,2019-03-14 08:00:00,13.5391022921,41.4630490204,0,0,0,12,12,1703,722
compact51__paper_roles,2019-03-14 09:00:00,12.9176237796,43.0185548547,0,0,0,12,12,1307,978
compact51__paper_roles,2019-03-14 10:00:00,12.532718129,42.8659198085,0,0,0,12,12,1094,953
compact51__paper_roles,2019-03-14 11:00:00,11.4729618371,43.6064864953,0,0,0,12,12,544,1083
compact51__paper_roles,2019-03-14 12:00:00,12.8291788934,48.3106605663,0,0,0,12,12,1255,2245
compact51__paper_roles,2019-03-14 13:00:00,12.7823883608,48.4402439787,0,0,0,13,12,1222,2286
compact51__paper_roles,2019-03-14 14:00:00,14.7263890281,44.12200706,0,0,0,12,12,2593,1191
compact51__paper_roles,2019-03-14 15:00:00,15.0306981164,47.2543485637,0,0,0,12,12,2844,1945
compact51__paper_roles,2019-03-14 16:00:00,12.8470967022,38.9921780442,0,0,0,12,12,1265,393
compact51__paper_roles,2019-03-14 17:00:00,11.6291786095,38.674083831,0,0,0,12,12,605,364
compact51__paper_roles,2019-03-14 18:00:00,11.4155652607,38.7258464284,0,0,0,12,12,518,374
compact51__paper_roles,2019-03-14 19:00:00,14.4051851793,30.3779644355,0,0,0,12,12,2340,34
compact51__paper_roles,2019-03-14 20:00:00,11.4404786454,33.8389942178,0,0,0,13,12,528,97
compact51__paper_roles,2019-03-14 21:00:00,13.2967082688,30.7677249603,0,0,0,12,12,1560,37
compact51__paper_roles,2019-03-14 22:00:00,14.0573354695,36.5168767334,0,0,0,12,12,2064,207
compact51__paper_roles,2019-03-14 23:00:00,11.0124995718,36.7074049697,0,0,0,12,12,357,217
compact51__paper_roles,2019-03-15 00:00:00,10.0674105609,36.8266459847,0,0,0,12,12,145,229
compact51__paper_roles,2019-03-15 01:00:00,10.8470228657,39.2972055428,0,0,0,12,12,310,426
compact51__paper_roles,2019-03-15 02:00:00,11.5412874711,40.1459242868,0,0,0,12,12,573,526
compact51__paper_roles,2019-03-15 03:00:00,11.2980171476,39.6639594898,0,0,0,12,12,463,470
compact51__paper_roles,2019-03-15 04:00:00,18.1145192232,43.9151474965,0,0,0,12,12,5206,1149
compact51__paper_roles,2019-03-15 05:00:00,19.5218977177,50.0479400378,0,0,0,12,12,6107,2679
compact51__paper_roles,2019-03-15 06:00:00,19.6023057352,66.3990295532,0,0,0,12,12,6150,4974
compact51__paper_roles,2019-03-15 07:00:00,17.6863058219,50.4962460207,0,0,0,12,12,4896,2799
compact51__paper_roles,2019-03-15 08:00:00,14.4679010106,59.0210717481,0,0,0,12,12,2384,4372
compact51__paper_roles,2019-03-15 09:00:00,11.1928308403,71.8198166868,0,0,0,12,12,423,5220
compact51__paper_roles,2019-03-15 10:00:00,11.1452813339,47.8008609839,0,0,0,12,12,411,2087
compact51__paper_roles,2019-03-15 11:00:00,11.2827728593,49.549281838,0,0,0,12,12,457,2557
compact51__paper_roles,2019-03-15 12:00:00,11.4611208835,80.8942458787,0,0,0,12,12,538,5595
compact51__paper_roles,2019-03-15 13:00:00,16.1622342477,49.8903720959,0,0,0,11,11,3738,2639
compact51__paper_roles,2019-03-15 14:00:00,17.7799471844,50.9003533389,0,0,0,12,12,4958,2906
compact51__paper_roles,2019-03-15 15:00:00,16.7859787569,46.4699424987,0,0,0,12,12,4215,1712
compact51__paper_roles,2019-03-15 16:00:00,18.2679644312,52.6512284826,0,0,0,12,12,5304,3320
compact51__paper_roles,2019-03-15 17:00:00,17.7836625223,49.6649573672,0,0,0,12,12,4959,2586
compact51__paper_roles,2019-03-15 18:00:00,17.3226176739,47.0454730406,0,0,0,12,12,4628,1881
compact51__paper_roles,2019-03-15 19:00:00,16.7311618127,48.0426954561,0,0,0,12,12,4176,2157
compact51__paper_roles,2019-03-15 20:00:00,17.9637308657,45.8850713871,0,0,0,12,12,5105,1582
compact51__paper_roles,2019-03-15 21:00:00,16.4447815646,46.6498919516,0,0,0,12,12,3960,1767
compact51__paper_roles,2019-03-15 22:00:00,15.6176539409,46.7235485631,0,0,0,12,12,3293,1786
compact51__paper_roles,2019-03-15 23:00:00,18.4193884343,52.8999804308,0,0,0,12,12,5409,3377
compact51__paper_roles,2019-03-16 00:00:00,15.2485587419,54.4309568016,0,0,0,12,12,3022,3689
compact51__paper_roles,2019-03-16 01:00:00,17.8160901897,55.6251321752,0,0,0,12,12,4984,3911
compact51__paper_roles,2019-03-16 02:00:00,16.4961971063,52.0338930645,0,0,0,12,12,4003,3170
compact51__paper_roles,2019-03-16 03:00:00,13.3651623285,48.2161112404,0,0,0,12,12,1596,2207
compact51__paper_roles,2019-03-16 04:00:00,15.7409409761,54.9501045303,0,0,0,12,12,3404,3780
compact51__paper_roles,2019-03-16 05:00:00,18.2529725,60.1373911383,0,0,0,12,12,5291,4503
compact51__paper_roles,2019-03-16 06:00:00,18.0068728824,58.9483943783,0,0,0,12,12,5135,4361
compact51__paper_roles,2019-03-16 07:00:00,18.2121193556,53.2266071275,0,0,0,14,13,5267,3463
compact51__paper_roles,2019-03-16 08:00:00,15.2690559525,47.606835961,0,0,0,12,12,3035,2040
compact51__paper_roles,2019-03-16 09:00:00,16.1125387675,53.2414537647,0,0,0,12,12,3694,3471
compact51__paper_roles,2019-03-16 10:00:00,15.1928062872,52.6651736499,0,0,0,12,12,2970,3324
compact51__paper_roles,2019-03-16 11:00:00,16.3511768609,52.936739092,0,0,0,12,12,3887,3389
compact51__paper_roles,2019-03-16 12:00:00,16.8390876922,52.0145831383,0,0,0,12,12,4253,3167
compact51__paper_roles,2019-03-16 13:00:00,16.2502608712,60.5292778753,0,0,0,12,12,3809,4529
compact51__paper_roles,2019-03-16 14:00:00,16.3418985095,60.8452694573,0,0,0,12,12,3876,4565
compact51__paper_roles,2019-03-16 15:00:00,16.3706978271,61.4241376214,0,0,0,12,12,3897,4611
compact51__paper_roles,2019-03-16 16:00:00,17.4163695786,60.3496793493,0,0,0,12,12,4695,4519
compact51__paper_roles,2019-03-16 17:00:00,16.8225138091,58.7529869308,0,0,0,12,12,4239,4340
compact51__paper_roles,2019-03-16 18:00:00,14.8374582888,57.6014100304,0,0,0,12,12,2683,4214
compact51__paper_roles,2019-03-16 19:00:00,13.3272038517,51.355996241,0,0,0,12,12,1577,3014
compact51__paper_roles,2019-03-16 20:00:00,13.750757065,55.1367811254,0,0,0,12,12,1848,3816
compact51__paper_roles,2019-03-16 21:00:00,14.9397887241,57.5022659639,0,0,0,12,12,2763,4194
compact51__paper_roles,2019-03-16 22:00:00,19.557945784,56.3995322454,0,0,0,12,12,6127,4040
compact51__paper_roles,2019-03-16 23:00:00,14.5395860567,56.1661776872,0,0,0,12,12,2446,4005
compact51__paper_roles,2019-03-17 00:00:00,10.571620246,50.8960038371,0,0,0,12,12,248,2905
compact51__paper_roles,2019-03-17 01:00:00,10.5123844606,45.6613508558,0,0,0,12,12,235,1526
compact51__paper_roles,2019-03-17 02:00:00,11.4425365629,45.2568293987,0,0,0,12,12,530,1433
compact51__paper_roles,2019-03-17 03:00:00,10.3889169856,44.9366445905,0,0,0,12,12,205,1353
compact51__paper_roles,2019-03-17 04:00:00,10.5425578568,49.2589397485,0,0,0,12,12,243,2475
compact51__paper_roles,2019-03-17 05:00:00,13.4444872463,52.1480349289,0,0,0,12,12,1648,3205
compact51__paper_roles,2019-03-17 06:00:00,13.6781696094,46.9868369322,0,0,0,12,12,1803,1865
compact51__paper_roles,2019-03-17 07:00:00,10.0714767508,42.0668622972,0,0,0,12,12,147,812
compact51__paper_roles,2019-03-17 08:00:00,9.40082675474,45.0315254731,0,0,0,12,12,55,1378
compact51__paper_roles,2019-03-17 09:00:00,10.3851100795,49.392283286,0,0,0,12,12,203,2511
compact51__paper_roles,2019-03-17 10:00:00,12.9690083085,78.8655440047,0,0,0,12,12,1343,5502
compact51__paper_roles,2019-03-17 11:00:00,14.7282168485,97.2817055231,0,0,0,12,12,2595,6139
compact51__paper_roles,2019-03-17 12:00:00,13.9284096427,69.9869143104,0,0,0,12,12,1984,5141
compact51__paper_roles,2019-03-17 13:00:00,13.8847615223,70.3963378189,0,0,0,12,12,1941,5161
compact51__paper_roles,2019-03-17 14:00:00,14.1969970534,65.0170279509,0,0,0,12,12,2173,4894
compact51__paper_roles,2019-03-17 15:00:00,13.7070340138,54.4797350715,0,0,0,12,12,1822,3698
compact51__paper_roles,2019-03-17 16:00:00,15.6881634995,67.3693276946,0,0,0,12,12,3351,5025
compact51__paper_roles,2019-03-17 17:00:00,14.1224519334,55.9107985975,0,0,0,12,12,2118,3963
compact51__paper_roles,2019-03-17 18:00:00,11.8698032781,52.1892031676,0,0,0,12,12,704,3211
compact51__paper_roles,2019-03-17 19:00:00,12.1994171504,49.4966949987,0,0,0,12,12,892,2543
compact51__paper_roles,2019-03-17 20:00:00,10.0152767237,54.3721504387,0,0,0,12,12,137,3681
compact51__paper_roles,2019-03-17 21:00:00,11.1144354209,54.230821266,0,0,0,12,12,402,3657
compact51__paper_roles,2019-03-17 22:00:00,11.0295902878,60.994915951,0,0,0,12,12,361,4576
compact51__paper_roles,2019-03-17 23:00:00,13.1164226942,60.6741750654,0,0,0,12,12,1452,4545
compact51__paper_roles,2019-03-18 00:00:00,12.0318063744,53.0690615228,0,0,0,13,13,804,3427
compact51__paper_roles,2019-03-18 01:00:00,12.5117747976,58.5249748935,0,0,0,12,12,1085,4316
compact51__paper_roles,2019-03-18 02:00:00,14.0722038473,67.3760248702,0,0,0,12,12,2073,5026
compact51__paper_roles,2019-03-18 03:00:00,16.1240937031,67.2678070839,0,0,0,12,12,3706,5016
compact51__paper_roles,2019-03-18 04:00:00,21.6830793386,63.3771885632,0,0,0,12,12,7086,4765
compact51__paper_roles,2019-03-18 05:00:00,25.0064811455,68.2774803579,0,0,0,12,12,7955,5070
compact51__paper_roles,2019-03-18 06:00:00,15.1850860099,45.4227418153,0,0,0,12,12,2963,1476
compact51__paper_roles,2019-03-18 07:00:00,14.3952801471,49.0949041852,0,0,0,12,12,2333,2440
compact51__paper_roles,2019-03-18 08:00:00,16.7521258233,46.4038169859,0,0,0,12,12,4189,1697
compact51__paper_roles,2019-03-18 09:00:00,16.4745693634,46.9004011554,0,0,0,12,12,3983,1833
compact51__paper_roles,2019-03-18 10:00:00,13.1554048715,51.3199236767,0,0,0,12,12,1469,3006
compact51__paper_roles,2019-03-18 11:00:00,11.3658812266,57.5150507379,0,0,0,12,12,492,4199
compact51__paper_roles,2019-03-18 12:00:00,11.8805208697,58.0689532822,0,0,0,14,14,711,4268
compact51__paper_roles,2019-03-18 13:00:00,11.543300751,52.8523051898,0,0,0,10,10,577,3367
compact51__paper_roles,2019-03-18 14:00:00,9.73753787359,57.0488441129,0,0,0,12,12,93,4139
compact51__paper_roles,2019-03-18 15:00:00,10.9957636563,55.1106617841,0,0,0,12,12,351,3814
compact51__paper_roles,2019-03-18 16:00:00,11.0614830536,52.7770447404,0,0,0,12,12,376,3347
compact51__paper_roles,2019-03-18 17:00:00,12.2173689792,50.3761707974,0,0,0,12,12,905,2768
compact51__paper_roles,2019-03-18 18:00:00,12.2857784364,48.6202580915,0,0,0,12,12,950,2325
compact51__paper_roles,2019-03-18 19:00:00,12.7689858122,48.6749919631,0,0,0,12,12,1211,2342
compact51__paper_roles,2019-03-18 20:00:00,13.7794254596,49.9223740384,0,0,0,12,12,1876,2647
compact51__paper_roles,2019-03-18 21:00:00,15.4002462864,45.7708439244,0,0,0,12,12,3125,1550
compact51__paper_roles,2019-03-18 22:00:00,18.4180539517,40.7976061539,0,0,0,12,12,5408,617
compact51__paper_roles,2019-03-18 23:00:00,10.4967554903,45.9934384454,0,0,0,12,12,233,1615
compact51__paper_roles,2019-03-19 00:00:00,14.185347266,50.2812389188,0,0,0,12,12,2166,2744
compact51__paper_roles,2019-03-19 01:00:00,14.1865704157,49.4783073566,0,0,0,12,12,2167,2535
compact51__paper_roles,2019-03-19 02:00:00,15.2363807317,51.8671834174,0,0,0,12,12,3010,3141
compact51__paper_roles,2019-03-19 03:00:00,15.5735377028,54.535781953,0,0,0,12,12,3257,3707
compact51__paper_roles,2019-03-19 04:00:00,23.0274287819,55.879758719,0,0,0,12,12,7504,3960
compact51__paper_roles,2019-03-19 05:00:00,22.3158357527,54.5529618251,0,0,0,12,12,7298,3710
compact51__paper_roles,2019-03-19 06:00:00,17.8987058572,41.2223331324,0,0,0,12,12,5041,685
compact51__paper_roles,2019-03-19 07:00:00,30.094369922,67.282811185,0,0,0,12,12,8523,5018
compact51__paper_roles,2019-03-19 08:00:00,25.5383952706,63.034706596,0,0,0,12,12,8057,4738
compact51__paper_roles,2019-03-19 09:00:00,17.9509173344,41.21393989,0,0,0,12,12,5090,684
compact51__paper_roles,2019-03-19 10:00:00,13.0216475435,50.1208778221,0,0,0,12,12,1382,2701
compact51__paper_roles,2019-03-19 11:00:00,14.1874524697,51.7145801291,0,0,0,12,12,2168,3095
compact51__paper_roles,2019-03-19 12:00:00,9.51112570726,55.5301466918,0,0,0,12,12,68,3893
compact51__paper_roles,2019-03-19 13:00:00,13.0700413792,55.4592729071,0,0,0,12,12,1413,3876
compact51__paper_roles,2019-03-19 14:00:00,10.5162588955,54.6103150699,0,0,0,12,12,237,3723
compact51__paper_roles,2019-03-19 15:00:00,13.2579374521,52.5779103035,0,0,0,12,12,1529,3301
compact51__paper_roles,2019-03-19 16:00:00,14.233666324,53.2290305963,0,0,0,12,12,2199,3464
compact51__paper_roles,2019-03-19 17:00:00,11.4670068624,47.7337561651,0,0,0,12,12,542,2062
compact51__paper_roles,2019-03-19 18:00:00,11.589259089,51.8326913143,0,0,0,12,12,591,3135
compact51__paper_roles,2019-03-19 19:00:00,11.7124780582,55.4590996949,0,0,0,12,12,635,3875
compact51__paper_roles,2019-03-19 20:00:00,13.8388320933,49.7517942884,0,0,0,12,12,1913,2607
compact51__paper_roles,2019-03-19 21:00:00,19.0241793818,40.6171387289,0,0,0,12,12,5811,594
compact51__paper_roles,2019-03-19 22:00:00,18.3836703171,44.5562344775,0,0,0,12,12,5380,1278
compact51__paper_roles,2019-03-19 23:00:00,13.7031586355,46.9139026195,0,0,0,12,12,1818,1837
compact51__paper_roles,2019-03-20 00:00:00,12.1144035765,47.8785529228,0,0,0,12,12,840,2106
compact51__paper_roles,2019-03-20 01:00:00,10.5193529934,48.2191410219,0,0,0,12,12,238,2208
compact51__paper_roles,2019-03-20 02:00:00,11.9474070384,45.3115591618,0,0,0,12,12,748,1445
compact51__paper_roles,2019-03-20 03:00:00,13.2110989948,48.8138196123,0,0,0,12,12,1508,2371
compact51__paper_roles,2019-03-20 04:00:00,13.9006355958,53.4224712222,0,0,0,12,12,1955,3512
compact51__paper_roles,2019-03-20 05:00:00,15.7145743805,50.6183456332,0,0,0,12,12,3383,2826
compact51__paper_roles,2019-03-20 06:00:00,11.4882371768,42.5676201087,0,0,0,12,12,553,908
compact51__paper_roles,2019-03-20 07:00:00,13.6541104086,38.0679205164,0,0,0,12,12,1786,314
compact51__paper_roles,2019-03-20 08:00:00,10.6852999855,42.6867775305,0,0,0,13,12,271,926
compact51__paper_roles,2019-03-20 09:00:00,14.229130095,43.6043758331,0,0,0,12,12,2194,1082
compact51__paper_roles,2019-03-20 10:00:00,11.9840866299,49.9164026305,0,0,0,12,12,772,2646
compact51__paper_roles,2019-03-20 11:00:00,11.3607431048,50.7111307074,0,0,0,12,12,490,2855
compact51__paper_roles,2019-03-20 12:00:00,11.2718845492,53.1304225821,0,0,0,12,12,454,3441
compact51__paper_roles,2019-03-20 13:00:00,9.61065180057,55.4060554159,0,0,0,14,14,76,3863
compact51__paper_roles,2019-03-20 14:00:00,10.9264004988,45.3121566636,0,0,0,12,12,337,1446
compact51__paper_roles,2019-03-20 15:00:00,10.0104247576,56.5308275075,0,0,0,12,12,136,4066
compact51__paper_roles,2019-03-20 16:00:00,11.9063858247,54.6037231066,0,0,0,12,12,722,3721
compact51__paper_roles,2019-03-20 17:00:00,12.4217033667,48.0086084352,0,0,0,12,12,1023,2145
compact51__paper_roles,2019-03-20 18:00:00,12.5366228369,52.0417951091,0,0,0,12,12,1095,3174
compact51__paper_roles,2019-03-20 19:00:00,10.4242949324,52.7893925155,0,0,0,12,12,217,3348
compact51__paper_roles,2019-03-20 20:00:00,14.2011339643,47.9353365115,0,0,0,12,12,2175,2117
compact51__paper_roles,2019-03-20 21:00:00,13.3375178497,48.0019442457,0,0,0,12,12,1581,2143
compact51__paper_roles,2019-03-20 22:00:00,16.8782823461,43.4033609028,0,0,0,12,12,4282,1040
compact51__paper_roles,2019-03-20 23:00:00,15.8767622903,54.432926315,0,0,0,12,12,3515,3690
compact51__paper_roles,2019-03-21 00:00:00,11.4620393362,54.1118798575,0,0,0,12,12,539,3633
compact51__paper_roles,2019-03-21 01:00:00,12.1571941327,48.9680447916,0,0,0,12,12,863,2409
compact51__paper_roles,2019-03-21 02:00:00,10.4270346667,47.6004790607,0,0,0,12,12,220,2038
compact51__paper_roles,2019-03-21 03:00:00,10.2743169271,48.9248720627,0,0,0,12,12,189,2399
compact51__paper_roles,2019-03-21 04:00:00,17.4131829975,49.9050264791,0,0,0,12,12,4691,2643
compact51__paper_roles,2019-03-21 05:00:00,17.8262428761,59.0105834425,0,0,0,12,12,4993,4370
compact51__paper_roles,2019-03-21 06:00:00,13.8735440202,50.2531089357,0,0,0,12,12,1933,2737
compact51__paper_roles,2019-03-21 07:00:00,12.5157584539,52.9072303353,0,0,0,12,12,1088,3382
compact51__paper_roles,2019-03-21 08:00:00,11.1602920146,53.1775654024,0,0,0,12,12,415,3452
compact51__paper_roles,2019-03-21 09:00:00,11.4263261496,49.5954453799,0,0,0,12,12,522,2569
compact51__paper_roles,2019-03-21 10:00:00,12.6496334538,45.8717699114,0,0,0,12,12,1160,1580
compact51__paper_roles,2019-03-21 11:00:00,12.3253824577,48.5483638452,0,0,0,12,12,969,2311
compact51__paper_roles,2019-03-21 12:00:00,11.781316309,50.1389148831,0,0,0,12,12,658,2705
compact51__paper_roles,2019-03-21 13:00:00,10.8477008989,53.9544201373,0,0,0,12,12,311,3601
compact51__paper_roles,2019-03-21 14:00:00,7.49858725081,48.3732597579,0,0,0,12,12,1,2269
compact51__paper_roles,2019-03-21 15:00:00,8.79729404455,46.3572283644,0,0,0,12,12,25,1681
compact51__paper_roles,2019-03-21 16:00:00,9.71502992054,46.5392556977,0,0,0,12,12,88,1731
compact51__paper_roles,2019-03-21 17:00:00,10.5143218401,46.0401590148,0,0,0,12,12,236,1620
compact51__paper_roles,2019-03-21 18:00:00,10.1731865404,40.2163124393,0,0,0,12,12,164,533
compact51__paper_roles,2019-03-21 19:00:00,10.5251997852,43.9105425752,0,0,0,12,12,240,1148
compact51__paper_roles,2019-03-21 20:00:00,13.473524354,46.6037519604,0,0,0,12,12,1663,1756
compact51__paper_roles,2019-03-21 21:00:00,14.7928226006,44.5592243163,0,0,0,12,12,2648,1280
compact51__paper_roles,2019-03-21 22:00:00,10.4063333722,45.4240246676,0,0,0,12,12,209,1477
compact51__paper_roles,2019-03-21 23:00:00,11.9887416459,44.4414152453,0,0,0,12,12,775,1257
compact51__paper_roles,2019-03-22 00:00:00,14.291723152,53.5885542085,0,0,0,14,13,2254,3539
compact51__paper_roles,2019-03-22 01:00:00,12.4985544682,56.6643697251,0,0,0,11,11,1071,4085
compact51__paper_roles,2019-03-22 02:00:00,14.4173713701,57.0693999239,0,0,0,12,12,2349,4141
compact51__paper_roles,2019-03-22 03:00:00,14.0129801478,57.5794163603,0,0,0,12,12,2033,4208
compact51__paper_roles,2019-03-22 04:00:00,18.0043537694,60.8050884171,0,0,0,12,12,5134,4560
compact51__paper_roles,2019-03-22 05:00:00,17.0828447051,59.6828725048,0,0,0,12,12,4433,4452
compact51__paper_roles,2019-03-22 06:00:00,13.9245398957,59.139491856,0,0,0,12,12,1980,4387
compact51__paper_roles,2019-03-22 07:00:00,10.8817631245,52.0464390061,0,0,0,12,12,321,3175
compact51__paper_roles,2019-03-22 08:00:00,11.8794056091,50.7317482747,0,0,0,12,12,710,2859
compact51__paper_roles,2019-03-22 09:00:00,11.4997653185,55.815111118,0,0,0,12,12,558,3949
compact51__paper_roles,2019-03-22 10:00:00,14.6419151073,53.6949440572,0,0,0,12,12,2533,3556
compact51__paper_roles,2019-03-22 11:00:00,13.484000723,53.2182908019,0,0,0,12,12,1670,3461
compact51__paper_roles,2019-03-22 12:00:00,13.9379658984,51.3570018506,0,0,0,12,12,1989,3015
compact51__paper_roles,2019-03-22 13:00:00,13.3957705308,58.2639807212,0,0,0,12,12,1617,4282
compact51__paper_roles,2019-03-22 14:00:00,12.5541783668,58.6032874888,0,0,0,12,12,1104,4329
compact51__paper_roles,2019-03-22 15:00:00,12.5086475848,66.589352081,0,0,0,12,12,1082,4981
compact51__paper_roles,2019-03-22 16:00:00,14.0369271829,68.890452703,0,0,0,12,12,2045,5094
compact51__paper_roles,2019-03-22 17:00:00,13.5254451474,61.111685422,0,0,0,12,12,1693,4590
compact51__paper_roles,2019-03-22 18:00:00,12.8525338159,61.1675897576,0,0,0,12,12,1269,4596
compact51__paper_roles,2019-03-22 19:00:00,11.9669729709,58.9915264978,0,0,0,12,12,760,4367
compact51__paper_roles,2019-03-22 20:00:00,11.0907908598,56.7943047803,0,0,0,12,12,390,4106
compact51__paper_roles,2019-03-22 21:00:00,13.5419384182,55.1953936023,0,0,0,12,12,1705,3827
compact51__paper_roles,2019-03-22 22:00:00,15.8990179456,48.9910693199,0,0,0,12,12,3532,2415
compact51__paper_roles,2019-03-22 23:00:00,11.6801713721,53.5266291951,0,0,0,12,12,627,3531
compact51__paper_roles,2019-03-23 00:00:00,11.5558767825,52.963339016,0,0,0,12,12,581,3394
compact51__paper_roles,2019-03-23 01:00:00,11.5745486482,47.7999955427,0,0,0,12,12,585,2086
compact51__paper_roles,2019-03-23 02:00:00,12.2122703668,48.7162644596,0,0,0,12,12,900,2354
compact51__paper_roles,2019-03-23 03:00:00,12.2319049127,50.528599993,0,0,0,12,12,919,2809
compact51__paper_roles,2019-03-23 04:00:00,12.3553428532,48.7657937181,0,0,0,12,12,981,2365
compact51__paper_roles,2019-03-23 05:00:00,14.0416828505,47.7137337369,0,0,0,12,12,2050,2057
compact51__paper_roles,2019-03-23 06:00:00,12.9947725321,48.3938721769,0,0,0,12,12,1361,2277
compact51__paper_roles,2019-03-23 07:00:00,11.0873505217,40.9321964501,0,0,0,12,12,388,633
compact51__paper_roles,2019-03-23 08:00:00,13.7443298933,82.9053743442,0,0,0,12,12,1840,5664
compact51__paper_roles,2019-03-23 09:00:00,17.129510657,82.7930450287,0,0,0,12,12,4460,5661
compact51__paper_roles,2019-03-23 10:00:00,18.3238762665,85.2045791092,0,0,0,12,12,5332,5759
compact51__paper_roles,2019-03-23 11:00:00,16.5561532091,97.7720020306,0,0,0,12,12,4042,6151
compact51__paper_roles,2019-03-23 12:00:00,18.3923587688,106.397516404,0,0,0,12,12,5389,6371
compact51__paper_roles,2019-03-23 13:00:00,18.3054152816,107.152214115,0,0,0,12,12,5322,6378
compact51__paper_roles,2019-03-23 14:00:00,18.0841321647,108.506368307,0,0,0,12,12,5178,6406
compact51__paper_roles,2019-03-23 15:00:00,17.9599928197,111.709035461,0,0,0,12,12,5103,6471
compact51__paper_roles,2019-03-23 16:00:00,20.3236070071,114.947548736,0,0,0,12,12,6491,6528
compact51__paper_roles,2019-03-23 17:00:00,19.6090032214,108.48216588,0,0,0,12,12,6153,6405
compact51__paper_roles,2019-03-23 18:00:00,18.6432287725,95.8577805879,0,0,0,12,12,5560,6101
compact51__paper_roles,2019-03-23 19:00:00,15.7816060483,88.863961317,0,0,0,12,12,3432,5871
compact51__paper_roles,2019-03-23 20:00:00,17.1570916819,85.4694506724,0,0,0,12,12,4480,5771
compact51__paper_roles,2019-03-23 21:00:00,16.448595671,89.6073407303,0,0,0,12,12,3966,5895
compact51__paper_roles,2019-03-23 22:00:00,13.1108795246,45.3235670939,0,0,0,12,12,1444,1451
compact51__paper_roles,2019-03-23 23:00:00,17.1886149081,54.9891585011,0,0,0,12,12,4515,3787
compact51__paper_roles,2019-03-24 00:00:00,14.9136424899,51.2544154309,0,0,0,12,12,2740,2988
compact51__paper_roles,2019-03-24 01:00:00,15.6633413828,53.2347214808,0,0,0,12,12,3334,3467
compact51__paper_roles,2019-03-24 02:00:00,14.9753824953,49.309457701,0,0,0,12,12,2797,2488
compact51__paper_roles,2019-03-24 03:00:00,14.8372560431,50.6381968826,0,0,0,12,12,2682,2830
compact51__paper_roles,2019-03-24 04:00:00,15.2111839772,48.875049809,0,0,0,12,12,2988,2385
compact51__paper_roles,2019-03-24 05:00:00,12.4819000011,40.8496341011,0,0,0,12,12,1063,625
compact51__paper_roles,2019-03-24 06:00:00,11.9109234164,43.0963343095,0,0,0,12,12,727,990
compact51__paper_roles,2019-03-24 07:00:00,12.920439663,42.2265199309,0,0,0,12,12,1310,841
compact51__paper_roles,2019-03-24 08:00:00,14.495773813,43.0112631291,0,0,0,12,12,2410,977
compact51__paper_roles,2019-03-24 09:00:00,15.2470159077,52.2133471395,0,0,0,12,12,3018,3220
compact51__paper_roles,2019-03-24 10:00:00,18.9796749106,84.9715775917,0,0,0,12,12,5779,5748
compact51__paper_roles,2019-03-24 11:00:00,22.0044614849,126.933257235,0,0,0,12,12,7192,6758
compact51__paper_roles,2019-03-24 12:00:00,22.5473984074,167.846751961,0,0,0,12,12,7364,7247
compact51__paper_roles,2019-03-24 13:00:00,21.4585179791,326.801399615,0,0,0,12,12,6995,8000
compact51__paper_roles,2019-03-24 14:00:00,18.0887681206,196.197148969,0,0,0,13,13,5182,7460
compact51__paper_roles,2019-03-24 15:00:00,18.7927728445,124.846186287,0,0,0,10,10,5659,6713
compact51__paper_roles,2019-03-24 16:00:00,16.0393305655,69.595423927,0,0,0,12,12,3637,5125
compact51__paper_roles,2019-03-24 17:00:00,16.2453172129,63.224646735,0,0,0,12,12,3807,4754
compact51__paper_roles,2019-03-24 18:00:00,13.9378383883,56.4963444543,0,0,0,12,12,1988,4060
compact51__paper_roles,2019-03-24 19:00:00,16.3669516447,60.1089550174,0,0,0,12,12,3894,4498
compact51__paper_roles,2019-03-24 20:00:00,14.3898195628,48.5498733471,0,0,0,12,12,2330,2312
compact51__paper_roles,2019-03-24 21:00:00,17.803471304,60.5163119449,0,0,0,12,12,4973,4528
compact51__paper_roles,2019-03-24 22:00:00,14.9985982903,65.25066802,0,0,0,12,12,2819,4910
compact51__paper_roles,2019-03-24 23:00:00,15.6960475407,78.4550144135,0,0,0,12,12,3362,5491
compact51__paper_roles,2019-03-25 00:00:00,14.1781347081,62.4844086277,0,0,0,12,12,2155,4697
compact51__paper_roles,2019-03-25 01:00:00,13.2276053636,60.5774172939,0,0,0,12,12,1516,4533
compact51__paper_roles,2019-03-25 02:00:00,18.6057230205,69.8175384528,0,0,0,12,12,5533,5133
compact51__paper_roles,2019-03-25 03:00:00,21.1064456747,82.7342218754,0,0,0,12,12,6841,5658
compact51__paper_roles,2019-03-25 04:00:00,26.1594904404,150.24252996,0,0,0,12,12,8160,7058
compact51__paper_roles,2019-03-25 05:00:00,21.3950925729,151.34233863,0,0,0,12,12,6961,7070
compact51__paper_roles,2019-03-25 06:00:00,17.9263575549,93.2475392922,0,0,0,12,12,5067,6016
compact51__paper_roles,2019-03-25 07:00:00,14.579886129,141.179327969,0,0,0,12,12,2478,6951
compact51__paper_roles,2019-03-25 08:00:00,15.0330056578,61.8974387687,0,0,0,12,12,2846,4654
compact51__paper_roles,2019-03-25 09:00:00,16.3382851882,100.685249348,1,0,0,12,12,3872,6228
compact51__paper_roles,2019-03-25 10:00:00,14.4333621731,65.6875669775,0,0,0,12,12,2365,4931
compact51__paper_roles,2019-03-25 11:00:00,18.1585290841,202.143176674,0,0,0,12,12,5235,7505
compact51__paper_roles,2019-03-25 12:00:00,16.0512802951,57.0853896879,0,0,0,12,12,3649,4142
compact51__paper_roles,2019-03-25 13:00:00,15.1879636407,64.9975818591,0,0,0,12,12,2965,4892
compact51__paper_roles,2019-03-25 14:00:00,14.5884535153,57.8512826737,0,0,0,12,12,2483,4242
compact51__paper_roles,2019-03-25 15:00:00,14.2547510547,56.8073766722,0,0,0,12,12,2216,4111
compact51__paper_roles,2019-03-25 16:00:00,17.5644984373,74.5837712207,0,0,0,12,12,4801,5338
compact51__paper_roles,2019-03-25 17:00:00,15.590271931,58.231034745,0,0,0,12,12,3272,4279
compact51__paper_roles,2019-03-25 18:00:00,13.6096717858,56.7853374649,0,0,0,12,12,1752,4104
compact51__paper_roles,2019-03-25 19:00:00,13.7052454799,53.7140662182,0,0,0,12,12,1821,3559
compact51__paper_roles,2019-03-25 20:00:00,18.0875179052,51.5300499574,0,0,0,12,12,5181,3053
compact51__paper_roles,2019-03-25 21:00:00,16.617737227,53.9317349178,0,0,0,12,12,4085,3596
compact51__paper_roles,2019-03-25 22:00:00,18.6897191595,248.000413986,0,0,0,12,12,5593,7753
compact51__paper_roles,2019-03-25 23:00:00,19.5595728409,589.639196193,0,0,0,12,12,6128,8332
compact51__paper_roles,2019-03-26 00:00:00,16.4629464757,340.190879841,1,0,0,12,12,3976,8031
compact51__paper_roles,2019-03-26 01:00:00,11.6583247614,49.4298889177,0,0,0,12,12,619,2522
compact51__paper_roles,2019-03-26 02:00:00,11.6197878315,52.5769541935,0,0,0,12,12,599,3300
compact51__paper_roles,2019-03-26 03:00:00,12.8331206591,55.8263061017,0,0,0,12,12,1256,3952
compact51__paper_roles,2019-03-26 04:00:00,18.9483190732,58.2831724913,0,0,0,12,12,5756,4285
compact51__paper_roles,2019-03-26 05:00:00,11.3916302414,50.1878719668,0,0,0,12,12,504,2723
compact51__paper_roles,2019-03-26 06:00:00,10.2078694495,49.3985506382,0,0,0,12,12,171,2515
compact51__paper_roles,2019-03-26 07:00:00,12.4808653272,58.9477519213,0,0,0,12,12,1061,4360
compact51__paper_roles,2019-03-26 08:00:00,15.492499726,62.6866212286,0,0,0,12,12,3178,4712
compact51__paper_roles,2019-03-26 09:00:00,16.1879478612,58.3783721882,0,0,0,12,12,3763,4300
compact51__paper_roles,2019-03-26 10:00:00,17.8960503149,79.4608347212,0,0,0,12,12,5039,5532
compact51__paper_roles,2019-03-26 11:00:00,14.4587811207,68.0614681707,0,0,0,12,12,2380,5062
compact51__paper_roles,2019-03-26 12:00:00,17.2805641316,76.0289616115,0,0,0,12,12,4595,5403
compact51__paper_roles,2019-03-26 13:00:00,17.5249308213,62.660855744,0,0,0,12,12,4769,4709
compact51__paper_roles,2019-03-26 14:00:00,15.0707529796,66.3968446439,0,0,0,12,12,2872,4973
compact51__paper_roles,2019-03-26 15:00:00,13.5445024332,75.3223194022,0,0,0,12,12,1706,5368
compact51__paper_roles,2019-03-26 16:00:00,14.0206156195,75.1815080137,0,0,0,12,12,2038,5364
compact51__paper_roles,2019-03-26 17:00:00,14.9378263109,55.190256825,0,0,0,12,12,2759,3825
compact51__paper_roles,2019-03-26 18:00:00,13.7045464013,51.431405193,0,0,0,12,12,1820,3029
compact51__paper_roles,2019-03-26 19:00:00,12.1561260271,56.2367676118,0,0,0,12,12,862,4015
compact51__paper_roles,2019-03-26 20:00:00,16.0966029483,51.7096861753,0,0,0,12,12,3678,3093
compact51__paper_roles,2019-03-26 21:00:00,17.0836265527,51.3047610571,0,0,0,12,12,4436,3001
compact51__paper_roles,2019-03-26 22:00:00,16.6217687857,49.8786845497,0,0,0,12,12,4089,2634
compact51__paper_roles,2019-03-26 23:00:00,14.9021533679,50.9232118776,0,0,0,12,12,2734,2913
compact51__paper_roles,2019-03-27 00:00:00,15.2904031613,67.9553297366,0,0,0,12,12,3055,5056
compact51__paper_roles,2019-03-27 01:00:00,16.7555754819,133.956263701,1,0,0,12,12,4192,6857
compact51__paper_roles,2019-03-27 02:00:00,11.9232319363,180.301781728,1,0,0,12,12,734,7349
compact51__paper_roles,2019-03-27 03:00:00,11.5617639601,174.029824718,0,0,0,12,12,582,7306
compact51__paper_roles,2019-03-27 04:00:00,14.1137815785,46.8937623817,0,0,0,12,12,2111,1830
compact51__paper_roles,2019-03-27 05:00:00,13.2629073201,51.0734990794,0,0,0,12,12,1535,2948
compact51__paper_roles,2019-03-27 06:00:00,20.9127499346,61.2371868413,0,0,0,12,12,6744,4600
compact51__paper_roles,2019-03-27 07:00:00,24.1426652193,55.211920457,0,0,0,12,12,7772,3832
compact51__paper_roles,2019-03-27 08:00:00,19.1691497597,54.3461234212,0,0,0,12,12,5906,3677
compact51__paper_roles,2019-03-27 09:00:00,19.6769251424,53.5204658327,0,0,0,12,12,6188,3529
compact51__paper_roles,2019-03-27 10:00:00,13.6578749998,60.3717702702,0,0,0,12,12,1790,4521
compact51__paper_roles,2019-03-27 11:00:00,13.7550566798,61.9664721501,0,0,0,12,12,1853,4661
compact51__paper_roles,2019-03-27 12:00:00,12.9451670813,61.0413786157,0,0,0,12,12,1328,4586
compact51__paper_roles,2019-03-27 13:00:00,14.1611362558,60.1646715522,0,0,0,12,12,2141,4506
compact51__paper_roles,2019-03-27 14:00:00,13.9066766201,48.7362289705,0,0,0,12,12,1960,2361
compact51__paper_roles,2019-03-27 15:00:00,9.91567432222,58.2742523633,0,0,0,12,12,123,4284
compact51__paper_roles,2019-03-27 16:00:00,9.85040904385,64.4794825108,0,0,0,12,12,109,4844
compact51__paper_roles,2019-03-27 17:00:00,11.6661824889,54.1170326929,0,0,0,12,12,621,3634
compact51__paper_roles,2019-03-27 18:00:00,13.8342118114,52.5012443043,0,0,0,12,12,1911,3281
compact51__paper_roles,2019-03-27 19:00:00,13.1644356565,59.6948796225,0,0,0,12,12,1476,4454
compact51__paper_roles,2019-03-27 20:00:00,15.9011976831,52.5092134869,0,0,0,12,12,3534,3286
compact51__paper_roles,2019-03-27 21:00:00,20.0202296944,43.4575168446,0,0,0,12,12,6358,1050
compact51__paper_roles,2019-03-27 22:00:00,21.9121742746,40.2558761594,0,0,0,12,12,7169,537
compact51__paper_roles,2019-03-27 23:00:00,16.1859722945,36.8508094396,0,0,0,12,12,3758,231
compact51__paper_roles,2019-03-28 00:00:00,13.7897851763,43.7151920716,0,0,0,12,12,1882,1104
compact51__paper_roles,2019-03-28 01:00:00,12.1924624038,43.8271145173,0,0,0,12,12,885,1129
compact51__paper_roles,2019-03-28 02:00:00,12.904677552,37.2113293975,0,0,0,12,12,1296,255
compact51__paper_roles,2019-03-28 03:00:00,10.5706013761,35.9615672746,0,0,0,12,12,247,180
compact51__paper_roles,2019-03-28 04:00:00,12.2815408374,38.0356585494,0,0,0,12,12,946,311
compact51__paper_roles,2019-03-28 05:00:00,10.1869067979,27.5317366633,0,0,0,12,12,167,10
compact51__paper_roles,2019-03-28 06:00:00,11.2477127455,46.9107213327,0,0,0,12,12,447,1836
compact51__paper_roles,2019-03-28 07:00:00,12.5000149892,48.7343731469,0,0,0,12,12,1073,2360
compact51__paper_roles,2019-03-28 08:00:00,12.5449339191,44.1572311216,0,0,0,12,12,1100,1198
compact51__paper_roles,2019-03-28 09:00:00,13.515081554,45.222175828,0,0,0,12,12,1689,1419
compact51__paper_roles,2019-03-28 10:00:00,14.0290017121,48.1567056224,0,0,0,12,12,2040,2189
compact51__paper_roles,2019-03-28 11:00:00,15.8890871862,51.3445015058,0,0,0,12,12,3527,3012
compact51__paper_roles,2019-03-28 12:00:00,11.9826413745,53.3365186692,0,0,0,12,12,770,3490
compact51__paper_roles,2019-03-28 13:00:00,11.4798697407,56.5212574149,0,0,0,12,12,546,4064
compact51__paper_roles,2019-03-28 14:00:00,12.7347873481,58.2937006007,0,0,0,12,12,1194,4287
compact51__paper_roles,2019-03-28 15:00:00,12.5719395393,57.5517667026,0,0,0,12,12,1117,4205
compact51__paper_roles,2019-03-28 16:00:00,11.6686711117,51.8497506067,0,0,0,12,12,622,3137
compact51__paper_roles,2019-03-28 17:00:00,9.75136069207,46.5574475026,0,0,0,12,12,97,1739
compact51__paper_roles,2019-03-28 18:00:00,12.0107631961,41.419254563,0,0,0,12,12,788,717
compact51__paper_roles,2019-03-28 19:00:00,12.5185057303,42.2950698437,0,0,0,12,12,1089,857
compact51__paper_roles,2019-03-28 20:00:00,12.2159241613,45.5834604047,0,0,0,12,12,904,1505
compact51__paper_roles,2019-03-28 21:00:00,13.0996906337,44.7119894096,0,0,0,12,12,1430,1303
compact51__paper_roles,2019-03-28 22:00:00,23.3585145631,44.4418773892,0,0,0,12,12,7595,1258
compact51__paper_roles,2019-03-28 23:00:00,16.0220521296,49.2225081509,0,0,0,12,12,3627,2468
compact51__paper_roles,2019-03-29 00:00:00,12.8756500334,49.4872861859,0,0,0,12,12,1281,2539
compact51__paper_roles,2019-03-29 01:00:00,13.548809453,52.4838702177,0,0,0,12,12,1708,3275
compact51__paper_roles,2019-03-29 02:00:00,14.0394434366,57.2237181099,0,0,0,12,12,2048,4162
compact51__paper_roles,2019-03-29 03:00:00,18.7270807741,67.7134827708,0,0,0,12,12,5620,5048
compact51__paper_roles,2019-03-29 04:00:00,25.9022375254,80.7859539213,0,0,0,12,12,8116,5588
compact51__paper_roles,2019-03-29 05:00:00,22.0352165813,59.2359213328,0,0,0,12,12,7196,4400
compact51__paper_roles,2019-03-29 06:00:00,15.3524902128,57.8267233997,0,0,0,12,12,3098,4239
compact51__paper_roles,2019-03-29 07:00:00,9.80602390769,51.5583254858,0,0,0,12,12,104,3060
compact51__paper_roles,2019-03-29 08:00:00,13.84336581,47.1007961988,0,0,0,12,12,1917,1903
compact51__paper_roles,2019-03-29 09:00:00,14.0092647766,47.9497502429,0,0,0,12,12,2030,2120
compact51__paper_roles,2019-03-29 10:00:00,14.6288985611,49.6236710925,0,0,0,12,12,2522,2578
compact51__paper_roles,2019-03-29 11:00:00,14.3222328734,51.0968113386,0,0,0,12,12,2282,2951
compact51__paper_roles,2019-03-29 12:00:00,13.4540702405,50.8077381772,0,0,0,13,13,1653,2880
compact51__paper_roles,2019-03-29 13:00:00,12.9674317328,50.4514041106,0,0,0,12,12,1341,2794
compact51__paper_roles,2019-03-29 14:00:00,11.7190437604,50.7006110306,0,0,0,13,12,637,2850
compact51__paper_roles,2019-03-29 15:00:00,12.0199157282,49.6545956651,0,0,0,12,12,794,2584
compact51__paper_roles,2019-03-29 16:00:00,12.7227182923,47.5317724467,0,0,0,12,12,1188,2021
compact51__paper_roles,2019-03-29 17:00:00,13.0296953539,46.885951946,0,0,0,12,12,1388,1829
compact51__paper_roles,2019-03-29 18:00:00,13.7412966725,46.2236808794,0,0,0,12,12,1838,1658
compact51__paper_roles,2019-03-29 19:00:00,15.0849446067,44.1989086799,0,0,0,12,12,2883,1204
compact51__paper_roles,2019-03-29 20:00:00,15.9934383992,48.3211197152,0,0,0,12,12,3601,2249
compact51__paper_roles,2019-03-29 21:00:00,13.9064202621,56.6605949253,0,0,0,12,12,1959,4081
compact51__paper_roles,2019-03-29 22:00:00,19.1424173545,54.1989437502,0,0,0,12,12,5892,3652
compact51__paper_roles,2019-03-29 23:00:00,17.6520737653,45.9013998951,0,0,0,12,12,4867,1587
compact51__paper_roles,2019-03-30 00:00:00,12.7833210892,38.4121556304,0,0,0,12,12,1223,339
compact51__paper_roles,2019-03-30 01:00:00,12.3829785221,45.1985230254,0,0,0,12,12,993,1416
compact51__paper_roles,2019-03-30 02:00:00,12.6667794798,59.5995892992,0,0,0,12,12,1167,4444
compact51__paper_roles,2019-03-30 03:00:00,11.1296152227,53.2352581839,0,0,0,12,12,408,3468
compact51__paper_roles,2019-03-30 04:00:00,12.2140197592,51.6317483781,0,0,0,12,12,903,3072
compact51__paper_roles,2019-03-30 05:00:00,13.8579810566,53.124018063,0,0,0,12,12,1922,3439
compact51__paper_roles,2019-03-30 06:00:00,14.3868170905,49.4578842779,0,0,0,12,12,2328,2527
compact51__paper_roles,2019-03-30 07:00:00,18.3964851539,46.9504658735,0,0,0,12,12,5392,1853
compact51__paper_roles,2019-03-30 08:00:00,15.9048569955,51.9864716949,0,0,0,12,12,3539,3161
compact51__paper_roles,2019-03-30 09:00:00,16.8251459946,45.7971794388,0,0,0,12,12,4241,1559
compact51__paper_roles,2019-03-30 10:00:00,15.725303727,48.9804620789,0,0,0,12,12,3391,2411
compact51__paper_roles,2019-03-30 11:00:00,18.6839187472,83.3918456972,0,0,0,12,12,5590,5683
compact51__paper_roles,2019-03-30 12:00:00,17.617536739,85.297046712,0,0,0,12,12,4843,5762
compact51__paper_roles,2019-03-30 13:00:00,15.2556431197,124.624531816,0,0,0,12,12,3028,6710
compact51__paper_roles,2019-03-30 14:00:00,17.3436679615,98.1473261463,0,0,0,12,12,4642,6159
compact51__paper_roles,2019-03-30 15:00:00,14.3160273616,57.1008768704,0,0,0,12,12,2277,4145
compact51__paper_roles,2019-03-30 16:00:00,11.3685589469,46.4492829456,0,0,0,12,12,493,1710
compact51__paper_roles,2019-03-30 17:00:00,12.1688281922,41.9116165945,0,0,0,12,12,871,791
compact51__paper_roles,2019-03-30 18:00:00,11.4153023412,41.5148125575,0,0,0,12,12,517,728
compact51__paper_roles,2019-03-30 19:00:00,13.5646188577,37.7352314742,0,0,0,12,12,1718,287
compact51__paper_roles,2019-03-30 20:00:00,15.229336956,41.8719373299,0,0,0,12,12,3003,786
compact51__paper_roles,2019-03-30 21:00:00,18.8079059783,61.7043629345,0,0,0,12,12,5668,4643
compact51__paper_roles,2019-03-30 22:00:00,19.2919444229,51.6782040512,0,0,0,12,12,5974,3085
compact51__paper_roles,2019-03-30 23:00:00,14.1100707984,49.4030350116,0,0,0,12,12,2108,2517
compact51__paper_roles,2019-03-31 00:00:00,13.9172402503,49.3972528235,0,0,0,12,12,1976,2514
compact51__paper_roles,2019-03-31 01:00:00,14.1154792211,50.5025714319,0,0,0,12,12,2112,2800
compact51__paper_roles,2019-03-31 02:00:00,17.5399138751,51.7933194157,0,0,0,12,12,4786,3124
compact51__paper_roles,2019-03-31 03:00:00,20.7206251894,50.8376521586,0,0,0,12,12,6654,2891
compact51__paper_roles,2019-03-31 04:00:00,19.4950029358,56.8539973582,0,0,0,11,11,6089,4119
compact51__paper_roles,2019-03-31 05:00:00,18.9642660654,59.1310991556,0,0,0,12,12,5768,4386
compact51__paper_roles,2019-03-31 06:00:00,17.382443611,54.9588839358,0,0,0,12,12,4671,3782
compact51__paper_roles,2019-03-31 07:00:00,19.648994023,54.6933040516,0,0,0,12,12,6175,3738
compact51__paper_roles,2019-03-31 08:00:00,15.8481643243,52.1178751682,0,0,0,12,12,3487,3195
compact51__paper_roles,2019-03-31 09:00:00,12.9360912294,49.6369643004,0,0,0,12,12,1320,2581
compact51__paper_roles,2019-03-31 10:00:00,17.4406525015,53.0582886964,0,0,0,12,12,4715,3420
compact51__paper_roles,2019-03-31 11:00:00,14.7729782718,53.8526790206,0,0,0,12,12,2629,3581
compact51__paper_roles,2019-03-31 12:00:00,14.3410526561,49.3722368335,0,0,0,12,12,2290,2504
compact51__paper_roles,2019-03-31 13:00:00,14.5227926911,54.5669561177,0,0,0,12,12,2433,3713
compact51__paper_roles,2019-03-31 14:00:00,15.8260878148,98.9845858038,0,0,0,13,13,3461,6176
compact51__paper_roles,2019-03-31 15:00:00,16.4690982904,132.582332829,0,0,0,12,12,3979,6839
compact51__paper_roles,2019-03-31 16:00:00,17.5557797211,107.866672254,0,0,0,12,12,4795,6392
compact51__paper_roles,2019-03-31 17:00:00,14.9306539103,70.5872427347,0,0,0,12,12,2754,5173
compact51__paper_roles,2019-03-31 18:00:00,15.7718028161,60.9845412694,0,0,0,12,12,3425,4574
compact51__paper_roles,2019-03-31 19:00:00,13.9149862544,45.8405736154,0,0,0,12,12,1972,1572
compact51__paper_roles,2019-03-31 20:00:00,16.5179860305,49.3016759769,0,0,0,12,12,4016,2484
compact51__paper_roles,2019-03-31 21:00:00,20.3581322778,39.8361817209,0,0,0,12,12,6508,493
compact51__paper_roles,2019-03-31 22:00:00,15.083821352,56.0420431705,0,0,0,12,12,2881,3986
compact51__paper_roles,2019-03-31 23:00:00,14.8788104725,60.6133745771,0,0,0,12,12,2717,4539
compact51__paper_roles,2019-04-01 00:00:00,14.7876883378,52.0339957784,0,0,0,12,12,2642,3171
compact51__paper_roles,2019-04-01 01:00:00,12.5666197618,52.990275962,0,0,0,12,12,1115,3400
compact51__paper_roles,2019-04-01 02:00:00,16.5645680779,51.5597858043,0,0,0,12,12,4045,3061
compact51__paper_roles,2019-04-01 03:00:00,17.0247867931,58.9813138324,0,0,0,12,12,4392,4365
compact51__paper_roles,2019-04-01 04:00:00,21.0975186377,59.7265087741,0,0,0,12,12,6834,4457
compact51__paper_roles,2019-04-01 05:00:00,24.358536971,59.0661090217,0,0,0,12,12,7821,4378
compact51__paper_roles,2019-04-01 06:00:00,17.5048934584,47.6375356621,0,0,0,12,12,4759,2049
compact51__paper_roles,2019-04-01 07:00:00,16.7101881149,50.6628115535,0,0,0,12,12,4161,2835
compact51__paper_roles,2019-04-01 08:00:00,15.8139859026,49.877675997,0,0,0,12,12,3455,2632
compact51__paper_roles,2019-04-01 09:00:00,9.85325634106,48.3504809848,0,0,0,12,12,110,2262
compact51__paper_roles,2019-04-01 10:00:00,12.1594970386,47.7360514572,0,0,0,12,12,864,2064
compact51__paper_roles,2019-04-01 11:00:00,10.9593348747,52.491501549,0,0,0,12,12,344,3277
compact51__paper_roles,2019-04-01 12:00:00,13.7900416602,54.0993575481,0,0,0,12,12,1883,3632
compact51__paper_roles,2019-04-01 13:00:00,11.2215255575,56.0681699246,0,0,0,12,12,438,3988
compact51__paper_roles,2019-04-01 14:00:00,12.0234315187,56.1528740754,0,0,0,12,12,797,4004
compact51__paper_roles,2019-04-01 15:00:00,12.3062115049,62.668644362,0,0,0,12,12,961,4710
compact51__paper_roles,2019-04-01 16:00:00,13.1455461063,60.6099309592,0,0,0,12,12,1466,4538
compact51__paper_roles,2019-04-01 17:00:00,10.8744031021,55.2885557035,0,0,0,12,12,318,3842
compact51__paper_roles,2019-04-01 18:00:00,12.8757981345,57.129832363,0,0,0,12,12,1282,4150
compact51__paper_roles,2019-04-01 19:00:00,13.1125350185,58.2835089115,0,0,0,12,12,1446,4286
compact51__paper_roles,2019-04-01 20:00:00,14.5357382297,52.8329751839,0,0,0,12,12,2445,3359
compact51__paper_roles,2019-04-01 21:00:00,14.3157119763,46.4916586983,0,0,0,12,12,2275,1716
compact51__paper_roles,2019-04-01 22:00:00,21.3705628746,45.8479004298,0,0,0,12,12,6951,1576
compact51__paper_roles,2019-04-01 23:00:00,16.6642647289,46.4430230606,0,0,0,12,12,4124,1708
compact51__paper_roles,2019-04-02 00:00:00,13.1949934398,45.6634047988,0,0,0,12,12,1495,1527
compact51__paper_roles,2019-04-02 01:00:00,12.570749245,51.395085106,0,0,0,12,12,1116,3022
compact51__paper_roles,2019-04-02 02:00:00,17.8536370865,51.2606069182,0,0,0,12,12,5014,2991
compact51__paper_roles,2019-04-02 03:00:00,22.0455562994,58.5138938936,0,0,0,12,12,7198,4312
compact51__paper_roles,2019-04-02 04:00:00,26.456033824,57.2801407506,0,0,0,12,12,8211,4171
compact51__paper_roles,2019-04-02 05:00:00,27.1642234367,65.6027903655,0,0,0,12,12,8308,4927
compact51__paper_roles,2019-04-02 06:00:00,12.0996600224,40.8680395866,0,0,0,12,12,835,626
compact51__paper_roles,2019-04-02 07:00:00,14.7433417534,41.7539335145,0,0,0,12,12,2608,774
compact51__paper_roles,2019-04-02 08:00:00,11.9318367136,45.9287396526,0,0,0,12,12,740,1593
compact51__paper_roles,2019-04-02 09:00:00,12.6716444397,54.7680177937,0,0,0,12,12,1171,3753
compact51__paper_roles,2019-04-02 10:00:00,13.3014630113,53.7693346755,0,0,0,12,12,1563,3568
compact51__paper_roles,2019-04-02 11:00:00,12.6385099553,49.8074512296,0,0,0,12,12,1148,2621
compact51__paper_roles,2019-04-02 12:00:00,16.463570092,61.8619000872,0,0,0,12,12,3977,4649
compact51__paper_roles,2019-04-02 13:00:00,18.9502020412,61.1429992694,0,0,0,12,12,5758,4594
compact51__paper_roles,2019-04-02 14:00:00,18.5279817318,57.9498536662,0,0,0,12,12,5468,4250
compact51__paper_roles,2019-04-02 15:00:00,16.368876293,52.4509885834,0,0,0,12,12,3895,3267
compact51__paper_roles,2019-04-02 16:00:00,16.0926120685,49.8753455781,0,0,0,12,12,3675,2631
compact51__paper_roles,2019-04-02 17:00:00,14.9807684499,46.3523873106,0,0,0,12,12,2801,1677
compact51__paper_roles,2019-04-02 18:00:00,14.9960632266,46.4949741506,0,0,0,12,12,2817,1717
compact51__paper_roles,2019-04-02 19:00:00,14.8037078136,45.6100199146,0,0,0,12,12,2656,1508
compact51__paper_roles,2019-04-02 20:00:00,13.9472192143,49.7199645585,0,0,0,12,12,1994,2593
compact51__paper_roles,2019-04-02 21:00:00,16.3357545214,48.3656255144,0,0,0,12,12,3869,2265
compact51__paper_roles,2019-04-02 22:00:00,18.1202666887,47.8459017629,0,0,0,12,12,5214,2099
compact51__paper_roles,2019-04-02 23:00:00,18.2221129839,53.8574869046,0,0,0,12,12,5273,3583
compact51__paper_roles,2019-04-03 00:00:00,13.1556016936,56.6425112932,0,0,0,12,12,1470,4077
compact51__paper_roles,2019-04-03 01:00:00,12.9669597377,54.8979630469,0,0,0,12,12,1340,3772
compact51__paper_roles,2019-04-03 02:00:00,10.9676948909,51.7970482115,0,0,0,12,12,347,3126
compact51__paper_roles,2019-04-03 03:00:00,12.9091257832,52.3951083362,0,0,0,12,12,1299,3253
compact51__paper_roles,2019-04-03 04:00:00,22.3558893657,63.3078761074,0,0,0,12,12,7315,4761
compact51__paper_roles,2019-04-03 05:00:00,20.5235592079,54.5707131239,0,0,0,12,12,6581,3715
compact51__paper_roles,2019-04-03 06:00:00,14.9414221304,52.1647443424,0,0,0,12,12,2764,3209
compact51__paper_roles,2019-04-03 07:00:00,14.7660328621,46.4375165303,0,0,0,12,12,2625,1704
compact51__paper_roles,2019-04-03 08:00:00,14.562603143,66.9064069563,0,0,0,12,12,2462,4999
compact51__paper_roles,2019-04-03 09:00:00,16.2809163975,73.2153895655,0,0,0,12,12,3831,5268
compact51__paper_roles,2019-04-03 10:00:00,19.1966626707,95.8421422511,0,0,0,12,12,5918,6099
compact51__paper_roles,2019-04-03 11:00:00,20.076065708,128.11538845,0,0,0,12,12,6385,6773
compact51__paper_roles,2019-04-03 12:00:00,19.9533152091,142.803091028,0,0,0,12,12,6327,6971
compact51__paper_roles,2019-04-03 13:00:00,20.8491124648,160.904887742,0,0,0,12,12,6719,7178
compact51__paper_roles,2019-04-03 14:00:00,20.2471185702,143.030113128,0,0,0,12,12,6456,6973
compact51__paper_roles,2019-04-03 15:00:00,21.3480466289,135.705123624,0,0,0,12,12,6941,6880
compact51__paper_roles,2019-04-03 16:00:00,22.0959313988,128.083322672,0,0,0,12,12,7219,6771
compact51__paper_roles,2019-04-03 17:00:00,22.2250304712,123.7994438,0,0,0,12,12,7267,6699
compact51__paper_roles,2019-04-03 18:00:00,20.7558920393,100.240856926,0,0,0,12,12,6671,6217
compact51__paper_roles,2019-04-03 19:00:00,20.5284622608,134.201360184,0,0,0,12,12,6585,6859
compact51__paper_roles,2019-04-03 20:00:00,20.7647114825,154.068119559,0,0,0,12,12,6676,7103
compact51__paper_roles,2019-04-03 21:00:00,21.6130203302,172.874904315,0,0,0,12,12,7059,7293
compact51__paper_roles,2019-04-03 22:00:00,24.3866232775,140.609934137,0,0,0,12,12,7832,6944
compact51__paper_roles,2019-04-03 23:00:00,23.3324767951,179.935737247,0,0,0,12,12,7588,7346
compact51__paper_roles,2019-04-04 00:00:00,14.4558003305,87.2778632752,0,0,0,12,12,2377,5817
compact51__paper_roles,2019-04-04 01:00:00,17.5018251057,108.140112848,0,0,0,12,12,4755,6394
compact51__paper_roles,2019-04-04 02:00:00,15.6440779903,86.3742578532,0,0,0,12,12,3312,5802
compact51__paper_roles,2019-04-04 03:00:00,17.1583477909,92.804713935,0,0,0,12,12,4483,6004
compact51__paper_roles,2019-04-04 04:00:00,34.2481104431,337.754944237,0,0,0,12,12,8671,8027
compact51__paper_roles,2019-04-04 05:00:00,23.9775971521,289.53886846,0,0,0,12,12,7741,7904
compact51__paper_roles,2019-04-04 06:00:00,16.5221145466,100.875925211,0,0,0,12,12,4021,6235
compact51__paper_roles,2019-04-04 07:00:00,20.1008813083,81.372761922,0,0,0,12,12,6397,5615
compact51__paper_roles,2019-04-04 08:00:00,20.8263089512,95.0772855888,0,0,0,12,12,6704,6078
compact51__paper_roles,2019-04-04 09:00:00,23.0508045104,300.757656339,0,0,0,12,12,7508,7926
compact51__paper_roles,2019-04-04 10:00:00,23.6401756141,142.933600905,0,0,0,12,12,7658,6972
compact51__paper_roles,2019-04-04 11:00:00,25.9751319265,117.781882466,0,0,0,12,12,8126,6569
compact51__paper_roles,2019-04-04 12:00:00,24.2549219706,163.809538954,0,0,0,13,12,7801,7213
compact51__paper_roles,2019-04-04 13:00:00,21.495767335,230.356778693,0,0,0,12,12,7010,7660
compact51__paper_roles,2019-04-04 14:00:00,26.0984206474,768.237019982,0,0,0,12,12,8152,8427
compact51__paper_roles,2019-04-04 15:00:00,23.6362155981,15135.6313425,1,0,0,12,12,7657,8740
compact51__paper_roles,2019-04-04 16:00:00,21.4986788644,2263.74529877,0,0,0,12,12,7012,8637
compact51__paper_roles,2019-04-04 17:00:00,22.4104024748,485.973014124,0,0,0,12,12,7333,8234
compact51__paper_roles,2019-04-04 18:00:00,21.1276229234,371.079971073,0,0,0,12,12,6846,8103
compact51__paper_roles,2019-04-04 19:00:00,18.9265379836,54.8634487786,0,0,0,12,12,5744,3766
compact51__paper_roles,2019-04-04 20:00:00,21.0730205751,75.9422385906,0,0,0,12,12,6820,5398
compact51__paper_roles,2019-04-04 21:00:00,25.3314560106,54.0502772305,0,0,0,12,12,8028,3622
compact51__paper_roles,2019-04-04 22:00:00,21.1936051044,59.2304273423,0,0,0,12,12,6876,4398
compact51__paper_roles,2019-04-04 23:00:00,26.2658721362,166.85304695,0,0,0,12,12,8181,7239
compact51__paper_roles,2019-04-05 00:00:00,17.3274727276,126.67624392,0,0,0,12,12,4631,6749
compact51__paper_roles,2019-04-05 01:00:00,15.7020849864,93.5214961259,0,0,0,12,12,3370,6024
compact51__paper_roles,2019-04-05 02:00:00,17.6689697265,100.828464679,0,0,0,12,12,4884,6232
compact51__paper_roles,2019-04-05 03:00:00,21.2213848222,126.864006382,0,0,0,12,12,6887,6756
compact51__paper_roles,2019-04-05 04:00:00,28.8630275634,107.835861763,0,0,0,12,12,8439,6391
compact51__paper_roles,2019-04-05 05:00:00,31.4693387952,145.108147194,0,0,0,12,12,8578,6995
compact51__paper_roles,2019-04-05 06:00:00,17.0665124123,72.0668039066,0,0,0,13,12,4420,5230
compact51__paper_roles,2019-04-05 07:00:00,19.1270568815,64.4580872225,0,0,0,12,12,5882,4841
compact51__paper_roles,2019-04-05 08:00:00,22.0631939378,61.593030439,0,0,0,12,12,7206,4630
compact51__paper_roles,2019-04-05 09:00:00,23.9455534983,64.5882265395,0,0,0,13,13,7734,4858
compact51__paper_roles,2019-04-05 10:00:00,22.3343814974,133.893233551,0,0,0,12,12,7305,6855
compact51__paper_roles,2019-04-05 11:00:00,23.7994278337,229.655361139,0,0,0,12,12,7711,7657
compact51__paper_roles,2019-04-05 12:00:00,20.9671430275,205.425311708,0,0,0,12,12,6775,7526
compact51__paper_roles,2019-04-05 13:00:00,17.2339137843,129.56963547,0,0,0,12,12,4558,6800
compact51__paper_roles,2019-04-05 14:00:00,22.3219658222,117.106477211,0,0,0,12,12,7301,6554
compact51__paper_roles,2019-04-05 15:00:00,26.046502676,77.8637784822,0,0,0,12,12,8147,5471
compact51__paper_roles,2019-04-05 16:00:00,28.878531287,92.9035000771,0,0,0,12,11,8441,6007
compact51__paper_roles,2019-04-05 17:00:00,26.9852472994,69.3159441037,0,0,0,12,12,8282,5111
compact51__paper_roles,2019-04-05 18:00:00,22.9419533583,53.3911407872,0,0,0,12,12,7477,3508
compact51__paper_roles,2019-04-05 19:00:00,23.9896120255,52.7684892075,0,0,0,12,12,7742,3343
compact51__paper_roles,2019-04-05 20:00:00,29.3729500491,59.8043312544,0,0,0,12,12,8474,4467
compact51__paper_roles,2019-04-05 21:00:00,21.3907806263,52.4357272598,0,0,0,12,12,6957,3265
compact51__paper_roles,2019-04-05 22:00:00,28.9602677223,70.9470284451,0,0,0,12,12,8448,5189
compact51__paper_roles,2019-04-05 23:00:00,26.9485844491,64.9562407598,0,0,0,12,12,8277,4891
compact51__paper_roles,2019-04-06 00:00:00,13.1060762778,39.5008880025,0,0,0,12,12,1440,455
compact51__paper_roles,2019-04-06 01:00:00,12.543447264,43.2588389699,0,0,0,12,12,1098,1014
compact51__paper_roles,2019-04-06 02:00:00,12.7228217338,42.7980417876,0,0,0,12,12,1189,940
compact51__paper_roles,2019-04-06 03:00:00,16.1964933096,58.5616962795,0,0,0,12,12,3767,4323
compact51__paper_roles,2019-04-06 04:00:00,16.1549623487,47.1509286522,0,0,0,12,12,3736,1915
compact51__paper_roles,2019-04-06 05:00:00,19.3070715242,68.5280485768,0,0,0,13,12,5982,5083
compact51__paper_roles,2019-04-06 06:00:00,18.4293653723,51.9356379191,0,0,0,12,12,5413,3151
compact51__paper_roles,2019-04-06 07:00:00,20.4808265065,69.5771738841,0,0,0,12,12,6569,5124
compact51__paper_roles,2019-04-06 08:00:00,11.0067158437,41.4853542158,0,0,0,12,12,355,723
compact51__paper_roles,2019-04-06 09:00:00,11.7727155217,47.6213811145,0,0,0,12,12,653,2043
compact51__paper_roles,2019-04-06 10:00:00,16.1210139444,100.684621414,0,0,0,12,12,3704,6227
compact51__paper_roles,2019-04-06 11:00:00,18.7947809956,207.76045351,0,0,0,12,12,5660,7536
compact51__paper_roles,2019-04-06 12:00:00,24.1293152056,343.041417723,0,0,0,12,12,7767,8042
compact51__paper_roles,2019-04-06 13:00:00,21.4814324486,192.338954452,0,0,0,12,12,7005,7429
compact51__paper_roles,2019-04-06 14:00:00,26.6533208736,228.920255154,0,0,0,12,12,8240,7655
compact51__paper_roles,2019-04-06 15:00:00,25.6036641687,254.175675644,0,0,0,12,12,8064,7774
compact51__paper_roles,2019-04-06 16:00:00,22.9108013744,169.610600897,0,0,0,12,12,7473,7263
compact51__paper_roles,2019-04-06 17:00:00,24.8312637084,153.109523327,0,0,0,12,12,7913,7092
compact51__paper_roles,2019-04-06 18:00:00,21.5119120597,125.630477654,0,0,0,12,12,7019,6725
compact51__paper_roles,2019-04-06 19:00:00,16.1668855909,59.0234070786,0,0,0,12,12,3741,4373
compact51__paper_roles,2019-04-06 20:00:00,13.2909574163,47.0257009801,0,0,0,12,12,1553,1877
compact51__paper_roles,2019-04-06 21:00:00,15.2783320752,48.2771949195,0,0,0,12,12,3046,2225
compact51__paper_roles,2019-04-06 22:00:00,19.0691309572,52.4052775936,0,0,0,12,12,5846,3257
compact51__paper_roles,2019-04-06 23:00:00,18.6538546225,91.2699432226,0,0,0,12,12,5564,5943
compact51__paper_roles,2019-04-07 00:00:00,14.6342629843,48.5819644575,0,0,0,12,12,2525,2321
compact51__paper_roles,2019-04-07 01:00:00,18.3188584987,65.6902027459,0,0,0,12,12,5329,4932
compact51__paper_roles,2019-04-07 02:00:00,18.8307822722,74.4217626427,0,0,0,12,12,5684,5333
compact51__paper_roles,2019-04-07 03:00:00,18.8339629049,58.0795109297,0,0,0,12,12,5688,4270
compact51__paper_roles,2019-04-07 04:00:00,21.3433890602,63.6188302628,0,0,0,12,12,6938,4779
compact51__paper_roles,2019-04-07 05:00:00,19.9829138613,56.8061031107,0,0,0,12,12,6338,4110
compact51__paper_roles,2019-04-07 06:00:00,20.9878450863,56.4878945612,0,0,0,12,12,6787,4058
compact51__paper_roles,2019-04-07 07:00:00,17.7782264069,66.7735207896,0,0,0,12,12,4956,4992
compact51__paper_roles,2019-04-07 08:00:00,17.9067163976,112.0353539,0,0,0,12,12,5049,6474
compact51__paper_roles,2019-04-07 09:00:00,21.9399974726,157.330456664,0,0,0,12,12,7176,7138
compact51__paper_roles,2019-04-07 10:00:00,22.660503607,170.701689625,0,0,0,12,12,7408,7272
compact51__paper_roles,2019-04-07 11:00:00,22.9659484588,158.85082577,0,0,0,12,12,7485,7155
compact51__paper_roles,2019-04-07 12:00:00,22.9946760971,235.014153432,0,0,0,12,12,7492,7687
compact51__paper_roles,2019-04-07 13:00:00,25.7591129021,283.904650663,0,0,0,12,12,8092,7876
compact51__paper_roles,2019-04-07 14:00:00,24.870605559,228.409659532,0,0,0,12,12,7920,7652
compact51__paper_roles,2019-04-07 15:00:00,23.6021933733,245.592311799,0,0,0,13,13,7649,7737
compact51__paper_roles,2019-04-07 16:00:00,20.7960513161,121.080387708,0,0,0,10,10,6687,6644
compact51__paper_roles,2019-04-07 17:00:00,19.9074565827,97.5159363207,0,0,0,12,12,6304,6146
compact51__paper_roles,2019-04-07 18:00:00,15.686902919,63.3042392888,0,0,0,12,12,3350,4759
compact51__paper_roles,2019-04-07 19:00:00,15.7839888053,62.6972480745,0,0,0,12,12,3434,4714
compact51__paper_roles,2019-04-07 20:00:00,14.7112229759,54.3010778191,0,0,0,12,12,2580,3669
compact51__paper_roles,2019-04-07 21:00:00,14.1056697134,50.6171769601,0,0,0,12,12,2105,2824
compact51__paper_roles,2019-04-07 22:00:00,19.0455525096,51.6580303749,0,0,0,12,12,5828,3079
compact51__paper_roles,2019-04-07 23:00:00,16.5315279274,75.9323640737,0,0,0,12,12,4028,5396
compact51__paper_roles,2019-04-08 00:00:00,17.0218489531,88.8008589448,0,0,0,12,12,4389,5867
compact51__paper_roles,2019-04-08 01:00:00,19.6457385928,126.633669897,0,0,0,12,12,6174,6745
compact51__paper_roles,2019-04-08 02:00:00,21.6906267892,150.274584873,0,0,0,12,12,7088,7059
compact51__paper_roles,2019-04-08 03:00:00,20.1381406118,128.924571118,0,0,0,12,12,6412,6787
compact51__paper_roles,2019-04-08 04:00:00,26.7419265578,213.088271579,0,0,0,12,12,8251,7564
compact51__paper_roles,2019-04-08 05:00:00,30.395296082,216.081097002,0,0,0,12,12,8534,7580
compact51__paper_roles,2019-04-08 06:00:00,19.9956972766,216.400943862,0,0,0,12,12,6345,7583
compact51__paper_roles,2019-04-08 07:00:00,19.3607627935,183.885781718,0,0,0,12,12,6018,7372
compact51__paper_roles,2019-04-08 08:00:00,19.9942487548,146.247702818,0,0,0,12,12,6344,7013
compact51__paper_roles,2019-04-08 09:00:00,21.1621152585,134.855129263,0,0,0,12,12,6858,6868
compact51__paper_roles,2019-04-08 10:00:00,19.7425153149,162.571226742,0,0,0,12,12,6219,7193
compact51__paper_roles,2019-04-08 11:00:00,19.976794478,243.405922612,0,0,0,12,12,6337,7729
compact51__paper_roles,2019-04-08 12:00:00,19.5488933752,204.333579068,0,0,0,12,12,6123,7517
compact51__paper_roles,2019-04-08 13:00:00,20.4106066514,155.590741122,0,0,0,10,10,6534,7121
compact51__paper_roles,2019-04-08 14:00:00,23.502167513,165.505133285,0,0,0,12,12,7624,7224
compact51__paper_roles,2019-04-08 15:00:00,20.6783455173,188.578436134,0,0,0,12,12,6631,7403
compact51__paper_roles,2019-04-08 16:00:00,21.784314068,152.779689717,0,0,0,12,12,7124,7086
compact51__paper_roles,2019-04-08 17:00:00,18.4412475234,120.690999508,0,0,0,12,12,5419,6635
compact51__paper_roles,2019-04-08 18:00:00,17.0424015042,47.0995484049,0,0,0,12,12,4403,1901
compact51__paper_roles,2019-04-08 19:00:00,18.0593760596,44.7627668399,0,0,0,12,12,5157,1313
compact51__paper_roles,2019-04-08 20:00:00,18.3603179911,41.8203986509,0,0,0,12,12,5363,778
compact51__paper_roles,2019-04-08 21:00:00,19.1527005752,44.9193087647,0,0,0,12,12,5897,1351
compact51__paper_roles,2019-04-08 22:00:00,20.3751783951,52.9269402811,0,0,0,12,12,6514,3387
compact51__paper_roles,2019-04-08 23:00:00,18.9045796163,51.0297391348,0,0,0,12,12,5729,2937
compact51__paper_roles,2019-04-09 00:00:00,12.870548293,51.248352235,0,0,0,12,12,1277,2984
compact51__paper_roles,2019-04-09 01:00:00,13.0763287869,46.2173987118,0,0,0,12,12,1417,1654
compact51__paper_roles,2019-04-09 02:00:00,14.8035295521,48.2149326151,0,0,0,12,12,2655,2205
compact51__paper_roles,2019-04-09 03:00:00,16.4163298692,50.9685878283,0,0,0,12,12,3927,2924
compact51__paper_roles,2019-04-09 04:00:00,17.9920998115,53.2697656065,0,0,0,12,12,5127,3478
compact51__paper_roles,2019-04-09 05:00:00,28.081777782,96.9601548732,0,0,0,12,12,8397,6135
compact51__paper_roles,2019-04-09 06:00:00,16.0821952187,61.4435431517,0,0,0,12,12,3666,4613
compact51__paper_roles,2019-04-09 07:00:00,19.5035232254,57.8674744019,0,0,0,12,12,6094,4243
compact51__paper_roles,2019-04-09 08:00:00,20.3771692124,65.7222670379,0,0,0,12,12,6516,4935
compact51__paper_roles,2019-04-09 09:00:00,22.2694418198,186.831550429,0,0,0,12,12,7278,7392
compact51__paper_roles,2019-04-09 10:00:00,23.23540553,244.869625664,0,0,0,12,12,7562,7734
compact51__paper_roles,2019-04-09 11:00:00,21.6771748586,127.18639536,0,0,0,10,10,7084,6763
compact51__paper_roles,2019-04-09 12:00:00,24.5203840842,116.801768101,0,0,0,12,12,7856,6552
compact51__paper_roles,2019-04-09 13:00:00,19.4835446806,73.6863938241,0,0,0,11,11,6081,5290
compact51__paper_roles,2019-04-09 14:00:00,22.310485075,74.7896592584,0,0,0,12,12,7293,5343
compact51__paper_roles,2019-04-09 15:00:00,19.4637112485,55.0959888991,0,0,0,12,12,6063,3812
compact51__paper_roles,2019-04-09 16:00:00,18.3578481595,45.5023205243,0,0,0,12,12,5361,1492
compact51__paper_roles,2019-04-09 17:00:00,19.4904395292,40.579831655,0,0,0,12,12,6086,589
compact51__paper_roles,2019-04-09 18:00:00,19.6121488401,41.8670136177,0,0,0,12,12,6156,785
compact51__paper_roles,2019-04-09 19:00:00,20.7140736158,48.7903422412,0,0,0,12,12,6651,2368
compact51__paper_roles,2019-04-09 20:00:00,24.6435620487,57.5974342468,0,0,0,12,12,7879,4212
compact51__paper_roles,2019-04-09 21:00:00,22.5233290403,53.2895240051,0,0,0,12,12,7359,3483
compact51__paper_roles,2019-04-09 22:00:00,23.1875040114,53.7564372338,0,0,0,12,12,7550,3566
compact51__paper_roles,2019-04-09 23:00:00,27.7615018831,201.758521264,0,0,0,12,12,8362,7502
compact51__paper_roles,2019-04-10 00:00:00,16.343585624,80.8400876368,0,0,0,13,13,3880,5590
compact51__paper_roles,2019-04-10 01:00:00,14.4198318987,54.4218522133,0,0,0,12,12,2351,3688
compact51__paper_roles,2019-04-10 02:00:00,17.0639640969,51.7166658019,0,0,0,12,12,4419,3097
compact51__paper_roles,2019-04-10 03:00:00,19.9561519832,52.8614368477,0,0,0,12,12,6329,3368
compact51__paper_roles,2019-04-10 04:00:00,24.1087328495,74.2862806357,0,0,0,12,12,7763,5328
compact51__paper_roles,2019-04-10 05:00:00,25.6546350142,92.0863792227,0,0,0,12,12,8072,5977
compact51__paper_roles,2019-04-10 06:00:00,16.2665872839,59.3567346009,0,0,0,12,12,3823,4421
compact51__paper_roles,2019-04-10 07:00:00,17.2464758472,60.6052746374,0,0,0,12,12,4571,4537
compact51__paper_roles,2019-04-10 08:00:00,20.4135020242,59.7777390253,0,0,0,12,12,6538,4465
compact51__paper_roles,2019-04-10 09:00:00,13.891205541,51.7641112279,0,0,0,12,12,1949,3113
compact51__paper_roles,2019-04-10 10:00:00,13.5642789329,47.9646983124,0,0,0,12,12,1717,2130
compact51__paper_roles,2019-04-10 11:00:00,15.0952352087,56.6497267876,0,0,0,10,10,2892,4079
compact51__paper_roles,2019-04-10 12:00:00,14.9907896478,119.116502845,0,0,0,12,12,2809,6594
compact51__paper_roles,2019-04-10 13:00:00,10.9138595645,41.5474082817,0,0,0,12,12,331,738
compact51__paper_roles,2019-04-10 14:00:00,9.44282537076,42.9558122448,0,0,0,11,11,60,964
compact51__paper_roles,2019-04-10 15:00:00,8.17696917761,42.2385465738,0,0,0,12,12,8,846
compact51__paper_roles,2019-04-10 16:00:00,13.2110204709,42.6934250522,0,0,0,12,12,1507,927
compact51__paper_roles,2019-04-10 17:00:00,11.4879804007,45.7208533966,0,0,0,11,10,552,1543
compact51__paper_roles,2019-04-10 18:00:00,14.2970147374,42.7201308547,0,0,0,12,12,2260,932
compact51__paper_roles,2019-04-10 19:00:00,17.074696845,48.8636829908,0,0,0,12,12,4427,2379
compact51__paper_roles,2019-04-10 20:00:00,16.1051714714,49.3634097514,0,0,0,13,12,3685,2500
compact51__paper_roles,2019-04-10 21:00:00,16.863504535,45.3494350415,0,0,0,12,12,4270,1456
compact51__paper_roles,2019-04-10 22:00:00,17.9024744326,46.5859521547,0,0,0,12,12,5042,1750
compact51__paper_roles,2019-04-10 23:00:00,20.6622618916,60.6931185522,0,0,0,15,13,6628,4548
compact51__paper_roles,2019-04-11 00:00:00,12.6396022418,44.0759848802,0,0,0,11,11,1150,1172
compact51__paper_roles,2019-04-11 01:00:00,12.4712950126,36.922095008,0,0,0,12,12,1054,236
compact51__paper_roles,2019-04-11 02:00:00,12.6471430957,36.6354765904,0,0,0,12,12,1157,210
compact51__paper_roles,2019-04-11 03:00:00,11.7829818978,37.8660303356,0,0,0,12,12,660,298
compact51__paper_roles,2019-04-11 04:00:00,10.1688043908,41.3315313006,0,0,0,12,12,162,699
compact51__paper_roles,2019-04-11 05:00:00,12.7622313871,45.4301556152,0,0,0,12,12,1208,1479
compact51__paper_roles,2019-04-11 06:00:00,12.454631713,46.1370525904,0,0,0,13,12,1043,1641
compact51__paper_roles,2019-04-11 07:00:00,13.5189337978,53.0445848072,0,0,0,12,12,1690,3417
compact51__paper_roles,2019-04-11 08:00:00,16.6629112484,53.4170207666,0,0,0,12,12,4122,3509
compact51__paper_roles,2019-04-11 09:00:00,15.0456649887,48.2960241111,0,0,0,12,12,2857,2239
compact51__paper_roles,2019-04-11 10:00:00,14.4952154543,50.184473781,0,0,0,12,12,2409,2721
compact51__paper_roles,2019-04-11 11:00:00,14.1826418467,50.1680835913,0,0,0,12,12,2161,2715
compact51__paper_roles,2019-04-11 12:00:00,14.9987544608,60.0071468496,0,0,0,12,12,2821,4485
compact51__paper_roles,2019-04-11 13:00:00,15.943485242,59.0168165794,0,0,0,12,12,3565,4371
compact51__paper_roles,2019-04-11 14:00:00,17.2477213847,93.3278754231,0,0,0,12,12,4572,6020
compact51__paper_roles,2019-04-11 15:00:00,17.1480822328,64.6027803944,0,0,0,12,12,4470,4859
compact51__paper_roles,2019-04-11 16:00:00,15.1883057795,51.9808729212,0,0,0,12,12,2966,3159
compact51__paper_roles,2019-04-11 17:00:00,14.7346958014,48.247071708,0,0,0,12,12,2603,2216
compact51__paper_roles,2019-04-11 18:00:00,13.9784707418,43.2214875367,0,0,0,12,12,2011,1009
compact51__paper_roles,2019-04-11 19:00:00,17.0139239463,41.7219532603,0,0,0,12,12,4385,766
compact51__paper_roles,2019-04-11 20:00:00,20.4356759832,41.061408071,0,0,0,12,12,6549,660
compact51__paper_roles,2019-04-11 21:00:00,24.4174673741,50.9137889646,0,0,0,12,12,7839,2911
compact51__paper_roles,2019-04-11 22:00:00,19.5261204185,35.0692304919,0,0,0,12,12,6112,137
compact51__paper_roles,2019-04-11 23:00:00,19.1266880428,34.5056169533,0,0,0,12,12,5881,114
compact51__paper_roles,2019-04-12 00:00:00,14.2199003719,37.8290925811,0,0,0,12,12,2191,293
compact51__paper_roles,2019-04-12 01:00:00,14.3441423399,39.3239768496,0,0,0,12,12,2293,431
compact51__paper_roles,2019-04-12 02:00:00,15.1465288309,37.5279683425,0,0,0,12,12,2935,275
compact51__paper_roles,2019-04-12 03:00:00,14.5515410315,37.2948028112,0,0,0,12,12,2453,263
compact51__paper_roles,2019-04-12 04:00:00,15.1015213742,38.691928263,0,0,0,12,12,2893,368
compact51__paper_roles,2019-04-12 05:00:00,13.419931676,32.6101738084,0,0,0,12,12,1633,69
compact51__paper_roles,2019-04-12 06:00:00,16.3370323629,56.2755253834,0,0,0,12,12,3870,4018
compact51__paper_roles,2019-04-12 07:00:00,20.3506522234,33.4621398301,0,0,0,12,12,6505,88
compact51__paper_roles,2019-04-12 08:00:00,19.9096614794,34.834655045,0,0,0,12,12,6306,127
compact51__paper_roles,2019-04-12 09:00:00,19.2969101612,35.1730558986,0,0,0,12,12,5976,142
compact51__paper_roles,2019-04-12 10:00:00,20.5689437521,34.1339373448,0,0,0,12,12,6594,106
compact51__paper_roles,2019-04-12 11:00:00,15.9964558025,36.9718869914,0,0,0,12,12,3604,240
compact51__paper_roles,2019-04-12 12:00:00,15.4520132469,39.8692217855,0,0,0,12,12,3152,498
compact51__paper_roles,2019-04-12 13:00:00,17.5358028529,34.046761976,0,0,0,12,12,4783,102
compact51__paper_roles,2019-04-12 14:00:00,17.721185929,32.3172698834,0,0,0,12,12,4920,62
compact51__paper_roles,2019-04-12 15:00:00,14.6416453354,39.7736718704,0,0,0,12,12,2532,483
compact51__paper_roles,2019-04-12 16:00:00,19.0515746106,40.6570739713,0,0,0,12,12,5832,600
compact51__paper_roles,2019-04-12 17:00:00,17.9278001388,39.8398240637,0,0,0,12,12,5069,494
compact51__paper_roles,2019-04-12 18:00:00,17.2857485983,36.811220742,0,0,0,12,12,4602,226
compact51__paper_roles,2019-04-12 19:00:00,17.7448337208,33.0678668522,0,0,0,12,12,4933,79
compact51__paper_roles,2019-04-12 20:00:00,18.3442900921,33.7799179204,0,0,0,12,12,5349,94
compact51__paper_roles,2019-04-12 21:00:00,19.5472418361,45.0202743557,0,0,0,12,12,6121,1372
compact51__paper_roles,2019-04-12 22:00:00,19.8036862073,49.5980670659,0,0,0,12,12,6254,2571
compact51__paper_roles,2019-04-12 23:00:00,23.5861880245,43.6438881083,0,0,0,12,12,7646,1093
compact51__paper_roles,2019-04-13 00:00:00,19.337741473,3055.95802347,0,0,0,12,12,6002,8672
compact51__paper_roles,2019-04-13 01:00:00,26.030649615,5618.79902061,2,0,0,12,12,8142,8719
compact51__paper_roles,2019-04-13 02:00:00,28.1930615501,935.322999222,2,0,0,12,12,8410,8478
compact51__paper_roles,2019-04-13 03:00:00,30.6369092001,524.20489284,2,0,0,12,12,8550,8279
compact51__paper_roles,2019-04-13 04:00:00,30.2586754809,606.812168997,2,0,0,12,12,8530,8343
compact51__paper_roles,2019-04-13 05:00:00,26.0276302357,600.478669053,2,0,0,12,12,8141,8337
compact51__paper_roles,2019-04-13 06:00:00,33.6499040907,470.485701835,2,0,0,12,12,8653,8215
compact51__paper_roles,2019-04-13 07:00:00,32.7740599265,520.443474581,2,0,0,12,12,8629,8273
compact51__paper_roles,2019-04-13 08:00:00,29.8932959142,1076.62957411,2,0,0,12,12,8508,8512
compact51__paper_roles,2019-04-13 09:00:00,27.4833102352,2813.31484343,1,0,0,13,13,8339,8657
compact51__paper_roles,2019-04-13 10:00:00,24.0304503258,116113.79992,2,0,0,13,12,7749,8757
compact51__paper_roles,2019-04-13 11:00:00,27.748092057,19280.2172737,2,0,0,12,12,8360,8744
compact51__paper_roles,2019-04-13 12:00:00,32.5430207396,684.051116042,2,0,0,12,12,8616,8389
compact51__paper_roles,2019-04-13 13:00:00,30.7320956073,613.579380158,2,0,0,12,12,8553,8347
compact51__paper_roles,2019-04-13 14:00:00,27.798677389,1411.70585406,2,0,0,12,12,8366,8564
compact51__paper_roles,2019-04-13 15:00:00,26.3386039626,1354.14081873,2,0,0,12,12,8196,8550
compact51__paper_roles,2019-04-13 16:00:00,28.9894088,1795.99760406,2,0,0,12,12,8450,8600
compact51__paper_roles,2019-04-13 17:00:00,26.7395352158,1697.97238008,1,0,0,12,12,8250,8589
compact51__paper_roles,2019-04-13 18:00:00,25.7188634684,664.857253346,1,0,0,12,12,8082,8375
compact51__paper_roles,2019-04-13 19:00:00,22.807897563,360.370412768,1,0,0,12,12,7447,8086
compact51__paper_roles,2019-04-13 20:00:00,20.0743755236,181.836399613,0,0,0,10,10,6383,7361
compact51__paper_roles,2019-04-13 21:00:00,19.8841330861,241.760318495,0,0,0,12,12,6295,7720
compact51__paper_roles,2019-04-13 22:00:00,26.4160176715,331.987965836,0,0,0,12,12,8205,8010
compact51__paper_roles,2019-04-13 23:00:00,26.4369003277,95.4943533616,0,0,0,12,12,8207,6086
compact51__paper_roles,2019-04-14 00:00:00,21.7753892673,72.7475391945,0,0,0,13,13,7114,5252
compact51__paper_roles,2019-04-14 01:00:00,21.6330586769,64.1060273656,0,0,0,12,12,7070,4813
compact51__paper_roles,2019-04-14 02:00:00,25.5003414569,64.553035901,0,0,0,12,12,8051,4856
compact51__paper_roles,2019-04-14 03:00:00,22.2385994394,54.2833982075,0,0,0,12,12,7270,3664
compact51__paper_roles,2019-04-14 04:00:00,23.1001129139,57.2841920244,0,0,0,12,12,7521,4172
compact51__paper_roles,2019-04-14 05:00:00,21.2012125695,54.5258832686,0,0,0,12,12,6881,3705
compact51__paper_roles,2019-04-14 06:00:00,21.3267532466,59.2879783553,0,0,0,12,12,6931,4410
compact51__paper_roles,2019-04-14 07:00:00,22.1555839226,50.4813844884,0,0,0,12,12,7240,2796
compact51__paper_roles,2019-04-14 08:00:00,16.282475996,57.4349893572,0,0,0,12,12,3833,4187
compact51__paper_roles,2019-04-14 09:00:00,17.9753572034,57.9753223204,0,0,0,12,12,5112,4254
compact51__paper_roles,2019-04-14 10:00:00,17.5159783067,63.155556543,0,0,0,12,12,4762,4748
compact51__paper_roles,2019-04-14 11:00:00,23.4241527315,69.0821671716,0,0,0,12,12,7611,5103
compact51__paper_roles,2019-04-14 12:00:00,24.0088014529,63.2520508447,0,0,0,12,12,7744,4757
compact51__paper_roles,2019-04-14 13:00:00,17.2652655911,52.961092094,0,0,0,12,12,4589,3393
compact51__paper_roles,2019-04-14 14:00:00,17.8859960314,48.5011903709,0,0,0,12,12,5034,2303
compact51__paper_roles,2019-04-14 15:00:00,15.8318128347,46.3854345068,0,0,0,12,12,3466,1687
compact51__paper_roles,2019-04-14 16:00:00,19.4893384115,42.0786284939,0,0,0,12,12,6083,814
compact51__paper_roles,2019-04-14 17:00:00,19.4864318966,34.6933146912,0,0,0,12,12,6082,119
compact51__paper_roles,2019-04-14 18:00:00,19.0564329771,35.1953338372,0,0,0,12,12,5837,144
compact51__paper_roles,2019-04-14 19:00:00,21.2433240609,34.9599645225,0,0,0,12,12,6897,131
compact51__paper_roles,2019-04-14 20:00:00,28.9470894215,69.3812700061,0,0,0,12,12,8446,5115
compact51__paper_roles,2019-04-14 21:00:00,27.163221918,64.0940950009,0,0,0,12,12,8307,4812
compact51__paper_roles,2019-04-14 22:00:00,27.9032707738,433.177209075,0,0,0,12,12,8378,8174
compact51__paper_roles,2019-04-14 23:00:00,27.7386335584,193.942034485,0,0,0,12,12,8359,7441
compact51__paper_roles,2019-04-15 00:00:00,21.4815530211,143.094482871,0,0,0,13,13,7006,6975
compact51__paper_roles,2019-04-15 01:00:00,22.1698737981,130.211357737,0,0,0,12,12,7245,6804
compact51__paper_roles,2019-04-15 02:00:00,24.7453982711,150.285738205,0,0,0,12,12,7898,7060
compact51__paper_roles,2019-04-15 03:00:00,31.3308567519,139.854794652,0,0,0,12,12,8573,6934
compact51__paper_roles,2019-04-15 04:00:00,32.0343151283,126.065386309,0,0,0,12,12,8601,6736
compact51__paper_roles,2019-04-15 05:00:00,34.1566517545,301.039802726,0,0,0,12,12,8667,7927
compact51__paper_roles,2019-04-15 06:00:00,29.5895158725,111.288944417,0,0,0,12,12,8485,6457
compact51__paper_roles,2019-04-15 07:00:00,26.6700394199,88.4615910417,0,0,0,12,12,8242,5855
compact51__paper_roles,2019-04-15 08:00:00,25.7450565043,103.954632064,0,0,0,13,12,8087,6315
compact51__paper_roles,2019-04-15 09:00:00,28.098190519,188.765722805,0,0,0,12,12,8400,7404
compact51__paper_roles,2019-04-15 10:00:00,26.4688424207,105.135128071,0,0,0,12,12,8214,6339
compact51__paper_roles,2019-04-15 11:00:00,26.4862128039,69.5751874767,0,0,0,12,12,8216,5123
compact51__paper_roles,2019-04-15 12:00:00,27.1351749285,101.359371713,0,0,0,12,12,8300,6245
compact51__paper_roles,2019-04-15 13:00:00,25.7193145178,53.8237358524,0,0,0,12,12,8083,3576
compact51__paper_roles,2019-04-15 14:00:00,19.9698808343,52.4220729379,0,0,0,12,12,6335,3262
compact51__paper_roles,2019-04-15 15:00:00,24.7064830877,47.5899855405,0,0,0,12,12,7891,2034
compact51__paper_roles,2019-04-15 16:00:00,19.0701637415,41.1772786331,0,0,0,12,12,5847,676
compact51__paper_roles,2019-04-15 17:00:00,19.4061346764,37.071099789,0,0,0,12,12,6045,249
compact51__paper_roles,2019-04-15 18:00:00,22.7331778832,40.9710764374,0,0,0,12,12,7427,644
compact51__paper_roles,2019-04-15 19:00:00,18.2346901881,73.3291247129,0,0,0,12,12,5282,5273
compact51__paper_roles,2019-04-15 20:00:00,24.5704850228,64.1177347516,0,0,0,12,12,7867,4816
compact51__paper_roles,2019-04-15 21:00:00,27.4021787051,93.6487871892,0,0,0,12,12,8331,6029
compact51__paper_roles,2019-04-15 22:00:00,27.9397945986,89.2625761235,0,0,0,12,12,8383,5886
compact51__paper_roles,2019-04-15 23:00:00,27.6114812313,85.263982233,0,0,0,12,12,8348,5760
compact51__paper_roles,2019-04-16 00:00:00,17.5751285865,49.3340944842,0,0,0,12,12,4807,2494
compact51__paper_roles,2019-04-16 01:00:00,16.8683887549,50.1439331901,0,0,0,12,12,4275,2707
compact51__paper_roles,2019-04-16 02:00:00,19.5432899118,69.5583993743,0,0,0,12,12,6116,5122
compact51__paper_roles,2019-04-16 03:00:00,22.772459561,82.989281626,0,0,0,12,12,7437,5668
compact51__paper_roles,2019-04-16 04:00:00,21.5057308417,81.449854469,0,0,0,12,12,7015,5619
compact51__paper_roles,2019-04-16 05:00:00,21.606922837,82.5412807218,0,0,0,12,12,7055,5650
compact51__paper_roles,2019-04-16 06:00:00,19.0409388928,49.5571778835,0,0,0,12,12,5825,2559
compact51__paper_roles,2019-04-16 07:00:00,17.2001990593,39.5372915879,0,0,0,12,12,4521,458
compact51__paper_roles,2019-04-16 08:00:00,25.8084461393,49.9676910867,0,0,0,12,12,8102,2659
compact51__paper_roles,2019-04-16 09:00:00,24.4220104271,68.9985498413,0,0,0,14,13,7840,5100
compact51__paper_roles,2019-04-16 10:00:00,22.4610777264,107.089708416,0,0,0,12,12,7344,6377
compact51__paper_roles,2019-04-16 11:00:00,23.1516389905,125.727213028,0,0,0,11,11,7539,6728
compact51__paper_roles,2019-04-16 12:00:00,22.2238797154,87.5377050158,0,0,0,13,13,7266,5825
compact51__paper_roles,2019-04-16 13:00:00,26.6211979091,198.865629222,0,0,0,12,12,8232,7477
compact51__paper_roles,2019-04-16 14:00:00,24.3818928552,141.560669181,0,0,0,12,12,7829,6954
compact51__paper_roles,2019-04-16 15:00:00,25.8494693017,149.292168189,0,0,0,12,12,8108,7043
compact51__paper_roles,2019-04-16 16:00:00,22.6142247889,61.5924585519,0,0,0,12,12,7392,4629
compact51__paper_roles,2019-04-16 17:00:00,22.6355950349,67.5071518951,0,0,0,12,12,7402,5031
compact51__paper_roles,2019-04-16 18:00:00,17.5453863056,43.8573907167,0,0,0,12,12,4790,1136
compact51__paper_roles,2019-04-16 19:00:00,20.0907176857,54.2368821293,0,0,0,12,12,6394,3659
compact51__paper_roles,2019-04-16 20:00:00,19.3384337344,68.1065425477,0,0,0,12,12,6004,5064
compact51__paper_roles,2019-04-16 21:00:00,18.9707416676,96.3117136892,0,0,0,12,12,5774,6117
compact51__paper_roles,2019-04-16 22:00:00,22.0965429371,120.062209092,0,0,0,12,12,7220,6615
compact51__paper_roles,2019-04-16 23:00:00,29.7950986895,243.348980663,0,0,0,12,12,8500,7728
compact51__paper_roles,2019-04-17 00:00:00,26.7554844103,106.21912571,0,0,0,12,12,8256,6362
compact51__paper_roles,2019-04-17 01:00:00,29.0678363322,151.619593951,0,0,0,12,12,8455,7072
compact51__paper_roles,2019-04-17 02:00:00,30.7017744281,199.115720274,0,0,0,12,12,8552,7480
compact51__paper_roles,2019-04-17 03:00:00,31.6651011466,159.259181344,0,0,0,12,12,8586,7164
compact51__paper_roles,2019-04-17 04:00:00,32.331588618,200.776713718,0,0,0,12,12,8609,7494
compact51__paper_roles,2019-04-17 05:00:00,31.038731117,214.017420476,0,0,0,12,12,8566,7567
compact51__paper_roles,2019-04-17 06:00:00,26.904364449,157.888810381,0,0,0,12,12,8272,7148
compact51__paper_roles,2019-04-17 07:00:00,29.2247412054,93.7971573715,0,0,0,12,12,8466,6034
compact51__paper_roles,2019-04-17 08:00:00,27.8931677174,85.0639470236,0,0,0,12,12,8374,5751
compact51__paper_roles,2019-04-17 09:00:00,22.8642223325,54.272095583,0,0,0,12,12,7460,3662
compact51__paper_roles,2019-04-17 10:00:00,21.929993114,65.5361267412,0,0,0,12,12,7174,4922
compact51__paper_roles,2019-04-17 11:00:00,21.0435754077,58.6228891918,0,0,0,12,12,6806,4330
compact51__paper_roles,2019-04-17 12:00:00,22.5786678417,68.4411297554,0,0,0,11,11,7381,5078
compact51__paper_roles,2019-04-17 13:00:00,25.8581625633,92.2028793468,0,0,0,12,12,8109,5985
compact51__paper_roles,2019-04-17 14:00:00,22.8248541172,64.0427735829,0,0,0,12,12,7449,4806
compact51__paper_roles,2019-04-17 15:00:00,24.4609334227,68.2599974274,0,0,0,12,12,7846,5068
compact51__paper_roles,2019-04-17 16:00:00,22.3161680005,61.4574187872,0,0,0,12,12,7299,4617
compact51__paper_roles,2019-04-17 17:00:00,20.6222856813,57.1160102423,0,0,0,12,12,6615,4148
compact51__paper_roles,2019-04-17 18:00:00,22.2915492817,58.2207794226,0,0,0,12,12,7286,4277
compact51__paper_roles,2019-04-17 19:00:00,21.4324359385,55.230923761,0,0,0,12,12,6981,3836
compact51__paper_roles,2019-04-17 20:00:00,23.6139898275,53.7617381054,0,0,0,12,12,7654,3567
compact51__paper_roles,2019-04-17 21:00:00,21.3378412568,51.8852522225,0,0,0,12,12,6935,3142
compact51__paper_roles,2019-04-17 22:00:00,23.2349436471,65.0514330419,0,0,0,12,12,7561,4896
compact51__paper_roles,2019-04-17 23:00:00,21.7288999032,64.8266608375,0,0,0,12,12,7097,4880
compact51__paper_roles,2019-04-18 00:00:00,18.9356088124,62.0028546621,0,0,0,12,12,5748,4663
compact51__paper_roles,2019-04-18 01:00:00,18.5738945039,65.235847105,0,0,0,12,12,5510,4908
compact51__paper_roles,2019-04-18 02:00:00,18.9508124523,70.0028418725,0,0,0,12,12,5760,5142
compact51__paper_roles,2019-04-18 03:00:00,19.1605778064,72.0272683239,0,0,0,12,12,5902,5227
compact51__paper_roles,2019-04-18 04:00:00,24.2100182886,107.612824422,0,0,0,12,12,7789,6386
compact51__paper_roles,2019-04-18 05:00:00,25.1025568257,104.905799485,0,0,0,12,12,7972,6335
compact51__paper_roles,2019-04-18 06:00:00,23.7377143232,79.8270041577,0,0,0,12,12,7688,5549
compact51__paper_roles,2019-04-18 07:00:00,18.7720214471,52.117705106,0,0,0,12,12,5643,3194
compact51__paper_roles,2019-04-18 08:00:00,18.5838519737,51.01074985,0,0,0,12,12,5517,2933
compact51__paper_roles,2019-04-18 09:00:00,20.8980010694,57.6005095498,0,0,0,12,12,6738,4213
compact51__paper_roles,2019-04-18 10:00:00,21.6178426985,55.7693368642,0,0,0,12,12,7064,3943
compact51__paper_roles,2019-04-18 11:00:00,21.548621101,57.7927501451,0,0,0,12,12,7036,4233
compact51__paper_roles,2019-04-18 12:00:00,19.2298206403,49.9578151758,0,0,0,12,12,5938,2657
compact51__paper_roles,2019-04-18 13:00:00,19.0521398796,53.1416510333,0,0,0,12,12,5833,3447
compact51__paper_roles,2019-04-18 14:00:00,17.5856988569,53.5421554392,0,0,0,12,12,4816,3536
compact51__paper_roles,2019-04-18 15:00:00,19.1579946904,54.2284800763,0,0,0,12,12,5899,3656
compact51__paper_roles,2019-04-18 16:00:00,19.9337821274,51.3416894576,0,0,0,13,13,6317,3008
compact51__paper_roles,2019-04-18 17:00:00,18.035399524,52.797349827,0,0,0,12,12,5146,3350
compact51__paper_roles,2019-04-18 18:00:00,22.4823110236,55.7104717445,0,0,0,12,12,7350,3934
compact51__paper_roles,2019-04-18 19:00:00,20.8784267462,55.4678083554,0,0,0,12,12,6733,3880
compact51__paper_roles,2019-04-18 20:00:00,17.1874800115,47.0999454158,0,0,0,12,12,4514,1902
compact51__paper_roles,2019-04-18 21:00:00,17.0116034372,49.0676388333,0,0,0,12,12,4379,2431
compact51__paper_roles,2019-04-18 22:00:00,17.931187486,44.8264623959,0,0,0,12,12,5073,1338
compact51__paper_roles,2019-04-18 23:00:00,20.3273547075,42.0343408859,0,0,0,12,12,6493,805
compact51__paper_roles,2019-04-19 00:00:00,20.052201275,94.6060155606,0,0,0,12,12,6374,6061
compact51__paper_roles,2019-04-19 01:00:00,23.2325152213,119.810274311,0,0,0,12,12,7560,6606
compact51__paper_roles,2019-04-19 02:00:00,21.8165071943,91.9104893976,0,0,0,12,12,7135,5968
compact51__paper_roles,2019-04-19 03:00:00,24.1184641935,78.6690746771,0,0,0,12,12,7765,5496
compact51__paper_roles,2019-04-19 04:00:00,25.7427396766,89.5705776397,0,0,0,12,12,8086,5893
compact51__paper_roles,2019-04-19 05:00:00,24.3596562389,72.4552394362,0,0,0,12,12,7822,5247
compact51__paper_roles,2019-04-19 06:00:00,19.6866865409,48.0712980793,0,0,0,12,12,6193,2170
compact51__paper_roles,2019-04-19 07:00:00,17.6156275744,47.4233698063,0,0,0,11,11,4840,1989
compact51__paper_roles,2019-04-19 08:00:00,16.6653055564,49.9514242103,0,0,0,12,12,4125,2653
compact51__paper_roles,2019-04-19 09:00:00,18.6678050732,53.3703816947,0,0,0,13,13,5574,3501
compact51__paper_roles,2019-04-19 10:00:00,15.4463974787,48.1036924119,0,0,0,10,10,3147,2180
compact51__paper_roles,2019-04-19 11:00:00,15.1511824245,47.4521296966,0,0,0,12,12,2938,1997
compact51__paper_roles,2019-04-19 12:00:00,15.1484085957,50.3621423474,0,0,0,12,12,2937,2765
compact51__paper_roles,2019-04-19 13:00:00,15.7950224129,50.0548369298,0,0,0,12,12,3444,2681
compact51__paper_roles,2019-04-19 14:00:00,16.3378049139,49.6137472582,0,0,0,12,12,3871,2576
compact51__paper_roles,2019-04-19 15:00:00,17.8457366668,53.0658020007,0,0,0,12,12,5007,3425
compact51__paper_roles,2019-04-19 16:00:00,18.2571863637,53.8303767957,0,0,0,12,12,5295,3577
compact51__paper_roles,2019-04-19 17:00:00,16.6581164041,51.3897304265,0,0,0,12,12,4119,3021
compact51__paper_roles,2019-04-19 18:00:00,19.5703152727,55.719967623,0,0,0,12,12,6136,3938
compact51__paper_roles,2019-04-19 19:00:00,18.3674881037,53.2603848824,0,0,0,12,12,5368,3477
compact51__paper_roles,2019-04-19 20:00:00,14.8706284661,48.0936828462,0,0,0,12,12,2705,2176
compact51__paper_roles,2019-04-19 21:00:00,18.3213043152,52.4753166777,0,0,0,12,12,5330,3272
compact51__paper_roles,2019-04-19 22:00:00,21.5344695949,57.688783867,0,0,0,13,12,7031,4219
compact51__paper_roles,2019-04-19 23:00:00,22.1966456549,61.4303409428,0,0,0,12,12,7253,4612
compact51__paper_roles,2019-04-20 00:00:00,22.4992168256,3385.12841347,1,0,0,12,12,7356,8676
compact51__paper_roles,2019-04-20 01:00:00,22.3466371979,3958.75139087,1,0,0,12,12,7311,8693
compact51__paper_roles,2019-04-20 02:00:00,24.9158098797,858.961350394,2,0,0,12,12,7934,8455
compact51__paper_roles,2019-04-20 03:00:00,25.6992102115,445.216403389,2,0,0,12,12,8080,8187
compact51__paper_roles,2019-04-20 04:00:00,34.1021795368,386.320626675,2,0,0,12,12,8666,8120
compact51__paper_roles,2019-04-20 05:00:00,35.8190862182,474.287860509,2,0,0,12,12,8693,8222
compact51__paper_roles,2019-04-20 06:00:00,36.9306651254,697.079042014,2,0,0,12,12,8708,8399
compact51__paper_roles,2019-04-20 07:00:00,33.8625815804,929.971645785,2,0,0,12,12,8660,8476
compact51__paper_roles,2019-04-20 08:00:00,29.9065800445,1813.44915956,2,0,0,12,12,8510,8601
compact51__paper_roles,2019-04-20 09:00:00,24.1891631703,451.123243805,1,0,0,12,12,7784,8194
compact51__paper_roles,2019-04-20 10:00:00,25.2463086144,273.365099728,1,0,0,12,12,8006,7834
compact51__paper_roles,2019-04-20 11:00:00,26.9986702674,166.138810766,1,0,0,12,12,8284,7229
compact51__paper_roles,2019-04-20 12:00:00,27.1370001942,225.163670933,1,0,0,12,12,8301,7631
compact51__paper_roles,2019-04-20 13:00:00,25.0239218063,420.048159343,1,0,0,12,12,7957,8156
compact51__paper_roles,2019-04-20 14:00:00,27.7346721613,4850.45470983,1,0,0,12,12,8358,8708
compact51__paper_roles,2019-04-20 15:00:00,29.0709003127,1079.55143449,2,0,0,12,12,8456,8513
compact51__paper_roles,2019-04-20 16:00:00,28.9471402809,656.420767299,2,0,0,12,12,8447,8369
compact51__paper_roles,2019-04-20 17:00:00,29.5593625064,922.135318361,2,0,0,12,12,8480,8472
compact51__paper_roles,2019-04-20 18:00:00,30.4411303802,441.503886783,2,0,0,12,12,8537,8183
compact51__paper_roles,2019-04-20 19:00:00,29.1371305887,321.761875699,2,0,0,12,12,8461,7988
compact51__paper_roles,2019-04-20 20:00:00,26.8139095262,1043.33095935,2,0,0,12,12,8263,8503
compact51__paper_roles,2019-04-20 21:00:00,22.7687807503,811.110799575,0,0,0,12,12,7435,8435
compact51__paper_roles,2019-04-20 22:00:00,23.610485173,110.638057546,0,0,0,12,12,7652,6444
compact51__paper_roles,2019-04-20 23:00:00,24.7052360737,96.1525444925,0,0,0,12,12,7890,6114
compact51__paper_roles,2019-04-21 00:00:00,25.1473496614,165.212345767,0,0,0,13,12,7983,7221
compact51__paper_roles,2019-04-21 01:00:00,30.0597227066,84.6041679134,0,0,0,12,12,8520,5736
compact51__paper_roles,2019-04-21 02:00:00,27.2686064356,73.4040020981,0,0,0,12,12,8316,5277
compact51__paper_roles,2019-04-21 03:00:00,27.6342755979,77.2685594817,0,0,0,12,12,8352,5441
compact51__paper_roles,2019-04-21 04:00:00,27.9054435186,63.5873365719,0,0,0,12,12,8379,4777
compact51__paper_roles,2019-04-21 05:00:00,26.0157583129,63.0612773317,0,0,0,12,12,8134,4740
compact51__paper_roles,2019-04-21 06:00:00,27.1123421764,55.3520766876,0,0,0,12,12,8294,3855
compact51__paper_roles,2019-04-21 07:00:00,25.0215171395,57.5437580982,0,0,0,13,12,7956,4203
compact51__paper_roles,2019-04-21 08:00:00,21.9607558434,62.846758996,0,0,0,13,13,7181,4724
compact51__paper_roles,2019-04-21 09:00:00,18.5965046831,62.1259185139,0,0,0,12,12,5521,4674
compact51__paper_roles,2019-04-21 10:00:00,17.2316107965,59.402698883,0,0,0,12,12,4555,4425
compact51__paper_roles,2019-04-21 11:00:00,18.7852949589,61.9405960036,0,0,0,12,12,5654,4657
compact51__paper_roles,2019-04-21 12:00:00,20.3460800147,63.1406975968,0,0,0,13,12,6503,4746
compact51__paper_roles,2019-04-21 13:00:00,17.2847858912,56.5942251289,0,0,0,12,12,4599,4072
compact51__paper_roles,2019-04-21 14:00:00,21.3406899315,62.3721815433,0,0,0,12,12,6936,4690
compact51__paper_roles,2019-04-21 15:00:00,22.4036766341,65.5284271291,0,0,0,12,12,7328,4921
compact51__paper_roles,2019-04-21 16:00:00,24.6980281292,66.3146091054,0,0,0,12,12,7886,4969
compact51__paper_roles,2019-04-21 17:00:00,21.2265647186,64.1107641103,0,0,0,12,12,6890,4814
compact51__paper_roles,2019-04-21 18:00:00,20.8414365341,59.2671768648,0,0,0,12,12,6712,4405
compact51__paper_roles,2019-04-21 19:00:00,15.9446761201,52.5861831437,0,0,0,12,12,3568,3303
compact51__paper_roles,2019-04-21 20:00:00,17.2874167904,52.5600443781,0,0,0,12,12,4604,3299
compact51__paper_roles,2019-04-21 21:00:00,19.6119951094,54.1427738969,0,0,0,12,12,6155,3640
compact51__paper_roles,2019-04-21 22:00:00,16.8318577289,52.2078488656,0,0,0,12,12,4247,3217
compact51__paper_roles,2019-04-21 23:00:00,21.3375895331,58.524807754,0,0,0,12,12,6934,4315
compact51__paper_roles,2019-04-22 00:00:00,19.2504489694,52.7720256517,0,0,0,12,12,5953,3345
compact51__paper_roles,2019-04-22 01:00:00,19.5440237135,53.1533924415,0,0,0,12,12,6118,3448
compact51__paper_roles,2019-04-22 02:00:00,18.5218995,50.0827951689,0,0,0,12,12,5463,2691
compact51__paper_roles,2019-04-22 03:00:00,18.157723527,49.5927500951,0,0,0,12,12,5234,2568
compact51__paper_roles,2019-04-22 04:00:00,28.8719403906,58.6947992632,0,0,0,12,12,8440,4335
compact51__paper_roles,2019-04-22 05:00:00,28.9725258133,89.2920255875,0,0,0,12,12,8449,5887
compact51__paper_roles,2019-04-22 06:00:00,22.7353968853,117.735528311,0,0,0,12,12,7428,6568
compact51__paper_roles,2019-04-22 07:00:00,16.5937035909,45.3420575457,0,0,0,12,12,4068,1453
compact51__paper_roles,2019-04-22 08:00:00,26.6749961861,121.473241005,0,0,0,13,12,8243,6653
compact51__paper_roles,2019-04-22 09:00:00,31.9736985983,312.544060597,0,0,0,12,12,8599,7960
compact51__paper_roles,2019-04-22 10:00:00,19.8837814814,163.593472934,0,0,0,12,12,6294,7208
compact51__paper_roles,2019-04-22 11:00:00,16.629131286,72.203013913,0,0,0,12,12,4096,5241
compact51__paper_roles,2019-04-22 12:00:00,21.349663497,94.6034505674,0,0,0,12,12,6942,6060
compact51__paper_roles,2019-04-22 13:00:00,14.7045135011,45.3410759639,0,0,0,12,12,2575,1452
compact51__paper_roles,2019-04-22 14:00:00,13.3388819241,44.4157846161,0,0,0,12,12,1582,1250
compact51__paper_roles,2019-04-22 15:00:00,16.403767554,46.8525246167,0,0,0,12,12,3913,1821
compact51__paper_roles,2019-04-22 16:00:00,14.0857885592,43.5480534704,0,0,0,12,12,2083,1069
compact51__paper_roles,2019-04-22 17:00:00,14.8801411085,44.8963778202,0,0,0,12,12,2718,1346
compact51__paper_roles,2019-04-22 18:00:00,17.9476379505,44.661683953,0,0,0,12,12,5088,1292
compact51__paper_roles,2019-04-22 19:00:00,19.9108295255,43.3916165404,0,0,0,12,12,6308,1038
compact51__paper_roles,2019-04-22 20:00:00,21.3729455198,42.2931913038,0,0,0,12,12,6952,855
compact51__paper_roles,2019-04-22 21:00:00,14.5242811725,39.9440217035,0,0,0,12,12,2435,503
compact51__paper_roles,2019-04-22 22:00:00,17.6980980699,43.4314916723,0,0,0,12,12,4900,1044
compact51__paper_roles,2019-04-22 23:00:00,18.8719482886,45.6603671019,0,0,0,12,12,5713,1525
compact51__paper_roles,2019-04-23 00:00:00,20.9656913898,47.8331620645,0,0,0,12,12,6774,2094
compact51__paper_roles,2019-04-23 01:00:00,23.9559070449,70.2111548617,0,0,0,12,12,7736,5150
compact51__paper_roles,2019-04-23 02:00:00,21.6097269501,73.9808550484,0,0,0,12,12,7057,5313
compact51__paper_roles,2019-04-23 03:00:00,27.3841269072,60.4267875151,0,0,0,12,12,8327,4523
compact51__paper_roles,2019-04-23 04:00:00,26.2771565038,52.5007623642,0,0,0,12,12,8185,3280
compact51__paper_roles,2019-04-23 05:00:00,25.5425635856,43.2885598651,0,0,0,12,12,8059,1019
compact51__paper_roles,2019-04-23 06:00:00,25.0784628491,59.803762558,0,0,0,12,12,7969,4466
compact51__paper_roles,2019-04-23 07:00:00,16.4423593844,37.2542716051,0,0,0,12,12,3957,258
compact51__paper_roles,2019-04-23 08:00:00,24.2547511759,100.683760678,0,0,0,12,12,7800,6226
compact51__paper_roles,2019-04-23 09:00:00,20.8676564021,82.8513714034,0,0,0,12,12,6724,5662
compact51__paper_roles,2019-04-23 10:00:00,21.4052794244,85.2033140395,0,0,0,12,12,6967,5758
compact51__paper_roles,2019-04-23 11:00:00,18.6821594705,59.6530803242,0,0,0,9,9,5587,4446
compact51__paper_roles,2019-04-23 12:00:00,17.5833808965,52.164546508,0,0,0,12,12,4812,3208
compact51__paper_roles,2019-04-23 13:00:00,29.042661228,213.523275645,0,0,0,12,12,8452,7565
compact51__paper_roles,2019-04-23 14:00:00,24.2898104069,126.712780413,0,0,0,12,12,7807,6751
compact51__paper_roles,2019-04-23 15:00:00,21.4711966052,70.7689318528,0,0,0,12,12,7002,5182
compact51__paper_roles,2019-04-23 16:00:00,17.7379978237,48.634281393,0,0,0,12,12,4929,2329
compact51__paper_roles,2019-04-23 17:00:00,18.0454965428,38.2430841993,0,0,0,12,12,5152,327
compact51__paper_roles,2019-04-23 18:00:00,20.6135142506,38.4895886014,0,0,0,12,12,6610,347
compact51__paper_roles,2019-04-23 19:00:00,22.5519232707,42.3942954363,0,0,0,12,12,7368,873
compact51__paper_roles,2019-04-23 20:00:00,25.922617159,55.6469012124,0,0,0,12,12,8119,3913
compact51__paper_roles,2019-04-23 21:00:00,24.4598264602,63.7183224454,0,0,0,13,12,7845,4790
compact51__paper_roles,2019-04-23 22:00:00,24.6970684723,80.1852798421,0,0,0,13,13,7885,5558
compact51__paper_roles,2019-04-23 23:00:00,25.236427048,117.914441327,0,0,0,13,13,8003,6574
compact51__paper_roles,2019-04-24 00:00:00,15.9385716507,97.5433443872,0,0,0,12,12,3559,6147
compact51__paper_roles,2019-04-24 01:00:00,17.0709075434,81.7258836745,0,0,0,12,12,4423,5628
compact51__paper_roles,2019-04-24 02:00:00,24.5549588463,60.6410084583,0,0,0,12,12,7865,4542
compact51__paper_roles,2019-04-24 03:00:00,26.7959851062,58.347989872,0,0,0,12,12,8260,4293
compact51__paper_roles,2019-04-24 04:00:00,21.5768066788,70.7607427343,0,0,0,12,12,7044,5181
compact51__paper_roles,2019-04-24 05:00:00,18.2871936552,61.7295992901,0,0,0,12,12,5312,4644
compact51__paper_roles,2019-04-24 06:00:00,18.4970641888,58.5010256929,0,0,0,12,12,5451,4310
compact51__paper_roles,2019-04-24 07:00:00,17.3703533714,34.8893284034,0,0,0,12,12,4659,128
compact51__paper_roles,2019-04-24 08:00:00,19.3079507323,31.7231820233,0,0,0,12,12,5983,50
compact51__paper_roles,2019-04-24 09:00:00,16.8391959351,31.9965635352,0,0,0,13,13,4254,55
compact51__paper_roles,2019-04-24 10:00:00,17.3825228344,33.3818673629,0,0,0,12,12,4672,86
compact51__paper_roles,2019-04-24 11:00:00,12.9834730542,38.722294645,0,0,0,10,10,1357,371
compact51__paper_roles,2019-04-24 12:00:00,14.2623210361,40.4454172395,0,0,0,12,11,2222,572
compact51__paper_roles,2019-04-24 13:00:00,14.4062314738,40.0390633543,0,0,0,12,12,2342,515
compact51__paper_roles,2019-04-24 14:00:00,13.9128650763,39.3351518274,0,0,0,12,12,1968,434
compact51__paper_roles,2019-04-24 15:00:00,15.1394042821,39.7630873274,0,0,0,11,11,2925,479
compact51__paper_roles,2019-04-24 16:00:00,14.3931535092,41.7122566587,0,0,0,12,12,2332,763
compact51__paper_roles,2019-04-24 17:00:00,14.4487906321,44.072348879,0,0,0,12,12,2369,1170
compact51__paper_roles,2019-04-24 18:00:00,14.7786815866,39.2764077537,0,0,0,12,12,2640,423
compact51__paper_roles,2019-04-24 19:00:00,14.6569007998,38.2209966102,0,0,0,12,12,2542,326
compact51__paper_roles,2019-04-24 20:00:00,14.5594733878,36.2047564949,0,0,0,12,12,2459,190
compact51__paper_roles,2019-04-24 21:00:00,13.0687427947,41.1549593656,0,0,0,12,12,1412,673
compact51__paper_roles,2019-04-24 22:00:00,14.4066598623,37.8639139122,0,0,0,12,12,2343,297
compact51__paper_roles,2019-04-24 23:00:00,19.2064890033,47.0412140014,0,0,0,12,12,5925,1880
compact51__paper_roles,2019-04-25 00:00:00,21.0659273666,53.1042525174,0,0,0,12,12,6816,3433
compact51__paper_roles,2019-04-25 01:00:00,30.0313571243,55.9695340616,0,0,0,12,12,8519,3973
compact51__paper_roles,2019-04-25 02:00:00,41.1792210438,192.449542178,0,0,0,12,12,8740,7432
compact51__paper_roles,2019-04-25 03:00:00,44.7639521949,256.928569567,0,0,0,12,12,8751,7784
compact51__paper_roles,2019-04-25 04:00:00,53.0219846184,563.709921603,0,0,0,12,12,8760,8308
compact51__paper_roles,2019-04-25 05:00:00,39.899666959,195.61069227,0,0,0,12,12,8731,7456
compact51__paper_roles,2019-04-25 06:00:00,25.8719497124,454.32518816,0,0,0,12,12,8110,8199
compact51__paper_roles,2019-04-25 07:00:00,18.1085615624,103.296247305,0,0,0,12,12,5198,6296
compact51__paper_roles,2019-04-25 08:00:00,20.0886581855,254.501558989,0,0,0,12,12,6392,7776
compact51__paper_roles,2019-04-25 09:00:00,20.1011810874,212.025377537,0,0,0,12,12,6398,7559
compact51__paper_roles,2019-04-25 10:00:00,21.0990085602,832.332712333,0,0,0,12,12,6836,8444
compact51__paper_roles,2019-04-25 11:00:00,21.9248910056,333.563883438,0,0,0,12,12,7173,8016
compact51__paper_roles,2019-04-25 12:00:00,23.7387904393,371.62913583,0,0,0,12,12,7690,8104
compact51__paper_roles,2019-04-25 13:00:00,23.9662576495,279.843558106,0,0,0,12,12,7738,7860
compact51__paper_roles,2019-04-25 14:00:00,24.2291798177,145.997389342,0,0,0,12,12,7795,7008
compact51__paper_roles,2019-04-25 15:00:00,22.8405041558,59.3543014453,0,0,0,12,12,7454,4419
compact51__paper_roles,2019-04-25 16:00:00,21.4787307559,67.1556888632,0,0,0,12,12,7003,5009
compact51__paper_roles,2019-04-25 17:00:00,18.6039162521,48.0329526466,0,0,0,12,12,5529,2153
compact51__paper_roles,2019-04-25 18:00:00,18.8308607791,55.4585309938,0,0,0,12,12,5685,3874
compact51__paper_roles,2019-04-25 19:00:00,17.3454866725,46.8821122975,0,0,0,12,12,4644,1828
compact51__paper_roles,2019-04-25 20:00:00,15.506391399,36.9391706726,0,0,0,12,12,3193,239
compact51__paper_roles,2019-04-25 21:00:00,16.3411913525,42.4038094574,0,0,0,12,12,3874,877
compact51__paper_roles,2019-04-25 22:00:00,17.4014572649,47.9718390533,0,0,0,12,12,4681,2133
compact51__paper_roles,2019-04-25 23:00:00,23.7281591444,75.4065394946,0,0,0,12,12,7685,5372
compact51__paper_roles,2019-04-26 00:00:00,23.5585705512,91.334531951,0,0,0,12,12,7639,5946
compact51__paper_roles,2019-04-26 01:00:00,26.5838906896,76.4183194558,0,0,0,12,12,8226,5418
compact51__paper_roles,2019-04-26 02:00:00,28.3479669421,73.5369967168,0,0,0,12,12,8417,5281
compact51__paper_roles,2019-04-26 03:00:00,28.0663300559,55.0615316674,0,0,0,12,12,8393,3801
compact51__paper_roles,2019-04-26 04:00:00,33.703249809,70.4035164583,0,0,0,12,12,8654,5162
compact51__paper_roles,2019-04-26 05:00:00,37.7298197686,88.0511805307,0,0,0,12,12,8715,5836
compact51__paper_roles,2019-04-26 06:00:00,17.8715218445,42.680538109,0,0,0,12,12,5023,925
compact51__paper_roles,2019-04-26 07:00:00,15.7387303253,33.745967645,0,0,0,12,12,3400,92
compact51__paper_roles,2019-04-26 08:00:00,15.2771068235,27.2245368184,0,0,0,12,12,3043,9
compact51__paper_roles,2019-04-26 09:00:00,14.1697846142,32.8243226478,0,0,0,12,12,2147,73
compact51__paper_roles,2019-04-26 10:00:00,16.0605918206,27.8735535939,0,0,0,12,12,3655,16
compact51__paper_roles,2019-04-26 11:00:00,14.3055265616,29.9023049441,0,0,0,13,13,2270,28
compact51__paper_roles,2019-04-26 12:00:00,14.06837675,30.3428898308,0,0,0,12,12,2071,33
compact51__paper_roles,2019-04-26 13:00:00,13.1961538195,26.8818454138,0,0,0,12,12,1497,6
compact51__paper_roles,2019-04-26 14:00:00,11.8906044469,27.927675188,0,0,0,12,12,716,17
compact51__paper_roles,2019-04-26 15:00:00,12.8433436491,31.4160102497,0,0,0,12,12,1261,45
compact51__paper_roles,2019-04-26 16:00:00,13.5116878603,28.6281258165,0,0,0,12,12,1685,21
compact51__paper_roles,2019-04-26 17:00:00,14.212832109,35.0740466255,0,0,0,12,12,2185,139
compact51__paper_roles,2019-04-26 18:00:00,15.4218775491,42.0816697811,0,0,0,12,12,3139,815
compact51__paper_roles,2019-04-26 19:00:00,14.2221409407,44.2629066787,0,0,0,12,12,2192,1218
compact51__paper_roles,2019-04-26 20:00:00,16.5503934144,47.2238166825,0,0,0,12,12,4038,1938
compact51__paper_roles,2019-04-26 21:00:00,19.4470747508,43.1873739647,0,0,0,12,12,6056,1000
compact51__paper_roles,2019-04-26 22:00:00,21.3207991856,54.0647729755,0,0,0,12,12,6929,3628
compact51__paper_roles,2019-04-26 23:00:00,22.4564980518,53.9618928046,0,0,0,12,12,7342,3602
compact51__paper_roles,2019-04-27 00:00:00,22.6660208573,85.9163686782,0,0,0,12,12,7410,5786
compact51__paper_roles,2019-04-27 01:00:00,26.9937911452,91.7289446471,0,0,0,12,12,8283,5959
compact51__paper_roles,2019-04-27 02:00:00,26.3734848822,73.7356047622,0,0,0,12,12,8201,5297
compact51__paper_roles,2019-04-27 03:00:00,23.7231914316,57.4711037568,0,0,0,12,12,7680,4188
compact51__paper_roles,2019-04-27 04:00:00,26.165295946,86.6974466174,0,0,0,12,12,8161,5806
compact51__paper_roles,2019-04-27 05:00:00,18.5187864178,64.5469826774,0,0,0,12,12,5461,4854
compact51__paper_roles,2019-04-27 06:00:00,17.4509374673,46.3571956603,0,0,0,12,12,4724,1680
compact51__paper_roles,2019-04-27 07:00:00,12.0372953993,38.0013773309,0,0,0,13,12,806,307
compact51__paper_roles,2019-04-27 08:00:00,13.866203986,28.7790288987,0,0,0,12,12,1930,23
compact51__paper_roles,2019-04-27 09:00:00,15.5004311112,31.6752443512,0,0,0,12,12,3191,49
compact51__paper_roles,2019-04-27 10:00:00,15.7789289294,36.6515515686,0,0,0,12,12,3430,212
compact51__paper_roles,2019-04-27 11:00:00,14.3221749293,39.3442654014,0,0,0,12,12,2281,436
compact51__paper_roles,2019-04-27 12:00:00,14.4871491247,38.46214967,0,0,0,12,12,2400,346
compact51__paper_roles,2019-04-27 13:00:00,16.3395305357,38.4274325037,0,0,0,12,12,3873,342
compact51__paper_roles,2019-04-27 14:00:00,15.1131723079,35.8961011972,0,0,0,12,12,2905,177
compact51__paper_roles,2019-04-27 15:00:00,13.4483666323,38.1479529888,0,0,0,12,12,1650,320
compact51__paper_roles,2019-04-27 16:00:00,13.4861335846,41.1922441246,0,0,0,12,12,1672,679
compact51__paper_roles,2019-04-27 17:00:00,16.4302553359,33.4140761265,0,0,0,12,12,3948,87
compact51__paper_roles,2019-04-27 18:00:00,16.9873565248,30.3095041528,0,0,0,12,12,4353,31
compact51__paper_roles,2019-04-27 19:00:00,18.3375598562,38.666199244,0,0,0,12,12,5343,363
compact51__paper_roles,2019-04-27 20:00:00,16.9946603673,36.7938762098,0,0,0,12,12,4361,223
compact51__paper_roles,2019-04-27 21:00:00,15.3817284477,28.9521993887,0,0,0,12,12,3113,24
compact51__paper_roles,2019-04-27 22:00:00,19.3457406619,36.8124116468,0,0,0,12,12,6007,227
compact51__paper_roles,2019-04-27 23:00:00,19.6189462642,36.1576959623,0,0,0,12,12,6157,188
compact51__paper_roles,2019-04-28 00:00:00,19.831123418,45.7154872993,0,0,0,12,12,6272,1542
compact51__paper_roles,2019-04-28 01:00:00,25.1471719039,83.5155921092,0,0,0,12,12,7982,5689
compact51__paper_roles,2019-04-28 02:00:00,27.2938339095,123.940772594,0,0,0,12,12,8319,6702
compact51__paper_roles,2019-04-28 03:00:00,25.1552464804,58.2667023253,0,0,0,12,12,7987,4283
compact51__paper_roles,2019-04-28 04:00:00,25.6370825265,52.2194634428,0,0,0,12,12,8068,3222
compact51__paper_roles,2019-04-28 05:00:00,25.0319616204,55.4889124124,0,0,0,12,12,7962,3885
compact51__paper_roles,2019-04-28 06:00:00,20.5000068507,51.8972740211,0,0,0,12,12,6573,3144
compact51__paper_roles,2019-04-28 07:00:00,24.1536438054,47.2336495596,0,0,0,12,12,7777,1940
compact51__paper_roles,2019-04-28 08:00:00,21.6140444819,55.1950333789,0,0,0,12,12,7060,3826
compact51__paper_roles,2019-04-28 09:00:00,22.2134093351,55.2241202045,0,0,0,12,12,7261,3834
compact51__paper_roles,2019-04-28 10:00:00,20.6963013296,53.9543920095,0,0,0,12,12,6644,3600
compact51__paper_roles,2019-04-28 11:00:00,19.4742221692,50.9663731485,0,0,0,12,12,6072,2923
compact51__paper_roles,2019-04-28 12:00:00,17.3133141221,53.882040244,0,0,0,12,12,4622,3587
compact51__paper_roles,2019-04-28 13:00:00,18.6808784559,55.0911493004,0,0,0,12,12,5584,3808
compact51__paper_roles,2019-04-28 14:00:00,16.4135594791,47.7662103549,0,0,0,12,12,3925,2074
compact51__paper_roles,2019-04-28 15:00:00,17.5307198985,49.5413511361,0,0,0,12,12,4779,2554
compact51__paper_roles,2019-04-28 16:00:00,16.7401658536,47.2988172601,0,0,0,12,12,4181,1955
compact51__paper_roles,2019-04-28 17:00:00,13.0396264286,40.8066530181,0,0,0,12,12,1392,619
compact51__paper_roles,2019-04-28 18:00:00,15.6570370835,36.9177795052,0,0,0,12,12,3327,235
compact51__paper_roles,2019-04-28 19:00:00,19.6693837753,41.0837553358,0,0,0,12,12,6185,665
compact51__paper_roles,2019-04-28 20:00:00,20.7264301365,41.6267339794,0,0,0,12,12,6657,751
compact51__paper_roles,2019-04-28 21:00:00,19.184718018,39.45481859,0,0,0,12,12,5914,447
compact51__paper_roles,2019-04-28 22:00:00,21.8289508199,50.9165948947,0,0,0,12,12,7139,2912
compact51__paper_roles,2019-04-28 23:00:00,24.9298822825,55.3437982142,0,0,0,12,12,7939,3852
compact51__paper_roles,2019-04-29 00:00:00,26.7472290183,189.901536678,0,0,0,12,12,8254,7411
compact51__paper_roles,2019-04-29 01:00:00,29.9291793779,5651.54590927,1,0,0,12,12,8513,8720
compact51__paper_roles,2019-04-29 02:00:00,28.2767149467,1173.06029168,0,0,0,12,12,8414,8530
compact51__paper_roles,2019-04-29 03:00:00,29.2268189319,376.169529715,1,0,0,12,12,8467,8108
compact51__paper_roles,2019-04-29 04:00:00,33.0405901228,365.477152526,0,0,0,12,12,8634,8092
compact51__paper_roles,2019-04-29 05:00:00,24.3828970876,97.4578165574,0,0,0,13,13,7831,6144
compact51__paper_roles,2019-04-29 06:00:00,15.2445653957,38.5864428431,0,0,0,12,12,3014,358
compact51__paper_roles,2019-04-29 07:00:00,18.7775291887,32.550967363,0,0,0,12,12,5650,67
compact51__paper_roles,2019-04-29 08:00:00,18.8899731794,39.3686296678,0,0,0,12,12,5723,439
compact51__paper_roles,2019-04-29 09:00:00,18.3165466355,74.9078397898,0,0,0,12,12,5326,5350
compact51__paper_roles,2019-04-29 10:00:00,18.5534090833,134.622662853,0,0,0,12,12,5493,6862
compact51__paper_roles,2019-04-29 11:00:00,23.5761374797,169.686479646,0,0,0,12,12,7641,7264
compact51__paper_roles,2019-04-29 12:00:00,21.3267487371,60.31268137,0,0,0,12,12,6930,4516
compact51__paper_roles,2019-04-29 13:00:00,20.2543982065,88.7347654491,0,0,0,12,12,6461,5864
compact51__paper_roles,2019-04-29 14:00:00,22.5282637733,98.2953964981,0,0,0,12,12,7361,6163
compact51__paper_roles,2019-04-29 15:00:00,20.5489879002,41.8381611559,0,0,0,12,12,6587,780
compact51__paper_roles,2019-04-29 16:00:00,20.2555258637,53.6613940846,0,0,0,12,12,6462,3550
compact51__paper_roles,2019-04-29 17:00:00,22.394813921,57.7877867473,0,0,0,12,12,7326,4231
compact51__paper_roles,2019-04-29 18:00:00,19.7905102654,53.8756995176,0,0,0,12,12,6249,3586
compact51__paper_roles,2019-04-29 19:00:00,18.0465830249,52.4179115919,0,0,0,12,12,5154,3259
compact51__paper_roles,2019-04-29 20:00:00,25.2636685928,53.4886433812,0,0,0,12,12,8010,3522
compact51__paper_roles,2019-04-29 21:00:00,22.6875324255,50.7090456389,0,0,0,12,12,7415,2853
compact51__paper_roles,2019-04-29 22:00:00,20.0384507907,55.492712533,0,0,0,12,12,6370,3888
compact51__paper_roles,2019-04-29 23:00:00,21.1764975445,63.3359931323,0,0,0,12,12,6866,4762
compact51__paper_roles,2019-04-30 00:00:00,16.770302416,41.9360336747,0,0,0,12,12,4200,796
compact51__paper_roles,2019-04-30 01:00:00,25.7720764988,81.4395426568,0,0,0,12,12,8094,5618
compact51__paper_roles,2019-04-30 02:00:00,21.362160673,70.0836855234,0,0,0,12,12,6947,5145
compact51__paper_roles,2019-04-30 03:00:00,19.7563744282,50.6011705092,0,0,0,12,12,6229,2820
compact51__paper_roles,2019-04-30 04:00:00,27.2263880612,52.7089460138,0,0,0,12,12,8312,3331
compact51__paper_roles,2019-04-30 05:00:00,33.5889993068,55.7008017844,0,0,0,12,12,8651,3932
compact51__paper_roles,2019-04-30 06:00:00,16.9769325339,40.41875554,0,0,0,12,12,4347,566
compact51__paper_roles,2019-04-30 07:00:00,18.9466047763,64.7450607764,0,0,0,13,13,5754,4870
compact51__paper_roles,2019-04-30 08:00:00,22.9864913603,77.8363347255,0,0,0,11,11,7488,5468
compact51__paper_roles,2019-04-30 09:00:00,25.1129733252,152.07194621,1,0,0,12,12,7976,7076
compact51__paper_roles,2019-04-30 10:00:00,18.6837665118,87.3330057497,0,0,0,12,12,5589,5818
compact51__paper_roles,2019-04-30 11:00:00,19.0343806303,1027.08820479,1,0,0,12,12,5818,8500
compact51__paper_roles,2019-04-30 12:00:00,19.7845392811,282.424317328,0,0,0,12,12,6244,7874
compact51__paper_roles,2019-04-30 13:00:00,17.5236235926,151.411145066,0,0,0,12,12,4767,7071
compact51__paper_roles,2019-04-30 14:00:00,12.5634076917,200.296607133,0,0,0,13,12,1112,7491
compact51__paper_roles,2019-04-30 15:00:00,12.4107626639,162.254099524,0,0,0,12,12,1013,7191
compact51__paper_roles,2019-04-30 16:00:00,16.5927334182,122.025360107,0,0,0,12,12,4066,6660
compact51__paper_roles,2019-04-30 17:00:00,18.8810825749,89.0207252164,0,0,0,12,12,5718,5874
compact51__paper_roles,2019-04-30 18:00:00,18.7004399408,83.5778963409,0,0,0,12,12,5603,5692
compact51__paper_roles,2019-04-30 19:00:00,19.8508961393,77.9139404808,0,0,0,12,12,6279,5475
compact51__paper_roles,2019-04-30 20:00:00,20.6014307678,119.38525728,0,0,0,12,12,6606,6602
compact51__paper_roles,2019-04-30 21:00:00,21.6950553398,85.4596253351,0,0,0,12,12,7091,5770
compact51__paper_roles,2019-04-30 22:00:00,23.0104148326,83.4570404317,0,0,0,12,12,7497,5686
compact51__paper_roles,2019-04-30 23:00:00,29.575075496,87.846855691,0,0,0,12,12,8482,5831
compact51__paper_roles,2019-05-01 00:00:00,24.7541692871,67.9677218676,0,0,0,12,12,7901,5057
compact51__paper_roles,2019-05-01 01:00:00,25.0671340316,91.907470664,0,0,0,12,12,7967,5967
compact51__paper_roles,2019-05-01 02:00:00,24.729241247,79.3980223867,0,0,0,12,12,7895,5527
compact51__paper_roles,2019-05-01 03:00:00,20.7782748254,57.1675176937,0,0,0,12,12,6679,4155
compact51__paper_roles,2019-05-01 04:00:00,29.138943008,106.290602493,0,0,0,12,12,8462,6368
compact51__paper_roles,2019-05-01 05:00:00,30.9013368467,99.0326014445,0,0,0,12,12,8560,6179
compact51__paper_roles,2019-05-01 06:00:00,23.1036185112,79.935578455,0,0,0,12,12,7524,5553
compact51__paper_roles,2019-05-01 07:00:00,23.9179575988,82.7214643841,0,0,0,12,12,7733,5656
compact51__paper_roles,2019-05-01 08:00:00,21.341047937,159.904705888,0,0,0,12,12,6937,7169
compact51__paper_roles,2019-05-01 09:00:00,18.3929944984,42.9978605939,0,0,0,12,12,5390,972
compact51__paper_roles,2019-05-01 10:00:00,25.3986726986,189.86046193,0,0,0,12,12,8039,7410
compact51__paper_roles,2019-05-01 11:00:00,24.6214699088,279.835202734,0,0,0,12,12,7875,7859
compact51__paper_roles,2019-05-01 12:00:00,16.732052995,122.914585001,0,0,0,12,12,4177,6681
compact51__paper_roles,2019-05-01 13:00:00,23.3087375838,2303.5952251,1,0,0,12,12,7583,8640
compact51__paper_roles,2019-05-01 14:00:00,22.4674076231,187.383192199,0,0,0,12,12,7346,7395
compact51__paper_roles,2019-05-01 15:00:00,21.2568001673,215.07130632,0,0,0,12,12,6901,7572
compact51__paper_roles,2019-05-01 16:00:00,22.4095163238,196.129255408,0,0,0,14,14,7332,7458
compact51__paper_roles,2019-05-01 17:00:00,22.6298863986,208.432317806,0,0,0,12,12,7400,7541
compact51__paper_roles,2019-05-01 18:00:00,21.1448111177,44.1998315024,0,0,0,12,12,6855,1205
compact51__paper_roles,2019-05-01 19:00:00,20.1753185121,36.429155889,0,0,0,12,12,6425,202
compact51__paper_roles,2019-05-01 20:00:00,21.1241801505,35.7406630824,0,0,0,12,12,6845,170
compact51__paper_roles,2019-05-01 21:00:00,22.0478177063,79.1966415808,0,0,0,12,12,7200,5519
compact51__paper_roles,2019-05-01 22:00:00,20.7203610664,35.8333346636,0,0,0,12,12,6653,173
compact51__paper_roles,2019-05-01 23:00:00,21.9827955033,64.8557804304,0,0,0,12,12,7188,4884
compact51__paper_roles,2019-05-02 00:00:00,18.0399988995,64.0611910914,0,0,0,12,12,5149,4807
compact51__paper_roles,2019-05-02 01:00:00,19.9332095405,84.5353113615,0,0,0,12,12,6315,5733
compact51__paper_roles,2019-05-02 02:00:00,22.3835491997,103.620052814,0,0,0,12,12,7321,6304
compact51__paper_roles,2019-05-02 03:00:00,29.688541547,109.505650627,0,0,0,12,12,8493,6424
compact51__paper_roles,2019-05-02 04:00:00,38.2494210682,96.3271323335,0,0,0,12,12,8720,6119
compact51__paper_roles,2019-05-02 05:00:00,34.38131696,80.3658691396,0,0,0,12,12,8674,5563
compact51__paper_roles,2019-05-02 06:00:00,19.2454663096,46.839469007,0,0,0,12,12,5948,1818
compact51__paper_roles,2019-05-02 07:00:00,18.4101854584,35.3247819017,0,0,0,12,12,5402,151
compact51__paper_roles,2019-05-02 08:00:00,16.9585861943,36.7939704495,0,0,0,12,12,4332,224
compact51__paper_roles,2019-05-02 09:00:00,17.8708318967,51.6385896202,0,0,0,12,12,5021,3074
compact51__paper_roles,2019-05-02 10:00:00,17.2405212966,38.2002748575,0,0,0,12,12,4564,322
compact51__paper_roles,2019-05-02 11:00:00,17.6752071161,36.4231737692,0,0,0,12,12,4887,200
compact51__paper_roles,2019-05-02 12:00:00,18.9068879841,80.7099308909,0,0,0,12,12,5731,5581
compact51__paper_roles,2019-05-02 13:00:00,18.4216356011,71.3702886761,0,0,0,13,12,5410,5204
compact51__paper_roles,2019-05-02 14:00:00,17.8939342983,42.917880516,0,0,0,12,12,5038,959
compact51__paper_roles,2019-05-02 15:00:00,15.9658728551,31.0836356427,0,0,0,13,13,3579,42
compact51__paper_roles,2019-05-02 16:00:00,17.2261394605,27.1483213492,0,0,0,12,12,4552,8
compact51__paper_roles,2019-05-02 17:00:00,15.4760212444,38.7256117453,0,0,0,12,12,3166,373
compact51__paper_roles,2019-05-02 18:00:00,15.7176713851,37.9919803462,0,0,0,12,12,3385,306
compact51__paper_roles,2019-05-02 19:00:00,14.3982504194,37.5848524166,0,0,0,12,12,2335,278
compact51__paper_roles,2019-05-02 20:00:00,18.3431680438,31.7454483653,0,0,0,12,12,5347,51
compact51__paper_roles,2019-05-02 21:00:00,17.825034625,44.5939912934,0,0,0,12,12,4991,1283
compact51__paper_roles,2019-05-02 22:00:00,19.8086944106,54.3441714599,0,0,0,12,12,6255,3676
compact51__paper_roles,2019-05-02 23:00:00,22.5598098747,43.9785319342,0,0,0,12,12,7372,1161
compact51__paper_roles,2019-05-03 00:00:00,19.4359414895,51.0387086199,0,0,0,12,12,6052,2939
compact51__paper_roles,2019-05-03 01:00:00,20.2031579194,54.9876951453,0,0,0,12,12,6435,3786
compact51__paper_roles,2019-05-03 02:00:00,18.6130356402,59.3018821811,0,0,0,12,12,5537,4415
compact51__paper_roles,2019-05-03 03:00:00,19.3763614226,58.0117393563,0,0,0,12,12,6028,4260
compact51__paper_roles,2019-05-03 04:00:00,24.135771309,67.5341666194,0,0,0,12,12,7769,5034
compact51__paper_roles,2019-05-03 05:00:00,34.7563220702,52.8520488031,0,0,0,12,12,8683,3366
compact51__paper_roles,2019-05-03 06:00:00,26.1436647102,51.85188588,0,0,0,12,12,8156,3139
compact51__paper_roles,2019-05-03 07:00:00,16.7119336809,35.5524801907,0,0,0,12,12,4163,166
compact51__paper_roles,2019-05-03 08:00:00,16.1240739314,31.5519712964,0,0,0,12,12,3705,47
compact51__paper_roles,2019-05-03 09:00:00,17.825456416,29.4201996587,0,0,0,12,12,4992,25
compact51__paper_roles,2019-05-03 10:00:00,14.6500579275,32.6539507708,0,0,0,12,12,2536,70
compact51__paper_roles,2019-05-03 11:00:00,13.7945409732,40.1559912173,0,0,0,12,12,1887,528
compact51__paper_roles,2019-05-03 12:00:00,16.9423188675,57.2203921857,0,0,0,12,12,4319,4161
compact51__paper_roles,2019-05-03 13:00:00,19.4799269992,73.4590142691,0,0,0,12,12,6078,5279
compact51__paper_roles,2019-05-03 14:00:00,17.1596779038,58.9474040669,0,0,0,12,12,4485,4359
compact51__paper_roles,2019-05-03 15:00:00,16.9121861213,54.4336210306,0,0,0,12,12,4300,3691
compact51__paper_roles,2019-05-03 16:00:00,17.300652653,49.3320353538,0,0,0,12,12,4614,2493
compact51__paper_roles,2019-05-03 17:00:00,16.6420235146,47.09083612,0,0,0,12,12,4113,1897
compact51__paper_roles,2019-05-03 18:00:00,16.1530661582,49.5442599779,0,0,0,12,12,3733,2555
compact51__paper_roles,2019-05-03 19:00:00,14.2705923435,51.4782312414,0,0,0,12,12,2229,3044
compact51__paper_roles,2019-05-03 20:00:00,14.9723075125,47.4758963487,0,0,0,12,12,2793,2005
compact51__paper_roles,2019-05-03 21:00:00,19.1195836657,50.4146968064,0,0,0,12,12,5878,2781
compact51__paper_roles,2019-05-03 22:00:00,23.1499587433,43.8629316862,0,0,0,12,12,7537,1139
compact51__paper_roles,2019-05-03 23:00:00,27.6186952739,54.4684374586,0,0,0,12,12,8349,3697
compact51__paper_roles,2019-05-04 00:00:00,18.8079902573,51.76428051,0,0,0,12,12,5669,3114
compact51__paper_roles,2019-05-04 01:00:00,17.9445881283,49.5979988325,0,0,0,12,12,5084,2570
compact51__paper_roles,2019-05-04 02:00:00,19.1120096081,52.8774957429,0,0,0,12,12,5873,3371
compact51__paper_roles,2019-05-04 03:00:00,18.7305747252,52.2603786087,0,0,0,12,12,5622,3232
compact51__paper_roles,2019-05-04 04:00:00,21.6516926355,51.492132167,0,0,0,12,12,7077,3045
compact51__paper_roles,2019-05-04 05:00:00,15.6769421969,49.3854071052,0,0,0,12,12,3345,2509
compact51__paper_roles,2019-05-04 06:00:00,19.8975457406,57.897409148,0,0,0,12,12,6303,4248
compact51__paper_roles,2019-05-04 07:00:00,24.1316511335,109.356425966,0,0,0,12,12,7768,6422
compact51__paper_roles,2019-05-04 08:00:00,20.8535916269,136.857675708,0,0,0,12,12,6721,6892
compact51__paper_roles,2019-05-04 09:00:00,20.392703134,73.9604389726,0,0,0,12,12,6524,5312
compact51__paper_roles,2019-05-04 10:00:00,22.2448771154,75.9344336849,0,0,0,12,12,7272,5397
compact51__paper_roles,2019-05-04 11:00:00,26.8129428023,93.8123721707,0,0,0,12,12,8262,6035
compact51__paper_roles,2019-05-04 12:00:00,23.1306223995,63.5501143439,0,0,0,12,12,7536,4775
compact51__paper_roles,2019-05-04 13:00:00,21.2790531623,68.2586159783,0,0,0,12,12,6911,5067
compact51__paper_roles,2019-05-04 14:00:00,17.3368882773,65.638980346,0,0,0,12,12,4635,4930
compact51__paper_roles,2019-05-04 15:00:00,19.0287269692,64.7590658272,0,0,0,12,12,5814,4872
compact51__paper_roles,2019-05-04 16:00:00,19.999044067,64.8879583243,0,0,0,12,12,6347,4888
compact51__paper_roles,2019-05-04 17:00:00,21.3200685948,62.1342117859,0,0,0,12,12,6928,4675
compact51__paper_roles,2019-05-04 18:00:00,24.2195473,62.3300695562,0,0,0,12,12,7792,4683
compact51__paper_roles,2019-05-04 19:00:00,25.1115755559,62.1078199457,0,0,0,12,12,7975,4673
compact51__paper_roles,2019-05-04 20:00:00,24.9275089123,54.0202767436,0,0,0,12,12,7937,3613
compact51__paper_roles,2019-05-04 21:00:00,24.4880582039,49.8862923263,0,0,0,12,12,7852,2637
compact51__paper_roles,2019-05-04 22:00:00,26.5926862111,58.7811783416,0,0,0,12,12,8228,4343
compact51__paper_roles,2019-05-04 23:00:00,25.8751234306,64.6072236539,0,0,0,12,12,8111,4860
compact51__paper_roles,2019-05-05 00:00:00,19.3537184986,76.0642043362,0,0,0,12,12,6012,5404
compact51__paper_roles,2019-05-05 01:00:00,20.7579808025,77.2627048221,0,0,0,12,12,6672,5440
compact51__paper_roles,2019-05-05 02:00:00,23.1121864161,77.4548710581,0,0,0,12,12,7529,5450
compact51__paper_roles,2019-05-05 03:00:00,22.7920559895,74.5010680608,0,0,0,12,12,7444,5334
compact51__paper_roles,2019-05-05 04:00:00,23.773509853,79.2705124745,0,0,0,12,12,7703,5523
compact51__paper_roles,2019-05-05 05:00:00,21.6487255942,70.8714836977,0,0,0,12,12,7075,5185
compact51__paper_roles,2019-05-05 06:00:00,19.5152974993,70.3413525098,0,0,0,12,12,6106,5155
compact51__paper_roles,2019-05-05 07:00:00,21.2003692352,78.7519507876,0,0,0,12,12,6880,5500
compact51__paper_roles,2019-05-05 08:00:00,19.3648968599,76.1283347291,0,0,0,12,12,6019,5406
compact51__paper_roles,2019-05-05 09:00:00,19.7872367421,74.2605959898,0,0,0,12,12,6245,5326
compact51__paper_roles,2019-05-05 10:00:00,18.2880471908,76.1686672708,0,0,0,12,12,5313,5409
compact51__paper_roles,2019-05-05 11:00:00,17.9261430086,71.8841319281,0,0,0,12,12,5066,5224
compact51__paper_roles,2019-05-05 12:00:00,17.2015256608,65.4241624966,0,0,0,12,12,4523,4917
compact51__paper_roles,2019-05-05 13:00:00,18.2521704192,66.6466154568,0,0,0,12,12,5290,4985
compact51__paper_roles,2019-05-05 14:00:00,18.5653931316,64.8670459788,0,0,0,12,12,5499,4887
compact51__paper_roles,2019-05-05 15:00:00,18.8703185776,67.3680508561,0,0,0,12,12,5712,5024
compact51__paper_roles,2019-05-05 16:00:00,18.3137042876,66.8183520188,0,0,0,12,12,5324,4993
compact51__paper_roles,2019-05-05 17:00:00,16.9932820534,64.2381509482,0,0,0,12,12,4359,4825
compact51__paper_roles,2019-05-05 18:00:00,17.7728285938,64.4744655499,0,0,0,12,12,4955,4843
compact51__paper_roles,2019-05-05 19:00:00,17.99483631,65.9743582108,0,0,0,12,12,5129,4947
compact51__paper_roles,2019-05-05 20:00:00,18.4742917646,61.590514797,0,0,0,12,12,5434,4628
compact51__paper_roles,2019-05-05 21:00:00,15.8566571604,64.5017819321,0,0,0,12,12,3497,4847
compact51__paper_roles,2019-05-05 22:00:00,19.9378185255,63.1393862055,0,0,0,12,12,6320,4745
compact51__paper_roles,2019-05-05 23:00:00,25.1038427161,87.8693156694,0,0,0,12,12,7974,5832
compact51__paper_roles,2019-05-06 00:00:00,21.1969172421,80.4453227271,0,0,0,12,12,6877,5566
compact51__paper_roles,2019-05-06 01:00:00,21.8996488839,77.7268687113,0,0,0,12,12,7166,5462
compact51__paper_roles,2019-05-06 02:00:00,25.3155297956,79.4360149956,0,0,0,12,12,8024,5530
compact51__paper_roles,2019-05-06 03:00:00,23.6414486794,74.908952359,0,0,0,12,12,7660,5351
compact51__paper_roles,2019-05-06 04:00:00,24.7354812706,74.8982019121,0,0,0,12,12,7896,5349
compact51__paper_roles,2019-05-06 05:00:00,25.7796818458,69.1612202276,0,0,0,12,12,8095,5104
compact51__paper_roles,2019-05-06 06:00:00,20.8340995368,66.9259967366,0,0,0,12,12,6709,5000
compact51__paper_roles,2019-05-06 07:00:00,23.1812465264,66.3256388019,0,0,0,12,12,7549,4971
compact51__paper_roles,2019-05-06 08:00:00,25.395562658,123.068708641,0,0,0,12,12,8038,6683
compact51__paper_roles,2019-05-06 09:00:00,25.0410928442,80.4758117338,0,0,0,12,12,7963,5570
compact51__paper_roles,2019-05-06 10:00:00,22.8030156861,92.4209533207,0,0,0,12,12,7446,5991
compact51__paper_roles,2019-05-06 11:00:00,23.3323734686,70.7030549535,0,0,0,12,12,7587,5179
compact51__paper_roles,2019-05-06 12:00:00,24.5282062002,64.7690977282,0,0,0,12,12,7858,4874
compact51__paper_roles,2019-05-06 13:00:00,22.3535426087,65.1811858528,0,0,0,12,12,7314,4904
compact51__paper_roles,2019-05-06 14:00:00,20.2292490847,54.3528915067,0,0,0,12,12,6446,3679
compact51__paper_roles,2019-05-06 15:00:00,20.1641387313,50.5168987244,0,0,0,12,12,6422,2805
compact51__paper_roles,2019-05-06 16:00:00,20.5713179389,41.5063923724,0,0,0,12,12,6596,726
compact51__paper_roles,2019-05-06 17:00:00,19.8564975393,43.7333309575,0,0,0,12,12,6283,1108
compact51__paper_roles,2019-05-06 18:00:00,21.6426302105,42.35725914,0,0,0,12,12,7073,868
compact51__paper_roles,2019-05-06 19:00:00,19.0945968124,49.0798410917,0,0,0,12,12,5864,2435
compact51__paper_roles,2019-05-06 20:00:00,21.1296278848,47.2315792494,0,0,0,12,12,6847,1939
compact51__paper_roles,2019-05-06 21:00:00,28.5330104331,55.8530462284,0,0,0,12,12,8425,3956
compact51__paper_roles,2019-05-06 22:00:00,26.2902052404,67.1647053289,0,0,0,12,12,8188,5011
compact51__paper_roles,2019-05-06 23:00:00,27.050576736,103.596262368,0,0,0,13,12,8290,6303
compact51__paper_roles,2019-05-07 00:00:00,24.9384721668,116.557089267,0,0,0,12,12,7943,6549
compact51__paper_roles,2019-05-07 01:00:00,20.6494898248,67.6671711167,0,0,0,12,12,6622,5042
compact51__paper_roles,2019-05-07 02:00:00,22.4089920672,62.7091619871,0,0,0,12,12,7331,4715
compact51__paper_roles,2019-05-07 03:00:00,26.2573215397,70.4970392996,0,0,0,12,12,8177,5168
compact51__paper_roles,2019-05-07 04:00:00,34.6210495159,73.7001541582,0,0,0,12,12,8680,5294
compact51__paper_roles,2019-05-07 05:00:00,43.1344248133,80.7428486196,0,0,0,12,12,8749,5584
compact51__paper_roles,2019-05-07 06:00:00,29.336823568,72.0721440233,0,0,0,12,12,8473,5231
compact51__paper_roles,2019-05-07 07:00:00,21.4009693004,64.5224528103,0,0,0,12,12,6965,4850
compact51__paper_roles,2019-05-07 08:00:00,20.1982164464,65.4845856456,0,0,0,12,12,6431,4918
compact51__paper_roles,2019-05-07 09:00:00,20.9717725011,68.9897732575,0,0,0,12,12,6778,5099
compact51__paper_roles,2019-05-07 10:00:00,18.7217835733,64.5448627683,0,0,0,12,12,5615,4853
compact51__paper_roles,2019-05-07 11:00:00,20.9987256698,66.0532211084,0,0,0,12,12,6793,4955
compact51__paper_roles,2019-05-07 12:00:00,17.7593687822,55.4440167001,0,0,0,12,12,4947,3872
compact51__paper_roles,2019-05-07 13:00:00,17.567785126,50.1893932361,0,0,0,12,12,4802,2724
compact51__paper_roles,2019-05-07 14:00:00,18.8483271389,49.1276426326,0,0,0,12,12,5697,2445
compact51__paper_roles,2019-05-07 15:00:00,18.3408647612,49.6901129557,0,0,0,12,12,5345,2590
compact51__paper_roles,2019-05-07 16:00:00,17.0377095947,44.502454819,0,0,0,12,12,4399,1267
compact51__paper_roles,2019-05-07 17:00:00,15.9079270369,44.3842704404,0,0,0,12,12,3540,1240
compact51__paper_roles,2019-05-07 18:00:00,15.4211336271,43.2531453882,0,0,0,12,12,3137,1013
compact51__paper_roles,2019-05-07 19:00:00,15.2696852898,43.3035876974,0,0,0,11,11,3036,1024
compact51__paper_roles,2019-05-07 20:00:00,15.1902342933,46.7912657167,0,0,0,12,12,2968,1811
compact51__paper_roles,2019-05-07 21:00:00,18.9668981149,41.2505661672,0,0,0,12,12,5770,689
compact51__paper_roles,2019-05-07 22:00:00,16.6380107176,45.6303560776,0,0,0,12,12,4104,1514
compact51__paper_roles,2019-05-07 23:00:00,24.1456749772,74.2037398556,0,0,0,12,12,7774,5320
compact51__paper_roles,2019-05-08 00:00:00,19.7154202835,76.2524028268,0,0,0,12,12,6205,5412
compact51__paper_roles,2019-05-08 01:00:00,25.2479363868,132.175969493,0,0,0,12,12,8007,6829
compact51__paper_roles,2019-05-08 02:00:00,26.2021671907,135.1651298,0,0,0,12,12,8169,6873
compact51__paper_roles,2019-05-08 03:00:00,26.8879357456,153.611052391,0,0,0,12,12,8270,7099
compact51__paper_roles,2019-05-08 04:00:00,29.9186361021,182.180550826,0,0,0,12,12,8512,7364
compact51__paper_roles,2019-05-08 05:00:00,34.7609418734,138.982873229,0,0,0,12,12,8684,6920
compact51__paper_roles,2019-05-08 06:00:00,26.331141801,89.8628614675,0,0,0,12,12,8193,5905
compact51__paper_roles,2019-05-08 07:00:00,22.0719585858,63.7569292855,0,0,0,12,12,7212,4792
compact51__paper_roles,2019-05-08 08:00:00,24.1530355825,72.0856857959,0,0,0,12,12,7776,5232
compact51__paper_roles,2019-05-08 09:00:00,19.5678254529,57.776746088,0,0,0,12,12,6133,4229
compact51__paper_roles,2019-05-08 10:00:00,17.8856464734,54.3727847104,0,0,0,12,12,5033,3682
compact51__paper_roles,2019-05-08 11:00:00,19.3797725518,55.6600019476,0,0,0,12,12,6029,3919
compact51__paper_roles,2019-05-08 12:00:00,17.9186739502,53.4454740686,0,0,0,12,12,5059,3516
compact51__paper_roles,2019-05-08 13:00:00,17.7702358242,56.0392295767,0,0,0,12,12,4952,3985
compact51__paper_roles,2019-05-08 14:00:00,18.5299102809,50.4475864082,0,0,0,12,12,5471,2790
compact51__paper_roles,2019-05-08 15:00:00,18.5524311515,48.5099179236,0,0,0,12,12,5492,2304
compact51__paper_roles,2019-05-08 16:00:00,17.8242677025,46.643394961,0,0,0,12,12,4989,1766
compact51__paper_roles,2019-05-08 17:00:00,19.8253583486,46.2506945987,0,0,0,12,12,6268,1661
compact51__paper_roles,2019-05-08 18:00:00,18.9325540905,48.0185585651,0,0,0,12,12,5747,2147
compact51__paper_roles,2019-05-08 19:00:00,16.9195992159,46.7517195044,0,0,0,12,12,4304,1794
compact51__paper_roles,2019-05-08 20:00:00,19.2079631426,41.4243364801,0,0,0,12,12,5928,718
compact51__paper_roles,2019-05-08 21:00:00,22.8789606439,40.9351902406,0,0,0,12,12,7465,635
compact51__paper_roles,2019-05-08 22:00:00,21.7168799851,51.1244689523,0,0,0,12,12,7096,2957
compact51__paper_roles,2019-05-08 23:00:00,27.4895025119,114.222810332,0,0,0,12,12,8340,6513
compact51__paper_roles,2019-05-09 00:00:00,17.4082265158,45.5021837269,0,0,0,12,12,4689,1491
compact51__paper_roles,2019-05-09 01:00:00,20.6996721328,118.77674202,0,0,0,12,12,6647,6590
compact51__paper_roles,2019-05-09 02:00:00,25.4087137789,165.447551055,0,0,0,12,12,8041,7223
compact51__paper_roles,2019-05-09 03:00:00,26.3808400756,347.045430219,0,0,0,12,12,8202,8053
compact51__paper_roles,2019-05-09 04:00:00,27.3086828041,234.789054891,0,0,0,12,12,8320,7684
compact51__paper_roles,2019-05-09 05:00:00,27.9657287334,227.847522084,0,0,0,12,12,8387,7646
compact51__paper_roles,2019-05-09 06:00:00,24.3100839934,116.296333453,0,0,0,12,12,7811,6545
compact51__paper_roles,2019-05-09 07:00:00,19.9863076059,39.6232018567,0,0,0,12,12,6340,466
compact51__paper_roles,2019-05-09 08:00:00,21.8304674093,55.4881320787,0,0,0,12,12,7140,3884
compact51__paper_roles,2019-05-09 09:00:00,19.0108352446,49.3030183002,0,0,0,12,12,5800,2485
compact51__paper_roles,2019-05-09 10:00:00,23.3976933065,70.4082272648,0,0,0,12,12,7606,5163
compact51__paper_roles,2019-05-09 11:00:00,25.2971315538,77.008999299,0,0,0,12,12,8020,5433
compact51__paper_roles,2019-05-09 12:00:00,25.2384980082,55.9141208817,0,0,0,12,12,8005,3964
compact51__paper_roles,2019-05-09 13:00:00,24.9359628844,58.6992434237,0,0,0,12,12,7942,4336
compact51__paper_roles,2019-05-09 14:00:00,23.8951884424,45.6560322514,0,0,0,12,12,7728,1524
compact51__paper_roles,2019-05-09 15:00:00,24.1117513134,50.3070401036,0,0,0,12,12,7764,2751
compact51__paper_roles,2019-05-09 16:00:00,23.8400013185,42.2013674891,0,0,0,12,12,7718,835
compact51__paper_roles,2019-05-09 17:00:00,23.8636453802,54.2878114648,0,0,0,12,12,7725,3665
compact51__paper_roles,2019-05-09 18:00:00,22.0534388529,57.5913993616,0,0,0,12,12,7202,4210
compact51__paper_roles,2019-05-09 19:00:00,17.1736908759,39.8921693197,0,0,0,12,12,4496,501
compact51__paper_roles,2019-05-09 20:00:00,21.9042846231,47.9567108485,0,0,0,12,12,7168,2124
compact51__paper_roles,2019-05-09 21:00:00,26.5183988574,109.56397558,0,0,0,12,12,8217,6425
compact51__paper_roles,2019-05-09 22:00:00,22.6004023672,101.359946369,0,0,0,12,12,7390,6246
compact51__paper_roles,2019-05-09 23:00:00,25.5283499279,1744.26510589,1,0,0,14,14,8056,8592
compact51__paper_roles,2019-05-10 00:00:00,22.0580643947,429.30524212,0,0,0,12,12,7203,8167
compact51__paper_roles,2019-05-10 01:00:00,24.8723559547,1578.58343722,0,0,0,12,12,7922,8579
compact51__paper_roles,2019-05-10 02:00:00,26.0427919358,742.967234513,0,0,0,12,12,8144,8415
compact51__paper_roles,2019-05-10 03:00:00,26.7551903236,317.632485955,0,0,0,12,12,8255,7976
compact51__paper_roles,2019-05-10 04:00:00,26.777582317,244.603599265,0,0,0,12,12,8259,7733
compact51__paper_roles,2019-05-10 05:00:00,23.6487799452,317.151139855,0,0,0,12,12,7662,7971
compact51__paper_roles,2019-05-10 06:00:00,15.683327978,53.3673646045,0,0,0,12,12,3349,3499
compact51__paper_roles,2019-05-10 07:00:00,14.993065769,37.1862083387,0,0,0,12,12,2812,254
compact51__paper_roles,2019-05-10 08:00:00,15.2774820177,35.2455017388,0,0,0,12,12,3045,145
compact51__paper_roles,2019-05-10 09:00:00,16.6735053462,38.0168301558,0,0,0,12,12,4130,309
compact51__paper_roles,2019-05-10 10:00:00,17.3975682701,46.3940848098,0,0,0,12,12,4679,1693
compact51__paper_roles,2019-05-10 11:00:00,18.688082629,57.9639589907,0,0,0,12,12,5592,4252
compact51__paper_roles,2019-05-10 12:00:00,14.7291072898,42.2271722032,0,0,0,12,12,2596,842
compact51__paper_roles,2019-05-10 13:00:00,17.8129333586,45.7039701933,0,0,0,12,12,4982,1536
compact51__paper_roles,2019-05-10 14:00:00,15.8416557936,42.1096515221,0,0,0,12,12,3480,820
compact51__paper_roles,2019-05-10 15:00:00,19.1306517115,46.8813625927,0,0,0,12,12,5884,1827
compact51__paper_roles,2019-05-10 16:00:00,18.1057392818,44.4233791626,0,0,0,12,12,5194,1256
compact51__paper_roles,2019-05-10 17:00:00,15.7998676953,41.0472575405,0,0,0,12,12,3446,658
compact51__paper_roles,2019-05-10 18:00:00,13.9044353495,41.6263473442,0,0,0,12,12,1957,750
compact51__paper_roles,2019-05-10 19:00:00,13.3126257135,39.8693701958,0,0,0,12,12,1569,499
compact51__paper_roles,2019-05-10 20:00:00,15.1080232499,46.7950315232,0,0,0,12,12,2900,1812
compact51__paper_roles,2019-05-10 21:00:00,18.4810069407,49.5659305917,0,0,0,12,12,5441,2560
compact51__paper_roles,2019-05-10 22:00:00,15.3910294181,47.9178584086,0,0,0,12,12,3117,2114
compact51__paper_roles,2019-05-10 23:00:00,14.7736510574,44.6732772175,0,0,0,12,12,2631,1294
compact51__paper_roles,2019-05-11 00:00:00,13.2587190188,42.9464301213,0,0,0,12,12,1530,961
compact51__paper_roles,2019-05-11 01:00:00,15.7748727044,47.5151715842,0,0,0,12,12,3428,2016
compact51__paper_roles,2019-05-11 02:00:00,17.4562103895,48.4754606645,0,0,0,12,12,4728,2296
compact51__paper_roles,2019-05-11 03:00:00,21.6963616559,66.8968282197,0,0,0,12,12,7092,4998
compact51__paper_roles,2019-05-11 04:00:00,21.7508070281,55.0783122367,0,0,0,12,12,7106,3805
compact51__paper_roles,2019-05-11 05:00:00,28.1925039174,75.1375014758,0,0,0,12,12,8409,5360
compact51__paper_roles,2019-05-11 06:00:00,17.851662033,89.784341125,0,0,0,12,12,5011,5900
compact51__paper_roles,2019-05-11 07:00:00,21.5112653889,206.898591611,0,0,0,12,12,7018,7533
compact51__paper_roles,2019-05-11 08:00:00,18.1951338822,155.220676635,0,0,0,12,12,5254,7117
compact51__paper_roles,2019-05-11 09:00:00,18.3476046915,88.6378475314,0,0,0,12,12,5351,5860
compact51__paper_roles,2019-05-11 10:00:00,16.9637976829,85.9968114087,0,0,0,12,12,4341,5791
compact51__paper_roles,2019-05-11 11:00:00,17.4138107099,59.4479732813,0,0,0,13,12,4692,4429
compact51__paper_roles,2019-05-11 12:00:00,16.0537537432,56.431500449,0,0,0,12,12,3651,4047
compact51__paper_roles,2019-05-11 13:00:00,13.5984630361,58.5506499137,0,0,0,12,12,1744,4319
compact51__paper_roles,2019-05-11 14:00:00,18.7764925879,64.1475841125,0,0,0,12,12,5649,4820
compact51__paper_roles,2019-05-11 15:00:00,17.9667884716,66.1678471553,0,0,0,12,12,5109,4961
compact51__paper_roles,2019-05-11 16:00:00,21.1864797637,75.1408595086,0,0,0,12,12,6873,5361
compact51__paper_roles,2019-05-11 17:00:00,19.1400977765,69.7323566159,0,0,0,12,12,5890,5130
compact51__paper_roles,2019-05-11 18:00:00,14.4774693454,59.7606291876,0,0,0,12,12,2390,4459
compact51__paper_roles,2019-05-11 19:00:00,16.308977025,78.2383487018,0,0,0,12,12,3845,5486
compact51__paper_roles,2019-05-11 20:00:00,17.0779088808,73.5653387589,0,0,0,12,12,4432,5284
compact51__paper_roles,2019-05-11 21:00:00,19.6526208543,65.1544275354,0,0,0,12,12,6176,4902
compact51__paper_roles,2019-05-11 22:00:00,16.2704103453,77.8016517068,0,0,0,12,12,3825,5466
compact51__paper_roles,2019-05-11 23:00:00,16.4504256201,103.150451434,0,0,0,12,12,3971,6293
compact51__paper_roles,2019-05-12 00:00:00,18.2311745512,54.6024338066,0,0,0,13,13,5281,3720
compact51__paper_roles,2019-05-12 01:00:00,18.156001591,53.4200131081,0,0,0,12,12,5232,3511
compact51__paper_roles,2019-05-12 02:00:00,19.8815328627,53.271170963,0,0,0,12,12,6293,3480
compact51__paper_roles,2019-05-12 03:00:00,21.2961515119,53.5015121753,0,0,0,12,12,6919,3526
compact51__paper_roles,2019-05-12 04:00:00,18.6558591805,51.5057679635,0,0,0,12,12,5569,3048
compact51__paper_roles,2019-05-12 05:00:00,16.9439434038,50.0775749832,0,0,0,12,12,4320,2688
compact51__paper_roles,2019-05-12 06:00:00,20.5814334433,47.5501835747,0,0,0,12,12,6601,2027
compact51__paper_roles,2019-05-12 07:00:00,21.2906928698,54.9805427154,0,0,0,12,12,6917,3784
compact51__paper_roles,2019-05-12 08:00:00,19.8524604993,52.5089257916,0,0,0,12,12,6280,3285
compact51__paper_roles,2019-05-12 09:00:00,17.3795231141,50.350254827,0,0,0,12,12,4668,2760
compact51__paper_roles,2019-05-12 10:00:00,14.5997583705,48.7203455719,0,0,0,12,12,2494,2356
compact51__paper_roles,2019-05-12 11:00:00,15.5873535378,51.9212947991,0,0,0,12,12,3270,3148
compact51__paper_roles,2019-05-12 12:00:00,15.0948958567,51.0637359862,0,0,0,12,12,2891,2945
compact51__paper_roles,2019-05-12 13:00:00,15.1376251792,50.8000240015,0,0,0,12,12,2921,2879
compact51__paper_roles,2019-05-12 14:00:00,16.2830885373,52.9990592334,0,0,0,12,12,3834,3401
compact51__paper_roles,2019-05-12 15:00:00,16.1397443046,50.3813362308,0,0,0,12,12,3717,2772
compact51__paper_roles,2019-05-12 16:00:00,12.6383848042,47.0648198646,0,0,0,12,12,1147,1888
compact51__paper_roles,2019-05-12 17:00:00,14.5068130583,48.6727490927,0,0,0,12,12,2419,2341
compact51__paper_roles,2019-05-12 18:00:00,14.130361068,47.0937580717,0,0,0,12,12,2121,1898
compact51__paper_roles,2019-05-12 19:00:00,14.5946163298,45.5055156348,0,0,0,12,12,2490,1493
compact51__paper_roles,2019-05-12 20:00:00,16.8121732173,46.3571238291,0,0,0,12,12,4230,1679
compact51__paper_roles,2019-05-12 21:00:00,17.6833671049,45.9456512304,0,0,0,12,12,4892,1600
compact51__paper_roles,2019-05-12 22:00:00,17.0708798735,48.0002161891,0,0,0,12,12,4422,2142
compact51__paper_roles,2019-05-12 23:00:00,16.7778434735,49.8026254567,0,0,0,12,12,4206,2618
compact51__paper_roles,2019-05-13 00:00:00,15.0469325232,46.1962350478,0,0,0,12,12,2858,1651
compact51__paper_roles,2019-05-13 01:00:00,16.2085248246,44.8352969199,0,0,0,12,12,3778,1339
compact51__paper_roles,2019-05-13 02:00:00,19.2541110558,71.794070347,0,0,0,12,12,5959,5219
compact51__paper_roles,2019-05-13 03:00:00,21.5258333886,52.9121405366,0,0,0,12,12,7023,3384
compact51__paper_roles,2019-05-13 04:00:00,26.3133623006,55.4400096966,0,0,0,12,12,8191,3871
compact51__paper_roles,2019-05-13 05:00:00,32.3698356216,74.5397739886,0,0,0,12,12,8611,5336
compact51__paper_roles,2019-05-13 06:00:00,18.754007613,40.9074290306,0,0,0,12,12,5633,630
compact51__paper_roles,2019-05-13 07:00:00,19.1189253845,53.1081724912,0,0,0,12,12,5877,3436
compact51__paper_roles,2019-05-13 08:00:00,21.6917447349,100.185725413,0,0,0,12,12,7090,6216
compact51__paper_roles,2019-05-13 09:00:00,19.2953450045,123.337268997,0,0,0,12,12,5975,6691
compact51__paper_roles,2019-05-13 10:00:00,17.7055117764,105.65057836,0,0,0,12,12,4907,6352
compact51__paper_roles,2019-05-13 11:00:00,21.0587091702,148.549212704,0,0,0,12,12,6811,7038
compact51__paper_roles,2019-05-13 12:00:00,16.904159542,95.7576080396,0,0,0,12,12,4294,6097
compact51__paper_roles,2019-05-13 13:00:00,18.542873992,111.130377462,0,0,0,12,12,5482,6454
compact51__paper_roles,2019-05-13 14:00:00,18.6738278382,85.7117105884,0,0,0,12,12,5580,5778
compact51__paper_roles,2019-05-13 15:00:00,20.4180987812,130.568895768,0,0,0,12,12,6540,6809
compact51__paper_roles,2019-05-13 16:00:00,23.0189843939,124.800975139,0,0,0,12,12,7500,6712
compact51__paper_roles,2019-05-13 17:00:00,17.0399726171,70.6068550218,0,0,0,12,12,4401,5175
compact51__paper_roles,2019-05-13 18:00:00,15.4935678067,49.5242369119,0,0,0,12,12,3181,2550
compact51__paper_roles,2019-05-13 19:00:00,17.2537047269,71.642257975,0,0,0,12,12,4579,5214
compact51__paper_roles,2019-05-13 20:00:00,19.478370418,120.368716028,0,0,0,12,12,6077,6622
compact51__paper_roles,2019-05-13 21:00:00,28.9279071452,223.164363631,0,0,0,12,12,8445,7619
compact51__paper_roles,2019-05-13 22:00:00,25.2008172839,131.27663391,0,0,0,12,12,7995,6820
compact51__paper_roles,2019-05-13 23:00:00,23.0039659443,129.378808027,0,0,0,12,12,7496,6795
compact51__paper_roles,2019-05-14 00:00:00,19.7137160075,63.0226689083,0,0,0,12,12,6204,4735
compact51__paper_roles,2019-05-14 01:00:00,21.7756849839,73.273355415,0,0,0,12,12,7115,5271
compact51__paper_roles,2019-05-14 02:00:00,23.057749804,86.1194665835,0,0,0,12,12,7513,5794
compact51__paper_roles,2019-05-14 03:00:00,29.8840171674,113.44166073,0,0,0,12,12,8507,6500
compact51__paper_roles,2019-05-14 04:00:00,30.57687096,60.704044432,0,0,0,12,12,8543,4550
compact51__paper_roles,2019-05-14 05:00:00,42.2697167096,79.4799441325,0,0,0,12,12,8747,5534
compact51__paper_roles,2019-05-14 06:00:00,28.5174746694,62.0560865953,0,0,0,12,12,8424,4669
compact51__paper_roles,2019-05-14 07:00:00,17.6288467601,80.8718022335,0,0,0,12,12,4851,5593
compact51__paper_roles,2019-05-14 08:00:00,15.2137631093,46.1038860404,0,0,0,12,12,2991,1634
compact51__paper_roles,2019-05-14 09:00:00,18.4445331542,118.662251725,0,0,0,12,12,5421,6589
compact51__paper_roles,2019-05-14 10:00:00,19.2461472709,112.224404562,0,0,0,12,12,5949,6479
compact51__paper_roles,2019-05-14 11:00:00,16.9473477915,75.8457177126,0,0,0,12,12,4321,5394
compact51__paper_roles,2019-05-14 12:00:00,17.8891073562,95.6651482233,0,0,0,12,12,5036,6093
compact51__paper_roles,2019-05-14 13:00:00,20.2592397485,95.7573628268,0,0,0,12,12,6466,6096
compact51__paper_roles,2019-05-14 14:00:00,17.7016856536,89.4902019966,0,0,0,12,12,4902,5892
compact51__paper_roles,2019-05-14 15:00:00,18.3710746786,104.039135581,0,0,0,12,12,5372,6317
compact51__paper_roles,2019-05-14 16:00:00,17.4804197973,61.2968699632,0,0,0,12,12,4742,4604
compact51__paper_roles,2019-05-14 17:00:00,12.7470608033,40.4085468821,0,0,0,12,12,1203,563
compact51__paper_roles,2019-05-14 18:00:00,12.9545100081,41.5459840806,0,0,0,12,12,1334,737
compact51__paper_roles,2019-05-14 19:00:00,13.5854664444,43.6648905576,0,0,0,12,12,1730,1098
compact51__paper_roles,2019-05-14 20:00:00,15.6601046683,47.659474619,0,0,0,12,12,3330,2050
compact51__paper_roles,2019-05-14 21:00:00,21.0902369561,47.8425241695,0,0,0,12,12,6829,2097
compact51__paper_roles,2019-05-14 22:00:00,20.7765783853,44.9544215554,0,0,0,12,12,6678,1359
compact51__paper_roles,2019-05-14 23:00:00,22.4721246246,50.8524119681,0,0,0,12,12,7347,2895
compact51__paper_roles,2019-05-15 00:00:00,17.8646576148,48.4295560522,0,0,0,12,12,5016,2283
compact51__paper_roles,2019-05-15 01:00:00,19.5764278466,50.3888593988,0,0,0,12,12,6141,2775
compact51__paper_roles,2019-05-15 02:00:00,22.2477744009,64.369595065,0,0,0,12,12,7273,4836
compact51__paper_roles,2019-05-15 03:00:00,22.5410928952,62.1840494187,0,0,0,12,12,7362,4677
compact51__paper_roles,2019-05-15 04:00:00,23.29628573,62.228401929,0,0,0,12,12,7579,4679
compact51__paper_roles,2019-05-15 05:00:00,26.5298563043,54.0372767282,0,0,0,12,12,8218,3617
compact51__paper_roles,2019-05-15 06:00:00,26.0276278032,61.3416355122,0,0,0,12,12,8140,4608
compact51__paper_roles,2019-05-15 07:00:00,18.0833389569,65.7166427043,0,0,0,12,12,5175,4934
compact51__paper_roles,2019-05-15 08:00:00,18.3502410164,64.857097388,0,0,0,12,12,5353,4885
compact51__paper_roles,2019-05-15 09:00:00,16.5138901821,66.6707862981,0,0,0,12,12,4012,4987
compact51__paper_roles,2019-05-15 10:00:00,14.5015067286,54.0384772524,0,0,0,12,12,2416,3618
compact51__paper_roles,2019-05-15 11:00:00,18.04609324,60.0746611043,0,0,0,12,12,5153,4492
compact51__paper_roles,2019-05-15 12:00:00,21.7446660894,97.8037233813,0,0,0,14,13,7104,6152
compact51__paper_roles,2019-05-15 13:00:00,20.2039151695,95.555690871,0,0,0,11,11,6436,6089
compact51__paper_roles,2019-05-15 14:00:00,20.7342642408,66.7142944429,0,0,0,12,12,6664,4989
compact51__paper_roles,2019-05-15 15:00:00,19.0232760303,81.2580454259,0,0,0,12,12,5808,5608
compact51__paper_roles,2019-05-15 16:00:00,20.8633335395,73.0689182037,0,0,0,12,12,6723,5262
compact51__paper_roles,2019-05-15 17:00:00,20.0913248398,56.5891684738,0,0,0,12,12,6395,4071
compact51__paper_roles,2019-05-15 18:00:00,22.8282142371,74.2910891277,0,0,0,12,12,7451,5329
compact51__paper_roles,2019-05-15 19:00:00,20.4538297662,57.7103079168,0,0,0,12,12,6558,4223
compact51__paper_roles,2019-05-15 20:00:00,19.1417999212,50.3868478256,0,0,0,12,12,5891,2774
compact51__paper_roles,2019-05-15 21:00:00,27.9013628124,61.4581794461,0,0,0,12,12,8376,4618
compact51__paper_roles,2019-05-15 22:00:00,20.9605377651,77.4644883264,0,0,0,12,12,6771,5451
compact51__paper_roles,2019-05-15 23:00:00,20.3699026899,70.082128711,0,0,0,12,12,6512,5144
compact51__paper_roles,2019-05-16 00:00:00,21.165500115,61.6637165,0,0,0,12,12,6863,4639
compact51__paper_roles,2019-05-16 01:00:00,22.7542779573,79.768285849,0,0,0,12,12,7431,5548
compact51__paper_roles,2019-05-16 02:00:00,23.6057116515,85.301291913,0,0,0,12,12,7650,5763
compact51__paper_roles,2019-05-16 03:00:00,25.2799734064,86.3258111602,0,0,0,12,12,8017,5800
compact51__paper_roles,2019-05-16 04:00:00,30.5055098249,89.2554938655,0,0,0,12,12,8539,5885
compact51__paper_roles,2019-05-16 05:00:00,35.0379833603,72.2824821973,0,0,0,12,12,8687,5242
compact51__paper_roles,2019-05-16 06:00:00,27.1211573411,57.1610714454,0,0,0,12,12,8296,4154
compact51__paper_roles,2019-05-16 07:00:00,20.0886005631,84.6681852962,0,0,0,12,12,6391,5737
compact51__paper_roles,2019-05-16 08:00:00,23.7626540333,105.221901052,0,0,0,12,11,7698,6343
compact51__paper_roles,2019-05-16 09:00:00,23.7819291479,126.105392683,0,0,0,12,12,7706,6738
compact51__paper_roles,2019-05-16 10:00:00,21.788511276,110.239864772,0,0,0,12,12,7126,6436
compact51__paper_roles,2019-05-16 11:00:00,22.1958137528,132.967993112,0,0,0,9,9,7251,6844
compact51__paper_roles,2019-05-16 12:00:00,20.6129209647,62.7311744623,0,0,0,12,12,6609,4716
compact51__paper_roles,2019-05-16 13:00:00,19.5988382949,93.2378734644,0,0,0,12,12,6148,6015
compact51__paper_roles,2019-05-16 14:00:00,18.7249027858,65.6215644653,0,0,0,12,12,5619,4928
compact51__paper_roles,2019-05-16 15:00:00,21.0726099906,62.4805682469,0,0,0,12,12,6819,4696
compact51__paper_roles,2019-05-16 16:00:00,25.0533665935,129.409286539,0,0,0,12,12,7964,6797
compact51__paper_roles,2019-05-16 17:00:00,33.3283155351,119.307570843,0,0,0,12,11,8643,6601
compact51__paper_roles,2019-05-16 18:00:00,20.9703665585,58.5238808729,0,0,0,12,12,6777,4314
compact51__paper_roles,2019-05-16 19:00:00,22.2931505117,64.1453280899,0,0,0,12,12,7287,4819
compact51__paper_roles,2019-05-16 20:00:00,24.9659187934,90.7858566916,0,0,0,12,12,7948,5929
compact51__paper_roles,2019-05-16 21:00:00,27.238154545,54.6603602936,0,0,0,12,12,8314,3734
compact51__paper_roles,2019-05-16 22:00:00,19.6611565317,53.1850497134,0,0,0,12,12,6182,3454
compact51__paper_roles,2019-05-16 23:00:00,19.7628577474,61.9165970367,0,0,0,12,12,6233,4655
compact51__paper_roles,2019-05-17 00:00:00,19.6973446801,52.8442288951,0,0,0,12,12,6198,3365
compact51__paper_roles,2019-05-17 01:00:00,20.0285517968,49.3690236925,0,0,0,12,12,6366,2502
compact51__paper_roles,2019-05-17 02:00:00,22.4160207509,64.4266956352,0,0,0,12,12,7335,4839
compact51__paper_roles,2019-05-17 03:00:00,22.2219704703,59.4679292983,0,0,0,12,12,7265,4432
compact51__paper_roles,2019-05-17 04:00:00,26.8049383774,73.3012693919,0,0,0,12,12,8261,5272
compact51__paper_roles,2019-05-17 05:00:00,28.7398136435,74.0257259247,0,0,0,12,12,8432,5315
compact51__paper_roles,2019-05-17 06:00:00,33.090377151,61.6740809446,0,0,0,12,12,8635,4641
compact51__paper_roles,2019-05-17 07:00:00,30.6147081977,66.8642008898,0,0,0,12,12,8547,4996
compact51__paper_roles,2019-05-17 08:00:00,20.4004259108,68.2747112616,0,0,0,12,12,6532,5069
compact51__paper_roles,2019-05-17 09:00:00,20.331270322,50.0979030595,0,0,0,12,12,6497,2695
compact51__paper_roles,2019-05-17 10:00:00,18.9226900664,74.7272054598,0,0,0,12,12,5740,5341
compact51__paper_roles,2019-05-17 11:00:00,20.4253774523,75.0208031381,0,0,0,12,12,6544,5356
compact51__paper_roles,2019-05-17 12:00:00,23.4475452659,88.0724601386,0,0,0,12,12,7615,5837
compact51__paper_roles,2019-05-17 13:00:00,19.0746223292,51.7777932889,0,0,0,12,12,5851,3121
compact51__paper_roles,2019-05-17 14:00:00,17.0831114655,47.4704346355,0,0,0,12,12,4434,2003
compact51__paper_roles,2019-05-17 15:00:00,18.755012265,50.2847607174,0,0,0,12,12,5635,2746
compact51__paper_roles,2019-05-17 16:00:00,13.8737350862,38.5020471669,0,0,0,12,12,1935,349
compact51__paper_roles,2019-05-17 17:00:00,14.639771683,45.478801461,0,0,0,12,12,2529,1487
compact51__paper_roles,2019-05-17 18:00:00,12.9726838802,40.0584607745,0,0,0,12,12,1347,517
compact51__paper_roles,2019-05-17 19:00:00,14.1790548255,46.7824829319,0,0,0,12,12,2158,1806
compact51__paper_roles,2019-05-17 20:00:00,13.0683788068,45.897175095,0,0,0,12,12,1411,1586
compact51__paper_roles,2019-05-17 21:00:00,15.6102405105,49.2437818202,0,0,0,12,12,3288,2471
compact51__paper_roles,2019-05-17 22:00:00,13.6832057396,45.9266779239,0,0,0,12,12,1806,1592
compact51__paper_roles,2019-05-17 23:00:00,22.4933116937,62.9584805798,0,0,0,12,12,7354,4730
compact51__paper_roles,2019-05-18 00:00:00,12.6641499236,46.5767819075,0,0,0,12,12,1166,1745
compact51__paper_roles,2019-05-18 01:00:00,18.5224624973,50.7204380232,0,0,0,12,12,5464,2857
compact51__paper_roles,2019-05-18 02:00:00,20.3891975846,52.0854913883,0,0,0,12,12,6523,3182
compact51__paper_roles,2019-05-18 03:00:00,16.0700647767,48.0525609341,0,0,0,12,12,3659,2163
compact51__paper_roles,2019-05-18 04:00:00,20.2409138806,46.4960787703,0,0,0,12,12,6451,1719
compact51__paper_roles,2019-05-18 05:00:00,22.069856124,47.8252976792,0,0,0,12,12,7210,2092
compact51__paper_roles,2019-05-18 06:00:00,17.5420497039,60.8132041666,0,0,0,12,12,4787,4561
compact51__paper_roles,2019-05-18 07:00:00,19.4686773638,142.660961517,0,0,0,12,12,6067,6967
compact51__paper_roles,2019-05-18 08:00:00,16.7936607741,120.057920875,0,0,0,12,12,4218,6614
compact51__paper_roles,2019-05-18 09:00:00,15.2951649144,93.5230968401,0,0,0,12,12,3060,6025
compact51__paper_roles,2019-05-18 10:00:00,18.8054263359,105.168987334,0,0,0,12,12,5666,6342
compact51__paper_roles,2019-05-18 11:00:00,15.5439233287,106.358277304,0,0,0,12,12,3225,6370
compact51__paper_roles,2019-05-18 12:00:00,16.382672375,84.6731529552,0,0,0,12,12,3901,5738
compact51__paper_roles,2019-05-18 13:00:00,18.6527083148,95.8125234537,0,0,0,12,12,5563,6098
compact51__paper_roles,2019-05-18 14:00:00,18.7997446421,106.771989914,0,0,0,12,12,5662,6376
compact51__paper_roles,2019-05-18 15:00:00,17.9884434681,137.092240932,0,0,0,12,12,5123,6897
compact51__paper_roles,2019-05-18 16:00:00,19.0393124828,170.30423801,0,0,0,12,12,5824,7271
compact51__paper_roles,2019-05-18 17:00:00,16.1794689637,104.698681992,0,0,0,12,12,3754,6330
compact51__paper_roles,2019-05-18 18:00:00,17.8025736255,85.9767919053,0,0,0,12,12,4971,5790
compact51__paper_roles,2019-05-18 19:00:00,18.9676019589,115.69128142,0,0,0,12,12,5771,6542
compact51__paper_roles,2019-05-18 20:00:00,20.3942731692,49.4685126399,0,0,0,12,12,6527,2531
compact51__paper_roles,2019-05-18 21:00:00,18.6649618455,43.2395705777,0,0,0,12,12,5573,1010
compact51__paper_roles,2019-05-18 22:00:00,17.7508807555,41.5677835544,0,0,0,12,12,4940,741
compact51__paper_roles,2019-05-18 23:00:00,17.1949825547,39.8500876505,0,0,0,12,12,4518,495
compact51__paper_roles,2019-05-19 00:00:00,15.7455173131,45.1693794755,0,0,0,12,12,3406,1409
compact51__paper_roles,2019-05-19 01:00:00,20.1491917752,48.8989865282,0,0,0,12,12,6419,2391
compact51__paper_roles,2019-05-19 02:00:00,22.4196750447,68.999528976,0,0,0,12,12,7337,5101
compact51__paper_roles,2019-05-19 03:00:00,22.0646921061,63.6597824338,0,0,0,12,12,7207,4782
compact51__paper_roles,2019-05-19 04:00:00,22.349824529,62.0328802351,0,0,0,12,12,7313,4666
compact51__paper_roles,2019-05-19 05:00:00,23.4316941624,87.0706394388,0,0,0,12,12,7613,5813
compact51__paper_roles,2019-05-19 06:00:00,24.082995178,83.8266577179,0,0,0,12,12,7759,5708
compact51__paper_roles,2019-05-19 07:00:00,20.148921332,46.0580957539,0,0,0,12,12,6418,1624
compact51__paper_roles,2019-05-19 08:00:00,17.2641347867,46.4010425682,0,0,0,12,12,4587,1695
compact51__paper_roles,2019-05-19 09:00:00,14.9710774916,47.1407085708,0,0,0,12,12,2790,1913
compact51__paper_roles,2019-05-19 10:00:00,14.8624292106,46.6900228253,0,0,0,12,12,2697,1777
compact51__paper_roles,2019-05-19 11:00:00,18.2561644665,50.2911989578,0,0,0,12,12,5293,2747
compact51__paper_roles,2019-05-19 12:00:00,17.2204173297,49.9564658456,0,0,0,12,12,4546,2655
compact51__paper_roles,2019-05-19 13:00:00,18.722870435,49.5066624073,0,0,0,12,12,5617,2544
compact51__paper_roles,2019-05-19 14:00:00,17.4742119021,48.3731651593,0,0,0,12,12,4738,2268
compact51__paper_roles,2019-05-19 15:00:00,17.0041651509,53.6003438141,0,0,0,12,12,4368,3541
compact51__paper_roles,2019-05-19 16:00:00,16.844570529,57.2116023967,0,0,0,12,12,4258,4160
compact51__paper_roles,2019-05-19 17:00:00,16.3539297145,50.4884076159,0,0,0,12,12,3889,2797
compact51__paper_roles,2019-05-19 18:00:00,17.1577796243,48.3414921445,0,0,0,12,12,4482,2259
compact51__paper_roles,2019-05-19 19:00:00,14.9354006134,45.0399818494,0,0,0,12,12,2758,1380
compact51__paper_roles,2019-05-19 20:00:00,15.2280436645,43.8908289972,0,0,0,12,12,3002,1143
compact51__paper_roles,2019-05-19 21:00:00,15.5452072437,47.0941949006,0,0,0,12,12,3227,1899
compact51__paper_roles,2019-05-19 22:00:00,17.073305005,48.3772148417,0,0,0,14,14,4425,2274
compact51__paper_roles,2019-05-19 23:00:00,15.0614977456,40.3106876701,0,0,0,12,12,2867,547
compact51__paper_roles,2019-05-20 00:00:00,13.2626816472,40.103266086,0,0,0,12,12,1533,522
compact51__paper_roles,2019-05-20 01:00:00,13.8868989151,42.1143320876,0,0,0,12,12,1943,822
compact51__paper_roles,2019-05-20 02:00:00,17.5288008022,44.5220405728,0,0,0,12,12,4776,1273
compact51__paper_roles,2019-05-20 03:00:00,21.2695256448,43.8963967071,0,0,0,12,12,6907,1145
compact51__paper_roles,2019-05-20 04:00:00,20.8459527085,40.9779354347,0,0,0,12,12,6716,648
compact51__paper_roles,2019-05-20 05:00:00,25.5198371002,44.1515564548,0,0,0,12,12,8054,1197
compact51__paper_roles,2019-05-20 06:00:00,18.542224398,41.2724537698,0,0,0,12,12,5480,694
compact51__paper_roles,2019-05-20 07:00:00,16.0523611667,34.4850329112,0,0,0,12,12,3650,112
compact51__paper_roles,2019-05-20 08:00:00,15.5853623302,34.6400145538,0,0,0,13,12,3268,118
compact51__paper_roles,2019-05-20 09:00:00,15.2447990113,41.99285842,0,0,0,12,12,3017,802
compact51__paper_roles,2019-05-20 10:00:00,14.0595252145,28.082003425,0,0,0,12,12,2065,19
compact51__paper_roles,2019-05-20 11:00:00,14.9877842106,29.9195557181,0,0,0,12,12,2805,29
compact51__paper_roles,2019-05-20 12:00:00,21.203341797,52.2408700387,0,0,0,12,12,6882,3227
compact51__paper_roles,2019-05-20 13:00:00,18.6543254576,53.6250720896,0,0,0,12,12,5566,3545
compact51__paper_roles,2019-05-20 14:00:00,20.9365726253,71.1620598459,0,0,0,13,12,6761,5193
compact51__paper_roles,2019-05-20 15:00:00,22.4168725983,53.0394488372,0,0,0,12,12,7336,3415
compact51__paper_roles,2019-05-20 16:00:00,25.0275483024,75.7289249682,0,0,0,12,12,7959,5390
compact51__paper_roles,2019-05-20 17:00:00,24.8968663513,80.5038555698,0,0,0,12,12,7930,5571
compact51__paper_roles,2019-05-20 18:00:00,23.2017795054,73.897366621,0,0,0,12,12,7554,5309
compact51__paper_roles,2019-05-20 19:00:00,20.8438945955,51.2601992098,0,0,0,12,12,6714,2990
compact51__paper_roles,2019-05-20 20:00:00,23.1918894793,55.5329452059,0,0,0,12,12,7551,3895
compact51__paper_roles,2019-05-20 21:00:00,25.270803591,58.8453640088,0,0,0,12,12,8013,4352
compact51__paper_roles,2019-05-20 22:00:00,20.6678092393,74.2345218335,0,0,0,12,12,6629,5325
compact51__paper_roles,2019-05-20 23:00:00,14.2507367568,60.8593548975,0,0,0,12,12,2212,4567
compact51__paper_roles,2019-05-21 00:00:00,17.1568900127,94.3152574568,0,0,0,12,12,4479,6054
compact51__paper_roles,2019-05-21 01:00:00,20.2370366543,75.2585449408,0,0,0,12,12,6448,5366
compact51__paper_roles,2019-05-21 02:00:00,19.5228534227,61.2671899582,0,0,0,12,12,6109,4602
compact51__paper_roles,2019-05-21 03:00:00,22.0676680234,51.3030468434,0,0,0,12,12,7208,2999
compact51__paper_roles,2019-05-21 04:00:00,21.1748043654,48.5811678604,0,0,0,12,12,6865,2318
compact51__paper_roles,2019-05-21 05:00:00,20.2084395256,66.9879714302,0,0,0,12,12,6439,5004
compact51__paper_roles,2019-05-21 06:00:00,22.1493282041,61.0177599699,0,0,0,12,12,7238,4584
compact51__paper_roles,2019-05-21 07:00:00,21.3816579641,42.6221178539,0,0,0,12,12,6954,912
compact51__paper_roles,2019-05-21 08:00:00,11.1134604123,32.2447635014,0,0,0,12,12,401,59
compact51__paper_roles,2019-05-21 09:00:00,11.4867043334,39.0855348306,0,0,0,12,12,550,405
compact51__paper_roles,2019-05-21 10:00:00,9.74899864199,32.2818628783,0,0,0,12,12,95,61
compact51__paper_roles,2019-05-21 11:00:00,16.4273326874,43.3032226525,0,0,0,12,11,3940,1023
compact51__paper_roles,2019-05-21 12:00:00,12.2214422869,40.8886644541,0,0,0,12,12,912,627
compact51__paper_roles,2019-05-21 13:00:00,12.4218037206,31.154464294,0,0,0,12,12,1024,44
compact51__paper_roles,2019-05-21 14:00:00,9.00410956769,25.1761787291,0,0,0,12,12,33,2
compact51__paper_roles,2019-05-21 15:00:00,8.59227393172,29.823620875,0,0,0,12,12,19,27
compact51__paper_roles,2019-05-21 16:00:00,7.55797567984,28.7616441523,0,0,0,12,12,3,22
compact51__paper_roles,2019-05-21 17:00:00,9.17746321744,27.7217717427,0,0,0,12,12,36,13
compact51__paper_roles,2019-05-21 18:00:00,8.4545575489,28.1221783553,0,0,0,12,12,12,20
compact51__paper_roles,2019-05-21 19:00:00,9.2719880511,27.6197423919,0,0,0,12,12,41,12
compact51__paper_roles,2019-05-21 20:00:00,8.83383434427,22.1832245756,0,0,0,12,12,27,1
compact51__paper_roles,2019-05-21 21:00:00,11.0735014468,32.4929868015,0,0,0,12,12,380,66
compact51__paper_roles,2019-05-21 22:00:00,11.110026591,35.0166220306,0,0,0,12,12,400,134
compact51__paper_roles,2019-05-21 23:00:00,13.4993864151,36.8265136776,0,0,0,12,12,1679,228
compact51__paper_roles,2019-05-22 00:00:00,20.4509799851,50.6256772018,0,0,0,12,12,6555,2827
compact51__paper_roles,2019-05-22 01:00:00,15.7924050135,52.6521386727,0,0,0,12,12,3440,3321
compact51__paper_roles,2019-05-22 02:00:00,16.9526544864,71.3725795373,0,0,0,12,12,4328,5205
compact51__paper_roles,2019-05-22 03:00:00,17.7461360543,63.5007853114,0,0,0,12,12,4935,4773
compact51__paper_roles,2019-05-22 04:00:00,22.7887082476,51.2633198434,0,0,0,12,12,7443,2993
compact51__paper_roles,2019-05-22 05:00:00,20.0165555429,40.9655465326,0,0,0,12,12,6355,642
compact51__paper_roles,2019-05-22 06:00:00,20.9868073279,47.2691983956,0,0,0,12,12,6786,1949
compact51__paper_roles,2019-05-22 07:00:00,21.0630040161,53.2594882727,0,0,0,12,12,6813,3476
compact51__paper_roles,2019-05-22 08:00:00,15.3235101944,58.3827480162,0,0,0,12,12,3079,4301
compact51__paper_roles,2019-05-22 09:00:00,22.7095891278,65.9523831394,0,0,0,12,12,7420,4945
compact51__paper_roles,2019-05-22 10:00:00,20.4160914839,78.0197997445,0,0,0,12,12,6539,5478
compact51__paper_roles,2019-05-22 11:00:00,19.006218127,54.439108613,0,0,0,12,12,5797,3692
compact51__paper_roles,2019-05-22 12:00:00,19.3830466445,54.318931464,0,0,0,12,12,6032,3672
compact51__paper_roles,2019-05-22 13:00:00,16.7066374655,70.4828958897,0,0,0,12,12,4157,5167
compact51__paper_roles,2019-05-22 14:00:00,15.6543587294,45.6516456066,0,0,0,12,12,3324,1519
compact51__paper_roles,2019-05-22 15:00:00,15.6460582183,48.1121853978,0,0,0,12,12,3314,2182
compact51__paper_roles,2019-05-22 16:00:00,18.9831354293,54.7570341895,0,0,0,12,12,5781,3749
compact51__paper_roles,2019-05-22 17:00:00,17.6033094985,49.0807794321,0,0,0,12,12,4831,2436
compact51__paper_roles,2019-05-22 18:00:00,18.5679054342,46.5137159779,0,0,0,12,12,5504,1727
compact51__paper_roles,2019-05-22 19:00:00,14.9152273044,39.4573122936,0,0,0,12,12,2741,448
compact51__paper_roles,2019-05-22 20:00:00,19.5111937711,44.3575282793,0,0,0,12,12,6100,1235
compact51__paper_roles,2019-05-22 21:00:00,17.3580423263,39.0199926778,0,0,0,12,12,4649,397
compact51__paper_roles,2019-05-22 22:00:00,18.4894517978,37.8520265894,0,0,0,12,12,5446,296
compact51__paper_roles,2019-05-22 23:00:00,18.9727196786,56.4447840921,0,0,0,12,12,5777,4052
compact51__paper_roles,2019-05-23 00:00:00,19.8709060461,65.1069004432,0,0,0,12,12,6288,4900
compact51__paper_roles,2019-05-23 01:00:00,17.7713795523,55.3951557949,0,0,0,12,12,4953,3861
compact51__paper_roles,2019-05-23 02:00:00,18.2120549998,57.2385312108,0,0,0,12,12,5266,4165
compact51__paper_roles,2019-05-23 03:00:00,17.9446832923,53.4552568019,0,0,0,12,12,5085,3517
compact51__paper_roles,2019-05-23 04:00:00,21.7399641095,68.4831148373,0,0,0,12,12,7100,5080
compact51__paper_roles,2019-05-23 05:00:00,22.0861834154,65.5130218766,0,0,0,12,12,7216,4920
compact51__paper_roles,2019-05-23 06:00:00,23.6777506806,62.6446436539,0,0,0,12,12,7670,4708
compact51__paper_roles,2019-05-23 07:00:00,22.7561522549,61.3102269274,0,0,0,12,12,7432,4605
compact51__paper_roles,2019-05-23 08:00:00,17.1358580672,57.0981223277,0,0,0,12,12,4465,4144
compact51__paper_roles,2019-05-23 09:00:00,15.9703458607,58.4758046272,0,0,0,12,12,3584,4308
compact51__paper_roles,2019-05-23 10:00:00,14.207748689,54.567667771,0,0,0,12,12,2182,3714
compact51__paper_roles,2019-05-23 11:00:00,16.6958641361,52.2872993547,0,0,0,12,12,4148,3237
compact51__paper_roles,2019-05-23 12:00:00,14.0885161192,48.489305998,0,0,0,12,12,2085,2300
compact51__paper_roles,2019-05-23 13:00:00,17.1774767051,48.0850108854,0,0,0,13,13,4500,2175
compact51__paper_roles,2019-05-23 14:00:00,16.6829503016,83.8358239437,0,0,0,12,12,4138,5710
compact51__paper_roles,2019-05-23 15:00:00,29.8369517079,600.921228097,0,0,0,13,12,8504,8338
compact51__paper_roles,2019-05-23 16:00:00,29.7986424965,160.485675049,0,0,0,12,12,8501,7173
compact51__paper_roles,2019-05-23 17:00:00,26.0430557238,95.5914531344,0,0,0,12,12,8145,6090
compact51__paper_roles,2019-05-23 18:00:00,23.3413932971,99.4459440975,0,0,0,12,12,7590,6195
compact51__paper_roles,2019-05-23 19:00:00,20.0532426158,86.8349209088,0,0,0,12,12,6375,5810
compact51__paper_roles,2019-05-23 20:00:00,20.8698270286,76.7727614846,0,0,0,12,12,6729,5424
compact51__paper_roles,2019-05-23 21:00:00,20.215470339,69.5055891248,0,0,0,12,12,6441,5120
compact51__paper_roles,2019-05-23 22:00:00,21.4671383782,71.506784819,0,0,0,12,12,6998,5209
compact51__paper_roles,2019-05-23 23:00:00,19.3524104981,106.670047791,0,0,0,12,12,6010,6374
compact51__paper_roles,2019-05-24 00:00:00,20.9281128703,106.511654116,0,0,0,12,12,6756,6372
compact51__paper_roles,2019-05-24 01:00:00,22.1066599091,118.292284008,0,0,0,12,12,7225,6582
compact51__paper_roles,2019-05-24 02:00:00,21.9635651342,143.195336335,0,0,0,12,12,7182,6979
compact51__paper_roles,2019-05-24 03:00:00,21.1347723649,163.350589377,0,0,0,12,12,6850,7202
compact51__paper_roles,2019-05-24 04:00:00,18.7833190363,109.167485136,0,0,0,12,12,5652,6417
compact51__paper_roles,2019-05-24 05:00:00,27.8471048994,93.4805623666,0,0,0,12,12,8371,6023
compact51__paper_roles,2019-05-24 06:00:00,27.7035434058,78.6134422453,0,0,0,12,12,8357,5495
compact51__paper_roles,2019-05-24 07:00:00,17.9141777242,50.6514084421,0,0,0,12,12,5054,2833
compact51__paper_roles,2019-05-24 08:00:00,16.0988537266,48.0250869087,0,0,0,12,12,3680,2149
compact51__paper_roles,2019-05-24 09:00:00,17.0055306953,50.3107660813,0,0,0,12,12,4371,2752
compact51__paper_roles,2019-05-24 10:00:00,14.8900820163,46.9880727045,0,0,0,12,12,2725,1868
compact51__paper_roles,2019-05-24 11:00:00,15.0295598241,48.1196935161,0,0,0,12,12,2842,2183
compact51__paper_roles,2019-05-24 12:00:00,17.7241264919,48.2593361326,0,0,0,12,12,4922,2220
compact51__paper_roles,2019-05-24 13:00:00,16.7384791251,47.3217413599,0,0,0,13,12,4179,1961
compact51__paper_roles,2019-05-24 14:00:00,17.7059524693,45.2709847914,0,0,0,12,12,4908,1436
compact51__paper_roles,2019-05-24 15:00:00,15.9678781687,45.741315176,0,0,0,12,12,3580,1546
compact51__paper_roles,2019-05-24 16:00:00,17.0024766604,48.2312267171,0,0,0,12,12,4365,2210
compact51__paper_roles,2019-05-24 17:00:00,15.6801996478,43.7565277171,0,0,0,12,12,3346,1116
compact51__paper_roles,2019-05-24 18:00:00,14.9297754374,44.2991504706,0,0,0,12,12,2753,1225
compact51__paper_roles,2019-05-24 19:00:00,15.0780451287,49.2788991158,0,0,0,12,12,2877,2481
compact51__paper_roles,2019-05-24 20:00:00,19.4297471172,45.2391564873,0,0,0,12,12,6050,1427
compact51__paper_roles,2019-05-24 21:00:00,21.1564623271,42.3093609323,0,0,0,12,12,6857,859
compact51__paper_roles,2019-05-24 22:00:00,18.6542579443,49.247802732,0,0,0,12,12,5565,2473
compact51__paper_roles,2019-05-24 23:00:00,15.5941380426,49.9444847514,0,0,0,12,12,3275,2652
compact51__paper_roles,2019-05-25 00:00:00,18.6925981315,49.692215354,0,0,0,12,12,5597,2592
compact51__paper_roles,2019-05-25 01:00:00,17.4925985845,45.7972262143,0,0,0,12,12,4748,1560
compact51__paper_roles,2019-05-25 02:00:00,16.8041235224,43.4915200199,0,0,0,12,12,4224,1058
compact51__paper_roles,2019-05-25 03:00:00,17.7021580771,43.8194972541,0,0,0,12,12,4904,1127
compact51__paper_roles,2019-05-25 04:00:00,17.562045929,44.5283189733,0,0,0,12,12,4798,1274
compact51__paper_roles,2019-05-25 05:00:00,22.3118485356,316.992141439,0,0,0,13,12,7295,7969
compact51__paper_roles,2019-05-25 06:00:00,28.894756385,1915.40291811,0,0,0,12,12,8444,8612
compact51__paper_roles,2019-05-25 07:00:00,24.2077812668,256.908166766,0,0,0,12,12,7787,7783
compact51__paper_roles,2019-05-25 08:00:00,21.4568567969,242.221536599,0,0,0,12,12,6994,7722
compact51__paper_roles,2019-05-25 09:00:00,24.0527189953,287.732750455,0,0,0,12,12,7756,7896
compact51__paper_roles,2019-05-25 10:00:00,24.6718081689,369.087903472,0,0,0,12,12,7882,8100
compact51__paper_roles,2019-05-25 11:00:00,19.5083028192,186.829011497,0,0,0,12,12,6097,7391
compact51__paper_roles,2019-05-25 12:00:00,22.8711876089,185.663549759,0,0,0,12,12,7461,7384
compact51__paper_roles,2019-05-25 13:00:00,22.7504817095,228.78686775,0,0,0,12,12,7429,7653
compact51__paper_roles,2019-05-25 14:00:00,24.3610232532,190.85443691,0,0,0,12,12,7823,7419
compact51__paper_roles,2019-05-25 15:00:00,23.5163524475,164.306258786,0,0,0,12,12,7629,7217
compact51__paper_roles,2019-05-25 16:00:00,22.3620864891,194.108471215,0,0,0,12,12,7316,7446
compact51__paper_roles,2019-05-25 17:00:00,26.3734215189,261.011741057,0,0,0,12,12,8200,7800
compact51__paper_roles,2019-05-25 18:00:00,27.9409499227,178.881272418,0,0,0,12,12,8384,7339
compact51__paper_roles,2019-05-25 19:00:00,21.0560168345,79.6219680235,0,0,0,12,12,6809,5541
compact51__paper_roles,2019-05-25 20:00:00,21.0946048081,46.234993439,0,0,0,12,12,6833,1660
compact51__paper_roles,2019-05-25 21:00:00,20.9944023909,46.3872388624,0,0,0,12,12,6790,1689
compact51__paper_roles,2019-05-25 22:00:00,20.2830663983,81.3320267401,0,0,0,12,12,6475,5611
compact51__paper_roles,2019-05-25 23:00:00,22.59230571,131.080209705,0,0,0,12,12,7386,6816
compact51__paper_roles,2019-05-26 00:00:00,19.5983300171,80.8137168069,0,0,0,12,12,6147,5589
compact51__paper_roles,2019-05-26 01:00:00,21.4268795424,80.7611431785,0,0,0,12,12,6978,5587
compact51__paper_roles,2019-05-26 02:00:00,24.6947149969,129.408954026,0,0,0,12,12,7884,6796
compact51__paper_roles,2019-05-26 03:00:00,24.9695697098,131.139927304,0,0,0,13,12,7950,6817
compact51__paper_roles,2019-05-26 04:00:00,21.1366478062,111.427229684,0,0,0,12,12,6853,6459
compact51__paper_roles,2019-05-26 05:00:00,22.0678247728,102.973943415,0,0,0,12,12,7209,6284
compact51__paper_roles,2019-05-26 06:00:00,17.5991792939,72.8520044142,0,0,0,12,12,4828,5254
compact51__paper_roles,2019-05-26 07:00:00,21.9027837824,103.829028378,0,0,0,12,12,7167,6312
compact51__paper_roles,2019-05-26 08:00:00,20.5256132422,97.4155236515,0,0,0,12,12,6583,6143
compact51__paper_roles,2019-05-26 09:00:00,22.1166805528,131.731591687,0,0,0,12,12,7228,6825
compact51__paper_roles,2019-05-26 10:00:00,19.1534097885,119.822726075,0,0,0,12,12,5898,6607
compact51__paper_roles,2019-05-26 11:00:00,16.3425868484,75.9216824541,0,0,0,12,12,3879,5395
compact51__paper_roles,2019-05-26 12:00:00,12.6896728172,43.7471839239,0,0,0,12,12,1178,1113
compact51__paper_roles,2019-05-26 13:00:00,14.0563259632,57.1030135007,0,0,0,12,12,2063,4146
compact51__paper_roles,2019-05-26 14:00:00,13.6607615916,51.2670957952,0,0,0,12,12,1793,2994
compact51__paper_roles,2019-05-26 15:00:00,14.7527654744,48.3659883343,0,0,0,12,12,2615,2266
compact51__paper_roles,2019-05-26 16:00:00,15.0726075029,49.5541818425,0,0,0,12,12,2873,2558
compact51__paper_roles,2019-05-26 17:00:00,14.3071172574,48.2901098677,0,0,0,12,12,2272,2236
compact51__paper_roles,2019-05-26 18:00:00,15.7664049122,46.9073190107,0,0,0,12,12,3418,1834
compact51__paper_roles,2019-05-26 19:00:00,17.1548825189,49.3850819181,0,0,0,12,12,4477,2508
compact51__paper_roles,2019-05-26 20:00:00,18.2619492819,52.2206855938,0,0,0,12,12,5298,3223
compact51__paper_roles,2019-05-26 21:00:00,21.2542914405,55.9283313399,0,0,0,12,12,6900,3968
compact51__paper_roles,2019-05-26 22:00:00,17.3323876666,52.1278316235,0,0,0,12,12,4633,3198
compact51__paper_roles,2019-05-26 23:00:00,15.602579581,46.3910383744,0,0,0,12,12,3281,1691
compact51__paper_roles,2019-05-27 00:00:00,14.9600434229,46.135526386,0,0,0,12,12,2780,1639
compact51__paper_roles,2019-05-27 01:00:00,16.1768978632,45.7878544325,0,0,0,12,12,3749,1554
compact51__paper_roles,2019-05-27 02:00:00,19.330546275,47.3964234102,0,0,0,12,12,5998,1983
compact51__paper_roles,2019-05-27 03:00:00,18.9094822525,45.6740847765,0,0,0,12,12,5734,1529
compact51__paper_roles,2019-05-27 04:00:00,19.7707183152,45.0358402505,0,0,0,12,12,6238,1379
compact51__paper_roles,2019-05-27 05:00:00,19.6937289019,43.4483666797,0,0,0,12,12,6196,1047
compact51__paper_roles,2019-05-27 06:00:00,17.628507627,44.5136214196,0,0,0,12,12,4850,1271
compact51__paper_roles,2019-05-27 07:00:00,16.4500874287,46.1526645081,0,0,0,12,12,3970,1643
compact51__paper_roles,2019-05-27 08:00:00,13.6544011246,48.3764170791,0,0,0,12,12,1787,2273
compact51__paper_roles,2019-05-27 09:00:00,15.295051487,52.8089185006,0,0,0,12,12,3059,3353
compact51__paper_roles,2019-05-27 10:00:00,16.6950533936,50.7576991986,0,0,0,12,12,4147,2868
compact51__paper_roles,2019-05-27 11:00:00,14.6909470639,54.6945128707,0,0,0,12,12,2565,3739
compact51__paper_roles,2019-05-27 12:00:00,15.8095509078,50.7393876521,0,0,0,12,12,3450,2862
compact51__paper_roles,2019-05-27 13:00:00,14.8107405482,46.4955231457,0,0,0,12,12,2664,1718
compact51__paper_roles,2019-05-27 14:00:00,15.7706487766,44.3896314626,0,0,0,12,12,3423,1242
compact51__paper_roles,2019-05-27 15:00:00,15.2946039487,43.3873922413,0,0,0,12,12,3058,1036
compact51__paper_roles,2019-05-27 16:00:00,13.8279535809,46.9289634464,0,0,0,12,12,1909,1843
compact51__paper_roles,2019-05-27 17:00:00,14.222619134,45.1568907295,0,0,0,12,11,2193,1405
compact51__paper_roles,2019-05-27 18:00:00,13.6085967789,43.6305532193,0,0,0,12,12,1750,1090
compact51__paper_roles,2019-05-27 19:00:00,16.2619581885,47.7083545018,0,0,0,12,12,3821,2056
compact51__paper_roles,2019-05-27 20:00:00,18.372932325,49.4719928397,0,0,0,12,12,5374,2532
compact51__paper_roles,2019-05-27 21:00:00,18.4772842529,47.3397223069,0,0,0,12,12,5438,1971
compact51__paper_roles,2019-05-27 22:00:00,16.4178926118,51.5800874938,0,0,0,12,12,3929,3064
compact51__paper_roles,2019-05-27 23:00:00,20.2562070628,52.0877003285,0,0,0,13,13,6463,3183
compact51__paper_roles,2019-05-28 00:00:00,18.3176026547,51.0081117229,0,0,0,12,12,5328,2931
compact51__paper_roles,2019-05-28 01:00:00,17.5994983308,47.7233225514,0,0,0,12,12,4829,2060
compact51__paper_roles,2019-05-28 02:00:00,17.5082650299,48.9759082927,0,0,0,13,13,4760,2410
compact51__paper_roles,2019-05-28 03:00:00,19.7438984775,49.7335341727,0,0,0,12,12,6220,2599
compact51__paper_roles,2019-05-28 04:00:00,19.2405055654,46.7114400189,0,0,0,12,12,5945,1782
compact51__paper_roles,2019-05-28 05:00:00,24.4062712819,51.0558595838,0,0,0,12,12,7836,2943
compact51__paper_roles,2019-05-28 06:00:00,22.0715237517,58.5108990526,0,0,0,12,12,7211,4311
compact51__paper_roles,2019-05-28 07:00:00,17.684431847,59.9941519167,0,0,0,12,12,4893,4481
compact51__paper_roles,2019-05-28 08:00:00,11.5117369472,45.6545245858,0,0,0,12,12,562,1521
compact51__paper_roles,2019-05-28 09:00:00,15.0447330329,49.5689479597,0,0,0,12,12,2855,2562
compact51__paper_roles,2019-05-28 10:00:00,15.6982853431,54.4076810308,0,0,0,12,12,3367,3686
compact51__paper_roles,2019-05-28 11:00:00,16.3796922662,53.8925014627,0,0,0,12,12,3900,3590
compact51__paper_roles,2019-05-28 12:00:00,18.5968813724,48.8656235621,0,0,0,12,12,5522,2381
compact51__paper_roles,2019-05-28 13:00:00,20.4500548752,51.5093954855,0,0,0,12,12,6554,3050
compact51__paper_roles,2019-05-28 14:00:00,17.1571967727,50.614721517,0,0,0,12,12,4481,2823
compact51__paper_roles,2019-05-28 15:00:00,19.1941477292,47.7176116661,0,0,0,11,11,5917,2059
compact51__paper_roles,2019-05-28 16:00:00,17.862697049,46.3637656492,0,0,0,12,12,5015,1685
compact51__paper_roles,2019-05-28 17:00:00,14.1437759912,42.7709119819,0,0,0,12,12,2127,936
compact51__paper_roles,2019-05-28 18:00:00,16.4608798012,40.5439107042,0,0,0,12,12,3975,587
compact51__paper_roles,2019-05-28 19:00:00,15.4932596718,40.8128162756,0,0,0,12,12,3180,621
compact51__paper_roles,2019-05-28 20:00:00,17.5033774904,41.0351049211,0,0,0,12,12,4757,657
compact51__paper_roles,2019-05-28 21:00:00,20.4399729759,43.4529351301,0,0,0,12,12,6550,1048
compact51__paper_roles,2019-05-28 22:00:00,17.7601230222,48.2543624855,0,0,0,12,12,4948,2218
compact51__paper_roles,2019-05-28 23:00:00,23.2196637559,53.3424490344,0,0,0,12,12,7558,3493
compact51__paper_roles,2019-05-29 00:00:00,15.7916576913,44.3655685961,0,0,0,12,12,3439,1237
compact51__paper_roles,2019-05-29 01:00:00,14.0395631737,43.293771895,0,0,0,12,12,2049,1021
compact51__paper_roles,2019-05-29 02:00:00,15.5493076945,45.1967728378,0,0,0,12,12,3232,1414
compact51__paper_roles,2019-05-29 03:00:00,13.3702240405,41.2135788806,0,0,0,12,12,1600,683
compact51__paper_roles,2019-05-29 04:00:00,14.5337708566,40.6151280789,0,0,0,12,12,2443,593
compact51__paper_roles,2019-05-29 05:00:00,20.3996470015,45.8247629094,0,0,0,12,12,6531,1568
compact51__paper_roles,2019-05-29 06:00:00,17.5136732539,50.187119447,0,0,0,12,12,4761,2722
compact51__paper_roles,2019-05-29 07:00:00,15.0194286724,48.0238529482,0,0,0,12,12,2835,2148
compact51__paper_roles,2019-05-29 08:00:00,13.6345853907,46.2556030056,0,0,0,12,12,1772,1663
compact51__paper_roles,2019-05-29 09:00:00,14.4580681395,42.5317866095,0,0,0,12,12,2379,899
compact51__paper_roles,2019-05-29 10:00:00,15.8791550571,39.2625742429,0,0,0,12,12,3519,419
compact51__paper_roles,2019-05-29 11:00:00,15.3594502888,35.4370067131,0,0,0,12,12,3101,159
compact51__paper_roles,2019-05-29 12:00:00,16.7759629441,36.2228561055,0,0,0,12,12,4203,191
compact51__paper_roles,2019-05-29 13:00:00,13.9591758515,41.2683779561,0,0,0,12,12,2003,692
compact51__paper_roles,2019-05-29 14:00:00,14.6068324,42.849483354,0,0,0,12,12,2498,952
compact51__paper_roles,2019-05-29 15:00:00,16.7669529001,42.5852418962,0,0,0,12,12,4199,910
compact51__paper_roles,2019-05-29 16:00:00,19.6604618752,36.2463167614,0,0,0,12,12,6181,192
compact51__paper_roles,2019-05-29 17:00:00,19.4281214239,39.0484216703,0,0,0,12,12,6049,400
compact51__paper_roles,2019-05-29 18:00:00,19.7545162193,36.865234822,0,0,0,12,12,6228,232
compact51__paper_roles,2019-05-29 19:00:00,19.7574287384,40.966526335,0,0,0,12,12,6230,643
compact51__paper_roles,2019-05-29 20:00:00,20.9186626179,42.6973647934,0,0,0,12,12,6747,930
compact51__paper_roles,2019-05-29 21:00:00,24.2028795486,46.9444190609,0,0,0,12,12,7786,1848
compact51__paper_roles,2019-05-29 22:00:00,22.343693516,38.5390195093,0,0,0,12,12,7308,352
compact51__paper_roles,2019-05-29 23:00:00,17.5705970971,36.0646203624,0,0,0,12,12,4805,186
compact51__paper_roles,2019-05-30 00:00:00,13.4810891954,29.4935243619,0,0,0,12,12,1669,26
compact51__paper_roles,2019-05-30 01:00:00,18.7918394756,32.0549792587,0,0,0,12,12,5658,56
compact51__paper_roles,2019-05-30 02:00:00,15.9421281886,34.3967552738,0,0,0,12,12,3561,111
compact51__paper_roles,2019-05-30 03:00:00,16.6244295709,32.9195592562,0,0,0,12,12,4091,77
compact51__paper_roles,2019-05-30 04:00:00,14.8816567036,36.7564214847,0,0,0,12,12,2721,221
compact51__paper_roles,2019-05-30 05:00:00,17.6688336893,41.1615034132,0,0,0,12,12,4883,674
compact51__paper_roles,2019-05-30 06:00:00,13.3877039682,40.6323934243,0,0,0,12,12,1610,597
compact51__paper_roles,2019-05-30 07:00:00,15.4404001284,43.7925122699,0,0,0,12,12,3144,1121
compact51__paper_roles,2019-05-30 08:00:00,13.638848667,44.9575915594,0,0,0,12,12,1774,1360
compact51__paper_roles,2019-05-30 09:00:00,10.2424023085,40.6655172952,0,0,0,12,12,182,603
compact51__paper_roles,2019-05-30 10:00:00,12.5015984284,42.5025861534,0,0,0,12,12,1074,894
compact51__paper_roles,2019-05-30 11:00:00,10.4246954758,41.7505451159,0,0,0,8,8,218,773
compact51__paper_roles,2019-05-30 12:00:00,12.8007488612,32.4337343169,0,0,0,12,12,1233,65
compact51__paper_roles,2019-05-30 13:00:00,9.78757231429,39.7028852221,0,0,0,12,12,101,471
compact51__paper_roles,2019-05-30 14:00:00,12.1277862423,34.1338399192,0,0,0,12,12,849,105
compact51__paper_roles,2019-05-30 15:00:00,12.2530098125,35.0028843769,0,0,0,12,12,930,133
compact51__paper_roles,2019-05-30 16:00:00,13.4758734134,43.4038012852,0,0,0,12,12,1666,1041
compact51__paper_roles,2019-05-30 17:00:00,12.5726923948,45.9435275595,0,0,0,12,12,1118,1598
compact51__paper_roles,2019-05-30 18:00:00,14.2366860396,44.3219457633,0,0,0,12,12,2201,1229
compact51__paper_roles,2019-05-30 19:00:00,15.6980675081,39.4357903925,0,0,0,12,12,3366,444
compact51__paper_roles,2019-05-30 20:00:00,14.8671559365,36.3428713645,0,0,0,12,12,2700,197
compact51__paper_roles,2019-05-30 21:00:00,13.6458214121,39.7069510418,0,0,0,12,12,1779,472
compact51__paper_roles,2019-05-30 22:00:00,17.6054318752,33.2543850742,0,0,0,12,12,4833,83
compact51__paper_roles,2019-05-30 23:00:00,21.8085360085,40.2570305091,0,0,0,12,12,7132,539
compact51__paper_roles,2019-05-31 00:00:00,16.2267027628,36.5136213165,0,0,0,12,12,3794,205
compact51__paper_roles,2019-05-31 01:00:00,14.1693955397,36.9320520802,0,0,0,12,12,2146,237
compact51__paper_roles,2019-05-31 02:00:00,19.4818076874,43.8577861954,0,0,0,12,12,6080,1137
compact51__paper_roles,2019-05-31 03:00:00,17.1827734612,40.68465891,0,0,0,12,12,4508,607
compact51__paper_roles,2019-05-31 04:00:00,19.7654477662,44.7755278436,0,0,0,12,12,6235,1321
compact51__paper_roles,2019-05-31 05:00:00,25.4495705626,52.2870202375,0,0,0,12,12,8046,3236
compact51__paper_roles,2019-05-31 06:00:00,17.6622787272,45.888479581,0,0,0,12,12,4875,1583
compact51__paper_roles,2019-05-31 07:00:00,20.9181443068,50.3583196955,0,0,0,12,12,6746,2763
compact51__paper_roles,2019-05-31 08:00:00,15.9938001609,51.2011290836,0,0,0,12,12,3602,2971
compact51__paper_roles,2019-05-31 09:00:00,15.1935396763,54.1807822806,0,0,0,12,12,2972,3647
compact51__paper_roles,2019-05-31 10:00:00,15.7194093047,54.3865945883,0,0,0,12,12,3386,3683
compact51__paper_roles,2019-05-31 11:00:00,18.4582369193,61.561957968,0,0,0,12,12,5426,4625
compact51__paper_roles,2019-05-31 12:00:00,15.7708108109,57.2004239569,0,0,0,12,12,3424,4158
compact51__paper_roles,2019-05-31 13:00:00,16.5239447939,56.9449828074,0,0,0,11,11,4024,4129
compact51__paper_roles,2019-05-31 14:00:00,22.2113267993,44.7980643976,0,0,0,12,12,7260,1329
compact51__paper_roles,2019-05-31 15:00:00,19.2813840562,37.1313894728,0,0,0,12,12,5971,252
compact51__paper_roles,2019-05-31 16:00:00,17.9512265598,40.1366391611,0,0,0,12,12,5091,524
compact51__paper_roles,2019-05-31 17:00:00,17.5707783178,52.8760232191,0,0,0,12,12,4806,3370
compact51__paper_roles,2019-05-31 18:00:00,19.6228348267,48.9601673776,0,0,0,12,12,6159,2407
compact51__paper_roles,2019-05-31 19:00:00,19.0757142518,46.7860976856,0,0,0,12,12,5852,1809
compact51__paper_roles,2019-05-31 20:00:00,21.620253512,51.6624847513,0,0,0,13,12,7065,3082
compact51__paper_roles,2019-05-31 21:00:00,26.4464949437,51.3728598377,0,0,0,12,12,8208,3019
compact51__paper_roles,2019-05-31 22:00:00,20.4498714679,34.702377314,0,0,0,12,12,6552,120
compact51__paper_roles,2019-05-31 23:00:00,15.0599276164,45.2444181495,0,0,0,12,12,2865,1429
compact51__paper_roles,2019-06-01 00:00:00,13.0877658303,44.1897970652,0,0,0,12,12,1421,1203
compact51__paper_roles,2019-06-01 01:00:00,14.6839640134,48.3222877126,0,0,0,12,12,2558,2250
compact51__paper_roles,2019-06-01 02:00:00,16.082268457,47.7993332705,0,0,0,12,12,3667,2085
compact51__paper_roles,2019-06-01 03:00:00,16.3163736143,44.7647135873,0,0,0,12,12,3854,1314
compact51__paper_roles,2019-06-01 04:00:00,16.3454338872,43.4344968197,0,0,0,12,12,3882,1045
compact51__paper_roles,2019-06-01 05:00:00,16.4458770118,55.8295562642,0,0,0,12,12,3961,3953
compact51__paper_roles,2019-06-01 06:00:00,17.0246098987,46.0955587642,0,0,0,12,12,4391,1632
compact51__paper_roles,2019-06-01 07:00:00,15.8106489424,48.8066262446,0,0,0,12,12,3451,2370
compact51__paper_roles,2019-06-01 08:00:00,19.3383632013,57.9775791594,0,0,0,12,12,6003,4255
compact51__paper_roles,2019-06-01 09:00:00,18.0438422226,52.2364881308,0,0,0,12,12,5151,3225
compact51__paper_roles,2019-06-01 10:00:00,15.5642245242,47.077439181,0,0,0,12,12,3245,1893
compact51__paper_roles,2019-06-01 11:00:00,15.2088137659,42.8207094333,0,0,0,12,12,2986,944
compact51__paper_roles,2019-06-01 12:00:00,15.6497623135,41.6102935229,0,0,0,12,12,3317,746
compact51__paper_roles,2019-06-01 13:00:00,15.1772469958,39.2971985367,0,0,0,12,12,2955,425
compact51__paper_roles,2019-06-01 14:00:00,14.6956268055,37.3058112991,0,0,0,12,12,2568,264
compact51__paper_roles,2019-06-01 15:00:00,12.1676765862,43.2104286793,0,0,0,12,12,869,1006
compact51__paper_roles,2019-06-01 16:00:00,13.0594811002,39.2789956594,0,0,0,12,12,1409,424
compact51__paper_roles,2019-06-01 17:00:00,16.9713533741,37.8421575014,0,0,0,12,12,4344,295
compact51__paper_roles,2019-06-01 18:00:00,17.2448046718,41.4005201235,0,0,0,12,12,4570,713
compact51__paper_roles,2019-06-01 19:00:00,18.2366499455,49.1101015473,0,0,0,12,12,5284,2441
compact51__paper_roles,2019-06-01 20:00:00,17.1600504817,47.1309379792,0,0,0,12,12,4486,1907
compact51__paper_roles,2019-06-01 21:00:00,16.5517051342,41.6684117351,0,0,0,12,12,4040,757
compact51__paper_roles,2019-06-01 22:00:00,16.9928978926,40.0529921923,0,0,0,12,12,4357,516
compact51__paper_roles,2019-06-01 23:00:00,15.2862748235,45.1349386065,0,0,0,12,12,3052,1399
compact51__paper_roles,2019-06-02 00:00:00,14.3326879282,42.6965255935,0,0,0,12,12,2285,929
compact51__paper_roles,2019-06-02 01:00:00,16.6280476884,44.9154880567,0,0,0,12,12,4095,1350
compact51__paper_roles,2019-06-02 02:00:00,14.2029941495,43.2066339408,0,0,0,12,12,2177,1005
compact51__paper_roles,2019-06-02 03:00:00,12.0374237162,40.8928286704,0,0,0,12,12,807,629
compact51__paper_roles,2019-06-02 04:00:00,10.4843617511,37.2575903877,0,0,0,12,12,231,259
compact51__paper_roles,2019-06-02 05:00:00,10.9708949346,36.2756021732,0,0,0,12,12,348,195
compact51__paper_roles,2019-06-02 06:00:00,12.3859452357,40.3848191761,0,0,0,12,12,996,559
compact51__paper_roles,2019-06-02 07:00:00,12.0786027815,40.9520960666,0,0,0,12,12,822,639
compact51__paper_roles,2019-06-02 08:00:00,16.2433359375,48.0328532773,0,0,0,12,12,3804,2152
compact51__paper_roles,2019-06-02 09:00:00,18.4134484726,51.7406663323,0,0,0,12,12,5403,3104
compact51__paper_roles,2019-06-02 10:00:00,14.7751220199,45.7937639816,0,0,0,12,12,2635,1556
compact51__paper_roles,2019-06-02 11:00:00,15.654278444,42.0835252489,0,0,0,12,12,3323,816
compact51__paper_roles,2019-06-02 12:00:00,12.9816147365,43.7829859337,0,0,0,12,12,1356,1120
compact51__paper_roles,2019-06-02 13:00:00,11.7809402688,42.6775022029,0,0,0,12,12,657,923
compact51__paper_roles,2019-06-02 14:00:00,14.0429494464,42.3305706434,0,0,0,12,12,2052,864
compact51__paper_roles,2019-06-02 15:00:00,15.4161488812,37.7117814545,0,0,0,13,12,3132,285
compact51__paper_roles,2019-06-02 16:00:00,15.7117619235,37.9543990733,0,0,0,12,12,3379,301
compact51__paper_roles,2019-06-02 17:00:00,20.002059068,38.5227487908,0,0,0,12,12,6349,351
compact51__paper_roles,2019-06-02 18:00:00,21.162297023,38.6909507512,0,0,0,12,12,6859,366
compact51__paper_roles,2019-06-02 19:00:00,21.8534013445,43.1141663917,0,0,0,12,12,7154,993
compact51__paper_roles,2019-06-02 20:00:00,20.3194747212,47.9705976532,0,0,0,12,12,6490,2132
compact51__paper_roles,2019-06-02 21:00:00,20.9006218217,48.6924086378,0,0,0,12,12,6740,2346
compact51__paper_roles,2019-06-02 22:00:00,19.9103319062,47.9879650762,0,0,0,12,12,6307,2139
compact51__paper_roles,2019-06-02 23:00:00,15.9755111164,36.2527157564,0,0,0,12,12,3592,193
compact51__paper_roles,2019-06-03 00:00:00,12.2386573361,39.2668680576,0,0,0,12,12,920,421
compact51__paper_roles,2019-06-03 01:00:00,15.1099882587,40.9910120795,0,0,0,12,12,2902,651
compact51__paper_roles,2019-06-03 02:00:00,15.7262660718,40.7642569008,0,0,0,12,12,3392,616
compact51__paper_roles,2019-06-03 03:00:00,18.1511069677,43.0952471073,0,0,0,12,12,5231,989
compact51__paper_roles,2019-06-03 04:00:00,21.7441435127,44.1035815992,0,0,0,12,12,7103,1182
compact51__paper_roles,2019-06-03 05:00:00,19.233907531,45.6166160978,0,0,0,12,12,5941,1510
compact51__paper_roles,2019-06-03 06:00:00,15.6377472436,61.8818309825,0,0,0,12,12,3307,4653
compact51__paper_roles,2019-06-03 07:00:00,14.4887168398,58.3650235489,0,0,0,12,12,2401,4296
compact51__paper_roles,2019-06-03 08:00:00,18.4237265118,56.0100336561,0,0,0,12,12,5411,3979
compact51__paper_roles,2019-06-03 09:00:00,15.8265442918,72.1699017581,0,0,0,12,12,3462,5239
compact51__paper_roles,2019-06-03 10:00:00,14.5468219957,84.1586512441,0,0,0,13,12,2450,5719
compact51__paper_roles,2019-06-03 11:00:00,15.6532588409,95.7157561071,0,0,0,12,12,3322,6095
compact51__paper_roles,2019-06-03 12:00:00,17.4974676811,93.4622231064,0,0,0,12,12,4754,6022
compact51__paper_roles,2019-06-03 13:00:00,21.7799587821,152.159828938,0,0,0,12,12,7118,7077
compact51__paper_roles,2019-06-03 14:00:00,27.0447376698,2371.53252146,0,0,0,12,12,8288,8646
compact51__paper_roles,2019-06-03 15:00:00,24.6246186891,358.724152863,1,0,0,12,12,7877,8080
compact51__paper_roles,2019-06-03 16:00:00,30.8538944152,1410.27985696,0,0,0,12,12,8558,8563
compact51__paper_roles,2019-06-03 17:00:00,31.1780398215,293.156436749,0,0,0,12,12,8570,7907
compact51__paper_roles,2019-06-03 18:00:00,31.4948241844,226.969201377,0,0,0,12,12,8579,7639
compact51__paper_roles,2019-06-03 19:00:00,25.9486248458,149.671657577,0,0,0,12,12,8124,7049
compact51__paper_roles,2019-06-03 20:00:00,23.9006433499,91.7832701293,0,0,0,12,12,7729,5961
compact51__paper_roles,2019-06-03 21:00:00,22.6264721671,55.4877019082,0,0,0,12,12,7399,3883
compact51__paper_roles,2019-06-03 22:00:00,15.2446395019,48.6916663336,0,0,0,13,12,3015,2343
compact51__paper_roles,2019-06-03 23:00:00,13.2390001558,48.3337935985,0,0,0,12,12,1523,2257
compact51__paper_roles,2019-06-04 00:00:00,18.7192978133,49.2720291342,0,0,0,12,12,5614,2479
compact51__paper_roles,2019-06-04 01:00:00,13.717703126,42.8452751929,0,0,0,12,12,1827,950
compact51__paper_roles,2019-06-04 02:00:00,14.5103285928,43.3709467959,0,0,0,12,12,2423,1034
compact51__paper_roles,2019-06-04 03:00:00,17.9401115114,43.4854580219,0,0,0,12,12,5081,1054
compact51__paper_roles,2019-06-04 04:00:00,16.8674678026,43.1232185432,0,0,0,12,12,4274,996
compact51__paper_roles,2019-06-04 05:00:00,19.0679199885,46.3242324462,0,0,0,12,12,5844,1672
compact51__paper_roles,2019-06-04 06:00:00,11.5013782959,36.0486901372,0,0,0,13,12,559,185
compact51__paper_roles,2019-06-04 07:00:00,14.348727625,43.821780294,0,0,0,12,12,2301,1128
compact51__paper_roles,2019-06-04 08:00:00,15.0450406897,55.5433187756,0,0,0,12,12,2856,3898
compact51__paper_roles,2019-06-04 09:00:00,15.7500200033,64.2100372416,0,0,0,12,12,3409,4823
compact51__paper_roles,2019-06-04 10:00:00,18.0605382658,78.4801766936,0,0,0,12,12,5159,5492
compact51__paper_roles,2019-06-04 11:00:00,20.7456494276,112.093381149,0,0,0,12,12,6668,6476
compact51__paper_roles,2019-06-04 12:00:00,21.1019772757,103.000729023,0,0,0,12,12,6838,6286
compact51__paper_roles,2019-06-04 13:00:00,19.7288460439,80.8635668665,0,0,0,12,12,6212,5592
compact51__paper_roles,2019-06-04 14:00:00,21.4375820247,101.108993222,0,0,0,12,12,6984,6238
compact51__paper_roles,2019-06-04 15:00:00,17.5679858385,88.0461535072,0,0,0,12,12,4803,5835
compact51__paper_roles,2019-06-04 16:00:00,16.0491940933,55.1606774926,0,0,0,12,12,3647,3820
compact51__paper_roles,2019-06-04 17:00:00,15.858825214,55.3351418268,0,0,0,12,12,3501,3850
compact51__paper_roles,2019-06-04 18:00:00,16.0132632654,44.1147714282,0,0,0,12,12,3615,1188
compact51__paper_roles,2019-06-04 19:00:00,13.9561032783,43.389113616,0,0,0,12,12,2000,1037
compact51__paper_roles,2019-06-04 20:00:00,15.9081216315,41.507907827,0,0,0,12,12,3541,727
compact51__paper_roles,2019-06-04 21:00:00,17.239403649,43.6680448972,0,0,0,12,12,4563,1100
compact51__paper_roles,2019-06-04 22:00:00,16.77664174,52.9510400846,0,0,0,12,12,4204,3391
compact51__paper_roles,2019-06-04 23:00:00,18.1200705363,78.8539516934,0,0,0,12,12,5213,5501
compact51__paper_roles,2019-06-05 00:00:00,14.3772364465,95.3349126758,0,0,0,12,12,2319,6084
compact51__paper_roles,2019-06-05 01:00:00,13.6569475977,165.099814591,0,0,0,12,12,1789,7220
compact51__paper_roles,2019-06-05 02:00:00,13.5904318549,56.1787803243,0,0,0,12,12,1735,4009
compact51__paper_roles,2019-06-05 03:00:00,13.8505892385,75.453475262,0,0,0,12,12,1921,5373
compact51__paper_roles,2019-06-05 04:00:00,18.1918597714,105.365023782,0,0,0,12,12,5253,6347
compact51__paper_roles,2019-06-05 05:00:00,20.5162077823,138.418038237,0,0,0,12,12,6578,6914
compact51__paper_roles,2019-06-05 06:00:00,22.8330561895,191.835477026,0,0,0,12,12,7453,7427
compact51__paper_roles,2019-06-05 07:00:00,23.7613862146,82.702399275,0,0,0,12,12,7697,5654
compact51__paper_roles,2019-06-05 08:00:00,18.9918896394,85.2023920221,0,0,0,13,13,5791,5757
compact51__paper_roles,2019-06-05 09:00:00,18.8051692243,123.098863172,0,0,0,12,12,5665,6685
compact51__paper_roles,2019-06-05 10:00:00,16.450858012,63.0197911735,0,0,0,12,12,3972,4734
compact51__paper_roles,2019-06-05 11:00:00,13.1095075131,54.2937381447,0,0,0,12,12,1443,3666
compact51__paper_roles,2019-06-05 12:00:00,21.0005563396,67.6047909678,0,0,0,13,12,6795,5038
compact51__paper_roles,2019-06-05 13:00:00,14.6429575128,58.1284720329,0,0,0,12,12,2534,4273
compact51__paper_roles,2019-06-05 14:00:00,15.1439037036,55.668016836,0,0,0,12,12,2931,3923
compact51__paper_roles,2019-06-05 15:00:00,17.9999956495,59.9700313739,0,0,0,12,12,5132,4479
compact51__paper_roles,2019-06-05 16:00:00,21.7595943716,52.1054794587,0,0,0,12,12,7108,3189
compact51__paper_roles,2019-06-05 17:00:00,16.1168924238,53.3608192025,0,0,0,12,12,3700,3496
compact51__paper_roles,2019-06-05 18:00:00,21.7837160953,53.4952396698,0,0,0,12,12,7122,3524
compact51__paper_roles,2019-06-05 19:00:00,18.7222767959,51.4645058164,0,0,0,12,12,5616,3038
compact51__paper_roles,2019-06-05 20:00:00,24.1828124464,50.2624252705,0,0,0,12,12,7781,2740
compact51__paper_roles,2019-06-05 21:00:00,36.3669579056,66.0138216895,0,0,0,12,12,8701,4951
compact51__paper_roles,2019-06-05 22:00:00,28.4097300239,68.3733796884,0,0,0,12,12,8420,5074
compact51__paper_roles,2019-06-05 23:00:00,30.2187376859,51.938731367,0,0,0,12,12,8528,3152
compact51__paper_roles,2019-06-06 00:00:00,24.9399262931,73.151594665,0,0,0,12,12,7944,5263
compact51__paper_roles,2019-06-06 01:00:00,24.6012784855,49.1513606232,0,0,0,12,12,7870,2451
compact51__paper_roles,2019-06-06 02:00:00,19.2222374828,44.2767986132,0,0,0,12,12,5935,1221
compact51__paper_roles,2019-06-06 03:00:00,15.7202480006,42.8842932317,0,0,0,12,12,3387,957
compact51__paper_roles,2019-06-06 04:00:00,13.4194926634,41.8438520143,0,0,0,12,12,1632,782
compact51__paper_roles,2019-06-06 05:00:00,18.6548157859,48.5940764418,0,0,0,12,12,5567,2322
compact51__paper_roles,2019-06-06 06:00:00,17.6543356875,49.8010922618,0,0,0,12,12,4871,2617
compact51__paper_roles,2019-06-06 07:00:00,16.5745432211,51.1701768441,0,0,0,12,12,4052,2963
compact51__paper_roles,2019-06-06 08:00:00,13.8465112009,50.6643738758,0,0,0,13,12,1918,2836
compact51__paper_roles,2019-06-06 09:00:00,11.5241021153,48.6660670247,0,0,0,12,12,565,2337
compact51__paper_roles,2019-06-06 10:00:00,17.6172509261,54.617034226,0,0,0,12,12,4842,3724
compact51__paper_roles,2019-06-06 11:00:00,13.2635918875,47.2126949345,0,0,0,12,12,1537,1934
compact51__paper_roles,2019-06-06 12:00:00,14.8595458076,45.8007798828,0,0,0,12,12,2695,1562
compact51__paper_roles,2019-06-06 13:00:00,18.1229238635,46.7190893113,0,0,0,12,12,5218,1783
compact51__paper_roles,2019-06-06 14:00:00,15.4208524799,44.7923203477,0,0,0,12,12,3136,1327
compact51__paper_roles,2019-06-06 15:00:00,17.9902201682,46.5992606946,0,0,0,12,12,5125,1753
compact51__paper_roles,2019-06-06 16:00:00,27.393792736,134.832393999,0,0,0,12,12,8329,6867
compact51__paper_roles,2019-06-06 17:00:00,26.0825238521,48.3759078917,0,0,0,12,12,8150,2272
compact51__paper_roles,2019-06-06 18:00:00,12.1115465796,38.0137249513,0,0,0,12,12,838,308
compact51__paper_roles,2019-06-06 19:00:00,13.0156450911,44.2980546606,0,0,0,12,12,1377,1224
compact51__paper_roles,2019-06-06 20:00:00,18.1162820377,45.0834732649,0,0,0,12,12,5208,1388
compact51__paper_roles,2019-06-06 21:00:00,21.8573888454,42.4507702848,0,0,0,12,12,7155,886
compact51__paper_roles,2019-06-06 22:00:00,18.8226590791,33.9952074855,0,0,0,12,12,5677,101
compact51__paper_roles,2019-06-06 23:00:00,17.7624052941,43.0015936473,0,0,0,12,12,4949,975
compact51__paper_roles,2019-06-07 00:00:00,11.6251170213,41.2004167738,0,0,0,12,12,602,681
compact51__paper_roles,2019-06-07 01:00:00,11.8595503553,39.0752488805,0,0,0,12,12,699,403
compact51__paper_roles,2019-06-07 02:00:00,12.916607449,39.1739997567,0,0,0,12,12,1306,410
compact51__paper_roles,2019-06-07 03:00:00,14.4043076438,48.2851836805,0,0,0,12,12,2339,2231
compact51__paper_roles,2019-06-07 04:00:00,18.1638897738,101.226728626,0,0,0,12,12,5239,6243
compact51__paper_roles,2019-06-07 05:00:00,26.2506615345,114.117369881,0,0,0,12,12,8175,6510
compact51__paper_roles,2019-06-07 06:00:00,22.8889043048,69.823618364,0,0,0,12,12,7467,5135
compact51__paper_roles,2019-06-07 07:00:00,15.4880396998,48.7307564891,0,0,0,12,12,3176,2359
compact51__paper_roles,2019-06-07 08:00:00,16.1865197,57.6122338228,0,0,0,12,12,3759,4216
compact51__paper_roles,2019-06-07 09:00:00,19.8917743826,83.1989150047,0,0,0,13,13,6300,5677
compact51__paper_roles,2019-06-07 10:00:00,18.7729938776,50.2212612339,0,0,0,12,11,5645,2731
compact51__paper_roles,2019-06-07 11:00:00,13.9653902419,45.8454401124,0,0,0,12,12,2004,1574
compact51__paper_roles,2019-06-07 12:00:00,14.2310731171,45.4182781853,0,0,0,12,12,2196,1471
compact51__paper_roles,2019-06-07 13:00:00,14.8761523881,48.5956741514,0,0,0,12,12,2712,2323
compact51__paper_roles,2019-06-07 14:00:00,14.9465291128,45.1004307756,0,0,0,12,12,2770,1390
compact51__paper_roles,2019-06-07 15:00:00,16.422460051,49.6645884088,0,0,0,12,12,3933,2585
compact51__paper_roles,2019-06-07 16:00:00,20.940214601,51.3426507266,0,0,0,12,12,6764,3009
compact51__paper_roles,2019-06-07 17:00:00,22.8473593132,50.699002535,0,0,0,12,12,7456,2846
compact51__paper_roles,2019-06-07 18:00:00,12.1989123618,35.9672388847,0,0,0,12,12,891,181
compact51__paper_roles,2019-06-07 19:00:00,17.0082972103,40.6764778466,0,0,0,12,12,4376,605
compact51__paper_roles,2019-06-07 20:00:00,16.6319463302,43.4889017489,0,0,0,12,12,4099,1057
compact51__paper_roles,2019-06-07 21:00:00,19.5651845133,44.9397270209,0,0,0,12,11,6131,1355
compact51__paper_roles,2019-06-07 22:00:00,17.8814698834,35.3956060307,0,0,0,13,13,5031,156
compact51__paper_roles,2019-06-07 23:00:00,15.7250577581,34.2903811081,0,0,0,12,12,3390,109
compact51__paper_roles,2019-06-08 00:00:00,12.336611202,35.3730925074,0,0,0,12,12,974,154
compact51__paper_roles,2019-06-08 01:00:00,9.68964911943,34.9701658754,0,0,0,12,12,85,132
compact51__paper_roles,2019-06-08 02:00:00,13.3473799312,47.9620049627,0,0,0,12,12,1587,2128
compact51__paper_roles,2019-06-08 03:00:00,14.2939499066,52.9563202422,0,0,0,12,12,2257,3392
compact51__paper_roles,2019-06-08 04:00:00,16.9317371826,60.8160304684,0,0,0,12,12,4314,4562
compact51__paper_roles,2019-06-08 05:00:00,17.7091293297,55.414571869,0,0,0,12,12,4912,3865
compact51__paper_roles,2019-06-08 06:00:00,17.8216040334,66.9559931751,0,0,0,12,12,4988,5003
compact51__paper_roles,2019-06-08 07:00:00,17.722082011,84.4093153918,0,0,0,12,12,4921,5728
compact51__paper_roles,2019-06-08 08:00:00,20.599063413,102.538229059,0,0,0,12,12,6604,6273
compact51__paper_roles,2019-06-08 09:00:00,15.1124058666,85.9441562506,0,0,0,12,12,2903,5788
compact51__paper_roles,2019-06-08 10:00:00,20.4313177884,205.899503868,0,0,0,12,12,6547,7527
compact51__paper_roles,2019-06-08 11:00:00,18.2903359234,122.568251007,0,0,0,12,12,5315,6676
compact51__paper_roles,2019-06-08 12:00:00,13.1564848952,140.321024227,0,0,0,12,12,1471,6942
compact51__paper_roles,2019-06-08 13:00:00,11.2422289142,1368.30315618,0,0,0,12,12,444,8553
compact51__paper_roles,2019-06-08 14:00:00,9.36273086211,43.7810893974,0,0,0,12,12,48,1119
compact51__paper_roles,2019-06-08 15:00:00,13.4269094632,240.019512302,0,0,0,12,12,1639,7711
compact51__paper_roles,2019-06-08 16:00:00,8.77913311803,42.5608705461,0,0,0,12,12,24,907
compact51__paper_roles,2019-06-08 17:00:00,9.88790032654,42.217073956,0,0,0,12,12,117,840
compact51__paper_roles,2019-06-08 18:00:00,11.1234211153,39.7740820445,0,0,0,12,12,405,484
compact51__paper_roles,2019-06-08 19:00:00,12.0285106508,40.2593129256,0,0,0,12,12,800,540
compact51__paper_roles,2019-06-08 20:00:00,12.0798061216,56.0987727175,0,0,0,12,12,824,3996
compact51__paper_roles,2019-06-08 21:00:00,15.9316108155,87.2255521891,0,0,0,13,12,3555,5816
compact51__paper_roles,2019-06-08 22:00:00,12.0948946495,54.2985997155,0,0,0,12,12,833,3668
compact51__paper_roles,2019-06-08 23:00:00,11.7472930535,42.1297899352,0,0,0,12,12,643,825
compact51__paper_roles,2019-06-09 00:00:00,14.4504734138,73.189512328,0,0,0,12,12,2372,5265
compact51__paper_roles,2019-06-09 01:00:00,15.9742687195,71.3390362233,0,0,0,12,12,3590,5202
compact51__paper_roles,2019-06-09 02:00:00,20.7853178389,73.462383309,0,0,0,12,12,6682,5280
compact51__paper_roles,2019-06-09 03:00:00,18.542380395,59.0095834632,0,0,0,12,12,5481,4369
compact51__paper_roles,2019-06-09 04:00:00,17.5182688277,46.4268556607,0,0,0,12,12,4764,1699
compact51__paper_roles,2019-06-09 05:00:00,18.5701068073,47.330159977,0,0,0,12,12,5507,1966
compact51__paper_roles,2019-06-09 06:00:00,19.7343827888,48.7071483482,0,0,0,12,12,6217,2352
compact51__paper_roles,2019-06-09 07:00:00,16.3463845119,56.0989907253,0,0,0,12,12,3884,3997
compact51__paper_roles,2019-06-09 08:00:00,18.473558386,61.880605424,0,0,0,12,12,5433,4652
compact51__paper_roles,2019-06-09 09:00:00,23.0133193441,59.5243033205,0,0,0,12,12,7498,4437
compact51__paper_roles,2019-06-09 10:00:00,18.1818143853,60.0022327482,0,0,0,12,12,5247,4483
compact51__paper_roles,2019-06-09 11:00:00,20.7922896315,62.6226673626,0,0,0,12,12,6685,4705
compact51__paper_roles,2019-06-09 12:00:00,20.8259341005,62.7889014113,0,0,0,12,12,6702,4722
compact51__paper_roles,2019-06-09 13:00:00,18.1213119355,59.3014706909,0,0,0,12,12,5217,4414
compact51__paper_roles,2019-06-09 14:00:00,13.3652778841,50.1056785382,0,0,0,13,12,1597,2698
compact51__paper_roles,2019-06-09 15:00:00,13.1116693122,47.7833572985,0,0,0,12,12,1445,2080
compact51__paper_roles,2019-06-09 16:00:00,13.3225028153,47.0616363852,0,0,0,12,12,1573,1887
compact51__paper_roles,2019-06-09 17:00:00,15.2493443495,93.27039292,0,0,0,12,12,3025,6017
compact51__paper_roles,2019-06-09 18:00:00,15.2688727776,54.213406073,0,0,0,12,12,3034,3654
compact51__paper_roles,2019-06-09 19:00:00,17.2254156341,95.3311321755,0,0,0,14,13,4551,6083
compact51__paper_roles,2019-06-09 20:00:00,16.9077425375,66.6676983444,0,0,0,11,11,4297,4986
compact51__paper_roles,2019-06-09 21:00:00,16.5200371967,31.9942946002,0,0,0,12,12,4019,54
compact51__paper_roles,2019-06-09 22:00:00,15.075863195,42.1150850182,0,0,0,12,12,2874,823
compact51__paper_roles,2019-06-09 23:00:00,13.014533073,50.1616006479,0,0,0,12,12,1376,2711
compact51__paper_roles,2019-06-10 00:00:00,15.6991938991,72.7121129129,0,0,0,12,12,3368,5250
compact51__paper_roles,2019-06-10 01:00:00,13.218269876,53.7514232754,0,0,0,12,12,1511,3565
compact51__paper_roles,2019-06-10 02:00:00,14.5900689217,55.648460485,0,0,0,12,12,2485,3914
compact51__paper_roles,2019-06-10 03:00:00,15.2046849781,57.0979848853,0,0,0,12,12,2978,4143
compact51__paper_roles,2019-06-10 04:00:00,17.1362182798,62.3423545346,0,0,0,12,12,4466,4685
compact51__paper_roles,2019-06-10 05:00:00,20.8478281939,65.0738504488,0,0,0,12,12,6717,4897
compact51__paper_roles,2019-06-10 06:00:00,25.2711227384,59.2117824267,0,0,0,12,12,8014,4395
compact51__paper_roles,2019-06-10 07:00:00,26.9293342071,102.670325663,0,0,0,13,13,8275,6275
compact51__paper_roles,2019-06-10 08:00:00,20.8057774199,340.22493267,0,0,0,12,12,6692,8032
compact51__paper_roles,2019-06-10 09:00:00,19.6566030503,2469.15537093,0,0,0,12,12,6179,8651
compact51__paper_roles,2019-06-10 10:00:00,18.4163239084,5375.92341025,1,0,0,12,12,5406,8715
compact51__paper_roles,2019-06-10 11:00:00,17.6851814242,334.353956036,1,0,0,12,12,4894,8019
compact51__paper_roles,2019-06-10 12:00:00,16.1874517625,309.898792362,0,0,0,12,12,3761,7955
compact51__paper_roles,2019-06-10 13:00:00,17.0259169115,1387.50072704,0,0,0,14,14,4394,8559
compact51__paper_roles,2019-06-10 14:00:00,19.3146151631,398.368665063,1,0,0,10,10,5988,8136
compact51__paper_roles,2019-06-10 15:00:00,19.1123193254,264.886969581,1,0,0,12,12,5874,7808
compact51__paper_roles,2019-06-10 16:00:00,15.5747008607,357.281864077,0,0,0,12,12,3258,8076
compact51__paper_roles,2019-06-10 17:00:00,16.792579251,213.643847819,0,0,0,12,12,4217,7566
compact51__paper_roles,2019-06-10 18:00:00,19.2260801449,286.324658841,0,0,0,12,12,5937,7890
compact51__paper_roles,2019-06-10 19:00:00,15.4873237101,138.859656194,0,0,0,12,12,3175,6918
compact51__paper_roles,2019-06-10 20:00:00,16.2991412623,122.44204218,0,0,0,12,12,3841,6671
compact51__paper_roles,2019-06-10 21:00:00,19.0626805938,100.073097502,0,0,0,12,12,5840,6212
compact51__paper_roles,2019-06-10 22:00:00,18.7593112376,235.725657271,0,0,0,12,12,5639,7691
compact51__paper_roles,2019-06-10 23:00:00,21.426547391,258.599449022,0,0,0,12,12,6977,7794
compact51__paper_roles,2019-06-11 00:00:00,18.4871320365,288.375796517,0,0,0,12,12,5445,7900
compact51__paper_roles,2019-06-11 01:00:00,16.2747358279,138.350583081,0,0,0,12,12,3828,6910
compact51__paper_roles,2019-06-11 02:00:00,18.7965152925,199.947873279,0,0,0,12,12,5661,7487
compact51__paper_roles,2019-06-11 03:00:00,14.9552690371,145.995318699,0,0,0,12,12,2774,7007
compact51__paper_roles,2019-06-11 04:00:00,17.647935227,650.366347164,0,0,0,12,12,4863,8364
compact51__paper_roles,2019-06-11 05:00:00,18.4018231016,391.82808054,0,0,0,12,12,5397,8128
compact51__paper_roles,2019-06-11 06:00:00,17.7199610184,523.069243225,0,0,0,12,12,4918,8277
compact51__paper_roles,2019-06-11 07:00:00,23.0197953526,284.333427888,0,0,0,12,12,7501,7881
compact51__paper_roles,2019-06-11 08:00:00,23.4146939897,218.986541663,0,0,0,13,13,7608,7598
compact51__paper_roles,2019-06-11 09:00:00,22.5652245238,210.6811619,0,0,0,12,12,7376,7553
compact51__paper_roles,2019-06-11 10:00:00,20.7114205776,141.74035039,0,0,0,12,12,6650,6956
compact51__paper_roles,2019-06-11 11:00:00,19.8012605661,146.167811339,0,0,0,7,7,6253,7012
compact51__paper_roles,2019-06-11 12:00:00,16.4754297752,121.464064849,0,0,0,11,11,3984,6652
compact51__paper_roles,2019-06-11 13:00:00,17.3376486421,117.834210942,0,0,0,11,11,4637,6573
compact51__paper_roles,2019-06-11 14:00:00,16.4067019424,125.329936616,0,0,0,12,12,3919,6720
compact51__paper_roles,2019-06-11 15:00:00,11.188381995,40.5157028058,0,0,0,12,12,421,582
compact51__paper_roles,2019-06-11 16:00:00,13.9421528107,55.1178869809,0,0,0,12,12,1991,3815
compact51__paper_roles,2019-06-11 17:00:00,12.9281666119,50.8373732089,0,0,0,12,12,1313,2890
compact51__paper_roles,2019-06-11 18:00:00,22.7083651426,101.574530375,0,0,0,12,12,7419,6251
compact51__paper_roles,2019-06-11 19:00:00,16.9519425297,64.7895616408,0,0,0,14,14,4326,4875
compact51__paper_roles,2019-06-11 20:00:00,23.1551223636,48.3392954067,0,0,0,12,12,7540,2258
compact51__paper_roles,2019-06-11 21:00:00,17.8126148005,59.7674855499,0,0,0,12,12,4981,4463
compact51__paper_roles,2019-06-11 22:00:00,19.5320405958,55.7556645422,0,0,0,13,13,6115,3940
compact51__paper_roles,2019-06-11 23:00:00,17.7071560016,47.162618123,0,0,0,12,12,4911,1921
compact51__paper_roles,2019-06-12 00:00:00,13.9102019365,43.5950968189,0,0,0,12,12,1965,1080
compact51__paper_roles,2019-06-12 01:00:00,13.7679732223,44.2896337699,0,0,0,12,12,1866,1223
compact51__paper_roles,2019-06-12 02:00:00,15.2040751414,56.005316669,0,0,0,12,12,2976,3978
compact51__paper_roles,2019-06-12 03:00:00,15.8135043692,56.3349847758,0,0,0,12,12,3454,4030
compact51__paper_roles,2019-06-12 04:00:00,17.2198364814,54.0559182926,0,0,0,12,12,4545,3624
compact51__paper_roles,2019-06-12 05:00:00,16.9611659379,45.2500968726,0,0,0,12,12,4339,1431
compact51__paper_roles,2019-06-12 06:00:00,20.3423500652,57.3963365284,0,0,0,12,12,6501,4184
compact51__paper_roles,2019-06-12 07:00:00,29.6540160198,66.6762318669,0,0,0,13,12,8491,4988
compact51__paper_roles,2019-06-12 08:00:00,21.0533836155,69.4983680329,0,0,0,12,12,6808,5119
compact51__paper_roles,2019-06-12 09:00:00,18.5476384049,77.9495834975,0,0,0,12,12,5486,5476
compact51__paper_roles,2019-06-12 10:00:00,20.6979872422,96.7734280017,0,0,0,12,12,6646,6129
compact51__paper_roles,2019-06-12 11:00:00,20.9578484055,128.254865401,0,0,0,9,9,6770,6775
compact51__paper_roles,2019-06-12 12:00:00,18.6025842764,99.8938613231,0,0,0,9,9,5528,6210
compact51__paper_roles,2019-06-12 13:00:00,19.1618321198,93.7364948533,0,0,0,11,11,5903,6033
compact51__paper_roles,2019-06-12 14:00:00,20.7748882032,95.170310695,0,0,0,11,11,6677,6081
compact51__paper_roles,2019-06-12 15:00:00,22.4730655822,144.349489736,0,0,0,13,12,7348,6988
compact51__paper_roles,2019-06-12 16:00:00,24.5929423703,199.199415739,0,0,0,13,12,7869,7482
compact51__paper_roles,2019-06-12 17:00:00,23.1247498863,159.037754017,0,0,0,12,12,7535,7160
compact51__paper_roles,2019-06-12 18:00:00,21.272163821,88.6605576238,0,0,0,12,12,6909,5862
compact51__paper_roles,2019-06-12 19:00:00,17.0580983329,50.7222895243,0,0,0,12,12,4410,2858
compact51__paper_roles,2019-06-12 20:00:00,17.2651201612,54.8376567954,0,0,0,12,12,4588,3760
compact51__paper_roles,2019-06-12 21:00:00,20.9231535563,49.3597572356,0,0,0,12,12,6752,2499
compact51__paper_roles,2019-06-12 22:00:00,16.6400126361,55.6658656378,0,0,0,12,12,4108,3922
compact51__paper_roles,2019-06-12 23:00:00,15.3818059236,45.5416917049,0,0,0,12,12,3114,1502
compact51__paper_roles,2019-06-13 00:00:00,15.5624055567,41.759810536,0,0,0,12,12,3241,775
compact51__paper_roles,2019-06-13 01:00:00,15.32752708,41.503709661,0,0,0,12,12,3085,724
compact51__paper_roles,2019-06-13 02:00:00,14.9487250991,42.2688582741,0,0,0,12,12,2772,849
compact51__paper_roles,2019-06-13 03:00:00,16.4293628336,55.0399315511,0,0,0,12,12,3945,3797
compact51__paper_roles,2019-06-13 04:00:00,16.2538307088,48.6708868433,0,0,0,12,12,3813,2339
compact51__paper_roles,2019-06-13 05:00:00,19.8012419388,75.1635968423,0,0,0,12,12,6252,5363
compact51__paper_roles,2019-06-13 06:00:00,15.3063158409,43.55002954,0,0,0,12,12,3068,1070
compact51__paper_roles,2019-06-13 07:00:00,16.0040035033,43.4778124101,0,0,0,12,12,3607,1052
compact51__paper_roles,2019-06-13 08:00:00,15.8239818446,50.7322438552,0,0,0,12,12,3459,2860
compact51__paper_roles,2019-06-13 09:00:00,15.8910244206,42.5051618938,0,0,0,12,12,3529,896
compact51__paper_roles,2019-06-13 10:00:00,15.2447234774,41.8044094725,0,0,0,12,12,3016,776
compact51__paper_roles,2019-06-13 11:00:00,15.5132410211,58.5257069026,0,0,0,12,12,3204,4317
compact51__paper_roles,2019-06-13 12:00:00,14.9642555501,59.7652723802,0,0,0,12,12,2781,4461
compact51__paper_roles,2019-06-13 13:00:00,15.9682021546,88.528262134,0,0,0,12,12,3581,5858
compact51__paper_roles,2019-06-13 14:00:00,17.5778781273,111.487765472,0,0,0,12,12,4808,6461
compact51__paper_roles,2019-06-13 15:00:00,20.1455552943,80.5251374162,0,0,0,12,12,6416,5572
compact51__paper_roles,2019-06-13 16:00:00,18.2905443795,74.2004376934,0,0,0,12,12,5316,5319
compact51__paper_roles,2019-06-13 17:00:00,18.9378606937,69.7545258593,0,0,0,12,12,5749,5131
compact51__paper_roles,2019-06-13 18:00:00,16.5777315768,43.1185509457,0,0,0,12,12,4056,994
compact51__paper_roles,2019-06-13 19:00:00,13.5511035374,44.2554964204,0,0,0,12,12,1710,1216
compact51__paper_roles,2019-06-13 20:00:00,18.6234763044,44.100660357,0,0,0,12,12,5543,1180
compact51__paper_roles,2019-06-13 21:00:00,16.8173878452,46.5492163271,0,0,0,12,12,4234,1736
compact51__paper_roles,2019-06-13 22:00:00,14.8786685923,53.8100963255,0,0,0,13,13,2716,3573
compact51__paper_roles,2019-06-13 23:00:00,16.8873872375,63.8260224473,0,0,0,12,12,4285,4798
compact51__paper_roles,2019-06-14 00:00:00,17.5044325888,57.1992120537,0,0,0,13,13,4758,4157
compact51__paper_roles,2019-06-14 01:00:00,12.84797665,39.8074949894,0,0,0,12,12,1267,490
compact51__paper_roles,2019-06-14 02:00:00,14.7318650702,50.7411009014,0,0,0,12,12,2597,2863
compact51__paper_roles,2019-06-14 03:00:00,15.1346638588,50.7760159238,0,0,0,12,12,2918,2873
compact51__paper_roles,2019-06-14 04:00:00,15.4932299122,56.5106751387,0,0,0,12,12,3179,4062
compact51__paper_roles,2019-06-14 05:00:00,22.4405258608,104.769089848,0,0,0,12,12,7339,6331
compact51__paper_roles,2019-06-14 06:00:00,25.251162409,216.128917748,0,0,0,13,12,8008,7582
compact51__paper_roles,2019-06-14 07:00:00,26.7671611084,169.751609129,0,0,0,12,12,8258,7265
compact51__paper_roles,2019-06-14 08:00:00,26.5338066563,225.489056013,0,0,0,12,12,8220,7634
compact51__paper_roles,2019-06-14 09:00:00,25.1913441108,215.131598667,0,0,0,13,13,7993,7573
compact51__paper_roles,2019-06-14 10:00:00,21.378900181,232.274526789,0,0,0,12,12,6953,7670
compact51__paper_roles,2019-06-14 11:00:00,24.5516703744,307.210540253,0,0,0,12,12,7864,7950
compact51__paper_roles,2019-06-14 12:00:00,25.3583507143,320.33739845,0,0,0,12,12,8032,7985
compact51__paper_roles,2019-06-14 13:00:00,23.5450140766,512.044081458,0,0,0,12,12,7634,8264
compact51__paper_roles,2019-06-14 14:00:00,26.7258751448,358.766873166,0,0,0,12,12,8248,8081
compact51__paper_roles,2019-06-14 15:00:00,30.6234595391,342.976979592,0,0,0,12,12,8549,8041
compact51__paper_roles,2019-06-14 16:00:00,31.7018242075,424.022293753,0,0,0,12,12,8588,8160
compact51__paper_roles,2019-06-14 17:00:00,26.4279467096,275.762940115,0,0,0,12,12,8206,7843
compact51__paper_roles,2019-06-14 18:00:00,25.4166895831,260.568325471,0,0,0,12,12,8044,7799
compact51__paper_roles,2019-06-14 19:00:00,21.3906532252,191.018557868,0,0,0,12,12,6956,7422
compact51__paper_roles,2019-06-14 20:00:00,23.3594686147,221.025492979,0,0,0,12,12,7597,7608
compact51__paper_roles,2019-06-14 21:00:00,20.9697576503,214.315274157,0,0,0,12,12,6776,7570
compact51__paper_roles,2019-06-14 22:00:00,23.7250239334,196.171464279,0,0,0,12,12,7682,7459
compact51__paper_roles,2019-06-14 23:00:00,20.0799362435,147.644293873,0,0,0,12,12,6389,7028
compact51__paper_roles,2019-06-15 00:00:00,12.790940464,57.7334991439,0,0,0,12,12,1229,4225
compact51__paper_roles,2019-06-15 01:00:00,14.3763211159,42.8096769591,0,0,0,12,12,2318,942
compact51__paper_roles,2019-06-15 02:00:00,14.9425426855,63.0945371956,0,0,0,12,12,2766,4743
compact51__paper_roles,2019-06-15 03:00:00,16.3209759673,78.0489909648,0,0,0,12,12,3858,5479
compact51__paper_roles,2019-06-15 04:00:00,16.1991033705,73.2242374351,0,0,0,12,12,3770,5269
compact51__paper_roles,2019-06-15 05:00:00,17.8657670644,85.2702513311,0,0,0,12,12,5017,5761
compact51__paper_roles,2019-06-15 06:00:00,12.7655781123,101.849228082,0,0,0,12,12,1209,6259
compact51__paper_roles,2019-06-15 07:00:00,13.982989948,73.7423937512,0,0,0,12,12,2014,5299
compact51__paper_roles,2019-06-15 08:00:00,14.2475973705,85.9211011069,0,0,0,12,12,2210,5787
compact51__paper_roles,2019-06-15 09:00:00,14.217839389,95.9876746019,0,0,0,12,12,2188,6109
compact51__paper_roles,2019-06-15 10:00:00,16.6945720515,137.421984107,0,0,0,12,12,4145,6902
compact51__paper_roles,2019-06-15 11:00:00,17.2160431063,153.270527029,0,0,0,12,12,4543,7095
compact51__paper_roles,2019-06-15 12:00:00,17.2334243747,151.718391589,0,0,0,12,12,4557,7073
compact51__paper_roles,2019-06-15 13:00:00,14.3075357602,89.1842269612,0,0,0,12,12,2273,5882
compact51__paper_roles,2019-06-15 14:00:00,16.9874737388,98.2083765331,0,0,0,12,12,4354,6161
compact51__paper_roles,2019-06-15 15:00:00,17.2596816324,104.620255243,0,0,0,12,12,4583,6328
compact51__paper_roles,2019-06-15 16:00:00,18.9407545872,102.914870567,0,0,0,12,12,5750,6280
compact51__paper_roles,2019-06-15 17:00:00,18.1968621291,82.6029306585,0,0,0,12,12,5255,5652
compact51__paper_roles,2019-06-15 18:00:00,19.1358235339,92.76772335,0,0,0,12,12,5888,6001
compact51__paper_roles,2019-06-15 19:00:00,19.9197661247,114.180653585,0,0,0,12,12,6310,6511
compact51__paper_roles,2019-06-15 20:00:00,19.0904945904,79.6646003945,0,0,0,12,12,5862,5544
compact51__paper_roles,2019-06-15 21:00:00,18.3047287037,55.0935224869,0,0,0,12,12,5320,3809
compact51__paper_roles,2019-06-15 22:00:00,15.2882349541,64.7412001721,0,0,0,12,12,3053,4869
compact51__paper_roles,2019-06-15 23:00:00,17.1907015062,67.200433645,0,0,0,12,12,4516,5012
compact51__paper_roles,2019-06-16 00:00:00,14.5834059459,47.5137459058,0,0,0,12,12,2480,2015
compact51__paper_roles,2019-06-16 01:00:00,14.1800269692,58.5007384664,0,0,0,12,12,2159,4309
compact51__paper_roles,2019-06-16 02:00:00,19.734158201,80.6482341263,0,0,0,12,12,6216,5578
compact51__paper_roles,2019-06-16 03:00:00,16.9591036504,40.1198386693,0,0,0,12,12,4334,523
compact51__paper_roles,2019-06-16 04:00:00,22.204809638,52.5918709572,0,0,0,12,12,7258,3305
compact51__paper_roles,2019-06-16 05:00:00,16.6138838745,47.1379129263,0,0,0,12,12,4081,1911
compact51__paper_roles,2019-06-16 06:00:00,15.0200664457,46.8465692281,0,0,0,12,12,2836,1820
compact51__paper_roles,2019-06-16 07:00:00,14.0889209881,47.2163354337,0,0,0,12,12,2088,1935
compact51__paper_roles,2019-06-16 08:00:00,17.6461976867,55.3601274558,0,0,0,12,12,4862,3857
compact51__paper_roles,2019-06-16 09:00:00,17.1444779585,49.3594625308,0,0,0,12,12,4469,2498
compact51__paper_roles,2019-06-16 10:00:00,14.9752373206,71.3058453904,0,0,0,12,12,2796,5201
compact51__paper_roles,2019-06-16 11:00:00,14.2817069668,48.4660839279,0,0,0,12,12,2241,2294
compact51__paper_roles,2019-06-16 12:00:00,17.0946086787,83.0487999614,0,0,0,12,12,4440,5671
compact51__paper_roles,2019-06-16 13:00:00,14.3044690751,49.6208453536,0,0,0,12,12,2268,2577
compact51__paper_roles,2019-06-16 14:00:00,12.5923594312,49.6081039136,0,0,0,12,12,1125,2574
compact51__paper_roles,2019-06-16 15:00:00,15.4049417404,69.6410783377,0,0,0,12,12,3126,5127
compact51__paper_roles,2019-06-16 16:00:00,19.6284170635,94.547032054,0,0,0,12,12,6161,6058
compact51__paper_roles,2019-06-16 17:00:00,16.0846416265,57.3662107194,0,0,0,12,12,3670,4182
compact51__paper_roles,2019-06-16 18:00:00,11.7133603335,59.0339421436,0,0,0,12,12,636,4374
compact51__paper_roles,2019-06-16 19:00:00,14.7554704846,89.1941316535,0,0,0,12,12,2617,5883
compact51__paper_roles,2019-06-16 20:00:00,15.1740936007,94.3912209539,0,0,0,12,12,2953,6055
compact51__paper_roles,2019-06-16 21:00:00,18.6005159888,106.206777362,0,0,0,12,12,5526,6360
compact51__paper_roles,2019-06-16 22:00:00,16.175159151,101.486164889,0,0,0,12,12,3748,6248
compact51__paper_roles,2019-06-16 23:00:00,18.2146647436,99.7073789565,0,0,0,13,13,5270,6201
compact51__paper_roles,2019-06-17 00:00:00,16.4167530472,44.204199478,0,0,0,12,12,3928,1207
compact51__paper_roles,2019-06-17 01:00:00,13.6403493383,46.2980224327,0,0,0,12,12,1776,1668
compact51__paper_roles,2019-06-17 02:00:00,14.4914831712,50.7170461413,0,0,0,12,12,2406,2856
compact51__paper_roles,2019-06-17 03:00:00,17.1584908248,65.2898254832,0,0,0,12,12,4484,4912
compact51__paper_roles,2019-06-17 04:00:00,17.4926456286,69.2804189131,0,0,0,12,12,4749,5109
compact51__paper_roles,2019-06-17 05:00:00,20.306254848,129.309399337,0,0,0,12,12,6484,6794
compact51__paper_roles,2019-06-17 06:00:00,19.3205442497,105.499173674,0,0,0,12,12,5992,6349
compact51__paper_roles,2019-06-17 07:00:00,20.5693843797,221.266036577,0,0,0,12,12,6595,7610
compact51__paper_roles,2019-06-17 08:00:00,14.4505803107,197.147831445,0,0,0,12,12,2373,7468
compact51__paper_roles,2019-06-17 09:00:00,13.3116043338,258.120056195,0,0,0,12,12,1567,7790
compact51__paper_roles,2019-06-17 10:00:00,12.1188031007,394.972708198,0,0,0,12,12,844,8131
compact51__paper_roles,2019-06-17 11:00:00,10.6366856223,93.5417949255,0,0,0,12,12,260,6026
compact51__paper_roles,2019-06-17 12:00:00,10.2961606805,43.524218896,0,0,0,12,12,194,1064
compact51__paper_roles,2019-06-17 13:00:00,9.9106607787,52.9848370667,0,0,0,12,12,121,3397
compact51__paper_roles,2019-06-17 14:00:00,11.5425582503,134.910486334,0,0,0,12,12,574,6870
compact51__paper_roles,2019-06-17 15:00:00,13.160729892,163.521621661,0,0,0,12,12,1474,7207
compact51__paper_roles,2019-06-17 16:00:00,13.9279944238,245.606992584,0,0,0,12,12,1983,7738
compact51__paper_roles,2019-06-17 17:00:00,11.0879901749,96.532960219,0,0,0,12,12,389,6125
compact51__paper_roles,2019-06-17 18:00:00,11.8516828991,55.6867120076,0,0,0,12,12,694,3930
compact51__paper_roles,2019-06-17 19:00:00,10.4140750833,38.444449028,0,0,0,12,12,212,345
compact51__paper_roles,2019-06-17 20:00:00,13.7513093361,40.6921351988,0,0,0,12,12,1850,608
compact51__paper_roles,2019-06-17 21:00:00,17.8429459824,35.3861013666,0,0,0,12,12,5005,155
compact51__paper_roles,2019-06-17 22:00:00,18.3885197954,94.0911075714,0,0,0,12,12,5386,6045
compact51__paper_roles,2019-06-17 23:00:00,23.7279116564,124.901785872,0,0,0,12,12,7684,6714
compact51__paper_roles,2019-06-18 00:00:00,17.1510483718,113.19942904,0,0,0,12,12,4474,6497
compact51__paper_roles,2019-06-18 01:00:00,19.3845454971,162.742893131,0,0,0,12,12,6033,7196
compact51__paper_roles,2019-06-18 02:00:00,16.2604127973,141.701163687,0,0,0,12,12,3819,6955
compact51__paper_roles,2019-06-18 03:00:00,14.7659794159,95.9101309237,0,0,0,12,12,2624,6106
compact51__paper_roles,2019-06-18 04:00:00,20.079375028,143.540730813,0,0,0,12,12,6388,6982
compact51__paper_roles,2019-06-18 05:00:00,24.7540969553,103.442835887,0,0,0,12,12,7900,6298
compact51__paper_roles,2019-06-18 06:00:00,19.9666970872,168.951247666,0,0,0,13,13,6333,7252
compact51__paper_roles,2019-06-18 07:00:00,12.1948439619,52.6574870112,0,0,0,12,12,888,3322
compact51__paper_roles,2019-06-18 08:00:00,12.8815636132,113.141015715,0,0,0,12,12,1289,6496
compact51__paper_roles,2019-06-18 09:00:00,10.2101313625,75.4538181626,0,0,0,12,12,173,5374
compact51__paper_roles,2019-06-18 10:00:00,10.2795864016,44.2456036025,0,0,0,12,12,191,1213
compact51__paper_roles,2019-06-18 11:00:00,11.2934586259,42.3064461751,0,0,0,12,12,461,858
compact51__paper_roles,2019-06-18 12:00:00,15.1088177018,46.9871982555,0,0,0,12,11,2901,1866
compact51__paper_roles,2019-06-18 13:00:00,11.9851092244,67.5103555717,0,0,0,12,12,774,5032
compact51__paper_roles,2019-06-18 14:00:00,9.62529297753,44.5389716526,0,0,0,12,12,78,1276
compact51__paper_roles,2019-06-18 15:00:00,12.5884155879,42.2681751773,0,0,0,12,12,1121,848
compact51__paper_roles,2019-06-18 16:00:00,13.4056839604,53.8735001899,0,0,0,12,12,1622,3585
compact51__paper_roles,2019-06-18 17:00:00,14.4203365255,46.4329615573,0,0,0,14,14,2352,1703
compact51__paper_roles,2019-06-18 18:00:00,16.2139228535,47.5370643303,0,0,0,11,11,3785,2023
compact51__paper_roles,2019-06-18 19:00:00,19.2058109905,77.8689232068,0,0,0,12,12,5924,5472
compact51__paper_roles,2019-06-18 20:00:00,21.5337791184,101.658709736,1,0,0,12,12,7028,6253
compact51__paper_roles,2019-06-18 21:00:00,25.7366019255,95.3294719116,0,0,0,12,12,8084,6082
compact51__paper_roles,2019-06-18 22:00:00,22.4845519322,62.7668521141,0,0,0,12,12,7351,4719
compact51__paper_roles,2019-06-18 23:00:00,21.399172,39.3777428131,0,0,0,12,12,6963,440
compact51__paper_roles,2019-06-19 00:00:00,14.0766930909,40.6424740598,0,0,0,12,12,2077,599
compact51__paper_roles,2019-06-19 01:00:00,10.6381686187,39.304441885,0,0,0,12,12,261,429
compact51__paper_roles,2019-06-19 02:00:00,10.7737379902,41.65185993,0,0,0,12,12,295,754
compact51__paper_roles,2019-06-19 03:00:00,10.2083210028,41.3640028048,0,0,0,12,12,172,707
compact51__paper_roles,2019-06-19 04:00:00,12.0609657511,40.6424137786,0,0,0,12,12,815,598
compact51__paper_roles,2019-06-19 05:00:00,18.2802468799,43.4673333105,0,0,0,12,12,5311,1051
compact51__paper_roles,2019-06-19 06:00:00,19.0728551668,57.8914394795,0,0,0,14,14,5850,4247
compact51__paper_roles,2019-06-19 07:00:00,11.1626388178,50.3858591883,0,0,0,12,12,417,2773
compact51__paper_roles,2019-06-19 08:00:00,11.7618626565,49.9572541153,0,0,0,12,12,648,2656
compact51__paper_roles,2019-06-19 09:00:00,9.63696220461,45.2714351787,0,0,0,12,12,80,1437
compact51__paper_roles,2019-06-19 10:00:00,13.6883116975,56.6694036593,0,0,0,14,13,1808,4088
compact51__paper_roles,2019-06-19 11:00:00,13.0663700204,48.2938693782,0,0,0,11,11,1410,2237
compact51__paper_roles,2019-06-19 12:00:00,16.6717963115,49.1927099061,0,0,0,12,12,4129,2462
compact51__paper_roles,2019-06-19 13:00:00,17.3832175195,66.1009245211,0,0,0,12,12,4673,4956
compact51__paper_roles,2019-06-19 14:00:00,16.3133593455,46.9472639441,0,0,0,12,12,3849,1851
compact51__paper_roles,2019-06-19 15:00:00,15.1457832514,45.7975137702,0,0,0,12,12,2934,1561
compact51__paper_roles,2019-06-19 16:00:00,17.8398810345,63.0321585131,0,0,0,12,12,5002,4737
compact51__paper_roles,2019-06-19 17:00:00,17.9718677202,38.81762959,0,0,0,12,12,5111,378
compact51__paper_roles,2019-06-19 18:00:00,17.9488610865,59.1285907487,0,0,0,12,12,5089,4385
compact51__paper_roles,2019-06-19 19:00:00,13.262689571,33.9909584158,0,0,0,12,12,1534,100
compact51__paper_roles,2019-06-19 20:00:00,14.4978644144,35.0730306463,0,0,0,13,13,2414,138
compact51__paper_roles,2019-06-19 21:00:00,17.2118215794,35.2947778219,0,0,0,12,12,4539,150
compact51__paper_roles,2019-06-19 22:00:00,15.5229240145,32.8627769,0,0,0,12,12,3210,75
compact51__paper_roles,2019-06-19 23:00:00,23.6727670962,40.3183970575,0,0,0,12,12,7667,551
compact51__paper_roles,2019-06-20 00:00:00,16.2519082042,44.395492471,0,0,0,12,12,3810,1246
compact51__paper_roles,2019-06-20 01:00:00,12.7169888245,41.8129797006,0,0,0,12,12,1184,777
compact51__paper_roles,2019-06-20 02:00:00,12.8491825965,45.1151367704,0,0,0,12,12,1268,1395
compact51__paper_roles,2019-06-20 03:00:00,14.1009263911,46.5785475297,0,0,0,12,12,2101,1746
compact51__paper_roles,2019-06-20 04:00:00,15.3936629097,46.9587250218,0,0,0,12,12,3118,1856
compact51__paper_roles,2019-06-20 05:00:00,22.7960338825,51.0678852256,0,0,0,12,12,7445,2946
compact51__paper_roles,2019-06-20 06:00:00,19.4086755808,51.423959647,0,0,0,12,12,6046,3028
compact51__paper_roles,2019-06-20 07:00:00,14.7734775819,46.7977688049,0,0,0,12,12,2630,1814
compact51__paper_roles,2019-06-20 08:00:00,10.4137542535,41.6084588835,0,0,0,12,12,211,745
compact51__paper_roles,2019-06-20 09:00:00,11.0661206541,42.4946056688,0,0,0,12,12,377,890
compact51__paper_roles,2019-06-20 10:00:00,13.0028413657,68.5597548041,0,0,0,13,12,1369,5085
compact51__paper_roles,2019-06-20 11:00:00,12.1785810123,73.2011811726,0,0,0,12,12,877,5267
compact51__paper_roles,2019-06-20 12:00:00,16.1192039127,199.176786734,0,0,0,13,13,3701,7481
compact51__paper_roles,2019-06-20 13:00:00,14.9318951621,118.262501305,0,0,0,12,12,2755,6580
compact51__paper_roles,2019-06-20 14:00:00,16.4311688493,121.18269812,0,0,0,12,12,3950,6646
compact51__paper_roles,2019-06-20 15:00:00,19.9091518379,119.77114122,0,0,0,12,12,6305,6604
compact51__paper_roles,2019-06-20 16:00:00,16.1368014395,62.4470345657,0,0,0,12,12,3715,4694
compact51__paper_roles,2019-06-20 17:00:00,16.3520738977,58.5607965494,0,0,0,12,12,3888,4322
compact51__paper_roles,2019-06-20 18:00:00,17.5840915125,51.4021027899,0,0,0,12,12,4813,3023
compact51__paper_roles,2019-06-20 19:00:00,18.1991789876,47.252101514,0,0,0,12,12,5257,1944
compact51__paper_roles,2019-06-20 20:00:00,21.7692427773,42.5038804596,0,0,0,12,12,7112,895
compact51__paper_roles,2019-06-20 21:00:00,20.9347887481,37.649219943,0,0,0,13,13,6760,283
compact51__paper_roles,2019-06-20 22:00:00,13.8104983802,41.9276832266,0,0,0,12,12,1895,795
compact51__paper_roles,2019-06-20 23:00:00,16.8743036839,48.4876641301,0,0,0,12,12,4280,2299
compact51__paper_roles,2019-06-21 00:00:00,16.5242512821,44.1354960015,0,0,0,12,12,4025,1194
compact51__paper_roles,2019-06-21 01:00:00,17.6103846594,43.4872633567,0,0,0,14,14,4837,1055
compact51__paper_roles,2019-06-21 02:00:00,13.907278959,41.8461039742,0,0,0,10,10,1962,783
compact51__paper_roles,2019-06-21 03:00:00,14.4753585956,43.818312094,0,0,0,12,12,2388,1126
compact51__paper_roles,2019-06-21 04:00:00,16.8558699671,44.640107124,0,0,0,12,12,4267,1287
compact51__paper_roles,2019-06-21 05:00:00,18.9813478464,48.4658672721,0,0,0,12,12,5780,2293
compact51__paper_roles,2019-06-21 06:00:00,17.2507523855,51.0472102113,0,0,0,13,13,4576,2940
compact51__paper_roles,2019-06-21 07:00:00,10.180031437,46.4905711678,0,0,0,12,12,165,1715
compact51__paper_roles,2019-06-21 08:00:00,9.78919422162,45.627130036,0,0,0,12,12,102,1512
compact51__paper_roles,2019-06-21 09:00:00,10.6842425265,47.818449656,0,0,0,12,12,270,2091
compact51__paper_roles,2019-06-21 10:00:00,10.4276227467,43.7345504435,0,0,0,12,12,221,1110
compact51__paper_roles,2019-06-21 11:00:00,12.5111738956,43.8740947664,0,0,0,12,12,1084,1140
compact51__paper_roles,2019-06-21 12:00:00,11.4084575167,47.1445244047,0,0,0,12,12,515,1914
compact51__paper_roles,2019-06-21 13:00:00,11.0677098931,53.319819613,0,0,0,12,12,378,3488
compact51__paper_roles,2019-06-21 14:00:00,13.6196178665,170.993874008,0,0,0,12,12,1761,7277
compact51__paper_roles,2019-06-21 15:00:00,12.4100472526,77.4703886464,0,0,0,12,12,1011,5452
compact51__paper_roles,2019-06-21 16:00:00,11.2452861422,60.9103353287,0,0,0,12,12,445,4570
compact51__paper_roles,2019-06-21 17:00:00,14.577573355,80.6300497147,0,0,0,12,12,2477,5577
compact51__paper_roles,2019-06-21 18:00:00,12.6389327038,43.7983953235,0,0,0,12,12,1149,1124
compact51__paper_roles,2019-06-21 19:00:00,14.9562070194,36.7456473435,0,0,0,12,12,2776,220
compact51__paper_roles,2019-06-21 20:00:00,16.8103720638,37.8101605019,0,0,0,12,12,4229,291
compact51__paper_roles,2019-06-21 21:00:00,18.0698831817,37.2613558951,0,0,0,12,12,5166,261
compact51__paper_roles,2019-06-21 22:00:00,17.4824046668,48.0325602082,0,0,0,12,12,4744,2151
compact51__paper_roles,2019-06-21 23:00:00,21.4256709835,93.6603897523,0,0,0,12,12,6976,6030
compact51__paper_roles,2019-06-22 00:00:00,19.1983193689,73.6578889714,0,0,0,12,12,5919,5289
compact51__paper_roles,2019-06-22 01:00:00,14.3344960597,48.3272367057,0,0,0,12,12,2287,2254
compact51__paper_roles,2019-06-22 02:00:00,16.1200174491,46.961559954,0,0,0,12,12,3702,1858
compact51__paper_roles,2019-06-22 03:00:00,14.604132925,44.2334179469,0,0,0,12,12,2495,1210
compact51__paper_roles,2019-06-22 04:00:00,15.3999039381,44.2392204788,0,0,0,12,12,3123,1212
compact51__paper_roles,2019-06-22 05:00:00,14.9069949288,45.3203868126,0,0,0,12,12,2737,1449
compact51__paper_roles,2019-06-22 06:00:00,15.3495557998,52.2422582738,0,0,0,12,12,3097,3228
compact51__paper_roles,2019-06-22 07:00:00,14.3972204951,50.8143831995,0,0,0,12,12,2334,2882
compact51__paper_roles,2019-06-22 08:00:00,13.8399737938,46.4961679012,0,0,0,12,12,1915,1720
compact51__paper_roles,2019-06-22 09:00:00,15.1016037435,72.4351978246,0,0,0,12,12,2894,5246
compact51__paper_roles,2019-06-22 10:00:00,15.0833037731,49.1798083538,0,0,0,12,12,2880,2459
compact51__paper_roles,2019-06-22 11:00:00,14.4907951208,80.7222162122,0,0,0,12,12,2404,5582
compact51__paper_roles,2019-06-22 12:00:00,12.0073052374,45.9601380626,0,0,0,12,12,786,1606
compact51__paper_roles,2019-06-22 13:00:00,9.9254694603,47.1920914657,0,0,0,12,12,127,1928
compact51__paper_roles,2019-06-22 14:00:00,10.898757319,46.3519624306,0,0,0,12,12,330,1675
compact51__paper_roles,2019-06-22 15:00:00,8.89808341919,45.4117113652,0,0,0,12,12,29,1467
compact51__paper_roles,2019-06-22 16:00:00,11.1893568672,44.1262904697,0,0,0,12,12,422,1192
compact51__paper_roles,2019-06-22 17:00:00,11.5802938853,40.3899794966,0,0,0,12,12,587,561
compact51__paper_roles,2019-06-22 18:00:00,11.8734709959,42.4982806932,0,0,0,12,12,707,891
compact51__paper_roles,2019-06-22 19:00:00,15.1411604427,43.3614317733,0,0,0,12,12,2929,1033
compact51__paper_roles,2019-06-22 20:00:00,14.4673688383,41.2629835636,0,0,0,12,12,2382,691
compact51__paper_roles,2019-06-22 21:00:00,16.9590392675,60.1761980906,0,0,0,13,12,4333,4508
compact51__paper_roles,2019-06-22 22:00:00,13.9115971477,55.9454727779,0,0,0,12,12,1967,3970
compact51__paper_roles,2019-06-22 23:00:00,13.952268047,47.7788979442,0,0,0,12,12,1995,2077
compact51__paper_roles,2019-06-23 00:00:00,14.9172109404,46.6776937398,0,0,0,12,12,2743,1773
compact51__paper_roles,2019-06-23 01:00:00,11.3936714878,46.5046734945,0,0,0,12,12,505,1724
compact51__paper_roles,2019-06-23 02:00:00,12.7370494015,51.7951575597,0,0,0,12,12,1198,3125
compact51__paper_roles,2019-06-23 03:00:00,14.909430496,55.4230508408,0,0,0,12,12,2738,3869
compact51__paper_roles,2019-06-23 04:00:00,16.641311735,50.4326975666,0,0,0,12,12,4111,2787
compact51__paper_roles,2019-06-23 05:00:00,18.2379270211,52.3064969693,0,0,0,12,12,5285,3243
compact51__paper_roles,2019-06-23 06:00:00,13.645670331,52.7309362121,0,0,0,12,12,1778,3336
compact51__paper_roles,2019-06-23 07:00:00,15.8346416192,58.0615133411,0,0,0,12,12,3472,4265
compact51__paper_roles,2019-06-23 08:00:00,15.406979874,62.4426494665,0,0,0,12,12,3128,4693
compact51__paper_roles,2019-06-23 09:00:00,14.5619824416,58.5740376998,0,0,0,12,12,2460,4324
compact51__paper_roles,2019-06-23 10:00:00,15.6570024859,85.0604244535,0,0,0,12,12,3326,5750
compact51__paper_roles,2019-06-23 11:00:00,14.6967399443,67.3670795111,0,0,0,12,12,2569,5023
compact51__paper_roles,2019-06-23 12:00:00,17.9312661084,103.204799859,0,0,0,12,12,5074,6294
compact51__paper_roles,2019-06-23 13:00:00,17.0149424957,103.666300934,0,0,0,12,12,4387,6306
compact51__paper_roles,2019-06-23 14:00:00,14.7254657611,113.458696928,0,0,0,12,12,2592,6501
compact51__paper_roles,2019-06-23 15:00:00,13.5536286733,73.549690409,0,0,0,12,12,1712,5283
compact51__paper_roles,2019-06-23 16:00:00,13.7024127554,59.682455072,0,0,0,12,12,1816,4451
compact51__paper_roles,2019-06-23 17:00:00,15.2081019034,93.1348478982,0,0,0,12,12,2983,6014
compact51__paper_roles,2019-06-23 18:00:00,11.8656167776,42.5547224203,0,0,0,12,12,701,905
compact51__paper_roles,2019-06-23 19:00:00,14.5936117534,41.6710022502,0,0,0,12,12,2489,758
compact51__paper_roles,2019-06-23 20:00:00,13.0549839567,46.5762763645,0,0,0,12,12,1403,1744
compact51__paper_roles,2019-06-23 21:00:00,19.0712592566,46.6000263449,0,0,0,12,12,5848,1754
compact51__paper_roles,2019-06-23 22:00:00,20.4868682551,108.657826664,0,0,0,12,12,6572,6408
compact51__paper_roles,2019-06-23 23:00:00,20.3770090264,56.6640825451,0,0,0,12,12,6515,4084
compact51__paper_roles,2019-06-24 00:00:00,15.8548420127,54.6473766502,0,0,0,12,12,3494,3731
compact51__paper_roles,2019-06-24 01:00:00,16.9200469503,45.3865804507,0,0,0,12,12,4305,1465
compact51__paper_roles,2019-06-24 02:00:00,13.7654449411,42.6191461087,0,0,0,12,12,1864,911
compact51__paper_roles,2019-06-24 03:00:00,17.662783402,44.4592766925,0,0,0,12,12,4876,1262
compact51__paper_roles,2019-06-24 04:00:00,22.0331556346,47.7549166395,0,0,0,12,12,7195,2071
compact51__paper_roles,2019-06-24 05:00:00,21.8322224846,49.0642470265,0,0,0,12,12,7142,2430
compact51__paper_roles,2019-06-24 06:00:00,23.549148085,58.6465290068,0,0,0,12,12,7635,4332
compact51__paper_roles,2019-06-24 07:00:00,23.3578276547,59.4443478825,0,0,0,12,12,7594,4428
compact51__paper_roles,2019-06-24 08:00:00,16.4754404179,86.2356929836,0,0,0,12,12,3985,5798
compact51__paper_roles,2019-06-24 09:00:00,14.3157732011,67.6964775694,0,0,0,12,12,2276,5045
compact51__paper_roles,2019-06-24 10:00:00,11.1709610098,53.0054067067,0,0,0,13,13,419,3403
compact51__paper_roles,2019-06-24 11:00:00,9.71199898036,51.3621857632,0,0,0,13,12,87,3017
compact51__paper_roles,2019-06-24 12:00:00,10.8371776542,56.7927898335,0,0,0,12,12,309,4105
compact51__paper_roles,2019-06-24 13:00:00,9.83735572983,56.9889796617,0,0,0,12,12,108,4135
compact51__paper_roles,2019-06-24 14:00:00,11.6130054217,51.9614398461,0,0,0,12,12,597,3155
compact51__paper_roles,2019-06-24 15:00:00,12.4376636881,55.0371537454,0,0,0,12,12,1032,3796
compact51__paper_roles,2019-06-24 16:00:00,11.6590781356,55.3561637133,0,0,0,12,12,620,3856
compact51__paper_roles,2019-06-24 17:00:00,12.4294332047,52.6129064089,0,0,0,12,11,1028,3313
compact51__paper_roles,2019-06-24 18:00:00,12.4513807796,50.8818561915,0,0,0,12,12,1042,2902
compact51__paper_roles,2019-06-24 19:00:00,14.967464874,47.9806030894,0,0,0,13,13,2785,2135
compact51__paper_roles,2019-06-24 20:00:00,14.6523788727,83.6377000701,0,0,0,12,12,2541,5696
compact51__paper_roles,2019-06-24 21:00:00,16.3278511577,123.890653695,1,0,0,12,12,3865,6700
compact51__paper_roles,2019-06-24 22:00:00,20.4568525598,56.4251125974,0,0,0,12,12,6560,4046
compact51__paper_roles,2019-06-24 23:00:00,20.4216922041,36.0417148951,0,0,0,12,12,6543,184
compact51__paper_roles,2019-06-25 00:00:00,10.2640357281,38.8301399976,0,0,0,12,12,186,381
compact51__paper_roles,2019-06-25 01:00:00,8.96144951373,32.6923165227,0,0,0,12,12,31,71
compact51__paper_roles,2019-06-25 02:00:00,9.24496524779,37.6427658659,0,0,0,12,12,39,281
compact51__paper_roles,2019-06-25 03:00:00,12.1676992512,42.2376644419,0,0,0,12,12,870,845
compact51__paper_roles,2019-06-25 04:00:00,12.343321797,38.2051372082,0,0,0,12,12,977,324
compact51__paper_roles,2019-06-25 05:00:00,16.2243484672,75.6857143619,0,0,0,12,12,3791,5387
compact51__paper_roles,2019-06-25 06:00:00,12.0907774015,44.1121489943,0,0,0,12,12,830,1186
compact51__paper_roles,2019-06-25 07:00:00,13.7643450325,53.3610642622,0,0,0,12,12,1863,3497
compact51__paper_roles,2019-06-25 08:00:00,13.7320447498,54.3351124876,0,0,0,14,14,1834,3674
compact51__paper_roles,2019-06-25 09:00:00,11.5888970783,46.2578884274,0,0,0,11,11,590,1664
compact51__paper_roles,2019-06-25 10:00:00,13.2956099365,61.4937264171,0,0,0,12,12,1559,4622
compact51__paper_roles,2019-06-25 11:00:00,14.8394432584,55.4201104002,0,0,0,11,11,2684,3866
compact51__paper_roles,2019-06-25 12:00:00,13.6496615296,781.842837154,0,0,0,11,11,1782,8432
compact51__paper_roles,2019-06-25 13:00:00,13.2106848573,48.0367769053,0,0,0,12,12,1506,2154
compact51__paper_roles,2019-06-25 14:00:00,12.5584481981,46.8142124428,0,0,0,12,12,1108,1816
compact51__paper_roles,2019-06-25 15:00:00,13.7331794077,44.7993030932,0,0,0,12,12,1835,1330
compact51__paper_roles,2019-06-25 16:00:00,16.0577717502,143.057775518,0,0,0,12,12,3653,6974
compact51__paper_roles,2019-06-25 17:00:00,14.9194195746,51.8539854324,0,0,0,12,12,2746,3140
compact51__paper_roles,2019-06-25 18:00:00,14.1510377091,51.828109281,0,0,0,13,13,2135,3132
compact51__paper_roles,2019-06-25 19:00:00,13.2635723157,46.7579500974,0,0,0,12,12,1536,1799
compact51__paper_roles,2019-06-25 20:00:00,15.9040045174,42.3862407964,0,0,0,12,12,3536,872
compact51__paper_roles,2019-06-25 21:00:00,18.1392794591,45.5824810608,0,0,0,12,12,5225,1504
compact51__paper_roles,2019-06-25 22:00:00,14.4653148305,37.9769751651,0,0,0,12,12,2381,304
compact51__paper_roles,2019-06-25 23:00:00,20.834052387,35.9880807411,0,0,0,12,12,6708,182
compact51__paper_roles,2019-06-26 00:00:00,9.73969660124,36.0032609207,0,0,0,12,12,94,183
compact51__paper_roles,2019-06-26 01:00:00,11.6491296796,43.4116493423,0,0,0,12,12,612,1042
compact51__paper_roles,2019-06-26 02:00:00,11.3283693788,33.9407424863,0,0,0,12,12,474,99
compact51__paper_roles,2019-06-26 03:00:00,9.42088673874,35.2818749138,0,0,0,12,12,56,149
compact51__paper_roles,2019-06-26 04:00:00,10.7755651191,38.0537173817,0,0,0,12,12,297,313
compact51__paper_roles,2019-06-26 05:00:00,18.1178132562,45.0237584264,0,0,0,12,12,5210,1373
compact51__paper_roles,2019-06-26 06:00:00,12.5406762039,51.450407625,0,0,0,12,12,1096,3034
compact51__paper_roles,2019-06-26 07:00:00,16.3873260482,58.3374606926,0,0,0,12,12,3904,4292
compact51__paper_roles,2019-06-26 08:00:00,14.0978542086,61.6612388671,0,0,0,12,12,2099,4638
compact51__paper_roles,2019-06-26 09:00:00,12.6461692829,54.1818548042,0,0,0,12,12,1154,3648
compact51__paper_roles,2019-06-26 10:00:00,10.3340321319,47.1929813667,0,0,0,12,12,199,1929
compact51__paper_roles,2019-06-26 11:00:00,11.0930943953,90.1192966501,0,0,0,12,12,391,5915
compact51__paper_roles,2019-06-26 12:00:00,13.5719227548,377.293658678,1,0,0,12,12,1722,8110
compact51__paper_roles,2019-06-26 13:00:00,10.8602417693,279.748712248,0,0,0,12,12,314,7857
compact51__paper_roles,2019-06-26 14:00:00,9.28451244705,203.144629968,1,0,0,14,14,43,7507
compact51__paper_roles,2019-06-26 15:00:00,12.1518337641,86.4910341566,0,0,0,11,11,859,5804
compact51__paper_roles,2019-06-26 16:00:00,12.090877024,58.6842176055,0,0,0,12,12,831,4334
compact51__paper_roles,2019-06-26 17:00:00,16.2883471005,187.885501612,0,0,0,12,12,3837,7400
compact51__paper_roles,2019-06-26 18:00:00,14.2441961929,53.0333684049,0,0,0,12,12,2209,3411
compact51__paper_roles,2019-06-26 19:00:00,18.9832708879,122.306572192,1,0,0,12,12,5783,6667
compact51__paper_roles,2019-06-26 20:00:00,20.1021732383,131.698543684,1,0,0,12,12,6400,6824
compact51__paper_roles,2019-06-26 21:00:00,20.6351034055,100.166731169,1,0,0,12,12,6617,6215
compact51__paper_roles,2019-06-26 22:00:00,23.8062262319,38.7250291299,0,0,0,12,11,7712,372
compact51__paper_roles,2019-06-26 23:00:00,17.4639046091,42.2877093357,0,0,0,13,12,4732,853
compact51__paper_roles,2019-06-27 00:00:00,14.7353399813,46.5862506629,0,0,0,12,12,2604,1751
compact51__paper_roles,2019-06-27 01:00:00,13.0161835836,46.0835116501,0,0,0,12,12,1378,1630
compact51__paper_roles,2019-06-27 02:00:00,13.6904036156,45.1487486931,0,0,0,12,12,1809,1404
compact51__paper_roles,2019-06-27 03:00:00,8.58070481666,41.3331294598,0,0,0,12,12,18,700
compact51__paper_roles,2019-06-27 04:00:00,11.9766963238,42.2877457987,0,0,0,12,12,767,854
compact51__paper_roles,2019-06-27 05:00:00,23.5315873757,54.3054160608,0,0,0,12,12,7631,3671
compact51__paper_roles,2019-06-27 06:00:00,15.375208514,74.5797004398,0,0,0,12,12,3109,5337
compact51__paper_roles,2019-06-27 07:00:00,12.3839210964,128.539368112,1,0,0,12,12,995,6782
compact51__paper_roles,2019-06-27 08:00:00,10.0373770856,59.263231874,0,0,0,12,12,140,4404
compact51__paper_roles,2019-06-27 09:00:00,9.8541443617,225.224316799,0,0,0,12,12,112,7632
compact51__paper_roles,2019-06-27 10:00:00,19.1884572478,241.353532923,0,0,0,12,12,5915,7715
compact51__paper_roles,2019-06-27 11:00:00,13.084014628,353.99190853,1,0,0,9,9,1419,8070
compact51__paper_roles,2019-06-27 12:00:00,11.7692364686,460.9419577,0,0,0,12,12,650,8206
compact51__paper_roles,2019-06-27 13:00:00,11.9697349666,56.6451256506,0,0,0,12,12,764,4078
compact51__paper_roles,2019-06-27 14:00:00,13.8630325362,49.3410808391,0,0,0,13,13,1928,2497
compact51__paper_roles,2019-06-27 15:00:00,19.7832660994,92.0275085343,0,0,0,12,12,6243,5974
compact51__paper_roles,2019-06-27 16:00:00,12.9128550627,78.9682476764,0,0,0,12,12,1304,5508
compact51__paper_roles,2019-06-27 17:00:00,17.6502996116,54.6220431369,0,0,0,13,13,4865,3727
compact51__paper_roles,2019-06-27 18:00:00,12.5156616972,279.798957866,0,0,0,12,12,1087,7858
compact51__paper_roles,2019-06-27 19:00:00,13.3934817577,87.6665143004,0,0,0,12,12,1616,5827
compact51__paper_roles,2019-06-27 20:00:00,17.3809892444,291.410159514,0,0,0,12,12,4669,7906
compact51__paper_roles,2019-06-27 21:00:00,23.3072324328,305.215715574,0,0,0,12,12,7582,7939
compact51__paper_roles,2019-06-27 22:00:00,13.676242915,38.8973973783,0,0,0,13,13,1800,387
compact51__paper_roles,2019-06-27 23:00:00,18.5653166895,95.1476207109,0,0,0,11,11,5498,6080
compact51__paper_roles,2019-06-28 00:00:00,21.270224236,127.564903982,0,0,0,12,12,6908,6766
compact51__paper_roles,2019-06-28 01:00:00,16.515895191,49.8858257873,0,0,0,12,12,4014,2636
compact51__paper_roles,2019-06-28 02:00:00,17.8056961951,47.2823187948,0,0,0,12,12,4976,1951
compact51__paper_roles,2019-06-28 03:00:00,21.2598881668,117.156791973,1,0,0,12,12,6904,6556
compact51__paper_roles,2019-06-28 04:00:00,25.5896334995,82.0546610598,0,0,0,12,12,8062,5634
compact51__paper_roles,2019-06-28 05:00:00,33.7278914237,741.297930972,0,0,0,12,12,8655,8414
compact51__paper_roles,2019-06-28 06:00:00,28.2128434646,59.1466184199,0,0,0,12,12,8411,4388
compact51__paper_roles,2019-06-28 07:00:00,24.8266721212,53.5326370343,0,0,0,12,12,7912,3534
compact51__paper_roles,2019-06-28 08:00:00,24.513930789,57.1365746365,0,0,0,13,13,7854,4152
compact51__paper_roles,2019-06-28 09:00:00,20.6722483457,55.0884393794,0,0,0,14,14,6630,3807
compact51__paper_roles,2019-06-28 10:00:00,26.1989211304,74.2225324282,0,0,0,13,13,8167,5324
compact51__paper_roles,2019-06-28 11:00:00,28.3200799369,73.840388178,0,0,0,12,12,8416,5304
compact51__paper_roles,2019-06-28 12:00:00,20.8081075605,65.0924007493,0,0,0,13,12,6694,4899
compact51__paper_roles,2019-06-28 13:00:00,26.9563626446,59.2749618705,0,0,0,12,12,8278,4407
compact51__paper_roles,2019-06-28 14:00:00,23.5809730308,61.9516675854,0,0,0,11,11,7643,4659
compact51__paper_roles,2019-06-28 15:00:00,25.9279716585,63.928028893,0,0,0,13,13,8121,4801
compact51__paper_roles,2019-06-28 16:00:00,33.7320331724,77.6923087854,0,0,0,12,12,8656,5461
compact51__paper_roles,2019-06-28 17:00:00,37.5382283194,60.5900364607,0,0,0,12,12,8713,4534
compact51__paper_roles,2019-06-28 18:00:00,25.9294610961,45.1045975619,0,0,0,12,12,8122,1393
compact51__paper_roles,2019-06-28 19:00:00,26.3521209586,245.892547342,0,0,0,12,12,8198,7741
compact51__paper_roles,2019-06-28 20:00:00,32.376493522,106.244215973,0,0,0,12,12,8613,6367
compact51__paper_roles,2019-06-28 21:00:00,32.4258938317,189.803978801,0,0,0,12,12,8614,7409
compact51__paper_roles,2019-06-28 22:00:00,19.1596516782,81.2025855271,0,0,0,12,12,5901,5606
compact51__paper_roles,2019-06-28 23:00:00,29.7591790164,232.250572923,1,0,0,12,12,8497,7669
compact51__paper_roles,2019-06-29 00:00:00,23.3037973855,37.429294086,0,0,0,12,12,7580,270
compact51__paper_roles,2019-06-29 01:00:00,21.872583341,120.889586897,0,0,0,12,12,7158,6641
compact51__paper_roles,2019-06-29 02:00:00,19.8318893695,166.986904016,0,0,0,12,12,6273,7241
compact51__paper_roles,2019-06-29 03:00:00,18.4868247512,133.430642251,0,0,0,13,12,5444,6850
compact51__paper_roles,2019-06-29 04:00:00,17.003300029,134.665984512,0,0,0,12,12,4366,6863
compact51__paper_roles,2019-06-29 05:00:00,14.8310112623,65.2286351956,0,0,0,12,12,2676,4907
compact51__paper_roles,2019-06-29 06:00:00,16.1393017324,61.3450163399,0,0,0,12,12,3716,4609
compact51__paper_roles,2019-06-29 07:00:00,19.0234962136,323.290565462,0,0,0,12,12,5809,7991
compact51__paper_roles,2019-06-29 08:00:00,27.9446919033,106.343300425,0,0,0,12,12,8386,6369
compact51__paper_roles,2019-06-29 09:00:00,23.1511100955,95.5096551672,0,0,0,12,12,7538,6087
compact51__paper_roles,2019-06-29 10:00:00,23.0015635628,82.297849321,0,0,0,13,13,7494,5642
compact51__paper_roles,2019-06-29 11:00:00,26.5555034169,78.7121086086,0,0,0,12,11,8223,5499
compact51__paper_roles,2019-06-29 12:00:00,28.137583401,90.5036156751,0,0,0,12,12,8404,5923
compact51__paper_roles,2019-06-29 13:00:00,37.3758970996,143.11856153,0,0,0,12,12,8712,6978
compact51__paper_roles,2019-06-29 14:00:00,25.7540242247,81.1043232557,0,0,0,12,12,8090,5603
compact51__paper_roles,2019-06-29 15:00:00,28.3940250907,82.1559737376,0,0,0,12,12,8419,5638
compact51__paper_roles,2019-06-29 16:00:00,27.4496926417,80.0486640166,0,0,0,12,12,8336,5555
compact51__paper_roles,2019-06-29 17:00:00,23.5820791117,80.1507180268,0,0,0,12,12,7644,5557
compact51__paper_roles,2019-06-29 18:00:00,21.4812936361,60.7382398788,0,0,0,12,12,7004,4554
compact51__paper_roles,2019-06-29 19:00:00,21.3043661605,56.4093312151,0,0,0,11,11,6921,4043
compact51__paper_roles,2019-06-29 20:00:00,21.0905723964,51.4645343354,0,0,0,11,11,6830,3039
compact51__paper_roles,2019-06-29 21:00:00,24.1445172125,691.730279358,0,0,0,12,12,7773,8395
compact51__paper_roles,2019-06-29 22:00:00,21.0008338702,294.760236266,1,0,0,12,12,6796,7912
compact51__paper_roles,2019-06-29 23:00:00,25.8078590702,47.7650035808,0,0,0,12,12,8101,2073
compact51__paper_roles,2019-06-30 00:00:00,13.5291356934,47.5130997795,0,0,0,12,12,1696,2014
compact51__paper_roles,2019-06-30 01:00:00,10.834836211,47.0699944768,0,0,0,12,12,308,1890
compact51__paper_roles,2019-06-30 02:00:00,12.7815801408,51.7428023285,0,0,0,12,12,1221,3105
compact51__paper_roles,2019-06-30 03:00:00,13.7140643637,50.9366222814,0,0,0,12,12,1825,2916
compact51__paper_roles,2019-06-30 04:00:00,13.3538441622,45.1039395568,0,0,0,12,12,1591,1392
compact51__paper_roles,2019-06-30 05:00:00,10.801875055,40.3178557821,0,0,0,12,12,302,550
compact51__paper_roles,2019-06-30 06:00:00,11.9118853649,52.9086105744,0,0,0,12,12,729,3383
compact51__paper_roles,2019-06-30 07:00:00,15.9899063483,60.7252471166,0,0,0,12,12,3597,4553
compact51__paper_roles,2019-06-30 08:00:00,15.659694308,73.8490362009,0,0,0,13,13,3329,5306
compact51__paper_roles,2019-06-30 09:00:00,15.8410358197,74.0086759017,0,0,0,14,14,3478,5314
compact51__paper_roles,2019-06-30 10:00:00,17.3048932977,77.5593246625,0,0,0,10,10,4617,5455
compact51__paper_roles,2019-06-30 11:00:00,14.9572507621,74.6048062545,0,0,0,12,12,2777,5339
compact51__paper_roles,2019-06-30 12:00:00,16.4853269459,62.985065996,0,0,0,12,12,3997,4733
compact51__paper_roles,2019-06-30 13:00:00,18.6566504984,59.716410965,0,0,0,12,12,5570,4456
compact51__paper_roles,2019-06-30 14:00:00,19.7814242141,121.965014676,1,0,0,12,12,6240,6659
compact51__paper_roles,2019-06-30 15:00:00,16.6746121356,94.4778680892,0,0,0,13,13,4133,6057
compact51__paper_roles,2019-06-30 16:00:00,16.8337925053,337.471762701,1,0,0,12,12,4248,8024
compact51__paper_roles,2019-06-30 17:00:00,16.8903536268,169.872673775,1,0,0,12,12,4287,7267
compact51__paper_roles,2019-06-30 18:00:00,18.6919959956,114.48840913,1,0,0,12,12,5596,6521
compact51__paper_roles,2019-06-30 19:00:00,20.4582157676,144.174634057,1,0,0,12,12,6564,6987
compact51__paper_roles,2019-06-30 20:00:00,18.859613354,284.537119053,1,0,0,12,12,5707,7883
compact51__paper_roles,2019-06-30 21:00:00,18.2569983556,145.438098888,1,0,0,12,12,5294,6999
compact51__paper_roles,2019-06-30 22:00:00,17.0894090961,40.5386462371,0,0,0,12,12,4438,586
compact51__paper_roles,2019-06-30 23:00:00,15.0902861692,55.4800888913,0,0,0,12,12,2885,3882
compact51__paper_roles,2019-07-01 00:00:00,17.6355400173,79.0532773902,0,0,0,11,11,4856,5511
compact51__paper_roles,2019-07-01 01:00:00,11.9574862131,53.8139643312,0,0,0,12,12,755,3575
compact51__paper_roles,2019-07-01 02:00:00,12.20413604,45.1689038646,0,0,0,12,12,895,1408
compact51__paper_roles,2019-07-01 03:00:00,14.9260738968,40.8296580068,0,0,0,12,12,2749,624
compact51__paper_roles,2019-07-01 04:00:00,17.9758633129,43.6023236821,0,0,0,12,12,5113,1081
compact51__paper_roles,2019-07-01 05:00:00,15.2659643836,46.741346817,0,0,0,12,12,3033,1791
compact51__paper_roles,2019-07-01 06:00:00,16.2640437745,77.6187054812,0,0,0,12,12,3822,5459
compact51__paper_roles,2019-07-01 07:00:00,17.2074156496,87.4899392579,0,0,0,12,12,4531,5823
compact51__paper_roles,2019-07-01 08:00:00,16.1707178775,90.9155956012,0,0,0,12,12,3746,5934
compact51__paper_roles,2019-07-01 09:00:00,16.6056118103,107.818421341,0,0,0,12,12,4076,6389
compact51__paper_roles,2019-07-01 10:00:00,17.3709658733,229.596701846,0,0,0,13,13,4660,7656
compact51__paper_roles,2019-07-01 11:00:00,11.5041801188,81.7078318362,0,0,0,12,12,560,5627
compact51__paper_roles,2019-07-01 12:00:00,15.2712589701,101.974179608,0,0,0,12,12,3039,6265
compact51__paper_roles,2019-07-01 13:00:00,12.3429467939,5173.14117254,0,0,0,13,13,976,8712
compact51__paper_roles,2019-07-01 14:00:00,16.1068306617,480.21604736,1,0,0,14,14,3688,8226
compact51__paper_roles,2019-07-01 15:00:00,18.9835846399,258.467177076,1,0,0,13,12,5784,7792
compact51__paper_roles,2019-07-01 16:00:00,18.5114566902,491.037712181,1,0,0,12,12,5458,8243
compact51__paper_roles,2019-07-01 17:00:00,18.8060491219,114.083877809,1,0,0,15,14,5667,6509
compact51__paper_roles,2019-07-01 18:00:00,18.5826790439,67.3102795048,0,0,0,14,12,5515,5019
compact51__paper_roles,2019-07-01 19:00:00,22.0854406441,103.563416169,1,0,0,12,12,7215,6301
compact51__paper_roles,2019-07-01 20:00:00,21.2058854926,81.7432327179,0,0,0,12,12,6883,5629
compact51__paper_roles,2019-07-01 21:00:00,20.3493600697,61.0074339202,0,0,0,12,12,6504,4580
compact51__paper_roles,2019-07-01 22:00:00,19.285038682,55.303750721,0,0,0,14,13,5972,3847
compact51__paper_roles,2019-07-01 23:00:00,18.1570651448,48.0608743493,0,0,0,11,11,5233,2166
compact51__paper_roles,2019-07-02 00:00:00,14.9701056704,46.673427438,0,0,0,12,11,2787,1771
compact51__paper_roles,2019-07-02 01:00:00,9.49371447123,43.9033627963,0,0,0,12,12,65,1146
compact51__paper_roles,2019-07-02 02:00:00,11.8097795175,46.9967601125,0,0,0,12,12,675,1871
compact51__paper_roles,2019-07-02 03:00:00,12.5663118527,45.7037890551,0,0,0,12,12,1114,1535
compact51__paper_roles,2019-07-02 04:00:00,20.9781365286,53.3792942285,0,0,0,12,12,6783,3504
compact51__paper_roles,2019-07-02 05:00:00,19.5762306673,59.2728535748,0,0,0,12,12,6140,4406
compact51__paper_roles,2019-07-02 06:00:00,17.8664088295,60.2052339495,0,0,0,12,12,5018,4511
compact51__paper_roles,2019-07-02 07:00:00,14.178875273,58.2238181932,0,0,0,13,13,2157,4278
compact51__paper_roles,2019-07-02 08:00:00,11.6344196789,73.7947032212,0,0,0,16,15,608,5303
compact51__paper_roles,2019-07-02 09:00:00,10.7345752678,314.171727973,1,0,0,12,12,289,7963
compact51__paper_roles,2019-07-02 10:00:00,9.59344478476,57.8828734507,0,0,0,15,14,74,4244
compact51__paper_roles,2019-07-02 11:00:00,12.8461134535,83.0595217322,0,0,0,11,11,1263,5672
compact51__paper_roles,2019-07-02 12:00:00,15.3034440923,2321.71171758,1,0,0,12,12,3064,8642
compact51__paper_roles,2019-07-02 13:00:00,16.7608090067,266.782129537,1,0,0,12,12,4194,7813
compact51__paper_roles,2019-07-02 14:00:00,12.6229964848,87.7681864009,0,0,0,14,12,1137,5828
compact51__paper_roles,2019-07-02 15:00:00,12.0507319516,87.1251952571,0,0,0,12,12,811,5814
compact51__paper_roles,2019-07-02 16:00:00,16.5878093423,61.1158776303,0,0,0,12,12,4060,4591
compact51__paper_roles,2019-07-02 17:00:00,15.8893576663,57.2728303641,0,0,0,12,12,3528,4170
compact51__paper_roles,2019-07-02 18:00:00,18.5342023783,110.665335491,1,0,0,14,14,5477,6446
compact51__paper_roles,2019-07-02 19:00:00,20.8523862791,121.181754668,1,0,0,9,9,6720,6645
compact51__paper_roles,2019-07-02 20:00:00,22.7722647122,91.8748201015,0,0,0,12,12,7436,5966
compact51__paper_roles,2019-07-02 21:00:00,26.2595714558,137.205729211,1,0,0,16,14,8179,6900
compact51__paper_roles,2019-07-02 22:00:00,24.8417350922,124.069961493,1,0,0,12,12,7915,6703
compact51__paper_roles,2019-07-02 23:00:00,25.2313507451,99.4298464372,0,0,0,12,12,8002,6193
compact51__paper_roles,2019-07-03 00:00:00,15.1290857932,52.8389182533,0,0,0,13,12,2916,3361
compact51__paper_roles,2019-07-03 01:00:00,13.5789177448,57.5141942771,0,0,0,12,12,1727,4198
compact51__paper_roles,2019-07-03 02:00:00,11.4263570301,43.6989830026,0,0,0,12,12,523,1102
compact51__paper_roles,2019-07-03 03:00:00,10.8742069176,46.8960184651,0,0,0,12,12,317,1831
compact51__paper_roles,2019-07-03 04:00:00,11.6539497441,52.2565278435,0,0,0,12,12,615,3231
compact51__paper_roles,2019-07-03 05:00:00,21.8836207156,55.7189759937,0,0,0,12,12,7159,3937
compact51__paper_roles,2019-07-03 06:00:00,20.3278562076,55.811422419,0,0,0,12,12,6494,3948
compact51__paper_roles,2019-07-03 07:00:00,13.5558018578,173.754430483,0,0,0,14,13,1715,7302
compact51__paper_roles,2019-07-03 08:00:00,12.8797634865,572.174917809,1,0,0,12,12,1287,8317
compact51__paper_roles,2019-07-03 09:00:00,18.3071346828,280.47149386,1,0,0,12,12,5323,7866
compact51__paper_roles,2019-07-03 10:00:00,15.1474218701,442.055002519,0,0,0,12,12,2936,8184
compact51__paper_roles,2019-07-03 11:00:00,12.7341393896,473.424776092,0,0,0,12,12,1193,8218
compact51__paper_roles,2019-07-03 12:00:00,11.1986480778,84.369207658,0,0,0,12,12,429,5727
compact51__paper_roles,2019-07-03 13:00:00,12.7382041988,62.9787776782,0,0,0,12,12,1199,4731
compact51__paper_roles,2019-07-03 14:00:00,15.2219254583,62.3551270077,0,0,0,13,13,2997,4687
compact51__paper_roles,2019-07-03 15:00:00,15.5100018051,67.7481333044,0,0,0,12,12,3199,5049
compact51__paper_roles,2019-07-03 16:00:00,14.9270338754,67.3566347585,0,0,0,12,12,2751,5022
compact51__paper_roles,2019-07-03 17:00:00,19.4748509173,60.2419833394,0,0,0,12,12,6074,4512
compact51__paper_roles,2019-07-03 18:00:00,20.8869495865,102.224945083,1,0,0,12,12,6735,6268
compact51__paper_roles,2019-07-03 19:00:00,22.0473717095,142.637347455,1,0,0,12,12,7199,6966
compact51__paper_roles,2019-07-03 20:00:00,24.2160489903,148.806126758,1,0,0,12,12,7791,7039
compact51__paper_roles,2019-07-03 21:00:00,27.2263384342,108.802653767,1,0,0,12,12,8311,6412
compact51__paper_roles,2019-07-03 22:00:00,21.1327086657,70.8801000895,0,0,0,12,12,6849,5186
compact51__paper_roles,2019-07-03 23:00:00,23.0138262146,45.976744379,0,0,0,12,12,7499,1611
compact51__paper_roles,2019-07-04 00:00:00,16.5897024288,42.4421144708,0,0,0,12,12,4061,885
compact51__paper_roles,2019-07-04 01:00:00,11.8682385885,40.6087694027,0,0,0,13,13,702,592
compact51__paper_roles,2019-07-04 02:00:00,11.9585835475,39.8106201882,0,0,0,11,11,756,491
compact51__paper_roles,2019-07-04 03:00:00,11.9830649538,46.7957312491,0,0,0,12,12,771,1813
compact51__paper_roles,2019-07-04 04:00:00,14.518026957,45.4383204407,0,0,0,12,12,2431,1480
compact51__paper_roles,2019-07-04 05:00:00,14.0519775353,50.0777987198,0,0,0,12,12,2061,2689
compact51__paper_roles,2019-07-04 06:00:00,16.4235951685,56.3928752354,0,0,0,12,12,3935,4039
compact51__paper_roles,2019-07-04 07:00:00,17.9281870771,52.9761017582,0,0,0,12,12,5070,3396
compact51__paper_roles,2019-07-04 08:00:00,14.0304240777,50.4168506155,0,0,0,12,12,2041,2782
compact51__paper_roles,2019-07-04 09:00:00,15.0293764525,46.9179518868,0,0,0,12,12,2841,1839
compact51__paper_roles,2019-07-04 10:00:00,14.0731291164,64.3605375594,0,0,0,12,12,2074,4835
compact51__paper_roles,2019-07-04 11:00:00,13.3009069051,94.0737210869,0,0,0,12,12,1562,6044
compact51__paper_roles,2019-07-04 12:00:00,15.230894057,92.1395580578,0,0,0,12,12,3004,5980
compact51__paper_roles,2019-07-04 13:00:00,17.1492210485,146.257774969,1,0,0,12,12,4472,7014
compact51__paper_roles,2019-07-04 14:00:00,17.7927544118,163.9328847,1,0,0,12,12,4967,7214
compact51__paper_roles,2019-07-04 15:00:00,19.6601265104,133.395173647,1,0,0,12,12,6180,6848
compact51__paper_roles,2019-07-04 16:00:00,18.2105281804,96.2321836057,0,0,0,12,12,5264,6116
compact51__paper_roles,2019-07-04 17:00:00,16.592906692,59.4646597944,0,0,0,12,12,4067,4431
compact51__paper_roles,2019-07-04 18:00:00,16.493331191,59.1208187082,0,0,0,12,12,4001,4384
compact51__paper_roles,2019-07-04 19:00:00,20.3246957367,173.120441415,1,0,0,12,12,6492,7296
compact51__paper_roles,2019-07-04 20:00:00,21.9519859836,120.311631356,1,0,0,12,12,7180,6620
compact51__paper_roles,2019-07-04 21:00:00,19.5091862449,103.925556059,1,0,0,12,12,6098,6313
compact51__paper_roles,2019-07-04 22:00:00,13.1450017509,56.0527655388,0,0,0,13,13,1465,3987
compact51__paper_roles,2019-07-04 23:00:00,17.1697395099,45.4530410202,0,0,0,11,11,4491,1483
compact51__paper_roles,2019-07-05 00:00:00,13.9732062489,35.9232050212,0,0,0,12,12,2008,178
compact51__paper_roles,2019-07-05 01:00:00,10.5676076602,39.8885215377,0,0,0,12,12,246,500
compact51__paper_roles,2019-07-05 02:00:00,9.91448843928,42.8241877761,0,0,0,12,12,122,946
compact51__paper_roles,2019-07-05 03:00:00,10.2181055197,42.1269013799,0,0,0,12,12,175,824
compact51__paper_roles,2019-07-05 04:00:00,15.0841030972,42.323821622,0,0,0,12,12,2882,861
compact51__paper_roles,2019-07-05 05:00:00,21.5779837703,49.9931295376,0,0,0,12,12,7045,2663
compact51__paper_roles,2019-07-05 06:00:00,16.8817905815,57.0366767984,0,0,0,12,12,4284,4138
compact51__paper_roles,2019-07-05 07:00:00,12.0125087388,51.0182222025,0,0,0,12,12,789,2935
compact51__paper_roles,2019-07-05 08:00:00,13.2771083307,54.065072431,0,0,0,12,12,1543,3629
compact51__paper_roles,2019-07-05 09:00:00,17.2094151903,91.7323869006,0,0,0,12,12,4533,5960
compact51__paper_roles,2019-07-05 10:00:00,18.557769874,283.984133601,1,0,0,12,12,5495,7878
compact51__paper_roles,2019-07-05 11:00:00,16.6965312379,1088.54679214,1,0,0,12,12,4151,8514
compact51__paper_roles,2019-07-05 12:00:00,16.8973685129,129898.452982,0,0,0,12,12,4289,8758
compact51__paper_roles,2019-07-05 13:00:00,18.882431856,1488.1744606,0,0,0,12,12,5719,8571
compact51__paper_roles,2019-07-05 14:00:00,18.4952020248,2455.57400357,1,0,0,12,12,5448,8650
compact51__paper_roles,2019-07-05 15:00:00,19.8347052018,223.929356789,1,0,0,12,12,6274,7624
compact51__paper_roles,2019-07-05 16:00:00,21.5880102524,64.0624808778,0,0,0,12,12,7048,4808
compact51__paper_roles,2019-07-05 17:00:00,21.8335991598,92.7706614729,0,0,0,12,12,7143,6003
compact51__paper_roles,2019-07-05 18:00:00,20.9222031709,83.777784779,0,0,0,12,12,6751,5706
compact51__paper_roles,2019-07-05 19:00:00,28.0195105896,161.727641259,1,0,0,12,12,8391,7188
compact51__paper_roles,2019-07-05 20:00:00,25.5818304452,274.983913194,1,0,0,12,12,8061,7838
compact51__paper_roles,2019-07-05 21:00:00,19.7498618443,180.239367328,1,0,0,12,12,6227,7347
compact51__paper_roles,2019-07-05 22:00:00,18.5671506655,72.8524636352,0,0,0,12,12,5502,5255
compact51__paper_roles,2019-07-05 23:00:00,22.2419108797,69.7101781142,0,0,0,12,12,7271,5129
compact51__paper_roles,2019-07-06 00:00:00,17.8832335041,52.8078194267,0,0,0,11,11,5032,3352
compact51__paper_roles,2019-07-06 01:00:00,15.2236716089,39.326672611,0,0,0,12,12,2999,433
compact51__paper_roles,2019-07-06 02:00:00,12.3190282495,37.8823504729,0,0,0,12,12,967,299
compact51__paper_roles,2019-07-06 03:00:00,10.4187637956,38.9322146655,0,0,0,12,12,216,390
compact51__paper_roles,2019-07-06 04:00:00,8.60726241814,38.0518631506,0,0,0,12,12,20,312
compact51__paper_roles,2019-07-06 05:00:00,10.9151855246,43.664170978,0,0,0,12,12,332,1097
compact51__paper_roles,2019-07-06 06:00:00,16.0971400552,53.037725799,0,0,0,12,12,3679,3413
compact51__paper_roles,2019-07-06 07:00:00,22.5557876822,55.0085340461,0,0,0,12,12,7369,3794
compact51__paper_roles,2019-07-06 08:00:00,17.4685306625,46.081916233,0,0,0,12,12,4735,1629
compact51__paper_roles,2019-07-06 09:00:00,14.9321248239,47.6289075863,0,0,0,12,12,2756,2046
compact51__paper_roles,2019-07-06 10:00:00,16.314899471,61.2965374406,0,0,0,12,12,3850,4603
compact51__paper_roles,2019-07-06 11:00:00,19.1244393891,53.127306793,0,0,0,12,12,5879,3440
compact51__paper_roles,2019-07-06 12:00:00,24.9333072573,38.5807796052,0,0,0,12,12,7941,357
compact51__paper_roles,2019-07-06 13:00:00,20.8432190767,42.066566554,0,0,0,12,12,6713,811
compact51__paper_roles,2019-07-06 14:00:00,26.210899034,55.6841030374,0,0,0,12,12,8170,3927
compact51__paper_roles,2019-07-06 15:00:00,21.8312353433,51.5464441268,0,0,0,12,12,7141,3059
compact51__paper_roles,2019-07-06 16:00:00,24.2277861296,94.6319122038,0,0,0,12,12,7794,6065
compact51__paper_roles,2019-07-06 17:00:00,22.2611015492,75.6398901129,0,0,0,12,12,7275,5384
compact51__paper_roles,2019-07-06 18:00:00,26.5936961607,121.193994778,1,0,0,12,12,8230,6647
compact51__paper_roles,2019-07-06 19:00:00,29.3074712033,196.419056084,1,0,0,18,18,8470,7463
compact51__paper_roles,2019-07-06 20:00:00,27.8524374227,159.650416337,1,0,0,11,11,8372,7167
compact51__paper_roles,2019-07-06 21:00:00,23.0814495885,119.125652085,1,0,0,12,12,7517,6595
compact51__paper_roles,2019-07-06 22:00:00,24.6998952927,112.57412961,1,0,0,12,12,7887,6486
compact51__paper_roles,2019-07-06 23:00:00,20.2572554209,48.2367092381,0,0,0,12,12,6465,2212
compact51__paper_roles,2019-07-07 00:00:00,12.2835381768,71.2919760924,0,0,0,12,12,948,5200
compact51__paper_roles,2019-07-07 01:00:00,11.8957152571,45.4189496873,0,0,0,12,12,718,1472
compact51__paper_roles,2019-07-07 02:00:00,9.89993557495,49.7309395955,0,0,0,12,12,119,2596
compact51__paper_roles,2019-07-07 03:00:00,10.4064005494,50.8319142506,0,0,0,12,12,210,2888
compact51__paper_roles,2019-07-07 04:00:00,11.6744168257,47.9585775872,0,0,0,12,12,624,2126
compact51__paper_roles,2019-07-07 05:00:00,14.007428958,49.8033162404,0,0,0,12,12,2029,2619
compact51__paper_roles,2019-07-07 06:00:00,16.8557986335,53.1808399261,0,0,0,12,12,4266,3453
compact51__paper_roles,2019-07-07 07:00:00,12.6465619781,55.8720949393,0,0,0,12,12,1155,3958
compact51__paper_roles,2019-07-07 08:00:00,17.3432873155,59.0879507583,0,0,0,12,12,4641,4380
compact51__paper_roles,2019-07-07 09:00:00,13.3627550821,55.6059128574,0,0,0,12,12,1595,3907
compact51__paper_roles,2019-07-07 10:00:00,14.6523539106,61.0175417114,0,0,0,12,12,2540,4583
compact51__paper_roles,2019-07-07 11:00:00,12.9102453383,59.6339003005,0,0,0,12,12,1300,4445
compact51__paper_roles,2019-07-07 12:00:00,12.0843319218,54.3016240045,0,0,0,12,12,826,3670
compact51__paper_roles,2019-07-07 13:00:00,12.4862392287,52.3854544104,0,0,0,12,12,1065,3252
compact51__paper_roles,2019-07-07 14:00:00,14.2185891614,51.0552338425,0,0,0,12,12,2189,2942
compact51__paper_roles,2019-07-07 15:00:00,13.5134198433,49.3638514603,0,0,0,12,12,1687,2501
compact51__paper_roles,2019-07-07 16:00:00,15.6905600435,49.1695389895,0,0,0,12,12,3356,2456
compact51__paper_roles,2019-07-07 17:00:00,15.3990911102,45.6158371978,0,0,0,12,12,3121,1509
compact51__paper_roles,2019-07-07 18:00:00,17.5849313856,43.2738817447,0,0,0,12,12,4815,1015
compact51__paper_roles,2019-07-07 19:00:00,16.950045912,40.2568967608,0,0,0,12,12,4322,538
compact51__paper_roles,2019-07-07 20:00:00,18.6320536175,42.5557186532,0,0,0,12,12,5547,906
compact51__paper_roles,2019-07-07 21:00:00,18.2697634141,43.5569996684,0,0,0,12,12,5305,1071
compact51__paper_roles,2019-07-07 22:00:00,13.7845314654,43.4830505445,0,0,0,12,12,1878,1053
compact51__paper_roles,2019-07-07 23:00:00,18.2220951355,40.0825044317,0,0,0,12,12,5272,518
compact51__paper_roles,2019-07-08 00:00:00,17.9625533428,42.4046615397,0,0,0,12,12,5104,878
compact51__paper_roles,2019-07-08 01:00:00,16.4981802295,43.7606259682,0,0,0,12,12,4005,1117
compact51__paper_roles,2019-07-08 02:00:00,10.7264799126,44.5122694032,0,0,0,12,12,286,1270
compact51__paper_roles,2019-07-08 03:00:00,8.94683558431,41.6240846567,0,0,0,12,12,30,749
compact51__paper_roles,2019-07-08 04:00:00,12.9247355855,41.4512081733,0,0,0,12,12,1312,721
compact51__paper_roles,2019-07-08 05:00:00,22.5571528596,56.4126598771,0,0,0,12,12,7371,4044
compact51__paper_roles,2019-07-08 06:00:00,16.6408223678,89.7812997683,0,0,0,12,12,4110,5899
compact51__paper_roles,2019-07-08 07:00:00,10.0759715761,45.6175314083,0,0,0,12,12,150,1511
compact51__paper_roles,2019-07-08 08:00:00,10.7131777829,53.246841386,0,0,0,12,12,282,3472
compact51__paper_roles,2019-07-08 09:00:00,11.3285230204,49.8444265004,0,0,0,12,12,475,2627
compact51__paper_roles,2019-07-08 10:00:00,10.8044945,51.9708648662,0,0,0,12,12,303,3158
compact51__paper_roles,2019-07-08 11:00:00,12.7355487735,52.1466618144,0,0,0,12,12,1196,3204
compact51__paper_roles,2019-07-08 12:00:00,12.4753287614,88.1050342098,0,0,0,12,12,1057,5840
compact51__paper_roles,2019-07-08 13:00:00,12.4237899292,90.1120090169,0,0,0,13,12,1025,5914
compact51__paper_roles,2019-07-08 14:00:00,11.2209165764,148.166844219,1,0,0,12,12,437,7033
compact51__paper_roles,2019-07-08 15:00:00,9.46427547258,61.4479935614,0,0,0,12,12,63,4614
compact51__paper_roles,2019-07-08 16:00:00,11.5827277469,76.369747159,0,0,0,14,13,588,5417
compact51__paper_roles,2019-07-08 17:00:00,12.9498403049,59.380924471,0,0,0,12,12,1330,4424
compact51__paper_roles,2019-07-08 18:00:00,11.917971551,55.3487793645,0,0,0,12,12,730,3853
compact51__paper_roles,2019-07-08 19:00:00,16.4769860298,69.8235689788,0,0,0,12,12,3989,5134
compact51__paper_roles,2019-07-08 20:00:00,19.7173285021,93.5785221443,0,0,0,12,12,6208,6028
compact51__paper_roles,2019-07-08 21:00:00,15.8490177519,45.9477959418,0,0,0,12,12,3488,1603
compact51__paper_roles,2019-07-08 22:00:00,16.8897531017,48.2994373321,0,0,0,12,12,4286,2242
compact51__paper_roles,2019-07-08 23:00:00,22.3383701998,160.321962754,0,0,0,12,12,7307,7170
compact51__paper_roles,2019-07-09 00:00:00,13.8686191444,36.4898347452,0,0,0,12,12,1932,204
compact51__paper_roles,2019-07-09 01:00:00,12.4697362846,41.1496282389,0,0,0,12,12,1053,672
compact51__paper_roles,2019-07-09 02:00:00,10.4735696858,35.5161429642,0,0,0,12,12,230,163
compact51__paper_roles,2019-07-09 03:00:00,9.4394499022,32.2306751204,0,0,0,12,12,58,58
compact51__paper_roles,2019-07-09 04:00:00,9.05268192708,32.3513897506,0,0,0,12,12,34,63
compact51__paper_roles,2019-07-09 05:00:00,17.1346948771,44.8736862566,0,0,0,12,12,4464,1345
compact51__paper_roles,2019-07-09 06:00:00,16.7255452032,51.9212746118,0,0,0,12,12,4175,3147
compact51__paper_roles,2019-07-09 07:00:00,16.086019924,100.148016762,0,0,0,12,12,3671,6214
compact51__paper_roles,2019-07-09 08:00:00,13.4611108877,50.0878401953,0,0,0,12,12,1658,2693
compact51__paper_roles,2019-07-09 09:00:00,10.2257537183,52.7468458818,0,0,0,12,12,179,3340
compact51__paper_roles,2019-07-09 10:00:00,8.82076313269,54.6476429531,0,0,0,12,12,26,3732
compact51__paper_roles,2019-07-09 11:00:00,8.86273384141,60.2011338992,0,0,0,12,12,28,4510
compact51__paper_roles,2019-07-09 12:00:00,11.3606968968,52.4561819317,0,0,0,12,12,489,3268
compact51__paper_roles,2019-07-09 13:00:00,10.1499383694,58.3682436574,0,0,0,12,12,159,4297
compact51__paper_roles,2019-07-09 14:00:00,16.7072152512,93.2826112863,0,0,0,12,12,4158,6018
compact51__paper_roles,2019-07-09 15:00:00,13.5497068443,52.7416962294,0,0,0,12,12,1709,3339
compact51__paper_roles,2019-07-09 16:00:00,12.3163731816,53.7180760696,0,0,0,12,12,966,3561
compact51__paper_roles,2019-07-09 17:00:00,14.1328170985,57.8891686242,0,0,0,12,12,2123,4245
compact51__paper_roles,2019-07-09 18:00:00,18.6805522747,62.3643525315,0,0,0,12,12,5583,4689
compact51__paper_roles,2019-07-09 19:00:00,22.641426869,59.3695186066,0,0,0,12,12,7405,4422
compact51__paper_roles,2019-07-09 20:00:00,21.6101221804,77.7809302027,0,0,0,12,12,7058,5465
compact51__paper_roles,2019-07-09 21:00:00,24.5843060034,80.4031511434,0,0,0,12,12,7868,5565
compact51__paper_roles,2019-07-09 22:00:00,19.4962771346,62.3373783721,0,0,0,12,12,6090,4684
compact51__paper_roles,2019-07-09 23:00:00,21.5490918981,36.4244362411,0,0,0,12,12,7037,201
compact51__paper_roles,2019-07-10 00:00:00,13.1839380618,38.4939338947,0,0,0,12,12,1489,348
compact51__paper_roles,2019-07-10 01:00:00,10.4162390304,37.3895312396,0,0,0,12,12,214,269
compact51__paper_roles,2019-07-10 02:00:00,9.2973811051,36.645946355,0,0,0,12,12,44,211
compact51__paper_roles,2019-07-10 03:00:00,9.50502388796,35.4239193896,0,0,0,12,12,66,158
compact51__paper_roles,2019-07-10 04:00:00,11.4075022728,51.9579706765,0,0,0,12,12,514,3154
compact51__paper_roles,2019-07-10 05:00:00,16.9157346856,81.3797250811,0,0,0,13,13,4301,5616
compact51__paper_roles,2019-07-10 06:00:00,12.5156527455,54.8579470782,0,0,0,12,12,1086,3765
compact51__paper_roles,2019-07-10 07:00:00,8.18962779493,46.430885284,0,0,0,12,12,9,1702
compact51__paper_roles,2019-07-10 08:00:00,11.0592585594,66.3197066432,0,0,0,12,12,375,4970
compact51__paper_roles,2019-07-10 09:00:00,10.6095451849,161.147707648,1,0,0,13,13,253,7181
compact51__paper_roles,2019-07-10 10:00:00,11.8087699727,378.701449203,1,0,0,13,13,672,8111
compact51__paper_roles,2019-07-10 11:00:00,11.6095944018,209.915324372,0,0,0,12,11,595,7551
compact51__paper_roles,2019-07-10 12:00:00,13.2881976275,180.395785999,0,0,0,12,12,1550,7350
compact51__paper_roles,2019-07-10 13:00:00,14.7330959225,62.6075433319,0,0,0,15,14,2602,4704
compact51__paper_roles,2019-07-10 14:00:00,15.0625232544,60.6768351421,0,0,0,12,12,2868,4546
compact51__paper_roles,2019-07-10 15:00:00,16.0759601397,60.0225358195,0,0,0,12,12,3663,4486
compact51__paper_roles,2019-07-10 16:00:00,18.59988706,57.8504011763,0,0,0,12,12,5525,4241
compact51__paper_roles,2019-07-10 17:00:00,21.4302870259,64.7526778563,0,0,0,11,11,6980,4871
compact51__paper_roles,2019-07-10 18:00:00,21.3587143558,54.1403011037,0,0,0,12,12,6946,3639
compact51__paper_roles,2019-07-10 19:00:00,24.3336343064,94.6142353161,0,0,0,13,13,7815,6063
compact51__paper_roles,2019-07-10 20:00:00,25.3271750073,138.225514173,0,0,0,12,12,8026,6909
compact51__paper_roles,2019-07-10 21:00:00,26.6213033404,8651.4458313,0,0,0,12,12,8233,8733
compact51__paper_roles,2019-07-10 22:00:00,26.3342248945,1612.69471922,1,0,0,12,12,8194,8582
compact51__paper_roles,2019-07-10 23:00:00,23.1215171091,326.670458472,0,0,0,12,12,7533,7999
compact51__paper_roles,2019-07-11 00:00:00,23.3217646772,474.032832303,0,0,0,12,12,7585,8220
compact51__paper_roles,2019-07-11 01:00:00,17.7027642372,247.497710436,0,0,0,12,12,4906,7749
compact51__paper_roles,2019-07-11 02:00:00,16.4121609936,339.917589451,0,0,0,12,12,3923,8030
compact51__paper_roles,2019-07-11 03:00:00,16.6200335714,196.254454543,0,0,0,12,12,4087,7461
compact51__paper_roles,2019-07-11 04:00:00,17.7200096483,128.959478186,0,0,0,12,12,4919,6789
compact51__paper_roles,2019-07-11 05:00:00,17.0139908166,70.1177562026,0,0,0,12,12,4386,5148
compact51__paper_roles,2019-07-11 06:00:00,17.1787923003,64.3153436558,0,0,0,12,12,4503,4830
compact51__paper_roles,2019-07-11 07:00:00,15.4572441991,217.43278031,1,0,0,12,12,3158,7592
compact51__paper_roles,2019-07-11 08:00:00,15.5257706205,208.948728172,1,0,0,12,12,3212,7544
compact51__paper_roles,2019-07-11 09:00:00,16.6931048029,196.976503689,1,0,0,12,12,4142,7467
compact51__paper_roles,2019-07-11 10:00:00,13.6749577437,367.685268406,1,0,0,12,12,1798,8095
compact51__paper_roles,2019-07-11 11:00:00,12.8641756819,224.201096369,1,0,0,12,12,1271,7625
compact51__paper_roles,2019-07-11 12:00:00,16.5508979463,200.149137298,1,0,0,12,12,4039,7490
compact51__paper_roles,2019-07-11 13:00:00,17.2299109683,204.568608845,1,0,0,12,12,4554,7518
compact51__paper_roles,2019-07-11 14:00:00,17.5434322502,266.11381019,1,0,0,12,12,4789,7811
compact51__paper_roles,2019-07-11 15:00:00,18.163739023,156.854110169,0,0,0,15,14,5238,7134
compact51__paper_roles,2019-07-11 16:00:00,20.6455086404,70.5320783725,0,0,0,11,11,6620,5171
compact51__paper_roles,2019-07-11 17:00:00,21.4677295759,68.1484587632,0,0,0,12,12,6999,5065
compact51__paper_roles,2019-07-11 18:00:00,16.227333605,940.72345975,0,0,0,12,12,3795,8480
compact51__paper_roles,2019-07-11 19:00:00,18.0667879995,467.381470336,0,0,0,12,11,5165,8213
compact51__paper_roles,2019-07-11 20:00:00,19.4899834542,304.582293468,0,0,0,12,12,6085,7937
compact51__paper_roles,2019-07-11 21:00:00,39.9602422308,304.68376675,1,0,0,12,12,8732,7938
compact51__paper_roles,2019-07-11 22:00:00,41.3509336445,227.895825463,1,0,0,11,11,8741,7649
compact51__paper_roles,2019-07-11 23:00:00,30.843641962,2215.71260369,1,0,0,12,12,8557,8634
compact51__paper_roles,2019-07-12 00:00:00,26.6309447254,838.909729407,1,0,0,12,12,8235,8448
compact51__paper_roles,2019-07-12 01:00:00,18.4731414451,391.055030582,1,0,0,12,12,5432,8126
compact51__paper_roles,2019-07-12 02:00:00,14.774664391,246.834602157,1,0,0,12,12,2633,7744
compact51__paper_roles,2019-07-12 03:00:00,15.5431978066,237.080419892,1,0,0,12,12,3223,7700
compact51__paper_roles,2019-07-12 04:00:00,14.7612631612,181.271599821,1,0,0,12,12,2622,7358
compact51__paper_roles,2019-07-12 05:00:00,18.3043127148,186.392424361,1,0,0,12,12,5319,7389
compact51__paper_roles,2019-07-12 06:00:00,18.010289042,744.691717549,1,0,0,12,12,5136,8416
compact51__paper_roles,2019-07-12 07:00:00,13.6084861719,107.331792941,1,0,0,12,12,1749,6382
compact51__paper_roles,2019-07-12 08:00:00,12.8185538117,62.9205991283,0,0,0,12,12,1250,4727
compact51__paper_roles,2019-07-12 09:00:00,12.9317310952,83.6638241296,0,0,0,15,14,1318,5698
compact51__paper_roles,2019-07-12 10:00:00,12.1072708678,64.3995493779,0,0,0,10,10,837,4837
compact51__paper_roles,2019-07-12 11:00:00,12.8792907367,54.9052679937,0,0,0,12,12,1286,3775
compact51__paper_roles,2019-07-12 12:00:00,14.0908530538,49.2471541658,0,0,0,12,12,2089,2472
compact51__paper_roles,2019-07-12 13:00:00,15.1692033357,50.0845148704,0,0,0,12,12,2946,2692
compact51__paper_roles,2019-07-12 14:00:00,15.8454296352,57.3628028013,0,0,0,13,12,3484,4181
compact51__paper_roles,2019-07-12 15:00:00,17.6680634111,59.7670243665,0,0,0,12,12,4882,4462
compact51__paper_roles,2019-07-12 16:00:00,19.8656067557,73.4000235994,0,0,0,12,12,6286,5276
compact51__paper_roles,2019-07-12 17:00:00,16.7819283497,44.3425404137,0,0,0,12,12,4210,1232
compact51__paper_roles,2019-07-12 18:00:00,17.1847370455,39.9531001713,0,0,0,12,12,4511,506
compact51__paper_roles,2019-07-12 19:00:00,16.1002863723,41.1115075614,0,0,0,13,13,3682,669
compact51__paper_roles,2019-07-12 20:00:00,17.5914953358,40.0019415563,0,0,0,12,12,4822,512
compact51__paper_roles,2019-07-12 21:00:00,19.0716850177,41.3398583821,0,0,0,12,12,5849,704
compact51__paper_roles,2019-07-12 22:00:00,17.4169664867,44.7876843392,0,0,0,12,12,4698,1326
compact51__paper_roles,2019-07-12 23:00:00,19.334871147,37.946978925,0,0,0,12,12,5999,300
compact51__paper_roles,2019-07-13 00:00:00,13.5835893043,33.89215661,0,0,0,12,12,1729,98
compact51__paper_roles,2019-07-13 01:00:00,11.8329932926,39.9608859248,0,0,0,12,12,691,509
compact51__paper_roles,2019-07-13 02:00:00,10.8237897913,39.8194809174,0,0,0,12,12,306,492
compact51__paper_roles,2019-07-13 03:00:00,10.1203891447,36.3034515139,0,0,0,12,12,156,196
compact51__paper_roles,2019-07-13 04:00:00,10.3173143148,35.0329785541,0,0,0,12,12,196,135
compact51__paper_roles,2019-07-13 05:00:00,11.0407973732,35.946966859,0,0,0,12,12,367,179
compact51__paper_roles,2019-07-13 06:00:00,16.8709028846,38.6484138636,0,0,0,12,12,4278,360
compact51__paper_roles,2019-07-13 07:00:00,14.876847177,46.5577687657,0,0,0,12,12,2714,1740
compact51__paper_roles,2019-07-13 08:00:00,16.9596193563,53.9664085327,0,0,0,12,12,4336,3603
compact51__paper_roles,2019-07-13 09:00:00,12.779533584,47.5747121602,0,0,0,12,12,1219,2030
compact51__paper_roles,2019-07-13 10:00:00,10.6920398525,50.9052923488,0,0,0,12,12,275,2909
compact51__paper_roles,2019-07-13 11:00:00,12.8097486672,55.2977168499,0,0,0,12,12,1245,3846
compact51__paper_roles,2019-07-13 12:00:00,10.9714943451,48.6622185099,0,0,0,12,12,349,2336
compact51__paper_roles,2019-07-13 13:00:00,11.5325936924,48.7418047122,0,0,0,12,12,569,2362
compact51__paper_roles,2019-07-13 14:00:00,14.4483408321,48.9139551297,0,0,0,12,12,2368,2396
compact51__paper_roles,2019-07-13 15:00:00,17.1233541304,49.7608331026,0,0,0,12,12,4453,2608
compact51__paper_roles,2019-07-13 16:00:00,18.0791290307,49.925733282,0,0,0,12,12,5173,2649
compact51__paper_roles,2019-07-13 17:00:00,19.8461131575,47.9631382345,0,0,0,12,12,6278,2129
compact51__paper_roles,2019-07-13 18:00:00,21.8058930054,42.8833574897,0,0,0,12,12,7131,955
compact51__paper_roles,2019-07-13 19:00:00,18.0976252582,40.0878739624,0,0,0,10,10,5189,521
compact51__paper_roles,2019-07-13 20:00:00,19.3400418546,54.3989934611,0,0,0,14,14,6005,3685
compact51__paper_roles,2019-07-13 21:00:00,23.1921776362,71.523014421,0,0,0,9,9,7552,5212
compact51__paper_roles,2019-07-13 22:00:00,18.9247190161,50.6754501797,0,0,0,12,12,5743,2839
compact51__paper_roles,2019-07-13 23:00:00,20.199539879,50.8703581346,0,0,0,12,12,6433,2901
compact51__paper_roles,2019-07-14 00:00:00,18.0320401164,40.8204139753,0,0,0,12,12,5144,623
compact51__paper_roles,2019-07-14 01:00:00,12.9876962422,40.985710473,0,0,0,13,13,1359,650
compact51__paper_roles,2019-07-14 02:00:00,11.3182586855,39.1869242951,0,0,0,12,12,471,411
compact51__paper_roles,2019-07-14 03:00:00,12.9757825095,42.2134648167,0,0,0,12,12,1352,839
compact51__paper_roles,2019-07-14 04:00:00,12.3765683591,40.5738246177,0,0,0,12,12,990,588
compact51__paper_roles,2019-07-14 05:00:00,11.5468100321,39.8564904395,0,0,0,12,12,578,496
compact51__paper_roles,2019-07-14 06:00:00,13.8877340002,41.1187657857,0,0,0,12,12,1944,671
compact51__paper_roles,2019-07-14 07:00:00,15.9423838073,48.2025634798,0,0,0,12,12,3562,2202
compact51__paper_roles,2019-07-14 08:00:00,14.4061656045,55.063809992,0,0,0,12,12,2341,3802
compact51__paper_roles,2019-07-14 09:00:00,13.9057818656,59.8608009852,0,0,0,12,12,1958,4473
compact51__paper_roles,2019-07-14 10:00:00,11.976571672,52.6117383849,0,0,0,12,12,766,3312
compact51__paper_roles,2019-07-14 11:00:00,11.7580330443,45.3621910928,0,0,0,12,12,646,1459
compact51__paper_roles,2019-07-14 12:00:00,16.5844339731,44.9899549465,0,0,0,12,12,4059,1366
compact51__paper_roles,2019-07-14 13:00:00,18.7481332603,45.2501857594,0,0,0,12,12,5629,1432
compact51__paper_roles,2019-07-14 14:00:00,15.676224321,50.5525064268,0,0,0,12,12,3343,2812
compact51__paper_roles,2019-07-14 15:00:00,15.5579608239,51.791921287,0,0,0,13,12,3237,3123
compact51__paper_roles,2019-07-14 16:00:00,15.8414910982,48.9124518604,0,0,0,12,12,3479,2395
compact51__paper_roles,2019-07-14 17:00:00,18.356612812,50.7105504193,0,0,0,12,12,5360,2854
compact51__paper_roles,2019-07-14 18:00:00,18.4761226687,51.7346044165,0,0,0,12,12,5436,3101
compact51__paper_roles,2019-07-14 19:00:00,21.1874821614,43.4538837131,0,0,0,12,12,6874,1049
compact51__paper_roles,2019-07-14 20:00:00,19.7300999254,44.7601276896,0,0,0,12,12,6213,1312
compact51__paper_roles,2019-07-14 21:00:00,18.4765205656,42.1470783084,0,0,0,12,12,5437,828
compact51__paper_roles,2019-07-14 22:00:00,18.941083988,39.3151222935,0,0,0,12,12,5752,430
compact51__paper_roles,2019-07-14 23:00:00,20.8325269198,45.7965557594,0,0,0,12,12,6707,1558
compact51__paper_roles,2019-07-15 00:00:00,11.9557798113,47.4948021536,0,0,0,12,12,753,2009
compact51__paper_roles,2019-07-15 01:00:00,12.0800500798,50.3808195914,0,0,0,12,12,825,2771
compact51__paper_roles,2019-07-15 02:00:00,11.4693691286,45.6919469798,0,0,0,12,12,543,1532
compact51__paper_roles,2019-07-15 03:00:00,13.1986941631,46.6352602798,0,0,0,12,12,1500,1763
compact51__paper_roles,2019-07-15 04:00:00,17.2844048617,44.7305639616,0,0,0,12,12,4598,1307
compact51__paper_roles,2019-07-15 05:00:00,25.4130535199,58.9783773269,0,0,0,12,12,8043,4364
compact51__paper_roles,2019-07-15 06:00:00,19.063905828,51.7663872429,0,0,0,13,13,5841,3116
compact51__paper_roles,2019-07-15 07:00:00,13.4778951605,53.4194358144,0,0,0,12,12,1668,3510
compact51__paper_roles,2019-07-15 08:00:00,11.4529386819,54.9224922554,0,0,0,12,12,536,3778
compact51__paper_roles,2019-07-15 09:00:00,11.4809142353,55.5544812209,0,0,0,12,12,548,3901
compact51__paper_roles,2019-07-15 10:00:00,15.3679093034,150.15175081,1,0,0,14,13,3106,7056
compact51__paper_roles,2019-07-15 11:00:00,15.1138580086,340.744294777,1,0,0,12,12,2906,8034
compact51__paper_roles,2019-07-15 12:00:00,13.4236960153,296.316570269,1,0,0,12,12,1635,7917
compact51__paper_roles,2019-07-15 13:00:00,11.9447693634,478.181324338,1,0,0,12,12,747,8224
compact51__paper_roles,2019-07-15 14:00:00,11.5257689565,59.8903867931,0,0,0,12,12,566,4475
compact51__paper_roles,2019-07-15 15:00:00,14.523191991,152.574081171,0,0,0,12,12,2434,7085
compact51__paper_roles,2019-07-15 16:00:00,14.484650215,393.120464538,0,0,0,12,12,2394,8129
compact51__paper_roles,2019-07-15 17:00:00,16.4302548735,185.010364638,1,0,0,12,12,3947,7379
compact51__paper_roles,2019-07-15 18:00:00,20.6866755234,230.890587455,1,0,0,12,12,6636,7662
compact51__paper_roles,2019-07-15 19:00:00,23.5774625801,119.286955416,1,0,0,12,12,7642,6600
compact51__paper_roles,2019-07-15 20:00:00,19.0485335675,83.5936651306,0,0,0,12,12,5831,5694
compact51__paper_roles,2019-07-15 21:00:00,21.1636431737,68.9072827004,0,0,0,12,12,6862,5095
compact51__paper_roles,2019-07-15 22:00:00,18.6685510079,47.5314448531,0,0,0,12,12,5576,2020
compact51__paper_roles,2019-07-15 23:00:00,19.8868592338,40.9651621573,0,0,0,12,12,6298,641
compact51__paper_roles,2019-07-16 00:00:00,9.90314032814,46.2197367635,0,0,0,12,12,120,1657
compact51__paper_roles,2019-07-16 01:00:00,12.1311100515,49.5477496259,0,0,0,12,12,850,2556
compact51__paper_roles,2019-07-16 02:00:00,12.3768274897,50.1987866236,0,0,0,12,12,991,2727
compact51__paper_roles,2019-07-16 03:00:00,12.1512448526,46.9931794508,0,0,0,12,12,858,1869
compact51__paper_roles,2019-07-16 04:00:00,14.0014848802,47.5249722416,0,0,0,12,12,2021,2018
compact51__paper_roles,2019-07-16 05:00:00,16.6389213807,50.1441641417,0,0,0,12,12,4107,2708
compact51__paper_roles,2019-07-16 06:00:00,12.9371339208,51.1739189487,0,0,0,12,12,1321,2965
compact51__paper_roles,2019-07-16 07:00:00,10.4492985142,49.176887427,0,0,0,12,12,225,2458
compact51__paper_roles,2019-07-16 08:00:00,17.9142789032,72.7094928522,0,0,0,12,12,5055,5249
compact51__paper_roles,2019-07-16 09:00:00,14.7326235276,227.694161072,1,0,0,13,12,2600,7644
compact51__paper_roles,2019-07-16 10:00:00,17.9825418997,488.012825584,1,0,0,12,12,5120,8236
compact51__paper_roles,2019-07-16 11:00:00,12.6453319001,90.6714512085,0,0,0,12,12,1153,5925
compact51__paper_roles,2019-07-16 12:00:00,9.42391655716,70.2531175196,0,0,0,12,12,57,5152
compact51__paper_roles,2019-07-16 13:00:00,13.0032397922,92.9574191825,0,0,0,13,13,1370,6010
compact51__paper_roles,2019-07-16 14:00:00,16.5190916318,332.756670413,0,0,0,13,13,4018,8014
compact51__paper_roles,2019-07-16 15:00:00,16.1930240218,1204.10336957,0,0,0,11,11,3766,8536
compact51__paper_roles,2019-07-16 16:00:00,17.0593566065,186.108038993,0,0,0,12,12,4413,7385
compact51__paper_roles,2019-07-16 17:00:00,20.2771038806,208.82682472,0,0,0,10,10,6474,7543
compact51__paper_roles,2019-07-16 18:00:00,16.0708450809,49.8539639388,0,0,0,12,12,3660,2628
compact51__paper_roles,2019-07-16 19:00:00,16.4472787034,65.8714020267,0,0,0,12,12,3963,4944
compact51__paper_roles,2019-07-16 20:00:00,18.3641346337,69.8096377057,0,0,0,12,12,5364,5132
compact51__paper_roles,2019-07-16 21:00:00,20.140099469,59.1052546899,0,0,0,12,12,6413,4381
compact51__paper_roles,2019-07-16 22:00:00,21.4228090328,40.972639947,0,0,0,12,12,6975,645
compact51__paper_roles,2019-07-16 23:00:00,17.2786888574,37.6596148352,0,0,0,12,12,4594,284
compact51__paper_roles,2019-07-17 00:00:00,17.8701042317,38.5559588169,0,0,0,12,12,5020,354
compact51__paper_roles,2019-07-17 01:00:00,13.5005546743,44.4165367042,0,0,0,12,12,1680,1251
compact51__paper_roles,2019-07-17 02:00:00,10.6686851758,47.1336865249,0,0,0,12,12,268,1909
compact51__paper_roles,2019-07-17 03:00:00,10.1726084923,50.8596841146,0,0,0,12,12,163,2896
compact51__paper_roles,2019-07-17 04:00:00,16.2614741755,56.2996888614,0,0,0,12,12,3820,4024
compact51__paper_roles,2019-07-17 05:00:00,13.7890393559,55.1023022844,0,0,0,12,12,1881,3813
compact51__paper_roles,2019-07-17 06:00:00,11.7634694397,48.9233875867,0,0,0,12,12,649,2398
compact51__paper_roles,2019-07-17 07:00:00,14.0452048273,50.6964079298,0,0,0,12,12,2056,2845
compact51__paper_roles,2019-07-17 08:00:00,14.7729705274,57.1061420513,0,0,0,12,12,2628,4147
compact51__paper_roles,2019-07-17 09:00:00,18.9077778683,83.5911136192,0,0,0,12,12,5732,5693
compact51__paper_roles,2019-07-17 10:00:00,17.4142827256,154.463206652,1,0,0,12,12,4693,7113
compact51__paper_roles,2019-07-17 11:00:00,13.0177651936,93.8709913781,0,0,0,12,12,1379,6037
compact51__paper_roles,2019-07-17 12:00:00,15.2523705723,81.0641144632,0,0,0,12,12,3027,5600
compact51__paper_roles,2019-07-17 13:00:00,15.4780805709,48.5581678782,0,0,0,12,12,3169,2314
compact51__paper_roles,2019-07-17 14:00:00,20.4642026144,57.1359292929,0,0,0,12,12,6565,4151
compact51__paper_roles,2019-07-17 15:00:00,25.7876926794,117.473067153,1,0,0,12,12,8098,6563
compact51__paper_roles,2019-07-17 16:00:00,30.8340953115,2957.40378579,1,0,0,12,12,8556,8666
compact51__paper_roles,2019-07-17 17:00:00,27.1298108461,3440.76595026,0,0,0,12,12,8298,8681
compact51__paper_roles,2019-07-17 18:00:00,31.8587100453,1381.67178671,0,0,0,12,12,8594,8557
compact51__paper_roles,2019-07-17 19:00:00,32.1717319732,2118.92913392,0,0,0,12,12,8607,8626
compact51__paper_roles,2019-07-17 20:00:00,41.9478462102,1746.73862202,1,0,0,12,12,8745,8593
compact51__paper_roles,2019-07-17 21:00:00,38.4637596024,3571.02459946,1,0,0,12,12,8723,8684
compact51__paper_roles,2019-07-17 22:00:00,25.3629636731,220.359134481,1,0,0,12,12,8033,7603
compact51__paper_roles,2019-07-17 23:00:00,15.1203676319,53.0606739738,0,0,0,12,12,2911,3421
compact51__paper_roles,2019-07-18 00:00:00,15.2141648891,268.662977629,0,0,0,12,12,2993,7822
compact51__paper_roles,2019-07-18 01:00:00,13.530381048,1998.21259066,1,0,0,12,12,1699,8615
compact51__paper_roles,2019-07-18 02:00:00,11.6468532195,184.893724832,0,0,0,14,13,611,7377
compact51__paper_roles,2019-07-18 03:00:00,10.3772053681,117.407110133,0,0,0,12,12,202,6561
compact51__paper_roles,2019-07-18 04:00:00,17.1018857223,196.278234468,0,0,0,12,12,4442,7462
compact51__paper_roles,2019-07-18 05:00:00,22.5817073125,244.419154161,0,0,0,12,12,7382,7732
compact51__paper_roles,2019-07-18 06:00:00,13.9071783771,492.531941326,0,0,0,12,12,1961,8245
compact51__paper_roles,2019-07-18 07:00:00,9.67270079619,49.4381863775,0,0,0,13,12,84,2525
compact51__paper_roles,2019-07-18 08:00:00,9.75622454673,53.2158347306,0,0,0,12,12,98,3459
compact51__paper_roles,2019-07-18 09:00:00,11.1068066506,52.1044897534,0,0,0,12,12,399,3187
compact51__paper_roles,2019-07-18 10:00:00,13.9837507937,689.525269163,1,0,0,12,12,2015,8394
compact51__paper_roles,2019-07-18 11:00:00,19.8094849782,139.449249013,0,0,0,12,12,6258,6928
compact51__paper_roles,2019-07-18 12:00:00,21.7028176547,162.209043445,0,0,0,13,13,7094,7190
compact51__paper_roles,2019-07-18 13:00:00,20.5918701007,53.3875300018,0,0,0,12,12,6602,3506
compact51__paper_roles,2019-07-18 14:00:00,17.0057975259,72.4066572471,0,0,0,12,11,4372,5244
compact51__paper_roles,2019-07-18 15:00:00,21.8398511893,63.6953821322,0,0,0,12,12,7146,4787
compact51__paper_roles,2019-07-18 16:00:00,14.5592069915,56.8476143378,0,0,0,14,14,2458,4116
compact51__paper_roles,2019-07-18 17:00:00,16.2033025677,55.7138678038,0,0,0,11,10,3773,3936
compact51__paper_roles,2019-07-18 18:00:00,17.8429997176,52.3303354026,0,0,0,12,12,5006,3245
compact51__paper_roles,2019-07-18 19:00:00,18.9210144745,47.6180949875,0,0,0,10,10,5739,2042
compact51__paper_roles,2019-07-18 20:00:00,16.8295907044,43.7464526394,0,0,0,12,12,4244,1111
compact51__paper_roles,2019-07-18 21:00:00,20.26511405,42.7488267545,0,0,0,12,12,6469,935
compact51__paper_roles,2019-07-18 22:00:00,20.2529136481,46.3123244864,0,0,0,12,12,6459,1671
compact51__paper_roles,2019-07-18 23:00:00,20.6169254506,99.6477752962,0,0,0,12,12,6614,6198
compact51__paper_roles,2019-07-19 00:00:00,19.6219298542,82.7052212625,0,0,0,12,12,6158,5655
compact51__paper_roles,2019-07-19 01:00:00,16.2488166505,115.216726459,1,0,0,12,12,3808,6534
compact51__paper_roles,2019-07-19 02:00:00,15.0083259253,181.109998089,1,0,0,12,12,2827,7356
compact51__paper_roles,2019-07-19 03:00:00,11.5796401196,576.110971395,1,0,0,12,12,586,8321
compact51__paper_roles,2019-07-19 04:00:00,17.2317660493,522.009015582,1,0,0,12,12,4556,8274
compact51__paper_roles,2019-07-19 05:00:00,22.5857225089,255.535533459,1,0,0,12,12,7384,7780
compact51__paper_roles,2019-07-19 06:00:00,21.8892413545,128.420143806,1,0,0,12,12,7163,6781
compact51__paper_roles,2019-07-19 07:00:00,14.5327992788,77.896901862,0,0,0,12,12,2442,5473
compact51__paper_roles,2019-07-19 08:00:00,14.415026755,48.8975142444,0,0,0,12,12,2347,2389
compact51__paper_roles,2019-07-19 09:00:00,10.7165128412,51.3040638867,0,0,0,12,12,284,3000
compact51__paper_roles,2019-07-19 10:00:00,10.5350087094,57.7910547031,0,0,0,12,12,242,4232
compact51__paper_roles,2019-07-19 11:00:00,11.3220622344,57.9974667207,0,0,0,12,12,472,4257
compact51__paper_roles,2019-07-19 12:00:00,13.7145203597,51.1081070901,0,0,0,12,12,1826,2952
compact51__paper_roles,2019-07-19 13:00:00,14.8281849802,53.1393685944,0,0,0,12,12,2673,3446
compact51__paper_roles,2019-07-19 14:00:00,18.4410736911,120.766315581,1,0,0,12,12,5418,6638
compact51__paper_roles,2019-07-19 15:00:00,24.32192325,206.810725735,1,0,0,12,12,7812,7532
compact51__paper_roles,2019-07-19 16:00:00,23.37896233,203.372137385,0,0,0,14,14,7601,7510
compact51__paper_roles,2019-07-19 17:00:00,23.9727284796,88.5865334833,0,0,0,11,11,7739,5859
compact51__paper_roles,2019-07-19 18:00:00,23.0843641175,99.2099401067,0,0,0,12,12,7518,6187
compact51__paper_roles,2019-07-19 19:00:00,17.4442967947,44.4887642916,0,0,0,12,12,4720,1266
compact51__paper_roles,2019-07-19 20:00:00,17.4428264968,39.0198821345,0,0,0,12,12,4719,396
compact51__paper_roles,2019-07-19 21:00:00,16.590548336,37.109852585,0,0,0,12,12,4063,251
compact51__paper_roles,2019-07-19 22:00:00,20.4743961327,42.4378539788,0,0,0,12,12,6567,882
compact51__paper_roles,2019-07-19 23:00:00,16.9506540652,47.1543934692,0,0,0,12,12,4323,1916
compact51__paper_roles,2019-07-20 00:00:00,15.565728681,43.3207149803,0,0,0,12,12,3247,1029
compact51__paper_roles,2019-07-20 01:00:00,10.7996514997,54.5208792032,0,0,0,12,12,301,3704
compact51__paper_roles,2019-07-20 02:00:00,9.38559454606,43.2918085845,0,0,0,12,12,52,1020
compact51__paper_roles,2019-07-20 03:00:00,7.87999882037,44.3898359455,0,0,0,12,12,6,1243
compact51__paper_roles,2019-07-20 04:00:00,10.2154376529,43.7537656336,0,0,0,12,12,174,1115
compact51__paper_roles,2019-07-20 05:00:00,13.2328959862,48.4141946173,0,0,0,12,12,1519,2280
compact51__paper_roles,2019-07-20 06:00:00,14.449655805,53.6268536707,0,0,0,12,12,2370,3546
compact51__paper_roles,2019-07-20 07:00:00,12.0279676595,52.253481068,0,0,0,12,12,798,3230
compact51__paper_roles,2019-07-20 08:00:00,15.6601520216,58.4197388104,0,0,0,12,12,3331,4304
compact51__paper_roles,2019-07-20 09:00:00,16.6012865712,56.9634460941,0,0,0,12,12,4075,4132
compact51__paper_roles,2019-07-20 10:00:00,10.4564826206,48.0425962757,0,0,0,12,12,227,2156
compact51__paper_roles,2019-07-20 11:00:00,14.2532438419,46.1758531272,0,0,0,12,12,2214,1647
compact51__paper_roles,2019-07-20 12:00:00,17.3090324859,53.5302967111,0,0,0,12,12,4619,3533
compact51__paper_roles,2019-07-20 13:00:00,17.7506992092,54.1662396445,0,0,0,12,12,4939,3642
compact51__paper_roles,2019-07-20 14:00:00,16.8699439889,55.6565732868,0,0,0,12,12,4276,3916
compact51__paper_roles,2019-07-20 15:00:00,18.118394867,63.4882240742,0,0,0,12,12,5211,4772
compact51__paper_roles,2019-07-20 16:00:00,23.0539240121,113.749777289,0,0,0,13,12,7511,6506
compact51__paper_roles,2019-07-20 17:00:00,27.2693894763,149.310645942,0,0,0,12,12,8317,7044
compact51__paper_roles,2019-07-20 18:00:00,24.0692632165,88.2331660424,0,0,0,12,12,7757,5845
compact51__paper_roles,2019-07-20 19:00:00,19.829695415,55.3975021187,0,0,0,12,12,6270,3862
compact51__paper_roles,2019-07-20 20:00:00,19.6416274665,52.9745348855,0,0,0,12,12,6170,3395
compact51__paper_roles,2019-07-20 21:00:00,26.7583881516,99.861308513,0,0,0,12,12,8257,6207
compact51__paper_roles,2019-07-20 22:00:00,22.9707377993,76.9526678934,0,0,0,12,12,7486,5431
compact51__paper_roles,2019-07-20 23:00:00,16.0151559067,45.6557017454,0,0,0,12,12,3619,1522
compact51__paper_roles,2019-07-21 00:00:00,15.3689239326,39.0098658243,0,0,0,12,12,3107,395
compact51__paper_roles,2019-07-21 01:00:00,12.2880091858,41.3373240707,0,0,0,12,12,952,702
compact51__paper_roles,2019-07-21 02:00:00,11.2393263029,46.6875711324,0,0,0,12,12,442,1775
compact51__paper_roles,2019-07-21 03:00:00,9.7510996179,47.5035134501,0,0,0,12,12,96,2012
compact51__paper_roles,2019-07-21 04:00:00,9.72375302363,46.582458819,0,0,0,12,12,91,1747
compact51__paper_roles,2019-07-21 05:00:00,12.251905581,53.4883231394,0,0,0,12,12,929,3521
compact51__paper_roles,2019-07-21 06:00:00,16.2333488072,58.5385399047,0,0,0,12,12,3800,4318
compact51__paper_roles,2019-07-21 07:00:00,13.2915786572,55.5719549655,0,0,0,12,12,1556,3902
compact51__paper_roles,2019-07-21 08:00:00,13.4134654416,58.3558668485,0,0,0,12,12,1630,4294
compact51__paper_roles,2019-07-21 09:00:00,13.281342144,48.8702350324,0,0,0,12,12,1546,2383
compact51__paper_roles,2019-07-21 10:00:00,13.2910784021,56.2787944433,0,0,0,12,12,1554,4020
compact51__paper_roles,2019-07-21 11:00:00,10.5438881531,49.6917340496,0,0,0,12,12,244,2591
compact51__paper_roles,2019-07-21 12:00:00,12.1434582387,51.3682467551,0,0,0,12,12,856,3018
compact51__paper_roles,2019-07-21 13:00:00,17.980077609,44.6441339268,0,0,0,12,12,5118,1290
compact51__paper_roles,2019-07-21 14:00:00,18.9543900584,55.2065679888,0,0,0,12,12,5765,3829
compact51__paper_roles,2019-07-21 15:00:00,19.0424407353,56.6886464552,0,0,0,12,12,5826,4091
compact51__paper_roles,2019-07-21 16:00:00,17.8187044167,52.5934686832,0,0,0,12,12,4986,3306
compact51__paper_roles,2019-07-21 17:00:00,21.5314522029,46.8115036528,0,0,0,12,12,7026,1815
compact51__paper_roles,2019-07-21 18:00:00,24.380453929,51.2532897606,0,0,0,13,11,7826,2986
compact51__paper_roles,2019-07-21 19:00:00,29.7823163683,58.806335928,0,0,0,12,12,8499,4344
compact51__paper_roles,2019-07-21 20:00:00,23.7538265671,63.1361817479,0,0,0,12,12,7694,4744
compact51__paper_roles,2019-07-21 21:00:00,22.5495610585,72.9187692796,0,0,0,12,12,7366,5259
compact51__paper_roles,2019-07-21 22:00:00,23.1979392383,53.1338266123,0,0,0,12,12,7553,3442
compact51__paper_roles,2019-07-21 23:00:00,17.2591375276,38.1531699553,0,0,0,12,12,4582,321
compact51__paper_roles,2019-07-22 00:00:00,16.1338450596,45.8581608181,0,0,0,12,12,3712,1578
compact51__paper_roles,2019-07-22 01:00:00,12.2026844211,51.7592391698,0,0,0,12,12,893,3112
compact51__paper_roles,2019-07-22 02:00:00,11.3967807232,50.5256004858,0,0,0,12,12,510,2808
compact51__paper_roles,2019-07-22 03:00:00,8.56626881029,50.6739049592,0,0,0,12,12,16,2838
compact51__paper_roles,2019-07-22 04:00:00,10.7033372084,58.8378304351,0,0,0,12,12,277,4350
compact51__paper_roles,2019-07-22 05:00:00,16.9051525519,66.0389401188,0,0,0,12,12,4295,4954
compact51__paper_roles,2019-07-22 06:00:00,16.5938443419,66.2504819288,0,0,0,12,12,4069,4965
compact51__paper_roles,2019-07-22 07:00:00,10.9280885404,56.4385160416,0,0,0,12,12,338,4050
compact51__paper_roles,2019-07-22 08:00:00,12.4103291194,55.6530185222,0,0,0,12,12,1012,3915
compact51__paper_roles,2019-07-22 09:00:00,10.770334944,49.0540973148,0,0,0,12,12,294,2427
compact51__paper_roles,2019-07-22 10:00:00,12.6241018691,49.744017062,0,0,0,12,12,1138,2603
compact51__paper_roles,2019-07-22 11:00:00,13.3352837503,49.0360671572,0,0,0,12,12,1580,2423
compact51__paper_roles,2019-07-22 12:00:00,12.5934961519,51.6586283111,0,0,0,12,12,1126,3080
compact51__paper_roles,2019-07-22 13:00:00,15.2742960565,41.5548497634,0,0,0,12,12,3040,739
compact51__paper_roles,2019-07-22 14:00:00,21.0364306768,54.2709259502,0,0,0,12,12,6804,3661
compact51__paper_roles,2019-07-22 15:00:00,26.2758721031,122.872588061,1,0,0,12,12,8183,6680
compact51__paper_roles,2019-07-22 16:00:00,29.5166226437,237.120651487,1,0,0,13,13,8478,7701
compact51__paper_roles,2019-07-22 17:00:00,31.1593385821,551.341865002,0,0,0,11,11,8568,8295
compact51__paper_roles,2019-07-22 18:00:00,29.5754294115,145.338998407,1,0,0,12,12,8483,6998
compact51__paper_roles,2019-07-22 19:00:00,21.8946059789,44.6864321847,0,0,0,12,12,7165,1297
compact51__paper_roles,2019-07-22 20:00:00,21.6336235169,53.0996806953,0,0,0,12,12,7071,3430
compact51__paper_roles,2019-07-22 21:00:00,21.6148187265,49.0406708482,0,0,0,12,12,7062,2424
compact51__paper_roles,2019-07-22 22:00:00,15.3143265601,41.0587729314,0,0,0,12,12,3072,659
compact51__paper_roles,2019-07-22 23:00:00,15.9916272167,45.2470972961,0,0,0,12,12,3600,1430
compact51__paper_roles,2019-07-23 00:00:00,17.4707433484,45.5208498814,0,0,0,12,12,4736,1495
compact51__paper_roles,2019-07-23 01:00:00,12.2439509844,49.43717872,0,0,0,13,12,923,2524
compact51__paper_roles,2019-07-23 02:00:00,12.8088355023,46.7553553766,0,0,0,12,12,1244,1798
compact51__paper_roles,2019-07-23 03:00:00,12.9283285685,42.1325714119,0,0,0,12,12,1314,826
compact51__paper_roles,2019-07-23 04:00:00,14.1667754624,47.702981334,0,0,0,12,12,2145,2055
compact51__paper_roles,2019-07-23 05:00:00,17.3766628878,55.6594237641,0,0,0,12,12,4666,3918
compact51__paper_roles,2019-07-23 06:00:00,13.7579414088,50.1369701394,0,0,0,12,12,1858,2704
compact51__paper_roles,2019-07-23 07:00:00,12.6184535539,154.11190531,0,0,0,12,12,1134,7105
compact51__paper_roles,2019-07-23 08:00:00,13.1761780327,108.78949225,0,0,0,12,12,1483,6411
compact51__paper_roles,2019-07-23 09:00:00,14.2789489855,123.166439128,0,0,0,12,12,2238,6687
compact51__paper_roles,2019-07-23 10:00:00,12.7862058378,89.7229381113,0,0,0,12,12,1225,5897
compact51__paper_roles,2019-07-23 11:00:00,11.8854521719,77.3159939144,0,0,0,13,13,713,5447
compact51__paper_roles,2019-07-23 12:00:00,11.332778802,99.4351022123,0,0,0,12,12,477,6194
compact51__paper_roles,2019-07-23 13:00:00,15.9974233314,4289.46497825,0,0,0,12,12,3605,8699
compact51__paper_roles,2019-07-23 14:00:00,14.0179023025,50.7033493434,0,0,0,12,12,2035,2851
compact51__paper_roles,2019-07-23 15:00:00,12.1320526668,49.7449871765,0,0,0,12,12,852,2604
compact51__paper_roles,2019-07-23 16:00:00,14.1525509279,52.123159141,0,0,0,12,12,2136,3197
compact51__paper_roles,2019-07-23 17:00:00,17.5457056347,81.2361065779,0,0,0,13,12,4791,5607
compact51__paper_roles,2019-07-23 18:00:00,15.8569058155,95.887252335,0,0,0,14,14,3498,6104
compact51__paper_roles,2019-07-23 19:00:00,17.991401243,330.162445368,1,0,0,11,11,5126,8005
compact51__paper_roles,2019-07-23 20:00:00,18.0951972239,448.121416507,1,0,0,12,12,5187,8190
compact51__paper_roles,2019-07-23 21:00:00,18.9939424931,681.227679154,1,0,0,12,12,5793,8387
compact51__paper_roles,2019-07-23 22:00:00,13.713100651,46.8271662636,0,0,0,12,12,1823,1817
compact51__paper_roles,2019-07-23 23:00:00,16.5022561111,89.8184615513,0,0,0,12,12,4006,5902
compact51__paper_roles,2019-07-24 00:00:00,12.1315355081,42.4616427849,0,0,0,12,12,851,887
compact51__paper_roles,2019-07-24 01:00:00,13.1951523996,75.8385426889,0,0,0,12,12,1496,5392
compact51__paper_roles,2019-07-24 02:00:00,13.7463134057,94.677574157,0,0,0,12,12,1843,6067
compact51__paper_roles,2019-07-24 03:00:00,12.7946769362,60.3443971893,0,0,0,12,12,1231,4518
compact51__paper_roles,2019-07-24 04:00:00,18.7591282827,63.2376806019,0,0,0,12,12,5638,4756
compact51__paper_roles,2019-07-24 05:00:00,25.3780094252,103.115978462,0,0,0,12,12,8036,6290
compact51__paper_roles,2019-07-24 06:00:00,23.2616620368,187.895027944,0,0,0,12,12,7573,7401
compact51__paper_roles,2019-07-24 07:00:00,15.4632657563,125.545965466,0,0,0,12,12,3161,6723
compact51__paper_roles,2019-07-24 08:00:00,12.022381,55.6778706349,0,0,0,13,12,796,3926
compact51__paper_roles,2019-07-24 09:00:00,10.6537043261,52.2998741691,0,0,0,13,13,266,3240
compact51__paper_roles,2019-07-24 10:00:00,10.6480826755,57.5818377,0,0,0,12,12,264,4209
compact51__paper_roles,2019-07-24 11:00:00,13.9730409908,112.456573169,1,0,0,13,13,2007,6483
compact51__paper_roles,2019-07-24 12:00:00,12.0342437894,80.7603678989,0,0,0,11,11,805,5586
compact51__paper_roles,2019-07-24 13:00:00,11.8982378119,102.228307915,1,0,0,12,12,720,6269
compact51__paper_roles,2019-07-24 14:00:00,9.57518940133,55.9872047562,0,0,0,12,12,72,3974
compact51__paper_roles,2019-07-24 15:00:00,10.091136668,83.2482273111,0,0,0,12,12,153,5678
compact51__paper_roles,2019-07-24 16:00:00,11.0476820012,55.8725732539,0,0,0,12,12,369,3959
compact51__paper_roles,2019-07-24 17:00:00,11.099470412,55.0749351383,0,0,0,12,12,394,3804
compact51__paper_roles,2019-07-24 18:00:00,16.7117551448,50.4386297653,0,0,0,12,12,4162,2789
compact51__paper_roles,2019-07-24 19:00:00,19.4574074904,50.399557065,0,0,0,13,12,6061,2778
compact51__paper_roles,2019-07-24 20:00:00,16.1416464717,55.4895587051,0,0,0,12,12,3719,3886
compact51__paper_roles,2019-07-24 21:00:00,16.9523686343,62.5145050589,0,0,0,12,12,4327,4702
compact51__paper_roles,2019-07-24 22:00:00,12.5422853884,45.1773891806,0,0,0,12,12,1097,1410
compact51__paper_roles,2019-07-24 23:00:00,14.1619117774,41.5641703712,0,0,0,12,12,2142,740
compact51__paper_roles,2019-07-25 00:00:00,11.4059976629,46.7534428106,0,0,0,12,12,513,1795
compact51__paper_roles,2019-07-25 01:00:00,8.50181936102,41.0718696161,0,0,0,12,12,14,663
compact51__paper_roles,2019-07-25 02:00:00,11.4631187851,38.5405256,0,0,0,12,12,541,353
compact51__paper_roles,2019-07-25 03:00:00,7.53153850768,38.2651354304,0,0,0,12,12,2,329
compact51__paper_roles,2019-07-25 04:00:00,9.76184588517,42.8183763537,0,0,0,12,12,99,943
compact51__paper_roles,2019-07-25 05:00:00,18.9502423034,53.0689270924,0,0,0,12,12,5759,3426
compact51__paper_roles,2019-07-25 06:00:00,18.3525412918,54.1934676718,0,0,0,12,12,5357,3651
compact51__paper_roles,2019-07-25 07:00:00,10.0833520535,45.7922105782,0,0,0,12,12,152,1555
compact51__paper_roles,2019-07-25 08:00:00,10.774863213,48.0377524038,0,0,0,12,12,296,2155
compact51__paper_roles,2019-07-25 09:00:00,11.3704933014,51.6457190404,0,0,0,12,12,495,3077
compact51__paper_roles,2019-07-25 10:00:00,11.0577862431,56.7029504698,0,0,0,12,12,374,4093
compact51__paper_roles,2019-07-25 11:00:00,11.7439896774,64.2444504002,0,0,0,12,12,642,4826
compact51__paper_roles,2019-07-25 12:00:00,10.0545337833,56.5375495677,0,0,0,12,12,142,4067
compact51__paper_roles,2019-07-25 13:00:00,10.1655665087,51.8290657989,0,0,0,12,12,161,3133
compact51__paper_roles,2019-07-25 14:00:00,11.2033223655,55.8328264802,0,0,0,12,12,431,3954
compact51__paper_roles,2019-07-25 15:00:00,12.4435586099,50.5392601854,0,0,0,12,12,1036,2811
compact51__paper_roles,2019-07-25 16:00:00,12.9731960531,53.3783204832,0,0,0,12,12,1348,3503
compact51__paper_roles,2019-07-25 17:00:00,15.3640754635,56.3602952009,0,0,0,12,12,3103,4036
compact51__paper_roles,2019-07-25 18:00:00,16.9039514101,49.3751161309,0,0,0,12,12,4293,2505
compact51__paper_roles,2019-07-25 19:00:00,18.9707369241,167.746346402,1,0,0,12,12,5773,7245
compact51__paper_roles,2019-07-25 20:00:00,14.7171254713,65.4134512289,0,0,0,12,12,2588,4915
compact51__paper_roles,2019-07-25 21:00:00,13.6998487202,48.6668307209,0,0,0,12,12,1814,2338
compact51__paper_roles,2019-07-25 22:00:00,13.3745800352,45.5012351891,0,0,0,12,12,1604,1490
compact51__paper_roles,2019-07-25 23:00:00,17.3654413818,34.254488283,0,0,0,12,12,4654,108
compact51__paper_roles,2019-07-26 00:00:00,10.0277320857,40.4756093141,0,0,0,12,12,139,577
compact51__paper_roles,2019-07-26 01:00:00,11.2329926975,40.9735214289,0,0,0,12,12,441,646
compact51__paper_roles,2019-07-26 02:00:00,9.47733422905,36.6756332652,0,0,0,12,12,64,214
compact51__paper_roles,2019-07-26 03:00:00,9.39838082001,37.7229268596,0,0,0,12,12,54,286
compact51__paper_roles,2019-07-26 04:00:00,17.1283580112,42.3138738819,0,0,0,12,12,4459,860
compact51__paper_roles,2019-07-26 05:00:00,23.3453512445,52.5246823705,0,0,0,12,12,7592,3288
compact51__paper_roles,2019-07-26 06:00:00,20.9203819359,153.936899922,0,0,0,12,12,6750,7101
compact51__paper_roles,2019-07-26 07:00:00,9.8977555041,45.9738512098,0,0,0,12,12,118,1610
compact51__paper_roles,2019-07-26 08:00:00,10.436644034,51.7645605728,0,0,0,12,12,222,3115
compact51__paper_roles,2019-07-26 09:00:00,11.9734187384,52.9506640027,0,0,0,12,12,765,3390
compact51__paper_roles,2019-07-26 10:00:00,11.443357627,56.2094325359,0,0,0,12,12,532,4012
compact51__paper_roles,2019-07-26 11:00:00,13.6116541089,57.7343644231,0,0,0,12,12,1754,4226
compact51__paper_roles,2019-07-26 12:00:00,13.1154286095,67.925241673,0,0,0,12,12,1451,5055
compact51__paper_roles,2019-07-26 13:00:00,12.31575421,75.5002374757,0,0,0,12,12,965,5377
compact51__paper_roles,2019-07-26 14:00:00,12.7412266743,94.2158178407,0,0,0,12,12,1201,6053
compact51__paper_roles,2019-07-26 15:00:00,13.3791198932,105.778726737,1,0,0,12,12,1607,6354
compact51__paper_roles,2019-07-26 16:00:00,15.6201078754,86.1700767704,0,0,0,12,12,3298,5795
compact51__paper_roles,2019-07-26 17:00:00,16.5737929538,81.3666292794,0,0,0,12,12,4051,5614
compact51__paper_roles,2019-07-26 18:00:00,22.0170733065,91.8415532589,0,0,0,12,12,7193,5965
compact51__paper_roles,2019-07-26 19:00:00,27.7727888623,104.393837664,1,0,0,12,12,8364,6324
compact51__paper_roles,2019-07-26 20:00:00,26.894694761,104.659203445,1,0,0,12,12,8271,6329
compact51__paper_roles,2019-07-26 21:00:00,31.3157189636,149.854517549,1,0,0,12,12,8572,7051
compact51__paper_roles,2019-07-26 22:00:00,27.3412587218,99.8378623213,0,0,0,12,12,8323,6204
compact51__paper_roles,2019-07-26 23:00:00,28.6275578756,62.2604634014,0,0,0,12,12,8430,4680
compact51__paper_roles,2019-07-27 00:00:00,23.5837628677,32.251429658,0,0,0,12,12,7645,60
compact51__paper_roles,2019-07-27 01:00:00,23.4633414613,44.1376447641,0,0,0,12,12,7619,1195
compact51__paper_roles,2019-07-27 02:00:00,22.8419426461,51.6343276208,0,0,0,12,12,7455,3073
compact51__paper_roles,2019-07-27 03:00:00,21.8521452352,75.6604962308,0,0,0,12,12,7153,5386
compact51__paper_roles,2019-07-27 04:00:00,24.4053842683,88.6476986526,0,0,0,12,12,7835,5861
compact51__paper_roles,2019-07-27 05:00:00,30.0130001918,94.7884752705,0,0,0,12,12,8518,6070
compact51__paper_roles,2019-07-27 06:00:00,32.0396963566,99.7406311688,0,0,0,12,12,8603,6202
compact51__paper_roles,2019-07-27 07:00:00,25.401993348,93.0775320761,0,0,0,12,12,8040,6012
compact51__paper_roles,2019-07-27 08:00:00,16.523046823,49.5667645976,0,0,0,13,12,4022,2561
compact51__paper_roles,2019-07-27 09:00:00,16.9930107708,55.2331155565,0,0,0,12,12,4358,3837
compact51__paper_roles,2019-07-27 10:00:00,16.7190416434,56.2881881981,0,0,0,12,12,4172,4021
compact51__paper_roles,2019-07-27 11:00:00,19.4810947814,67.0382498137,0,0,0,12,12,6079,5006
compact51__paper_roles,2019-07-27 12:00:00,23.3661842132,87.793957492,0,0,0,12,12,7598,5829
compact51__paper_roles,2019-07-27 13:00:00,24.5306361937,77.8397540458,0,0,0,12,12,7861,5469
compact51__paper_roles,2019-07-27 14:00:00,21.2780466182,83.6998952312,0,0,0,12,12,6910,5701
compact51__paper_roles,2019-07-27 15:00:00,20.8261805128,92.0885855082,0,0,0,12,12,6703,5978
compact51__paper_roles,2019-07-27 16:00:00,24.87526953,82.2601506347,0,0,0,12,12,7924,5640
compact51__paper_roles,2019-07-27 17:00:00,28.511032307,95.6513360484,0,0,0,12,12,8423,6092
compact51__paper_roles,2019-07-27 18:00:00,33.1765784071,91.5969294967,0,0,0,12,12,8639,5956
compact51__paper_roles,2019-07-27 19:00:00,23.8215458158,82.1478552569,0,0,0,12,12,7714,5636
compact51__paper_roles,2019-07-27 20:00:00,18.6848791073,58.7162408641,0,0,0,12,12,5591,4337
compact51__paper_roles,2019-07-27 21:00:00,19.609883315,48.2442261962,0,0,0,12,12,6154,2215
compact51__paper_roles,2019-07-27 22:00:00,16.0103184577,42.437171532,0,0,0,12,12,3612,881
compact51__paper_roles,2019-07-27 23:00:00,17.1680302878,64.7682834611,0,0,0,12,12,4490,4873
compact51__paper_roles,2019-07-28 00:00:00,12.7575577913,59.9201752527,0,0,0,12,12,1205,4477
compact51__paper_roles,2019-07-28 01:00:00,14.9321700089,169.593768417,0,0,0,12,12,2757,7261
compact51__paper_roles,2019-07-28 02:00:00,13.0011049657,40.5896908136,0,0,0,12,12,1367,590
compact51__paper_roles,2019-07-28 03:00:00,14.5702670744,160.82202233,0,0,0,12,12,2470,7177
compact51__paper_roles,2019-07-28 04:00:00,11.7062592761,135.273137622,0,0,0,12,12,633,6874
compact51__paper_roles,2019-07-28 05:00:00,14.8598999037,338.018979129,0,0,0,12,12,2696,8028
compact51__paper_roles,2019-07-28 06:00:00,18.1800856124,153.599236945,0,0,0,12,12,5244,7098
compact51__paper_roles,2019-07-28 07:00:00,17.9349053999,44.3263869508,0,0,0,12,12,5077,1231
compact51__paper_roles,2019-07-28 08:00:00,16.1698409541,98.7067910309,0,0,0,13,13,3744,6170
compact51__paper_roles,2019-07-28 09:00:00,10.7293306322,47.7503861454,0,0,0,13,12,287,2067
compact51__paper_roles,2019-07-28 10:00:00,10.386261215,50.3994406939,0,0,0,12,12,204,2777
compact51__paper_roles,2019-07-28 11:00:00,11.8708674152,47.1369644498,0,0,0,12,12,706,1910
compact51__paper_roles,2019-07-28 12:00:00,13.619293432,47.1603957248,0,0,0,12,12,1759,1918
compact51__paper_roles,2019-07-28 13:00:00,14.3634508318,44.0438786417,0,0,0,12,12,2309,1169
compact51__paper_roles,2019-07-28 14:00:00,13.452951469,43.2806053683,0,0,0,12,12,1652,1016
compact51__paper_roles,2019-07-28 15:00:00,15.9270538555,43.9778578349,0,0,0,12,12,3553,1160
compact51__paper_roles,2019-07-28 16:00:00,16.4694585461,46.570879403,0,0,0,12,12,3980,1743
compact51__paper_roles,2019-07-28 17:00:00,17.3932535005,61.5683814505,0,0,0,12,12,4678,4626
compact51__paper_roles,2019-07-28 18:00:00,19.3043017204,75.7215211532,0,0,0,12,12,5980,5388
compact51__paper_roles,2019-07-28 19:00:00,19.3737606031,88.3994266038,0,0,0,12,12,6026,5852
compact51__paper_roles,2019-07-28 20:00:00,18.1879363095,77.7330442799,0,0,0,12,12,5250,5463
compact51__paper_roles,2019-07-28 21:00:00,18.8741657507,79.2422672308,0,0,0,12,12,5716,5521
compact51__paper_roles,2019-07-28 22:00:00,15.9178832405,51.3075524577,0,0,0,12,12,3549,3002
compact51__paper_roles,2019-07-28 23:00:00,20.7264812878,39.2991051375,0,0,0,12,12,6658,428
compact51__paper_roles,2019-07-29 00:00:00,15.6144482439,78.0645601532,0,0,0,12,12,3292,5480
compact51__paper_roles,2019-07-29 01:00:00,11.142455209,43.6246612618,0,0,0,12,12,409,1087
compact51__paper_roles,2019-07-29 02:00:00,9.63802651362,43.6729173905,0,0,0,12,12,81,1101
compact51__paper_roles,2019-07-29 03:00:00,7.61410338903,39.9971314849,0,0,0,12,12,4,510
compact51__paper_roles,2019-07-29 04:00:00,13.5978721923,49.257290129,0,0,0,12,12,1743,2474
compact51__paper_roles,2019-07-29 05:00:00,20.6509737322,87.506984392,0,0,0,12,12,6623,5824
compact51__paper_roles,2019-07-29 06:00:00,9.7175568067,44.3184429933,0,0,0,12,12,89,1228
compact51__paper_roles,2019-07-29 07:00:00,16.8575891236,52.1985747333,0,0,0,12,12,4268,3213
compact51__paper_roles,2019-07-29 08:00:00,14.6516180808,72.4171039803,0,0,0,12,12,2539,5245
compact51__paper_roles,2019-07-29 09:00:00,14.6214425697,74.6950669509,0,0,0,12,12,2515,5340
compact51__paper_roles,2019-07-29 10:00:00,14.4675368289,120.697918724,1,0,0,12,12,2383,6636
compact51__paper_roles,2019-07-29 11:00:00,16.0599229175,98.4378415153,0,0,0,12,12,3654,6165
compact51__paper_roles,2019-07-29 12:00:00,18.6264599002,81.3442053847,0,0,0,12,12,5544,5613
compact51__paper_roles,2019-07-29 13:00:00,20.1074607255,59.3544904098,0,0,0,12,12,6401,4420
compact51__paper_roles,2019-07-29 14:00:00,22.7818777835,66.253129479,0,0,0,12,12,7439,4966
compact51__paper_roles,2019-07-29 15:00:00,24.2899615679,64.3573589651,0,0,0,12,12,7808,4834
compact51__paper_roles,2019-07-29 16:00:00,23.0852597642,64.3286594795,0,0,0,12,12,7519,4832
compact51__paper_roles,2019-07-29 17:00:00,20.7964087535,60.075770436,0,0,0,12,12,6688,4493
compact51__paper_roles,2019-07-29 18:00:00,21.0247861914,56.8114546503,0,0,0,12,12,6802,4113
compact51__paper_roles,2019-07-29 19:00:00,22.9304639661,52.072140832,0,0,0,12,12,7475,3178
compact51__paper_roles,2019-07-29 20:00:00,21.0876020073,62.045290036,0,0,0,12,12,6827,4668
compact51__paper_roles,2019-07-29 21:00:00,26.2264058847,232.480848515,1,0,0,12,12,8171,7671
compact51__paper_roles,2019-07-29 22:00:00,25.2801484185,314.823793497,1,0,0,12,12,8018,7966
compact51__paper_roles,2019-07-29 23:00:00,20.3803127399,352.580825965,1,0,0,12,12,6518,8069
compact51__paper_roles,2019-07-30 00:00:00,19.0845100132,575.909252965,0,0,0,12,12,5859,8320
compact51__paper_roles,2019-07-30 01:00:00,17.6045219197,315.155568757,0,0,0,12,12,4832,7967
compact51__paper_roles,2019-07-30 02:00:00,14.7514033726,235.041786914,0,0,0,12,12,2613,7688
compact51__paper_roles,2019-07-30 03:00:00,11.4875230959,650.332515208,1,0,0,12,12,551,8363
compact51__paper_roles,2019-07-30 04:00:00,11.0147870342,224.552816094,0,0,0,12,12,358,7628
compact51__paper_roles,2019-07-30 05:00:00,13.1300241174,128.905264088,0,0,0,12,12,1456,6786
compact51__paper_roles,2019-07-30 06:00:00,13.1922279737,96.0878812672,0,0,0,12,12,1493,6113
compact51__paper_roles,2019-07-30 07:00:00,13.5917974777,103.925763978,1,0,0,12,12,1737,6314
compact51__paper_roles,2019-07-30 08:00:00,14.2386647512,108.213507341,1,0,0,12,12,2204,6395
compact51__paper_roles,2019-07-30 09:00:00,12.7708910717,91.2850628202,0,0,0,12,12,1214,5944
compact51__paper_roles,2019-07-30 10:00:00,14.3063272661,94.8062831381,0,0,0,12,12,2271,6072
compact51__paper_roles,2019-07-30 11:00:00,14.8304978488,63.4313867921,0,0,0,12,12,2674,4768
compact51__paper_roles,2019-07-30 12:00:00,18.8524389492,75.9561139323,0,0,0,12,12,5704,5399
compact51__paper_roles,2019-07-30 13:00:00,19.7099058855,60.9476490068,0,0,0,12,12,6201,4573
compact51__paper_roles,2019-07-30 14:00:00,20.4689023247,57.8004528497,0,0,0,12,12,6566,4235
compact51__paper_roles,2019-07-30 15:00:00,18.8201340397,51.8461212904,0,0,0,12,12,5675,3136
compact51__paper_roles,2019-07-30 16:00:00,19.2715946305,54.797227907,0,0,0,12,12,5964,3756
compact51__paper_roles,2019-07-30 17:00:00,20.3514678252,51.6252781496,0,0,0,12,12,6506,3070
compact51__paper_roles,2019-07-30 18:00:00,21.2816796924,71.7522275244,0,0,0,12,12,6914,5218
compact51__paper_roles,2019-07-30 19:00:00,21.5317653583,112.690966876,1,0,0,12,12,7027,6487
compact51__paper_roles,2019-07-30 20:00:00,24.2605810057,140.840429362,1,0,0,12,12,7802,6947
compact51__paper_roles,2019-07-30 21:00:00,24.9256745614,152.444478261,1,0,0,12,12,7936,7082
compact51__paper_roles,2019-07-30 22:00:00,21.5419641425,123.211378291,1,0,0,12,12,7034,6688
compact51__paper_roles,2019-07-30 23:00:00,23.5012609371,96.5089805768,0,0,0,12,12,7623,6124
compact51__paper_roles,2019-07-31 00:00:00,16.219086612,154.231418424,1,0,0,12,12,3786,7108
compact51__paper_roles,2019-07-31 01:00:00,11.4282624096,106.230519818,1,0,0,12,12,524,6365
compact51__paper_roles,2019-07-31 02:00:00,13.7579107591,69.8721871545,0,0,0,12,12,1857,5137
compact51__paper_roles,2019-07-31 03:00:00,12.476245333,47.2074019596,0,0,0,12,12,1058,1933
compact51__paper_roles,2019-07-31 04:00:00,12.0463256531,44.6221198608,0,0,0,12,12,809,1285
compact51__paper_roles,2019-07-31 05:00:00,12.5082448899,53.2529890952,0,0,0,12,12,1081,3474
compact51__paper_roles,2019-07-31 06:00:00,11.4443460286,42.6347958349,0,0,0,12,12,533,916
compact51__paper_roles,2019-07-31 07:00:00,11.6087580886,56.4779249078,0,0,0,12,12,594,4056
compact51__paper_roles,2019-07-31 08:00:00,14.0967497095,126.637973942,1,0,0,12,12,2097,6746
compact51__paper_roles,2019-07-31 09:00:00,13.4350495177,206.808166645,1,0,0,12,12,1640,7531
compact51__paper_roles,2019-07-31 10:00:00,14.3299282869,136.624228438,1,0,0,12,12,2283,6887
compact51__paper_roles,2019-07-31 11:00:00,14.8651582226,140.278720684,1,0,0,12,12,2698,6939
compact51__paper_roles,2019-07-31 12:00:00,16.9778263046,145.518866603,1,0,0,12,12,4348,7001
compact51__paper_roles,2019-07-31 13:00:00,23.598166221,125.906670594,1,0,0,12,12,7648,6732
compact51__paper_roles,2019-07-31 14:00:00,25.6867745387,507.835391789,1,0,0,12,12,8078,8260
compact51__paper_roles,2019-07-31 15:00:00,24.178556127,741.154748029,0,0,0,12,12,7780,8413
compact51__paper_roles,2019-07-31 16:00:00,23.8087537119,76.9060840622,0,0,0,12,12,7713,5430
compact51__paper_roles,2019-07-31 17:00:00,28.0175751815,209.338664689,0,0,0,14,14,8390,7547
compact51__paper_roles,2019-07-31 18:00:00,26.592832903,80.6615097039,0,0,0,11,11,8229,5579
compact51__paper_roles,2019-07-31 19:00:00,23.9593485421,74.5127455211,0,0,0,12,12,7737,5335
compact51__paper_roles,2019-07-31 20:00:00,22.0396013138,307.25422214,0,0,0,12,12,7197,7951
compact51__paper_roles,2019-07-31 21:00:00,23.1790092651,162.571306524,0,0,0,12,12,7548,7194
compact51__paper_roles,2019-07-31 22:00:00,22.7134566301,217.790550062,0,0,0,12,12,7421,7594
compact51__paper_roles,2019-07-31 23:00:00,17.0210895635,52.2796848164,0,0,0,12,12,4388,3233
compact51__paper_roles,2019-08-01 00:00:00,12.1863221296,95.9396991245,0,0,0,12,12,883,6108
compact51__paper_roles,2019-08-01 01:00:00,10.1907442743,55.0816576786,0,0,0,12,12,168,3806
compact51__paper_roles,2019-08-01 02:00:00,12.6050692399,50.4481462616,0,0,0,12,12,1131,2791
compact51__paper_roles,2019-08-01 03:00:00,15.671151566,50.0526857177,0,0,0,12,12,3338,2680
compact51__paper_roles,2019-08-01 04:00:00,17.1855333186,50.1667755917,0,0,0,12,12,4512,2714
compact51__paper_roles,2019-08-01 05:00:00,16.6079102121,55.4598150477,0,0,0,12,12,4078,3877
compact51__paper_roles,2019-08-01 06:00:00,12.6473449844,54.0360540032,0,0,0,13,12,1159,3616
compact51__paper_roles,2019-08-01 07:00:00,11.0965268351,49.3809783966,0,0,0,12,12,393,2506
compact51__paper_roles,2019-08-01 08:00:00,15.9333002841,130.947575552,1,0,0,12,12,3557,6814
compact51__paper_roles,2019-08-01 09:00:00,14.6373640543,212.629735804,1,0,0,12,12,2528,7561
compact51__paper_roles,2019-08-01 10:00:00,15.2919347256,330.444424397,1,0,0,12,12,3057,8006
compact51__paper_roles,2019-08-01 11:00:00,13.8473299691,458.921469491,1,0,0,12,12,1919,8204
compact51__paper_roles,2019-08-01 12:00:00,14.9739939588,267.462414304,1,0,0,12,12,2795,7815
compact51__paper_roles,2019-08-01 13:00:00,15.5457267699,214.119680609,1,0,0,12,12,3228,7568
compact51__paper_roles,2019-08-01 14:00:00,18.9721532539,246.563399062,1,0,0,12,12,5776,7742
compact51__paper_roles,2019-08-01 15:00:00,22.9007683941,197.574662094,0,0,0,12,12,7471,7470
compact51__paper_roles,2019-08-01 16:00:00,24.1921843353,633.702497794,1,0,0,12,12,7785,8356
compact51__paper_roles,2019-08-01 17:00:00,22.6974106348,903.56329404,1,0,0,12,12,7418,8470
compact51__paper_roles,2019-08-01 18:00:00,21.5894026317,517.323861353,1,0,0,12,12,7049,8271
compact51__paper_roles,2019-08-01 19:00:00,20.9492229557,279.95344422,1,0,0,12,12,6766,7861
compact51__paper_roles,2019-08-01 20:00:00,23.1023300019,176.059096047,1,0,0,12,12,7523,7321
compact51__paper_roles,2019-08-01 21:00:00,22.318683576,122.065732369,1,0,0,12,12,7300,6661
compact51__paper_roles,2019-08-01 22:00:00,18.0834746519,117.257327002,1,0,0,12,12,5177,6557
compact51__paper_roles,2019-08-01 23:00:00,17.8002627323,293.263585352,0,0,0,12,12,4970,7908
compact51__paper_roles,2019-08-02 00:00:00,11.2998165613,49.9817539732,0,0,0,12,12,465,2661
compact51__paper_roles,2019-08-02 01:00:00,14.6283522531,88.0889120358,0,0,0,12,12,2521,5838
compact51__paper_roles,2019-08-02 02:00:00,15.3156071834,71.8794088277,0,0,0,12,12,3073,5223
compact51__paper_roles,2019-08-02 03:00:00,13.1805893578,84.7871366161,0,0,0,12,12,1486,5742
compact51__paper_roles,2019-08-02 04:00:00,14.1172617225,98.0342839366,0,0,0,12,12,2113,6157
compact51__paper_roles,2019-08-02 05:00:00,18.5968856296,115.617448916,1,0,0,12,12,5523,6540
compact51__paper_roles,2019-08-02 06:00:00,15.9530575348,201.416315512,0,0,0,12,12,3572,7499
compact51__paper_roles,2019-08-02 07:00:00,12.9638268228,50.7624395292,0,0,0,12,12,1338,2870
compact51__paper_roles,2019-08-02 08:00:00,12.8064946333,52.773991934,0,0,0,12,12,1241,3346
compact51__paper_roles,2019-08-02 09:00:00,14.1772002471,58.2588127361,0,0,0,12,12,2153,4280
compact51__paper_roles,2019-08-02 10:00:00,14.3473495058,126.474782899,1,0,0,12,12,2296,6743
compact51__paper_roles,2019-08-02 11:00:00,14.5759308636,163.806744145,1,0,0,12,12,2475,7212
compact51__paper_roles,2019-08-02 12:00:00,17.5301190246,368.477540369,1,0,0,12,12,4778,8098
compact51__paper_roles,2019-08-02 13:00:00,17.531830108,439.037322913,1,0,0,12,12,4781,8180
compact51__paper_roles,2019-08-02 14:00:00,17.2100546885,867.675382745,1,0,0,12,12,4535,8460
compact51__paper_roles,2019-08-02 15:00:00,17.9246143075,169.599601768,0,0,0,12,12,5063,7262
compact51__paper_roles,2019-08-02 16:00:00,18.9597281129,62.6972152502,0,0,0,12,12,5767,4713
compact51__paper_roles,2019-08-02 17:00:00,21.8864273026,83.7404877235,0,0,0,12,12,7161,5704
compact51__paper_roles,2019-08-02 18:00:00,27.1398725875,177.756949018,1,0,0,12,12,8302,7333
compact51__paper_roles,2019-08-02 19:00:00,26.8685679908,227.882251617,1,0,0,12,12,8269,7648
compact51__paper_roles,2019-08-02 20:00:00,25.1401075427,155.515718814,1,0,0,12,12,7978,7120
compact51__paper_roles,2019-08-02 21:00:00,28.0845227385,95.7042591862,0,0,0,12,12,8399,6094
compact51__paper_roles,2019-08-02 22:00:00,21.7835497766,76.5105919195,0,0,0,12,12,7121,5420
compact51__paper_roles,2019-08-02 23:00:00,20.1282181199,288.51585872,1,0,0,12,12,6407,7901
compact51__paper_roles,2019-08-03 00:00:00,12.2030043336,43.5012800185,0,0,0,12,12,894,1059
compact51__paper_roles,2019-08-03 01:00:00,8.57036998281,50.3372958623,0,0,0,12,12,17,2757
compact51__paper_roles,2019-08-03 02:00:00,8.73948266198,48.7632215587,0,0,0,12,12,22,2364
compact51__paper_roles,2019-08-03 03:00:00,12.5975522318,53.1375727515,0,0,0,12,12,1128,3444
compact51__paper_roles,2019-08-03 04:00:00,14.8237182491,53.6150163426,0,0,0,12,12,2668,3543
compact51__paper_roles,2019-08-03 05:00:00,21.7439643227,64.8278612861,0,0,0,12,12,7102,4882
compact51__paper_roles,2019-08-03 06:00:00,23.9731952958,118.00309553,0,0,0,12,12,7740,6577
compact51__paper_roles,2019-08-03 07:00:00,25.8909235849,91.9478217459,0,0,0,12,12,8113,5969
compact51__paper_roles,2019-08-03 08:00:00,19.2340313052,86.4382824991,0,0,0,12,12,5942,5803
compact51__paper_roles,2019-08-03 09:00:00,22.5885166079,110.912471237,1,0,0,12,12,7385,6452
compact51__paper_roles,2019-08-03 10:00:00,28.1551218141,146.887361528,1,0,0,12,12,8406,7021
compact51__paper_roles,2019-08-03 11:00:00,32.2453962815,168.000148242,1,0,0,12,12,8608,7249
compact51__paper_roles,2019-08-03 12:00:00,31.7421535889,216.501953534,1,0,0,13,13,8591,7586
compact51__paper_roles,2019-08-03 13:00:00,36.1786267358,222.874520833,1,0,0,12,12,8698,7616
compact51__paper_roles,2019-08-03 14:00:00,40.532042285,253.375421348,1,0,0,12,12,8736,7772
compact51__paper_roles,2019-08-03 15:00:00,40.7251872401,282.609899258,1,0,0,12,12,8739,7875
compact51__paper_roles,2019-08-03 16:00:00,40.3101049681,341.520613413,1,0,0,12,12,8735,8037
compact51__paper_roles,2019-08-03 17:00:00,40.6711827237,347.19543258,1,0,0,12,12,8737,8054
compact51__paper_roles,2019-08-03 18:00:00,42.6974701881,317.623493082,1,0,0,12,12,8748,7975
compact51__paper_roles,2019-08-03 19:00:00,42.1740659148,230.951501045,1,0,0,12,12,8746,7663
compact51__paper_roles,2019-08-03 20:00:00,32.6684610814,225.429348463,1,0,0,12,12,8623,7633
compact51__paper_roles,2019-08-03 21:00:00,34.9337295008,398.199547693,1,0,0,12,12,8686,8135
compact51__paper_roles,2019-08-03 22:00:00,33.1278115993,368.419813576,1,0,0,12,12,8637,8097
compact51__paper_roles,2019-08-03 23:00:00,29.5927537674,140293.886761,0,0,0,12,12,8486,8759
compact51__paper_roles,2019-08-04 00:00:00,18.8890604001,168.965654529,1,0,0,12,12,5722,7253
compact51__paper_roles,2019-08-04 01:00:00,17.8189133327,123.502387364,1,0,0,12,12,4987,6696
compact51__paper_roles,2019-08-04 02:00:00,20.2842130052,233.251396412,1,0,0,12,12,6476,7675
compact51__paper_roles,2019-08-04 03:00:00,11.3869218226,45.6348804017,0,0,0,12,12,501,1515
compact51__paper_roles,2019-08-04 04:00:00,13.6416833031,46.5563287451,0,0,0,12,12,1777,1738
compact51__paper_roles,2019-08-04 05:00:00,12.615975555,44.2034657606,0,0,0,12,12,1132,1206
compact51__paper_roles,2019-08-04 06:00:00,20.9778683539,123.490633806,0,0,0,12,12,6782,6694
compact51__paper_roles,2019-08-04 07:00:00,16.3205982774,483.467102563,1,0,0,12,12,3857,8230
compact51__paper_roles,2019-08-04 08:00:00,10.6154665015,123.928852866,0,0,0,12,12,256,6701
compact51__paper_roles,2019-08-04 09:00:00,11.7718181348,170.876231033,1,0,0,12,12,652,7275
compact51__paper_roles,2019-08-04 10:00:00,12.00222184,51.0680180255,0,0,0,12,12,783,2947
compact51__paper_roles,2019-08-04 11:00:00,12.2557872234,51.9912119667,0,0,0,12,12,933,3162
compact51__paper_roles,2019-08-04 12:00:00,14.9133708902,74.8105681888,0,0,0,12,12,2739,5344
compact51__paper_roles,2019-08-04 13:00:00,18.209218588,111.556871262,1,0,0,12,12,5263,6464
compact51__paper_roles,2019-08-04 14:00:00,18.3736058413,120.558720454,1,0,0,12,12,5376,6628
compact51__paper_roles,2019-08-04 15:00:00,20.8065375436,171.286100886,1,0,0,12,12,6693,7279
compact51__paper_roles,2019-08-04 16:00:00,19.4724051883,228.292615753,1,0,0,12,12,6069,7650
compact51__paper_roles,2019-08-04 17:00:00,20.2706033087,143.559271886,1,0,0,12,12,6472,6984
compact51__paper_roles,2019-08-04 18:00:00,22.3744108896,189.246045915,1,0,0,12,12,7319,7406
compact51__paper_roles,2019-08-04 19:00:00,22.8580289807,182.641845588,1,0,0,12,12,7458,7366
compact51__paper_roles,2019-08-04 20:00:00,25.2972056781,135.502253022,1,0,0,12,12,8021,6877
compact51__paper_roles,2019-08-04 21:00:00,24.4873621425,79.7665100889,0,0,0,12,12,7851,5546
compact51__paper_roles,2019-08-04 22:00:00,20.6938736624,49.8571627139,0,0,0,12,12,6640,2629
compact51__paper_roles,2019-08-04 23:00:00,21.9821299243,44.0926060603,0,0,0,12,12,7187,1177
compact51__paper_roles,2019-08-05 00:00:00,17.1093741921,341.851029658,1,0,0,12,12,4447,8038
compact51__paper_roles,2019-08-05 01:00:00,9.58336707811,436.474064606,1,0,0,12,12,73,8177
compact51__paper_roles,2019-08-05 02:00:00,9.50689006542,117.493470154,0,0,0,12,12,67,6564
compact51__paper_roles,2019-08-05 03:00:00,9.37941774587,247.033679978,1,0,0,12,12,51,7745
compact51__paper_roles,2019-08-05 04:00:00,15.2883274925,233.339730974,0,0,0,12,12,3054,7676
compact51__paper_roles,2019-08-05 05:00:00,20.3989821459,53.2544689899,0,0,0,13,13,6530,3475
compact51__paper_roles,2019-08-05 06:00:00,17.2582816435,79.2910135156,0,0,0,12,12,4581,5524
compact51__paper_roles,2019-08-05 07:00:00,11.3346031273,150.89926866,0,0,0,12,12,478,7066
compact51__paper_roles,2019-08-05 08:00:00,10.4403125327,625.019345737,1,0,0,12,12,223,8354
compact51__paper_roles,2019-08-05 09:00:00,11.526532068,502.93689961,1,0,0,12,12,567,8254
compact51__paper_roles,2019-08-05 10:00:00,13.104097873,70.6308571739,0,0,0,12,12,1437,5178
compact51__paper_roles,2019-08-05 11:00:00,13.0277878164,77.2588457334,0,0,0,12,12,1387,5439
compact51__paper_roles,2019-08-05 12:00:00,15.877245679,91.1819430735,0,0,0,12,12,3516,5940
compact51__paper_roles,2019-08-05 13:00:00,18.9028625624,133.82766058,0,0,0,12,12,5728,6854
compact51__paper_roles,2019-08-05 14:00:00,18.7422509449,75.4053608374,0,0,0,12,12,5626,5371
compact51__paper_roles,2019-08-05 15:00:00,22.274735358,51.963745107,0,0,0,12,12,7280,3157
compact51__paper_roles,2019-08-05 16:00:00,22.6428629925,57.5116793322,0,0,0,12,12,7406,4197
compact51__paper_roles,2019-08-05 17:00:00,25.1634729943,59.2195244462,0,0,0,12,12,7988,4396
compact51__paper_roles,2019-08-05 18:00:00,26.8601310919,157.779127984,0,0,0,12,12,8267,7144
compact51__paper_roles,2019-08-05 19:00:00,28.0803128157,216.055359389,0,0,0,12,12,8395,7579
compact51__paper_roles,2019-08-05 20:00:00,26.5300174423,320.76000319,0,0,0,12,12,8219,7987
compact51__paper_roles,2019-08-05 21:00:00,26.3928232343,92.4273393053,0,0,0,12,12,8203,5992
compact51__paper_roles,2019-08-05 22:00:00,17.9047332407,49.4756093106,0,0,0,12,12,5044,2534
compact51__paper_roles,2019-08-05 23:00:00,19.8867916979,46.7204060656,0,0,0,12,12,6297,1784
compact51__paper_roles,2019-08-06 00:00:00,12.6632238858,152.178331754,1,0,0,12,12,1165,7079
compact51__paper_roles,2019-08-06 01:00:00,9.39749512541,44.6937254297,0,0,0,12,12,53,1300
compact51__paper_roles,2019-08-06 02:00:00,11.5355129434,209.607823779,1,0,0,12,12,570,7549
compact51__paper_roles,2019-08-06 03:00:00,14.2864425111,211.864932506,1,0,0,12,12,2248,7558
compact51__paper_roles,2019-08-06 04:00:00,13.7208228644,274.591835687,1,0,0,12,12,1828,7836
compact51__paper_roles,2019-08-06 05:00:00,15.2414367792,2402.91941969,1,0,0,12,12,3012,8647
compact51__paper_roles,2019-08-06 06:00:00,7.7172968865,99.7886825453,0,0,0,12,12,5,6203
compact51__paper_roles,2019-08-06 07:00:00,11.1584014769,96.9036056817,0,0,0,12,12,414,6134
compact51__paper_roles,2019-08-06 08:00:00,13.2209178822,337.525784116,0,0,0,12,12,1513,8025
compact51__paper_roles,2019-08-06 09:00:00,14.7724644715,389.819663092,0,0,0,12,12,2626,8125
compact51__paper_roles,2019-08-06 10:00:00,15.3031945332,114.465455576,0,0,0,12,12,3063,6520
compact51__paper_roles,2019-08-06 11:00:00,21.9642082475,126.936020747,0,0,0,12,12,7183,6759
compact51__paper_roles,2019-08-06 12:00:00,24.0298045459,132.936970181,0,0,0,12,12,7748,6843
compact51__paper_roles,2019-08-06 13:00:00,24.3814080895,50.5093176988,0,0,0,12,12,7828,2804
compact51__paper_roles,2019-08-06 14:00:00,20.6153252709,54.8993809595,0,0,0,12,12,6611,3773
compact51__paper_roles,2019-08-06 15:00:00,23.2601578283,54.8522057131,0,0,0,12,12,7571,3763
compact51__paper_roles,2019-08-06 16:00:00,22.9514115033,55.4913626415,0,0,0,12,12,7479,3887
compact51__paper_roles,2019-08-06 17:00:00,19.7879906705,52.7962234896,0,0,0,12,12,6248,3349
compact51__paper_roles,2019-08-06 18:00:00,20.2625319414,55.958551963,0,0,0,12,12,6468,3972
compact51__paper_roles,2019-08-06 19:00:00,22.5476642815,47.0594936909,0,0,0,12,12,7365,1886
compact51__paper_roles,2019-08-06 20:00:00,31.6454753852,65.0000745016,0,0,0,12,12,8582,4893
compact51__paper_roles,2019-08-06 21:00:00,27.3270089875,84.3224212197,0,0,0,12,12,8321,5724
compact51__paper_roles,2019-08-06 22:00:00,22.1962863135,441.004322567,0,0,0,13,13,7252,8182
compact51__paper_roles,2019-08-06 23:00:00,24.286441835,247.066993353,1,0,0,12,12,7806,7746
compact51__paper_roles,2019-08-07 00:00:00,15.3628951639,255.939717686,1,0,0,12,12,3102,7781
compact51__paper_roles,2019-08-07 01:00:00,14.3611477683,48.2812711655,0,0,0,12,12,2308,2228
compact51__paper_roles,2019-08-07 02:00:00,15.1161527091,471.12444022,0,0,0,12,12,2907,8217
compact51__paper_roles,2019-08-07 03:00:00,14.577484347,45.2339389604,0,0,0,12,12,2476,1423
compact51__paper_roles,2019-08-07 04:00:00,16.640601878,142.31727124,1,0,0,12,12,4109,6960
compact51__paper_roles,2019-08-07 05:00:00,17.5176375144,67.909803672,0,0,0,12,12,4763,5053
compact51__paper_roles,2019-08-07 06:00:00,13.0924940145,51.4776739638,0,0,0,12,12,1426,3043
compact51__paper_roles,2019-08-07 07:00:00,14.250954208,149.906903521,1,0,0,12,11,2213,7052
compact51__paper_roles,2019-08-07 08:00:00,15.8916063366,231.78394715,1,0,0,12,12,3530,7668
compact51__paper_roles,2019-08-07 09:00:00,16.1784181711,207.934043575,1,0,0,12,12,3753,7537
compact51__paper_roles,2019-08-07 10:00:00,14.1294990111,215.269695783,1,0,0,12,12,2120,7575
compact51__paper_roles,2019-08-07 11:00:00,13.3059055045,173.208808768,1,0,0,12,12,1564,7299
compact51__paper_roles,2019-08-07 12:00:00,20.0792949001,236.514674444,1,0,0,12,12,6387,7698
compact51__paper_roles,2019-08-07 13:00:00,25.1445596252,1253.53490159,0,0,0,12,12,7981,8539
compact51__paper_roles,2019-08-07 14:00:00,23.6064964679,264.548529725,0,0,0,12,12,7651,7807
compact51__paper_roles,2019-08-07 15:00:00,26.4591465084,300.500410553,0,0,0,12,12,8212,7924
compact51__paper_roles,2019-08-07 16:00:00,26.744986771,667.70437979,0,0,0,12,12,8253,8379
compact51__paper_roles,2019-08-07 17:00:00,25.447659673,90.2457000203,0,0,0,12,12,8045,5918
compact51__paper_roles,2019-08-07 18:00:00,26.0976447862,70.3289071013,0,0,0,12,12,8151,5154
compact51__paper_roles,2019-08-07 19:00:00,27.1248018538,67.5295464517,0,0,0,12,12,8297,5033
compact51__paper_roles,2019-08-07 20:00:00,34.5897979407,175.464437294,1,0,0,12,12,8679,7315
compact51__paper_roles,2019-08-07 21:00:00,33.6267283176,174.503740909,0,0,0,12,12,8652,7309
compact51__paper_roles,2019-08-07 22:00:00,26.1736634145,464.953199266,0,0,0,12,12,8163,8210
compact51__paper_roles,2019-08-07 23:00:00,32.6324710995,67.2029649951,0,0,0,12,12,8621,5013
compact51__paper_roles,2019-08-08 00:00:00,18.9016592409,323.702631959,1,0,0,12,12,5727,7992
compact51__paper_roles,2019-08-08 01:00:00,17.4550606621,149.162120221,1,0,0,12,12,4727,7041
compact51__paper_roles,2019-08-08 02:00:00,15.8954216738,107.488855799,1,0,0,12,12,3531,6385
compact51__paper_roles,2019-08-08 03:00:00,15.2479944871,99.6024567105,0,0,0,12,12,3020,6197
compact51__paper_roles,2019-08-08 04:00:00,13.9545184677,95.8655950092,0,0,0,12,12,1998,6102
compact51__paper_roles,2019-08-08 05:00:00,20.8950701295,64.5577848467,0,0,0,12,12,6737,4857
compact51__paper_roles,2019-08-08 06:00:00,14.6327343112,303.712024576,0,0,0,12,12,2524,7934
compact51__paper_roles,2019-08-08 07:00:00,12.1830584505,76.6599307072,0,0,0,12,12,880,5422
compact51__paper_roles,2019-08-08 08:00:00,13.7223113011,69.2784751259,0,0,0,12,12,1830,5108
compact51__paper_roles,2019-08-08 09:00:00,14.6769160383,108.365377797,1,0,0,12,12,2553,6398
compact51__paper_roles,2019-08-08 10:00:00,12.8694476256,154.314054309,1,0,0,12,12,1276,7110
compact51__paper_roles,2019-08-08 11:00:00,15.5116879593,150.451437781,1,0,0,12,12,3202,7061
compact51__paper_roles,2019-08-08 12:00:00,17.005215464,101.958398953,1,0,0,12,12,4369,6264
compact51__paper_roles,2019-08-08 13:00:00,17.2852666725,73.2484274611,0,0,0,12,12,4600,5270
compact51__paper_roles,2019-08-08 14:00:00,20.8702474669,83.6792732049,0,0,0,12,12,6730,5699
compact51__paper_roles,2019-08-08 15:00:00,19.4488830356,55.4237495071,0,0,0,12,12,6057,3870
compact51__paper_roles,2019-08-08 16:00:00,17.207917217,51.46552346,0,0,0,12,12,4532,3040
compact51__paper_roles,2019-08-08 17:00:00,18.0227420574,48.8499342434,0,0,0,13,13,5138,2378
compact51__paper_roles,2019-08-08 18:00:00,20.9192067344,50.5892777352,0,0,0,12,12,6748,2818
compact51__paper_roles,2019-08-08 19:00:00,25.3183054519,85.9612571788,0,0,0,12,12,8025,5789
compact51__paper_roles,2019-08-08 20:00:00,22.8259503447,132.726603267,1,0,0,12,12,7450,6841
compact51__paper_roles,2019-08-08 21:00:00,22.0753676572,86.2344727575,0,0,0,11,11,7213,5797
compact51__paper_roles,2019-08-08 22:00:00,13.4124034962,47.6232005549,0,0,0,12,12,1629,2045
compact51__paper_roles,2019-08-08 23:00:00,17.8534495958,35.1946610797,0,0,0,12,12,5013,143
compact51__paper_roles,2019-08-09 00:00:00,15.1628578954,40.8201735638,0,0,0,12,12,2943,622
compact51__paper_roles,2019-08-09 01:00:00,15.7266148108,129.780233927,0,0,0,12,12,3393,6801
compact51__paper_roles,2019-08-09 02:00:00,12.3953950203,112.755437026,0,0,0,12,12,1002,6490
compact51__paper_roles,2019-08-09 03:00:00,15.5627133319,62.7633973844,0,0,0,12,12,3242,4718
compact51__paper_roles,2019-08-09 04:00:00,21.2803789134,47.8587221135,0,0,0,12,12,6912,2102
compact51__paper_roles,2019-08-09 05:00:00,21.6911830272,89.3346428256,0,0,0,12,12,7089,5889
compact51__paper_roles,2019-08-09 06:00:00,19.0351509507,149.594677428,0,0,0,12,12,5819,7047
compact51__paper_roles,2019-08-09 07:00:00,12.046680166,39.7703343316,0,0,0,12,12,810,481
compact51__paper_roles,2019-08-09 08:00:00,13.9216430929,45.2268411537,0,0,0,12,12,1978,1420
compact51__paper_roles,2019-08-09 09:00:00,14.7088346313,41.5997399024,0,0,0,12,12,2577,743
compact51__paper_roles,2019-08-09 10:00:00,12.8920524054,41.3831574805,0,0,0,12,12,1292,708
compact51__paper_roles,2019-08-09 11:00:00,14.509714246,50.7674190169,0,0,0,12,12,2422,2871
compact51__paper_roles,2019-08-09 12:00:00,16.2105497591,62.7791642118,0,0,0,12,12,3783,4721
compact51__paper_roles,2019-08-09 13:00:00,17.1050550532,45.6432283726,0,0,0,12,12,4444,1516
compact51__paper_roles,2019-08-09 14:00:00,13.072114062,41.2706544427,0,0,0,12,12,1415,693
compact51__paper_roles,2019-08-09 15:00:00,15.5775722681,45.1842230262,0,0,0,11,11,3262,1412
compact51__paper_roles,2019-08-09 16:00:00,15.634158171,41.5354237419,0,0,0,12,12,3305,732
compact51__paper_roles,2019-08-09 17:00:00,14.2024761485,40.9757666342,0,0,0,12,12,2176,647
compact51__paper_roles,2019-08-09 18:00:00,15.2835096571,40.312068547,0,0,0,12,12,3050,548
compact51__paper_roles,2019-08-09 19:00:00,16.2286603726,38.2018061061,0,0,0,12,12,3796,323
compact51__paper_roles,2019-08-09 20:00:00,18.1210632964,40.5335422191,0,0,0,12,12,5216,585
compact51__paper_roles,2019-08-09 21:00:00,19.158732199,40.2593365481,0,0,0,12,12,5900,541
compact51__paper_roles,2019-08-09 22:00:00,16.3902481063,41.5434357926,0,0,0,12,12,3907,736
compact51__paper_roles,2019-08-09 23:00:00,22.3789732175,122.120267238,0,0,0,12,12,7320,6662
compact51__paper_roles,2019-08-10 00:00:00,10.4249975364,39.0358021101,0,0,0,13,13,219,399
compact51__paper_roles,2019-08-10 01:00:00,10.7849098896,52.1951557233,0,0,0,11,11,298,3212
compact51__paper_roles,2019-08-10 02:00:00,14.2916000972,62.9212247055,0,0,0,12,12,2253,4728
compact51__paper_roles,2019-08-10 03:00:00,15.025424177,50.8604104729,0,0,0,12,12,2839,2897
compact51__paper_roles,2019-08-10 04:00:00,14.6864291813,54.4982418506,0,0,0,12,12,2560,3702
compact51__paper_roles,2019-08-10 05:00:00,14.7377653717,53.0998026368,0,0,0,12,12,2605,3431
compact51__paper_roles,2019-08-10 06:00:00,22.3136352754,68.3600427972,0,0,0,12,12,7296,5073
compact51__paper_roles,2019-08-10 07:00:00,18.606526616,54.0103837537,0,0,0,12,12,5534,3612
compact51__paper_roles,2019-08-10 08:00:00,15.844860183,56.4061945363,0,0,0,12,12,3483,4041
compact51__paper_roles,2019-08-10 09:00:00,15.0299639579,66.5450148244,0,0,0,12,12,2843,4979
compact51__paper_roles,2019-08-10 10:00:00,15.8343345279,80.4669031261,0,0,0,12,12,3471,5568
compact51__paper_roles,2019-08-10 11:00:00,15.0310631506,73.697712368,0,0,0,12,12,2845,5293
compact51__paper_roles,2019-08-10 12:00:00,14.7989766234,70.3788906557,0,0,0,12,12,2651,5159
compact51__paper_roles,2019-08-10 13:00:00,14.0487706816,59.2472666961,0,0,0,12,12,2058,4402
compact51__paper_roles,2019-08-10 14:00:00,14.3782483764,71.4730009003,0,0,0,12,12,2321,5208
compact51__paper_roles,2019-08-10 15:00:00,16.0555417626,117.81140175,0,0,0,12,12,3652,6571
compact51__paper_roles,2019-08-10 16:00:00,15.7088775345,131.593211178,0,0,0,12,12,3373,6822
compact51__paper_roles,2019-08-10 17:00:00,16.4474185556,118.399610778,0,0,0,12,12,3964,6583
compact51__paper_roles,2019-08-10 18:00:00,14.2580029163,53.063398249,0,0,0,12,12,2220,3424
compact51__paper_roles,2019-08-10 19:00:00,13.8877760434,51.0064169336,0,0,0,12,12,1945,2930
compact51__paper_roles,2019-08-10 20:00:00,15.324701045,49.83374009,0,0,0,12,12,3081,2625
compact51__paper_roles,2019-08-10 21:00:00,17.4106160846,43.1853213379,0,0,0,12,12,4690,999
compact51__paper_roles,2019-08-10 22:00:00,16.7783150581,50.1202862797,0,0,0,12,12,4208,2700
compact51__paper_roles,2019-08-10 23:00:00,15.7745810755,47.4635135679,0,0,0,12,12,3427,2000
compact51__paper_roles,2019-08-11 00:00:00,10.6856321283,48.4304521061,0,0,0,12,12,272,2284
compact51__paper_roles,2019-08-11 01:00:00,12.3518137914,56.0892241182,0,0,0,12,12,979,3994
compact51__paper_roles,2019-08-11 02:00:00,14.4303872624,68.8827683305,0,0,0,12,12,2362,5093
compact51__paper_roles,2019-08-11 03:00:00,13.5396322724,45.654225858,0,0,0,12,12,1704,1520
compact51__paper_roles,2019-08-11 04:00:00,12.4388399795,40.4998344245,0,0,0,12,12,1033,579
compact51__paper_roles,2019-08-11 05:00:00,11.3116974259,37.7790106671,0,0,0,12,12,470,289
compact51__paper_roles,2019-08-11 06:00:00,12.3965676767,41.5044129129,0,0,0,12,12,1004,725
compact51__paper_roles,2019-08-11 07:00:00,13.8251458057,42.6349214622,0,0,0,12,12,1907,917
compact51__paper_roles,2019-08-11 08:00:00,11.7292464156,53.9878329314,0,0,0,12,12,639,3607
compact51__paper_roles,2019-08-11 09:00:00,14.147650261,46.4970638595,0,0,0,13,13,2132,1721
compact51__paper_roles,2019-08-11 10:00:00,12.9714368559,56.0987162461,0,0,0,12,12,1345,3995
compact51__paper_roles,2019-08-11 11:00:00,13.1028217806,52.5910635873,0,0,0,12,12,1434,3304
compact51__paper_roles,2019-08-11 12:00:00,15.5120327187,65.9867042049,0,0,0,12,12,3203,4948
compact51__paper_roles,2019-08-11 13:00:00,15.5338222345,68.512273858,0,0,0,12,12,3220,5081
compact51__paper_roles,2019-08-11 14:00:00,11.3471328331,50.4008682395,0,0,0,12,12,481,2779
compact51__paper_roles,2019-08-11 15:00:00,10.0583622537,49.0693803967,0,0,0,12,12,143,2434
compact51__paper_roles,2019-08-11 16:00:00,13.0511388023,47.0480066062,0,0,0,12,12,1400,1883
compact51__paper_roles,2019-08-11 17:00:00,15.8078854931,45.2832629148,0,0,0,12,12,3448,1441
compact51__paper_roles,2019-08-11 18:00:00,16.1779529865,49.3149551444,0,0,0,12,12,3751,2491
compact51__paper_roles,2019-08-11 19:00:00,16.2882806753,58.0481020868,0,0,0,12,12,3836,4263
compact51__paper_roles,2019-08-11 20:00:00,14.34803607,50.1913302609,0,0,0,12,12,2298,2726
compact51__paper_roles,2019-08-11 21:00:00,21.4503819175,51.4437497664,0,0,0,12,12,6988,3031
compact51__paper_roles,2019-08-11 22:00:00,14.2811665415,47.5007301813,0,0,0,12,12,2240,2011
compact51__paper_roles,2019-08-11 23:00:00,13.3277650482,51.4762181871,0,0,0,12,12,1578,3042
compact51__paper_roles,2019-08-12 00:00:00,11.8326820631,45.6930447174,0,0,0,12,12,689,1533
compact51__paper_roles,2019-08-12 01:00:00,13.8034389599,76.3389965063,0,0,0,12,12,1891,5414
compact51__paper_roles,2019-08-12 02:00:00,16.4261956519,227.314932983,0,0,0,12,12,3937,7641
compact51__paper_roles,2019-08-12 03:00:00,17.4528389326,30105.2902324,0,0,0,12,12,4726,8749
compact51__paper_roles,2019-08-12 04:00:00,23.7201877714,3159.15238434,0,0,0,12,12,7679,8673
compact51__paper_roles,2019-08-12 05:00:00,29.6949070992,428.062237323,0,0,0,12,12,8495,8166
compact51__paper_roles,2019-08-12 06:00:00,20.4197424735,120.581841585,0,0,0,12,12,6541,6630
compact51__paper_roles,2019-08-12 07:00:00,15.1443531512,51.7404108576,0,0,0,12,12,2932,3103
compact51__paper_roles,2019-08-12 08:00:00,14.8455201364,259.643236824,1,0,0,12,12,2691,7797
compact51__paper_roles,2019-08-12 09:00:00,13.594401898,142.54024754,1,0,0,12,12,1738,6963
compact51__paper_roles,2019-08-12 10:00:00,11.8647137696,58.8925921827,0,0,0,12,12,700,4355
compact51__paper_roles,2019-08-12 11:00:00,11.7489328471,59.2954387374,0,0,0,12,12,644,4412
compact51__paper_roles,2019-08-12 12:00:00,11.7611796168,76.7043081363,0,0,0,12,12,647,5423
compact51__paper_roles,2019-08-12 13:00:00,12.4690476351,191.494302831,1,0,0,12,12,1052,7424
compact51__paper_roles,2019-08-12 14:00:00,11.8133167611,3424.71957469,0,0,0,12,12,677,8679
compact51__paper_roles,2019-08-12 15:00:00,13.2979670148,197.5953925,0,0,0,12,12,1561,7471
compact51__paper_roles,2019-08-12 16:00:00,14.4892944481,63.803664438,0,0,0,12,12,2403,4793
compact51__paper_roles,2019-08-12 17:00:00,16.7148317954,94.9501988175,0,0,0,12,12,4168,6074
compact51__paper_roles,2019-08-12 18:00:00,18.3979306706,85.3187891572,0,0,0,12,12,5395,5765
compact51__paper_roles,2019-08-12 19:00:00,19.1047986642,116.265450187,1,0,0,12,12,5870,6544
compact51__paper_roles,2019-08-12 20:00:00,20.1579851211,133.312371338,1,0,0,12,12,6420,6846
compact51__paper_roles,2019-08-12 21:00:00,19.2075310013,145.482361077,1,0,0,12,12,5927,7000
compact51__paper_roles,2019-08-12 22:00:00,15.5176470221,153.078922302,1,0,0,12,12,3206,7091
compact51__paper_roles,2019-08-12 23:00:00,15.9173232553,72.4787079806,0,0,0,12,12,3548,5248
compact51__paper_roles,2019-08-13 00:00:00,17.1716827027,834.491966851,0,0,0,12,12,4495,8447
compact51__paper_roles,2019-08-13 01:00:00,12.9743781415,286.69855375,1,0,0,12,12,1350,7892
compact51__paper_roles,2019-08-13 02:00:00,15.0542840557,141.355844201,1,0,0,12,12,2862,6953
compact51__paper_roles,2019-08-13 03:00:00,14.6685704981,280.270844216,1,0,0,12,12,2549,7864
compact51__paper_roles,2019-08-13 04:00:00,22.3843617506,274.740601498,1,0,0,12,12,7322,7837
compact51__paper_roles,2019-08-13 05:00:00,19.3970010366,160.72168417,1,0,0,12,12,6041,7174
compact51__paper_roles,2019-08-13 06:00:00,14.572128761,142.557284322,1,0,0,12,12,2472,6965
compact51__paper_roles,2019-08-13 07:00:00,13.8011548861,45.4297831394,0,0,0,12,12,1890,1478
compact51__paper_roles,2019-08-13 08:00:00,15.6084151183,101.003735308,1,0,0,12,12,3285,6236
compact51__paper_roles,2019-08-13 09:00:00,15.9729100373,117.395930326,1,0,0,12,12,3588,6560
compact51__paper_roles,2019-08-13 10:00:00,18.2767627706,176.214128734,1,0,0,12,12,5308,7322
compact51__paper_roles,2019-08-13 11:00:00,19.6429424261,1354.51026017,1,0,0,12,12,6171,8551
compact51__paper_roles,2019-08-13 12:00:00,22.487314398,4565.21596991,1,0,0,12,12,7352,8705
compact51__paper_roles,2019-08-13 13:00:00,23.2267879919,136.655875787,0,0,0,12,12,7559,6888
compact51__paper_roles,2019-08-13 14:00:00,18.9241061234,81.5034066109,0,0,0,12,12,5742,5622
compact51__paper_roles,2019-08-13 15:00:00,19.5734322954,64.0718288469,0,0,0,12,12,6137,4809
compact51__paper_roles,2019-08-13 16:00:00,19.3900922249,61.5499621485,0,0,0,12,12,6037,4623
compact51__paper_roles,2019-08-13 17:00:00,20.9634079642,63.8235756584,0,0,0,12,12,6772,4797
compact51__paper_roles,2019-08-13 18:00:00,23.0727007376,55.2130760957,0,0,0,12,12,7516,3833
compact51__paper_roles,2019-08-13 19:00:00,23.0449625863,67.0196183383,0,0,0,12,12,7506,5005
compact51__paper_roles,2019-08-13 20:00:00,24.8160892117,191.288481529,1,0,0,12,12,7910,7423
compact51__paper_roles,2019-08-13 21:00:00,27.3802923319,137.508762058,1,0,0,12,12,8326,6904
compact51__paper_roles,2019-08-13 22:00:00,20.2879051395,120.03521047,1,0,0,12,12,6478,6612
compact51__paper_roles,2019-08-13 23:00:00,15.2269334941,53.8359845782,0,0,0,12,12,3000,3579
compact51__paper_roles,2019-08-14 00:00:00,15.6400781369,46.7646515022,0,0,0,12,12,3309,1802
compact51__paper_roles,2019-08-14 01:00:00,12.667657173,44.2617992751,0,0,0,12,12,1170,1217
compact51__paper_roles,2019-08-14 02:00:00,12.0601177553,204.818565127,0,0,0,12,12,814,7522
compact51__paper_roles,2019-08-14 03:00:00,12.721391822,236.477258582,0,0,0,12,12,1186,7697
compact51__paper_roles,2019-08-14 04:00:00,15.7965831906,103.680013414,0,0,0,12,12,3445,6308
compact51__paper_roles,2019-08-14 05:00:00,17.1250041618,174.11240955,0,0,0,12,12,4455,7307
compact51__paper_roles,2019-08-14 06:00:00,12.2424871044,43.0397611639,0,0,0,12,12,922,980
compact51__paper_roles,2019-08-14 07:00:00,11.6013720465,49.9123671729,0,0,0,12,12,592,2645
compact51__paper_roles,2019-08-14 08:00:00,12.0295655384,51.2422992917,0,0,0,12,12,801,2981
compact51__paper_roles,2019-08-14 09:00:00,14.2817230837,139.005148579,1,0,0,12,12,2242,6921
compact51__paper_roles,2019-08-14 10:00:00,14.2743865737,348.579491191,1,0,0,11,11,2233,8061
compact51__paper_roles,2019-08-14 11:00:00,15.3836346984,646.145627442,1,0,0,12,12,3115,8360
compact51__paper_roles,2019-08-14 12:00:00,12.7764705581,239.654452113,1,0,0,12,12,1218,7710
compact51__paper_roles,2019-08-14 13:00:00,13.2838814109,613.959693111,0,0,0,12,12,1548,8348
compact51__paper_roles,2019-08-14 14:00:00,15.9325456124,5517.28852288,1,0,0,12,12,3556,8717
compact51__paper_roles,2019-08-14 15:00:00,14.6161155077,1067.95002228,0,0,0,12,12,2509,8507
compact51__paper_roles,2019-08-14 16:00:00,17.1634575032,463.932646509,1,0,0,12,11,4489,8208
compact51__paper_roles,2019-08-14 17:00:00,17.8768375783,250.946335499,1,0,0,12,12,5028,7764
compact51__paper_roles,2019-08-14 18:00:00,21.5157269738,195.253139512,1,0,0,12,12,7021,7452
compact51__paper_roles,2019-08-14 19:00:00,19.9493304298,114.992625115,1,0,0,12,12,6323,6530
compact51__paper_roles,2019-08-14 20:00:00,19.1447737193,129.427664218,1,0,0,13,12,5894,6798
compact51__paper_roles,2019-08-14 21:00:00,21.6408118534,217.155013931,1,0,0,11,11,7072,7589
compact51__paper_roles,2019-08-14 22:00:00,19.6354440864,290.579075474,1,0,0,12,12,6165,7905
compact51__paper_roles,2019-08-14 23:00:00,20.066240226,120.022909893,0,0,0,12,12,6381,6611
compact51__paper_roles,2019-08-15 00:00:00,12.4325198146,126.425157905,1,0,0,11,11,1029,6742
compact51__paper_roles,2019-08-15 01:00:00,12.8124299996,196.796192804,1,0,0,12,12,1247,7466
compact51__paper_roles,2019-08-15 02:00:00,12.8801168896,3926.57294839,0,0,0,12,12,1288,8691
compact51__paper_roles,2019-08-15 03:00:00,10.3751291935,107.422365479,1,0,0,12,12,201,6384
compact51__paper_roles,2019-08-15 04:00:00,12.0198688048,137.182225793,1,0,0,12,12,792,6899
compact51__paper_roles,2019-08-15 05:00:00,13.8402647728,1505.3791416,1,0,0,12,12,1916,8574
compact51__paper_roles,2019-08-15 06:00:00,14.2826792631,169.806885642,1,0,0,12,12,2243,7266
compact51__paper_roles,2019-08-15 07:00:00,15.0773660774,160.972368839,1,0,0,13,13,2876,7179
compact51__paper_roles,2019-08-15 08:00:00,15.8761057545,193.615898012,1,0,0,12,12,3514,7439
compact51__paper_roles,2019-08-15 09:00:00,16.2035348642,821.693864486,1,0,0,12,12,3774,8440
compact51__paper_roles,2019-08-15 10:00:00,17.2597356874,492.671077233,0,0,0,12,12,4584,8246
compact51__paper_roles,2019-08-15 11:00:00,17.1821546386,517.336226794,0,0,0,12,12,4506,8272
compact51__paper_roles,2019-08-15 12:00:00,17.7362647667,209.822098585,1,0,0,12,12,4928,7550
compact51__paper_roles,2019-08-15 13:00:00,19.8714832804,874.637011193,1,0,0,12,12,6289,8462
compact51__paper_roles,2019-08-15 14:00:00,17.23461888,1386.68017801,1,0,0,12,12,4559,8558
compact51__paper_roles,2019-08-15 15:00:00,20.9648911216,587.640283444,1,0,0,12,12,6773,8328
compact51__paper_roles,2019-08-15 16:00:00,21.2629208584,305.812375264,1,0,0,12,12,6905,7943
compact51__paper_roles,2019-08-15 17:00:00,21.0901058452,161.280567584,1,0,0,12,12,6828,7183
compact51__paper_roles,2019-08-15 18:00:00,19.5678383085,164.198001383,1,0,0,12,12,6134,7216
compact51__paper_roles,2019-08-15 19:00:00,19.694377301,172.026602427,1,0,0,13,11,6197,7288
compact51__paper_roles,2019-08-15 20:00:00,23.3842563462,253.224212956,1,0,0,12,12,7603,7771
compact51__paper_roles,2019-08-15 21:00:00,23.1107309135,275.372223463,1,0,0,12,12,7528,7840
compact51__paper_roles,2019-08-15 22:00:00,16.7729251678,171.620026123,1,0,0,12,12,4201,7284
compact51__paper_roles,2019-08-15 23:00:00,20.1314237017,49.4041167789,0,0,0,12,12,6408,2518
compact51__paper_roles,2019-08-16 00:00:00,15.0798160766,190.775490042,0,0,0,12,12,2878,7418
compact51__paper_roles,2019-08-16 01:00:00,11.7852045466,822.328572778,0,0,0,12,12,662,8441
compact51__paper_roles,2019-08-16 02:00:00,11.8875959389,379.737009851,0,0,0,12,12,714,8113
compact51__paper_roles,2019-08-16 03:00:00,11.0301076368,902.723792633,1,0,0,12,12,362,8469
compact51__paper_roles,2019-08-16 04:00:00,13.0750775143,317.805607763,1,0,0,12,12,1416,7979
compact51__paper_roles,2019-08-16 05:00:00,17.7017219175,447.767872444,1,0,0,12,12,4903,8189
compact51__paper_roles,2019-08-16 06:00:00,11.8426954979,257.29114289,1,0,0,13,12,693,7787
compact51__paper_roles,2019-08-16 07:00:00,14.4532110184,163.166278102,1,0,0,14,14,2376,7199
compact51__paper_roles,2019-08-16 08:00:00,15.5644890977,180.875522304,1,0,0,10,10,3246,7354
compact51__paper_roles,2019-08-16 09:00:00,15.5692347876,430.16596969,1,0,0,12,12,3251,8169
compact51__paper_roles,2019-08-16 10:00:00,14.4316596462,507.352565235,1,0,0,12,12,2364,8259
compact51__paper_roles,2019-08-16 11:00:00,16.111231318,1258.97828167,0,0,0,12,12,3691,8541
compact51__paper_roles,2019-08-16 12:00:00,14.4070579733,7428.41868647,1,0,0,12,12,2344,8730
compact51__paper_roles,2019-08-16 13:00:00,13.7739034287,443.699637495,1,0,0,12,12,1869,8186
compact51__paper_roles,2019-08-16 14:00:00,15.0556324224,243.594881489,0,0,0,12,12,2864,7730
compact51__paper_roles,2019-08-16 15:00:00,20.0555310897,439.77390547,1,0,0,12,12,6377,8181
compact51__paper_roles,2019-08-16 16:00:00,20.7930179303,191.696957805,1,0,0,12,12,6686,7426
compact51__paper_roles,2019-08-16 17:00:00,22.151361241,272.811458311,1,0,0,12,12,7239,7831
compact51__paper_roles,2019-08-16 18:00:00,19.8910795134,136.71785862,1,0,0,12,12,6299,6890
compact51__paper_roles,2019-08-16 19:00:00,20.2901576647,174.634908883,1,0,0,12,12,6481,7311
compact51__paper_roles,2019-08-16 20:00:00,19.3676167344,154.913566279,1,0,0,12,12,6021,7115
compact51__paper_roles,2019-08-16 21:00:00,19.3014416585,219.726187053,1,0,0,12,12,5979,7601
compact51__paper_roles,2019-08-16 22:00:00,15.7109578034,315.830380183,1,0,0,12,12,3378,7968
compact51__paper_roles,2019-08-16 23:00:00,19.1012070551,251.646609174,1,0,0,12,12,5868,7765
compact51__paper_roles,2019-08-17 00:00:00,12.3692092195,267.935587131,1,0,0,12,12,988,7819
compact51__paper_roles,2019-08-17 01:00:00,11.7886000186,79.4191173822,0,0,0,12,12,665,5529
compact51__paper_roles,2019-08-17 02:00:00,9.45894030366,56.9572941122,0,0,0,12,12,62,4131
compact51__paper_roles,2019-08-17 03:00:00,12.3759803555,59.0449408217,0,0,0,12,12,989,4376
compact51__paper_roles,2019-08-17 04:00:00,12.5534839544,46.5181207412,0,0,0,12,12,1103,1728
compact51__paper_roles,2019-08-17 05:00:00,12.1012424046,43.295167087,0,0,0,12,12,836,1022
compact51__paper_roles,2019-08-17 06:00:00,15.6015544028,46.3520188456,0,0,0,12,12,3280,1676
compact51__paper_roles,2019-08-17 07:00:00,20.2010147208,48.3143898065,0,0,0,12,12,6434,2246
compact51__paper_roles,2019-08-17 08:00:00,14.3047063455,50.8841733741,0,0,0,12,12,2269,2903
compact51__paper_roles,2019-08-17 09:00:00,12.4249792736,52.0389382207,0,0,0,12,12,1026,3172
compact51__paper_roles,2019-08-17 10:00:00,10.5740625567,49.4827570982,0,0,0,12,12,249,2536
compact51__paper_roles,2019-08-17 11:00:00,11.5138776955,50.6806558203,0,0,0,12,12,564,2841
compact51__paper_roles,2019-08-17 12:00:00,13.0591604558,46.9305449379,0,0,0,12,12,1408,1844
compact51__paper_roles,2019-08-17 13:00:00,15.902008421,52.2040111203,0,0,0,11,11,3535,3215
compact51__paper_roles,2019-08-17 14:00:00,13.8490323658,62.0138315615,0,0,0,12,12,1920,4664
compact51__paper_roles,2019-08-17 15:00:00,14.2741365381,45.5402569502,0,0,0,12,12,2232,1499
compact51__paper_roles,2019-08-17 16:00:00,16.8260801114,45.1454589537,0,0,0,12,12,4242,1402
compact51__paper_roles,2019-08-17 17:00:00,17.1700007415,44.2515810527,0,0,0,12,12,4493,1215
compact51__paper_roles,2019-08-17 18:00:00,18.2206821313,55.8836510731,0,0,0,12,12,5271,3961
compact51__paper_roles,2019-08-17 19:00:00,18.7032308209,91.3785713615,0,0,0,12,12,5605,5947
compact51__paper_roles,2019-08-17 20:00:00,18.9980736888,84.7453218306,0,0,0,12,12,5794,5740
compact51__paper_roles,2019-08-17 21:00:00,16.3050246183,48.9064107631,0,0,0,13,13,3844,2394
compact51__paper_roles,2019-08-17 22:00:00,15.8539434716,111.205386752,1,0,0,12,12,3492,6455
compact51__paper_roles,2019-08-17 23:00:00,12.707062348,48.0976867043,0,0,0,12,12,1181,2179
compact51__paper_roles,2019-08-18 00:00:00,8.13792921164,53.9141800899,0,0,0,13,12,7,3593
compact51__paper_roles,2019-08-18 01:00:00,9.95328611186,48.3099636888,0,0,0,12,12,130,2244
compact51__paper_roles,2019-08-18 02:00:00,12.8026116963,47.7412649419,0,0,0,12,12,1236,2065
compact51__paper_roles,2019-08-18 03:00:00,15.782497726,48.8254618724,0,0,0,12,12,3433,2373
compact51__paper_roles,2019-08-18 04:00:00,16.4336308446,40.4006798771,0,0,0,12,12,3953,562
compact51__paper_roles,2019-08-18 05:00:00,12.7220295707,39.266576846,0,0,0,12,12,1187,420
compact51__paper_roles,2019-08-18 06:00:00,14.7133156256,49.0837178201,0,0,0,12,12,2584,2437
compact51__paper_roles,2019-08-18 07:00:00,14.7984614766,45.1888961391,0,0,0,12,12,2650,1413
compact51__paper_roles,2019-08-18 08:00:00,16.4298771227,44.3462079423,0,0,0,12,12,3946,1233
compact51__paper_roles,2019-08-18 09:00:00,12.5577979772,46.4422791019,0,0,0,12,12,1107,1707
compact51__paper_roles,2019-08-18 10:00:00,12.1931580412,52.9054060852,0,0,0,14,14,886,3379
compact51__paper_roles,2019-08-18 11:00:00,11.8088316699,47.4964159456,0,0,0,11,11,673,2010
compact51__paper_roles,2019-08-18 12:00:00,12.3334564015,67.1459321737,0,0,0,11,11,971,5008
compact51__paper_roles,2019-08-18 13:00:00,17.7526059248,55.2870071268,0,0,0,12,12,4943,3841
compact51__paper_roles,2019-08-18 14:00:00,16.4975012644,65.9921781922,0,0,0,12,12,4004,4950
compact51__paper_roles,2019-08-18 15:00:00,21.121985383,55.2272291011,0,0,0,12,12,6844,3835
compact51__paper_roles,2019-08-18 16:00:00,22.8323846061,70.1136172715,0,0,0,12,12,7452,5147
compact51__paper_roles,2019-08-18 17:00:00,29.8970130708,195.405950596,1,0,0,12,12,8509,7454
compact51__paper_roles,2019-08-18 18:00:00,26.3960953459,287.30814935,1,0,0,12,12,8204,7894
compact51__paper_roles,2019-08-18 19:00:00,22.597922731,178.63812179,1,0,0,12,12,7388,7338
compact51__paper_roles,2019-08-18 20:00:00,24.2341423051,234.264397763,1,0,0,12,12,7796,7680
compact51__paper_roles,2019-08-18 21:00:00,19.3534425103,235.808402899,1,0,0,12,12,6011,7693
compact51__paper_roles,2019-08-18 22:00:00,17.324766903,192.991224213,1,0,0,12,12,4629,7436
compact51__paper_roles,2019-08-18 23:00:00,18.4996202561,16507.1444308,0,0,0,12,12,5453,8742
compact51__paper_roles,2019-08-19 00:00:00,12.1762411403,37.3140909836,0,0,0,12,12,876,265
compact51__paper_roles,2019-08-19 01:00:00,14.4917471539,80.4584207245,0,0,0,12,12,2407,5567
compact51__paper_roles,2019-08-19 02:00:00,13.2353937272,98.9066892195,0,0,0,12,12,1521,6173
compact51__paper_roles,2019-08-19 03:00:00,12.4810611424,64.2827091878,0,0,0,12,12,1062,4828
compact51__paper_roles,2019-08-19 04:00:00,11.7815701035,37.5720856359,0,0,0,12,12,659,277
compact51__paper_roles,2019-08-19 05:00:00,16.7428299483,125.552669935,1,0,0,12,12,4183,6724
compact51__paper_roles,2019-08-19 06:00:00,11.9940174195,1108.16777218,1,0,0,12,12,777,8519
compact51__paper_roles,2019-08-19 07:00:00,15.3129423013,91.4847638235,0,0,0,12,12,3071,5951
compact51__paper_roles,2019-08-19 08:00:00,14.9469551864,84.2823701531,0,0,0,12,12,2771,5723
compact51__paper_roles,2019-08-19 09:00:00,14.3035853526,105.15011823,1,0,0,12,12,2267,6340
compact51__paper_roles,2019-08-19 10:00:00,11.3692005518,105.681449243,1,0,0,12,12,494,6353
compact51__paper_roles,2019-08-19 11:00:00,11.1518074056,113.78862109,1,0,0,12,12,413,6507
compact51__paper_roles,2019-08-19 12:00:00,15.3492375735,147.058921445,1,0,0,12,12,3095,7023
compact51__paper_roles,2019-08-19 13:00:00,16.5535433185,103.596015917,1,0,0,12,12,4041,6302
compact51__paper_roles,2019-08-19 14:00:00,17.643625577,94.1887399618,0,0,0,12,12,4859,6050
compact51__paper_roles,2019-08-19 15:00:00,25.6356120453,220.471289097,1,0,0,12,12,8067,7604
compact51__paper_roles,2019-08-19 16:00:00,34.5721615461,1072.4123692,0,0,0,12,12,8678,8508
compact51__paper_roles,2019-08-19 17:00:00,25.6437907481,163.637273465,0,0,0,12,12,8070,7210
compact51__paper_roles,2019-08-19 18:00:00,25.1537754913,102.2661279,0,0,0,12,12,7986,6270
compact51__paper_roles,2019-08-19 19:00:00,22.1308690193,1105.05532145,1,0,0,12,12,7231,8517
compact51__paper_roles,2019-08-19 20:00:00,17.7951139647,280.039033999,1,0,0,12,12,4968,7862
compact51__paper_roles,2019-08-19 21:00:00,24.5298500353,2260.24748312,1,0,0,12,12,7859,8636
compact51__paper_roles,2019-08-19 22:00:00,24.0369553937,230.10372615,1,0,0,12,12,7752,7659
compact51__paper_roles,2019-08-19 23:00:00,16.7333750447,219.091165368,0,0,0,12,12,4178,7599
compact51__paper_roles,2019-08-20 00:00:00,14.2381418861,46.9462440038,0,0,0,12,12,2203,1849
compact51__paper_roles,2019-08-20 01:00:00,11.0995990968,48.7714838688,0,0,0,12,12,395,2366
compact51__paper_roles,2019-08-20 02:00:00,13.1939628911,99.6796021593,0,0,0,12,12,1494,6199
compact51__paper_roles,2019-08-20 03:00:00,13.8233993591,169.206872016,1,0,0,12,12,1905,7258
compact51__paper_roles,2019-08-20 04:00:00,10.6895388538,81.074603128,0,0,0,14,12,274,5601
compact51__paper_roles,2019-08-20 05:00:00,13.5665295327,48.22301594,0,0,0,12,12,1720,2209
compact51__paper_roles,2019-08-20 06:00:00,10.8141366636,84.5637186132,0,0,0,12,12,304,5735
compact51__paper_roles,2019-08-20 07:00:00,12.547195809,70.3866160789,0,0,0,12,12,1102,5160
compact51__paper_roles,2019-08-20 08:00:00,17.6747841349,85.1691721071,0,0,0,11,10,4886,5756
compact51__paper_roles,2019-08-20 09:00:00,16.7187578641,108.457845212,1,0,0,12,12,4170,6404
compact51__paper_roles,2019-08-20 10:00:00,12.3534005438,139.780686868,1,0,0,13,12,980,6933
compact51__paper_roles,2019-08-20 11:00:00,14.0817669661,574.336999461,1,0,0,12,12,2080,8319
compact51__paper_roles,2019-08-20 12:00:00,17.1794738158,1751.22438452,0,0,0,12,12,4504,8594
compact51__paper_roles,2019-08-20 13:00:00,16.9162521412,243.729688304,0,0,0,12,12,4302,7731
compact51__paper_roles,2019-08-20 14:00:00,15.3272882205,65.6272398037,0,0,0,12,12,3084,4929
compact51__paper_roles,2019-08-20 15:00:00,20.7325278276,421.429730881,0,0,0,12,12,6662,8157
compact51__paper_roles,2019-08-20 16:00:00,19.8938748804,295.62686827,0,0,0,12,12,6301,7913
compact51__paper_roles,2019-08-20 17:00:00,22.1988157494,183.340788468,0,0,0,12,12,7255,7370
compact51__paper_roles,2019-08-20 18:00:00,29.1589629129,135.660042957,0,0,0,12,12,8463,6879
compact51__paper_roles,2019-08-20 19:00:00,27.9813375073,588.740369518,0,0,0,12,12,8388,8329
compact51__paper_roles,2019-08-20 20:00:00,31.4140774847,547.071937459,0,0,0,12,12,8576,8294
compact51__paper_roles,2019-08-20 21:00:00,31.1656653933,1926.97159246,1,0,0,12,12,8569,8613
compact51__paper_roles,2019-08-20 22:00:00,24.5493404577,828.51894512,1,0,0,12,12,7863,8442
compact51__paper_roles,2019-08-20 23:00:00,17.8331741147,40146.2498725,0,0,0,12,12,4997,8752
compact51__paper_roles,2019-08-21 00:00:00,12.7210248754,95.8504130486,0,0,0,12,12,1185,6100
compact51__paper_roles,2019-08-21 01:00:00,11.9319562521,41.7039281608,0,0,0,12,12,741,761
compact51__paper_roles,2019-08-21 02:00:00,10.8591173208,103.105139557,1,0,0,12,12,313,6288
compact51__paper_roles,2019-08-21 03:00:00,10.1929481555,85.0201147752,0,0,0,12,12,169,5749
compact51__paper_roles,2019-08-21 04:00:00,11.6313240916,265.482591153,1,0,0,12,12,607,7810
compact51__paper_roles,2019-08-21 05:00:00,12.1215558314,255.34326139,1,0,0,12,12,845,7779
compact51__paper_roles,2019-08-21 06:00:00,11.1036073985,60.6721534544,0,0,0,12,12,396,4544
compact51__paper_roles,2019-08-21 07:00:00,13.0980592083,71.6396238637,0,0,0,12,12,1429,5213
compact51__paper_roles,2019-08-21 08:00:00,13.4969162224,106.224269693,1,0,0,12,12,1678,6364
compact51__paper_roles,2019-08-21 09:00:00,13.1005216784,55.1888290024,0,0,0,12,12,1431,3824
compact51__paper_roles,2019-08-21 10:00:00,12.9564699099,74.2192774875,0,0,0,12,12,1336,5323
compact51__paper_roles,2019-08-21 11:00:00,13.2604453172,128.115496806,1,0,0,12,12,1531,6774
compact51__paper_roles,2019-08-21 12:00:00,18.3513028263,425.028253709,1,0,0,12,12,5356,8161
compact51__paper_roles,2019-08-21 13:00:00,19.2580176225,865.241310947,1,0,0,12,12,5961,8458
compact51__paper_roles,2019-08-21 14:00:00,23.4589672222,151.162082551,0,0,0,12,12,7617,7069
compact51__paper_roles,2019-08-21 15:00:00,32.8884675584,102.046744002,0,0,0,12,12,8631,6267
compact51__paper_roles,2019-08-21 16:00:00,28.5955022754,224.257215055,0,0,0,12,12,8429,7626
compact51__paper_roles,2019-08-21 17:00:00,27.8095778763,122.48426512,0,0,0,12,12,8368,6674
compact51__paper_roles,2019-08-21 18:00:00,30.6073667962,138.41050526,0,0,0,12,12,8546,6913
compact51__paper_roles,2019-08-21 19:00:00,29.3758483162,114.375904105,0,0,0,12,12,8475,6517
compact51__paper_roles,2019-08-21 20:00:00,25.1529271626,236.618293102,0,0,0,12,12,7985,7699
compact51__paper_roles,2019-08-21 21:00:00,26.0797275447,500.036502275,0,0,0,12,12,8149,8252
compact51__paper_roles,2019-08-21 22:00:00,19.8244743667,554.401277116,1,0,0,12,12,6267,8298
compact51__paper_roles,2019-08-21 23:00:00,15.4069127549,51.7588056947,0,0,0,12,12,3127,3111
compact51__paper_roles,2019-08-22 00:00:00,14.7775661715,77.8164856414,0,0,0,12,12,2638,5467
compact51__paper_roles,2019-08-22 01:00:00,12.8057623678,36.5150014544,0,0,0,12,12,1240,206
compact51__paper_roles,2019-08-22 02:00:00,10.7090128595,36.1616848957,0,0,0,12,12,279,189
compact51__paper_roles,2019-08-22 03:00:00,9.94365031353,78.0967074449,0,0,0,12,12,129,5481
compact51__paper_roles,2019-08-22 04:00:00,14.1914372276,92.8209907354,0,0,0,12,12,2170,6005
compact51__paper_roles,2019-08-22 05:00:00,16.3099540346,131.32681003,0,0,0,12,12,3847,6821
compact51__paper_roles,2019-08-22 06:00:00,12.5468220999,50.4487235448,0,0,0,12,12,1101,2793
compact51__paper_roles,2019-08-22 07:00:00,10.9462225471,46.7352951653,0,0,0,12,12,341,1789
compact51__paper_roles,2019-08-22 08:00:00,10.1282317913,48.4982598876,0,0,0,12,12,158,2301
compact51__paper_roles,2019-08-22 09:00:00,13.6598594541,52.9032008786,0,0,0,12,12,1792,3378
compact51__paper_roles,2019-08-22 10:00:00,12.7273620494,52.8408924131,0,0,0,12,12,1190,3363
compact51__paper_roles,2019-08-22 11:00:00,13.2806562783,53.2074334944,0,0,0,12,12,1544,3458
compact51__paper_roles,2019-08-22 12:00:00,14.075032038,52.4726202496,0,0,0,12,12,2076,3270
compact51__paper_roles,2019-08-22 13:00:00,14.5348568655,49.4201648527,0,0,0,12,12,2444,2520
compact51__paper_roles,2019-08-22 14:00:00,17.0393352793,47.3723237334,0,0,0,12,12,4400,1976
compact51__paper_roles,2019-08-22 15:00:00,20.6019883778,43.9428930425,0,0,0,12,12,6607,1155
compact51__paper_roles,2019-08-22 16:00:00,19.1888666421,43.0825846542,0,0,0,12,12,5916,988
compact51__paper_roles,2019-08-22 17:00:00,20.7348774276,43.0529260623,0,0,0,12,12,6666,983
compact51__paper_roles,2019-08-22 18:00:00,20.9386364543,37.3510573693,0,0,0,12,12,6763,267
compact51__paper_roles,2019-08-22 19:00:00,19.6808534646,39.4767532488,0,0,0,12,12,6190,452
compact51__paper_roles,2019-08-22 20:00:00,24.9555983866,47.6720303123,0,0,0,14,13,7946,2052
compact51__paper_roles,2019-08-22 21:00:00,23.3245198877,47.8092595797,0,0,0,11,11,7586,2089
compact51__paper_roles,2019-08-22 22:00:00,21.2982764961,50.4182682929,0,0,0,12,12,6920,2784
compact51__paper_roles,2019-08-22 23:00:00,22.2905838441,88.8303257425,0,0,0,12,12,7285,5869
compact51__paper_roles,2019-08-23 00:00:00,11.8890265877,49.9019867377,0,0,0,12,12,715,2641
compact51__paper_roles,2019-08-23 01:00:00,12.4669834002,94.0912169154,0,0,0,12,12,1050,6046
compact51__paper_roles,2019-08-23 02:00:00,16.6923271126,280.102069511,0,0,0,12,12,4141,7863
compact51__paper_roles,2019-08-23 03:00:00,14.102120825,76.8566613032,0,0,0,12,12,2103,5428
compact51__paper_roles,2019-08-23 04:00:00,20.5721373408,63.5474057183,0,0,0,12,12,6598,4774
compact51__paper_roles,2019-08-23 05:00:00,22.0619445641,85.8418885007,0,0,0,12,12,7204,5783
compact51__paper_roles,2019-08-23 06:00:00,14.4913610128,94.7968983884,0,0,0,12,12,2405,6071
compact51__paper_roles,2019-08-23 07:00:00,10.053233899,44.7575638514,0,0,0,12,12,141,1311
compact51__paper_roles,2019-08-23 08:00:00,10.2781259571,48.2871006013,0,0,0,12,12,190,2235
compact51__paper_roles,2019-08-23 09:00:00,11.3825982737,50.8181453404,0,0,0,12,12,499,2884
compact51__paper_roles,2019-08-23 10:00:00,11.4474924205,52.5434162034,0,0,0,12,12,534,3293
compact51__paper_roles,2019-08-23 11:00:00,12.2256665946,52.4918410239,0,0,0,12,12,915,3278
compact51__paper_roles,2019-08-23 12:00:00,12.1720440798,55.2074952444,0,0,0,12,12,875,3831
compact51__paper_roles,2019-08-23 13:00:00,11.6402031029,53.1070083106,0,0,0,12,12,609,3435
compact51__paper_roles,2019-08-23 14:00:00,11.1164700147,51.0152448273,0,0,0,12,12,403,2934
compact51__paper_roles,2019-08-23 15:00:00,12.4592611474,49.0873498132,0,0,0,12,12,1046,2438
compact51__paper_roles,2019-08-23 16:00:00,12.2094661395,59.4959194815,0,0,0,12,12,898,4435
compact51__paper_roles,2019-08-23 17:00:00,11.4319505719,42.4896509246,0,0,0,12,12,526,889
compact51__paper_roles,2019-08-23 18:00:00,14.5146198342,44.7730471567,0,0,0,12,12,2430,1319
compact51__paper_roles,2019-08-23 19:00:00,14.2704215418,52.5420937837,0,0,0,12,12,2227,3291
compact51__paper_roles,2019-08-23 20:00:00,13.3756799836,48.0291644629,0,0,0,12,12,1605,2150
compact51__paper_roles,2019-08-23 21:00:00,13.8813500018,47.426119541,0,0,0,12,12,1940,1990
compact51__paper_roles,2019-08-23 22:00:00,13.5261499485,49.4207937961,0,0,0,12,12,1694,2521
compact51__paper_roles,2019-08-23 23:00:00,26.46748086,1496.46267269,1,0,0,12,12,8213,8573
compact51__paper_roles,2019-08-24 00:00:00,15.1888385981,285.836891868,0,0,0,13,12,2967,7889
compact51__paper_roles,2019-08-24 01:00:00,14.5996226747,613.55259233,1,0,0,12,12,2493,8346
compact51__paper_roles,2019-08-24 02:00:00,17.4221520795,374.862129338,1,0,0,12,12,4702,8105
compact51__paper_roles,2019-08-24 03:00:00,17.9772307814,638.977279697,1,0,0,12,12,5115,8358
compact51__paper_roles,2019-08-24 04:00:00,18.2488582139,666.972394116,1,0,0,12,12,5289,8378
compact51__paper_roles,2019-08-24 05:00:00,21.8233941522,438.20562345,1,0,0,12,12,7137,8179
compact51__paper_roles,2019-08-24 06:00:00,27.3759794131,2950.72534696,0,0,0,12,12,8325,8665
compact51__paper_roles,2019-08-24 07:00:00,22.3441645938,416.846616607,0,0,0,12,12,7310,8154
compact51__paper_roles,2019-08-24 08:00:00,18.5760435468,484.281634588,0,0,0,12,12,5512,8231
compact51__paper_roles,2019-08-24 09:00:00,18.3251298661,217.278631573,0,0,0,12,12,5333,7591
compact51__paper_roles,2019-08-24 10:00:00,16.0415630733,111.473153763,0,0,0,12,12,3640,6460
compact51__paper_roles,2019-08-24 11:00:00,15.8774608079,55.7061433717,0,0,0,12,12,3517,3933
compact51__paper_roles,2019-08-24 12:00:00,18.8466003522,52.5417611892,0,0,0,12,12,5696,3290
compact51__paper_roles,2019-08-24 13:00:00,15.3251150082,59.3771216208,0,0,0,12,12,3083,4423
compact51__paper_roles,2019-08-24 14:00:00,11.8146612547,51.6828995286,0,0,0,12,12,678,3086
compact51__paper_roles,2019-08-24 15:00:00,12.930532437,54.5748856625,0,0,0,12,12,1317,3716
compact51__paper_roles,2019-08-24 16:00:00,14.5531792996,55.1582830563,0,0,0,12,12,2454,3819
compact51__paper_roles,2019-08-24 17:00:00,16.2384502513,56.9747975707,0,0,0,12,12,3803,4133
compact51__paper_roles,2019-08-24 18:00:00,15.9960323356,50.1399318738,0,0,0,12,12,3603,2706
compact51__paper_roles,2019-08-24 19:00:00,17.537938403,57.12382414,0,0,0,12,12,4784,4149
compact51__paper_roles,2019-08-24 20:00:00,19.2537445321,80.2329775674,0,0,0,12,12,5958,5561
compact51__paper_roles,2019-08-24 21:00:00,20.9258544166,79.3849452204,0,0,0,12,12,6755,5526
compact51__paper_roles,2019-08-24 22:00:00,15.9825940921,47.0227516389,0,0,0,12,12,3594,1875
compact51__paper_roles,2019-08-24 23:00:00,20.0011151391,54.9753495833,0,0,0,12,12,6348,3783
compact51__paper_roles,2019-08-25 00:00:00,20.4575980887,234.152160553,0,0,0,12,12,6561,7679
compact51__paper_roles,2019-08-25 01:00:00,13.8131112435,53.9666446056,0,0,0,12,12,1896,3604
compact51__paper_roles,2019-08-25 02:00:00,14.7138241297,53.6659009387,0,0,0,12,12,2585,3551
compact51__paper_roles,2019-08-25 03:00:00,13.7564553288,50.7571213129,0,0,0,12,12,1856,2867
compact51__paper_roles,2019-08-25 04:00:00,13.8397062206,46.6412676309,0,0,0,12,12,1914,1765
compact51__paper_roles,2019-08-25 05:00:00,14.2761655369,46.3636019905,0,0,0,12,12,2236,1684
compact51__paper_roles,2019-08-25 06:00:00,15.0334364895,50.6768429246,0,0,0,12,12,2847,2840
compact51__paper_roles,2019-08-25 07:00:00,19.7452065173,56.0145359471,0,0,0,13,13,6224,3980
compact51__paper_roles,2019-08-25 08:00:00,13.6217135273,60.7807708952,0,0,0,12,12,1763,4556
compact51__paper_roles,2019-08-25 09:00:00,14.4269031515,66.0320120975,0,0,0,12,12,2358,4952
compact51__paper_roles,2019-08-25 10:00:00,18.3476912333,65.7065812906,0,0,0,12,12,5352,4933
compact51__paper_roles,2019-08-25 11:00:00,14.421853839,61.1206045056,0,0,0,12,12,2353,4592
compact51__paper_roles,2019-08-25 12:00:00,15.3580300035,73.1781386038,0,0,0,12,12,3100,5264
compact51__paper_roles,2019-08-25 13:00:00,15.0079351842,60.1389136182,0,0,0,12,12,2826,4504
compact51__paper_roles,2019-08-25 14:00:00,12.8476371074,61.3258306705,0,0,0,12,12,1266,4606
compact51__paper_roles,2019-08-25 15:00:00,12.6472509225,55.3773155665,0,0,0,12,12,1158,3859
compact51__paper_roles,2019-08-25 16:00:00,17.4193866803,64.8931507308,0,0,0,12,12,4700,4889
compact51__paper_roles,2019-08-25 17:00:00,17.0226687184,92.2828400252,0,0,0,12,12,4390,5987
compact51__paper_roles,2019-08-25 18:00:00,14.8305694966,53.3871292272,0,0,0,12,12,2675,3505
compact51__paper_roles,2019-08-25 19:00:00,16.7031779246,56.7147713277,0,0,0,12,12,4155,4094
compact51__paper_roles,2019-08-25 20:00:00,15.7480313369,61.8469950761,0,0,0,12,12,3408,4647
compact51__paper_roles,2019-08-25 21:00:00,16.4271941239,48.2797436243,0,0,0,12,12,3939,2227
compact51__paper_roles,2019-08-25 22:00:00,17.9121106822,39.2688763368,0,0,0,12,12,5053,422
compact51__paper_roles,2019-08-25 23:00:00,21.4042007361,52.0142719257,0,0,0,12,12,6966,3166
compact51__paper_roles,2019-08-26 00:00:00,13.4111683726,51.2792988646,0,0,0,12,12,1627,2995
compact51__paper_roles,2019-08-26 01:00:00,12.4401080385,56.3831325274,0,0,0,12,12,1034,4037
compact51__paper_roles,2019-08-26 02:00:00,18.1095396783,207.460684255,0,0,0,12,12,5199,7534
compact51__paper_roles,2019-08-26 03:00:00,18.2291368875,175.41589884,0,0,0,12,12,5277,7314
compact51__paper_roles,2019-08-26 04:00:00,24.1390244766,109.811222223,0,0,0,12,12,7770,6430
compact51__paper_roles,2019-08-26 05:00:00,29.2351356766,68.5545525664,0,0,0,12,12,8468,5084
compact51__paper_roles,2019-08-26 06:00:00,26.6404605254,51.8904301013,0,0,0,12,12,8238,3143
compact51__paper_roles,2019-08-26 07:00:00,16.3442594387,43.9692457474,0,0,0,12,12,3881,1159
compact51__paper_roles,2019-08-26 08:00:00,11.9358776507,50.8091391593,0,0,0,12,12,742,2881
compact51__paper_roles,2019-08-26 09:00:00,14.2880773135,178.303243394,1,0,0,12,12,2251,7337
compact51__paper_roles,2019-08-26 10:00:00,16.431424171,73.9408282429,0,0,0,12,12,3951,5311
compact51__paper_roles,2019-08-26 11:00:00,15.8569466659,173.20474627,0,0,0,12,12,3499,7298
compact51__paper_roles,2019-08-26 12:00:00,12.9120433745,369.53008673,1,0,0,12,12,1302,8102
compact51__paper_roles,2019-08-26 13:00:00,13.0222238303,241.9695793,1,0,0,12,12,1383,7721
compact51__paper_roles,2019-08-26 14:00:00,14.1813804338,217.276085383,1,0,0,12,12,2160,7590
compact51__paper_roles,2019-08-26 15:00:00,12.7682088239,167.041742613,1,0,0,12,12,1210,7243
compact51__paper_roles,2019-08-26 16:00:00,12.8858354518,91.3126450586,0,0,0,12,12,1290,5945
compact51__paper_roles,2019-08-26 17:00:00,12.0415526129,257.082038826,1,0,0,12,12,808,7785
compact51__paper_roles,2019-08-26 18:00:00,18.3598280865,193.481007643,1,0,0,12,12,5362,7437
compact51__paper_roles,2019-08-26 19:00:00,15.909500031,174.286246616,1,0,0,12,12,3542,7308
compact51__paper_roles,2019-08-26 20:00:00,15.0222934234,106.231756518,1,0,0,12,12,2837,6366
compact51__paper_roles,2019-08-26 21:00:00,15.7094830685,45.7428883742,0,0,0,12,12,3375,1547
compact51__paper_roles,2019-08-26 22:00:00,13.3551868981,48.7948624587,0,0,0,12,12,1593,2369
compact51__paper_roles,2019-08-26 23:00:00,19.7158766151,347.21997929,0,0,0,12,12,6206,8055
compact51__paper_roles,2019-08-27 00:00:00,11.9689461975,89.6918650598,0,0,0,12,12,763,5896
compact51__paper_roles,2019-08-27 01:00:00,11.2458024675,64.7972024063,0,0,0,12,12,446,4877
compact51__paper_roles,2019-08-27 02:00:00,11.1037133798,46.7312802559,0,0,0,12,12,397,1788
compact51__paper_roles,2019-08-27 03:00:00,11.4041667791,46.4026602513,0,0,0,12,12,511,1696
compact51__paper_roles,2019-08-27 04:00:00,12.1405136272,50.7599818108,0,0,0,12,12,854,2869
compact51__paper_roles,2019-08-27 05:00:00,14.5589000937,52.2111188205,0,0,0,12,12,2457,3219
compact51__paper_roles,2019-08-27 06:00:00,20.4576814863,1290.33799295,0,0,0,12,12,6562,8545
compact51__paper_roles,2019-08-27 07:00:00,15.5717657382,85.3955706127,0,0,0,12,12,3254,5769
compact51__paper_roles,2019-08-27 08:00:00,14.8727994865,1364.49180498,0,0,0,13,12,2709,8552
compact51__paper_roles,2019-08-27 09:00:00,14.8061860047,1369.56071522,1,0,0,12,12,2660,8554
compact51__paper_roles,2019-08-27 10:00:00,14.0887052959,996.99313969,0,0,0,12,12,2087,8495
compact51__paper_roles,2019-08-27 11:00:00,13.9563724822,59.5675065738,0,0,0,11,11,2001,4442
compact51__paper_roles,2019-08-27 12:00:00,14.3637265581,50.4361686894,0,0,0,10,10,2310,2788
compact51__paper_roles,2019-08-27 13:00:00,16.1773849796,60.5690538088,0,0,0,11,11,3750,4532
compact51__paper_roles,2019-08-27 14:00:00,16.2228703725,54.9942254733,0,0,0,10,10,3789,3788
compact51__paper_roles,2019-08-27 15:00:00,18.7072106958,50.1666762636,0,0,0,12,12,5607,2713
compact51__paper_roles,2019-08-27 16:00:00,16.8352847822,49.2068350908,0,0,0,12,12,4250,2465
compact51__paper_roles,2019-08-27 17:00:00,16.6326877464,48.8732643361,0,0,0,12,12,4100,2384
compact51__paper_roles,2019-08-27 18:00:00,16.6612585412,45.200297003,0,0,0,12,12,4121,1417
compact51__paper_roles,2019-08-27 19:00:00,16.8411448015,129.08009606,0,0,0,12,12,4256,6792
compact51__paper_roles,2019-08-27 20:00:00,18.5929833442,154.19999446,0,0,0,12,12,5519,7106
compact51__paper_roles,2019-08-27 21:00:00,16.1342486996,44.4611240287,0,0,0,12,12,3713,1263
compact51__paper_roles,2019-08-27 22:00:00,18.7026711989,34.1263565562,0,0,0,12,12,5604,103
compact51__paper_roles,2019-08-27 23:00:00,20.9952681834,275.498929995,1,0,0,12,12,6791,7841
compact51__paper_roles,2019-08-28 00:00:00,15.2704156666,112.07957005,0,0,0,12,12,3038,6475
compact51__paper_roles,2019-08-28 01:00:00,11.6774493886,42.0840341878,0,0,0,12,12,625,817
compact51__paper_roles,2019-08-28 02:00:00,10.267993305,44.1065455949,0,0,0,12,12,188,1184
compact51__paper_roles,2019-08-28 03:00:00,13.0440592355,49.771997771,0,0,0,12,12,1396,2610
compact51__paper_roles,2019-08-28 04:00:00,22.7864536109,109.095171487,0,0,0,12,12,7441,6415
compact51__paper_roles,2019-08-28 05:00:00,21.6740820784,302.019697367,1,0,0,12,12,7083,7932
compact51__paper_roles,2019-08-28 06:00:00,10.7649451081,96.0474583151,0,0,0,12,12,293,6111
compact51__paper_roles,2019-08-28 07:00:00,14.4302658538,51.2303451205,0,0,0,12,12,2361,2977
compact51__paper_roles,2019-08-28 08:00:00,14.9952219437,60.8371487193,0,0,0,12,12,2816,4564
compact51__paper_roles,2019-08-28 09:00:00,13.1575527583,50.0108526452,0,0,0,12,12,1472,2672
compact51__paper_roles,2019-08-28 10:00:00,15.2486471757,48.8981757251,0,0,0,13,12,3024,2390
compact51__paper_roles,2019-08-28 11:00:00,19.830016709,90.0366138616,0,0,0,12,12,6271,5912
compact51__paper_roles,2019-08-28 12:00:00,19.3827191838,74.8128210465,0,0,0,12,12,6031,5345
compact51__paper_roles,2019-08-28 13:00:00,19.0243180158,81.3354197982,0,0,0,12,12,5812,5612
compact51__paper_roles,2019-08-28 14:00:00,16.1696045803,65.2181244338,0,0,0,12,12,3743,4906
compact51__paper_roles,2019-08-28 15:00:00,15.2140149844,52.5336296223,0,0,0,12,12,2992,3289
compact51__paper_roles,2019-08-28 16:00:00,16.3162836063,49.0620818681,0,0,0,12,12,3853,2429
compact51__paper_roles,2019-08-28 17:00:00,17.083261049,49.4677294676,0,0,0,12,12,4435,2530
compact51__paper_roles,2019-08-28 18:00:00,16.0206420866,46.7097886498,0,0,0,12,12,3625,1781
compact51__paper_roles,2019-08-28 19:00:00,16.0122936721,44.8124336568,0,0,0,12,12,3614,1333
compact51__paper_roles,2019-08-28 20:00:00,17.1528133662,42.3464037754,0,0,0,12,12,4476,867
compact51__paper_roles,2019-08-28 21:00:00,16.681285092,37.0459291292,0,0,0,12,12,4137,248
compact51__paper_roles,2019-08-28 22:00:00,18.8454512591,95.0562505843,0,0,0,12,12,5695,6077
compact51__paper_roles,2019-08-28 23:00:00,24.3230732202,94.5616529673,0,0,0,12,12,7813,6059
compact51__paper_roles,2019-08-29 00:00:00,13.0574847886,134.365189911,0,0,0,12,12,1405,6861
compact51__paper_roles,2019-08-29 01:00:00,12.4956211646,117.031978707,0,0,0,12,12,1070,6553
compact51__paper_roles,2019-08-29 02:00:00,14.8323962159,4081.72878418,1,0,0,12,12,2678,8695
compact51__paper_roles,2019-08-29 03:00:00,15.9135677523,1674.32011045,1,0,0,12,12,3545,8584
compact51__paper_roles,2019-08-29 04:00:00,15.8598398318,224.760692959,0,0,0,12,12,3502,7629
compact51__paper_roles,2019-08-29 05:00:00,21.4444711359,48.2639560826,0,0,0,12,12,6986,2221
compact51__paper_roles,2019-08-29 06:00:00,14.8326333333,45.8847122873,0,0,0,12,12,2679,1581
compact51__paper_roles,2019-08-29 07:00:00,15.4663638652,67.2823200902,0,0,0,12,12,3164,5017
compact51__paper_roles,2019-08-29 08:00:00,12.4042668617,150.462946551,1,0,0,12,12,1006,7062
compact51__paper_roles,2019-08-29 09:00:00,11.952705648,130.563697094,0,0,0,12,12,752,6808
compact51__paper_roles,2019-08-29 10:00:00,11.4337993048,466.520468229,1,0,0,12,12,527,8211
compact51__paper_roles,2019-08-29 11:00:00,10.8894804702,384.681750247,0,0,0,12,12,325,8118
compact51__paper_roles,2019-08-29 12:00:00,10.6958530464,68.0726149691,0,0,0,13,13,276,5063
compact51__paper_roles,2019-08-29 13:00:00,10.4175724234,84.2113813702,0,0,0,12,12,215,5722
compact51__paper_roles,2019-08-29 14:00:00,11.2859793706,99.8908037817,0,0,0,12,12,459,6209
compact51__paper_roles,2019-08-29 15:00:00,14.4851208488,80.2657686443,0,0,0,12,12,2395,5562
compact51__paper_roles,2019-08-29 16:00:00,15.3669755782,189.609781723,0,0,0,12,12,3104,7408
compact51__paper_roles,2019-08-29 17:00:00,11.356566902,55.7610609052,0,0,0,12,12,487,3941
compact51__paper_roles,2019-08-29 18:00:00,16.0234179318,50.1568756783,0,0,0,12,12,3628,2710
compact51__paper_roles,2019-08-29 19:00:00,14.7749132399,50.9974341242,0,0,0,12,12,2634,2927
compact51__paper_roles,2019-08-29 20:00:00,15.786567046,47.5488731177,0,0,0,12,12,3436,2026
compact51__paper_roles,2019-08-29 21:00:00,18.8511547752,43.6167515128,0,0,0,12,12,5702,1085
compact51__paper_roles,2019-08-29 22:00:00,17.3115275769,38.3077216812,0,0,0,12,12,4620,332
compact51__paper_roles,2019-08-29 23:00:00,13.5752434998,227.385818352,0,0,0,12,12,1725,7642
compact51__paper_roles,2019-08-30 00:00:00,14.5266008248,125.738755491,0,0,0,12,12,2438,6729
compact51__paper_roles,2019-08-30 01:00:00,15.6187216429,1073.88566698,0,0,0,12,12,3295,8510
compact51__paper_roles,2019-08-30 02:00:00,15.6830772901,3477.0551966,0,0,0,12,12,3348,8683
compact51__paper_roles,2019-08-30 03:00:00,15.8704640167,4303.04190567,0,0,0,12,12,3511,8700
compact51__paper_roles,2019-08-30 04:00:00,16.996541554,5050.13343059,1,0,0,12,12,4362,8711
compact51__paper_roles,2019-08-30 05:00:00,18.4490481379,14925.2344753,1,0,0,12,12,5423,8739
compact51__paper_roles,2019-08-30 06:00:00,16.8399483606,232.689120654,0,0,0,12,12,4255,7672
compact51__paper_roles,2019-08-30 07:00:00,18.1071021324,51.992138533,0,0,0,12,12,5195,3163
compact51__paper_roles,2019-08-30 08:00:00,15.1703979674,56.4443905205,0,0,0,12,12,2949,4051
compact51__paper_roles,2019-08-30 09:00:00,11.9800544573,105.445205816,0,0,0,12,12,769,6348
compact51__paper_roles,2019-08-30 10:00:00,11.9296285042,49.1462808834,0,0,0,12,12,738,2449
compact51__paper_roles,2019-08-30 11:00:00,13.7872162316,49.4366243143,0,0,0,12,12,1880,2523
compact51__paper_roles,2019-08-30 12:00:00,12.1625766425,140.285718163,1,0,0,12,12,865,6940
compact51__paper_roles,2019-08-30 13:00:00,14.3480423464,814.515956067,1,0,0,12,12,2299,8437
compact51__paper_roles,2019-08-30 14:00:00,11.3417226779,70.4781953816,0,0,0,12,12,480,5166
compact51__paper_roles,2019-08-30 15:00:00,13.8792660666,138.188058036,0,0,0,12,12,1939,6908
compact51__paper_roles,2019-08-30 16:00:00,15.0516935974,72.3686338218,0,0,0,12,12,2860,5243
compact51__paper_roles,2019-08-30 17:00:00,17.0591188102,64.4939584737,0,0,0,12,12,4411,4846
compact51__paper_roles,2019-08-30 18:00:00,15.6909566669,44.7955602566,0,0,0,12,12,3357,1328
compact51__paper_roles,2019-08-30 19:00:00,12.6414389932,45.7003093894,0,0,0,12,12,1151,1534
compact51__paper_roles,2019-08-30 20:00:00,13.6994171636,45.0266803366,0,0,0,12,12,1813,1374
compact51__paper_roles,2019-08-30 21:00:00,16.5699196705,63.8194304684,0,0,0,12,12,4047,4796
compact51__paper_roles,2019-08-30 22:00:00,12.2131934184,42.3990921202,0,0,0,12,12,902,876
compact51__paper_roles,2019-08-30 23:00:00,21.6158416601,54.9059965245,0,0,0,12,12,7063,3776
compact51__paper_roles,2019-08-31 00:00:00,13.9940249318,41.359545877,0,0,0,12,12,2019,705
compact51__paper_roles,2019-08-31 01:00:00,11.9506648961,41.9104253564,0,0,0,12,12,751,790
compact51__paper_roles,2019-08-31 02:00:00,12.892076863,44.5556931055,0,0,0,12,12,1293,1277
compact51__paper_roles,2019-08-31 03:00:00,12.8672435064,47.2593281816,0,0,0,12,12,1272,1947
compact51__paper_roles,2019-08-31 04:00:00,12.7869237517,45.8424628825,0,0,0,12,12,1226,1573
compact51__paper_roles,2019-08-31 05:00:00,12.8259436698,45.8474074071,0,0,0,13,12,1254,1575
compact51__paper_roles,2019-08-31 06:00:00,17.4392016269,52.6401521037,0,0,0,12,12,4714,3315
compact51__paper_roles,2019-08-31 07:00:00,19.1793406195,49.1947717785,0,0,0,12,12,5912,2464
compact51__paper_roles,2019-08-31 08:00:00,13.6831290599,45.5297561004,0,0,0,12,12,1805,1497
compact51__paper_roles,2019-08-31 09:00:00,17.90611219,49.1338557584,0,0,0,12,12,5048,2447
compact51__paper_roles,2019-08-31 10:00:00,11.8547590223,47.9872221039,0,0,0,12,12,695,2138
compact51__paper_roles,2019-08-31 11:00:00,12.4452925961,49.3147079548,0,0,0,12,12,1039,2490
compact51__paper_roles,2019-08-31 12:00:00,13.4593994413,51.7845704996,0,0,0,12,12,1657,3122
compact51__paper_roles,2019-08-31 13:00:00,13.6140218828,49.2831050788,0,0,0,12,12,1755,2483
compact51__paper_roles,2019-08-31 14:00:00,12.6031790883,45.0039975912,0,0,0,12,12,1130,1370
compact51__paper_roles,2019-08-31 15:00:00,11.8826907613,45.9730251125,0,0,0,12,12,712,1609
compact51__paper_roles,2019-08-31 16:00:00,14.3487829814,47.4663849643,0,0,0,12,12,2302,2002
compact51__paper_roles,2019-08-31 17:00:00,17.375388196,47.5279742387,0,0,0,12,12,4665,2019
compact51__paper_roles,2019-08-31 18:00:00,14.8055893146,43.7940322537,0,0,0,13,12,2659,1122
compact51__paper_roles,2019-08-31 19:00:00,14.340046175,47.2610488125,0,0,0,12,12,2289,1948
compact51__paper_roles,2019-08-31 20:00:00,14.4791018949,48.9995724297,0,0,0,12,12,2391,2418
compact51__paper_roles,2019-08-31 21:00:00,16.1702900624,47.7547661154,0,0,0,12,12,3745,2070
compact51__paper_roles,2019-08-31 22:00:00,13.5747252939,44.5792865114,0,0,0,12,12,1723,1281
compact51__paper_roles,2019-08-31 23:00:00,17.9049393565,44.3771238488,0,0,0,14,13,5045,1238
compact51__paper_roles,2019-09-01 00:00:00,13.3460951131,50.6846640622,0,0,0,12,12,1586,2842
compact51__paper_roles,2019-09-01 01:00:00,17.4958040251,82.771625973,0,0,0,13,13,4752,5660
compact51__paper_roles,2019-09-01 02:00:00,17.9661126448,57.2724606603,0,0,0,12,12,5107,4169
compact51__paper_roles,2019-09-01 03:00:00,15.6120226211,48.5783045995,0,0,0,12,12,3291,2317
compact51__paper_roles,2019-09-01 04:00:00,13.8604424547,47.2836384766,0,0,0,12,12,1926,1952
compact51__paper_roles,2019-09-01 05:00:00,11.5106329834,46.6327100525,0,0,0,12,12,561,1762
compact51__paper_roles,2019-09-01 06:00:00,11.5371690751,41.9192948699,0,0,0,12,12,572,793
compact51__paper_roles,2019-09-01 07:00:00,13.2311221511,45.2357656306,0,0,0,12,12,1518,1424
compact51__paper_roles,2019-09-01 08:00:00,14.1093574241,51.3580885954,0,0,0,12,12,2107,3016
compact51__paper_roles,2019-09-01 09:00:00,16.9896010713,54.4902889022,0,0,0,12,12,4355,3699
compact51__paper_roles,2019-09-01 10:00:00,15.0677303015,57.2520448277,0,0,0,12,12,2870,4167
compact51__paper_roles,2019-09-01 11:00:00,18.5895085761,58.8191685609,0,0,0,12,12,5518,4348
compact51__paper_roles,2019-09-01 12:00:00,18.7874630282,59.3284958547,0,0,0,12,12,5656,4416
compact51__paper_roles,2019-09-01 13:00:00,16.2552923962,55.5937087243,0,0,0,12,12,3815,3903
compact51__paper_roles,2019-09-01 14:00:00,10.6350437405,52.5425810668,0,0,0,12,12,259,3292
compact51__paper_roles,2019-09-01 15:00:00,11.8190258721,54.1336640049,0,0,0,12,12,682,3637
compact51__paper_roles,2019-09-01 16:00:00,12.9399783579,51.6995930539,0,0,0,12,12,1323,3090
compact51__paper_roles,2019-09-01 17:00:00,14.4837845573,51.114417397,0,0,0,12,12,2393,2953
compact51__paper_roles,2019-09-01 18:00:00,14.9903619127,49.7829917549,0,0,0,12,12,2808,2613
compact51__paper_roles,2019-09-01 19:00:00,14.9937940633,46.7442422902,0,0,0,12,12,2813,1792
compact51__paper_roles,2019-09-01 20:00:00,14.9382320209,47.1611997708,0,0,0,12,12,2760,1920
compact51__paper_roles,2019-09-01 21:00:00,16.753694752,42.4395490499,0,0,0,12,12,4191,884
compact51__paper_roles,2019-09-01 22:00:00,16.574809235,37.2587628858,0,0,0,13,12,4054,260
compact51__paper_roles,2019-09-01 23:00:00,18.5961456475,55.479041562,0,0,0,12,12,5520,3881
compact51__paper_roles,2019-09-02 00:00:00,13.4166924012,47.3301327587,0,0,0,12,12,1631,1965
compact51__paper_roles,2019-09-02 01:00:00,13.4001069675,67.6741645571,0,0,0,12,12,1620,5043
compact51__paper_roles,2019-09-02 02:00:00,12.7736938037,46.2183331883,0,0,0,12,12,1217,1656
compact51__paper_roles,2019-09-02 03:00:00,13.7870007296,57.6564923795,0,0,0,12,12,1879,4217
compact51__paper_roles,2019-09-02 04:00:00,12.36749981,42.2076925955,0,0,0,12,12,987,837
compact51__paper_roles,2019-09-02 05:00:00,12.1831114494,40.3733675142,0,0,0,12,12,881,556
compact51__paper_roles,2019-09-02 06:00:00,11.9997760787,46.9612570286,0,0,0,12,12,780,1857
compact51__paper_roles,2019-09-02 07:00:00,14.6405382269,56.48099197,0,0,0,12,12,2530,4057
compact51__paper_roles,2019-09-02 08:00:00,13.204557909,55.0464388435,0,0,0,12,12,1502,3798
compact51__paper_roles,2019-09-02 09:00:00,13.858516351,52.6286023697,0,0,0,12,12,1923,3314
compact51__paper_roles,2019-09-02 10:00:00,11.6278250585,51.7671054325,0,0,0,12,12,603,3117
compact51__paper_roles,2019-09-02 11:00:00,12.5848953728,55.711172624,0,0,0,12,12,1120,3935
compact51__paper_roles,2019-09-02 12:00:00,9.86605332686,44.9963716376,0,0,0,12,12,115,1368
compact51__paper_roles,2019-09-02 13:00:00,12.8673490269,47.4346762823,0,0,0,12,12,1273,1993
compact51__paper_roles,2019-09-02 14:00:00,11.6129254555,49.8277468945,0,0,0,12,12,596,2623
compact51__paper_roles,2019-09-02 15:00:00,14.5306180316,53.5059672984,0,0,0,12,12,2441,3527
compact51__paper_roles,2019-09-02 16:00:00,14.8080734544,51.8210462528,0,0,0,12,12,2661,3130
compact51__paper_roles,2019-09-02 17:00:00,12.7898596124,47.8113641867,0,0,0,12,12,1228,2090
compact51__paper_roles,2019-09-02 18:00:00,14.8806595183,46.5002795696,0,0,0,12,12,2719,1722
compact51__paper_roles,2019-09-02 19:00:00,13.3667482783,47.5943727277,0,0,0,12,12,1599,2036
compact51__paper_roles,2019-09-02 20:00:00,16.4326480092,47.9337420195,0,0,0,12,12,3952,2116
compact51__paper_roles,2019-09-02 21:00:00,15.0883902407,49.8216709489,0,0,0,12,12,2884,2622
compact51__paper_roles,2019-09-02 22:00:00,17.0778901681,72.0548276345,0,0,0,12,12,4431,5229
compact51__paper_roles,2019-09-02 23:00:00,18.7742338786,48.1676474767,0,0,0,12,12,5647,2190
compact51__paper_roles,2019-09-03 00:00:00,15.8171031371,53.3065999424,0,0,0,12,12,3457,3485
compact51__paper_roles,2019-09-03 01:00:00,15.1039426438,52.5445706207,0,0,0,12,12,2896,3294
compact51__paper_roles,2019-09-03 02:00:00,18.1979916578,101.173644436,0,0,0,12,12,5256,6241
compact51__paper_roles,2019-09-03 03:00:00,17.3519734086,90.6632415708,0,0,0,12,12,4647,5924
compact51__paper_roles,2019-09-03 04:00:00,22.3345249216,94.6094427812,0,0,0,12,12,7306,6062
compact51__paper_roles,2019-09-03 05:00:00,27.7876037877,60.7045591305,0,0,0,12,12,8365,4551
compact51__paper_roles,2019-09-03 06:00:00,19.8120932804,55.6064944184,0,0,0,12,12,6259,3908
compact51__paper_roles,2019-09-03 07:00:00,18.3221205969,54.7579265446,0,0,0,12,12,5331,3750
compact51__paper_roles,2019-09-03 08:00:00,12.3153823033,49.4947246724,0,0,0,12,12,964,2542
compact51__paper_roles,2019-09-03 09:00:00,16.1866805528,137.938773192,1,0,0,11,11,3760,6907
compact51__paper_roles,2019-09-03 10:00:00,20.9196285159,79.9564841366,0,0,0,12,12,6749,5554
compact51__paper_roles,2019-09-03 11:00:00,21.9705287518,170.184995657,1,0,0,12,12,7184,7268
compact51__paper_roles,2019-09-03 12:00:00,21.5650098387,708.344714528,1,0,0,12,12,7039,8403
compact51__paper_roles,2019-09-03 13:00:00,27.6541830875,557.529827448,0,0,0,12,12,8354,8301
compact51__paper_roles,2019-09-03 14:00:00,24.4642940706,563.422958927,0,0,0,12,12,7847,8307
compact51__paper_roles,2019-09-03 15:00:00,19.4146716291,78.6983031456,0,0,0,12,12,6048,5498
compact51__paper_roles,2019-09-03 16:00:00,21.1811310543,68.4113054677,0,0,0,12,12,6869,5077
compact51__paper_roles,2019-09-03 17:00:00,29.7711266654,81.4846406591,0,0,0,12,12,8498,5621
compact51__paper_roles,2019-09-03 18:00:00,24.6195921492,145.148214207,0,0,0,12,12,7874,6996
compact51__paper_roles,2019-09-03 19:00:00,17.5969557146,56.676930176,0,0,0,12,12,4825,4089
compact51__paper_roles,2019-09-03 20:00:00,17.8164743746,55.141738997,0,0,0,12,12,4985,3817
compact51__paper_roles,2019-09-03 21:00:00,17.5828178771,47.6139981097,0,0,0,12,12,4811,2041
compact51__paper_roles,2019-09-03 22:00:00,23.1174312335,268.898852055,1,0,0,12,12,7531,7823
compact51__paper_roles,2019-09-03 23:00:00,24.2403936304,2289.97473182,1,0,0,14,13,7798,8639
compact51__paper_roles,2019-09-04 00:00:00,14.0068771464,206.037208515,0,0,0,12,12,2028,7528
compact51__paper_roles,2019-09-04 01:00:00,14.2911409702,765.44576451,0,0,0,12,12,2252,8425
compact51__paper_roles,2019-09-04 02:00:00,15.1646537683,450.541535924,1,0,0,12,12,2945,8193
compact51__paper_roles,2019-09-04 03:00:00,17.958445226,405.263646247,1,0,0,12,12,5100,8142
compact51__paper_roles,2019-09-04 04:00:00,19.9504202458,605.480349904,1,0,0,12,12,6325,8341
compact51__paper_roles,2019-09-04 05:00:00,23.7838447499,281.08136358,1,0,0,12,12,7708,7871
compact51__paper_roles,2019-09-04 06:00:00,16.7867324538,68.6959134106,0,0,0,12,12,4216,5087
compact51__paper_roles,2019-09-04 07:00:00,22.9542170926,81.5249898738,0,0,0,12,12,7480,5624
compact51__paper_roles,2019-09-04 08:00:00,25.140426609,97.7151253412,0,0,0,13,13,7979,6150
compact51__paper_roles,2019-09-04 09:00:00,21.6322145488,93.7036544107,0,0,0,12,12,7069,6032
compact51__paper_roles,2019-09-04 10:00:00,16.8205283714,82.723622686,0,0,0,12,12,4238,5657
compact51__paper_roles,2019-09-04 11:00:00,16.7769687694,83.7014313553,0,0,0,12,12,4205,5702
compact51__paper_roles,2019-09-04 12:00:00,17.3398589261,79.7290789164,0,0,0,12,12,4639,5545
compact51__paper_roles,2019-09-04 13:00:00,15.5095728925,76.8686165951,0,0,0,13,13,3198,5429
compact51__paper_roles,2019-09-04 14:00:00,26.294955813,100.680813176,1,0,0,11,11,8189,6225
compact51__paper_roles,2019-09-04 15:00:00,27.0304916389,79.1182929607,0,0,0,12,12,8287,5516
compact51__paper_roles,2019-09-04 16:00:00,28.8921850824,84.0573890529,0,0,0,11,10,8443,5715
compact51__paper_roles,2019-09-04 17:00:00,34.6461667539,96.733746543,0,0,0,12,12,8681,6128
compact51__paper_roles,2019-09-04 18:00:00,27.3564522678,4929.36452409,1,0,0,12,12,8324,8709
compact51__paper_roles,2019-09-04 19:00:00,24.6144044928,83.4969600238,0,0,0,12,12,7873,5688
compact51__paper_roles,2019-09-04 20:00:00,19.639403226,101.557852681,0,0,0,12,12,6168,6250
compact51__paper_roles,2019-09-04 21:00:00,20.9133272865,126.662293583,0,0,0,12,12,6745,6748
compact51__paper_roles,2019-09-04 22:00:00,21.889248849,65.5111496631,0,0,0,12,12,7164,4919
compact51__paper_roles,2019-09-04 23:00:00,24.3085150479,59.6712078026,0,0,0,12,12,7810,4450
compact51__paper_roles,2019-09-05 00:00:00,15.3777723129,43.6367893793,0,0,0,12,12,3111,1092
compact51__paper_roles,2019-09-05 01:00:00,15.5115885719,71.7457284913,0,0,0,12,12,3201,5217
compact51__paper_roles,2019-09-05 02:00:00,14.0488643337,64.6815450424,0,0,0,12,12,2059,4863
compact51__paper_roles,2019-09-05 03:00:00,11.8217572683,69.8911579616,0,0,0,12,12,685,5139
compact51__paper_roles,2019-09-05 04:00:00,11.5516934388,73.6334325298,0,0,0,12,12,579,5287
compact51__paper_roles,2019-09-05 05:00:00,17.8027799061,68.7526036747,0,0,0,12,12,4972,5089
compact51__paper_roles,2019-09-05 06:00:00,14.4771223272,68.0097537909,0,0,0,12,12,2389,5059
compact51__paper_roles,2019-09-05 07:00:00,9.18777524149,43.716615644,0,0,0,12,12,37,1105
compact51__paper_roles,2019-09-05 08:00:00,9.85912340898,48.3893189692,0,0,0,12,12,113,2276
compact51__paper_roles,2019-09-05 09:00:00,11.2690266011,52.5555735071,0,0,0,12,12,453,3297
compact51__paper_roles,2019-09-05 10:00:00,13.3477809041,563.302246103,0,0,0,14,13,1588,8306
compact51__paper_roles,2019-09-05 11:00:00,14.9598415286,220.539692347,0,0,0,12,11,2779,7605
compact51__paper_roles,2019-09-05 12:00:00,12.2880961922,103.665945911,0,0,0,12,12,953,6305
compact51__paper_roles,2019-09-05 13:00:00,13.1082655613,4209.46577104,0,0,0,12,12,1441,8698
compact51__paper_roles,2019-09-05 14:00:00,14.893099423,125.286595902,0,0,0,12,12,2728,6718
compact51__paper_roles,2019-09-05 15:00:00,14.8433311681,248.207377112,0,0,0,12,12,2687,7755
compact51__paper_roles,2019-09-05 16:00:00,14.369334441,91.2226885668,0,0,0,12,12,2313,5941
compact51__paper_roles,2019-09-05 17:00:00,11.8129244666,52.1457529196,0,0,0,12,12,676,3202
compact51__paper_roles,2019-09-05 18:00:00,13.3197484819,53.0162095509,0,0,0,12,12,1572,3407
compact51__paper_roles,2019-09-05 19:00:00,12.8445125009,719.503738935,0,0,0,12,12,1262,8406
compact51__paper_roles,2019-09-05 20:00:00,18.4793540834,324.440907335,0,0,0,12,12,5439,7994
compact51__paper_roles,2019-09-05 21:00:00,20.3542988645,186.326324053,1,0,0,12,12,6507,7387
compact51__paper_roles,2019-09-05 22:00:00,16.3239385564,43.5444465966,0,0,0,12,12,3861,1067
compact51__paper_roles,2019-09-05 23:00:00,21.0815018578,45.9024318243,0,0,0,12,12,6823,1588
compact51__paper_roles,2019-09-06 00:00:00,16.4424432303,63.8874892289,0,0,0,12,12,3958,4799
compact51__paper_roles,2019-09-06 01:00:00,13.7584223098,68.8827584295,0,0,0,12,12,1860,5092
compact51__paper_roles,2019-09-06 02:00:00,10.4731529213,46.4271386652,0,0,0,12,12,229,1700
compact51__paper_roles,2019-09-06 03:00:00,9.83155614949,45.6706703457,0,0,0,12,12,107,1528
compact51__paper_roles,2019-09-06 04:00:00,12.6288960661,47.4450305914,0,0,0,12,12,1140,1996
compact51__paper_roles,2019-09-06 05:00:00,24.0909463062,59.4503351836,0,0,0,12,12,7761,4430
compact51__paper_roles,2019-09-06 06:00:00,14.5478353531,55.5470575779,0,0,0,13,12,2451,3899
compact51__paper_roles,2019-09-06 07:00:00,13.2908015061,43.7953046367,0,0,0,12,12,1552,1123
compact51__paper_roles,2019-09-06 08:00:00,10.7922702673,66.9368767421,0,0,0,13,13,300,5002
compact51__paper_roles,2019-09-06 09:00:00,10.9507988664,1446.68386809,1,0,0,12,12,342,8570
compact51__paper_roles,2019-09-06 10:00:00,11.5359063211,61.1639196036,0,0,0,12,12,571,4595
compact51__paper_roles,2019-09-06 11:00:00,13.7798046335,77.5035059272,0,0,0,12,12,1877,5453
compact51__paper_roles,2019-09-06 12:00:00,12.0600727749,55.2066349651,0,0,0,12,12,813,3830
compact51__paper_roles,2019-09-06 13:00:00,16.1422151139,67.5611044985,0,0,0,12,12,3720,5035
compact51__paper_roles,2019-09-06 14:00:00,13.2168706533,51.1976528477,0,0,0,12,12,1510,2970
compact51__paper_roles,2019-09-06 15:00:00,12.2565260397,52.6785358847,0,0,0,12,12,934,3326
compact51__paper_roles,2019-09-06 16:00:00,19.2154381333,80.8590427476,0,0,0,12,12,5931,5591
compact51__paper_roles,2019-09-06 17:00:00,16.8314125195,141.039374767,1,0,0,12,12,4245,6949
compact51__paper_roles,2019-09-06 18:00:00,20.5543752781,192.364800669,1,0,0,12,12,6588,7430
compact51__paper_roles,2019-09-06 19:00:00,13.894704228,58.5604501683,0,0,0,11,11,1951,4321
compact51__paper_roles,2019-09-06 20:00:00,21.0163167731,54.1907725832,0,0,0,12,12,6800,3650
compact51__paper_roles,2019-09-06 21:00:00,20.0066015042,97.4709892178,0,0,0,12,12,6351,6145
compact51__paper_roles,2019-09-06 22:00:00,19.7443693105,4139.35345688,1,0,0,12,12,6221,8696
compact51__paper_roles,2019-09-06 23:00:00,23.6989540119,7341.14315713,1,0,0,13,13,7675,8729
compact51__paper_roles,2019-09-07 00:00:00,20.3801022242,124.539379386,0,0,0,12,11,6517,6709
compact51__paper_roles,2019-09-07 01:00:00,16.3543057632,64.2733140912,0,0,0,12,12,3890,4827
compact51__paper_roles,2019-09-07 02:00:00,14.9052659948,1177.53185776,0,0,0,12,12,2736,8531
compact51__paper_roles,2019-09-07 03:00:00,17.2509039695,1693.09507963,1,0,0,12,12,4577,8588
compact51__paper_roles,2019-09-07 04:00:00,18.3729957404,815.345137596,1,0,0,12,12,5375,8438
compact51__paper_roles,2019-09-07 05:00:00,17.2004847992,3736.58330293,0,0,0,12,12,4522,8685
compact51__paper_roles,2019-09-07 06:00:00,23.2383931916,335.668003686,0,0,0,12,12,7563,8020
compact51__paper_roles,2019-09-07 07:00:00,25.0260040232,323.122060857,0,0,0,12,12,7958,7990
compact51__paper_roles,2019-09-07 08:00:00,15.7148119345,347.000399491,0,0,0,12,12,3384,8052
compact51__paper_roles,2019-09-07 09:00:00,14.2861200199,105.363926125,0,0,0,13,12,2247,6346
compact51__paper_roles,2019-09-07 10:00:00,18.129142249,187.182568308,0,0,0,12,12,5221,7394
compact51__paper_roles,2019-09-07 11:00:00,13.5763798326,60.8205554025,0,0,0,12,12,1726,4563
compact51__paper_roles,2019-09-07 12:00:00,15.6706211391,63.2906672982,0,0,0,12,12,3337,4758
compact51__paper_roles,2019-09-07 13:00:00,12.9736375664,52.5799176064,0,0,0,12,12,1349,3302
compact51__paper_roles,2019-09-07 14:00:00,15.2051231878,59.5512572539,0,0,0,12,12,2979,4441
compact51__paper_roles,2019-09-07 15:00:00,13.8585279042,55.0504529429,0,0,0,12,12,1924,3800
compact51__paper_roles,2019-09-07 16:00:00,15.1789140335,56.6022976601,0,0,0,12,12,2958,4073
compact51__paper_roles,2019-09-07 17:00:00,19.3176132381,67.6220788725,0,0,0,12,12,5991,5041
compact51__paper_roles,2019-09-07 18:00:00,19.5221911768,44.1087380702,0,0,0,13,13,6108,1185
compact51__paper_roles,2019-09-07 19:00:00,14.0971098541,47.7562484792,0,0,0,12,12,2098,2072
compact51__paper_roles,2019-09-07 20:00:00,15.7514772789,49.4673706881,0,0,0,12,12,3411,2529
compact51__paper_roles,2019-09-07 21:00:00,17.7565304133,46.9214081956,0,0,0,12,12,4946,1841
compact51__paper_roles,2019-09-07 22:00:00,17.957856273,43.7990644077,0,0,0,12,12,5099,1125
compact51__paper_roles,2019-09-07 23:00:00,17.4044758265,51.6005486311,0,0,0,12,12,4686,3067
compact51__paper_roles,2019-09-08 00:00:00,12.8207963598,57.5946484308,0,0,0,12,12,1251,4211
compact51__paper_roles,2019-09-08 01:00:00,13.386670823,55.0104645367,0,0,0,12,12,1609,3795
compact51__paper_roles,2019-09-08 02:00:00,10.7304002574,50.2814393699,0,0,0,12,12,288,2745
compact51__paper_roles,2019-09-08 03:00:00,11.7840217396,51.1175204822,0,0,0,12,12,661,2954
compact51__paper_roles,2019-09-08 04:00:00,12.7700404397,50.0223495003,0,0,0,12,12,1213,2674
compact51__paper_roles,2019-09-08 05:00:00,9.22825259925,48.7260201878,0,0,0,12,12,38,2358
compact51__paper_roles,2019-09-08 06:00:00,14.5305502596,47.7971469525,0,0,0,12,12,2440,2083
compact51__paper_roles,2019-09-08 07:00:00,17.5907851822,54.2033557838,0,0,0,12,12,4821,3653
compact51__paper_roles,2019-09-08 08:00:00,18.2084524018,77.6133960351,0,0,0,12,12,5262,5458
compact51__paper_roles,2019-09-08 09:00:00,16.4723736844,62.6333305376,0,0,0,13,13,3982,4707
compact51__paper_roles,2019-09-08 10:00:00,15.2436150743,53.370143948,0,0,0,12,11,3013,3500
compact51__paper_roles,2019-09-08 11:00:00,13.1141360699,52.4809842631,0,0,0,12,12,1449,3274
compact51__paper_roles,2019-09-08 12:00:00,15.4971749922,57.7373820878,0,0,0,12,12,3189,4227
compact51__paper_roles,2019-09-08 13:00:00,17.5818952307,59.663040866,0,0,0,12,12,4809,4448
compact51__paper_roles,2019-09-08 14:00:00,14.3904217338,81.0765097848,0,0,0,12,12,2331,5602
compact51__paper_roles,2019-09-08 15:00:00,14.8685854451,114.965261105,0,0,0,13,12,2702,6529
compact51__paper_roles,2019-09-08 16:00:00,14.8006011137,105.056362103,0,0,0,12,12,2653,6337
compact51__paper_roles,2019-09-08 17:00:00,16.5045119932,44.5087972963,0,0,0,12,12,4008,1269
compact51__paper_roles,2019-09-08 18:00:00,15.5605935209,46.5326914956,0,0,0,12,12,3239,1730
compact51__paper_roles,2019-09-08 19:00:00,12.9753819325,45.5746905624,0,0,0,12,12,1351,1503
compact51__paper_roles,2019-09-08 20:00:00,18.7345524715,47.4931824317,0,0,0,12,12,5623,2008
compact51__paper_roles,2019-09-08 21:00:00,16.0261549771,42.6273606023,0,0,0,12,12,3632,913
compact51__paper_roles,2019-09-08 22:00:00,16.1471533358,38.556959083,0,0,0,12,12,3726,355
compact51__paper_roles,2019-09-08 23:00:00,16.4784582285,44.2376888451,0,0,0,12,12,3991,1211
compact51__paper_roles,2019-09-09 00:00:00,11.1289661267,48.9366938287,0,0,0,12,12,407,2400
compact51__paper_roles,2019-09-09 01:00:00,13.899645565,48.1756447004,0,0,0,12,12,1954,2192
compact51__paper_roles,2019-09-09 02:00:00,11.9978467319,49.7398607757,0,0,0,12,12,779,2602
compact51__paper_roles,2019-09-09 03:00:00,12.5060705242,48.6343526952,0,0,0,12,12,1079,2330
compact51__paper_roles,2019-09-09 04:00:00,11.733034299,46.2983586369,0,0,0,12,12,640,1669
compact51__paper_roles,2019-09-09 05:00:00,15.1933141462,47.9823394932,0,0,0,12,12,2971,2136
compact51__paper_roles,2019-09-09 06:00:00,18.273901481,52.3003313315,0,0,0,12,12,5307,3241
compact51__paper_roles,2019-09-09 07:00:00,17.2921099206,52.7697052678,0,0,0,12,12,4608,3344
compact51__paper_roles,2019-09-09 08:00:00,12.2417815089,49.371949387,0,0,0,12,12,921,2503
compact51__paper_roles,2019-09-09 09:00:00,9.97539460641,46.3920943563,0,0,0,12,12,133,1692
compact51__paper_roles,2019-09-09 10:00:00,8.25584722759,47.0476419665,0,0,0,12,12,11,1882
compact51__paper_roles,2019-09-09 11:00:00,9.71770183582,47.9449920036,0,0,0,12,12,90,2118
compact51__paper_roles,2019-09-09 12:00:00,11.6827527773,243.277739084,1,0,0,12,12,629,7726
compact51__paper_roles,2019-09-09 13:00:00,10.8330823394,92.5559546008,0,0,0,13,13,307,5996
compact51__paper_roles,2019-09-09 14:00:00,11.0333128611,42.2538480348,0,0,0,13,13,364,847
compact51__paper_roles,2019-09-09 15:00:00,12.1626167473,42.5214766766,0,0,0,12,11,866,897
compact51__paper_roles,2019-09-09 16:00:00,12.0022710234,41.7425595651,0,0,0,13,12,784,771
compact51__paper_roles,2019-09-09 17:00:00,17.5261912571,43.02793071,0,0,0,12,12,4771,979
compact51__paper_roles,2019-09-09 18:00:00,15.2767612898,36.7276042341,0,0,0,12,12,3042,219
compact51__paper_roles,2019-09-09 19:00:00,12.9164038803,42.9870157715,0,0,0,12,12,1305,970
compact51__paper_roles,2019-09-09 20:00:00,12.4990770475,38.4059325492,0,0,0,12,12,1072,338
compact51__paper_roles,2019-09-09 21:00:00,13.5949202665,32.4332647641,0,0,0,12,12,1739,64
compact51__paper_roles,2019-09-09 22:00:00,11.9671504187,33.1627515157,0,0,0,12,12,761,80
compact51__paper_roles,2019-09-09 23:00:00,13.8070321325,34.7772793045,0,0,0,12,12,1894,124
compact51__paper_roles,2019-09-10 00:00:00,12.0670930537,36.7815079004,0,0,0,12,12,818,222
compact51__paper_roles,2019-09-10 01:00:00,9.73424973932,40.6816599088,0,0,0,12,12,92,606
compact51__paper_roles,2019-09-10 02:00:00,10.1807988192,38.0909019603,0,0,0,12,12,166,316
compact51__paper_roles,2019-09-10 03:00:00,10.4441117752,38.0185941446,0,0,0,12,12,224,310
compact51__paper_roles,2019-09-10 04:00:00,12.8674373571,35.6818192222,0,0,0,12,12,1274,169
compact51__paper_roles,2019-09-10 05:00:00,13.646361536,33.1843111332,0,0,0,12,12,1781,81
compact51__paper_roles,2019-09-10 06:00:00,11.9380773817,34.6177117343,0,0,0,12,12,744,117
compact51__paper_roles,2019-09-10 07:00:00,20.9732569428,52.2043556377,0,0,0,12,12,6779,3216
compact51__paper_roles,2019-09-10 08:00:00,18.5647571401,52.8879563713,0,0,0,12,12,5497,3373
compact51__paper_roles,2019-09-10 09:00:00,9.29941739315,42.5836611803,0,0,0,13,13,45,909
compact51__paper_roles,2019-09-10 10:00:00,8.48118617775,46.7606607731,0,0,0,12,12,13,1800
compact51__paper_roles,2019-09-10 11:00:00,9.86205896593,37.0403852082,0,0,0,12,12,114,247
compact51__paper_roles,2019-09-10 12:00:00,10.8780489281,68.0194576069,0,0,0,12,12,319,5061
compact51__paper_roles,2019-09-10 13:00:00,17.6355043476,184.895509208,0,0,0,12,12,4855,7378
compact51__paper_roles,2019-09-10 14:00:00,14.2031833466,149.47852532,0,0,0,12,12,2178,7046
compact51__paper_roles,2019-09-10 15:00:00,14.5752796832,120.644680709,0,0,0,12,12,2474,6632
compact51__paper_roles,2019-09-10 16:00:00,15.8419843674,91.0406494907,0,0,0,12,12,3482,5936
compact51__paper_roles,2019-09-10 17:00:00,15.5457991794,127.764088801,0,0,0,12,12,3229,6767
compact51__paper_roles,2019-09-10 18:00:00,13.8901421105,65.1422404617,0,0,0,12,12,1947,4901
compact51__paper_roles,2019-09-10 19:00:00,10.7098469591,39.2570815416,0,0,0,12,12,280,418
compact51__paper_roles,2019-09-10 20:00:00,15.8716444629,447.719893692,0,0,0,13,12,3512,8188
compact51__paper_roles,2019-09-10 21:00:00,13.8152040207,33.2262440217,0,0,0,12,12,1898,82
compact51__paper_roles,2019-09-10 22:00:00,19.6874810578,191.009349836,0,0,0,12,12,6194,7421
compact51__paper_roles,2019-09-10 23:00:00,20.393134793,194.005003022,1,0,0,12,12,6525,7443
compact51__paper_roles,2019-09-11 00:00:00,16.5068397866,53.1384654952,0,0,0,12,12,4010,3445
compact51__paper_roles,2019-09-11 01:00:00,14.5077229175,73.7326950625,0,0,0,12,12,2420,5296
compact51__paper_roles,2019-09-11 02:00:00,11.9637065044,122.179232021,1,0,0,12,12,758,6665
compact51__paper_roles,2019-09-11 03:00:00,9.28110873246,93.0982119153,0,0,0,12,12,42,6013
compact51__paper_roles,2019-09-11 04:00:00,10.6885701038,128.543648844,1,0,0,12,12,273,6783
compact51__paper_roles,2019-09-11 05:00:00,18.9157300797,71.4649296287,0,0,0,12,12,5738,5207
compact51__paper_roles,2019-09-11 06:00:00,15.3448085308,60.3041876785,0,0,0,12,12,3094,4514
compact51__paper_roles,2019-09-11 07:00:00,15.0135411713,63.4295994218,0,0,0,12,12,2831,4767
compact51__paper_roles,2019-09-11 08:00:00,19.6829717758,184.134084172,0,0,0,12,12,6191,7374
compact51__paper_roles,2019-09-11 09:00:00,26.0512064714,103.714348069,0,0,0,12,12,8148,6309
compact51__paper_roles,2019-09-11 10:00:00,23.3968520046,84.187094278,0,0,0,12,12,7604,5720
compact51__paper_roles,2019-09-11 11:00:00,16.7044885896,89.7531494861,0,0,0,12,12,4156,5898
compact51__paper_roles,2019-09-11 12:00:00,19.8263897865,82.1118682168,0,0,0,12,12,6269,5635
compact51__paper_roles,2019-09-11 13:00:00,19.7878212452,94.0569798226,0,0,0,12,12,6247,6043
compact51__paper_roles,2019-09-11 14:00:00,23.3422964306,103.012767745,0,0,0,12,12,7591,6287
compact51__paper_roles,2019-09-11 15:00:00,27.0165903509,102.996993931,0,0,0,12,12,8286,6285
compact51__paper_roles,2019-09-11 16:00:00,31.512072343,118.256342235,0,0,0,12,12,8581,6579
compact51__paper_roles,2019-09-11 17:00:00,28.8324393542,88.9273415451,0,0,0,13,12,8438,5872
compact51__paper_roles,2019-09-11 18:00:00,29.4299135116,179.148544758,1,0,0,12,12,8476,7341
compact51__paper_roles,2019-09-11 19:00:00,24.9283383209,78.9384836687,0,0,0,12,12,7938,5506
compact51__paper_roles,2019-09-11 20:00:00,27.4358746862,80.4705685661,0,0,0,12,12,8334,5569
compact51__paper_roles,2019-09-11 21:00:00,24.8031601092,449.814255902,1,0,0,12,12,7907,8192
compact51__paper_roles,2019-09-11 22:00:00,19.9273823435,1022.34510939,0,0,0,12,12,6314,8498
compact51__paper_roles,2019-09-11 23:00:00,18.8374984127,1878.07634457,1,0,0,12,12,5691,8610
compact51__paper_roles,2019-09-12 00:00:00,25.983142986,75.5450223553,0,0,0,12,12,8128,5379
compact51__paper_roles,2019-09-12 01:00:00,20.8724025558,72.1023382649,0,0,0,12,12,6732,5234
compact51__paper_roles,2019-09-12 02:00:00,15.6521669338,74.28491639,0,0,0,12,12,3321,5327
compact51__paper_roles,2019-09-12 03:00:00,15.7464913707,85.570526461,0,0,0,12,12,3407,5775
compact51__paper_roles,2019-09-12 04:00:00,21.2872840908,89.8864735602,0,0,0,12,12,6915,5908
compact51__paper_roles,2019-09-12 05:00:00,22.2137310437,69.3303814644,0,0,0,12,12,7262,5113
compact51__paper_roles,2019-09-12 06:00:00,15.5387503976,77.0141107827,0,0,0,12,12,3221,5434
compact51__paper_roles,2019-09-12 07:00:00,15.5082359435,74.3423227414,0,0,0,12,12,3197,5330
compact51__paper_roles,2019-09-12 08:00:00,20.2533831599,90.2152656886,0,0,0,12,12,6460,5916
compact51__paper_roles,2019-09-12 09:00:00,17.9198294599,94.1852047998,0,0,0,12,12,5061,6049
compact51__paper_roles,2019-09-12 10:00:00,18.1102680155,96.6164513581,0,0,0,12,12,5201,6126
compact51__paper_roles,2019-09-12 11:00:00,17.528044735,149.970816372,0,0,0,12,12,4774,7053
compact51__paper_roles,2019-09-12 12:00:00,17.2245556281,81.4835427438,0,0,0,12,12,4550,5620
compact51__paper_roles,2019-09-12 13:00:00,18.3840595985,172.920681787,0,0,0,12,12,5382,7294
compact51__paper_roles,2019-09-12 14:00:00,20.0896137432,369.188199084,0,0,0,12,12,6393,8101
compact51__paper_roles,2019-09-12 15:00:00,17.8345817321,979.930513713,1,0,0,12,11,4998,8492
compact51__paper_roles,2019-09-12 16:00:00,24.6684246892,2103.03485773,1,0,0,12,12,7881,8623
compact51__paper_roles,2019-09-12 17:00:00,24.6117385531,603.211970446,0,0,0,12,12,7872,8340
compact51__paper_roles,2019-09-12 18:00:00,21.5696925138,457.175713341,0,0,0,12,12,7041,8203
compact51__paper_roles,2019-09-12 19:00:00,20.0483677726,135.534038758,0,0,0,12,12,6373,6878
compact51__paper_roles,2019-09-12 20:00:00,19.274520878,100.847185111,1,0,0,12,12,5968,6233
compact51__paper_roles,2019-09-12 21:00:00,24.4749017562,123.443257499,1,0,0,13,12,7849,6693
compact51__paper_roles,2019-09-12 22:00:00,20.0266552311,72.1617505001,0,0,0,12,12,6365,5237
compact51__paper_roles,2019-09-12 23:00:00,24.0274366119,211.740576695,1,0,0,12,12,7747,7557
compact51__paper_roles,2019-09-13 00:00:00,14.2987847255,284.518817995,1,0,0,12,12,2262,7882
compact51__paper_roles,2019-09-13 01:00:00,16.0003040435,73.1982124789,0,0,0,12,12,3606,5266
compact51__paper_roles,2019-09-13 02:00:00,16.9302701984,74.2182896359,0,0,0,12,12,4311,5322
compact51__paper_roles,2019-09-13 03:00:00,20.1952626086,159.055559247,0,0,0,12,12,6430,7161
compact51__paper_roles,2019-09-13 04:00:00,27.9171680035,324.89166431,1,0,0,12,12,8380,7995
compact51__paper_roles,2019-09-13 05:00:00,22.0514217536,350.940030934,0,0,0,12,12,7201,8067
compact51__paper_roles,2019-09-13 06:00:00,16.8103255587,123.620932455,0,0,0,12,12,4228,6697
compact51__paper_roles,2019-09-13 07:00:00,16.074412956,64.5323739385,0,0,0,12,12,3662,4851
compact51__paper_roles,2019-09-13 08:00:00,17.6553021391,60.1100147956,0,0,0,12,12,4872,4499
compact51__paper_roles,2019-09-13 09:00:00,18.9558588062,65.0336342144,0,0,0,12,12,5766,4895
compact51__paper_roles,2019-09-13 10:00:00,22.1669824457,150.180159905,1,0,0,12,12,7244,7057
compact51__paper_roles,2019-09-13 11:00:00,21.4561097531,107.741053653,1,0,0,12,12,6993,6388
compact51__paper_roles,2019-09-13 12:00:00,21.4331080003,142.708743246,0,0,0,12,12,6982,6969
compact51__paper_roles,2019-09-13 13:00:00,17.5317890032,88.7871238273,0,0,0,12,12,4780,5865
compact51__paper_roles,2019-09-13 14:00:00,18.9462793795,118.266030462,0,0,0,13,13,5753,6581
compact51__paper_roles,2019-09-13 15:00:00,24.3486423114,262.026295256,0,0,0,12,11,7818,7804
compact51__paper_roles,2019-09-13 16:00:00,20.0175539026,215.259694379,1,0,0,14,14,6356,7574
compact51__paper_roles,2019-09-13 17:00:00,18.2379284127,871.941522688,0,0,0,10,10,5286,8461
compact51__paper_roles,2019-09-13 18:00:00,17.8716003042,107622.407727,0,0,0,12,12,5024,8756
compact51__paper_roles,2019-09-13 19:00:00,14.8243869681,340.683689521,0,0,0,12,12,2669,8033
compact51__paper_roles,2019-09-13 20:00:00,16.5709426103,195.048831956,0,0,0,12,12,4050,7449
compact51__paper_roles,2019-09-13 21:00:00,16.4911027719,108.263129534,0,0,0,12,12,3999,6397
compact51__paper_roles,2019-09-13 22:00:00,14.6097179871,86.225420829,0,0,0,12,12,2500,5796
compact51__paper_roles,2019-09-13 23:00:00,21.0689403822,275.358766614,0,0,0,12,12,6817,7839
compact51__paper_roles,2019-09-14 00:00:00,11.8585854638,83.5549397218,0,0,0,12,12,698,5691
compact51__paper_roles,2019-09-14 01:00:00,13.119673328,44.2498193082,0,0,0,12,12,1453,1214
compact51__paper_roles,2019-09-14 02:00:00,16.0472918297,53.2311477047,0,0,0,13,13,3645,3466
compact51__paper_roles,2019-09-14 03:00:00,18.3713164771,66.246375342,0,0,0,12,12,5373,4964
compact51__paper_roles,2019-09-14 04:00:00,21.5284593816,47.9863293554,0,0,0,12,12,7024,2137
compact51__paper_roles,2019-09-14 05:00:00,16.1465612035,42.9601577012,0,0,0,12,12,3725,965
compact51__paper_roles,2019-09-14 06:00:00,15.5102393637,62.8774676188,0,0,0,12,12,3200,4725
compact51__paper_roles,2019-09-14 07:00:00,10.3333193343,35.8628720813,0,0,0,12,12,198,174
compact51__paper_roles,2019-09-14 08:00:00,11.9116046153,36.4702450002,0,0,0,12,12,728,203
compact51__paper_roles,2019-09-14 09:00:00,9.92277882755,37.6378365953,0,0,0,12,12,126,279
compact51__paper_roles,2019-09-14 10:00:00,11.4777835748,61.6453244988,0,0,0,12,12,545,4634
compact51__paper_roles,2019-09-14 11:00:00,12.1788339813,47.3313917517,0,0,0,12,12,878,1968
compact51__paper_roles,2019-09-14 12:00:00,12.3874525087,42.0492892369,0,0,0,12,12,997,807
compact51__paper_roles,2019-09-14 13:00:00,13.5297661774,51.6999393162,0,0,0,12,12,1697,3091
compact51__paper_roles,2019-09-14 14:00:00,11.463109938,41.4094946456,0,0,0,12,12,540,714
compact51__paper_roles,2019-09-14 15:00:00,11.6076850827,40.5055221707,0,0,0,12,12,593,580
compact51__paper_roles,2019-09-14 16:00:00,11.3958242381,38.8752462708,0,0,0,12,12,509,384
compact51__paper_roles,2019-09-14 17:00:00,12.5894631966,38.659353939,0,0,0,12,12,1123,361
compact51__paper_roles,2019-09-14 18:00:00,10.9661089159,36.722168703,0,0,0,12,12,346,218
compact51__paper_roles,2019-09-14 19:00:00,12.9284700807,31.0959332544,0,0,0,12,12,1315,43
compact51__paper_roles,2019-09-14 20:00:00,11.0406411856,33.8137346397,0,0,0,12,12,366,96
compact51__paper_roles,2019-09-14 21:00:00,10.8176315674,32.9932225369,0,0,0,12,12,305,78
compact51__paper_roles,2019-09-14 22:00:00,8.23356936,34.5817308893,0,0,0,12,12,10,115
compact51__paper_roles,2019-09-14 23:00:00,11.7696959777,48.9884579427,0,0,0,12,12,651,2413
compact51__paper_roles,2019-09-15 00:00:00,8.99986296719,37.0368237965,0,0,0,12,12,32,246
compact51__paper_roles,2019-09-15 01:00:00,10.8973277408,39.0634886535,0,0,0,12,12,329,401
compact51__paper_roles,2019-09-15 02:00:00,10.6392199854,38.9464923306,0,0,0,12,12,263,391
compact51__paper_roles,2019-09-15 03:00:00,10.0618236491,35.4907408552,0,0,0,12,12,144,162
compact51__paper_roles,2019-09-15 04:00:00,10.2677417488,33.4693626436,0,0,0,12,12,187,89
compact51__paper_roles,2019-09-15 05:00:00,11.07168095,32.8224295334,0,0,0,12,12,379,72
compact51__paper_roles,2019-09-15 06:00:00,11.4987310313,34.8992274759,0,0,0,12,12,557,129
compact51__paper_roles,2019-09-15 07:00:00,12.5056516091,35.8826123848,0,0,0,12,12,1078,176
compact51__paper_roles,2019-09-15 08:00:00,11.0753657124,41.8853582256,0,0,0,12,12,381,787
compact51__paper_roles,2019-09-15 09:00:00,13.2719853449,44.0987580962,0,0,0,13,13,1541,1179
compact51__paper_roles,2019-09-15 10:00:00,12.5557796382,44.6760205466,0,0,0,13,12,1106,1295
compact51__paper_roles,2019-09-15 11:00:00,14.9738768566,46.5497296187,0,0,0,12,12,2794,1737
compact51__paper_roles,2019-09-15 12:00:00,16.1881820123,73.716507121,0,0,0,12,12,3764,5295
compact51__paper_roles,2019-09-15 13:00:00,14.136296864,170.708507921,0,0,0,12,12,2124,7273
compact51__paper_roles,2019-09-15 14:00:00,13.8867906757,61.6210077681,0,0,0,12,12,1942,4631
compact51__paper_roles,2019-09-15 15:00:00,12.2628865468,89.0921351343,0,0,0,12,12,936,5878
compact51__paper_roles,2019-09-15 16:00:00,11.9367456534,114.751631529,0,0,0,13,13,743,6525
compact51__paper_roles,2019-09-15 17:00:00,13.9413611457,32.9013547712,0,0,0,12,12,1990,76
compact51__paper_roles,2019-09-15 18:00:00,11.240688144,39.2973450742,0,0,0,12,12,443,427
compact51__paper_roles,2019-09-15 19:00:00,13.6589785778,61.2269396062,0,0,0,12,12,1791,4599
compact51__paper_roles,2019-09-15 20:00:00,17.3751026626,588.761319921,0,0,0,12,12,4664,8330
compact51__paper_roles,2019-09-15 21:00:00,15.9684261291,101.101937484,0,0,0,12,12,3582,6237
compact51__paper_roles,2019-09-15 22:00:00,17.5325325726,71.2540720124,0,0,0,12,12,4782,5194
compact51__paper_roles,2019-09-15 23:00:00,18.3651609959,83.8178937011,0,0,0,12,12,5365,5707
compact51__paper_roles,2019-09-16 00:00:00,14.3174116242,69.2045429194,0,0,0,12,12,2278,5106
compact51__paper_roles,2019-09-16 01:00:00,13.4253611996,80.6050229595,0,0,0,12,12,1638,5576
compact51__paper_roles,2019-09-16 02:00:00,17.7349562819,112.80298251,0,0,0,12,12,4924,6493
compact51__paper_roles,2019-09-16 03:00:00,16.3189915136,83.5533296419,0,0,0,12,12,3856,5690
compact51__paper_roles,2019-09-16 04:00:00,22.0997428922,83.6591552378,0,0,0,12,12,7222,5697
compact51__paper_roles,2019-09-16 05:00:00,26.276450733,62.5023224753,0,0,0,12,12,8184,4700
compact51__paper_roles,2019-09-16 06:00:00,18.2298710028,64.9309000143,0,0,0,12,12,5279,4890
compact51__paper_roles,2019-09-16 07:00:00,15.8684567866,121.531593856,0,0,0,12,12,3509,6655
compact51__paper_roles,2019-09-16 08:00:00,14.1784953386,53.9404058724,0,0,0,12,12,2156,3598
compact51__paper_roles,2019-09-16 09:00:00,12.7953672455,120.565486537,1,0,0,12,12,1232,6629
compact51__paper_roles,2019-09-16 10:00:00,11.3379702299,992.949877694,1,0,0,12,12,479,8493
compact51__paper_roles,2019-09-16 11:00:00,13.0447132392,234.540072989,1,0,0,12,12,1397,7681
compact51__paper_roles,2019-09-16 12:00:00,15.5192646478,405.94583679,0,0,0,12,12,3208,8144
compact51__paper_roles,2019-09-16 13:00:00,14.9704871549,422.140164501,0,0,0,13,13,2788,8158
compact51__paper_roles,2019-09-16 14:00:00,15.7634815419,181.009478662,0,0,0,12,12,3417,7355
compact51__paper_roles,2019-09-16 15:00:00,17.0307741014,665.387075486,1,0,0,12,12,4396,8376
compact51__paper_roles,2019-09-16 16:00:00,13.6693034391,200.534772322,1,0,0,12,12,1795,7492
compact51__paper_roles,2019-09-16 17:00:00,15.6953935178,41.612859413,0,0,0,12,12,3361,747
compact51__paper_roles,2019-09-16 18:00:00,13.8965450864,41.5286395725,0,0,0,12,12,1952,730
compact51__paper_roles,2019-09-16 19:00:00,19.1334588371,88.6844880219,0,0,0,12,12,5886,5863
compact51__paper_roles,2019-09-16 20:00:00,19.2091605222,42.4391067629,0,0,0,12,12,5930,883
compact51__paper_roles,2019-09-16 21:00:00,15.6888503197,84.1352970495,0,0,0,12,12,3352,5718
compact51__paper_roles,2019-09-16 22:00:00,19.031602949,84.536346917,0,0,0,12,12,5817,5734
compact51__paper_roles,2019-09-16 23:00:00,23.5556558583,42.7883593741,0,0,0,12,12,7638,937
compact51__paper_roles,2019-09-17 00:00:00,20.8173424882,54.1773844471,0,0,0,12,12,6699,3645
compact51__paper_roles,2019-09-17 01:00:00,15.4818923168,53.2702068282,0,0,0,12,12,3170,3479
compact51__paper_roles,2019-09-17 02:00:00,14.5662940068,41.9707982699,0,0,0,12,12,2468,799
compact51__paper_roles,2019-09-17 03:00:00,15.7238146633,46.6651820518,0,0,0,12,12,3388,1770
compact51__paper_roles,2019-09-17 04:00:00,17.2991772193,40.375665847,0,0,0,12,12,4612,557
compact51__paper_roles,2019-09-17 05:00:00,24.6229967532,46.5302315925,0,0,0,12,12,7876,1729
compact51__paper_roles,2019-09-17 06:00:00,21.501760762,58.4083601711,0,0,0,12,12,7013,4302
compact51__paper_roles,2019-09-17 07:00:00,19.3082999246,752.127499788,1,0,0,12,12,5984,8419
compact51__paper_roles,2019-09-17 08:00:00,15.8335549902,19498.3231904,0,0,0,12,12,3469,8745
compact51__paper_roles,2019-09-17 09:00:00,14.9913309336,4410.71429398,0,0,0,12,12,2811,8702
compact51__paper_roles,2019-09-17 10:00:00,12.1267680422,127.222135667,0,0,0,12,12,847,6765
compact51__paper_roles,2019-09-17 11:00:00,13.492873252,176.778978482,1,0,0,12,12,1677,7328
compact51__paper_roles,2019-09-17 12:00:00,11.9381747369,50.0729966133,0,0,0,12,12,745,2685
compact51__paper_roles,2019-09-17 13:00:00,11.5133371914,53.2368900558,0,0,0,12,12,563,3470
compact51__paper_roles,2019-09-17 14:00:00,11.2293294131,39.5930962296,0,0,0,12,12,440,463
compact51__paper_roles,2019-09-17 15:00:00,12.3061711453,100.685676225,1,0,0,12,12,959,6229
compact51__paper_roles,2019-09-17 16:00:00,13.1799387577,576.749686918,1,0,0,12,12,1485,8322
compact51__paper_roles,2019-09-17 17:00:00,15.2816676569,142.551563128,1,0,0,12,12,3049,6964
compact51__paper_roles,2019-09-17 18:00:00,15.2793444333,184.248258794,1,0,0,12,12,3048,7375
compact51__paper_roles,2019-09-17 19:00:00,14.3727073935,49.0897282961,0,0,0,12,12,2316,2439
compact51__paper_roles,2019-09-17 20:00:00,21.2135049191,40.3888639399,0,0,0,12,12,6884,560
compact51__paper_roles,2019-09-17 21:00:00,23.6749277409,52.8220391948,0,0,0,12,12,7668,3356
compact51__paper_roles,2019-09-17 22:00:00,23.7585727497,2658.79895256,1,0,0,12,12,7695,8655
compact51__paper_roles,2019-09-17 23:00:00,21.5343835859,579.248590867,0,0,0,12,12,7030,8323
compact51__paper_roles,2019-09-18 00:00:00,14.0190012136,64.789874019,0,0,0,12,12,2036,4876
compact51__paper_roles,2019-09-18 01:00:00,10.6129766745,44.3114880212,0,0,0,12,12,255,1227
compact51__paper_roles,2019-09-18 02:00:00,12.0298735476,46.217822906,0,0,0,12,12,803,1655
compact51__paper_roles,2019-09-18 03:00:00,11.1957826843,39.8674964241,0,0,0,12,12,427,497
compact51__paper_roles,2019-09-18 04:00:00,10.6195771671,42.3447618999,0,0,0,12,12,258,866
compact51__paper_roles,2019-09-18 05:00:00,18.8417086133,47.7938730342,0,0,0,12,12,5692,2081
compact51__paper_roles,2019-09-18 06:00:00,13.6165837438,51.3196000621,0,0,0,12,12,1758,3005
compact51__paper_roles,2019-09-18 07:00:00,12.1538654307,48.120378889,0,0,0,12,12,860,2184
compact51__paper_roles,2019-09-18 08:00:00,12.1642837627,51.9054199343,0,0,0,12,12,867,3145
compact51__paper_roles,2019-09-18 09:00:00,13.7730925798,336.027036064,0,0,0,12,12,1867,8021
compact51__paper_roles,2019-09-18 10:00:00,10.7455700784,54.794012522,0,0,0,12,12,291,3755
compact51__paper_roles,2019-09-18 11:00:00,11.0292210935,597.459932438,1,0,0,12,12,359,8335
compact51__paper_roles,2019-09-18 12:00:00,11.4259425688,453.810534774,0,0,0,12,12,521,8197
compact51__paper_roles,2019-09-18 13:00:00,10.2066507506,142.706273658,0,0,0,12,12,170,6968
compact51__paper_roles,2019-09-18 14:00:00,12.0957915649,216.49211347,0,0,0,12,12,834,7585
compact51__paper_roles,2019-09-18 15:00:00,11.8785029103,88.1346128886,0,0,0,12,12,709,5842
compact51__paper_roles,2019-09-18 16:00:00,10.7533071549,49.4878278408,0,0,0,12,12,292,2540
compact51__paper_roles,2019-09-18 17:00:00,11.0405515542,50.5885700094,0,0,0,12,12,365,2817
compact51__paper_roles,2019-09-18 18:00:00,11.9228288389,46.0575671817,0,0,0,12,12,732,1623
compact51__paper_roles,2019-09-18 19:00:00,15.5305201906,125.076777698,0,0,0,12,12,3218,6715
compact51__paper_roles,2019-09-18 20:00:00,17.4295620576,234.800011109,0,0,0,12,12,4709,7685
compact51__paper_roles,2019-09-18 21:00:00,19.5745470096,177.889260776,1,0,0,12,12,6139,7334
compact51__paper_roles,2019-09-18 22:00:00,17.4167129258,51.2557269836,0,0,0,12,12,4697,2989
compact51__paper_roles,2019-09-18 23:00:00,18.5119072846,47.7814588841,0,0,0,12,12,5459,2079
compact51__paper_roles,2019-09-19 00:00:00,11.2172599836,48.8150969198,0,0,0,12,12,436,2372
compact51__paper_roles,2019-09-19 01:00:00,12.5556116842,44.6785590535,0,0,0,12,12,1105,1296
compact51__paper_roles,2019-09-19 02:00:00,11.0758670879,44.6165168466,0,0,0,12,12,383,1284
compact51__paper_roles,2019-09-19 03:00:00,14.2005635156,40.7425806831,0,0,0,12,12,2174,611
compact51__paper_roles,2019-09-19 04:00:00,16.9837450029,41.5370956207,0,0,0,12,12,4351,733
compact51__paper_roles,2019-09-19 05:00:00,21.554459873,45.0931324416,0,0,0,12,12,7038,1389
compact51__paper_roles,2019-09-19 06:00:00,14.9778182172,223.502299992,0,0,0,12,12,2800,7621
compact51__paper_roles,2019-09-19 07:00:00,13.0977178688,44.9653045568,0,0,0,12,12,1428,1362
compact51__paper_roles,2019-09-19 08:00:00,13.3401434604,52.6092497937,0,0,0,12,12,1583,3311
compact51__paper_roles,2019-09-19 09:00:00,14.7727247556,60.0654790255,0,0,0,12,12,2627,4491
compact51__paper_roles,2019-09-19 10:00:00,15.6764344536,67.2208818689,0,0,0,12,12,3344,5014
compact51__paper_roles,2019-09-19 11:00:00,13.4354774566,60.0799945368,0,0,0,12,12,1641,4494
compact51__paper_roles,2019-09-19 12:00:00,16.1461110978,62.464713812,0,0,0,12,12,3723,4695
compact51__paper_roles,2019-09-19 13:00:00,14.0606300798,88.4497613954,0,0,0,12,12,2066,5853
compact51__paper_roles,2019-09-19 14:00:00,14.2939001492,948.446047723,0,0,0,12,12,2256,8482
compact51__paper_roles,2019-09-19 15:00:00,13.8186808019,54.1287330903,0,0,0,13,13,1902,3636
compact51__paper_roles,2019-09-19 16:00:00,18.2601475524,332.497326607,1,0,0,12,12,5296,8012
compact51__paper_roles,2019-09-19 17:00:00,19.6374315742,203.290996874,1,0,0,13,13,6166,7509
compact51__paper_roles,2019-09-19 18:00:00,15.4562816799,409.535738872,0,0,0,12,12,3156,8148
compact51__paper_roles,2019-09-19 19:00:00,15.164595743,63.3076498673,0,0,0,12,12,2944,4760
compact51__paper_roles,2019-09-19 20:00:00,14.3822324083,48.24065623,0,0,0,12,12,2323,2213
compact51__paper_roles,2019-09-19 21:00:00,16.4386131664,38.691202282,0,0,0,12,12,3954,367
compact51__paper_roles,2019-09-19 22:00:00,16.006104295,44.1025330368,0,0,0,12,12,3608,1181
compact51__paper_roles,2019-09-19 23:00:00,16.6303028625,51.9629134577,0,0,0,12,12,4097,3156
compact51__paper_roles,2019-09-20 00:00:00,12.7351932537,48.0150576309,0,0,0,12,12,1195,2146
compact51__paper_roles,2019-09-20 01:00:00,11.9235089566,46.9102282207,0,0,0,12,12,735,1835
compact51__paper_roles,2019-09-20 02:00:00,14.6149533832,48.9177642043,0,0,0,12,12,2506,2397
compact51__paper_roles,2019-09-20 03:00:00,14.6783994198,47.0825516329,0,0,0,12,12,2554,1896
compact51__paper_roles,2019-09-20 04:00:00,14.9007401838,43.5197621408,0,0,0,12,12,2733,1063
compact51__paper_roles,2019-09-20 05:00:00,19.9650346836,48.0745568795,0,0,0,12,12,6332,2172
compact51__paper_roles,2019-09-20 06:00:00,19.0530397378,77.0656674645,0,0,0,12,12,5834,5436
compact51__paper_roles,2019-09-20 07:00:00,16.7504195659,56.8485096591,0,0,0,12,12,4185,4117
compact51__paper_roles,2019-09-20 08:00:00,12.5656438709,54.9150001057,0,0,0,12,12,1113,3777
compact51__paper_roles,2019-09-20 09:00:00,16.1529107036,60.5634069078,0,0,0,12,12,3732,4531
compact51__paper_roles,2019-09-20 10:00:00,13.2307776441,62.0948746947,0,0,0,14,13,1517,4671
compact51__paper_roles,2019-09-20 11:00:00,10.8912856339,58.3721617542,0,0,0,12,12,327,4298
compact51__paper_roles,2019-09-20 12:00:00,11.2499705343,58.3262266176,0,0,0,12,12,448,4290
compact51__paper_roles,2019-09-20 13:00:00,10.4014451977,63.1618506693,0,0,0,12,12,207,4749
compact51__paper_roles,2019-09-20 14:00:00,11.568426506,59.5313937724,0,0,0,12,12,584,4439
compact51__paper_roles,2019-09-20 15:00:00,18.7445732952,945.401284128,1,0,0,12,12,5628,8481
compact51__paper_roles,2019-09-20 16:00:00,17.0591260389,70.2072272433,0,0,0,12,12,4412,5149
compact51__paper_roles,2019-09-20 17:00:00,17.477126743,202.034177399,1,0,0,12,12,4741,7504
compact51__paper_roles,2019-09-20 18:00:00,12.1511142561,49.3366741894,0,0,0,12,12,857,2495
compact51__paper_roles,2019-09-20 19:00:00,12.9191866978,529.742150027,0,0,0,12,12,1309,8284
compact51__paper_roles,2019-09-20 20:00:00,15.4611553769,56.2033209895,0,0,0,12,12,3160,4011
compact51__paper_roles,2019-09-20 21:00:00,14.6911083677,105.612231009,0,0,0,12,12,2566,6351
compact51__paper_roles,2019-09-20 22:00:00,14.2872902844,88.3363391914,0,0,0,12,12,2250,5851
compact51__paper_roles,2019-09-20 23:00:00,20.3810115068,657.520512122,0,0,0,12,12,6519,8370
compact51__paper_roles,2019-09-21 00:00:00,18.6976876118,7114.49941279,1,0,0,12,12,5601,8728
compact51__paper_roles,2019-09-21 01:00:00,15.831680382,1425.81618811,0,0,0,12,12,3465,8567
compact51__paper_roles,2019-09-21 02:00:00,14.6887423908,83.2744189797,0,0,0,12,12,2561,5679
compact51__paper_roles,2019-09-21 03:00:00,15.9153208668,138.379893206,0,0,0,12,12,3546,6911
compact51__paper_roles,2019-09-21 04:00:00,19.5122946618,106.519472541,0,0,0,12,12,6103,6373
compact51__paper_roles,2019-09-21 05:00:00,16.8659782358,51.023429505,0,0,0,12,12,4273,2936
compact51__paper_roles,2019-09-21 06:00:00,17.0120642115,50.0791109288,0,0,0,12,12,4381,2690
compact51__paper_roles,2019-09-21 07:00:00,19.3650063748,52.717775819,0,0,0,12,12,6020,3333
compact51__paper_roles,2019-09-21 08:00:00,12.170708282,52.644533364,0,0,0,12,12,874,3318
compact51__paper_roles,2019-09-21 09:00:00,10.0751972851,207.978510303,0,0,0,12,12,149,7539
compact51__paper_roles,2019-09-21 10:00:00,13.996247451,59.9835578098,0,0,0,12,12,2020,4480
compact51__paper_roles,2019-09-21 11:00:00,11.5543956531,57.9696521887,0,0,0,12,12,580,4253
compact51__paper_roles,2019-09-21 12:00:00,11.119273257,55.5178114868,0,0,0,12,12,404,3892
compact51__paper_roles,2019-09-21 13:00:00,13.7421868798,57.3238024398,0,0,0,12,12,1839,4175
compact51__paper_roles,2019-09-21 14:00:00,14.5881857109,68.9428290401,0,0,0,12,12,2482,5096
compact51__paper_roles,2019-09-21 15:00:00,12.971389613,49.8047327828,0,0,0,12,12,1344,2620
compact51__paper_roles,2019-09-21 16:00:00,16.3267419351,116.34865811,0,0,0,12,12,3863,6548
compact51__paper_roles,2019-09-21 17:00:00,17.5488016256,120.052730374,0,0,0,12,12,4792,6613
compact51__paper_roles,2019-09-21 18:00:00,17.1784530399,170.227614566,0,0,0,12,12,4502,7270
compact51__paper_roles,2019-09-21 19:00:00,23.1770514081,360.546390862,0,0,0,12,12,7547,8087
compact51__paper_roles,2019-09-21 20:00:00,23.592582684,140.422492003,0,0,0,12,12,7647,6943
compact51__paper_roles,2019-09-21 21:00:00,17.3734927684,44.3629391914,0,0,0,12,12,4661,1236
compact51__paper_roles,2019-09-21 22:00:00,19.9332685886,34.6168235261,0,0,0,12,12,6316,116
compact51__paper_roles,2019-09-21 23:00:00,19.1504153472,34.9219359298,0,0,0,12,12,5896,130
compact51__paper_roles,2019-09-22 00:00:00,15.2082512777,674.724655723,1,0,0,12,12,2984,8382
compact51__paper_roles,2019-09-22 01:00:00,12.1702527145,146.710417571,1,0,0,14,14,873,7018
compact51__paper_roles,2019-09-22 02:00:00,13.0448179209,178.015493505,1,0,0,11,11,1398,7335
compact51__paper_roles,2019-09-22 03:00:00,13.1399006608,347.517772815,1,0,0,12,12,1462,8057
compact51__paper_roles,2019-09-22 04:00:00,15.7130113756,387.902265051,1,0,0,12,12,3380,8123
compact51__paper_roles,2019-09-22 05:00:00,14.7320502886,460.991355929,1,0,0,12,12,2598,8207
compact51__paper_roles,2019-09-22 06:00:00,13.4121187881,130.661159758,1,0,0,12,12,1628,6811
compact51__paper_roles,2019-09-22 07:00:00,22.3466477334,275.973138548,1,0,0,12,12,7312,7845
compact51__paper_roles,2019-09-22 08:00:00,18.4355331445,241.581460295,1,0,0,12,12,5415,7716
compact51__paper_roles,2019-09-22 09:00:00,13.2031399562,354.53024413,1,0,0,12,12,1501,8072
compact51__paper_roles,2019-09-22 10:00:00,13.0331917035,47.9609219427,0,0,0,12,12,1389,2127
compact51__paper_roles,2019-09-22 11:00:00,13.8754270407,51.3433005407,0,0,0,12,12,1938,3011
compact51__paper_roles,2019-09-22 12:00:00,16.1812545134,63.174044364,0,0,0,12,12,3757,4750
compact51__paper_roles,2019-09-22 13:00:00,14.9683312568,49.1942857076,0,0,0,12,12,2786,2463
compact51__paper_roles,2019-09-22 14:00:00,14.2950466121,49.5231687362,0,0,0,12,12,2259,2549
compact51__paper_roles,2019-09-22 15:00:00,13.3897630619,48.3744864449,0,0,0,12,12,1611,2271
compact51__paper_roles,2019-09-22 16:00:00,14.0804796099,64.1990562273,0,0,0,13,13,2079,4822
compact51__paper_roles,2019-09-22 17:00:00,17.8090888684,122.170821374,0,0,0,12,11,4978,6664
compact51__paper_roles,2019-09-22 18:00:00,18.5414444349,173.742029385,0,0,0,12,12,5479,7301
compact51__paper_roles,2019-09-22 19:00:00,18.6989459531,53.1905364449,0,0,0,12,12,5602,3455
compact51__paper_roles,2019-09-22 20:00:00,20.975693424,39.2164921146,0,0,0,12,12,6781,415
compact51__paper_roles,2019-09-22 21:00:00,18.1112471661,127.205995484,1,0,0,12,12,5203,6764
compact51__paper_roles,2019-09-22 22:00:00,19.3217872688,219.190701144,0,0,0,12,12,5994,7600
compact51__paper_roles,2019-09-22 23:00:00,19.2333869606,150.659600094,0,0,0,12,12,5940,7064
compact51__paper_roles,2019-09-23 00:00:00,13.590814369,146.064725479,0,0,0,12,12,1736,7009
compact51__paper_roles,2019-09-23 01:00:00,10.6109582615,38.8232366633,0,0,0,12,12,254,379
compact51__paper_roles,2019-09-23 02:00:00,13.2834857921,376.057212289,0,0,0,12,12,1547,8107
compact51__paper_roles,2019-09-23 03:00:00,14.9837941069,1421.77696655,0,0,0,12,12,2803,8565
compact51__paper_roles,2019-09-23 04:00:00,18.073658518,2605.61989433,1,0,0,12,12,5170,8653
compact51__paper_roles,2019-09-23 05:00:00,24.8215567498,147.674373313,1,0,0,12,12,7911,7029
compact51__paper_roles,2019-09-23 06:00:00,16.5960537284,280.712373859,1,0,0,12,12,4072,7868
compact51__paper_roles,2019-09-23 07:00:00,18.0975800738,247.696660449,1,0,0,12,12,5188,7750
compact51__paper_roles,2019-09-23 08:00:00,14.9589802728,144.403245639,1,0,0,12,12,2778,6991
compact51__paper_roles,2019-09-23 09:00:00,15.2343323989,95.8758589489,0,0,0,12,12,3009,6103
compact51__paper_roles,2019-09-23 10:00:00,11.8958239307,45.3422830155,0,0,0,13,12,719,1454
compact51__paper_roles,2019-09-23 11:00:00,10.4024775107,51.4079857835,0,0,0,12,12,208,3025
compact51__paper_roles,2019-09-23 12:00:00,12.964129691,41.7503550964,0,0,0,12,12,1339,772
compact51__paper_roles,2019-09-23 13:00:00,13.4616240454,167.794342603,1,0,0,12,12,1659,7246
compact51__paper_roles,2019-09-23 14:00:00,13.348189965,34.489292217,0,0,0,13,13,1589,113
compact51__paper_roles,2019-09-23 15:00:00,14.0440509118,45.473010224,0,0,0,12,12,2054,1486
compact51__paper_roles,2019-09-23 16:00:00,14.9442907571,43.8418490798,0,0,0,12,12,2767,1132
compact51__paper_roles,2019-09-23 17:00:00,16.8183960585,44.5300752039,0,0,0,12,12,4235,1275
compact51__paper_roles,2019-09-23 18:00:00,14.8024635707,42.4139607222,0,0,0,12,12,2654,879
compact51__paper_roles,2019-09-23 19:00:00,16.1164595655,39.9532214376,0,0,0,12,12,3699,507
compact51__paper_roles,2019-09-23 20:00:00,14.0044815055,36.6904964622,0,0,0,12,12,2026,216
compact51__paper_roles,2019-09-23 21:00:00,14.6264417545,35.5173128011,0,0,0,14,13,2519,164
compact51__paper_roles,2019-09-23 22:00:00,17.5976706009,33.6471316164,0,0,0,12,12,4826,90
compact51__paper_roles,2019-09-23 23:00:00,18.9098907329,35.5865617444,0,0,0,12,12,5735,168
compact51__paper_roles,2019-09-24 00:00:00,12.8258980017,43.011220434,0,0,0,12,12,1253,976
compact51__paper_roles,2019-09-24 01:00:00,15.6730419378,75.0947412544,0,0,0,12,12,3339,5359
compact51__paper_roles,2019-09-24 02:00:00,13.2881793464,94.199584445,0,0,0,12,12,1549,6051
compact51__paper_roles,2019-09-24 03:00:00,14.8037486827,104.370217151,0,0,0,12,12,2657,6323
compact51__paper_roles,2019-09-24 04:00:00,19.1656369264,124.099311923,0,0,0,12,12,5904,6704
compact51__paper_roles,2019-09-24 05:00:00,33.405056945,306.957945818,0,0,0,14,13,8646,7947
compact51__paper_roles,2019-09-24 06:00:00,18.930955545,1787.94004761,1,0,0,11,11,5746,8598
compact51__paper_roles,2019-09-24 07:00:00,13.1782596937,78.5924083578,0,0,0,11,11,1484,5494
compact51__paper_roles,2019-09-24 08:00:00,16.2241913593,225.836790194,1,0,0,12,12,3790,7636
compact51__paper_roles,2019-09-24 09:00:00,14.7113351704,381.741424493,1,0,0,12,12,2581,8116
compact51__paper_roles,2019-09-24 10:00:00,13.8993455409,279.278112576,1,0,0,12,12,1953,7855
compact51__paper_roles,2019-09-24 11:00:00,11.3586543103,812.304011937,0,0,0,8,8,488,8436
compact51__paper_roles,2019-09-24 12:00:00,11.7962210162,248.398094024,1,0,0,11,11,668,7756
compact51__paper_roles,2019-09-24 13:00:00,11.2085811623,119.273190185,0,0,0,11,11,434,6599
compact51__paper_roles,2019-09-24 14:00:00,11.7904320444,427.77970038,0,0,0,12,12,666,8165
compact51__paper_roles,2019-09-24 15:00:00,12.5270409341,712.878234664,1,0,0,13,13,1090,8405
compact51__paper_roles,2019-09-24 16:00:00,14.0873692206,75.4779519643,0,0,0,12,12,2084,5375
compact51__paper_roles,2019-09-24 17:00:00,14.9987018826,405.889405475,1,0,0,12,12,2820,8143
compact51__paper_roles,2019-09-24 18:00:00,13.0006854046,1026.10993535,1,0,0,12,12,1365,8499
compact51__paper_roles,2019-09-24 19:00:00,12.8603184764,157.304189129,1,0,0,12,12,1270,7137
compact51__paper_roles,2019-09-24 20:00:00,16.2600030834,101.755978824,1,0,0,12,12,3817,6256
compact51__paper_roles,2019-09-24 21:00:00,22.1910971361,190.881617887,0,0,0,12,12,7250,7420
compact51__paper_roles,2019-09-24 22:00:00,13.4090036802,34.3964642485,0,0,0,12,12,1624,110
compact51__paper_roles,2019-09-24 23:00:00,17.2416465312,92.204509449,0,0,0,12,12,4566,5986
compact51__paper_roles,2019-09-25 00:00:00,12.2557283301,41.8279870574,0,0,0,12,12,932,779
compact51__paper_roles,2019-09-25 01:00:00,11.9092047436,47.2989515177,0,0,0,12,12,725,1956
compact51__paper_roles,2019-09-25 02:00:00,12.9123115568,60.7919608598,0,0,0,12,12,1303,4558
compact51__paper_roles,2019-09-25 03:00:00,13.6563908432,71.2752466681,0,0,0,12,12,1788,5198
compact51__paper_roles,2019-09-25 04:00:00,13.327035896,54.7227311155,0,0,0,12,12,1576,3745
compact51__paper_roles,2019-09-25 05:00:00,24.0207057785,223.64670987,0,0,0,12,12,7745,7622
compact51__paper_roles,2019-09-25 06:00:00,19.6291034705,383.981825396,0,0,0,12,12,6162,8117
compact51__paper_roles,2019-09-25 07:00:00,17.589962565,100.405821225,0,0,0,12,12,4820,6220
compact51__paper_roles,2019-09-25 08:00:00,18.6222841489,879.289277578,1,0,0,12,12,5542,8464
compact51__paper_roles,2019-09-25 09:00:00,14.7270479757,622.639760654,0,0,0,12,12,2594,8351
compact51__paper_roles,2019-09-25 10:00:00,16.9243070585,2011.88585322,1,0,0,12,12,4308,8618
compact51__paper_roles,2019-09-25 11:00:00,14.0910102588,173.068630586,1,0,0,12,12,2090,7295
compact51__paper_roles,2019-09-25 12:00:00,13.3988015522,629.205317762,1,0,0,12,12,1619,8355
compact51__paper_roles,2019-09-25 13:00:00,13.5865350883,122.402429218,1,0,0,10,10,1731,6670
compact51__paper_roles,2019-09-25 14:00:00,12.7108002373,158.804786398,1,0,0,11,11,1182,7154
compact51__paper_roles,2019-09-25 15:00:00,18.7437375699,226.650685084,1,0,0,10,10,5627,7638
compact51__paper_roles,2019-09-25 16:00:00,15.8109518956,157.48166683,1,0,0,12,12,3452,7142
compact51__paper_roles,2019-09-25 17:00:00,17.2212424385,140.157331766,1,0,0,12,12,4549,6936
compact51__paper_roles,2019-09-25 18:00:00,14.514574677,281.004206681,0,0,0,12,12,2429,7870
compact51__paper_roles,2019-09-25 19:00:00,16.8134450303,250.193012355,1,0,0,12,12,4231,7762
compact51__paper_roles,2019-09-25 20:00:00,23.4537890331,190.664948206,1,0,0,12,12,7616,7415
compact51__paper_roles,2019-09-25 21:00:00,21.163021052,311.915991282,1,0,0,12,12,6860,7958
compact51__paper_roles,2019-09-25 22:00:00,17.7858635606,1099.20546494,0,0,0,12,12,4962,8516
compact51__paper_roles,2019-09-25 23:00:00,21.790370107,553.805207038,1,0,0,12,12,7127,8297
compact51__paper_roles,2019-09-26 00:00:00,16.9512047289,2060.01129129,1,0,0,12,12,4325,8620
compact51__paper_roles,2019-09-26 01:00:00,17.6643189464,354.147739315,1,0,0,12,12,4878,8071
compact51__paper_roles,2019-09-26 02:00:00,16.8816604871,376.005164737,1,0,0,12,12,4283,8106
compact51__paper_roles,2019-09-26 03:00:00,17.9180222181,341.039227512,1,0,0,12,12,5058,8035
compact51__paper_roles,2019-09-26 04:00:00,19.0949645807,285.130432557,1,0,0,12,12,5865,7888
compact51__paper_roles,2019-09-26 05:00:00,25.1434288577,423.963124104,1,0,0,12,12,7980,8159
compact51__paper_roles,2019-09-26 06:00:00,20.7244196755,201.930456238,0,0,0,12,12,6656,7503
compact51__paper_roles,2019-09-26 07:00:00,15.6237455849,95.5284871227,0,0,0,12,12,3301,6088
compact51__paper_roles,2019-09-26 08:00:00,11.9092335621,50.2508192318,0,0,0,12,12,726,2736
compact51__paper_roles,2019-09-26 09:00:00,11.4406605465,65.5878776983,0,0,0,12,12,529,4925
compact51__paper_roles,2019-09-26 10:00:00,9.61990292837,276.378788841,1,0,0,12,12,77,7846
compact51__paper_roles,2019-09-26 11:00:00,11.1441634539,566.696084946,1,0,0,12,12,410,8310
compact51__paper_roles,2019-09-26 12:00:00,11.8577446135,163.444042698,1,0,0,12,12,696,7204
compact51__paper_roles,2019-09-26 13:00:00,9.78576560353,20081.0335835,1,0,0,12,12,100,8746
compact51__paper_roles,2019-09-26 14:00:00,13.6931888068,142.087581113,0,0,0,12,12,1810,6959
compact51__paper_roles,2019-09-26 15:00:00,12.4681132024,46.655427981,0,0,0,12,12,1051,1769
compact51__paper_roles,2019-09-26 16:00:00,17.0301092633,41.7254737267,0,0,0,12,12,4395,767
compact51__paper_roles,2019-09-26 17:00:00,16.2210787825,61.3383916579,0,0,0,12,12,3787,4607
compact51__paper_roles,2019-09-26 18:00:00,21.7819770943,190.733909013,0,0,0,12,12,7119,7416
compact51__paper_roles,2019-09-26 19:00:00,13.9708628878,181.323492794,0,0,0,12,12,2006,7359
compact51__paper_roles,2019-09-26 20:00:00,23.3817872292,357.012955661,1,0,0,12,12,7602,8075
compact51__paper_roles,2019-09-26 21:00:00,23.2137685611,413.572794678,0,0,0,12,12,7556,8151
compact51__paper_roles,2019-09-26 22:00:00,16.6668554537,166.209577998,0,0,0,12,12,4126,7230
compact51__paper_roles,2019-09-26 23:00:00,21.2332933228,117.941808182,0,0,0,12,12,6892,6576
compact51__paper_roles,2019-09-27 00:00:00,16.0146829622,112.862948388,0,0,0,12,12,3617,6494
compact51__paper_roles,2019-09-27 01:00:00,16.760926048,146.268491702,0,0,0,12,12,4195,7015
compact51__paper_roles,2019-09-27 02:00:00,15.83717734,126.326467343,0,0,0,12,12,3475,6741
compact51__paper_roles,2019-09-27 03:00:00,16.1797336098,101.798860518,0,0,0,12,12,3755,6257
compact51__paper_roles,2019-09-27 04:00:00,17.0957696882,69.458973413,0,0,0,12,12,4441,5118
compact51__paper_roles,2019-09-27 05:00:00,23.0039116071,101.733808031,0,0,0,12,12,7495,6255
compact51__paper_roles,2019-09-27 06:00:00,20.420703299,101.111880042,0,0,0,14,14,6542,6239
compact51__paper_roles,2019-09-27 07:00:00,16.3573634161,252.383970447,0,0,0,11,11,3892,7767
compact51__paper_roles,2019-09-27 08:00:00,13.6090764695,50.0752951317,0,0,0,12,12,1751,2686
compact51__paper_roles,2019-09-27 09:00:00,12.4131361205,81.0328432543,0,0,0,12,12,1018,5599
compact51__paper_roles,2019-09-27 10:00:00,15.4960081916,172.718054572,1,0,0,12,12,3187,7291
compact51__paper_roles,2019-09-27 11:00:00,11.6279105593,268.573903784,0,0,0,12,12,604,7821
compact51__paper_roles,2019-09-27 12:00:00,13.9552176383,211.05058053,0,0,0,12,12,1999,7555
compact51__paper_roles,2019-09-27 13:00:00,12.0198705094,257.788420945,0,0,0,12,12,793,7789
compact51__paper_roles,2019-09-27 14:00:00,9.66221153361,44.0026283073,0,0,0,13,12,83,1163
compact51__paper_roles,2019-09-27 15:00:00,12.0639050651,175.311172464,0,0,0,12,12,816,7313
compact51__paper_roles,2019-09-27 16:00:00,12.2574726846,49.7811055415,0,0,0,12,12,935,2612
compact51__paper_roles,2019-09-27 17:00:00,12.834069307,47.3627922536,0,0,0,12,12,1258,1973
compact51__paper_roles,2019-09-27 18:00:00,11.8297471588,45.8379345092,0,0,0,12,12,687,1571
compact51__paper_roles,2019-09-27 19:00:00,13.9767469563,74.8698131956,0,0,0,12,12,2010,5347
compact51__paper_roles,2019-09-27 20:00:00,19.4604353547,170.749389255,0,0,0,12,12,6062,7274
compact51__paper_roles,2019-09-27 21:00:00,18.189974657,138.51027891,0,0,0,12,12,5252,6915
compact51__paper_roles,2019-09-27 22:00:00,18.4161546117,56.7185911017,0,0,0,12,12,5405,4096
compact51__paper_roles,2019-09-27 23:00:00,18.5089869426,75.064693213,0,0,0,13,12,5456,5358
compact51__paper_roles,2019-09-28 00:00:00,16.0483871455,64.4255525007,0,0,0,13,12,3646,4838
compact51__paper_roles,2019-09-28 01:00:00,14.4306010761,51.7175251041,0,0,0,12,12,2363,3099
compact51__paper_roles,2019-09-28 02:00:00,15.608075869,59.4777045941,0,0,0,12,12,3283,4433
compact51__paper_roles,2019-09-28 03:00:00,14.6591270428,50.6497732835,0,0,0,12,12,2543,2831
compact51__paper_roles,2019-09-28 04:00:00,13.7231325905,44.9588561711,0,0,0,12,12,1831,1361
compact51__paper_roles,2019-09-28 05:00:00,13.6193028218,46.7739011186,0,0,0,12,12,1760,1803
compact51__paper_roles,2019-09-28 06:00:00,14.7409724103,92.9306981101,0,0,0,12,12,2606,6008
compact51__paper_roles,2019-09-28 07:00:00,18.9047096593,47.9929948626,0,0,0,12,12,5730,2140
compact51__paper_roles,2019-09-28 08:00:00,14.7915532083,49.6447303964,0,0,0,12,12,2646,2582
compact51__paper_roles,2019-09-28 09:00:00,12.4108438165,47.190869923,0,0,0,12,12,1014,1927
compact51__paper_roles,2019-09-28 10:00:00,10.2375166883,43.3854152731,0,0,0,12,12,181,1035
compact51__paper_roles,2019-09-28 11:00:00,11.305325642,121.762569201,0,0,0,12,12,467,6657
compact51__paper_roles,2019-09-28 12:00:00,10.4501457214,45.3669159674,0,0,0,12,12,226,1460
compact51__paper_roles,2019-09-28 13:00:00,11.1040357539,568.006409359,0,0,0,12,12,398,8312
compact51__paper_roles,2019-09-28 14:00:00,9.93005556785,41.2483042123,0,0,0,12,11,128,688
compact51__paper_roles,2019-09-28 15:00:00,15.2051962154,125.98486418,0,0,0,11,11,2980,6734
compact51__paper_roles,2019-09-28 16:00:00,9.37807909665,43.9558455742,0,0,0,12,12,50,1157
compact51__paper_roles,2019-09-28 17:00:00,8.53355326471,44.7746757377,0,0,0,12,12,15,1320
compact51__paper_roles,2019-09-28 18:00:00,10.0086780953,45.462382126,0,0,0,12,12,135,1485
compact51__paper_roles,2019-09-28 19:00:00,12.0905992832,52.4187157488,0,0,0,11,11,829,3260
compact51__paper_roles,2019-09-28 20:00:00,13.3930260377,94.0017287701,0,0,0,12,12,1615,6042
compact51__paper_roles,2019-09-28 21:00:00,11.4225993197,48.3272779385,0,0,0,12,12,520,2255
compact51__paper_roles,2019-09-28 22:00:00,11.3781543495,35.881575218,0,0,0,12,12,498,175
compact51__paper_roles,2019-09-28 23:00:00,14.0632790047,47.1179481779,0,0,0,12,12,2067,1905
compact51__paper_roles,2019-09-29 00:00:00,13.0498432878,40.1886530817,0,0,0,12,12,1399,530
compact51__paper_roles,2019-09-29 01:00:00,13.3289023731,46.8451705027,0,0,0,12,12,1579,1819
compact51__paper_roles,2019-09-29 02:00:00,9.63569680358,46.2680226319,0,0,0,12,12,79,1665
compact51__paper_roles,2019-09-29 03:00:00,12.2734905795,48.2980748496,0,0,0,12,12,941,2240
compact51__paper_roles,2019-09-29 04:00:00,12.3128009066,42.9858536827,0,0,0,12,12,963,969
compact51__paper_roles,2019-09-29 05:00:00,13.1910566337,45.4103559981,0,0,0,12,12,1492,1466
compact51__paper_roles,2019-09-29 06:00:00,13.6327360525,49.2330728969,0,0,0,12,12,1771,2469
compact51__paper_roles,2019-09-29 07:00:00,13.7455162125,47.3767123009,0,0,0,12,12,1841,1977
compact51__paper_roles,2019-09-29 08:00:00,12.9425764213,53.2727730575,0,0,0,12,12,1326,3481
compact51__paper_roles,2019-09-29 09:00:00,11.8700354292,52.0683562692,0,0,0,12,12,705,3176
compact51__paper_roles,2019-09-29 10:00:00,11.7436597051,50.3890353871,0,0,0,12,12,641,2776
compact51__paper_roles,2019-09-29 11:00:00,11.4146119271,48.2576128952,0,0,0,12,12,516,2219
compact51__paper_roles,2019-09-29 12:00:00,10.298471912,41.5404016821,0,0,0,12,12,195,734
compact51__paper_roles,2019-09-29 13:00:00,11.0492084763,45.412203809,0,0,0,12,12,370,1468
compact51__paper_roles,2019-09-29 14:00:00,12.7929583301,43.6193706519,0,0,0,13,12,1230,1086
compact51__paper_roles,2019-09-29 15:00:00,13.2681238373,44.6627832785,0,0,0,12,12,1540,1293
compact51__paper_roles,2019-09-29 16:00:00,9.82282817567,42.962589033,0,0,0,12,12,106,966
compact51__paper_roles,2019-09-29 17:00:00,11.3609566026,44.4194100578,0,0,0,12,12,491,1253
compact51__paper_roles,2019-09-29 18:00:00,13.0041291887,46.1958715744,0,0,0,12,12,1372,1650
compact51__paper_roles,2019-09-29 19:00:00,12.5982055278,47.8500954316,0,0,0,12,12,1129,2100
compact51__paper_roles,2019-09-29 20:00:00,13.6967113138,46.8570073723,0,0,0,12,12,1812,1823
compact51__paper_roles,2019-09-29 21:00:00,16.4490902178,47.7339483211,0,0,0,12,12,3968,2063
compact51__paper_roles,2019-09-29 22:00:00,16.7189033644,75.6374799867,0,0,0,12,12,4171,5382
compact51__paper_roles,2019-09-29 23:00:00,18.5821059553,143.443795724,0,0,0,12,12,5514,6980
compact51__paper_roles,2019-09-30 00:00:00,14.5096761603,70.3498187704,0,0,0,12,12,2421,5156
compact51__paper_roles,2019-09-30 01:00:00,13.4758489523,93.9300222302,0,0,0,12,12,1665,6040
compact51__paper_roles,2019-09-30 02:00:00,14.0674135801,156.020034416,0,0,0,12,12,2069,7126
compact51__paper_roles,2019-09-30 03:00:00,14.3691969111,92.6650959525,0,0,0,12,12,2312,6000
compact51__paper_roles,2019-09-30 04:00:00,18.055161163,163.275105428,0,0,0,12,12,5156,7200
compact51__paper_roles,2019-09-30 05:00:00,18.8297493519,220.285949504,0,0,0,12,12,5682,7602
compact51__paper_roles,2019-09-30 06:00:00,12.8781484102,44.5567220561,0,0,0,12,12,1283,1279
compact51__paper_roles,2019-09-30 07:00:00,11.9795760013,201.194836718,0,0,0,12,12,768,7496
compact51__paper_roles,2019-09-30 08:00:00,12.5318424898,51.2061945784,0,0,0,12,12,1093,2972
compact51__paper_roles,2019-09-30 09:00:00,14.6100428859,1495.53548746,1,0,0,12,12,2501,8572
compact51__paper_roles,2019-09-30 10:00:00,15.8867731488,273.478805245,1,0,0,14,14,3526,7835
compact51__paper_roles,2019-09-30 11:00:00,17.1553381762,73.4280204801,0,0,0,12,12,4478,5278
compact51__paper_roles,2019-09-30 12:00:00,15.6924884027,222.124136519,1,0,0,12,12,3358,7613
compact51__paper_roles,2019-09-30 13:00:00,13.371419617,65.2410248847,0,0,0,12,12,1602,4909
compact51__paper_roles,2019-09-30 14:00:00,14.6888174502,57.6027922983,0,0,0,12,12,2563,4215
compact51__paper_roles,2019-09-30 15:00:00,13.2391525194,700.065898177,1,0,0,12,12,1524,8402
compact51__paper_roles,2019-09-30 16:00:00,16.6962072531,131.891988419,1,0,0,12,12,4150,6828
compact51__paper_roles,2019-09-30 17:00:00,18.2994228729,60.4691730444,0,0,0,12,12,5317,4524
compact51__paper_roles,2019-09-30 18:00:00,16.2982824934,89.0815621015,0,0,0,14,14,3840,5877
compact51__paper_roles,2019-09-30 19:00:00,14.1876187442,158.137521739,0,0,0,11,11,2169,7150
compact51__paper_roles,2019-09-30 20:00:00,14.8246424679,58.8996314179,0,0,0,12,12,2670,4356
compact51__paper_roles,2019-09-30 21:00:00,20.2042265304,72.8988069828,0,0,0,12,12,6437,5258
compact51__paper_roles,2019-09-30 22:00:00,17.95208144,572.117287505,1,0,0,12,12,5093,8316
compact51__paper_roles,2019-09-30 23:00:00,18.4026726783,65.9543993303,0,0,0,12,12,5398,4946
compact51__paper_roles,2019-10-01 00:00:00,16.8083215959,276.676990126,0,0,0,12,12,4227,7847
compact51__paper_roles,2019-10-01 01:00:00,17.4749735061,119.904999573,0,0,0,12,12,4739,6608
compact51__paper_roles,2019-10-01 02:00:00,18.4293498248,185.503197511,0,0,0,12,12,5412,7381
compact51__paper_roles,2019-10-01 03:00:00,17.3272899255,183.078074669,0,0,0,12,12,4630,7367
compact51__paper_roles,2019-10-01 04:00:00,19.6074256981,231.308591483,0,0,0,12,12,6152,7665
compact51__paper_roles,2019-10-01 05:00:00,26.6357998363,281.206898543,0,0,0,12,12,8237,7872
compact51__paper_roles,2019-10-01 06:00:00,19.6448785848,434.551979683,0,0,0,12,12,6172,8175
compact51__paper_roles,2019-10-01 07:00:00,21.0833723406,79.2621084245,0,0,0,13,12,6825,5522
compact51__paper_roles,2019-10-01 08:00:00,14.0332738636,75.0203662683,0,0,0,12,12,2043,5355
compact51__paper_roles,2019-10-01 09:00:00,14.0560458414,65.7539425262,0,0,0,12,12,2062,4937
compact51__paper_roles,2019-10-01 10:00:00,12.1225293245,60.5017736405,0,0,0,12,12,846,4525
compact51__paper_roles,2019-10-01 11:00:00,14.2555833305,60.4126271662,0,0,0,12,12,2217,4522
compact51__paper_roles,2019-10-01 12:00:00,15.69639891,59.428255179,0,0,0,14,13,3364,4426
compact51__paper_roles,2019-10-01 13:00:00,13.701060586,60.1477158183,0,0,0,11,11,1815,4505
compact51__paper_roles,2019-10-01 14:00:00,20.3296226474,85.5902574402,0,0,0,12,12,6496,5776
compact51__paper_roles,2019-10-01 15:00:00,22.6065844746,81.3833832683,0,0,0,11,11,7391,5617
compact51__paper_roles,2019-10-01 16:00:00,27.4777060281,195.2629526,0,0,0,12,11,8338,7453
compact51__paper_roles,2019-10-01 17:00:00,18.8857398641,51.5457594542,0,0,0,13,13,5721,3057
compact51__paper_roles,2019-10-01 18:00:00,17.6854547751,57.5577327316,0,0,0,12,12,4895,4206
compact51__paper_roles,2019-10-01 19:00:00,21.026300639,56.1681922863,0,0,0,12,12,6803,4006
compact51__paper_roles,2019-10-01 20:00:00,22.5638295904,48.9367591487,0,0,0,13,12,7375,2401
compact51__paper_roles,2019-10-01 21:00:00,18.3511019194,42.1138743145,0,0,0,12,12,5355,821
compact51__paper_roles,2019-10-01 22:00:00,20.5091606796,153.301934829,1,0,0,13,12,6576,7096
compact51__paper_roles,2019-10-01 23:00:00,17.9541121451,449.466048015,0,0,0,12,12,5096,8191
compact51__paper_roles,2019-10-02 00:00:00,13.6514988029,55.0060790407,0,0,0,12,12,1783,3792
compact51__paper_roles,2019-10-02 01:00:00,14.8785948698,74.7766045555,0,0,0,12,12,2715,5342
compact51__paper_roles,2019-10-02 02:00:00,20.1441756847,77.9974313033,0,0,0,12,12,6414,5477
compact51__paper_roles,2019-10-02 03:00:00,18.9871903607,163.704739693,0,0,0,12,12,5785,7211
compact51__paper_roles,2019-10-02 04:00:00,20.4118002755,151.924302245,0,0,0,12,12,6537,7074
compact51__paper_roles,2019-10-02 05:00:00,38.0634466478,297.449530441,0,0,0,12,12,8719,7921
compact51__paper_roles,2019-10-02 06:00:00,18.0723037939,67.5892841432,0,0,0,12,12,5169,5036
compact51__paper_roles,2019-10-02 07:00:00,15.578585955,64.3083620785,0,0,0,12,12,3263,4829
compact51__paper_roles,2019-10-02 08:00:00,18.6424526478,128.363989383,1,0,0,12,12,5559,6779
compact51__paper_roles,2019-10-02 09:00:00,14.6186911046,96.1834896155,0,0,0,12,12,2512,6115
compact51__paper_roles,2019-10-02 10:00:00,14.9458930398,238.629529652,0,0,0,12,12,2769,7705
compact51__paper_roles,2019-10-02 11:00:00,16.4179738001,137.213399093,0,0,0,12,12,3930,6901
compact51__paper_roles,2019-10-02 12:00:00,19.6021293656,65.187425085,0,0,0,12,12,6149,4905
compact51__paper_roles,2019-10-02 13:00:00,20.9968907595,237.892265111,0,0,0,12,12,6792,7703
compact51__paper_roles,2019-10-02 14:00:00,19.2402178809,147.397467156,1,0,0,12,12,5944,7026
compact51__paper_roles,2019-10-02 15:00:00,24.7528108928,137.462918844,1,0,0,12,12,7899,6903
compact51__paper_roles,2019-10-02 16:00:00,24.7028615226,45.2790914565,0,0,0,12,12,7888,1440
compact51__paper_roles,2019-10-02 17:00:00,22.5666997711,47.6330655972,0,0,0,12,12,7377,2048
compact51__paper_roles,2019-10-02 18:00:00,23.8357850004,408.622558067,1,0,0,12,12,7717,8147
compact51__paper_roles,2019-10-02 19:00:00,27.9308284968,106.689221975,1,0,0,12,12,8382,6375
compact51__paper_roles,2019-10-02 20:00:00,24.0837211829,51.352200802,0,0,0,12,12,7760,3013
compact51__paper_roles,2019-10-02 21:00:00,22.6541348843,48.4580950633,0,0,0,12,12,7407,2289
compact51__paper_roles,2019-10-02 22:00:00,19.7284358535,55.6105178376,0,0,0,12,12,6211,3909
compact51__paper_roles,2019-10-02 23:00:00,19.8222039538,59.8165945732,0,0,0,12,12,6265,4469
compact51__paper_roles,2019-10-03 00:00:00,14.604142222,54.2571017509,0,0,0,12,12,2496,3660
compact51__paper_roles,2019-10-03 01:00:00,12.2674272551,50.4177262863,0,0,0,12,12,939,2783
compact51__paper_roles,2019-10-03 02:00:00,13.4384886785,51.5418869071,0,0,0,12,12,1643,3056
compact51__paper_roles,2019-10-03 03:00:00,18.7184632437,109.054028111,0,0,0,12,12,5613,6414
compact51__paper_roles,2019-10-03 04:00:00,24.5391944993,89.8718437238,0,0,0,12,12,7862,5907
compact51__paper_roles,2019-10-03 05:00:00,32.5734741464,88.8450792019,0,0,0,12,12,8617,5870
compact51__paper_roles,2019-10-03 06:00:00,15.053592404,100.827868418,0,0,0,12,12,2861,6231
compact51__paper_roles,2019-10-03 07:00:00,12.0923524114,52.2450467533,0,0,0,12,12,832,3229
compact51__paper_roles,2019-10-03 08:00:00,12.407466183,82.8698406385,0,0,0,12,12,1008,5663
compact51__paper_roles,2019-10-03 09:00:00,14.6765216,192.702006021,0,0,0,12,12,2552,7434
compact51__paper_roles,2019-10-03 10:00:00,15.2201200637,293.816888704,0,0,0,12,12,2996,7911
compact51__paper_roles,2019-10-03 11:00:00,16.0860870247,259.633654393,1,0,0,12,12,3672,7796
compact51__paper_roles,2019-10-03 12:00:00,14.9451785181,778.6671716,1,0,0,12,12,2768,8431
compact51__paper_roles,2019-10-03 13:00:00,16.4762557432,234.807756164,1,0,0,12,12,3988,7686
compact51__paper_roles,2019-10-03 14:00:00,16.9729616352,243.151500245,0,0,0,12,12,4345,7725
compact51__paper_roles,2019-10-03 15:00:00,17.8036855643,560.989653997,1,0,0,13,12,4974,8304
compact51__paper_roles,2019-10-03 16:00:00,16.0073198342,47.2011023139,0,0,0,12,12,3609,1932
compact51__paper_roles,2019-10-03 17:00:00,17.5214020907,47.8381822561,0,0,0,12,12,4766,2096
compact51__paper_roles,2019-10-03 18:00:00,18.6714991335,48.0497485366,0,0,0,12,12,5578,2160
compact51__paper_roles,2019-10-03 19:00:00,21.8047335218,49.7304476543,0,0,0,12,12,7129,2595
compact51__paper_roles,2019-10-03 20:00:00,20.2166343442,395.308799028,0,0,0,12,12,6442,8132
compact51__paper_roles,2019-10-03 21:00:00,20.2418149488,305.370666651,0,0,0,12,12,6452,7940
compact51__paper_roles,2019-10-03 22:00:00,20.6836267244,6434.05554703,1,0,0,12,12,6635,8723
compact51__paper_roles,2019-10-03 23:00:00,26.0159324238,2190.08520778,0,0,0,12,12,8135,8632
compact51__paper_roles,2019-10-04 00:00:00,17.6494822839,505.962621732,0,0,0,12,12,4864,8255
compact51__paper_roles,2019-10-04 01:00:00,17.1607327154,284.748443456,0,0,0,12,12,4487,7884
compact51__paper_roles,2019-10-04 02:00:00,13.0349610681,120.654265023,0,0,0,12,12,1390,6633
compact51__paper_roles,2019-10-04 03:00:00,15.585545171,104.494248426,0,0,0,12,12,3269,6325
compact51__paper_roles,2019-10-04 04:00:00,21.3910879796,162.778340941,0,0,0,12,12,6958,7197
compact51__paper_roles,2019-10-04 05:00:00,25.6793454675,830.045728763,0,0,0,12,12,8077,8443
compact51__paper_roles,2019-10-04 06:00:00,19.4755837041,511.404230378,0,0,0,12,12,6075,8263
compact51__paper_roles,2019-10-04 07:00:00,13.2336404275,53.1564017442,0,0,0,12,12,1520,3449
compact51__paper_roles,2019-10-04 08:00:00,12.0785258653,166.281412191,1,0,0,12,12,821,7231
compact51__paper_roles,2019-10-04 09:00:00,13.1816666344,351.81211083,0,0,0,12,12,1487,8068
compact51__paper_roles,2019-10-04 10:00:00,14.5973073076,198.511232853,1,0,0,12,12,2492,7476
compact51__paper_roles,2019-10-04 11:00:00,14.8558991672,154.353824106,1,0,0,12,12,2693,7111
compact51__paper_roles,2019-10-04 12:00:00,15.3422285685,115.278764447,1,0,0,13,12,3092,6535
compact51__paper_roles,2019-10-04 13:00:00,17.3745160903,50.6364973963,0,0,0,12,12,4662,2829
compact51__paper_roles,2019-10-04 14:00:00,15.3713558797,56.0778119374,0,0,0,12,12,3108,3991
compact51__paper_roles,2019-10-04 15:00:00,14.2314520289,144.382805239,1,0,0,12,12,2197,6990
compact51__paper_roles,2019-10-04 16:00:00,15.204088403,179.812623025,1,0,0,12,12,2977,7344
compact51__paper_roles,2019-10-04 17:00:00,13.0104092389,99.2625376294,0,0,0,12,12,1373,6189
compact51__paper_roles,2019-10-04 18:00:00,14.6079999761,1335.37316516,0,0,0,12,12,2499,8549
compact51__paper_roles,2019-10-04 19:00:00,16.5699461716,310.073306188,1,0,0,12,12,4048,7956
compact51__paper_roles,2019-10-04 20:00:00,20.5208130715,176.447412914,1,0,0,12,12,6580,7324
compact51__paper_roles,2019-10-04 21:00:00,26.234130346,145.151956857,0,0,0,13,12,8172,6997
compact51__paper_roles,2019-10-04 22:00:00,18.4988029082,225.9390927,0,0,0,12,12,5452,7637
compact51__paper_roles,2019-10-04 23:00:00,21.88617244,41.0691749147,0,0,0,12,12,7160,661
compact51__paper_roles,2019-10-05 00:00:00,16.3977238835,48.4638820402,0,0,0,12,12,3909,2292
compact51__paper_roles,2019-10-05 01:00:00,17.5269536389,67.7679838374,0,0,0,12,12,4773,5050
compact51__paper_roles,2019-10-05 02:00:00,17.404907254,53.035782642,0,0,0,12,12,4687,3412
compact51__paper_roles,2019-10-05 03:00:00,17.3681019759,123.7875148,1,0,0,12,12,4657,6698
compact51__paper_roles,2019-10-05 04:00:00,18.4424839146,62.9823081796,0,0,0,12,12,5420,4732
compact51__paper_roles,2019-10-05 05:00:00,15.7412100185,43.1222037475,0,0,0,12,12,3405,995
compact51__paper_roles,2019-10-05 06:00:00,15.7136314266,46.6290358975,0,0,0,12,12,3382,1760
compact51__paper_roles,2019-10-05 07:00:00,18.1082956498,56.5398529529,0,0,0,12,12,5197,4068
compact51__paper_roles,2019-10-05 08:00:00,16.5236216258,47.8856363395,0,0,0,12,12,4023,2108
compact51__paper_roles,2019-10-05 09:00:00,14.3464490193,185.459002426,0,0,0,12,12,2295,7380
compact51__paper_roles,2019-10-05 10:00:00,19.6973841204,54.7679033166,0,0,0,12,12,6199,3752
compact51__paper_roles,2019-10-05 11:00:00,17.4942929223,52.1446674395,0,0,0,12,12,4751,3201
compact51__paper_roles,2019-10-05 12:00:00,15.1827684171,56.5039309341,0,0,0,12,12,2962,4061
compact51__paper_roles,2019-10-05 13:00:00,14.0933376887,56.1349252961,0,0,0,12,12,2094,4003
compact51__paper_roles,2019-10-05 14:00:00,11.9503288512,56.2021461226,0,0,0,13,13,750,4010
compact51__paper_roles,2019-10-05 15:00:00,11.1492008178,50.7885486864,0,0,0,12,12,412,2874
compact51__paper_roles,2019-10-05 16:00:00,15.2088428801,55.4534334047,0,0,0,12,12,2987,3873
compact51__paper_roles,2019-10-05 17:00:00,18.7481359161,61.9905049073,0,0,0,12,12,5630,4662
compact51__paper_roles,2019-10-05 18:00:00,19.5742909655,64.7261558915,0,0,0,12,12,6138,4867
compact51__paper_roles,2019-10-05 19:00:00,18.5337078386,70.4482860471,0,0,0,13,13,5476,5164
compact51__paper_roles,2019-10-05 20:00:00,20.5575415302,155.265853031,0,0,0,12,12,6590,7118
compact51__paper_roles,2019-10-05 21:00:00,17.0067823202,49.7962333431,0,0,0,12,12,4374,2616
compact51__paper_roles,2019-10-05 22:00:00,15.2484425185,42.6697445935,0,0,0,12,12,3021,922
compact51__paper_roles,2019-10-05 23:00:00,20.7613370728,48.8905232389,0,0,0,12,12,6673,2387
compact51__paper_roles,2019-10-06 00:00:00,18.0597949851,46.4726364329,0,0,0,12,12,5158,1713
compact51__paper_roles,2019-10-06 01:00:00,14.510584546,35.3498050513,0,0,0,12,12,2424,152
compact51__paper_roles,2019-10-06 02:00:00,11.9087063876,37.8320644817,0,0,0,12,12,723,294
compact51__paper_roles,2019-10-06 03:00:00,14.3002835198,196.780384488,0,0,0,12,12,2266,7464
compact51__paper_roles,2019-10-06 04:00:00,14.4829245532,227.134499677,0,0,0,12,12,2392,7640
compact51__paper_roles,2019-10-06 05:00:00,13.0001607387,485.258627739,0,0,0,12,12,1364,8232
compact51__paper_roles,2019-10-06 06:00:00,14.4696893782,557.052332097,0,0,0,12,12,2386,8299
compact51__paper_roles,2019-10-06 07:00:00,19.7465859581,317.412872299,0,0,0,12,12,6225,7973
compact51__paper_roles,2019-10-06 08:00:00,16.2919259742,163.348541661,0,0,0,12,12,3838,7201
compact51__paper_roles,2019-10-06 09:00:00,15.4591177663,92.5586737053,0,0,0,12,12,3159,5997
compact51__paper_roles,2019-10-06 10:00:00,17.1053221418,115.377251679,0,0,0,13,12,4445,6536
compact51__paper_roles,2019-10-06 11:00:00,16.4825225154,114.5059238,0,0,0,12,12,3993,6522
compact51__paper_roles,2019-10-06 12:00:00,14.789066794,64.8240164929,0,0,0,12,12,2643,4878
compact51__paper_roles,2019-10-06 13:00:00,18.3408835467,368.555123787,0,0,0,12,12,5346,8099
compact51__paper_roles,2019-10-06 14:00:00,13.1738454407,45.4138487784,0,0,0,12,12,1482,1469
compact51__paper_roles,2019-10-06 15:00:00,13.8754242189,40.4876721721,0,0,0,12,12,1937,578
compact51__paper_roles,2019-10-06 16:00:00,14.4560749078,128.737295968,0,0,0,12,12,2378,6784
compact51__paper_roles,2019-10-06 17:00:00,13.887825343,88.1037251292,0,0,0,12,12,1946,5839
compact51__paper_roles,2019-10-06 18:00:00,15.0193125941,160.439590203,0,0,0,12,12,2834,7172
compact51__paper_roles,2019-10-06 19:00:00,13.5278879415,96.4882798957,0,0,0,12,12,1695,6123
compact51__paper_roles,2019-10-06 20:00:00,18.5688793411,767.99538717,1,0,0,12,12,5505,8426
compact51__paper_roles,2019-10-06 21:00:00,19.9464786547,522.158543825,1,0,0,12,12,6321,8275
compact51__paper_roles,2019-10-06 22:00:00,17.9798955076,497.266902902,1,0,0,14,13,5117,8249
compact51__paper_roles,2019-10-06 23:00:00,17.6947387671,208.341824238,0,0,0,12,12,4899,7540
compact51__paper_roles,2019-10-07 00:00:00,14.6601215582,65.8099145161,0,0,0,13,12,2544,4942
compact51__paper_roles,2019-10-07 01:00:00,14.0886911292,61.0258964311,0,0,0,12,12,2086,4585
compact51__paper_roles,2019-10-07 02:00:00,14.3853823842,79.9250141484,0,0,0,12,12,2327,5552
compact51__paper_roles,2019-10-07 03:00:00,13.4423748598,83.9318259518,0,0,0,12,12,1647,5712
compact51__paper_roles,2019-10-07 04:00:00,20.1907249802,48.2984355921,0,0,0,12,12,6429,2241
compact51__paper_roles,2019-10-07 05:00:00,29.8311116047,52.7362954451,0,0,0,12,12,8503,3337
compact51__paper_roles,2019-10-07 06:00:00,16.6491270209,52.0812953095,0,0,0,12,12,4115,3180
compact51__paper_roles,2019-10-07 07:00:00,14.047101535,254.958865948,0,0,0,13,13,2057,7778
compact51__paper_roles,2019-10-07 08:00:00,14.6816059726,64.5505144466,0,0,0,12,12,2556,4855
compact51__paper_roles,2019-10-07 09:00:00,15.3787761637,56.5402159194,0,0,0,12,12,3112,4069
compact51__paper_roles,2019-10-07 10:00:00,14.681565512,72.0355848373,0,0,0,12,12,2555,5228
compact51__paper_roles,2019-10-07 11:00:00,11.5296301435,125.839108903,0,0,0,12,12,568,6730
compact51__paper_roles,2019-10-07 12:00:00,11.8304030835,57.4780603926,0,0,0,12,12,688,4189
compact51__paper_roles,2019-10-07 13:00:00,12.5039444184,54.8408393024,0,0,0,12,12,1075,3761
compact51__paper_roles,2019-10-07 14:00:00,13.0026928934,50.1361622966,0,0,0,12,12,1368,2703
compact51__paper_roles,2019-10-07 15:00:00,12.3630514066,47.576561226,0,0,0,12,12,984,2031
compact51__paper_roles,2019-10-07 16:00:00,14.3782811607,51.6897004419,0,0,0,12,12,2322,3087
compact51__paper_roles,2019-10-07 17:00:00,14.1002522831,50.5621705173,0,0,0,12,12,2100,2814
compact51__paper_roles,2019-10-07 18:00:00,16.5358243012,53.0100413055,0,0,0,12,12,4029,3406
compact51__paper_roles,2019-10-07 19:00:00,17.7520408772,47.6609524089,0,0,0,12,12,4942,2051
compact51__paper_roles,2019-10-07 20:00:00,22.7883389184,296.182947135,0,0,0,12,12,7442,7915
compact51__paper_roles,2019-10-07 21:00:00,18.6682646191,113.344048609,0,0,0,12,12,5575,6499
compact51__paper_roles,2019-10-07 22:00:00,22.285177408,59.5780616093,0,0,0,12,12,7284,4443
compact51__paper_roles,2019-10-07 23:00:00,22.1384019092,79.3285276649,0,0,0,12,12,7234,5525
compact51__paper_roles,2019-10-08 00:00:00,20.2466806497,332.852892388,0,0,0,12,12,6455,8015
compact51__paper_roles,2019-10-08 01:00:00,16.5746360936,179.9324029,0,0,0,12,12,4053,7345
compact51__paper_roles,2019-10-08 02:00:00,16.5948345332,169.108401294,0,0,0,12,12,4071,7257
compact51__paper_roles,2019-10-08 03:00:00,16.480745295,140.159403794,0,0,0,12,12,3992,6937
compact51__paper_roles,2019-10-08 04:00:00,18.0721708579,128.980700625,0,0,0,12,12,5168,6790
compact51__paper_roles,2019-10-08 05:00:00,25.0615561694,83.7425666887,0,0,0,12,12,7966,5705
compact51__paper_roles,2019-10-08 06:00:00,18.4075405159,470.978035509,0,0,0,12,12,5400,8216
compact51__paper_roles,2019-10-08 07:00:00,17.1822337062,195.42573765,1,0,0,13,13,4507,7455
compact51__paper_roles,2019-10-08 08:00:00,17.3634081425,79.6332547795,0,0,0,13,13,4653,5542
compact51__paper_roles,2019-10-08 09:00:00,15.1701883461,67.886271588,0,0,0,12,12,2947,5052
compact51__paper_roles,2019-10-08 10:00:00,16.1148263114,567.889260174,0,0,0,12,12,3697,8311
compact51__paper_roles,2019-10-08 11:00:00,12.066652178,139.182046928,0,0,0,12,12,817,6923
compact51__paper_roles,2019-10-08 12:00:00,12.3085199861,87.8952598732,0,0,0,12,12,962,5833
compact51__paper_roles,2019-10-08 13:00:00,15.0373272916,635.575452784,0,0,0,12,12,2851,8357
compact51__paper_roles,2019-10-08 14:00:00,15.9203977965,1166.70094555,0,0,0,12,12,3551,8528
compact51__paper_roles,2019-10-08 15:00:00,18.0892259825,729.99919975,0,0,0,12,12,5184,8409
compact51__paper_roles,2019-10-08 16:00:00,15.5226710797,287.839887654,0,0,0,12,12,3209,7897
compact51__paper_roles,2019-10-08 17:00:00,13.5538538835,59.147889736,0,0,0,12,12,1713,4389
compact51__paper_roles,2019-10-08 18:00:00,13.5117629789,56.6640820903,0,0,0,12,12,1686,4083
compact51__paper_roles,2019-10-08 19:00:00,15.7239745072,187.604399581,1,0,0,12,12,3389,7398
compact51__paper_roles,2019-10-08 20:00:00,18.229408474,117.276039754,1,0,0,12,12,5278,6558
compact51__paper_roles,2019-10-08 21:00:00,20.1092406056,136.350828748,0,0,0,12,12,6402,6885
compact51__paper_roles,2019-10-08 22:00:00,20.8444995205,77.221990816,0,0,0,12,12,6715,5438
compact51__paper_roles,2019-10-08 23:00:00,26.287003126,57.9816642631,0,0,0,12,12,8186,4256
compact51__paper_roles,2019-10-09 00:00:00,18.9280663377,49.4738597042,0,0,0,12,12,5745,2533
compact51__paper_roles,2019-10-09 01:00:00,16.4488474312,47.7007090465,0,0,0,12,12,3967,2054
compact51__paper_roles,2019-10-09 02:00:00,16.9851504995,51.4025992152,0,0,0,12,12,4352,3024
compact51__paper_roles,2019-10-09 03:00:00,16.608060364,49.0040053797,0,0,0,12,12,4079,2419
compact51__paper_roles,2019-10-09 04:00:00,17.8388340512,48.048496566,0,0,0,12,12,5001,2159
compact51__paper_roles,2019-10-09 05:00:00,33.5012541244,84.5209699518,0,0,0,12,12,8650,5732
compact51__paper_roles,2019-10-09 06:00:00,19.056273353,83.3933369322,0,0,0,13,12,5836,5684
compact51__paper_roles,2019-10-09 07:00:00,15.258535611,92.0949238592,0,0,0,12,12,3030,5979
compact51__paper_roles,2019-10-09 08:00:00,16.3017405894,89.3333740532,0,0,0,12,12,3842,5888
compact51__paper_roles,2019-10-09 09:00:00,17.6450530175,95.1000111299,0,0,0,12,12,4860,6079
compact51__paper_roles,2019-10-09 10:00:00,15.1193647853,105.276549932,0,0,0,12,12,2910,6344
compact51__paper_roles,2019-10-09 11:00:00,14.5129343323,97.3106105496,0,0,0,12,12,2425,6141
compact51__paper_roles,2019-10-09 12:00:00,16.7508047637,203.856870041,1,0,0,12,12,4186,7512
compact51__paper_roles,2019-10-09 13:00:00,15.5074413862,336.086208316,0,0,0,12,12,3196,8022
compact51__paper_roles,2019-10-09 14:00:00,15.809542085,90.2582259424,0,0,0,12,12,3449,5919
compact51__paper_roles,2019-10-09 15:00:00,18.3281806835,101.208345524,0,0,0,12,12,5335,6242
compact51__paper_roles,2019-10-09 16:00:00,16.7514096927,93.8959585161,0,0,0,12,12,4188,6038
compact51__paper_roles,2019-10-09 17:00:00,18.4964977679,108.376523635,1,0,0,12,12,5450,6400
compact51__paper_roles,2019-10-09 18:00:00,20.7639959473,254.806007811,1,0,0,12,12,6674,7777
compact51__paper_roles,2019-10-09 19:00:00,18.0834137847,1052.6906474,0,0,0,12,12,5176,8504
compact51__paper_roles,2019-10-09 20:00:00,18.8314694528,92.168798815,0,0,0,12,12,5686,5982
compact51__paper_roles,2019-10-09 21:00:00,22.8768005125,85.8913912012,0,0,0,12,12,7463,5784
compact51__paper_roles,2019-10-09 22:00:00,24.8848282123,73.8583809054,0,0,0,12,12,7928,5307
compact51__paper_roles,2019-10-09 23:00:00,30.6216090302,77.7355753965,0,0,0,12,12,8548,5464
compact51__paper_roles,2019-10-10 00:00:00,26.7072552391,84.2069135602,0,0,0,12,12,8246,5721
compact51__paper_roles,2019-10-10 01:00:00,22.6772459057,83.1835980259,0,0,0,12,12,7414,5675
compact51__paper_roles,2019-10-10 02:00:00,23.3361088211,105.16339838,1,0,0,12,12,7589,6341
compact51__paper_roles,2019-10-10 03:00:00,23.9036860462,88.2837412029,0,0,0,12,12,7731,5850
compact51__paper_roles,2019-10-10 04:00:00,30.4455806293,101.621330386,1,0,0,12,12,8538,6252
compact51__paper_roles,2019-10-10 05:00:00,46.7150242028,88.2526635276,0,0,0,12,12,8755,5847
compact51__paper_roles,2019-10-10 06:00:00,27.4972867217,82.3738638208,0,0,0,12,12,8342,5644
compact51__paper_roles,2019-10-10 07:00:00,19.9236218167,432.543270896,0,0,0,12,12,6313,8170
compact51__paper_roles,2019-10-10 08:00:00,15.8626024603,86.9608948451,0,0,0,12,12,3506,5811
compact51__paper_roles,2019-10-10 09:00:00,15.367259577,96.7965687682,0,0,0,12,12,3105,6131
compact51__paper_roles,2019-10-10 10:00:00,14.7104226934,349.092297822,1,0,0,12,12,2578,8063
compact51__paper_roles,2019-10-10 11:00:00,14.4679558941,332.565788569,1,0,0,12,12,2385,8013
compact51__paper_roles,2019-10-10 12:00:00,13.0557238179,1292.79691553,0,0,0,12,12,1404,8546
compact51__paper_roles,2019-10-10 13:00:00,13.9165950071,95.638792508,0,0,0,12,12,1975,6091
compact51__paper_roles,2019-10-10 14:00:00,12.9786662781,453.598316919,1,0,0,12,12,1354,8196
compact51__paper_roles,2019-10-10 15:00:00,14.2370954231,349.693865593,0,0,0,12,12,2202,8064
compact51__paper_roles,2019-10-10 16:00:00,11.8762115217,48.7145859365,0,0,0,12,12,708,2353
compact51__paper_roles,2019-10-10 17:00:00,16.4637050668,130.62927571,0,0,0,12,12,3978,6810
compact51__paper_roles,2019-10-10 18:00:00,13.873550405,46.9823928339,0,0,0,12,12,1934,1864
compact51__paper_roles,2019-10-10 19:00:00,16.420710632,43.1736243168,0,0,0,12,12,3931,998
compact51__paper_roles,2019-10-10 20:00:00,17.2286059568,45.9256494523,0,0,0,12,12,4553,1591
compact51__paper_roles,2019-10-10 21:00:00,21.6243741372,85.6011075311,0,0,0,12,12,7067,5777
compact51__paper_roles,2019-10-10 22:00:00,23.3969958142,44.4125777369,0,0,0,12,12,7605,1249
compact51__paper_roles,2019-10-10 23:00:00,29.5747691896,64.4351686916,0,0,0,12,12,8481,4840
compact51__paper_roles,2019-10-11 00:00:00,14.6852895876,49.5816086428,0,0,0,12,12,2559,2565
compact51__paper_roles,2019-10-11 01:00:00,13.204929166,44.7671963491,0,0,0,12,12,1503,1317
compact51__paper_roles,2019-10-11 02:00:00,11.1949523319,44.821383936,0,0,0,12,12,426,1335
compact51__paper_roles,2019-10-11 03:00:00,13.4922645209,50.0045602699,0,0,0,12,12,1676,2669
compact51__paper_roles,2019-10-11 04:00:00,17.7652729767,53.0810835161,0,0,0,12,12,4951,3428
compact51__paper_roles,2019-10-11 05:00:00,19.0250475187,47.1399807931,0,0,0,12,12,5813,1912
compact51__paper_roles,2019-10-11 06:00:00,17.2621045112,51.1305312269,0,0,0,12,12,4585,2959
compact51__paper_roles,2019-10-11 07:00:00,14.1537908066,52.8193883502,0,0,0,12,12,2138,3355
compact51__paper_roles,2019-10-11 08:00:00,13.3075907462,49.3080020008,0,0,0,12,12,1566,2487
compact51__paper_roles,2019-10-11 09:00:00,12.2517911174,56.7966374586,0,0,0,12,12,928,4107
compact51__paper_roles,2019-10-11 10:00:00,11.8579945726,59.2938135743,0,0,0,12,12,697,4411
compact51__paper_roles,2019-10-11 11:00:00,13.6033434688,58.8325096964,0,0,0,12,12,1747,4349
compact51__paper_roles,2019-10-11 12:00:00,12.0518053159,58.0635600874,0,0,0,13,12,812,4266
compact51__paper_roles,2019-10-11 13:00:00,12.4253460503,60.0966446993,0,0,0,12,12,1027,4497
compact51__paper_roles,2019-10-11 14:00:00,11.8065393571,58.1657865306,0,0,0,12,12,671,4275
compact51__paper_roles,2019-10-11 15:00:00,14.1625682585,49.7346629449,0,0,0,12,12,2143,2600
compact51__paper_roles,2019-10-11 16:00:00,12.8683917644,47.7482965459,0,0,0,12,12,1275,2066
compact51__paper_roles,2019-10-11 17:00:00,13.9525584927,44.6561780362,0,0,0,12,12,1997,1291
compact51__paper_roles,2019-10-11 18:00:00,16.1992736374,41.8405547835,0,0,0,12,12,3772,781
compact51__paper_roles,2019-10-11 19:00:00,16.1059125579,44.0087359123,0,0,0,12,12,3687,1165
compact51__paper_roles,2019-10-11 20:00:00,17.2051279389,45.9571644401,0,0,0,12,12,4529,1604
compact51__paper_roles,2019-10-11 21:00:00,19.1735643496,47.3023984346,0,0,0,12,12,5908,1957
compact51__paper_roles,2019-10-11 22:00:00,18.8723451157,37.6424658607,0,0,0,12,12,5714,280
compact51__paper_roles,2019-10-11 23:00:00,17.3551759777,40.4102434545,0,0,0,12,12,4648,564
compact51__paper_roles,2019-10-12 00:00:00,12.154151782,40.3225894971,0,0,0,12,12,861,553
compact51__paper_roles,2019-10-12 01:00:00,30.5442241847,162.184369606,0,0,0,12,12,8541,7189
compact51__paper_roles,2019-10-12 02:00:00,32.6359319609,267.679805266,1,0,0,12,12,8622,7817
compact51__paper_roles,2019-10-12 03:00:00,34.3717909028,55277.3597893,1,0,0,12,12,8673,8755
compact51__paper_roles,2019-10-12 04:00:00,32.1434784463,307.019823808,1,0,0,12,12,8605,7948
compact51__paper_roles,2019-10-12 05:00:00,29.7146150913,158.971443354,1,0,0,12,12,8496,7158
compact51__paper_roles,2019-10-12 06:00:00,30.2847955802,359.291418243,1,0,0,12,12,8531,8082
compact51__paper_roles,2019-10-12 07:00:00,26.337503115,133.491077739,0,0,0,12,12,8195,6851
compact51__paper_roles,2019-10-12 08:00:00,26.369074277,121.407672276,0,0,0,12,12,8199,6650
compact51__paper_roles,2019-10-12 09:00:00,19.0953729516,133.323666199,0,0,0,12,12,5866,6847
compact51__paper_roles,2019-10-12 10:00:00,21.1787350004,114.423581584,0,0,0,12,12,6868,6519
compact51__paper_roles,2019-10-12 11:00:00,23.6428270731,110.085938918,0,0,0,12,12,7661,6434
compact51__paper_roles,2019-10-12 12:00:00,25.2007935012,113.689367896,0,0,0,12,12,7994,6505
compact51__paper_roles,2019-10-12 13:00:00,21.7664631025,111.501186185,0,0,0,12,12,7109,6462
compact51__paper_roles,2019-10-12 14:00:00,24.7087339594,120.141534839,0,0,0,12,12,7892,6617
compact51__paper_roles,2019-10-12 15:00:00,17.7160700251,121.238472184,0,0,0,12,12,4914,6648
compact51__paper_roles,2019-10-12 16:00:00,18.3972511316,145.665968548,0,0,0,12,12,5393,7003
compact51__paper_roles,2019-10-12 17:00:00,25.7037084697,161.288283337,0,0,0,12,12,8081,7184
compact51__paper_roles,2019-10-12 18:00:00,31.5034486681,161.01014012,0,0,0,12,12,8580,7180
compact51__paper_roles,2019-10-12 19:00:00,28.7668588926,148.366221269,0,0,0,12,12,8433,7035
compact51__paper_roles,2019-10-12 20:00:00,28.3595630169,163.609560082,0,0,0,12,12,8418,7209
compact51__paper_roles,2019-10-12 21:00:00,29.5976683021,99.0284881824,0,0,0,12,12,8488,6178
compact51__paper_roles,2019-10-12 22:00:00,27.1473613991,103.4460861,0,0,0,12,12,8306,6299
compact51__paper_roles,2019-10-12 23:00:00,28.8026611196,97.6621808827,0,0,0,12,12,8436,6148
compact51__paper_roles,2019-10-13 00:00:00,30.58810953,91.981887286,0,0,0,13,12,8545,5971
compact51__paper_roles,2019-10-13 01:00:00,36.1760991371,149.727575827,1,0,0,12,12,8697,7050
compact51__paper_roles,2019-10-13 02:00:00,31.990322331,140.102311132,1,0,0,12,12,8600,6935
compact51__paper_roles,2019-10-13 03:00:00,33.1611029667,109.709176084,0,0,0,12,12,8638,6428
compact51__paper_roles,2019-10-13 04:00:00,31.6586462359,125.328244651,0,0,0,12,12,8584,6719
compact51__paper_roles,2019-10-13 05:00:00,32.7607018621,135.490212775,1,0,0,12,12,8628,6876
compact51__paper_roles,2019-10-13 06:00:00,33.9952362162,115.786260083,0,0,0,12,12,8664,6543
compact51__paper_roles,2019-10-13 07:00:00,31.4655483709,120.135892645,0,0,0,12,12,8577,6616
compact51__paper_roles,2019-10-13 08:00:00,22.8853355686,119.516986323,0,0,0,12,12,7466,6603
compact51__paper_roles,2019-10-13 09:00:00,20.5721219624,104.003146221,0,0,0,12,12,6597,6316
compact51__paper_roles,2019-10-13 10:00:00,18.6023690278,90.0301315206,0,0,0,12,12,5527,5911
compact51__paper_roles,2019-10-13 11:00:00,19.1339960504,79.468620142,0,0,0,12,12,5887,5533
compact51__paper_roles,2019-10-13 12:00:00,15.644534187,86.0905540167,0,0,0,12,12,3313,5793
compact51__paper_roles,2019-10-13 13:00:00,15.6382749461,85.3183266998,0,0,0,12,12,3308,5764
compact51__paper_roles,2019-10-13 14:00:00,16.3423174725,79.0633560975,0,0,0,12,12,3878,5512
compact51__paper_roles,2019-10-13 15:00:00,17.2949315665,79.4880106214,0,0,0,12,12,4610,5535
compact51__paper_roles,2019-10-13 16:00:00,16.8632910558,60.0354656336,0,0,0,12,12,4269,4487
compact51__paper_roles,2019-10-13 17:00:00,18.234720597,63.6940030891,0,0,0,12,12,5283,4786
compact51__paper_roles,2019-10-13 18:00:00,20.8681317646,71.519342555,0,0,0,12,12,6726,5211
compact51__paper_roles,2019-10-13 19:00:00,25.9794096402,111.611948251,0,0,0,12,12,8127,6467
compact51__paper_roles,2019-10-13 20:00:00,23.3588403675,122.152863109,0,0,0,12,12,7596,6663
compact51__paper_roles,2019-10-13 21:00:00,25.0043427007,131.183338915,0,0,0,12,12,7954,6818
compact51__paper_roles,2019-10-13 22:00:00,29.3358790465,161.201290423,0,0,0,12,12,8472,7182
compact51__paper_roles,2019-10-13 23:00:00,32.9815201692,125.894732796,0,0,0,12,12,8632,6731
compact51__paper_roles,2019-10-14 00:00:00,20.5006838586,53.8131151633,0,0,0,12,12,6574,3574
compact51__paper_roles,2019-10-14 01:00:00,23.3697575858,50.2336990633,0,0,0,12,12,7600,2733
compact51__paper_roles,2019-10-14 02:00:00,28.0811195665,108.782269821,0,0,0,12,12,8396,6410
compact51__paper_roles,2019-10-14 03:00:00,38.368575534,132.189556204,0,0,0,12,12,8722,6830
compact51__paper_roles,2019-10-14 04:00:00,49.0688443969,188.443073052,1,0,0,12,12,8758,7402
compact51__paper_roles,2019-10-14 05:00:00,33.4427883765,113.218650079,0,0,0,12,12,8649,6498
compact51__paper_roles,2019-10-14 06:00:00,20.135595185,114.526115453,1,0,0,12,12,6411,6523
compact51__paper_roles,2019-10-14 07:00:00,19.109641395,52.8922275631,0,0,0,12,12,5871,3374
compact51__paper_roles,2019-10-14 08:00:00,15.6466804184,51.7688618114,0,0,0,12,12,3315,3118
compact51__paper_roles,2019-10-14 09:00:00,16.0608754344,56.4155347661,0,0,0,12,12,3656,4045
compact51__paper_roles,2019-10-14 10:00:00,16.4109252207,66.7635821441,0,0,0,12,12,3921,4991
compact51__paper_roles,2019-10-14 11:00:00,18.7540945188,60.9302174321,0,0,0,12,12,5634,4571
compact51__paper_roles,2019-10-14 12:00:00,14.9393824403,55.8946323776,0,0,0,12,12,2762,3962
compact51__paper_roles,2019-10-14 13:00:00,15.0946661634,56.2131961342,0,0,0,12,12,2888,4014
compact51__paper_roles,2019-10-14 14:00:00,14.5254591913,59.9290210917,0,0,0,12,12,2437,4478
compact51__paper_roles,2019-10-14 15:00:00,16.9783821506,65.7665596347,0,0,0,13,13,4349,4938
compact51__paper_roles,2019-10-14 16:00:00,19.0294575268,70.9178308162,0,0,0,12,11,5815,5187
compact51__paper_roles,2019-10-14 17:00:00,18.6340458917,71.8409947388,0,0,0,12,12,5551,5221
compact51__paper_roles,2019-10-14 18:00:00,19.1316134202,54.8778630135,0,0,0,12,12,5885,3769
compact51__paper_roles,2019-10-14 19:00:00,27.9015760125,66.9302879276,0,0,0,12,12,8377,5001
compact51__paper_roles,2019-10-14 20:00:00,24.9731594695,80.731602462,0,0,0,12,12,7951,5583
compact51__paper_roles,2019-10-14 21:00:00,24.9835042017,91.5062186751,0,0,0,12,12,7952,5952
compact51__paper_roles,2019-10-14 22:00:00,23.5037320599,59.7446863853,0,0,0,12,12,7625,4458
compact51__paper_roles,2019-10-14 23:00:00,24.7194009929,45.6031342836,0,0,0,12,12,7893,1507
compact51__paper_roles,2019-10-15 00:00:00,22.2954105509,48.3584939107,0,0,0,12,12,7288,2264
compact51__paper_roles,2019-10-15 01:00:00,21.4446358832,62.5947355387,0,0,0,12,12,6987,4703
compact51__paper_roles,2019-10-15 02:00:00,23.7537321283,83.1756692305,0,0,0,12,12,7693,5674
compact51__paper_roles,2019-10-15 03:00:00,30.9802668112,113.668751084,1,0,0,12,12,8562,6504
compact51__paper_roles,2019-10-15 04:00:00,41.4639571768,94.1699945235,0,0,0,12,12,8742,6048
compact51__paper_roles,2019-10-15 05:00:00,45.2286486112,82.4159694529,0,0,0,12,12,8753,5645
compact51__paper_roles,2019-10-15 06:00:00,29.9463639497,70.3788506784,0,0,0,12,12,8514,5158
compact51__paper_roles,2019-10-15 07:00:00,30.5813093166,175.865477013,1,0,0,12,12,8544,7317
compact51__paper_roles,2019-10-15 08:00:00,35.689453228,300.574265882,1,0,0,12,12,8692,7925
compact51__paper_roles,2019-10-15 09:00:00,23.1742682069,242.926624001,1,0,0,12,12,7546,7724
compact51__paper_roles,2019-10-15 10:00:00,24.0940238981,357.591047334,1,0,0,13,12,7762,8078
compact51__paper_roles,2019-10-15 11:00:00,25.0283695172,687.455545977,1,0,0,12,12,7960,8393
compact51__paper_roles,2019-10-15 12:00:00,27.0751534306,938.875057046,2,0,0,12,12,8293,8479
compact51__paper_roles,2019-10-15 13:00:00,27.4569165585,675.705336453,2,0,0,12,12,8337,8384
compact51__paper_roles,2019-10-15 14:00:00,26.6343416542,488.712555297,2,0,0,12,12,8236,8237
compact51__paper_roles,2019-10-15 15:00:00,22.7163676744,127.14556333,1,0,0,12,12,7423,6762
compact51__paper_roles,2019-10-15 16:00:00,24.1482454163,139.438373946,1,0,0,12,12,7775,6927
compact51__paper_roles,2019-10-15 17:00:00,25.7705636864,138.408941771,1,0,0,12,12,8093,6912
compact51__paper_roles,2019-10-15 18:00:00,26.6823700554,118.969815557,1,0,0,12,12,8244,6592
compact51__paper_roles,2019-10-15 19:00:00,29.8490353189,118.837649984,1,0,0,12,12,8505,6591
compact51__paper_roles,2019-10-15 20:00:00,32.6137865859,110.402155155,1,0,0,12,12,8620,6441
compact51__paper_roles,2019-10-15 21:00:00,30.1591152293,110.342768798,1,0,0,12,12,8525,6439
compact51__paper_roles,2019-10-15 22:00:00,24.48536134,113.115474691,0,0,0,13,13,7850,6495
compact51__paper_roles,2019-10-15 23:00:00,31.8586337514,125.915945836,0,0,0,12,12,8593,6733
compact51__paper_roles,2019-10-16 00:00:00,33.8762786555,220.766327302,0,0,0,13,13,8661,7607
compact51__paper_roles,2019-10-16 01:00:00,38.8268493627,247.161287786,1,0,0,12,12,8724,7748
compact51__paper_roles,2019-10-16 02:00:00,36.8003878893,279.619356228,1,0,0,12,12,8707,7856
compact51__paper_roles,2019-10-16 03:00:00,39.2094610716,287.439678635,2,0,0,12,12,8728,7895
compact51__paper_roles,2019-10-16 04:00:00,49.0135322879,296.421063483,2,0,0,12,12,8757,7918
compact51__paper_roles,2019-10-16 05:00:00,50.3058230078,304.33698049,1,0,0,12,12,8759,7936
compact51__paper_roles,2019-10-16 06:00:00,34.1627083869,134.929871627,1,0,0,12,12,8668,6871
compact51__paper_roles,2019-10-16 07:00:00,26.8342619383,102.313082006,1,0,0,12,12,8265,6272
compact51__paper_roles,2019-10-16 08:00:00,23.4251361109,108.932690919,1,0,0,12,12,7612,6413
compact51__paper_roles,2019-10-16 09:00:00,22.6749890755,110.514032434,1,0,0,12,12,7412,6443
compact51__paper_roles,2019-10-16 10:00:00,20.9997033338,99.1385000841,0,0,0,12,12,6794,6184
compact51__paper_roles,2019-10-16 11:00:00,20.8481142121,118.641458131,1,0,0,12,12,6718,6588
compact51__paper_roles,2019-10-16 12:00:00,21.7791435631,116.57705467,1,0,0,12,12,7117,6550
compact51__paper_roles,2019-10-16 13:00:00,23.1064033257,121.7567136,1,0,0,12,12,7526,6656
compact51__paper_roles,2019-10-16 14:00:00,21.7925517615,99.0724088506,0,0,0,12,12,7128,6180
compact51__paper_roles,2019-10-16 15:00:00,21.8479442095,91.5574791397,0,0,0,12,12,7151,5953
compact51__paper_roles,2019-10-16 16:00:00,24.9609773624,101.873582484,1,0,0,12,12,7947,6260
compact51__paper_roles,2019-10-16 17:00:00,23.2816601111,75.1409053018,0,0,0,12,12,7575,5362
compact51__paper_roles,2019-10-16 18:00:00,25.6755048759,91.0815359242,0,0,0,12,12,8076,5937
compact51__paper_roles,2019-10-16 19:00:00,21.4146345883,94.7644662832,0,0,0,12,12,6972,6069
compact51__paper_roles,2019-10-16 20:00:00,23.2400062683,78.3973864267,0,0,0,12,12,7565,5489
compact51__paper_roles,2019-10-16 21:00:00,23.1064092176,72.0974358276,0,0,0,12,12,7527,5233
compact51__paper_roles,2019-10-16 22:00:00,19.6672602878,66.4297704714,0,0,0,12,12,6184,4975
compact51__paper_roles,2019-10-16 23:00:00,39.0569037304,86.564156707,0,0,0,12,12,8726,5805
compact51__paper_roles,2019-10-17 00:00:00,34.2962333216,181.122292818,0,0,0,12,12,8672,7357
compact51__paper_roles,2019-10-17 01:00:00,29.5808163429,166.799944759,0,0,0,12,12,8484,7238
compact51__paper_roles,2019-10-17 02:00:00,26.1454330396,159.472002819,0,0,0,12,12,8157,7166
compact51__paper_roles,2019-10-17 03:00:00,30.0710912706,172.035458494,0,0,0,12,12,8522,7289
compact51__paper_roles,2019-10-17 04:00:00,40.2138462181,159.119933369,0,0,0,12,12,8734,7162
compact51__paper_roles,2019-10-17 05:00:00,47.8417746659,157.791972477,0,0,0,12,12,8756,7145
compact51__paper_roles,2019-10-17 06:00:00,29.3050072186,123.271413491,1,0,0,12,12,8469,6690
compact51__paper_roles,2019-10-17 07:00:00,23.0699192937,100.537432007,0,0,0,12,12,7515,6223
compact51__paper_roles,2019-10-17 08:00:00,23.8325244077,99.0959044166,0,0,0,12,12,7716,6181
compact51__paper_roles,2019-10-17 09:00:00,21.0147406285,98.5371997684,0,0,0,12,12,6799,6166
compact51__paper_roles,2019-10-17 10:00:00,18.3438382975,79.8668127595,0,0,0,14,14,5348,5550
compact51__paper_roles,2019-10-17 11:00:00,19.3994111157,82.4684600185,0,0,0,13,13,6042,5647
compact51__paper_roles,2019-10-17 12:00:00,17.7836956483,93.2918633966,0,0,0,12,11,4960,6019
compact51__paper_roles,2019-10-17 13:00:00,17.7484840396,78.6871611059,0,0,0,12,12,4937,5497
compact51__paper_roles,2019-10-17 14:00:00,17.1780501923,91.1641372516,0,0,0,12,12,4501,5939
compact51__paper_roles,2019-10-17 15:00:00,17.1323542192,91.3877629752,0,0,0,12,12,4463,5948
compact51__paper_roles,2019-10-17 16:00:00,18.6125895707,82.1499723368,0,0,0,13,13,5536,5637
compact51__paper_roles,2019-10-17 17:00:00,18.6324183064,68.3589743426,0,0,0,12,12,5548,5072
compact51__paper_roles,2019-10-17 18:00:00,19.3171059126,102.922004488,0,0,0,12,12,5990,6281
compact51__paper_roles,2019-10-17 19:00:00,24.9086227786,79.4067023073,0,0,0,12,12,7932,5528
compact51__paper_roles,2019-10-17 20:00:00,19.3846898804,75.5518475315,0,0,0,12,12,6034,5380
compact51__paper_roles,2019-10-17 21:00:00,22.991804142,66.5580128844,0,0,0,12,12,7491,4980
compact51__paper_roles,2019-10-17 22:00:00,24.3764559416,66.5921431188,0,0,0,13,12,7825,4982
compact51__paper_roles,2019-10-17 23:00:00,27.6745658937,57.2090693906,0,0,0,12,12,8355,4159
compact51__paper_roles,2019-10-18 00:00:00,25.1849168077,59.6692309962,0,0,0,12,12,7991,4449
compact51__paper_roles,2019-10-18 01:00:00,24.8795050425,77.2858874752,0,0,0,12,12,7926,5444
compact51__paper_roles,2019-10-18 02:00:00,21.4552035103,56.302015123,0,0,0,12,12,6992,4025
compact51__paper_roles,2019-10-18 03:00:00,26.0166020434,58.6027101415,0,0,0,12,12,8136,4328
compact51__paper_roles,2019-10-18 04:00:00,39.6623710482,92.1927019623,0,0,0,12,12,8730,5983
compact51__paper_roles,2019-10-18 05:00:00,37.8178117002,195.051881036,1,0,0,12,12,8716,7450
compact51__paper_roles,2019-10-18 06:00:00,21.9178285741,100.401169635,1,0,0,12,12,7172,6219
compact51__paper_roles,2019-10-18 07:00:00,20.364972571,99.1826102741,0,0,0,12,12,6511,6186
compact51__paper_roles,2019-10-18 08:00:00,28.2913247674,146.866438945,1,0,0,12,12,8415,7020
compact51__paper_roles,2019-10-18 09:00:00,22.2770299997,149.331696666,1,0,0,12,12,7283,7045
compact51__paper_roles,2019-10-18 10:00:00,25.212377389,514.621609052,1,0,0,12,12,7998,8268
compact51__paper_roles,2019-10-18 11:00:00,21.9820500975,723.214993943,0,0,0,12,12,7186,8407
compact51__paper_roles,2019-10-18 12:00:00,17.2132684927,675.163517129,0,0,0,12,12,4541,8383
compact51__paper_roles,2019-10-18 13:00:00,16.624513489,512.874145792,1,0,0,12,12,4092,8265
compact51__paper_roles,2019-10-18 14:00:00,16.3418878286,117.362234011,1,0,0,12,12,3875,6559
compact51__paper_roles,2019-10-18 15:00:00,16.2253960973,99.1349648599,0,0,0,12,12,3792,6183
compact51__paper_roles,2019-10-18 16:00:00,19.0463724963,110.695716787,1,0,0,13,13,5830,6447
compact51__paper_roles,2019-10-18 17:00:00,20.0442300065,52.8416520522,0,0,0,12,12,6372,3364
compact51__paper_roles,2019-10-18 18:00:00,21.1908632982,60.6337048429,0,0,0,12,12,6875,4541
compact51__paper_roles,2019-10-18 19:00:00,33.2269056546,60.0402079223,0,0,0,12,12,8640,4488
compact51__paper_roles,2019-10-18 20:00:00,23.9010863964,56.6400915737,0,0,0,12,12,7730,4076
compact51__paper_roles,2019-10-18 21:00:00,22.9565765261,52.2802062969,0,0,0,12,12,7481,3235
compact51__paper_roles,2019-10-18 22:00:00,20.6903300373,47.3342381815,0,0,0,12,12,6638,1969
compact51__paper_roles,2019-10-18 23:00:00,26.347184249,53.8538085865,0,0,0,12,12,8197,3582
compact51__paper_roles,2019-10-19 00:00:00,21.5339506075,53.4605428367,0,0,0,12,12,7029,3518
compact51__paper_roles,2019-10-19 01:00:00,21.593920367,56.7318031276,0,0,0,12,12,7051,4097
compact51__paper_roles,2019-10-19 02:00:00,22.9503655588,89.4460520292,0,0,0,12,12,7478,5891
compact51__paper_roles,2019-10-19 03:00:00,27.6041833401,109.213961979,1,0,0,12,12,8346,6418
compact51__paper_roles,2019-10-19 04:00:00,33.4270531902,83.0388555863,0,0,0,12,12,8647,5670
compact51__paper_roles,2019-10-19 05:00:00,30.676494704,156.987190291,1,0,0,12,12,8551,7135
compact51__paper_roles,2019-10-19 06:00:00,22.445596576,157.85634816,1,0,0,12,12,7340,7147
compact51__paper_roles,2019-10-19 07:00:00,25.5207045469,79.1583304754,0,0,0,12,12,8055,5517
compact51__paper_roles,2019-10-19 08:00:00,24.8711019908,66.4723343004,0,0,0,13,12,7921,4977
compact51__paper_roles,2019-10-19 09:00:00,31.3710697956,113.667285331,0,0,0,12,12,8575,6503
compact51__paper_roles,2019-10-19 10:00:00,24.4148450674,122.722419115,0,0,0,12,12,7838,6677
compact51__paper_roles,2019-10-19 11:00:00,22.9631786512,147.301271762,0,0,0,12,12,7483,7024
compact51__paper_roles,2019-10-19 12:00:00,21.4515881222,129.931785828,0,0,0,12,12,6989,6802
compact51__paper_roles,2019-10-19 13:00:00,19.5639306476,128.350615331,0,0,0,12,12,6130,6778
compact51__paper_roles,2019-10-19 14:00:00,22.9014752763,142.046741284,0,0,0,12,12,7472,6958
compact51__paper_roles,2019-10-19 15:00:00,24.7264527312,132.340512178,0,0,0,12,12,7894,6834
compact51__paper_roles,2019-10-19 16:00:00,19.662946463,121.296365489,0,0,0,13,13,6183,6649
compact51__paper_roles,2019-10-19 17:00:00,23.7675623354,140.99928782,0,0,0,12,12,7702,6948
compact51__paper_roles,2019-10-19 18:00:00,24.235763092,142.3642216,0,0,0,12,12,7797,6962
compact51__paper_roles,2019-10-19 19:00:00,29.0008385178,152.808790952,0,0,0,12,12,8451,7087
compact51__paper_roles,2019-10-19 20:00:00,25.6399113889,166.684971256,0,0,0,12,12,8069,7237
compact51__paper_roles,2019-10-19 21:00:00,23.30425097,164.437739504,0,0,0,12,12,7581,7219
compact51__paper_roles,2019-10-19 22:00:00,19.8726085813,158.735655667,0,0,0,12,12,6290,7153
compact51__paper_roles,2019-10-19 23:00:00,23.4151278118,165.348690338,0,0,0,12,12,7609,7222
compact51__paper_roles,2019-10-20 00:00:00,25.6935014721,187.539855124,1,0,0,12,12,8079,7397
compact51__paper_roles,2019-10-20 01:00:00,25.2306774675,248.159144603,1,0,0,12,12,8001,7754
compact51__paper_roles,2019-10-20 02:00:00,29.169330233,296.112873349,0,0,0,12,12,8464,7914
compact51__paper_roles,2019-10-20 03:00:00,30.7616488335,278.962361312,0,0,0,12,12,8554,7853
compact51__paper_roles,2019-10-20 04:00:00,27.8665154747,317.533542893,1,0,0,12,12,8373,7974
compact51__paper_roles,2019-10-20 05:00:00,33.7536876572,342.463449918,1,0,0,12,12,8657,8040
compact51__paper_roles,2019-10-20 06:00:00,41.9188356517,289.399576885,1,0,0,12,12,8744,7902
compact51__paper_roles,2019-10-20 07:00:00,33.7627362244,283.959236254,1,0,0,12,12,8658,7877
compact51__paper_roles,2019-10-20 08:00:00,26.0263519891,230.383501736,1,0,0,12,12,8139,7661
compact51__paper_roles,2019-10-20 09:00:00,24.8602622487,203.836375682,1,0,0,12,12,7918,7511
compact51__paper_roles,2019-10-20 10:00:00,26.5821665217,168.96923442,1,0,0,12,12,8225,7254
compact51__paper_roles,2019-10-20 11:00:00,25.8797609529,169.075606934,1,0,0,12,12,8112,7256
compact51__paper_roles,2019-10-20 12:00:00,23.8620192958,146.996229269,1,0,0,12,12,7724,7022
compact51__paper_roles,2019-10-20 13:00:00,23.7482796239,128.323369585,1,0,0,12,12,7692,6777
compact51__paper_roles,2019-10-20 14:00:00,22.9657020247,134.781163338,1,0,0,12,12,7484,6866
compact51__paper_roles,2019-10-20 15:00:00,21.4953707584,136.291863344,1,0,0,12,12,7009,6884
compact51__paper_roles,2019-10-20 16:00:00,23.6403168532,139.408367893,1,0,0,12,12,7659,6926
compact51__paper_roles,2019-10-20 17:00:00,30.3195673138,155.667005688,1,0,0,12,12,8533,7123
compact51__paper_roles,2019-10-20 18:00:00,33.2778022561,206.667402127,0,0,0,12,12,8642,7529
compact51__paper_roles,2019-10-20 19:00:00,32.7990587279,177.455915258,0,0,0,12,12,8630,7332
compact51__paper_roles,2019-10-20 20:00:00,36.7265070179,173.131649913,0,0,0,12,12,8706,7297
compact51__paper_roles,2019-10-20 21:00:00,31.0090638018,126.138350275,0,0,0,12,12,8565,6739
compact51__paper_roles,2019-10-20 22:00:00,19.4660125653,72.1648465937,0,0,0,12,12,6065,5238
compact51__paper_roles,2019-10-20 23:00:00,18.4622584815,59.0053785973,0,0,0,12,12,5427,4368
compact51__paper_roles,2019-10-21 00:00:00,19.9831063123,60.6021091951,0,0,0,12,12,6339,4536
compact51__paper_roles,2019-10-21 01:00:00,20.035211371,79.2135840823,0,0,0,12,12,6368,5520
compact51__paper_roles,2019-10-21 02:00:00,17.3199720531,76.0031749111,0,0,0,12,12,4625,5402
compact51__paper_roles,2019-10-21 03:00:00,25.9140090303,76.188640504,0,0,0,12,12,8117,5410
compact51__paper_roles,2019-10-21 04:00:00,46.6353681671,72.8525745124,0,0,0,12,12,8754,5256
compact51__paper_roles,2019-10-21 05:00:00,34.2333357274,658.334469343,1,0,0,12,12,8670,8371
compact51__paper_roles,2019-10-21 06:00:00,18.9119880847,109.885256541,0,0,0,12,12,5736,6432
compact51__paper_roles,2019-10-21 07:00:00,16.7640541412,41.3952099805,0,0,0,12,12,4196,711
compact51__paper_roles,2019-10-21 08:00:00,25.6548276684,90.2869583659,0,0,0,13,13,8073,5922
compact51__paper_roles,2019-10-21 09:00:00,14.183234965,54.0277759316,0,0,0,13,12,2162,3614
compact51__paper_roles,2019-10-21 10:00:00,19.6028465232,56.1108141536,0,0,0,12,12,6151,3999
compact51__paper_roles,2019-10-21 11:00:00,26.8520410484,80.7526662444,0,0,0,13,12,8266,5585
compact51__paper_roles,2019-10-21 12:00:00,14.4451300993,56.0330607902,0,0,0,12,12,2367,3983
compact51__paper_roles,2019-10-21 13:00:00,12.4081882052,60.0536170004,0,0,0,12,12,1009,4490
compact51__paper_roles,2019-10-21 14:00:00,14.7414087552,185.600491138,1,0,0,12,12,2607,7383
compact51__paper_roles,2019-10-21 15:00:00,13.9247056922,84.3620469731,0,0,0,12,12,1982,5726
compact51__paper_roles,2019-10-21 16:00:00,14.7771354936,54.9426365793,0,0,0,12,12,2636,3779
compact51__paper_roles,2019-10-21 17:00:00,18.9680114752,50.3275974483,0,0,0,12,12,5772,2753
compact51__paper_roles,2019-10-21 18:00:00,18.3505164871,57.1504646164,0,0,0,12,12,5354,4153
compact51__paper_roles,2019-10-21 19:00:00,19.4947232886,51.1816688186,0,0,0,12,12,6088,2966
compact51__paper_roles,2019-10-21 20:00:00,22.694233181,64.2108501896,0,0,0,12,12,7417,4824
compact51__paper_roles,2019-10-21 21:00:00,21.7831326312,68.8110609144,0,0,0,12,12,7120,5090
compact51__paper_roles,2019-10-21 22:00:00,23.5332295531,54.6187886729,0,0,0,12,12,7632,3725
compact51__paper_roles,2019-10-21 23:00:00,17.277239331,47.3688933448,0,0,0,13,12,4592,1975
compact51__paper_roles,2019-10-22 00:00:00,21.5687196614,86.3506608088,0,0,0,13,12,7040,5801
compact51__paper_roles,2019-10-22 01:00:00,19.0462706697,1155.95077978,1,0,0,12,12,5829,8527
compact51__paper_roles,2019-10-22 02:00:00,21.3193570701,115.143099076,0,0,0,13,12,6927,6531
compact51__paper_roles,2019-10-22 03:00:00,21.5041926643,84.8474459031,0,0,0,12,12,7014,5745
compact51__paper_roles,2019-10-22 04:00:00,34.5447901246,148.935931477,0,0,0,12,12,8677,7040
compact51__paper_roles,2019-10-22 05:00:00,21.7666104796,119.244663755,1,0,0,12,12,7110,6598
compact51__paper_roles,2019-10-22 06:00:00,26.4499836726,176.810586303,0,0,0,12,12,8210,7329
compact51__paper_roles,2019-10-22 07:00:00,14.876266257,201.322745385,0,0,0,12,12,2713,7497
compact51__paper_roles,2019-10-22 08:00:00,16.441909794,212.637927175,0,0,0,12,12,3956,7562
compact51__paper_roles,2019-10-22 09:00:00,15.3567299964,131.807029045,0,0,0,12,12,3099,6826
compact51__paper_roles,2019-10-22 10:00:00,20.9909114528,175.992674044,0,0,0,14,13,6788,7320
compact51__paper_roles,2019-10-22 11:00:00,22.6934110549,171.310179076,0,0,0,11,11,7416,7280
compact51__paper_roles,2019-10-22 12:00:00,20.4518851257,146.381678579,1,0,0,12,12,6556,7017
compact51__paper_roles,2019-10-22 13:00:00,20.8132146679,156.579393562,0,0,0,12,12,6697,7130
compact51__paper_roles,2019-10-22 14:00:00,19.8374221499,158.727484725,0,0,0,13,12,6275,7152
compact51__paper_roles,2019-10-22 15:00:00,22.0889530058,143.110603643,0,0,0,12,12,7217,6977
compact51__paper_roles,2019-10-22 16:00:00,18.6762032371,94.9885034175,0,0,0,13,12,5581,6075
compact51__paper_roles,2019-10-22 17:00:00,22.3268566083,91.5583265301,0,0,0,12,12,7303,5954
compact51__paper_roles,2019-10-22 18:00:00,22.4041699951,72.1825013446,0,0,0,12,12,7329,5240
compact51__paper_roles,2019-10-22 19:00:00,18.1999273053,83.6086952136,0,0,0,12,12,5258,5695
compact51__paper_roles,2019-10-22 20:00:00,24.3805387146,532.94118184,1,0,0,13,13,7827,8287
compact51__paper_roles,2019-10-22 21:00:00,24.7857875383,61.8580364305,0,0,0,12,12,7904,4648
compact51__paper_roles,2019-10-22 22:00:00,26.3214545554,82.1849132732,0,0,0,12,12,8192,5639
compact51__paper_roles,2019-10-22 23:00:00,29.1134553191,120.671918945,0,0,0,12,12,8460,6634
compact51__paper_roles,2019-10-23 00:00:00,15.8844601624,43.287443265,0,0,0,12,12,3524,1018
compact51__paper_roles,2019-10-23 01:00:00,17.4049832878,46.6373784662,0,0,0,12,12,4688,1764
compact51__paper_roles,2019-10-23 02:00:00,16.4926339893,47.3844451705,0,0,0,12,12,4000,1981
compact51__paper_roles,2019-10-23 03:00:00,15.9378745447,47.339524189,0,0,0,12,12,3558,1970
compact51__paper_roles,2019-10-23 04:00:00,17.718855466,51.1177573802,0,0,0,12,12,4917,2955
compact51__paper_roles,2019-10-23 05:00:00,22.7164654767,52.0402118874,0,0,0,12,12,7424,3173
compact51__paper_roles,2019-10-23 06:00:00,22.142705819,101.890513647,0,0,0,12,12,7236,6261
compact51__paper_roles,2019-10-23 07:00:00,21.4820369024,1186.89659907,0,0,0,12,12,7007,8534
compact51__paper_roles,2019-10-23 08:00:00,22.5946185963,302.701205107,0,0,0,12,12,7387,7933
compact51__paper_roles,2019-10-23 09:00:00,23.7318195454,1034.46074632,0,0,0,12,12,7686,8502
compact51__paper_roles,2019-10-23 10:00:00,26.021508836,3764.97861115,0,0,0,13,12,8138,8686
compact51__paper_roles,2019-10-23 11:00:00,18.5507913806,4753.22671637,0,0,0,16,15,5490,8707
compact51__paper_roles,2019-10-23 12:00:00,19.9908194507,317.638118839,1,0,0,11,11,6342,7977
compact51__paper_roles,2019-10-23 13:00:00,16.4045213732,995.74910375,1,0,0,12,12,3915,8494
compact51__paper_roles,2019-10-23 14:00:00,18.9661806806,1236.34216402,0,0,0,12,12,5769,8538
compact51__paper_roles,2019-10-23 15:00:00,14.1850924788,1139.24728674,0,0,0,12,12,2165,8525
compact51__paper_roles,2019-10-23 16:00:00,15.8810293989,398.542692503,0,0,0,12,12,3521,8137
compact51__paper_roles,2019-10-23 17:00:00,19.0595354661,515.725627068,0,0,0,12,12,5839,8270
compact51__paper_roles,2019-10-23 18:00:00,19.0073415489,1425.87705232,0,0,0,11,11,5798,8568
compact51__paper_roles,2019-10-23 19:00:00,27.0619009592,236.023436968,1,0,0,11,11,8291,7695
compact51__paper_roles,2019-10-23 20:00:00,28.0818201981,224.329009177,1,0,0,13,13,8398,7627
compact51__paper_roles,2019-10-23 21:00:00,28.5753876513,535.901735789,1,0,0,11,11,8428,8289
compact51__paper_roles,2019-10-23 22:00:00,29.5974138811,2986.20411655,1,0,0,12,12,8487,8668
compact51__paper_roles,2019-10-23 23:00:00,25.5647732538,2967.56769315,0,0,0,12,12,8060,8667
compact51__paper_roles,2019-10-24 00:00:00,23.8703504619,317.118167515,0,0,0,12,12,7727,7970
compact51__paper_roles,2019-10-24 01:00:00,19.6756917864,123.364041641,0,0,0,12,12,6187,6692
compact51__paper_roles,2019-10-24 02:00:00,19.2041920952,157.366587154,0,0,0,12,12,5921,7139
compact51__paper_roles,2019-10-24 03:00:00,16.3551029149,98.6635288525,0,0,0,12,12,3891,6168
compact51__paper_roles,2019-10-24 04:00:00,16.0189115613,76.3634001403,0,0,0,12,12,3622,5416
compact51__paper_roles,2019-10-24 05:00:00,19.0793372811,53.9934110375,0,0,0,12,12,5856,3609
compact51__paper_roles,2019-10-24 06:00:00,15.7311849477,45.2377021155,0,0,0,12,12,3396,1426
compact51__paper_roles,2019-10-24 07:00:00,26.9646908125,139.676245652,0,0,0,12,12,8281,6931
compact51__paper_roles,2019-10-24 08:00:00,25.4893189689,165.98157566,0,0,0,12,12,8050,7227
compact51__paper_roles,2019-10-24 09:00:00,28.4841980891,252.391299576,0,0,0,12,12,8421,7768
compact51__paper_roles,2019-10-24 10:00:00,27.4017389094,2278.95717586,0,0,0,14,13,8330,8638
compact51__paper_roles,2019-10-24 11:00:00,23.6794071256,863.284130569,1,0,0,12,12,7671,8457
compact51__paper_roles,2019-10-24 12:00:00,25.9007127506,665.748813482,1,0,0,12,12,8115,8377
compact51__paper_roles,2019-10-24 13:00:00,29.1122961622,581.68160735,1,0,0,12,12,8459,8324
compact51__paper_roles,2019-10-24 14:00:00,24.9120920928,1854.16617349,1,0,0,12,12,7933,8606
compact51__paper_roles,2019-10-24 15:00:00,23.0543944309,1408.82621219,1,0,0,12,12,7512,8562
compact51__paper_roles,2019-10-24 16:00:00,25.8948460685,4052.85344592,0,0,0,12,12,8114,8694
compact51__paper_roles,2019-10-24 17:00:00,22.7652618482,901.285300986,0,0,0,12,12,7433,8468
compact51__paper_roles,2019-10-24 18:00:00,25.987567261,425.425514813,0,0,0,14,14,8130,8162
compact51__paper_roles,2019-10-24 19:00:00,26.4765831604,305.689060283,1,0,0,11,11,8215,7942
compact51__paper_roles,2019-10-24 20:00:00,36.5229135163,275.842284039,1,0,0,12,12,8703,7844
compact51__paper_roles,2019-10-24 21:00:00,35.4227874484,348.364955488,0,0,0,12,12,8690,8060
compact51__paper_roles,2019-10-24 22:00:00,30.9936328465,216.457614402,0,0,0,12,12,8563,7584
compact51__paper_roles,2019-10-24 23:00:00,39.0864112593,264.177924446,0,0,0,12,12,8727,7806
compact51__paper_roles,2019-10-25 00:00:00,19.6319948651,140.68729914,0,0,0,12,12,6163,6946
compact51__paper_roles,2019-10-25 01:00:00,17.254212235,123.213016045,0,0,0,12,12,4580,6689
compact51__paper_roles,2019-10-25 02:00:00,20.5253994396,117.441995748,0,0,0,12,12,6582,6562
compact51__paper_roles,2019-10-25 03:00:00,19.2711336053,85.1437126648,0,0,0,12,12,5963,5753
compact51__paper_roles,2019-10-25 04:00:00,30.8991683903,166.287262255,0,0,0,12,12,8559,7232
compact51__paper_roles,2019-10-25 05:00:00,23.7849817364,267.895219944,0,0,0,12,12,7709,7818
compact51__paper_roles,2019-10-25 06:00:00,21.0200382328,120.411649658,0,0,0,12,12,6801,6624
compact51__paper_roles,2019-10-25 07:00:00,17.4267986948,271.903110861,0,0,0,12,12,4708,7829
compact51__paper_roles,2019-10-25 08:00:00,20.9936248664,92.8869244352,0,0,0,12,12,6789,6006
compact51__paper_roles,2019-10-25 09:00:00,21.9147584128,109.437124298,1,0,0,12,12,7170,6423
compact51__paper_roles,2019-10-25 10:00:00,25.9880041131,147.867807224,1,0,0,12,12,8131,7031
compact51__paper_roles,2019-10-25 11:00:00,27.1421298776,170.962276371,1,0,0,12,12,8304,7276
compact51__paper_roles,2019-10-25 12:00:00,22.4584065886,153.152193664,1,0,0,12,12,7343,7094
compact51__paper_roles,2019-10-25 13:00:00,22.1434329436,145.921069495,1,0,0,12,12,7237,7005
compact51__paper_roles,2019-10-25 14:00:00,27.5866453845,270.141132262,1,0,0,12,12,8345,7826
compact51__paper_roles,2019-10-25 15:00:00,25.0815520231,233.897596003,1,0,0,12,12,7970,7677
compact51__paper_roles,2019-10-25 16:00:00,25.6190906526,183.682399783,1,0,0,12,12,8066,7371
compact51__paper_roles,2019-10-25 17:00:00,26.2693642801,270.228729653,1,0,0,12,12,8182,7827
compact51__paper_roles,2019-10-25 18:00:00,25.807233539,325.523757248,1,0,0,12,12,8100,7997
compact51__paper_roles,2019-10-25 19:00:00,32.7188110066,958.37334366,1,0,0,12,12,8626,8483
compact51__paper_roles,2019-10-25 20:00:00,31.944985812,5306.38089196,0,0,0,12,12,8596,8714
compact51__paper_roles,2019-10-25 21:00:00,21.4847422977,130.389239003,0,0,0,12,12,7008,6806
compact51__paper_roles,2019-10-25 22:00:00,18.4403682009,57.3514873565,0,0,0,12,12,5417,4179
compact51__paper_roles,2019-10-25 23:00:00,23.7786216236,103.411108882,0,0,0,12,12,7705,6297
compact51__paper_roles,2019-10-26 00:00:00,20.7898871119,73.696101047,0,0,0,12,12,6683,5291
compact51__paper_roles,2019-10-26 01:00:00,18.4930196429,65.7975940494,0,0,0,12,12,5447,4941
compact51__paper_roles,2019-10-26 02:00:00,16.2520121976,66.8191190808,0,0,0,12,12,3811,4994
compact51__paper_roles,2019-10-26 03:00:00,18.7913355645,69.981944354,0,0,0,12,12,5657,5140
compact51__paper_roles,2019-10-26 04:00:00,16.9402025655,69.3467246574,0,0,0,12,12,4317,5114
compact51__paper_roles,2019-10-26 05:00:00,17.2016597252,91.0934674048,0,0,0,12,12,4524,5938
compact51__paper_roles,2019-10-26 06:00:00,19.4556820014,140.66561134,0,0,0,12,12,6060,6945
compact51__paper_roles,2019-10-26 07:00:00,14.6251753681,75.3459779697,0,0,0,12,12,2518,5370
compact51__paper_roles,2019-10-26 08:00:00,18.3547753687,54.5635813486,0,0,0,12,12,5359,3712
compact51__paper_roles,2019-10-26 09:00:00,21.2880838848,185.57879498,0,0,0,12,12,6916,7382
compact51__paper_roles,2019-10-26 10:00:00,21.6295355109,131.192401422,0,0,0,12,12,7068,6819
compact51__paper_roles,2019-10-26 11:00:00,20.3360403601,94.210569605,0,0,0,12,12,6499,6052
compact51__paper_roles,2019-10-26 12:00:00,20.2879488329,67.5986538441,0,0,0,12,12,6479,5037
compact51__paper_roles,2019-10-26 13:00:00,18.262803989,85.5102122676,0,0,0,12,12,5300,5772
compact51__paper_roles,2019-10-26 14:00:00,17.0744080606,73.6471348832,0,0,0,12,12,4426,5288
compact51__paper_roles,2019-10-26 15:00:00,17.476401781,53.3738233319,0,0,0,12,12,4740,3502
compact51__paper_roles,2019-10-26 16:00:00,17.9258435165,181.951169957,0,0,0,12,12,5064,7363
compact51__paper_roles,2019-10-26 17:00:00,23.5125739461,176.450094603,0,0,0,12,12,7628,7325
compact51__paper_roles,2019-10-26 18:00:00,22.5497502869,112.216724991,0,0,0,12,12,7367,6478
compact51__paper_roles,2019-10-26 19:00:00,23.2557328391,79.7677527849,0,0,0,12,12,7569,5547
compact51__paper_roles,2019-10-26 20:00:00,22.3136856971,51.0368812003,0,0,0,12,12,7297,2938
compact51__paper_roles,2019-10-26 21:00:00,26.0200208168,182.185072853,0,0,0,12,12,8137,7365
compact51__paper_roles,2019-10-26 22:00:00,22.6413402693,111.649735286,0,0,0,12,12,7404,6470
compact51__paper_roles,2019-10-26 23:00:00,25.7856901521,557.310245224,0,0,0,12,12,8096,8300
compact51__paper_roles,2019-10-27 00:00:00,19.0160648343,159.309842222,0,0,0,13,13,5803,7165
compact51__paper_roles,2019-10-27 01:00:00,19.0208704038,41.2796783937,0,0,0,11,11,5807,695
compact51__paper_roles,2019-10-27 02:00:00,18.3290629212,51.059064571,0,0,0,12,12,5338,2944
compact51__paper_roles,2019-10-27 03:00:00,17.7496107925,43.5649218444,0,0,0,12,12,4938,1072
compact51__paper_roles,2019-10-27 04:00:00,19.3596346298,75.5411752917,0,0,0,12,12,6017,5378
compact51__paper_roles,2019-10-27 05:00:00,20.0546195995,82.4340568804,0,0,0,12,12,6376,5646
compact51__paper_roles,2019-10-27 06:00:00,15.2572143474,114.566239619,0,0,0,12,12,3029,6524
compact51__paper_roles,2019-10-27 07:00:00,13.341444718,44.8097333735,0,0,0,12,12,1584,1332
compact51__paper_roles,2019-10-27 08:00:00,17.0373412622,85.1649914806,0,0,0,12,12,4398,5755
compact51__paper_roles,2019-10-27 09:00:00,16.6678691567,102.69068427,0,0,0,12,12,4127,6277
compact51__paper_roles,2019-10-27 10:00:00,17.4330172027,77.2840535713,0,0,0,12,12,4710,5443
compact51__paper_roles,2019-10-27 11:00:00,17.9767807311,53.6329816249,0,0,0,12,12,5114,3548
compact51__paper_roles,2019-10-27 12:00:00,17.8158724172,51.8106147031,0,0,0,12,12,4983,3127
compact51__paper_roles,2019-10-27 13:00:00,17.9836733048,50.9983289571,0,0,0,12,12,5122,2928
compact51__paper_roles,2019-10-27 14:00:00,19.9681798439,71.2710483926,0,0,0,12,12,6334,5197
compact51__paper_roles,2019-10-27 15:00:00,19.2720804395,67.8152213944,0,0,0,12,12,5965,5051
compact51__paper_roles,2019-10-27 16:00:00,14.6117504482,82.9657155741,0,0,0,12,12,2505,5667
compact51__paper_roles,2019-10-27 17:00:00,18.2022316841,126.721199501,0,0,0,12,12,5260,6752
compact51__paper_roles,2019-10-27 18:00:00,16.3156441049,46.3567281173,0,0,0,12,12,3852,1678
compact51__paper_roles,2019-10-27 19:00:00,17.210185716,44.0973181096,0,0,0,12,12,4536,1178
compact51__paper_roles,2019-10-27 20:00:00,23.9042048659,104.513164668,0,0,0,12,12,7732,6326
compact51__paper_roles,2019-10-27 21:00:00,21.6866305808,132.335567428,0,0,0,12,12,7087,6832
compact51__paper_roles,2019-10-27 22:00:00,19.7628066213,82.4740485016,0,0,0,12,12,6232,5649
compact51__paper_roles,2019-10-27 23:00:00,20.6325569941,117.918763403,0,0,0,12,12,6616,6575
compact51__paper_roles,2019-10-28 00:00:00,19.787591134,158.548691195,0,0,0,12,12,6246,7151
compact51__paper_roles,2019-10-28 01:00:00,21.3106564219,153.998903641,0,0,0,12,12,6922,7102
compact51__paper_roles,2019-10-28 02:00:00,19.0137575977,612.193116941,0,0,0,12,12,5801,8344
compact51__paper_roles,2019-10-28 03:00:00,20.3174302713,803.049916333,0,0,0,12,12,6489,8434
compact51__paper_roles,2019-10-28 04:00:00,23.5501767008,233.088626091,0,0,0,12,12,7636,7674
compact51__paper_roles,2019-10-28 05:00:00,34.1630145491,1676.43648686,0,0,0,12,12,8669,8586
compact51__paper_roles,2019-10-28 06:00:00,28.1282934317,3905.51815219,1,0,0,12,12,8402,8690
compact51__paper_roles,2019-10-28 07:00:00,16.6565046764,749.395104613,1,0,0,12,12,4118,8417
compact51__paper_roles,2019-10-28 08:00:00,19.47753037,455.509039484,1,0,0,12,12,6076,8200
compact51__paper_roles,2019-10-28 09:00:00,21.135048539,522.827715261,1,0,0,12,12,6851,8276
compact51__paper_roles,2019-10-28 10:00:00,19.639584488,6614.71420634,0,0,0,12,12,6169,8725
compact51__paper_roles,2019-10-28 11:00:00,15.8326875087,266.512912188,0,0,0,12,12,3467,7812
compact51__paper_roles,2019-10-28 12:00:00,14.8720515284,2188.46397388,0,0,0,12,12,2708,8631
compact51__paper_roles,2019-10-28 13:00:00,16.2444105014,278.345973848,0,0,0,12,12,3805,7851
compact51__paper_roles,2019-10-28 14:00:00,17.4578265661,1574.63521945,1,0,0,12,12,4729,8578
compact51__paper_roles,2019-10-28 15:00:00,16.6419178192,842.418550547,0,0,0,12,12,4112,8449
compact51__paper_roles,2019-10-28 16:00:00,15.2774193795,1794.94321454,0,0,0,12,12,3044,8599
compact51__paper_roles,2019-10-28 17:00:00,18.5713977148,399.972764729,1,0,0,14,13,5508,8139
compact51__paper_roles,2019-10-28 18:00:00,20.3591643941,54.3867134966,0,0,0,11,11,6510,3684
compact51__paper_roles,2019-10-28 19:00:00,20.3885406574,97.8931846696,0,0,0,12,12,6521,6154
compact51__paper_roles,2019-10-28 20:00:00,27.4154563032,122.520552309,1,0,0,12,12,8332,6675
compact51__paper_roles,2019-10-28 21:00:00,20.3170960434,833.828946444,1,0,0,12,12,6488,8446
compact51__paper_roles,2019-10-28 22:00:00,23.5056727714,135.104954548,0,0,0,12,12,7626,6872
compact51__paper_roles,2019-10-28 23:00:00,26.1784812117,496.315989466,0,0,0,12,12,8164,8248
compact51__paper_roles,2019-10-29 00:00:00,21.2954236534,1002.78857698,1,0,0,12,12,6918,8496
compact51__paper_roles,2019-10-29 01:00:00,21.0655717675,584.671793776,0,0,0,12,12,6815,8327
compact51__paper_roles,2019-10-29 02:00:00,19.8227631885,620.125781073,0,0,0,12,12,6266,8350
compact51__paper_roles,2019-10-29 03:00:00,16.5418294295,1844.46452259,0,0,0,12,12,4031,8605
compact51__paper_roles,2019-10-29 04:00:00,18.621114616,3449.09693838,1,0,0,12,12,5540,8682
compact51__paper_roles,2019-10-29 05:00:00,30.4364216536,388.958952144,1,0,0,12,12,8536,8124
compact51__paper_roles,2019-10-29 06:00:00,23.8419640329,652.54217319,1,0,0,12,12,7719,8365
compact51__paper_roles,2019-10-29 07:00:00,19.4367145801,241.341613768,1,0,0,12,12,6053,7714
compact51__paper_roles,2019-10-29 08:00:00,19.4516948395,218.814084464,1,0,0,12,12,6059,7597
compact51__paper_roles,2019-10-29 09:00:00,16.3167245525,832.608938241,1,0,0,12,12,3855,8445
compact51__paper_roles,2019-10-29 10:00:00,18.3973589963,381.260400851,1,0,0,13,12,5394,8114
compact51__paper_roles,2019-10-29 11:00:00,20.4820214492,269.119078713,1,0,0,12,12,6570,7825
compact51__paper_roles,2019-10-29 12:00:00,19.6931396926,251.65558918,1,0,0,12,12,6195,7766
compact51__paper_roles,2019-10-29 13:00:00,20.3874857298,223.207134872,1,0,0,12,12,6520,7620
compact51__paper_roles,2019-10-29 14:00:00,20.3414482501,247.705325289,1,0,0,12,12,6500,7751
compact51__paper_roles,2019-10-29 15:00:00,18.9518149178,314.56306732,1,0,0,11,10,5762,7964
compact51__paper_roles,2019-10-29 16:00:00,20.010135329,344.004090545,1,0,0,12,12,6352,8046
compact51__paper_roles,2019-10-29 17:00:00,18.4806051685,975.485052632,1,0,0,11,11,5440,8491
compact51__paper_roles,2019-10-29 18:00:00,16.8974968846,3223.01781484,0,0,0,12,12,4290,8674
compact51__paper_roles,2019-10-29 19:00:00,23.7423941706,240.116081218,1,0,0,12,12,7691,7712
compact51__paper_roles,2019-10-29 20:00:00,25.8268088762,438.189243918,1,0,0,9,9,8105,8178
compact51__paper_roles,2019-10-29 21:00:00,25.2513568003,247.916540138,1,0,0,12,12,8009,7752
compact51__paper_roles,2019-10-29 22:00:00,20.9298790277,595.113031636,0,0,0,12,12,6757,8334
compact51__paper_roles,2019-10-29 23:00:00,32.1327186607,2206.69738758,1,0,0,12,12,8604,8633
compact51__paper_roles,2019-10-30 00:00:00,26.8171629857,878.385518162,1,0,0,12,12,8264,8463
compact51__paper_roles,2019-10-30 01:00:00,22.1402887808,513.786926237,1,0,0,12,12,7235,8266
compact51__paper_roles,2019-10-30 02:00:00,22.8773329106,683.361113809,1,0,0,12,12,7464,8388
compact51__paper_roles,2019-10-30 03:00:00,22.2280752506,1134.26794637,1,0,0,12,12,7268,8524
compact51__paper_roles,2019-10-30 04:00:00,26.1660607183,263.727392911,1,0,0,12,12,8162,7805
compact51__paper_roles,2019-10-30 05:00:00,28.4990157533,474.276779567,1,0,0,12,12,8422,8221
compact51__paper_roles,2019-10-30 06:00:00,19.179375454,76.1574302244,0,0,0,12,12,5913,5407
compact51__paper_roles,2019-10-30 07:00:00,14.6042133029,136.761328439,0,0,0,12,12,2497,6891
compact51__paper_roles,2019-10-30 08:00:00,14.6978894568,649.615128714,1,0,0,12,12,2571,8362
compact51__paper_roles,2019-10-30 09:00:00,12.4200614417,489.728046978,0,0,0,12,12,1022,8239
compact51__paper_roles,2019-10-30 10:00:00,15.0600108144,75.4962393598,0,0,0,12,12,2866,5376
compact51__paper_roles,2019-10-30 11:00:00,12.8161994737,845.916795155,0,0,0,12,12,1249,8450
compact51__paper_roles,2019-10-30 12:00:00,13.514351311,539.195405716,1,0,0,12,12,1688,8292
compact51__paper_roles,2019-10-30 13:00:00,17.4849992077,172.519938542,1,0,0,12,12,4746,7290
compact51__paper_roles,2019-10-30 14:00:00,15.4942418544,248.910955677,1,0,0,12,12,3182,7760
compact51__paper_roles,2019-10-30 15:00:00,15.9130713527,213.032537538,1,0,0,12,12,3544,7563
compact51__paper_roles,2019-10-30 16:00:00,20.4278318339,490.980719627,1,0,0,12,12,6546,8241
compact51__paper_roles,2019-10-30 17:00:00,12.678381719,79.4994108887,0,0,0,12,12,1173,5536
compact51__paper_roles,2019-10-30 18:00:00,19.6848135722,697.404772938,0,0,0,12,12,6192,8401
compact51__paper_roles,2019-10-30 19:00:00,23.4614233992,432.634282544,1,0,0,12,12,7618,8171
compact51__paper_roles,2019-10-30 20:00:00,30.5302826752,527.044396346,1,0,0,12,12,8540,8281
compact51__paper_roles,2019-10-30 21:00:00,28.1695243412,394.593571066,0,0,0,9,9,8407,8130
compact51__paper_roles,2019-10-30 22:00:00,22.3322042931,114.386329356,0,0,0,12,12,7304,6518
compact51__paper_roles,2019-10-30 23:00:00,24.5263972693,109.616667261,0,0,0,12,12,7857,6426
compact51__paper_roles,2019-10-31 00:00:00,18.1655604671,75.7249433087,0,0,0,12,12,5240,5389
compact51__paper_roles,2019-10-31 01:00:00,14.8436877569,73.7722405595,0,0,0,12,12,2689,5302
compact51__paper_roles,2019-10-31 02:00:00,15.3102248513,57.3926525616,0,0,0,12,12,3070,4183
compact51__paper_roles,2019-10-31 03:00:00,13.2624363928,68.400905464,0,0,0,12,12,1532,5076
compact51__paper_roles,2019-10-31 04:00:00,15.4953510392,77.2880328312,0,0,0,12,12,3185,5445
compact51__paper_roles,2019-10-31 05:00:00,23.7602352738,63.022725204,0,0,0,12,12,7696,4736
compact51__paper_roles,2019-10-31 06:00:00,25.1519902318,914.193380903,0,0,0,12,12,7984,8471
compact51__paper_roles,2019-10-31 07:00:00,17.8326096409,2330.5594734,0,0,0,12,12,4995,8643
compact51__paper_roles,2019-10-31 08:00:00,20.9782762919,3344.44533612,0,0,0,12,12,6784,8675
compact51__paper_roles,2019-10-31 09:00:00,18.3940075247,171.708847579,1,0,0,12,12,5391,7285
compact51__paper_roles,2019-10-31 10:00:00,15.5841871088,82.7398092788,0,0,0,12,12,3266,5659
compact51__paper_roles,2019-10-31 11:00:00,14.7329068625,70.6239069304,0,0,0,10,9,2601,5177
compact51__paper_roles,2019-10-31 12:00:00,19.0074184929,180.476184183,0,0,0,11,11,5799,7351
compact51__paper_roles,2019-10-31 13:00:00,24.8820993714,5887.18662512,1,0,0,13,13,7927,8721
compact51__paper_roles,2019-10-31 14:00:00,19.4332792613,141.047671796,0,0,0,12,12,6051,6950
compact51__paper_roles,2019-10-31 15:00:00,15.1855082566,206.70814653,0,0,0,12,12,2964,7530
compact51__paper_roles,2019-10-31 16:00:00,18.116400365,63.0846352984,0,0,0,12,12,5209,4742
compact51__paper_roles,2019-10-31 17:00:00,22.5672143866,122.355733628,0,0,0,12,12,7378,6668
compact51__paper_roles,2019-10-31 18:00:00,19.5878431497,180.497345079,0,0,0,12,12,6145,7352
compact51__paper_roles,2019-10-31 19:00:00,18.7578682278,881.937139808,0,0,0,13,13,5636,8465
compact51__paper_roles,2019-10-31 20:00:00,20.955549247,187.056637221,0,0,0,11,11,6768,7393
compact51__paper_roles,2019-10-31 21:00:00,21.6526674949,248.90186609,0,0,0,14,14,7078,7759
compact51__paper_roles,2019-10-31 22:00:00,23.3687402485,350.145720603,0,0,0,12,12,7599,8066
compact51__paper_roles,2019-10-31 23:00:00,24.8370792019,227.411297393,0,0,0,14,13,7914,7643
compact51__paper_roles,2019-11-01 00:00:00,17.4424144739,67.1609853124,0,0,0,14,14,4717,5010
compact51__paper_roles,2019-11-01 01:00:00,13.137065489,44.0229756707,0,0,0,11,11,1461,1167
compact51__paper_roles,2019-11-01 02:00:00,13.4889247206,44.4770687852,0,0,0,12,12,1673,1265
compact51__paper_roles,2019-11-01 03:00:00,16.0198474948,62.3881843145,0,0,0,12,12,3624,4691
compact51__paper_roles,2019-11-01 04:00:00,15.4763392401,44.1054487939,0,0,0,12,12,3167,1183
compact51__paper_roles,2019-11-01 05:00:00,14.7169179125,39.5869063911,0,0,0,12,12,2587,462
compact51__paper_roles,2019-11-01 06:00:00,15.2702524029,51.2216647545,0,0,0,13,13,3037,2974
compact51__paper_roles,2019-11-01 07:00:00,13.4247273726,38.4359558616,0,0,0,12,12,1636,344
compact51__paper_roles,2019-11-01 08:00:00,16.1543473246,41.9125057865,0,0,0,12,12,3735,792
compact51__paper_roles,2019-11-01 09:00:00,18.4673115445,46.6164958824,0,0,0,12,12,5429,1757
compact51__paper_roles,2019-11-01 10:00:00,21.4288726358,152.991433924,0,0,0,12,12,6979,7090
compact51__paper_roles,2019-11-01 11:00:00,18.7860037047,55.7699336963,0,0,0,12,12,5655,3944
compact51__paper_roles,2019-11-01 12:00:00,14.8054052192,196.786154619,0,0,0,12,12,2658,7465
compact51__paper_roles,2019-11-01 13:00:00,15.2329197343,209.358151347,0,0,0,12,12,3006,7548
compact51__paper_roles,2019-11-01 14:00:00,14.7325386658,261.487541299,0,0,0,14,14,2599,7801
compact51__paper_roles,2019-11-01 15:00:00,15.5558414382,2441.75419654,0,0,0,10,10,3236,8649
compact51__paper_roles,2019-11-01 16:00:00,16.6638638276,218.35254985,0,0,0,12,12,4123,7596
compact51__paper_roles,2019-11-01 17:00:00,15.1383091407,122.47471287,0,0,0,12,12,2923,6673
compact51__paper_roles,2019-11-01 18:00:00,21.3932107662,293.421119377,0,0,0,13,12,6960,7909
compact51__paper_roles,2019-11-01 19:00:00,19.2220014824,40.8023673633,0,0,0,12,12,5934,618
compact51__paper_roles,2019-11-01 20:00:00,28.1310743707,50.8656656489,0,0,0,12,12,8403,2899
compact51__paper_roles,2019-11-01 21:00:00,20.6960974995,43.9235920651,0,0,0,12,12,6643,1152
compact51__paper_roles,2019-11-01 22:00:00,20.8983127793,46.9754087187,0,0,0,12,12,6739,1862
compact51__paper_roles,2019-11-01 23:00:00,25.0612539956,114.905428907,0,0,0,12,12,7965,6526
compact51__paper_roles,2019-11-02 00:00:00,20.411694155,79.5095593939,0,0,0,12,12,6536,5537
compact51__paper_roles,2019-11-02 01:00:00,22.4460133548,200.560423851,1,0,0,12,12,7341,7493
compact51__paper_roles,2019-11-02 02:00:00,22.6367659432,491.002236778,1,0,0,12,12,7403,8242
compact51__paper_roles,2019-11-02 03:00:00,24.3048874139,367.273538935,1,0,0,12,12,7809,8094
compact51__paper_roles,2019-11-02 04:00:00,23.35532585,161.48967108,1,0,0,12,12,7593,7187
compact51__paper_roles,2019-11-02 05:00:00,20.2434771985,139.05103033,1,0,0,12,12,6453,6922
compact51__paper_roles,2019-11-02 06:00:00,16.6169870375,1784.13583784,0,0,0,12,12,4084,8597
compact51__paper_roles,2019-11-02 07:00:00,15.121711481,76.3103447874,0,0,0,12,12,2912,5413
compact51__paper_roles,2019-11-02 08:00:00,17.6372387867,41.2269737342,0,0,0,12,12,4857,686
compact51__paper_roles,2019-11-02 09:00:00,25.818608844,101.693706785,0,0,0,12,12,8103,6254
compact51__paper_roles,2019-11-02 10:00:00,22.5229521114,137.529313441,0,0,0,12,12,7358,6905
compact51__paper_roles,2019-11-02 11:00:00,18.5454355439,194.087600002,0,0,0,12,12,5485,7445
compact51__paper_roles,2019-11-02 12:00:00,16.0958652981,109.257172769,0,0,0,12,12,3677,6420
compact51__paper_roles,2019-11-02 13:00:00,18.5069469446,317.403592485,0,0,0,12,12,5455,7972
compact51__paper_roles,2019-11-02 14:00:00,19.4665430572,481.968620444,0,0,0,12,12,6066,8228
compact51__paper_roles,2019-11-02 15:00:00,19.3863972489,222.05226745,0,0,0,12,12,6036,7612
compact51__paper_roles,2019-11-02 16:00:00,14.9161111451,86.0280961729,0,0,0,12,12,2742,5792
compact51__paper_roles,2019-11-02 17:00:00,18.2383339707,81.3167914786,0,0,0,12,12,5287,5610
compact51__paper_roles,2019-11-02 18:00:00,23.1127421184,71.4058137179,0,0,0,12,12,7530,5206
compact51__paper_roles,2019-11-02 19:00:00,24.2151189451,59.2543250771,0,0,0,12,12,7790,4403
compact51__paper_roles,2019-11-02 20:00:00,23.1635240581,58.0288296812,0,0,0,13,12,7543,4261
compact51__paper_roles,2019-11-02 21:00:00,18.6423429205,44.8644176429,0,0,0,12,12,5558,1344
compact51__paper_roles,2019-11-02 22:00:00,15.6086850619,41.3314090691,0,0,0,12,12,3286,698
compact51__paper_roles,2019-11-02 23:00:00,18.4146798583,43.6261190485,0,0,0,12,12,5404,1089
compact51__paper_roles,2019-11-03 00:00:00,16.9086520858,55.2923720643,0,0,0,12,12,4298,3845
compact51__paper_roles,2019-11-03 01:00:00,16.8544147389,39.4635319879,0,0,7,24,12,4265,449
compact51__paper_roles,2019-11-03 02:00:00,12.7613274626,45.2651206103,0,0,0,12,12,1207,1434
compact51__paper_roles,2019-11-03 03:00:00,15.9586326797,93.5616960586,0,0,0,12,12,3575,6027
compact51__paper_roles,2019-11-03 04:00:00,16.8187409675,43.0707581038,0,0,0,12,12,4236,987
compact51__paper_roles,2019-11-03 05:00:00,16.3271795632,35.5543824188,0,0,0,12,12,3864,167
compact51__paper_roles,2019-11-03 06:00:00,17.8736677872,36.7993138329,0,0,0,12,12,5027,225
compact51__paper_roles,2019-11-03 07:00:00,16.2709567223,43.9217299525,0,0,0,12,12,3826,1151
compact51__paper_roles,2019-11-03 08:00:00,16.0955765124,47.1936348708,0,0,0,12,12,3676,1930
compact51__paper_roles,2019-11-03 09:00:00,18.5232685709,85.9138716594,0,0,0,12,12,5465,5785
compact51__paper_roles,2019-11-03 10:00:00,15.4524531499,62.9220885976,0,0,0,12,12,3153,4729
compact51__paper_roles,2019-11-03 11:00:00,19.5538213622,514.887764535,0,0,0,12,12,6125,8269
compact51__paper_roles,2019-11-03 12:00:00,17.2691760367,168.981598327,0,0,0,12,12,4591,7255
compact51__paper_roles,2019-11-03 13:00:00,15.5621584513,83.831727492,0,0,0,12,12,3240,5709
compact51__paper_roles,2019-11-03 14:00:00,14.2698670425,56.7675806003,0,0,0,12,12,2226,4100
compact51__paper_roles,2019-11-03 15:00:00,12.213153265,44.6412222675,0,0,0,12,12,901,1288
compact51__paper_roles,2019-11-03 16:00:00,13.9139373999,45.8087555416,0,0,0,12,12,1970,1564
compact51__paper_roles,2019-11-03 17:00:00,18.241359171,58.3237942627,0,0,0,12,12,5288,4289
compact51__paper_roles,2019-11-03 18:00:00,17.5823909821,58.5552067575,0,0,0,12,12,4810,4320
compact51__paper_roles,2019-11-03 19:00:00,15.62523239,43.7481090481,0,0,0,12,12,3302,1114
compact51__paper_roles,2019-11-03 20:00:00,14.5406852073,42.3416390153,0,0,0,12,12,2447,865
compact51__paper_roles,2019-11-03 21:00:00,14.2627810011,41.3382337641,0,0,0,12,12,2223,703
compact51__paper_roles,2019-11-03 22:00:00,13.438991744,41.6545124622,0,0,0,12,12,1645,755
compact51__paper_roles,2019-11-03 23:00:00,17.3455567985,57.0545512422,0,0,0,12,12,4645,4140
compact51__paper_roles,2019-11-04 00:00:00,17.2900918059,96.6257707864,0,0,0,12,12,4605,6127
compact51__paper_roles,2019-11-04 01:00:00,15.5268413901,64.0188871588,0,0,0,12,12,3215,4805
compact51__paper_roles,2019-11-04 02:00:00,19.8552589043,62.0332139518,0,0,0,12,12,6281,4667
compact51__paper_roles,2019-11-04 03:00:00,19.2385963448,53.8850891696,0,0,0,12,12,5943,3589
compact51__paper_roles,2019-11-04 04:00:00,18.5121488159,166.356583845,0,0,0,12,12,5460,7233
compact51__paper_roles,2019-11-04 05:00:00,17.1030066673,83.7085110965,0,0,0,12,12,4443,5703
compact51__paper_roles,2019-11-04 06:00:00,17.1768681638,118.579317195,0,0,0,12,12,4499,6586
compact51__paper_roles,2019-11-04 07:00:00,16.6594535864,48.9637166483,0,0,0,12,12,4120,2408
compact51__paper_roles,2019-11-04 08:00:00,12.8727949683,45.3689010803,0,0,0,12,12,1280,1461
compact51__paper_roles,2019-11-04 09:00:00,14.0744157777,108.717381545,0,0,0,12,12,2075,6409
compact51__paper_roles,2019-11-04 10:00:00,12.9294299561,75.6536140853,0,0,0,12,12,1316,5385
compact51__paper_roles,2019-11-04 11:00:00,14.1199638202,232.846742498,0,0,0,12,12,2115,7673
compact51__paper_roles,2019-11-04 12:00:00,15.3885986842,343.308232743,0,0,0,12,12,3116,8043
compact51__paper_roles,2019-11-04 13:00:00,15.5258223088,455.742407214,0,0,0,12,12,3213,8201
compact51__paper_roles,2019-11-04 14:00:00,14.2838933909,214.618266668,0,0,0,12,12,2244,7571
compact51__paper_roles,2019-11-04 15:00:00,12.3920105861,120.402513589,0,0,0,13,13,999,6623
compact51__paper_roles,2019-11-04 16:00:00,13.7509315215,195.947562777,0,0,0,12,12,1849,7457
compact51__paper_roles,2019-11-04 17:00:00,13.4362382289,149.175601163,0,0,0,12,12,1642,7042
compact51__paper_roles,2019-11-04 18:00:00,19.7318382602,618.872447129,0,0,0,12,12,6215,8349
compact51__paper_roles,2019-11-04 19:00:00,20.941452045,306.306480842,0,0,0,12,12,6765,7945
compact51__paper_roles,2019-11-04 20:00:00,18.5435980701,155.808899897,0,0,0,12,12,5483,7124
compact51__paper_roles,2019-11-04 21:00:00,17.7637279445,102.925969788,0,0,0,12,12,4950,6282
compact51__paper_roles,2019-11-04 22:00:00,16.2336625843,78.3859080404,0,0,0,12,12,3801,5488
compact51__paper_roles,2019-11-04 23:00:00,17.9402313607,88.2759464612,0,0,0,12,12,5082,5848
compact51__paper_roles,2019-11-05 00:00:00,16.425690645,99.1051753846,0,0,0,12,12,3936,6182
compact51__paper_roles,2019-11-05 01:00:00,21.8346878599,214.22957452,0,0,0,12,12,7144,7569
compact51__paper_roles,2019-11-05 02:00:00,20.8244606503,299.398771728,0,0,0,12,12,6701,7923
compact51__paper_roles,2019-11-05 03:00:00,16.5447244768,117.817051159,0,0,0,12,12,4034,6572
compact51__paper_roles,2019-11-05 04:00:00,18.9528536209,96.3916159206,0,0,0,12,12,5764,6121
compact51__paper_roles,2019-11-05 05:00:00,17.7357450448,51.232882905,0,0,0,12,12,4926,2978
compact51__paper_roles,2019-11-05 06:00:00,16.9582276983,78.8726110205,0,0,0,12,12,4331,5503
compact51__paper_roles,2019-11-05 07:00:00,17.304884235,150.979354061,0,0,0,12,12,4616,7068
compact51__paper_roles,2019-11-05 08:00:00,14.7622463389,180.289833225,0,0,0,12,12,2623,7348
compact51__paper_roles,2019-11-05 09:00:00,15.0044295317,2331.49717463,1,0,0,12,12,2825,8644
compact51__paper_roles,2019-11-05 10:00:00,14.8950800937,686.542803351,1,0,0,12,12,2730,8390
compact51__paper_roles,2019-11-05 11:00:00,12.9180519604,309.355845219,0,0,0,12,12,1308,7954
compact51__paper_roles,2019-11-05 12:00:00,11.7937422064,75.784692217,0,0,0,12,12,667,5391
compact51__paper_roles,2019-11-05 13:00:00,12.4346379568,75.3248993545,0,0,0,12,12,1031,5369
compact51__paper_roles,2019-11-05 14:00:00,13.0120057419,100.046743432,0,0,0,12,12,1375,6211
compact51__paper_roles,2019-11-05 15:00:00,10.558108195,41.632796674,0,0,0,12,12,245,752
compact51__paper_roles,2019-11-05 16:00:00,12.1163033895,234.731164797,1,0,0,12,12,841,7682
compact51__paper_roles,2019-11-05 17:00:00,16.9336582462,3866.76888193,1,0,0,12,12,4315,8688
compact51__paper_roles,2019-11-05 18:00:00,17.2679877482,189.030823922,0,0,0,12,12,4590,7405
compact51__paper_roles,2019-11-05 19:00:00,17.9954066953,361.731971413,0,0,0,12,12,5130,8091
compact51__paper_roles,2019-11-05 20:00:00,15.6513962938,126.2144351,0,0,0,12,12,3320,6740
compact51__paper_roles,2019-11-05 21:00:00,16.3092157747,103.549503621,0,0,0,12,12,3846,6300
compact51__paper_roles,2019-11-05 22:00:00,15.5451993057,56.9441675051,0,0,0,12,12,3226,4128
compact51__paper_roles,2019-11-05 23:00:00,16.766947313,63.8040522881,0,0,0,12,12,4198,4794
compact51__paper_roles,2019-11-06 00:00:00,16.7508674311,70.9456843177,0,0,0,12,12,4187,5188
compact51__paper_roles,2019-11-06 01:00:00,14.8280223007,55.7854745808,0,0,0,12,12,2672,3945
compact51__paper_roles,2019-11-06 02:00:00,17.385850093,76.9587927532,0,0,0,12,12,4677,5432
compact51__paper_roles,2019-11-06 03:00:00,15.2086347165,69.0429571505,0,0,0,12,12,2985,5102
compact51__paper_roles,2019-11-06 04:00:00,16.3696059134,97.8665761543,0,0,0,12,12,3896,6153
compact51__paper_roles,2019-11-06 05:00:00,29.0744509976,166.65036759,0,0,0,12,12,8457,7236
compact51__paper_roles,2019-11-06 06:00:00,31.1543058076,296.529960297,1,0,0,12,12,8567,7920
compact51__paper_roles,2019-11-06 07:00:00,35.9826414945,92.5478365675,0,0,0,12,12,8696,5995
compact51__paper_roles,2019-11-06 08:00:00,35.8698325694,146.340636235,1,0,0,12,12,8694,7016
compact51__paper_roles,2019-11-06 09:00:00,25.2689852682,759.496447498,1,0,0,12,12,8012,8422
compact51__paper_roles,2019-11-06 10:00:00,21.8594287195,730.65551135,1,0,0,12,12,7156,8410
compact51__paper_roles,2019-11-06 11:00:00,19.7827016003,673.349815296,1,0,0,12,12,6241,8381
compact51__paper_roles,2019-11-06 12:00:00,20.8396452719,5240.88755193,0,0,0,10,10,6711,8713
compact51__paper_roles,2019-11-06 13:00:00,21.6804806249,509.362119614,1,0,0,12,12,7085,8261
compact51__paper_roles,2019-11-06 14:00:00,20.1580446521,850.069532317,1,0,0,12,12,6421,8451
compact51__paper_roles,2019-11-06 15:00:00,16.0465286118,215.378195388,0,0,0,12,12,3644,7576
compact51__paper_roles,2019-11-06 16:00:00,21.3532347272,92.0349205481,0,0,0,11,11,6944,5975
compact51__paper_roles,2019-11-06 17:00:00,33.346379191,771.313710283,1,0,0,12,12,8645,8429
compact51__paper_roles,2019-11-06 18:00:00,38.9980832851,319.872748862,0,0,0,12,12,8725,7983
compact51__paper_roles,2019-11-06 19:00:00,33.4285185087,454.237338925,0,0,0,12,12,8648,8198
compact51__paper_roles,2019-11-06 20:00:00,24.8577173958,104.274484748,0,0,0,12,12,7917,6322
compact51__paper_roles,2019-11-06 21:00:00,22.8990747481,74.0846102886,0,0,0,12,12,7469,5317
compact51__paper_roles,2019-11-06 22:00:00,22.624663268,166.939877007,0,0,0,12,12,7397,7240
compact51__paper_roles,2019-11-06 23:00:00,24.2655573375,661.043047676,1,0,0,12,12,7804,8373
compact51__paper_roles,2019-11-07 00:00:00,26.1540496467,241.63636007,0,0,0,12,12,8158,7717
compact51__paper_roles,2019-11-07 01:00:00,29.990882162,117.125103475,1,0,0,12,12,8517,6555
compact51__paper_roles,2019-11-07 02:00:00,32.7009037541,121.442157137,1,0,0,12,12,8625,6651
compact51__paper_roles,2019-11-07 03:00:00,31.6787500177,464.190368179,1,0,0,12,12,8587,8209
compact51__paper_roles,2019-11-07 04:00:00,29.6162805692,142.336668908,0,0,0,12,12,8490,6961
compact51__paper_roles,2019-11-07 05:00:00,24.4516783848,71.0375136901,0,0,0,12,12,7843,5190
compact51__paper_roles,2019-11-07 06:00:00,35.234287078,473.876727466,1,0,0,12,12,8688,8219
compact51__paper_roles,2019-11-07 07:00:00,37.9970648912,1172.73722715,0,0,0,12,12,8718,8529
compact51__paper_roles,2019-11-07 08:00:00,37.0345971585,1855.83101353,0,0,0,12,12,8710,8607
compact51__paper_roles,2019-11-07 09:00:00,30.9546412031,1315.74373529,0,0,0,12,12,8561,8547
compact51__paper_roles,2019-11-07 10:00:00,32.7523045464,400.026927083,1,0,0,12,12,8627,8140
compact51__paper_roles,2019-11-07 11:00:00,33.3461348458,538.049544808,1,0,0,12,12,8644,8290
compact51__paper_roles,2019-11-07 12:00:00,30.2383452054,2114.23709544,1,0,0,13,13,8529,8624
compact51__paper_roles,2019-11-07 13:00:00,29.9587059265,1377.29400251,1,0,0,12,12,8515,8556
compact51__paper_roles,2019-11-07 14:00:00,26.624660806,216.983577157,0,0,0,12,12,8234,7588
compact51__paper_roles,2019-11-07 15:00:00,22.109417541,103.678064964,0,0,0,12,12,7226,6307
compact51__paper_roles,2019-11-07 16:00:00,26.6952008677,110.366113077,0,0,0,12,12,8245,6440
compact51__paper_roles,2019-11-07 17:00:00,28.0689671099,112.46199336,0,0,0,12,12,8394,6484
compact51__paper_roles,2019-11-07 18:00:00,36.968478905,286.73419792,1,0,0,12,12,8709,7893
compact51__paper_roles,2019-11-07 19:00:00,32.4632572107,1868.90637719,1,0,0,12,12,8615,8609
compact51__paper_roles,2019-11-07 20:00:00,26.1266728863,258.168299191,0,0,0,12,12,8155,7791
compact51__paper_roles,2019-11-07 21:00:00,19.4943072599,93.4332424771,0,0,0,12,12,6087,6021
compact51__paper_roles,2019-11-07 22:00:00,24.3822440721,198.918426036,0,0,0,12,12,7830,7478
compact51__paper_roles,2019-11-07 23:00:00,23.6928111055,155.319049059,0,0,0,12,12,7674,7119
compact51__paper_roles,2019-11-08 00:00:00,29.8660247042,284.195192702,1,0,0,12,12,8506,7880
compact51__paper_roles,2019-11-08 01:00:00,36.6247141905,105.98572459,1,0,0,12,12,8704,6358
compact51__paper_roles,2019-11-08 02:00:00,33.2666732938,105.053564655,1,0,0,12,12,8641,6336
compact51__paper_roles,2019-11-08 03:00:00,36.6556762981,176.410799082,1,0,0,12,12,8705,7323
compact51__paper_roles,2019-11-08 04:00:00,36.4135307781,88.8298743348,0,0,0,12,12,8702,5868
compact51__paper_roles,2019-11-08 05:00:00,35.4883929318,77.3722518629,0,0,0,12,12,8691,5449
compact51__paper_roles,2019-11-08 06:00:00,33.093353971,410.319269452,1,0,0,12,12,8636,8149
compact51__paper_roles,2019-11-08 07:00:00,39.569637908,301.786774742,0,0,0,12,12,8729,7930
compact51__paper_roles,2019-11-08 08:00:00,31.7225489217,119.180695483,0,0,0,12,12,8590,6597
compact51__paper_roles,2019-11-08 09:00:00,17.0563910765,90.7091956526,0,0,0,12,12,4408,5927
compact51__paper_roles,2019-11-08 10:00:00,19.8155023382,105.576136144,0,0,0,12,12,6260,6350
compact51__paper_roles,2019-11-08 11:00:00,19.3926055371,115.216216772,0,0,0,12,12,6038,6533
compact51__paper_roles,2019-11-08 12:00:00,15.9792518678,88.4919448103,0,0,0,12,12,3593,5857
compact51__paper_roles,2019-11-08 13:00:00,15.8646146547,85.5328304187,0,0,0,12,12,3507,5773
compact51__paper_roles,2019-11-08 14:00:00,18.0824015488,254.363894704,1,0,0,12,12,5174,7775
compact51__paper_roles,2019-11-08 15:00:00,18.5248262746,1110.09839086,0,0,0,12,12,5467,8520
compact51__paper_roles,2019-11-08 16:00:00,23.6995976077,2568.84971771,0,0,0,12,12,7676,8652
compact51__paper_roles,2019-11-08 17:00:00,32.1444471211,1675.83862091,1,0,0,12,12,8606,8585
compact51__paper_roles,2019-11-08 18:00:00,27.164251516,1072.6730812,1,0,0,12,12,8309,8509
compact51__paper_roles,2019-11-08 19:00:00,31.8654879559,1908.28068749,1,0,0,12,12,8595,8611
compact51__paper_roles,2019-11-08 20:00:00,25.9188876591,5498.9903064,1,0,0,12,12,8118,8716
compact51__paper_roles,2019-11-08 21:00:00,20.8851726364,88.2201512895,0,0,0,12,12,6734,5844
compact51__paper_roles,2019-11-08 22:00:00,24.9406503636,314.78054448,0,0,0,12,12,7945,7965
compact51__paper_roles,2019-11-08 23:00:00,25.0010597434,282.243289015,0,0,0,12,12,7953,7873
compact51__paper_roles,2019-11-09 00:00:00,37.5968660541,624.794253736,0,0,0,12,12,8714,8353
compact51__paper_roles,2019-11-09 01:00:00,31.6571005458,81.6934014267,0,0,0,12,12,8583,5626
compact51__paper_roles,2019-11-09 02:00:00,34.6778242184,1958.61007238,0,0,0,12,12,8682,8614
compact51__paper_roles,2019-11-09 03:00:00,33.7688769023,107.968346388,1,0,0,12,12,8659,6393
compact51__paper_roles,2019-11-09 04:00:00,31.6595382638,81.0020274688,0,0,0,12,12,8585,5598
compact51__paper_roles,2019-11-09 05:00:00,37.3285823664,92.0255565787,0,0,0,12,12,8711,5973
compact51__paper_roles,2019-11-09 06:00:00,33.9190143466,108.222947095,0,0,0,12,12,8662,6396
compact51__paper_roles,2019-11-09 07:00:00,32.5901301362,561.9297067,1,0,0,12,12,8618,8305
compact51__paper_roles,2019-11-09 08:00:00,27.6901622475,359.979742999,1,0,0,12,12,8356,8084
compact51__paper_roles,2019-11-09 09:00:00,23.6520857491,145.613303837,0,0,0,12,12,7663,7002
compact51__paper_roles,2019-11-09 10:00:00,24.6263365747,191.656866304,0,0,0,12,12,7878,7425
compact51__paper_roles,2019-11-09 11:00:00,26.24825645,2902.21156661,0,0,0,12,12,8174,8663
compact51__paper_roles,2019-11-09 12:00:00,24.6724458912,224.777386062,0,0,0,12,12,7883,7630
compact51__paper_roles,2019-11-09 13:00:00,27.1404594818,296.441667027,0,0,0,12,12,8303,7919
compact51__paper_roles,2019-11-09 14:00:00,29.500724124,733.441736561,1,0,0,12,12,8477,8411
compact51__paper_roles,2019-11-09 15:00:00,27.438787921,740.267199404,0,0,0,12,12,8335,8412
compact51__paper_roles,2019-11-09 16:00:00,29.3339189235,199.636858528,1,0,0,12,12,8471,7483
compact51__paper_roles,2019-11-09 17:00:00,27.6206598133,92.3020890659,0,0,0,12,12,8351,5988
compact51__paper_roles,2019-11-09 18:00:00,30.1064214701,98.9630365165,0,0,0,12,12,8524,6175
compact51__paper_roles,2019-11-09 19:00:00,32.3741575398,99.8847215242,0,0,0,13,12,8612,6208
compact51__paper_roles,2019-11-09 20:00:00,26.447730748,82.2811842604,0,0,0,12,12,8209,5641
compact51__paper_roles,2019-11-09 21:00:00,21.7154300066,88.4648660575,0,0,0,12,12,7095,5856
compact51__paper_roles,2019-11-09 22:00:00,22.2753569548,152.973255592,1,0,0,12,12,7282,7088
compact51__paper_roles,2019-11-09 23:00:00,22.2748101882,91.6226241329,0,0,0,12,12,7281,5957
compact51__paper_roles,2019-11-10 00:00:00,28.7348062147,91.2286589749,0,0,0,12,12,8431,5942
compact51__paper_roles,2019-11-10 01:00:00,24.2457559804,81.5094080131,0,0,0,12,12,7799,5623
compact51__paper_roles,2019-11-10 02:00:00,26.929451721,258.521131052,1,0,0,12,12,8276,7793
compact51__paper_roles,2019-11-10 03:00:00,25.2663000077,92.3611037369,0,0,0,12,12,8011,5989
compact51__paper_roles,2019-11-10 04:00:00,26.6470491565,227.872411809,0,0,0,12,12,8239,7647
compact51__paper_roles,2019-11-10 05:00:00,24.032263528,280.334759916,0,0,0,12,12,7750,7865
compact51__paper_roles,2019-11-10 06:00:00,23.5110763502,71.7322328225,0,0,0,12,12,7627,5216
compact51__paper_roles,2019-11-10 07:00:00,21.2157863526,69.873300096,0,0,0,12,12,6886,5138
compact51__paper_roles,2019-11-10 08:00:00,22.6002847273,137.848174518,1,0,0,12,12,7389,6906
compact51__paper_roles,2019-11-10 09:00:00,24.7942982572,280.5102574,1,0,0,12,12,7905,7867
compact51__paper_roles,2019-11-10 10:00:00,29.9161813894,284.915725549,1,0,0,12,12,8511,7885
compact51__paper_roles,2019-11-10 11:00:00,31.7162344582,211.167266838,1,0,0,12,12,8589,7556
compact51__paper_roles,2019-11-10 12:00:00,26.6676004609,513.806731496,1,0,0,12,12,8241,8267
compact51__paper_roles,2019-11-10 13:00:00,22.6620897747,307.037634865,1,0,0,12,12,7409,7949
compact51__paper_roles,2019-11-10 14:00:00,25.4795100305,530.069623987,1,0,0,12,12,8049,8285
compact51__paper_roles,2019-11-10 15:00:00,25.7391090668,344.280641936,1,0,0,12,12,8085,8048
compact51__paper_roles,2019-11-10 16:00:00,23.4841796053,460.909116429,0,0,0,12,12,7621,8205
compact51__paper_roles,2019-11-10 17:00:00,24.3990202729,83.3716592986,0,0,0,12,12,7834,5681
compact51__paper_roles,2019-11-10 18:00:00,22.1875569889,83.9024976079,0,0,0,12,12,7249,5711
compact51__paper_roles,2019-11-10 19:00:00,19.9360212014,76.2228731102,0,0,0,12,12,6319,5411
compact51__paper_roles,2019-11-10 20:00:00,17.0054578004,86.3250831056,0,0,0,12,12,4370,5799
compact51__paper_roles,2019-11-10 21:00:00,19.8220124835,120.428272408,0,0,0,12,12,6264,6625
compact51__paper_roles,2019-11-10 22:00:00,20.704134764,103.118501145,0,0,0,12,12,6649,6291
compact51__paper_roles,2019-11-10 23:00:00,26.2530507306,103.797552485,0,0,0,12,12,8176,6310
compact51__paper_roles,2019-11-11 00:00:00,37.8753776319,360.92458018,0,0,0,12,12,8717,8088
compact51__paper_roles,2019-11-11 01:00:00,43.5455871846,451.351043967,0,0,0,12,12,8750,8195
compact51__paper_roles,2019-11-11 02:00:00,45.037808768,360.116031975,0,0,0,12,12,8752,8085
compact51__paper_roles,2019-11-11 03:00:00,41.6845528639,128.097849785,0,0,0,12,12,8743,6772
compact51__paper_roles,2019-11-11 04:00:00,34.8769858143,118.056398603,0,0,0,12,12,8685,6578
compact51__paper_roles,2019-11-11 05:00:00,26.2620538619,80.5527937887,0,0,0,12,12,8180,5575
compact51__paper_roles,2019-11-11 06:00:00,25.3523631778,624.609632125,0,0,0,12,12,8031,8352
compact51__paper_roles,2019-11-11 07:00:00,22.9868779229,1207.59262552,0,0,0,11,11,7490,8537
compact51__paper_roles,2019-11-11 08:00:00,23.8650636813,330.644333372,0,0,0,12,12,7726,8007
compact51__paper_roles,2019-11-11 09:00:00,21.0397207777,5548.09279589,1,0,0,12,12,6805,8718
compact51__paper_roles,2019-11-11 10:00:00,22.4738395892,3942.53451874,0,0,0,12,12,7349,8692
compact51__paper_roles,2019-11-11 11:00:00,22.4045783237,217.536142437,1,0,0,12,12,7330,7593
compact51__paper_roles,2019-11-11 12:00:00,27.6200675351,228.912866849,1,0,0,12,12,8350,7654
compact51__paper_roles,2019-11-11 13:00:00,25.5175362226,115.533110169,1,0,0,12,12,8053,6539
compact51__paper_roles,2019-11-11 14:00:00,27.145031172,107.613619019,0,0,0,12,12,8305,6387
compact51__paper_roles,2019-11-11 15:00:00,23.2500226946,100.52246122,0,0,0,12,12,7568,6222
compact51__paper_roles,2019-11-11 16:00:00,20.026491547,103.820601278,0,0,0,12,12,6364,6311
compact51__paper_roles,2019-11-11 17:00:00,23.630544866,106.21400035,0,0,0,12,12,7656,6361
compact51__paper_roles,2019-11-11 18:00:00,21.838163555,107.262505928,0,0,0,12,12,7145,6381
compact51__paper_roles,2019-11-11 19:00:00,21.5903826369,97.6810636269,0,0,0,12,12,7050,6149
compact51__paper_roles,2019-11-11 20:00:00,22.8716569821,96.8384343729,0,0,0,12,12,7462,6132
compact51__paper_roles,2019-11-11 21:00:00,23.0889338427,127.833702002,0,0,0,12,12,7520,6769
compact51__paper_roles,2019-11-11 22:00:00,25.7544262787,199.952763409,1,0,0,12,12,8091,7488
compact51__paper_roles,2019-11-11 23:00:00,22.467216284,223.117959413,1,0,0,12,12,7345,7618
compact51__paper_roles,2019-11-12 00:00:00,31.9512295397,87.0506889972,0,0,0,12,12,8597,5812
compact51__paper_roles,2019-11-12 01:00:00,38.3129945975,231.02672421,0,0,0,12,12,8721,7664
compact51__paper_roles,2019-11-12 02:00:00,36.3517794373,225.578662208,0,0,0,12,12,8700,7635
compact51__paper_roles,2019-11-12 03:00:00,40.6841246691,245.633905561,0,0,0,12,12,8738,7739
compact51__paper_roles,2019-11-12 04:00:00,31.9678513291,105.850350175,0,0,0,12,12,8598,6356
compact51__paper_roles,2019-11-12 05:00:00,25.7869324229,77.5633025926,0,0,0,12,12,8097,5456
compact51__paper_roles,2019-11-12 06:00:00,32.0394048615,157.383080798,1,0,0,12,12,8602,7140
compact51__paper_roles,2019-11-12 07:00:00,28.1083955892,261.693292165,1,0,0,12,12,8401,7803
compact51__paper_roles,2019-11-12 08:00:00,24.7964600706,92.5402062327,0,0,0,12,12,7906,5994
compact51__paper_roles,2019-11-12 09:00:00,19.2090890107,87.630480357,0,0,0,12,12,5929,5826
compact51__paper_roles,2019-11-12 10:00:00,23.1639144937,134.270711004,1,0,0,13,12,7544,6860
compact51__paper_roles,2019-11-12 11:00:00,21.8125828283,125.635241437,1,0,0,12,12,7133,6726
compact51__paper_roles,2019-11-12 12:00:00,24.4097177355,303.883631376,1,0,0,12,12,7837,7935
compact51__paper_roles,2019-11-12 13:00:00,25.2722314184,2871.10368708,1,0,0,12,12,8015,8662
compact51__paper_roles,2019-11-12 14:00:00,17.9428128645,234.786742157,0,0,0,12,12,5083,7683
compact51__paper_roles,2019-11-12 15:00:00,21.2413434912,306.015460582,1,0,0,12,12,6895,7944
compact51__paper_roles,2019-11-12 16:00:00,18.8206168141,80.5455870514,0,0,0,12,12,5676,5574
compact51__paper_roles,2019-11-12 17:00:00,21.0115047519,337.636345446,1,0,0,12,12,6798,8026
compact51__paper_roles,2019-11-12 18:00:00,29.0644446086,171.416357295,1,0,0,12,12,8454,7282
compact51__paper_roles,2019-11-12 19:00:00,27.0462221649,138.830344406,1,0,0,12,12,8289,6917
compact51__paper_roles,2019-11-12 20:00:00,24.3443833102,175.661210382,1,0,0,12,12,7817,7316
compact51__paper_roles,2019-11-12 21:00:00,23.9906261843,308.275782664,1,0,0,13,13,7743,7953
compact51__paper_roles,2019-11-12 22:00:00,25.1033904822,271.478096093,0,0,0,12,12,7973,7828
compact51__paper_roles,2019-11-12 23:00:00,30.3992175142,248.610439789,1,0,0,13,13,8535,7758
compact51__paper_roles,2019-11-13 00:00:00,22.9721301197,66.4715703332,0,0,0,14,14,7487,4976
compact51__paper_roles,2019-11-13 01:00:00,29.6924054171,74.9760165896,0,0,0,10,10,8494,5353
compact51__paper_roles,2019-11-13 02:00:00,34.5039149225,347.98716955,1,0,0,12,12,8676,8058
compact51__paper_roles,2019-11-13 03:00:00,29.5506583746,159.716219715,1,0,0,12,12,8479,7168
compact51__paper_roles,2019-11-13 04:00:00,25.7462917721,119.173543149,1,0,0,12,12,8089,6596
compact51__paper_roles,2019-11-13 05:00:00,24.3982205127,101.486221477,0,0,0,12,12,7833,6249
compact51__paper_roles,2019-11-13 06:00:00,23.0298639745,235.762732209,1,0,0,12,12,7505,7692
compact51__paper_roles,2019-11-13 07:00:00,35.2651358834,202.385498746,1,0,0,12,12,8689,7506
compact51__paper_roles,2019-11-13 08:00:00,28.5490110935,329.520296656,1,0,0,12,12,8426,8003
compact51__paper_roles,2019-11-13 09:00:00,28.1830131577,569.096694455,1,0,0,12,12,8408,8313
compact51__paper_roles,2019-11-13 10:00:00,19.0761521745,26619.8013957,1,0,0,12,12,5853,8748
compact51__paper_roles,2019-11-13 11:00:00,16.6934440767,403.433743393,0,0,0,12,12,4143,8141
compact51__paper_roles,2019-11-13 12:00:00,15.4779479737,341.455064446,1,0,0,12,12,3168,8036
compact51__paper_roles,2019-11-13 13:00:00,14.594681881,856.938223325,1,0,0,12,12,2491,8454
compact51__paper_roles,2019-11-13 14:00:00,16.4041338033,93.6684722721,0,0,0,10,10,3914,6031
compact51__paper_roles,2019-11-13 15:00:00,16.8281018205,199.092297792,1,0,0,11,11,4243,7479
compact51__paper_roles,2019-11-13 16:00:00,18.1386502519,103.13976039,0,0,0,12,12,5223,6292
compact51__paper_roles,2019-11-13 17:00:00,24.2260507526,164.34016507,0,0,0,12,12,7793,7218
compact51__paper_roles,2019-11-13 18:00:00,26.917518101,111.245268796,0,0,0,12,12,8273,6456
compact51__paper_roles,2019-11-13 19:00:00,23.4377736675,105.129083348,0,0,0,12,12,7614,6338
compact51__paper_roles,2019-11-13 20:00:00,19.0007440103,84.0191237648,0,0,0,12,12,5795,5714
compact51__paper_roles,2019-11-13 21:00:00,15.4309250457,59.0344641909,0,0,0,12,12,3142,4375
compact51__paper_roles,2019-11-13 22:00:00,14.3880191019,45.0610493218,0,0,0,13,13,2329,1384
compact51__paper_roles,2019-11-13 23:00:00,15.8827857078,40.3604358519,0,0,0,12,12,3523,554
compact51__paper_roles,2019-11-14 00:00:00,18.3797506845,98.932954696,0,0,0,12,12,5379,6174
compact51__paper_roles,2019-11-14 01:00:00,17.2125156569,71.2900321266,0,0,0,12,12,4540,5199
compact51__paper_roles,2019-11-14 02:00:00,17.4152271595,96.9000565223,0,0,0,12,12,4694,6133
compact51__paper_roles,2019-11-14 03:00:00,17.1427130657,92.158357283,0,0,0,12,12,4468,5981
compact51__paper_roles,2019-11-14 04:00:00,17.9666596757,133.287959776,0,0,0,12,12,5108,6845
compact51__paper_roles,2019-11-14 05:00:00,21.6241490644,152.428838958,0,0,0,12,12,7066,7081
compact51__paper_roles,2019-11-14 06:00:00,15.5016704413,50.9301875573,0,0,0,12,12,3192,2914
compact51__paper_roles,2019-11-14 07:00:00,14.5467354462,54.5328065276,0,0,0,12,12,2449,3706
compact51__paper_roles,2019-11-14 08:00:00,14.7205573378,67.0569568702,0,0,0,12,12,2589,5007
compact51__paper_roles,2019-11-14 09:00:00,14.8221120622,54.513590716,0,0,0,12,12,2667,3703
compact51__paper_roles,2019-11-14 10:00:00,16.6304498001,144.380091577,0,0,0,12,12,4098,6989
compact51__paper_roles,2019-11-14 11:00:00,14.2679922744,313.924522264,0,0,0,12,11,2225,7962
compact51__paper_roles,2019-11-14 12:00:00,15.9842077889,56.937179716,0,0,0,12,12,3595,4127
compact51__paper_roles,2019-11-14 13:00:00,20.4577249987,69.5086858095,0,0,0,12,12,6563,5121
compact51__paper_roles,2019-11-14 14:00:00,17.6538443047,66.3079289321,0,0,0,12,12,4869,4968
compact51__paper_roles,2019-11-14 15:00:00,15.1025277712,63.6283890695,0,0,0,11,11,2895,4780
compact51__paper_roles,2019-11-14 16:00:00,13.9816375024,60.1176615926,0,0,0,11,10,2013,4502
compact51__paper_roles,2019-11-14 17:00:00,13.8164628852,60.7026944283,0,0,0,12,12,1899,4549
compact51__paper_roles,2019-11-14 18:00:00,16.1408847498,100.754949237,0,0,0,12,12,3718,6230
compact51__paper_roles,2019-11-14 19:00:00,16.0244380444,96.0380516632,0,0,0,12,12,3631,6110
compact51__paper_roles,2019-11-14 20:00:00,15.7004006797,91.4306168165,0,0,0,12,12,3369,5949
compact51__paper_roles,2019-11-14 21:00:00,16.797382668,142.002074634,0,0,0,12,12,4221,6957
compact51__paper_roles,2019-11-14 22:00:00,17.8691394551,122.270340239,0,0,0,12,12,5019,6666
compact51__paper_roles,2019-11-14 23:00:00,18.6939706161,112.41946196,0,0,0,12,12,5599,6481
compact51__paper_roles,2019-11-15 00:00:00,17.2632142009,63.0823522821,0,0,0,12,12,4586,4741
compact51__paper_roles,2019-11-15 01:00:00,14.3000026354,40.5191037726,0,0,0,12,12,2265,583
compact51__paper_roles,2019-11-15 02:00:00,13.5985043681,41.0305329357,0,0,0,12,12,1745,655
compact51__paper_roles,2019-11-15 03:00:00,15.0406298841,65.7503093313,0,0,0,12,12,2853,4936
compact51__paper_roles,2019-11-15 04:00:00,15.4420288113,60.7554781857,0,0,0,12,12,3145,4555
compact51__paper_roles,2019-11-15 05:00:00,17.6056846665,94.673028138,0,0,0,12,12,4834,6066
compact51__paper_roles,2019-11-15 06:00:00,18.5301939061,301.843153039,0,0,0,12,12,5472,7931
compact51__paper_roles,2019-11-15 07:00:00,20.6919126513,932.66519577,0,0,0,12,12,6639,8477
compact51__paper_roles,2019-11-15 08:00:00,19.9493399159,2141.30480119,0,0,0,12,12,6324,8629
compact51__paper_roles,2019-11-15 09:00:00,18.3284149574,361.180456156,0,0,0,12,12,5336,8089
compact51__paper_roles,2019-11-15 10:00:00,14.2483157431,896.950930951,1,0,0,13,12,2211,8467
compact51__paper_roles,2019-11-15 11:00:00,16.2343051314,156.829433026,1,0,0,12,12,3802,7133
compact51__paper_roles,2019-11-15 12:00:00,17.4427099803,193.629835167,1,0,0,12,12,4718,7440
compact51__paper_roles,2019-11-15 13:00:00,16.9309181485,194.952334911,1,0,0,12,12,4313,7448
compact51__paper_roles,2019-11-15 14:00:00,14.797158421,319.918792038,1,0,0,12,12,2649,7984
compact51__paper_roles,2019-11-15 15:00:00,14.5647817882,486.641029246,1,0,0,12,12,2465,8235
compact51__paper_roles,2019-11-15 16:00:00,15.7680189673,6621.46357779,0,0,0,12,12,3421,8726
compact51__paper_roles,2019-11-15 17:00:00,19.3367030659,1028.93542553,0,0,0,12,12,6001,8501
compact51__paper_roles,2019-11-15 18:00:00,18.8111314902,329.998378968,1,0,0,12,12,5672,8004
compact51__paper_roles,2019-11-15 19:00:00,17.0606334687,386.061178316,1,0,0,12,12,4416,8119
compact51__paper_roles,2019-11-15 20:00:00,18.1127016898,245.553800843,1,0,0,12,12,5204,7736
compact51__paper_roles,2019-11-15 21:00:00,17.9957111523,173.773270332,1,0,0,12,12,5131,7303
compact51__paper_roles,2019-11-15 22:00:00,16.6330553775,2048.4681751,1,0,0,12,12,4101,8619
compact51__paper_roles,2019-11-15 23:00:00,23.7673837075,661.55446299,0,0,0,12,12,7701,8374
compact51__paper_roles,2019-11-16 00:00:00,22.1208765248,241.65404118,1,0,0,12,12,7230,7718
compact51__paper_roles,2019-11-16 01:00:00,20.0181083575,1545.75590637,1,0,0,12,12,6357,8576
compact51__paper_roles,2019-11-16 02:00:00,20.5652750008,4171.75851622,0,0,0,12,12,6593,8697
compact51__paper_roles,2019-11-16 03:00:00,20.9368425404,692.454643197,0,0,0,12,12,6762,8396
compact51__paper_roles,2019-11-16 04:00:00,20.1885274385,532.915388685,1,0,0,12,12,6427,8286
compact51__paper_roles,2019-11-16 05:00:00,18.9240237992,761.673020043,0,0,0,12,12,5741,8423
compact51__paper_roles,2019-11-16 06:00:00,16.4477579125,193.961903151,0,0,0,12,12,3965,7442
compact51__paper_roles,2019-11-16 07:00:00,14.6637319722,222.523014367,0,0,0,12,12,2545,7614
compact51__paper_roles,2019-11-16 08:00:00,14.440264971,102.694352755,1,0,0,12,12,2366,6278
compact51__paper_roles,2019-11-16 09:00:00,15.2615966447,204.635948257,0,0,0,12,12,3032,7519
compact51__paper_roles,2019-11-16 10:00:00,20.3093373177,1106.85107427,0,0,0,13,12,6485,8518
compact51__paper_roles,2019-11-16 11:00:00,17.740104068,974.491080854,0,0,0,12,12,4931,8490
compact51__paper_roles,2019-11-16 12:00:00,17.3122153636,252.921751874,1,0,0,12,12,4621,7770
compact51__paper_roles,2019-11-16 13:00:00,15.6940911847,248.524778365,1,0,0,12,12,3359,7757
compact51__paper_roles,2019-11-16 14:00:00,14.7811239844,2305.67259928,1,0,0,12,12,2641,8641
compact51__paper_roles,2019-11-16 15:00:00,15.2608526687,112.752156395,1,0,0,12,12,3031,6489
compact51__paper_roles,2019-11-16 16:00:00,14.975471366,56.2953483408,0,0,0,12,12,2798,4023
compact51__paper_roles,2019-11-16 17:00:00,18.8297500409,58.7804009627,0,0,0,12,12,5683,4342
compact51__paper_roles,2019-11-16 18:00:00,17.5843213205,55.8668508745,0,0,0,12,12,4814,3957
compact51__paper_roles,2019-11-16 19:00:00,16.4848978974,53.3513943346,0,0,0,12,12,3996,3495
compact51__paper_roles,2019-11-16 20:00:00,18.5296868343,70.1099664095,0,0,0,12,12,5470,5146
compact51__paper_roles,2019-11-16 21:00:00,17.0451982125,80.3932079319,0,0,0,12,12,4405,5564
compact51__paper_roles,2019-11-16 22:00:00,18.1207443594,110.299935579,0,0,0,12,12,5215,6437
compact51__paper_roles,2019-11-16 23:00:00,19.4372926611,82.9266089415,0,0,0,12,12,6054,5665
compact51__paper_roles,2019-11-17 00:00:00,22.7180556049,68.7101326183,0,0,0,12,12,7425,5088
compact51__paper_roles,2019-11-17 01:00:00,20.2239953474,84.4683486816,0,0,0,12,12,6444,5729
compact51__paper_roles,2019-11-17 02:00:00,18.3871946899,126.700251362,0,0,0,12,12,5384,6750
compact51__paper_roles,2019-11-17 03:00:00,17.8797598572,122.798872864,0,0,0,12,12,5030,6678
compact51__paper_roles,2019-11-17 04:00:00,18.5322323197,125.195663833,0,0,0,12,12,5473,6717
compact51__paper_roles,2019-11-17 05:00:00,17.2414020412,47.858975392,0,0,0,12,12,4565,2103
compact51__paper_roles,2019-11-17 06:00:00,14.5903785571,38.2560495405,0,0,0,12,12,2488,328
compact51__paper_roles,2019-11-17 07:00:00,15.7081945341,42.2943193349,0,0,0,12,12,3372,856
compact51__paper_roles,2019-11-17 08:00:00,16.5217020149,47.909742565,0,0,0,12,12,4020,2112
compact51__paper_roles,2019-11-17 09:00:00,18.2901255563,69.31549398,0,0,0,12,12,5314,5110
compact51__paper_roles,2019-11-17 10:00:00,19.6451902984,134.195068561,0,0,0,12,12,6173,6858
compact51__paper_roles,2019-11-17 11:00:00,18.061393794,120.6304772,0,0,0,12,12,5161,6631
compact51__paper_roles,2019-11-17 12:00:00,16.8465865729,112.790401245,0,0,0,12,12,4261,6491
compact51__paper_roles,2019-11-17 13:00:00,15.7701831764,85.3874199619,0,0,0,12,12,3422,5768
compact51__paper_roles,2019-11-17 14:00:00,17.1086467915,74.1059617164,0,0,0,12,12,4446,5318
compact51__paper_roles,2019-11-17 15:00:00,16.0878010056,53.3666952237,0,0,0,12,12,3673,3498
compact51__paper_roles,2019-11-17 16:00:00,16.3873435756,53.2507142235,0,0,0,12,12,3905,3473
compact51__paper_roles,2019-11-17 17:00:00,20.7316134271,74.2090469853,0,0,0,12,12,6660,5321
compact51__paper_roles,2019-11-17 18:00:00,18.8280199694,51.8138867095,0,0,0,12,12,5681,3129
compact51__paper_roles,2019-11-17 19:00:00,18.3256193325,66.6465333849,0,0,0,12,12,5334,4984
compact51__paper_roles,2019-11-17 20:00:00,18.6726205294,116.325865503,0,0,0,12,12,5579,6547
compact51__paper_roles,2019-11-17 21:00:00,19.2196670179,176.899694802,0,0,0,12,12,5932,7330
compact51__paper_roles,2019-11-17 22:00:00,16.1992582774,126.887652638,0,0,0,12,12,3771,6757
compact51__paper_roles,2019-11-17 23:00:00,16.6743560402,59.811465533,0,0,0,12,12,4132,4468
compact51__paper_roles,2019-11-18 00:00:00,21.4190042022,154.963173121,0,0,0,12,12,6974,7116
compact51__paper_roles,2019-11-18 01:00:00,18.900844706,126.810285719,0,0,0,12,12,5726,6754
compact51__paper_roles,2019-11-18 02:00:00,15.0642434137,51.6421901272,0,0,0,12,12,2869,3076
compact51__paper_roles,2019-11-18 03:00:00,17.1750666889,67.6126324984,0,0,0,12,12,4497,5039
compact51__paper_roles,2019-11-18 04:00:00,16.2077294743,47.1899554094,0,0,0,12,12,3777,1926
compact51__paper_roles,2019-11-18 05:00:00,20.8689821071,208.614518795,0,0,0,12,12,6727,7542
compact51__paper_roles,2019-11-18 06:00:00,20.2669049653,612.700351748,1,0,0,12,12,6470,8345
compact51__paper_roles,2019-11-18 07:00:00,18.989336415,48.0021424893,0,0,0,12,12,5788,2144
compact51__paper_roles,2019-11-18 08:00:00,20.484058183,97.940139516,0,0,0,13,13,6571,6156
compact51__paper_roles,2019-11-18 09:00:00,15.860824094,77.6365293746,0,0,0,12,12,3503,5460
compact51__paper_roles,2019-11-18 10:00:00,16.3235334623,60.9465301158,0,0,0,12,12,3860,4572
compact51__paper_roles,2019-11-18 11:00:00,14.183316767,408.572449643,1,0,0,12,12,2163,8145
compact51__paper_roles,2019-11-18 12:00:00,14.610556288,124.11116927,0,0,0,12,12,2502,6705
compact51__paper_roles,2019-11-18 13:00:00,17.0424693318,150.954186539,0,0,0,12,12,4404,7067
compact51__paper_roles,2019-11-18 14:00:00,16.178024712,132.511598752,0,0,0,12,12,3752,6838
compact51__paper_roles,2019-11-18 15:00:00,14.6166881648,52.8138404294,0,0,0,12,12,2511,3354
compact51__paper_roles,2019-11-18 16:00:00,16.2303629817,90.7606423506,0,0,0,12,12,3799,5928
compact51__paper_roles,2019-11-18 17:00:00,26.1126857788,63.4632296818,0,0,0,12,12,8154,4770
compact51__paper_roles,2019-11-18 18:00:00,30.2093690153,120.530369922,1,0,0,12,12,8527,6626
compact51__paper_roles,2019-11-18 19:00:00,34.453061777,162.788673782,1,0,0,12,12,8675,7198
compact51__paper_roles,2019-11-18 20:00:00,26.0433991794,326.365834622,1,0,0,12,12,8146,7998
compact51__paper_roles,2019-11-18 21:00:00,17.6607453747,66.6184641482,0,0,0,12,12,4874,4983
compact51__paper_roles,2019-11-18 22:00:00,18.2035540365,296.271404966,1,0,0,12,12,5261,7916
compact51__paper_roles,2019-11-18 23:00:00,20.2617862648,268.444114888,0,0,0,12,12,6467,7820
compact51__paper_roles,2019-11-19 00:00:00,18.8104135636,2819.08546056,1,0,0,12,12,5671,8658
compact51__paper_roles,2019-11-19 01:00:00,19.1249124253,276.801651694,0,0,0,12,12,5880,7848
compact51__paper_roles,2019-11-19 02:00:00,17.3834601409,7455.2428079,0,0,0,12,12,4674,8731
compact51__paper_roles,2019-11-19 03:00:00,16.1522489292,17406.1856158,0,0,0,12,12,3729,8743
compact51__paper_roles,2019-11-19 04:00:00,12.3324413903,228.359988717,0,0,0,12,12,970,7651
compact51__paper_roles,2019-11-19 05:00:00,15.6198611419,45.4963979531,0,0,0,12,12,3297,1489
compact51__paper_roles,2019-11-19 06:00:00,14.6833221651,39.5305450728,0,0,0,12,12,2557,457
compact51__paper_roles,2019-11-19 07:00:00,21.0816822882,234.027905221,1,0,0,12,12,6824,7678
compact51__paper_roles,2019-11-19 08:00:00,18.813721337,238.995948421,1,0,0,12,12,5673,7708
compact51__paper_roles,2019-11-19 09:00:00,21.4709810413,216.856418739,1,0,0,12,12,7001,7587
compact51__paper_roles,2019-11-19 10:00:00,23.7164723194,200.835182966,1,0,0,12,12,7678,7495
compact51__paper_roles,2019-11-19 11:00:00,24.4996840291,235.050291176,1,0,0,12,12,7853,7689
compact51__paper_roles,2019-11-19 12:00:00,23.7657883148,200.006224071,1,0,0,12,12,7700,7489
compact51__paper_roles,2019-11-19 13:00:00,22.0908518483,176.633923161,1,0,0,12,12,7218,7327
compact51__paper_roles,2019-11-19 14:00:00,21.7775392726,138.950645032,1,0,0,12,12,7116,6919
compact51__paper_roles,2019-11-19 15:00:00,21.7021701073,118.435725908,1,0,0,12,12,7093,6584
compact51__paper_roles,2019-11-19 16:00:00,17.2044872461,59.8912464157,0,0,0,12,12,4527,4476
compact51__paper_roles,2019-11-19 17:00:00,22.4982206954,125.334190243,0,0,0,12,12,7355,6721
compact51__paper_roles,2019-11-19 18:00:00,25.6741016328,197.497283849,1,0,0,12,12,8075,7469
compact51__paper_roles,2019-11-19 19:00:00,21.8058440215,152.168606801,1,0,0,12,12,7130,7078
compact51__paper_roles,2019-11-19 20:00:00,22.1365210745,186.340713027,1,0,0,12,12,7233,7388
compact51__paper_roles,2019-11-19 21:00:00,20.2563378431,164.034726469,1,0,0,12,12,6464,7215
compact51__paper_roles,2019-11-19 22:00:00,20.518857865,220.644531745,1,0,0,12,12,6579,7606
compact51__paper_roles,2019-11-19 23:00:00,20.2400892233,215.471459691,0,0,0,12,12,6450,7577
compact51__paper_roles,2019-11-20 00:00:00,16.749735698,109.220547809,0,0,0,12,12,4184,6419
compact51__paper_roles,2019-11-20 01:00:00,20.7826703391,320.573189215,0,0,0,12,12,6680,7986
compact51__paper_roles,2019-11-20 02:00:00,18.6647597027,117.575471919,0,0,0,12,12,5572,6566
compact51__paper_roles,2019-11-20 03:00:00,23.0218304828,267.474352279,1,0,0,12,12,7502,7816
compact51__paper_roles,2019-11-20 04:00:00,25.1293489765,333.870031426,1,0,0,12,12,7977,8018
compact51__paper_roles,2019-11-20 05:00:00,20.3891263725,118.987008749,1,0,0,12,12,6522,6593
compact51__paper_roles,2019-11-20 06:00:00,20.4255288276,171.841151169,0,0,0,12,12,6545,7287
compact51__paper_roles,2019-11-20 07:00:00,32.3462307864,246.682765046,1,0,0,12,12,8610,7743
compact51__paper_roles,2019-11-20 08:00:00,16.7807721474,2145.14697315,1,0,0,12,12,4209,8630
compact51__paper_roles,2019-11-20 09:00:00,13.10226542,560.637212772,0,0,0,12,12,1433,8302
compact51__paper_roles,2019-11-20 10:00:00,11.1631311504,57.2878020232,0,0,0,12,12,418,4173
compact51__paper_roles,2019-11-20 11:00:00,13.7134137567,148.534414428,1,0,0,12,12,1824,7036
compact51__paper_roles,2019-11-20 12:00:00,16.7136826834,126.544544487,1,0,0,12,12,4166,6744
compact51__paper_roles,2019-11-20 13:00:00,15.3345897359,137.054092602,1,0,0,12,12,3087,6896
compact51__paper_roles,2019-11-20 14:00:00,15.5889569563,240.913458937,0,0,0,11,11,3271,7713
compact51__paper_roles,2019-11-20 15:00:00,15.6182198949,112.435444161,0,0,0,12,12,3294,6482
compact51__paper_roles,2019-11-20 16:00:00,13.0007648514,54.6744936968,0,0,0,12,12,1366,3735
compact51__paper_roles,2019-11-20 17:00:00,13.4484340878,56.4063589951,0,0,0,12,12,1651,4042
compact51__paper_roles,2019-11-20 18:00:00,13.553978182,55.9195061064,0,0,0,12,12,1714,3967
compact51__paper_roles,2019-11-20 19:00:00,15.0254719597,53.9383107913,0,0,0,12,12,2840,3597
compact51__paper_roles,2019-11-20 20:00:00,10.8590489483,52.2896345391,0,0,0,12,12,312,3238
compact51__paper_roles,2019-11-20 21:00:00,11.0043692903,50.6073644882,0,0,0,12,12,354,2821
compact51__paper_roles,2019-11-20 22:00:00,12.808048518,51.7110572929,0,0,0,12,12,1242,3094
compact51__paper_roles,2019-11-20 23:00:00,12.4086268494,51.2258243121,0,0,0,12,12,1010,2976
compact51__paper_roles,2019-11-21 00:00:00,15.5725368445,218.298857036,1,0,0,12,12,3256,7595
compact51__paper_roles,2019-11-21 01:00:00,13.5752383903,287.907873254,1,0,0,12,12,1724,7898
compact51__paper_roles,2019-11-21 02:00:00,12.9921942548,2916.03208106,1,0,0,12,12,1360,8664
compact51__paper_roles,2019-11-21 03:00:00,12.8389537021,1759.83769844,0,0,0,12,12,1259,8596
compact51__paper_roles,2019-11-21 04:00:00,10.8729072352,38.3511998358,0,0,0,12,12,316,335
compact51__paper_roles,2019-11-21 05:00:00,14.6295817427,171.327435834,1,0,0,12,12,2523,7281
compact51__paper_roles,2019-11-21 06:00:00,17.5865923767,47.2852814904,0,0,0,12,12,4817,1953
compact51__paper_roles,2019-11-21 07:00:00,16.4302592482,46.4390584043,0,0,0,12,12,3949,1706
compact51__paper_roles,2019-11-21 08:00:00,14.1922833647,124.401347274,1,0,0,12,12,2171,6707
compact51__paper_roles,2019-11-21 09:00:00,19.0780034414,143.769356954,1,0,0,12,12,5854,6986
compact51__paper_roles,2019-11-21 10:00:00,17.6656698686,288.289739192,1,0,0,13,12,4879,7899
compact51__paper_roles,2019-11-21 11:00:00,19.6738031251,160.409491477,1,0,0,9,9,6186,7171
compact51__paper_roles,2019-11-21 12:00:00,16.1967511712,192.783908369,1,0,0,12,12,3768,7435
compact51__paper_roles,2019-11-21 13:00:00,14.3508122629,154.424853852,1,0,0,12,12,2304,7112
compact51__paper_roles,2019-11-21 14:00:00,17.247818417,153.378414259,1,0,0,12,12,4573,7097
compact51__paper_roles,2019-11-21 15:00:00,15.4487448145,169.304886856,0,0,0,12,12,3149,7259
compact51__paper_roles,2019-11-21 16:00:00,14.2333489349,51.219658968,0,0,0,12,12,2198,2973
compact51__paper_roles,2019-11-21 17:00:00,16.5170012328,47.7990414388,0,0,0,12,12,4015,2084
compact51__paper_roles,2019-11-21 18:00:00,17.4258448725,278.700829803,0,0,0,12,12,4706,7852
compact51__paper_roles,2019-11-21 19:00:00,18.2145155802,491.90214416,0,0,0,12,12,5269,8244
compact51__paper_roles,2019-11-21 20:00:00,15.2278021395,245.682987379,0,0,0,12,12,3001,7740
compact51__paper_roles,2019-11-21 21:00:00,16.6782451977,71.3646013573,0,0,0,12,12,4136,5203
compact51__paper_roles,2019-11-21 22:00:00,15.1569514773,113.46235236,0,0,0,13,12,2940,6502
compact51__paper_roles,2019-11-21 23:00:00,16.39052518,238.794133684,0,0,0,12,12,3908,7707
compact51__paper_roles,2019-11-22 00:00:00,17.8307044579,114.207104351,1,0,0,12,12,4994,6512
compact51__paper_roles,2019-11-22 01:00:00,17.4604733823,506.116129518,1,0,0,12,12,4730,8256
compact51__paper_roles,2019-11-22 02:00:00,15.4901649662,1263.97006308,1,0,0,12,12,3177,8542
compact51__paper_roles,2019-11-22 03:00:00,15.5494511223,1753.54023911,0,0,0,12,12,3233,8595
compact51__paper_roles,2019-11-22 04:00:00,16.3421976012,207.748872238,1,0,0,12,12,3877,7535
compact51__paper_roles,2019-11-22 05:00:00,18.7728944973,1123.77087703,0,0,0,12,12,5644,8523
compact51__paper_roles,2019-11-22 06:00:00,19.380250782,25843.9949717,0,0,0,12,12,6030,8747
compact51__paper_roles,2019-11-22 07:00:00,18.8615385145,231.555156735,1,0,0,12,12,5709,7667
compact51__paper_roles,2019-11-22 08:00:00,17.7963789592,163.371139012,1,0,0,13,13,4969,7203
compact51__paper_roles,2019-11-22 09:00:00,19.2514222419,243.301476849,1,0,0,12,12,5954,7727
compact51__paper_roles,2019-11-22 10:00:00,21.1861522855,154.224095334,1,0,0,12,12,6872,7107
compact51__paper_roles,2019-11-22 11:00:00,19.8761678245,488.861300072,1,0,0,14,13,6291,8238
compact51__paper_roles,2019-11-22 12:00:00,19.2526939363,696.382677442,1,0,0,13,12,5957,8398
compact51__paper_roles,2019-11-22 13:00:00,19.7831395548,1255.80771819,1,0,0,12,12,6242,8540
compact51__paper_roles,2019-11-22 14:00:00,18.6455386742,2118.51559845,0,0,0,12,12,5561,8625
compact51__paper_roles,2019-11-22 15:00:00,19.8092775752,9527.3860043,1,0,0,12,12,6257,8735
compact51__paper_roles,2019-11-22 16:00:00,18.8598597147,709.73502429,1,0,0,12,12,5708,8404
compact51__paper_roles,2019-11-22 17:00:00,18.1241473324,123.000256676,1,0,0,14,14,5219,6682
compact51__paper_roles,2019-11-22 18:00:00,18.9511479944,127.032095959,1,0,0,11,11,5761,6760
compact51__paper_roles,2019-11-22 19:00:00,19.5455221158,133.915124468,1,0,0,12,12,6120,6856
compact51__paper_roles,2019-11-22 20:00:00,21.3475807768,194.758750601,1,0,0,12,12,6940,7447
compact51__paper_roles,2019-11-22 21:00:00,20.3957537797,209.168692045,1,0,0,12,12,6528,7546
compact51__paper_roles,2019-11-22 22:00:00,24.8885981575,769.933727735,1,0,0,12,12,7929,8428
compact51__paper_roles,2019-11-22 23:00:00,21.3980403922,148.152773918,0,0,0,13,12,6962,7032
compact51__paper_roles,2019-11-23 00:00:00,16.1480724028,46.9274718358,0,0,0,13,13,3728,1842
compact51__paper_roles,2019-11-23 01:00:00,13.4576446364,46.3459594723,0,0,0,12,12,1656,1673
compact51__paper_roles,2019-11-23 02:00:00,14.7507810581,53.229597543,0,0,0,12,12,2612,3465
compact51__paper_roles,2019-11-23 03:00:00,15.7666840348,53.1008101799,0,0,0,12,12,3419,3432
compact51__paper_roles,2019-11-23 04:00:00,14.616000778,50.6511092871,0,0,0,12,12,2508,2832
compact51__paper_roles,2019-11-23 05:00:00,16.2094971893,51.7291968759,0,0,0,12,12,3782,3100
compact51__paper_roles,2019-11-23 06:00:00,14.9674213592,50.4272295165,0,0,0,12,12,2784,2786
compact51__paper_roles,2019-11-23 07:00:00,14.9387519669,50.1776098727,0,0,0,12,12,2761,2717
compact51__paper_roles,2019-11-23 08:00:00,16.7533464828,52.2376065218,0,0,0,12,12,4190,3226
compact51__paper_roles,2019-11-23 09:00:00,18.6815080977,54.3632894502,0,0,0,12,12,5585,3680
compact51__paper_roles,2019-11-23 10:00:00,21.1553540066,80.5352047488,0,0,0,12,12,6856,5573
compact51__paper_roles,2019-11-23 11:00:00,20.9864784678,122.802746055,0,0,0,14,13,6785,6679
compact51__paper_roles,2019-11-23 12:00:00,17.2101993638,57.9326310598,0,0,0,14,14,4537,4249
compact51__paper_roles,2019-11-23 13:00:00,16.8646692664,57.3232700595,0,0,0,12,12,4271,4174
compact51__paper_roles,2019-11-23 14:00:00,17.0109562256,57.0212317787,0,0,0,12,12,4378,4137
compact51__paper_roles,2019-11-23 15:00:00,16.8655777228,45.4395658054,0,0,0,12,12,4272,1481
compact51__paper_roles,2019-11-23 16:00:00,21.1028509908,57.525350816,0,0,0,13,12,6839,4200
compact51__paper_roles,2019-11-23 17:00:00,21.5123864309,58.8191490277,0,0,0,12,12,7020,4347
compact51__paper_roles,2019-11-23 18:00:00,18.0020700835,47.5895718584,0,0,0,12,12,5133,2033
compact51__paper_roles,2019-11-23 19:00:00,16.6149350421,47.7781481918,0,0,0,12,12,4083,2076
compact51__paper_roles,2019-11-23 20:00:00,15.697464715,48.1954949077,0,0,0,12,12,3365,2200
compact51__paper_roles,2019-11-23 21:00:00,18.1849125471,92.438435364,0,0,0,12,12,5248,5993
compact51__paper_roles,2019-11-23 22:00:00,19.3464283636,92.1969001668,0,0,0,12,12,6008,5984
compact51__paper_roles,2019-11-23 23:00:00,24.8727397018,89.3589022074,0,0,0,12,12,7923,5890
compact51__paper_roles,2019-11-24 00:00:00,22.6762495453,62.500883735,0,0,0,12,12,7413,4699
compact51__paper_roles,2019-11-24 01:00:00,18.6317312082,57.508493358,0,0,0,12,12,5546,4195
compact51__paper_roles,2019-11-24 02:00:00,14.790612308,53.6659625539,0,0,0,12,12,2645,3552
compact51__paper_roles,2019-11-24 03:00:00,13.4904368506,53.9496580046,0,0,0,12,12,1674,3599
compact51__paper_roles,2019-11-24 04:00:00,17.2393556186,57.8909894016,0,0,0,12,12,4562,4246
compact51__paper_roles,2019-11-24 05:00:00,15.0228222989,51.6139681656,0,0,0,12,12,2838,3069
compact51__paper_roles,2019-11-24 06:00:00,15.8294324447,49.2668127411,0,0,0,12,12,3463,2478
compact51__paper_roles,2019-11-24 07:00:00,17.6235751267,51.2883064331,0,0,0,12,12,4846,2997
compact51__paper_roles,2019-11-24 08:00:00,18.1715597345,57.3533706194,0,0,0,12,12,5241,4180
compact51__paper_roles,2019-11-24 09:00:00,19.9759600074,63.6862306993,0,0,0,14,13,6336,4785
compact51__paper_roles,2019-11-24 10:00:00,19.1768759746,58.5754263564,0,0,0,11,11,5911,4325
compact51__paper_roles,2019-11-24 11:00:00,18.2791883981,56.1776137386,0,0,0,12,12,5310,4008
compact51__paper_roles,2019-11-24 12:00:00,17.2478434147,54.6210619352,0,0,0,12,12,4574,3726
compact51__paper_roles,2019-11-24 13:00:00,18.1742384403,55.6591375123,0,0,0,12,12,5242,3917
compact51__paper_roles,2019-11-24 14:00:00,16.4778011995,51.7160673633,0,0,0,12,12,3990,3096
compact51__paper_roles,2019-11-24 15:00:00,16.4000249872,49.3957220885,0,0,0,12,12,3910,2513
compact51__paper_roles,2019-11-24 16:00:00,16.507238268,50.0229987569,0,0,0,12,12,4011,2675
compact51__paper_roles,2019-11-24 17:00:00,16.8362104002,50.9464019127,0,0,0,12,12,4251,2919
compact51__paper_roles,2019-11-24 18:00:00,18.369932742,51.2528504319,0,0,0,12,12,5370,2985
compact51__paper_roles,2019-11-24 19:00:00,17.8908034693,51.191471989,0,0,0,12,12,5037,2967
compact51__paper_roles,2019-11-24 20:00:00,17.5619651253,49.6799218484,0,0,0,12,12,4797,2588
compact51__paper_roles,2019-11-24 21:00:00,16.5944299861,56.734132639,0,0,0,14,14,4070,4098
compact51__paper_roles,2019-11-24 22:00:00,19.0434064402,62.211626171,0,0,0,12,12,5827,4678
compact51__paper_roles,2019-11-24 23:00:00,16.8042869704,56.0747590921,0,0,0,14,13,4225,3990
compact51__paper_roles,2019-11-25 00:00:00,18.5332641508,923.607836028,0,0,0,12,12,5474,8475
compact51__paper_roles,2019-11-25 01:00:00,15.8122691994,37.0190338616,0,0,0,12,12,3453,244
compact51__paper_roles,2019-11-25 02:00:00,16.1130542223,37.1408881811,0,0,0,12,12,3695,253
compact51__paper_roles,2019-11-25 03:00:00,17.2814274417,45.2413461682,0,0,0,12,12,4596,1428
compact51__paper_roles,2019-11-25 04:00:00,18.3468484569,160.761026464,0,0,0,12,12,5350,7176
compact51__paper_roles,2019-11-25 05:00:00,17.677908785,173.883314551,0,0,0,12,12,4889,7304
compact51__paper_roles,2019-11-25 06:00:00,19.4973198364,238.335576988,0,0,0,12,12,6091,7704
compact51__paper_roles,2019-11-25 07:00:00,16.4018273077,167.922914137,0,0,0,12,12,3912,7248
compact51__paper_roles,2019-11-25 08:00:00,18.4084811207,285.052992721,1,0,0,12,12,5401,7886
compact51__paper_roles,2019-11-25 09:00:00,19.7668340016,269.002924344,1,0,0,12,12,6236,7824
compact51__paper_roles,2019-11-25 10:00:00,21.0045031921,204.670899,1,0,0,12,12,6797,7520
compact51__paper_roles,2019-11-25 11:00:00,16.5620649742,647.081212914,1,0,0,13,12,4044,8361
compact51__paper_roles,2019-11-25 12:00:00,19.4027952625,1147.56475413,1,0,0,12,12,6044,8526
compact51__paper_roles,2019-11-25 13:00:00,19.7984608053,1998.36018647,1,0,0,12,12,6251,8616
compact51__paper_roles,2019-11-25 14:00:00,16.045699763,144.940780011,1,0,0,12,12,3643,6993
compact51__paper_roles,2019-11-25 15:00:00,12.3961346341,138.576682914,1,0,0,12,12,1003,6916
compact51__paper_roles,2019-11-25 16:00:00,15.7620341966,79.4375304847,0,0,0,12,12,3415,5531
compact51__paper_roles,2019-11-25 17:00:00,15.9484243491,177.208986574,1,0,0,12,12,3570,7331
compact51__paper_roles,2019-11-25 18:00:00,15.4557591404,156.367034745,1,0,0,12,12,3154,7128
compact51__paper_roles,2019-11-25 19:00:00,17.2780659441,173.486275492,1,0,0,12,12,4593,7300
compact51__paper_roles,2019-11-25 20:00:00,16.2540457259,344.874024875,1,0,0,12,12,3814,8049
compact51__paper_roles,2019-11-25 21:00:00,17.13218059,749.860305851,1,0,0,12,12,4462,8418
compact51__paper_roles,2019-11-25 22:00:00,20.2863337194,204.015291544,0,0,0,14,13,6477,7513
compact51__paper_roles,2019-11-25 23:00:00,17.4020020888,64.5361890476,0,0,0,12,12,4682,4852
compact51__paper_roles,2019-11-26 00:00:00,21.9518334833,68.2922375869,0,0,0,12,12,7179,5071
compact51__paper_roles,2019-11-26 01:00:00,22.6221921577,53.9723734175,0,0,0,12,12,7396,3605
compact51__paper_roles,2019-11-26 02:00:00,24.3488499631,77.1707105305,0,0,0,12,12,7819,5437
compact51__paper_roles,2019-11-26 03:00:00,23.4897464404,74.8205647605,0,0,0,12,12,7622,5346
compact51__paper_roles,2019-11-26 04:00:00,26.1992365007,117.515268153,0,0,0,12,12,8168,6565
compact51__paper_roles,2019-11-26 05:00:00,21.097853172,273.05937452,0,0,0,12,12,6835,7832
compact51__paper_roles,2019-11-26 06:00:00,16.1982226506,44.8991772096,0,0,0,12,12,3769,1348
compact51__paper_roles,2019-11-26 07:00:00,15.7397113865,85.7674975657,0,0,0,12,12,3402,5781
compact51__paper_roles,2019-11-26 08:00:00,14.4156105117,47.2545446641,0,0,0,12,12,2348,1946
compact51__paper_roles,2019-11-26 09:00:00,14.0923595977,157.83001502,0,0,0,12,12,2091,7146
compact51__paper_roles,2019-11-26 10:00:00,17.7556378008,41172.370195,0,0,0,13,13,4945,8753
compact51__paper_roles,2019-11-26 11:00:00,15.1356835457,506.608211077,1,0,0,12,12,2920,8257
compact51__paper_roles,2019-11-26 12:00:00,17.6012501453,139.311515941,1,0,0,12,12,4830,6925
compact51__paper_roles,2019-11-26 13:00:00,17.9027533993,442.908936692,1,0,0,12,12,5043,8185
compact51__paper_roles,2019-11-26 14:00:00,17.682967764,680.111172037,1,0,0,12,12,4891,8386
compact51__paper_roles,2019-11-26 15:00:00,15.2340679825,133.424959675,0,0,0,12,12,3007,6849
compact51__paper_roles,2019-11-26 16:00:00,18.977048626,344.064330999,0,0,0,12,12,5778,8047
compact51__paper_roles,2019-11-26 17:00:00,20.8913569766,524.095979971,1,0,0,12,12,6736,8278
compact51__paper_roles,2019-11-26 18:00:00,18.1004759445,152463.109117,0,0,0,12,12,5191,8760
compact51__paper_roles,2019-11-26 19:00:00,19.6380206096,2865.47488735,1,0,0,12,12,6167,8661
compact51__paper_roles,2019-11-26 20:00:00,18.163591107,499.238383146,1,0,0,12,12,5237,8251
compact51__paper_roles,2019-11-26 21:00:00,18.6550565475,147.779646882,0,0,0,12,12,5568,7030
compact51__paper_roles,2019-11-26 22:00:00,18.5658631838,59.1095004879,0,0,0,12,12,5500,4382
compact51__paper_roles,2019-11-26 23:00:00,15.0693654858,50.6932228881,0,0,0,13,12,2871,2844
compact51__paper_roles,2019-11-27 00:00:00,15.4175157128,48.5480060003,0,0,0,12,12,3133,2310
compact51__paper_roles,2019-11-27 01:00:00,17.1698159957,52.4252426531,0,0,0,12,12,4492,3263
compact51__paper_roles,2019-11-27 02:00:00,17.7432171882,52.6490196965,0,0,0,12,12,4932,3319
compact51__paper_roles,2019-11-27 03:00:00,17.0325865794,49.1163717627,0,0,0,12,12,4397,2443
compact51__paper_roles,2019-11-27 04:00:00,16.5963024983,45.7491427791,0,0,0,12,12,4073,1548
compact51__paper_roles,2019-11-27 05:00:00,17.9813391797,42.6326756771,0,0,0,12,12,5119,914
compact51__paper_roles,2019-11-27 06:00:00,18.3896390539,43.2837073113,0,0,0,12,12,5388,1017
compact51__paper_roles,2019-11-27 07:00:00,18.5971725136,49.8893106535,0,0,0,12,12,5524,2638
compact51__paper_roles,2019-11-27 08:00:00,18.3875218785,50.6106863899,0,0,0,12,12,5385,2822
compact51__paper_roles,2019-11-27 09:00:00,17.1154766655,46.094818018,0,0,0,12,12,4448,1631
compact51__paper_roles,2019-11-27 10:00:00,17.204067557,45.7048942425,0,0,0,12,12,4526,1537
compact51__paper_roles,2019-11-27 11:00:00,17.9538324368,63.2336603762,0,0,0,12,12,5095,4755
compact51__paper_roles,2019-11-27 12:00:00,17.2048099688,215.946682764,0,0,0,13,13,4528,7578
compact51__paper_roles,2019-11-27 13:00:00,16.4208321716,2009.87600455,0,0,0,12,12,3932,8617
compact51__paper_roles,2019-11-27 14:00:00,15.5686377622,39.7581127102,0,0,0,12,12,3249,477
compact51__paper_roles,2019-11-27 15:00:00,14.8131766609,42.1511905037,0,0,0,12,12,2665,829
compact51__paper_roles,2019-11-27 16:00:00,14.8322413887,52.0734325391,0,0,0,12,12,2677,3179
compact51__paper_roles,2019-11-27 17:00:00,15.2018725288,48.5814091678,0,0,0,12,12,2975,2320
compact51__paper_roles,2019-11-27 18:00:00,16.7203787896,49.9041309289,0,0,0,12,12,4173,2642
compact51__paper_roles,2019-11-27 19:00:00,18.5556953002,497.440607861,0,0,0,12,12,5494,8250
compact51__paper_roles,2019-11-27 20:00:00,20.6447869945,2132.61450312,0,0,0,12,12,6618,8627
compact51__paper_roles,2019-11-27 21:00:00,19.0979910691,15632.8794131,0,0,0,12,12,5867,8741
compact51__paper_roles,2019-11-27 22:00:00,21.0792039376,55.8515821688,0,0,0,12,12,6821,3955
compact51__paper_roles,2019-11-27 23:00:00,20.074706452,39.2145004821,0,0,0,12,12,6384,414
compact51__paper_roles,2019-11-28 00:00:00,17.7791335419,332.340189461,1,0,0,12,12,4957,8011
compact51__paper_roles,2019-11-28 01:00:00,19.501891056,1054.68545396,1,0,0,12,12,6092,8505
compact51__paper_roles,2019-11-28 02:00:00,21.8398846938,601.456922504,1,0,0,12,12,7147,8339
compact51__paper_roles,2019-11-28 03:00:00,22.5613807668,723.370843966,1,0,0,12,12,7373,8408
compact51__paper_roles,2019-11-28 04:00:00,20.0109316154,285.126463387,1,0,0,12,12,6353,7887
compact51__paper_roles,2019-11-28 05:00:00,23.6522100109,968.776134703,1,0,0,12,12,7664,8486
compact51__paper_roles,2019-11-28 06:00:00,23.6710808163,6518.78864416,2,0,0,12,12,7666,8724
compact51__paper_roles,2019-11-28 07:00:00,23.7825346843,197.631978763,1,0,0,13,12,7707,7472
compact51__paper_roles,2019-11-28 08:00:00,26.0993058997,31118.396842,1,0,0,12,12,8153,8750
compact51__paper_roles,2019-11-28 09:00:00,26.0322767869,259.263051214,0,0,0,13,13,8143,7795
compact51__paper_roles,2019-11-28 10:00:00,23.778180018,128.304491603,0,0,0,12,12,7704,6776
compact51__paper_roles,2019-11-28 11:00:00,25.5401295879,126.853975528,0,0,0,12,12,8058,6755
compact51__paper_roles,2019-11-28 12:00:00,26.2428818528,143.689564981,0,0,0,12,12,8173,6985
compact51__paper_roles,2019-11-28 13:00:00,22.0994627168,66.507399963,0,0,0,12,12,7221,4978
compact51__paper_roles,2019-11-28 14:00:00,16.1121678005,45.5092887893,0,0,0,12,12,3693,1494
compact51__paper_roles,2019-11-28 15:00:00,15.6229222948,49.5286148914,0,0,0,12,12,3299,2551
compact51__paper_roles,2019-11-28 16:00:00,16.8340570298,60.6282072093,0,0,0,12,12,4249,4540
compact51__paper_roles,2019-11-28 17:00:00,22.9993051774,146.157896421,0,0,0,12,12,7493,7010
compact51__paper_roles,2019-11-28 18:00:00,18.8735810649,98.7119993354,0,0,0,12,12,5715,6171
compact51__paper_roles,2019-11-28 19:00:00,18.1326643784,103.113854406,0,0,0,12,12,5222,6289
compact51__paper_roles,2019-11-28 20:00:00,17.7517835732,96.77840863,0,0,0,12,12,4941,6130
compact51__paper_roles,2019-11-28 21:00:00,17.5629858097,94.6166668278,0,0,0,12,12,4799,6064
compact51__paper_roles,2019-11-28 22:00:00,16.6236420316,53.8340922687,0,0,0,12,12,4090,3578
compact51__paper_roles,2019-11-28 23:00:00,18.4955357027,50.8664777149,0,0,0,13,12,5449,2900
compact51__paper_roles,2019-11-29 00:00:00,17.4901994701,40.9130289165,0,0,0,12,12,4747,632
compact51__paper_roles,2019-11-29 01:00:00,17.8530985915,37.6481497188,0,0,0,12,12,5012,282
compact51__paper_roles,2019-11-29 02:00:00,16.6247389601,39.1934942408,0,0,0,12,12,4093,413
compact51__paper_roles,2019-11-29 03:00:00,16.6944633853,42.9519196144,0,0,0,13,12,4144,963
compact51__paper_roles,2019-11-29 04:00:00,17.0613135752,42.2283942213,0,0,0,12,12,4417,843
compact51__paper_roles,2019-11-29 05:00:00,16.7668428302,39.1920139003,0,0,0,12,12,4197,412
compact51__paper_roles,2019-11-29 06:00:00,19.018530113,73.7664939467,0,0,0,12,12,5804,5301
compact51__paper_roles,2019-11-29 07:00:00,23.2877678485,89.8309220918,0,0,0,12,12,7578,5903
compact51__paper_roles,2019-11-29 08:00:00,24.7601253493,103.265187557,0,0,0,12,12,7902,6295
compact51__paper_roles,2019-11-29 09:00:00,18.8590656645,53.8673900613,0,0,0,12,12,5706,3584
compact51__paper_roles,2019-11-29 10:00:00,19.7247697791,120.351309277,0,0,0,12,12,6210,6621
compact51__paper_roles,2019-11-29 11:00:00,17.2022414862,175.924987669,0,0,0,12,12,4525,7319
compact51__paper_roles,2019-11-29 12:00:00,17.0119394601,249.346590443,0,0,0,13,13,4380,7761
compact51__paper_roles,2019-11-29 13:00:00,15.6638936254,150.477562675,0,0,0,12,12,3335,7063
compact51__paper_roles,2019-11-29 14:00:00,15.3992539585,91.5880655293,0,0,0,12,12,3122,5955
compact51__paper_roles,2019-11-29 15:00:00,12.748740414,50.8420174374,0,0,0,12,12,1204,2892
compact51__paper_roles,2019-11-29 16:00:00,16.5449240806,54.6922888511,0,0,0,12,12,4035,3737
compact51__paper_roles,2019-11-29 17:00:00,20.8678210082,51.2332507243,0,0,0,12,12,6725,2979
compact51__paper_roles,2019-11-29 18:00:00,22.1814657884,47.9743351965,0,0,0,12,12,7248,2134
compact51__paper_roles,2019-11-29 19:00:00,18.6954002391,52.1505158056,0,0,0,12,12,5600,3206
compact51__paper_roles,2019-11-29 20:00:00,16.4230014424,49.1380240691,0,0,0,12,12,3934,2448
compact51__paper_roles,2019-11-29 21:00:00,15.2073270931,46.0483386431,0,0,0,12,12,2982,1621
compact51__paper_roles,2019-11-29 22:00:00,15.5922696767,48.268797667,0,0,0,12,12,3274,2223
compact51__paper_roles,2019-11-29 23:00:00,14.6938740041,49.0443641782,0,0,0,12,12,2567,2425
compact51__paper_roles,2019-11-30 00:00:00,22.6217118801,44.2635347964,0,0,0,12,12,7395,1219
compact51__paper_roles,2019-11-30 01:00:00,18.0268692901,40.9531866724,0,0,0,12,12,5142,640
compact51__paper_roles,2019-11-30 02:00:00,18.4858314402,43.5342573898,0,0,0,12,12,5443,1066
compact51__paper_roles,2019-11-30 03:00:00,20.1329533908,40.6606696307,0,0,0,12,12,6410,601
compact51__paper_roles,2019-11-30 04:00:00,18.4824351187,44.1576778013,0,0,0,12,12,5442,1199
compact51__paper_roles,2019-11-30 05:00:00,19.0550969539,39.3376551224,0,0,0,12,12,5835,435
compact51__paper_roles,2019-11-30 06:00:00,17.8710951605,34.794348285,0,0,0,12,12,5022,125
compact51__paper_roles,2019-11-30 07:00:00,17.832984341,44.326077421,0,0,0,12,12,4996,1230
compact51__paper_roles,2019-11-30 08:00:00,15.9512453969,43.0399779852,0,0,0,12,12,3571,981
compact51__paper_roles,2019-11-30 09:00:00,14.6512138898,46.3860177405,0,0,0,12,12,2537,1688
compact51__paper_roles,2019-11-30 10:00:00,13.7773201594,54.7462347027,0,0,0,12,12,1872,3746
compact51__paper_roles,2019-11-30 11:00:00,14.4888035082,55.6868223916,0,0,0,12,12,2402,3931
compact51__paper_roles,2019-11-30 12:00:00,15.9042812611,60.6705106622,0,0,0,12,12,3538,4543
compact51__paper_roles,2019-11-30 13:00:00,15.0038647523,57.33670922,0,0,0,12,12,2824,4177
compact51__paper_roles,2019-11-30 14:00:00,16.8906273851,57.3468879991,0,0,0,12,12,4288,4178
compact51__paper_roles,2019-11-30 15:00:00,16.7750272656,55.7940265168,0,0,0,12,12,4202,3947
compact51__paper_roles,2019-11-30 16:00:00,17.7352664387,52.3048536397,0,0,0,12,12,4925,3242
compact51__paper_roles,2019-11-30 17:00:00,17.2433575442,53.6668575131,0,0,0,12,12,4567,3553
compact51__paper_roles,2019-11-30 18:00:00,18.0997026947,53.7442770321,0,0,0,12,12,5190,3564
compact51__paper_roles,2019-11-30 19:00:00,17.7896924201,54.2329443271,0,0,0,12,12,4966,3658
compact51__paper_roles,2019-11-30 20:00:00,18.3787565532,54.0690714015,0,0,0,12,12,5378,3630
compact51__paper_roles,2019-11-30 21:00:00,17.4260353973,53.572206524,0,0,0,12,12,4707,3538
compact51__paper_roles,2019-11-30 22:00:00,17.1844552182,48.9909693539,0,0,0,12,12,4510,2414
compact51__paper_roles,2019-11-30 23:00:00,19.5438537131,48.4313575692,0,0,0,12,12,6117,2285
compact51__paper_roles,2019-12-01 00:00:00,21.250691107,48.9876651977,0,0,0,12,12,6899,2412
compact51__paper_roles,2019-12-01 01:00:00,19.4746088898,48.3175706049,0,0,0,12,12,6073,2247
compact51__paper_roles,2019-12-01 02:00:00,22.3110886269,52.334350267,0,0,0,12,12,7294,3246
compact51__paper_roles,2019-12-01 03:00:00,24.3441615777,52.478928672,0,0,0,12,12,7816,3273
compact51__paper_roles,2019-12-01 04:00:00,22.3065723615,47.9578812411,0,0,0,12,12,7291,2125
compact51__paper_roles,2019-12-01 05:00:00,20.0262318415,44.1178036122,0,0,0,12,12,6363,1189
compact51__paper_roles,2019-12-01 06:00:00,19.3116208227,40.5943792863,0,0,0,12,12,5986,591
compact51__paper_roles,2019-12-01 07:00:00,24.4534581058,63.9731803446,0,0,0,12,12,7844,4803
compact51__paper_roles,2019-12-01 08:00:00,27.4254846616,62.0981112185,0,0,0,12,12,8333,4672
compact51__paper_roles,2019-12-01 09:00:00,21.530662467,52.7110563561,0,0,0,12,12,7025,3332
compact51__paper_roles,2019-12-01 10:00:00,21.583986561,53.698962917,0,0,0,12,12,7046,3558
compact51__paper_roles,2019-12-01 11:00:00,15.5954405595,47.3797752391,0,0,0,12,12,3278,1979
compact51__paper_roles,2019-12-01 12:00:00,17.8883682953,45.3573645879,0,0,0,12,12,5035,1457
compact51__paper_roles,2019-12-01 13:00:00,17.6460204943,49.6059839858,0,0,0,12,12,4861,2573
compact51__paper_roles,2019-12-01 14:00:00,15.4097949127,44.2261159494,0,0,0,12,12,3131,1209
compact51__paper_roles,2019-12-01 15:00:00,18.3400571705,48.0692208601,0,0,0,12,12,5344,2168
compact51__paper_roles,2019-12-01 16:00:00,22.7673020667,64.857182094,0,0,0,12,12,7434,4886
compact51__paper_roles,2019-12-01 17:00:00,27.6502134233,133.746861955,0,0,0,12,12,8353,6852
compact51__paper_roles,2019-12-01 18:00:00,19.7122633951,61.6710856614,0,0,0,12,12,6203,4640
compact51__paper_roles,2019-12-01 19:00:00,16.6386363185,50.3333673867,0,0,0,12,12,4106,2755
compact51__paper_roles,2019-12-01 20:00:00,15.3346836602,50.9333003095,0,0,0,12,12,3088,2915
compact51__paper_roles,2019-12-01 21:00:00,15.2059651149,49.9240521665,0,0,0,12,12,2981,2648
compact51__paper_roles,2019-12-01 22:00:00,15.5169722906,51.8513899535,0,0,0,13,12,3205,3138
compact51__paper_roles,2019-12-01 23:00:00,13.9896201686,40.2677584756,0,0,0,12,12,2018,542
compact51__paper_roles,2019-12-02 00:00:00,16.2087683332,43.2018359022,0,0,0,12,12,3780,1003
compact51__paper_roles,2019-12-02 01:00:00,22.0287175586,67.3199289768,0,0,0,12,12,7194,5020
compact51__paper_roles,2019-12-02 02:00:00,22.3861218819,69.6310436773,0,0,0,12,12,7323,5126
compact51__paper_roles,2019-12-02 03:00:00,21.887199366,69.4113845495,0,0,0,12,12,7162,5116
compact51__paper_roles,2019-12-02 04:00:00,17.6540450186,46.5475201873,0,0,0,12,12,4870,1734
compact51__paper_roles,2019-12-02 05:00:00,19.2476925084,46.9482455089,0,0,0,12,12,5951,1852
compact51__paper_roles,2019-12-02 06:00:00,17.7068048338,50.1907470018,0,0,0,12,12,4910,2725
compact51__paper_roles,2019-12-02 07:00:00,19.9350187621,53.4981789448,0,0,0,12,12,6318,3525
compact51__paper_roles,2019-12-02 08:00:00,19.8621578573,54.4905953729,0,0,0,12,12,6284,3700
compact51__paper_roles,2019-12-02 09:00:00,18.1071987657,54.0345838556,0,0,0,12,12,5196,3615
compact51__paper_roles,2019-12-02 10:00:00,15.8253260088,51.3782987051,0,0,0,12,12,3460,3020
compact51__paper_roles,2019-12-02 11:00:00,14.9949048243,50.0393047272,0,0,0,12,12,2815,2678
compact51__paper_roles,2019-12-02 12:00:00,16.1640569614,57.7771892211,0,0,0,12,12,3739,4230
compact51__paper_roles,2019-12-02 13:00:00,16.1455299291,57.4969829326,0,0,0,12,12,3722,4191
compact51__paper_roles,2019-12-02 14:00:00,13.7024575784,55.9164684758,0,0,0,12,12,1817,3965
compact51__paper_roles,2019-12-02 15:00:00,14.2053512413,54.6102204019,0,0,0,12,12,2180,3722
compact51__paper_roles,2019-12-02 16:00:00,14.2646176364,57.531930626,0,0,0,12,12,2224,4201
compact51__paper_roles,2019-12-02 17:00:00,15.4635754802,62.7411533433,0,0,0,12,12,3162,4717
compact51__paper_roles,2019-12-02 18:00:00,16.0833038464,61.5723209527,0,0,0,12,12,3668,4627
compact51__paper_roles,2019-12-02 19:00:00,15.3019694215,58.8700212802,0,0,0,12,12,3062,4354
compact51__paper_roles,2019-12-02 20:00:00,16.4110522562,56.0369474284,0,0,0,12,12,3922,3984
compact51__paper_roles,2019-12-02 21:00:00,16.4289993391,54.0599772795,0,0,0,12,12,3943,3626
compact51__paper_roles,2019-12-02 22:00:00,22.8623593712,63.7508529037,0,0,0,12,12,7459,4791
compact51__paper_roles,2019-12-02 23:00:00,20.2134280642,63.1456219057,0,0,0,12,12,6440,4747
compact51__paper_roles,2019-12-03 00:00:00,19.0688776592,53.4940975702,0,0,0,12,12,5845,3523
compact51__paper_roles,2019-12-03 01:00:00,21.9899544089,52.9226207501,0,0,0,12,12,7189,3386
compact51__paper_roles,2019-12-03 02:00:00,21.3676575006,52.0705268283,0,0,0,12,12,6950,3177
compact51__paper_roles,2019-12-03 03:00:00,19.1172413547,51.7513497834,0,0,0,12,12,5875,3109
compact51__paper_roles,2019-12-03 04:00:00,20.6956631882,51.7528838243,0,0,0,12,12,6641,3110
compact51__paper_roles,2019-12-03 05:00:00,18.3154281001,50.3398982967,0,0,0,12,12,5325,2758
compact51__paper_roles,2019-12-03 06:00:00,15.1187615748,47.5663323747,0,0,0,12,12,2909,2028
compact51__paper_roles,2019-12-03 07:00:00,13.930055812,50.4950654097,0,0,0,12,12,1987,2798
compact51__paper_roles,2019-12-03 08:00:00,12.9553080135,55.6443872448,0,0,0,12,12,1335,3912
compact51__paper_roles,2019-12-03 09:00:00,15.8778304276,79.594440991,0,0,0,12,12,3518,5540
compact51__paper_roles,2019-12-03 10:00:00,17.9053301089,311.982785684,0,0,0,13,12,5046,7959
compact51__paper_roles,2019-12-03 11:00:00,17.6791726798,136.871198775,0,0,0,12,12,4890,6893
compact51__paper_roles,2019-12-03 12:00:00,16.6069827919,169.531135596,0,0,0,12,12,4077,7260
compact51__paper_roles,2019-12-03 13:00:00,14.261584203,76.4557897255,0,0,0,12,12,2221,5419
compact51__paper_roles,2019-12-03 14:00:00,13.6948902877,55.6113889024,0,0,0,12,12,1811,3910
compact51__paper_roles,2019-12-03 15:00:00,11.3543131993,50.6176069248,0,0,0,12,12,484,2825
compact51__paper_roles,2019-12-03 16:00:00,12.9440499605,53.0072487192,0,0,0,12,12,1327,3404
compact51__paper_roles,2019-12-03 17:00:00,18.5668720655,114.365315025,0,0,0,12,12,5501,6516
compact51__paper_roles,2019-12-03 18:00:00,13.4682788474,47.8455978717,0,0,0,12,12,1661,2098
compact51__paper_roles,2019-12-03 19:00:00,12.220595288,48.1528493311,0,0,0,12,12,911,2188
compact51__paper_roles,2019-12-03 20:00:00,15.9165085361,45.539529303,0,0,0,12,12,3547,1498
compact51__paper_roles,2019-12-03 21:00:00,12.3826095155,47.5083429556,0,0,0,12,12,992,2013
compact51__paper_roles,2019-12-03 22:00:00,13.3438626729,48.2953943823,0,0,0,12,12,1585,2238
compact51__paper_roles,2019-12-03 23:00:00,14.5888528175,56.6661965806,0,0,0,12,12,2484,4086
compact51__paper_roles,2019-12-04 00:00:00,13.168301765,45.072016795,0,0,0,12,12,1479,1385
compact51__paper_roles,2019-12-04 01:00:00,14.1224924693,47.2517596644,0,0,0,13,12,2119,1943
compact51__paper_roles,2019-12-04 02:00:00,13.8332110196,50.7986451711,0,0,0,12,12,1910,2877
compact51__paper_roles,2019-12-04 03:00:00,15.5943579076,46.872101098,0,0,0,12,12,3276,1824
compact51__paper_roles,2019-12-04 04:00:00,13.6232585172,45.0481117407,0,0,0,12,12,1766,1383
compact51__paper_roles,2019-12-04 05:00:00,15.8721107719,46.583721419,0,0,0,12,12,3513,1749
compact51__paper_roles,2019-12-04 06:00:00,18.0427831939,51.7771881256,0,0,0,12,12,5150,3120
compact51__paper_roles,2019-12-04 07:00:00,15.7771625415,50.5081955386,0,0,0,12,12,3429,2803
compact51__paper_roles,2019-12-04 08:00:00,13.6751251394,49.605165216,0,0,0,12,12,1799,2572
compact51__paper_roles,2019-12-04 09:00:00,14.5875881179,49.7380114927,0,0,0,12,12,2481,2601
compact51__paper_roles,2019-12-04 10:00:00,14.1399462687,52.8290514656,0,0,0,12,12,2125,3357
compact51__paper_roles,2019-12-04 11:00:00,12.405730148,53.0076347867,0,0,0,12,12,1007,3405
compact51__paper_roles,2019-12-04 12:00:00,11.3038274175,56.8904245828,0,0,0,12,12,466,4122
compact51__paper_roles,2019-12-04 13:00:00,12.5624674457,59.2458417328,0,0,0,12,12,1111,4401
compact51__paper_roles,2019-12-04 14:00:00,12.660098865,58.974854234,0,0,0,12,12,1164,4363
compact51__paper_roles,2019-12-04 15:00:00,11.6793554852,55.4638566393,0,0,0,12,12,626,3878
compact51__paper_roles,2019-12-04 16:00:00,14.1108947806,60.0872846277,0,0,0,12,12,2109,4496
compact51__paper_roles,2019-12-04 17:00:00,15.9729748273,64.0738860566,0,0,0,13,13,3589,4810
compact51__paper_roles,2019-12-04 18:00:00,13.6534123542,55.8221249424,0,0,0,12,12,1785,3951
compact51__paper_roles,2019-12-04 19:00:00,12.9014904971,55.6688408971,0,0,0,13,13,1295,3924
compact51__paper_roles,2019-12-04 20:00:00,14.2997286748,59.509293684,0,0,0,12,12,2264,4436
compact51__paper_roles,2019-12-04 21:00:00,16.0397041026,61.6363311662,0,0,0,12,12,3638,4633
compact51__paper_roles,2019-12-04 22:00:00,18.0889252388,61.2484765072,0,0,0,12,12,5183,4601
compact51__paper_roles,2019-12-04 23:00:00,18.9904361598,60.3693106402,0,0,0,12,12,5790,4520
compact51__paper_roles,2019-12-05 00:00:00,23.2389544913,63.9004064741,0,0,0,12,12,7564,4800
compact51__paper_roles,2019-12-05 01:00:00,24.8048055494,53.040994951,0,0,0,12,12,7908,3416
compact51__paper_roles,2019-12-05 02:00:00,25.6495627798,76.8024778183,0,0,0,12,12,8071,5425
compact51__paper_roles,2019-12-05 03:00:00,26.5867966779,210.731988442,0,0,0,12,12,8227,7554
compact51__paper_roles,2019-12-05 04:00:00,25.0778696333,88.2352833861,0,0,0,12,12,7968,5846
compact51__paper_roles,2019-12-05 05:00:00,22.7853209185,66.8738923248,0,0,0,12,12,7440,4997
compact51__paper_roles,2019-12-05 06:00:00,22.2104241135,65.4159861587,0,0,0,12,12,7259,4916
compact51__paper_roles,2019-12-05 07:00:00,20.4054568068,89.1069351851,0,0,0,12,12,6533,5879
compact51__paper_roles,2019-12-05 08:00:00,15.1921580132,48.6248769452,0,0,0,12,12,2969,2326
compact51__paper_roles,2019-12-05 09:00:00,16.0398856956,62.6307021124,0,0,0,12,12,3639,4706
compact51__paper_roles,2019-12-05 10:00:00,18.2623010487,161.331468643,0,0,0,12,12,5299,7185
compact51__paper_roles,2019-12-05 11:00:00,17.0859783198,204.053438541,0,0,0,12,12,4437,7515
compact51__paper_roles,2019-12-05 12:00:00,15.7108581048,146.164007015,0,0,0,12,12,3377,7011
compact51__paper_roles,2019-12-05 13:00:00,16.6356848319,204.822777176,0,0,0,12,12,4103,7523
compact51__paper_roles,2019-12-05 14:00:00,14.4514115035,63.4486674005,0,0,0,12,12,2375,4769
compact51__paper_roles,2019-12-05 15:00:00,11.3826455007,50.3280692032,0,0,0,12,12,500,2754
compact51__paper_roles,2019-12-05 16:00:00,12.2948246091,50.553930581,0,0,0,12,12,956,2813
compact51__paper_roles,2019-12-05 17:00:00,15.1739940909,98.3207924668,0,0,0,12,12,2952,6164
compact51__paper_roles,2019-12-05 18:00:00,14.3178229896,416.57379871,0,0,0,12,12,2279,8153
compact51__paper_roles,2019-12-05 19:00:00,13.6719015876,91.7889668312,0,0,0,12,12,1797,5962
compact51__paper_roles,2019-12-05 20:00:00,12.6821241985,45.9305292567,0,0,0,12,12,1175,1595
compact51__paper_roles,2019-12-05 21:00:00,12.5311977548,46.5488560619,0,0,0,12,12,1092,1735
compact51__paper_roles,2019-12-05 22:00:00,15.4338772096,106.220732499,0,0,0,12,12,3143,6363
compact51__paper_roles,2019-12-05 23:00:00,21.5398310771,83.3735320587,0,0,0,12,12,7032,5682
compact51__paper_roles,2019-12-06 00:00:00,19.4731435713,236.250019687,0,0,0,12,12,6070,7696
compact51__paper_roles,2019-12-06 01:00:00,21.3114415929,391.634924976,0,0,0,12,12,6923,8127
compact51__paper_roles,2019-12-06 02:00:00,21.0848954189,298.901287759,0,0,0,12,12,6826,7922
compact51__paper_roles,2019-12-06 03:00:00,20.783606133,152.506264954,0,0,0,12,12,6681,7084
compact51__paper_roles,2019-12-06 04:00:00,20.3115434627,100.296676915,0,0,0,12,12,6486,6218
compact51__paper_roles,2019-12-06 05:00:00,19.0860016676,75.6011863634,0,0,0,12,12,5860,5381
compact51__paper_roles,2019-12-06 06:00:00,14.9981444346,46.9426581369,0,0,0,12,12,2818,1846
compact51__paper_roles,2019-12-06 07:00:00,14.5903732093,49.6329935562,0,0,0,12,12,2487,2580
compact51__paper_roles,2019-12-06 08:00:00,14.2791551919,49.382875332,0,0,0,12,12,2239,2507
compact51__paper_roles,2019-12-06 09:00:00,14.0141535279,342.339707465,0,0,0,12,12,2034,8039
compact51__paper_roles,2019-12-06 10:00:00,14.1749101018,1271.70863344,1,0,0,12,12,2150,8544
compact51__paper_roles,2019-12-06 11:00:00,14.9715241945,415.237912092,1,0,0,12,12,2791,8152
compact51__paper_roles,2019-12-06 12:00:00,14.4968630132,7109.73824525,1,0,0,12,12,2413,8727
compact51__paper_roles,2019-12-06 13:00:00,14.4509637163,318.410901423,0,0,0,12,12,2374,7980
compact51__paper_roles,2019-12-06 14:00:00,14.144406985,152.414442496,0,0,0,12,12,2128,7080
compact51__paper_roles,2019-12-06 15:00:00,14.06669025,67.6775638856,0,0,0,12,12,2068,5044
compact51__paper_roles,2019-12-06 16:00:00,15.1044261485,89.5890295568,0,0,0,12,12,2898,5894
compact51__paper_roles,2019-12-06 17:00:00,14.0419852546,102.804714296,0,0,0,12,12,2051,6279
compact51__paper_roles,2019-12-06 18:00:00,13.6302716166,80.1952629027,0,0,0,12,12,1770,5559
compact51__paper_roles,2019-12-06 19:00:00,11.5867529547,51.6619786544,0,0,0,12,12,589,3081
compact51__paper_roles,2019-12-06 20:00:00,14.645892516,52.6004518992,0,0,0,12,12,2535,3309
compact51__paper_roles,2019-12-06 21:00:00,13.2429906705,51.4575468775,0,0,0,12,12,1526,3036
compact51__paper_roles,2019-12-06 22:00:00,18.7236879126,56.2786965807,0,0,0,12,12,5618,4019
compact51__paper_roles,2019-12-06 23:00:00,20.6161895609,63.554900118,0,0,0,12,12,6613,4776
compact51__paper_roles,2019-12-07 00:00:00,27.8383751392,82.9290373021,0,0,0,12,12,8370,5666
compact51__paper_roles,2019-12-07 01:00:00,23.7132062965,57.5096918293,0,0,0,12,12,7677,4196
compact51__paper_roles,2019-12-07 02:00:00,21.7316750333,48.9047453684,0,0,0,12,12,7098,2393
compact51__paper_roles,2019-12-07 03:00:00,20.659606,55.9583607888,0,0,0,12,12,6626,3971
compact51__paper_roles,2019-12-07 04:00:00,19.7450970241,41.0977115399,0,0,0,12,12,6223,668
compact51__paper_roles,2019-12-07 05:00:00,20.860194614,61.6744278176,0,0,0,12,12,6722,4642
compact51__paper_roles,2019-12-07 06:00:00,22.1584689375,3402.18333929,1,0,0,12,12,7241,8677
compact51__paper_roles,2019-12-07 07:00:00,19.9465411853,51.7373318134,0,0,0,12,12,6322,3102
compact51__paper_roles,2019-12-07 08:00:00,17.4815338952,51.5335117691,0,0,0,12,12,4743,3055
compact51__paper_roles,2019-12-07 09:00:00,17.5196920256,74.881840552,0,0,0,12,12,4765,5348
compact51__paper_roles,2019-12-07 10:00:00,15.4990485621,123.499311036,1,0,0,12,12,3190,6695
compact51__paper_roles,2019-12-07 11:00:00,15.8374072891,50.3764291713,0,0,0,12,12,3476,2769
compact51__paper_roles,2019-12-07 12:00:00,20.9103699663,50394.2039206,0,0,0,12,12,6743,8754
compact51__paper_roles,2019-12-07 13:00:00,19.0642197003,333.701606777,0,0,0,12,12,5842,8017
compact51__paper_roles,2019-12-07 14:00:00,15.4205781143,157.269310603,0,0,0,12,12,3135,7136
compact51__paper_roles,2019-12-07 15:00:00,13.8613506854,87.4008987329,0,0,0,12,12,1927,5822
compact51__paper_roles,2019-12-07 16:00:00,12.2236567559,48.347135477,0,0,0,12,12,913,2261
compact51__paper_roles,2019-12-07 17:00:00,14.570928969,123.148582326,0,0,0,12,12,2471,6686
compact51__paper_roles,2019-12-07 18:00:00,13.4100887054,121.814080626,0,0,0,12,12,1625,6658
compact51__paper_roles,2019-12-07 19:00:00,10.9198552998,45.0732661969,0,0,0,12,12,334,1386
compact51__paper_roles,2019-12-07 20:00:00,10.8646913531,43.1921766036,0,0,0,12,12,315,1001
compact51__paper_roles,2019-12-07 21:00:00,9.80534305153,42.206608893,0,0,0,12,12,103,836
compact51__paper_roles,2019-12-07 22:00:00,11.7732745374,44.3881872992,0,0,0,12,12,654,1241
compact51__paper_roles,2019-12-07 23:00:00,21.2301090026,55.5406832446,0,0,0,13,12,6891,3897
compact51__paper_roles,2019-12-08 00:00:00,17.9330936707,45.1052606904,0,0,0,12,12,5076,1394
compact51__paper_roles,2019-12-08 01:00:00,17.3367753575,46.4449758094,0,0,0,12,12,4634,1709
compact51__paper_roles,2019-12-08 02:00:00,17.7358397761,47.4132963222,0,0,0,12,12,4927,1985
compact51__paper_roles,2019-12-08 03:00:00,20.1793171973,42.0187231825,0,0,0,12,12,6426,803
compact51__paper_roles,2019-12-08 04:00:00,19.3716423043,38.4216241939,0,0,0,12,12,6025,340
compact51__paper_roles,2019-12-08 05:00:00,18.8584079867,37.0004948285,0,0,0,12,12,5705,243
compact51__paper_roles,2019-12-08 06:00:00,20.148177457,40.2110017874,0,0,0,12,12,6417,531
compact51__paper_roles,2019-12-08 07:00:00,20.7543211641,41.6608526284,0,0,0,12,12,6670,756
compact51__paper_roles,2019-12-08 08:00:00,20.0760726094,59.9983940678,0,0,0,12,12,6386,4482
compact51__paper_roles,2019-12-08 09:00:00,22.2354308261,85.5415651459,0,0,0,12,12,7269,5774
compact51__paper_roles,2019-12-08 10:00:00,19.5683970277,71.854979342,0,0,0,12,12,6135,5222
compact51__paper_roles,2019-12-08 11:00:00,19.7301759041,97.9117600321,0,0,0,12,12,6214,6155
compact51__paper_roles,2019-12-08 12:00:00,20.3445052842,91.9551375456,0,0,0,12,12,6502,5970
compact51__paper_roles,2019-12-08 13:00:00,20.2726118224,130.902944329,0,0,0,13,13,6473,6812
compact51__paper_roles,2019-12-08 14:00:00,19.0389421988,115.634882881,0,0,0,12,12,5823,6541
compact51__paper_roles,2019-12-08 15:00:00,17.598600996,84.1344274328,0,0,0,12,12,4827,5717
compact51__paper_roles,2019-12-08 16:00:00,19.4737044771,120.171515228,0,0,0,12,12,6071,6618
compact51__paper_roles,2019-12-08 17:00:00,24.8986486207,83.1747484432,0,0,0,12,12,7931,5673
compact51__paper_roles,2019-12-08 18:00:00,23.1621605391,120.022086895,0,0,0,12,12,7542,6610
compact51__paper_roles,2019-12-08 19:00:00,22.216275643,74.0569805702,0,0,0,12,12,7263,5316
compact51__paper_roles,2019-12-08 20:00:00,21.4189124144,99.2592313493,0,0,0,12,12,6973,6188
compact51__paper_roles,2019-12-08 21:00:00,19.5840988147,82.3091174127,0,0,0,12,12,6143,5643
compact51__paper_roles,2019-12-08 22:00:00,16.7423685595,60.2744528451,0,0,0,12,12,4182,4513
compact51__paper_roles,2019-12-08 23:00:00,18.739042399,356.673483698,0,0,0,13,13,5625,8074
compact51__paper_roles,2019-12-09 00:00:00,18.7585348133,92.7685163083,0,0,0,12,12,5637,6002
compact51__paper_roles,2019-12-09 01:00:00,19.0829294812,131.671914059,1,0,0,12,12,5857,6823
compact51__paper_roles,2019-12-09 02:00:00,21.1991739774,697.179341611,1,0,0,12,12,6878,8400
compact51__paper_roles,2019-12-09 03:00:00,20.4459164126,853.628674605,1,0,0,12,12,6551,8452
compact51__paper_roles,2019-12-09 04:00:00,20.1103086864,1096.71794851,0,0,0,12,12,6403,8515
compact51__paper_roles,2019-12-09 05:00:00,18.7179295188,157.750064199,0,0,0,12,12,5612,7143
compact51__paper_roles,2019-12-09 06:00:00,23.4759499774,855.75356325,1,0,0,12,12,7620,8453
compact51__paper_roles,2019-12-09 07:00:00,20.5804973801,433.114497492,0,0,0,12,12,6600,8173
compact51__paper_roles,2019-12-09 08:00:00,18.6397571415,147.636149045,0,0,0,12,12,5554,7027
compact51__paper_roles,2019-12-09 09:00:00,18.5335890004,183.15563747,0,0,0,12,12,5475,7368
compact51__paper_roles,2019-12-09 10:00:00,18.6388836985,121.011165393,0,0,0,12,12,5553,6642
compact51__paper_roles,2019-12-09 11:00:00,22.268649265,425.772999061,0,0,0,10,9,7277,8163
compact51__paper_roles,2019-12-09 12:00:00,19.3364149962,105.820905657,0,0,0,12,12,6000,6355
compact51__paper_roles,2019-12-09 13:00:00,16.4270838602,79.9234364362,0,0,0,12,12,3938,5551
compact51__paper_roles,2019-12-09 14:00:00,17.3041001044,124.526696806,0,0,0,12,12,4615,6708
compact51__paper_roles,2019-12-09 15:00:00,15.650850701,79.0441641481,0,0,0,12,12,3319,5510
compact51__paper_roles,2019-12-09 16:00:00,13.4247987504,73.5470720264,0,0,0,12,12,1637,5282
compact51__paper_roles,2019-12-09 17:00:00,15.849476061,204.747646629,0,0,0,12,12,3489,7521
compact51__paper_roles,2019-12-09 18:00:00,13.9094297505,126.019273457,0,0,0,11,11,1963,6735
compact51__paper_roles,2019-12-09 19:00:00,18.2790596724,398.901520574,0,0,0,13,13,5309,8138
compact51__paper_roles,2019-12-09 20:00:00,17.4257673944,509.745352574,0,0,0,12,12,4705,8262
compact51__paper_roles,2019-12-09 21:00:00,21.7404821891,120.774313496,0,0,0,12,12,7101,6639
compact51__paper_roles,2019-12-09 22:00:00,16.1301821571,156.723998804,0,0,0,12,12,3710,7131
compact51__paper_roles,2019-12-09 23:00:00,15.7094677158,98.0965034275,0,0,0,12,12,3374,6158
compact51__paper_roles,2019-12-10 00:00:00,16.4534319506,124.7026637,0,0,0,12,12,3973,6711
compact51__paper_roles,2019-12-10 01:00:00,23.682592855,893.087724655,0,0,0,12,12,7672,8466
compact51__paper_roles,2019-12-10 02:00:00,26.575382237,1688.52897139,1,0,0,12,12,8224,8587
compact51__paper_roles,2019-12-10 03:00:00,27.9175437481,2228.93146787,1,0,0,12,12,8381,8635
compact51__paper_roles,2019-12-10 04:00:00,24.8553995151,2436.23764782,1,0,0,12,12,7916,8648
compact51__paper_roles,2019-12-10 05:00:00,22.6205342391,1183.37186261,1,0,0,12,12,7394,8533
compact51__paper_roles,2019-12-10 06:00:00,18.6330929528,166.491958003,0,0,0,12,12,5550,7234
compact51__paper_roles,2019-12-10 07:00:00,20.2226068559,238.65524031,0,0,0,11,11,6443,7706
compact51__paper_roles,2019-12-10 08:00:00,21.314629262,221.702770871,0,0,0,12,12,6924,7611
compact51__paper_roles,2019-12-10 09:00:00,21.3435929711,1270.31804296,1,0,0,12,12,6939,8543
compact51__paper_roles,2019-12-10 10:00:00,19.2218293369,1444.17030036,1,0,0,12,12,5933,8569
compact51__paper_roles,2019-12-10 11:00:00,17.5280955003,547.066443769,1,0,0,12,12,4775,8293
compact51__paper_roles,2019-12-10 12:00:00,21.8163427176,482.903666442,1,0,0,12,12,7134,8229
compact51__paper_roles,2019-12-10 13:00:00,22.4299003397,506.735774323,1,0,0,12,12,7338,8258
compact51__paper_roles,2019-12-10 14:00:00,21.1302226767,366.110796924,1,0,0,12,12,6848,8093
compact51__paper_roles,2019-12-10 15:00:00,22.1765584956,12076.2042449,0,0,0,12,12,7246,8738
compact51__paper_roles,2019-12-10 16:00:00,20.6494585672,535.419934597,0,0,0,12,12,6621,8288
compact51__paper_roles,2019-12-10 17:00:00,20.6876127598,969.042076221,0,0,0,12,12,6637,8487
compact51__paper_roles,2019-12-10 18:00:00,19.5257289466,387.58742948,0,0,0,12,12,6111,8122
compact51__paper_roles,2019-12-10 19:00:00,20.2475514557,2627.66091304,0,0,0,12,12,6457,8654
compact51__paper_roles,2019-12-10 20:00:00,21.7842320937,1010.51459444,1,0,0,12,12,7123,8497
compact51__paper_roles,2019-12-10 21:00:00,23.0538014814,396.232098462,0,0,0,12,12,7510,8133
compact51__paper_roles,2019-12-10 22:00:00,22.2016578588,306.463863699,0,0,0,12,12,7256,7946
compact51__paper_roles,2019-12-10 23:00:00,24.2606426261,187.641926103,0,0,0,12,12,7803,7399
compact51__paper_roles,2019-12-11 00:00:00,20.6802955625,125.673764601,0,0,0,12,12,6633,6727
compact51__paper_roles,2019-12-11 01:00:00,20.1898723395,79.6628406226,0,0,0,12,12,6428,5543
compact51__paper_roles,2019-12-11 02:00:00,24.6045925187,105.978913095,0,0,0,12,12,7871,6357
compact51__paper_roles,2019-12-11 03:00:00,22.1644998731,109.628968321,0,0,0,12,12,7242,6427
compact51__paper_roles,2019-12-11 04:00:00,21.3360788354,96.3608870309,0,0,0,12,12,6933,6120
compact51__paper_roles,2019-12-11 05:00:00,21.1831734784,77.0469203004,0,0,0,12,12,6870,5435
compact51__paper_roles,2019-12-11 06:00:00,18.6900808377,52.1460926112,0,0,0,12,12,5594,3203
compact51__paper_roles,2019-12-11 07:00:00,21.3861429072,48.2522566081,0,0,0,12,12,6955,2217
compact51__paper_roles,2019-12-11 08:00:00,21.7683835903,47.6216156364,0,0,0,12,12,7111,2044
compact51__paper_roles,2019-12-11 09:00:00,19.1501888658,46.9743786488,0,0,0,12,12,5895,1861
compact51__paper_roles,2019-12-11 10:00:00,18.0355325449,46.4539236787,0,0,0,12,12,5147,1711
compact51__paper_roles,2019-12-11 11:00:00,18.4502290105,52.5584871358,0,0,0,10,10,5424,3298
compact51__paper_roles,2019-12-11 12:00:00,15.5262878346,52.5532639947,0,0,0,12,12,3214,3296
compact51__paper_roles,2019-12-11 13:00:00,16.6538725487,204.187248278,0,0,0,11,11,4117,7516
compact51__paper_roles,2019-12-11 14:00:00,18.2304383628,3433.87586427,1,0,0,12,12,5280,8680
compact51__paper_roles,2019-12-11 15:00:00,17.9378507683,653.137131871,1,0,0,12,12,5078,8366
compact51__paper_roles,2019-12-11 16:00:00,21.8422889829,345.964624749,1,0,0,12,12,7148,8050
compact51__paper_roles,2019-12-11 17:00:00,27.2537036053,560.753922402,1,0,0,12,12,8315,8303
compact51__paper_roles,2019-12-11 18:00:00,25.9279092502,434.875619794,1,0,0,12,12,8120,8176
compact51__paper_roles,2019-12-11 19:00:00,23.1220934418,605.690932004,1,0,0,12,12,7534,8342
compact51__paper_roles,2019-12-11 20:00:00,18.670754872,778.499904629,0,0,0,12,12,5577,8430
compact51__paper_roles,2019-12-11 21:00:00,19.3594212716,280.822648225,0,0,0,12,12,6016,7869
compact51__paper_roles,2019-12-11 22:00:00,17.638408443,90.8099981509,0,0,0,12,12,4858,5931
compact51__paper_roles,2019-12-11 23:00:00,18.3324473784,43.5691114351,0,0,0,12,12,5340,1073
compact51__paper_roles,2019-12-12 00:00:00,18.5045478757,88.1334476923,0,0,0,12,12,5454,5841
compact51__paper_roles,2019-12-12 01:00:00,18.2132384407,54.4087356283,0,0,0,12,12,5268,3687
compact51__paper_roles,2019-12-12 02:00:00,17.6164223583,55.1728449355,0,0,0,12,12,4841,3821
compact51__paper_roles,2019-12-12 03:00:00,14.5558105375,45.9354726004,0,0,0,12,12,2456,1597
compact51__paper_roles,2019-12-12 04:00:00,16.3220860321,46.1247360558,0,0,0,12,12,3859,1638
compact51__paper_roles,2019-12-12 05:00:00,15.1516008787,40.0853220177,0,0,0,12,12,2939,519
compact51__paper_roles,2019-12-12 06:00:00,19.544084773,485.500738643,0,0,0,12,12,6119,8233
compact51__paper_roles,2019-12-12 07:00:00,24.4333796823,922.428391942,0,0,0,12,12,7842,8473
compact51__paper_roles,2019-12-12 08:00:00,16.9215591626,192.365524215,0,0,0,12,12,4306,7431
compact51__paper_roles,2019-12-12 09:00:00,14.7121475975,80.6905360539,0,0,0,12,12,2582,5580
compact51__paper_roles,2019-12-12 10:00:00,16.4015582804,208.972567184,1,0,0,12,12,3911,7545
compact51__paper_roles,2019-12-12 11:00:00,13.4675049374,190.320115306,0,0,0,7,7,1660,7413
compact51__paper_roles,2019-12-12 12:00:00,12.2198771587,61.0713944824,0,7,0,0,0,909,4589
compact51__paper_roles,2019-12-12 13:00:00,11.3056985805,53.6965469963,0,0,0,10,10,468,3557
compact51__paper_roles,2019-12-12 14:00:00,12.6173003784,60.0462290479,0,0,0,12,12,1133,4489
compact51__paper_roles,2019-12-12 15:00:00,12.6304069515,55.1807565593,0,0,0,12,12,1141,3823
compact51__paper_roles,2019-12-12 16:00:00,13.0878628264,60.5087831038,0,0,0,7,7,1422,4527
compact51__paper_roles,2019-12-12 17:00:00,17.3849078875,63.3753646471,0,0,0,12,12,4675,4764
compact51__paper_roles,2019-12-12 18:00:00,17.930988312,58.7210357616,0,0,0,12,12,5072,4339
compact51__paper_roles,2019-12-12 19:00:00,17.3373540763,58.8155287873,0,0,0,12,12,4636,4346
compact51__paper_roles,2019-12-12 20:00:00,20.6522014299,277.942455465,0,0,0,12,12,6624,7849
compact51__paper_roles,2019-12-12 21:00:00,20.037090555,653.734861926,1,0,0,12,12,6369,8367
compact51__paper_roles,2019-12-12 22:00:00,18.0717716004,755.308384066,0,0,0,12,12,5167,8420
compact51__paper_roles,2019-12-12 23:00:00,18.1199756989,112.801110282,0,0,0,12,12,5212,6492
compact51__paper_roles,2019-12-13 00:00:00,20.8278174264,235.997478342,0,0,0,12,12,6705,7694
compact51__paper_roles,2019-12-13 01:00:00,21.7706296376,171.73215851,0,0,0,12,12,7113,7286
compact51__paper_roles,2019-12-13 02:00:00,20.1659734016,135.810792571,0,0,0,12,12,6424,6881
compact51__paper_roles,2019-12-13 03:00:00,20.8102617607,160.740403917,0,0,0,12,12,6696,7175
compact51__paper_roles,2019-12-13 04:00:00,20.8084265775,132.458371311,0,0,0,12,12,6695,6837
compact51__paper_roles,2019-12-13 05:00:00,22.0619560867,241.714527079,0,0,0,12,12,7205,7719
compact51__paper_roles,2019-12-13 06:00:00,20.6161172293,107.352666985,0,0,0,13,13,6612,6383
compact51__paper_roles,2019-12-13 07:00:00,22.7151914943,356.02451722,0,0,0,12,12,7422,8073
compact51__paper_roles,2019-12-13 08:00:00,20.820756038,143.558653984,0,0,0,12,12,6700,6983
compact51__paper_roles,2019-12-13 09:00:00,18.951945744,139.675667522,0,0,0,12,12,5763,6930
compact51__paper_roles,2019-12-13 10:00:00,16.6385081427,81.1654565248,0,0,0,11,11,4105,5604
compact51__paper_roles,2019-12-13 11:00:00,16.590988939,83.283762494,0,0,0,11,11,4065,5680
compact51__paper_roles,2019-12-13 12:00:00,14.9657820634,44.819072391,0,0,0,12,12,2783,1334
compact51__paper_roles,2019-12-13 13:00:00,15.1814833872,51.1219740611,0,0,0,11,11,2959,2956
compact51__paper_roles,2019-12-13 14:00:00,14.990305631,47.4610608038,0,0,0,12,12,2807,1999
compact51__paper_roles,2019-12-13 15:00:00,18.5619393746,51.8111908429,0,0,0,9,8,5496,3128
compact51__paper_roles,2019-12-13 16:00:00,17.5898622708,50.5057687234,0,0,0,12,12,4819,2802
compact51__paper_roles,2019-12-13 17:00:00,20.7461920136,90.0800954542,0,0,0,12,12,6669,5913
compact51__paper_roles,2019-12-13 18:00:00,17.2442219382,61.9618310986,0,0,0,12,12,4569,4660
compact51__paper_roles,2019-12-13 19:00:00,18.8022522945,109.349269065,0,0,0,12,12,5663,6421
compact51__paper_roles,2019-12-13 20:00:00,17.6990004713,158.979971233,0,0,0,14,14,4901,7159
compact51__paper_roles,2019-12-13 21:00:00,17.4415129497,158.959693198,0,0,0,10,10,4716,7157
compact51__paper_roles,2019-12-13 22:00:00,14.4285349106,80.2008661943,0,0,0,12,12,2360,5560
compact51__paper_roles,2019-12-13 23:00:00,15.3047321718,51.6300137113,0,0,0,12,12,3065,3071
compact51__paper_roles,2019-12-14 00:00:00,18.5757064613,412.286041443,0,0,0,12,12,5511,8150
compact51__paper_roles,2019-12-14 01:00:00,20.7981030908,1660.00631938,1,0,0,12,12,6689,8583
compact51__paper_roles,2019-12-14 02:00:00,22.5268413189,1374.35446619,1,0,0,12,12,7360,8555
compact51__paper_roles,2019-12-14 03:00:00,24.8640172915,2827.42510585,1,0,0,12,12,7919,8660
compact51__paper_roles,2019-12-14 04:00:00,25.7460820723,359.609858378,1,0,0,12,12,8088,8083
compact51__paper_roles,2019-12-14 05:00:00,23.5341138475,323.00286745,1,0,0,12,12,7633,7989
compact51__paper_roles,2019-12-14 06:00:00,21.9163257093,275.632828646,1,0,0,12,12,7171,7842
compact51__paper_roles,2019-12-14 07:00:00,23.8310238476,284.104152556,1,0,0,12,12,7715,7879
compact51__paper_roles,2019-12-14 08:00:00,23.1007261015,327.034151032,1,0,0,12,12,7522,8001
compact51__paper_roles,2019-12-14 09:00:00,20.0208408151,136.663904728,1,0,0,12,12,6359,6889
compact51__paper_roles,2019-12-14 10:00:00,20.1011885388,180.829835261,1,0,0,12,12,6399,7353
compact51__paper_roles,2019-12-14 11:00:00,18.4693454776,179.07495607,1,0,0,12,12,5431,7340
compact51__paper_roles,2019-12-14 12:00:00,20.4499376896,139.700543513,1,0,0,12,12,6553,6932
compact51__paper_roles,2019-12-14 13:00:00,20.0210014945,144.639929561,1,0,0,12,12,6361,6992
compact51__paper_roles,2019-12-14 14:00:00,18.8670043655,209.999783311,1,0,0,12,12,5711,7552
compact51__paper_roles,2019-12-14 15:00:00,19.3583762897,190.773475574,1,0,0,12,12,6015,7417
compact51__paper_roles,2019-12-14 16:00:00,17.5924591556,154.108067233,1,0,0,12,12,4823,7104
compact51__paper_roles,2019-12-14 17:00:00,17.2382732052,156.113473268,1,0,0,12,12,4561,7127
compact51__paper_roles,2019-12-14 18:00:00,17.612810843,184.310464,1,0,0,12,12,4838,7376
compact51__paper_roles,2019-12-14 19:00:00,19.3691941596,230.089717169,1,0,0,12,12,6022,7658
compact51__paper_roles,2019-12-14 20:00:00,17.7065687313,538.278440537,1,0,0,12,12,4909,8291
compact51__paper_roles,2019-12-14 21:00:00,15.5590172246,4526.93202595,1,0,0,12,12,3238,8704
compact51__paper_roles,2019-12-14 22:00:00,19.3555641889,1123.68590369,0,0,0,12,12,6014,8522
compact51__paper_roles,2019-12-14 23:00:00,20.2353155872,655.102858647,1,0,0,12,12,6447,8368
compact51__paper_roles,2019-12-15 00:00:00,20.2458729468,250.638369112,1,0,0,12,12,6454,7763
compact51__paper_roles,2019-12-15 01:00:00,21.4117087274,564.00767668,1,0,0,12,12,6971,8309
compact51__paper_roles,2019-12-15 02:00:00,20.7423360503,1612.64028581,0,0,0,12,12,6667,8581
compact51__paper_roles,2019-12-15 03:00:00,21.6144300221,1839.09336797,0,0,0,12,12,7061,8604
compact51__paper_roles,2019-12-15 04:00:00,22.0815086699,4631.49140662,1,0,0,12,12,7214,8706
compact51__paper_roles,2019-12-15 05:00:00,20.6970550935,348.982986879,1,0,0,12,12,6645,8062
compact51__paper_roles,2019-12-15 06:00:00,21.2571518275,237.725592394,1,0,0,12,12,6902,7702
compact51__paper_roles,2019-12-15 07:00:00,20.4554194903,2698.24944817,1,0,0,12,12,6559,8656
compact51__paper_roles,2019-12-15 08:00:00,24.3237823066,2141.05971082,1,0,0,12,12,7814,8628
compact51__paper_roles,2019-12-15 09:00:00,26.7330446867,590.085407691,1,0,0,12,12,8249,8333
compact51__paper_roles,2019-12-15 10:00:00,24.5177074133,599.892389635,0,0,0,12,12,7855,8336
compact51__paper_roles,2019-12-15 11:00:00,24.3580053864,686.808853645,0,0,0,12,12,7820,8392
compact51__paper_roles,2019-12-15 12:00:00,21.9812547489,376.497126147,0,0,0,12,12,7185,8109
compact51__paper_roles,2019-12-15 13:00:00,21.5762327648,259.865415204,0,0,0,12,12,7043,7798
compact51__paper_roles,2019-12-15 14:00:00,20.0156851585,348.191052771,0,0,0,12,12,6354,8059
compact51__paper_roles,2019-12-15 15:00:00,19.4489689183,1116.27504748,0,0,0,12,12,6058,8521
compact51__paper_roles,2019-12-15 16:00:00,19.4455946051,2071.40106375,1,0,0,12,12,6055,8621
compact51__paper_roles,2019-12-15 17:00:00,19.2437361725,339.786490636,1,0,0,12,12,5946,8029
compact51__paper_roles,2019-12-15 18:00:00,20.0996923169,257.112850741,1,0,0,12,12,6396,7786
compact51__paper_roles,2019-12-15 19:00:00,20.8364174926,231.354802117,1,0,0,12,12,6710,7666
compact51__paper_roles,2019-12-15 20:00:00,18.8941345472,192.655145378,1,0,0,12,12,5724,7433
compact51__paper_roles,2019-12-15 21:00:00,16.6892090531,324.22724925,1,0,0,12,12,4140,7993
compact51__paper_roles,2019-12-15 22:00:00,19.514389758,1407.85973181,1,0,0,12,12,6104,8561
compact51__paper_roles,2019-12-15 23:00:00,24.8755985282,31912.3313916,0,0,0,12,12,7925,8751
compact51__paper_roles,2019-12-16 00:00:00,23.2690650566,357.366218476,1,0,0,12,12,7574,8077
compact51__paper_roles,2019-12-16 01:00:00,21.8235194891,3041.56955885,0,0,0,12,12,7138,8669
compact51__paper_roles,2019-12-16 02:00:00,21.2423916025,3054.07403696,1,0,0,12,12,6896,8671
compact51__paper_roles,2019-12-16 03:00:00,21.5412696599,1179.27134659,1,0,0,12,12,7033,8532
compact51__paper_roles,2019-12-16 04:00:00,24.4648163225,3046.8104233,0,0,0,13,12,7848,8670
compact51__paper_roles,2019-12-16 05:00:00,21.0800218587,1834.92823952,1,0,0,12,12,6822,8603
compact51__paper_roles,2019-12-16 06:00:00,21.4528701169,273.065484079,1,0,0,12,12,6990,7833
compact51__paper_roles,2019-12-16 07:00:00,19.4022132078,368.414084251,1,0,0,12,12,6043,8096
compact51__paper_roles,2019-12-16 08:00:00,18.3682031448,176.509269264,1,0,0,12,12,5369,7326
compact51__paper_roles,2019-12-16 09:00:00,14.5036449686,398.123444822,1,0,0,12,12,2417,8134
compact51__paper_roles,2019-12-16 10:00:00,15.3768127028,2082.62942267,1,0,0,12,12,3110,8622
compact51__paper_roles,2019-12-16 11:00:00,13.1054336137,408.583789425,0,0,0,12,12,1439,8146
compact51__paper_roles,2019-12-16 12:00:00,10.2201621021,73.6973428658,0,0,0,12,12,176,5292
compact51__paper_roles,2019-12-16 13:00:00,11.3501869663,63.8073493087,0,0,0,12,12,483,4795
compact51__paper_roles,2019-12-16 14:00:00,9.65926874722,39.0271685837,0,0,0,12,12,82,398
compact51__paper_roles,2019-12-16 15:00:00,9.81731347174,51.7451302052,0,0,0,12,12,105,3106
compact51__paper_roles,2019-12-16 16:00:00,11.6546800755,147.341525596,0,0,0,12,12,616,7025
compact51__paper_roles,2019-12-16 17:00:00,13.8748521314,223.700311758,0,0,0,12,12,1936,7623
compact51__paper_roles,2019-12-16 18:00:00,13.6866157778,153.115745447,0,0,0,12,12,1807,7093
compact51__paper_roles,2019-12-16 19:00:00,12.9082081206,227.774054694,0,0,0,12,12,1298,7645
compact51__paper_roles,2019-12-16 20:00:00,12.4477927016,76.5672777475,0,0,0,12,12,1040,5421
compact51__paper_roles,2019-12-16 21:00:00,10.9633379141,30.7752658134,0,0,0,12,12,345,38
compact51__paper_roles,2019-12-16 22:00:00,10.6602154432,42.8479699644,0,0,0,12,12,267,951
compact51__paper_roles,2019-12-16 23:00:00,16.1162253706,50.3371422691,0,0,0,12,12,3698,2756
compact51__paper_roles,2019-12-17 00:00:00,12.6794488492,44.1206236463,0,0,0,12,12,1174,1190
compact51__paper_roles,2019-12-17 01:00:00,12.6871427416,45.274450147,0,0,0,12,12,1176,1438
compact51__paper_roles,2019-12-17 02:00:00,13.2901215101,44.7036787684,0,0,0,12,12,1551,1301
compact51__paper_roles,2019-12-17 03:00:00,17.9387379167,48.6602612651,0,0,0,12,12,5080,2335
compact51__paper_roles,2019-12-17 04:00:00,15.2789216811,66.2389383789,0,0,0,12,12,3047,4963
compact51__paper_roles,2019-12-17 05:00:00,18.8496155472,187.410035726,0,0,0,12,12,5700,7396
compact51__paper_roles,2019-12-17 06:00:00,19.8866957394,104.877302247,0,0,0,12,12,6296,6333
compact51__paper_roles,2019-12-17 07:00:00,23.854196886,1862.63447604,0,0,0,12,12,7723,8608
compact51__paper_roles,2019-12-17 08:00:00,23.2191386911,757.194098935,1,0,0,12,12,7557,8421
compact51__paper_roles,2019-12-17 09:00:00,19.9907230209,801.996166375,1,0,0,12,12,6341,8433
compact51__paper_roles,2019-12-17 10:00:00,17.0911643502,86.7249454664,0,0,0,12,12,4439,5807
compact51__paper_roles,2019-12-17 11:00:00,15.5188458028,61.0672235373,0,0,0,12,12,3207,4588
compact51__paper_roles,2019-12-17 12:00:00,13.3707762856,59.4310571927,0,0,0,12,12,1601,4427
compact51__paper_roles,2019-12-17 13:00:00,13.7768835101,59.5344611417,0,0,0,12,12,1870,4440
compact51__paper_roles,2019-12-17 14:00:00,13.8179248874,63.7165920189,0,0,0,13,12,1901,4789
compact51__paper_roles,2019-12-17 15:00:00,13.6060312355,62.3625601253,0,0,0,13,13,1748,4688
compact51__paper_roles,2019-12-17 16:00:00,14.3853687052,59.2961871996,0,0,0,11,11,2326,4413
compact51__paper_roles,2019-12-17 17:00:00,18.6160075043,69.3175717293,0,0,0,12,12,5539,5112
compact51__paper_roles,2019-12-17 18:00:00,19.0651903032,66.7258225645,0,0,0,13,13,5843,4990
compact51__paper_roles,2019-12-17 19:00:00,15.9711578706,59.3306829451,0,0,0,12,12,3585,4417
compact51__paper_roles,2019-12-17 20:00:00,16.9968793496,58.3782656375,0,0,0,12,12,4363,4299
compact51__paper_roles,2019-12-17 21:00:00,15.7555854341,56.1217984808,0,0,0,12,12,3412,4001
compact51__paper_roles,2019-12-17 22:00:00,17.5511134936,56.3167098786,0,0,0,12,12,4793,4028
compact51__paper_roles,2019-12-17 23:00:00,18.774107808,53.7157204678,0,0,0,12,12,5646,3560
compact51__paper_roles,2019-12-18 00:00:00,20.2388658933,49.5822621042,0,0,0,12,12,6449,2566
compact51__paper_roles,2019-12-18 01:00:00,17.9790202228,45.1196326074,0,0,0,12,12,5116,1397
compact51__paper_roles,2019-12-18 02:00:00,22.3017524554,47.0760345762,0,0,0,12,12,7290,1892
compact51__paper_roles,2019-12-18 03:00:00,20.1325534278,47.0139456477,0,0,0,12,12,6409,1874
compact51__paper_roles,2019-12-18 04:00:00,21.5864728499,45.8361531448,0,0,0,12,12,7047,1570
compact51__paper_roles,2019-12-18 05:00:00,21.4966737826,61.003695763,0,0,0,12,12,7011,4578
compact51__paper_roles,2019-12-18 06:00:00,17.5537730802,56.7784607299,0,0,0,12,12,4794,4103
compact51__paper_roles,2019-12-18 07:00:00,14.2569186601,46.0284616334,0,0,0,12,12,2219,1617
compact51__paper_roles,2019-12-18 08:00:00,12.7402285149,50.2420235622,0,0,0,12,12,1200,2735
compact51__paper_roles,2019-12-18 09:00:00,13.5474626773,54.6529069883,0,0,0,12,12,1707,3733
compact51__paper_roles,2019-12-18 10:00:00,13.3784707234,51.5000056585,0,0,0,12,12,1606,3047
compact51__paper_roles,2019-12-18 11:00:00,15.0348113944,47.119942093,0,0,0,12,12,2849,1906
compact51__paper_roles,2019-12-18 12:00:00,15.9686887231,48.5966942019,0,0,0,12,12,3583,2324
compact51__paper_roles,2019-12-18 13:00:00,16.0348195508,58.011145332,0,0,0,13,12,3636,4259
compact51__paper_roles,2019-12-18 14:00:00,14.9534170674,49.689953402,0,0,0,12,12,2773,2589
compact51__paper_roles,2019-12-18 15:00:00,15.2219532587,51.5090116774,0,0,0,12,12,2998,3049
compact51__paper_roles,2019-12-18 16:00:00,15.5720730573,55.7866163443,0,0,0,12,12,3255,3946
compact51__paper_roles,2019-12-18 17:00:00,13.4728285774,57.4020288427,0,0,0,12,12,1662,4185
compact51__paper_roles,2019-12-18 18:00:00,16.7156451074,57.9983049676,0,0,0,12,12,4169,4258
compact51__paper_roles,2019-12-18 19:00:00,14.565306153,53.0217144951,0,0,0,12,12,2466,3409
compact51__paper_roles,2019-12-18 20:00:00,13.2445921846,50.4125644873,0,0,0,12,12,1527,2780
compact51__paper_roles,2019-12-18 21:00:00,15.7944463808,52.7393785608,0,0,0,12,12,3442,3338
compact51__paper_roles,2019-12-18 22:00:00,14.09483854,45.3734755091,0,0,0,12,12,2095,1462
compact51__paper_roles,2019-12-18 23:00:00,18.549850299,88.9499405766,0,0,0,12,12,5489,5873
compact51__paper_roles,2019-12-19 00:00:00,18.2016114265,112.206555684,1,0,0,12,12,5259,6477
compact51__paper_roles,2019-12-19 01:00:00,19.8400300709,139.661632022,1,0,0,12,12,6276,6929
compact51__paper_roles,2019-12-19 02:00:00,19.5095688995,113.875338813,1,0,0,12,12,6099,6508
compact51__paper_roles,2019-12-19 03:00:00,16.9609123199,97.1798732573,0,0,0,12,12,4338,6136
compact51__paper_roles,2019-12-19 04:00:00,14.2088353876,266.881584261,1,0,0,12,12,2184,7814
compact51__paper_roles,2019-12-19 05:00:00,16.1736848841,80.9496155648,0,0,0,12,12,3747,5596
compact51__paper_roles,2019-12-19 06:00:00,15.5397314987,57.7143279022,0,0,0,12,12,3222,4224
compact51__paper_roles,2019-12-19 07:00:00,12.4441545279,47.6030055759,0,0,0,12,12,1037,2039
compact51__paper_roles,2019-12-19 08:00:00,12.4129745653,52.642384037,0,0,0,12,12,1017,3316
compact51__paper_roles,2019-12-19 09:00:00,13.7489069198,46.3949114496,0,0,0,12,12,1846,1694
compact51__paper_roles,2019-12-19 10:00:00,12.9783495462,50.0034717035,0,0,0,12,12,1353,2668
compact51__paper_roles,2019-12-19 11:00:00,14.9908200524,44.9736077301,0,0,0,12,12,2810,1364
compact51__paper_roles,2019-12-19 12:00:00,15.5238647102,48.2841733917,0,0,0,12,12,3211,2229
compact51__paper_roles,2019-12-19 13:00:00,13.9578222086,51.666159689,0,0,0,12,12,2002,3083
compact51__paper_roles,2019-12-19 14:00:00,13.9734248056,44.7488233937,0,0,0,12,12,2009,1310
compact51__paper_roles,2019-12-19 15:00:00,14.8969898499,42.174551965,0,0,0,12,12,2731,833
compact51__paper_roles,2019-12-19 16:00:00,14.2440698742,47.7543110837,0,0,0,12,12,2208,2069
compact51__paper_roles,2019-12-19 17:00:00,12.478556389,59.1760317821,0,0,0,12,12,1059,4393
compact51__paper_roles,2019-12-19 18:00:00,12.7602801201,59.8317207272,0,0,0,12,12,1206,4470
compact51__paper_roles,2019-12-19 19:00:00,14.1778957687,59.6949964757,0,0,0,12,12,2154,4455
compact51__paper_roles,2019-12-19 20:00:00,12.2795451027,52.8332591708,0,0,0,12,12,944,3360
compact51__paper_roles,2019-12-19 21:00:00,14.9421551249,43.6498150926,0,0,0,12,12,2765,1095
compact51__paper_roles,2019-12-19 22:00:00,18.779723756,64.8250397197,0,0,0,12,12,5651,4879
compact51__paper_roles,2019-12-19 23:00:00,19.6996242883,73.8956184627,0,0,0,12,12,6200,5308
compact51__paper_roles,2019-12-20 00:00:00,17.7726152771,80.9999296886,0,0,0,12,12,4954,5597
compact51__paper_roles,2019-12-20 01:00:00,17.0751393467,116.735461104,1,0,0,12,12,4428,6551
compact51__paper_roles,2019-12-20 02:00:00,16.5260915566,97.194378641,0,0,0,12,12,4026,6137
compact51__paper_roles,2019-12-20 03:00:00,17.1276529415,90.8114492666,0,0,0,12,12,4457,5932
compact51__paper_roles,2019-12-20 04:00:00,15.6231778486,66.1590667886,0,0,0,12,12,3300,4960
compact51__paper_roles,2019-12-20 05:00:00,15.9411752738,62.4907651098,0,0,0,12,12,3560,4698
compact51__paper_roles,2019-12-20 06:00:00,17.6901282674,51.7067538179,0,0,0,12,12,4897,3092
compact51__paper_roles,2019-12-20 07:00:00,19.3253141379,77.8507046535,0,0,0,12,12,5995,5470
compact51__paper_roles,2019-12-20 08:00:00,15.1763398806,63.9847085602,0,0,0,12,12,2954,4804
compact51__paper_roles,2019-12-20 09:00:00,14.0320904695,58.6778842006,0,0,0,12,12,2042,4333
compact51__paper_roles,2019-12-20 10:00:00,18.634296702,58.5217296754,0,0,0,12,12,5552,4313
compact51__paper_roles,2019-12-20 11:00:00,18.827667994,59.1533444349,0,0,0,12,12,5680,4391
compact51__paper_roles,2019-12-20 12:00:00,18.1768743267,57.6930316999,0,0,0,14,14,5243,4220
compact51__paper_roles,2019-12-20 13:00:00,17.0579524228,60.1719606841,0,0,0,11,11,4409,4507
compact51__paper_roles,2019-12-20 14:00:00,17.7283582978,54.0030112615,0,0,0,12,12,4923,3610
compact51__paper_roles,2019-12-20 15:00:00,16.7127879307,59.4890676204,0,0,0,12,12,4165,4434
compact51__paper_roles,2019-12-20 16:00:00,15.5690761151,65.0888664074,0,0,0,12,12,3250,4898
compact51__paper_roles,2019-12-20 17:00:00,15.2324767542,67.4062107307,0,0,0,12,12,3005,5029
compact51__paper_roles,2019-12-20 18:00:00,17.006421606,58.3583495075,0,0,0,12,12,4373,4295
compact51__paper_roles,2019-12-20 19:00:00,18.1449442213,61.4555803311,0,0,0,12,12,5227,4616
compact51__paper_roles,2019-12-20 20:00:00,17.9384918458,57.486199391,0,0,0,12,12,5079,4190
compact51__paper_roles,2019-12-20 21:00:00,19.9626829682,53.62686701,0,0,0,12,12,6331,3547
compact51__paper_roles,2019-12-20 22:00:00,20.1144038887,56.6342703205,0,0,0,12,12,6404,4075
compact51__paper_roles,2019-12-20 23:00:00,20.3285770446,67.7071565657,0,0,0,12,12,6495,5046
compact51__paper_roles,2019-12-21 00:00:00,22.1974973052,90.9549993669,0,0,0,12,12,7254,5935
compact51__paper_roles,2019-12-21 01:00:00,19.5115580056,84.7041716574,0,0,0,12,12,6101,5739
compact51__paper_roles,2019-12-21 02:00:00,17.3676043871,68.5195236566,0,0,0,12,12,4656,5082
compact51__paper_roles,2019-12-21 03:00:00,13.6217740224,45.6489396814,0,0,0,12,12,1764,1518
compact51__paper_roles,2019-12-21 04:00:00,14.5205745974,64.7189489096,0,0,0,12,12,2432,4866
compact51__paper_roles,2019-12-21 05:00:00,17.2932968072,89.8620423881,0,0,0,12,12,4609,5904
compact51__paper_roles,2019-12-21 06:00:00,20.0856387394,87.8061899289,0,0,0,12,12,6390,5830
compact51__paper_roles,2019-12-21 07:00:00,18.4743076497,78.9608859998,0,0,0,12,12,5435,5507
compact51__paper_roles,2019-12-21 08:00:00,17.4679058666,46.8554686272,0,0,0,12,12,4734,1822
compact51__paper_roles,2019-12-21 09:00:00,16.6352798863,52.5114854785,0,0,0,12,12,4102,3287
compact51__paper_roles,2019-12-21 10:00:00,18.0625051833,50.704842595,0,0,0,12,12,5162,2852
compact51__paper_roles,2019-12-21 11:00:00,17.2857236745,52.334555759,0,0,0,12,12,4601,3247
compact51__paper_roles,2019-12-21 12:00:00,15.0548982127,55.4115045672,0,0,0,12,12,2863,3864
compact51__paper_roles,2019-12-21 13:00:00,13.9888407635,56.3223752895,0,0,0,12,12,2017,4029
compact51__paper_roles,2019-12-21 14:00:00,13.2142552076,48.6325914081,0,0,0,12,12,1509,2328
compact51__paper_roles,2019-12-21 15:00:00,13.132885648,50.2088002394,0,0,0,12,12,1458,2730
compact51__paper_roles,2019-12-21 16:00:00,16.9905528826,50.2282140099,0,0,0,12,12,4356,2732
compact51__paper_roles,2019-12-21 17:00:00,16.901614803,48.4077915947,0,0,0,14,14,4292,2279
compact51__paper_roles,2019-12-21 18:00:00,16.6947077931,50.2572382328,0,0,0,10,10,4146,2739
compact51__paper_roles,2019-12-21 19:00:00,17.4958668394,49.9985328048,0,0,0,12,12,4753,2666
compact51__paper_roles,2019-12-21 20:00:00,14.4122952447,48.891688441,0,0,0,12,12,2345,2388
compact51__paper_roles,2019-12-21 21:00:00,14.6513257654,45.3445548545,0,0,0,12,12,2538,1455
compact51__paper_roles,2019-12-21 22:00:00,14.5641494904,45.8111961705,0,0,0,12,12,2464,1565
compact51__paper_roles,2019-12-21 23:00:00,14.4853511619,45.7574821853,0,0,0,12,12,2396,1549
compact51__paper_roles,2019-12-22 00:00:00,18.9466146125,41.1939034744,0,0,0,14,14,5755,680
compact51__paper_roles,2019-12-22 01:00:00,20.7321067045,35.2769769072,0,0,0,12,12,6661,148
compact51__paper_roles,2019-12-22 02:00:00,17.2838204162,38.3964787362,0,0,0,12,12,4597,337
compact51__paper_roles,2019-12-22 03:00:00,18.7703023385,38.8354533989,0,0,0,12,12,5642,383
compact51__paper_roles,2019-12-22 04:00:00,18.2251662312,38.1193522236,0,0,0,12,12,5276,319
compact51__paper_roles,2019-12-22 05:00:00,18.8486479839,48.2855679918,0,0,0,12,12,5698,2232
compact51__paper_roles,2019-12-22 06:00:00,22.9226886671,115.406665021,1,0,0,12,12,7474,6538
compact51__paper_roles,2019-12-22 07:00:00,13.796517482,30.4852422979,0,0,0,12,12,1888,35
compact51__paper_roles,2019-12-22 08:00:00,20.0225970505,116.316838192,0,0,0,12,12,6362,6546
compact51__paper_roles,2019-12-22 09:00:00,15.3221175167,54.6977892361,0,0,0,12,12,3077,3741
compact51__paper_roles,2019-12-22 10:00:00,16.5669798641,78.981061746,0,0,0,12,12,4046,5509
compact51__paper_roles,2019-12-22 11:00:00,16.3337439014,89.1134109699,0,0,0,12,12,3868,5880
compact51__paper_roles,2019-12-22 12:00:00,17.0035207189,117.784911344,0,0,0,12,12,4367,6570
compact51__paper_roles,2019-12-22 13:00:00,16.1037837273,61.9435535457,0,0,0,12,12,3684,4658
compact51__paper_roles,2019-12-22 14:00:00,15.6091479615,46.5892402612,0,0,0,12,12,3287,1752
compact51__paper_roles,2019-12-22 15:00:00,15.3249090478,45.9449834445,0,0,0,12,12,3082,1599
compact51__paper_roles,2019-12-22 16:00:00,12.9527066987,44.8243610991,0,0,0,12,12,1332,1337
compact51__paper_roles,2019-12-22 17:00:00,13.6196643419,44.1301655638,0,0,0,12,12,1762,1193
compact51__paper_roles,2019-12-22 18:00:00,12.0000617768,39.8032433859,0,0,0,12,12,781,489
compact51__paper_roles,2019-12-22 19:00:00,12.1866138057,42.4616639892,0,0,0,12,12,884,888
compact51__paper_roles,2019-12-22 20:00:00,12.5287106257,41.031958003,0,0,0,12,12,1091,656
compact51__paper_roles,2019-12-22 21:00:00,12.3458591787,43.7076454134,0,0,0,12,12,978,1103
compact51__paper_roles,2019-12-22 22:00:00,17.5704578556,52.4196648181,0,0,0,13,12,4804,3261
compact51__paper_roles,2019-12-22 23:00:00,14.8337825688,43.8454668902,0,0,0,12,12,2681,1133
compact51__paper_roles,2019-12-23 00:00:00,16.7780184255,39.4705202157,0,0,0,12,12,4207,450
compact51__paper_roles,2019-12-23 01:00:00,15.9288587402,34.750143906,0,0,0,12,12,3554,123
compact51__paper_roles,2019-12-23 02:00:00,15.3213352112,50.9661001135,0,0,0,12,12,3076,2922
compact51__paper_roles,2019-12-23 03:00:00,14.6676664464,170.192691429,0,0,0,12,12,2548,7269
compact51__paper_roles,2019-12-23 04:00:00,19.3263057786,570.078263706,1,0,0,12,12,5997,8314
compact51__paper_roles,2019-12-23 05:00:00,22.3912778711,289.510599051,0,0,0,14,13,7325,7903
compact51__paper_roles,2019-12-23 06:00:00,16.3329251978,36.2619652337,0,0,0,11,11,3867,194
compact51__paper_roles,2019-12-23 07:00:00,20.2901323069,53.8046627053,0,0,0,12,12,6480,3571
compact51__paper_roles,2019-12-23 08:00:00,17.1249368369,60.6795823791,0,0,0,12,12,4454,4547
compact51__paper_roles,2019-12-23 09:00:00,14.382650066,41.5346555109,0,0,0,12,12,2324,731
compact51__paper_roles,2019-12-23 10:00:00,17.4188943911,84.075125983,0,0,0,12,12,4699,5716
compact51__paper_roles,2019-12-23 11:00:00,15.4659880265,72.1329107972,0,0,0,12,12,3163,5235
compact51__paper_roles,2019-12-23 12:00:00,16.6735735141,90.2859085999,0,0,0,12,12,4131,5921
compact51__paper_roles,2019-12-23 13:00:00,16.4062831553,70.6202654386,0,0,0,12,12,3918,5176
compact51__paper_roles,2019-12-23 14:00:00,17.313810738,71.5129402516,0,0,0,12,12,4624,5210
compact51__paper_roles,2019-12-23 15:00:00,14.7773596147,66.1248228057,0,0,0,12,12,2637,4958
compact51__paper_roles,2019-12-23 16:00:00,13.5371577971,76.1611169544,0,0,0,12,12,1700,5408
compact51__paper_roles,2019-12-23 17:00:00,13.7479243721,75.998543516,0,0,0,12,12,1845,5401
compact51__paper_roles,2019-12-23 18:00:00,12.5435169054,57.4201967857,0,0,0,12,12,1099,4186
compact51__paper_roles,2019-12-23 19:00:00,11.200698334,38.3199748907,0,0,0,12,12,430,333
compact51__paper_roles,2019-12-23 20:00:00,11.2135579302,37.3534533214,0,0,0,13,12,435,268
compact51__paper_roles,2019-12-23 21:00:00,12.2293867922,40.2329067504,0,0,0,12,12,918,534
compact51__paper_roles,2019-12-23 22:00:00,11.0293694164,39.788229471,0,0,0,13,12,360,485
compact51__paper_roles,2019-12-23 23:00:00,13.3070090466,38.6759774888,0,0,0,12,12,1565,365
compact51__paper_roles,2019-12-24 00:00:00,18.7699688712,48.0516792006,0,0,0,12,12,5641,2162
compact51__paper_roles,2019-12-24 01:00:00,15.6610001059,34.1689301226,0,0,0,12,12,3332,107
compact51__paper_roles,2019-12-24 02:00:00,14.7591109091,39.3575985088,0,0,0,12,12,2620,438
compact51__paper_roles,2019-12-24 03:00:00,16.1524601073,43.099455777,0,0,0,12,12,3730,991
compact51__paper_roles,2019-12-24 04:00:00,16.6872972788,43.0492396103,0,0,0,12,12,4139,982
compact51__paper_roles,2019-12-24 05:00:00,14.2751509911,36.4021332478,0,0,0,12,12,2234,199
compact51__paper_roles,2019-12-24 06:00:00,11.964986152,32.1033267696,0,0,0,12,12,759,57
compact51__paper_roles,2019-12-24 07:00:00,14.8569050802,39.3567762356,0,0,0,12,12,2694,437
compact51__paper_roles,2019-12-24 08:00:00,11.5425630627,41.6190454646,0,0,0,12,12,575,748
compact51__paper_roles,2019-12-24 09:00:00,12.4445843228,49.4865661043,0,0,0,12,12,1038,2538
compact51__paper_roles,2019-12-24 10:00:00,15.0355184527,50.8153001109,0,0,0,12,12,2850,2883
compact51__paper_roles,2019-12-24 11:00:00,16.2041107739,101.378300513,0,0,0,12,12,3775,6247
compact51__paper_roles,2019-12-24 12:00:00,16.8773700215,155.894042962,0,0,0,12,12,4281,7125
compact51__paper_roles,2019-12-24 13:00:00,15.9208028465,127.05820797,0,0,0,12,12,3552,6761
compact51__paper_roles,2019-12-24 14:00:00,15.7840743144,71.2617333668,0,0,0,12,12,3435,5196
compact51__paper_roles,2019-12-24 15:00:00,12.7692038004,45.9792662987,0,0,0,12,12,1212,1612
compact51__paper_roles,2019-12-24 16:00:00,18.5835296935,89.0474337985,0,0,0,12,12,5516,5875
compact51__paper_roles,2019-12-24 17:00:00,19.1431975936,85.7609475635,0,0,0,12,12,5893,5780
compact51__paper_roles,2019-12-24 18:00:00,18.5675786341,99.2862103978,0,0,0,12,12,5503,6190
compact51__paper_roles,2019-12-24 19:00:00,17.6092804815,56.8497984966,0,0,0,12,12,4836,4118
compact51__paper_roles,2019-12-24 20:00:00,17.7128677215,95.9092865881,0,0,0,12,12,4913,6105
compact51__paper_roles,2019-12-24 21:00:00,15.7035798907,52.4983927715,0,0,0,12,12,3371,3279
compact51__paper_roles,2019-12-24 22:00:00,15.6613253632,49.9989872861,0,0,0,12,12,3333,2667
compact51__paper_roles,2019-12-24 23:00:00,15.8352882039,49.1556360118,0,0,0,12,12,3473,2452
compact51__paper_roles,2019-12-25 00:00:00,17.5383500224,47.5381798357,0,0,0,12,12,4785,2024
compact51__paper_roles,2019-12-25 01:00:00,15.9716120432,43.5100493834,0,0,0,12,12,3587,1061
compact51__paper_roles,2019-12-25 02:00:00,17.1498559577,49.7809342657,0,0,0,12,12,4473,2611
compact51__paper_roles,2019-12-25 03:00:00,19.817495692,59.3519120323,0,0,0,12,12,6262,4418
compact51__paper_roles,2019-12-25 04:00:00,16.0656725888,61.0026345918,0,0,0,12,12,3657,4577
compact51__paper_roles,2019-12-25 05:00:00,19.1739328661,54.5940928282,0,0,0,12,12,5909,3719
compact51__paper_roles,2019-12-25 06:00:00,19.5236904601,67.710891013,0,0,0,12,12,6110,5047
compact51__paper_roles,2019-12-25 07:00:00,18.1801608052,69.6971042163,0,0,0,12,12,5245,5128
compact51__paper_roles,2019-12-25 08:00:00,14.9857446135,50.9528899197,0,0,0,12,12,2804,2920
compact51__paper_roles,2019-12-25 09:00:00,16.2086207971,52.1049282068,0,0,0,12,12,3779,3188
compact51__paper_roles,2019-12-25 10:00:00,19.2516088602,54.7144767408,0,0,0,12,12,5955,3744
compact51__paper_roles,2019-12-25 11:00:00,17.8413450678,56.026203897,0,0,0,12,12,5003,3981
compact51__paper_roles,2019-12-25 12:00:00,17.461553958,57.7568500673,0,0,0,12,12,4731,4228
compact51__paper_roles,2019-12-25 13:00:00,16.2536537669,54.8691238377,0,0,0,12,12,3812,3768
compact51__paper_roles,2019-12-25 14:00:00,17.3655312923,54.7835699385,0,0,0,12,12,4655,3754
compact51__paper_roles,2019-12-25 15:00:00,16.2446271346,50.9813814152,0,0,0,12,12,3806,2926
compact51__paper_roles,2019-12-25 16:00:00,18.5237308129,45.3200770607,0,0,0,12,12,5466,1448
compact51__paper_roles,2019-12-25 17:00:00,16.9601616801,48.63893568,0,0,0,12,12,4337,2332
compact51__paper_roles,2019-12-25 18:00:00,15.450674933,46.9542057339,0,0,0,12,12,3151,1854
compact51__paper_roles,2019-12-25 19:00:00,14.9835502705,45.4867145923,0,0,0,12,12,2802,1488
compact51__paper_roles,2019-12-25 20:00:00,13.913348265,48.6997178082,0,0,0,12,12,1969,2349
compact51__paper_roles,2019-12-25 21:00:00,13.523672737,46.6896868267,0,0,0,12,12,1692,1776
compact51__paper_roles,2019-12-25 22:00:00,14.8677002789,54.0761981162,0,0,0,12,12,2701,3631
compact51__paper_roles,2019-12-25 23:00:00,14.5634289327,48.3739084154,0,0,0,12,12,2463,2270
compact51__paper_roles,2019-12-26 00:00:00,20.8689888492,45.8571697727,0,0,0,12,12,6728,1577
compact51__paper_roles,2019-12-26 01:00:00,19.547847821,56.6769390782,0,0,0,12,12,6122,4090
compact51__paper_roles,2019-12-26 02:00:00,17.5642129699,42.0360321168,0,0,0,12,12,4800,806
compact51__paper_roles,2019-12-26 03:00:00,19.3498953637,41.5219059791,0,0,0,12,12,6009,729
compact51__paper_roles,2019-12-26 04:00:00,19.2560333262,48.4695746286,0,0,0,12,12,5960,2295
compact51__paper_roles,2019-12-26 05:00:00,18.1471661204,42.0638393221,0,0,0,12,12,5230,810
compact51__paper_roles,2019-12-26 06:00:00,15.4822559962,46.8997756559,0,0,0,12,12,3171,1832
compact51__paper_roles,2019-12-26 07:00:00,13.1643659639,45.9470347489,0,0,0,12,12,1475,1601
compact51__paper_roles,2019-12-26 08:00:00,12.6599461004,47.9087800109,0,0,0,12,12,1163,2111
compact51__paper_roles,2019-12-26 09:00:00,11.6688523074,45.0478204335,0,0,0,12,12,623,1381
compact51__paper_roles,2019-12-26 10:00:00,13.1036935347,48.2079667509,0,0,0,12,12,1435,2203
compact51__paper_roles,2019-12-26 11:00:00,13.0708216993,50.6626240606,0,0,0,12,12,1414,2834
compact51__paper_roles,2019-12-26 12:00:00,12.4157767622,52.7523712927,0,0,0,12,12,1019,3342
compact51__paper_roles,2019-12-26 13:00:00,12.2866092781,53.8965886125,0,0,0,12,12,951,3592
compact51__paper_roles,2019-12-26 14:00:00,12.7732105404,53.1925040705,0,0,0,12,12,1216,3457
compact51__paper_roles,2019-12-26 15:00:00,15.178366745,52.1431215965,0,0,0,12,12,2957,3199
compact51__paper_roles,2019-12-26 16:00:00,12.8939730358,46.9152872086,0,0,0,12,12,1294,1838
compact51__paper_roles,2019-12-26 17:00:00,15.5675421761,40.6306616013,0,0,0,12,12,3248,596
compact51__paper_roles,2019-12-26 18:00:00,16.1110260795,43.6651574959,0,0,0,11,11,3690,1099
compact51__paper_roles,2019-12-26 19:00:00,17.4668010696,40.7624600206,0,0,0,12,12,4733,615
compact51__paper_roles,2019-12-26 20:00:00,16.3834208159,42.8008805653,0,0,0,12,12,3902,941
compact51__paper_roles,2019-12-26 21:00:00,16.0840704648,48.1461691883,0,0,0,13,12,3669,2186
compact51__paper_roles,2019-12-26 22:00:00,15.7668020829,46.2333175695,0,0,0,13,12,3420,1659
compact51__paper_roles,2019-12-26 23:00:00,16.7851146304,70.4996884126,0,0,0,12,12,4214,5169
compact51__paper_roles,2019-12-27 00:00:00,22.5412547288,83.9854872732,0,0,0,12,12,7363,5713
compact51__paper_roles,2019-12-27 01:00:00,23.2835853038,90.6963635246,0,0,0,12,12,7577,5926
compact51__paper_roles,2019-12-27 02:00:00,23.2482470404,83.0032487392,0,0,0,12,12,7567,5669
compact51__paper_roles,2019-12-27 03:00:00,22.1645826261,83.4298129541,0,0,0,12,12,7243,5685
compact51__paper_roles,2019-12-27 04:00:00,21.1014577512,88.0215664456,0,0,0,12,12,6837,5834
compact51__paper_roles,2019-12-27 05:00:00,16.9175198792,84.8801116087,0,0,0,12,12,4303,5747
compact51__paper_roles,2019-12-27 06:00:00,19.1682446287,91.6469510897,0,0,0,12,12,5905,5958
compact51__paper_roles,2019-12-27 07:00:00,15.2914842135,62.1839179378,0,0,0,12,12,3056,4676
compact51__paper_roles,2019-12-27 08:00:00,16.5378787042,50.164956574,0,0,0,12,12,4030,2712
compact51__paper_roles,2019-12-27 09:00:00,16.0208094119,50.348055369,0,0,0,12,12,3626,2759
compact51__paper_roles,2019-12-27 10:00:00,15.584645749,51.0753358772,0,0,0,12,12,3267,2949
compact51__paper_roles,2019-12-27 11:00:00,14.9230406967,50.7413180954,0,0,0,12,12,2747,2865
compact51__paper_roles,2019-12-27 12:00:00,16.4935883704,52.0835995383,0,0,0,12,12,4002,3181
compact51__paper_roles,2019-12-27 13:00:00,15.4094561542,50.1004089659,0,0,0,12,12,3130,2697
compact51__paper_roles,2019-12-27 14:00:00,15.0376492133,48.2845715229,0,0,0,12,12,2852,2230
compact51__paper_roles,2019-12-27 15:00:00,15.2475934691,47.1775678562,0,0,0,12,12,3019,1924
compact51__paper_roles,2019-12-27 16:00:00,14.6406699963,42.6401781244,0,0,0,12,12,2531,919
compact51__paper_roles,2019-12-27 17:00:00,17.0692742722,39.9490782198,0,0,0,12,12,4421,505
compact51__paper_roles,2019-12-27 18:00:00,18.0785437911,42.0748608069,0,0,0,12,12,5172,813
compact51__paper_roles,2019-12-27 19:00:00,19.3043064558,47.8028889273,0,0,0,12,12,5981,2088
compact51__paper_roles,2019-12-27 20:00:00,16.708617221,49.4930413666,0,0,0,13,13,4159,2541
compact51__paper_roles,2019-12-27 21:00:00,17.9834329681,55.0492117031,0,0,0,12,12,5121,3799
compact51__paper_roles,2019-12-27 22:00:00,14.5746830084,49.0165140127,0,0,0,12,12,2473,2420
compact51__paper_roles,2019-12-27 23:00:00,13.8350109831,41.7411887698,0,0,0,12,12,1912,770
compact51__paper_roles,2019-12-28 00:00:00,15.8336789434,40.8926027538,0,0,0,12,12,3470,628
compact51__paper_roles,2019-12-28 01:00:00,14.1757076645,42.5534058911,0,0,0,12,12,2152,904
compact51__paper_roles,2019-12-28 02:00:00,17.9194361568,58.5791981645,0,0,0,12,12,5060,4327
compact51__paper_roles,2019-12-28 03:00:00,17.7537596144,61.2018340692,0,0,0,12,12,4944,4598
compact51__paper_roles,2019-12-28 04:00:00,15.8819126493,60.5622406934,0,0,0,12,12,3522,4530
compact51__paper_roles,2019-12-28 05:00:00,11.3738110032,32.5870373654,0,0,0,12,12,496,68
compact51__paper_roles,2019-12-28 06:00:00,12.6313554487,39.6201530803,0,0,0,12,12,1142,465
compact51__paper_roles,2019-12-28 07:00:00,12.0223354298,40.4704687831,0,0,0,12,12,795,576
compact51__paper_roles,2019-12-28 08:00:00,12.2185472212,41.7148923934,0,0,0,12,12,908,765
compact51__paper_roles,2019-12-28 09:00:00,12.9962948551,59.2205144192,0,0,0,12,12,1363,4397
compact51__paper_roles,2019-12-28 10:00:00,15.6292535364,99.1715352694,0,0,0,12,12,3303,6185
compact51__paper_roles,2019-12-28 11:00:00,13.2065481124,48.2442037336,0,0,0,12,12,1504,2214
compact51__paper_roles,2019-12-28 12:00:00,12.2973244244,53.1049136947,0,0,0,12,12,957,3434
compact51__paper_roles,2019-12-28 13:00:00,12.0146675946,51.2841340195,0,0,0,12,12,790,2996
compact51__paper_roles,2019-12-28 14:00:00,14.8861992333,54.0388388727,0,0,0,12,12,2723,3619
compact51__paper_roles,2019-12-28 15:00:00,14.6275440538,51.7699973695,0,0,0,12,12,2520,3119
compact51__paper_roles,2019-12-28 16:00:00,15.2385305169,48.0936847212,0,0,0,12,12,3011,2177
compact51__paper_roles,2019-12-28 17:00:00,13.14097038,43.0694974647,0,0,0,12,12,1464,986
compact51__paper_roles,2019-12-28 18:00:00,11.984465655,40.3068680815,0,0,0,12,12,773,546
compact51__paper_roles,2019-12-28 19:00:00,12.8784532636,43.3977607555,0,0,0,12,12,1284,1039
compact51__paper_roles,2019-12-28 20:00:00,10.9528865089,42.2854191058,0,0,0,12,12,343,852
compact51__paper_roles,2019-12-28 21:00:00,12.8088041711,47.0339686705,0,0,0,12,12,1243,1879
compact51__paper_roles,2019-12-28 22:00:00,17.6067490991,58.0335781129,0,0,0,12,12,4835,4262
compact51__paper_roles,2019-12-28 23:00:00,11.8161084343,45.8134994073,0,0,0,12,12,679,1567
compact51__paper_roles,2019-12-29 00:00:00,16.6959643926,41.601776457,0,0,0,12,12,4149,744
compact51__paper_roles,2019-12-29 01:00:00,16.4755610671,45.8124151245,0,0,0,12,12,3986,1566
compact51__paper_roles,2019-12-29 02:00:00,16.7127443629,43.9362975221,0,0,0,12,12,4164,1154
compact51__paper_roles,2019-12-29 03:00:00,14.6159233284,43.0008910238,0,0,0,12,12,2507,974
compact51__paper_roles,2019-12-29 04:00:00,14.9760625185,51.1953443438,0,0,0,12,12,2799,2969
compact51__paper_roles,2019-12-29 05:00:00,15.8587501683,55.4939811549,0,0,0,12,12,3500,3889
compact51__paper_roles,2019-12-29 06:00:00,13.9216651842,47.596556945,0,0,0,12,12,1979,2037
compact51__paper_roles,2019-12-29 07:00:00,13.8168288239,48.9501560176,0,0,0,12,12,1900,2405
compact51__paper_roles,2019-12-29 08:00:00,16.3869785304,53.2357551251,0,0,0,12,12,3903,3469
compact51__paper_roles,2019-12-29 09:00:00,17.7021668475,54.7053508121,0,0,0,12,12,4905,3742
compact51__paper_roles,2019-12-29 10:00:00,18.3667670291,54.8321136467,0,0,0,12,12,5367,3758
compact51__paper_roles,2019-12-29 11:00:00,19.1732353597,61.4722730056,0,0,0,12,12,5907,4620
compact51__paper_roles,2019-12-29 12:00:00,17.6522322437,58.7168843002,0,0,0,12,12,4868,4338
compact51__paper_roles,2019-12-29 13:00:00,17.0411622073,52.6924804834,0,0,0,12,12,4402,3329
compact51__paper_roles,2019-12-29 14:00:00,19.5671542582,53.0505550344,0,0,0,13,13,6132,3419
compact51__paper_roles,2019-12-29 15:00:00,22.7279174779,44.0922240586,0,0,0,12,12,7426,1176
compact51__paper_roles,2019-12-29 16:00:00,20.4328738928,45.7308681687,0,0,0,12,12,6548,1544
compact51__paper_roles,2019-12-29 17:00:00,20.9089028668,45.1577015743,0,0,0,12,12,6742,1406
compact51__paper_roles,2019-12-29 18:00:00,20.2240002299,48.0579336767,0,0,0,12,12,6445,2165
compact51__paper_roles,2019-12-29 19:00:00,21.8444216338,50.0315452075,0,0,0,12,12,7149,2677
compact51__paper_roles,2019-12-29 20:00:00,20.1650665876,49.6090101461,0,0,0,12,12,6423,2575
compact51__paper_roles,2019-12-29 21:00:00,17.9556731597,56.3072638257,0,0,0,12,12,5098,4027
compact51__paper_roles,2019-12-29 22:00:00,17.2160027206,49.7934581053,0,0,0,12,12,4542,2615
compact51__paper_roles,2019-12-29 23:00:00,20.829073493,58.082697459,0,0,0,12,12,6706,4271
compact51__paper_roles,2019-12-30 00:00:00,17.5933015459,44.4167329426,0,0,0,11,11,4824,1252
compact51__paper_roles,2019-12-30 01:00:00,19.3957109533,45.1297392883,0,0,0,12,12,6040,1398
compact51__paper_roles,2019-12-30 02:00:00,18.7840945678,53.2176915992,0,0,0,12,12,5653,3460
compact51__paper_roles,2019-12-30 03:00:00,18.8857036573,51.8230419232,0,0,0,12,12,5720,3131
compact51__paper_roles,2019-12-30 04:00:00,19.3001694596,52.0074424603,0,0,0,13,13,5978,3165
compact51__paper_roles,2019-12-30 05:00:00,19.7448370701,38.6962214994,0,0,0,12,12,6222,369
compact51__paper_roles,2019-12-30 06:00:00,21.2241046481,56.8025634462,0,0,0,12,12,6889,4109
compact51__paper_roles,2019-12-30 07:00:00,18.7509584164,51.0935858918,0,0,0,12,12,5631,2950
compact51__paper_roles,2019-12-30 08:00:00,19.7644714449,50.7738184885,0,0,0,12,12,6234,2872
compact51__paper_roles,2019-12-30 09:00:00,17.0597971147,54.9010936836,0,0,0,12,12,4414,3774
compact51__paper_roles,2019-12-30 10:00:00,18.5480238743,54.6301973667,0,0,0,14,13,5487,3728
compact51__paper_roles,2019-12-30 11:00:00,19.6805432913,54.1754403049,0,0,0,12,12,6189,3644
compact51__paper_roles,2019-12-30 12:00:00,17.8490939613,54.320824786,0,0,0,12,12,5010,3673
compact51__paper_roles,2019-12-30 13:00:00,17.8245494174,53.7928083365,0,0,0,14,14,4990,3570
compact51__paper_roles,2019-12-30 14:00:00,21.0725475209,45.3224466308,0,0,0,12,11,6818,1450
compact51__paper_roles,2019-12-30 15:00:00,21.8644198675,52.0923034294,0,0,0,13,12,7157,3185
compact51__paper_roles,2019-12-30 16:00:00,22.9005554569,51.1302458019,0,0,0,13,13,7470,2958
compact51__paper_roles,2019-12-30 17:00:00,21.4534311872,49.8780343603,0,0,0,12,12,6991,2633
compact51__paper_roles,2019-12-30 18:00:00,24.1567842261,51.1724296866,0,0,0,12,12,7778,2964
compact51__paper_roles,2019-12-30 19:00:00,24.424998413,51.5720364302,0,0,0,12,12,7841,3062
compact51__paper_roles,2019-12-30 20:00:00,22.8476946514,55.2422575255,0,0,0,12,12,7457,3838
compact51__paper_roles,2019-12-30 21:00:00,19.5270605321,60.8467639726,0,0,0,12,12,6113,4566
compact51__paper_roles,2019-12-30 22:00:00,20.9749379284,54.0464846902,0,0,0,12,12,6780,3621
compact51__paper_roles,2019-12-30 23:00:00,25.0308655845,48.4996808192,0,0,0,12,12,7961,2302
compact51__paper_roles,2019-12-31 00:00:00,28.8202927572,49.9770281892,0,0,0,12,12,8437,2660
compact51__paper_roles,2019-12-31 01:00:00,25.9957318238,70.5910092063,0,0,0,12,12,8132,5174
compact51__paper_roles,2019-12-31 02:00:00,23.0231280113,68.6953801134,0,0,0,12,12,7503,5086
compact51__paper_roles,2019-12-31 03:00:00,23.1051403105,77.3234250567,0,0,0,12,12,7525,5448
compact51__paper_roles,2019-12-31 04:00:00,23.6767958978,72.8848573129,0,0,0,12,12,7669,5257
compact51__paper_roles,2019-12-31 05:00:00,21.4090963171,61.660281867,0,0,0,12,12,6969,4637
compact51__paper_roles,2019-12-31 06:00:00,19.502313006,59.8463238559,0,0,0,12,12,6093,4472
compact51__paper_roles,2019-12-31 07:00:00,17.0499859321,52.0162878673,0,0,0,12,12,4407,3168
compact51__paper_roles,2019-12-31 08:00:00,20.065610002,55.3358828211,0,0,0,12,12,6380,3851
compact51__paper_roles,2019-12-31 09:00:00,19.8183371653,51.6781944286,0,0,0,12,12,6263,3084
compact51__paper_roles,2019-12-31 10:00:00,19.2879185861,50.8356470876,0,0,0,12,12,5973,2889
compact51__paper_roles,2019-12-31 11:00:00,19.3257673075,52.3982522456,0,0,0,12,12,5996,3254
compact51__paper_roles,2019-12-31 12:00:00,18.7523899795,53.4450369616,0,0,0,12,12,5632,3515
compact51__paper_roles,2019-12-31 13:00:00,20.4760955793,54.5888499026,0,0,0,12,12,6568,3718
compact51__paper_roles,2019-12-31 14:00:00,20.1226815447,55.6748974088,0,0,0,12,12,6405,3925
compact51__paper_roles,2019-12-31 15:00:00,20.5924496815,55.9408062897,0,0,0,12,12,6603,3969
compact51__paper_roles,2019-12-31 16:00:00,23.0631984607,58.4430602953,0,0,0,12,12,7514,4305
compact51__paper_roles,2019-12-31 17:00:00,23.5188899889,53.922005088,0,0,0,13,13,7630,3595
compact51__paper_roles,2019-12-31 18:00:00,25.3635458563,53.0626445043,0,0,0,12,12,8034,3423
compact51__paper_roles,2019-12-31 19:00:00,23.7267586132,51.8299268804,0,0,0,12,12,7683,3134
compact51__paper_roles,2019-12-31 20:00:00,21.666835379,49.9289828882,0,0,0,12,12,7081,2650
compact51__paper_roles,2019-12-31 21:00:00,20.0056480821,54.2796169538,0,0,0,12,12,6350,3663
compact51__paper_roles,2019-12-31 22:00:00,19.8684655291,51.4134437138,0,0,0,12,12,6287,3027
compact51__paper_roles,2019-12-31 23:00:00,21.0940833833,50.8632638033,0,0,0,12,12,6832,2898
compact51__current_roles,2019-01-01 00:00:00,18.6724735581,53.1343072058,0,0,0,13,12,4478,1994
compact51__current_roles,2019-01-01 01:00:00,18.7290623201,49.6785976282,0,0,0,12,12,4516,1286
compact51__current_roles,2019-01-01 02:00:00,20.9722899687,54.1287119058,0,0,0,12,12,5928,2222
compact51__current_roles,2019-01-01 03:00:00,19.1620803485,52.8988358891,0,0,0,12,12,4829,1932
compact51__current_roles,2019-01-01 04:00:00,22.0517553669,73.7401019396,0,0,0,12,12,6433,5264
compact51__current_roles,2019-01-01 05:00:00,22.6183059015,60.8618132942,0,0,0,12,12,6696,3766
compact51__current_roles,2019-01-01 06:00:00,24.1408631593,70.2509816501,0,0,0,12,12,7248,4985
compact51__current_roles,2019-01-01 07:00:00,25.5570731671,130.186771145,0,0,0,12,12,7617,6842
compact51__current_roles,2019-01-01 08:00:00,26.4729562307,489.967164504,0,0,0,12,12,7830,8237
compact51__current_roles,2019-01-01 09:00:00,27.0320647119,639.273480378,0,0,0,12,12,7939,8357
compact51__current_roles,2019-01-01 10:00:00,24.7968634951,163.482699569,0,0,0,12,12,7427,7225
compact51__current_roles,2019-01-01 11:00:00,23.6504403498,173.896938819,0,0,0,12,12,7094,7317
compact51__current_roles,2019-01-01 12:00:00,25.4828548483,216.085001298,0,0,0,12,12,7601,7592
compact51__current_roles,2019-01-01 13:00:00,30.4317451609,480.733258674,0,0,0,12,12,8391,8224
compact51__current_roles,2019-01-01 14:00:00,27.9509922318,525.181155006,0,0,0,12,12,8057,8278
compact51__current_roles,2019-01-01 15:00:00,25.4736742491,205.085465594,0,0,0,12,12,7600,7538
compact51__current_roles,2019-01-01 16:00:00,28.0904928673,235.468456144,0,0,0,12,12,8089,7698
compact51__current_roles,2019-01-01 17:00:00,29.5844719842,168.620077055,0,0,0,12,12,8297,7266
compact51__current_roles,2019-01-01 18:00:00,28.3443666843,163.495055183,0,0,0,12,12,8124,7226
compact51__current_roles,2019-01-01 19:00:00,28.2178847709,132.274349671,0,0,0,12,12,8108,6867
compact51__current_roles,2019-01-01 20:00:00,26.6448301924,133.789548582,0,0,0,12,12,7865,6887
compact51__current_roles,2019-01-01 21:00:00,29.7204463355,174.518937996,0,0,0,12,12,8315,7323
compact51__current_roles,2019-01-01 22:00:00,32.0199590781,278.041581153,0,0,0,12,12,8493,7863
compact51__current_roles,2019-01-01 23:00:00,23.8998833308,98.2636725757,0,0,0,12,12,7177,6177
compact51__current_roles,2019-01-02 00:00:00,25.4573494021,114.927814097,0,0,0,12,12,7595,6565
compact51__current_roles,2019-01-02 01:00:00,27.395897391,108.374575516,0,0,0,12,12,7986,6433
compact51__current_roles,2019-01-02 02:00:00,26.7997951762,109.13424891,0,0,0,12,12,7902,6448
compact51__current_roles,2019-01-02 03:00:00,25.7720092353,78.1571397115,0,0,0,12,12,7672,5485
compact51__current_roles,2019-01-02 04:00:00,29.1989536571,109.931125477,0,0,0,12,12,8244,6465
compact51__current_roles,2019-01-02 05:00:00,26.2028421444,119.907034332,0,0,0,12,12,7764,6649
compact51__current_roles,2019-01-02 06:00:00,24.7616009339,84.4683747997,0,0,0,12,12,7420,5730
compact51__current_roles,2019-01-02 07:00:00,30.496148168,155.603710426,0,0,0,12,12,8396,7152
compact51__current_roles,2019-01-02 08:00:00,29.3086495381,131.882111486,0,0,0,12,12,8264,6864
compact51__current_roles,2019-01-02 09:00:00,30.2942787721,156.815334587,0,0,0,12,12,8383,7162
compact51__current_roles,2019-01-02 10:00:00,26.6004077263,122.398656683,0,0,0,12,12,7852,6705
compact51__current_roles,2019-01-02 11:00:00,29.8569280605,143.098685069,0,0,0,12,12,8329,7003
compact51__current_roles,2019-01-02 12:00:00,30.1680784023,179.505286409,0,0,0,12,12,8371,7354
compact51__current_roles,2019-01-02 13:00:00,30.0806729288,194.051227944,0,0,0,12,12,8362,7457
compact51__current_roles,2019-01-02 14:00:00,31.3281286906,183.240954986,0,0,0,12,12,8455,7382
compact51__current_roles,2019-01-02 15:00:00,26.2464021066,98.5999262857,0,0,0,12,12,7777,6184
compact51__current_roles,2019-01-02 16:00:00,29.1965632167,108.41712936,0,0,0,13,13,8243,6435
compact51__current_roles,2019-01-02 17:00:00,29.928945004,78.9254200533,0,0,0,11,11,8339,5511
compact51__current_roles,2019-01-02 18:00:00,28.4671136146,85.0856023821,0,0,0,12,12,8142,5751
compact51__current_roles,2019-01-02 19:00:00,30.2197673231,107.82504073,0,0,0,12,12,8375,6420
compact51__current_roles,2019-01-02 20:00:00,24.1966025373,92.5700558865,0,0,0,12,12,7265,5989
compact51__current_roles,2019-01-02 21:00:00,20.9007569852,76.8270540441,0,0,0,13,12,5888,5423
compact51__current_roles,2019-01-02 22:00:00,22.0051438728,56.9435180897,0,0,0,11,11,6410,2916
compact51__current_roles,2019-01-02 23:00:00,21.7797679999,56.0049100181,0,0,0,12,12,6296,2691
compact51__current_roles,2019-01-03 00:00:00,19.2554564571,47.1707928811,0,0,0,12,12,4887,814
compact51__current_roles,2019-01-03 01:00:00,24.1850953887,56.4674344049,0,0,0,12,12,7261,2813
compact51__current_roles,2019-01-03 02:00:00,25.7620228881,52.0241529085,0,0,0,12,12,7670,1751
compact51__current_roles,2019-01-03 03:00:00,26.0350628607,66.2604399383,0,0,0,12,12,7727,4595
compact51__current_roles,2019-01-03 04:00:00,28.1578189926,98.7637429513,0,0,0,12,12,8097,6191
compact51__current_roles,2019-01-03 05:00:00,24.6574168319,98.1623435661,0,0,0,12,12,7390,6174
compact51__current_roles,2019-01-03 06:00:00,20.5748223079,87.3432732367,0,0,0,12,12,5709,5822
compact51__current_roles,2019-01-03 07:00:00,24.6313665701,109.762129966,0,0,0,12,12,7382,6460
compact51__current_roles,2019-01-03 08:00:00,22.174796741,98.681226976,0,0,0,12,12,6494,6187
compact51__current_roles,2019-01-03 09:00:00,19.9396291754,73.0607382336,0,0,0,12,12,5334,5208
compact51__current_roles,2019-01-03 10:00:00,17.327088169,57.7944515515,0,0,0,12,12,3419,3133
compact51__current_roles,2019-01-03 11:00:00,17.7907010427,68.4007638213,0,0,0,12,12,3793,4802
compact51__current_roles,2019-01-03 12:00:00,19.8069870841,99.3969542833,0,0,0,12,12,5253,6212
compact51__current_roles,2019-01-03 13:00:00,21.8024794593,101.829891289,0,0,0,12,12,6305,6289
compact51__current_roles,2019-01-03 14:00:00,20.0909549942,71.1039335383,0,0,0,12,12,5427,5055
compact51__current_roles,2019-01-03 15:00:00,18.9752981444,64.56750373,0,0,0,12,12,4705,4387
compact51__current_roles,2019-01-03 16:00:00,18.9000467419,59.9473679193,0,0,0,12,12,4647,3582
compact51__current_roles,2019-01-03 17:00:00,16.9919905926,57.9380373736,0,0,0,12,12,3139,3164
compact51__current_roles,2019-01-03 18:00:00,20.9169683461,59.4147828714,0,0,0,12,12,5898,3476
compact51__current_roles,2019-01-03 19:00:00,21.6970955331,61.3401549793,0,0,0,12,12,6259,3868
compact51__current_roles,2019-01-03 20:00:00,17.6721265483,56.3076967741,0,0,0,12,12,3698,2776
compact51__current_roles,2019-01-03 21:00:00,18.4993829263,58.7547373423,0,0,0,12,12,4360,3344
compact51__current_roles,2019-01-03 22:00:00,18.6751860867,59.6113946083,0,0,0,12,12,4479,3510
compact51__current_roles,2019-01-03 23:00:00,14.1208073676,51.6419244921,0,0,0,12,12,1063,1668
compact51__current_roles,2019-01-04 00:00:00,15.1498846834,50.6239564768,0,0,0,12,12,1752,1440
compact51__current_roles,2019-01-04 01:00:00,16.7537064038,51.1046516995,0,0,0,12,12,2957,1545
compact51__current_roles,2019-01-04 02:00:00,17.5754719358,50.6264730025,0,0,0,12,12,3628,1442
compact51__current_roles,2019-01-04 03:00:00,14.7786340629,47.6808184727,0,0,0,12,12,1500,904
compact51__current_roles,2019-01-04 04:00:00,15.272131752,42.3008053529,0,0,0,12,12,1837,261
compact51__current_roles,2019-01-04 05:00:00,18.329820622,49.4387228441,0,0,0,12,12,4218,1232
compact51__current_roles,2019-01-04 06:00:00,17.8924541676,44.9913314825,0,0,0,12,12,3877,527
compact51__current_roles,2019-01-04 07:00:00,15.867624038,45.5928678563,0,0,0,12,12,2288,587
compact51__current_roles,2019-01-04 08:00:00,15.6693529523,47.4629471916,0,0,0,12,12,2117,865
compact51__current_roles,2019-01-04 09:00:00,14.6862583462,49.9666866,0,0,0,12,12,1442,1334
compact51__current_roles,2019-01-04 10:00:00,16.83083422,59.0506749058,0,0,0,12,12,3007,3395
compact51__current_roles,2019-01-04 11:00:00,19.1753531694,89.2513727869,0,0,0,12,12,4837,5883
compact51__current_roles,2019-01-04 12:00:00,20.2890498277,102.636103711,0,0,0,12,12,5553,6307
compact51__current_roles,2019-01-04 13:00:00,21.2956974589,111.904586896,0,0,0,12,12,6094,6506
compact51__current_roles,2019-01-04 14:00:00,21.0866994417,98.9873396053,0,0,0,12,12,5977,6195
compact51__current_roles,2019-01-04 15:00:00,19.7260036805,81.9055146089,0,0,0,12,12,5197,5635
compact51__current_roles,2019-01-04 16:00:00,19.3607934937,70.4759728233,0,0,0,12,12,4947,5002
compact51__current_roles,2019-01-04 17:00:00,20.1031760226,57.3287630767,0,0,0,13,12,5441,3021
compact51__current_roles,2019-01-04 18:00:00,17.4753073053,59.6505129475,0,0,0,12,12,3544,3515
compact51__current_roles,2019-01-04 19:00:00,19.4567927975,75.2590818623,0,0,0,12,12,5017,5348
compact51__current_roles,2019-01-04 20:00:00,18.4006900764,72.9413609134,0,0,0,12,12,4287,5200
compact51__current_roles,2019-01-04 21:00:00,15.3880447847,54.3662880892,0,0,0,12,12,1915,2288
compact51__current_roles,2019-01-04 22:00:00,19.8203336018,58.9110646483,0,0,0,12,12,5265,3370
compact51__current_roles,2019-01-04 23:00:00,15.7350457554,52.8057711385,0,0,0,12,12,2176,1908
compact51__current_roles,2019-01-05 00:00:00,18.1198959589,54.345060308,0,0,0,12,12,4047,2285
compact51__current_roles,2019-01-05 01:00:00,17.8714080377,55.8471323908,0,0,0,12,12,3860,2658
compact51__current_roles,2019-01-05 02:00:00,15.136294156,48.3341854863,0,0,0,12,12,1739,1026
compact51__current_roles,2019-01-05 03:00:00,20.506007603,57.465527057,0,0,0,12,12,5675,3061
compact51__current_roles,2019-01-05 04:00:00,21.2473244643,60.9229912702,0,0,0,12,12,6060,3780
compact51__current_roles,2019-01-05 05:00:00,22.7915794471,64.5078651965,0,0,0,12,12,6779,4374
compact51__current_roles,2019-01-05 06:00:00,21.8309547504,61.6495938519,0,0,0,12,12,6323,3927
compact51__current_roles,2019-01-05 07:00:00,21.5777982587,56.7335912922,0,0,0,12,12,6212,2872
compact51__current_roles,2019-01-05 08:00:00,16.5966096327,55.8744590141,0,0,0,12,12,2836,2664
compact51__current_roles,2019-01-05 09:00:00,16.9181906378,54.6224698369,0,0,0,12,12,3087,2357
compact51__current_roles,2019-01-05 10:00:00,14.0696949306,52.8311491844,0,0,0,12,12,1037,1916
compact51__current_roles,2019-01-05 11:00:00,13.1622349694,52.2694879276,0,0,0,12,12,628,1791
compact51__current_roles,2019-01-05 12:00:00,13.2903486263,48.5098780031,0,0,0,12,12,688,1061
compact51__current_roles,2019-01-05 13:00:00,12.0045875016,49.5698037923,0,0,0,12,12,253,1260
compact51__current_roles,2019-01-05 14:00:00,11.8529297769,50.1454212407,0,0,0,12,12,219,1358
compact51__current_roles,2019-01-05 15:00:00,13.2708261729,46.2071191606,0,0,0,12,12,680,663
compact51__current_roles,2019-01-05 16:00:00,12.5547440451,47.54085763,0,0,0,12,12,429,877
compact51__current_roles,2019-01-05 17:00:00,14.3670611715,43.4399516721,0,0,0,12,12,1218,347
compact51__current_roles,2019-01-05 18:00:00,15.0977784022,53.9178323792,0,0,0,12,12,1715,2177
compact51__current_roles,2019-01-05 19:00:00,16.3934248143,55.043114496,0,0,0,12,12,2658,2467
compact51__current_roles,2019-01-05 20:00:00,15.4196942062,54.6338100325,0,0,0,12,12,1950,2358
compact51__current_roles,2019-01-05 21:00:00,16.6654329128,59.7517078991,0,0,0,12,12,2895,3541
compact51__current_roles,2019-01-05 22:00:00,18.5563166569,61.1380142245,0,0,0,12,12,4402,3823
compact51__current_roles,2019-01-05 23:00:00,16.3592116974,59.2715860384,0,0,0,12,12,2631,3447
compact51__current_roles,2019-01-06 00:00:00,15.1714524725,57.4319959554,0,0,0,12,12,1760,3049
compact51__current_roles,2019-01-06 01:00:00,15.306254441,57.8966417697,0,0,0,12,12,1867,3159
compact51__current_roles,2019-01-06 02:00:00,16.1578266824,57.6888969868,0,0,0,12,12,2496,3108
compact51__current_roles,2019-01-06 03:00:00,18.1276662349,57.1449132071,0,0,0,12,12,4051,2973
compact51__current_roles,2019-01-06 04:00:00,18.2132339945,54.7680469355,0,0,0,12,12,4113,2393
compact51__current_roles,2019-01-06 05:00:00,17.1069842375,50.8310732897,0,0,0,12,12,3231,1485
compact51__current_roles,2019-01-06 06:00:00,17.1023296012,52.9028837379,0,0,0,12,12,3228,1934
compact51__current_roles,2019-01-06 07:00:00,17.9323439463,50.5689472706,0,0,0,12,12,3909,1429
compact51__current_roles,2019-01-06 08:00:00,20.6699101241,54.7607225207,0,0,0,12,12,5763,2388
compact51__current_roles,2019-01-06 09:00:00,14.7301312568,46.5911695734,0,0,0,12,12,1475,725
compact51__current_roles,2019-01-06 10:00:00,16.6367400189,48.4304806214,0,0,0,12,12,2870,1047
compact51__current_roles,2019-01-06 11:00:00,15.9126442082,50.6882416514,0,0,0,12,12,2321,1460
compact51__current_roles,2019-01-06 12:00:00,16.9271928649,53.6191936234,0,0,0,12,12,3097,2112
compact51__current_roles,2019-01-06 13:00:00,19.4962518739,78.1481786562,0,0,0,12,12,5048,5484
compact51__current_roles,2019-01-06 14:00:00,20.4438878231,88.137915781,0,0,0,12,12,5653,5847
compact51__current_roles,2019-01-06 15:00:00,20.499350196,79.0991216187,0,0,0,12,12,5671,5518
compact51__current_roles,2019-01-06 16:00:00,22.0787038414,85.3210753162,0,0,0,12,12,6448,5766
compact51__current_roles,2019-01-06 17:00:00,19.5576475625,53.0882377688,0,0,0,12,12,5091,1987
compact51__current_roles,2019-01-06 18:00:00,21.5553624104,55.9964956071,0,0,0,12,12,6200,2688
compact51__current_roles,2019-01-06 19:00:00,20.8346932803,48.9043987113,0,0,0,12,12,5862,1126
compact51__current_roles,2019-01-06 20:00:00,16.4081141367,47.1228300125,0,0,0,12,12,2673,808
compact51__current_roles,2019-01-06 21:00:00,16.2808875188,47.3193373193,0,0,0,12,12,2580,841
compact51__current_roles,2019-01-06 22:00:00,14.6371492575,48.5364396164,0,0,0,12,12,1402,1066
compact51__current_roles,2019-01-06 23:00:00,17.3822990456,52.0202804103,0,0,0,12,12,3462,1749
compact51__current_roles,2019-01-07 00:00:00,18.6800369734,51.5227671563,0,0,0,12,12,4483,1645
compact51__current_roles,2019-01-07 01:00:00,20.1423872297,54.9621642711,0,0,0,12,12,5471,2442
compact51__current_roles,2019-01-07 02:00:00,19.778917847,53.5420629747,0,0,0,12,12,5238,2096
compact51__current_roles,2019-01-07 03:00:00,19.5690420338,54.4739758001,0,0,0,12,12,5101,2317
compact51__current_roles,2019-01-07 04:00:00,21.5762786018,56.280349536,0,0,0,12,12,6209,2770
compact51__current_roles,2019-01-07 05:00:00,25.185846778,61.6750744183,0,0,0,12,12,7534,3933
compact51__current_roles,2019-01-07 06:00:00,17.9050375252,56.9352254179,0,0,0,12,12,3884,2913
compact51__current_roles,2019-01-07 07:00:00,14.0849847548,56.9305438522,0,0,0,12,12,1044,2911
compact51__current_roles,2019-01-07 08:00:00,13.7024939832,57.0609722112,0,0,0,12,12,867,2944
compact51__current_roles,2019-01-07 09:00:00,15.932825583,60.4440411616,0,0,0,12,12,2343,3674
compact51__current_roles,2019-01-07 10:00:00,16.571229064,64.7104543718,0,0,0,12,12,2812,4406
compact51__current_roles,2019-01-07 11:00:00,15.7712576787,64.1703157805,0,0,0,12,12,2206,4325
compact51__current_roles,2019-01-07 12:00:00,15.1173377641,64.0527670818,0,0,0,12,12,1721,4299
compact51__current_roles,2019-01-07 13:00:00,15.688946034,59.0506278524,0,0,0,12,12,2132,3394
compact51__current_roles,2019-01-07 14:00:00,14.453802227,56.2610417174,0,0,0,12,12,1280,2764
compact51__current_roles,2019-01-07 15:00:00,12.8296442681,54.180307534,0,0,0,12,12,515,2238
compact51__current_roles,2019-01-07 16:00:00,14.0713017988,52.9602733907,0,0,0,12,12,1038,1951
compact51__current_roles,2019-01-07 17:00:00,16.7074816881,57.9021430458,0,0,0,12,12,2926,3161
compact51__current_roles,2019-01-07 18:00:00,19.2637574558,60.8877149458,0,0,0,12,12,4890,3772
compact51__current_roles,2019-01-07 19:00:00,16.5374953324,54.2542168207,0,0,0,12,12,2779,2254
compact51__current_roles,2019-01-07 20:00:00,14.3250910569,51.0975049327,0,0,0,12,12,1194,1543
compact51__current_roles,2019-01-07 21:00:00,14.2177295821,51.3919305009,0,0,0,12,12,1123,1607
compact51__current_roles,2019-01-07 22:00:00,20.7016760752,57.0496725264,0,0,0,12,12,5779,2941
compact51__current_roles,2019-01-07 23:00:00,16.0949494245,46.9199928963,0,0,0,12,12,2439,776
compact51__current_roles,2019-01-08 00:00:00,14.9625152914,42.3814088273,0,0,0,12,12,1635,271
compact51__current_roles,2019-01-08 01:00:00,15.2434338689,42.5737727997,0,0,0,12,12,1815,280
compact51__current_roles,2019-01-08 02:00:00,14.0416182069,43.3941782966,0,0,0,12,12,1021,343
compact51__current_roles,2019-01-08 03:00:00,17.9032464144,49.3561496878,0,0,0,12,12,3881,1215
compact51__current_roles,2019-01-08 04:00:00,19.2442858588,46.5482663133,0,0,0,12,12,4880,720
compact51__current_roles,2019-01-08 05:00:00,19.15138401,48.797891181,0,0,0,12,12,4816,1106
compact51__current_roles,2019-01-08 06:00:00,21.2118477751,60.308342596,0,0,0,12,12,6039,3647
compact51__current_roles,2019-01-08 07:00:00,17.8290276896,57.2371979482,0,0,0,13,12,3827,2998
compact51__current_roles,2019-01-08 08:00:00,16.7476130635,52.4067123531,0,0,0,12,12,2949,1821
compact51__current_roles,2019-01-08 09:00:00,16.3450286244,48.6688957518,0,0,0,12,12,2621,1087
compact51__current_roles,2019-01-08 10:00:00,14.9593378713,48.8208135411,0,0,0,12,12,1632,1111
compact51__current_roles,2019-01-08 11:00:00,16.2600196926,50.1803010487,0,0,0,12,12,2569,1367
compact51__current_roles,2019-01-08 12:00:00,17.0721919863,52.0518315558,0,0,0,12,12,3200,1757
compact51__current_roles,2019-01-08 13:00:00,14.2683558053,52.8297934025,0,0,0,12,12,1158,1914
compact51__current_roles,2019-01-08 14:00:00,12.7551996791,49.8991535884,0,0,0,12,12,489,1323
compact51__current_roles,2019-01-08 15:00:00,11.9960270345,47.248069582,0,0,0,12,12,250,827
compact51__current_roles,2019-01-08 16:00:00,12.1896534729,49.5911839747,0,0,0,14,14,305,1267
compact51__current_roles,2019-01-08 17:00:00,13.1945642703,50.8958013794,0,0,0,10,10,638,1503
compact51__current_roles,2019-01-08 18:00:00,18.0077140246,58.0044562954,0,0,0,12,12,3972,3176
compact51__current_roles,2019-01-08 19:00:00,20.1117471571,62.8374270222,0,0,0,12,12,5449,4130
compact51__current_roles,2019-01-08 20:00:00,18.2090973023,62.5102020045,0,0,0,12,12,4107,4073
compact51__current_roles,2019-01-08 21:00:00,24.8715704679,70.1870495205,0,0,0,12,12,7444,4977
compact51__current_roles,2019-01-08 22:00:00,21.7672611983,66.5483587171,0,0,0,12,12,6293,4623
compact51__current_roles,2019-01-08 23:00:00,19.4581951169,58.3706232863,0,0,0,12,12,5021,3247
compact51__current_roles,2019-01-09 00:00:00,18.8206282185,56.0892087273,0,0,0,12,12,4592,2717
compact51__current_roles,2019-01-09 01:00:00,22.3841591118,95.7247011273,0,0,0,12,12,6588,6106
compact51__current_roles,2019-01-09 02:00:00,22.9597304063,82.0919493137,0,0,0,12,12,6860,5639
compact51__current_roles,2019-01-09 03:00:00,25.9255530412,112.715641479,0,0,0,12,12,7702,6522
compact51__current_roles,2019-01-09 04:00:00,24.7090948423,70.6926991707,0,0,0,12,12,7405,5025
compact51__current_roles,2019-01-09 05:00:00,20.0136014817,52.4218633548,0,0,0,12,12,5381,1827
compact51__current_roles,2019-01-09 06:00:00,16.1115841127,48.6716976897,0,0,0,12,12,2454,1089
compact51__current_roles,2019-01-09 07:00:00,20.5421068024,53.648311388,0,0,0,12,12,5695,2122
compact51__current_roles,2019-01-09 08:00:00,18.7869977148,54.5634417083,0,0,0,12,12,4559,2339
compact51__current_roles,2019-01-09 09:00:00,19.7528972283,80.0718426076,0,0,0,12,12,5217,5559
compact51__current_roles,2019-01-09 10:00:00,19.6808572548,94.8859760502,0,0,0,12,12,5168,6074
compact51__current_roles,2019-01-09 11:00:00,21.3796293553,110.95392912,0,0,0,12,12,6125,6488
compact51__current_roles,2019-01-09 12:00:00,20.9831469267,104.61570988,0,0,0,12,12,5932,6359
compact51__current_roles,2019-01-09 13:00:00,21.5429139705,108.443739028,0,0,0,12,12,6196,6436
compact51__current_roles,2019-01-09 14:00:00,20.793755928,94.1311648696,0,0,0,12,12,5838,6047
compact51__current_roles,2019-01-09 15:00:00,20.5887714556,94.4235394428,0,0,0,12,12,5719,6057
compact51__current_roles,2019-01-09 16:00:00,19.3706038399,83.1888790697,0,0,0,12,12,4954,5681
compact51__current_roles,2019-01-09 17:00:00,21.4607085157,112.312958721,0,0,0,12,12,6163,6514
compact51__current_roles,2019-01-09 18:00:00,22.7187151641,121.033054069,0,0,0,12,12,6749,6681
compact51__current_roles,2019-01-09 19:00:00,20.0932155513,110.661616653,0,0,0,12,12,5429,6476
compact51__current_roles,2019-01-09 20:00:00,17.6621164698,78.1276344546,0,0,0,12,12,3693,5483
compact51__current_roles,2019-01-09 21:00:00,18.5436441312,91.7994096783,0,0,0,12,12,4392,5962
compact51__current_roles,2019-01-09 22:00:00,24.6037239731,65.3357314277,0,0,0,12,12,7375,4488
compact51__current_roles,2019-01-09 23:00:00,19.1599611936,62.7706286051,0,0,0,12,12,4827,4118
compact51__current_roles,2019-01-10 00:00:00,20.6706852424,52.5289772033,0,0,0,12,12,5764,1855
compact51__current_roles,2019-01-10 01:00:00,19.5931972105,50.1686700562,0,0,0,12,12,5120,1363
compact51__current_roles,2019-01-10 02:00:00,18.8090043071,50.8408059686,0,0,0,12,12,4574,1488
compact51__current_roles,2019-01-10 03:00:00,19.9449292759,53.2163930925,0,0,0,12,12,5337,2011
compact51__current_roles,2019-01-10 04:00:00,20.3514999207,54.5705172707,0,0,0,12,12,5595,2344
compact51__current_roles,2019-01-10 05:00:00,19.3843443381,53.4090460386,0,0,0,12,12,4961,2058
compact51__current_roles,2019-01-10 06:00:00,15.7993478731,44.7653503016,0,0,0,12,12,2229,499
compact51__current_roles,2019-01-10 07:00:00,14.6969690937,46.3429620794,0,0,0,12,12,1449,683
compact51__current_roles,2019-01-10 08:00:00,14.2481931602,45.8541411072,0,0,0,12,12,1148,621
compact51__current_roles,2019-01-10 09:00:00,16.1683660074,54.0643618414,0,0,0,12,12,2505,2211
compact51__current_roles,2019-01-10 10:00:00,18.2117180892,77.2797256915,0,0,0,12,12,4109,5439
compact51__current_roles,2019-01-10 11:00:00,21.4659165876,84.4854445208,0,0,0,12,12,6167,5731
compact51__current_roles,2019-01-10 12:00:00,19.4264915989,66.2259518388,0,0,0,12,12,4992,4591
compact51__current_roles,2019-01-10 13:00:00,18.4786723002,53.5689883845,0,0,0,12,12,4349,2103
compact51__current_roles,2019-01-10 14:00:00,18.0359546179,50.3544831083,0,0,0,12,12,3995,1393
compact51__current_roles,2019-01-10 15:00:00,17.2160919119,50.7529564147,0,0,0,12,12,3313,1472
compact51__current_roles,2019-01-10 16:00:00,16.0880481714,52.1713440851,0,0,0,12,12,2430,1774
compact51__current_roles,2019-01-10 17:00:00,19.3457646389,56.1102320534,0,0,0,12,12,4935,2725
compact51__current_roles,2019-01-10 18:00:00,20.0956646521,56.0205588032,0,0,0,12,12,5432,2695
compact51__current_roles,2019-01-10 19:00:00,16.9305062839,51.4029409291,0,0,0,12,12,3098,1610
compact51__current_roles,2019-01-10 20:00:00,17.445595469,49.8922052058,0,0,0,12,12,3514,1322
compact51__current_roles,2019-01-10 21:00:00,17.7460897917,49.9654065618,0,0,0,12,12,3761,1333
compact51__current_roles,2019-01-10 22:00:00,19.7383743025,53.6966286428,0,0,0,12,12,5206,2130
compact51__current_roles,2019-01-10 23:00:00,24.1210941663,57.3875133608,0,0,0,12,12,7242,3035
compact51__current_roles,2019-01-11 00:00:00,16.7629351401,44.7941665795,0,0,0,12,12,2965,503
compact51__current_roles,2019-01-11 01:00:00,15.7917640705,42.6219516367,0,0,0,12,12,2223,284
compact51__current_roles,2019-01-11 02:00:00,15.4695311978,44.4672292222,0,0,0,12,12,1978,462
compact51__current_roles,2019-01-11 03:00:00,16.5003848882,46.1431949648,0,0,0,12,12,2755,659
compact51__current_roles,2019-01-11 04:00:00,20.162436179,48.9377573772,0,0,0,12,12,5477,1136
compact51__current_roles,2019-01-11 05:00:00,20.6271915797,49.4160096071,0,0,0,12,12,5739,1229
compact51__current_roles,2019-01-11 06:00:00,22.22090513,54.0725249706,0,0,0,12,12,6518,2214
compact51__current_roles,2019-01-11 07:00:00,19.9660849444,58.5878754015,0,0,0,12,12,5352,3300
compact51__current_roles,2019-01-11 08:00:00,19.4132527418,58.0585113183,0,0,0,12,12,4985,3187
compact51__current_roles,2019-01-11 09:00:00,20.7898803429,56.2380789096,0,0,0,12,12,5834,2757
compact51__current_roles,2019-01-11 10:00:00,19.4650670169,54.5070322494,0,0,0,12,12,5026,2325
compact51__current_roles,2019-01-11 11:00:00,16.8798656954,50.9483398492,0,0,0,12,12,3052,1511
compact51__current_roles,2019-01-11 12:00:00,17.0223462117,52.273012674,0,0,0,12,12,3160,1794
compact51__current_roles,2019-01-11 13:00:00,17.5220135708,51.9854371855,0,0,0,12,12,3579,1738
compact51__current_roles,2019-01-11 14:00:00,18.3895178717,50.5253532868,0,0,0,12,12,4276,1419
compact51__current_roles,2019-01-11 15:00:00,20.2087662032,56.2061790348,0,0,0,13,13,5508,2752
compact51__current_roles,2019-01-11 16:00:00,15.8020618561,52.1906716632,0,0,0,11,11,2237,1777
compact51__current_roles,2019-01-11 17:00:00,18.4230715796,60.9259550162,0,0,0,12,12,4315,3781
compact51__current_roles,2019-01-11 18:00:00,14.8703710154,53.9411654965,0,0,0,12,12,1576,2181
compact51__current_roles,2019-01-11 19:00:00,13.6896665932,52.7136862633,0,0,0,12,12,864,1895
compact51__current_roles,2019-01-11 20:00:00,14.6981140401,48.1241376637,0,0,0,12,12,1451,989
compact51__current_roles,2019-01-11 21:00:00,17.6752599365,42.3203199787,0,0,0,14,13,3703,262
compact51__current_roles,2019-01-11 22:00:00,19.9016372404,37.5042849926,0,0,0,10,10,5311,64
compact51__current_roles,2019-01-11 23:00:00,18.6442908772,36.2955262462,0,0,0,12,12,4463,42
compact51__current_roles,2019-01-12 00:00:00,20.3831735017,40.8378170239,0,0,0,12,12,5615,171
compact51__current_roles,2019-01-12 01:00:00,18.8235580968,36.1633729131,0,0,0,12,12,4595,38
compact51__current_roles,2019-01-12 02:00:00,20.3384590244,42.5003425263,0,0,0,12,12,5588,276
compact51__current_roles,2019-01-12 03:00:00,22.4650081082,43.2154106462,0,0,0,12,12,6626,330
compact51__current_roles,2019-01-12 04:00:00,23.3712114714,47.1870897883,0,0,0,12,12,7003,818
compact51__current_roles,2019-01-12 05:00:00,21.6704555242,43.7691311969,0,0,0,12,12,6246,387
compact51__current_roles,2019-01-12 06:00:00,20.0738461883,43.0375792392,0,0,0,12,12,5413,319
compact51__current_roles,2019-01-12 07:00:00,19.3750316041,47.1582905779,0,0,0,12,12,4955,812
compact51__current_roles,2019-01-12 08:00:00,19.0310134939,52.0233632647,0,0,0,14,13,4739,1750
compact51__current_roles,2019-01-12 09:00:00,21.3045104021,49.1054370469,0,0,0,12,12,6100,1170
compact51__current_roles,2019-01-12 10:00:00,17.0768279407,49.3400613843,0,0,0,13,13,3204,1209
compact51__current_roles,2019-01-12 11:00:00,18.8388412503,55.2444054884,0,0,0,13,13,4606,2520
compact51__current_roles,2019-01-12 12:00:00,20.6283030889,53.9732976266,0,0,0,12,12,5740,2190
compact51__current_roles,2019-01-12 13:00:00,19.8841118133,49.2223253261,0,0,0,12,12,5303,1182
compact51__current_roles,2019-01-12 14:00:00,21.1408106095,51.4995858585,0,0,0,12,12,6003,1635
compact51__current_roles,2019-01-12 15:00:00,21.3066816717,48.5133453111,0,0,0,12,12,6101,1064
compact51__current_roles,2019-01-12 16:00:00,19.9027409642,55.6984068979,0,0,0,12,12,5313,2627
compact51__current_roles,2019-01-12 17:00:00,18.8761555007,55.9795855991,0,0,0,13,13,4627,2684
compact51__current_roles,2019-01-12 18:00:00,18.2285130221,56.7953614077,0,0,0,11,11,4134,2887
compact51__current_roles,2019-01-12 19:00:00,17.8285607382,56.4463418838,0,0,0,12,12,3825,2805
compact51__current_roles,2019-01-12 20:00:00,19.1527681274,52.3401562372,0,0,0,12,12,4819,1807
compact51__current_roles,2019-01-12 21:00:00,19.3627669257,50.6727329567,0,0,0,12,12,4948,1455
compact51__current_roles,2019-01-12 22:00:00,21.6914349058,46.6678134569,0,0,0,12,12,6255,737
compact51__current_roles,2019-01-12 23:00:00,24.9140671033,48.9260689636,0,0,0,12,12,7463,1135
compact51__current_roles,2019-01-13 00:00:00,22.6073899426,49.7314901362,0,0,0,12,12,6691,1293
compact51__current_roles,2019-01-13 01:00:00,19.3508729422,44.7724877305,0,0,0,12,12,4936,500
compact51__current_roles,2019-01-13 02:00:00,20.3803439465,42.8390708671,0,0,0,12,12,5613,309
compact51__current_roles,2019-01-13 03:00:00,22.5494114869,53.0720418073,0,0,0,12,12,6675,1983
compact51__current_roles,2019-01-13 04:00:00,22.1248056932,45.4710151806,0,0,0,12,12,6470,580
compact51__current_roles,2019-01-13 05:00:00,19.1770044574,42.9107909711,0,0,0,12,12,4840,312
compact51__current_roles,2019-01-13 06:00:00,20.0183250904,44.3834143966,0,0,0,12,12,5384,452
compact51__current_roles,2019-01-13 07:00:00,16.4780973829,49.4485554078,0,0,0,12,12,2739,1233
compact51__current_roles,2019-01-13 08:00:00,17.0013225038,50.2327529747,0,0,0,12,12,3145,1376
compact51__current_roles,2019-01-13 09:00:00,18.0619910786,49.0941998316,0,0,0,12,12,4012,1166
compact51__current_roles,2019-01-13 10:00:00,17.1607153699,54.7901745282,0,0,0,12,12,3268,2403
compact51__current_roles,2019-01-13 11:00:00,18.5178802466,56.0905297566,0,0,0,12,12,4371,2719
compact51__current_roles,2019-01-13 12:00:00,17.9065963686,49.8091668631,0,0,0,12,12,3887,1307
compact51__current_roles,2019-01-13 13:00:00,18.4483635665,48.4029242135,0,0,0,12,12,4332,1042
compact51__current_roles,2019-01-13 14:00:00,18.2128385448,50.3548902137,0,0,0,12,12,4112,1394
compact51__current_roles,2019-01-13 15:00:00,19.4579059061,52.7804643377,0,0,0,12,12,5020,1903
compact51__current_roles,2019-01-13 16:00:00,20.2156899732,55.6840042497,0,0,0,12,12,5514,2622
compact51__current_roles,2019-01-13 17:00:00,19.8282834033,52.908617689,0,0,0,12,12,5272,1936
compact51__current_roles,2019-01-13 18:00:00,17.5262893665,57.5259182092,0,0,0,12,12,3585,3070
compact51__current_roles,2019-01-13 19:00:00,19.9562688342,53.7942071639,0,0,0,12,12,5346,2151
compact51__current_roles,2019-01-13 20:00:00,19.6695445591,53.7069563535,0,0,0,12,12,5158,2137
compact51__current_roles,2019-01-13 21:00:00,18.9371247579,50.9521635363,0,0,0,12,12,4679,1512
compact51__current_roles,2019-01-13 22:00:00,18.6431449061,47.4104860593,0,0,0,13,12,4461,857
compact51__current_roles,2019-01-13 23:00:00,18.7639285976,46.1223021758,0,0,0,12,12,4541,655
compact51__current_roles,2019-01-14 00:00:00,21.0951426639,43.8315661013,0,0,0,12,12,5981,395
compact51__current_roles,2019-01-14 01:00:00,21.2878098116,44.2854096555,0,0,0,12,12,6089,443
compact51__current_roles,2019-01-14 02:00:00,20.0337901517,45.2196984771,0,0,0,12,12,5393,552
compact51__current_roles,2019-01-14 03:00:00,19.2228778932,47.4384876127,0,0,0,12,12,4864,862
compact51__current_roles,2019-01-14 04:00:00,20.146372807,50.6494661043,0,0,0,12,12,5474,1449
compact51__current_roles,2019-01-14 05:00:00,22.1027943816,75.2658915655,0,0,0,13,13,6459,5349
compact51__current_roles,2019-01-14 06:00:00,24.1450812746,64.6235813333,0,0,0,12,11,7250,4392
compact51__current_roles,2019-01-14 07:00:00,23.8047384197,66.0349853882,0,0,0,12,12,7149,4566
compact51__current_roles,2019-01-14 08:00:00,17.5865880295,68.377281726,0,0,0,12,12,3638,4800
compact51__current_roles,2019-01-14 09:00:00,19.1275275507,57.8939626103,0,0,0,13,13,4799,3157
compact51__current_roles,2019-01-14 10:00:00,20.2071846104,54.4889701714,0,0,0,12,12,5505,2322
compact51__current_roles,2019-01-14 11:00:00,19.9367639479,62.0931868451,0,0,0,12,12,5333,4003
compact51__current_roles,2019-01-14 12:00:00,20.5771622412,55.1569691772,0,0,0,14,13,5712,2494
compact51__current_roles,2019-01-14 13:00:00,20.6594869191,55.7970372313,0,0,0,11,11,5754,2647
compact51__current_roles,2019-01-14 14:00:00,21.8717327741,59.1797488252,0,0,0,12,12,6345,3424
compact51__current_roles,2019-01-14 15:00:00,21.3013887205,50.9933859205,0,0,0,12,12,6098,1517
compact51__current_roles,2019-01-14 16:00:00,20.6229832341,60.5253834792,0,0,0,12,12,5736,3696
compact51__current_roles,2019-01-14 17:00:00,16.8407507558,60.6162957139,0,0,0,12,12,3015,3715
compact51__current_roles,2019-01-14 18:00:00,13.9977488958,59.320991667,0,0,0,12,12,1000,3459
compact51__current_roles,2019-01-14 19:00:00,15.2455037619,55.3958872576,0,0,0,12,12,1816,2554
compact51__current_roles,2019-01-14 20:00:00,17.4174186242,50.2863765614,0,0,0,12,12,3489,1386
compact51__current_roles,2019-01-14 21:00:00,16.2990537946,47.273874917,0,0,0,12,12,2589,829
compact51__current_roles,2019-01-14 22:00:00,17.3584114836,45.2617973289,0,0,0,12,12,3445,554
compact51__current_roles,2019-01-14 23:00:00,21.8322085887,50.3778087615,0,0,0,12,12,6326,1396
compact51__current_roles,2019-01-15 00:00:00,24.3278624517,67.7410605351,0,0,0,12,12,7304,4742
compact51__current_roles,2019-01-15 01:00:00,22.3213162132,66.6734721934,0,0,0,12,12,6563,4632
compact51__current_roles,2019-01-15 02:00:00,23.6970012734,67.114285459,0,0,0,12,12,7114,4682
compact51__current_roles,2019-01-15 03:00:00,23.5714617697,68.7197433754,0,0,0,12,12,7064,4832
compact51__current_roles,2019-01-15 04:00:00,25.3733122983,72.5250874282,0,0,0,12,12,7575,5174
compact51__current_roles,2019-01-15 05:00:00,21.6643953675,46.4554257926,0,0,0,12,12,6245,708
compact51__current_roles,2019-01-15 06:00:00,17.0814674792,44.7497593119,0,0,0,12,12,3210,494
compact51__current_roles,2019-01-15 07:00:00,14.1121692028,55.2158762587,0,0,0,12,12,1055,2513
compact51__current_roles,2019-01-15 08:00:00,12.2765304113,56.1153878364,0,0,0,12,12,335,2728
compact51__current_roles,2019-01-15 09:00:00,14.8922735303,53.8917233561,0,0,0,12,12,1600,2171
compact51__current_roles,2019-01-15 10:00:00,15.6562277477,61.63590211,0,0,0,12,12,2112,3924
compact51__current_roles,2019-01-15 11:00:00,13.8804421265,56.6297644861,0,0,0,13,13,945,2843
compact51__current_roles,2019-01-15 12:00:00,17.2514942037,50.9048479531,0,0,0,12,12,3346,1505
compact51__current_roles,2019-01-15 13:00:00,16.4140955574,49.4642335591,0,0,0,12,12,2681,1239
compact51__current_roles,2019-01-15 14:00:00,17.9867706096,48.8165263772,0,0,0,12,12,3955,1109
compact51__current_roles,2019-01-15 15:00:00,17.565981033,49.0085100744,0,0,0,12,12,3620,1147
compact51__current_roles,2019-01-15 16:00:00,16.2086845644,53.7485783323,0,0,0,12,12,2531,2143
compact51__current_roles,2019-01-15 17:00:00,15.5247524745,54.7037795312,0,0,0,12,12,2020,2376
compact51__current_roles,2019-01-15 18:00:00,14.1413216579,56.3654093675,0,0,0,12,12,1076,2788
compact51__current_roles,2019-01-15 19:00:00,12.9108106062,57.7628769151,0,0,0,12,12,538,3127
compact51__current_roles,2019-01-15 20:00:00,14.3338279416,54.739169441,0,0,0,12,12,1200,2381
compact51__current_roles,2019-01-15 21:00:00,15.675493005,48.1199223486,0,0,0,12,12,2124,988
compact51__current_roles,2019-01-15 22:00:00,23.2340123022,53.0701031767,0,0,0,12,12,6966,1982
compact51__current_roles,2019-01-15 23:00:00,19.3828161339,47.1724322181,0,0,0,12,12,4959,815
compact51__current_roles,2019-01-16 00:00:00,24.5543267697,65.0660108938,0,0,0,12,12,7360,4452
compact51__current_roles,2019-01-16 01:00:00,23.2539091293,100.416978952,0,0,0,12,12,6970,6245
compact51__current_roles,2019-01-16 02:00:00,28.3925126921,173.203148347,0,0,0,12,12,8131,7309
compact51__current_roles,2019-01-16 03:00:00,27.8173500779,278.350797014,0,0,0,12,12,8044,7866
compact51__current_roles,2019-01-16 04:00:00,28.0808944918,444.951657953,0,0,0,12,12,8085,8185
compact51__current_roles,2019-01-16 05:00:00,19.1932315138,66.6480315374,0,0,0,12,12,4850,4629
compact51__current_roles,2019-01-16 06:00:00,18.4999654143,77.6334598083,0,0,0,12,12,4361,5460
compact51__current_roles,2019-01-16 07:00:00,18.3482101336,54.0298406648,0,0,0,12,12,4231,2206
compact51__current_roles,2019-01-16 08:00:00,16.1282080571,50.5550261098,0,0,0,12,12,2470,1428
compact51__current_roles,2019-01-16 09:00:00,16.4459874247,49.6329129366,0,0,0,12,12,2708,1272
compact51__current_roles,2019-01-16 10:00:00,15.7189324899,51.1015313427,0,0,0,12,12,2159,1544
compact51__current_roles,2019-01-16 11:00:00,14.6272848463,50.2971377666,0,0,0,12,12,1393,1387
compact51__current_roles,2019-01-16 12:00:00,16.2295639793,48.3266252888,0,0,0,12,12,2543,1025
compact51__current_roles,2019-01-16 13:00:00,19.0607538023,50.2722551837,0,0,0,12,12,4763,1382
compact51__current_roles,2019-01-16 14:00:00,20.9227189156,58.1706408685,0,0,0,12,12,5902,3211
compact51__current_roles,2019-01-16 15:00:00,16.4211422544,52.2883851127,0,0,0,12,12,2688,1797
compact51__current_roles,2019-01-16 16:00:00,15.1462144064,54.5594213212,0,0,0,12,12,1747,2337
compact51__current_roles,2019-01-16 17:00:00,15.8666855384,57.6066477917,0,0,0,12,12,2286,3085
compact51__current_roles,2019-01-16 18:00:00,17.1568443353,53.1835284747,0,0,0,12,12,3262,2001
compact51__current_roles,2019-01-16 19:00:00,15.8781267458,53.0888572583,0,0,0,12,12,2294,1988
compact51__current_roles,2019-01-16 20:00:00,15.8871324879,52.1008688142,0,0,0,12,12,2305,1767
compact51__current_roles,2019-01-16 21:00:00,18.383484207,50.1129984957,0,0,0,13,13,4271,1355
compact51__current_roles,2019-01-16 22:00:00,18.0090741621,50.0329062525,0,0,0,12,12,3973,1344
compact51__current_roles,2019-01-16 23:00:00,22.6920266711,56.8562881671,0,0,0,13,13,6737,2896
compact51__current_roles,2019-01-17 00:00:00,20.7449702102,51.3631732067,0,0,0,12,12,5800,1602
compact51__current_roles,2019-01-17 01:00:00,25.0056710186,92.4023755489,0,0,0,12,12,7487,5981
compact51__current_roles,2019-01-17 02:00:00,24.000611771,100.964826861,0,0,0,12,12,7203,6263
compact51__current_roles,2019-01-17 03:00:00,30.628867665,133.347857833,0,0,0,12,12,8403,6883
compact51__current_roles,2019-01-17 04:00:00,29.6604004586,123.883922042,0,0,0,12,12,8305,6737
compact51__current_roles,2019-01-17 05:00:00,23.0416214073,61.592692837,0,0,0,13,13,6901,3913
compact51__current_roles,2019-01-17 06:00:00,25.3544878552,51.0363273471,0,0,0,12,11,7571,1525
compact51__current_roles,2019-01-17 07:00:00,19.571921194,591.145193763,1,0,0,12,12,5104,8333
compact51__current_roles,2019-01-17 08:00:00,17.7909556557,52.611076432,0,0,0,12,12,3794,1875
compact51__current_roles,2019-01-17 09:00:00,16.9203799268,51.4909923427,0,0,0,12,12,3091,1631
compact51__current_roles,2019-01-17 10:00:00,16.3374246395,53.5165544815,0,0,0,12,12,2612,2090
compact51__current_roles,2019-01-17 11:00:00,16.8742957645,57.4005677556,0,0,0,8,8,3042,3041
compact51__current_roles,2019-01-17 12:00:00,19.8282514469,51.2487397012,0,0,0,12,12,5271,1570
compact51__current_roles,2019-01-17 13:00:00,18.9732870445,54.784348937,0,0,0,12,12,4703,2399
compact51__current_roles,2019-01-17 14:00:00,18.5548910923,53.2965550264,0,0,0,12,12,4401,2036
compact51__current_roles,2019-01-17 15:00:00,19.3130866543,55.2584576427,0,0,0,12,12,4921,2522
compact51__current_roles,2019-01-17 16:00:00,20.1559562846,60.2963344912,0,0,0,12,12,5476,3645
compact51__current_roles,2019-01-17 17:00:00,16.9890486169,60.7113092405,0,0,0,12,12,3137,3735
compact51__current_roles,2019-01-17 18:00:00,16.9985126772,60.9421479395,0,0,0,12,12,3143,3786
compact51__current_roles,2019-01-17 19:00:00,18.0050814677,57.2674284285,0,0,0,12,12,3968,3008
compact51__current_roles,2019-01-17 20:00:00,19.4572412883,53.6239039595,0,0,0,12,12,5018,2113
compact51__current_roles,2019-01-17 21:00:00,23.8963798293,78.7208836196,0,0,0,12,12,7176,5503
compact51__current_roles,2019-01-17 22:00:00,21.0402289837,50.0366566554,0,0,0,12,12,5957,1345
compact51__current_roles,2019-01-17 23:00:00,27.5346638578,86.868321416,0,0,0,12,12,8005,5811
compact51__current_roles,2019-01-18 00:00:00,23.9405108651,64.827717832,0,0,0,12,12,7188,4420
compact51__current_roles,2019-01-18 01:00:00,28.8465365673,253.93974204,0,0,0,12,12,8193,7785
compact51__current_roles,2019-01-18 02:00:00,30.2200683159,226.04198052,0,0,0,12,12,8376,7647
compact51__current_roles,2019-01-18 03:00:00,32.888424787,191.79027977,0,0,0,12,12,8539,7438
compact51__current_roles,2019-01-18 04:00:00,34.083260249,235.029199108,0,0,0,12,12,8583,7695
compact51__current_roles,2019-01-18 05:00:00,22.7515490776,106.975573043,0,0,0,12,12,6764,6404
compact51__current_roles,2019-01-18 06:00:00,21.4089705755,44.8769255484,0,0,0,12,12,6140,514
compact51__current_roles,2019-01-18 07:00:00,16.5725854151,51.7532073459,0,0,0,12,12,2814,1695
compact51__current_roles,2019-01-18 08:00:00,13.206098319,54.1701616688,0,0,0,12,12,645,2233
compact51__current_roles,2019-01-18 09:00:00,13.7992540682,51.9688250006,0,0,0,12,12,908,1733
compact51__current_roles,2019-01-18 10:00:00,16.9666947096,47.6512226146,0,0,0,12,12,3121,900
compact51__current_roles,2019-01-18 11:00:00,17.1022973814,51.0366911326,0,0,0,12,12,3227,1526
compact51__current_roles,2019-01-18 12:00:00,16.836776688,51.3450447688,0,0,0,12,12,3010,1596
compact51__current_roles,2019-01-18 13:00:00,16.3739730809,49.3040402165,0,0,0,12,12,2639,1202
compact51__current_roles,2019-01-18 14:00:00,15.5657927275,51.3288232328,0,0,0,12,12,2044,1592
compact51__current_roles,2019-01-18 15:00:00,15.2258414319,54.3689022699,0,0,0,12,12,1799,2289
compact51__current_roles,2019-01-18 16:00:00,13.6694209185,56.7157387495,0,0,0,12,12,856,2865
compact51__current_roles,2019-01-18 17:00:00,14.6519085665,51.4108023519,0,0,0,12,12,1416,1614
compact51__current_roles,2019-01-18 18:00:00,13.5351066756,52.8370451949,0,0,0,12,12,785,1917
compact51__current_roles,2019-01-18 19:00:00,13.7208886309,54.8319489463,0,0,0,12,12,875,2412
compact51__current_roles,2019-01-18 20:00:00,14.1334794951,50.453236207,0,0,0,12,12,1072,1409
compact51__current_roles,2019-01-18 21:00:00,15.3362134891,49.3645913369,0,0,0,12,12,1882,1218
compact51__current_roles,2019-01-18 22:00:00,19.2176350444,49.5723801264,0,0,0,12,12,4859,1263
compact51__current_roles,2019-01-18 23:00:00,23.3323920309,85.5142096582,0,0,0,12,12,6991,5773
compact51__current_roles,2019-01-19 00:00:00,22.4750969119,85.4212665919,0,0,0,12,12,6632,5770
compact51__current_roles,2019-01-19 01:00:00,23.482851593,81.9320347025,0,0,0,12,12,7036,5636
compact51__current_roles,2019-01-19 02:00:00,25.1253610036,95.7330564825,0,0,0,12,12,7519,6107
compact51__current_roles,2019-01-19 03:00:00,27.9233430296,135.897110081,0,0,0,12,12,8053,6915
compact51__current_roles,2019-01-19 04:00:00,28.5764669262,142.498122906,0,0,0,12,12,8165,6991
compact51__current_roles,2019-01-19 05:00:00,28.0672886198,123.744099742,0,0,0,12,12,8079,6734
compact51__current_roles,2019-01-19 06:00:00,29.1744020344,107.783605957,0,0,0,12,12,8242,6418
compact51__current_roles,2019-01-19 07:00:00,13.6610296244,48.0894556614,0,0,0,12,12,849,982
compact51__current_roles,2019-01-19 08:00:00,14.8307109558,42.7828513499,0,0,0,12,12,1542,304
compact51__current_roles,2019-01-19 09:00:00,15.4921324811,44.8326255247,0,0,0,12,12,1989,508
compact51__current_roles,2019-01-19 10:00:00,15.8016040827,44.240975855,0,0,0,12,12,2236,438
compact51__current_roles,2019-01-19 11:00:00,17.4835600066,45.9415494669,0,0,0,12,12,3550,628
compact51__current_roles,2019-01-19 12:00:00,17.3353301609,46.0381205644,0,0,0,11,11,3426,642
compact51__current_roles,2019-01-19 13:00:00,18.231370127,56.0552032017,0,0,0,12,12,4137,2704
compact51__current_roles,2019-01-19 14:00:00,15.708656964,69.6115387021,0,0,0,12,12,2147,4920
compact51__current_roles,2019-01-19 15:00:00,18.4212484587,758.278169636,1,0,0,12,12,4313,8423
compact51__current_roles,2019-01-19 16:00:00,20.177196265,175.101645504,1,0,0,12,12,5486,7325
compact51__current_roles,2019-01-19 17:00:00,22.8077464231,57.1235129924,0,0,0,12,12,6788,2964
compact51__current_roles,2019-01-19 18:00:00,19.9800687109,57.2496302409,0,0,0,12,12,5358,3002
compact51__current_roles,2019-01-19 19:00:00,18.9346055442,72.5881106186,0,0,0,12,12,4676,5177
compact51__current_roles,2019-01-19 20:00:00,20.535622327,91.4969922065,0,0,0,12,12,5692,5953
compact51__current_roles,2019-01-19 21:00:00,20.7120189151,110.755052325,1,0,0,12,12,5785,6482
compact51__current_roles,2019-01-19 22:00:00,23.8481584385,174.353240692,1,0,0,12,12,7159,7321
compact51__current_roles,2019-01-19 23:00:00,23.7781256808,195.823292162,0,0,0,12,12,7143,7469
compact51__current_roles,2019-01-20 00:00:00,26.6915635014,53.5042790988,0,0,0,12,12,7877,2083
compact51__current_roles,2019-01-20 01:00:00,26.3603452482,45.888307543,0,0,0,12,12,7807,624
compact51__current_roles,2019-01-20 02:00:00,28.2307496733,78.8560856973,0,0,0,12,12,8110,5507
compact51__current_roles,2019-01-20 03:00:00,31.237098676,93.1320790703,0,0,0,12,12,8445,6014
compact51__current_roles,2019-01-20 04:00:00,32.1431497671,97.9344371424,0,0,0,12,12,8501,6169
compact51__current_roles,2019-01-20 05:00:00,28.4788611021,57.2495534775,0,0,0,12,12,8144,3001
compact51__current_roles,2019-01-20 06:00:00,31.4548012814,83.8228619631,0,0,0,12,12,8463,5708
compact51__current_roles,2019-01-20 07:00:00,30.0031557978,67.975152272,0,0,0,12,12,8351,4769
compact51__current_roles,2019-01-20 08:00:00,22.662324925,51.120614664,0,0,0,12,12,6724,1550
compact51__current_roles,2019-01-20 09:00:00,20.1059061575,43.8334838156,0,0,0,12,12,5444,396
compact51__current_roles,2019-01-20 10:00:00,19.3368705257,48.0359260212,0,0,0,12,12,4928,966
compact51__current_roles,2019-01-20 11:00:00,18.9212887606,48.2020152544,0,0,0,12,12,4668,1001
compact51__current_roles,2019-01-20 12:00:00,17.939990232,44.9546747096,0,0,0,12,12,3919,522
compact51__current_roles,2019-01-20 13:00:00,21.6039842448,63.025640283,0,0,0,12,12,6226,4162
compact51__current_roles,2019-01-20 14:00:00,21.0184266926,48.6966635831,0,0,0,12,12,5949,1095
compact51__current_roles,2019-01-20 15:00:00,21.4022302592,43.2875534049,0,0,0,12,12,6137,334
compact51__current_roles,2019-01-20 16:00:00,21.7020625291,43.2605110984,0,0,0,12,12,6262,332
compact51__current_roles,2019-01-20 17:00:00,19.4515230591,42.2150841132,0,0,0,12,12,5014,256
compact51__current_roles,2019-01-20 18:00:00,18.8339640014,44.9050108525,0,0,0,12,12,4600,517
compact51__current_roles,2019-01-20 19:00:00,17.2431461295,44.2068562617,0,0,0,13,13,3337,435
compact51__current_roles,2019-01-20 20:00:00,17.7115286443,42.9265581648,0,0,0,12,12,3731,313
compact51__current_roles,2019-01-20 21:00:00,21.8433476217,45.3425792515,0,0,0,12,12,6330,566
compact51__current_roles,2019-01-20 22:00:00,20.6686301558,61.0075801274,0,0,0,13,13,5762,3798
compact51__current_roles,2019-01-20 23:00:00,21.9911977669,70.7776280082,0,0,0,12,12,6402,5034
compact51__current_roles,2019-01-21 00:00:00,22.4754183893,90.8009786036,0,0,0,13,12,6634,5929
compact51__current_roles,2019-01-21 01:00:00,23.6765930144,110.092478375,1,0,0,12,12,7104,6466
compact51__current_roles,2019-01-21 02:00:00,24.833945091,74.3976266523,0,0,0,12,12,7436,5302
compact51__current_roles,2019-01-21 03:00:00,26.8132121416,79.530657873,0,0,0,12,12,7905,5536
compact51__current_roles,2019-01-21 04:00:00,23.6868550566,84.3277950809,0,0,0,12,12,7108,5723
compact51__current_roles,2019-01-21 05:00:00,23.8784579606,80.885692374,0,0,0,12,12,7170,5597
compact51__current_roles,2019-01-21 06:00:00,21.1579031573,55.2886480714,0,0,0,12,12,6013,2535
compact51__current_roles,2019-01-21 07:00:00,12.1767162891,52.5544054806,0,0,0,12,12,300,1861
compact51__current_roles,2019-01-21 08:00:00,13.2143141215,56.0664831183,0,0,0,12,12,650,2709
compact51__current_roles,2019-01-21 09:00:00,12.0850446532,53.4644579947,0,0,0,12,12,274,2070
compact51__current_roles,2019-01-21 10:00:00,13.2308383166,54.5307238856,0,0,0,12,12,662,2330
compact51__current_roles,2019-01-21 11:00:00,13.6518294974,45.7216732915,0,0,0,11,11,844,603
compact51__current_roles,2019-01-21 12:00:00,15.9707760359,36.4808641046,0,0,0,12,12,2365,45
compact51__current_roles,2019-01-21 13:00:00,12.6878523625,39.9386854341,0,0,0,12,12,465,122
compact51__current_roles,2019-01-21 14:00:00,13.3517936452,41.1250660568,0,0,0,12,12,713,185
compact51__current_roles,2019-01-21 15:00:00,13.4841456913,40.7830748405,0,0,0,12,12,767,164
compact51__current_roles,2019-01-21 16:00:00,13.1463960738,50.9678900953,0,0,0,12,12,624,1514
compact51__current_roles,2019-01-21 17:00:00,12.9416552871,55.5893119138,0,0,0,12,12,548,2600
compact51__current_roles,2019-01-21 18:00:00,14.9270265454,55.2898477244,0,0,0,12,12,1620,2536
compact51__current_roles,2019-01-21 19:00:00,18.3888529954,54.8039994395,0,0,0,12,12,4274,2407
compact51__current_roles,2019-01-21 20:00:00,16.3391079472,50.7713040374,0,0,0,12,12,2616,1477
compact51__current_roles,2019-01-21 21:00:00,14.5319622514,43.4179288575,0,0,0,12,12,1320,345
compact51__current_roles,2019-01-21 22:00:00,17.2231667964,62.2615100598,0,0,0,12,12,3319,4029
compact51__current_roles,2019-01-21 23:00:00,20.3372917396,90.0090616467,0,0,0,12,12,5586,5911
compact51__current_roles,2019-01-22 00:00:00,22.7312988288,154.816832817,1,0,0,13,12,6755,7144
compact51__current_roles,2019-01-22 01:00:00,23.8863187941,152.981066754,1,0,0,12,12,7173,7116
compact51__current_roles,2019-01-22 02:00:00,21.8603481918,115.395445402,1,0,0,12,12,6339,6574
compact51__current_roles,2019-01-22 03:00:00,21.7032116789,91.8123384398,0,0,0,13,12,6265,5963
compact51__current_roles,2019-01-22 04:00:00,17.4419949623,40.6094133648,0,0,0,12,12,3512,152
compact51__current_roles,2019-01-22 05:00:00,18.0041300121,38.1940841354,0,0,0,12,12,3966,76
compact51__current_roles,2019-01-22 06:00:00,26.0852737089,63.3950547532,0,0,0,12,12,7739,4215
compact51__current_roles,2019-01-22 07:00:00,27.5302888122,62.6991933351,0,0,0,12,12,8002,4104
compact51__current_roles,2019-01-22 08:00:00,24.7573721952,66.6924204834,0,0,0,12,12,7419,4633
compact51__current_roles,2019-01-22 09:00:00,22.1377960432,65.5176998396,0,0,0,12,12,6480,4512
compact51__current_roles,2019-01-22 10:00:00,17.204440003,62.5816218052,0,0,0,12,12,3303,4081
compact51__current_roles,2019-01-22 11:00:00,13.5548975361,56.0826157028,0,0,0,12,12,791,2715
compact51__current_roles,2019-01-22 12:00:00,18.2156008603,47.9720965584,0,0,0,12,12,4119,956
compact51__current_roles,2019-01-22 13:00:00,14.9885682757,43.6905382687,0,0,0,12,12,1653,379
compact51__current_roles,2019-01-22 14:00:00,15.9578668106,50.0259094914,0,0,0,13,13,2359,1343
compact51__current_roles,2019-01-22 15:00:00,15.8196057469,42.6382077918,0,0,0,12,12,2248,287
compact51__current_roles,2019-01-22 16:00:00,16.9452875845,45.7256942536,0,0,0,12,12,3106,605
compact51__current_roles,2019-01-22 17:00:00,17.3939361553,87.6719974237,0,0,0,12,12,3474,5831
compact51__current_roles,2019-01-22 18:00:00,18.4136677508,259.62578041,0,0,0,12,12,4304,7810
compact51__current_roles,2019-01-22 19:00:00,17.2870469776,198.427987157,0,0,0,13,13,3381,7488
compact51__current_roles,2019-01-22 20:00:00,19.6147524795,120.706113333,0,0,0,12,12,5133,6672
compact51__current_roles,2019-01-22 21:00:00,21.0804915527,53.9493912188,0,0,0,12,12,5974,2184
compact51__current_roles,2019-01-22 22:00:00,16.4412019187,75.6386819236,0,0,0,12,11,2704,5369
compact51__current_roles,2019-01-22 23:00:00,19.3983499526,99.7032128008,0,0,0,12,12,4971,6221
compact51__current_roles,2019-01-23 00:00:00,26.0890160355,97.3776451488,0,0,0,12,12,7742,6158
compact51__current_roles,2019-01-23 01:00:00,28.5132844374,92.6588818374,0,0,0,12,12,8151,5990
compact51__current_roles,2019-01-23 02:00:00,32.6072674285,191.163642914,0,0,0,12,12,8522,7432
compact51__current_roles,2019-01-23 03:00:00,33.9330239564,191.861550886,0,0,0,12,12,8577,7440
compact51__current_roles,2019-01-23 04:00:00,33.6709437476,94.2060327501,0,0,0,12,12,8564,6051
compact51__current_roles,2019-01-23 05:00:00,30.4436158145,68.9642794131,0,0,0,12,12,8392,4853
compact51__current_roles,2019-01-23 06:00:00,22.670792725,58.9643492224,0,0,0,12,12,6730,3376
compact51__current_roles,2019-01-23 07:00:00,17.846789622,51.5689529192,0,0,0,12,12,3842,1653
compact51__current_roles,2019-01-23 08:00:00,15.8640064718,58.8873242668,0,0,0,12,12,2282,3367
compact51__current_roles,2019-01-23 09:00:00,14.8028245886,57.3572028217,0,0,0,12,12,1518,3026
compact51__current_roles,2019-01-23 10:00:00,18.4145012389,51.7306582377,0,0,0,12,12,4305,1690
compact51__current_roles,2019-01-23 11:00:00,18.1974566373,55.5278059668,0,0,0,12,12,4098,2590
compact51__current_roles,2019-01-23 12:00:00,20.0785488857,54.7640375927,0,0,0,12,12,5417,2390
compact51__current_roles,2019-01-23 13:00:00,19.8195308914,56.2327644436,0,0,0,12,12,5262,2755
compact51__current_roles,2019-01-23 14:00:00,18.5564014222,57.0997051878,0,0,0,12,12,4403,2956
compact51__current_roles,2019-01-23 15:00:00,16.6040579461,54.7852638833,0,0,0,12,12,2841,2400
compact51__current_roles,2019-01-23 16:00:00,14.672231406,52.5062764061,0,0,0,12,12,1434,1847
compact51__current_roles,2019-01-23 17:00:00,12.3481328167,49.929355595,0,0,0,12,12,352,1329
compact51__current_roles,2019-01-23 18:00:00,10.7236912515,53.4139959103,0,0,0,12,12,52,2059
compact51__current_roles,2019-01-23 19:00:00,12.3968513046,52.5771898071,0,0,0,12,12,368,1865
compact51__current_roles,2019-01-23 20:00:00,11.7667402084,55.3075507545,0,0,0,12,12,200,2539
compact51__current_roles,2019-01-23 21:00:00,13.5624482944,57.0449008832,0,0,0,12,12,792,2940
compact51__current_roles,2019-01-23 22:00:00,12.2120718556,54.6662604655,0,0,0,12,12,315,2366
compact51__current_roles,2019-01-23 23:00:00,14.4486380876,46.6914487247,0,0,0,12,12,1276,740
compact51__current_roles,2019-01-24 00:00:00,20.7788013882,50.7531587141,0,0,0,12,12,5826,1473
compact51__current_roles,2019-01-24 01:00:00,18.0266896398,54.9634197306,0,0,0,12,12,3984,2445
compact51__current_roles,2019-01-24 02:00:00,19.4972183577,61.7214140315,0,0,0,12,12,5051,3942
compact51__current_roles,2019-01-24 03:00:00,20.1819581689,70.6639555447,0,0,0,12,12,5490,5023
compact51__current_roles,2019-01-24 04:00:00,19.9496921974,72.0621933887,0,0,0,12,12,5343,5133
compact51__current_roles,2019-01-24 05:00:00,21.5248784692,73.4466033004,0,0,0,12,12,6191,5241
compact51__current_roles,2019-01-24 06:00:00,12.9808072624,54.7867497206,0,0,0,12,12,561,2401
compact51__current_roles,2019-01-24 07:00:00,16.2685528362,61.8397699875,0,0,0,12,12,2572,3965
compact51__current_roles,2019-01-24 08:00:00,13.6575227709,62.0496040316,0,0,0,12,12,846,3998
compact51__current_roles,2019-01-24 09:00:00,14.3342023781,61.3727502665,0,0,0,12,12,1201,3874
compact51__current_roles,2019-01-24 10:00:00,12.2752816077,62.4584032259,0,0,0,12,12,333,4063
compact51__current_roles,2019-01-24 11:00:00,14.9275163212,54.56220355,0,0,0,12,12,1621,2338
compact51__current_roles,2019-01-24 12:00:00,14.2817670975,54.6803124697,0,0,0,12,12,1165,2371
compact51__current_roles,2019-01-24 13:00:00,14.2880169077,52.9684769627,0,0,0,12,12,1167,1956
compact51__current_roles,2019-01-24 14:00:00,14.4122865668,52.5189930943,0,0,0,12,12,1251,1851
compact51__current_roles,2019-01-24 15:00:00,13.5795286318,53.6057342375,0,0,0,12,12,803,2111
compact51__current_roles,2019-01-24 16:00:00,13.6309843906,51.3889199483,0,0,0,11,11,834,1606
compact51__current_roles,2019-01-24 17:00:00,11.2502316375,53.7014741181,0,0,0,12,12,111,2133
compact51__current_roles,2019-01-24 18:00:00,10.4745151501,55.8819544923,0,0,0,12,12,36,2666
compact51__current_roles,2019-01-24 19:00:00,11.3231701163,52.5924704629,0,0,0,12,12,120,1870
compact51__current_roles,2019-01-24 20:00:00,15.4140557103,46.0591550327,0,0,0,12,12,1943,645
compact51__current_roles,2019-01-24 21:00:00,12.0568277657,50.5852078027,0,0,0,12,12,266,1433
compact51__current_roles,2019-01-24 22:00:00,11.1330725626,52.9603485063,0,0,0,12,12,100,1952
compact51__current_roles,2019-01-24 23:00:00,15.77415676,53.2394102771,0,0,0,12,12,2209,2020
compact51__current_roles,2019-01-25 00:00:00,15.549715277,52.8661415457,0,0,0,12,12,2032,1924
compact51__current_roles,2019-01-25 01:00:00,14.8777646201,51.7200531337,0,0,0,12,12,1588,1688
compact51__current_roles,2019-01-25 02:00:00,17.7965158817,57.5338345017,0,0,0,12,12,3799,3074
compact51__current_roles,2019-01-25 03:00:00,18.8378684344,58.6378666842,0,0,0,12,12,4604,3308
compact51__current_roles,2019-01-25 04:00:00,20.5483467518,59.5042683432,0,0,0,12,12,5698,3493
compact51__current_roles,2019-01-25 05:00:00,17.9462897159,55.7914937617,0,0,0,12,12,3927,2645
compact51__current_roles,2019-01-25 06:00:00,13.3335436827,50.5414259728,0,0,0,12,12,709,1422
compact51__current_roles,2019-01-25 07:00:00,12.759695546,54.5038716969,0,0,0,12,12,490,2324
compact51__current_roles,2019-01-25 08:00:00,10.0526529807,53.1150406268,0,0,0,14,14,21,1990
compact51__current_roles,2019-01-25 09:00:00,10.6264817113,56.1976666746,0,0,0,10,10,45,2750
compact51__current_roles,2019-01-25 10:00:00,12.7075630308,50.3874065934,0,0,0,12,12,470,1400
compact51__current_roles,2019-01-25 11:00:00,13.6748959182,48.8048413067,0,0,0,12,12,858,1108
compact51__current_roles,2019-01-25 12:00:00,13.9530606775,50.670810057,0,0,0,12,12,976,1454
compact51__current_roles,2019-01-25 13:00:00,14.236197707,51.5215015193,0,0,0,12,12,1136,1644
compact51__current_roles,2019-01-25 14:00:00,16.015861523,51.844896236,0,0,0,12,12,2394,1712
compact51__current_roles,2019-01-25 15:00:00,15.1465753449,50.4565914535,0,0,0,12,12,1748,1411
compact51__current_roles,2019-01-25 16:00:00,15.9558096442,46.2932732967,0,0,0,12,12,2358,674
compact51__current_roles,2019-01-25 17:00:00,15.0246785895,44.677472565,0,0,0,12,12,1668,482
compact51__current_roles,2019-01-25 18:00:00,13.6020938321,49.5530488681,0,0,0,12,12,816,1256
compact51__current_roles,2019-01-25 19:00:00,13.9282861357,50.8034528996,0,0,0,12,12,965,1483
compact51__current_roles,2019-01-25 20:00:00,14.9519651127,51.5736086914,0,0,0,12,12,1628,1654
compact51__current_roles,2019-01-25 21:00:00,14.5989840449,50.6656902234,0,0,0,12,12,1367,1450
compact51__current_roles,2019-01-25 22:00:00,14.6568592798,46.4023931352,0,0,0,12,12,1422,695
compact51__current_roles,2019-01-25 23:00:00,12.5921062199,42.4604452654,0,0,0,12,12,441,275
compact51__current_roles,2019-01-26 00:00:00,20.4260359428,47.5437772228,0,0,0,14,12,5641,878
compact51__current_roles,2019-01-26 01:00:00,19.8669980351,43.1418553135,0,0,0,12,12,5294,325
compact51__current_roles,2019-01-26 02:00:00,17.7076002521,42.1432534961,0,0,0,12,12,3725,251
compact51__current_roles,2019-01-26 03:00:00,17.8322266463,40.6800167846,0,0,0,12,12,3832,153
compact51__current_roles,2019-01-26 04:00:00,20.1997455364,48.3072498216,0,0,0,12,12,5499,1016
compact51__current_roles,2019-01-26 05:00:00,18.5998065691,47.9701569516,0,0,0,12,12,4428,955
compact51__current_roles,2019-01-26 06:00:00,16.6538229571,52.7272300153,0,0,0,12,12,2886,1897
compact51__current_roles,2019-01-26 07:00:00,14.7303125361,46.5535550826,0,0,0,12,12,1476,721
compact51__current_roles,2019-01-26 08:00:00,14.4537776936,49.5783606779,0,0,0,12,12,1279,1266
compact51__current_roles,2019-01-26 09:00:00,14.7128584581,48.3704041508,0,0,0,12,12,1466,1032
compact51__current_roles,2019-01-26 10:00:00,14.5794583562,49.6975050202,0,0,0,12,12,1355,1288
compact51__current_roles,2019-01-26 11:00:00,13.731849064,58.7513080373,0,0,0,12,12,883,3341
compact51__current_roles,2019-01-26 12:00:00,14.8639326572,61.0206738108,0,0,0,12,12,1570,3802
compact51__current_roles,2019-01-26 13:00:00,14.9291674171,68.6963620456,0,0,0,12,12,1622,4829
compact51__current_roles,2019-01-26 14:00:00,15.8663368396,71.2503078478,0,0,0,12,12,2284,5069
compact51__current_roles,2019-01-26 15:00:00,15.9422137091,69.6114120999,0,0,0,12,12,2351,4919
compact51__current_roles,2019-01-26 16:00:00,15.1685875418,62.7201586166,0,0,0,12,12,1757,4109
compact51__current_roles,2019-01-26 17:00:00,15.5189624427,60.6219157012,0,0,0,12,12,2016,3716
compact51__current_roles,2019-01-26 18:00:00,14.1239073868,63.4793348658,0,0,0,12,12,1065,4228
compact51__current_roles,2019-01-26 19:00:00,13.4756234463,63.8127977327,0,0,0,12,12,764,4271
compact51__current_roles,2019-01-26 20:00:00,11.7471661544,59.2224350425,0,0,0,12,12,198,3432
compact51__current_roles,2019-01-26 21:00:00,12.244711668,54.159078823,0,0,0,13,13,325,2231
compact51__current_roles,2019-01-26 22:00:00,16.2065376807,58.8096843622,0,0,0,12,12,2526,3351
compact51__current_roles,2019-01-26 23:00:00,16.6914635296,50.9091183723,0,0,0,13,13,2915,1507
compact51__current_roles,2019-01-27 00:00:00,18.3475647065,73.3378686714,0,0,0,12,12,4230,5231
compact51__current_roles,2019-01-27 01:00:00,19.6139937656,65.9921104774,0,0,0,12,12,5130,4563
compact51__current_roles,2019-01-27 02:00:00,18.634958981,71.9422750298,0,0,0,12,12,4454,5123
compact51__current_roles,2019-01-27 03:00:00,16.1518008695,110.748482138,1,0,0,12,12,2492,6481
compact51__current_roles,2019-01-27 04:00:00,17.5323986423,77.906869165,0,0,0,12,12,3589,5471
compact51__current_roles,2019-01-27 05:00:00,14.1610836612,64.8473329639,0,0,0,12,12,1085,4423
compact51__current_roles,2019-01-27 06:00:00,16.360972029,89.868344439,0,0,0,12,12,2633,5906
compact51__current_roles,2019-01-27 07:00:00,14.1681403149,67.2472497394,0,0,0,12,12,1087,4698
compact51__current_roles,2019-01-27 08:00:00,12.8541497023,41.9287148935,0,0,0,12,12,522,236
compact51__current_roles,2019-01-27 09:00:00,15.4024280197,101.167986288,0,0,0,12,12,1932,6269
compact51__current_roles,2019-01-27 10:00:00,14.3367201331,48.4933679076,0,0,0,12,12,1204,1059
compact51__current_roles,2019-01-27 11:00:00,14.6464728368,46.5095816062,0,0,0,12,12,1410,717
compact51__current_roles,2019-01-27 12:00:00,14.8900609294,44.2611405708,0,0,0,12,12,1597,441
compact51__current_roles,2019-01-27 13:00:00,14.0162199808,46.1391935231,0,0,0,12,12,1010,658
compact51__current_roles,2019-01-27 14:00:00,15.2810200767,47.7707503507,0,0,0,12,12,1845,919
compact51__current_roles,2019-01-27 15:00:00,15.5021310878,47.5778784178,0,0,0,12,12,2000,885
compact51__current_roles,2019-01-27 16:00:00,14.2626200617,46.6339544709,0,0,0,13,12,1153,732
compact51__current_roles,2019-01-27 17:00:00,15.6245506349,46.7518096263,0,0,0,12,12,2090,750
compact51__current_roles,2019-01-27 18:00:00,12.9342206832,52.204338605,0,0,0,12,12,545,1780
compact51__current_roles,2019-01-27 19:00:00,14.0550761326,51.4921186293,0,0,0,12,12,1027,1632
compact51__current_roles,2019-01-27 20:00:00,17.1700831175,56.0612278603,0,0,0,12,12,3280,2706
compact51__current_roles,2019-01-27 21:00:00,20.2132190586,57.3091340083,0,0,0,12,12,5512,3016
compact51__current_roles,2019-01-27 22:00:00,19.7457968333,59.0086091393,0,0,0,12,12,5211,3384
compact51__current_roles,2019-01-27 23:00:00,21.3256807388,81.8056903549,0,0,0,12,12,6112,5633
compact51__current_roles,2019-01-28 00:00:00,22.1729429326,272.053671658,0,0,0,12,12,6492,7846
compact51__current_roles,2019-01-28 01:00:00,20.4682790522,127.652365822,1,0,0,12,12,5663,6804
compact51__current_roles,2019-01-28 02:00:00,20.6537008656,3381.1623552,0,0,0,12,12,5749,8677
compact51__current_roles,2019-01-28 03:00:00,20.7533417799,59.8956597853,0,0,0,12,12,5804,3573
compact51__current_roles,2019-01-28 04:00:00,21.0017433537,123.895944371,0,0,0,12,12,5937,6739
compact51__current_roles,2019-01-28 05:00:00,20.1728486744,53.5935782437,0,0,0,12,12,5482,2108
compact51__current_roles,2019-01-28 06:00:00,24.9215310284,311.055681352,0,0,0,12,12,7467,7965
compact51__current_roles,2019-01-28 07:00:00,22.9097715667,570.508908131,1,0,0,12,12,6834,8314
compact51__current_roles,2019-01-28 08:00:00,15.7136870923,56.6132130454,0,0,0,12,12,2152,2840
compact51__current_roles,2019-01-28 09:00:00,17.4826315341,61.4369657391,0,0,0,12,12,3549,3883
compact51__current_roles,2019-01-28 10:00:00,16.9051743608,65.4254521656,0,0,0,12,12,3077,4500
compact51__current_roles,2019-01-28 11:00:00,15.6552091172,71.2835924041,0,0,0,12,12,2109,5076
compact51__current_roles,2019-01-28 12:00:00,14.8686610324,65.9532322149,0,0,0,12,12,1574,4554
compact51__current_roles,2019-01-28 13:00:00,14.4685255557,63.6033733682,0,0,0,12,12,1292,4246
compact51__current_roles,2019-01-28 14:00:00,14.1542228572,63.8347412043,0,0,0,12,12,1080,4275
compact51__current_roles,2019-01-28 15:00:00,15.3009695277,64.506062345,0,0,0,12,12,1863,4373
compact51__current_roles,2019-01-28 16:00:00,13.997956702,65.9074094919,0,0,0,12,12,1001,4551
compact51__current_roles,2019-01-28 17:00:00,13.4659701495,69.4868432576,0,0,0,12,12,759,4904
compact51__current_roles,2019-01-28 18:00:00,12.8919474491,67.4051800007,0,0,0,12,12,532,4712
compact51__current_roles,2019-01-28 19:00:00,11.9503284717,62.2830522134,0,0,0,12,12,246,4035
compact51__current_roles,2019-01-28 20:00:00,14.8148738573,51.440052615,0,0,0,12,12,1526,1620
compact51__current_roles,2019-01-28 21:00:00,15.2036927899,47.9310014622,0,0,0,12,12,1779,944
compact51__current_roles,2019-01-28 22:00:00,15.2728459188,76.824571829,0,0,0,12,12,1838,5422
compact51__current_roles,2019-01-28 23:00:00,14.6884815163,70.284828793,0,0,0,12,12,1444,4987
compact51__current_roles,2019-01-29 00:00:00,19.8260988175,130.454180025,1,0,0,12,12,5270,6846
compact51__current_roles,2019-01-29 01:00:00,15.1535085375,85.3548422937,0,0,0,12,12,1754,5767
compact51__current_roles,2019-01-29 02:00:00,15.0638929418,47.8337771242,0,0,0,12,12,1692,927
compact51__current_roles,2019-01-29 03:00:00,14.1056560717,50.0623713755,0,0,0,12,12,1050,1348
compact51__current_roles,2019-01-29 04:00:00,17.0268644283,43.5664837665,0,0,0,12,12,3164,359
compact51__current_roles,2019-01-29 05:00:00,17.157602072,41.8742950572,0,0,0,13,12,3264,230
compact51__current_roles,2019-01-29 06:00:00,17.134698427,40.7274941625,0,0,0,12,12,3251,157
compact51__current_roles,2019-01-29 07:00:00,16.3193696795,54.5645422636,0,0,0,12,12,2605,2341
compact51__current_roles,2019-01-29 08:00:00,14.3554188302,53.5208636036,0,0,0,12,12,1214,2092
compact51__current_roles,2019-01-29 09:00:00,15.3911233835,49.4489846793,0,0,0,12,12,1918,1234
compact51__current_roles,2019-01-29 10:00:00,15.5635687227,44.6798534421,0,0,0,12,12,2040,483
compact51__current_roles,2019-01-29 11:00:00,15.6486583777,50.0083607433,0,0,0,12,12,2107,1340
compact51__current_roles,2019-01-29 12:00:00,15.4953177931,50.2001212726,0,0,0,12,12,1992,1370
compact51__current_roles,2019-01-29 13:00:00,16.1504604409,48.478243675,0,0,0,12,12,2490,1056
compact51__current_roles,2019-01-29 14:00:00,16.9652309483,53.3332691689,0,0,0,12,12,3118,2050
compact51__current_roles,2019-01-29 15:00:00,15.5114429268,48.6777596909,0,0,0,12,12,2008,1092
compact51__current_roles,2019-01-29 16:00:00,15.6892907061,54.3479499362,0,0,0,12,12,2133,2287
compact51__current_roles,2019-01-29 17:00:00,15.4082785383,55.6224782152,0,0,0,12,12,1935,2606
compact51__current_roles,2019-01-29 18:00:00,14.7089416928,57.8778003792,0,0,0,12,12,1461,3153
compact51__current_roles,2019-01-29 19:00:00,13.5779094755,59.7886259354,0,0,0,12,12,801,3552
compact51__current_roles,2019-01-29 20:00:00,13.5931365472,60.4249552052,0,0,0,12,12,814,3667
compact51__current_roles,2019-01-29 21:00:00,16.2067607233,53.0383359099,0,0,0,12,12,2528,1971
compact51__current_roles,2019-01-29 22:00:00,17.482427953,52.703378463,0,0,0,12,12,3548,1893
compact51__current_roles,2019-01-29 23:00:00,18.9829765295,64.1152410622,0,0,0,12,12,4709,4314
compact51__current_roles,2019-01-30 00:00:00,14.9193509983,74.3488676492,0,0,0,12,12,1614,5301
compact51__current_roles,2019-01-30 01:00:00,18.3727260054,43.7667914802,0,0,0,12,12,4255,385
compact51__current_roles,2019-01-30 02:00:00,22.2191780169,48.4506665769,0,0,0,12,12,6517,1049
compact51__current_roles,2019-01-30 03:00:00,21.1202955364,44.1326075672,0,0,0,12,12,5992,426
compact51__current_roles,2019-01-30 04:00:00,24.0192761453,57.8044793672,0,0,0,12,12,7211,3137
compact51__current_roles,2019-01-30 05:00:00,18.5975087448,48.6986436167,0,0,0,12,12,4426,1096
compact51__current_roles,2019-01-30 06:00:00,15.8463950252,37.7991313327,0,0,0,12,12,2268,71
compact51__current_roles,2019-01-30 07:00:00,13.3183445915,50.7297042705,0,0,0,12,12,702,1467
compact51__current_roles,2019-01-30 08:00:00,11.5690746439,46.9237564036,0,0,0,12,12,155,778
compact51__current_roles,2019-01-30 09:00:00,10.9412893905,49.3417225166,0,0,0,13,13,73,1211
compact51__current_roles,2019-01-30 10:00:00,9.8383577672,56.3964864892,0,0,0,12,12,15,2795
compact51__current_roles,2019-01-30 11:00:00,11.9471286287,58.7227186274,0,0,0,12,12,244,3337
compact51__current_roles,2019-01-30 12:00:00,11.5388081926,55.8531698798,0,0,0,12,12,148,2660
compact51__current_roles,2019-01-30 13:00:00,11.6889800122,52.817538494,0,0,0,12,12,180,1911
compact51__current_roles,2019-01-30 14:00:00,12.0104043956,54.9483362058,0,0,0,12,12,254,2439
compact51__current_roles,2019-01-30 15:00:00,12.5218469495,53.5477297554,0,0,0,12,12,411,2098
compact51__current_roles,2019-01-30 16:00:00,12.4103370537,57.9841273431,0,0,0,13,12,375,3173
compact51__current_roles,2019-01-30 17:00:00,12.5062399753,51.9035509156,0,0,0,12,12,405,1721
compact51__current_roles,2019-01-30 18:00:00,15.2999824325,61.6039657756,0,0,0,12,12,1862,3915
compact51__current_roles,2019-01-30 19:00:00,13.7297427795,54.8683388523,0,0,0,12,12,881,2424
compact51__current_roles,2019-01-30 20:00:00,16.7241874553,48.0321552826,0,0,0,12,12,2937,965
compact51__current_roles,2019-01-30 21:00:00,14.0071866551,43.9994926381,0,0,0,13,12,1002,411
compact51__current_roles,2019-01-30 22:00:00,14.4754451593,38.87083696,0,0,0,12,12,1297,91
compact51__current_roles,2019-01-30 23:00:00,14.5651162955,45.6480281847,0,0,0,14,14,1346,592
compact51__current_roles,2019-01-31 00:00:00,14.8543419001,43.8517133321,0,0,0,12,12,1564,397
compact51__current_roles,2019-01-31 01:00:00,16.6437286766,43.6070189086,0,0,0,13,13,2876,367
compact51__current_roles,2019-01-31 02:00:00,14.3128016331,52.5505012791,0,0,0,12,12,1186,1860
compact51__current_roles,2019-01-31 03:00:00,16.8081601172,51.2467804853,0,0,0,12,12,2994,1569
compact51__current_roles,2019-01-31 04:00:00,16.1723666644,45.0280559676,0,0,0,12,12,2509,531
compact51__current_roles,2019-01-31 05:00:00,17.619516229,39.7426012592,0,0,0,12,12,3655,117
compact51__current_roles,2019-01-31 06:00:00,16.8632569805,37.1281288715,0,0,0,12,12,3035,55
compact51__current_roles,2019-01-31 07:00:00,20.3190490894,53.0259397008,0,0,0,12,12,5571,1967
compact51__current_roles,2019-01-31 08:00:00,19.8254788297,54.8325096138,0,0,0,12,12,5269,2414
compact51__current_roles,2019-01-31 09:00:00,15.4389279179,49.0310449111,0,0,0,12,12,1962,1156
compact51__current_roles,2019-01-31 10:00:00,13.0842225228,50.2448043977,0,0,0,13,12,595,1379
compact51__current_roles,2019-01-31 11:00:00,11.8858656911,49.4352297331,0,0,0,12,12,224,1230
compact51__current_roles,2019-01-31 12:00:00,13.6059800387,62.7721167674,0,0,0,12,12,819,4119
compact51__current_roles,2019-01-31 13:00:00,14.5451227082,56.3386604649,0,0,0,12,12,1331,2782
compact51__current_roles,2019-01-31 14:00:00,14.4370045857,57.6626029623,0,0,0,12,12,1269,3100
compact51__current_roles,2019-01-31 15:00:00,14.4715869336,66.1056482313,0,0,0,12,12,1295,4577
compact51__current_roles,2019-01-31 16:00:00,14.0367615477,60.3333059885,0,0,0,12,12,1018,3652
compact51__current_roles,2019-01-31 17:00:00,12.0671932841,67.5535923392,0,0,0,12,12,269,4727
compact51__current_roles,2019-01-31 18:00:00,12.2402710826,71.8875154587,0,0,0,14,13,323,5118
compact51__current_roles,2019-01-31 19:00:00,16.588565815,64.1724018711,0,0,0,12,12,2829,4326
compact51__current_roles,2019-01-31 20:00:00,16.8748387244,72.4065935096,0,0,0,12,12,3043,5164
compact51__current_roles,2019-01-31 21:00:00,15.7271014886,53.8805936667,0,0,0,12,12,2166,2168
compact51__current_roles,2019-01-31 22:00:00,18.14411476,59.2349119151,0,0,0,12,12,4065,3437
compact51__current_roles,2019-01-31 23:00:00,20.0443646069,122.450098105,1,0,0,12,12,5400,6708
compact51__current_roles,2019-02-01 00:00:00,18.6437104912,110.806990031,1,0,0,12,12,4462,6483
compact51__current_roles,2019-02-01 01:00:00,16.6277681625,60.1176203278,0,0,0,12,12,2861,3617
compact51__current_roles,2019-02-01 02:00:00,17.2079906428,50.6686882208,0,0,0,12,12,3308,1453
compact51__current_roles,2019-02-01 03:00:00,16.877346398,62.9107687633,0,0,0,12,12,3048,4140
compact51__current_roles,2019-02-01 04:00:00,16.3111236499,49.056371816,0,0,0,12,12,2598,1159
compact51__current_roles,2019-02-01 05:00:00,15.8329140849,38.5065589624,0,0,0,12,12,2258,81
compact51__current_roles,2019-02-01 06:00:00,15.6187051741,44.8114933123,0,0,0,12,12,2085,505
compact51__current_roles,2019-02-01 07:00:00,13.1761285718,50.5968862153,0,0,0,12,12,633,1436
compact51__current_roles,2019-02-01 08:00:00,13.57692896,51.8307178579,0,0,0,12,12,800,1708
compact51__current_roles,2019-02-01 09:00:00,14.8393557741,48.7908855525,0,0,0,12,12,1547,1104
compact51__current_roles,2019-02-01 10:00:00,12.2550699971,55.2081020403,0,0,0,12,12,328,2508
compact51__current_roles,2019-02-01 11:00:00,12.352927249,59.9387208022,0,0,0,12,12,355,3581
compact51__current_roles,2019-02-01 12:00:00,13.5645081459,59.806244951,0,0,0,12,12,794,3555
compact51__current_roles,2019-02-01 13:00:00,13.4722549129,54.9629644784,0,0,0,12,12,762,2444
compact51__current_roles,2019-02-01 14:00:00,14.2803912359,59.1712110903,0,0,0,12,12,1164,3420
compact51__current_roles,2019-02-01 15:00:00,11.2757317143,56.3284666459,0,0,0,12,12,116,2779
compact51__current_roles,2019-02-01 16:00:00,12.2017275089,54.8392539617,0,0,0,12,12,310,2418
compact51__current_roles,2019-02-01 17:00:00,12.965921632,50.5520757964,0,0,0,12,12,557,1425
compact51__current_roles,2019-02-01 18:00:00,13.2654554259,58.2355348518,0,0,0,12,12,676,3223
compact51__current_roles,2019-02-01 19:00:00,15.4053253888,64.046682848,0,0,0,12,12,1934,4297
compact51__current_roles,2019-02-01 20:00:00,14.4579708797,60.0782250089,0,0,0,12,12,1285,3608
compact51__current_roles,2019-02-01 21:00:00,12.8295449503,47.2977658421,0,0,0,12,12,514,835
compact51__current_roles,2019-02-01 22:00:00,15.7633810646,42.7822718501,0,0,0,12,12,2195,303
compact51__current_roles,2019-02-01 23:00:00,15.8596875399,47.4371409533,0,0,0,12,12,2277,861
compact51__current_roles,2019-02-02 00:00:00,20.4505868653,89.0615014976,0,0,0,12,12,5657,5872
compact51__current_roles,2019-02-02 01:00:00,19.887037858,148.209461662,1,0,0,12,12,5307,7064
compact51__current_roles,2019-02-02 02:00:00,15.0654031121,93.8550724584,0,0,0,12,12,1694,6038
compact51__current_roles,2019-02-02 03:00:00,15.0394167907,81.2812089041,0,0,0,12,12,1680,5614
compact51__current_roles,2019-02-02 04:00:00,14.8447569425,77.5591461977,0,0,0,12,12,1552,5456
compact51__current_roles,2019-02-02 05:00:00,16.3988986152,46.6920062692,0,0,0,12,12,2661,741
compact51__current_roles,2019-02-02 06:00:00,13.6154727643,43.5625326631,0,0,0,12,12,823,358
compact51__current_roles,2019-02-02 07:00:00,10.3696249278,45.7053363644,0,0,0,12,12,32,600
compact51__current_roles,2019-02-02 08:00:00,9.99977266127,46.320816671,0,0,0,12,12,20,679
compact51__current_roles,2019-02-02 09:00:00,12.8052374596,40.7252069954,0,0,0,12,12,508,156
compact51__current_roles,2019-02-02 10:00:00,16.0014014732,62.3425704417,0,0,0,12,12,2379,4046
compact51__current_roles,2019-02-02 11:00:00,14.0181461672,41.8967491664,0,0,0,12,12,1011,234
compact51__current_roles,2019-02-02 12:00:00,15.6318884679,46.1179813877,0,0,0,12,12,2098,654
compact51__current_roles,2019-02-02 13:00:00,17.5321060067,101.891055039,1,0,0,12,12,3588,6293
compact51__current_roles,2019-02-02 14:00:00,16.6863025999,102.289779747,1,0,0,12,12,2912,6302
compact51__current_roles,2019-02-02 15:00:00,16.462236891,99.8611534446,0,0,0,12,12,2724,6228
compact51__current_roles,2019-02-02 16:00:00,15.3335397575,63.2121115053,0,0,0,12,12,1881,4192
compact51__current_roles,2019-02-02 17:00:00,15.9407525275,69.1891613723,0,0,0,12,12,2349,4874
compact51__current_roles,2019-02-02 18:00:00,18.1943055302,94.7262443291,0,0,0,12,12,4094,6071
compact51__current_roles,2019-02-02 19:00:00,16.8412755429,73.6162635488,0,0,0,12,12,3017,5250
compact51__current_roles,2019-02-02 20:00:00,16.1062106461,53.1772238236,0,0,0,12,12,2451,2000
compact51__current_roles,2019-02-02 21:00:00,14.8416350677,45.7748453411,0,0,0,12,12,1549,610
compact51__current_roles,2019-02-02 22:00:00,15.1320527769,54.2272407844,0,0,0,12,12,1734,2248
compact51__current_roles,2019-02-02 23:00:00,17.9113934041,47.1578994721,0,0,0,12,12,3893,811
compact51__current_roles,2019-02-03 00:00:00,17.2849991534,51.0934779714,0,0,0,12,12,3379,1542
compact51__current_roles,2019-02-03 01:00:00,14.8742771536,43.8811991045,0,0,0,12,12,1581,400
compact51__current_roles,2019-02-03 02:00:00,15.1021975952,50.8509730595,0,0,0,12,12,1717,1491
compact51__current_roles,2019-02-03 03:00:00,15.5827231837,52.4037712643,0,0,0,12,12,2058,1820
compact51__current_roles,2019-02-03 04:00:00,15.3941746139,51.9974162408,0,0,0,12,12,1922,1741
compact51__current_roles,2019-02-03 05:00:00,15.9765208871,55.6625172744,0,0,0,12,12,2369,2615
compact51__current_roles,2019-02-03 06:00:00,15.2889673629,42.1391382297,0,0,0,12,12,1852,249
compact51__current_roles,2019-02-03 07:00:00,13.4542924057,40.2099515769,0,0,0,12,12,755,131
compact51__current_roles,2019-02-03 08:00:00,12.4671038726,46.8726587232,0,0,0,12,12,391,768
compact51__current_roles,2019-02-03 09:00:00,12.5230903329,50.7981780116,0,0,0,12,12,413,1481
compact51__current_roles,2019-02-03 10:00:00,15.0214771319,61.4545566822,0,0,0,12,12,1665,3884
compact51__current_roles,2019-02-03 11:00:00,13.1323535654,52.9074518552,0,0,0,12,12,616,1935
compact51__current_roles,2019-02-03 12:00:00,12.5597390428,51.6459427482,0,0,0,12,12,433,1672
compact51__current_roles,2019-02-03 13:00:00,12.6775403044,49.45212504,0,0,0,12,12,464,1236
compact51__current_roles,2019-02-03 14:00:00,13.588203602,50.978485009,0,0,0,12,12,809,1516
compact51__current_roles,2019-02-03 15:00:00,13.4843095764,50.385713687,0,0,0,12,12,768,1399
compact51__current_roles,2019-02-03 16:00:00,12.9558231393,54.5947753386,0,0,0,12,12,554,2351
compact51__current_roles,2019-02-03 17:00:00,12.5761080861,50.2658910328,0,0,0,12,12,436,1380
compact51__current_roles,2019-02-03 18:00:00,14.9860265425,45.71790933,0,0,0,12,12,1650,602
compact51__current_roles,2019-02-03 19:00:00,12.1437611028,48.8930584113,0,0,0,12,12,292,1123
compact51__current_roles,2019-02-03 20:00:00,12.7387536421,49.7466123127,0,0,0,12,12,480,1298
compact51__current_roles,2019-02-03 21:00:00,12.4345004977,50.4503813698,0,0,0,12,12,384,1408
compact51__current_roles,2019-02-03 22:00:00,12.0940993887,50.8466817567,0,0,0,12,12,279,1490
compact51__current_roles,2019-02-03 23:00:00,14.7376108426,45.7858392465,0,0,0,12,12,1478,612
compact51__current_roles,2019-02-04 00:00:00,13.7539810109,46.3839245056,0,0,0,12,12,891,690
compact51__current_roles,2019-02-04 01:00:00,12.5705405106,39.6927290629,0,0,0,12,12,435,114
compact51__current_roles,2019-02-04 02:00:00,14.1972572686,42.4245797449,0,0,0,12,12,1108,272
compact51__current_roles,2019-02-04 03:00:00,19.4039006064,55.3790321052,0,0,0,12,12,4978,2548
compact51__current_roles,2019-02-04 04:00:00,19.859245902,86.8074627501,0,0,0,12,12,5287,5808
compact51__current_roles,2019-02-04 05:00:00,14.9885425468,43.1025373027,0,0,0,12,12,1652,322
compact51__current_roles,2019-02-04 06:00:00,13.1212337079,64.3329731394,0,0,0,12,12,611,4348
compact51__current_roles,2019-02-04 07:00:00,10.4373425659,47.1076587283,0,0,0,12,12,35,805
compact51__current_roles,2019-02-04 08:00:00,13.1221621137,55.6815501084,0,0,0,12,12,612,2621
compact51__current_roles,2019-02-04 09:00:00,13.1121747118,59.7505660797,0,0,0,12,12,607,3539
compact51__current_roles,2019-02-04 10:00:00,13.1039458513,60.582311527,0,0,0,12,12,603,3708
compact51__current_roles,2019-02-04 11:00:00,12.0522467749,62.6838543472,0,0,0,12,12,264,4100
compact51__current_roles,2019-02-04 12:00:00,12.7544306628,61.7666878745,0,0,0,12,12,488,3951
compact51__current_roles,2019-02-04 13:00:00,10.8979518591,58.1258699949,0,0,0,12,12,67,3203
compact51__current_roles,2019-02-04 14:00:00,11.7416858663,63.6927634777,0,0,0,13,12,196,4256
compact51__current_roles,2019-02-04 15:00:00,11.9834857153,64.5631840094,0,0,0,12,12,248,4386
compact51__current_roles,2019-02-04 16:00:00,12.3907716481,61.6309434518,0,0,0,12,12,365,3923
compact51__current_roles,2019-02-04 17:00:00,13.4006484351,57.4354236502,0,0,0,12,12,734,3051
compact51__current_roles,2019-02-04 18:00:00,12.649097112,57.0304148359,0,0,0,12,12,453,2935
compact51__current_roles,2019-02-04 19:00:00,12.9636144054,57.2572177531,0,0,0,12,12,556,3005
compact51__current_roles,2019-02-04 20:00:00,10.5493262474,52.6527516643,0,0,0,12,12,39,1887
compact51__current_roles,2019-02-04 21:00:00,10.6356133675,55.5415696553,0,0,0,12,12,46,2593
compact51__current_roles,2019-02-04 22:00:00,10.6370277712,52.5464492316,0,0,0,12,12,47,1858
compact51__current_roles,2019-02-04 23:00:00,11.0229160933,44.9549536305,0,0,0,13,12,81,523
compact51__current_roles,2019-02-05 00:00:00,10.9252780559,44.54051937,0,0,0,12,12,70,469
compact51__current_roles,2019-02-05 01:00:00,13.3149503311,41.7809502274,0,0,0,12,12,698,226
compact51__current_roles,2019-02-05 02:00:00,12.1135813854,47.485555709,0,0,0,12,12,285,869
compact51__current_roles,2019-02-05 03:00:00,12.3783491925,40.7078264849,0,0,0,12,12,359,155
compact51__current_roles,2019-02-05 04:00:00,11.1325063873,41.5894029297,0,0,0,12,12,99,213
compact51__current_roles,2019-02-05 05:00:00,12.5571479432,45.9331076621,0,0,0,12,12,432,627
compact51__current_roles,2019-02-05 06:00:00,14.699530351,79.1868684548,0,0,0,13,12,1453,5522
compact51__current_roles,2019-02-05 07:00:00,11.5695696582,46.8235694202,0,0,0,12,12,156,763
compact51__current_roles,2019-02-05 08:00:00,14.7594253349,149.996836075,0,0,0,12,12,1491,7085
compact51__current_roles,2019-02-05 09:00:00,14.7152930955,73.8447492627,0,0,0,12,12,1469,5276
compact51__current_roles,2019-02-05 10:00:00,14.5961906343,56.7537173545,0,0,0,12,12,1366,2878
compact51__current_roles,2019-02-05 11:00:00,15.1373830506,57.5312323643,0,0,0,10,10,1741,3073
compact51__current_roles,2019-02-05 12:00:00,15.0543921387,92.3801564942,0,0,0,12,12,1683,5980
compact51__current_roles,2019-02-05 13:00:00,14.1120547375,59.9234181142,0,0,0,12,12,1054,3579
compact51__current_roles,2019-02-05 14:00:00,16.878027839,120.531775415,0,0,0,10,10,3050,6663
compact51__current_roles,2019-02-05 15:00:00,18.3093236416,432.831999631,0,0,0,13,12,4202,8171
compact51__current_roles,2019-02-05 16:00:00,17.3355701853,199.693274294,0,0,0,12,12,3427,7500
compact51__current_roles,2019-02-05 17:00:00,15.1815650376,61.0475146927,0,0,0,12,12,1769,3812
compact51__current_roles,2019-02-05 18:00:00,13.448646559,62.022620513,0,0,0,12,12,751,3991
compact51__current_roles,2019-02-05 19:00:00,14.5736814737,65.0536437088,0,0,0,12,12,1352,4450
compact51__current_roles,2019-02-05 20:00:00,15.7974605831,62.4745703774,0,0,0,12,12,2228,4065
compact51__current_roles,2019-02-05 21:00:00,16.577777031,76.0949687327,0,0,0,12,12,2825,5392
compact51__current_roles,2019-02-05 22:00:00,14.5937158173,60.481161602,0,0,0,12,12,1364,3681
compact51__current_roles,2019-02-05 23:00:00,23.0229097923,65.9164993759,0,0,0,12,12,6893,4552
compact51__current_roles,2019-02-06 00:00:00,22.7037301066,64.9240272075,0,0,0,12,12,6743,4434
compact51__current_roles,2019-02-06 01:00:00,21.7020053023,62.5381251156,0,0,0,12,12,6261,4078
compact51__current_roles,2019-02-06 02:00:00,29.034548321,584.093110969,1,0,0,12,12,8222,8325
compact51__current_roles,2019-02-06 03:00:00,35.2088638746,198.306522083,1,0,0,12,12,8623,7487
compact51__current_roles,2019-02-06 04:00:00,28.0805823688,71.2748677281,0,0,0,12,12,8084,5074
compact51__current_roles,2019-02-06 05:00:00,24.6325084137,62.428240622,0,0,0,12,12,7384,4058
compact51__current_roles,2019-02-06 06:00:00,18.4201317189,64.4872302153,0,0,0,12,12,4312,4369
compact51__current_roles,2019-02-06 07:00:00,14.8769387449,68.6139859925,0,0,0,12,12,1586,4822
compact51__current_roles,2019-02-06 08:00:00,19.3108662643,336.641581178,1,0,0,12,12,4916,8024
compact51__current_roles,2019-02-06 09:00:00,20.7649953795,148.536184171,1,0,0,12,12,5813,7066
compact51__current_roles,2019-02-06 10:00:00,21.5191158417,132.436660036,1,0,0,12,12,6189,6873
compact51__current_roles,2019-02-06 11:00:00,22.0599659873,111.883853237,1,0,0,12,12,6439,6504
compact51__current_roles,2019-02-06 12:00:00,16.6466389122,168.315385428,1,0,0,12,12,2879,7265
compact51__current_roles,2019-02-06 13:00:00,19.3689300404,129.472982967,1,0,0,12,12,4952,6838
compact51__current_roles,2019-02-06 14:00:00,15.79250199,162.282513204,1,0,0,12,12,2224,7212
compact51__current_roles,2019-02-06 15:00:00,15.4100410156,349.789773706,1,0,0,12,12,1938,8066
compact51__current_roles,2019-02-06 16:00:00,16.6322554443,589.560273463,1,0,0,12,12,2868,8330
compact51__current_roles,2019-02-06 17:00:00,11.2321824441,68.0638859826,0,0,0,12,12,108,4777
compact51__current_roles,2019-02-06 18:00:00,13.4046337364,198.480818067,1,0,0,12,12,735,7490
compact51__current_roles,2019-02-06 19:00:00,23.0471385823,279.251576047,1,0,0,12,12,6905,7868
compact51__current_roles,2019-02-06 20:00:00,20.5791880098,1824.12545672,1,0,0,12,12,5714,8601
compact51__current_roles,2019-02-06 21:00:00,14.8273182926,112.722187931,0,0,0,12,12,1537,6524
compact51__current_roles,2019-02-06 22:00:00,13.8150425121,57.4449512619,0,0,0,12,12,914,3054
compact51__current_roles,2019-02-06 23:00:00,21.9474283542,67.5055446078,0,0,0,12,12,6387,4721
compact51__current_roles,2019-02-07 00:00:00,15.463856991,51.1625733379,0,0,0,12,12,1976,1555
compact51__current_roles,2019-02-07 01:00:00,16.1257667961,50.8393232472,0,0,0,12,12,2467,1487
compact51__current_roles,2019-02-07 02:00:00,18.5068075611,52.8297086816,0,0,0,12,12,4365,1913
compact51__current_roles,2019-02-07 03:00:00,22.1236859119,52.7579055461,0,0,0,12,12,6469,1901
compact51__current_roles,2019-02-07 04:00:00,26.7860092695,63.9484847866,0,0,0,12,12,7896,4287
compact51__current_roles,2019-02-07 05:00:00,21.2686418984,201.715273629,0,0,0,12,12,6075,7514
compact51__current_roles,2019-02-07 06:00:00,21.2441157626,64.6558023519,0,0,0,12,12,6058,4397
compact51__current_roles,2019-02-07 07:00:00,19.5719754171,145.786010576,0,0,0,12,12,5105,7031
compact51__current_roles,2019-02-07 08:00:00,18.3619671289,331.727568461,1,0,0,12,12,4245,8012
compact51__current_roles,2019-02-07 09:00:00,16.5462835313,286.659407576,0,0,0,12,12,2791,7902
compact51__current_roles,2019-02-07 10:00:00,17.6242497146,319.661067637,0,0,0,12,12,3662,7987
compact51__current_roles,2019-02-07 11:00:00,17.2890310273,205.338903225,0,0,0,12,12,3384,7539
compact51__current_roles,2019-02-07 12:00:00,17.3734570144,212.209525624,0,0,0,12,12,3456,7571
compact51__current_roles,2019-02-07 13:00:00,14.3720997276,68.8599044472,0,0,0,12,12,1221,4840
compact51__current_roles,2019-02-07 14:00:00,13.5408309238,58.8480140324,0,0,0,12,12,786,3360
compact51__current_roles,2019-02-07 15:00:00,11.698182785,57.3711372769,0,0,0,12,12,184,3031
compact51__current_roles,2019-02-07 16:00:00,10.7958745011,56.3469517822,0,0,0,12,12,60,2785
compact51__current_roles,2019-02-07 17:00:00,13.8414681344,49.4497987163,0,0,0,12,12,928,1235
compact51__current_roles,2019-02-07 18:00:00,14.5537634999,48.5128958275,0,0,0,12,12,1338,1062
compact51__current_roles,2019-02-07 19:00:00,12.9296864054,51.435748173,0,0,0,12,12,544,1618
compact51__current_roles,2019-02-07 20:00:00,11.6839063044,55.7201068264,0,0,0,12,12,177,2631
compact51__current_roles,2019-02-07 21:00:00,10.3044538758,47.9338891079,0,0,0,12,12,30,946
compact51__current_roles,2019-02-07 22:00:00,9.66443111038,47.1097908333,0,0,0,12,12,12,806
compact51__current_roles,2019-02-07 23:00:00,12.5528001065,47.8719567417,0,0,0,12,12,425,932
compact51__current_roles,2019-02-08 00:00:00,14.8242828458,48.4203806146,0,0,0,12,12,1534,1043
compact51__current_roles,2019-02-08 01:00:00,18.4241699333,50.3933671447,0,0,0,12,12,4317,1402
compact51__current_roles,2019-02-08 02:00:00,19.9782216426,50.6302239812,0,0,0,12,12,5357,1445
compact51__current_roles,2019-02-08 03:00:00,17.2535235119,46.327150626,0,0,0,15,14,3350,680
compact51__current_roles,2019-02-08 04:00:00,15.234339398,41.3213205339,0,0,0,11,11,1804,196
compact51__current_roles,2019-02-08 05:00:00,16.0975705191,43.3042584402,0,0,0,13,12,2443,336
compact51__current_roles,2019-02-08 06:00:00,17.9340093115,53.7726214551,0,0,0,12,12,3913,2147
compact51__current_roles,2019-02-08 07:00:00,22.7419976666,52.6944036644,0,0,0,12,12,6760,1891
compact51__current_roles,2019-02-08 08:00:00,20.4125581582,51.0576470882,0,0,0,12,12,5637,1529
compact51__current_roles,2019-02-08 09:00:00,15.8690192119,53.6245349575,0,0,0,12,12,2290,2114
compact51__current_roles,2019-02-08 10:00:00,16.6322170478,53.2748258088,0,0,0,12,12,2867,2030
compact51__current_roles,2019-02-08 11:00:00,15.5361610924,54.7637632784,0,0,0,12,12,2027,2389
compact51__current_roles,2019-02-08 12:00:00,15.7173847077,54.675776358,0,0,0,12,12,2157,2369
compact51__current_roles,2019-02-08 13:00:00,18.4386286826,130.227082239,0,0,0,12,12,4326,6844
compact51__current_roles,2019-02-08 14:00:00,20.7714462985,181.927084097,0,0,0,12,12,5819,7375
compact51__current_roles,2019-02-08 15:00:00,20.8172375334,156.447085416,0,0,0,12,12,5853,7158
compact51__current_roles,2019-02-08 16:00:00,18.7902926035,112.530108364,0,0,0,12,12,4560,6518
compact51__current_roles,2019-02-08 17:00:00,16.953223944,56.3444635457,0,0,0,12,12,3110,2784
compact51__current_roles,2019-02-08 18:00:00,17.0286474501,55.2741302626,0,0,0,12,12,3167,2529
compact51__current_roles,2019-02-08 19:00:00,18.0695433083,68.9655770418,0,0,0,12,12,4019,4854
compact51__current_roles,2019-02-08 20:00:00,20.3648122143,136.179698946,0,0,0,12,12,5606,6916
compact51__current_roles,2019-02-08 21:00:00,19.4832519787,84.8800777134,0,0,0,12,12,5039,5745
compact51__current_roles,2019-02-08 22:00:00,15.2919625993,49.6556708509,0,0,0,12,12,1857,1276
compact51__current_roles,2019-02-08 23:00:00,12.6773001427,42.3786494344,0,0,0,12,12,463,270
compact51__current_roles,2019-02-09 00:00:00,13.3230800282,36.5583332177,0,0,0,12,12,704,47
compact51__current_roles,2019-02-09 01:00:00,14.0446812783,37.0162795617,0,0,0,12,12,1026,53
compact51__current_roles,2019-02-09 02:00:00,13.5891723565,37.0777339481,0,0,0,12,12,810,54
compact51__current_roles,2019-02-09 03:00:00,15.5016295333,63.2164440161,0,0,0,12,12,1999,4193
compact51__current_roles,2019-02-09 04:00:00,15.5890938212,37.5685128992,0,0,0,12,12,2066,65
compact51__current_roles,2019-02-09 05:00:00,15.3434562896,35.2995039778,0,0,0,12,12,1889,30
compact51__current_roles,2019-02-09 06:00:00,15.8530923407,34.8979990545,0,0,0,12,12,2271,26
compact51__current_roles,2019-02-09 07:00:00,17.9206884769,40.1365804483,0,0,0,12,12,3902,128
compact51__current_roles,2019-02-09 08:00:00,17.0862787879,38.62618856,0,0,0,12,12,3211,82
compact51__current_roles,2019-02-09 09:00:00,16.3523399596,41.7101544148,0,0,0,12,12,2625,221
compact51__current_roles,2019-02-09 10:00:00,15.3422954423,46.6184410173,0,0,0,12,12,1888,731
compact51__current_roles,2019-02-09 11:00:00,13.907136149,48.1817956461,0,0,0,12,12,954,998
compact51__current_roles,2019-02-09 12:00:00,17.9929127525,56.8446924583,0,0,0,12,12,3960,2894
compact51__current_roles,2019-02-09 13:00:00,18.8533647023,89.7852576731,0,0,0,12,12,4615,5900
compact51__current_roles,2019-02-09 14:00:00,19.0037205453,70.5404382946,0,0,0,12,12,4724,5009
compact51__current_roles,2019-02-09 15:00:00,15.2764488928,53.2922362846,0,0,0,12,12,1841,2033
compact51__current_roles,2019-02-09 16:00:00,14.8892055313,53.9166266894,0,0,0,12,12,1595,2175
compact51__current_roles,2019-02-09 17:00:00,14.7471790009,49.6659107729,0,0,0,12,12,1486,1280
compact51__current_roles,2019-02-09 18:00:00,15.1381482816,47.8675538191,0,0,0,12,12,1744,931
compact51__current_roles,2019-02-09 19:00:00,12.5545857779,51.5074923756,0,0,0,12,12,428,1639
compact51__current_roles,2019-02-09 20:00:00,15.8163545402,51.9385448908,0,0,0,12,12,2244,1728
compact51__current_roles,2019-02-09 21:00:00,13.1291760294,46.8112794418,0,0,0,12,12,614,760
compact51__current_roles,2019-02-09 22:00:00,14.8397128952,48.7451197884,0,0,0,12,12,1548,1098
compact51__current_roles,2019-02-09 23:00:00,16.8773582488,49.0633041345,0,0,0,12,12,3049,1162
compact51__current_roles,2019-02-10 00:00:00,16.7540693784,42.7360237378,0,0,0,12,12,2958,298
compact51__current_roles,2019-02-10 01:00:00,18.2065832839,40.7709020039,0,0,0,12,12,4105,162
compact51__current_roles,2019-02-10 02:00:00,17.493523747,38.4748253611,0,0,0,12,12,3557,79
compact51__current_roles,2019-02-10 03:00:00,16.1292657768,43.1300673423,0,0,0,12,12,2471,324
compact51__current_roles,2019-02-10 04:00:00,17.5410742719,46.2425017249,0,0,0,12,12,3595,666
compact51__current_roles,2019-02-10 05:00:00,15.5954015058,43.1704936102,0,0,0,12,12,2070,327
compact51__current_roles,2019-02-10 06:00:00,14.8614870226,39.5896656656,0,0,0,12,12,1567,113
compact51__current_roles,2019-02-10 07:00:00,16.0754323945,43.4232693464,0,0,0,12,12,2423,346
compact51__current_roles,2019-02-10 08:00:00,18.8835051317,47.658257152,0,0,0,12,12,4632,902
compact51__current_roles,2019-02-10 09:00:00,22.6000941244,256.846806732,0,0,0,12,12,6689,7797
compact51__current_roles,2019-02-10 10:00:00,18.7284187632,79.0780454116,0,0,0,12,12,4514,5517
compact51__current_roles,2019-02-10 11:00:00,22.4900837312,1076.03730336,1,0,0,12,12,6644,8511
compact51__current_roles,2019-02-10 12:00:00,24.482546592,343.489738609,1,0,0,12,12,7345,8048
compact51__current_roles,2019-02-10 13:00:00,22.7597950744,124.294058002,1,0,0,12,12,6766,6747
compact51__current_roles,2019-02-10 14:00:00,22.5026653152,677.776106027,1,0,0,12,12,6652,8383
compact51__current_roles,2019-02-10 15:00:00,25.1593811154,865.639827446,1,0,0,12,12,7525,8460
compact51__current_roles,2019-02-10 16:00:00,26.8382864688,686.690491876,1,0,0,12,12,7910,8388
compact51__current_roles,2019-02-10 17:00:00,25.0346831467,1518.9915277,1,0,0,12,12,7495,8577
compact51__current_roles,2019-02-10 18:00:00,29.1155478973,972.069705386,0,0,0,12,12,8233,8487
compact51__current_roles,2019-02-10 19:00:00,31.2529807314,9438.73080458,0,0,0,12,12,8447,8734
compact51__current_roles,2019-02-10 20:00:00,29.2153560151,1195.06033868,0,0,0,12,12,8249,8537
compact51__current_roles,2019-02-10 21:00:00,25.1179453654,178.260858359,0,0,0,12,12,7513,7349
compact51__current_roles,2019-02-10 22:00:00,21.6804473969,52.5019745335,0,0,0,11,11,6250,1845
compact51__current_roles,2019-02-10 23:00:00,21.8735975498,56.7182149574,0,0,0,12,12,6348,2866
compact51__current_roles,2019-02-11 00:00:00,28.6993193474,111.544379345,0,0,0,12,12,8180,6498
compact51__current_roles,2019-02-11 01:00:00,18.3626881247,55.8163767343,0,0,0,12,12,4246,2654
compact51__current_roles,2019-02-11 02:00:00,19.7312502109,132.625363524,1,0,0,12,12,5202,6877
compact51__current_roles,2019-02-11 03:00:00,19.5376797286,252.783809977,1,0,0,12,12,5082,7780
compact51__current_roles,2019-02-11 04:00:00,28.956580589,583.415017729,0,0,0,12,12,8211,8324
compact51__current_roles,2019-02-11 05:00:00,22.8196505145,44.9084178745,0,0,0,12,12,6794,518
compact51__current_roles,2019-02-11 06:00:00,16.7985190509,42.7721184931,0,0,0,12,12,2987,302
compact51__current_roles,2019-02-11 07:00:00,13.8094976027,48.3514195674,0,0,0,12,12,910,1029
compact51__current_roles,2019-02-11 08:00:00,14.9324308604,52.5991781089,0,0,0,12,12,1623,1873
compact51__current_roles,2019-02-11 09:00:00,15.9551885857,52.9996794189,0,0,0,12,12,2356,1961
compact51__current_roles,2019-02-11 10:00:00,16.8419303487,54.2595413289,0,0,0,12,12,3018,2257
compact51__current_roles,2019-02-11 11:00:00,16.4751904482,53.6599642953,0,0,0,12,12,2735,2123
compact51__current_roles,2019-02-11 12:00:00,15.3611713895,51.3262814347,0,0,0,12,12,1901,1591
compact51__current_roles,2019-02-11 13:00:00,17.2771890146,58.1516179581,0,0,0,12,12,3369,3208
compact51__current_roles,2019-02-11 14:00:00,16.9468155637,55.2743192056,0,0,0,12,12,3108,2530
compact51__current_roles,2019-02-11 15:00:00,15.3624606725,53.2240689952,0,0,0,12,12,1902,2013
compact51__current_roles,2019-02-11 16:00:00,13.5064105614,52.437588287,0,0,0,12,12,775,1834
compact51__current_roles,2019-02-11 17:00:00,14.8387530086,51.0772145151,0,0,0,12,12,1545,1535
compact51__current_roles,2019-02-11 18:00:00,16.6226968298,53.2521413199,0,0,0,12,12,2859,2023
compact51__current_roles,2019-02-11 19:00:00,14.6095570929,51.4056925225,0,0,0,12,12,1376,1611
compact51__current_roles,2019-02-11 20:00:00,15.4698514315,52.408535624,0,0,0,12,12,1979,1822
compact51__current_roles,2019-02-11 21:00:00,15.3559761645,49.1738364976,0,0,0,12,12,1898,1177
compact51__current_roles,2019-02-11 22:00:00,14.4879630637,46.710038484,0,0,0,12,12,1299,742
compact51__current_roles,2019-02-11 23:00:00,17.905866617,45.9174246591,0,0,0,12,12,3885,626
compact51__current_roles,2019-02-12 00:00:00,21.496505116,55.0060991393,0,0,0,12,12,6182,2455
compact51__current_roles,2019-02-12 01:00:00,12.7404799753,45.7119223729,0,0,0,12,12,482,601
compact51__current_roles,2019-02-12 02:00:00,15.5549222235,347.462459523,0,0,0,12,12,2037,8059
compact51__current_roles,2019-02-12 03:00:00,15.1264363048,51.6540948418,0,0,0,12,12,1729,1675
compact51__current_roles,2019-02-12 04:00:00,14.4148629084,44.0714989736,0,0,0,12,12,1256,420
compact51__current_roles,2019-02-12 05:00:00,18.1595392874,175.139931502,1,0,0,12,12,4073,7326
compact51__current_roles,2019-02-12 06:00:00,16.8530008428,165.695950026,1,0,0,12,12,3025,7244
compact51__current_roles,2019-02-12 07:00:00,13.7078973912,43.6875331513,0,0,0,12,12,870,378
compact51__current_roles,2019-02-12 08:00:00,10.9305896908,52.426948788,0,0,0,12,12,71,1829
compact51__current_roles,2019-02-12 09:00:00,10.5249509313,51.6742386073,0,0,0,12,12,37,1678
compact51__current_roles,2019-02-12 10:00:00,10.3230629876,49.9276197604,0,0,0,12,12,31,1327
compact51__current_roles,2019-02-12 11:00:00,11.2878832027,50.6403258536,0,0,0,11,11,117,1447
compact51__current_roles,2019-02-12 12:00:00,10.8253708727,51.4839551943,0,0,0,13,12,63,1630
compact51__current_roles,2019-02-12 13:00:00,11.8952271288,46.2568376312,0,0,0,12,12,228,669
compact51__current_roles,2019-02-12 14:00:00,11.6509608305,47.0053791641,0,0,0,12,12,168,792
compact51__current_roles,2019-02-12 15:00:00,12.1931053869,45.7048189502,0,0,0,12,12,307,599
compact51__current_roles,2019-02-12 16:00:00,17.5029152578,44.472819905,0,0,0,12,12,3563,464
compact51__current_roles,2019-02-12 17:00:00,20.297311937,102.67287381,1,0,0,12,12,5558,6309
compact51__current_roles,2019-02-12 18:00:00,18.2676610711,52.8549073655,0,0,0,12,12,4171,1922
compact51__current_roles,2019-02-12 19:00:00,16.2574494603,48.4255252494,0,0,0,12,12,2567,1045
compact51__current_roles,2019-02-12 20:00:00,14.4482774227,46.2978219219,0,0,0,12,12,1275,677
compact51__current_roles,2019-02-12 21:00:00,12.3948117428,47.7765593792,0,0,0,12,12,367,920
compact51__current_roles,2019-02-12 22:00:00,12.3898040148,42.6629520689,0,0,0,12,12,364,292
compact51__current_roles,2019-02-12 23:00:00,13.914809729,301.23584499,0,0,0,12,12,957,7935
compact51__current_roles,2019-02-13 00:00:00,17.2198019499,8629.95511515,0,0,0,12,12,3316,8732
compact51__current_roles,2019-02-13 01:00:00,16.4017862034,426.65048685,0,0,0,12,12,2663,8163
compact51__current_roles,2019-02-13 02:00:00,18.459436999,475.428213662,0,0,0,12,12,4341,8220
compact51__current_roles,2019-02-13 03:00:00,18.9108633155,466.585690986,0,0,0,12,12,4655,8206
compact51__current_roles,2019-02-13 04:00:00,19.8063200056,960.785647741,1,0,0,12,12,5250,8483
compact51__current_roles,2019-02-13 05:00:00,17.0729578228,70.7271436415,0,0,0,12,12,3201,5028
compact51__current_roles,2019-02-13 06:00:00,15.172266474,195.150227845,0,0,0,12,12,1763,7464
compact51__current_roles,2019-02-13 07:00:00,13.6139189282,190.052984362,0,0,0,12,12,822,7422
compact51__current_roles,2019-02-13 08:00:00,14.2937884395,70.869855846,0,0,0,12,12,1174,5038
compact51__current_roles,2019-02-13 09:00:00,11.4330431149,53.299084119,0,0,0,12,12,133,2038
compact51__current_roles,2019-02-13 10:00:00,14.3521606243,118.58027786,0,0,0,12,12,1210,6623
compact51__current_roles,2019-02-13 11:00:00,14.6139054452,81.5506951211,0,0,0,10,10,1381,5626
compact51__current_roles,2019-02-13 12:00:00,14.3785448506,74.9953223553,0,0,0,12,12,1229,5331
compact51__current_roles,2019-02-13 13:00:00,13.2560177187,67.6158002968,0,0,0,12,12,673,4733
compact51__current_roles,2019-02-13 14:00:00,12.5046663836,53.5193192797,0,0,0,10,10,403,2091
compact51__current_roles,2019-02-13 15:00:00,11.2376155447,50.4542571562,0,0,0,12,12,110,1410
compact51__current_roles,2019-02-13 16:00:00,12.3927150028,51.9818793738,0,0,0,12,12,366,1736
compact51__current_roles,2019-02-13 17:00:00,13.2050862731,54.2965929465,0,0,0,12,12,644,2271
compact51__current_roles,2019-02-13 18:00:00,12.3132584458,50.913717169,0,0,0,12,12,345,1508
compact51__current_roles,2019-02-13 19:00:00,13.1907105093,53.3139402915,0,0,0,12,12,636,2043
compact51__current_roles,2019-02-13 20:00:00,12.3977073909,50.6752717977,0,0,0,13,12,369,1456
compact51__current_roles,2019-02-13 21:00:00,14.789340347,56.5850211682,0,0,0,12,12,1506,2834
compact51__current_roles,2019-02-13 22:00:00,15.5075802395,49.8573318824,0,0,0,12,12,2004,1314
compact51__current_roles,2019-02-13 23:00:00,17.0103976261,56.4879752083,0,0,0,12,12,3151,2818
compact51__current_roles,2019-02-14 00:00:00,13.2532746468,137.169028845,0,0,0,12,12,672,6927
compact51__current_roles,2019-02-14 01:00:00,11.122939208,78.4383965124,0,0,0,12,12,97,5493
compact51__current_roles,2019-02-14 02:00:00,12.527702038,81.765751695,0,0,0,12,12,418,5631
compact51__current_roles,2019-02-14 03:00:00,14.6402614922,96.4098443041,0,0,0,12,12,1408,6134
compact51__current_roles,2019-02-14 04:00:00,17.8781223759,3854.57307445,0,0,0,12,12,3865,8688
compact51__current_roles,2019-02-14 05:00:00,13.5679852407,1335.24127694,1,0,0,12,12,796,8550
compact51__current_roles,2019-02-14 06:00:00,15.5737942007,126.649970491,0,0,0,12,12,2052,6784
compact51__current_roles,2019-02-14 07:00:00,16.8026007806,1715.44831735,0,0,0,12,12,2989,8591
compact51__current_roles,2019-02-14 08:00:00,20.2643751555,222.672056661,1,0,0,12,12,5535,7627
compact51__current_roles,2019-02-14 09:00:00,19.4728470359,5002.51089602,1,0,0,12,12,5032,8709
compact51__current_roles,2019-02-14 10:00:00,16.4034673188,79.1122932527,0,0,0,12,12,2668,5519
compact51__current_roles,2019-02-14 11:00:00,15.3540070174,88.4607567531,0,0,0,12,12,1896,5855
compact51__current_roles,2019-02-14 12:00:00,17.7135142181,123.095549393,0,0,0,12,12,3736,6719
compact51__current_roles,2019-02-14 13:00:00,20.7562878627,1422.5875468,0,0,0,12,12,5807,8566
compact51__current_roles,2019-02-14 14:00:00,20.8405341497,1741.34513447,0,0,0,12,12,5866,8592
compact51__current_roles,2019-02-14 15:00:00,18.0381659533,346.013079839,0,0,0,12,12,3996,8054
compact51__current_roles,2019-02-14 16:00:00,18.3752818044,165.595835489,0,0,0,12,12,4260,7243
compact51__current_roles,2019-02-14 17:00:00,15.3059083218,56.7392600477,0,0,0,12,12,1866,2874
compact51__current_roles,2019-02-14 18:00:00,14.704121327,54.6463955011,0,0,0,12,12,1457,2360
compact51__current_roles,2019-02-14 19:00:00,15.5588488621,56.8665901954,0,0,0,12,12,2038,2899
compact51__current_roles,2019-02-14 20:00:00,17.229912824,100.538557159,0,0,0,12,12,3324,6248
compact51__current_roles,2019-02-14 21:00:00,15.0609882334,51.5144851135,0,0,0,12,12,1689,1643
compact51__current_roles,2019-02-14 22:00:00,14.1412464524,45.857218826,0,0,0,12,12,1075,622
compact51__current_roles,2019-02-14 23:00:00,18.4189418124,469.18030038,0,0,0,13,12,4309,8210
compact51__current_roles,2019-02-15 00:00:00,18.2139462074,253.734658648,0,0,0,12,12,4115,7784
compact51__current_roles,2019-02-15 01:00:00,16.0102936971,479.004925513,0,0,0,12,12,2387,8222
compact51__current_roles,2019-02-15 02:00:00,15.9130915514,223.076965115,0,0,0,12,12,2322,7629
compact51__current_roles,2019-02-15 03:00:00,17.8033204424,135.834155563,0,0,0,12,12,3807,6914
compact51__current_roles,2019-02-15 04:00:00,23.7855204269,387.35667845,0,0,0,12,12,7144,8119
compact51__current_roles,2019-02-15 05:00:00,26.5056995398,2349.66673758,0,0,0,12,12,7837,8646
compact51__current_roles,2019-02-15 06:00:00,26.2076461555,9944.27615706,0,0,0,12,12,7766,8736
compact51__current_roles,2019-02-15 07:00:00,21.7507982438,150.089992152,0,0,0,12,12,6287,7086
compact51__current_roles,2019-02-15 08:00:00,16.4983417916,53.5678380141,0,0,0,12,12,2751,2102
compact51__current_roles,2019-02-15 09:00:00,14.6369442273,51.8332442388,0,0,0,12,12,1401,1710
compact51__current_roles,2019-02-15 10:00:00,16.5360864376,64.5099192906,0,0,0,12,12,2776,4375
compact51__current_roles,2019-02-15 11:00:00,18.2161410288,101.287289286,0,0,0,12,12,4120,6272
compact51__current_roles,2019-02-15 12:00:00,16.9462471015,100.116978953,0,0,0,12,12,3107,6235
compact51__current_roles,2019-02-15 13:00:00,17.4728594964,128.04944599,0,0,0,12,12,3541,6808
compact51__current_roles,2019-02-15 14:00:00,18.8379941005,145.941709111,0,0,0,12,12,4605,7032
compact51__current_roles,2019-02-15 15:00:00,19.1323624978,172.782043483,0,0,0,12,12,4807,7304
compact51__current_roles,2019-02-15 16:00:00,18.8371768454,149.612508128,0,0,0,12,12,4603,7079
compact51__current_roles,2019-02-15 17:00:00,18.4818973603,82.5798349513,0,0,0,11,11,4352,5651
compact51__current_roles,2019-02-15 18:00:00,17.7479171228,53.0389415135,0,0,0,12,12,3763,1972
compact51__current_roles,2019-02-15 19:00:00,18.5678824496,72.8197502037,0,0,0,12,12,4414,5190
compact51__current_roles,2019-02-15 20:00:00,18.1574615565,65.7844994725,0,0,0,12,12,4071,4542
compact51__current_roles,2019-02-15 21:00:00,20.4533464757,152.476513423,0,0,0,12,12,5659,7110
compact51__current_roles,2019-02-15 22:00:00,26.6563324358,167.152478875,0,0,0,12,12,7869,7259
compact51__current_roles,2019-02-15 23:00:00,24.9662786432,301.595551501,0,0,0,13,13,7476,7936
compact51__current_roles,2019-02-16 00:00:00,19.2543333749,91.4580559786,0,0,0,12,12,4885,5951
compact51__current_roles,2019-02-16 01:00:00,24.512532632,190.323785428,0,0,0,12,12,7351,7424
compact51__current_roles,2019-02-16 02:00:00,21.7833282939,99.8429277923,0,0,0,12,12,6298,6227
compact51__current_roles,2019-02-16 03:00:00,22.9747977163,65.7674650069,0,0,0,12,12,6871,4539
compact51__current_roles,2019-02-16 04:00:00,24.0785181384,81.9045315213,0,0,0,12,12,7224,5634
compact51__current_roles,2019-02-16 05:00:00,22.4579717121,132.431314285,0,0,0,12,12,6622,6872
compact51__current_roles,2019-02-16 06:00:00,19.6364767028,110.896169113,0,0,0,12,12,5144,6486
compact51__current_roles,2019-02-16 07:00:00,20.2210698232,136.562883222,0,0,0,12,12,5517,6918
compact51__current_roles,2019-02-16 08:00:00,17.6551074101,42.9768228083,0,0,0,12,12,3686,315
compact51__current_roles,2019-02-16 09:00:00,19.5605778381,47.3167246393,0,0,0,12,12,5094,839
compact51__current_roles,2019-02-16 10:00:00,20.0860935797,115.174156618,0,0,0,12,12,5422,6569
compact51__current_roles,2019-02-16 11:00:00,19.9330858654,203.198559841,0,0,0,12,12,5332,7522
compact51__current_roles,2019-02-16 12:00:00,19.7070271381,171.201572479,0,0,0,12,12,5185,7291
compact51__current_roles,2019-02-16 13:00:00,18.9469384398,109.814647042,0,0,0,12,12,4688,6462
compact51__current_roles,2019-02-16 14:00:00,19.3008484645,127.82158881,0,0,0,12,12,4915,6806
compact51__current_roles,2019-02-16 15:00:00,21.9306232089,154.275966195,0,0,0,12,12,6376,7139
compact51__current_roles,2019-02-16 16:00:00,21.2331526846,68.0180437194,0,0,0,12,12,6053,4774
compact51__current_roles,2019-02-16 17:00:00,19.2105623782,46.4521958041,0,0,0,12,12,4856,707
compact51__current_roles,2019-02-16 18:00:00,19.4039054461,49.820618941,0,0,0,12,12,4979,1308
compact51__current_roles,2019-02-16 19:00:00,22.9657285521,62.0243368115,0,0,0,12,12,6866,3992
compact51__current_roles,2019-02-16 20:00:00,22.9666353675,52.8616308137,0,0,0,12,12,6867,1923
compact51__current_roles,2019-02-16 21:00:00,21.5640824152,59.6621814817,0,0,0,12,12,6203,3522
compact51__current_roles,2019-02-16 22:00:00,18.9947301027,126.789787757,0,0,0,12,12,4716,6790
compact51__current_roles,2019-02-16 23:00:00,22.5362593901,495.630206013,1,0,0,12,12,6667,8243
compact51__current_roles,2019-02-17 00:00:00,25.248031199,118.465392755,1,0,0,12,12,7546,6620
compact51__current_roles,2019-02-17 01:00:00,18.8627894731,175.897297689,0,0,0,12,12,4620,7332
compact51__current_roles,2019-02-17 02:00:00,18.5231731699,137.045852519,0,0,0,12,12,4376,6926
compact51__current_roles,2019-02-17 03:00:00,18.32198828,150.783008674,0,0,0,12,12,4207,7095
compact51__current_roles,2019-02-17 04:00:00,24.083071546,104.107283725,1,0,0,12,12,7227,6351
compact51__current_roles,2019-02-17 05:00:00,18.5652465028,46.745309179,0,0,0,12,12,4412,747
compact51__current_roles,2019-02-17 06:00:00,14.5178939165,45.2881974895,0,0,0,12,12,1312,562
compact51__current_roles,2019-02-17 07:00:00,17.1083118631,46.3631486589,0,0,0,12,12,3232,686
compact51__current_roles,2019-02-17 08:00:00,17.5134388411,48.5431117353,0,0,0,12,12,3572,1068
compact51__current_roles,2019-02-17 09:00:00,21.1229694564,106.102678708,0,0,0,12,12,5994,6389
compact51__current_roles,2019-02-17 10:00:00,19.8779857231,167.009609183,0,0,0,12,12,5300,7257
compact51__current_roles,2019-02-17 11:00:00,20.4004727243,128.899212102,0,0,0,12,12,5625,6824
compact51__current_roles,2019-02-17 12:00:00,21.5247875572,135.460020959,0,0,0,12,12,6190,6907
compact51__current_roles,2019-02-17 13:00:00,23.0340471477,95.9312920154,0,0,0,13,12,6897,6120
compact51__current_roles,2019-02-17 14:00:00,18.8143011891,63.4758127785,0,0,0,12,12,4583,4227
compact51__current_roles,2019-02-17 15:00:00,18.5303714477,78.5690576045,0,0,0,12,12,4386,5496
compact51__current_roles,2019-02-17 16:00:00,18.6470712752,65.5758140622,0,0,0,12,12,4466,4520
compact51__current_roles,2019-02-17 17:00:00,15.1718574234,50.4025565486,0,0,0,12,12,1761,1403
compact51__current_roles,2019-02-17 18:00:00,16.0620572321,43.3588801973,0,0,0,12,12,2416,340
compact51__current_roles,2019-02-17 19:00:00,17.0230325219,48.0685343996,0,0,0,12,12,3161,973
compact51__current_roles,2019-02-17 20:00:00,21.0585236201,93.9986558645,0,0,0,12,12,5965,6042
compact51__current_roles,2019-02-17 21:00:00,17.5880669481,51.6898380666,0,0,0,12,12,3640,1685
compact51__current_roles,2019-02-17 22:00:00,23.5084475429,100.504543037,0,0,0,12,12,7044,6247
compact51__current_roles,2019-02-17 23:00:00,24.9727301075,1403.96635558,0,0,0,12,12,7479,8561
compact51__current_roles,2019-02-18 00:00:00,32.9181439341,141.022605883,1,0,0,12,12,8541,6978
compact51__current_roles,2019-02-18 01:00:00,26.3094959375,186.1722487,1,0,0,12,12,7793,7398
compact51__current_roles,2019-02-18 02:00:00,21.2304545587,818.255008299,1,0,0,12,12,6048,8441
compact51__current_roles,2019-02-18 03:00:00,25.9638424757,572.621397458,1,0,0,12,12,7716,8317
compact51__current_roles,2019-02-18 04:00:00,24.6051756741,763.673917213,0,0,0,12,12,7376,8426
compact51__current_roles,2019-02-18 05:00:00,27.1238449456,529.279241649,1,0,0,12,12,7951,8280
compact51__current_roles,2019-02-18 06:00:00,25.7505186035,257.691612697,1,0,0,12,12,7667,7802
compact51__current_roles,2019-02-18 07:00:00,29.701873591,529.319820675,0,0,0,12,12,8311,8281
compact51__current_roles,2019-02-18 08:00:00,25.4633846643,6188.31448478,0,0,0,12,12,7597,8722
compact51__current_roles,2019-02-18 09:00:00,22.729239939,247.153334244,0,0,0,12,12,6753,7756
compact51__current_roles,2019-02-18 10:00:00,22.3067488543,121.485088867,0,0,0,12,12,6558,6690
compact51__current_roles,2019-02-18 11:00:00,17.2070340575,51.1576713974,0,0,0,12,12,3306,1554
compact51__current_roles,2019-02-18 12:00:00,16.2761871974,49.664403829,0,0,0,12,12,2577,1279
compact51__current_roles,2019-02-18 13:00:00,14.1242240669,49.2720128461,0,0,0,12,12,1066,1194
compact51__current_roles,2019-02-18 14:00:00,13.5053603218,49.079271881,0,0,0,12,12,774,1163
compact51__current_roles,2019-02-18 15:00:00,13.4478183866,49.324073835,0,0,0,12,12,749,1205
compact51__current_roles,2019-02-18 16:00:00,13.0923176715,47.3528106366,0,0,0,12,12,599,849
compact51__current_roles,2019-02-18 17:00:00,14.6821869778,48.8677666136,0,0,0,12,12,1440,1119
compact51__current_roles,2019-02-18 18:00:00,13.9580294989,51.4345351757,0,0,0,12,12,977,1617
compact51__current_roles,2019-02-18 19:00:00,13.3539513916,49.26881887,0,0,0,12,12,714,1193
compact51__current_roles,2019-02-18 20:00:00,13.8256947209,51.9989748548,0,0,0,12,12,921,1743
compact51__current_roles,2019-02-18 21:00:00,15.5281003554,51.791416427,0,0,0,12,12,2023,1701
compact51__current_roles,2019-02-18 22:00:00,16.6221927979,51.2904407072,0,0,0,12,12,2858,1580
compact51__current_roles,2019-02-18 23:00:00,17.8026443354,71.1419985575,0,0,0,12,12,3805,5061
compact51__current_roles,2019-02-19 00:00:00,22.9582277253,49.6667553521,0,0,0,12,12,6858,1281
compact51__current_roles,2019-02-19 01:00:00,16.1011281929,42.3390096967,0,0,0,12,12,2445,266
compact51__current_roles,2019-02-19 02:00:00,14.6803909554,39.2601030622,0,0,0,12,12,1439,105
compact51__current_roles,2019-02-19 03:00:00,15.1305718652,38.8402641873,0,0,0,12,12,1732,90
compact51__current_roles,2019-02-19 04:00:00,22.5844398947,47.4494771751,0,0,0,12,12,6686,863
compact51__current_roles,2019-02-19 05:00:00,20.3661582306,44.6168971011,0,0,0,12,12,5607,475
compact51__current_roles,2019-02-19 06:00:00,18.1817004926,44.3036619258,0,0,0,12,12,4087,445
compact51__current_roles,2019-02-19 07:00:00,26.0880859616,343.473215596,0,0,0,12,12,7740,8047
compact51__current_roles,2019-02-19 08:00:00,18.4237273023,161.43576544,0,0,0,12,12,4316,7207
compact51__current_roles,2019-02-19 09:00:00,14.2142255365,48.0509076106,0,0,0,12,12,1118,969
compact51__current_roles,2019-02-19 10:00:00,14.4444309105,50.1464485709,0,0,0,12,12,1273,1359
compact51__current_roles,2019-02-19 11:00:00,12.6889706256,49.5440653241,0,0,0,12,12,466,1254
compact51__current_roles,2019-02-19 12:00:00,15.3597271854,61.6578754963,0,0,0,12,12,1900,3929
compact51__current_roles,2019-02-19 13:00:00,14.9068740218,56.8917652828,0,0,0,12,12,1608,2905
compact51__current_roles,2019-02-19 14:00:00,16.8286420518,84.8033346181,0,0,0,12,12,3006,5743
compact51__current_roles,2019-02-19 15:00:00,13.3028243298,48.3119841055,0,0,0,12,12,694,1019
compact51__current_roles,2019-02-19 16:00:00,12.3588795481,49.3475629388,0,0,0,12,12,357,1212
compact51__current_roles,2019-02-19 17:00:00,12.996311709,49.4540196525,0,0,0,12,12,564,1237
compact51__current_roles,2019-02-19 18:00:00,12.9274799306,51.879169345,0,0,0,12,12,543,1716
compact51__current_roles,2019-02-19 19:00:00,13.3296262429,49.5764435871,0,0,0,12,12,705,1265
compact51__current_roles,2019-02-19 20:00:00,12.1810578914,51.0665128679,0,0,0,12,12,302,1532
compact51__current_roles,2019-02-19 21:00:00,13.4836688904,50.4637765579,0,0,0,12,12,766,1413
compact51__current_roles,2019-02-19 22:00:00,16.4522986601,47.1991608776,0,0,0,12,12,2712,821
compact51__current_roles,2019-02-19 23:00:00,17.1640202299,63.6543787303,0,0,0,12,12,3272,4253
compact51__current_roles,2019-02-20 00:00:00,22.1297498627,48.6124919248,0,0,0,12,12,6475,1077
compact51__current_roles,2019-02-20 01:00:00,18.0290513228,48.4627954674,0,0,0,12,12,3988,1053
compact51__current_roles,2019-02-20 02:00:00,18.3833772723,38.6324932534,0,0,0,12,12,4269,83
compact51__current_roles,2019-02-20 03:00:00,19.2870059987,68.2211429788,0,0,0,12,12,4904,4789
compact51__current_roles,2019-02-20 04:00:00,22.1992117201,95.4877931556,0,0,0,12,12,6507,6092
compact51__current_roles,2019-02-20 05:00:00,22.4667252915,430.087920563,0,0,0,12,12,6627,8167
compact51__current_roles,2019-02-20 06:00:00,14.011493486,42.3368206271,0,0,0,12,12,1006,265
compact51__current_roles,2019-02-20 07:00:00,15.88881643,51.6964924542,0,0,0,12,12,2307,1686
compact51__current_roles,2019-02-20 08:00:00,13.2773107794,51.3836458637,0,0,0,12,12,681,1605
compact51__current_roles,2019-02-20 09:00:00,12.1514087888,49.6779202346,0,0,0,12,12,294,1284
compact51__current_roles,2019-02-20 10:00:00,14.6323380814,45.9480200183,0,0,0,12,12,1399,630
compact51__current_roles,2019-02-20 11:00:00,14.8705709684,46.7137338308,0,0,0,12,12,1577,743
compact51__current_roles,2019-02-20 12:00:00,16.071963175,46.8235849631,0,0,0,12,12,2422,764
compact51__current_roles,2019-02-20 13:00:00,12.0643156006,47.9150620855,0,0,0,12,12,268,938
compact51__current_roles,2019-02-20 14:00:00,11.9098110291,48.8658355643,0,0,0,12,12,233,1118
compact51__current_roles,2019-02-20 15:00:00,12.2370672801,48.3991060394,0,0,0,12,12,320,1040
compact51__current_roles,2019-02-20 16:00:00,12.7912486153,48.8526624128,0,0,0,12,12,502,1116
compact51__current_roles,2019-02-20 17:00:00,14.7471481318,52.9265138808,0,0,0,12,12,1485,1940
compact51__current_roles,2019-02-20 18:00:00,14.8855066849,51.6862709205,0,0,0,12,12,1593,1681
compact51__current_roles,2019-02-20 19:00:00,16.7874543248,58.4094819023,0,0,0,12,12,2982,3252
compact51__current_roles,2019-02-20 20:00:00,16.6369722751,60.5991493074,0,0,0,12,12,2872,3711
compact51__current_roles,2019-02-20 21:00:00,18.1856817984,47.4094536417,0,0,0,12,12,4089,856
compact51__current_roles,2019-02-20 22:00:00,24.1138337908,58.8576398675,0,0,0,12,12,7234,3361
compact51__current_roles,2019-02-20 23:00:00,12.969794032,46.4996542787,0,0,0,12,12,559,715
compact51__current_roles,2019-02-21 00:00:00,23.1616276025,85.151181364,0,0,0,12,12,6938,5754
compact51__current_roles,2019-02-21 01:00:00,16.9802370904,45.7424996439,0,0,0,12,12,3130,606
compact51__current_roles,2019-02-21 02:00:00,24.9408364633,85.7822041883,0,0,0,12,12,7471,5781
compact51__current_roles,2019-02-21 03:00:00,22.8652014078,72.1406179424,0,0,0,12,12,6814,5141
compact51__current_roles,2019-02-21 04:00:00,26.7176965581,99.5324516181,0,0,0,13,13,7880,6217
compact51__current_roles,2019-02-21 05:00:00,22.7841010993,87.338378744,0,0,0,12,12,6774,5821
compact51__current_roles,2019-02-21 06:00:00,18.2155133945,47.9975284905,0,0,0,12,12,4118,959
compact51__current_roles,2019-02-21 07:00:00,22.0404628005,130.940259131,0,0,0,12,12,6428,6852
compact51__current_roles,2019-02-21 08:00:00,22.7919963021,84.7675414984,0,0,0,11,11,6780,5741
compact51__current_roles,2019-02-21 09:00:00,15.0570165561,48.976595989,0,0,0,12,12,1685,1142
compact51__current_roles,2019-02-21 10:00:00,14.1072620327,46.3989853849,0,0,0,12,12,1051,693
compact51__current_roles,2019-02-21 11:00:00,15.5704258211,46.1176453267,0,0,0,12,12,2048,653
compact51__current_roles,2019-02-21 12:00:00,12.5550966508,45.8484844489,0,0,0,12,12,430,619
compact51__current_roles,2019-02-21 13:00:00,17.2798740775,49.7744783272,0,0,0,12,12,3375,1304
compact51__current_roles,2019-02-21 14:00:00,17.8661425995,50.6392870097,0,0,0,12,12,3856,1446
compact51__current_roles,2019-02-21 15:00:00,13.9852054547,48.5131454981,0,0,0,12,12,994,1063
compact51__current_roles,2019-02-21 16:00:00,11.3390064261,46.8278732673,0,0,0,12,12,124,765
compact51__current_roles,2019-02-21 17:00:00,11.0766011258,44.257995549,0,0,0,12,12,88,439
compact51__current_roles,2019-02-21 18:00:00,13.0561258012,46.4555786848,0,0,0,12,12,587,709
compact51__current_roles,2019-02-21 19:00:00,13.1753869645,45.2809885333,0,0,0,12,12,632,560
compact51__current_roles,2019-02-21 20:00:00,12.3995016282,47.6675122523,0,0,0,12,12,371,903
compact51__current_roles,2019-02-21 21:00:00,17.1344016255,48.4234580346,0,0,0,12,12,3250,1044
compact51__current_roles,2019-02-21 22:00:00,19.4738753452,87.2243444841,0,0,0,11,11,5034,5817
compact51__current_roles,2019-02-21 23:00:00,28.948596372,67.3493316906,0,0,0,12,12,8209,4709
compact51__current_roles,2019-02-22 00:00:00,16.4704138109,41.111623297,0,0,0,12,12,2729,182
compact51__current_roles,2019-02-22 01:00:00,16.8185556964,38.3029797857,0,0,0,12,12,3003,78
compact51__current_roles,2019-02-22 02:00:00,18.5017350509,40.7347343891,0,0,0,12,12,4362,159
compact51__current_roles,2019-02-22 03:00:00,23.2604053889,47.054500013,0,0,0,12,12,6972,798
compact51__current_roles,2019-02-22 04:00:00,19.0842580885,42.9314616863,0,0,0,12,12,4776,314
compact51__current_roles,2019-02-22 05:00:00,17.0305609928,42.6970365852,0,0,0,12,12,3169,293
compact51__current_roles,2019-02-22 06:00:00,18.9394308092,49.3904496344,0,0,0,12,12,4681,1222
compact51__current_roles,2019-02-22 07:00:00,17.9433179793,54.7679950306,0,0,0,12,12,3923,2392
compact51__current_roles,2019-02-22 08:00:00,14.3445488992,50.7398517428,0,0,0,12,12,1207,1470
compact51__current_roles,2019-02-22 09:00:00,14.5438873293,48.6588590077,0,0,0,12,12,1330,1086
compact51__current_roles,2019-02-22 10:00:00,17.3283980953,57.7045738186,0,0,0,13,13,3420,3112
compact51__current_roles,2019-02-22 11:00:00,20.0744366931,61.8274117123,0,0,0,12,12,5414,3962
compact51__current_roles,2019-02-22 12:00:00,16.9138066591,54.4201370523,0,0,0,12,12,3082,2304
compact51__current_roles,2019-02-22 13:00:00,17.4807388936,56.1491522535,0,0,0,12,12,3547,2737
compact51__current_roles,2019-02-22 14:00:00,16.0422889342,57.3132432474,0,0,0,12,12,2404,3017
compact51__current_roles,2019-02-22 15:00:00,14.1824105019,52.5870714515,0,0,0,12,12,1098,1867
compact51__current_roles,2019-02-22 16:00:00,14.5311562292,51.811892148,0,0,0,12,12,1318,1704
compact51__current_roles,2019-02-22 17:00:00,16.1907763046,51.8743845417,0,0,0,12,12,2520,1715
compact51__current_roles,2019-02-22 18:00:00,17.2487953253,55.7312629211,0,0,0,12,12,3344,2632
compact51__current_roles,2019-02-22 19:00:00,17.9065487997,57.0090443742,0,0,0,12,12,3886,2933
compact51__current_roles,2019-02-22 20:00:00,17.3082611118,57.5628270614,0,0,0,12,12,3405,3080
compact51__current_roles,2019-02-22 21:00:00,18.2792795695,60.7198370388,0,0,0,12,12,4174,3738
compact51__current_roles,2019-02-22 22:00:00,18.8858074667,55.1531452254,0,0,0,12,12,4636,2493
compact51__current_roles,2019-02-22 23:00:00,15.720121782,49.5073234361,0,0,0,12,12,2162,1249
compact51__current_roles,2019-02-23 00:00:00,24.1739006874,53.4369764554,0,0,0,12,12,7258,2062
compact51__current_roles,2019-02-23 01:00:00,17.0165363987,39.9840625512,0,0,0,12,12,3158,124
compact51__current_roles,2019-02-23 02:00:00,16.4038867055,39.812832725,0,0,0,12,12,2669,119
compact51__current_roles,2019-02-23 03:00:00,17.5095216649,51.9828717381,0,0,0,12,12,3568,1737
compact51__current_roles,2019-02-23 04:00:00,18.7411958565,47.0599854577,0,0,0,12,12,4526,799
compact51__current_roles,2019-02-23 05:00:00,21.7136538191,49.6634883513,0,0,0,12,12,6274,1278
compact51__current_roles,2019-02-23 06:00:00,20.6989085171,119.787129303,0,0,0,12,12,5778,6642
compact51__current_roles,2019-02-23 07:00:00,19.3145675027,152.041009994,0,0,0,12,12,4922,7105
compact51__current_roles,2019-02-23 08:00:00,18.9689435337,96.3257935729,0,0,0,12,12,4699,6130
compact51__current_roles,2019-02-23 09:00:00,18.3215339196,59.2761216664,0,0,0,12,12,4206,3449
compact51__current_roles,2019-02-23 10:00:00,20.1144560099,86.7894880272,0,0,0,12,12,5452,5807
compact51__current_roles,2019-02-23 11:00:00,19.7749582368,78.3733266441,0,0,0,12,12,5236,5489
compact51__current_roles,2019-02-23 12:00:00,18.2998652273,56.6869281471,0,0,0,12,12,4191,2857
compact51__current_roles,2019-02-23 13:00:00,17.2713827852,53.9815015209,0,0,0,12,12,3365,2192
compact51__current_roles,2019-02-23 14:00:00,17.2362644433,55.4025163766,0,0,0,12,12,3329,2556
compact51__current_roles,2019-02-23 15:00:00,16.1691141078,54.8498770615,0,0,0,12,12,2506,2420
compact51__current_roles,2019-02-23 16:00:00,14.4321410807,52.4133472821,0,0,0,12,12,1267,1824
compact51__current_roles,2019-02-23 17:00:00,17.2097353775,51.8397959094,0,0,0,12,12,3311,1711
compact51__current_roles,2019-02-23 18:00:00,14.1706627994,46.677812198,0,0,0,12,12,1089,738
compact51__current_roles,2019-02-23 19:00:00,18.7085026517,67.3986958351,0,0,0,11,11,4497,4711
compact51__current_roles,2019-02-23 20:00:00,16.648068202,50.877394112,0,0,0,12,12,2880,1499
compact51__current_roles,2019-02-23 21:00:00,18.7174863401,55.7912343356,0,0,0,12,12,4504,2644
compact51__current_roles,2019-02-23 22:00:00,13.2325942644,47.6855253603,0,0,0,12,12,663,905
compact51__current_roles,2019-02-23 23:00:00,16.574035942,47.8751212764,0,0,0,12,12,2815,933
compact51__current_roles,2019-02-24 00:00:00,16.6058343532,50.10773406,0,0,0,12,12,2844,1354
compact51__current_roles,2019-02-24 01:00:00,17.714963236,50.1846677075,0,0,0,12,12,3737,1368
compact51__current_roles,2019-02-24 02:00:00,15.9712988184,47.2823775573,0,0,0,12,12,2366,831
compact51__current_roles,2019-02-24 03:00:00,17.9047743906,48.0792573623,0,0,0,12,12,3882,976
compact51__current_roles,2019-02-24 04:00:00,17.9441304865,46.8199641742,0,0,0,12,12,3924,761
compact51__current_roles,2019-02-24 05:00:00,18.7381493018,54.5728435097,0,0,0,12,12,4523,2345
compact51__current_roles,2019-02-24 06:00:00,16.8448567115,45.1833290191,0,0,0,12,12,3022,549
compact51__current_roles,2019-02-24 07:00:00,18.5795505952,45.1139948626,0,0,0,12,12,4418,541
compact51__current_roles,2019-02-24 08:00:00,16.41099177,47.6102996321,0,0,0,12,12,2676,893
compact51__current_roles,2019-02-24 09:00:00,13.2872011345,46.6045884913,0,0,0,12,12,687,729
compact51__current_roles,2019-02-24 10:00:00,14.2071817418,46.3154084596,0,0,0,12,12,1114,678
compact51__current_roles,2019-02-24 11:00:00,16.2445562628,48.921015006,0,0,0,12,12,2556,1133
compact51__current_roles,2019-02-24 12:00:00,17.2399554889,48.0867740177,0,0,0,12,12,3331,980
compact51__current_roles,2019-02-24 13:00:00,16.3539373337,50.0819878479,0,0,0,13,13,2627,1352
compact51__current_roles,2019-02-24 14:00:00,11.6816174497,46.9480636363,0,0,0,12,12,176,780
compact51__current_roles,2019-02-24 15:00:00,14.5018938296,47.8895571602,0,0,0,12,12,1306,936
compact51__current_roles,2019-02-24 16:00:00,17.5048470284,53.54504753,0,0,0,12,12,3566,2097
compact51__current_roles,2019-02-24 17:00:00,14.7398381681,50.8248007743,0,0,0,12,12,1480,1484
compact51__current_roles,2019-02-24 18:00:00,17.1316560443,51.9883058719,0,0,0,13,12,3245,1739
compact51__current_roles,2019-02-24 19:00:00,17.8036733173,54.8354263149,0,0,0,12,12,3808,2415
compact51__current_roles,2019-02-24 20:00:00,19.5608732688,56.6576573487,0,0,0,12,12,5096,2851
compact51__current_roles,2019-02-24 21:00:00,21.5764268084,57.9874678818,0,0,0,12,12,6210,3174
compact51__current_roles,2019-02-24 22:00:00,16.0459147934,53.5079235055,0,0,0,12,12,2407,2086
compact51__current_roles,2019-02-24 23:00:00,11.9169978569,43.986025041,0,0,0,12,12,236,408
compact51__current_roles,2019-02-25 00:00:00,11.1710142711,40.4210652751,0,0,0,12,12,104,144
compact51__current_roles,2019-02-25 01:00:00,14.9556565405,46.9129105497,0,0,0,12,12,1630,774
compact51__current_roles,2019-02-25 02:00:00,16.1859030474,46.0080471493,0,0,0,12,12,2518,637
compact51__current_roles,2019-02-25 03:00:00,17.2524743714,46.2958043977,0,0,0,12,12,3348,676
compact51__current_roles,2019-02-25 04:00:00,20.1224733229,49.0131482383,0,0,0,12,12,5459,1151
compact51__current_roles,2019-02-25 05:00:00,19.9588909337,46.7584109323,0,0,0,12,12,5348,751
compact51__current_roles,2019-02-25 06:00:00,18.6978794519,42.7339987884,0,0,0,12,12,4494,297
compact51__current_roles,2019-02-25 07:00:00,21.2573349388,48.630183737,0,0,0,12,12,6068,1080
compact51__current_roles,2019-02-25 08:00:00,22.322480232,52.8300413575,0,0,0,12,12,6564,1915
compact51__current_roles,2019-02-25 09:00:00,26.180566638,162.713849914,0,0,0,12,12,7754,7215
compact51__current_roles,2019-02-25 10:00:00,23.9996530045,293.466867913,0,0,0,12,12,7202,7919
compact51__current_roles,2019-02-25 11:00:00,17.9177891819,60.1135226338,0,0,0,12,12,3898,3615
compact51__current_roles,2019-02-25 12:00:00,20.0123719949,128.397685259,0,0,0,12,12,5379,6818
compact51__current_roles,2019-02-25 13:00:00,21.9368297072,189.284429739,0,0,0,12,12,6381,7417
compact51__current_roles,2019-02-25 14:00:00,20.3404171784,99.3673135759,0,0,0,12,12,5590,6211
compact51__current_roles,2019-02-25 15:00:00,23.4371763868,186.520945657,0,0,0,12,12,7020,7401
compact51__current_roles,2019-02-25 16:00:00,20.6885448792,111.582977345,0,0,0,12,12,5774,6500
compact51__current_roles,2019-02-25 17:00:00,17.7501374234,56.4799647589,0,0,0,12,12,3766,2816
compact51__current_roles,2019-02-25 18:00:00,19.8627962966,107.190002605,0,0,0,12,12,5288,6408
compact51__current_roles,2019-02-25 19:00:00,21.8284810996,221.249352059,0,0,0,12,12,6318,7621
compact51__current_roles,2019-02-25 20:00:00,19.7933820166,307.558859965,0,0,0,12,12,5245,7960
compact51__current_roles,2019-02-25 21:00:00,17.7241044291,142.713249227,0,0,0,12,12,3745,6997
compact51__current_roles,2019-02-25 22:00:00,24.3300612357,63.3601976583,0,0,0,12,12,7305,4211
compact51__current_roles,2019-02-25 23:00:00,19.3574889848,95.0497945834,0,0,0,13,13,4945,6076
compact51__current_roles,2019-02-26 00:00:00,20.7792463898,239.550309865,0,0,0,12,12,5827,7720
compact51__current_roles,2019-02-26 01:00:00,15.2052952947,48.6922967117,0,0,0,12,12,1780,1094
compact51__current_roles,2019-02-26 02:00:00,14.0550764695,36.2767387209,0,0,0,12,12,1028,41
compact51__current_roles,2019-02-26 03:00:00,16.7611716123,45.4140307014,0,0,0,12,12,2963,573
compact51__current_roles,2019-02-26 04:00:00,19.1221049179,104.889719623,1,0,0,12,12,4796,6368
compact51__current_roles,2019-02-26 05:00:00,23.6871142519,136.883657697,1,0,0,12,12,7109,6925
compact51__current_roles,2019-02-26 06:00:00,22.0334404526,41.6553433027,0,0,0,12,12,6424,218
compact51__current_roles,2019-02-26 07:00:00,21.2619695937,50.0988240629,0,0,0,12,12,6072,1353
compact51__current_roles,2019-02-26 08:00:00,18.4951103159,61.8703367834,0,0,0,12,12,4356,3970
compact51__current_roles,2019-02-26 09:00:00,18.3025588127,157.408813564,0,0,0,13,13,4193,7171
compact51__current_roles,2019-02-26 10:00:00,20.3968230971,922.796885127,1,0,0,12,12,5624,8474
compact51__current_roles,2019-02-26 11:00:00,23.581618867,419.209199532,1,0,0,12,12,7066,8155
compact51__current_roles,2019-02-26 12:00:00,22.3530925869,245.268852527,1,0,0,12,12,6578,7745
compact51__current_roles,2019-02-26 13:00:00,20.204145992,201.344258026,1,0,0,12,12,5504,7510
compact51__current_roles,2019-02-26 14:00:00,18.6005409344,325.16428368,1,0,0,12,12,4430,7999
compact51__current_roles,2019-02-26 15:00:00,19.6949628877,501.636833558,1,0,0,12,12,5177,8252
compact51__current_roles,2019-02-26 16:00:00,19.4199132171,860.567750549,1,0,0,12,12,4990,8457
compact51__current_roles,2019-02-26 17:00:00,17.3525311509,331.472365393,0,0,0,12,12,3441,8011
compact51__current_roles,2019-02-26 18:00:00,17.8556388876,132.338891635,0,0,0,12,12,3849,6869
compact51__current_roles,2019-02-26 19:00:00,16.8675465159,204.02615634,0,0,0,12,12,3039,7527
compact51__current_roles,2019-02-26 20:00:00,15.3764361238,100.862855197,0,0,0,12,12,1911,6261
compact51__current_roles,2019-02-26 21:00:00,12.5885317756,49.9276820305,0,0,0,12,12,440,1328
compact51__current_roles,2019-02-26 22:00:00,13.380348909,46.4663914071,0,0,0,12,12,723,710
compact51__current_roles,2019-02-26 23:00:00,19.0856213796,63.1854498539,0,0,0,12,12,4778,4188
compact51__current_roles,2019-02-27 00:00:00,16.4549697092,48.490803263,0,0,0,12,12,2713,1058
compact51__current_roles,2019-02-27 01:00:00,20.2196139489,305.421994663,1,0,0,12,12,5516,7950
compact51__current_roles,2019-02-27 02:00:00,16.5701217181,110.31378556,1,0,0,12,12,2811,6471
compact51__current_roles,2019-02-27 03:00:00,18.5078346737,58.0791723287,0,0,0,12,12,4366,3190
compact51__current_roles,2019-02-27 04:00:00,19.3989312834,4450.43501399,1,0,0,12,12,4973,8703
compact51__current_roles,2019-02-27 05:00:00,18.7255578863,131.03787223,1,0,0,12,12,4510,6854
compact51__current_roles,2019-02-27 06:00:00,15.8379217589,48.5070504516,0,0,0,12,12,2262,1060
compact51__current_roles,2019-02-27 07:00:00,13.878719986,59.6028378677,0,0,0,12,12,944,3508
compact51__current_roles,2019-02-27 08:00:00,13.3790458256,60.022449158,0,0,0,12,12,721,3594
compact51__current_roles,2019-02-27 09:00:00,15.2089233856,64.6691292828,0,0,0,12,12,1784,4399
compact51__current_roles,2019-02-27 10:00:00,12.8899928583,56.6500367321,0,0,0,12,12,531,2849
compact51__current_roles,2019-02-27 11:00:00,11.5074041068,54.4427030334,0,0,0,12,12,140,2311
compact51__current_roles,2019-02-27 12:00:00,15.258825415,69.2663509233,0,0,0,12,12,1827,4882
compact51__current_roles,2019-02-27 13:00:00,10.568364963,58.3541541312,0,0,0,12,12,40,3243
compact51__current_roles,2019-02-27 14:00:00,10.2742792545,54.0156351392,0,0,0,12,12,28,2204
compact51__current_roles,2019-02-27 15:00:00,11.8123109279,48.9152616119,0,0,0,12,12,212,1130
compact51__current_roles,2019-02-27 16:00:00,11.7729203203,49.4946413978,0,0,0,12,12,203,1245
compact51__current_roles,2019-02-27 17:00:00,12.6216945429,54.9655353228,0,0,0,12,12,446,2446
compact51__current_roles,2019-02-27 18:00:00,17.7691468852,51.1174014362,0,0,0,12,12,3776,1548
compact51__current_roles,2019-02-27 19:00:00,16.2832988724,57.3756198929,0,0,0,12,12,2582,3032
compact51__current_roles,2019-02-27 20:00:00,12.8892557137,56.9939368396,0,0,0,12,12,530,2930
compact51__current_roles,2019-02-27 21:00:00,9.61448443181,50.8713026635,0,0,0,12,12,11,1497
compact51__current_roles,2019-02-27 22:00:00,14.382427671,45.317789912,0,0,0,12,12,1233,565
compact51__current_roles,2019-02-27 23:00:00,17.1443341578,45.2796482002,0,0,0,12,12,3254,558
compact51__current_roles,2019-02-28 00:00:00,15.5062808122,40.8037803293,0,0,0,12,12,2003,167
compact51__current_roles,2019-02-28 01:00:00,15.816735816,42.7661837885,0,0,0,12,12,2245,301
compact51__current_roles,2019-02-28 02:00:00,17.160270209,42.6354902601,0,0,0,12,12,3267,286
compact51__current_roles,2019-02-28 03:00:00,15.6744073579,41.6048085108,0,0,0,12,12,2123,215
compact51__current_roles,2019-02-28 04:00:00,16.8434661021,61.0115046433,0,0,0,12,12,3020,3799
compact51__current_roles,2019-02-28 05:00:00,16.5032396553,40.9898753603,0,0,0,12,12,2756,176
compact51__current_roles,2019-02-28 06:00:00,15.5254771115,46.0542118802,0,0,0,13,12,2021,644
compact51__current_roles,2019-02-28 07:00:00,16.8634991612,67.0181180304,0,0,0,12,12,3036,4669
compact51__current_roles,2019-02-28 08:00:00,15.8832715619,63.1246111256,0,0,0,12,12,2298,4178
compact51__current_roles,2019-02-28 09:00:00,16.1210089175,61.5643693176,0,0,0,12,12,2461,3904
compact51__current_roles,2019-02-28 10:00:00,11.3983292897,54.338997697,0,0,0,12,12,130,2283
compact51__current_roles,2019-02-28 11:00:00,13.5878749615,58.5484254786,0,0,0,12,12,808,3287
compact51__current_roles,2019-02-28 12:00:00,13.5484113864,57.3076987625,0,0,0,12,12,789,3015
compact51__current_roles,2019-02-28 13:00:00,12.7637932018,55.2234952086,0,0,0,12,12,492,2517
compact51__current_roles,2019-02-28 14:00:00,11.9996562013,53.9624460963,0,0,0,12,12,251,2188
compact51__current_roles,2019-02-28 15:00:00,12.6286008268,54.6860222553,0,0,0,12,12,448,2372
compact51__current_roles,2019-02-28 16:00:00,11.3368678161,54.3963004248,0,0,0,12,12,123,2296
compact51__current_roles,2019-02-28 17:00:00,11.3111542714,59.8648898993,0,0,0,12,12,119,3566
compact51__current_roles,2019-02-28 18:00:00,14.5898595641,57.7259430921,0,0,0,12,12,1363,3117
compact51__current_roles,2019-02-28 19:00:00,12.5027014377,54.5580729402,0,0,0,12,12,402,2336
compact51__current_roles,2019-02-28 20:00:00,14.0365731134,56.0014227747,0,0,0,12,12,1017,2689
compact51__current_roles,2019-02-28 21:00:00,12.003812572,51.5295467247,0,0,0,12,12,252,1646
compact51__current_roles,2019-02-28 22:00:00,13.6660135589,47.836721254,0,0,0,12,12,854,928
compact51__current_roles,2019-02-28 23:00:00,15.499940602,49.2305932191,0,0,0,12,12,1998,1184
compact51__current_roles,2019-03-01 00:00:00,18.6411471029,58.752161082,0,0,0,12,12,4459,3342
compact51__current_roles,2019-03-01 01:00:00,17.2218553785,45.9013831434,0,0,0,12,12,3317,625
compact51__current_roles,2019-03-01 02:00:00,23.1527610302,49.5025466185,0,0,0,12,12,6936,1247
compact51__current_roles,2019-03-01 03:00:00,21.9293422564,43.9222225739,0,0,0,12,12,6375,405
compact51__current_roles,2019-03-01 04:00:00,21.8149452846,47.9544722494,0,0,0,12,12,6310,950
compact51__current_roles,2019-03-01 05:00:00,19.0682055562,46.0297919856,0,0,0,12,12,4767,639
compact51__current_roles,2019-03-01 06:00:00,17.4693047184,49.6755561466,0,0,0,12,12,3537,1283
compact51__current_roles,2019-03-01 07:00:00,16.3806382756,53.6385562347,0,0,0,12,12,2643,2119
compact51__current_roles,2019-03-01 08:00:00,13.2707728816,51.2689612702,0,0,0,12,12,679,1578
compact51__current_roles,2019-03-01 09:00:00,11.9159502592,46.9901386086,0,0,0,12,12,235,789
compact51__current_roles,2019-03-01 10:00:00,13.9105330325,51.3030762373,0,0,0,12,12,956,1585
compact51__current_roles,2019-03-01 11:00:00,15.7334968229,54.7989126718,0,0,0,12,12,2173,2406
compact51__current_roles,2019-03-01 12:00:00,13.6538256379,49.8764370682,0,0,0,12,12,845,1319
compact51__current_roles,2019-03-01 13:00:00,18.2382033336,58.2795176443,0,0,0,12,12,4142,3230
compact51__current_roles,2019-03-01 14:00:00,17.9149958868,56.9708548473,0,0,0,12,12,3896,2923
compact51__current_roles,2019-03-01 15:00:00,19.6584213395,58.9967409317,0,0,0,12,12,5154,3381
compact51__current_roles,2019-03-01 16:00:00,21.4879717466,60.8515801662,0,0,0,12,12,6176,3763
compact51__current_roles,2019-03-01 17:00:00,21.9535784414,58.6778942522,0,0,0,12,12,6389,3318
compact51__current_roles,2019-03-01 18:00:00,19.8070387074,56.7786478928,0,0,0,12,12,5254,2884
compact51__current_roles,2019-03-01 19:00:00,22.6689861883,65.8419574409,0,0,0,12,12,6728,4547
compact51__current_roles,2019-03-01 20:00:00,23.2497795268,69.0955916173,0,0,0,12,12,6969,4864
compact51__current_roles,2019-03-01 21:00:00,28.0977859864,77.4900760151,0,0,0,12,12,8093,5452
compact51__current_roles,2019-03-01 22:00:00,32.8504979444,79.3877711441,0,0,0,13,12,8538,5528
compact51__current_roles,2019-03-01 23:00:00,40.2699349617,87.2682837557,0,0,0,12,12,8720,5819
compact51__current_roles,2019-03-02 00:00:00,21.5947712506,52.4719178081,0,0,0,12,12,6219,1839
compact51__current_roles,2019-03-02 01:00:00,19.1472329808,47.3435568694,0,0,0,12,12,4814,845
compact51__current_roles,2019-03-02 02:00:00,18.3453326824,46.4248084067,0,0,0,12,12,4228,702
compact51__current_roles,2019-03-02 03:00:00,19.1818065729,45.8018245217,0,0,0,12,12,4841,615
compact51__current_roles,2019-03-02 04:00:00,17.9673144234,42.6105394377,0,0,0,12,12,3943,282
compact51__current_roles,2019-03-02 05:00:00,15.6821060692,35.9299045932,0,0,0,12,12,2128,37
compact51__current_roles,2019-03-02 06:00:00,12.7198696327,29.3948613576,0,0,0,12,12,475,7
compact51__current_roles,2019-03-02 07:00:00,13.6226105802,30.9562710632,0,0,0,12,12,826,10
compact51__current_roles,2019-03-02 08:00:00,14.8724035408,27.3576061819,0,0,0,12,12,1579,1
compact51__current_roles,2019-03-02 09:00:00,16.6049163296,30.8271502898,0,0,0,12,12,2842,9
compact51__current_roles,2019-03-02 10:00:00,15.8598452244,28.1951195491,0,0,0,12,12,2278,4
compact51__current_roles,2019-03-02 11:00:00,15.1040260428,28.5034426648,0,0,0,12,12,1720,5
compact51__current_roles,2019-03-02 12:00:00,16.8544504266,31.7805888697,0,0,0,12,12,3026,12
compact51__current_roles,2019-03-02 13:00:00,16.3175744451,28.8215226655,0,0,0,12,12,2602,6
compact51__current_roles,2019-03-02 14:00:00,16.8048417188,27.5834800608,0,0,0,12,12,2990,3
compact51__current_roles,2019-03-02 15:00:00,17.3396942742,27.4007533467,0,0,0,12,12,3430,2
compact51__current_roles,2019-03-02 16:00:00,17.043663903,30.208676464,0,0,0,12,12,3179,8
compact51__current_roles,2019-03-02 17:00:00,18.0506073859,34.4158080603,0,0,0,12,12,4005,25
compact51__current_roles,2019-03-02 18:00:00,19.4673582922,40.00057221,0,0,0,12,12,5027,125
compact51__current_roles,2019-03-02 19:00:00,19.1279741784,40.2152064202,0,0,0,12,12,4800,132
compact51__current_roles,2019-03-02 20:00:00,19.7424701889,42.6527320225,0,0,0,12,12,5209,290
compact51__current_roles,2019-03-02 21:00:00,19.6299618048,38.6817167713,0,0,0,12,12,5142,85
compact51__current_roles,2019-03-02 22:00:00,19.3427221783,37.5961157643,0,0,0,12,12,4934,67
compact51__current_roles,2019-03-02 23:00:00,17.7328957151,32.332927771,0,0,0,12,12,3754,14
compact51__current_roles,2019-03-03 00:00:00,19.9200859771,166.138078558,1,0,0,12,12,5325,7246
compact51__current_roles,2019-03-03 01:00:00,22.2365046685,141.259044615,1,0,0,12,12,6527,6982
compact51__current_roles,2019-03-03 02:00:00,20.4332948624,166.620428423,1,0,0,12,12,5645,7252
compact51__current_roles,2019-03-03 03:00:00,21.8212271452,110.701847868,1,0,0,12,12,6313,6480
compact51__current_roles,2019-03-03 04:00:00,25.3064995355,78.9008696188,0,0,0,12,12,7560,5510
compact51__current_roles,2019-03-03 05:00:00,22.9093081948,65.1561480887,0,0,0,12,12,6833,4461
compact51__current_roles,2019-03-03 06:00:00,17.6720600673,42.6551678633,0,0,0,12,12,3697,291
compact51__current_roles,2019-03-03 07:00:00,18.2120249384,111.587114118,0,0,0,12,12,4110,6501
compact51__current_roles,2019-03-03 08:00:00,15.2483386173,41.4571534548,0,0,0,12,12,1819,205
compact51__current_roles,2019-03-03 09:00:00,18.2668871263,52.5940385826,0,0,0,12,12,4169,1871
compact51__current_roles,2019-03-03 10:00:00,18.2153795246,79.5578141317,0,0,0,12,12,4117,5538
compact51__current_roles,2019-03-03 11:00:00,18.560950762,70.0286596748,0,0,0,12,12,4409,4961
compact51__current_roles,2019-03-03 12:00:00,20.4952176914,55.9180541507,0,0,0,12,12,5669,2673
compact51__current_roles,2019-03-03 13:00:00,18.3122482243,47.4073900517,0,0,0,12,12,4204,855
compact51__current_roles,2019-03-03 14:00:00,15.1037731117,47.0916490193,0,0,0,12,12,1719,804
compact51__current_roles,2019-03-03 15:00:00,15.4550451109,48.9053322086,0,0,0,12,12,1969,1127
compact51__current_roles,2019-03-03 16:00:00,15.023709395,44.8677593187,0,0,0,12,12,1667,512
compact51__current_roles,2019-03-03 17:00:00,15.2398526564,41.450658805,0,0,0,12,12,1808,203
compact51__current_roles,2019-03-03 18:00:00,16.2596106791,39.55255746,0,0,0,12,12,2568,111
compact51__current_roles,2019-03-03 19:00:00,17.0015324218,44.3444750545,0,0,0,12,12,3146,450
compact51__current_roles,2019-03-03 20:00:00,16.1185377348,46.6821230274,0,0,0,12,12,2457,739
compact51__current_roles,2019-03-03 21:00:00,18.2297455642,48.818231318,0,0,0,12,12,4136,1110
compact51__current_roles,2019-03-03 22:00:00,19.1752990214,48.3192452258,0,0,0,12,12,4836,1023
compact51__current_roles,2019-03-03 23:00:00,32.330105132,59.508075606,0,0,0,12,12,8506,3495
compact51__current_roles,2019-03-04 00:00:00,26.9108549672,70.6129430783,0,0,0,12,12,7919,5017
compact51__current_roles,2019-03-04 01:00:00,27.7208618932,101.899743353,0,0,0,12,12,8027,6294
compact51__current_roles,2019-03-04 02:00:00,29.3218710965,95.4083674345,0,0,0,12,12,8268,6090
compact51__current_roles,2019-03-04 03:00:00,28.2559891538,201.675927418,0,0,0,12,12,8113,7513
compact51__current_roles,2019-03-04 04:00:00,31.9194756597,381.425249389,1,0,0,12,12,8486,8114
compact51__current_roles,2019-03-04 05:00:00,22.7873792746,56.1360930907,0,0,0,12,12,6777,2733
compact51__current_roles,2019-03-04 06:00:00,13.0707975139,42.3540999341,0,0,0,12,12,592,268
compact51__current_roles,2019-03-04 07:00:00,16.3564894596,51.2214491397,0,0,0,12,12,2629,1565
compact51__current_roles,2019-03-04 08:00:00,17.5255512314,53.3483831868,0,0,0,12,12,3583,2052
compact51__current_roles,2019-03-04 09:00:00,14.5703749839,49.9700445266,0,0,0,12,12,1349,1336
compact51__current_roles,2019-03-04 10:00:00,13.8486892581,46.8824877033,0,0,0,12,12,932,769
compact51__current_roles,2019-03-04 11:00:00,15.2627570906,46.6420210047,0,0,0,13,13,1830,734
compact51__current_roles,2019-03-04 12:00:00,13.6277555502,48.1645864158,0,0,0,12,12,832,995
compact51__current_roles,2019-03-04 13:00:00,13.1959957268,48.0081177579,0,0,0,12,12,640,962
compact51__current_roles,2019-03-04 14:00:00,11.6262556031,46.9510022349,0,0,0,12,12,165,781
compact51__current_roles,2019-03-04 15:00:00,12.0187385727,48.3162927764,0,0,0,12,12,257,1022
compact51__current_roles,2019-03-04 16:00:00,13.6261901179,49.0957076411,0,0,0,12,12,830,1168
compact51__current_roles,2019-03-04 17:00:00,12.6251134388,46.4121794481,0,0,0,12,12,447,698
compact51__current_roles,2019-03-04 18:00:00,12.7085414653,48.2493055866,0,0,0,12,12,471,1007
compact51__current_roles,2019-03-04 19:00:00,13.054398491,47.3639317184,0,0,0,12,12,585,850
compact51__current_roles,2019-03-04 20:00:00,13.4380077165,45.2802884068,0,0,0,12,12,743,559
compact51__current_roles,2019-03-04 21:00:00,11.6877082327,43.5842120305,0,0,0,12,12,179,362
compact51__current_roles,2019-03-04 22:00:00,12.8518805291,64.3177642119,0,0,0,12,12,520,4347
compact51__current_roles,2019-03-04 23:00:00,17.451047013,65.5408263974,0,0,0,12,12,3520,4517
compact51__current_roles,2019-03-05 00:00:00,15.6103763104,44.067970514,0,0,0,12,12,2078,419
compact51__current_roles,2019-03-05 01:00:00,16.1628872069,40.8793376551,0,0,0,12,12,2500,175
compact51__current_roles,2019-03-05 02:00:00,19.0217457642,93.0353233929,0,0,0,13,12,4731,6010
compact51__current_roles,2019-03-05 03:00:00,21.7150454087,125.522063793,1,0,0,13,13,6276,6760
compact51__current_roles,2019-03-05 04:00:00,17.8444439634,50.6991708304,0,0,0,13,12,3840,1463
compact51__current_roles,2019-03-05 05:00:00,19.2428982766,120.739765042,1,0,0,12,12,4879,6673
compact51__current_roles,2019-03-05 06:00:00,14.4144441291,39.1283788887,0,0,0,12,12,1255,100
compact51__current_roles,2019-03-05 07:00:00,16.4763456246,48.7691127296,0,0,0,12,12,2736,1102
compact51__current_roles,2019-03-05 08:00:00,15.9179385897,56.1236285446,0,0,0,12,12,2328,2730
compact51__current_roles,2019-03-05 09:00:00,13.8353474357,49.3312614253,0,0,0,12,12,925,1206
compact51__current_roles,2019-03-05 10:00:00,11.5885293141,45.808212373,0,0,0,12,12,157,616
compact51__current_roles,2019-03-05 11:00:00,11.9479035556,47.2329099013,0,0,0,12,12,245,825
compact51__current_roles,2019-03-05 12:00:00,12.5563521951,48.9741430126,0,0,0,13,13,431,1140
compact51__current_roles,2019-03-05 13:00:00,12.1143773179,50.4769575978,0,0,0,12,12,286,1414
compact51__current_roles,2019-03-05 14:00:00,12.5194607978,51.818272623,0,0,0,12,12,410,1706
compact51__current_roles,2019-03-05 15:00:00,14.4105252053,48.5820848464,0,0,0,12,12,1250,1074
compact51__current_roles,2019-03-05 16:00:00,14.0875903352,49.6678315181,0,0,0,12,12,1045,1282
compact51__current_roles,2019-03-05 17:00:00,15.4529256168,53.3299564122,0,0,0,12,12,1968,2047
compact51__current_roles,2019-03-05 18:00:00,15.4455102911,62.6801548841,0,0,0,12,12,1964,4098
compact51__current_roles,2019-03-05 19:00:00,12.2288984761,54.4373818783,0,0,0,12,12,317,2307
compact51__current_roles,2019-03-05 20:00:00,10.1713318851,52.9638644012,0,0,0,12,12,24,1954
compact51__current_roles,2019-03-05 21:00:00,10.9770967673,44.3881844787,0,0,0,12,12,76,453
compact51__current_roles,2019-03-05 22:00:00,13.3166921809,49.2372942826,0,0,0,12,12,700,1186
compact51__current_roles,2019-03-05 23:00:00,13.6257929911,44.9257219093,0,0,0,12,12,829,520
compact51__current_roles,2019-03-06 00:00:00,12.1409451273,42.6470076484,0,0,0,12,12,290,289
compact51__current_roles,2019-03-06 01:00:00,11.8972077424,42.7927852845,0,0,0,12,12,229,306
compact51__current_roles,2019-03-06 02:00:00,12.2328379017,43.8055738005,0,0,0,12,12,319,393
compact51__current_roles,2019-03-06 03:00:00,14.230818802,45.1505852316,0,0,0,12,12,1131,545
compact51__current_roles,2019-03-06 04:00:00,14.2439730977,43.7793392118,0,0,0,12,12,1145,388
compact51__current_roles,2019-03-06 05:00:00,15.8637072927,38.9338895505,0,0,0,12,12,2281,94
compact51__current_roles,2019-03-06 06:00:00,14.5588536755,43.6473687853,0,0,0,14,13,1341,372
compact51__current_roles,2019-03-06 07:00:00,13.9873141665,51.8810363437,0,0,0,12,12,996,1717
compact51__current_roles,2019-03-06 08:00:00,11.4766746481,53.4839993425,0,0,0,12,12,137,2076
compact51__current_roles,2019-03-06 09:00:00,10.3730465185,48.2571788645,0,0,0,12,12,33,1008
compact51__current_roles,2019-03-06 10:00:00,10.7750595648,46.3591055746,0,0,0,13,12,54,685
compact51__current_roles,2019-03-06 11:00:00,10.600616264,43.398738621,0,0,0,12,12,43,344
compact51__current_roles,2019-03-06 12:00:00,14.1832754181,64.4642646069,0,0,0,12,12,1099,4364
compact51__current_roles,2019-03-06 13:00:00,13.0174290684,43.6518514121,0,0,0,12,12,572,373
compact51__current_roles,2019-03-06 14:00:00,12.4148470572,43.570947207,0,0,0,12,12,377,360
compact51__current_roles,2019-03-06 15:00:00,13.4280993241,49.7311204176,0,0,0,12,12,740,1292
compact51__current_roles,2019-03-06 16:00:00,13.9882619833,97.2757302955,0,0,0,12,12,997,6155
compact51__current_roles,2019-03-06 17:00:00,13.093248566,48.9141112497,0,0,0,13,12,600,1128
compact51__current_roles,2019-03-06 18:00:00,16.6121372753,55.9390976153,0,0,0,12,12,2848,2676
compact51__current_roles,2019-03-06 19:00:00,17.3107582392,56.9604696265,0,0,0,12,12,3407,2921
compact51__current_roles,2019-03-06 20:00:00,12.835187553,44.7524083019,0,0,0,12,12,516,496
compact51__current_roles,2019-03-06 21:00:00,12.7961677166,41.5435090521,0,0,0,12,12,503,209
compact51__current_roles,2019-03-06 22:00:00,11.8767206684,44.762393745,0,0,0,12,12,222,498
compact51__current_roles,2019-03-06 23:00:00,14.7905428354,43.3678415937,0,0,0,12,12,1507,341
compact51__current_roles,2019-03-07 00:00:00,13.2616086671,41.9200520547,0,0,0,12,12,674,235
compact51__current_roles,2019-03-07 01:00:00,13.1262541107,44.4144488548,0,0,0,12,12,613,456
compact51__current_roles,2019-03-07 02:00:00,12.2991059036,43.7931311258,0,0,0,12,12,341,391
compact51__current_roles,2019-03-07 03:00:00,13.6605815159,39.1488815384,0,0,0,12,12,848,102
compact51__current_roles,2019-03-07 04:00:00,17.4265177795,46.9297647424,0,0,0,12,12,3501,779
compact51__current_roles,2019-03-07 05:00:00,14.1516181787,47.0617454428,0,0,0,12,12,1078,800
compact51__current_roles,2019-03-07 06:00:00,11.636418405,52.0473037319,0,0,0,12,12,166,1756
compact51__current_roles,2019-03-07 07:00:00,14.0683026468,59.7743223016,0,0,0,12,12,1035,3546
compact51__current_roles,2019-03-07 08:00:00,10.9822548283,47.6321429121,0,0,0,12,12,78,897
compact51__current_roles,2019-03-07 09:00:00,12.8689911338,50.0706221932,0,0,0,12,12,526,1350
compact51__current_roles,2019-03-07 10:00:00,13.6625650616,51.6285282099,0,0,0,12,12,850,1662
compact51__current_roles,2019-03-07 11:00:00,13.7033036903,50.2183291245,0,0,0,12,12,868,1372
compact51__current_roles,2019-03-07 12:00:00,11.8890021593,48.1027552891,0,0,0,12,12,225,983
compact51__current_roles,2019-03-07 13:00:00,11.5468808916,48.0779331718,0,0,0,12,12,150,975
compact51__current_roles,2019-03-07 14:00:00,12.9379975009,44.8279562203,0,0,0,12,12,546,507
compact51__current_roles,2019-03-07 15:00:00,12.299858852,44.1741397919,0,0,0,12,12,344,429
compact51__current_roles,2019-03-07 16:00:00,11.711930276,43.2784311672,0,0,0,12,12,190,333
compact51__current_roles,2019-03-07 17:00:00,13.843322915,48.4600843287,0,0,0,12,12,929,1051
compact51__current_roles,2019-03-07 18:00:00,14.339961545,51.0743390116,0,0,0,12,12,1206,1534
compact51__current_roles,2019-03-07 19:00:00,14.6709202281,51.0011091575,0,0,0,12,12,1432,1518
compact51__current_roles,2019-03-07 20:00:00,15.0790352375,44.8193123479,0,0,0,12,12,1706,506
compact51__current_roles,2019-03-07 21:00:00,14.4582651178,43.873254307,0,0,0,12,12,1286,398
compact51__current_roles,2019-03-07 22:00:00,17.2972826721,73.3872132568,0,0,0,12,12,3392,5235
compact51__current_roles,2019-03-07 23:00:00,21.2912279129,64.0766158329,0,0,0,12,12,6091,4306
compact51__current_roles,2019-03-08 00:00:00,18.4715312549,49.7434470048,0,0,0,12,12,4346,1297
compact51__current_roles,2019-03-08 01:00:00,17.2017508623,181.810646075,1,0,0,12,12,3299,7373
compact51__current_roles,2019-03-08 02:00:00,16.7157465039,140.164111429,1,0,0,12,12,2930,6967
compact51__current_roles,2019-03-08 03:00:00,16.4267516744,92.961151583,0,0,0,12,12,2692,6008
compact51__current_roles,2019-03-08 04:00:00,17.5868736282,50.0134575466,0,0,0,12,12,3639,1341
compact51__current_roles,2019-03-08 05:00:00,17.763229862,45.2938826046,0,0,0,12,12,3772,563
compact51__current_roles,2019-03-08 06:00:00,13.8808196963,44.6109273284,0,0,0,12,12,946,474
compact51__current_roles,2019-03-08 07:00:00,14.4696814533,42.6445431347,0,0,0,12,12,1293,288
compact51__current_roles,2019-03-08 08:00:00,11.7304039247,41.1299078827,0,0,0,12,12,195,186
compact51__current_roles,2019-03-08 09:00:00,11.7228034316,42.7886010311,0,0,0,12,12,192,305
compact51__current_roles,2019-03-08 10:00:00,12.3854013638,44.1296321928,0,0,0,12,12,362,424
compact51__current_roles,2019-03-08 11:00:00,13.8185391313,44.654334588,0,0,0,12,12,917,477
compact51__current_roles,2019-03-08 12:00:00,13.7223520177,44.7127415239,0,0,0,12,12,877,490
compact51__current_roles,2019-03-08 13:00:00,15.463563299,47.8203025794,0,0,0,12,12,1974,923
compact51__current_roles,2019-03-08 14:00:00,15.4480503205,46.5272043103,0,0,0,12,12,1966,719
compact51__current_roles,2019-03-08 15:00:00,14.1237243058,49.9338797996,0,0,0,12,12,1064,1331
compact51__current_roles,2019-03-08 16:00:00,12.4241714211,51.0515409863,0,0,0,12,12,379,1528
compact51__current_roles,2019-03-08 17:00:00,14.3527467437,50.8608719795,0,0,0,12,12,1212,1494
compact51__current_roles,2019-03-08 18:00:00,15.0714136704,45.9790350884,0,0,0,12,12,1701,632
compact51__current_roles,2019-03-08 19:00:00,15.3990213425,89.9163100308,0,0,0,12,12,1930,5910
compact51__current_roles,2019-03-08 20:00:00,12.484826097,44.2166712818,0,0,0,12,12,399,436
compact51__current_roles,2019-03-08 21:00:00,14.8023612193,54.5854778251,0,0,0,12,12,1517,2347
compact51__current_roles,2019-03-08 22:00:00,15.0626595749,82.6895801577,0,0,0,12,12,1691,5655
compact51__current_roles,2019-03-08 23:00:00,17.0187670147,357.772917705,1,0,0,12,12,3159,8081
compact51__current_roles,2019-03-09 00:00:00,17.7801303299,3893.06637754,1,0,0,12,12,3783,8690
compact51__current_roles,2019-03-09 01:00:00,17.9910396185,1060.00217098,1,0,0,12,12,3958,8506
compact51__current_roles,2019-03-09 02:00:00,18.0963223407,10378.6377139,0,0,0,12,12,4036,8737
compact51__current_roles,2019-03-09 03:00:00,19.8494590908,693.5699406,0,0,0,12,12,5283,8394
compact51__current_roles,2019-03-09 04:00:00,19.9468609344,552.600718884,0,0,0,12,12,5339,8294
compact51__current_roles,2019-03-09 05:00:00,20.4554953106,660.576902604,1,0,0,12,12,5660,8371
compact51__current_roles,2019-03-09 06:00:00,20.1296363712,104.083779236,1,0,0,12,12,5467,6349
compact51__current_roles,2019-03-09 07:00:00,18.9747555756,57.6867532486,0,0,0,12,12,4704,3107
compact51__current_roles,2019-03-09 08:00:00,18.2016034645,73.9288805708,0,0,0,12,12,4102,5280
compact51__current_roles,2019-03-09 09:00:00,16.4333489204,90.8927594406,0,0,0,12,12,2697,5933
compact51__current_roles,2019-03-09 10:00:00,14.4515770936,47.7117386784,0,0,0,12,12,1278,909
compact51__current_roles,2019-03-09 11:00:00,14.6379240912,46.6388258491,0,0,0,13,13,1403,733
compact51__current_roles,2019-03-09 12:00:00,14.2888411559,52.5077438617,0,0,0,12,12,1169,1848
compact51__current_roles,2019-03-09 13:00:00,13.8533860463,49.0964893251,0,0,0,12,12,934,1169
compact51__current_roles,2019-03-09 14:00:00,13.9316912344,50.1980434195,0,0,0,12,12,968,1369
compact51__current_roles,2019-03-09 15:00:00,15.038301646,50.1707557205,0,0,0,12,12,1679,1364
compact51__current_roles,2019-03-09 16:00:00,14.6194514116,47.9504338489,0,0,0,12,12,1388,949
compact51__current_roles,2019-03-09 17:00:00,14.6137582833,57.500466038,0,0,0,12,12,1379,3064
compact51__current_roles,2019-03-09 18:00:00,13.2958664116,45.0299649586,0,0,0,12,12,692,532
compact51__current_roles,2019-03-09 19:00:00,14.1152642116,45.0418359639,0,0,0,13,13,1059,535
compact51__current_roles,2019-03-09 20:00:00,13.4283013606,45.703288241,0,0,0,12,12,741,597
compact51__current_roles,2019-03-09 21:00:00,14.3161957722,2821.22337521,0,0,0,12,12,1190,8659
compact51__current_roles,2019-03-09 22:00:00,12.4435737174,47.2401260957,0,0,0,12,12,386,826
compact51__current_roles,2019-03-09 23:00:00,12.6712391865,242.532477923,0,0,0,12,12,460,7733
compact51__current_roles,2019-03-10 00:00:00,15.4297302194,47.5295435101,0,0,0,12,12,1955,874
compact51__current_roles,2019-03-10 01:00:00,14.2429552962,40.8768400867,0,0,0,12,12,1144,174
compact51__current_roles,2019-03-10 02:00:00,14.8807326997,39.7594111971,0,7,0,0,0,1592,118
compact51__current_roles,2019-03-10 03:00:00,15.7819764874,39.25385667,0,0,0,14,12,2220,104
compact51__current_roles,2019-03-10 04:00:00,17.0601629468,42.3698619469,0,0,0,12,12,3192,269
compact51__current_roles,2019-03-10 05:00:00,15.2589644761,37.9319506059,0,0,0,12,12,1828,73
compact51__current_roles,2019-03-10 06:00:00,15.0678773289,40.5249087161,0,0,0,12,12,1697,148
compact51__current_roles,2019-03-10 07:00:00,14.6547207883,44.263444879,0,0,0,12,12,1420,442
compact51__current_roles,2019-03-10 08:00:00,13.8889674899,42.0825540499,0,0,0,12,12,949,243
compact51__current_roles,2019-03-10 09:00:00,16.1359601379,52.3372076942,0,0,0,11,11,2478,1806
compact51__current_roles,2019-03-10 10:00:00,18.5203436105,47.6387135288,0,0,0,12,12,4374,899
compact51__current_roles,2019-03-10 11:00:00,18.7658126375,41.8053253353,0,0,0,12,12,4542,227
compact51__current_roles,2019-03-10 12:00:00,17.9635192378,41.0792143345,0,0,0,12,12,3935,181
compact51__current_roles,2019-03-10 13:00:00,16.8937665148,44.4524103166,0,0,0,12,12,3067,460
compact51__current_roles,2019-03-10 14:00:00,16.3556195134,47.2210277925,0,0,0,12,12,2628,824
compact51__current_roles,2019-03-10 15:00:00,14.7992742757,41.2378457346,0,0,0,12,12,1513,189
compact51__current_roles,2019-03-10 16:00:00,15.2853011051,40.8527725816,0,0,0,12,12,1847,172
compact51__current_roles,2019-03-10 17:00:00,14.8691478006,47.3681636031,0,0,0,12,12,1575,851
compact51__current_roles,2019-03-10 18:00:00,12.7532334164,46.8701987508,0,0,0,12,12,487,767
compact51__current_roles,2019-03-10 19:00:00,17.6733194777,75.2341344291,0,0,0,12,12,3701,5345
compact51__current_roles,2019-03-10 20:00:00,17.4922660657,41.456122419,0,0,0,12,12,3556,204
compact51__current_roles,2019-03-10 21:00:00,18.7784324051,46.2509578678,0,0,0,12,12,4553,668
compact51__current_roles,2019-03-10 22:00:00,20.4401450105,46.5015948365,0,0,0,12,12,5651,716
compact51__current_roles,2019-03-10 23:00:00,22.1270234029,58.2735310562,0,0,0,12,12,6471,3229
compact51__current_roles,2019-03-11 00:00:00,14.6451511488,44.2594332513,0,0,0,12,12,1409,440
compact51__current_roles,2019-03-11 01:00:00,15.3745526656,43.8191828043,0,0,0,12,12,1909,394
compact51__current_roles,2019-03-11 02:00:00,15.8886553638,43.3455584514,0,0,0,12,12,2306,339
compact51__current_roles,2019-03-11 03:00:00,16.4766824935,47.9159806639,0,0,0,12,12,2737,939
compact51__current_roles,2019-03-11 04:00:00,17.0902447545,49.5749892428,0,0,0,12,12,3220,1264
compact51__current_roles,2019-03-11 05:00:00,21.482834415,50.3064627301,0,0,0,12,12,6173,1388
compact51__current_roles,2019-03-11 06:00:00,23.0971218858,57.1355271255,0,0,0,12,12,6921,2969
compact51__current_roles,2019-03-11 07:00:00,15.2151479829,47.5487864903,0,0,0,12,12,1793,879
compact51__current_roles,2019-03-11 08:00:00,20.4803547802,114.273505772,0,0,0,12,12,5665,6552
compact51__current_roles,2019-03-11 09:00:00,16.471075576,51.2982398202,0,0,0,12,12,2730,1583
compact51__current_roles,2019-03-11 10:00:00,14.403204963,49.5551203395,0,0,0,12,12,1247,1257
compact51__current_roles,2019-03-11 11:00:00,11.8485377256,46.5550319941,0,0,0,12,12,217,722
compact51__current_roles,2019-03-11 12:00:00,11.9358233715,47.5829090003,0,0,0,12,12,240,887
compact51__current_roles,2019-03-11 13:00:00,11.924092118,49.2880447097,0,0,0,12,12,237,1198
compact51__current_roles,2019-03-11 14:00:00,12.7406164433,46.6023130525,0,0,0,12,12,483,727
compact51__current_roles,2019-03-11 15:00:00,11.6908164727,48.1865843033,0,0,0,12,12,182,999
compact51__current_roles,2019-03-11 16:00:00,11.7489643911,49.9849046466,0,0,0,12,12,199,1339
compact51__current_roles,2019-03-11 17:00:00,11.5359127864,44.7863003888,0,0,0,12,12,146,502
compact51__current_roles,2019-03-11 18:00:00,12.4088283371,40.354264792,0,0,0,12,12,374,139
compact51__current_roles,2019-03-11 19:00:00,13.4481649928,58.2593256171,0,0,0,12,12,750,3226
compact51__current_roles,2019-03-11 20:00:00,13.3178282211,140.310611669,1,0,0,12,12,701,6970
compact51__current_roles,2019-03-11 21:00:00,15.1783191902,55.2855219703,0,0,0,12,12,1767,2532
compact51__current_roles,2019-03-11 22:00:00,17.4167580358,37.5812933807,0,0,0,12,12,3488,66
compact51__current_roles,2019-03-11 23:00:00,13.8376550331,54.4981945104,0,0,0,12,12,927,2323
compact51__current_roles,2019-03-12 00:00:00,13.8364534149,668.886304968,1,0,0,12,12,926,8378
compact51__current_roles,2019-03-12 01:00:00,12.7486104448,53.9172581385,0,0,0,12,12,486,2176
compact51__current_roles,2019-03-12 02:00:00,16.513031136,128.99215323,0,0,0,12,12,2760,6829
compact51__current_roles,2019-03-12 03:00:00,18.7771139269,66.130408382,0,0,0,12,12,4549,4579
compact51__current_roles,2019-03-12 04:00:00,25.853385138,53.3326756603,0,0,0,12,12,7690,2049
compact51__current_roles,2019-03-12 05:00:00,31.9242080903,192.200211005,0,0,0,12,12,8488,7442
compact51__current_roles,2019-03-12 06:00:00,17.4210984066,1572.71828749,0,0,0,12,12,3497,8579
compact51__current_roles,2019-03-12 07:00:00,17.3219669503,146.763334502,0,0,0,12,12,3414,7044
compact51__current_roles,2019-03-12 08:00:00,16.5383991137,52.0084167662,0,0,0,12,12,2781,1745
compact51__current_roles,2019-03-12 09:00:00,15.6119132591,62.8027517838,0,0,0,12,12,2080,4125
compact51__current_roles,2019-03-12 10:00:00,14.4542518328,85.7255467518,0,0,0,12,12,1281,5777
compact51__current_roles,2019-03-12 11:00:00,13.4410558482,44.056767378,0,0,0,12,12,747,418
compact51__current_roles,2019-03-12 12:00:00,12.9473426584,52.5264891799,0,0,0,12,12,552,1853
compact51__current_roles,2019-03-12 13:00:00,11.8102589683,52.3084051982,0,0,0,12,12,210,1803
compact51__current_roles,2019-03-12 14:00:00,11.7677108763,52.9006522865,0,0,0,12,12,201,1933
compact51__current_roles,2019-03-12 15:00:00,15.082872882,55.0265228705,0,0,0,12,12,1707,2462
compact51__current_roles,2019-03-12 16:00:00,17.3228617085,56.7993161511,0,0,0,12,12,3415,2888
compact51__current_roles,2019-03-12 17:00:00,16.6554470126,53.3648361603,0,0,0,12,12,2889,2055
compact51__current_roles,2019-03-12 18:00:00,14.5313502534,46.7890810039,0,0,0,12,12,1319,755
compact51__current_roles,2019-03-12 19:00:00,14.5881425785,56.8642415811,0,0,0,12,12,1362,2898
compact51__current_roles,2019-03-12 20:00:00,15.225199984,77.2901979824,0,0,0,12,12,1798,5443
compact51__current_roles,2019-03-12 21:00:00,14.9209608614,54.8322061116,0,0,0,12,12,1616,2413
compact51__current_roles,2019-03-12 22:00:00,14.6549276929,37.7952955274,0,0,0,12,12,1421,70
compact51__current_roles,2019-03-12 23:00:00,14.8018808153,71.9505453234,0,0,0,12,12,1516,5124
compact51__current_roles,2019-03-13 00:00:00,16.124507206,104.83871427,1,0,0,12,12,2463,6366
compact51__current_roles,2019-03-13 01:00:00,17.03152408,971.62247733,1,0,0,12,12,3170,8486
compact51__current_roles,2019-03-13 02:00:00,18.4082706825,966.349934972,1,0,0,12,12,4295,8484
compact51__current_roles,2019-03-13 03:00:00,18.9190687529,153.860313034,0,0,0,12,12,4664,7129
compact51__current_roles,2019-03-13 04:00:00,29.6952654054,186.122937852,0,0,0,12,12,8310,7397
compact51__current_roles,2019-03-13 05:00:00,28.4203092405,261.544544043,0,0,0,12,12,8134,7818
compact51__current_roles,2019-03-13 06:00:00,21.2031097268,104.09805415,1,0,0,12,12,6036,6350
compact51__current_roles,2019-03-13 07:00:00,17.4511063329,41.9843084008,0,0,0,12,12,3521,237
compact51__current_roles,2019-03-13 08:00:00,13.9201463038,43.2931410678,0,0,0,12,12,960,335
compact51__current_roles,2019-03-13 09:00:00,13.8595839198,41.7779974383,0,0,0,12,12,938,225
compact51__current_roles,2019-03-13 10:00:00,13.0055276342,49.70672349,0,0,0,12,12,566,1290
compact51__current_roles,2019-03-13 11:00:00,13.3056467472,53.1197074347,0,0,0,12,12,695,1991
compact51__current_roles,2019-03-13 12:00:00,15.0874560948,58.5467950007,0,0,0,12,12,1709,3285
compact51__current_roles,2019-03-13 13:00:00,16.0192765775,62.0942938307,0,0,0,12,12,2396,4004
compact51__current_roles,2019-03-13 14:00:00,14.8708108888,59.8397722399,0,0,0,12,12,1578,3561
compact51__current_roles,2019-03-13 15:00:00,14.084970023,54.3031099622,0,0,0,12,12,1043,2274
compact51__current_roles,2019-03-13 16:00:00,14.7950499522,47.7696266863,0,0,0,12,12,1509,918
compact51__current_roles,2019-03-13 17:00:00,16.7103947823,45.4073946695,0,0,0,12,12,2927,572
compact51__current_roles,2019-03-13 18:00:00,14.4571572918,40.4279297824,0,0,0,12,12,1284,145
compact51__current_roles,2019-03-13 19:00:00,18.714382572,84.8172125076,0,0,0,12,12,4503,5744
compact51__current_roles,2019-03-13 20:00:00,19.8116638161,59.6849683208,0,0,0,12,12,5259,3530
compact51__current_roles,2019-03-13 21:00:00,17.847982235,35.0125939849,0,0,0,12,12,3843,28
compact51__current_roles,2019-03-13 22:00:00,14.9193547223,35.3658186156,0,0,0,12,12,1615,33
compact51__current_roles,2019-03-13 23:00:00,15.1344485551,48.9468977329,0,0,0,12,12,1736,1137
compact51__current_roles,2019-03-14 00:00:00,14.4153092055,49.0190590096,0,0,0,12,12,1257,1153
compact51__current_roles,2019-03-14 01:00:00,13.7317599064,46.0621441965,0,0,0,12,12,882,646
compact51__current_roles,2019-03-14 02:00:00,15.493490801,51.4445018022,0,0,0,12,12,1990,1622
compact51__current_roles,2019-03-14 03:00:00,17.6854128961,51.2254325005,0,0,0,12,12,3710,1567
compact51__current_roles,2019-03-14 04:00:00,23.4603902069,74.9556079314,0,0,0,12,12,7029,5330
compact51__current_roles,2019-03-14 05:00:00,23.232342636,87.3684379928,0,0,0,12,12,6965,5824
compact51__current_roles,2019-03-14 06:00:00,18.1792084981,48.5699159321,0,0,0,12,12,4086,1070
compact51__current_roles,2019-03-14 07:00:00,14.2151813681,45.414859649,0,0,0,12,12,1119,574
compact51__current_roles,2019-03-14 08:00:00,13.2256168349,47.5906811056,0,0,0,12,12,657,890
compact51__current_roles,2019-03-14 09:00:00,12.8220524037,49.2806697518,0,0,0,12,12,512,1196
compact51__current_roles,2019-03-14 10:00:00,12.2521326851,49.5708541041,0,0,0,12,12,327,1261
compact51__current_roles,2019-03-14 11:00:00,11.2604593452,50.6678508621,0,0,0,12,12,114,1451
compact51__current_roles,2019-03-14 12:00:00,13.5234221899,54.7743082516,0,0,0,12,12,782,2396
compact51__current_roles,2019-03-14 13:00:00,12.2011547492,54.1687279531,0,0,0,13,12,309,2232
compact51__current_roles,2019-03-14 14:00:00,14.175173775,52.2390833848,0,0,0,12,12,1091,1783
compact51__current_roles,2019-03-14 15:00:00,14.8099000538,55.0118211147,0,0,0,12,12,1522,2457
compact51__current_roles,2019-03-14 16:00:00,12.0809959584,44.7064553035,0,0,0,12,12,273,488
compact51__current_roles,2019-03-14 17:00:00,10.6651485288,44.4856053423,0,0,0,12,12,49,465
compact51__current_roles,2019-03-14 18:00:00,12.7460265875,38.7258464284,0,0,0,12,12,485,89
compact51__current_roles,2019-03-14 19:00:00,14.7105307559,35.8582537718,0,0,0,12,12,1463,35
compact51__current_roles,2019-03-14 20:00:00,12.3853030269,40.3472597264,0,0,0,13,12,361,138
compact51__current_roles,2019-03-14 21:00:00,13.393144408,37.3048894779,0,0,0,12,12,729,59
compact51__current_roles,2019-03-14 22:00:00,11.9925705947,41.6108548745,0,0,0,12,12,249,216
compact51__current_roles,2019-03-14 23:00:00,14.817086809,42.5372965946,0,0,0,12,12,1530,279
compact51__current_roles,2019-03-15 00:00:00,11.083102686,44.707269987,0,0,0,12,12,90,489
compact51__current_roles,2019-03-15 01:00:00,14.2219324352,46.0420645153,0,0,0,12,12,1125,643
compact51__current_roles,2019-03-15 02:00:00,15.4976105614,46.4496247715,0,0,0,12,12,1995,706
compact51__current_roles,2019-03-15 03:00:00,14.6392819892,46.7827179245,0,0,0,12,12,1406,754
compact51__current_roles,2019-03-15 04:00:00,21.9037983224,52.3904483632,0,0,0,12,12,6358,1817
compact51__current_roles,2019-03-15 05:00:00,23.1998560801,59.3522332281,0,0,0,12,12,6954,3466
compact51__current_roles,2019-03-15 06:00:00,23.4263181752,66.3990295532,0,0,0,12,12,7015,4606
compact51__current_roles,2019-03-15 07:00:00,23.0074656607,60.3089648398,0,0,0,12,12,6887,3648
compact51__current_roles,2019-03-15 08:00:00,19.6988418805,59.3999684038,0,0,0,12,12,5179,3472
compact51__current_roles,2019-03-15 09:00:00,16.4170450628,71.8198166868,0,0,0,12,12,2684,5113
compact51__current_roles,2019-03-15 10:00:00,12.4931693083,59.2395776592,0,0,0,12,12,401,3438
compact51__current_roles,2019-03-15 11:00:00,12.4540364245,60.465837152,0,0,0,12,12,389,3677
compact51__current_roles,2019-03-15 12:00:00,12.9715606309,80.8942458787,0,0,0,12,12,560,5598
compact51__current_roles,2019-03-15 13:00:00,16.8567162623,60.6018112854,0,0,0,11,11,3028,3712
compact51__current_roles,2019-03-15 14:00:00,18.6423428766,63.0220199589,0,0,0,12,12,4460,4159
compact51__current_roles,2019-03-15 15:00:00,17.794630959,59.0169712568,0,0,0,12,12,3796,3387
compact51__current_roles,2019-03-15 16:00:00,19.4094996305,64.9303774584,0,0,0,12,12,4982,4436
compact51__current_roles,2019-03-15 17:00:00,18.9126825041,60.6478914384,0,0,0,12,12,4657,3724
compact51__current_roles,2019-03-15 18:00:00,18.3461591081,57.978174335,0,0,0,12,12,4229,3172
compact51__current_roles,2019-03-15 19:00:00,18.252145216,59.9505073603,0,0,0,12,12,4155,3583
compact51__current_roles,2019-03-15 20:00:00,18.3227015099,55.2089874158,0,0,0,12,12,4209,2509
compact51__current_roles,2019-03-15 21:00:00,16.1840900691,58.0734322827,0,0,0,12,12,2516,3189
compact51__current_roles,2019-03-15 22:00:00,14.5391053821,56.9385773052,0,0,0,12,12,1324,2914
compact51__current_roles,2019-03-15 23:00:00,16.4772370387,61.399244929,0,0,0,12,12,2738,3879
compact51__current_roles,2019-03-16 00:00:00,17.5626569745,63.9191178779,0,0,0,12,12,3619,4284
compact51__current_roles,2019-03-16 01:00:00,21.4935332631,66.0986219607,0,0,0,12,12,6178,4575
compact51__current_roles,2019-03-16 02:00:00,19.9807792032,62.0542315954,0,0,0,12,12,5361,4000
compact51__current_roles,2019-03-16 03:00:00,16.8859973946,57.4134488169,0,0,0,12,12,3060,3045
compact51__current_roles,2019-03-16 04:00:00,19.7372833896,65.3543215447,0,0,0,12,12,5205,4490
compact51__current_roles,2019-03-16 05:00:00,22.5320294698,70.2143484357,0,0,0,12,12,6664,4979
compact51__current_roles,2019-03-16 06:00:00,22.4998150856,68.9110509921,0,0,0,12,12,6651,4847
compact51__current_roles,2019-03-16 07:00:00,22.3876543877,61.4583526155,0,0,0,14,13,6591,3888
compact51__current_roles,2019-03-16 08:00:00,18.3752371492,56.9859398642,0,0,0,12,12,4259,2926
compact51__current_roles,2019-03-16 09:00:00,20.3955812946,63.9000284212,0,0,0,12,12,5622,4282
compact51__current_roles,2019-03-16 10:00:00,17.4470619877,62.103600049,0,0,0,12,12,3517,4006
compact51__current_roles,2019-03-16 11:00:00,20.5171719016,63.1378145262,0,0,0,12,12,5683,4182
compact51__current_roles,2019-03-16 12:00:00,19.415158943,62.8618971481,0,0,0,12,12,4987,4136
compact51__current_roles,2019-03-16 13:00:00,17.0147774155,72.6004150397,0,0,0,12,12,3156,5181
compact51__current_roles,2019-03-16 14:00:00,17.800721482,73.3178806558,0,0,0,12,12,3802,5229
compact51__current_roles,2019-03-16 15:00:00,18.8192301186,75.7558507658,0,0,0,12,12,4589,5379
compact51__current_roles,2019-03-16 16:00:00,19.1874457317,74.8262825867,0,0,0,12,12,4846,5323
compact51__current_roles,2019-03-16 17:00:00,17.6237438495,72.6891650934,0,0,0,12,12,3661,5186
compact51__current_roles,2019-03-16 18:00:00,15.532823666,70.3615612646,0,0,0,12,12,2024,4993
compact51__current_roles,2019-03-16 19:00:00,13.1065076181,63.4058054236,0,0,0,12,12,606,4218
compact51__current_roles,2019-03-16 20:00:00,13.4899570424,69.3563897717,0,0,0,12,12,770,4892
compact51__current_roles,2019-03-16 21:00:00,17.2251716616,72.1387424783,0,0,0,12,12,3320,5140
compact51__current_roles,2019-03-16 22:00:00,17.089329504,68.6440273107,0,0,0,12,12,3217,4824
compact51__current_roles,2019-03-16 23:00:00,14.8579027372,67.665513752,0,0,0,12,12,1566,4736
compact51__current_roles,2019-03-17 00:00:00,11.8081666447,61.181024824,0,0,0,12,12,209,3837
compact51__current_roles,2019-03-17 01:00:00,13.9623446709,56.3734241204,0,0,0,12,12,980,2789
compact51__current_roles,2019-03-17 02:00:00,14.3652228328,55.5863868577,0,0,0,12,12,1217,2599
compact51__current_roles,2019-03-17 03:00:00,14.8460428324,54.865306014,0,0,0,12,12,1553,2422
compact51__current_roles,2019-03-17 04:00:00,15.74044472,61.606457497,0,0,0,12,12,2181,3916
compact51__current_roles,2019-03-17 05:00:00,18.6360897799,64.0685825993,0,0,0,12,12,4455,4303
compact51__current_roles,2019-03-17 06:00:00,19.5693509481,60.3964833949,0,0,0,12,12,5102,3664
compact51__current_roles,2019-03-17 07:00:00,16.2940171387,57.4291809899,0,0,0,12,12,2588,3048
compact51__current_roles,2019-03-17 08:00:00,11.567662454,59.0578625477,0,0,0,12,12,154,3396
compact51__current_roles,2019-03-17 09:00:00,14.2006604583,63.2224845109,0,0,0,12,12,1112,4194
compact51__current_roles,2019-03-17 10:00:00,16.2555896776,78.8655440047,0,0,0,12,12,2562,5508
compact51__current_roles,2019-03-17 11:00:00,17.5985962059,97.2817055231,0,0,0,12,12,3646,6156
compact51__current_roles,2019-03-17 12:00:00,17.1620591417,69.9869143104,0,0,0,12,12,3270,4955
compact51__current_roles,2019-03-17 13:00:00,18.5260876809,70.3963378189,0,0,0,12,12,4378,4997
compact51__current_roles,2019-03-17 14:00:00,18.3251336262,68.2363638769,0,0,0,12,12,4212,4791
compact51__current_roles,2019-03-17 15:00:00,19.1495635606,67.0961977663,0,0,0,12,12,4815,4678
compact51__current_roles,2019-03-17 16:00:00,21.6053813454,78.0020901343,0,0,0,12,12,6227,5477
compact51__current_roles,2019-03-17 17:00:00,19.1646953591,68.5557843898,0,0,0,12,12,4830,4819
compact51__current_roles,2019-03-17 18:00:00,16.3058307805,62.6378120304,0,0,0,12,12,2594,4092
compact51__current_roles,2019-03-17 19:00:00,16.7784157635,57.8206332697,0,0,0,12,12,2975,3143
compact51__current_roles,2019-03-17 20:00:00,16.1574233067,63.4896557474,0,0,0,12,12,2495,4230
compact51__current_roles,2019-03-17 21:00:00,17.5544242593,63.0195510733,0,0,0,12,12,3613,4157
compact51__current_roles,2019-03-17 22:00:00,14.9326616879,70.2509345569,0,0,0,12,12,1624,4984
compact51__current_roles,2019-03-17 23:00:00,17.4749532312,72.4930036809,0,0,0,12,12,3543,5172
compact51__current_roles,2019-03-18 00:00:00,15.6594377116,61.0203293684,0,0,0,13,13,2114,3801
compact51__current_roles,2019-03-18 01:00:00,15.1380427534,67.7910584333,0,0,0,12,12,1743,4749
compact51__current_roles,2019-03-18 02:00:00,17.4603390876,78.8388990594,0,0,0,12,12,3530,5505
compact51__current_roles,2019-03-18 03:00:00,22.6003931087,79.5629746608,0,0,0,12,12,6690,5539
compact51__current_roles,2019-03-18 04:00:00,28.2740564141,76.8795918339,0,0,0,12,12,8114,5426
compact51__current_roles,2019-03-18 05:00:00,31.5861990259,80.935798308,0,0,0,12,12,8465,5599
compact51__current_roles,2019-03-18 06:00:00,19.8373805965,54.4002506581,0,0,0,12,12,5277,2299
compact51__current_roles,2019-03-18 07:00:00,14.7226697273,58.0143136852,0,0,0,12,12,1473,3178
compact51__current_roles,2019-03-18 08:00:00,14.7131197528,53.8183279312,0,0,0,12,12,1467,2156
compact51__current_roles,2019-03-18 09:00:00,16.5629125995,54.7396868016,0,0,0,12,12,2804,2382
compact51__current_roles,2019-03-18 10:00:00,15.1473778229,61.6814663244,0,0,0,12,12,1750,3935
compact51__current_roles,2019-03-18 11:00:00,14.615020941,70.5565412482,0,0,0,12,12,1382,5010
compact51__current_roles,2019-03-18 12:00:00,14.1807076751,72.1864670397,0,0,0,14,14,1097,5149
compact51__current_roles,2019-03-18 13:00:00,14.068009973,65.155537244,0,0,0,10,10,1034,4460
compact51__current_roles,2019-03-18 14:00:00,14.4345331597,70.9960030119,0,0,0,12,12,1268,5046
compact51__current_roles,2019-03-18 15:00:00,13.5536284318,67.5940261021,0,0,0,12,12,790,4730
compact51__current_roles,2019-03-18 16:00:00,15.2094800871,64.9149595041,0,0,0,12,12,1787,4431
compact51__current_roles,2019-03-18 17:00:00,15.8418067595,60.0925573033,0,0,0,12,12,2263,3611
compact51__current_roles,2019-03-18 18:00:00,14.1605856722,57.3528229675,0,0,0,12,12,1083,3025
compact51__current_roles,2019-03-18 19:00:00,13.6852714415,56.9910443204,0,0,0,12,12,862,2929
compact51__current_roles,2019-03-18 20:00:00,13.1060412915,59.2818936985,0,0,0,12,12,605,3452
compact51__current_roles,2019-03-18 21:00:00,14.6071133641,53.4372797189,0,0,0,12,12,1374,2063
compact51__current_roles,2019-03-18 22:00:00,16.3365135369,48.0171223642,0,0,0,12,12,2609,963
compact51__current_roles,2019-03-18 23:00:00,13.4383997014,54.184901028,0,0,0,12,12,745,2240
compact51__current_roles,2019-03-19 00:00:00,14.4468249314,58.0920907113,0,0,0,12,12,1274,3195
compact51__current_roles,2019-03-19 01:00:00,15.2906246933,57.3037151814,0,0,0,12,12,1855,3014
compact51__current_roles,2019-03-19 02:00:00,15.0584909964,59.4515264263,0,0,0,12,12,1687,3483
compact51__current_roles,2019-03-19 03:00:00,18.015905101,61.4760710141,0,0,0,12,12,3978,3890
compact51__current_roles,2019-03-19 04:00:00,26.2945295033,66.2220481059,0,0,0,12,12,7788,4590
compact51__current_roles,2019-03-19 05:00:00,25.4515310903,64.6840220282,0,0,0,12,12,7591,4403
compact51__current_roles,2019-03-19 06:00:00,18.9655383052,49.4612480169,0,0,0,12,12,4697,1238
compact51__current_roles,2019-03-19 07:00:00,25.7027536808,63.1665049964,0,0,0,12,12,7660,4186
compact51__current_roles,2019-03-19 08:00:00,22.7046788555,66.184630023,0,0,0,12,12,6744,4585
compact51__current_roles,2019-03-19 09:00:00,17.4088118521,50.2275283279,0,0,0,12,12,3483,1374
compact51__current_roles,2019-03-19 10:00:00,15.4181516629,64.0971925072,0,0,0,12,12,1949,4311
compact51__current_roles,2019-03-19 11:00:00,16.4876994394,64.5935998655,0,0,0,12,12,2745,4390
compact51__current_roles,2019-03-19 12:00:00,14.420039968,69.8572920856,0,0,0,12,12,1258,4944
compact51__current_roles,2019-03-19 13:00:00,15.8458264012,70.2283227075,0,0,0,12,12,2267,4982
compact51__current_roles,2019-03-19 14:00:00,14.7994551676,67.2820366951,0,0,0,12,12,1514,4701
compact51__current_roles,2019-03-19 15:00:00,17.0719555158,64.8578902115,0,0,0,12,12,3199,4425
compact51__current_roles,2019-03-19 16:00:00,17.0743936022,65.4333461598,0,0,0,12,12,3202,4501
compact51__current_roles,2019-03-19 17:00:00,14.2507584878,58.4463015931,0,0,0,12,12,1150,3264
compact51__current_roles,2019-03-19 18:00:00,15.1302242855,61.4281511953,0,0,0,12,12,1731,3881
compact51__current_roles,2019-03-19 19:00:00,15.2574846859,64.8462723727,0,0,0,12,12,1825,4422
compact51__current_roles,2019-03-19 20:00:00,15.8248825319,59.01525801,0,0,0,12,12,2254,3386
compact51__current_roles,2019-03-19 21:00:00,18.2938974819,49.5378937357,0,0,0,12,12,4187,1253
compact51__current_roles,2019-03-19 22:00:00,17.5124404691,55.0289014229,0,0,0,12,12,3570,2464
compact51__current_roles,2019-03-19 23:00:00,15.0708211253,57.5911039378,0,0,0,12,12,1700,3083
compact51__current_roles,2019-03-20 00:00:00,13.708183924,55.9832073597,0,0,0,12,12,871,2686
compact51__current_roles,2019-03-20 01:00:00,11.8271123099,56.2190361996,0,0,0,12,12,214,2753
compact51__current_roles,2019-03-20 02:00:00,12.7844735235,53.1354581047,0,0,0,12,12,500,1995
compact51__current_roles,2019-03-20 03:00:00,17.7152748132,57.7062107485,0,0,0,12,12,3738,3113
compact51__current_roles,2019-03-20 04:00:00,18.2333149389,63.0831144331,0,0,0,12,12,4140,4171
compact51__current_roles,2019-03-20 05:00:00,20.3560291837,59.7017185244,0,0,0,12,12,5601,3533
compact51__current_roles,2019-03-20 06:00:00,15.3411644539,51.5043617033,0,0,0,12,12,1887,1637
compact51__current_roles,2019-03-20 07:00:00,12.1705538795,48.0004241424,0,0,0,12,12,298,960
compact51__current_roles,2019-03-20 08:00:00,15.6171723008,51.5612817164,0,0,0,13,12,2084,1652
compact51__current_roles,2019-03-20 09:00:00,16.3497701646,51.9636556995,0,0,0,12,12,2623,1732
compact51__current_roles,2019-03-20 10:00:00,15.249625438,60.7974480922,0,0,0,12,12,1821,3751
compact51__current_roles,2019-03-20 11:00:00,14.8893482461,63.1536416638,0,0,0,12,12,1596,4183
compact51__current_roles,2019-03-20 12:00:00,13.7824751684,65.0691760597,0,0,0,12,12,901,4453
compact51__current_roles,2019-03-20 13:00:00,13.9317966011,68.8988395728,0,0,0,14,14,969,4844
compact51__current_roles,2019-03-20 14:00:00,15.5127105362,56.7265865318,0,0,0,12,12,2010,2870
compact51__current_roles,2019-03-20 15:00:00,14.6598941533,69.456507236,0,0,0,12,12,1424,4900
compact51__current_roles,2019-03-20 16:00:00,15.7591723511,64.673760697,0,0,0,12,12,2193,4400
compact51__current_roles,2019-03-20 17:00:00,15.6240153885,56.7592756345,0,0,0,12,12,2088,2880
compact51__current_roles,2019-03-20 18:00:00,15.8157214026,60.6954076537,0,0,0,12,12,2243,3730
compact51__current_roles,2019-03-20 19:00:00,13.4815783648,61.1821649022,0,0,0,12,12,765,3839
compact51__current_roles,2019-03-20 20:00:00,13.6452373043,56.2351405367,0,0,0,12,12,840,2756
compact51__current_roles,2019-03-20 21:00:00,14.8118893963,56.7427103425,0,0,0,12,12,1524,2875
compact51__current_roles,2019-03-20 22:00:00,14.3825080455,52.7926105261,0,0,0,12,12,1234,1905
compact51__current_roles,2019-03-20 23:00:00,16.4203768022,62.9885950506,0,0,0,12,12,2687,4152
compact51__current_roles,2019-03-21 00:00:00,14.2395498975,63.2993396899,0,0,0,12,12,1140,4206
compact51__current_roles,2019-03-21 01:00:00,13.6657372556,58.3694153978,0,0,0,12,12,853,3246
compact51__current_roles,2019-03-21 02:00:00,14.0643699398,57.6073899987,0,0,0,12,12,1031,3087
compact51__current_roles,2019-03-21 03:00:00,15.4112067845,59.6796197693,0,0,0,12,12,1939,3528
compact51__current_roles,2019-03-21 04:00:00,22.6671809659,62.4616964368,0,0,0,12,12,6726,4064
compact51__current_roles,2019-03-21 05:00:00,22.4865357546,71.0051679373,0,0,0,12,12,6641,5047
compact51__current_roles,2019-03-21 06:00:00,19.0372972034,62.8099490122,0,0,0,12,12,4748,4127
compact51__current_roles,2019-03-21 07:00:00,15.7555154074,64.525630077,0,0,0,12,12,2191,4378
compact51__current_roles,2019-03-21 08:00:00,13.3910586367,64.1640013044,0,0,0,12,12,727,4324
compact51__current_roles,2019-03-21 09:00:00,12.6390898134,60.6372198909,0,0,0,12,12,451,3722
compact51__current_roles,2019-03-21 10:00:00,12.6169866767,56.4071258134,0,0,0,12,12,445,2798
compact51__current_roles,2019-03-21 11:00:00,13.399140562,58.861631512,0,0,0,12,12,732,3363
compact51__current_roles,2019-03-21 12:00:00,14.1625870736,60.255756862,0,0,0,12,12,1086,3639
compact51__current_roles,2019-03-21 13:00:00,14.3077550008,66.2170397428,0,0,0,12,12,1184,4589
compact51__current_roles,2019-03-21 14:00:00,12.1497940748,61.707092392,0,0,0,12,12,293,3941
compact51__current_roles,2019-03-21 15:00:00,11.2604318124,57.7374066237,0,0,0,12,12,113,3120
compact51__current_roles,2019-03-21 16:00:00,10.7001144632,58.4138693617,0,0,0,12,12,50,3256
compact51__current_roles,2019-03-21 17:00:00,10.9141525787,56.3295295408,0,0,0,12,12,68,2780
compact51__current_roles,2019-03-21 18:00:00,11.5662348548,51.0666499095,0,0,0,12,12,153,1533
compact51__current_roles,2019-03-21 19:00:00,12.5808904226,55.3800577047,0,0,0,12,12,437,2550
compact51__current_roles,2019-03-21 20:00:00,14.0140620988,58.4799255471,0,0,0,12,12,1008,3275
compact51__current_roles,2019-03-21 21:00:00,14.5503617284,54.5106659254,0,0,0,12,12,1335,2326
compact51__current_roles,2019-03-21 22:00:00,13.3560869583,56.4404079417,0,0,0,12,12,715,2803
compact51__current_roles,2019-03-21 23:00:00,12.9177405917,53.1958904436,0,0,0,12,12,541,2004
compact51__current_roles,2019-03-22 00:00:00,12.7682517504,62.6989344261,0,0,0,14,13,494,4103
compact51__current_roles,2019-03-22 01:00:00,15.2382496316,67.0861915884,0,0,0,11,11,1806,4677
compact51__current_roles,2019-03-22 02:00:00,17.0056258914,67.8033750636,0,0,0,12,12,3148,4751
compact51__current_roles,2019-03-22 03:00:00,16.2219589502,69.9000224669,0,0,0,12,12,2538,4947
compact51__current_roles,2019-03-22 04:00:00,20.5393536811,73.7600796918,0,0,0,12,12,5693,5268
compact51__current_roles,2019-03-22 05:00:00,20.5961319645,74.4158176743,0,0,0,12,12,5724,5303
compact51__current_roles,2019-03-22 06:00:00,18.4468499993,72.9092143832,0,0,0,12,12,4329,5198
compact51__current_roles,2019-03-22 07:00:00,12.9110471024,65.7367977764,0,0,0,12,12,539,4535
compact51__current_roles,2019-03-22 08:00:00,13.0125428497,62.134608494,0,0,0,12,12,570,4010
compact51__current_roles,2019-03-22 09:00:00,14.4637479301,68.9151574064,0,0,0,12,12,1288,4848
compact51__current_roles,2019-03-22 10:00:00,14.0225423462,64.4706950703,0,0,0,12,12,1013,4367
compact51__current_roles,2019-03-22 11:00:00,14.2992185642,64.5379056965,0,0,0,12,12,1177,4380
compact51__current_roles,2019-03-22 12:00:00,13.452981239,62.8688253529,0,0,0,12,12,754,4137
compact51__current_roles,2019-03-22 13:00:00,14.8111761765,70.9231724864,0,0,0,12,12,1523,5042
compact51__current_roles,2019-03-22 14:00:00,15.521029595,71.1582243721,0,0,0,12,12,2017,5062
compact51__current_roles,2019-03-22 15:00:00,15.7520623258,79.7166437382,0,0,0,12,12,2190,5546
compact51__current_roles,2019-03-22 16:00:00,16.6878882927,80.1871108487,0,0,0,12,12,2913,5561
compact51__current_roles,2019-03-22 17:00:00,15.9236190386,71.1062361733,0,0,0,12,12,2331,5056
compact51__current_roles,2019-03-22 18:00:00,15.9960975003,71.9027002987,0,0,0,12,12,2376,5120
compact51__current_roles,2019-03-22 19:00:00,14.6167861821,71.2395296608,0,0,0,12,12,1384,5067
compact51__current_roles,2019-03-22 20:00:00,14.6158960998,69.3467543422,0,0,0,12,12,1383,4891
compact51__current_roles,2019-03-22 21:00:00,16.0113750464,66.3095776341,0,0,0,12,12,2389,4598
compact51__current_roles,2019-03-22 22:00:00,16.3068500115,58.5632447327,0,0,0,12,12,2595,3293
compact51__current_roles,2019-03-22 23:00:00,16.1517288419,64.4915700873,0,0,0,12,12,2491,4370
compact51__current_roles,2019-03-23 00:00:00,15.2139034499,66.0493889157,0,0,0,12,12,1790,4568
compact51__current_roles,2019-03-23 01:00:00,14.1572438532,60.7118412363,0,0,0,12,12,1082,3736
compact51__current_roles,2019-03-23 02:00:00,14.6711971567,61.7813368439,0,0,0,12,12,1433,3955
compact51__current_roles,2019-03-23 03:00:00,14.2701193585,63.4824727989,0,0,0,12,12,1160,4229
compact51__current_roles,2019-03-23 04:00:00,15.1413962872,61.9506610521,0,0,0,12,12,1745,3982
compact51__current_roles,2019-03-23 05:00:00,17.0553624294,61.353950665,0,0,0,12,12,3187,3870
compact51__current_roles,2019-03-23 06:00:00,14.8797732561,64.1498626068,0,0,0,12,12,1590,4320
compact51__current_roles,2019-03-23 07:00:00,12.089715181,57.1853575727,0,0,0,12,12,276,2986
compact51__current_roles,2019-03-23 08:00:00,16.6175838587,99.0176456641,0,0,0,12,12,2853,6196
compact51__current_roles,2019-03-23 09:00:00,16.6485929835,95.2782511541,0,0,0,12,12,2882,6083
compact51__current_roles,2019-03-23 10:00:00,18.0791733489,96.4372184755,0,0,0,12,12,4024,6135
compact51__current_roles,2019-03-23 11:00:00,19.8652738247,107.38707155,0,0,0,12,12,5290,6412
compact51__current_roles,2019-03-23 12:00:00,21.9153520617,116.769292771,0,0,0,12,12,6366,6590
compact51__current_roles,2019-03-23 13:00:00,21.1356022974,118.744697063,0,0,0,12,12,5999,6627
compact51__current_roles,2019-03-23 14:00:00,20.745564834,120.763864996,0,0,0,12,12,5801,6674
compact51__current_roles,2019-03-23 15:00:00,20.810920768,124.14699931,0,0,0,12,12,5847,6746
compact51__current_roles,2019-03-23 16:00:00,23.6053624448,128.108995693,0,0,0,12,12,7073,6811
compact51__current_roles,2019-03-23 17:00:00,22.0906570446,120.887338927,0,0,0,12,12,6454,6677
compact51__current_roles,2019-03-23 18:00:00,20.3085054677,108.059092273,0,0,0,12,12,5565,6426
compact51__current_roles,2019-03-23 19:00:00,16.9070874934,102.12598544,0,0,0,12,12,3078,6298
compact51__current_roles,2019-03-23 20:00:00,19.1986090813,99.8323629996,0,0,0,12,12,4852,6225
compact51__current_roles,2019-03-23 21:00:00,22.6314161484,105.960454173,0,0,0,12,12,6703,6386
compact51__current_roles,2019-03-23 22:00:00,15.7745824174,57.9435227571,0,0,0,12,12,2212,3168
compact51__current_roles,2019-03-23 23:00:00,17.3037100619,68.3645707517,0,0,0,12,12,3403,4799
compact51__current_roles,2019-03-24 00:00:00,16.7220906637,63.5605328948,0,0,0,12,12,2934,4240
compact51__current_roles,2019-03-24 01:00:00,19.0832020535,65.3282910683,0,0,0,12,12,4775,4487
compact51__current_roles,2019-03-24 02:00:00,19.4528787091,60.9839746169,0,0,0,12,12,5016,3795
compact51__current_roles,2019-03-24 03:00:00,19.2555252104,62.4964980786,0,0,0,12,12,4888,4068
compact51__current_roles,2019-03-24 04:00:00,19.9283198657,61.5908033043,0,0,0,12,12,5329,3911
compact51__current_roles,2019-03-24 05:00:00,17.9072995539,52.4165150383,0,0,0,12,12,3889,1825
compact51__current_roles,2019-03-24 06:00:00,15.2876081077,56.0090037764,0,0,0,12,12,1850,2693
compact51__current_roles,2019-03-24 07:00:00,14.6188252571,54.8783974774,0,0,0,12,12,1386,2428
compact51__current_roles,2019-03-24 08:00:00,14.8935693006,54.5668882702,0,0,0,12,12,1601,2343
compact51__current_roles,2019-03-24 09:00:00,19.1818974186,65.5019415576,0,0,0,12,12,4842,4508
compact51__current_roles,2019-03-24 10:00:00,22.5711942249,84.9715775917,0,0,0,12,12,6680,5747
compact51__current_roles,2019-03-24 11:00:00,23.8185559255,126.933257235,0,0,0,12,12,7150,6795
compact51__current_roles,2019-03-24 12:00:00,25.4567096494,167.846751961,0,0,0,12,12,7594,7262
compact51__current_roles,2019-03-24 13:00:00,27.4555531915,326.801399615,0,0,0,12,12,7996,8004
compact51__current_roles,2019-03-24 14:00:00,24.2190843211,196.197148969,0,0,0,13,13,7271,7473
compact51__current_roles,2019-03-24 15:00:00,23.0442956044,124.846186287,0,0,0,10,10,6902,6754
compact51__current_roles,2019-03-24 16:00:00,20.4005845726,82.5054232109,0,0,0,12,12,5626,5649
compact51__current_roles,2019-03-24 17:00:00,19.4887638326,76.8514786021,0,0,0,12,12,5042,5424
compact51__current_roles,2019-03-24 18:00:00,16.9973144094,67.029252343,0,0,0,12,12,3141,4671
compact51__current_roles,2019-03-24 19:00:00,18.7623777436,70.6379483806,0,0,0,12,12,4539,5021
compact51__current_roles,2019-03-24 20:00:00,15.2404769092,57.6618027116,0,0,0,12,12,1810,3099
compact51__current_roles,2019-03-24 21:00:00,18.5674610988,69.3228949882,0,0,0,12,12,4413,4889
compact51__current_roles,2019-03-24 22:00:00,18.9212023294,77.705141684,0,0,0,12,12,4667,5462
compact51__current_roles,2019-03-24 23:00:00,21.1365521967,79.9242684358,0,0,0,12,12,6000,5554
compact51__current_roles,2019-03-25 00:00:00,21.1252773886,76.5922118208,0,0,0,12,12,5995,5414
compact51__current_roles,2019-03-25 01:00:00,19.4982628491,74.2367737911,0,0,0,12,12,5052,5297
compact51__current_roles,2019-03-25 02:00:00,23.4602920349,85.1981776276,0,0,0,12,12,7028,5758
compact51__current_roles,2019-03-25 03:00:00,26.1608391266,89.916100269,0,0,0,12,12,7751,5909
compact51__current_roles,2019-03-25 04:00:00,30.7158435615,150.24252996,0,0,0,12,12,8411,7088
compact51__current_roles,2019-03-25 05:00:00,26.614918904,151.34233863,0,0,0,12,12,7858,7100
compact51__current_roles,2019-03-25 06:00:00,23.4915226281,93.2475392922,0,0,0,12,12,7039,6018
compact51__current_roles,2019-03-25 07:00:00,19.4134411803,141.179327969,0,0,0,12,12,4986,6981
compact51__current_roles,2019-03-25 08:00:00,19.4725074384,71.1410797804,0,0,0,12,12,5031,5060
compact51__current_roles,2019-03-25 09:00:00,18.9988024522,100.685249348,1,0,0,12,12,4719,6253
compact51__current_roles,2019-03-25 10:00:00,20.4395905298,76.4233123829,0,0,0,12,12,5649,5405
compact51__current_roles,2019-03-25 11:00:00,21.826951576,202.143176674,0,0,0,12,12,6317,7519
compact51__current_roles,2019-03-25 12:00:00,19.2810353421,67.4073810626,0,0,0,12,12,4901,4713
compact51__current_roles,2019-03-25 13:00:00,22.0582433762,76.1067921377,0,0,0,12,12,6437,5394
compact51__current_roles,2019-03-25 14:00:00,20.0070068399,69.268432808,0,0,0,12,12,5378,4883
compact51__current_roles,2019-03-25 15:00:00,19.7710405232,67.9531538095,0,0,0,12,12,5232,4765
compact51__current_roles,2019-03-25 16:00:00,20.7767704566,74.5837712207,0,0,0,12,12,5823,5312
compact51__current_roles,2019-03-25 17:00:00,20.0495344727,68.4146531651,0,0,0,12,12,5405,4804
compact51__current_roles,2019-03-25 18:00:00,18.4523918767,67.4155423191,0,0,0,12,12,4335,4714
compact51__current_roles,2019-03-25 19:00:00,15.4625065267,61.7241103031,0,0,0,12,12,1973,3943
compact51__current_roles,2019-03-25 20:00:00,18.7995070112,60.0926081243,0,0,0,12,12,4566,3612
compact51__current_roles,2019-03-25 21:00:00,17.3316162313,61.6239819079,0,0,0,12,12,3422,3921
compact51__current_roles,2019-03-25 22:00:00,20.0405765308,248.000413986,0,0,0,12,12,5398,7763
compact51__current_roles,2019-03-25 23:00:00,19.6864381192,589.639196193,0,0,0,12,12,5172,8331
compact51__current_roles,2019-03-26 00:00:00,17.6394647282,340.190879841,1,0,0,12,12,3673,8034
compact51__current_roles,2019-03-26 01:00:00,18.5817570667,59.1946049737,0,0,0,12,12,4420,3427
compact51__current_roles,2019-03-26 02:00:00,18.8091493187,63.5930713606,0,0,0,12,12,4575,4244
compact51__current_roles,2019-03-26 03:00:00,18.6340900356,67.1708440001,0,0,0,12,12,4452,4690
compact51__current_roles,2019-03-26 04:00:00,25.0674934114,71.9856964124,0,0,0,12,12,7501,5126
compact51__current_roles,2019-03-26 05:00:00,16.5389688826,62.8002910441,0,0,0,12,12,2782,4123
compact51__current_roles,2019-03-26 06:00:00,14.2002918601,61.3568878553,0,0,0,12,12,1110,3872
compact51__current_roles,2019-03-26 07:00:00,16.6668058116,72.1468061471,0,0,0,12,12,2896,5143
compact51__current_roles,2019-03-26 08:00:00,16.8583632141,73.8549532269,0,0,0,12,12,3030,5277
compact51__current_roles,2019-03-26 09:00:00,17.4125376493,69.4204630735,0,0,0,12,12,3485,4896
compact51__current_roles,2019-03-26 10:00:00,19.9910839342,79.4608347212,0,0,0,12,12,5368,5531
compact51__current_roles,2019-03-26 11:00:00,18.3528489231,83.1031134727,0,0,0,12,12,4233,5678
compact51__current_roles,2019-03-26 12:00:00,19.192930368,77.5392451348,0,0,0,12,12,4849,5455
compact51__current_roles,2019-03-26 13:00:00,19.5047602608,77.6039050672,0,0,0,12,12,5059,5457
compact51__current_roles,2019-03-26 14:00:00,17.3017190453,80.7235068717,0,0,0,12,12,3399,5587
compact51__current_roles,2019-03-26 15:00:00,16.7603731956,82.9386422859,0,0,0,12,12,2961,5669
compact51__current_roles,2019-03-26 16:00:00,17.0471585863,85.1749152153,0,0,0,12,12,3182,5757
compact51__current_roles,2019-03-26 17:00:00,16.2247844245,66.4776226446,0,0,0,12,12,2540,4615
compact51__current_roles,2019-03-26 18:00:00,16.2562109671,61.1122447978,0,0,0,12,12,2564,3819
compact51__current_roles,2019-03-26 19:00:00,15.5627219336,66.0669155647,0,0,0,12,12,2039,4570
compact51__current_roles,2019-03-26 20:00:00,17.0885587375,63.1154990314,0,0,0,12,12,3216,4176
compact51__current_roles,2019-03-26 21:00:00,17.3965280772,61.9435208337,0,0,0,12,12,3475,3979
compact51__current_roles,2019-03-26 22:00:00,17.8543331068,62.5004361555,0,0,0,12,12,3848,4069
compact51__current_roles,2019-03-26 23:00:00,17.477854756,60.3850436204,0,0,0,12,12,3545,3661
compact51__current_roles,2019-03-27 00:00:00,17.8093528307,67.9553297366,0,0,0,12,12,3811,4766
compact51__current_roles,2019-03-27 01:00:00,20.5525658038,132.426505253,1,0,0,12,12,5699,6871
compact51__current_roles,2019-03-27 02:00:00,18.3757202741,180.301781728,1,0,0,12,12,4261,7361
compact51__current_roles,2019-03-27 03:00:00,18.2997908699,174.029824718,0,0,0,12,12,4190,7318
compact51__current_roles,2019-03-27 04:00:00,20.5863665676,60.7037616327,0,0,0,12,12,5717,3731
compact51__current_roles,2019-03-27 05:00:00,17.9079431262,64.8848524084,0,0,0,12,12,3891,4427
compact51__current_roles,2019-03-27 06:00:00,22.17304408,75.6725641419,0,0,0,12,12,6493,5373
compact51__current_roles,2019-03-27 07:00:00,23.9983542916,68.1904907765,0,0,0,12,12,7201,4786
compact51__current_roles,2019-03-27 08:00:00,18.4286015539,64.6551137991,0,0,0,12,12,4323,4396
compact51__current_roles,2019-03-27 09:00:00,19.6061155613,64.6948867612,0,0,0,12,12,5127,4404
compact51__current_roles,2019-03-27 10:00:00,17.5153534184,72.5102158524,0,0,0,12,12,3573,5173
compact51__current_roles,2019-03-27 11:00:00,16.7240687867,75.5338418974,0,0,0,12,12,2936,5363
compact51__current_roles,2019-03-27 12:00:00,16.7206794839,74.814945092,0,0,0,12,12,2933,5321
compact51__current_roles,2019-03-27 13:00:00,15.242965648,73.2970042039,0,0,0,12,12,1813,5227
compact51__current_roles,2019-03-27 14:00:00,15.2259733706,60.4315318471,0,0,0,12,12,1800,3670
compact51__current_roles,2019-03-27 15:00:00,13.5784895459,70.8321273518,0,0,0,12,12,802,5036
compact51__current_roles,2019-03-27 16:00:00,14.2771674659,77.2635350209,0,0,0,12,12,1162,5437
compact51__current_roles,2019-03-27 17:00:00,13.9170259488,63.8078623763,0,0,0,12,12,958,4270
compact51__current_roles,2019-03-27 18:00:00,15.0572790449,61.1009948862,0,0,0,12,12,1686,3816
compact51__current_roles,2019-03-27 19:00:00,12.9524074316,69.4423444558,0,0,0,12,12,553,4899
compact51__current_roles,2019-03-27 20:00:00,14.5150057815,63.0988650888,0,0,0,12,12,1311,4175
compact51__current_roles,2019-03-27 21:00:00,16.5974960354,51.4782598799,0,0,0,12,12,2838,1629
compact51__current_roles,2019-03-27 22:00:00,18.5591648418,47.9067559672,0,0,0,12,12,4407,937
compact51__current_roles,2019-03-27 23:00:00,13.8529585523,46.1881979005,0,0,0,12,12,933,661
compact51__current_roles,2019-03-28 00:00:00,11.534260075,51.4779079772,0,0,0,12,12,145,1627
compact51__current_roles,2019-03-28 01:00:00,12.6068330301,53.0414591306,0,0,0,12,12,444,1974
compact51__current_roles,2019-03-28 02:00:00,11.5554116849,45.6489520581,0,0,0,12,12,151,593
compact51__current_roles,2019-03-28 03:00:00,10.7848825355,44.6972111457,0,0,0,12,12,57,485
compact51__current_roles,2019-03-28 04:00:00,16.3412227406,49.8234743822,0,0,0,12,12,2618,1309
compact51__current_roles,2019-03-28 05:00:00,9.92488619003,39.0237747364,0,0,0,12,12,18,96
compact51__current_roles,2019-03-28 06:00:00,11.7048866671,59.0299784829,0,0,0,12,12,186,3388
compact51__current_roles,2019-03-28 07:00:00,12.299581709,59.9189135839,0,0,0,12,12,342,3577
compact51__current_roles,2019-03-28 08:00:00,11.4778844762,54.788559012,0,0,0,12,12,138,2402
compact51__current_roles,2019-03-28 09:00:00,13.3027806422,57.2513038799,0,0,0,12,12,693,3003
compact51__current_roles,2019-03-28 10:00:00,15.2431557746,60.8930522375,0,0,0,12,12,1814,3773
compact51__current_roles,2019-03-28 11:00:00,16.2076579816,63.466654795,0,0,0,12,12,2529,4226
compact51__current_roles,2019-03-28 12:00:00,15.5849478003,66.698716141,0,0,0,12,12,2060,4635
compact51__current_roles,2019-03-28 13:00:00,14.7122754033,69.8437578465,0,0,0,12,12,1465,4943
compact51__current_roles,2019-03-28 14:00:00,15.3265893186,72.2629091712,0,0,0,12,12,1876,5155
compact51__current_roles,2019-03-28 15:00:00,13.829402295,71.0313982882,0,0,0,12,12,922,5049
compact51__current_roles,2019-03-28 16:00:00,12.5106959452,63.5759420495,0,0,0,12,12,408,4242
compact51__current_roles,2019-03-28 17:00:00,12.0541561444,57.8464513287,0,0,0,12,12,265,3148
compact51__current_roles,2019-03-28 18:00:00,13.6223598499,50.8573447863,0,0,0,12,12,825,1493
compact51__current_roles,2019-03-28 19:00:00,13.0554599098,51.2932392136,0,0,0,12,12,586,1582
compact51__current_roles,2019-03-28 20:00:00,13.8210813579,55.0205779039,0,0,0,12,12,918,2459
compact51__current_roles,2019-03-28 21:00:00,14.5584214929,54.4473104215,0,0,0,12,12,1340,2313
compact51__current_roles,2019-03-28 22:00:00,20.9846550042,53.0224614186,0,0,0,12,12,5933,1966
compact51__current_roles,2019-03-28 23:00:00,17.3473989366,58.4207508759,0,0,0,12,12,3436,3258
compact51__current_roles,2019-03-29 00:00:00,16.269329919,57.5820390169,0,0,0,12,12,2574,3081
compact51__current_roles,2019-03-29 01:00:00,17.1798233888,59.6559142987,0,0,0,12,12,3288,3518
compact51__current_roles,2019-03-29 02:00:00,18.1163702271,65.5654387643,0,0,0,12,12,4043,4519
compact51__current_roles,2019-03-29 03:00:00,22.2548980313,77.9294280748,0,0,0,12,12,6535,5473
compact51__current_roles,2019-03-29 04:00:00,29.4262345228,93.9716361945,0,0,0,12,12,8280,6041
compact51__current_roles,2019-03-29 05:00:00,27.7432065145,72.2865200559,0,0,0,12,12,8032,5158
compact51__current_roles,2019-03-29 06:00:00,20.3403152409,70.0176572326,0,0,0,12,12,5589,4960
compact51__current_roles,2019-03-29 07:00:00,14.302882397,62.3789502729,0,0,0,12,12,1180,4050
compact51__current_roles,2019-03-29 08:00:00,17.7951275381,56.6031472279,0,0,0,12,12,3797,2837
compact51__current_roles,2019-03-29 09:00:00,17.5439839776,56.2537297928,0,0,0,12,12,3602,2761
compact51__current_roles,2019-03-29 10:00:00,17.7091597171,56.8447898703,0,0,0,12,12,3728,2895
compact51__current_roles,2019-03-29 11:00:00,16.7189341265,58.6963056072,0,0,0,12,12,2931,3323
compact51__current_roles,2019-03-29 12:00:00,16.0635515552,58.1962157018,0,0,0,13,13,2417,3215
compact51__current_roles,2019-03-29 13:00:00,16.1484652269,57.556213617,0,0,0,12,12,2488,3078
compact51__current_roles,2019-03-29 14:00:00,14.9212836976,58.6997894688,0,0,0,13,12,1617,3326
compact51__current_roles,2019-03-29 15:00:00,14.9714346015,57.1842051117,0,0,0,12,12,1641,2985
compact51__current_roles,2019-03-29 16:00:00,14.6937673526,54.4360431967,0,0,0,12,12,1447,2306
compact51__current_roles,2019-03-29 17:00:00,16.1479705617,54.1540583021,0,0,0,12,12,2487,2230
compact51__current_roles,2019-03-29 18:00:00,16.2402004212,54.4616833501,0,0,0,12,12,2553,2316
compact51__current_roles,2019-03-29 19:00:00,16.9610911529,51.8483707507,0,0,0,12,12,3116,1713
compact51__current_roles,2019-03-29 20:00:00,16.0949970791,55.805726239,0,0,0,12,12,2440,2651
compact51__current_roles,2019-03-29 21:00:00,14.6922555844,65.289447143,0,0,0,12,12,1446,4482
compact51__current_roles,2019-03-29 22:00:00,16.6783873188,61.7795335234,0,0,0,12,12,2904,3954
compact51__current_roles,2019-03-29 23:00:00,15.6935362686,51.3452520034,0,0,0,12,12,2134,1598
compact51__current_roles,2019-03-30 00:00:00,14.4282320103,44.7608489704,0,0,0,12,12,1265,497
compact51__current_roles,2019-03-30 01:00:00,17.7331087109,55.3911023219,0,0,0,12,12,3756,2552
compact51__current_roles,2019-03-30 02:00:00,17.3255957823,69.7508114048,0,0,0,12,12,3417,4931
compact51__current_roles,2019-03-30 03:00:00,16.3868878395,63.9631137522,0,0,0,12,12,2653,4289
compact51__current_roles,2019-03-30 04:00:00,15.7669785852,61.5735712107,0,0,0,12,12,2201,3907
compact51__current_roles,2019-03-30 05:00:00,16.4348253232,62.5664334207,0,0,0,12,12,2700,4079
compact51__current_roles,2019-03-30 06:00:00,16.6187994096,59.1473985857,0,0,0,12,12,2855,3416
compact51__current_roles,2019-03-30 07:00:00,22.2144743362,58.2425380756,0,0,0,12,12,6514,3224
compact51__current_roles,2019-03-30 08:00:00,16.5273525839,63.5013687398,0,0,0,12,12,2768,4232
compact51__current_roles,2019-03-30 09:00:00,15.2072175942,57.4415068593,0,0,0,12,12,1781,3053
compact51__current_roles,2019-03-30 10:00:00,16.1715806132,61.0376245453,0,0,0,12,12,2508,3808
compact51__current_roles,2019-03-30 11:00:00,17.6568255432,83.3918456972,0,0,0,12,12,3688,5688
compact51__current_roles,2019-03-30 12:00:00,17.1824598063,85.297046712,0,0,0,12,12,3290,5763
compact51__current_roles,2019-03-30 13:00:00,18.6883750346,124.624531816,0,0,0,12,12,4490,6751
compact51__current_roles,2019-03-30 14:00:00,17.7932229847,98.1473261463,0,0,0,12,12,3795,6173
compact51__current_roles,2019-03-30 15:00:00,16.4284674728,57.1008768704,0,0,0,12,12,2694,2958
compact51__current_roles,2019-03-30 16:00:00,14.0692502425,58.0310381205,0,0,0,12,12,1036,3182
compact51__current_roles,2019-03-30 17:00:00,14.2161036175,52.674370472,0,0,0,12,12,1120,1888
compact51__current_roles,2019-03-30 18:00:00,13.1426254516,52.7844520486,0,0,0,12,12,621,1904
compact51__current_roles,2019-03-30 19:00:00,13.8153946591,47.0689130399,0,0,0,12,12,915,801
compact51__current_roles,2019-03-30 20:00:00,16.0923515982,52.353914048,0,0,0,12,12,2436,1810
compact51__current_roles,2019-03-30 21:00:00,18.9245579803,61.7043629345,0,0,0,12,12,4671,3940
compact51__current_roles,2019-03-30 22:00:00,19.390332234,62.3531674779,0,0,0,12,12,4963,4047
compact51__current_roles,2019-03-30 23:00:00,19.353688686,60.1781242118,0,0,0,12,12,4941,3624
compact51__current_roles,2019-03-31 00:00:00,17.2772568024,58.1475791062,0,0,0,12,12,3370,3207
compact51__current_roles,2019-03-31 01:00:00,18.8984494657,59.3319463277,0,0,0,12,12,4645,3462
compact51__current_roles,2019-03-31 02:00:00,20.1027792988,60.7044390915,0,0,0,12,12,5439,3732
compact51__current_roles,2019-03-31 03:00:00,23.4402554095,59.6305986744,0,0,0,12,12,7021,3512
compact51__current_roles,2019-03-31 04:00:00,21.9184009537,67.2092456198,0,0,0,11,11,6368,4696
compact51__current_roles,2019-03-31 05:00:00,20.5296561027,69.5677422349,0,0,0,12,12,5689,4913
compact51__current_roles,2019-03-31 06:00:00,19.0685103763,66.3904526087,0,0,0,12,12,4768,4604
compact51__current_roles,2019-03-31 07:00:00,22.6374188832,67.4544101143,0,0,0,12,12,6710,4716
compact51__current_roles,2019-03-31 08:00:00,19.7413217635,65.4924470431,0,0,0,12,12,5207,4507
compact51__current_roles,2019-03-31 09:00:00,15.5802491264,62.7178214902,0,0,0,12,12,2055,4108
compact51__current_roles,2019-03-31 10:00:00,17.7070504545,64.6435389798,0,0,0,12,12,3723,4393
compact51__current_roles,2019-03-31 11:00:00,17.9425473617,64.0185319482,0,0,0,12,12,3922,4295
compact51__current_roles,2019-03-31 12:00:00,16.3520856271,59.3207592813,0,0,0,12,12,2624,3458
compact51__current_roles,2019-03-31 13:00:00,17.3193483612,63.9195015009,0,0,0,12,12,3412,4285
compact51__current_roles,2019-03-31 14:00:00,18.0048627417,98.9845858038,0,0,0,13,13,3967,6194
compact51__current_roles,2019-03-31 15:00:00,18.9717341319,132.582332829,0,0,0,12,12,4702,6876
compact51__current_roles,2019-03-31 16:00:00,20.1247257189,107.866672254,0,0,0,12,12,5464,6423
compact51__current_roles,2019-03-31 17:00:00,17.5705238656,70.5872427347,0,0,0,12,12,3626,5012
compact51__current_roles,2019-03-31 18:00:00,18.7605273362,60.9845412694,0,0,0,12,12,4536,3796
compact51__current_roles,2019-03-31 19:00:00,15.6109333903,53.4826552884,0,0,0,12,12,2079,2075
compact51__current_roles,2019-03-31 20:00:00,16.3655085566,54.3751331585,0,0,0,12,12,2635,2291
compact51__current_roles,2019-03-31 21:00:00,20.0944122268,47.8862611727,0,0,0,12,12,5430,935
compact51__current_roles,2019-03-31 22:00:00,17.4644579514,66.3207245293,0,0,0,12,12,3535,4601
compact51__current_roles,2019-03-31 23:00:00,19.2724573439,60.6133745771,0,0,0,12,12,4898,3713
compact51__current_roles,2019-04-01 00:00:00,19.7316808344,66.0945735895,0,0,0,12,12,5203,4574
compact51__current_roles,2019-04-01 01:00:00,19.091594431,66.7998375251,0,0,0,12,12,4780,4642
compact51__current_roles,2019-04-01 02:00:00,20.9792370163,65.7091229948,0,0,0,12,12,5931,4530
compact51__current_roles,2019-04-01 03:00:00,21.4252542939,73.1896923992,0,0,0,12,12,6146,5217
compact51__current_roles,2019-04-01 04:00:00,25.5831951555,75.0004988204,0,0,0,12,12,7623,5332
compact51__current_roles,2019-04-01 05:00:00,29.209650344,76.5652374828,0,0,0,12,12,8247,5411
compact51__current_roles,2019-04-01 06:00:00,22.2648202546,65.0149827405,0,0,0,12,12,6540,4446
compact51__current_roles,2019-04-01 07:00:00,18.8671524232,65.9239385796,0,0,0,12,12,4623,4553
compact51__current_roles,2019-04-01 08:00:00,17.2846078683,62.1677307491,0,0,0,12,12,3378,4016
compact51__current_roles,2019-04-01 09:00:00,16.1204459412,60.7895233199,0,0,0,12,12,2460,3748
compact51__current_roles,2019-04-01 10:00:00,15.7272954576,58.704526009,0,0,0,12,12,2167,3328
compact51__current_roles,2019-04-01 11:00:00,15.7680802148,63.7868080537,0,0,0,12,12,2202,4264
compact51__current_roles,2019-04-01 12:00:00,16.8865306899,66.3822543229,0,0,0,12,12,3061,4603
compact51__current_roles,2019-04-01 13:00:00,15.6728206082,67.3334130963,0,0,0,12,12,2122,4707
compact51__current_roles,2019-04-01 14:00:00,17.6626374252,69.0192274279,0,0,0,12,12,3694,4859
compact51__current_roles,2019-04-01 15:00:00,17.6686654694,76.0837432199,0,0,0,12,12,3695,5391
compact51__current_roles,2019-04-01 16:00:00,19.5246242926,73.7283070753,0,0,0,12,12,5073,5261
compact51__current_roles,2019-04-01 17:00:00,16.6688701786,65.2594077309,0,0,0,12,12,2898,4477
compact51__current_roles,2019-04-01 18:00:00,19.8846520089,68.3353224603,0,0,0,12,12,5305,4795
compact51__current_roles,2019-04-01 19:00:00,19.3418755021,68.7592132445,0,0,0,12,12,4933,4834
compact51__current_roles,2019-04-01 20:00:00,19.0224254532,63.1273584825,0,0,0,12,12,4732,4179
compact51__current_roles,2019-04-01 21:00:00,18.762731118,55.9052454357,0,0,0,12,12,4540,2670
compact51__current_roles,2019-04-01 22:00:00,21.6785370242,54.4170135924,0,0,0,12,12,6249,2303
compact51__current_roles,2019-04-01 23:00:00,21.7886176626,55.759978109,0,0,0,12,12,6300,2634
compact51__current_roles,2019-04-02 00:00:00,16.337643418,56.3764857587,0,0,0,12,12,2613,2791
compact51__current_roles,2019-04-02 01:00:00,18.2613571531,62.5676931221,0,0,0,12,12,4162,4080
compact51__current_roles,2019-04-02 02:00:00,23.5476638146,62.1631031262,0,0,0,12,12,7058,4014
compact51__current_roles,2019-04-02 03:00:00,27.6234047361,69.9706685633,0,0,0,12,12,8014,4953
compact51__current_roles,2019-04-02 04:00:00,32.4490508247,69.075074828,0,0,0,12,12,8513,4862
compact51__current_roles,2019-04-02 05:00:00,33.7803702723,61.8623784293,0,0,0,12,12,8569,3967
compact51__current_roles,2019-04-02 06:00:00,14.5399704575,53.8315938791,0,0,0,12,12,1325,2159
compact51__current_roles,2019-04-02 07:00:00,15.4304007912,53.0847744322,0,0,0,12,12,1956,1986
compact51__current_roles,2019-04-02 08:00:00,13.0212229763,55.7854444158,0,0,0,12,12,573,2642
compact51__current_roles,2019-04-02 09:00:00,14.9053482147,66.7304218348,0,0,0,12,12,1605,4637
compact51__current_roles,2019-04-02 10:00:00,15.6088156571,65.1794562754,0,0,0,12,12,2077,4466
compact51__current_roles,2019-04-02 11:00:00,16.7671103056,60.4722623782,0,0,0,12,12,2967,3679
compact51__current_roles,2019-04-02 12:00:00,21.2872747542,65.7951836443,0,0,0,12,12,6088,4543
compact51__current_roles,2019-04-02 13:00:00,22.7022140732,72.6353508846,0,0,0,12,12,6742,5184
compact51__current_roles,2019-04-02 14:00:00,20.8370215662,71.0300556266,0,0,0,12,12,5864,5048
compact51__current_roles,2019-04-02 15:00:00,21.0947094378,65.7795119352,0,0,0,12,12,5980,4540
compact51__current_roles,2019-04-02 16:00:00,19.8659148445,61.9581624566,0,0,0,12,12,5292,3983
compact51__current_roles,2019-04-02 17:00:00,17.4222781886,57.0999007132,0,0,0,12,12,3499,2957
compact51__current_roles,2019-04-02 18:00:00,16.2744647456,53.8783078987,0,0,0,12,12,2575,2167
compact51__current_roles,2019-04-02 19:00:00,15.0998279486,53.9487853751,0,0,0,12,12,1716,2183
compact51__current_roles,2019-04-02 20:00:00,14.3784242136,59.5546697377,0,0,0,12,12,1228,3500
compact51__current_roles,2019-04-02 21:00:00,16.1413412239,58.1461337482,0,0,0,12,12,2483,3206
compact51__current_roles,2019-04-02 22:00:00,17.7063100699,59.0728877083,0,0,0,12,12,3722,3404
compact51__current_roles,2019-04-02 23:00:00,17.0501440899,65.4637019395,0,0,0,12,12,3185,4504
compact51__current_roles,2019-04-03 00:00:00,14.7691368239,69.1642717592,0,0,0,12,12,1498,4871
compact51__current_roles,2019-04-03 01:00:00,16.7527251757,67.0708703908,0,0,0,12,12,2955,4675
compact51__current_roles,2019-04-03 02:00:00,14.8012352664,63.1240743439,0,0,0,12,12,1515,4177
compact51__current_roles,2019-04-03 03:00:00,17.2816963975,64.7871607408,0,0,0,12,12,3376,4412
compact51__current_roles,2019-04-03 04:00:00,28.0127325388,78.2426124022,0,0,0,12,12,8067,5488
compact51__current_roles,2019-04-03 05:00:00,26.9761459668,70.2276326042,0,0,0,12,12,7929,4980
compact51__current_roles,2019-04-03 06:00:00,20.1090597724,65.323125155,0,0,0,12,12,5446,4486
compact51__current_roles,2019-04-03 07:00:00,15.8246479435,58.415939176,0,0,0,12,12,2253,3257
compact51__current_roles,2019-04-03 08:00:00,16.2469655364,66.9064069563,0,0,0,12,12,2560,4655
compact51__current_roles,2019-04-03 09:00:00,17.4195942774,73.2153895655,0,0,0,12,12,3492,5219
compact51__current_roles,2019-04-03 10:00:00,20.681845706,95.8421422511,0,0,0,12,12,5767,6112
compact51__current_roles,2019-04-03 11:00:00,22.5531634833,128.11538845,0,0,0,12,12,6677,6812
compact51__current_roles,2019-04-03 12:00:00,22.2616834055,142.803091028,0,0,0,12,12,6537,6998
compact51__current_roles,2019-04-03 13:00:00,22.9415751988,160.904887742,0,0,0,12,12,6851,7200
compact51__current_roles,2019-04-03 14:00:00,21.859052599,143.030113128,0,0,0,12,12,6337,7000
compact51__current_roles,2019-04-03 15:00:00,22.3291236151,135.705123624,0,0,0,12,12,6566,6911
compact51__current_roles,2019-04-03 16:00:00,21.570359455,128.083322672,0,0,0,12,12,6206,6809
compact51__current_roles,2019-04-03 17:00:00,22.2038254388,123.7994438,0,0,0,12,12,6509,6736
compact51__current_roles,2019-04-03 18:00:00,20.9591846553,100.240856926,0,0,0,12,12,5921,6240
compact51__current_roles,2019-04-03 19:00:00,21.4244137189,134.201360184,0,0,0,12,12,6145,6892
compact51__current_roles,2019-04-03 20:00:00,22.8134215447,154.068119559,0,0,0,12,12,6791,7132
compact51__current_roles,2019-04-03 21:00:00,23.2032752614,172.874904315,0,0,0,12,12,6955,7305
compact51__current_roles,2019-04-03 22:00:00,23.7659289074,140.609934137,0,0,0,12,12,7137,6974
compact51__current_roles,2019-04-03 23:00:00,22.6327949881,179.935737247,0,0,0,12,12,6706,7358
compact51__current_roles,2019-04-04 00:00:00,18.9990037924,87.2778632752,0,0,0,12,12,4720,5820
compact51__current_roles,2019-04-04 01:00:00,20.5784623346,108.140112848,0,0,0,12,12,5713,6427
compact51__current_roles,2019-04-04 02:00:00,22.1161942598,86.3742578532,0,0,0,12,12,6464,5801
compact51__current_roles,2019-04-04 03:00:00,22.9818904616,92.804713935,0,0,0,12,12,6876,5996
compact51__current_roles,2019-04-04 04:00:00,40.1625269439,337.754944237,0,0,0,12,12,8718,8029
compact51__current_roles,2019-04-04 05:00:00,30.1467284685,289.53886846,0,0,0,12,12,8367,7912
compact51__current_roles,2019-04-04 06:00:00,22.1632283251,100.875925211,0,0,0,12,12,6488,6262
compact51__current_roles,2019-04-04 07:00:00,20.9033604897,81.372761922,0,0,0,12,12,5891,5622
compact51__current_roles,2019-04-04 08:00:00,22.3963227343,95.0772855888,0,0,0,12,12,6595,6078
compact51__current_roles,2019-04-04 09:00:00,24.8442721383,300.757656339,0,0,0,12,12,7437,7933
compact51__current_roles,2019-04-04 10:00:00,24.9803344058,142.933600905,0,0,0,12,12,7482,6999
compact51__current_roles,2019-04-04 11:00:00,27.2711939838,117.781882466,0,0,0,12,12,7969,6608
compact51__current_roles,2019-04-04 12:00:00,26.1101685782,163.809538954,0,0,0,13,12,7743,7232
compact51__current_roles,2019-04-04 13:00:00,24.9344934048,230.356778693,0,0,0,12,12,7470,7669
compact51__current_roles,2019-04-04 14:00:00,27.6383416004,768.237019982,0,0,0,12,12,8017,8429
compact51__current_roles,2019-04-04 15:00:00,29.2603193918,15135.6313425,1,0,0,12,12,8254,8740
compact51__current_roles,2019-04-04 16:00:00,24.1011486638,2263.74529877,0,0,0,12,12,7231,8638
compact51__current_roles,2019-04-04 17:00:00,24.7548485531,485.973014124,0,0,0,12,12,7418,8231
compact51__current_roles,2019-04-04 18:00:00,23.7685385563,371.079971073,0,0,0,12,12,7138,8102
compact51__current_roles,2019-04-04 19:00:00,21.1009708853,58.0865076905,0,0,0,12,12,5983,3193
compact51__current_roles,2019-04-04 20:00:00,23.3033280866,75.9422385906,0,0,0,12,12,6983,5386
compact51__current_roles,2019-04-04 21:00:00,27.0697714319,54.3122755791,0,0,0,12,12,7941,2278
compact51__current_roles,2019-04-04 22:00:00,22.4822648491,59.2304273423,0,0,0,12,12,6637,3434
compact51__current_roles,2019-04-04 23:00:00,28.7325108104,166.85304695,0,0,0,12,12,8185,7253
compact51__current_roles,2019-04-05 00:00:00,21.3030274733,126.67624392,0,0,0,12,12,6099,6786
compact51__current_roles,2019-04-05 01:00:00,19.6440505813,93.5214961259,0,0,0,12,12,5149,6027
compact51__current_roles,2019-04-05 02:00:00,20.773177453,100.828464679,0,0,0,12,12,5820,6259
compact51__current_roles,2019-04-05 03:00:00,22.7935231736,126.864006382,0,0,0,12,12,6781,6793
compact51__current_roles,2019-04-05 04:00:00,29.9031553103,107.835861763,0,0,0,12,12,8336,6421
compact51__current_roles,2019-04-05 05:00:00,35.033612457,145.108147194,0,0,0,12,12,8619,7022
compact51__current_roles,2019-04-05 06:00:00,17.483875885,85.7257129611,0,0,0,13,12,3551,5778
compact51__current_roles,2019-04-05 07:00:00,17.2988782953,77.3446689439,0,0,0,12,12,3393,5446
compact51__current_roles,2019-04-05 08:00:00,20.3181040911,74.8374663622,0,0,0,12,12,5570,5324
compact51__current_roles,2019-04-05 09:00:00,24.8122582491,78.5436999563,0,0,0,13,13,7432,5495
compact51__current_roles,2019-04-05 10:00:00,23.6809367398,133.893233551,0,0,0,12,12,7105,6889
compact51__current_roles,2019-04-05 11:00:00,26.3196640978,229.655361139,0,0,0,12,12,7798,7666
compact51__current_roles,2019-04-05 12:00:00,23.9200296062,205.425311708,0,0,0,12,12,7184,7540
compact51__current_roles,2019-04-05 13:00:00,20.8735067548,129.56963547,0,0,0,12,12,5880,6839
compact51__current_roles,2019-04-05 14:00:00,25.1539174549,117.106477211,0,0,0,12,12,7523,6594
compact51__current_roles,2019-04-05 15:00:00,26.7265548643,77.8637784822,0,0,0,12,12,7886,5467
compact51__current_roles,2019-04-05 16:00:00,28.8960127187,92.9035000771,0,0,0,12,11,8202,6001
compact51__current_roles,2019-04-05 17:00:00,27.4219265123,72.1907410871,0,0,0,12,12,7991,5150
compact51__current_roles,2019-04-05 18:00:00,23.0358428669,63.0015953733,0,0,0,12,12,6898,4155
compact51__current_roles,2019-04-05 19:00:00,24.2264453226,65.1588317692,0,0,0,12,12,7273,4463
compact51__current_roles,2019-04-05 20:00:00,28.533741721,71.7720008496,0,0,0,12,12,8154,5109
compact51__current_roles,2019-04-05 21:00:00,22.8112658672,62.0526920262,0,0,0,12,12,6790,3999
compact51__current_roles,2019-04-05 22:00:00,29.0273377454,70.0731767067,0,0,0,12,12,8220,4963
compact51__current_roles,2019-04-05 23:00:00,26.8797205825,65.2694901601,0,0,0,12,12,7916,4479
compact51__current_roles,2019-04-06 00:00:00,13.6336154911,46.115950919,0,0,0,12,12,836,651
compact51__current_roles,2019-04-06 01:00:00,14.0903815113,50.3580839184,0,0,0,12,12,1048,1395
compact51__current_roles,2019-04-06 02:00:00,13.9725183811,48.9764856925,0,0,0,12,12,985,1141
compact51__current_roles,2019-04-06 03:00:00,18.3040045569,58.5616962795,0,0,0,12,12,4194,3292
compact51__current_roles,2019-04-06 04:00:00,19.4615290762,55.4937395573,0,0,0,12,12,5025,2584
compact51__current_roles,2019-04-06 05:00:00,22.8666140781,68.5280485768,0,0,0,13,12,6816,4815
compact51__current_roles,2019-04-06 06:00:00,24.0176496845,55.7711684696,0,0,0,12,12,7210,2639
compact51__current_roles,2019-04-06 07:00:00,25.4172948235,69.5771738841,0,0,0,12,12,7584,4917
compact51__current_roles,2019-04-06 08:00:00,12.9980282627,48.2728020191,0,0,0,12,12,565,1009
compact51__current_roles,2019-04-06 09:00:00,13.6648720849,53.7363824993,0,0,0,12,12,851,2140
compact51__current_roles,2019-04-06 10:00:00,18.2534161158,100.684621414,0,0,0,12,12,4157,6252
compact51__current_roles,2019-04-06 11:00:00,21.5749301049,207.76045351,0,0,0,12,12,6207,7550
compact51__current_roles,2019-04-06 12:00:00,25.4722251206,343.041417723,0,0,0,12,12,7599,8045
compact51__current_roles,2019-04-06 13:00:00,25.3299282123,192.338954452,0,0,0,12,12,7566,7443
compact51__current_roles,2019-04-06 14:00:00,32.9992736017,228.920255154,0,0,0,12,12,8543,7664
compact51__current_roles,2019-04-06 15:00:00,32.0667404859,254.175675644,0,0,0,12,12,8497,7786
compact51__current_roles,2019-04-06 16:00:00,24.9111877318,169.610600897,0,0,0,12,12,7461,7278
compact51__current_roles,2019-04-06 17:00:00,28.7783864483,153.109523327,0,0,0,12,12,8187,7120
compact51__current_roles,2019-04-06 18:00:00,24.2858787952,125.630477654,0,0,0,12,12,7292,6764
compact51__current_roles,2019-04-06 19:00:00,18.4194600278,61.2823066125,0,0,0,12,12,4311,3855
compact51__current_roles,2019-04-06 20:00:00,15.1479485212,55.4875415765,0,0,0,12,12,1751,2579
compact51__current_roles,2019-04-06 21:00:00,16.912394587,57.3597285914,0,0,0,12,12,3081,3027
compact51__current_roles,2019-04-06 22:00:00,20.7563104503,59.4078996594,0,0,0,12,12,5808,3474
compact51__current_roles,2019-04-06 23:00:00,20.7689453689,91.2699432226,0,0,0,12,12,5817,5943
compact51__current_roles,2019-04-07 00:00:00,16.4120353711,57.1306150664,0,0,0,12,12,2679,2967
compact51__current_roles,2019-04-07 01:00:00,21.1477653163,66.0793092039,0,0,0,12,12,6006,4572
compact51__current_roles,2019-04-07 02:00:00,22.5362059052,74.4217626427,0,0,0,12,12,6666,5304
compact51__current_roles,2019-04-07 03:00:00,21.2858043767,67.1433907083,0,0,0,12,12,6087,4684
compact51__current_roles,2019-04-07 04:00:00,24.1656650334,63.6188302628,0,0,0,12,12,7255,4249
compact51__current_roles,2019-04-07 05:00:00,22.8629672523,65.9632538804,0,0,0,12,12,6813,4556
compact51__current_roles,2019-04-07 06:00:00,25.0595809714,66.8294508612,0,0,0,12,12,7499,4644
compact51__current_roles,2019-04-07 07:00:00,22.288885383,66.7735207896,0,0,0,12,12,6549,4641
compact51__current_roles,2019-04-07 08:00:00,20.8661797247,112.0353539,0,0,0,12,12,5879,6508
compact51__current_roles,2019-04-07 09:00:00,27.967290982,157.330456664,0,0,0,12,12,8059,7168
compact51__current_roles,2019-04-07 10:00:00,27.923176822,170.701689625,0,0,0,12,12,8052,7286
compact51__current_roles,2019-04-07 11:00:00,29.1171009552,158.85082577,0,0,0,12,12,8234,7182
compact51__current_roles,2019-04-07 12:00:00,28.5664462359,235.014153432,0,0,0,12,12,8160,7694
compact51__current_roles,2019-04-07 13:00:00,31.0788006864,283.904650663,0,0,0,12,12,8438,7887
compact51__current_roles,2019-04-07 14:00:00,28.8880357035,228.409659532,0,0,0,12,12,8201,7662
compact51__current_roles,2019-04-07 15:00:00,29.6024072458,245.592311799,0,0,0,13,13,8299,7747
compact51__current_roles,2019-04-07 16:00:00,26.1907904674,121.080387708,0,0,0,10,10,7760,6682
compact51__current_roles,2019-04-07 17:00:00,24.7316787545,97.5159363207,0,0,0,12,12,7410,6163
compact51__current_roles,2019-04-07 18:00:00,19.625998071,70.0786908443,0,0,0,12,12,5138,4965
compact51__current_roles,2019-04-07 19:00:00,22.2301049356,72.6339109638,0,0,0,12,12,6525,5183
compact51__current_roles,2019-04-07 20:00:00,19.5003649817,64.2426357299,0,0,0,12,12,5055,4335
compact51__current_roles,2019-04-07 21:00:00,16.433803448,60.0981893392,0,0,0,12,12,2698,3614
compact51__current_roles,2019-04-07 22:00:00,17.5505582875,61.2751174374,0,0,0,12,12,3608,3854
compact51__current_roles,2019-04-07 23:00:00,19.5593314521,75.9323640737,0,0,0,12,12,5093,5385
compact51__current_roles,2019-04-08 00:00:00,22.28515645,88.8008589448,0,0,0,12,12,6548,5864
compact51__current_roles,2019-04-08 01:00:00,26.0707853983,126.633669897,0,0,0,12,12,7734,6782
compact51__current_roles,2019-04-08 02:00:00,28.1493413341,150.274584873,0,0,0,12,12,8096,7089
compact51__current_roles,2019-04-08 03:00:00,26.0195087248,128.924571118,0,0,0,12,12,7723,6826
compact51__current_roles,2019-04-08 04:00:00,34.5067654065,213.088271579,0,0,0,12,12,8607,7574
compact51__current_roles,2019-04-08 05:00:00,37.7613301152,216.081097002,0,0,0,12,12,8693,7591
compact51__current_roles,2019-04-08 06:00:00,28.0745513738,216.400943862,0,0,0,12,12,8081,7594
compact51__current_roles,2019-04-08 07:00:00,24.8649248398,183.885781718,0,0,0,12,12,7442,7385
compact51__current_roles,2019-04-08 08:00:00,24.5242185598,146.247702818,0,0,0,12,12,7353,7039
compact51__current_roles,2019-04-08 09:00:00,23.4583713599,134.855129263,0,0,0,12,12,7027,6900
compact51__current_roles,2019-04-08 10:00:00,23.5439185901,162.571226742,0,0,0,12,12,7055,7213
compact51__current_roles,2019-04-08 11:00:00,25.1623729613,243.405922612,0,0,0,12,12,7527,7739
compact51__current_roles,2019-04-08 12:00:00,22.007327491,204.333579068,0,0,0,12,12,6413,7530
compact51__current_roles,2019-04-08 13:00:00,22.1846626945,155.590741122,0,0,0,10,10,6497,7151
compact51__current_roles,2019-04-08 14:00:00,22.474913348,165.505133285,0,0,0,12,12,6631,7242
compact51__current_roles,2019-04-08 15:00:00,20.4259963784,188.578436134,0,0,0,12,12,5640,7413
compact51__current_roles,2019-04-08 16:00:00,20.7897425197,152.779689717,0,0,0,12,12,5831,7114
compact51__current_roles,2019-04-08 17:00:00,21.0605265828,120.690999508,0,0,0,12,12,5966,6670
compact51__current_roles,2019-04-08 18:00:00,16.9886195929,52.0445569989,0,0,0,12,12,3136,1755
compact51__current_roles,2019-04-08 19:00:00,16.0435651296,49.3373439694,0,0,0,12,12,2406,1208
compact51__current_roles,2019-04-08 20:00:00,15.987648385,43.4982026048,0,0,0,12,12,2371,353
compact51__current_roles,2019-04-08 21:00:00,17.3026524965,53.9262158073,0,0,0,12,12,3401,2178
compact51__current_roles,2019-04-08 22:00:00,18.8487613542,60.4816519856,0,0,0,12,12,4614,3683
compact51__current_roles,2019-04-08 23:00:00,18.1594319294,53.4302496543,0,0,0,12,12,4072,2061
compact51__current_roles,2019-04-09 00:00:00,19.3508833467,57.6432856371,0,0,0,12,12,4937,3094
compact51__current_roles,2019-04-09 01:00:00,16.6770060236,55.1681172816,0,0,0,12,12,2902,2497
compact51__current_roles,2019-04-09 02:00:00,18.8854151574,57.1833059712,0,0,0,12,12,4634,2983
compact51__current_roles,2019-04-09 03:00:00,19.9482524494,60.0071223259,0,0,0,12,12,5340,3591
compact51__current_roles,2019-04-09 04:00:00,22.3465888411,64.7829443121,0,0,0,12,12,6573,4411
compact51__current_roles,2019-04-09 05:00:00,33.1779841038,96.9601548732,0,0,0,12,12,8550,6149
compact51__current_roles,2019-04-09 06:00:00,20.7067582285,73.526095934,0,0,0,12,12,5782,5246
compact51__current_roles,2019-04-09 07:00:00,17.0270390416,65.2263417937,0,0,0,12,12,3165,4470
compact51__current_roles,2019-04-09 08:00:00,18.3319663745,70.7451186761,0,0,0,12,12,4219,5030
compact51__current_roles,2019-04-09 09:00:00,23.0415819145,186.831550429,0,0,0,12,12,6900,7403
compact51__current_roles,2019-04-09 10:00:00,22.6682042324,244.869625664,0,0,0,12,12,6727,7744
compact51__current_roles,2019-04-09 11:00:00,20.3168719414,127.18639536,0,0,0,10,10,5568,6800
compact51__current_roles,2019-04-09 12:00:00,20.9993553935,116.801768101,0,0,0,12,12,5936,6591
compact51__current_roles,2019-04-09 13:00:00,18.194581926,73.6863938241,0,0,0,11,11,4096,5256
compact51__current_roles,2019-04-09 14:00:00,18.9113520255,74.7896592584,0,0,0,12,12,4656,5319
compact51__current_roles,2019-04-09 15:00:00,17.6212419782,66.1913554582,0,0,0,12,12,3658,4586
compact51__current_roles,2019-04-09 16:00:00,14.7835974288,53.9999768906,0,0,0,12,12,1503,2200
compact51__current_roles,2019-04-09 17:00:00,15.4469326183,47.4311446453,0,0,0,12,12,1965,859
compact51__current_roles,2019-04-09 18:00:00,14.6138391624,46.9218516159,0,0,0,12,12,1380,777
compact51__current_roles,2019-04-09 19:00:00,14.3915169541,51.408894789,0,0,0,12,12,1239,1612
compact51__current_roles,2019-04-09 20:00:00,17.0933126388,58.4379207213,0,0,0,12,12,3224,3263
compact51__current_roles,2019-04-09 21:00:00,17.8669435815,60.0588799322,0,0,0,12,12,3858,3603
compact51__current_roles,2019-04-09 22:00:00,19.962110657,62.72516916,0,0,0,12,12,5350,4110
compact51__current_roles,2019-04-09 23:00:00,24.404320831,201.758521264,0,0,0,12,12,7327,7515
compact51__current_roles,2019-04-10 00:00:00,20.3939753576,80.8400876368,0,0,0,13,13,5621,5593
compact51__current_roles,2019-04-10 01:00:00,21.4057311576,60.9817728958,0,0,0,12,12,6139,3794
compact51__current_roles,2019-04-10 02:00:00,24.1153759799,58.5906289244,0,0,0,12,12,7237,3302
compact51__current_roles,2019-04-10 03:00:00,26.6089147946,60.4545465639,0,0,0,12,12,7857,3676
compact51__current_roles,2019-04-10 04:00:00,30.0706533941,74.2862806357,0,0,0,12,12,8360,5299
compact51__current_roles,2019-04-10 05:00:00,31.5636134539,92.0863792227,0,0,0,12,12,8464,5971
compact51__current_roles,2019-04-10 06:00:00,19.2128167833,63.5810068003,0,0,0,12,12,4857,4243
compact51__current_roles,2019-04-10 07:00:00,15.8200041267,62.8589950574,0,0,0,12,12,2250,4133
compact51__current_roles,2019-04-10 08:00:00,17.0279852381,57.3241465844,0,0,0,12,12,3166,3019
compact51__current_roles,2019-04-10 09:00:00,16.8969598856,55.4135350071,0,0,0,12,12,3070,2561
compact51__current_roles,2019-04-10 10:00:00,16.6166580142,53.3075251469,0,0,0,12,12,2852,2040
compact51__current_roles,2019-04-10 11:00:00,17.5697551894,58.3340719222,0,0,0,10,10,3624,3239
compact51__current_roles,2019-04-10 12:00:00,20.8142145701,119.116502845,0,0,0,12,12,5850,6632
compact51__current_roles,2019-04-10 13:00:00,14.9700052001,52.1275619292,0,0,0,12,12,1640,1770
compact51__current_roles,2019-04-10 14:00:00,13.9701997046,54.5119662885,0,0,0,11,11,983,2327
compact51__current_roles,2019-04-10 15:00:00,14.6045551909,55.0208139799,0,0,0,12,12,1371,2460
compact51__current_roles,2019-04-10 16:00:00,15.1767237767,52.2412131953,0,0,0,12,12,1766,1786
compact51__current_roles,2019-04-10 17:00:00,12.9019758848,52.1640659021,0,0,0,11,10,534,1773
compact51__current_roles,2019-04-10 18:00:00,13.7362049759,49.0232680275,0,0,0,12,12,886,1154
compact51__current_roles,2019-04-10 19:00:00,14.7679805873,53.9439909751,0,0,0,12,12,1496,2182
compact51__current_roles,2019-04-10 20:00:00,11.3329652713,55.2604454138,0,0,0,13,12,122,2524
compact51__current_roles,2019-04-10 21:00:00,12.6757042891,51.1904509934,0,0,0,12,12,462,1560
compact51__current_roles,2019-04-10 22:00:00,14.0159312436,52.4780939924,0,0,0,12,12,1009,1841
compact51__current_roles,2019-04-10 23:00:00,18.928963742,60.6931185522,0,0,0,15,13,4672,3729
compact51__current_roles,2019-04-11 00:00:00,19.2954679983,48.5365497372,0,0,0,11,11,4911,1067
compact51__current_roles,2019-04-11 01:00:00,18.6611740709,41.3090155311,0,0,0,12,12,4472,193
compact51__current_roles,2019-04-11 02:00:00,18.8668299488,40.8099749528,0,0,0,12,12,4622,168
compact51__current_roles,2019-04-11 03:00:00,16.51675074,42.7180613614,0,0,0,12,12,2762,296
compact51__current_roles,2019-04-11 04:00:00,16.4980430663,47.6115608932,0,0,0,12,12,2749,894
compact51__current_roles,2019-04-11 05:00:00,18.8240245581,51.8561895764,0,0,0,12,12,4596,1714
compact51__current_roles,2019-04-11 06:00:00,13.6291466322,50.1739943014,0,0,0,13,12,833,1365
compact51__current_roles,2019-04-11 07:00:00,12.0967839404,55.2221860361,0,0,0,12,12,281,2516
compact51__current_roles,2019-04-11 08:00:00,13.8893835216,56.4902541242,0,0,0,12,12,950,2819
compact51__current_roles,2019-04-11 09:00:00,11.9329998837,55.0277721516,0,0,0,12,12,239,2463
compact51__current_roles,2019-04-11 10:00:00,11.8905359179,59.9984223783,0,0,0,12,12,227,3588
compact51__current_roles,2019-04-11 11:00:00,12.1109717031,60.2029374116,0,0,0,12,12,284,3630
compact51__current_roles,2019-04-11 12:00:00,11.8681135569,71.8899534688,0,0,0,12,12,221,5119
compact51__current_roles,2019-04-11 13:00:00,13.2491392628,69.7615597155,0,0,0,12,12,669,4933
compact51__current_roles,2019-04-11 14:00:00,15.7224766918,93.3278754231,0,0,0,12,12,2164,6021
compact51__current_roles,2019-04-11 15:00:00,16.0593401818,65.9823445177,0,0,0,12,12,2413,4560
compact51__current_roles,2019-04-11 16:00:00,15.1380205035,61.3288144866,0,0,0,12,12,1742,3863
compact51__current_roles,2019-04-11 17:00:00,12.542356497,55.371775081,0,0,0,12,12,422,2547
compact51__current_roles,2019-04-11 18:00:00,11.6078634648,47.9325470303,0,0,0,12,12,162,945
compact51__current_roles,2019-04-11 19:00:00,13.8130246823,45.7431156669,0,0,0,12,12,913,607
compact51__current_roles,2019-04-11 20:00:00,17.3537964331,41.061408071,0,0,0,12,12,3442,180
compact51__current_roles,2019-04-11 21:00:00,20.0824470574,36.2067476841,0,0,0,12,12,5419,39
compact51__current_roles,2019-04-11 22:00:00,15.5726054181,40.8336980481,0,0,0,12,12,2051,170
compact51__current_roles,2019-04-11 23:00:00,14.6873296756,40.7295148152,0,0,0,12,12,1443,158
compact51__current_roles,2019-04-12 00:00:00,11.7079471148,43.7669952313,0,0,0,12,12,189,386
compact51__current_roles,2019-04-12 01:00:00,11.0426799141,44.2285762075,0,0,0,12,12,82,437
compact51__current_roles,2019-04-12 02:00:00,13.0097454271,42.06824827,0,0,0,12,12,568,240
compact51__current_roles,2019-04-12 03:00:00,13.4001240713,42.0149698278,0,0,0,12,12,733,238
compact51__current_roles,2019-04-12 04:00:00,14.8478099968,43.7231350548,0,0,0,12,12,1555,381
compact51__current_roles,2019-04-12 05:00:00,16.3797572868,38.9547230346,0,0,0,12,12,2641,95
compact51__current_roles,2019-04-12 06:00:00,17.5825171757,56.2755253834,0,0,0,12,12,3634,2769
compact51__current_roles,2019-04-12 07:00:00,16.7073383762,35.83424998,0,0,0,12,12,2924,34
compact51__current_roles,2019-04-12 08:00:00,15.2462203692,41.0242855789,0,0,0,12,12,1817,178
compact51__current_roles,2019-04-12 09:00:00,14.7175507468,41.284479148,0,0,0,12,12,1471,192
compact51__current_roles,2019-04-12 10:00:00,16.5431428945,40.5748595689,0,0,0,12,12,2786,151
compact51__current_roles,2019-04-12 11:00:00,11.9372229069,43.8791471331,0,0,0,12,12,241,399
compact51__current_roles,2019-04-12 12:00:00,11.9745706731,47.9397939674,0,0,0,12,12,247,948
compact51__current_roles,2019-04-12 13:00:00,14.1145401264,41.3474655586,0,0,0,12,12,1057,199
compact51__current_roles,2019-04-12 14:00:00,14.4982230416,39.5742650341,0,0,0,12,12,1305,112
compact51__current_roles,2019-04-12 15:00:00,11.3483819665,47.9242514847,0,0,0,12,12,126,942
compact51__current_roles,2019-04-12 16:00:00,15.6360249867,48.2348004221,0,0,0,12,12,2099,1005
compact51__current_roles,2019-04-12 17:00:00,14.468248645,47.1867695497,0,0,0,12,12,1290,817
compact51__current_roles,2019-04-12 18:00:00,13.8662342918,43.1209447816,0,0,0,12,12,942,323
compact51__current_roles,2019-04-12 19:00:00,13.6158219503,38.6415512103,0,0,0,12,12,824,84
compact51__current_roles,2019-04-12 20:00:00,14.3455156028,38.1032606366,0,0,0,12,12,1208,74
compact51__current_roles,2019-04-12 21:00:00,16.0658401394,51.263186254,0,0,0,12,12,2419,1576
compact51__current_roles,2019-04-12 22:00:00,16.425450214,49.5980670659,0,0,0,12,12,2690,1268
compact51__current_roles,2019-04-12 23:00:00,20.3360166778,43.6438881083,0,0,0,12,12,5583,371
compact51__current_roles,2019-04-13 00:00:00,21.4643802679,3055.95802347,0,0,0,12,12,6165,8672
compact51__current_roles,2019-04-13 01:00:00,27.9624560855,5969.19750581,2,0,0,12,12,8058,8721
compact51__current_roles,2019-04-13 02:00:00,28.0649378847,994.583416494,2,0,0,12,12,8078,8494
compact51__current_roles,2019-04-13 03:00:00,28.6401874439,554.991621888,2,0,0,12,12,8174,8298
compact51__current_roles,2019-04-13 04:00:00,31.8884916522,644.32235359,2,0,0,12,12,8482,8358
compact51__current_roles,2019-04-13 05:00:00,32.485869919,638.858149605,2,0,0,12,12,8516,8355
compact51__current_roles,2019-04-13 06:00:00,34.495786633,501.231271813,2,0,0,12,12,8605,8251
compact51__current_roles,2019-04-13 07:00:00,34.052601683,554.568508355,2,0,0,12,12,8582,8297
compact51__current_roles,2019-04-13 08:00:00,30.7865421612,1162.38147206,2,0,0,12,12,8419,8528
compact51__current_roles,2019-04-13 09:00:00,29.4709784694,3085.03602405,1,0,0,13,13,8285,8673
compact51__current_roles,2019-04-13 10:00:00,23.6942042381,125252.945563,2,0,0,13,12,7111,8757
compact51__current_roles,2019-04-13 11:00:00,27.0888458265,20859.6344995,2,0,0,12,12,7945,8746
compact51__current_roles,2019-04-13 12:00:00,31.8433199266,732.387357348,2,0,0,12,12,8476,8409
compact51__current_roles,2019-04-13 13:00:00,29.8327067748,652.544150304,2,0,0,12,12,8327,8365
compact51__current_roles,2019-04-13 14:00:00,27.625777544,1509.10609828,2,0,0,12,12,8015,8576
compact51__current_roles,2019-04-13 15:00:00,26.3074601653,1441.56360765,2,0,0,12,12,7792,8569
compact51__current_roles,2019-04-13 16:00:00,29.2194484706,1925.81720444,2,0,0,12,12,8250,8612
compact51__current_roles,2019-04-13 17:00:00,26.6014029168,1832.70315683,1,0,0,12,12,7853,8602
compact51__current_roles,2019-04-13 18:00:00,26.2351701612,725.577772604,1,0,0,12,12,7775,8406
compact51__current_roles,2019-04-13 19:00:00,22.7690466426,396.984241539,1,0,0,12,12,6769,8132
compact51__current_roles,2019-04-13 20:00:00,20.2491145634,181.836399613,0,0,0,10,10,5528,7374
compact51__current_roles,2019-04-13 21:00:00,20.2473079571,241.760318495,0,0,0,12,12,5527,7730
compact51__current_roles,2019-04-13 22:00:00,25.5892191858,331.987965836,0,0,0,12,12,7627,8013
compact51__current_roles,2019-04-13 23:00:00,25.6177652362,95.4943533616,0,0,0,12,12,7638,6093
compact51__current_roles,2019-04-14 00:00:00,23.0053427003,72.7475391945,0,0,0,13,13,6886,5189
compact51__current_roles,2019-04-14 01:00:00,23.6149572413,54.6180871822,0,0,0,12,12,7076,2355
compact51__current_roles,2019-04-14 02:00:00,26.7465971319,64.553035901,0,0,0,12,12,7888,4382
compact51__current_roles,2019-04-14 03:00:00,24.3325820311,54.2833982075,0,0,0,12,12,7307,2266
compact51__current_roles,2019-04-14 04:00:00,22.9808918403,53.9977154988,0,0,0,12,12,6874,2198
compact51__current_roles,2019-04-14 05:00:00,20.0622975711,53.321127297,0,0,0,12,12,5410,2046
compact51__current_roles,2019-04-14 06:00:00,20.7021707946,54.6722449485,0,0,0,12,12,5780,2367
compact51__current_roles,2019-04-14 07:00:00,21.3866245534,57.8902605596,0,0,0,12,12,6130,3156
compact51__current_roles,2019-04-14 08:00:00,15.7478468256,64.6485393672,0,0,0,12,12,2189,4394
compact51__current_roles,2019-04-14 09:00:00,16.9200135654,65.1757744337,0,0,0,12,12,3089,4464
compact51__current_roles,2019-04-14 10:00:00,16.6408106732,71.7592767127,0,0,0,12,12,2873,5108
compact51__current_roles,2019-04-14 11:00:00,21.4501550756,77.9802498581,0,0,0,12,12,6160,5475
compact51__current_roles,2019-04-14 12:00:00,25.9296442057,69.9346694957,0,0,0,12,12,7703,4950
compact51__current_roles,2019-04-14 13:00:00,19.4309777545,59.0830696148,0,0,0,12,12,4995,3406
compact51__current_roles,2019-04-14 14:00:00,18.1429079177,54.5326768678,0,0,0,12,12,4061,2331
compact51__current_roles,2019-04-14 15:00:00,16.4998064345,52.4358072585,0,0,0,12,12,2753,1833
compact51__current_roles,2019-04-14 16:00:00,17.8224889005,47.7456016981,0,0,0,12,12,3819,914
compact51__current_roles,2019-04-14 17:00:00,18.0443245868,39.3581970812,0,0,0,12,12,4000,108
compact51__current_roles,2019-04-14 18:00:00,18.2849744389,39.9529762183,0,0,0,12,12,4180,123
compact51__current_roles,2019-04-14 19:00:00,22.0308327193,39.8258489139,0,0,0,12,12,6423,121
compact51__current_roles,2019-04-14 20:00:00,29.4652744759,69.3812700061,0,0,0,12,12,8284,4893
compact51__current_roles,2019-04-14 21:00:00,27.1961143054,64.0940950009,0,0,0,12,12,7962,4310
compact51__current_roles,2019-04-14 22:00:00,28.1888414108,433.177209075,0,0,0,12,12,8105,8173
compact51__current_roles,2019-04-14 23:00:00,28.7088682145,193.942034485,0,0,0,12,12,8183,7454
compact51__current_roles,2019-04-15 00:00:00,21.7779818461,143.094482871,0,0,0,13,13,6295,7002
compact51__current_roles,2019-04-15 01:00:00,21.6303419043,130.211357737,0,0,0,12,12,6235,6843
compact51__current_roles,2019-04-15 02:00:00,25.6046453194,150.285738205,0,0,0,12,12,7633,7090
compact51__current_roles,2019-04-15 03:00:00,29.5618441311,139.854794652,0,0,0,12,12,8295,6963
compact51__current_roles,2019-04-15 04:00:00,33.3713387786,126.065386309,0,0,0,12,12,8552,6775
compact51__current_roles,2019-04-15 05:00:00,35.7052198026,301.039802726,0,0,0,12,12,8636,7934
compact51__current_roles,2019-04-15 06:00:00,31.2775144441,111.288944417,0,0,0,12,12,8449,6491
compact51__current_roles,2019-04-15 07:00:00,25.321817951,88.4615910417,0,0,0,12,12,7563,5856
compact51__current_roles,2019-04-15 08:00:00,24.243519668,103.954632064,0,0,0,13,12,7276,6347
compact51__current_roles,2019-04-15 09:00:00,26.5142638338,188.765722805,0,0,0,12,12,7839,7414
compact51__current_roles,2019-04-15 10:00:00,25.1704658287,105.135128071,0,0,0,12,12,7531,6373
compact51__current_roles,2019-04-15 11:00:00,25.7579035424,69.5751874767,0,0,0,12,12,7669,4916
compact51__current_roles,2019-04-15 12:00:00,26.3857361095,101.359371713,0,0,0,12,12,7811,6274
compact51__current_roles,2019-04-15 13:00:00,25.6073710361,55.2382244414,0,0,0,12,12,7635,2519
compact51__current_roles,2019-04-15 14:00:00,20.2748892442,55.197352561,0,0,0,12,12,5544,2502
compact51__current_roles,2019-04-15 15:00:00,23.9003835089,53.0135655176,0,0,0,12,12,7178,1963
compact51__current_roles,2019-04-15 16:00:00,19.5057651058,46.4404133717,0,0,0,12,12,5061,704
compact51__current_roles,2019-04-15 17:00:00,19.7671013293,44.7024905011,0,0,0,12,12,5228,487
compact51__current_roles,2019-04-15 18:00:00,21.4963225713,44.5204041948,0,0,0,12,12,6181,467
compact51__current_roles,2019-04-15 19:00:00,19.7139179738,73.3291247129,0,0,0,12,12,5189,5230
compact51__current_roles,2019-04-15 20:00:00,25.205727343,64.1177347516,0,0,0,12,12,7537,4315
compact51__current_roles,2019-04-15 21:00:00,27.5032458492,93.6487871892,0,0,0,12,12,7999,6032
compact51__current_roles,2019-04-15 22:00:00,26.6157056315,89.2625761235,0,0,0,12,12,7860,5885
compact51__current_roles,2019-04-15 23:00:00,26.6869610748,85.263982233,0,0,0,12,12,7876,5761
compact51__current_roles,2019-04-16 00:00:00,17.8608381301,49.3340944842,0,0,0,12,12,3854,1207
compact51__current_roles,2019-04-16 01:00:00,18.2525544772,50.1439331901,0,0,0,12,12,4156,1357
compact51__current_roles,2019-04-16 02:00:00,20.3600186964,69.5583993743,0,0,0,12,12,5604,4912
compact51__current_roles,2019-04-16 03:00:00,23.4716525485,82.989281626,0,0,0,12,12,7034,5671
compact51__current_roles,2019-04-16 04:00:00,23.1650645555,81.449854469,0,0,0,12,12,6939,5624
compact51__current_roles,2019-04-16 05:00:00,22.4599994775,82.5412807218,0,0,0,12,12,6624,5650
compact51__current_roles,2019-04-16 06:00:00,22.4526416349,49.5571778835,0,0,0,12,12,6618,1258
compact51__current_roles,2019-04-16 07:00:00,20.3304543222,42.8079869638,0,0,0,12,12,5580,307
compact51__current_roles,2019-04-16 08:00:00,28.4959820309,49.9676910867,0,0,0,12,12,8149,1335
compact51__current_roles,2019-04-16 09:00:00,26.9573292808,68.9985498413,0,0,0,14,13,7925,4856
compact51__current_roles,2019-04-16 10:00:00,23.4918460303,107.089708416,0,0,0,12,12,7040,6405
compact51__current_roles,2019-04-16 11:00:00,26.1869743012,125.727213028,0,0,0,11,11,7758,6769
compact51__current_roles,2019-04-16 12:00:00,26.0449915889,87.5377050158,0,0,0,13,13,7729,5828
compact51__current_roles,2019-04-16 13:00:00,30.2631549492,198.865629222,0,0,0,12,12,8379,7492
compact51__current_roles,2019-04-16 14:00:00,26.5611095891,141.560669181,0,0,0,12,12,7846,6984
compact51__current_roles,2019-04-16 15:00:00,28.3241147014,149.292168189,0,0,0,12,12,8121,7073
compact51__current_roles,2019-04-16 16:00:00,24.8878605907,61.5924585519,0,0,0,12,12,7449,3912
compact51__current_roles,2019-04-16 17:00:00,25.4974484986,67.5071518951,0,0,0,12,12,7605,4722
compact51__current_roles,2019-04-16 18:00:00,16.8176790579,48.1533520274,0,0,0,12,12,3000,993
compact51__current_roles,2019-04-16 19:00:00,22.6611520909,57.6614483679,0,0,0,12,12,6722,3098
compact51__current_roles,2019-04-16 20:00:00,21.8922725605,68.1065425477,0,0,0,12,12,6351,4781
compact51__current_roles,2019-04-16 21:00:00,21.3794061671,96.3117136892,0,0,0,12,12,6124,6128
compact51__current_roles,2019-04-16 22:00:00,26.1501404953,120.062209092,0,0,0,12,12,7749,6654
compact51__current_roles,2019-04-16 23:00:00,35.5111327339,243.348980663,0,0,0,12,12,8629,7738
compact51__current_roles,2019-04-17 00:00:00,29.2267569717,106.21912571,0,0,0,12,12,8252,6391
compact51__current_roles,2019-04-17 01:00:00,28.4865675439,151.619593951,0,0,0,12,12,8146,7102
compact51__current_roles,2019-04-17 02:00:00,30.4212325444,199.115720274,0,0,0,12,12,8390,7495
compact51__current_roles,2019-04-17 03:00:00,31.609600827,159.259181344,0,0,0,12,12,8467,7188
compact51__current_roles,2019-04-17 04:00:00,33.9812011608,200.776713718,0,0,0,12,12,8579,7507
compact51__current_roles,2019-04-17 05:00:00,34.8675693204,214.017420476,0,0,0,12,12,8617,7577
compact51__current_roles,2019-04-17 06:00:00,29.6460730714,157.888810381,0,0,0,12,12,8303,7177
compact51__current_roles,2019-04-17 07:00:00,30.7171206498,93.7971573715,0,0,0,12,12,8412,6036
compact51__current_roles,2019-04-17 08:00:00,30.6676157437,85.0639470236,0,0,0,12,12,8405,5750
compact51__current_roles,2019-04-17 09:00:00,25.0338808766,54.3332154062,0,0,0,12,12,7494,2281
compact51__current_roles,2019-04-17 10:00:00,24.7488425709,65.5361267412,0,0,0,12,12,7415,4514
compact51__current_roles,2019-04-17 11:00:00,22.0623452725,65.3571356569,0,0,0,12,12,6440,4492
compact51__current_roles,2019-04-17 12:00:00,23.3600624632,70.5699553251,0,0,0,11,11,6999,5011
compact51__current_roles,2019-04-17 13:00:00,25.9645763896,92.2028793468,0,0,0,12,12,7717,5977
compact51__current_roles,2019-04-17 14:00:00,23.1141655897,71.1612054065,0,0,0,12,12,6927,5063
compact51__current_roles,2019-04-17 15:00:00,23.3609156825,73.9832899447,0,0,0,12,12,7001,5282
compact51__current_roles,2019-04-17 16:00:00,22.4514717011,67.1550182285,0,0,0,12,12,6617,4686
compact51__current_roles,2019-04-17 17:00:00,19.5116401569,63.7908953657,0,0,0,12,12,5065,4266
compact51__current_roles,2019-04-17 18:00:00,21.3169728137,65.2482042044,0,0,0,12,12,6108,4476
compact51__current_roles,2019-04-17 19:00:00,22.0055261803,61.3554331965,0,0,0,12,12,6411,3871
compact51__current_roles,2019-04-17 20:00:00,23.7163264904,59.9732062739,0,0,0,12,12,7122,3584
compact51__current_roles,2019-04-17 21:00:00,21.6522846978,58.2734708418,0,0,0,12,12,6243,3228
compact51__current_roles,2019-04-17 22:00:00,22.6449296956,65.0514330419,0,0,0,12,12,6714,4449
compact51__current_roles,2019-04-17 23:00:00,22.1888059361,64.8266608375,0,0,0,12,12,6501,4419
compact51__current_roles,2019-04-18 00:00:00,18.844894465,62.0028546621,0,0,0,12,12,4611,3988
compact51__current_roles,2019-04-18 01:00:00,20.1752986237,65.235847105,0,0,0,12,12,5483,4474
compact51__current_roles,2019-04-18 02:00:00,20.3677618902,70.0028418725,0,0,0,12,12,5610,4958
compact51__current_roles,2019-04-18 03:00:00,21.375906915,72.0272683239,0,0,0,12,12,6123,5127
compact51__current_roles,2019-04-18 04:00:00,26.3906930132,107.612824422,0,0,0,12,12,7814,6416
compact51__current_roles,2019-04-18 05:00:00,25.099655216,104.905799485,0,0,0,12,12,7508,6369
compact51__current_roles,2019-04-18 06:00:00,24.5300081745,79.8270041577,0,0,0,12,12,7354,5551
compact51__current_roles,2019-04-18 07:00:00,19.1448528857,54.7952815666,0,0,0,12,12,4813,2404
compact51__current_roles,2019-04-18 08:00:00,19.153647882,57.0669031775,0,0,0,12,12,4820,2946
compact51__current_roles,2019-04-18 09:00:00,22.0873223563,59.6656833734,0,0,0,12,12,6452,3523
compact51__current_roles,2019-04-18 10:00:00,22.7805293581,59.5439016876,0,0,0,12,12,6772,3498
compact51__current_roles,2019-04-18 11:00:00,22.7328555362,63.2671472961,0,0,0,12,12,6757,4201
compact51__current_roles,2019-04-18 12:00:00,19.2646056565,55.9849833678,0,0,0,12,12,4892,2687
compact51__current_roles,2019-04-18 13:00:00,20.9026108632,60.0577660798,0,0,0,12,12,5890,3602
compact51__current_roles,2019-04-18 14:00:00,19.8083299916,60.1140692404,0,0,0,12,12,5255,3616
compact51__current_roles,2019-04-18 15:00:00,20.7182792223,60.3880419373,0,0,0,12,12,5789,3662
compact51__current_roles,2019-04-18 16:00:00,20.6619909293,56.8683006787,0,0,0,13,13,5756,2900
compact51__current_roles,2019-04-18 17:00:00,18.117181236,58.5301941127,0,0,0,12,12,4044,3283
compact51__current_roles,2019-04-18 18:00:00,22.9060018258,60.7728416106,0,0,0,12,12,6832,3745
compact51__current_roles,2019-04-18 19:00:00,20.5334203015,61.1402290584,0,0,0,12,12,5691,3824
compact51__current_roles,2019-04-18 20:00:00,18.3098823724,53.8750844342,0,0,0,12,12,4203,2166
compact51__current_roles,2019-04-18 21:00:00,18.5364118523,56.9524459649,0,0,0,12,12,4388,2918
compact51__current_roles,2019-04-18 22:00:00,19.4858236205,50.8872078613,0,0,0,12,12,5040,1501
compact51__current_roles,2019-04-18 23:00:00,20.1077788714,47.4633127587,0,0,0,12,12,5445,866
compact51__current_roles,2019-04-19 00:00:00,22.6606572495,94.6060155606,0,0,0,12,12,6721,6063
compact51__current_roles,2019-04-19 01:00:00,25.6900777509,119.810274311,0,0,0,12,12,7656,6643
compact51__current_roles,2019-04-19 02:00:00,25.1754909471,91.9104893976,0,0,0,12,12,7532,5966
compact51__current_roles,2019-04-19 03:00:00,27.1805399021,78.6690746771,0,0,0,12,12,7957,5500
compact51__current_roles,2019-04-19 04:00:00,29.2294500715,89.5705776397,0,0,0,12,12,8253,5894
compact51__current_roles,2019-04-19 05:00:00,26.8182883629,72.4552394362,0,0,0,12,12,7906,5168
compact51__current_roles,2019-04-19 06:00:00,20.816099009,55.0834603719,0,0,0,12,12,5851,2475
compact51__current_roles,2019-04-19 07:00:00,17.9518676167,53.7044622108,0,0,0,11,11,3929,2135
compact51__current_roles,2019-04-19 08:00:00,16.536708846,56.2590635502,0,0,0,12,12,2778,2763
compact51__current_roles,2019-04-19 09:00:00,18.5442464015,61.4085453354,0,0,0,13,13,4394,3880
compact51__current_roles,2019-04-19 10:00:00,16.4117786852,55.8159390379,0,0,0,10,10,2678,2653
compact51__current_roles,2019-04-19 11:00:00,15.7782807503,55.0259586926,0,0,0,12,12,2216,2461
compact51__current_roles,2019-04-19 12:00:00,15.800019331,57.755458753,0,0,0,12,12,2233,3126
compact51__current_roles,2019-04-19 13:00:00,16.2454560779,57.1738440511,0,0,0,12,12,2557,2980
compact51__current_roles,2019-04-19 14:00:00,16.3619152655,57.3437795638,0,0,0,12,12,2634,3024
compact51__current_roles,2019-04-19 15:00:00,17.641987591,60.4004327743,0,0,0,12,12,3674,3665
compact51__current_roles,2019-04-19 16:00:00,18.5228564618,60.8236269081,0,0,0,12,12,4375,3757
compact51__current_roles,2019-04-19 17:00:00,16.2428314075,58.7716907425,0,0,0,12,12,2554,3346
compact51__current_roles,2019-04-19 18:00:00,19.1179854286,63.1576466661,0,0,0,12,12,4795,4184
compact51__current_roles,2019-04-19 19:00:00,17.7835775075,60.9494339911,0,0,0,12,12,3785,3789
compact51__current_roles,2019-04-19 20:00:00,14.4956489293,55.2054985787,0,0,0,12,12,1304,2505
compact51__current_roles,2019-04-19 21:00:00,17.8217666984,59.6750696695,0,0,0,12,12,3818,3526
compact51__current_roles,2019-04-19 22:00:00,21.2208744724,63.7733490616,0,0,0,13,12,6042,4263
compact51__current_roles,2019-04-19 23:00:00,22.8968508487,62.0692987478,0,0,0,12,12,6829,4002
compact51__current_roles,2019-04-20 00:00:00,24.947043545,3385.12841347,1,0,0,12,12,7472,8678
compact51__current_roles,2019-04-20 01:00:00,25.3665893357,4317.73724223,1,0,0,12,12,7573,8701
compact51__current_roles,2019-04-20 02:00:00,26.1221250611,929.112507776,2,0,0,12,12,7745,8476
compact51__current_roles,2019-04-20 03:00:00,28.540118341,473.661438612,2,0,0,12,12,8156,8216
compact51__current_roles,2019-04-20 04:00:00,37.2374585474,403.779307391,2,0,0,12,12,8683,8141
compact51__current_roles,2019-04-20 05:00:00,36.8840175055,498.839420582,2,0,0,12,12,8669,8248
compact51__current_roles,2019-04-20 06:00:00,39.1458519691,734.449807927,2,0,0,12,12,8706,8411
compact51__current_roles,2019-04-20 07:00:00,35.6503123659,987.279677057,2,0,0,12,12,8634,8491
compact51__current_roles,2019-04-20 08:00:00,33.3902755254,1954.08708069,2,0,0,12,12,8553,8614
compact51__current_roles,2019-04-20 09:00:00,28.3717297025,502.3400122,1,0,0,12,12,8128,8253
compact51__current_roles,2019-04-20 10:00:00,31.8763998756,313.520746269,1,0,0,12,12,8480,7969
compact51__current_roles,2019-04-20 11:00:00,33.541547998,197.573592014,1,0,0,12,12,8560,7483
compact51__current_roles,2019-04-20 12:00:00,31.2874257471,256.404337751,1,0,0,12,12,8452,7796
compact51__current_roles,2019-04-20 13:00:00,29.6380192349,468.965397673,1,0,0,12,12,8302,8209
compact51__current_roles,2019-04-20 14:00:00,31.844565737,5302.49877259,1,0,0,12,12,8477,8713
compact51__current_roles,2019-04-20 15:00:00,33.7671998278,1166.57756212,2,0,0,12,12,8568,8529
compact51__current_roles,2019-04-20 16:00:00,33.5820041015,704.379178182,2,0,0,12,12,8561,8400
compact51__current_roles,2019-04-20 17:00:00,35.2949017331,1003.65213485,2,0,0,12,12,8624,8498
compact51__current_roles,2019-04-20 18:00:00,36.0448002275,472.493354007,2,0,0,12,12,8646,8214
compact51__current_roles,2019-04-20 19:00:00,33.9232875419,342.667027462,2,0,0,12,12,8575,8043
compact51__current_roles,2019-04-20 20:00:00,30.1441482247,1135.23058341,2,0,0,12,12,8366,8524
compact51__current_roles,2019-04-20 21:00:00,25.452377216,811.110799575,0,0,0,12,12,7592,8437
compact51__current_roles,2019-04-20 22:00:00,25.4344955887,110.638057546,0,0,0,12,12,7589,6475
compact51__current_roles,2019-04-20 23:00:00,25.7797802801,96.1525444925,0,0,0,12,12,7675,6125
compact51__current_roles,2019-04-21 00:00:00,24.5189492458,165.212345767,0,0,0,13,12,7352,7240
compact51__current_roles,2019-04-21 01:00:00,28.2364393906,84.6041679134,0,0,0,12,12,8111,5737
compact51__current_roles,2019-04-21 02:00:00,25.3059403806,73.4040020981,0,0,0,12,12,7559,5238
compact51__current_roles,2019-04-21 03:00:00,26.3870866621,77.2685594817,0,0,0,12,12,7812,5438
compact51__current_roles,2019-04-21 04:00:00,27.9841860031,64.3144585507,0,0,0,12,12,8063,4345
compact51__current_roles,2019-04-21 05:00:00,25.792352411,63.0612773317,0,0,0,12,12,7678,4166
compact51__current_roles,2019-04-21 06:00:00,27.4018040726,61.4832184168,0,0,0,12,12,7988,3893
compact51__current_roles,2019-04-21 07:00:00,25.0986116434,62.3255368772,0,0,0,13,12,7507,4041
compact51__current_roles,2019-04-21 08:00:00,23.5535485868,71.2448993557,0,0,0,13,13,7061,5068
compact51__current_roles,2019-04-21 09:00:00,18.7622009785,69.2852265074,0,0,0,12,12,4538,4887
compact51__current_roles,2019-04-21 10:00:00,16.8402138147,66.1700714051,0,0,0,12,12,3014,4582
compact51__current_roles,2019-04-21 11:00:00,17.9942445127,68.1781592228,0,0,0,12,12,3961,4784
compact51__current_roles,2019-04-21 12:00:00,20.049030092,70.1802550012,0,0,0,13,12,5404,4975
compact51__current_roles,2019-04-21 13:00:00,16.4265099117,62.9488757641,0,0,0,12,12,2691,4148
compact51__current_roles,2019-04-21 14:00:00,20.4108052006,69.1148045146,0,0,0,12,12,5636,4866
compact51__current_roles,2019-04-21 15:00:00,20.5078746556,71.0880858052,0,0,0,12,12,5679,5053
compact51__current_roles,2019-04-21 16:00:00,22.18886234,73.395653233,0,0,0,12,12,6502,5236
compact51__current_roles,2019-04-21 17:00:00,22.3305961082,70.7240262974,0,0,0,12,12,6567,5027
compact51__current_roles,2019-04-21 18:00:00,21.9719009532,64.892563699,0,0,0,12,12,6396,4428
compact51__current_roles,2019-04-21 19:00:00,16.2358428803,59.0740057213,0,0,0,12,12,2548,3405
compact51__current_roles,2019-04-21 20:00:00,17.8480209224,59.0674122431,0,0,0,12,12,3844,3403
compact51__current_roles,2019-04-21 21:00:00,19.8702448386,60.3297627433,0,0,0,12,12,5296,3651
compact51__current_roles,2019-04-21 22:00:00,17.7330757264,57.8293007303,0,0,0,12,12,3755,3145
compact51__current_roles,2019-04-21 23:00:00,20.2958791292,63.973271734,0,0,0,12,12,5555,4291
compact51__current_roles,2019-04-22 00:00:00,18.8982011823,57.5116705511,0,0,0,12,12,4644,3067
compact51__current_roles,2019-04-22 01:00:00,18.5485813687,58.9111087057,0,0,0,12,12,4398,3371
compact51__current_roles,2019-04-22 02:00:00,16.8153768029,54.8645130102,0,0,0,12,12,2998,2421
compact51__current_roles,2019-04-22 03:00:00,15.8853988115,54.9160623173,0,0,0,12,12,2301,2432
compact51__current_roles,2019-04-22 04:00:00,26.2017336325,64.9112402262,0,0,0,12,12,7762,4430
compact51__current_roles,2019-04-22 05:00:00,24.1142617183,89.2920255875,0,0,0,12,12,7236,5886
compact51__current_roles,2019-04-22 06:00:00,24.8762875728,117.735528311,0,0,0,12,12,7445,6607
compact51__current_roles,2019-04-22 07:00:00,18.7378787719,46.3493903156,0,0,0,12,12,4522,684
compact51__current_roles,2019-04-22 08:00:00,29.9341858689,121.473241005,0,0,0,13,12,8341,6689
compact51__current_roles,2019-04-22 09:00:00,34.8197204978,312.544060597,0,0,0,12,12,8615,7968
compact51__current_roles,2019-04-22 10:00:00,22.6326972805,163.593472934,0,0,0,12,12,6704,7228
compact51__current_roles,2019-04-22 11:00:00,19.7039608169,72.203013913,0,0,0,12,12,5181,5151
compact51__current_roles,2019-04-22 12:00:00,23.7744498399,94.6034505674,0,0,0,12,12,7141,6062
compact51__current_roles,2019-04-22 13:00:00,15.3924846681,51.1990548233,0,0,0,12,12,1920,1561
compact51__current_roles,2019-04-22 14:00:00,13.1642543224,48.6311814929,0,0,0,12,12,629,1081
compact51__current_roles,2019-04-22 15:00:00,16.0924960914,51.0857517268,0,0,0,12,12,2437,1536
compact51__current_roles,2019-04-22 16:00:00,13.6842012703,47.5371839732,0,0,0,12,12,860,876
compact51__current_roles,2019-04-22 17:00:00,14.5428556399,49.7372008508,0,0,0,12,12,1328,1295
compact51__current_roles,2019-04-22 18:00:00,17.9193481841,48.3142750597,0,0,0,12,12,3900,1021
compact51__current_roles,2019-04-22 19:00:00,19.8951465474,46.7338073836,0,0,0,12,12,5308,744
compact51__current_roles,2019-04-22 20:00:00,20.2734568052,46.0370518379,0,0,0,12,12,5542,641
compact51__current_roles,2019-04-22 21:00:00,14.1154592496,44.303213816,0,0,0,12,12,1060,444
compact51__current_roles,2019-04-22 22:00:00,17.9117222167,46.9554736148,0,0,0,12,12,3894,784
compact51__current_roles,2019-04-22 23:00:00,19.7567511109,49.7356628939,0,0,0,12,12,5218,1294
compact51__current_roles,2019-04-23 00:00:00,19.8056393004,50.8555528345,0,0,0,12,12,5249,1492
compact51__current_roles,2019-04-23 01:00:00,22.3377381948,52.3591764321,0,0,0,12,12,6569,1811
compact51__current_roles,2019-04-23 02:00:00,20.1437918079,56.3042329702,0,0,0,12,12,5472,2773
compact51__current_roles,2019-04-23 03:00:00,25.2757159868,48.6696380218,0,0,0,12,12,7554,1088
compact51__current_roles,2019-04-23 04:00:00,24.735269863,46.6172174355,0,0,0,12,12,7412,730
compact51__current_roles,2019-04-23 05:00:00,23.6418806128,45.2829895846,0,0,0,12,12,7088,561
compact51__current_roles,2019-04-23 06:00:00,26.2819601519,59.803762558,0,0,0,12,12,7786,3554
compact51__current_roles,2019-04-23 07:00:00,16.0525577866,43.4844986258,0,0,0,12,12,2412,352
compact51__current_roles,2019-04-23 08:00:00,25.5161996788,100.683760678,0,0,0,12,12,7609,6251
compact51__current_roles,2019-04-23 09:00:00,20.7087771298,82.8513714034,0,0,0,12,12,5783,5664
compact51__current_roles,2019-04-23 10:00:00,20.7410673561,85.2033140395,0,0,0,12,12,5797,5760
compact51__current_roles,2019-04-23 11:00:00,17.3847583897,59.6530803242,0,0,0,9,9,3464,3516
compact51__current_roles,2019-04-23 12:00:00,15.5946320571,60.0122845901,0,0,0,12,12,2068,3592
compact51__current_roles,2019-04-23 13:00:00,28.1105643457,213.523275645,0,0,0,12,12,8094,7575
compact51__current_roles,2019-04-23 14:00:00,23.7115498359,126.712780413,0,0,0,12,12,7121,6788
compact51__current_roles,2019-04-23 15:00:00,22.0002760402,70.7689318528,0,0,0,12,12,6409,5033
compact51__current_roles,2019-04-23 16:00:00,18.6113752925,52.5727160517,0,0,0,12,12,4439,1864
compact51__current_roles,2019-04-23 17:00:00,19.1022340012,44.195800248,0,0,0,12,12,4784,432
compact51__current_roles,2019-04-23 18:00:00,22.5401452746,44.1299828405,0,0,0,12,12,6670,425
compact51__current_roles,2019-04-23 19:00:00,24.6752638933,47.4862171614,0,0,0,12,12,7398,870
compact51__current_roles,2019-04-23 20:00:00,26.9738325577,55.6469012124,0,0,0,12,12,7927,2610
compact51__current_roles,2019-04-23 21:00:00,25.1986864339,63.7183224454,0,0,0,13,12,7536,4258
compact51__current_roles,2019-04-23 22:00:00,26.2200034205,72.5944520864,0,0,0,13,13,7770,5178
compact51__current_roles,2019-04-23 23:00:00,27.4423484387,114.145570336,0,0,0,13,13,7994,6548
compact51__current_roles,2019-04-24 00:00:00,18.7375230519,103.653449143,0,0,0,12,12,4521,6337
compact51__current_roles,2019-04-24 01:00:00,19.6439544035,91.4353690207,0,0,0,12,12,5148,5950
compact51__current_roles,2019-04-24 02:00:00,23.8004627228,63.7931602078,0,0,0,12,12,7148,4267
compact51__current_roles,2019-04-24 03:00:00,25.2330675276,64.2726806888,0,0,0,12,12,7542,4339
compact51__current_roles,2019-04-24 04:00:00,22.113758224,70.7607427343,0,0,0,12,12,6463,5032
compact51__current_roles,2019-04-24 05:00:00,17.2665898021,61.7295992901,0,0,0,12,12,3360,3946
compact51__current_roles,2019-04-24 06:00:00,20.1243404902,58.5010256929,0,0,0,12,12,5462,3280
compact51__current_roles,2019-04-24 07:00:00,19.6406097579,39.4561987833,0,0,0,12,12,5146,110
compact51__current_roles,2019-04-24 08:00:00,21.1934178784,40.7661907641,0,0,0,12,12,6030,161
compact51__current_roles,2019-04-24 09:00:00,18.5620134404,35.9224585021,0,0,0,13,13,4411,36
compact51__current_roles,2019-04-24 10:00:00,18.1889034493,37.2109668863,0,0,0,12,12,4090,57
compact51__current_roles,2019-04-24 11:00:00,12.9382985758,42.2457875487,0,0,0,10,10,547,259
compact51__current_roles,2019-04-24 12:00:00,14.6738748467,45.3783110038,0,0,0,12,11,1436,570
compact51__current_roles,2019-04-24 13:00:00,14.6282959167,44.9126441329,0,0,0,12,12,1394,519
compact51__current_roles,2019-04-24 14:00:00,14.2005850805,44.4569889388,0,0,0,12,12,1111,461
compact51__current_roles,2019-04-24 15:00:00,15.4145205086,44.6200197373,0,0,0,11,11,1945,476
compact51__current_roles,2019-04-24 16:00:00,16.0321270052,47.7496641518,0,0,0,12,12,2400,916
compact51__current_roles,2019-04-24 17:00:00,16.038621294,50.7058604269,0,0,0,12,12,2403,1464
compact51__current_roles,2019-04-24 18:00:00,16.0754507475,45.1861423855,0,0,0,12,12,2424,550
compact51__current_roles,2019-04-24 19:00:00,14.743803379,44.0902835579,0,0,0,12,12,1483,422
compact51__current_roles,2019-04-24 20:00:00,14.23312773,41.3304860956,0,0,0,12,12,1132,198
compact51__current_roles,2019-04-24 21:00:00,12.8583879855,47.3791024616,0,0,0,12,12,523,853
compact51__current_roles,2019-04-24 22:00:00,14.716467884,42.5924108976,0,0,0,12,12,1470,281
compact51__current_roles,2019-04-24 23:00:00,20.8348568968,50.575009315,0,0,0,12,12,5863,1431
compact51__current_roles,2019-04-25 00:00:00,17.6304494218,59.2345678968,0,0,0,12,12,3665,3436
compact51__current_roles,2019-04-25 01:00:00,25.6178785647,60.4815979406,0,0,0,12,12,7639,3682
compact51__current_roles,2019-04-25 02:00:00,36.589283401,192.449542178,0,0,0,12,12,8661,7446
compact51__current_roles,2019-04-25 03:00:00,39.3161362892,256.928569567,0,0,0,12,12,8710,7798
compact51__current_roles,2019-04-25 04:00:00,48.1166764763,563.709921603,0,0,0,12,12,8751,8307
compact51__current_roles,2019-04-25 05:00:00,37.0152859449,195.61069227,0,0,0,12,12,8674,7468
compact51__current_roles,2019-04-25 06:00:00,27.3564653001,454.32518816,0,0,0,12,12,7984,8196
compact51__current_roles,2019-04-25 07:00:00,21.5887523745,103.296247305,0,0,0,12,12,6215,6326
compact51__current_roles,2019-04-25 08:00:00,23.7540404477,254.501558989,0,0,0,12,12,7132,7789
compact51__current_roles,2019-04-25 09:00:00,22.4570508511,212.025377537,0,0,0,12,12,6620,7570
compact51__current_roles,2019-04-25 10:00:00,22.9389038125,832.332712333,0,0,0,12,12,6847,8446
compact51__current_roles,2019-04-25 11:00:00,23.1740794319,333.563883438,0,0,0,12,12,6946,8018
compact51__current_roles,2019-04-25 12:00:00,24.2938844928,371.62913583,0,0,0,12,12,7294,8103
compact51__current_roles,2019-04-25 13:00:00,23.8647571042,279.843558106,0,0,0,12,12,7166,7873
compact51__current_roles,2019-04-25 14:00:00,22.9493976914,145.997389342,0,0,0,12,12,6854,7034
compact51__current_roles,2019-04-25 15:00:00,21.1700177627,66.5043227393,0,0,0,12,12,6019,4619
compact51__current_roles,2019-04-25 16:00:00,21.2479483753,67.1556888632,0,0,0,12,12,6061,4687
compact51__current_roles,2019-04-25 17:00:00,19.1295126224,53.9846522482,0,0,0,12,12,4803,2194
compact51__current_roles,2019-04-25 18:00:00,18.6200935807,55.4585309938,0,0,0,12,12,4442,2574
compact51__current_roles,2019-04-25 19:00:00,17.5427873158,51.1496725647,0,0,0,12,12,3598,1553
compact51__current_roles,2019-04-25 20:00:00,14.6475344394,41.8764248716,0,0,0,12,12,1412,231
compact51__current_roles,2019-04-25 21:00:00,15.0508595692,44.9663206668,0,0,0,12,12,1682,526
compact51__current_roles,2019-04-25 22:00:00,17.2921218899,51.2168381935,0,0,0,12,12,3387,1563
compact51__current_roles,2019-04-25 23:00:00,24.8048486934,75.4065394946,0,0,0,12,12,7429,5354
compact51__current_roles,2019-04-26 00:00:00,23.9790356184,91.334531951,0,0,0,12,12,7200,5946
compact51__current_roles,2019-04-26 01:00:00,24.7372266725,76.4183194558,0,0,0,12,12,7413,5404
compact51__current_roles,2019-04-26 02:00:00,27.5801336321,73.5369967168,0,0,0,12,12,8012,5247
compact51__current_roles,2019-04-26 03:00:00,27.6788155326,48.3763045675,0,0,0,12,12,8019,1035
compact51__current_roles,2019-04-26 04:00:00,35.0599133132,63.3632087375,0,0,0,12,12,8620,4213
compact51__current_roles,2019-04-26 05:00:00,40.2864446214,88.0511805307,0,0,0,12,12,8721,5840
compact51__current_roles,2019-04-26 06:00:00,19.2504441059,44.8480028907,0,0,0,12,12,4883,511
compact51__current_roles,2019-04-26 07:00:00,17.1970002151,35.3192559809,0,0,0,12,12,3297,32
compact51__current_roles,2019-04-26 08:00:00,17.4635600233,32.5974245016,0,0,0,12,12,3534,16
compact51__current_roles,2019-04-26 09:00:00,15.7227305111,39.0279239664,0,0,0,12,12,2165,97
compact51__current_roles,2019-04-26 10:00:00,17.4221154553,33.7458847938,0,0,0,12,12,3498,21
compact51__current_roles,2019-04-26 11:00:00,15.4446741204,35.3071872023,0,0,0,13,13,1963,31
compact51__current_roles,2019-04-26 12:00:00,13.9686315749,36.564082184,0,0,0,12,12,982,48
compact51__current_roles,2019-04-26 13:00:00,12.5428263254,32.3571713659,0,0,0,12,12,423,15
compact51__current_roles,2019-04-26 14:00:00,11.6224891086,33.7797035769,0,0,0,12,12,164,22
compact51__current_roles,2019-04-26 15:00:00,13.2800550797,37.6023560229,0,0,0,12,12,683,68
compact51__current_roles,2019-04-26 16:00:00,14.6833915695,33.7028446004,0,0,0,12,12,1441,20
compact51__current_roles,2019-04-26 17:00:00,14.3062162465,41.3478102729,0,0,0,12,12,1183,200
compact51__current_roles,2019-04-26 18:00:00,15.9397136576,48.0808487377,0,0,0,12,12,2347,977
compact51__current_roles,2019-04-26 19:00:00,15.018975556,49.7940262087,0,0,0,12,12,1664,1306
compact51__current_roles,2019-04-26 20:00:00,17.4463840233,53.6702037897,0,0,0,12,12,3515,2125
compact51__current_roles,2019-04-26 21:00:00,19.1061600925,49.095262289,0,0,0,12,12,4788,1167
compact51__current_roles,2019-04-26 22:00:00,21.5272357217,59.1709002793,0,0,0,12,12,6192,3419
compact51__current_roles,2019-04-26 23:00:00,22.5350331921,59.0438968407,0,0,0,12,12,6665,3392
compact51__current_roles,2019-04-27 00:00:00,25.1046781653,85.9697450339,0,0,0,12,12,7509,5790
compact51__current_roles,2019-04-27 01:00:00,28.716034878,92.8796566544,0,0,0,12,12,8184,5998
compact51__current_roles,2019-04-27 02:00:00,28.3544287734,73.7356047622,0,0,0,12,12,8126,5263
compact51__current_roles,2019-04-27 03:00:00,25.7795913523,59.3296124421,0,0,0,12,12,7674,3461
compact51__current_roles,2019-04-27 04:00:00,28.5271770045,86.6974466174,0,0,0,12,12,8153,5805
compact51__current_roles,2019-04-27 05:00:00,20.591878776,65.9652263157,0,0,0,12,12,5723,4557
compact51__current_roles,2019-04-27 06:00:00,19.7586882741,47.5998072975,0,0,0,12,12,5220,891
compact51__current_roles,2019-04-27 07:00:00,13.6880077362,36.3992235358,0,0,0,13,12,863,43
compact51__current_roles,2019-04-27 08:00:00,13.0533646034,33.9596335282,0,0,0,12,12,584,24
compact51__current_roles,2019-04-27 09:00:00,14.568011636,36.6259646251,0,0,0,12,12,1347,49
compact51__current_roles,2019-04-27 10:00:00,15.7305286505,41.7694860899,0,0,0,12,12,2172,224
compact51__current_roles,2019-04-27 11:00:00,15.2793301094,44.5816220606,0,0,0,12,12,1844,471
compact51__current_roles,2019-04-27 12:00:00,15.3400712643,43.7359896087,0,0,0,12,12,1886,382
compact51__current_roles,2019-04-27 13:00:00,16.9335951624,44.4073469669,0,0,0,12,12,3102,455
compact51__current_roles,2019-04-27 14:00:00,14.3833147683,40.8101423016,0,0,0,12,12,1235,169
compact51__current_roles,2019-04-27 15:00:00,12.9418077655,42.909563282,0,0,0,12,12,549,311
compact51__current_roles,2019-04-27 16:00:00,14.7986935157,45.7224889287,0,0,0,12,12,1512,604
compact51__current_roles,2019-04-27 17:00:00,16.7074474042,38.5048683061,0,0,0,12,12,2925,80
compact51__current_roles,2019-04-27 18:00:00,17.2310252933,34.9122527332,0,0,0,12,12,3326,27
compact51__current_roles,2019-04-27 19:00:00,19.7657822113,46.8505703199,0,0,0,12,12,5226,766
compact51__current_roles,2019-04-27 20:00:00,17.7015634489,43.5744820902,0,0,0,12,12,3718,361
compact51__current_roles,2019-04-27 21:00:00,15.7741853438,33.5745026106,0,0,0,12,12,2210,19
compact51__current_roles,2019-04-27 22:00:00,18.5053223792,41.185128338,0,0,0,12,12,4364,188
compact51__current_roles,2019-04-27 23:00:00,20.1027986519,42.2414005959,0,0,0,12,12,5440,258
compact51__current_roles,2019-04-28 00:00:00,20.1238308983,47.4208718833,0,0,0,12,12,5461,858
compact51__current_roles,2019-04-28 01:00:00,26.9321102011,83.5155921092,0,0,0,12,12,7922,5690
compact51__current_roles,2019-04-28 02:00:00,30.6801664065,123.940772594,0,0,0,12,12,8407,6741
compact51__current_roles,2019-04-28 03:00:00,28.8873896599,58.2667023253,0,0,0,12,12,8200,3227
compact51__current_roles,2019-04-28 04:00:00,28.0077336694,56.0999824077,0,0,0,12,12,8066,2723
compact51__current_roles,2019-04-28 05:00:00,24.5985941318,60.734833952,0,0,0,12,12,7373,3741
compact51__current_roles,2019-04-28 06:00:00,20.8119814154,57.9691101707,0,0,0,12,12,5848,3171
compact51__current_roles,2019-04-28 07:00:00,24.1247860696,53.7812146402,0,0,0,12,12,7243,2149
compact51__current_roles,2019-04-28 08:00:00,22.4409856931,62.6770437076,0,0,0,12,12,6610,4097
compact51__current_roles,2019-04-28 09:00:00,22.1878771429,60.0549949471,0,0,0,12,12,6499,3600
compact51__current_roles,2019-04-28 10:00:00,19.8289104737,59.0080684641,0,0,0,12,12,5273,3383
compact51__current_roles,2019-04-28 11:00:00,18.0672812145,56.7528040813,0,0,0,12,12,4016,2877
compact51__current_roles,2019-04-28 12:00:00,15.9557881808,58.6467272425,0,0,0,12,12,2357,3310
compact51__current_roles,2019-04-28 13:00:00,17.627307722,60.6306047238,0,0,0,12,12,3664,3720
compact51__current_roles,2019-04-28 14:00:00,15.8837604731,53.2013315305,0,0,0,12,12,2300,2006
compact51__current_roles,2019-04-28 15:00:00,17.0287938735,54.7774622499,0,0,0,12,12,3168,2397
compact51__current_roles,2019-04-28 16:00:00,16.1694112654,51.5796973614,0,0,0,12,12,2507,1657
compact51__current_roles,2019-04-28 17:00:00,12.7178385219,44.839202612,0,0,0,12,12,474,510
compact51__current_roles,2019-04-28 18:00:00,15.8711062747,41.3121716631,0,0,0,12,12,2293,194
compact51__current_roles,2019-04-28 19:00:00,20.0447318004,45.0221289736,0,0,0,12,12,5401,530
compact51__current_roles,2019-04-28 20:00:00,20.1674686263,46.0658701407,0,0,0,12,12,5479,647
compact51__current_roles,2019-04-28 21:00:00,18.8953294761,43.7794816024,0,0,0,12,12,4643,389
compact51__current_roles,2019-04-28 22:00:00,22.5259882801,55.5771566981,0,0,0,12,12,6660,2596
compact51__current_roles,2019-04-28 23:00:00,26.6253138569,60.4342359256,0,0,0,12,12,7862,3671
compact51__current_roles,2019-04-29 00:00:00,28.492890376,189.901536678,0,0,0,12,12,8148,7421
compact51__current_roles,2019-04-29 01:00:00,28.8001266973,5651.54590927,1,0,0,12,12,8190,8719
compact51__current_roles,2019-04-29 02:00:00,28.3345240325,1173.06029168,0,0,0,12,12,8123,8532
compact51__current_roles,2019-04-29 03:00:00,25.9593761023,376.169529715,1,0,0,12,12,7714,8107
compact51__current_roles,2019-04-29 04:00:00,30.5296906489,365.477152526,0,0,0,12,12,8397,8093
compact51__current_roles,2019-04-29 05:00:00,23.1077481683,97.4578165574,0,0,0,13,13,6924,6161
compact51__current_roles,2019-04-29 06:00:00,17.3908778696,45.4252119574,0,0,0,12,12,3473,577
compact51__current_roles,2019-04-29 07:00:00,21.5499335576,39.0355199088,0,0,0,12,12,6199,98
compact51__current_roles,2019-04-29 08:00:00,20.3204666929,43.6354377524,0,0,0,12,12,5574,370
compact51__current_roles,2019-04-29 09:00:00,18.984526448,74.9078397898,0,0,0,12,12,4710,5328
compact51__current_roles,2019-04-29 10:00:00,19.7766214132,134.622662853,0,0,0,12,12,5237,6896
compact51__current_roles,2019-04-29 11:00:00,24.2984392902,169.686479646,0,0,0,12,12,7296,7279
compact51__current_roles,2019-04-29 12:00:00,22.1298120335,61.2622026861,0,0,0,12,12,6476,3851
compact51__current_roles,2019-04-29 13:00:00,21.3379440827,88.7347654491,0,0,0,12,12,6115,5862
compact51__current_roles,2019-04-29 14:00:00,23.4873834138,98.2953964981,0,0,0,12,12,7038,6178
compact51__current_roles,2019-04-29 15:00:00,21.3338656114,52.0787936772,0,0,0,12,12,6113,1764
compact51__current_roles,2019-04-29 16:00:00,20.8977627238,63.6686177501,0,0,0,12,12,5887,4255
compact51__current_roles,2019-04-29 17:00:00,22.4736152268,67.3416436127,0,0,0,12,12,6630,4708
compact51__current_roles,2019-04-29 18:00:00,19.8844910273,63.0676596094,0,0,0,12,12,5304,4167
compact51__current_roles,2019-04-29 19:00:00,17.5241638875,60.0792981981,0,0,0,12,12,3581,3609
compact51__current_roles,2019-04-29 20:00:00,24.9757293077,61.0305388214,0,0,0,12,12,7480,3804
compact51__current_roles,2019-04-29 21:00:00,22.6328559143,58.6589342003,0,0,0,12,12,6707,3313
compact51__current_roles,2019-04-29 22:00:00,19.6144947559,61.3636747773,0,0,0,12,12,5132,3873
compact51__current_roles,2019-04-29 23:00:00,21.2584506925,68.7913072599,0,0,0,12,12,6069,4835
compact51__current_roles,2019-04-30 00:00:00,17.6230323384,37.3390138756,0,0,0,12,12,3659,60
compact51__current_roles,2019-04-30 01:00:00,26.4476792649,55.6335597689,0,0,0,12,12,7824,2608
compact51__current_roles,2019-04-30 02:00:00,19.436980381,70.0836855234,0,0,0,12,12,4999,4967
compact51__current_roles,2019-04-30 03:00:00,17.9689215813,52.4237214245,0,0,0,12,12,3944,1828
compact51__current_roles,2019-04-30 04:00:00,26.6076396507,57.7889951151,0,0,0,12,12,7856,3131
compact51__current_roles,2019-04-30 05:00:00,30.6680131418,62.5045231863,0,0,0,12,12,8406,4072
compact51__current_roles,2019-04-30 06:00:00,17.076135791,47.0904579488,0,0,0,12,12,3203,803
compact51__current_roles,2019-04-30 07:00:00,22.6891725886,64.7450607764,0,0,0,13,13,6736,4409
compact51__current_roles,2019-04-30 08:00:00,30.2227784339,80.9437039968,0,0,0,11,11,8377,5600
compact51__current_roles,2019-04-30 09:00:00,31.4082026033,154.150705985,1,0,0,12,12,8458,7135
compact51__current_roles,2019-04-30 10:00:00,23.0755725046,88.7526336867,0,0,0,12,12,6916,5863
compact51__current_roles,2019-04-30 11:00:00,22.8784520875,1042.57793285,1,0,0,12,12,6823,8504
compact51__current_roles,2019-04-30 12:00:00,23.3750542948,284.949957701,0,0,0,12,12,7004,7896
compact51__current_roles,2019-04-30 13:00:00,20.9392523876,153.052483113,0,0,0,12,12,5915,7118
compact51__current_roles,2019-04-30 14:00:00,15.8980987856,200.296607133,0,0,0,13,12,2312,7504
compact51__current_roles,2019-04-30 15:00:00,15.9279183059,162.254099524,0,0,0,12,12,2336,7211
compact51__current_roles,2019-04-30 16:00:00,19.9215404501,122.025360107,0,0,0,12,12,5326,6697
compact51__current_roles,2019-04-30 17:00:00,21.6776798497,89.0207252164,0,0,0,12,12,6248,5870
compact51__current_roles,2019-04-30 18:00:00,21.431990346,83.5778963409,0,0,0,12,12,6148,5693
compact51__current_roles,2019-04-30 19:00:00,22.1838900452,77.9139404808,0,0,0,12,12,6496,5472
compact51__current_roles,2019-04-30 20:00:00,22.1851680572,119.38525728,0,0,0,12,12,6498,6639
compact51__current_roles,2019-04-30 21:00:00,22.0107495681,85.4596253351,0,0,0,12,12,6415,5771
compact51__current_roles,2019-04-30 22:00:00,21.4436031757,83.4570404317,0,0,0,12,12,6155,5689
compact51__current_roles,2019-04-30 23:00:00,29.9020381009,87.846855691,0,0,0,12,12,8335,5836
compact51__current_roles,2019-05-01 00:00:00,26.5227111266,67.9677218676,0,0,0,12,12,7842,4768
compact51__current_roles,2019-05-01 01:00:00,25.3105900985,70.746450088,0,0,0,12,12,7561,5031
compact51__current_roles,2019-05-01 02:00:00,24.9112900654,64.9452771719,0,0,0,12,12,7462,4439
compact51__current_roles,2019-05-01 03:00:00,20.0204672287,57.1675176937,0,0,0,12,12,5386,2978
compact51__current_roles,2019-05-01 04:00:00,28.3509543153,106.290602493,0,0,0,12,12,8125,6397
compact51__current_roles,2019-05-01 05:00:00,29.9735161342,99.0326014445,0,0,0,12,12,8347,6198
compact51__current_roles,2019-05-01 06:00:00,25.1137603426,79.935578455,0,0,0,12,12,7510,5556
compact51__current_roles,2019-05-01 07:00:00,24.969125894,82.7214643841,0,0,0,12,12,7478,5658
compact51__current_roles,2019-05-01 08:00:00,23.0044465923,159.904705888,0,0,0,12,12,6885,7191
compact51__current_roles,2019-05-01 09:00:00,18.0332030718,47.8751593834,0,0,0,12,12,3990,934
compact51__current_roles,2019-05-01 10:00:00,24.9000906955,189.86046193,0,0,0,12,12,7454,7420
compact51__current_roles,2019-05-01 11:00:00,23.4517312379,279.835202734,0,0,0,12,12,7025,7872
compact51__current_roles,2019-05-01 12:00:00,15.5485352964,122.914585001,0,0,0,12,12,2031,6716
compact51__current_roles,2019-05-01 13:00:00,22.4100404669,2303.5952251,1,0,0,12,12,6599,8641
compact51__current_roles,2019-05-01 14:00:00,22.0194858781,187.383192199,0,0,0,12,12,6420,7407
compact51__current_roles,2019-05-01 15:00:00,21.1951457309,215.07130632,0,0,0,12,12,6031,7582
compact51__current_roles,2019-05-01 16:00:00,23.4770080357,196.129255408,0,0,0,14,14,7035,7471
compact51__current_roles,2019-05-01 17:00:00,24.8919199126,208.432317806,0,0,0,12,12,7451,7554
compact51__current_roles,2019-05-01 18:00:00,22.7545055848,44.1998315024,0,0,0,12,12,6765,433
compact51__current_roles,2019-05-01 19:00:00,23.2123070434,44.1541493293,0,0,0,12,12,6958,427
compact51__current_roles,2019-05-01 20:00:00,23.3167082201,37.2162295212,0,0,0,12,12,6985,58
compact51__current_roles,2019-05-01 21:00:00,22.6362739867,79.1966415808,0,0,0,12,12,6709,5524
compact51__current_roles,2019-05-01 22:00:00,22.4952235511,38.7162787928,0,0,0,12,12,6646,87
compact51__current_roles,2019-05-01 23:00:00,22.9178512662,57.4633451595,0,0,0,12,12,6838,3060
compact51__current_roles,2019-05-02 00:00:00,19.4359181607,58.1677985736,0,0,0,12,12,4998,3210
compact51__current_roles,2019-05-02 01:00:00,18.854233215,75.9608802468,0,0,0,12,12,4616,5388
compact51__current_roles,2019-05-02 02:00:00,21.2010823567,96.5547915269,0,0,0,12,12,6033,6140
compact51__current_roles,2019-05-02 03:00:00,27.5150174021,99.3176766004,0,0,0,12,12,8001,6210
compact51__current_roles,2019-05-02 04:00:00,35.4615422947,80.7033873653,0,0,0,12,12,8627,5584
compact51__current_roles,2019-05-02 05:00:00,31.2785833621,64.7036811677,0,0,0,12,12,8450,4405
compact51__current_roles,2019-05-02 06:00:00,18.7816589081,52.9295383342,0,0,0,12,12,4554,1941
compact51__current_roles,2019-05-02 07:00:00,19.3637969221,41.2784070249,0,0,0,12,12,4949,190
compact51__current_roles,2019-05-02 08:00:00,17.8834713428,42.9969151121,0,0,0,12,12,3871,317
compact51__current_roles,2019-05-02 09:00:00,19.2132653766,51.6385896202,0,0,0,12,12,4858,1666
compact51__current_roles,2019-05-02 10:00:00,17.5169152014,43.6033082795,0,0,0,12,12,3576,366
compact51__current_roles,2019-05-02 11:00:00,19.0700174321,41.6026628622,0,0,0,12,12,4771,214
compact51__current_roles,2019-05-02 12:00:00,20.7436802483,80.7099308909,0,0,0,12,12,5798,5585
compact51__current_roles,2019-05-02 13:00:00,20.3328967478,71.3702886761,0,0,0,13,12,5581,5086
compact51__current_roles,2019-05-02 14:00:00,18.2773221676,47.0208550837,0,0,0,12,12,4173,795
compact51__current_roles,2019-05-02 15:00:00,17.1746093927,37.7657847837,0,0,0,13,13,3283,69
compact51__current_roles,2019-05-02 16:00:00,18.9818179875,33.8047715615,0,0,0,12,12,4707,23
compact51__current_roles,2019-05-02 17:00:00,16.0800948159,45.9449637708,0,0,0,12,12,2428,629
compact51__current_roles,2019-05-02 18:00:00,16.4988215795,41.8228923799,0,0,0,12,12,2752,228
compact51__current_roles,2019-05-02 19:00:00,15.2887806532,43.211860828,0,0,0,12,12,1851,329
compact51__current_roles,2019-05-02 20:00:00,19.3541317495,37.4122763625,0,0,0,12,12,4942,61
compact51__current_roles,2019-05-02 21:00:00,17.3102553539,44.5939912934,0,0,0,12,12,3406,473
compact51__current_roles,2019-05-02 22:00:00,19.6281928371,54.3441714599,0,0,0,12,12,5140,2284
compact51__current_roles,2019-05-02 23:00:00,22.9496964656,47.5268455139,0,0,0,12,12,6855,873
compact51__current_roles,2019-05-03 00:00:00,20.0597261944,55.011237748,0,0,0,12,12,5408,2456
compact51__current_roles,2019-05-03 01:00:00,19.4197481953,52.4697127109,0,0,0,12,12,4989,1837
compact51__current_roles,2019-05-03 02:00:00,18.5779728451,53.9649897076,0,0,0,12,12,4416,2189
compact51__current_roles,2019-05-03 03:00:00,18.4308185205,51.1776104557,0,0,0,12,12,4324,1558
compact51__current_roles,2019-05-03 04:00:00,23.1977286839,57.8006380711,0,0,0,12,12,6953,3136
compact51__current_roles,2019-05-03 05:00:00,33.00453267,59.492021986,0,0,0,12,12,8544,3490
compact51__current_roles,2019-05-03 06:00:00,23.6984097133,58.0829454786,0,0,0,12,12,7116,3191
compact51__current_roles,2019-05-03 07:00:00,17.7736800414,40.6922237622,0,0,0,12,12,3777,154
compact51__current_roles,2019-05-03 08:00:00,17.5394271516,36.4514538854,0,0,0,12,12,3594,44
compact51__current_roles,2019-05-03 09:00:00,18.659845497,33.1480377963,0,0,0,12,12,4471,18
compact51__current_roles,2019-05-03 10:00:00,15.9377108431,36.5146694828,0,0,0,12,12,2346,46
compact51__current_roles,2019-05-03 11:00:00,13.1296961941,45.0483733296,0,0,0,12,12,615,536
compact51__current_roles,2019-05-03 12:00:00,16.9034921665,63.4329618969,0,0,0,12,12,3074,4220
compact51__current_roles,2019-05-03 13:00:00,20.1134509607,73.4590142691,0,0,0,12,12,5451,5243
compact51__current_roles,2019-05-03 14:00:00,17.3803570657,67.0694256223,0,0,0,12,12,3460,4674
compact51__current_roles,2019-05-03 15:00:00,17.1698099313,61.0444445956,0,0,0,12,12,3279,3811
compact51__current_roles,2019-05-03 16:00:00,19.4419683216,55.1783846139,0,0,0,12,12,5007,2499
compact51__current_roles,2019-05-03 17:00:00,17.7119509389,51.882510667,0,0,0,12,12,3733,1718
compact51__current_roles,2019-05-03 18:00:00,16.766673665,54.7701908217,0,0,0,12,12,2966,2394
compact51__current_roles,2019-05-03 19:00:00,15.1239185916,57.1036905775,0,0,0,12,12,1728,2960
compact51__current_roles,2019-05-03 20:00:00,15.497954023,53.2929178613,0,0,0,12,12,1996,2034
compact51__current_roles,2019-05-03 21:00:00,18.6312664672,55.6194073263,0,0,0,12,12,4448,2605
compact51__current_roles,2019-05-03 22:00:00,23.1110244309,46.994314464,0,0,0,12,12,6926,790
compact51__current_roles,2019-05-03 23:00:00,28.6619706182,58.6558400974,0,0,0,12,12,8176,3312
compact51__current_roles,2019-05-04 00:00:00,20.2592930551,56.6679344088,0,0,0,12,12,5532,2854
compact51__current_roles,2019-05-04 01:00:00,18.9388641905,54.0888246831,0,0,0,12,12,4680,2216
compact51__current_roles,2019-05-04 02:00:00,18.9368027536,57.8827848573,0,0,0,12,12,4678,3154
compact51__current_roles,2019-05-04 03:00:00,18.8319032419,57.6108370222,0,0,0,12,12,4599,3088
compact51__current_roles,2019-05-04 04:00:00,22.2161880567,57.1013112781,0,0,0,12,12,6515,2959
compact51__current_roles,2019-05-04 05:00:00,16.4613302694,49.1974472359,0,0,0,12,12,2722,1179
compact51__current_roles,2019-05-04 06:00:00,19.0359566879,62.1771442737,0,0,0,12,12,4743,4018
compact51__current_roles,2019-05-04 07:00:00,24.219649811,70.0962475621,0,0,0,12,12,7272,4968
compact51__current_roles,2019-05-04 08:00:00,22.1279156327,89.4645753965,0,0,0,12,12,6472,5892
compact51__current_roles,2019-05-04 09:00:00,21.691652666,61.2955490482,0,0,0,12,12,6256,3859
compact51__current_roles,2019-05-04 10:00:00,23.6188778644,66.7306513329,0,0,0,12,12,7079,4638
compact51__current_roles,2019-05-04 11:00:00,27.72972889,69.7949417626,0,0,0,12,12,8029,4936
compact51__current_roles,2019-05-04 12:00:00,23.6281301958,64.2097664269,0,0,0,12,12,7084,4329
compact51__current_roles,2019-05-04 13:00:00,21.9007620728,68.0925388187,0,0,0,12,12,6355,4780
compact51__current_roles,2019-05-04 14:00:00,18.1924180669,72.8507140718,0,0,0,12,12,4093,5192
compact51__current_roles,2019-05-04 15:00:00,20.2700614523,71.708360155,0,0,0,12,12,5539,5103
compact51__current_roles,2019-05-04 16:00:00,21.3951901677,71.1222325415,0,0,0,12,12,6133,5059
compact51__current_roles,2019-05-04 17:00:00,22.6129368463,67.7668249668,0,0,0,12,12,6693,4746
compact51__current_roles,2019-05-04 18:00:00,25.4829297552,66.2065355941,0,0,0,12,12,7602,4588
compact51__current_roles,2019-05-04 19:00:00,26.3343093332,66.4285045844,0,0,0,12,12,7802,4611
compact51__current_roles,2019-05-04 20:00:00,25.4246581832,58.4283907937,0,0,0,12,12,7587,3262
compact51__current_roles,2019-05-04 21:00:00,24.712622454,54.8465516538,0,0,0,12,12,7407,2419
compact51__current_roles,2019-05-04 22:00:00,25.9303153484,65.0631729887,0,0,0,12,12,7704,4451
compact51__current_roles,2019-05-04 23:00:00,24.8935817519,69.5869339489,0,0,0,12,12,7452,4918
compact51__current_roles,2019-05-05 00:00:00,18.8067778446,83.2115590052,0,0,0,12,12,4571,5683
compact51__current_roles,2019-05-05 01:00:00,20.7884824197,84.544712849,0,0,0,12,12,5830,5735
compact51__current_roles,2019-05-05 02:00:00,23.5900417146,83.0616764404,0,0,0,12,12,7068,5675
compact51__current_roles,2019-05-05 03:00:00,22.670364016,79.170016524,0,0,0,12,12,6729,5521
compact51__current_roles,2019-05-05 04:00:00,23.823278032,79.676945649,0,0,0,12,12,7153,5545
compact51__current_roles,2019-05-05 05:00:00,22.9871868663,76.5619774036,0,0,0,12,12,6879,5410
compact51__current_roles,2019-05-05 06:00:00,22.1133485042,78.1697724195,0,0,0,12,12,6462,5486
compact51__current_roles,2019-05-05 07:00:00,22.5712499222,87.3456455266,0,0,0,12,12,6681,5823
compact51__current_roles,2019-05-05 08:00:00,18.590558948,84.2191875719,0,0,0,12,12,4423,5720
compact51__current_roles,2019-05-05 09:00:00,17.7439804912,82.8526567043,0,0,0,12,12,3760,5665
compact51__current_roles,2019-05-05 10:00:00,17.2367409246,84.9250527519,0,0,0,12,12,3330,5746
compact51__current_roles,2019-05-05 11:00:00,16.7328401989,80.1448925081,0,0,0,12,12,2939,5560
compact51__current_roles,2019-05-05 12:00:00,15.7747488586,72.3882215695,0,0,0,12,12,2213,5162
compact51__current_roles,2019-05-05 13:00:00,16.3379049675,73.7836171392,0,0,0,12,12,2614,5273
compact51__current_roles,2019-05-05 14:00:00,16.9760800194,71.9557257628,0,0,0,12,12,3125,5125
compact51__current_roles,2019-05-05 15:00:00,17.2790525557,74.5865934382,0,0,0,12,12,3371,5313
compact51__current_roles,2019-05-05 16:00:00,16.5415391138,74.001603342,0,0,0,12,12,2785,5283
compact51__current_roles,2019-05-05 17:00:00,14.9949743024,70.3555518237,0,0,0,12,12,1657,4992
compact51__current_roles,2019-05-05 18:00:00,15.7001082521,70.1447727344,0,0,0,12,12,2140,4974
compact51__current_roles,2019-05-05 19:00:00,15.5527030588,71.2628178212,0,0,0,12,12,2033,5072
compact51__current_roles,2019-05-05 20:00:00,15.6264269461,65.7293603962,0,0,0,12,12,2093,4534
compact51__current_roles,2019-05-05 21:00:00,13.2706518228,69.6349416977,0,0,0,12,12,678,4922
compact51__current_roles,2019-05-05 22:00:00,17.7839843997,69.1397381537,0,0,0,12,12,3786,4869
compact51__current_roles,2019-05-05 23:00:00,22.4860558942,95.7070945858,0,0,0,12,12,6640,6103
compact51__current_roles,2019-05-06 00:00:00,21.1569138452,85.8662001379,0,0,0,12,12,6012,5783
compact51__current_roles,2019-05-06 01:00:00,23.5265397183,82.8257456157,0,0,0,12,12,7051,5663
compact51__current_roles,2019-05-06 02:00:00,26.4623743809,84.4996243566,0,0,0,12,12,7827,5732
compact51__current_roles,2019-05-06 03:00:00,24.1207947028,80.0377583623,0,0,0,12,12,7241,5558
compact51__current_roles,2019-05-06 04:00:00,25.0225021661,80.4879691723,0,0,0,12,12,7490,5573
compact51__current_roles,2019-05-06 05:00:00,25.6516667184,76.515354812,0,0,0,12,12,7646,5409
compact51__current_roles,2019-05-06 06:00:00,20.5239083387,74.0310860038,0,0,0,12,12,5687,5286
compact51__current_roles,2019-05-06 07:00:00,23.8569758928,73.6538226733,0,0,0,12,12,7160,5254
compact51__current_roles,2019-05-06 08:00:00,26.1850588874,123.068708641,0,0,0,12,12,7757,6718
compact51__current_roles,2019-05-06 09:00:00,27.2414753025,80.4758117338,0,0,0,12,12,7966,5572
compact51__current_roles,2019-05-06 10:00:00,25.3238669326,92.4209533207,0,0,0,12,12,7564,5982
compact51__current_roles,2019-05-06 11:00:00,24.1890941156,72.3811262656,0,0,0,12,12,7263,5160
compact51__current_roles,2019-05-06 12:00:00,25.5836915699,71.5042566995,0,0,0,12,12,7624,5092
compact51__current_roles,2019-05-06 13:00:00,23.5235787049,72.882961111,0,0,0,12,12,7049,5196
compact51__current_roles,2019-05-06 14:00:00,21.9027152349,61.0389576621,0,0,0,12,12,6356,3809
compact51__current_roles,2019-05-06 15:00:00,20.970009923,57.0786813709,0,0,0,12,12,5926,2950
compact51__current_roles,2019-05-06 16:00:00,21.8599007658,46.7797643947,0,0,0,12,12,6338,753
compact51__current_roles,2019-05-06 17:00:00,20.5219844519,49.5007677266,0,0,0,12,12,5685,1246
compact51__current_roles,2019-05-06 18:00:00,21.8293624283,47.5052908158,0,0,0,12,12,6321,871
compact51__current_roles,2019-05-06 19:00:00,19.0401450815,55.2117061793,0,0,0,12,12,4750,2511
compact51__current_roles,2019-05-06 20:00:00,21.1714405893,52.8440245935,0,0,0,12,12,6022,1918
compact51__current_roles,2019-05-06 21:00:00,27.8177545843,57.6854156143,0,0,0,12,12,8045,3106
compact51__current_roles,2019-05-06 22:00:00,25.9661506278,67.1647053289,0,0,0,12,12,7718,4689
compact51__current_roles,2019-05-06 23:00:00,26.3478658718,103.596262368,0,0,0,13,12,7805,6336
compact51__current_roles,2019-05-07 00:00:00,25.0260019114,116.557089267,0,0,0,12,12,7491,6587
compact51__current_roles,2019-05-07 01:00:00,22.0176575208,67.6671711167,0,0,0,12,12,6418,4737
compact51__current_roles,2019-05-07 02:00:00,23.5707500569,66.5015039724,0,0,0,12,12,7063,4618
compact51__current_roles,2019-05-07 03:00:00,27.1908456275,70.7392586754,0,0,0,12,12,7961,5029
compact51__current_roles,2019-05-07 04:00:00,35.405385734,80.5116148403,0,0,0,12,12,8625,5575
compact51__current_roles,2019-05-07 05:00:00,42.7499997447,88.8415806173,0,0,0,12,12,8735,5866
compact51__current_roles,2019-05-07 06:00:00,28.0322169731,79.7170349387,0,0,0,12,12,8071,5547
compact51__current_roles,2019-05-07 07:00:00,19.8962949328,71.9207726552,0,0,0,12,12,5309,5121
compact51__current_roles,2019-05-07 08:00:00,20.376478475,72.398896222,0,0,0,12,12,5611,5163
compact51__current_roles,2019-05-07 09:00:00,22.3168157743,76.1489831746,0,0,0,12,12,6562,5396
compact51__current_roles,2019-05-07 10:00:00,21.5427921339,71.9295556658,0,0,0,12,12,6195,5122
compact51__current_roles,2019-05-07 11:00:00,23.9037440788,73.2758498403,0,0,0,12,12,7180,5226
compact51__current_roles,2019-05-07 12:00:00,19.8657544696,63.2780006254,0,0,0,12,12,5291,4202
compact51__current_roles,2019-05-07 13:00:00,20.6614700776,57.113639854,0,0,0,12,12,5755,2963
compact51__current_roles,2019-05-07 14:00:00,21.8160044579,55.0519828924,0,0,0,12,12,6312,2471
compact51__current_roles,2019-05-07 15:00:00,17.6236429108,55.7194263237,0,0,0,12,12,3660,2630
compact51__current_roles,2019-05-07 16:00:00,18.2452539839,50.0238541735,0,0,0,12,12,4148,1342
compact51__current_roles,2019-05-07 17:00:00,17.0930398955,50.1265978679,0,0,0,12,12,3223,1356
compact51__current_roles,2019-05-07 18:00:00,17.8420167789,48.3542357279,0,0,0,12,12,3837,1030
compact51__current_roles,2019-05-07 19:00:00,16.7904465207,48.9249230795,0,0,0,11,11,2984,1134
compact51__current_roles,2019-05-07 20:00:00,17.3546149462,53.1740054503,0,0,0,12,12,3443,1999
compact51__current_roles,2019-05-07 21:00:00,19.3555476813,46.2633570202,0,0,0,12,12,4943,670
compact51__current_roles,2019-05-07 22:00:00,17.1274112701,51.7542301333,0,0,0,12,12,3238,1697
compact51__current_roles,2019-05-07 23:00:00,24.4358867939,74.2037398556,0,0,0,12,12,7334,5293
compact51__current_roles,2019-05-08 00:00:00,21.0145899481,76.2524028268,0,0,0,12,12,5944,5399
compact51__current_roles,2019-05-08 01:00:00,28.6115397154,132.175969493,0,0,0,12,12,8168,6866
compact51__current_roles,2019-05-08 02:00:00,30.7420057384,135.1651298,0,0,0,12,12,8416,6905
compact51__current_roles,2019-05-08 03:00:00,30.3619407221,153.611052391,0,0,0,12,12,8386,7128
compact51__current_roles,2019-05-08 04:00:00,32.7766233046,182.180550826,0,0,0,12,12,8534,7377
compact51__current_roles,2019-05-08 05:00:00,37.2651725274,138.982873229,0,0,0,12,12,8685,6950
compact51__current_roles,2019-05-08 06:00:00,27.7736592239,89.8628614675,0,0,0,12,12,8037,5905
compact51__current_roles,2019-05-08 07:00:00,24.0114678504,70.1932812547,0,0,0,12,12,7209,4978
compact51__current_roles,2019-05-08 08:00:00,26.5611398417,72.2131113568,0,0,0,12,12,7847,5152
compact51__current_roles,2019-05-08 09:00:00,24.1286224524,63.8710738132,0,0,0,12,12,7245,4278
compact51__current_roles,2019-05-08 10:00:00,21.8147037256,60.1903434531,0,0,0,12,12,6309,3626
compact51__current_roles,2019-05-08 11:00:00,23.6194113757,61.6135533738,0,0,0,12,12,7080,3917
compact51__current_roles,2019-05-08 12:00:00,21.259036897,59.3485902978,0,0,0,12,12,6070,3465
compact51__current_roles,2019-05-08 13:00:00,21.9100057552,62.4502510555,0,0,0,12,12,6362,4061
compact51__current_roles,2019-05-08 14:00:00,21.8676502609,56.7852632228,0,0,0,12,12,6341,2885
compact51__current_roles,2019-05-08 15:00:00,21.2794582519,55.1934966591,0,0,0,12,12,6078,2501
compact51__current_roles,2019-05-08 16:00:00,20.1254141487,53.297079125,0,0,0,12,12,5465,2037
compact51__current_roles,2019-05-08 17:00:00,19.3798273126,52.1011447249,0,0,0,12,12,4958,1768
compact51__current_roles,2019-05-08 18:00:00,20.4049114997,54.1378252661,0,0,0,12,12,5629,2226
compact51__current_roles,2019-05-08 19:00:00,18.1890185388,52.4737396818,0,0,0,12,12,4091,1840
compact51__current_roles,2019-05-08 20:00:00,16.6322748894,46.369530565,0,0,0,12,12,2869,687
compact51__current_roles,2019-05-08 21:00:00,19.6769471684,45.2062035301,0,0,0,12,12,5163,551
compact51__current_roles,2019-05-08 22:00:00,25.1244896084,57.2204555174,0,0,0,12,12,7518,2993
compact51__current_roles,2019-05-08 23:00:00,29.1725354657,114.222810332,0,0,0,12,12,8241,6551
compact51__current_roles,2019-05-09 00:00:00,22.1505766761,51.7836008362,0,0,0,12,12,6485,1700
compact51__current_roles,2019-05-09 01:00:00,25.0156431425,118.77674202,0,0,0,12,12,7489,6628
compact51__current_roles,2019-05-09 02:00:00,28.9904507671,165.447551055,0,0,0,12,12,8218,7241
compact51__current_roles,2019-05-09 03:00:00,29.9532891277,347.045430219,0,0,0,12,12,8343,8056
compact51__current_roles,2019-05-09 04:00:00,29.9756682083,234.789054891,0,0,0,12,12,8348,7691
compact51__current_roles,2019-05-09 05:00:00,29.6532596904,227.847522084,0,0,0,12,12,8304,7657
compact51__current_roles,2019-05-09 06:00:00,25.5440475515,116.296333453,0,0,0,12,12,7612,6582
compact51__current_roles,2019-05-09 07:00:00,19.5011822678,44.4186450532,0,0,0,12,12,5056,457
compact51__current_roles,2019-05-09 08:00:00,20.367475536,55.4881320787,0,0,0,12,12,5609,2582
compact51__current_roles,2019-05-09 09:00:00,18.0597886628,49.3030183002,0,0,0,12,12,4008,1201
compact51__current_roles,2019-05-09 10:00:00,22.439650803,70.4082272648,0,0,0,12,12,6608,4998
compact51__current_roles,2019-05-09 11:00:00,24.6647875945,77.008999299,0,0,0,12,12,7393,5430
compact51__current_roles,2019-05-09 12:00:00,24.9669054847,55.9141208817,0,0,0,12,12,7477,2672
compact51__current_roles,2019-05-09 13:00:00,24.8857625905,58.6992434237,0,0,0,12,12,7446,3325
compact51__current_roles,2019-05-09 14:00:00,24.9189984341,45.8408476474,0,0,0,12,12,7464,618
compact51__current_roles,2019-05-09 15:00:00,25.8201257702,50.3070401036,0,0,0,12,12,7684,1389
compact51__current_roles,2019-05-09 16:00:00,25.2654255946,49.5720616218,0,0,0,12,12,7552,1262
compact51__current_roles,2019-05-09 17:00:00,25.395119675,54.2878114648,0,0,0,12,12,7579,2267
compact51__current_roles,2019-05-09 18:00:00,23.392074067,57.5913993616,0,0,0,12,12,7007,3084
compact51__current_roles,2019-05-09 19:00:00,18.33660854,45.0388682966,0,0,0,12,12,4221,533
compact51__current_roles,2019-05-09 20:00:00,22.311780822,47.9567108485,0,0,0,12,12,6560,952
compact51__current_roles,2019-05-09 21:00:00,26.6478349625,109.56397558,0,0,0,12,12,7866,6456
compact51__current_roles,2019-05-09 22:00:00,22.4857822122,101.359946369,0,0,0,12,12,6639,6275
compact51__current_roles,2019-05-09 23:00:00,26.7872160784,1744.26510589,1,0,0,14,14,7898,8593
compact51__current_roles,2019-05-10 00:00:00,26.8204740443,429.30524212,0,0,0,12,12,7907,8166
compact51__current_roles,2019-05-10 01:00:00,30.7245542281,1578.58343722,0,0,0,12,12,8415,8581
compact51__current_roles,2019-05-10 02:00:00,31.1992953197,742.967234513,0,0,0,12,12,8442,8416
compact51__current_roles,2019-05-10 03:00:00,31.7484508453,317.632485955,0,0,0,12,12,8474,7983
compact51__current_roles,2019-05-10 04:00:00,31.0374226157,244.603599265,0,0,0,12,12,8433,7743
compact51__current_roles,2019-05-10 05:00:00,27.7653906101,317.151139855,0,0,0,12,12,8035,7979
compact51__current_roles,2019-05-10 06:00:00,19.5836121244,53.3673646045,0,0,0,12,12,5110,2056
compact51__current_roles,2019-05-10 07:00:00,17.2795686854,42.6150029302,0,0,0,12,12,3374,283
compact51__current_roles,2019-05-10 08:00:00,16.5268913133,40.7909292165,0,0,0,12,12,2767,165
compact51__current_roles,2019-05-10 09:00:00,17.4197401198,42.8848405947,0,0,0,12,12,3493,310
compact51__current_roles,2019-05-10 10:00:00,20.4496580427,51.9754905798,0,0,0,12,12,5655,1734
compact51__current_roles,2019-05-10 11:00:00,20.3931100495,57.9639589907,0,0,0,12,12,5619,3170
compact51__current_roles,2019-05-10 12:00:00,16.3823402542,46.413760035,0,0,0,12,12,2646,699
compact51__current_roles,2019-05-10 13:00:00,19.9744884148,50.7344353233,0,0,0,12,12,5356,1469
compact51__current_roles,2019-05-10 14:00:00,17.0867392634,47.4822693395,0,0,0,12,12,3212,868
compact51__current_roles,2019-05-10 15:00:00,23.2926766759,53.0519461027,0,0,0,12,12,6980,1976
compact51__current_roles,2019-05-10 16:00:00,21.8938442084,50.6267995709,0,0,0,12,12,6352,1443
compact51__current_roles,2019-05-10 17:00:00,18.1290165971,46.2003189899,0,0,0,12,12,4052,662
compact51__current_roles,2019-05-10 18:00:00,16.6773923458,47.456368157,0,0,0,12,12,2903,864
compact51__current_roles,2019-05-10 19:00:00,16.8117573055,45.1093429351,0,0,0,12,12,2996,540
compact51__current_roles,2019-05-10 20:00:00,19.657563888,52.5853275102,0,0,0,12,12,5152,1866
compact51__current_roles,2019-05-10 21:00:00,20.2407570641,55.2135223395,0,0,0,12,12,5525,2512
compact51__current_roles,2019-05-10 22:00:00,19.3895861189,54.1056007153,0,0,0,12,12,4962,2218
compact51__current_roles,2019-05-10 23:00:00,16.3887929451,49.9192764897,0,0,0,12,12,2655,1326
compact51__current_roles,2019-05-11 00:00:00,15.6161012749,49.0564383317,0,0,0,12,12,2082,1160
compact51__current_roles,2019-05-11 01:00:00,20.5708724998,54.7961649092,0,0,0,12,12,5707,2405
compact51__current_roles,2019-05-11 02:00:00,22.4137825764,56.1893707565,0,0,0,12,12,6600,2747
compact51__current_roles,2019-05-11 03:00:00,26.436418544,66.8968282197,0,0,0,12,12,7822,4653
compact51__current_roles,2019-05-11 04:00:00,26.319442264,62.9698641676,0,0,0,12,12,7797,4149
compact51__current_roles,2019-05-11 05:00:00,31.4135829944,72.223025881,0,0,0,12,12,8459,5154
compact51__current_roles,2019-05-11 06:00:00,20.5067535329,69.9442964989,0,0,0,12,12,5677,4951
compact51__current_roles,2019-05-11 07:00:00,24.0239688688,148.996593788,0,0,0,12,12,7215,7070
compact51__current_roles,2019-05-11 08:00:00,21.3355872121,104.171679844,0,0,0,12,12,6114,6352
compact51__current_roles,2019-05-11 09:00:00,21.5638859887,77.4214223862,0,0,0,12,12,6202,5449
compact51__current_roles,2019-05-11 10:00:00,20.859775292,72.4912517051,0,0,0,12,12,5876,5171
compact51__current_roles,2019-05-11 11:00:00,20.736607393,71.749070877,0,0,0,13,12,5794,5106
compact51__current_roles,2019-05-11 12:00:00,20.0002419033,68.8173030691,0,0,0,12,12,5374,4837
compact51__current_roles,2019-05-11 13:00:00,18.0202939688,72.0548614161,0,0,0,12,12,3981,5130
compact51__current_roles,2019-05-11 14:00:00,19.780880637,75.2854561431,0,0,0,12,12,5241,5350
compact51__current_roles,2019-05-11 15:00:00,21.775879635,78.6922536345,0,0,0,12,12,6294,5502
compact51__current_roles,2019-05-11 16:00:00,26.7969671956,89.2485180008,0,0,0,12,12,7900,5882
compact51__current_roles,2019-05-11 17:00:00,23.7649576308,80.9987059395,0,0,0,12,12,7136,5603
compact51__current_roles,2019-05-11 18:00:00,17.1780119074,69.5454907943,0,0,0,12,12,3285,4911
compact51__current_roles,2019-05-11 19:00:00,20.2764478613,75.697821571,0,0,0,12,12,5546,5375
compact51__current_roles,2019-05-11 20:00:00,18.1603481587,67.8698478662,0,0,0,12,12,4074,4758
compact51__current_roles,2019-05-11 21:00:00,20.4100129158,71.5776426491,0,0,0,12,12,5634,5096
compact51__current_roles,2019-05-11 22:00:00,20.643330393,64.673939663,0,0,0,12,12,5743,4401
compact51__current_roles,2019-05-11 23:00:00,17.0653894096,90.0827576816,0,0,0,12,12,3196,5914
compact51__current_roles,2019-05-12 00:00:00,23.9578131046,62.0432076787,0,0,0,13,13,7195,3996
compact51__current_roles,2019-05-12 01:00:00,23.9607231803,61.286608842,0,0,0,12,12,7196,3857
compact51__current_roles,2019-05-12 02:00:00,26.3998859092,61.1493019243,0,0,0,12,12,7817,3826
compact51__current_roles,2019-05-12 03:00:00,27.9392139396,61.777426386,0,0,0,12,12,8055,3952
compact51__current_roles,2019-05-12 04:00:00,25.5191250497,59.4180554475,0,0,0,12,12,7610,3478
compact51__current_roles,2019-05-12 05:00:00,23.3515133567,58.1024993198,0,0,0,12,12,6997,3197
compact51__current_roles,2019-05-12 06:00:00,26.480463968,56.3785065227,0,0,0,12,12,7831,2792
compact51__current_roles,2019-05-12 07:00:00,26.1990854702,61.0756027283,0,0,0,12,12,7761,3814
compact51__current_roles,2019-05-12 08:00:00,24.3320941419,61.3101681931,0,0,0,12,12,7306,3862
compact51__current_roles,2019-05-12 09:00:00,21.189069846,58.7097299975,0,0,0,12,12,6029,3332
compact51__current_roles,2019-05-12 10:00:00,15.7159709756,56.6891451524,0,0,0,12,12,2155,2858
compact51__current_roles,2019-05-12 11:00:00,16.4068911564,59.8352826765,0,0,0,12,12,2672,3560
compact51__current_roles,2019-05-12 12:00:00,15.769694344,58.4743532538,0,0,0,12,12,2204,3274
compact51__current_roles,2019-05-12 13:00:00,16.090421506,58.174107862,0,0,0,12,12,2434,3212
compact51__current_roles,2019-05-12 14:00:00,18.8154185437,60.7765276258,0,0,0,12,12,4585,3746
compact51__current_roles,2019-05-12 15:00:00,19.3509213317,58.6602146243,0,0,0,12,12,4938,3314
compact51__current_roles,2019-05-12 16:00:00,13.2234808826,54.3847246268,0,0,0,12,12,655,2292
compact51__current_roles,2019-05-12 17:00:00,14.9907259529,56.6585758556,0,0,0,12,12,1656,2852
compact51__current_roles,2019-05-12 18:00:00,14.7690678817,54.4758699436,0,0,0,12,12,1497,2319
compact51__current_roles,2019-05-12 19:00:00,14.1864091248,53.211390182,0,0,0,12,12,1102,2008
compact51__current_roles,2019-05-12 20:00:00,15.7469603468,54.2608778912,0,0,0,12,12,2188,2259
compact51__current_roles,2019-05-12 21:00:00,14.8169716736,52.5488399858,0,0,0,12,12,1529,1859
compact51__current_roles,2019-05-12 22:00:00,17.6212303645,54.404450685,0,0,0,12,12,3657,2300
compact51__current_roles,2019-05-12 23:00:00,19.7069843127,56.838270625,0,0,0,12,12,5184,2893
compact51__current_roles,2019-05-13 00:00:00,18.6131505862,53.855811853,0,0,0,12,12,4441,2163
compact51__current_roles,2019-05-13 01:00:00,20.8826711917,52.5146373585,0,0,0,12,12,5884,1850
compact51__current_roles,2019-05-13 02:00:00,25.2331399373,71.794070347,0,0,0,12,12,7543,5111
compact51__current_roles,2019-05-13 03:00:00,26.7247210471,56.1853555719,0,0,0,12,12,7883,2744
compact51__current_roles,2019-05-13 04:00:00,30.7838104921,61.17502855,0,0,0,12,12,8418,3836
compact51__current_roles,2019-05-13 05:00:00,36.59560883,74.5397739886,0,0,0,12,12,8662,5309
compact51__current_roles,2019-05-13 06:00:00,22.27681364,50.379972821,0,0,0,12,12,6544,1397
compact51__current_roles,2019-05-13 07:00:00,20.755176396,56.8717703186,0,0,0,12,12,5806,2902
compact51__current_roles,2019-05-13 08:00:00,20.6400034198,100.185725413,0,0,0,12,12,5741,6239
compact51__current_roles,2019-05-13 09:00:00,18.9489961965,123.337268997,0,0,0,12,12,4691,6727
compact51__current_roles,2019-05-13 10:00:00,19.5732630445,105.65057836,0,0,0,12,12,5106,6381
compact51__current_roles,2019-05-13 11:00:00,22.7263854555,148.549212704,0,0,0,12,12,6752,7067
compact51__current_roles,2019-05-13 12:00:00,19.4416478098,95.7576080396,0,0,0,12,12,5006,6110
compact51__current_roles,2019-05-13 13:00:00,20.366951287,111.130377462,0,0,0,12,12,5608,6489
compact51__current_roles,2019-05-13 14:00:00,20.4841105632,85.7117105884,0,0,0,12,12,5666,5776
compact51__current_roles,2019-05-13 15:00:00,22.7830805829,130.568895768,0,0,0,12,12,6773,6848
compact51__current_roles,2019-05-13 16:00:00,24.6476827521,124.800975139,0,0,0,12,12,7388,6753
compact51__current_roles,2019-05-13 17:00:00,18.0839009777,70.6068550218,0,0,0,12,12,4027,5014
compact51__current_roles,2019-05-13 18:00:00,15.3137472967,53.3305009207,0,0,0,12,12,1872,2048
compact51__current_roles,2019-05-13 19:00:00,17.0465629263,71.642257975,0,0,0,12,12,3181,5099
compact51__current_roles,2019-05-13 20:00:00,18.7783428452,120.368716028,0,0,0,12,12,4552,6658
compact51__current_roles,2019-05-13 21:00:00,26.9327078812,223.164363631,0,0,0,12,12,7923,7631
compact51__current_roles,2019-05-13 22:00:00,22.5729238712,131.27663391,0,0,0,12,12,6682,6858
compact51__current_roles,2019-05-13 23:00:00,25.5458992429,129.378808027,0,0,0,12,12,7613,6833
compact51__current_roles,2019-05-14 00:00:00,23.4441264363,63.0226689083,0,0,0,12,12,7023,4160
compact51__current_roles,2019-05-14 01:00:00,26.8637235663,73.273355415,0,0,0,12,12,7915,5225
compact51__current_roles,2019-05-14 02:00:00,28.2233117579,86.1194665835,0,0,0,12,12,8109,5793
compact51__current_roles,2019-05-14 03:00:00,34.7366208079,113.44166073,0,0,0,12,12,8613,6538
compact51__current_roles,2019-05-14 04:00:00,34.4360542008,69.2382703904,0,0,0,12,12,8604,4879
compact51__current_roles,2019-05-14 05:00:00,43.8839641994,79.4799441325,0,0,0,12,12,8744,5532
compact51__current_roles,2019-05-14 06:00:00,29.0781369658,69.5683278062,0,0,0,12,12,8228,4914
compact51__current_roles,2019-05-14 07:00:00,19.5943386693,80.8718022335,0,0,0,12,12,5122,5596
compact51__current_roles,2019-05-14 08:00:00,17.0073117259,57.2519646965,0,0,0,12,12,3150,3004
compact51__current_roles,2019-05-14 09:00:00,20.0399761786,118.662251725,0,0,0,12,12,5397,6626
compact51__current_roles,2019-05-14 10:00:00,20.8223580736,112.224404562,0,0,0,12,12,5855,6513
compact51__current_roles,2019-05-14 11:00:00,18.626214357,75.8457177126,0,0,0,12,12,4445,5383
compact51__current_roles,2019-05-14 12:00:00,21.1427717137,95.6651482233,0,0,0,12,12,6004,6100
compact51__current_roles,2019-05-14 13:00:00,21.8622072567,95.7573628268,0,0,0,12,12,6340,6109
compact51__current_roles,2019-05-14 14:00:00,21.1275601373,89.4902019966,0,0,0,12,12,5996,5893
compact51__current_roles,2019-05-14 15:00:00,20.833881235,104.039135581,0,0,0,12,12,5861,6348
compact51__current_roles,2019-05-14 16:00:00,19.4986755307,61.2968699632,0,0,0,12,12,5053,3861
compact51__current_roles,2019-05-14 17:00:00,13.8925015935,48.2955798668,0,0,0,12,12,951,1015
compact51__current_roles,2019-05-14 18:00:00,13.987265112,49.652473617,0,0,0,12,12,995,1275
compact51__current_roles,2019-05-14 19:00:00,12.4759615728,52.098451038,0,0,0,12,12,396,1766
compact51__current_roles,2019-05-14 20:00:00,15.7619599822,57.124228987,0,0,0,12,12,2194,2966
compact51__current_roles,2019-05-14 21:00:00,19.087227197,56.0500806233,0,0,0,12,12,4779,2702
compact51__current_roles,2019-05-14 22:00:00,18.2329937842,51.7938883025,0,0,0,12,12,4139,1702
compact51__current_roles,2019-05-14 23:00:00,19.5312888503,54.6648202367,0,0,0,12,12,5077,2365
compact51__current_roles,2019-05-15 00:00:00,19.0699046632,54.8702465228,0,0,0,12,12,4770,2425
compact51__current_roles,2019-05-15 01:00:00,22.1291334979,57.5464723761,0,0,0,12,12,6474,3076
compact51__current_roles,2019-05-15 02:00:00,24.0050547656,64.369595065,0,0,0,12,12,7207,4353
compact51__current_roles,2019-05-15 03:00:00,26.9901501236,62.1840494187,0,0,0,12,12,7935,4019
compact51__current_roles,2019-05-15 04:00:00,26.6749526305,62.253284512,0,0,0,12,12,7874,4026
compact51__current_roles,2019-05-15 05:00:00,29.453425481,64.3170459271,0,0,0,12,12,8282,4346
compact51__current_roles,2019-05-15 06:00:00,29.3734119824,73.0137871107,0,0,0,12,12,8273,5204
compact51__current_roles,2019-05-15 07:00:00,21.4138007462,65.7166427043,0,0,0,12,12,6141,4533
compact51__current_roles,2019-05-15 08:00:00,20.6069837069,64.857097388,0,0,0,12,12,5729,4424
compact51__current_roles,2019-05-15 09:00:00,18.5803287885,66.6707862981,0,0,0,12,12,4419,4631
compact51__current_roles,2019-05-15 10:00:00,14.7489316385,63.6488107432,0,0,0,12,12,1488,4252
compact51__current_roles,2019-05-15 11:00:00,17.0106181176,68.6658924493,0,0,0,12,12,3153,4827
compact51__current_roles,2019-05-15 12:00:00,20.2509005994,97.8037233813,0,0,0,14,13,5531,6165
compact51__current_roles,2019-05-15 13:00:00,22.038227519,95.555690871,0,0,0,11,11,6426,6095
compact51__current_roles,2019-05-15 14:00:00,23.9520872725,72.9755925398,0,0,0,12,12,7193,5203
compact51__current_roles,2019-05-15 15:00:00,20.6424815503,81.2580454259,0,0,0,12,12,5742,5613
compact51__current_roles,2019-05-15 16:00:00,24.6437451184,73.0689182037,0,0,0,12,12,7385,5210
compact51__current_roles,2019-05-15 17:00:00,21.9283538516,67.2607466928,0,0,0,12,12,6374,4700
compact51__current_roles,2019-05-15 18:00:00,25.1203913563,74.2910891277,0,0,0,12,12,7514,5300
compact51__current_roles,2019-05-15 19:00:00,23.9769990631,64.0501200785,0,0,0,12,12,7199,4298
compact51__current_roles,2019-05-15 20:00:00,20.1360723123,60.153445279,0,0,0,12,12,5469,3619
compact51__current_roles,2019-05-15 21:00:00,24.8571997092,61.4581794461,0,0,0,12,12,7439,3886
compact51__current_roles,2019-05-15 22:00:00,20.8199656245,77.4644883264,0,0,0,12,12,5854,5450
compact51__current_roles,2019-05-15 23:00:00,23.0238487912,70.082128711,0,0,0,12,12,6894,4966
compact51__current_roles,2019-05-16 00:00:00,26.4309300924,61.8069214915,0,0,0,12,12,7821,3959
compact51__current_roles,2019-05-16 01:00:00,28.0365610362,79.768285849,0,0,0,12,12,8074,5550
compact51__current_roles,2019-05-16 02:00:00,28.9772137975,85.301291913,0,0,0,12,12,8217,5764
compact51__current_roles,2019-05-16 03:00:00,30.4743965045,86.3258111602,0,0,0,12,12,8394,5799
compact51__current_roles,2019-05-16 04:00:00,36.1909190882,89.2554938655,0,0,0,12,12,8649,5884
compact51__current_roles,2019-05-16 05:00:00,41.6197105472,72.2824821973,0,0,0,12,12,8729,5157
compact51__current_roles,2019-05-16 06:00:00,34.0162042697,68.8403188486,0,0,0,12,12,8580,4838
compact51__current_roles,2019-05-16 07:00:00,25.2953355171,84.6681852962,0,0,0,12,12,7558,5738
compact51__current_roles,2019-05-16 08:00:00,29.4760547548,105.221901052,0,0,0,12,11,8286,6376
compact51__current_roles,2019-05-16 09:00:00,29.3490661159,126.105392683,0,0,0,12,12,8272,6776
compact51__current_roles,2019-05-16 10:00:00,24.2687409497,110.239864772,0,0,0,12,12,7285,6467
compact51__current_roles,2019-05-16 11:00:00,21.0825774187,132.967993112,0,0,0,9,9,5976,6880
compact51__current_roles,2019-05-16 12:00:00,25.6952419228,73.7552269858,0,0,0,12,12,7657,5267
compact51__current_roles,2019-05-16 13:00:00,18.2974554579,93.2378734644,0,0,0,12,12,4188,6017
compact51__current_roles,2019-05-16 14:00:00,21.8716841178,70.9180794444,0,0,0,12,12,6344,5041
compact51__current_roles,2019-05-16 15:00:00,25.9707133113,74.1927524801,0,0,0,12,12,7719,5290
compact51__current_roles,2019-05-16 16:00:00,28.0334129189,129.409286539,0,0,0,12,12,8072,6835
compact51__current_roles,2019-05-16 17:00:00,37.1384709761,119.307570843,0,0,0,12,11,8680,6638
compact51__current_roles,2019-05-16 18:00:00,23.1171063047,65.1376141811,0,0,0,12,12,6928,4457
compact51__current_roles,2019-05-16 19:00:00,24.7323085766,66.4255190033,0,0,0,12,12,7411,4610
compact51__current_roles,2019-05-16 20:00:00,26.3679975733,90.7858566916,0,0,0,12,12,7808,5928
compact51__current_roles,2019-05-16 21:00:00,24.2397762166,61.0434583688,0,0,0,12,12,7275,3810
compact51__current_roles,2019-05-16 22:00:00,17.6269454718,56.0710193692,0,0,0,12,12,3663,2711
compact51__current_roles,2019-05-16 23:00:00,23.2734342393,65.9824324068,0,0,0,12,12,6977,4561
compact51__current_roles,2019-05-17 00:00:00,24.267593772,60.0671466882,0,0,0,12,12,7284,3604
compact51__current_roles,2019-05-17 01:00:00,23.5431333395,57.6572079799,0,0,0,12,12,7054,3096
compact51__current_roles,2019-05-17 02:00:00,27.291643132,64.4266956352,0,0,0,12,12,7975,4361
compact51__current_roles,2019-05-17 03:00:00,27.5749074357,60.4256468731,0,0,0,12,12,8011,3668
compact51__current_roles,2019-05-17 04:00:00,32.8354745378,73.3012693919,0,0,0,12,12,8536,5228
compact51__current_roles,2019-05-17 05:00:00,34.2928045248,74.0257259247,0,0,0,12,12,8600,5284
compact51__current_roles,2019-05-17 06:00:00,37.9572933382,72.2152910772,0,0,0,12,12,8696,5153
compact51__current_roles,2019-05-17 07:00:00,35.5278643402,69.7204724089,0,0,0,12,12,8630,4929
compact51__current_roles,2019-05-17 08:00:00,21.082474724,68.2747112616,0,0,0,12,12,5975,4792
compact51__current_roles,2019-05-17 09:00:00,16.8499951298,56.9229375559,0,0,0,12,12,3024,2910
compact51__current_roles,2019-05-17 10:00:00,20.6261762428,74.7272054598,0,0,0,12,12,5737,5317
compact51__current_roles,2019-05-17 11:00:00,20.8224326687,75.0208031381,0,0,0,12,12,5856,5333
compact51__current_roles,2019-05-17 12:00:00,25.4934498804,88.0724601386,0,0,0,12,12,7604,5841
compact51__current_roles,2019-05-17 13:00:00,21.5889487625,61.9184796873,0,0,0,12,12,6216,3976
compact51__current_roles,2019-05-17 14:00:00,17.990506692,57.2577356575,0,0,0,12,12,3957,3006
compact51__current_roles,2019-05-17 15:00:00,21.8516442942,60.7804922689,0,0,0,12,12,6334,3747
compact51__current_roles,2019-05-17 16:00:00,14.3131506607,47.7047418412,0,0,0,12,12,1187,907
compact51__current_roles,2019-05-17 17:00:00,17.4346379125,54.1021101402,0,0,0,12,12,3507,2217
compact51__current_roles,2019-05-17 18:00:00,14.2384250019,47.9640619292,0,0,0,12,12,1138,954
compact51__current_roles,2019-05-17 19:00:00,16.2389559164,54.5916072347,0,0,0,12,12,2551,2350
compact51__current_roles,2019-05-17 20:00:00,16.6683874639,53.6970378825,0,0,0,12,12,2897,2131
compact51__current_roles,2019-05-17 21:00:00,16.5605659808,56.2652384506,0,0,0,12,12,2802,2766
compact51__current_roles,2019-05-17 22:00:00,15.8591238343,52.4182621048,0,0,0,12,12,2276,1826
compact51__current_roles,2019-05-17 23:00:00,28.3587760218,70.107234781,0,0,0,12,12,8127,4970
compact51__current_roles,2019-05-18 00:00:00,17.9452880878,51.9982667442,0,0,0,12,12,3925,1742
compact51__current_roles,2019-05-18 01:00:00,23.3991310635,58.139876615,0,0,0,12,12,7010,3204
compact51__current_roles,2019-05-18 02:00:00,25.2297766588,60.4908561888,0,0,0,12,12,7540,3687
compact51__current_roles,2019-05-18 03:00:00,20.7654219,55.0471729115,0,0,0,12,12,5814,2468
compact51__current_roles,2019-05-18 04:00:00,25.8974591638,54.809349245,0,0,0,12,12,7700,2408
compact51__current_roles,2019-05-18 05:00:00,28.080308983,61.9200201175,0,0,0,12,12,8083,3977
compact51__current_roles,2019-05-18 06:00:00,21.0455937722,56.4631081794,0,0,0,12,12,5961,2812
compact51__current_roles,2019-05-18 07:00:00,21.1276944941,96.4420791603,0,0,0,12,12,5997,6136
compact51__current_roles,2019-05-18 08:00:00,18.940531576,77.8994013333,0,0,0,12,12,4682,5470
compact51__current_roles,2019-05-18 09:00:00,17.605827211,67.7321945377,0,0,0,12,12,3650,4741
compact51__current_roles,2019-05-18 10:00:00,17.7491312303,66.9425208095,0,0,0,12,12,3764,4662
compact51__current_roles,2019-05-18 11:00:00,14.5465254422,70.9234054285,0,0,0,12,12,1332,5043
compact51__current_roles,2019-05-18 12:00:00,14.5387549692,59.7029024283,0,0,0,12,12,1323,3534
compact51__current_roles,2019-05-18 13:00:00,16.5087158431,67.9325426553,0,0,0,12,12,2757,4762
compact51__current_roles,2019-05-18 14:00:00,16.5220646655,79.6187864248,0,0,0,12,12,2764,5541
compact51__current_roles,2019-05-18 15:00:00,17.5366532945,111.453382948,0,0,0,12,12,3593,6494
compact51__current_roles,2019-05-18 16:00:00,17.1260741197,127.87146782,0,0,0,12,12,3237,6807
compact51__current_roles,2019-05-18 17:00:00,13.3576425233,72.8680122172,0,0,0,12,12,716,5195
compact51__current_roles,2019-05-18 18:00:00,15.8012168225,59.5048410279,0,0,0,12,12,2235,3494
compact51__current_roles,2019-05-18 19:00:00,15.3466753629,82.3778684101,0,0,0,12,12,1891,5646
compact51__current_roles,2019-05-18 20:00:00,17.4942240209,53.909229917,0,0,0,12,12,3559,2173
compact51__current_roles,2019-05-18 21:00:00,15.8867479621,49.7135067558,0,0,0,12,12,2304,1291
compact51__current_roles,2019-05-18 22:00:00,14.4140951211,48.9939052616,0,0,0,12,12,1254,1144
compact51__current_roles,2019-05-18 23:00:00,14.3686440369,47.3428988076,0,0,0,12,12,1220,844
compact51__current_roles,2019-05-19 00:00:00,20.1449415966,53.8956924808,0,0,0,12,12,5473,2172
compact51__current_roles,2019-05-19 01:00:00,26.2717558031,58.8446552442,0,0,0,12,12,7785,3358
compact51__current_roles,2019-05-19 02:00:00,27.8343881332,68.999528976,0,0,0,12,12,8047,4857
compact51__current_roles,2019-05-19 03:00:00,27.2788217554,63.6597824338,0,0,0,12,12,7972,4254
compact51__current_roles,2019-05-19 04:00:00,26.987631578,62.0328802351,0,0,0,12,12,7933,3993
compact51__current_roles,2019-05-19 05:00:00,30.0905260475,87.0706394388,0,0,0,12,12,8363,5814
compact51__current_roles,2019-05-19 06:00:00,28.67975898,83.8266577179,0,0,0,12,12,8179,5709
compact51__current_roles,2019-05-19 07:00:00,21.7263587496,51.3450624591,0,0,0,12,12,6279,1597
compact51__current_roles,2019-05-19 08:00:00,19.0338989465,55.0890583033,0,0,0,12,12,4742,2479
compact51__current_roles,2019-05-19 09:00:00,18.0150904535,54.7236844089,0,0,0,12,12,3977,2379
compact51__current_roles,2019-05-19 10:00:00,17.2449463058,54.3381138331,0,0,0,12,12,3339,2282
compact51__current_roles,2019-05-19 11:00:00,20.2610462926,58.8182598406,0,0,0,12,12,5533,3352
compact51__current_roles,2019-05-19 12:00:00,21.1074559481,60.1854371626,0,0,0,12,12,5986,3625
compact51__current_roles,2019-05-19 13:00:00,21.150257056,59.0434759628,0,0,0,12,12,6009,3391
compact51__current_roles,2019-05-19 14:00:00,20.6951006138,60.1656873564,0,0,0,12,12,5777,3622
compact51__current_roles,2019-05-19 15:00:00,19.5382406704,65.1204431548,0,0,0,12,12,5083,4456
compact51__current_roles,2019-05-19 16:00:00,20.2318831949,68.4462588601,0,0,0,12,12,5521,4806
compact51__current_roles,2019-05-19 17:00:00,20.1652950915,60.8280209298,0,0,0,12,12,5478,3759
compact51__current_roles,2019-05-19 18:00:00,19.1596214604,56.942116347,0,0,0,12,12,4826,2915
compact51__current_roles,2019-05-19 19:00:00,16.8819299999,52.6143504184,0,0,0,12,12,3055,1876
compact51__current_roles,2019-05-19 20:00:00,16.6118269698,51.4388524366,0,0,0,12,12,2847,1619
compact51__current_roles,2019-05-19 21:00:00,16.5529641153,54.3973153478,0,0,0,12,12,2793,2297
compact51__current_roles,2019-05-19 22:00:00,18.9580711218,57.2193903425,0,0,0,14,14,4695,2992
compact51__current_roles,2019-05-19 23:00:00,13.3635433044,48.0441169071,0,0,0,12,12,718,967
compact51__current_roles,2019-05-20 00:00:00,15.8112691815,48.3203071353,0,0,0,12,12,2242,1024
compact51__current_roles,2019-05-20 01:00:00,19.2221900575,50.7403237772,0,0,0,12,12,4863,1471
compact51__current_roles,2019-05-20 02:00:00,23.4676118554,53.5892887256,0,0,0,12,12,7031,2107
compact51__current_roles,2019-05-20 03:00:00,27.2853728581,57.1828850818,0,0,0,12,12,7974,2982
compact51__current_roles,2019-05-20 04:00:00,26.521856276,59.3186497002,0,0,0,12,12,7841,3457
compact51__current_roles,2019-05-20 05:00:00,29.1403923055,56.2222466034,0,0,0,12,12,8238,2754
compact51__current_roles,2019-05-20 06:00:00,21.1204362147,54.1829775655,0,0,0,12,12,5993,2239
compact51__current_roles,2019-05-20 07:00:00,17.411623178,40.7413793574,0,0,0,12,12,3484,160
compact51__current_roles,2019-05-20 08:00:00,16.2134030955,40.8002936754,0,0,0,13,12,2533,166
compact51__current_roles,2019-05-20 09:00:00,16.0476763306,47.2727314996,0,0,0,12,12,2409,828
compact51__current_roles,2019-05-20 10:00:00,14.70670855,40.4445580068,0,0,0,12,12,1458,146
compact51__current_roles,2019-05-20 11:00:00,15.5812026457,41.3226409456,0,0,0,12,12,2056,197
compact51__current_roles,2019-05-20 12:00:00,23.3618934976,52.2408700387,0,0,0,12,12,7002,1784
compact51__current_roles,2019-05-20 13:00:00,20.4016954911,53.6250720896,0,0,0,12,12,5628,2115
compact51__current_roles,2019-05-20 14:00:00,22.9832568778,71.1620598459,0,0,0,13,12,6877,5064
compact51__current_roles,2019-05-20 15:00:00,24.0399682413,53.0394488372,0,0,0,12,12,7217,1973
compact51__current_roles,2019-05-20 16:00:00,25.6706409629,75.7289249682,0,0,0,12,12,7648,5378
compact51__current_roles,2019-05-20 17:00:00,26.1497184763,80.5038555698,0,0,0,12,12,7748,5574
compact51__current_roles,2019-05-20 18:00:00,24.3576685976,73.897366621,0,0,0,12,12,7315,5279
compact51__current_roles,2019-05-20 19:00:00,22.462938976,51.2601992098,0,0,0,12,12,6625,1574
compact51__current_roles,2019-05-20 20:00:00,22.6828214703,55.5329452059,0,0,0,12,12,6732,2591
compact51__current_roles,2019-05-20 21:00:00,22.3606231575,58.8453640088,0,0,0,12,12,6582,3359
compact51__current_roles,2019-05-20 22:00:00,20.6508057637,74.2345218335,0,0,0,12,12,5748,5296
compact51__current_roles,2019-05-20 23:00:00,21.8720414227,60.8593548975,0,0,0,12,12,6346,3764
compact51__current_roles,2019-05-21 00:00:00,22.8283519885,94.3152574568,0,0,0,12,12,6801,6055
compact51__current_roles,2019-05-21 01:00:00,26.6676489535,75.2585449408,0,0,0,12,12,7872,5347
compact51__current_roles,2019-05-21 02:00:00,25.420461859,61.2671899582,0,0,0,12,12,7585,3853
compact51__current_roles,2019-05-21 03:00:00,28.0688191182,51.3030468434,0,0,0,12,12,8080,1584
compact51__current_roles,2019-05-21 04:00:00,27.1674065873,48.5811678604,0,0,0,12,12,7956,1073
compact51__current_roles,2019-05-21 05:00:00,26.7248401911,66.9879714302,0,0,0,12,12,7884,4666
compact51__current_roles,2019-05-21 06:00:00,28.4435714319,61.0177599699,0,0,0,12,12,8138,3800
compact51__current_roles,2019-05-21 07:00:00,28.0213521785,52.9162516348,0,0,0,12,12,8070,1937
compact51__current_roles,2019-05-21 08:00:00,15.6051864473,42.1945981837,0,0,0,12,12,2072,254
compact51__current_roles,2019-05-21 09:00:00,17.340689928,43.5924527384,0,0,0,12,12,3432,363
compact51__current_roles,2019-05-21 10:00:00,15.9141703053,41.7170556691,0,0,0,12,12,2325,222
compact51__current_roles,2019-05-21 11:00:00,22.4878002841,54.1793274165,0,0,0,12,11,6643,2237
compact51__current_roles,2019-05-21 12:00:00,17.8850371886,53.8097563233,0,0,0,12,12,3872,2155
compact51__current_roles,2019-05-21 13:00:00,19.6780753526,44.4433776999,0,0,0,12,12,5164,459
compact51__current_roles,2019-05-21 14:00:00,12.508956818,36.2501609011,0,0,0,12,12,407,40
compact51__current_roles,2019-05-21 15:00:00,15.3173214466,41.320874928,0,0,0,12,12,1873,195
compact51__current_roles,2019-05-21 16:00:00,13.7406754238,39.817139529,0,0,0,12,12,888,120
compact51__current_roles,2019-05-21 17:00:00,14.0130887949,38.8893131556,0,0,0,12,12,1007,92
compact51__current_roles,2019-05-21 18:00:00,13.7599968049,38.7033704496,0,0,0,12,12,892,86
compact51__current_roles,2019-05-21 19:00:00,11.6902537836,37.4472905864,0,0,0,12,12,181,63
compact51__current_roles,2019-05-21 20:00:00,8.77360921339,31.2600161099,0,0,0,12,12,3,11
compact51__current_roles,2019-05-21 21:00:00,15.7286273155,43.445234407,0,0,0,12,12,2169,348
compact51__current_roles,2019-05-21 22:00:00,15.3395896414,44.6665344566,0,0,0,12,12,1885,480
compact51__current_roles,2019-05-21 23:00:00,17.3267593897,49.3956191309,0,0,0,12,12,3418,1224
compact51__current_roles,2019-05-22 00:00:00,16.6545791977,50.6256772018,0,0,0,12,12,2887,1441
compact51__current_roles,2019-05-22 01:00:00,20.3465439136,52.6521386727,0,0,0,12,12,5591,1886
compact51__current_roles,2019-05-22 02:00:00,21.5973559436,71.3725795373,0,0,0,12,12,6221,5087
compact51__current_roles,2019-05-22 03:00:00,22.4754083658,63.5007853114,0,0,0,12,12,6633,4231
compact51__current_roles,2019-05-22 04:00:00,28.9447470168,51.2633198434,0,0,0,12,12,8208,1577
compact51__current_roles,2019-05-22 05:00:00,25.7936211586,46.9130900665,0,0,0,12,12,7681,775
compact51__current_roles,2019-05-22 06:00:00,27.3977464713,55.4667797615,0,0,0,12,12,7987,2577
compact51__current_roles,2019-05-22 07:00:00,29.1105183995,59.8785117964,0,0,0,12,12,8232,3567
compact51__current_roles,2019-05-22 08:00:00,22.0847704142,60.8944131711,0,0,0,12,12,6451,3774
compact51__current_roles,2019-05-22 09:00:00,30.2635046791,73.2423667559,0,0,0,12,12,8380,5222
compact51__current_roles,2019-05-22 10:00:00,28.0940703508,78.0197997445,0,0,0,12,12,8092,5478
compact51__current_roles,2019-05-22 11:00:00,24.2775458696,69.7793589899,0,0,0,12,12,7288,4935
compact51__current_roles,2019-05-22 12:00:00,24.344888693,69.6807660289,0,0,0,12,12,7309,4927
compact51__current_roles,2019-05-22 13:00:00,21.6234157294,70.4828958897,0,0,0,12,12,6232,5004
compact51__current_roles,2019-05-22 14:00:00,19.9272383029,61.2186708001,0,0,0,12,12,5328,3844
compact51__current_roles,2019-05-22 15:00:00,18.7716280271,62.2451308435,0,0,0,12,12,4545,4023
compact51__current_roles,2019-05-22 16:00:00,23.0836540215,69.1518158717,0,0,0,12,12,6920,4870
compact51__current_roles,2019-05-22 17:00:00,20.6166655444,62.7034144833,0,0,0,12,12,5733,4105
compact51__current_roles,2019-05-22 18:00:00,19.3383437548,54.073688249,0,0,0,12,12,4931,2215
compact51__current_roles,2019-05-22 19:00:00,16.216838542,49.4735000899,0,0,0,12,12,2536,1240
compact51__current_roles,2019-05-22 20:00:00,18.0909895331,44.3908611267,0,0,0,12,12,4031,454
compact51__current_roles,2019-05-22 21:00:00,15.8048606675,48.2740408772,0,0,0,12,12,2240,1010
compact51__current_roles,2019-05-22 22:00:00,16.4375449022,46.7721865952,0,0,0,12,12,2703,752
compact51__current_roles,2019-05-22 23:00:00,16.6320613346,58.7072089025,0,0,0,12,12,2866,3329
compact51__current_roles,2019-05-23 00:00:00,22.0402790513,65.1069004432,0,0,0,12,12,6427,4455
compact51__current_roles,2019-05-23 01:00:00,22.3400541808,58.0983712227,0,0,0,12,12,6570,3196
compact51__current_roles,2019-05-23 02:00:00,25.6957729678,59.3635839244,0,0,0,12,12,7658,3468
compact51__current_roles,2019-05-23 03:00:00,25.793500092,58.0321944826,0,0,0,12,12,7679,3183
compact51__current_roles,2019-05-23 04:00:00,29.8890877379,68.4831148373,0,0,0,12,12,8333,4811
compact51__current_roles,2019-05-23 05:00:00,29.6292983644,65.5130218766,0,0,0,12,12,8301,4510
compact51__current_roles,2019-05-23 06:00:00,28.5691203811,75.0887835337,0,0,0,12,12,8162,5336
compact51__current_roles,2019-05-23 07:00:00,26.9040669034,73.0599820792,0,0,0,12,12,7918,5207
compact51__current_roles,2019-05-23 08:00:00,23.7299618228,69.0752823421,0,0,0,12,12,7128,4863
compact51__current_roles,2019-05-23 09:00:00,22.1662067959,72.3849973724,0,0,0,12,12,6490,5161
compact51__current_roles,2019-05-23 10:00:00,17.4980437083,67.7449697748,0,0,0,12,12,3561,4743
compact51__current_roles,2019-05-23 11:00:00,17.3588799622,64.8800730111,0,0,0,12,12,3447,4426
compact51__current_roles,2019-05-23 12:00:00,14.9264295545,60.3485844387,0,0,0,12,12,1619,3657
compact51__current_roles,2019-05-23 13:00:00,22.2642453733,60.0771117078,0,0,0,13,13,6539,3606
compact51__current_roles,2019-05-23 14:00:00,20.9422912138,83.8358239437,0,0,0,12,12,5916,5711
compact51__current_roles,2019-05-23 15:00:00,30.0164220296,600.921228097,0,0,0,13,12,8353,8337
compact51__current_roles,2019-05-23 16:00:00,27.7175401804,160.485675049,0,0,0,12,12,8026,7195
compact51__current_roles,2019-05-23 17:00:00,24.1979176509,95.5914531344,0,0,0,12,12,7266,6096
compact51__current_roles,2019-05-23 18:00:00,24.0722563228,99.4459440975,0,0,0,12,12,7221,6215
compact51__current_roles,2019-05-23 19:00:00,18.8476003552,86.8349209088,0,0,0,12,12,4613,5809
compact51__current_roles,2019-05-23 20:00:00,19.1521288598,76.7727614846,0,0,0,12,12,4817,5419
compact51__current_roles,2019-05-23 21:00:00,18.1559288087,69.5055891248,0,0,0,12,12,4068,4907
compact51__current_roles,2019-05-23 22:00:00,19.3928142725,71.506784819,0,0,0,12,12,4968,5093
compact51__current_roles,2019-05-23 23:00:00,19.6799095495,106.670047791,0,0,0,12,12,5167,6401
compact51__current_roles,2019-05-24 00:00:00,20.8658708162,106.511654116,0,0,0,12,12,5878,6398
compact51__current_roles,2019-05-24 01:00:00,21.0234871442,118.292284008,0,0,0,12,12,5952,6618
compact51__current_roles,2019-05-24 02:00:00,22.357131361,143.195336335,0,0,0,12,12,6581,7005
compact51__current_roles,2019-05-24 03:00:00,25.2461010346,163.350589377,0,0,0,12,12,7545,7222
compact51__current_roles,2019-05-24 04:00:00,24.3832833833,109.167485136,0,0,0,12,12,7323,6449
compact51__current_roles,2019-05-24 05:00:00,33.6660549914,93.4805623666,0,0,0,12,12,8563,6026
compact51__current_roles,2019-05-24 06:00:00,30.8934825016,78.6134422453,0,0,0,12,12,8425,5498
compact51__current_roles,2019-05-24 07:00:00,18.1099698174,59.1136182989,0,0,0,12,12,4042,3412
compact51__current_roles,2019-05-24 08:00:00,16.4356757195,56.4557208032,0,0,0,12,12,2701,2808
compact51__current_roles,2019-05-24 09:00:00,17.2186658977,58.754119179,0,0,0,12,12,3315,3343
compact51__current_roles,2019-05-24 10:00:00,16.6196861843,55.6865747303,0,0,0,12,12,2856,2625
compact51__current_roles,2019-05-24 11:00:00,16.145090381,58.3273452407,0,0,0,12,12,2486,3238
compact51__current_roles,2019-05-24 12:00:00,19.8853380199,58.5481420964,0,0,0,12,12,5306,3286
compact51__current_roles,2019-05-24 13:00:00,18.5589348006,57.3973144082,0,0,0,13,12,4406,3040
compact51__current_roles,2019-05-24 14:00:00,18.3834558329,55.5821702124,0,0,0,12,12,4270,2597
compact51__current_roles,2019-05-24 15:00:00,15.8221022019,57.314668092,0,0,0,12,12,2252,3018
compact51__current_roles,2019-05-24 16:00:00,18.7903687893,60.1237323627,0,0,0,12,12,4561,3618
compact51__current_roles,2019-05-24 17:00:00,15.0563772466,54.2380701233,0,0,0,12,12,1684,2250
compact51__current_roles,2019-05-24 18:00:00,16.149912998,55.1274658364,0,0,0,12,12,2489,2485
compact51__current_roles,2019-05-24 19:00:00,17.7499449669,60.1591676086,0,0,0,12,12,3765,3620
compact51__current_roles,2019-05-24 20:00:00,16.1017822607,53.8358373567,0,0,0,12,12,2447,2160
compact51__current_roles,2019-05-24 21:00:00,17.4732066624,48.8702415742,0,0,0,12,12,3542,1120
compact51__current_roles,2019-05-24 22:00:00,17.5040925244,56.6459632454,0,0,0,12,12,3565,2848
compact51__current_roles,2019-05-24 23:00:00,16.695434345,58.5896865639,0,0,0,12,12,2919,3301
compact51__current_roles,2019-05-25 00:00:00,19.1553525448,62.1507434831,0,0,0,12,12,4821,4012
compact51__current_roles,2019-05-25 01:00:00,18.7272633862,58.7890567984,0,0,0,12,12,4512,3347
compact51__current_roles,2019-05-25 02:00:00,22.6259960322,57.1438609739,0,0,0,12,12,6702,2971
compact51__current_roles,2019-05-25 03:00:00,22.5445870053,55.6002075252,0,0,0,12,12,6672,2603
compact51__current_roles,2019-05-25 04:00:00,23.8185745618,55.8668813628,0,0,0,12,12,7151,2662
compact51__current_roles,2019-05-25 05:00:00,29.5613928592,284.209861168,0,0,0,13,12,8294,7890
compact51__current_roles,2019-05-25 06:00:00,31.0231081592,1672.97672757,0,0,0,12,12,8430,8585
compact51__current_roles,2019-05-25 07:00:00,24.7116823713,206.971552249,0,0,0,12,12,7406,7547
compact51__current_roles,2019-05-25 08:00:00,25.1576304068,191.599363449,0,0,0,12,12,7524,7435
compact51__current_roles,2019-05-25 09:00:00,30.7034563213,236.007616253,0,0,0,12,12,8410,7704
compact51__current_roles,2019-05-25 10:00:00,27.5598479902,305.157541748,0,0,0,12,12,8008,7947
compact51__current_roles,2019-05-25 11:00:00,26.6650833595,147.095597611,0,0,0,12,12,7871,7051
compact51__current_roles,2019-05-25 12:00:00,27.2135585573,144.045088148,0,0,0,12,12,7963,7013
compact51__current_roles,2019-05-25 13:00:00,25.1658746828,186.61646198,0,0,0,12,12,7529,7402
compact51__current_roles,2019-05-25 14:00:00,23.4970809884,158.211643771,0,0,0,12,12,7041,7179
compact51__current_roles,2019-05-25 15:00:00,22.0730824162,138.932090411,0,0,0,12,12,6446,6949
compact51__current_roles,2019-05-25 16:00:00,22.2422348076,177.352897588,0,0,0,12,12,6531,7344
compact51__current_roles,2019-05-25 17:00:00,25.0813861035,236.568553127,0,0,0,12,12,7504,7710
compact51__current_roles,2019-05-25 18:00:00,25.2173457384,161.55429507,0,0,0,12,12,7539,7208
compact51__current_roles,2019-05-25 19:00:00,22.9745003345,75.4387382561,0,0,0,12,12,6870,5356
compact51__current_roles,2019-05-25 20:00:00,21.4145388518,56.2750081795,0,0,0,12,12,6143,2768
compact51__current_roles,2019-05-25 21:00:00,20.4358458462,56.1756871224,0,0,0,12,12,5647,2740
compact51__current_roles,2019-05-25 22:00:00,20.2501789603,81.3320267401,0,0,0,12,12,5529,5616
compact51__current_roles,2019-05-25 23:00:00,22.9181718162,131.080209705,0,0,0,12,12,6839,6855
compact51__current_roles,2019-05-26 00:00:00,24.9529353792,80.8137168069,0,0,0,12,12,7473,5591
compact51__current_roles,2019-05-26 01:00:00,26.7262292926,80.7611431785,0,0,0,12,12,7885,5590
compact51__current_roles,2019-05-26 02:00:00,31.8884728582,129.408954026,0,0,0,12,12,8481,6834
compact51__current_roles,2019-05-26 03:00:00,31.0775607849,131.139927304,0,0,0,13,12,8436,6856
compact51__current_roles,2019-05-26 04:00:00,28.3806407605,111.427229684,0,0,0,12,12,8130,6493
compact51__current_roles,2019-05-26 05:00:00,29.4033605713,102.973943415,0,0,0,12,12,8277,6317
compact51__current_roles,2019-05-26 06:00:00,24.2518877944,72.8520044142,0,0,0,12,12,7280,5193
compact51__current_roles,2019-05-26 07:00:00,24.5409785523,103.829028378,0,0,0,12,12,7357,6343
compact51__current_roles,2019-05-26 08:00:00,25.696131521,97.4155236515,0,0,0,12,12,7659,6160
compact51__current_roles,2019-05-26 09:00:00,29.7094530538,131.731591687,0,0,0,12,12,8313,6863
compact51__current_roles,2019-05-26 10:00:00,25.4912694547,119.822726075,0,0,0,12,12,7603,6644
compact51__current_roles,2019-05-26 11:00:00,22.9194517785,75.9216824541,0,0,0,12,12,6841,5384
compact51__current_roles,2019-05-26 12:00:00,16.317851329,57.4510188272,0,0,0,12,12,2603,3056
compact51__current_roles,2019-05-26 13:00:00,19.4298254273,59.7778930889,0,0,0,12,12,4993,3548
compact51__current_roles,2019-05-26 14:00:00,20.0986134846,61.1070954535,0,0,0,12,12,5435,3818
compact51__current_roles,2019-05-26 15:00:00,17.5618594885,61.6846868914,0,0,0,12,12,3618,3938
compact51__current_roles,2019-05-26 16:00:00,18.263279565,63.5369239541,0,0,0,12,12,4165,4235
compact51__current_roles,2019-05-26 17:00:00,17.1175405422,59.6856046124,0,0,0,12,12,3235,3531
compact51__current_roles,2019-05-26 18:00:00,17.1299054062,56.1428078863,0,0,0,12,12,3243,2735
compact51__current_roles,2019-05-26 19:00:00,20.1044724632,59.5687588104,0,0,0,12,12,5442,3502
compact51__current_roles,2019-05-26 20:00:00,19.2551193236,61.4791817742,0,0,0,12,12,4886,3892
compact51__current_roles,2019-05-26 21:00:00,22.2448242409,64.4027119132,0,0,0,12,12,6533,4356
compact51__current_roles,2019-05-26 22:00:00,20.0764472683,61.9131045076,0,0,0,12,12,5415,3975
compact51__current_roles,2019-05-26 23:00:00,17.3352111277,55.437641998,0,0,0,12,12,3425,2567
compact51__current_roles,2019-05-27 00:00:00,17.1284946325,54.0331839301,0,0,0,12,12,3241,2207
compact51__current_roles,2019-05-27 01:00:00,18.5431896602,55.9583814237,0,0,0,12,12,4391,2679
compact51__current_roles,2019-05-27 02:00:00,22.6239207167,56.1197946225,0,0,0,12,12,6701,2729
compact51__current_roles,2019-05-27 03:00:00,22.2966807302,54.3927308633,0,0,0,12,12,6551,2294
compact51__current_roles,2019-05-27 04:00:00,25.2703403021,54.6554578232,0,0,0,12,12,7553,2362
compact51__current_roles,2019-05-27 05:00:00,24.069273897,52.1605324533,0,0,0,12,12,7220,1772
compact51__current_roles,2019-05-27 06:00:00,21.5989032768,53.9527426608,0,0,0,12,12,6222,2185
compact51__current_roles,2019-05-27 07:00:00,15.2154047206,55.163595221,0,0,0,12,12,1794,2496
compact51__current_roles,2019-05-27 08:00:00,15.5546466477,58.3745803756,0,0,0,12,12,2036,3248
compact51__current_roles,2019-05-27 09:00:00,19.0020183529,64.1595230982,0,0,0,12,12,4723,4322
compact51__current_roles,2019-05-27 10:00:00,17.8522906097,61.7841221091,0,0,0,12,12,3846,3956
compact51__current_roles,2019-05-27 11:00:00,17.9627347849,67.8597435499,0,0,0,12,12,3934,4757
compact51__current_roles,2019-05-27 12:00:00,18.4718737295,63.074702032,0,0,0,12,12,4347,4168
compact51__current_roles,2019-05-27 13:00:00,15.9259121335,58.2556794493,0,0,0,12,12,2332,3225
compact51__current_roles,2019-05-27 14:00:00,17.1521335372,57.0239295445,0,0,0,12,12,3259,2934
compact51__current_roles,2019-05-27 15:00:00,15.5697330002,55.1528608743,0,0,0,12,12,2047,2492
compact51__current_roles,2019-05-27 16:00:00,15.6291176349,59.4419279753,0,0,0,12,12,2095,3480
compact51__current_roles,2019-05-27 17:00:00,14.8641200953,55.1849412157,0,0,0,12,11,1571,2500
compact51__current_roles,2019-05-27 18:00:00,13.5284674474,52.5262223098,0,0,0,12,12,783,1852
compact51__current_roles,2019-05-27 19:00:00,16.5661377577,56.9036685624,0,0,0,12,12,2805,2907
compact51__current_roles,2019-05-27 20:00:00,16.8443744383,57.0859730231,0,0,0,12,12,3021,2953
compact51__current_roles,2019-05-27 21:00:00,16.6139981813,55.8727329569,0,0,0,12,12,2849,2663
compact51__current_roles,2019-05-27 22:00:00,16.8359364242,60.2952328159,0,0,0,12,12,3008,3644
compact51__current_roles,2019-05-27 23:00:00,16.9051234188,59.6617650725,0,0,0,13,13,3076,3521
compact51__current_roles,2019-05-28 00:00:00,17.6335437779,62.5881890324,0,0,0,12,12,3669,4083
compact51__current_roles,2019-05-28 01:00:00,18.8799501217,58.9422790896,0,0,0,12,12,4629,3374
compact51__current_roles,2019-05-28 02:00:00,22.3650184729,60.8425155221,0,0,0,13,13,6583,3761
compact51__current_roles,2019-05-28 03:00:00,24.9276147506,62.2713740357,0,0,0,12,12,7468,4031
compact51__current_roles,2019-05-28 04:00:00,25.0883812285,59.6572658334,0,0,0,12,12,7506,3519
compact51__current_roles,2019-05-28 05:00:00,27.7719842705,63.7475453475,0,0,0,12,12,8036,4261
compact51__current_roles,2019-05-28 06:00:00,24.491562524,68.9446965497,0,0,0,12,12,7348,4851
compact51__current_roles,2019-05-28 07:00:00,19.7973242906,67.5951904468,0,0,0,12,12,5248,4731
compact51__current_roles,2019-05-28 08:00:00,10.2413210027,51.4582604292,0,0,0,12,12,26,1625
compact51__current_roles,2019-05-28 09:00:00,14.3318943902,56.0824219706,0,0,0,12,12,1199,2714
compact51__current_roles,2019-05-28 10:00:00,15.7200979925,58.1857276959,0,0,0,12,12,2161,3214
compact51__current_roles,2019-05-28 11:00:00,17.6102368336,62.5870373929,0,0,0,12,12,3654,4082
compact51__current_roles,2019-05-28 12:00:00,16.6938519284,56.7371362445,0,0,0,12,12,2917,2873
compact51__current_roles,2019-05-28 13:00:00,18.4553215286,53.0154316048,0,0,0,12,12,4338,1964
compact51__current_roles,2019-05-28 14:00:00,15.0900675089,58.4277516348,0,0,0,12,12,1711,3260
compact51__current_roles,2019-05-28 15:00:00,17.1670153031,55.0837703206,0,0,0,11,11,3278,2476
compact51__current_roles,2019-05-28 16:00:00,18.0758454311,56.7211505692,0,0,0,12,12,4022,2868
compact51__current_roles,2019-05-28 17:00:00,16.8364499187,51.5411855832,0,0,0,12,12,3009,1649
compact51__current_roles,2019-05-28 18:00:00,18.3283213415,48.1147063083,0,0,0,12,12,4215,987
compact51__current_roles,2019-05-28 19:00:00,16.24559755,47.609892255,0,0,0,12,12,2558,892
compact51__current_roles,2019-05-28 20:00:00,17.3408176561,48.5845014896,0,0,0,12,12,3433,1075
compact51__current_roles,2019-05-28 21:00:00,20.491702438,43.4529351301,0,0,0,12,12,5667,349
compact51__current_roles,2019-05-28 22:00:00,18.4132603744,58.3022713636,0,0,0,12,12,4301,3234
compact51__current_roles,2019-05-28 23:00:00,22.8208379465,59.7514486546,0,0,0,12,12,6797,3540
compact51__current_roles,2019-05-29 00:00:00,13.776449952,53.647885029,0,0,0,12,12,900,2121
compact51__current_roles,2019-05-29 01:00:00,12.599377811,51.3981479808,0,0,0,12,12,443,1608
compact51__current_roles,2019-05-29 02:00:00,17.0901611039,54.3904089474,0,0,0,12,12,3219,2293
compact51__current_roles,2019-05-29 03:00:00,16.5584699682,50.3413367491,0,0,0,12,12,2800,1392
compact51__current_roles,2019-05-29 04:00:00,18.1178283919,50.5440100583,0,0,0,12,12,4045,1423
compact51__current_roles,2019-05-29 05:00:00,22.5518622728,56.6386386479,0,0,0,12,12,6676,2845
compact51__current_roles,2019-05-29 06:00:00,17.2653039451,59.7785530563,0,0,0,12,12,3359,3549
compact51__current_roles,2019-05-29 07:00:00,14.2946222834,55.9433673027,0,0,0,12,12,1175,2677
compact51__current_roles,2019-05-29 08:00:00,12.4024560461,54.8867914139,0,0,0,12,12,372,2429
compact51__current_roles,2019-05-29 09:00:00,10.777368017,51.3548180551,0,0,0,12,12,55,1600
compact51__current_roles,2019-05-29 10:00:00,12.5253614667,48.7609292808,0,0,0,12,12,416,1100
compact51__current_roles,2019-05-29 11:00:00,11.1198595159,43.9585074061,0,0,0,12,12,95,407
compact51__current_roles,2019-05-29 12:00:00,12.9253988474,46.3725314826,0,0,0,12,12,542,688
compact51__current_roles,2019-05-29 13:00:00,10.7101106169,52.3749281471,0,0,0,12,12,51,1815
compact51__current_roles,2019-05-29 14:00:00,12.139204021,54.5875932036,0,0,0,12,12,289,2348
compact51__current_roles,2019-05-29 15:00:00,12.6734415019,54.5141252699,0,0,0,12,12,461,2328
compact51__current_roles,2019-05-29 16:00:00,14.8736957861,48.9962412303,0,0,0,12,12,1580,1145
compact51__current_roles,2019-05-29 17:00:00,14.6975812703,49.8661734429,0,0,0,12,12,1450,1318
compact51__current_roles,2019-05-29 18:00:00,13.9937633466,45.0501234732,0,0,0,12,12,999,537
compact51__current_roles,2019-05-29 19:00:00,13.5927326033,49.4863015059,0,0,0,12,12,811,1242
compact51__current_roles,2019-05-29 20:00:00,15.6412270169,52.0695890472,0,0,0,12,12,2103,1759
compact51__current_roles,2019-05-29 21:00:00,17.3394935365,52.0360302041,0,0,0,12,12,3429,1754
compact51__current_roles,2019-05-29 22:00:00,17.3555926734,39.693562983,0,0,0,12,12,3444,116
compact51__current_roles,2019-05-29 23:00:00,13.7249809202,45.5995578433,0,0,0,12,12,878,590
compact51__current_roles,2019-05-30 00:00:00,12.4398878187,37.1435990157,0,0,0,12,12,385,56
compact51__current_roles,2019-05-30 01:00:00,15.9704924332,39.1320384623,0,0,0,12,12,2363,101
compact51__current_roles,2019-05-30 02:00:00,15.7794531301,40.3156424567,0,0,0,12,12,2218,136
compact51__current_roles,2019-05-30 03:00:00,15.5903128007,40.027588821,0,0,0,12,12,2067,126
compact51__current_roles,2019-05-30 04:00:00,18.6321196319,45.7601514973,0,0,0,12,12,4449,608
compact51__current_roles,2019-05-30 05:00:00,20.3543901825,49.4110061807,0,0,0,12,12,5597,1228
compact51__current_roles,2019-05-30 06:00:00,15.579958738,48.6141229504,0,0,0,12,12,2054,1078
compact51__current_roles,2019-05-30 07:00:00,14.5999343062,51.4543084466,0,0,0,12,12,1369,1623
compact51__current_roles,2019-05-30 08:00:00,11.433868275,50.2359697802,0,0,0,12,12,134,1378
compact51__current_roles,2019-05-30 09:00:00,7.8840695837,47.1394186826,0,0,0,12,12,1,809
compact51__current_roles,2019-05-30 10:00:00,10.4151774907,47.729734692,0,0,0,12,12,34,910
compact51__current_roles,2019-05-30 11:00:00,8.79437328933,47.3507856992,0,0,0,8,8,4,848
compact51__current_roles,2019-05-30 12:00:00,12.4204483856,38.2018611849,0,0,0,12,12,378,77
compact51__current_roles,2019-05-30 13:00:00,9.83490091571,46.278897841,0,0,0,12,12,14,672
compact51__current_roles,2019-05-30 14:00:00,12.2218388989,39.6930285258,0,0,0,12,12,316,115
compact51__current_roles,2019-05-30 15:00:00,11.3957893163,40.255693855,0,0,0,12,12,129,135
compact51__current_roles,2019-05-30 16:00:00,13.970967832,51.5785699212,0,0,0,12,12,984,1656
compact51__current_roles,2019-05-30 17:00:00,14.7507812924,52.9855518726,0,0,0,12,12,1489,1959
compact51__current_roles,2019-05-30 18:00:00,12.4034808755,51.4408514032,0,0,0,12,12,373,1621
compact51__current_roles,2019-05-30 19:00:00,14.2504033031,45.6513904257,0,0,0,12,12,1149,594
compact51__current_roles,2019-05-30 20:00:00,12.4117110522,41.5005187948,0,0,0,12,12,376,206
compact51__current_roles,2019-05-30 21:00:00,10.726687995,44.0219905558,0,0,0,12,12,53,415
compact51__current_roles,2019-05-30 22:00:00,16.4088432294,39.3023653556,0,0,0,12,12,2674,107
compact51__current_roles,2019-05-30 23:00:00,21.2433129496,46.5805982064,0,0,0,12,12,6057,723
compact51__current_roles,2019-05-31 00:00:00,15.3902681579,44.3125434765,0,0,0,12,12,1916,448
compact51__current_roles,2019-05-31 01:00:00,15.2657935442,44.3069770139,0,0,0,12,12,1833,447
compact51__current_roles,2019-05-31 02:00:00,19.7957483607,50.6088166908,0,0,0,12,12,5247,1438
compact51__current_roles,2019-05-31 03:00:00,19.0001843804,47.9568244361,0,0,0,12,12,4722,953
compact51__current_roles,2019-05-31 04:00:00,22.3850873496,54.6727057769,0,0,0,12,12,6589,2368
compact51__current_roles,2019-05-31 05:00:00,27.7880049413,62.9974341994,0,0,0,12,12,8041,4154
compact51__current_roles,2019-05-31 06:00:00,18.7530789233,55.4880953838,0,0,0,12,12,4534,2581
compact51__current_roles,2019-05-31 07:00:00,20.7157056642,59.8487560943,0,0,0,12,12,5788,3562
compact51__current_roles,2019-05-31 08:00:00,14.5219703611,60.8826867503,0,0,0,12,12,1316,3769
compact51__current_roles,2019-05-31 09:00:00,15.4155898703,65.8802652439,0,0,0,12,12,1947,4550
compact51__current_roles,2019-05-31 10:00:00,16.4065683932,66.4127967727,0,0,0,12,12,2671,4608
compact51__current_roles,2019-05-31 11:00:00,18.0200206462,65.449278573,0,0,0,12,12,3980,4503
compact51__current_roles,2019-05-31 12:00:00,19.0326540767,67.4570636954,0,0,0,12,12,4740,4718
compact51__current_roles,2019-05-31 13:00:00,18.2887257655,62.6518173787,0,0,0,11,11,4182,4095
compact51__current_roles,2019-05-31 14:00:00,19.0331674822,58.5391809962,0,0,0,12,12,4741,3284
compact51__current_roles,2019-05-31 15:00:00,16.5879326583,49.6780706719,0,0,0,12,12,2827,1285
compact51__current_roles,2019-05-31 16:00:00,14.7073147174,54.5667796588,0,0,0,12,12,1459,2342
compact51__current_roles,2019-05-31 17:00:00,18.6007287264,66.9873046859,0,0,0,12,12,4431,4665
compact51__current_roles,2019-05-31 18:00:00,19.0453503788,60.4907936689,0,0,0,12,12,4752,3686
compact51__current_roles,2019-05-31 19:00:00,17.4708048224,56.9118573026,0,0,0,12,12,3538,2908
compact51__current_roles,2019-05-31 20:00:00,19.8197358169,61.7569850976,0,0,0,13,12,5264,3949
compact51__current_roles,2019-05-31 21:00:00,22.1016208519,60.0179583485,0,0,0,12,12,6458,3593
compact51__current_roles,2019-05-31 22:00:00,16.4608494893,43.6699318147,0,0,0,12,12,2719,375
compact51__current_roles,2019-05-31 23:00:00,12.3521976975,54.9268493916,0,0,0,12,12,354,2437
compact51__current_roles,2019-06-01 00:00:00,11.4606370491,53.7605988733,0,0,0,12,12,135,2145
compact51__current_roles,2019-06-01 01:00:00,15.7144827405,58.8667108681,0,0,0,12,12,2153,3365
compact51__current_roles,2019-06-01 02:00:00,18.5891062962,58.0253829226,0,0,0,12,12,4421,3180
compact51__current_roles,2019-06-01 03:00:00,17.0408618734,53.6020434343,0,0,0,12,12,3176,2109
compact51__current_roles,2019-06-01 04:00:00,19.0118584161,53.5076191317,0,0,0,12,12,4728,2085
compact51__current_roles,2019-06-01 05:00:00,18.2290625445,52.5568199521,0,0,0,12,12,4135,1862
compact51__current_roles,2019-06-01 06:00:00,17.656791261,55.7591187133,0,0,0,12,12,3687,2633
compact51__current_roles,2019-06-01 07:00:00,19.8344740107,59.1780927175,0,0,0,12,12,5276,3423
compact51__current_roles,2019-06-01 08:00:00,23.5479830714,68.8501396095,0,0,0,12,12,7059,4839
compact51__current_roles,2019-06-01 09:00:00,21.9131703006,61.9878100213,0,0,0,12,12,6364,3986
compact51__current_roles,2019-06-01 10:00:00,19.3923572856,57.294970596,0,0,0,12,12,4967,3012
compact51__current_roles,2019-06-01 11:00:00,14.0212501715,52.1012263337,0,0,0,12,12,1012,1769
compact51__current_roles,2019-06-01 12:00:00,13.5125193754,50.8674621252,0,0,0,12,12,778,1495
compact51__current_roles,2019-06-01 13:00:00,13.4547137985,49.0934840779,0,0,0,12,12,756,1165
compact51__current_roles,2019-06-01 14:00:00,11.9381071675,46.7947524403,0,0,0,12,12,242,757
compact51__current_roles,2019-06-01 15:00:00,15.2772040326,53.2376242396,0,0,0,12,12,1842,2019
compact51__current_roles,2019-06-01 16:00:00,12.2375927301,48.5796964993,0,0,0,12,12,322,1071
compact51__current_roles,2019-06-01 17:00:00,13.4707260689,46.5155184195,0,0,0,12,12,761,718
compact51__current_roles,2019-06-01 18:00:00,15.0436104324,49.61253358,0,0,0,12,12,1681,1271
compact51__current_roles,2019-06-01 19:00:00,18.3078719333,57.041776389,0,0,0,12,12,4198,2938
compact51__current_roles,2019-06-01 20:00:00,16.6439130196,55.207284997,0,0,0,12,12,2877,2506
compact51__current_roles,2019-06-01 21:00:00,14.8549541803,49.4876408389,0,0,0,12,12,1565,1243
compact51__current_roles,2019-06-01 22:00:00,13.9650053489,48.0655742735,0,0,0,12,12,981,971
compact51__current_roles,2019-06-01 23:00:00,13.1004594355,53.6330704583,0,0,0,12,12,601,2117
compact51__current_roles,2019-06-02 00:00:00,11.3293560067,51.6182201842,0,0,0,12,12,121,1660
compact51__current_roles,2019-06-02 01:00:00,16.9159010994,55.9692728098,0,0,0,12,12,3085,2680
compact51__current_roles,2019-06-02 02:00:00,19.0492503782,53.1313385359,0,0,0,12,12,4754,1993
compact51__current_roles,2019-06-02 03:00:00,18.0276294133,49.8521433579,0,0,0,12,12,3986,1312
compact51__current_roles,2019-06-02 04:00:00,13.2300963573,45.5084292034,0,0,0,12,12,659,581
compact51__current_roles,2019-06-02 05:00:00,11.1757384598,44.0162600727,0,0,0,12,12,105,412
compact51__current_roles,2019-06-02 06:00:00,16.2355063356,49.2432074113,0,0,0,12,12,2547,1187
compact51__current_roles,2019-06-02 07:00:00,18.3092690025,50.8833797225,0,0,0,12,12,4201,1500
compact51__current_roles,2019-06-02 08:00:00,21.2822083326,59.1333303875,0,0,0,12,12,6082,3414
compact51__current_roles,2019-06-02 09:00:00,20.9236707683,64.077236546,0,0,0,12,12,5903,4307
compact51__current_roles,2019-06-02 10:00:00,15.4893604706,54.7403511815,0,0,0,12,12,1985,2383
compact51__current_roles,2019-06-02 11:00:00,14.238764607,52.9625636485,0,0,0,12,12,1139,1953
compact51__current_roles,2019-06-02 12:00:00,14.2163141034,53.5565493767,0,0,0,12,12,1121,2101
compact51__current_roles,2019-06-02 13:00:00,12.8509625444,52.3791723326,0,0,0,12,12,519,1816
compact51__current_roles,2019-06-02 14:00:00,14.4049666692,52.1918132645,0,0,0,12,12,1248,1778
compact51__current_roles,2019-06-02 15:00:00,19.1017757623,46.9512411921,0,0,0,13,12,4783,782
compact51__current_roles,2019-06-02 16:00:00,14.7398830337,45.6405214957,0,0,0,12,12,1482,591
compact51__current_roles,2019-06-02 17:00:00,16.5760470504,45.9902492078,0,0,0,12,12,2821,635
compact51__current_roles,2019-06-02 18:00:00,17.8306195466,46.0042590053,0,0,0,12,12,3829,636
compact51__current_roles,2019-06-02 19:00:00,19.8390449059,50.2774530304,0,0,0,12,12,5279,1384
compact51__current_roles,2019-06-02 20:00:00,21.465521152,55.4377900498,0,0,0,12,12,6166,2568
compact51__current_roles,2019-06-02 21:00:00,20.4092966319,52.0680546008,0,0,0,12,12,5630,1758
compact51__current_roles,2019-06-02 22:00:00,17.6463594973,49.8321031865,0,0,0,12,12,3678,1310
compact51__current_roles,2019-06-02 23:00:00,12.1358313845,43.9209248481,0,0,0,12,12,287,404
compact51__current_roles,2019-06-03 00:00:00,14.8535947808,46.9651845002,0,0,0,12,12,1563,785
compact51__current_roles,2019-06-03 01:00:00,18.4908978702,48.1431964927,0,0,0,12,12,4354,992
compact51__current_roles,2019-06-03 02:00:00,20.6902503101,48.462749935,0,0,0,12,12,5775,1052
compact51__current_roles,2019-06-03 03:00:00,24.9851783172,50.4046324027,0,0,0,12,12,7484,1404
compact51__current_roles,2019-06-03 04:00:00,28.4639329133,49.6345788947,0,0,0,12,12,8141,1273
compact51__current_roles,2019-06-03 05:00:00,25.6434886,47.5123739627,0,0,0,12,12,7645,872
compact51__current_roles,2019-06-03 06:00:00,19.0647739811,61.8818309825,0,0,0,12,12,4765,3973
compact51__current_roles,2019-06-03 07:00:00,16.067054599,58.3650235489,0,0,0,12,12,2420,3244
compact51__current_roles,2019-06-03 08:00:00,22.9404543925,60.1906106609,0,0,0,12,12,6849,3627
compact51__current_roles,2019-06-03 09:00:00,17.2726833071,72.1699017581,0,0,0,12,12,3366,5145
compact51__current_roles,2019-06-03 10:00:00,17.9257159308,84.1586512441,0,0,0,13,12,3907,5717
compact51__current_roles,2019-06-03 11:00:00,20.7144567589,95.7157561071,0,0,0,12,12,5786,6104
compact51__current_roles,2019-06-03 12:00:00,15.6656045644,93.4622231064,0,0,0,12,12,2116,6025
compact51__current_roles,2019-06-03 13:00:00,19.5100448013,152.159828938,0,0,0,12,12,5063,7106
compact51__current_roles,2019-06-03 14:00:00,25.8646850826,2371.53252146,0,0,0,12,12,7692,8647
compact51__current_roles,2019-06-03 15:00:00,22.8235651054,358.724152863,1,0,0,12,12,6799,8082
compact51__current_roles,2019-06-03 16:00:00,29.4859011138,1410.27985696,0,0,0,12,12,8287,8564
compact51__current_roles,2019-06-03 17:00:00,29.7047980225,293.156436749,0,0,0,12,12,8312,7916
compact51__current_roles,2019-06-03 18:00:00,30.3096662735,226.969201377,0,0,0,12,12,8384,7650
compact51__current_roles,2019-06-03 19:00:00,25.2870952571,149.671657577,0,0,0,12,12,7556,7080
compact51__current_roles,2019-06-03 20:00:00,23.4698502267,91.7832701293,0,0,0,12,12,7033,5960
compact51__current_roles,2019-06-03 21:00:00,21.4331590829,55.4877019082,0,0,0,12,12,6150,2580
compact51__current_roles,2019-06-03 22:00:00,15.2090660022,48.6916663336,0,0,0,13,12,1786,1093
compact51__current_roles,2019-06-03 23:00:00,19.6710316962,58.7198781443,0,0,0,12,12,5160,3336
compact51__current_roles,2019-06-04 00:00:00,26.0214440438,61.1597167154,0,0,0,12,12,7724,3829
compact51__current_roles,2019-06-04 01:00:00,18.9991241399,53.6808855497,0,0,0,12,12,4721,2126
compact51__current_roles,2019-06-04 02:00:00,21.7869529895,54.0673463404,0,0,0,12,12,6299,2212
compact51__current_roles,2019-06-04 03:00:00,25.3145935657,54.4743840133,0,0,0,12,12,7562,2318
compact51__current_roles,2019-06-04 04:00:00,24.4783603864,53.9390023635,0,0,0,12,12,7344,2180
compact51__current_roles,2019-06-04 05:00:00,26.6026265493,57.0045182846,0,0,0,12,12,7855,2931
compact51__current_roles,2019-06-04 06:00:00,17.6316336281,44.6922094782,0,0,0,13,12,3666,484
compact51__current_roles,2019-06-04 07:00:00,20.250271661,52.6418343321,0,0,0,12,12,5530,1885
compact51__current_roles,2019-06-04 08:00:00,19.476638717,58.610651565,0,0,0,12,12,5035,3304
compact51__current_roles,2019-06-04 09:00:00,16.3055086999,64.2100372416,0,0,0,12,12,2593,4330
compact51__current_roles,2019-06-04 10:00:00,16.6276998794,78.4801766936,0,0,0,12,12,2860,5494
compact51__current_roles,2019-06-04 11:00:00,18.601601964,112.093381149,0,0,0,12,12,4433,6510
compact51__current_roles,2019-06-04 12:00:00,18.8468507837,103.000729023,0,0,0,12,12,4612,6319
compact51__current_roles,2019-06-04 13:00:00,17.2689216024,80.8635668665,0,0,0,12,12,3364,5595
compact51__current_roles,2019-06-04 14:00:00,18.8811035286,101.108993222,0,0,0,12,12,4630,6267
compact51__current_roles,2019-06-04 15:00:00,23.3779549397,88.0461535072,0,0,0,12,12,7005,5839
compact51__current_roles,2019-06-04 16:00:00,21.9953837724,58.4035813307,0,0,0,12,12,6407,3251
compact51__current_roles,2019-06-04 17:00:00,21.6830859768,58.7161016217,0,0,0,12,12,6251,3333
compact51__current_roles,2019-06-04 18:00:00,18.3512432685,54.7788999719,0,0,0,12,12,4232,2398
compact51__current_roles,2019-06-04 19:00:00,15.3950434127,53.5058015288,0,0,0,12,12,1925,2084
compact51__current_roles,2019-06-04 20:00:00,15.3970857079,50.1551208748,0,0,0,12,12,1927,1362
compact51__current_roles,2019-06-04 21:00:00,15.7412254226,49.2573101391,0,0,0,12,12,2182,1191
compact51__current_roles,2019-06-04 22:00:00,14.7927829494,52.9510400846,0,0,0,12,12,1508,1948
compact51__current_roles,2019-06-04 23:00:00,15.2077752115,78.8539516934,0,0,0,12,12,1783,5506
compact51__current_roles,2019-06-05 00:00:00,12.0973572819,95.3349126758,0,0,0,12,12,282,6087
compact51__current_roles,2019-06-05 01:00:00,16.5692406738,165.099814591,0,0,0,12,12,2809,7239
compact51__current_roles,2019-06-05 02:00:00,15.5690290376,56.1787803243,0,0,0,12,12,2046,2742
compact51__current_roles,2019-06-05 03:00:00,19.9014194007,75.453475262,0,0,0,12,12,5310,5357
compact51__current_roles,2019-06-05 04:00:00,23.3376771283,105.365023782,0,0,0,12,12,6993,6378
compact51__current_roles,2019-06-05 05:00:00,23.4428763098,138.418038237,0,0,0,12,12,7022,6943
compact51__current_roles,2019-06-05 06:00:00,25.6632531066,191.835477026,0,0,0,12,12,7647,7439
compact51__current_roles,2019-06-05 07:00:00,24.7997711325,82.702399275,0,0,0,12,12,7428,5656
compact51__current_roles,2019-06-05 08:00:00,19.8807726871,85.2023920221,0,0,0,13,13,5302,5759
compact51__current_roles,2019-06-05 09:00:00,20.9187757601,123.098863172,0,0,0,12,12,5901,6720
compact51__current_roles,2019-06-05 10:00:00,18.4106545748,63.0197911735,0,0,0,12,12,4299,4158
compact51__current_roles,2019-06-05 11:00:00,13.8833583331,59.4176349646,0,0,0,12,12,947,3477
compact51__current_roles,2019-06-05 12:00:00,22.95219031,69.7326522576,0,0,0,13,12,6856,4930
compact51__current_roles,2019-06-05 13:00:00,16.4553517133,65.4105947318,0,0,0,12,12,2714,4496
compact51__current_roles,2019-06-05 14:00:00,15.1961730433,66.1831260034,0,0,0,12,12,1776,4584
compact51__current_roles,2019-06-05 15:00:00,17.7021025077,72.8431957658,0,0,0,12,12,3719,5191
compact51__current_roles,2019-06-05 16:00:00,21.8288327533,61.8702254557,0,0,0,12,12,6319,3969
compact51__current_roles,2019-06-05 17:00:00,17.1894601964,60.9051872124,0,0,0,12,12,3294,3775
compact51__current_roles,2019-06-05 18:00:00,20.9334742204,62.1302123758,0,0,0,12,12,5912,4009
compact51__current_roles,2019-06-05 19:00:00,18.8773790123,57.0684213716,0,0,0,12,12,4628,2947
compact51__current_roles,2019-06-05 20:00:00,23.6130562801,57.1560050536,0,0,0,12,12,7075,2975
compact51__current_roles,2019-06-05 21:00:00,33.0282400408,61.4583463456,0,0,0,12,12,8546,3887
compact51__current_roles,2019-06-05 22:00:00,22.8814390778,59.3917342274,0,0,0,12,12,6825,3471
compact51__current_roles,2019-06-05 23:00:00,27.7233593114,47.3069222029,0,0,0,12,12,8028,837
compact51__current_roles,2019-06-06 00:00:00,26.0555129127,73.151594665,0,0,0,12,12,7731,5213
compact51__current_roles,2019-06-06 01:00:00,23.947277723,50.7148891723,0,0,0,12,12,7191,1465
compact51__current_roles,2019-06-06 02:00:00,21.4795074239,51.3416616674,0,0,0,12,12,6171,1595
compact51__current_roles,2019-06-06 03:00:00,18.5610995612,53.7398854769,0,0,0,12,12,4410,2142
compact51__current_roles,2019-06-06 04:00:00,17.8233682365,53.2045790324,0,0,0,12,12,3820,2007
compact51__current_roles,2019-06-06 05:00:00,22.7951544266,60.9509937968,0,0,0,12,12,6783,3790
compact51__current_roles,2019-06-06 06:00:00,22.3515570822,62.6361988617,0,0,0,12,12,6576,4091
compact51__current_roles,2019-06-06 07:00:00,22.2641996799,64.1007995725,0,0,0,12,12,6538,4312
compact51__current_roles,2019-06-06 08:00:00,16.9217869003,60.4282619902,0,0,0,13,12,3093,3669
compact51__current_roles,2019-06-06 09:00:00,14.3677015356,57.0060705474,0,0,0,12,12,1219,2932
compact51__current_roles,2019-06-06 10:00:00,19.4990424516,66.8705409014,0,0,0,12,12,5054,4649
compact51__current_roles,2019-06-06 11:00:00,14.1777498979,57.5881092487,0,0,0,12,12,1094,3082
compact51__current_roles,2019-06-06 12:00:00,14.4227636125,55.8792002255,0,0,0,12,12,1260,2665
compact51__current_roles,2019-06-06 13:00:00,18.5265510049,60.8224037853,0,0,0,12,12,4379,3756
compact51__current_roles,2019-06-06 14:00:00,16.4039205989,56.4976588869,0,0,0,12,12,2670,2821
compact51__current_roles,2019-06-06 15:00:00,18.1743016664,59.2936000323,0,0,0,12,12,4082,3453
compact51__current_roles,2019-06-06 16:00:00,27.097235831,134.832393999,0,0,0,12,12,7949,6899
compact51__current_roles,2019-06-06 17:00:00,24.9854468797,60.8606403135,0,0,0,12,12,7485,3765
compact51__current_roles,2019-06-06 18:00:00,13.2363300241,46.4433001708,0,0,0,12,12,664,705
compact51__current_roles,2019-06-06 19:00:00,13.0908141221,54.1982410873,0,0,0,12,12,598,2243
compact51__current_roles,2019-06-06 20:00:00,15.4016411169,55.4449312536,0,0,0,12,12,1931,2571
compact51__current_roles,2019-06-06 21:00:00,18.9166776191,51.4779947117,0,0,0,12,12,4661,1628
compact51__current_roles,2019-06-06 22:00:00,17.0353234859,41.8296349911,0,0,0,12,12,3174,229
compact51__current_roles,2019-06-06 23:00:00,18.4471632437,52.6349469075,0,0,0,12,12,4330,1881
compact51__current_roles,2019-06-07 00:00:00,13.5812006828,52.4543611879,0,0,0,12,12,805,1836
compact51__current_roles,2019-06-07 01:00:00,13.3799390558,50.0416026603,0,0,0,12,12,722,1346
compact51__current_roles,2019-06-07 02:00:00,14.3021138006,49.2464217902,0,0,0,12,12,1179,1188
compact51__current_roles,2019-06-07 03:00:00,15.8811552074,48.2851836805,0,0,0,12,12,2297,1011
compact51__current_roles,2019-06-07 04:00:00,20.7747212057,101.226728626,0,0,0,12,12,5821,6271
compact51__current_roles,2019-06-07 05:00:00,29.2244281518,114.117369881,0,0,0,12,12,8251,6547
compact51__current_roles,2019-06-07 06:00:00,26.0344816823,69.823618364,0,0,0,12,12,7726,4940
compact51__current_roles,2019-06-07 07:00:00,19.3922522605,53.3104124704,0,0,0,12,12,4966,2042
compact51__current_roles,2019-06-07 08:00:00,17.7076508226,58.8599188981,0,0,0,12,12,3726,3362
compact51__current_roles,2019-06-07 09:00:00,18.4073476514,83.1989150047,0,0,0,13,13,4294,5682
compact51__current_roles,2019-06-07 10:00:00,20.072610898,64.5803427796,0,0,0,12,11,5411,4388
compact51__current_roles,2019-06-07 11:00:00,20.7490301892,60.5943155715,0,0,0,12,12,5802,3710
compact51__current_roles,2019-06-07 12:00:00,18.3090639644,59.3451186819,0,0,0,12,12,4200,3464
compact51__current_roles,2019-06-07 13:00:00,20.3164577546,61.1749792278,0,0,0,12,12,5567,3835
compact51__current_roles,2019-06-07 14:00:00,23.0114337701,62.4336016937,0,0,0,12,12,6888,4059
compact51__current_roles,2019-06-07 15:00:00,21.9952961198,57.8441952039,0,0,0,12,12,6406,3147
compact51__current_roles,2019-06-07 16:00:00,22.6409345572,56.0480500236,0,0,0,12,12,6712,2701
compact51__current_roles,2019-06-07 17:00:00,24.6633215509,61.5869349581,0,0,0,12,12,7391,3910
compact51__current_roles,2019-06-07 18:00:00,18.376069091,46.8060410408,0,0,0,12,12,4262,759
compact51__current_roles,2019-06-07 19:00:00,13.940527922,49.3779394396,0,0,0,12,12,972,1221
compact51__current_roles,2019-06-07 20:00:00,18.6705202035,53.5379514105,0,0,0,12,12,4476,2095
compact51__current_roles,2019-06-07 21:00:00,19.2334772162,53.5503152336,0,0,0,12,11,4872,2100
compact51__current_roles,2019-06-07 22:00:00,15.6557824657,31.9992038373,0,0,0,13,13,2110,13
compact51__current_roles,2019-06-07 23:00:00,13.3982403105,40.2504511503,0,0,0,12,12,731,134
compact51__current_roles,2019-06-08 00:00:00,12.7708682554,42.0864817004,0,0,0,12,12,495,244
compact51__current_roles,2019-06-08 01:00:00,12.7755756458,43.9976986905,0,0,0,12,12,497,410
compact51__current_roles,2019-06-08 02:00:00,20.7587049695,51.6184057166,0,0,0,12,12,5809,1661
compact51__current_roles,2019-06-08 03:00:00,21.8441787261,52.9563202422,0,0,0,12,12,6331,1949
compact51__current_roles,2019-06-08 04:00:00,24.4101331213,60.8160304684,0,0,0,12,12,7329,3754
compact51__current_roles,2019-06-08 05:00:00,25.59144499,55.414571869,0,0,0,12,12,7628,2562
compact51__current_roles,2019-06-08 06:00:00,25.0496497486,66.9559931751,0,0,0,12,12,7497,4664
compact51__current_roles,2019-06-08 07:00:00,23.875603116,84.4093153918,0,0,0,12,12,7169,5726
compact51__current_roles,2019-06-08 08:00:00,27.5333468365,102.538229059,0,0,0,12,12,8004,6306
compact51__current_roles,2019-06-08 09:00:00,23.5114411734,85.9441562506,0,0,0,12,12,7045,5788
compact51__current_roles,2019-06-08 10:00:00,29.0467981355,205.899503868,0,0,0,12,12,8224,7542
compact51__current_roles,2019-06-08 11:00:00,26.2090908226,122.568251007,0,0,0,12,12,7768,6712
compact51__current_roles,2019-06-08 12:00:00,22.2165492156,140.321024227,0,0,0,12,12,6516,6971
compact51__current_roles,2019-06-08 13:00:00,18.7034238047,1368.30315618,0,0,0,12,12,4496,8554
compact51__current_roles,2019-06-08 14:00:00,16.1170516764,52.8697782541,0,0,0,12,12,2456,1925
compact51__current_roles,2019-06-08 15:00:00,19.9646924362,240.019512302,0,0,0,12,12,5351,7722
compact51__current_roles,2019-06-08 16:00:00,17.2319494106,49.2310742468,0,0,0,12,12,3327,1185
compact51__current_roles,2019-06-08 17:00:00,17.4715319767,47.4790584874,0,0,0,12,12,3540,867
compact51__current_roles,2019-06-08 18:00:00,15.4918987069,43.7960557523,0,0,0,12,12,1987,392
compact51__current_roles,2019-06-08 19:00:00,14.4265368872,44.6657407946,0,0,0,12,12,1262,478
compact51__current_roles,2019-06-08 20:00:00,14.3002715119,56.0987727175,0,0,0,12,12,1178,2721
compact51__current_roles,2019-06-08 21:00:00,15.7365231404,87.2255521891,0,0,0,13,12,2177,5818
compact51__current_roles,2019-06-08 22:00:00,14.8758510946,54.2985997155,0,0,0,12,12,1584,2273
compact51__current_roles,2019-06-08 23:00:00,15.4216589812,48.3387116253,0,0,0,12,12,1951,1027
compact51__current_roles,2019-06-09 00:00:00,17.9519571988,73.189512328,0,0,0,12,12,3930,5216
compact51__current_roles,2019-06-09 01:00:00,23.7909202473,71.3390362233,0,0,0,12,12,7146,5083
compact51__current_roles,2019-06-09 02:00:00,28.4715617016,73.462383309,0,0,0,12,12,8143,5244
compact51__current_roles,2019-06-09 03:00:00,25.705134828,59.0095834632,0,0,0,12,12,7661,3385
compact51__current_roles,2019-06-09 04:00:00,24.9210468398,54.9166547319,0,0,0,12,12,7466,2433
compact51__current_roles,2019-06-09 05:00:00,26.0409489464,57.6819877856,0,0,0,12,12,7728,3104
compact51__current_roles,2019-06-09 06:00:00,27.4088891702,55.2616551777,0,0,0,12,12,7990,2526
compact51__current_roles,2019-06-09 07:00:00,20.7549286822,56.0989907253,0,0,0,12,12,5805,2722
compact51__current_roles,2019-06-09 08:00:00,25.1222698977,61.880605424,0,0,0,12,12,7516,3972
compact51__current_roles,2019-06-09 09:00:00,29.1199748103,70.077752196,0,0,0,12,12,8235,4964
compact51__current_roles,2019-06-09 10:00:00,23.2117684669,71.3313250662,0,0,0,12,12,6957,5082
compact51__current_roles,2019-06-09 11:00:00,26.0708801544,74.5046207581,0,0,0,12,12,7735,5306
compact51__current_roles,2019-06-09 12:00:00,26.2513293095,73.7429102643,0,0,0,12,12,7778,5266
compact51__current_roles,2019-06-09 13:00:00,24.1496916983,67.4934575775,0,0,0,12,12,7253,4720
compact51__current_roles,2019-06-09 14:00:00,18.3590168946,61.1811913119,0,0,0,13,12,4242,3838
compact51__current_roles,2019-06-09 15:00:00,18.218229091,58.8272456523,0,0,0,12,12,4124,3355
compact51__current_roles,2019-06-09 16:00:00,17.5598107196,53.5496235394,0,0,0,12,12,3616,2099
compact51__current_roles,2019-06-09 17:00:00,19.2298625322,93.27039292,0,0,0,12,12,4868,6019
compact51__current_roles,2019-06-09 18:00:00,17.3633861493,54.213406073,0,0,0,12,12,3450,2246
compact51__current_roles,2019-06-09 19:00:00,19.5037072164,95.3311321755,0,0,0,14,13,5057,6086
compact51__current_roles,2019-06-09 20:00:00,15.7431390196,66.6676983444,0,0,0,11,11,2184,4630
compact51__current_roles,2019-06-09 21:00:00,12.852801757,37.8478431139,0,0,0,12,12,521,72
compact51__current_roles,2019-06-09 22:00:00,13.0157565555,48.826441763,0,0,0,12,12,571,1113
compact51__current_roles,2019-06-09 23:00:00,15.3114996986,53.4539501413,0,0,0,12,12,1870,2067
compact51__current_roles,2019-06-10 00:00:00,15.1468502104,72.7121129129,0,0,0,12,12,1749,5188
compact51__current_roles,2019-06-10 01:00:00,18.2509230165,53.7514232754,0,0,0,12,12,4154,2144
compact51__current_roles,2019-06-10 02:00:00,22.3036934725,55.648460485,0,0,0,12,12,6556,2612
compact51__current_roles,2019-06-10 03:00:00,23.0745861667,57.0979848853,0,0,0,12,12,6914,2954
compact51__current_roles,2019-06-10 04:00:00,24.8132581685,62.3423545346,0,0,0,12,12,7433,4045
compact51__current_roles,2019-06-10 05:00:00,27.7770750627,65.0738504488,0,0,0,12,12,8039,4454
compact51__current_roles,2019-06-10 06:00:00,29.931539963,62.6439210362,0,0,0,12,12,8340,4094
compact51__current_roles,2019-06-10 07:00:00,31.2509177945,102.670325663,0,0,0,13,13,8446,6308
compact51__current_roles,2019-06-10 08:00:00,22.7948479095,340.22493267,0,0,0,12,12,6782,8035
compact51__current_roles,2019-06-10 09:00:00,26.1748083928,2469.15537093,0,0,0,12,12,7753,8651
compact51__current_roles,2019-06-10 10:00:00,23.6486027741,5375.92341025,1,0,0,12,12,7093,8715
compact51__current_roles,2019-06-10 11:00:00,22.4533244603,334.353956036,1,0,0,12,12,6619,8020
compact51__current_roles,2019-06-10 12:00:00,18.0188464604,309.898792362,0,0,0,12,12,3979,7963
compact51__current_roles,2019-06-10 13:00:00,25.8390617069,1387.50072704,0,0,0,14,14,7687,8560
compact51__current_roles,2019-06-10 14:00:00,24.8883764376,398.368665063,1,0,0,10,10,7450,8135
compact51__current_roles,2019-06-10 15:00:00,20.7963225906,264.886969581,1,0,0,12,12,5840,7824
compact51__current_roles,2019-06-10 16:00:00,18.9800950556,357.281864077,0,0,0,12,12,4706,8078
compact51__current_roles,2019-06-10 17:00:00,19.1168768877,213.643847819,0,0,0,12,12,4793,7576
compact51__current_roles,2019-06-10 18:00:00,18.9176362355,286.324658841,0,0,0,12,12,4663,7900
compact51__current_roles,2019-06-10 19:00:00,15.2896799963,138.859656194,0,0,0,12,12,1854,6947
compact51__current_roles,2019-06-10 20:00:00,14.5112152228,122.44204218,0,0,0,12,12,1310,6707
compact51__current_roles,2019-06-10 21:00:00,17.3207549927,100.073097502,0,0,0,12,12,3413,6234
compact51__current_roles,2019-06-10 22:00:00,23.4863900265,235.725657271,0,0,0,12,12,7037,7700
compact51__current_roles,2019-06-10 23:00:00,19.0236995764,258.599449022,0,0,0,12,12,4735,7808
compact51__current_roles,2019-06-11 00:00:00,17.7781084524,288.375796517,0,0,0,12,12,3781,7909
compact51__current_roles,2019-06-11 01:00:00,17.6436235497,138.350583081,0,0,0,12,12,3675,6939
compact51__current_roles,2019-06-11 02:00:00,18.519521619,199.947873279,0,0,0,12,12,4372,7501
compact51__current_roles,2019-06-11 03:00:00,16.4980645024,145.995318699,0,0,0,12,12,2750,7033
compact51__current_roles,2019-06-11 04:00:00,20.0899869199,650.366347164,0,0,0,12,12,5426,8363
compact51__current_roles,2019-06-11 05:00:00,20.0968805294,391.82808054,0,0,0,12,12,5434,8124
compact51__current_roles,2019-06-11 06:00:00,22.4699477616,523.069243225,0,0,0,12,12,6629,8275
compact51__current_roles,2019-06-11 07:00:00,21.0985997319,284.333427888,0,0,0,12,12,5982,7891
compact51__current_roles,2019-06-11 08:00:00,29.7122191084,218.986541663,0,0,0,13,13,8314,7610
compact51__current_roles,2019-06-11 09:00:00,29.5118748902,210.6811619,0,0,0,12,12,8290,7565
compact51__current_roles,2019-06-11 10:00:00,27.3219062631,141.74035039,0,0,0,12,12,7978,6986
compact51__current_roles,2019-06-11 11:00:00,23.2408096558,146.167811339,0,0,0,7,7,6967,7038
compact51__current_roles,2019-06-11 12:00:00,19.6621194277,121.464064849,0,0,0,11,11,5155,6688
compact51__current_roles,2019-06-11 13:00:00,23.0481930904,117.834210942,0,0,0,11,11,6906,6612
compact51__current_roles,2019-06-11 14:00:00,20.5759573195,125.329936616,0,0,0,12,12,5711,6759
compact51__current_roles,2019-06-11 15:00:00,13.0448825128,47.3462828125,0,0,0,12,12,580,847
compact51__current_roles,2019-06-11 16:00:00,17.6572060194,56.0848389163,0,0,0,12,12,3690,2716
compact51__current_roles,2019-06-11 17:00:00,17.9657179939,58.1409186559,0,0,0,12,12,3940,3205
compact51__current_roles,2019-06-11 18:00:00,23.5500453755,101.574530375,0,0,0,12,12,7060,6281
compact51__current_roles,2019-06-11 19:00:00,21.922115066,64.7895616408,0,0,0,14,14,6373,4413
compact51__current_roles,2019-06-11 20:00:00,20.5889655666,57.6403050535,0,0,0,12,12,5721,3093
compact51__current_roles,2019-06-11 21:00:00,17.6571577426,59.7674855499,0,0,0,12,12,3689,3545
compact51__current_roles,2019-06-11 22:00:00,19.4342095377,60.9133105383,0,0,0,13,13,4997,3777
compact51__current_roles,2019-06-11 23:00:00,15.8367263273,56.3045120964,0,0,0,12,12,2260,2774
compact51__current_roles,2019-06-12 00:00:00,12.5224399088,52.9571766703,0,0,0,12,12,412,1950
compact51__current_roles,2019-06-12 01:00:00,18.1321012057,54.4399507686,0,0,0,12,12,4054,2310
compact51__current_roles,2019-06-12 02:00:00,18.7830686412,56.005316669,0,0,0,12,12,4556,2692
compact51__current_roles,2019-06-12 03:00:00,21.4478411751,56.3349847758,0,0,0,12,12,6159,2781
compact51__current_roles,2019-06-12 04:00:00,22.9613738561,55.3081612073,0,0,0,12,12,6862,2540
compact51__current_roles,2019-06-12 05:00:00,22.0995984882,54.9757032517,0,0,0,12,12,6456,2451
compact51__current_roles,2019-06-12 06:00:00,25.2921924066,67.9672537999,0,0,0,12,12,7557,4767
compact51__current_roles,2019-06-12 07:00:00,33.4389914974,75.6104402175,0,0,0,13,12,8555,5367
compact51__current_roles,2019-06-12 08:00:00,23.7522600551,69.4983680329,0,0,0,12,12,7130,4906
compact51__current_roles,2019-06-12 09:00:00,22.0820699242,77.9495834975,0,0,0,12,12,6449,5474
compact51__current_roles,2019-06-12 10:00:00,23.8444703044,96.7734280017,0,0,0,12,12,7158,6145
compact51__current_roles,2019-06-12 11:00:00,23.8805281586,128.254865401,0,0,0,9,9,7171,6814
compact51__current_roles,2019-06-12 12:00:00,21.6884352766,99.8938613231,0,0,0,9,9,6253,6231
compact51__current_roles,2019-06-12 13:00:00,22.2818500856,93.7364948533,0,0,0,11,11,6547,6034
compact51__current_roles,2019-06-12 14:00:00,22.9929308597,95.170310695,0,0,0,11,11,6880,6081
compact51__current_roles,2019-06-12 15:00:00,25.1511384961,144.349489736,0,0,0,13,12,7522,7015
compact51__current_roles,2019-06-12 16:00:00,26.960364636,199.199415739,0,0,0,13,12,7926,7497
compact51__current_roles,2019-06-12 17:00:00,26.6731327479,159.037754017,0,0,0,12,12,7873,7186
compact51__current_roles,2019-06-12 18:00:00,24.3078013916,88.6605576238,0,0,0,12,12,7299,5860
compact51__current_roles,2019-06-12 19:00:00,19.4025083668,51.6783058614,0,0,0,12,12,4976,1679
compact51__current_roles,2019-06-12 20:00:00,18.2019812404,54.8376567954,0,0,0,12,12,4103,2417
compact51__current_roles,2019-06-12 21:00:00,19.4611588423,49.3597572356,0,0,0,12,12,5024,1217
compact51__current_roles,2019-06-12 22:00:00,14.326747828,55.6658656378,0,0,0,12,12,1196,2616
compact51__current_roles,2019-06-12 23:00:00,14.5802330222,55.0592251711,0,0,0,12,12,1357,2472
compact51__current_roles,2019-06-13 00:00:00,13.5159396512,50.1510563833,0,0,0,12,12,779,1360
compact51__current_roles,2019-06-13 01:00:00,14.5941159833,51.0891237381,0,0,0,12,12,1365,1538
compact51__current_roles,2019-06-13 02:00:00,18.3242611995,52.8824098126,0,0,0,12,12,4211,1928
compact51__current_roles,2019-06-13 03:00:00,21.8311085811,55.0399315511,0,0,0,12,12,6324,2466
compact51__current_roles,2019-06-13 04:00:00,22.6848620175,54.4470422768,0,0,0,12,12,6734,2312
compact51__current_roles,2019-06-13 05:00:00,24.5748177596,75.1635968423,0,0,0,12,12,7366,5342
compact51__current_roles,2019-06-13 06:00:00,18.3736622522,53.7645580504,0,0,0,12,12,4256,2146
compact51__current_roles,2019-06-13 07:00:00,20.8450268465,54.2512481541,0,0,0,12,12,5867,2253
compact51__current_roles,2019-06-13 08:00:00,18.7783355516,56.1924652984,0,0,0,12,12,4551,2749
compact51__current_roles,2019-06-13 09:00:00,15.7112815536,52.2909139488,0,0,0,12,12,2150,1799
compact51__current_roles,2019-06-13 10:00:00,15.510640312,52.363164735,0,0,0,12,12,2007,1813
compact51__current_roles,2019-06-13 11:00:00,16.8152472085,58.5257069026,0,0,0,12,12,2997,3282
compact51__current_roles,2019-06-13 12:00:00,17.157937791,59.7652723802,0,0,0,12,12,3265,3544
compact51__current_roles,2019-06-13 13:00:00,19.2946962642,88.528262134,0,0,0,12,12,4909,5857
compact51__current_roles,2019-06-13 14:00:00,20.6269734417,111.487765472,0,0,0,12,12,5738,6497
compact51__current_roles,2019-06-13 15:00:00,21.2470875367,80.5251374162,0,0,0,12,12,6059,5577
compact51__current_roles,2019-06-13 16:00:00,22.1200952375,74.2004376934,0,0,0,12,12,6466,5291
compact51__current_roles,2019-06-13 17:00:00,21.9914638397,69.7545258593,0,0,0,12,12,6403,4932
compact51__current_roles,2019-06-13 18:00:00,19.2961099857,53.8487802844,0,0,0,12,12,4912,2162
compact51__current_roles,2019-06-13 19:00:00,16.1034089139,54.1265091426,0,0,0,12,12,2449,2221
compact51__current_roles,2019-06-13 20:00:00,17.4208850794,54.0207854835,0,0,0,12,12,3496,2205
compact51__current_roles,2019-06-13 21:00:00,16.5756753718,56.6088141156,0,0,0,12,12,2820,2838
compact51__current_roles,2019-06-13 22:00:00,18.0925035214,58.2125781955,0,0,0,13,13,4035,3220
compact51__current_roles,2019-06-13 23:00:00,18.686941426,63.8260224473,0,0,0,12,12,4489,4273
compact51__current_roles,2019-06-14 00:00:00,15.6433311213,57.1992120537,0,0,0,13,13,2104,2988
compact51__current_roles,2019-06-14 01:00:00,18.2839692772,51.3315431575,0,0,0,12,12,4178,1593
compact51__current_roles,2019-06-14 02:00:00,21.297935278,52.5959912102,0,0,0,12,12,6095,1872
compact51__current_roles,2019-06-14 03:00:00,21.8714108601,50.7760159238,0,0,0,12,12,6343,1479
compact51__current_roles,2019-06-14 04:00:00,22.253194853,56.5106751387,0,0,0,12,12,6534,2823
compact51__current_roles,2019-06-14 05:00:00,29.3870780442,104.769089848,0,0,0,12,12,8276,6365
compact51__current_roles,2019-06-14 06:00:00,30.5456250887,216.128917748,0,0,0,13,12,8398,7593
compact51__current_roles,2019-06-14 07:00:00,31.284078098,169.751609129,0,0,0,12,12,8451,7280
compact51__current_roles,2019-06-14 08:00:00,30.8397652999,225.489056013,0,0,0,12,12,8421,7644
compact51__current_roles,2019-06-14 09:00:00,30.0330337768,215.131598667,0,0,0,13,13,8355,7583
compact51__current_roles,2019-06-14 10:00:00,26.3320421637,232.274526789,0,0,0,12,12,7801,7677
compact51__current_roles,2019-06-14 11:00:00,29.6197434274,307.210540253,0,0,0,12,12,8300,7958
compact51__current_roles,2019-06-14 12:00:00,30.8497976011,320.33739845,0,0,0,12,12,8422,7990
compact51__current_roles,2019-06-14 13:00:00,28.5786953727,512.044081458,0,0,0,12,12,8166,8263
compact51__current_roles,2019-06-14 14:00:00,31.7145811935,358.766873166,0,0,0,12,12,8472,8083
compact51__current_roles,2019-06-14 15:00:00,35.9147360279,342.976979592,0,0,0,12,12,8641,8044
compact51__current_roles,2019-06-14 16:00:00,36.9575319625,424.022293753,0,0,0,12,12,8672,8159
compact51__current_roles,2019-06-14 17:00:00,31.6166012165,275.762940115,0,0,0,12,12,8468,7856
compact51__current_roles,2019-06-14 18:00:00,31.4322810985,260.568325471,0,0,0,12,12,8460,7815
compact51__current_roles,2019-06-14 19:00:00,27.79133905,191.018557868,0,0,0,12,12,8043,7431
compact51__current_roles,2019-06-14 20:00:00,28.6189431129,221.025492979,0,0,0,12,12,8169,7620
compact51__current_roles,2019-06-14 21:00:00,26.2244698951,214.315274157,0,0,0,12,12,7773,7580
compact51__current_roles,2019-06-14 22:00:00,29.2829261642,196.171464279,0,0,0,12,12,8260,7472
compact51__current_roles,2019-06-14 23:00:00,25.2649548305,147.644293873,0,0,0,12,12,7551,7057
compact51__current_roles,2019-06-15 00:00:00,15.7286991635,57.7334991439,0,0,0,12,12,2170,3119
compact51__current_roles,2019-06-15 01:00:00,14.1761545601,47.5893578562,0,0,0,12,12,1092,889
compact51__current_roles,2019-06-15 02:00:00,22.2217290123,63.0945371956,0,0,0,12,12,6520,4174
compact51__current_roles,2019-06-15 03:00:00,23.1180921353,78.0489909648,0,0,0,12,12,6929,5479
compact51__current_roles,2019-06-15 04:00:00,24.0815383279,73.2242374351,0,0,0,12,12,7226,5221
compact51__current_roles,2019-06-15 05:00:00,25.8275698495,85.2702513311,0,0,0,12,12,7686,5762
compact51__current_roles,2019-06-15 06:00:00,20.0837514255,101.849228082,0,0,0,12,12,5421,6290
compact51__current_roles,2019-06-15 07:00:00,16.749425573,73.7423937512,0,0,0,12,12,2951,5265
compact51__current_roles,2019-06-15 08:00:00,16.7148778731,85.9211011069,0,0,0,12,12,2929,5787
compact51__current_roles,2019-06-15 09:00:00,19.0069240956,95.9876746019,0,0,0,12,12,4726,6121
compact51__current_roles,2019-06-15 10:00:00,21.9136237341,137.421984107,0,0,0,12,12,6365,6931
compact51__current_roles,2019-06-15 11:00:00,23.2304191156,153.270527029,0,0,0,12,12,6963,7124
compact51__current_roles,2019-06-15 12:00:00,22.9758384608,151.718391589,0,0,0,12,12,6872,7103
compact51__current_roles,2019-06-15 13:00:00,14.1797241671,89.1842269612,0,0,0,12,12,1096,5879
compact51__current_roles,2019-06-15 14:00:00,15.3271640104,98.2083765331,0,0,0,12,12,1877,6175
compact51__current_roles,2019-06-15 15:00:00,17.4603266345,104.620255243,0,0,0,12,12,3529,6360
compact51__current_roles,2019-06-15 16:00:00,18.8605025158,102.914870567,0,0,0,12,12,4619,6315
compact51__current_roles,2019-06-15 17:00:00,17.9853830193,82.6029306585,0,0,0,12,12,3953,5652
compact51__current_roles,2019-06-15 18:00:00,19.8206713257,92.76772335,0,0,0,12,12,5266,5992
compact51__current_roles,2019-06-15 19:00:00,21.6711294309,114.180653585,0,0,0,12,12,6247,6549
compact51__current_roles,2019-06-15 20:00:00,20.2849650802,79.6646003945,0,0,0,12,12,5552,5544
compact51__current_roles,2019-06-15 21:00:00,18.7826065159,55.0935224869,0,0,0,12,12,4555,2480
compact51__current_roles,2019-06-15 22:00:00,18.442618742,64.7412001721,0,0,0,12,12,4327,4408
compact51__current_roles,2019-06-15 23:00:00,17.9665402052,67.200433645,0,0,0,12,12,3942,4692
compact51__current_roles,2019-06-16 00:00:00,18.393110337,56.7113155927,0,0,0,12,12,4281,2863
compact51__current_roles,2019-06-16 01:00:00,20.9150716038,58.5007384664,0,0,0,12,12,5897,3279
compact51__current_roles,2019-06-16 02:00:00,26.4025212807,80.6482341263,0,0,0,12,12,7818,5581
compact51__current_roles,2019-06-16 03:00:00,23.1738083607,53.3707887722,0,0,0,12,12,6945,2057
compact51__current_roles,2019-06-16 04:00:00,28.5752431012,62.7701002574,0,0,0,12,12,8164,4117
compact51__current_roles,2019-06-16 05:00:00,22.8709239739,60.5166391952,0,0,0,12,12,6819,3693
compact51__current_roles,2019-06-16 06:00:00,19.8093836761,60.4467977394,0,0,0,12,12,5256,3675
compact51__current_roles,2019-06-16 07:00:00,19.7638765875,60.5508322177,0,0,0,12,12,5223,3700
compact51__current_roles,2019-06-16 08:00:00,22.9105068443,66.2560518547,0,0,0,12,12,6835,4594
compact51__current_roles,2019-06-16 09:00:00,22.9021620924,60.3134213892,0,0,0,12,12,6831,3649
compact51__current_roles,2019-06-16 10:00:00,21.2042817333,71.3058453904,0,0,0,12,12,6037,5080
compact51__current_roles,2019-06-16 11:00:00,18.4544038409,58.4523684512,0,0,0,12,12,4337,3267
compact51__current_roles,2019-06-16 12:00:00,23.546714193,83.0487999614,0,0,0,12,12,7057,5673
compact51__current_roles,2019-06-16 13:00:00,16.9744799897,61.0321506909,0,0,0,12,12,3124,3805
compact51__current_roles,2019-06-16 14:00:00,16.0149439649,61.1634661811,0,0,0,12,12,2393,3830
compact51__current_roles,2019-06-16 15:00:00,20.4015850816,69.6410783377,0,0,0,12,12,5627,4923
compact51__current_roles,2019-06-16 16:00:00,24.1140979728,94.547032054,0,0,0,12,12,7235,6059
compact51__current_roles,2019-06-16 17:00:00,19.7240727418,57.3662107194,0,0,0,12,12,5194,3030
compact51__current_roles,2019-06-16 18:00:00,16.4153459898,59.0339421436,0,0,0,12,12,2682,3389
compact51__current_roles,2019-06-16 19:00:00,19.5883013938,89.1941316535,0,0,0,12,12,5116,5880
compact51__current_roles,2019-06-16 20:00:00,19.3987810293,94.3912209539,0,0,0,12,12,4972,6056
compact51__current_roles,2019-06-16 21:00:00,20.5116925041,106.206777362,0,0,0,12,12,5681,6390
compact51__current_roles,2019-06-16 22:00:00,20.3045057626,101.486164889,0,0,0,12,12,5562,6277
compact51__current_roles,2019-06-16 23:00:00,21.7023138994,99.7073789565,0,0,0,13,13,6263,6222
compact51__current_roles,2019-06-17 00:00:00,14.9597556761,54.3087902432,0,0,0,12,12,1633,2276
compact51__current_roles,2019-06-17 01:00:00,17.1628191258,56.6860797034,0,0,0,12,12,3271,2856
compact51__current_roles,2019-06-17 02:00:00,17.8152327078,56.5279156796,0,0,0,12,12,3814,2826
compact51__current_roles,2019-06-17 03:00:00,20.4504059809,65.2898254832,0,0,0,12,12,5656,4483
compact51__current_roles,2019-06-17 04:00:00,20.2827700106,69.2804189131,0,0,0,12,12,5550,4886
compact51__current_roles,2019-06-17 05:00:00,22.786943091,129.309399337,0,0,0,12,12,6775,6831
compact51__current_roles,2019-06-17 06:00:00,23.5664681977,105.499173674,0,0,0,12,12,7062,6380
compact51__current_roles,2019-06-17 07:00:00,25.9080099476,221.266036577,0,0,0,12,12,7701,7622
compact51__current_roles,2019-06-17 08:00:00,17.43247673,197.147831445,0,0,0,12,12,3504,7482
compact51__current_roles,2019-06-17 09:00:00,16.5760973108,258.120056195,0,0,0,12,12,2823,7804
compact51__current_roles,2019-06-17 10:00:00,16.4692029681,394.972708198,0,0,0,12,12,2727,8129
compact51__current_roles,2019-06-17 11:00:00,12.4274053243,93.5417949255,0,0,0,12,12,382,6028
compact51__current_roles,2019-06-17 12:00:00,10.8863171074,55.7688303889,0,0,0,12,12,66,2637
compact51__current_roles,2019-06-17 13:00:00,12.1696410561,55.1241012639,0,0,0,12,12,297,2484
compact51__current_roles,2019-06-17 14:00:00,15.4844119512,134.910486334,0,0,0,12,12,1984,6901
compact51__current_roles,2019-06-17 15:00:00,15.7123185275,163.521621661,0,0,0,12,12,2151,7227
compact51__current_roles,2019-06-17 16:00:00,17.5522491102,245.606992584,0,0,0,12,12,3610,7748
compact51__current_roles,2019-06-17 17:00:00,14.8386145101,96.532960219,0,0,0,12,12,1544,6139
compact51__current_roles,2019-06-17 18:00:00,14.0617450408,55.6867120076,0,0,0,12,12,1029,2626
compact51__current_roles,2019-06-17 19:00:00,11.8299937432,48.0658720392,0,0,0,12,12,215,972
compact51__current_roles,2019-06-17 20:00:00,14.3728852745,50.5413689738,0,0,0,12,12,1223,1421
compact51__current_roles,2019-06-17 21:00:00,17.750581857,43.6126981127,0,0,0,12,12,3767,369
compact51__current_roles,2019-06-17 22:00:00,18.9437901113,94.0911075714,0,0,0,12,12,4683,6045
compact51__current_roles,2019-06-17 23:00:00,23.691661296,124.901785872,0,0,0,12,12,7110,6755
compact51__current_roles,2019-06-18 00:00:00,18.8844971698,113.19942904,0,0,0,12,12,4633,6535
compact51__current_roles,2019-06-18 01:00:00,19.0566747184,162.742893131,0,0,0,12,12,4758,7216
compact51__current_roles,2019-06-18 02:00:00,19.7850604738,141.701163687,0,0,0,12,12,5242,6985
compact51__current_roles,2019-06-18 03:00:00,17.8327982563,95.9101309237,0,0,0,12,12,3833,6119
compact51__current_roles,2019-06-18 04:00:00,24.2586674169,143.540730813,0,0,0,12,12,7282,7007
compact51__current_roles,2019-06-18 05:00:00,29.9555728865,103.442835887,0,0,0,12,12,8344,6329
compact51__current_roles,2019-06-18 06:00:00,25.6887539003,168.951247666,0,0,0,13,13,7655,7267
compact51__current_roles,2019-06-18 07:00:00,15.8421950633,62.7105071081,0,0,0,12,12,2264,4106
compact51__current_roles,2019-06-18 08:00:00,17.6699753316,113.141015715,0,0,0,12,12,3696,6533
compact51__current_roles,2019-06-18 09:00:00,14.1608585885,75.4538181626,0,0,0,12,12,1084,5358
compact51__current_roles,2019-06-18 10:00:00,11.2716836699,53.2650892587,0,0,0,12,12,115,2027
compact51__current_roles,2019-06-18 11:00:00,12.5859996485,51.0338640244,0,0,0,12,12,439,1524
compact51__current_roles,2019-06-18 12:00:00,14.6679910661,56.1985742267,0,0,0,12,11,1429,2751
compact51__current_roles,2019-06-18 13:00:00,12.668589641,67.5103555717,0,0,0,12,12,459,4723
compact51__current_roles,2019-06-18 14:00:00,10.9762813749,51.636802608,0,0,0,12,12,75,1665
compact51__current_roles,2019-06-18 15:00:00,13.9278749685,54.233191459,0,0,0,12,12,964,2249
compact51__current_roles,2019-06-18 16:00:00,15.789824646,53.8735001899,0,0,0,12,12,2222,2165
compact51__current_roles,2019-06-18 17:00:00,16.8759098128,47.0243791028,0,0,0,14,14,3047,796
compact51__current_roles,2019-06-18 18:00:00,18.8071532843,47.5370643303,0,0,0,11,11,4572,875
compact51__current_roles,2019-06-18 19:00:00,21.3475950076,77.8689232068,0,0,0,12,12,6117,5468
compact51__current_roles,2019-06-18 20:00:00,23.3525531572,101.658709736,1,0,0,12,12,6998,6284
compact51__current_roles,2019-06-18 21:00:00,26.6429854584,95.3294719116,0,0,0,12,12,7864,6085
compact51__current_roles,2019-06-18 22:00:00,22.9939411278,62.7668521141,0,0,0,12,12,6881,4116
compact51__current_roles,2019-06-18 23:00:00,23.7171891461,39.3777428131,0,0,0,12,12,7123,109
compact51__current_roles,2019-06-19 00:00:00,15.8473008112,50.9055688444,0,0,0,12,12,2269,1506
compact51__current_roles,2019-06-19 01:00:00,13.2480811384,49.858630891,0,0,0,12,12,668,1316
compact51__current_roles,2019-06-19 02:00:00,13.3190906261,52.391440814,0,0,0,12,12,703,1818
compact51__current_roles,2019-06-19 03:00:00,12.9463745903,51.7534337987,0,0,0,12,12,550,1696
compact51__current_roles,2019-06-19 04:00:00,14.7470004561,52.4519437966,0,0,0,12,12,1484,1835
compact51__current_roles,2019-06-19 05:00:00,21.4788342294,55.8406506595,0,0,0,12,12,6170,2657
compact51__current_roles,2019-06-19 06:00:00,23.3981206612,71.4690835898,0,0,0,14,14,7008,5090
compact51__current_roles,2019-06-19 07:00:00,14.0642643343,60.2180911481,0,0,0,12,12,1030,3631
compact51__current_roles,2019-06-19 08:00:00,15.3700197255,60.2341841716,0,0,0,12,12,1906,3634
compact51__current_roles,2019-06-19 09:00:00,12.1529687608,55.2054662938,0,0,0,12,12,295,2504
compact51__current_roles,2019-06-19 10:00:00,16.0688857013,61.50608726,0,0,0,14,13,2421,3897
compact51__current_roles,2019-06-19 11:00:00,14.3350217386,59.7186955516,0,0,0,11,11,1202,3536
compact51__current_roles,2019-06-19 12:00:00,17.1764449072,58.0830048688,0,0,0,12,12,3284,3192
compact51__current_roles,2019-06-19 13:00:00,17.98081137,66.1009245211,0,0,0,12,12,3948,4576
compact51__current_roles,2019-06-19 14:00:00,16.4325473057,57.0593680571,0,0,0,12,12,2695,2942
compact51__current_roles,2019-06-19 15:00:00,16.0138023838,55.0029930653,0,0,0,12,12,2392,2454
compact51__current_roles,2019-06-19 16:00:00,19.0359917823,63.0321585131,0,0,0,12,12,4744,4163
compact51__current_roles,2019-06-19 17:00:00,19.2856775909,47.3253922099,0,0,0,12,12,4902,842
compact51__current_roles,2019-06-19 18:00:00,19.2201120759,59.1285907487,0,0,0,12,12,4861,3413
compact51__current_roles,2019-06-19 19:00:00,14.8641409649,43.5171003804,0,0,0,12,12,1572,355
compact51__current_roles,2019-06-19 20:00:00,16.1775337469,43.2094077667,0,0,0,13,13,2513,328
compact51__current_roles,2019-06-19 21:00:00,18.006845019,42.1823114974,0,0,0,12,12,3969,253
compact51__current_roles,2019-06-19 22:00:00,16.1677116243,40.4987766401,0,0,0,12,12,2504,147
compact51__current_roles,2019-06-19 23:00:00,25.0404979669,49.1117262204,0,0,0,12,12,7496,1172
compact51__current_roles,2019-06-20 00:00:00,17.384769546,53.9274045629,0,0,0,12,12,3465,2179
compact51__current_roles,2019-06-20 01:00:00,13.8098621873,51.6116344621,0,0,0,12,12,911,1659
compact51__current_roles,2019-06-20 02:00:00,13.6782779662,55.7949673659,0,0,0,12,12,859,2646
compact51__current_roles,2019-06-20 03:00:00,16.3153675852,56.9882827887,0,0,0,12,12,2601,2927
compact51__current_roles,2019-06-20 04:00:00,19.4917569294,57.4323785249,0,0,0,12,12,5045,3050
compact51__current_roles,2019-06-20 05:00:00,27.2664096719,63.0437429379,0,0,0,12,12,7968,4165
compact51__current_roles,2019-06-20 06:00:00,21.636210204,62.7736781548,0,0,0,12,12,6238,4120
compact51__current_roles,2019-06-20 07:00:00,18.8367617659,57.6822496373,0,0,0,12,12,4602,3105
compact51__current_roles,2019-06-20 08:00:00,13.1459524491,50.7609460983,0,0,0,12,12,623,1474
compact51__current_roles,2019-06-20 09:00:00,13.0631698167,51.3584390261,0,0,0,12,12,590,1601
compact51__current_roles,2019-06-20 10:00:00,15.2260530693,68.5597548041,0,0,0,13,12,1801,4820
compact51__current_roles,2019-06-20 11:00:00,14.3204389778,73.2011811726,0,0,0,12,12,1192,5218
compact51__current_roles,2019-06-20 12:00:00,18.1626545395,199.176786734,0,0,0,13,13,4077,7496
compact51__current_roles,2019-06-20 13:00:00,17.2467825347,118.262501305,0,0,0,12,12,3342,6617
compact51__current_roles,2019-06-20 14:00:00,18.2796256212,121.18269812,0,0,0,12,12,4175,6685
compact51__current_roles,2019-06-20 15:00:00,21.9400080944,119.77114122,0,0,0,12,12,6383,6641
compact51__current_roles,2019-06-20 16:00:00,17.4466780673,62.4470345657,0,0,0,12,12,3516,4060
compact51__current_roles,2019-06-20 17:00:00,18.0333747951,58.5607965494,0,0,0,12,12,3991,3291
compact51__current_roles,2019-06-20 18:00:00,19.6298875321,51.4021027899,0,0,0,12,12,5141,1609
compact51__current_roles,2019-06-20 19:00:00,20.3841279491,51.7456686376,0,0,0,12,12,5617,1694
compact51__current_roles,2019-06-20 20:00:00,22.8141173501,50.5538232647,0,0,0,12,12,6792,1426
compact51__current_roles,2019-06-20 21:00:00,21.4007933158,42.327052253,0,0,0,13,13,6136,263
compact51__current_roles,2019-06-20 22:00:00,13.5834455665,48.1052046998,0,0,0,12,12,807,985
compact51__current_roles,2019-06-20 23:00:00,16.2918570469,54.9795534053,0,0,0,12,12,2585,2452
compact51__current_roles,2019-06-21 00:00:00,16.3146993197,51.8977779633,0,0,0,12,12,2600,1720
compact51__current_roles,2019-06-21 01:00:00,16.4599150193,51.2748859791,0,0,0,14,14,2718,1579
compact51__current_roles,2019-06-21 02:00:00,12.5826660582,49.7635467856,0,0,0,10,10,438,1303
compact51__current_roles,2019-06-21 03:00:00,16.4611479122,52.6241251115,0,0,0,12,12,2721,1878
compact51__current_roles,2019-06-21 04:00:00,19.5551589329,54.4386448238,0,0,0,12,12,5090,2309
compact51__current_roles,2019-06-21 05:00:00,21.4446704573,59.2418068676,0,0,0,12,12,6156,3441
compact51__current_roles,2019-06-21 06:00:00,18.4216708615,60.9310226638,0,0,0,13,13,4314,3783
compact51__current_roles,2019-06-21 07:00:00,11.5412631586,53.0210966211,0,0,0,12,12,149,1965
compact51__current_roles,2019-06-21 08:00:00,12.24220069,50.6835888003,0,0,0,12,12,324,1459
compact51__current_roles,2019-06-21 09:00:00,14.2899148536,53.2892867856,0,0,0,12,12,1171,2032
compact51__current_roles,2019-06-21 10:00:00,11.0786792608,47.9763330183,0,0,0,12,12,89,957
compact51__current_roles,2019-06-21 11:00:00,12.4900401482,47.1792855383,0,0,0,12,12,400,816
compact51__current_roles,2019-06-21 12:00:00,11.6588571866,51.643234131,0,0,0,12,12,171,1670
compact51__current_roles,2019-06-21 13:00:00,12.0741559718,53.319819613,0,0,0,12,12,270,2044
compact51__current_roles,2019-06-21 14:00:00,14.1780848085,170.993874008,0,0,0,12,12,1095,7290
compact51__current_roles,2019-06-21 15:00:00,13.0418239988,77.4703886464,0,0,0,12,12,578,5451
compact51__current_roles,2019-06-21 16:00:00,12.0755746811,60.9103353287,0,0,0,12,12,271,3776
compact51__current_roles,2019-06-21 17:00:00,14.6783979239,80.6300497147,0,0,0,12,12,1438,5580
compact51__current_roles,2019-06-21 18:00:00,12.5051138718,50.2347008442,0,0,0,12,12,404,1377
compact51__current_roles,2019-06-21 19:00:00,15.076867085,42.1687066007,0,0,0,12,12,1704,252
compact51__current_roles,2019-06-21 20:00:00,16.5400507534,42.0747347977,0,0,0,12,12,2783,241
compact51__current_roles,2019-06-21 21:00:00,17.3144809088,41.3570910037,0,0,0,12,12,3410,201
compact51__current_roles,2019-06-21 22:00:00,16.8819426504,49.8430479709,0,0,0,12,12,3056,1311
compact51__current_roles,2019-06-21 23:00:00,21.2837568797,93.6603897523,0,0,0,12,12,6085,6033
compact51__current_roles,2019-06-22 00:00:00,21.8269491343,73.6578889714,0,0,0,12,12,6316,5255
compact51__current_roles,2019-06-22 01:00:00,20.1162943628,57.107010578,0,0,0,12,12,5453,2961
compact51__current_roles,2019-06-22 02:00:00,22.6543187588,59.2408252041,0,0,0,12,12,6717,3440
compact51__current_roles,2019-06-22 03:00:00,20.424718618,56.3013759717,0,0,0,12,12,5639,2772
compact51__current_roles,2019-06-22 04:00:00,22.0946727318,56.2468923105,0,0,0,12,12,6455,2760
compact51__current_roles,2019-06-22 05:00:00,21.8113904396,57.1464711327,0,0,0,12,12,6308,2974
compact51__current_roles,2019-06-22 06:00:00,22.1969107573,61.0752465762,0,0,0,12,12,6505,3813
compact51__current_roles,2019-06-22 07:00:00,18.8700702175,60.506629225,0,0,0,12,12,4624,3689
compact51__current_roles,2019-06-22 08:00:00,22.3355667383,59.8271746841,0,0,0,12,12,6568,3559
compact51__current_roles,2019-06-22 09:00:00,21.9003584961,72.4351978246,0,0,0,12,12,6354,5166
compact51__current_roles,2019-06-22 10:00:00,15.5045444957,54.0686315557,0,0,0,12,12,2001,2213
compact51__current_roles,2019-06-22 11:00:00,15.3769137846,80.7222162122,0,0,0,12,12,1912,5586
compact51__current_roles,2019-06-22 12:00:00,13.1386364579,55.1410809733,0,0,0,12,12,619,2488
compact51__current_roles,2019-06-22 13:00:00,14.5066296726,56.3146761962,0,0,0,12,12,1307,2778
compact51__current_roles,2019-06-22 14:00:00,15.7643517954,55.1490630611,0,0,0,12,12,2196,2490
compact51__current_roles,2019-06-22 15:00:00,16.1669123369,55.0482302656,0,0,0,12,12,2503,2469
compact51__current_roles,2019-06-22 16:00:00,14.4629747645,53.0787248666,0,0,0,12,12,1287,1985
compact51__current_roles,2019-06-22 17:00:00,13.073923601,48.4285350025,0,0,0,12,12,593,1046
compact51__current_roles,2019-06-22 18:00:00,13.485688381,50.6162751153,0,0,0,12,12,769,1439
compact51__current_roles,2019-06-22 19:00:00,14.5997445752,50.1521926673,0,0,0,12,12,1368,1361
compact51__current_roles,2019-06-22 20:00:00,15.1784393757,48.6573134325,0,0,0,12,12,1768,1085
compact51__current_roles,2019-06-22 21:00:00,16.339053582,60.1761980906,0,0,0,13,12,2615,3623
compact51__current_roles,2019-06-22 22:00:00,16.8467527622,57.7042150479,0,0,0,12,12,3023,3111
compact51__current_roles,2019-06-22 23:00:00,16.9048835716,56.8845263171,0,0,0,12,12,3075,2904
compact51__current_roles,2019-06-23 00:00:00,14.6677150838,55.9375617184,0,0,0,12,12,1428,2675
compact51__current_roles,2019-06-23 01:00:00,14.6095375562,55.4496158836,0,0,0,12,12,1375,2573
compact51__current_roles,2019-06-23 02:00:00,16.6741259629,61.3392105162,0,0,0,12,12,2901,3867
compact51__current_roles,2019-06-23 03:00:00,18.9336254902,65.1508341646,0,0,0,12,12,4675,4459
compact51__current_roles,2019-06-23 04:00:00,20.4301178385,60.0038077821,0,0,0,12,12,5643,3589
compact51__current_roles,2019-06-23 05:00:00,22.1378183495,62.6917935249,0,0,0,12,12,6481,4102
compact51__current_roles,2019-06-23 06:00:00,18.3285145688,62.5157199309,0,0,0,12,12,4217,4075
compact51__current_roles,2019-06-23 07:00:00,17.5735228078,68.5313276476,0,0,0,12,12,3627,4816
compact51__current_roles,2019-06-23 08:00:00,17.8799214302,72.1771592536,0,0,0,12,12,3867,5147
compact51__current_roles,2019-06-23 09:00:00,20.4521485175,68.9045664562,0,0,0,12,12,5658,4845
compact51__current_roles,2019-06-23 10:00:00,19.5476138878,85.0604244535,0,0,0,12,12,5088,5749
compact51__current_roles,2019-06-23 11:00:00,21.0161402014,67.3670795111,0,0,0,12,12,5945,4710
compact51__current_roles,2019-06-23 12:00:00,24.9832302811,103.204799859,0,0,0,12,12,7483,6324
compact51__current_roles,2019-06-23 13:00:00,22.8053449521,103.666300934,0,0,0,12,12,6787,6339
compact51__current_roles,2019-06-23 14:00:00,21.1324786808,113.458696928,0,0,0,12,12,5998,6539
compact51__current_roles,2019-06-23 15:00:00,16.7390637377,73.549690409,0,0,0,12,12,2944,5249
compact51__current_roles,2019-06-23 16:00:00,17.5473783012,59.682455072,0,0,0,12,12,3606,3529
compact51__current_roles,2019-06-23 17:00:00,18.7242266991,93.1348478982,0,0,0,12,12,4508,6016
compact51__current_roles,2019-06-23 18:00:00,14.3840878579,50.3854844737,0,0,0,12,12,1236,1398
compact51__current_roles,2019-06-23 19:00:00,15.2226598216,48.3926713363,0,0,0,12,12,1797,1039
compact51__current_roles,2019-06-23 20:00:00,13.4383525538,53.3422809715,0,0,0,12,12,744,2051
compact51__current_roles,2019-06-23 21:00:00,15.3227329304,49.4078561924,0,0,0,12,12,1875,1226
compact51__current_roles,2019-06-23 22:00:00,18.7109570853,108.657826664,0,0,0,12,12,4499,6439
compact51__current_roles,2019-06-23 23:00:00,18.0342823588,58.1775244275,0,0,0,12,12,3992,3213
compact51__current_roles,2019-06-24 00:00:00,19.0233070016,56.5707564568,0,0,0,12,12,4734,2832
compact51__current_roles,2019-06-24 01:00:00,18.2415902995,53.9995010738,0,0,0,12,12,4145,2199
compact51__current_roles,2019-06-24 02:00:00,17.8020750308,51.6010313176,0,0,0,12,12,3804,1658
compact51__current_roles,2019-06-24 03:00:00,20.4101003712,53.2570301058,0,0,0,12,12,5635,2025
compact51__current_roles,2019-06-24 04:00:00,24.2770240906,57.3853330747,0,0,0,12,12,7286,3034
compact51__current_roles,2019-06-24 05:00:00,23.523627622,59.5718534176,0,0,0,12,12,7050,3503
compact51__current_roles,2019-06-24 06:00:00,23.9398993862,69.6439367066,0,0,0,12,12,7187,4924
compact51__current_roles,2019-06-24 07:00:00,24.572711904,69.5096842418,0,0,0,12,12,7365,4908
compact51__current_roles,2019-06-24 08:00:00,19.1733483379,86.2356929836,0,0,0,12,12,4834,5797
compact51__current_roles,2019-06-24 09:00:00,16.9108953484,69.5271083265,0,0,0,12,12,3079,4910
compact51__current_roles,2019-06-24 10:00:00,13.3477066451,61.8872728498,0,0,0,13,13,712,3974
compact51__current_roles,2019-06-24 11:00:00,12.5421084698,58.4647330656,0,0,0,13,12,421,3271
compact51__current_roles,2019-06-24 12:00:00,15.4920344768,63.7241545721,0,0,0,12,12,1988,4259
compact51__current_roles,2019-06-24 13:00:00,14.2838057594,64.2276496436,0,0,0,12,12,1166,4332
compact51__current_roles,2019-06-24 14:00:00,12.8024053844,57.745769658,0,0,0,12,12,506,3123
compact51__current_roles,2019-06-24 15:00:00,11.6951354957,60.683943986,0,0,0,12,12,183,3728
compact51__current_roles,2019-06-24 16:00:00,10.968140005,61.3867732504,0,0,0,12,12,74,3875
compact51__current_roles,2019-06-24 17:00:00,11.5333749573,57.6661411917,0,0,0,12,11,144,3101
compact51__current_roles,2019-06-24 18:00:00,10.9357398835,55.2712419011,0,0,0,12,12,72,2527
compact51__current_roles,2019-06-24 19:00:00,12.0346611056,51.9207705512,0,0,0,13,13,260,1724
compact51__current_roles,2019-06-24 20:00:00,12.8949782656,83.6377000701,0,0,0,12,12,533,5697
compact51__current_roles,2019-06-24 21:00:00,14.6192315626,123.890653695,1,0,0,12,12,1387,6738
compact51__current_roles,2019-06-24 22:00:00,19.1396679435,56.4251125974,0,0,0,12,12,4808,2800
compact51__current_roles,2019-06-24 23:00:00,18.4707736879,40.7802732544,0,0,0,12,12,4345,163
compact51__current_roles,2019-06-25 00:00:00,8.928114208,46.4391249654,0,0,0,12,12,5,703
compact51__current_roles,2019-06-25 01:00:00,9.4005731933,41.6954040189,0,0,0,12,12,10,220
compact51__current_roles,2019-06-25 02:00:00,12.526631791,48.3092502879,0,0,0,12,12,417,1017
compact51__current_roles,2019-06-25 03:00:00,14.8261828373,48.6727557698,0,0,0,12,12,1535,1091
compact51__current_roles,2019-06-25 04:00:00,15.0777970121,46.7992016984,0,0,0,12,12,1705,758
compact51__current_roles,2019-06-25 05:00:00,19.9840818478,75.6857143619,0,0,0,12,12,5367,5374
compact51__current_roles,2019-06-25 06:00:00,13.1528959213,54.1945421159,0,0,0,12,12,625,2242
compact51__current_roles,2019-06-25 07:00:00,13.0880548211,60.0232607365,0,0,0,12,12,597,3595
compact51__current_roles,2019-06-25 08:00:00,15.3935056386,60.824811453,0,0,0,14,14,1921,3758
compact51__current_roles,2019-06-25 09:00:00,11.7263248876,52.272999142,0,0,0,11,11,193,1793
compact51__current_roles,2019-06-25 10:00:00,12.0942561492,61.4937264171,0,0,0,12,12,280,3894
compact51__current_roles,2019-06-25 11:00:00,12.4748919271,55.4381729253,0,0,0,11,11,393,2569
compact51__current_roles,2019-06-25 12:00:00,12.0609624521,781.842837154,0,0,0,11,11,267,8434
compact51__current_roles,2019-06-25 13:00:00,11.339152329,53.6403205131,0,0,0,12,12,125,2120
compact51__current_roles,2019-06-25 14:00:00,10.8143806652,52.5334607904,0,0,0,12,12,62,1856
compact51__current_roles,2019-06-25 15:00:00,12.7117957869,51.0592419157,0,0,0,12,12,472,1531
compact51__current_roles,2019-06-25 16:00:00,13.9396346821,143.057775518,0,0,0,12,12,971,7001
compact51__current_roles,2019-06-25 17:00:00,12.2033862811,58.5185320534,0,0,0,12,12,311,3281
compact51__current_roles,2019-06-25 18:00:00,11.651352073,57.941573442,0,0,0,13,13,169,3166
compact51__current_roles,2019-06-25 19:00:00,11.910494724,53.0341360429,0,0,0,12,12,234,1968
compact51__current_roles,2019-06-25 20:00:00,13.3153945673,48.0282996995,0,0,0,12,12,699,964
compact51__current_roles,2019-06-25 21:00:00,15.3982765551,49.6033876932,0,0,0,12,12,1929,1269
compact51__current_roles,2019-06-25 22:00:00,12.2787010614,42.7498083801,0,0,0,12,12,336,299
compact51__current_roles,2019-06-25 23:00:00,20.905698335,40.236197583,0,0,0,12,12,5892,133
compact51__current_roles,2019-06-26 00:00:00,8.94148822811,44.0548024544,0,0,0,12,12,6,417
compact51__current_roles,2019-06-26 01:00:00,12.1797810537,45.1619479981,0,0,0,12,12,301,546
compact51__current_roles,2019-06-26 02:00:00,9.75609642131,42.4323709441,0,0,0,12,12,13,273
compact51__current_roles,2019-06-26 03:00:00,9.32744942243,43.7390413995,0,0,0,12,12,9,383
compact51__current_roles,2019-06-26 04:00:00,12.6606495199,47.6264277349,0,0,0,12,12,456,895
compact51__current_roles,2019-06-26 05:00:00,20.7594558545,55.9734477774,0,0,0,12,12,5811,2681
compact51__current_roles,2019-06-26 06:00:00,14.2134545712,59.1054128245,0,0,0,12,12,1117,3410
compact51__current_roles,2019-06-26 07:00:00,17.7054457543,64.6511907758,0,0,0,12,12,3721,4395
compact51__current_roles,2019-06-26 08:00:00,13.8881169938,64.3510959575,0,0,0,12,12,948,4351
compact51__current_roles,2019-06-26 09:00:00,14.0665713403,59.4912856506,0,0,0,12,12,1033,3489
compact51__current_roles,2019-06-26 10:00:00,13.2124777964,55.0840688955,0,0,0,12,12,648,2477
compact51__current_roles,2019-06-26 11:00:00,12.4742277253,90.1192966501,0,0,0,12,12,392,5916
compact51__current_roles,2019-06-26 12:00:00,13.9747585732,377.293658678,1,0,0,12,12,986,8109
compact51__current_roles,2019-06-26 13:00:00,13.2828032453,279.748712248,0,0,0,12,12,685,7870
compact51__current_roles,2019-06-26 14:00:00,12.0923489789,203.144629968,1,0,0,14,14,277,7521
compact51__current_roles,2019-06-26 15:00:00,12.4756918516,86.4910341566,0,0,0,11,11,395,5802
compact51__current_roles,2019-06-26 16:00:00,13.2500613045,70.1001254914,0,0,0,12,12,670,4969
compact51__current_roles,2019-06-26 17:00:00,15.0944636378,187.885501612,0,0,0,12,12,1713,7411
compact51__current_roles,2019-06-26 18:00:00,13.1126099262,62.2778755165,0,0,0,12,12,608,4033
compact51__current_roles,2019-06-26 19:00:00,18.3742896421,122.306572192,1,0,0,12,12,4258,6703
compact51__current_roles,2019-06-26 20:00:00,18.6328706469,131.698543684,1,0,0,12,12,4451,6862
compact51__current_roles,2019-06-26 21:00:00,17.4354845689,100.166731169,1,0,0,12,12,3508,6238
compact51__current_roles,2019-06-26 22:00:00,20.6468228671,43.5975142819,0,0,0,12,11,5744,364
compact51__current_roles,2019-06-26 23:00:00,15.4306415724,48.2013359267,0,0,0,13,12,1957,1000
compact51__current_roles,2019-06-27 00:00:00,11.595117763,52.8710860218,0,0,0,12,12,158,1926
compact51__current_roles,2019-06-27 01:00:00,12.2589559517,56.8022458957,0,0,0,12,12,330,2889
compact51__current_roles,2019-06-27 02:00:00,13.5824139075,56.1483625814,0,0,0,12,12,806,2736
compact51__current_roles,2019-06-27 03:00:00,11.6998702745,52.8949389386,0,0,0,12,12,185,1930
compact51__current_roles,2019-06-27 04:00:00,16.9657422227,54.4382913368,0,0,0,12,12,3119,2308
compact51__current_roles,2019-06-27 05:00:00,28.1644112601,66.391318006,0,0,0,12,12,8099,4605
compact51__current_roles,2019-06-27 06:00:00,16.2359294304,74.5797004398,0,0,0,12,12,2549,5311
compact51__current_roles,2019-06-27 07:00:00,13.7623874488,128.539368112,1,0,0,12,12,893,6820
compact51__current_roles,2019-06-27 08:00:00,14.2245692757,62.4919597817,0,0,0,12,12,1126,4067
compact51__current_roles,2019-06-27 09:00:00,15.7657014675,225.224316799,0,0,0,12,12,2199,7642
compact51__current_roles,2019-06-27 10:00:00,17.4498571236,241.353532923,0,0,0,12,12,3519,7726
compact51__current_roles,2019-06-27 11:00:00,16.1396953329,353.99190853,1,0,0,9,9,2481,8072
compact51__current_roles,2019-06-27 12:00:00,20.3270330847,460.9419577,0,0,0,12,12,5578,8202
compact51__current_roles,2019-06-27 13:00:00,17.8102338579,71.6522088602,0,0,0,12,12,3812,5100
compact51__current_roles,2019-06-27 14:00:00,16.4327395768,66.0021307521,0,0,0,13,13,2696,4565
compact51__current_roles,2019-06-27 15:00:00,19.5847554431,92.0275085343,0,0,0,12,12,5113,5969
compact51__current_roles,2019-06-27 16:00:00,16.4675428546,78.9682476764,0,0,0,12,12,2726,5513
compact51__current_roles,2019-06-27 17:00:00,15.3327129829,68.9256687932,0,0,0,13,13,1880,4849
compact51__current_roles,2019-06-27 18:00:00,12.3883880786,279.798957866,0,0,0,12,12,363,7871
compact51__current_roles,2019-06-27 19:00:00,11.1287107236,87.6665143004,0,0,0,12,12,98,5830
compact51__current_roles,2019-06-27 20:00:00,15.6033949022,291.410159514,0,0,0,12,12,2071,7915
compact51__current_roles,2019-06-27 21:00:00,19.8647357027,305.215715574,0,0,0,12,12,5289,7948
compact51__current_roles,2019-06-27 22:00:00,10.7900628113,48.6064290409,0,0,0,13,13,58,1076
compact51__current_roles,2019-06-27 23:00:00,17.2229314806,95.1476207109,0,0,0,11,11,3318,6080
compact51__current_roles,2019-06-28 00:00:00,21.9321375683,127.564903982,0,0,0,12,12,6378,6803
compact51__current_roles,2019-06-28 01:00:00,14.5215719649,54.3469701964,0,0,0,12,12,1315,2286
compact51__current_roles,2019-06-28 02:00:00,14.7624614062,57.3027504133,0,0,0,12,12,1492,3013
compact51__current_roles,2019-06-28 03:00:00,19.7711802552,117.156791973,1,0,0,12,12,5233,6595
compact51__current_roles,2019-06-28 04:00:00,24.2024266554,82.0546610598,0,0,0,12,12,7268,5637
compact51__current_roles,2019-06-28 05:00:00,36.9123951472,741.297930972,0,0,0,12,12,8670,8415
compact51__current_roles,2019-06-28 06:00:00,31.0278516967,66.4059004854,0,0,0,12,12,8431,4607
compact51__current_roles,2019-06-28 07:00:00,24.8709602979,58.480129333,0,0,0,12,12,7443,3276
compact51__current_roles,2019-06-28 08:00:00,21.761541114,63.9238608351,0,0,0,13,13,6290,4286
compact51__current_roles,2019-06-28 09:00:00,24.0226584614,68.9908217157,0,0,0,14,14,7214,4855
compact51__current_roles,2019-06-28 10:00:00,28.0939875538,66.5278459231,0,0,0,13,13,8091,4621
compact51__current_roles,2019-06-28 11:00:00,30.2482669191,70.227994591,0,0,0,12,12,8378,4981
compact51__current_roles,2019-06-28 12:00:00,24.3475596408,83.0972432993,0,0,0,13,12,7310,5677
compact51__current_roles,2019-06-28 13:00:00,28.1753207664,75.4728987203,0,0,0,12,12,8103,5359
compact51__current_roles,2019-06-28 14:00:00,26.5116661048,77.1704780278,0,0,0,11,11,7838,5433
compact51__current_roles,2019-06-28 15:00:00,27.995311851,84.0410768581,0,0,0,13,13,8064,5713
compact51__current_roles,2019-06-28 16:00:00,36.6605469294,85.8704593102,0,0,0,12,12,8663,5784
compact51__current_roles,2019-06-28 17:00:00,38.3510345935,72.2745035421,0,0,0,12,12,8701,5156
compact51__current_roles,2019-06-28 18:00:00,25.3849785121,56.0197865914,0,0,0,12,12,7577,2694
compact51__current_roles,2019-06-28 19:00:00,24.4574802825,245.892547342,0,0,0,12,12,7340,7750
compact51__current_roles,2019-06-28 20:00:00,30.7208763671,106.244215973,0,0,0,12,12,8414,6396
compact51__current_roles,2019-06-28 21:00:00,30.0635896327,189.803978801,0,0,0,12,12,8358,7419
compact51__current_roles,2019-06-28 22:00:00,19.5407181136,81.2025855271,0,0,0,12,12,5084,5611
compact51__current_roles,2019-06-28 23:00:00,27.3324013268,232.250572923,1,0,0,12,12,7980,7676
compact51__current_roles,2019-06-29 00:00:00,20.8816377566,48.8023033204,0,0,0,12,12,5883,1107
compact51__current_roles,2019-06-29 01:00:00,19.9044857763,120.889586897,0,0,0,12,12,5317,6678
compact51__current_roles,2019-06-29 02:00:00,25.6714272722,166.986904016,0,0,0,12,12,7649,7255
compact51__current_roles,2019-06-29 03:00:00,24.128415644,133.430642251,0,0,0,13,12,7244,6886
compact51__current_roles,2019-06-29 04:00:00,22.7680243948,134.665984512,0,0,0,12,12,6768,6897
compact51__current_roles,2019-06-29 05:00:00,21.8349713759,65.2286351956,0,0,0,12,12,6327,4472
compact51__current_roles,2019-06-29 06:00:00,23.752183104,72.0584048457,0,0,0,12,12,7129,5132
compact51__current_roles,2019-06-29 07:00:00,26.9821735212,323.290565462,0,0,0,12,12,7931,7994
compact51__current_roles,2019-06-29 08:00:00,36.3257975977,125.642728458,0,0,0,12,12,8657,6766
compact51__current_roles,2019-06-29 09:00:00,31.9708590108,112.716702298,0,0,0,12,12,8491,6523
compact51__current_roles,2019-06-29 10:00:00,28.5060497644,98.2513018261,0,0,0,13,13,8150,6176
compact51__current_roles,2019-06-29 11:00:00,29.6612886019,93.3555746082,0,0,0,12,11,8306,6022
compact51__current_roles,2019-06-29 12:00:00,34.1001448687,108.18448923,0,0,0,12,12,8584,6428
compact51__current_roles,2019-06-29 13:00:00,38.6285831482,145.023269295,0,0,0,12,12,8703,7021
compact51__current_roles,2019-06-29 14:00:00,30.8583695957,97.0674220296,0,0,0,12,12,8424,6150
compact51__current_roles,2019-06-29 15:00:00,29.0717440933,94.6695912529,0,0,0,12,12,8225,6068
compact51__current_roles,2019-06-29 16:00:00,34.2871431015,96.7173077717,0,0,0,12,12,8598,6143
compact51__current_roles,2019-06-29 17:00:00,27.7883325859,95.6387716686,0,0,0,12,12,8042,6097
compact51__current_roles,2019-06-29 18:00:00,25.888607574,70.6475010529,0,0,0,12,12,7698,5022
compact51__current_roles,2019-06-29 19:00:00,25.2491205275,65.6456547169,0,0,0,11,11,7547,4526
compact51__current_roles,2019-06-29 20:00:00,25.9305953041,61.4962415881,0,0,0,11,11,7705,3895
compact51__current_roles,2019-06-29 21:00:00,24.4343476609,691.730279358,0,0,0,12,12,7333,8392
compact51__current_roles,2019-06-29 22:00:00,19.0702918591,294.760236266,1,0,0,12,12,4772,7922
compact51__current_roles,2019-06-29 23:00:00,22.7789576509,49.04644526,0,0,0,12,12,6771,1158
compact51__current_roles,2019-06-30 00:00:00,10.7775838194,51.4965495683,0,0,0,12,12,56,1634
compact51__current_roles,2019-06-30 01:00:00,8.72681705989,51.5087866269,0,0,0,12,12,2,1640
compact51__current_roles,2019-06-30 02:00:00,14.95646605,56.0478122435,0,0,0,12,12,1631,2700
compact51__current_roles,2019-06-30 03:00:00,13.4616793715,56.7560647272,0,0,0,12,12,758,2879
compact51__current_roles,2019-06-30 04:00:00,12.0973821832,52.4705142723,0,0,0,12,12,283,1838
compact51__current_roles,2019-06-30 05:00:00,11.8600133936,49.3176848076,0,0,0,12,12,220,1203
compact51__current_roles,2019-06-30 06:00:00,12.3539575431,64.8987772124,0,0,0,12,12,356,4429
compact51__current_roles,2019-06-30 07:00:00,14.3915065718,71.8594688071,0,0,0,12,12,1238,5116
compact51__current_roles,2019-06-30 08:00:00,18.8041010717,87.5062615387,0,0,0,13,13,4568,5826
compact51__current_roles,2019-06-30 09:00:00,16.0500413083,86.2603388508,0,0,0,14,14,2410,5798
compact51__current_roles,2019-06-30 10:00:00,16.83846015,90.025289428,0,0,0,10,10,3012,5912
compact51__current_roles,2019-06-30 11:00:00,15.8280341297,85.1447906902,0,0,0,12,12,2255,5753
compact51__current_roles,2019-06-30 12:00:00,14.3207202467,70.9245395722,0,0,0,12,12,1193,5044
compact51__current_roles,2019-06-30 13:00:00,17.3494874948,68.5791577564,0,0,0,12,12,3437,4821
compact51__current_roles,2019-06-30 14:00:00,19.3123088213,121.965014676,1,0,0,12,12,4918,6696
compact51__current_roles,2019-06-30 15:00:00,16.4140722799,94.4778680892,0,0,0,13,13,2680,6058
compact51__current_roles,2019-06-30 16:00:00,16.278025159,337.471762701,1,0,0,12,12,2578,8026
compact51__current_roles,2019-06-30 17:00:00,15.2563839597,169.872673775,1,0,0,12,12,1824,7282
compact51__current_roles,2019-06-30 18:00:00,14.4656227046,114.48840913,1,0,0,12,12,1289,6558
compact51__current_roles,2019-06-30 19:00:00,17.9475456256,144.174634057,1,0,0,12,12,3928,7014
compact51__current_roles,2019-06-30 20:00:00,17.5786099692,284.537119053,1,0,0,12,12,3631,7893
compact51__current_roles,2019-06-30 21:00:00,15.4257422833,145.438098888,1,0,0,12,12,1954,7027
compact51__current_roles,2019-06-30 22:00:00,12.9871026364,48.2118551564,0,0,0,12,12,562,1002
compact51__current_roles,2019-06-30 23:00:00,11.8890039501,62.6274874765,0,0,0,12,12,226,4088
compact51__current_roles,2019-07-01 00:00:00,18.3895895939,79.0532773902,0,0,0,11,11,4277,5516
compact51__current_roles,2019-07-01 01:00:00,14.0829317127,63.4477419104,0,0,0,12,12,1042,4223
compact51__current_roles,2019-07-01 02:00:00,15.1545867737,54.871140833,0,0,0,12,12,1756,2426
compact51__current_roles,2019-07-01 03:00:00,19.5928952673,49.3648249351,0,0,0,12,12,5119,1219
compact51__current_roles,2019-07-01 04:00:00,22.8660100243,49.1097796118,0,0,0,12,12,6815,1171
compact51__current_roles,2019-07-01 05:00:00,20.3377520728,55.8911333809,0,0,0,12,12,5587,2669
compact51__current_roles,2019-07-01 06:00:00,19.9033883286,84.5382000774,0,0,0,12,12,5315,5734
compact51__current_roles,2019-07-01 07:00:00,22.273760745,93.008807556,0,0,0,12,12,6542,6009
compact51__current_roles,2019-07-01 08:00:00,21.9850668266,95.389217124,0,0,0,12,12,6399,6089
compact51__current_roles,2019-07-01 09:00:00,23.8907325045,107.818421341,0,0,0,12,12,7175,6419
compact51__current_roles,2019-07-01 10:00:00,22.393941335,229.596701846,0,0,0,13,13,6593,7665
compact51__current_roles,2019-07-01 11:00:00,17.5428016889,91.0551574966,0,0,0,12,12,3599,5936
compact51__current_roles,2019-07-01 12:00:00,15.0370550083,101.974179608,0,0,0,12,12,1677,6296
compact51__current_roles,2019-07-01 13:00:00,18.0273093428,5173.14117254,0,0,0,13,13,3985,8711
compact51__current_roles,2019-07-01 14:00:00,15.1871777215,480.21604736,1,0,0,14,14,1774,8223
compact51__current_roles,2019-07-01 15:00:00,16.3655112603,258.467177076,1,0,0,13,12,2636,7806
compact51__current_roles,2019-07-01 16:00:00,17.1614401793,491.037712181,1,0,0,12,12,3269,8239
compact51__current_roles,2019-07-01 17:00:00,15.3649959157,114.083877809,1,0,0,15,14,1903,6546
compact51__current_roles,2019-07-01 18:00:00,14.112230878,74.2714629815,0,0,0,14,12,1056,5298
compact51__current_roles,2019-07-01 19:00:00,17.5038819996,103.563416169,1,0,0,12,12,3564,6333
compact51__current_roles,2019-07-01 20:00:00,17.1719315292,81.7432327179,0,0,0,12,12,3281,5630
compact51__current_roles,2019-07-01 21:00:00,16.9115808333,67.2567226201,0,0,0,12,12,3080,4699
compact51__current_roles,2019-07-01 22:00:00,14.8530037,60.5404441209,0,0,0,14,13,1561,3698
compact51__current_roles,2019-07-01 23:00:00,14.8354982599,52.270734544,0,0,0,11,11,1543,1792
compact51__current_roles,2019-07-02 00:00:00,13.719310036,50.5823972093,0,0,0,12,11,873,1432
compact51__current_roles,2019-07-02 01:00:00,10.5727246553,51.501192784,0,0,0,12,12,41,1636
compact51__current_roles,2019-07-02 02:00:00,13.7862871848,55.5256391991,0,0,0,12,12,902,2589
compact51__current_roles,2019-07-02 03:00:00,15.1235067049,55.2599147739,0,0,0,12,12,1727,2523
compact51__current_roles,2019-07-02 04:00:00,24.4135298245,62.7449086281,0,0,0,12,12,7330,4113
compact51__current_roles,2019-07-02 05:00:00,22.9286156814,65.9797410511,0,0,0,12,12,6844,4559
compact51__current_roles,2019-07-02 06:00:00,20.7347924814,66.5622521415,0,0,0,12,12,5793,4624
compact51__current_roles,2019-07-02 07:00:00,17.9125021858,63.1859440173,0,0,0,13,13,3895,4189
compact51__current_roles,2019-07-02 08:00:00,13.744336184,73.7947032212,0,0,0,16,15,890,5274
compact51__current_roles,2019-07-02 09:00:00,13.268221195,314.171727973,1,0,0,12,12,677,7971
compact51__current_roles,2019-07-02 10:00:00,12.2816316091,66.4390736879,0,0,0,15,14,337,4613
compact51__current_roles,2019-07-02 11:00:00,13.8608800246,83.0595217322,0,0,0,11,11,939,5674
compact51__current_roles,2019-07-02 12:00:00,15.4968336289,2321.71171758,1,0,0,12,12,1994,8643
compact51__current_roles,2019-07-02 13:00:00,15.9511629287,266.782129537,1,0,0,12,12,2355,7829
compact51__current_roles,2019-07-02 14:00:00,12.8634272769,87.7681864009,0,0,0,14,12,524,5833
compact51__current_roles,2019-07-02 15:00:00,13.7002973051,87.1251952571,0,0,0,12,12,866,5815
compact51__current_roles,2019-07-02 16:00:00,17.0871575538,72.6001552551,0,0,0,12,12,3215,5180
compact51__current_roles,2019-07-02 17:00:00,15.6071123396,66.0905840141,0,0,0,12,12,2074,4573
compact51__current_roles,2019-07-02 18:00:00,17.965748187,110.665335491,1,0,0,14,14,3941,6477
compact51__current_roles,2019-07-02 19:00:00,19.0124029275,121.181754668,1,0,0,9,9,4729,6684
compact51__current_roles,2019-07-02 20:00:00,19.6005509632,91.8748201015,0,0,0,12,12,5125,5965
compact51__current_roles,2019-07-02 21:00:00,22.3976493,137.205729211,1,0,0,16,14,6597,6929
compact51__current_roles,2019-07-02 22:00:00,21.1841806936,124.069961493,1,0,0,12,12,6027,6743
compact51__current_roles,2019-07-02 23:00:00,23.0590071935,99.4298464372,0,0,0,12,12,6910,6213
compact51__current_roles,2019-07-03 00:00:00,14.2460882974,54.8132592856,0,0,0,13,12,1147,2409
compact51__current_roles,2019-07-03 01:00:00,12.9562151855,57.5141942771,0,0,0,12,12,555,3068
compact51__current_roles,2019-07-03 02:00:00,11.6033566771,53.4704962336,0,0,0,12,12,161,2071
compact51__current_roles,2019-07-03 03:00:00,12.3302783358,57.4529265331,0,0,0,12,12,347,3057
compact51__current_roles,2019-07-03 04:00:00,14.4386359697,62.2912216222,0,0,0,12,12,1270,4037
compact51__current_roles,2019-07-03 05:00:00,25.0067962011,67.7554096715,0,0,0,12,12,7488,4744
compact51__current_roles,2019-07-03 06:00:00,22.8431613614,68.144129245,0,0,0,12,12,6807,4783
compact51__current_roles,2019-07-03 07:00:00,14.631667063,173.754430483,0,0,0,14,13,1398,7314
compact51__current_roles,2019-07-03 08:00:00,13.8617716121,572.174917809,1,0,0,12,12,941,8316
compact51__current_roles,2019-07-03 09:00:00,21.9710972277,280.47149386,1,0,0,12,12,6395,7878
compact51__current_roles,2019-07-03 10:00:00,18.4975612837,442.055002519,0,0,0,12,12,4358,8182
compact51__current_roles,2019-07-03 11:00:00,13.7869464306,473.424776092,0,0,0,12,12,903,8215
compact51__current_roles,2019-07-03 12:00:00,12.343305454,84.369207658,0,0,0,12,12,351,5725
compact51__current_roles,2019-07-03 13:00:00,13.7207998588,72.972102179,0,0,0,12,12,874,5202
compact51__current_roles,2019-07-03 14:00:00,13.8574810613,75.2391931423,0,0,0,13,13,937,5346
compact51__current_roles,2019-07-03 15:00:00,14.0085608853,82.1117215123,0,0,0,12,12,1003,5640
compact51__current_roles,2019-07-03 16:00:00,14.6196718843,81.7843689146,0,0,0,12,12,1389,5632
compact51__current_roles,2019-07-03 17:00:00,17.673622011,72.5524334747,0,0,0,12,12,3702,5175
compact51__current_roles,2019-07-03 18:00:00,18.6865884058,102.224945083,1,0,0,12,12,4488,6299
compact51__current_roles,2019-07-03 19:00:00,19.7292463288,142.637347455,1,0,0,12,12,5200,6995
compact51__current_roles,2019-07-03 20:00:00,20.2129046743,148.806126758,1,0,0,12,12,5511,7068
compact51__current_roles,2019-07-03 21:00:00,21.0523707886,108.802653767,1,0,0,12,12,5962,6444
compact51__current_roles,2019-07-03 22:00:00,17.2625887133,70.8801000895,0,0,0,12,12,3358,5039
compact51__current_roles,2019-07-03 23:00:00,20.793195809,51.016947553,0,0,0,12,12,5837,1522
compact51__current_roles,2019-07-04 00:00:00,15.2418781855,50.7691392235,0,0,0,12,12,1811,1476
compact51__current_roles,2019-07-04 01:00:00,10.9179216349,49.8574681658,0,0,0,13,13,69,1315
compact51__current_roles,2019-07-04 02:00:00,12.0170088574,48.8560028849,0,0,0,11,11,256,1117
compact51__current_roles,2019-07-04 03:00:00,13.1197189268,57.2360947681,0,0,0,12,12,610,2997
compact51__current_roles,2019-07-04 04:00:00,15.6613524313,55.934644287,0,0,0,12,12,2115,2674
compact51__current_roles,2019-07-04 05:00:00,15.172143474,61.1646451714,0,0,0,12,12,1762,3832
compact51__current_roles,2019-07-04 06:00:00,17.273108679,67.8418325958,0,0,0,12,12,3367,4754
compact51__current_roles,2019-07-04 07:00:00,19.0577123313,64.2679976926,0,0,0,12,12,4760,4338
compact51__current_roles,2019-07-04 08:00:00,16.4518523616,61.2887750467,0,0,0,12,12,2711,3858
compact51__current_roles,2019-07-04 09:00:00,18.3738324411,59.442669654,0,0,0,12,12,4257,3481
compact51__current_roles,2019-07-04 10:00:00,17.3523095096,64.3605375594,0,0,0,12,12,3440,4352
compact51__current_roles,2019-07-04 11:00:00,16.38297004,94.0737210869,0,0,0,12,12,2648,6044
compact51__current_roles,2019-07-04 12:00:00,17.2081856335,92.1395580578,0,0,0,12,12,3309,5973
compact51__current_roles,2019-07-04 13:00:00,19.1764955111,146.257774969,1,0,0,12,12,4839,7040
compact51__current_roles,2019-07-04 14:00:00,18.2562985081,163.9328847,1,0,0,12,12,4159,7233
compact51__current_roles,2019-07-04 15:00:00,18.6913753859,133.395173647,1,0,0,12,12,4492,6884
compact51__current_roles,2019-07-04 16:00:00,16.8615551357,96.2321836057,0,0,0,12,12,3034,6127
compact51__current_roles,2019-07-04 17:00:00,13.3679421772,71.0972981537,0,0,0,12,12,719,5054
compact51__current_roles,2019-07-04 18:00:00,14.0345027839,70.6067028401,0,0,0,12,12,1016,5013
compact51__current_roles,2019-07-04 19:00:00,17.3004549683,173.120441415,1,0,0,12,12,3397,7308
compact51__current_roles,2019-07-04 20:00:00,19.0570095987,120.311631356,1,0,0,12,12,4759,6656
compact51__current_roles,2019-07-04 21:00:00,14.9065941225,103.925556059,1,0,0,12,12,1607,6345
compact51__current_roles,2019-07-04 22:00:00,11.1219131457,56.0527655388,0,0,0,13,13,96,2703
compact51__current_roles,2019-07-04 23:00:00,15.4967866012,45.4530410202,0,0,0,11,11,1993,578
compact51__current_roles,2019-07-05 00:00:00,11.8390767165,43.6093248083,0,0,0,12,12,216,368
compact51__current_roles,2019-07-05 01:00:00,11.250736546,47.702430684,0,0,0,12,12,112,906
compact51__current_roles,2019-07-05 02:00:00,11.0663694829,52.9313245444,0,0,0,12,12,86,1942
compact51__current_roles,2019-07-05 03:00:00,10.8829753923,51.0898982156,0,0,0,12,12,65,1539
compact51__current_roles,2019-07-05 04:00:00,16.6014928275,53.4500364361,0,0,0,12,12,2840,2065
compact51__current_roles,2019-07-05 05:00:00,23.5005520247,62.6813400367,0,0,0,12,12,7042,4099
compact51__current_roles,2019-07-05 06:00:00,18.6570647225,69.6659791162,0,0,0,12,12,4470,4926
compact51__current_roles,2019-07-05 07:00:00,12.8025684632,61.8025615944,0,0,0,12,12,507,3958
compact51__current_roles,2019-07-05 08:00:00,15.9014321497,65.0434707236,0,0,0,12,12,2315,4448
compact51__current_roles,2019-07-05 09:00:00,19.7074962265,91.7323869006,0,0,0,12,12,5186,5959
compact51__current_roles,2019-07-05 10:00:00,20.5530246285,283.984133601,1,0,0,12,12,5700,7888
compact51__current_roles,2019-07-05 11:00:00,18.3931387893,1088.54679214,1,0,0,12,12,4282,8512
compact51__current_roles,2019-07-05 12:00:00,18.9526735423,129898.452982,0,0,0,12,12,4693,8758
compact51__current_roles,2019-07-05 13:00:00,19.4165919604,1488.1744606,0,0,0,12,12,4988,8572
compact51__current_roles,2019-07-05 14:00:00,19.9029505072,2455.57400357,1,0,0,12,12,5314,8650
compact51__current_roles,2019-07-05 15:00:00,19.7308586238,223.929356789,1,0,0,12,12,5201,7636
compact51__current_roles,2019-07-05 16:00:00,20.4649694993,74.201157213,0,0,0,12,12,5661,5292
compact51__current_roles,2019-07-05 17:00:00,20.2251263282,92.7706614729,0,0,0,12,12,5519,5994
compact51__current_roles,2019-07-05 18:00:00,18.8194740866,83.777784779,0,0,0,12,12,4590,5706
compact51__current_roles,2019-07-05 19:00:00,25.1653005952,161.727641259,1,0,0,12,12,7528,7209
compact51__current_roles,2019-07-05 20:00:00,22.0644394646,274.983913194,1,0,0,12,12,6441,7852
compact51__current_roles,2019-07-05 21:00:00,15.494161422,180.239367328,1,0,0,12,12,1991,7359
compact51__current_roles,2019-07-05 22:00:00,14.5773790401,72.8524636352,0,0,0,12,12,1354,5194
compact51__current_roles,2019-07-05 23:00:00,19.3331428925,69.7101781142,0,0,0,12,12,4927,4928
compact51__current_roles,2019-07-06 00:00:00,15.7105494831,52.8078194267,0,0,0,11,11,2149,1910
compact51__current_roles,2019-07-06 01:00:00,13.7977909502,40.1689218711,0,0,0,12,12,906,130
compact51__current_roles,2019-07-06 02:00:00,12.2759896982,48.76277105,0,0,0,12,12,334,1101
compact51__current_roles,2019-07-06 03:00:00,11.2230375792,49.0320856094,0,0,0,12,12,107,1157
compact51__current_roles,2019-07-06 04:00:00,12.26491862,47.7789667399,0,0,0,12,12,332,921
compact51__current_roles,2019-07-06 05:00:00,13.8443463837,53.053399486,0,0,0,12,12,930,1977
compact51__current_roles,2019-07-06 06:00:00,18.8821269187,63.3170350246,0,0,0,12,12,4631,4209
compact51__current_roles,2019-07-06 07:00:00,25.1843109712,67.9940008634,0,0,0,12,12,7533,4771
compact51__current_roles,2019-07-06 08:00:00,19.9035184373,57.5199198188,0,0,0,12,12,5316,3069
compact51__current_roles,2019-07-06 09:00:00,18.7779776759,50.5236541768,0,0,0,12,12,4550,1417
compact51__current_roles,2019-07-06 10:00:00,20.9892641049,61.2965374406,0,0,0,12,12,5934,3860
compact51__current_roles,2019-07-06 11:00:00,20.3039988388,53.127306793,0,0,0,12,12,5561,1992
compact51__current_roles,2019-07-06 12:00:00,25.5361967223,44.4914044719,0,0,0,12,12,7611,466
compact51__current_roles,2019-07-06 13:00:00,20.9080761109,48.8272457863,0,0,0,12,12,5894,1114
compact51__current_roles,2019-07-06 14:00:00,25.9437397444,55.6841030374,0,0,0,12,12,7709,2623
compact51__current_roles,2019-07-06 15:00:00,21.6834590187,51.5464441268,0,0,0,12,12,6252,1650
compact51__current_roles,2019-07-06 16:00:00,23.5726668245,94.6319122038,0,0,0,12,12,7065,6067
compact51__current_roles,2019-07-06 17:00:00,21.5422359651,75.6398901129,0,0,0,12,12,6194,5370
compact51__current_roles,2019-07-06 18:00:00,26.2627860511,121.193994778,1,0,0,12,12,7783,6686
compact51__current_roles,2019-07-06 19:00:00,29.2009856753,196.419056084,1,0,0,18,18,8245,7476
compact51__current_roles,2019-07-06 20:00:00,28.3954617776,159.650416337,1,0,0,11,11,8132,7190
compact51__current_roles,2019-07-06 21:00:00,22.9603050171,119.125652085,1,0,0,12,12,6861,6633
compact51__current_roles,2019-07-06 22:00:00,22.1679786615,112.57412961,1,0,0,12,12,6491,6519
compact51__current_roles,2019-07-06 23:00:00,18.0556173442,57.2219456125,0,0,0,12,12,4007,2995
compact51__current_roles,2019-07-07 00:00:00,15.2855699776,71.2919760924,0,0,0,12,12,1848,5078
compact51__current_roles,2019-07-07 01:00:00,10.5778949776,54.74700927,0,0,0,12,12,42,2386
compact51__current_roles,2019-07-07 02:00:00,12.5065431842,58.4281880059,0,0,0,12,12,406,3261
compact51__current_roles,2019-07-07 03:00:00,14.0092518197,59.1106042348,0,0,0,12,12,1004,3411
compact51__current_roles,2019-07-07 04:00:00,15.305166005,56.6402045729,0,0,0,12,12,1864,2846
compact51__current_roles,2019-07-07 05:00:00,16.2934479911,56.5964115587,0,0,0,12,12,2587,2835
compact51__current_roles,2019-07-07 06:00:00,19.7860914166,61.1160725055,0,0,0,12,12,5244,3820
compact51__current_roles,2019-07-07 07:00:00,15.9954070106,64.5364256781,0,0,0,12,12,2375,4379
compact51__current_roles,2019-07-07 08:00:00,20.6569198883,68.4572466409,0,0,0,12,12,5751,4808
compact51__current_roles,2019-07-07 09:00:00,17.8623363885,65.2182360725,0,0,0,12,12,3855,4469
compact51__current_roles,2019-07-07 10:00:00,19.7215150138,71.7755187989,0,0,0,12,12,5193,5110
compact51__current_roles,2019-07-07 11:00:00,18.4193331705,69.4223764742,0,0,0,12,12,4310,4898
compact51__current_roles,2019-07-07 12:00:00,16.1257710749,64.9935808888,0,0,0,12,12,2468,4442
compact51__current_roles,2019-07-07 13:00:00,15.828902674,64.0575601047,0,0,0,12,12,2256,4302
compact51__current_roles,2019-07-07 14:00:00,14.2653422589,60.9185875205,0,0,0,12,12,1154,3779
compact51__current_roles,2019-07-07 15:00:00,15.3121353758,58.9796258365,0,0,0,12,12,1871,3379
compact51__current_roles,2019-07-07 16:00:00,16.5962236531,61.5188540247,0,0,0,12,12,2835,3900
compact51__current_roles,2019-07-07 17:00:00,15.8682025662,54.1495834434,0,0,0,12,12,2289,2228
compact51__current_roles,2019-07-07 18:00:00,15.2293728405,49.9014468647,0,0,0,12,12,1802,1324
compact51__current_roles,2019-07-07 19:00:00,16.434022079,47.3147683674,0,0,0,12,12,2699,838
compact51__current_roles,2019-07-07 20:00:00,19.117396034,53.223548926,0,0,0,12,12,4794,2012
compact51__current_roles,2019-07-07 21:00:00,17.9892014548,54.3959821015,0,0,0,12,12,3956,2295
compact51__current_roles,2019-07-07 22:00:00,13.5738488107,55.4728896482,0,0,0,12,12,799,2578
compact51__current_roles,2019-07-07 23:00:00,17.7277344396,49.6617892865,0,0,0,12,12,3748,1277
compact51__current_roles,2019-07-08 00:00:00,18.6843892477,53.4502617888,0,0,0,12,12,4485,2066
compact51__current_roles,2019-07-08 01:00:00,16.4865893053,55.6283131968,0,0,0,12,12,2744,2607
compact51__current_roles,2019-07-08 02:00:00,11.2358416344,55.3850474803,0,0,0,12,12,109,2551
compact51__current_roles,2019-07-08 03:00:00,13.0311647699,52.3531321445,0,0,0,12,12,575,1808
compact51__current_roles,2019-07-08 04:00:00,17.8771988116,53.9772819132,0,0,0,12,12,3864,2191
compact51__current_roles,2019-07-08 05:00:00,26.129130479,71.2999711393,0,0,0,12,12,7746,5079
compact51__current_roles,2019-07-08 06:00:00,19.3698291243,89.7812997683,0,0,0,12,12,4953,5899
compact51__current_roles,2019-07-08 07:00:00,12.1847301476,56.4594064811,0,0,0,12,12,303,2810
compact51__current_roles,2019-07-08 08:00:00,12.9883268148,63.294498403,0,0,0,12,12,563,4205
compact51__current_roles,2019-07-08 09:00:00,12.7394294437,59.8501355996,0,0,0,12,12,481,3563
compact51__current_roles,2019-07-08 10:00:00,12.1724993593,61.2506597998,0,0,0,12,12,299,3849
compact51__current_roles,2019-07-08 11:00:00,14.5622901729,63.0428537843,0,0,0,12,12,1344,4164
compact51__current_roles,2019-07-08 12:00:00,15.0063855605,88.1050342098,0,0,0,12,12,1661,5844
compact51__current_roles,2019-07-08 13:00:00,15.1836989784,90.1120090169,0,0,0,13,12,1771,5915
compact51__current_roles,2019-07-08 14:00:00,14.4063910703,148.166844219,1,0,0,12,12,1249,7063
compact51__current_roles,2019-07-08 15:00:00,14.1840306296,69.1271329736,0,0,0,12,12,1100,4868
compact51__current_roles,2019-07-08 16:00:00,16.239440045,76.369747159,0,0,0,14,13,2552,5403
compact51__current_roles,2019-07-08 17:00:00,15.4223229483,68.2798656615,0,0,0,12,12,1952,4793
compact51__current_roles,2019-07-08 18:00:00,12.7279683242,62.9396785277,0,0,0,12,12,479,4147
compact51__current_roles,2019-07-08 19:00:00,17.2688082338,69.8235689788,0,0,0,12,12,3363,4939
compact51__current_roles,2019-07-08 20:00:00,20.9258753532,93.5785221443,0,0,0,12,12,5906,6030
compact51__current_roles,2019-07-08 21:00:00,16.2689988748,54.0145803968,0,0,0,12,12,2573,2203
compact51__current_roles,2019-07-08 22:00:00,18.2126957636,59.4392131728,0,0,0,12,12,4111,3479
compact51__current_roles,2019-07-08 23:00:00,24.1556839168,160.321962754,0,0,0,12,12,7254,7192
compact51__current_roles,2019-07-09 00:00:00,16.2469348915,46.4714222844,0,0,0,12,12,2559,711
compact51__current_roles,2019-07-09 01:00:00,15.3978747588,50.6479887644,0,0,0,12,12,1928,1448
compact51__current_roles,2019-07-09 02:00:00,12.5247363154,45.1468853917,0,0,0,12,12,414,544
compact51__current_roles,2019-07-09 03:00:00,11.218434275,41.1582234921,0,0,0,12,12,106,187
compact51__current_roles,2019-07-09 04:00:00,13.9172304067,42.5158361536,0,0,0,12,12,959,277
compact51__current_roles,2019-07-09 05:00:00,22.3535477172,52.3015332248,0,0,0,12,12,6579,1801
compact51__current_roles,2019-07-09 06:00:00,22.3050319768,66.4959631257,0,0,0,12,12,6557,4617
compact51__current_roles,2019-07-09 07:00:00,21.2550558289,100.148016762,0,0,0,12,12,6066,6237
compact51__current_roles,2019-07-09 08:00:00,15.819760061,65.3952744338,0,0,0,12,12,2249,4494
compact51__current_roles,2019-07-09 09:00:00,14.9733500979,68.0574938523,0,0,0,12,12,1644,4776
compact51__current_roles,2019-07-09 10:00:00,15.0724327651,67.0976769964,0,0,0,12,12,1703,4679
compact51__current_roles,2019-07-09 11:00:00,15.5176565503,72.4876464601,0,0,0,12,12,2014,5170
compact51__current_roles,2019-07-09 12:00:00,17.9645244225,64.4669593186,0,0,0,12,12,3939,4365
compact51__current_roles,2019-07-09 13:00:00,16.7811103943,72.1624884076,0,0,0,12,12,2976,5144
compact51__current_roles,2019-07-09 14:00:00,18.4580925538,93.2826112863,0,0,0,12,12,4340,6020
compact51__current_roles,2019-07-09 15:00:00,14.1919610322,65.4196679539,0,0,0,12,12,1107,4499
compact51__current_roles,2019-07-09 16:00:00,12.8093113803,64.2449432034,0,0,0,12,12,511,4337
compact51__current_roles,2019-07-09 17:00:00,13.9259132172,68.1957288807,0,0,0,12,12,963,4787
compact51__current_roles,2019-07-09 18:00:00,18.9897532174,62.3643525315,0,0,0,12,12,4714,4049
compact51__current_roles,2019-07-09 19:00:00,23.6582007692,59.3695186066,0,0,0,12,12,7097,3469
compact51__current_roles,2019-07-09 20:00:00,23.168467353,77.7809302027,0,0,0,12,12,6941,5464
compact51__current_roles,2019-07-09 21:00:00,26.7639151542,80.4031511434,0,0,0,12,12,7891,5568
compact51__current_roles,2019-07-09 22:00:00,22.0840356101,62.3373783721,0,0,0,12,12,6450,4044
compact51__current_roles,2019-07-09 23:00:00,24.7262759161,44.7346881186,0,0,0,12,12,7408,493
compact51__current_roles,2019-07-10 00:00:00,16.5741430105,47.3011716452,0,0,0,12,12,2816,836
compact51__current_roles,2019-07-10 01:00:00,14.0758574048,45.7040691381,0,0,0,12,12,1039,598
compact51__current_roles,2019-07-10 02:00:00,13.1383043931,44.1686177757,0,0,0,12,12,618,428
compact51__current_roles,2019-07-10 03:00:00,10.8067099986,43.6764585056,0,0,0,12,12,61,377
compact51__current_roles,2019-07-10 04:00:00,12.9038261059,51.9579706765,0,0,0,12,12,536,1731
compact51__current_roles,2019-07-10 05:00:00,20.7092253675,81.3797250811,0,0,0,13,13,5784,5623
compact51__current_roles,2019-07-10 06:00:00,16.3973313951,67.2070418899,0,0,0,12,12,2660,4695
compact51__current_roles,2019-07-10 07:00:00,12.158701551,56.8808350764,0,0,0,12,12,296,2903
compact51__current_roles,2019-07-10 08:00:00,15.6833751223,66.3197066432,0,0,0,12,12,2129,4600
compact51__current_roles,2019-07-10 09:00:00,15.4119424155,161.147707648,1,0,0,13,13,1940,7202
compact51__current_roles,2019-07-10 10:00:00,16.1200241707,378.701449203,1,0,0,13,13,2459,8110
compact51__current_roles,2019-07-10 11:00:00,17.8733066157,209.915324372,0,0,0,12,11,3862,7563
compact51__current_roles,2019-07-10 12:00:00,18.7312164506,180.395785999,0,0,0,12,12,4517,7362
compact51__current_roles,2019-07-10 13:00:00,17.4448735275,62.6075433319,0,0,0,15,14,3513,4085
compact51__current_roles,2019-07-10 14:00:00,18.9037548751,60.6768351421,0,0,0,12,12,4650,3726
compact51__current_roles,2019-07-10 15:00:00,20.1785285247,67.4781343291,0,0,0,12,12,5488,4719
compact51__current_roles,2019-07-10 16:00:00,22.2942045699,64.5628118594,0,0,0,12,12,6550,4385
compact51__current_roles,2019-07-10 17:00:00,24.6727741498,72.0742935422,0,0,0,11,11,7397,5135
compact51__current_roles,2019-07-10 18:00:00,24.6886178156,60.0320406455,0,0,0,12,12,7402,3596
compact51__current_roles,2019-07-10 19:00:00,28.6406954805,94.6142353161,0,0,0,13,13,8175,6065
compact51__current_roles,2019-07-10 20:00:00,29.462445683,138.225514173,0,0,0,12,12,8283,6938
compact51__current_roles,2019-07-10 21:00:00,28.9631136434,8651.4458313,0,0,0,12,12,8212,8733
compact51__current_roles,2019-07-10 22:00:00,27.9369205102,1612.69471922,1,0,0,12,12,8054,8583
compact51__current_roles,2019-07-10 23:00:00,23.6435232179,326.670458472,0,0,0,12,12,7089,8003
compact51__current_roles,2019-07-11 00:00:00,23.0225487126,474.032832303,0,0,0,12,12,6892,8218
compact51__current_roles,2019-07-11 01:00:00,17.3784623765,247.497710436,0,0,0,12,12,3459,7758
compact51__current_roles,2019-07-11 02:00:00,18.4166797873,339.917589451,0,0,0,12,12,4306,8032
compact51__current_roles,2019-07-11 03:00:00,20.3249732583,196.254454543,0,0,0,12,12,5577,7474
compact51__current_roles,2019-07-11 04:00:00,21.3750728934,128.959478186,0,0,0,12,12,6122,6827
compact51__current_roles,2019-07-11 05:00:00,21.5403979937,70.1177562026,0,0,0,12,12,6193,4973
compact51__current_roles,2019-07-11 06:00:00,21.9638051458,63.9500238272,0,0,0,12,12,6391,4288
compact51__current_roles,2019-07-11 07:00:00,18.4486135302,217.43278031,1,0,0,12,12,4333,7604
compact51__current_roles,2019-07-11 08:00:00,18.8194999948,208.948728172,1,0,0,12,12,4591,7557
compact51__current_roles,2019-07-11 09:00:00,19.7059937394,196.976503689,1,0,0,12,12,5183,7480
compact51__current_roles,2019-07-11 10:00:00,19.4970156442,367.685268406,1,0,0,12,12,5050,8095
compact51__current_roles,2019-07-11 11:00:00,16.986678861,224.201096369,1,0,0,12,12,3135,7637
compact51__current_roles,2019-07-11 12:00:00,19.5622794888,200.149137298,1,0,0,12,12,5098,7503
compact51__current_roles,2019-07-11 13:00:00,19.9960528912,204.568608845,1,0,0,12,12,5371,7532
compact51__current_roles,2019-07-11 14:00:00,20.184840168,266.11381019,1,0,0,12,12,5492,7826
compact51__current_roles,2019-07-11 15:00:00,21.7030631971,156.854110169,0,0,0,15,14,6264,7164
compact51__current_roles,2019-07-11 16:00:00,23.3607019907,77.2902674698,0,0,0,11,11,7000,5444
compact51__current_roles,2019-07-11 17:00:00,23.4676436971,77.19265083,0,0,0,12,12,7032,5435
compact51__current_roles,2019-07-11 18:00:00,18.5452592184,940.72345975,0,0,0,12,12,4396,8479
compact51__current_roles,2019-07-11 19:00:00,21.1988358868,467.381470336,0,0,0,12,11,6032,8207
compact51__current_roles,2019-07-11 20:00:00,21.380597077,304.582293468,0,0,0,12,12,6127,7945
compact51__current_roles,2019-07-11 21:00:00,36.118027401,304.68376675,1,0,0,12,12,8648,7946
compact51__current_roles,2019-07-11 22:00:00,36.5643708943,227.895825463,1,0,0,11,11,8660,7659
compact51__current_roles,2019-07-11 23:00:00,30.116256768,2215.71260369,1,0,0,12,12,8365,8635
compact51__current_roles,2019-07-12 00:00:00,27.4492519992,838.909729407,1,0,0,12,12,7995,8450
compact51__current_roles,2019-07-12 01:00:00,19.5164250194,391.055030582,1,0,0,12,12,5068,8122
compact51__current_roles,2019-07-12 02:00:00,16.1356349612,246.834602157,1,0,0,12,12,2477,7753
compact51__current_roles,2019-07-12 03:00:00,17.6775787044,237.080419892,1,0,0,12,12,3704,7712
compact51__current_roles,2019-07-12 04:00:00,17.3846040953,181.271599821,1,0,0,12,12,3463,7370
compact51__current_roles,2019-07-12 05:00:00,21.8556029305,186.392424361,1,0,0,12,12,6335,7400
compact51__current_roles,2019-07-12 06:00:00,20.9260438348,744.691717549,1,0,0,12,12,5907,8417
compact51__current_roles,2019-07-12 07:00:00,16.6611882763,107.331792941,1,0,0,12,12,2892,6409
compact51__current_roles,2019-07-12 08:00:00,16.923503587,62.9205991283,0,0,0,12,12,3095,4142
compact51__current_roles,2019-07-12 09:00:00,16.9358012319,83.6638241296,0,0,0,15,14,3103,5700
compact51__current_roles,2019-07-12 10:00:00,14.0334143574,64.3995493779,0,0,0,10,10,1015,4355
compact51__current_roles,2019-07-12 11:00:00,13.6031518116,57.5259500564,0,0,0,12,12,817,3071
compact51__current_roles,2019-07-12 12:00:00,13.9252613214,57.2204830286,0,0,0,12,12,962,2994
compact51__current_roles,2019-07-12 13:00:00,14.9216312058,59.9830970156,0,0,0,12,12,1618,3585
compact51__current_roles,2019-07-12 14:00:00,15.3945157372,67.4274989026,0,0,0,13,12,1924,4715
compact51__current_roles,2019-07-12 15:00:00,17.2178269477,70.4631024986,0,0,0,12,12,3314,5001
compact51__current_roles,2019-07-12 16:00:00,20.3475081206,73.4000235994,0,0,0,12,12,5592,5237
compact51__current_roles,2019-07-12 17:00:00,18.4993081804,54.9625434146,0,0,0,12,12,4359,2443
compact51__current_roles,2019-07-12 18:00:00,18.3392457455,49.1890674835,0,0,0,12,12,4222,1178
compact51__current_roles,2019-07-12 19:00:00,16.9235426336,49.6990556105,0,0,0,13,13,3096,1289
compact51__current_roles,2019-07-12 20:00:00,17.6329420581,47.8645862451,0,0,0,12,12,3668,930
compact51__current_roles,2019-07-12 21:00:00,18.5606834843,47.829011135,0,0,0,12,12,4408,926
compact51__current_roles,2019-07-12 22:00:00,16.6435877674,50.8963439236,0,0,0,12,12,2875,1504
compact51__current_roles,2019-07-12 23:00:00,19.6812239447,43.5984106902,0,0,0,12,12,5169,365
compact51__current_roles,2019-07-13 00:00:00,14.518793257,41.5841275915,0,0,0,12,12,1314,211
compact51__current_roles,2019-07-13 01:00:00,14.1764306306,49.2049036454,0,0,0,12,12,1093,1181
compact51__current_roles,2019-07-13 02:00:00,12.317600292,48.8705797223,0,0,0,12,12,346,1121
compact51__current_roles,2019-07-13 03:00:00,11.9091882315,45.2267706543,0,0,0,12,12,232,553
compact51__current_roles,2019-07-13 04:00:00,12.259378897,43.5287493913,0,0,0,12,12,331,356
compact51__current_roles,2019-07-13 05:00:00,14.1333948902,44.6975046188,0,0,0,12,12,1071,486
compact51__current_roles,2019-07-13 06:00:00,20.0786805407,47.9347646831,0,0,0,12,12,5418,947
compact51__current_roles,2019-07-13 07:00:00,18.4102021993,57.8532850173,0,0,0,12,12,4298,3150
compact51__current_roles,2019-07-13 08:00:00,20.0006173846,67.0689803748,0,0,0,12,12,5375,4673
compact51__current_roles,2019-07-13 09:00:00,17.7740066818,58.837315831,0,0,0,12,12,3780,3356
compact51__current_roles,2019-07-13 10:00:00,16.1269510722,61.5725224517,0,0,0,12,12,2469,3906
compact51__current_roles,2019-07-13 11:00:00,16.096270708,65.6383422275,0,0,0,12,12,2441,4525
compact51__current_roles,2019-07-13 12:00:00,14.8209361896,57.9229469114,0,0,0,12,12,1532,3163
compact51__current_roles,2019-07-13 13:00:00,16.1408439343,56.5987199566,0,0,0,12,12,2482,2836
compact51__current_roles,2019-07-13 14:00:00,17.0486869904,57.8153524339,0,0,0,12,12,3183,3140
compact51__current_roles,2019-07-13 15:00:00,18.747181459,57.7509776527,0,0,0,12,12,4531,3125
compact51__current_roles,2019-07-13 16:00:00,18.9242746572,57.8407804982,0,0,0,12,12,4670,3146
compact51__current_roles,2019-07-13 17:00:00,19.7272573625,55.21070724,0,0,0,12,12,5198,2510
compact51__current_roles,2019-07-13 18:00:00,23.8319936456,45.056002591,0,0,0,12,12,7155,538
compact51__current_roles,2019-07-13 19:00:00,20.7897781156,46.5981183118,0,0,0,10,10,5832,726
compact51__current_roles,2019-07-13 20:00:00,21.6300833113,54.3989934611,0,0,0,14,14,6234,2298
compact51__current_roles,2019-07-13 21:00:00,23.5885327633,71.523014421,0,0,0,9,9,7067,5095
compact51__current_roles,2019-07-13 22:00:00,18.8154020968,50.6754501797,0,0,0,12,12,4584,1457
compact51__current_roles,2019-07-13 23:00:00,19.5451384,50.8703581346,0,0,0,12,12,5087,1496
compact51__current_roles,2019-07-14 00:00:00,18.4804524066,48.9938403017,0,0,0,12,12,4351,1143
compact51__current_roles,2019-07-14 01:00:00,13.0424979751,50.7157572878,0,0,0,13,13,579,1466
compact51__current_roles,2019-07-14 02:00:00,14.622240892,48.8963104687,0,0,0,12,12,1390,1124
compact51__current_roles,2019-07-14 03:00:00,17.0232738826,52.4962374327,0,0,0,12,12,3162,1843
compact51__current_roles,2019-07-14 04:00:00,17.545234459,51.125685827,0,0,0,12,12,3604,1551
compact51__current_roles,2019-07-14 05:00:00,16.6979429436,51.0889358303,0,0,0,12,12,2922,1537
compact51__current_roles,2019-07-14 06:00:00,19.2307318948,53.7743126613,0,0,0,12,12,4869,2148
compact51__current_roles,2019-07-14 07:00:00,21.5962288613,61.7377295549,0,0,0,12,12,6220,3947
compact51__current_roles,2019-07-14 08:00:00,20.5037256271,67.9331504325,0,0,0,12,12,5674,4763
compact51__current_roles,2019-07-14 09:00:00,19.1103842167,70.4949232367,0,0,0,12,12,4790,5006
compact51__current_roles,2019-07-14 10:00:00,15.7814969642,60.709210295,0,0,0,12,12,2219,3734
compact51__current_roles,2019-07-14 11:00:00,15.5394955628,52.3536906312,0,0,0,12,12,2028,1809
compact51__current_roles,2019-07-14 12:00:00,17.0063041506,51.5328203199,0,0,0,12,12,3149,1647
compact51__current_roles,2019-07-14 13:00:00,18.3977264242,51.9047752961,0,0,0,12,12,4286,1722
compact51__current_roles,2019-07-14 14:00:00,14.8288167292,57.2057336551,0,0,0,12,12,1539,2990
compact51__current_roles,2019-07-14 15:00:00,15.4693517433,58.2230949403,0,0,0,13,12,1977,3222
compact51__current_roles,2019-07-14 16:00:00,15.859080561,55.0164570877,0,0,0,12,12,2275,2458
compact51__current_roles,2019-07-14 17:00:00,18.7696887309,57.3924175631,0,0,0,12,12,4543,3038
compact51__current_roles,2019-07-14 18:00:00,18.558906883,58.5849543351,0,0,0,12,12,4405,3299
compact51__current_roles,2019-07-14 19:00:00,22.4867437893,49.2529143616,0,0,0,12,12,6642,1189
compact51__current_roles,2019-07-14 20:00:00,21.4940995685,46.2468636724,0,0,0,12,12,6180,667
compact51__current_roles,2019-07-14 21:00:00,18.9060201011,47.6370806321,0,0,0,12,12,4652,898
compact51__current_roles,2019-07-14 22:00:00,19.056326648,43.4649242953,0,0,0,12,12,4757,351
compact51__current_roles,2019-07-14 23:00:00,21.0289791726,51.8022719241,0,0,0,12,12,5954,1703
compact51__current_roles,2019-07-15 00:00:00,12.2979248528,53.2676923793,0,0,0,12,12,340,2028
compact51__current_roles,2019-07-15 01:00:00,12.8712323583,58.3827013309,0,0,0,12,12,527,3249
compact51__current_roles,2019-07-15 02:00:00,13.9773429949,53.9848956721,0,0,0,12,12,989,2195
compact51__current_roles,2019-07-15 03:00:00,17.5339945235,54.7472602932,0,0,0,12,12,3590,2387
compact51__current_roles,2019-07-15 04:00:00,21.148665726,54.2925441627,0,0,0,12,12,6008,2270
compact51__current_roles,2019-07-15 05:00:00,29.4084875559,73.4130280192,0,0,0,12,12,8278,5239
compact51__current_roles,2019-07-15 06:00:00,23.5918108093,64.9955778297,0,0,0,13,13,7069,4444
compact51__current_roles,2019-07-15 07:00:00,18.269171825,67.0073362446,0,0,0,12,12,4172,4667
compact51__current_roles,2019-07-15 08:00:00,16.5554600762,68.0043752627,0,0,0,12,12,2795,4772
compact51__current_roles,2019-07-15 09:00:00,16.9839418776,69.2126833497,0,0,0,12,12,3132,4877
compact51__current_roles,2019-07-15 10:00:00,20.1852337837,150.15175081,1,0,0,14,13,5493,7087
compact51__current_roles,2019-07-15 11:00:00,19.7471380927,340.744294777,1,0,0,12,12,5213,8037
compact51__current_roles,2019-07-15 12:00:00,18.5288700734,296.316570269,1,0,0,12,12,4383,7926
compact51__current_roles,2019-07-15 13:00:00,16.941786932,478.181324338,1,0,0,12,12,3104,8221
compact51__current_roles,2019-07-15 14:00:00,17.2058113145,75.4220345954,0,0,0,12,12,3305,5355
compact51__current_roles,2019-07-15 15:00:00,17.4595875925,152.574081171,0,0,0,12,12,3527,7112
compact51__current_roles,2019-07-15 16:00:00,17.0929235196,393.120464538,0,0,0,12,12,3222,8125
compact51__current_roles,2019-07-15 17:00:00,17.8769966499,185.010364638,1,0,0,12,12,3863,7391
compact51__current_roles,2019-07-15 18:00:00,22.0693990552,230.890587455,1,0,0,12,12,6444,7670
compact51__current_roles,2019-07-15 19:00:00,24.4389039855,119.286955416,1,0,0,12,12,7336,6637
compact51__current_roles,2019-07-15 20:00:00,19.3380552635,83.5936651306,0,0,0,12,12,4930,5696
compact51__current_roles,2019-07-15 21:00:00,21.1605863044,68.9072827004,0,0,0,12,12,6014,4846
compact51__current_roles,2019-07-15 22:00:00,19.4576986019,57.4019576401,0,0,0,12,12,5019,3042
compact51__current_roles,2019-07-15 23:00:00,21.0232566605,48.6572538899,0,0,0,12,12,5950,1084
compact51__current_roles,2019-07-16 00:00:00,10.1280398026,53.4774794065,0,0,0,12,12,23,2074
compact51__current_roles,2019-07-16 01:00:00,11.4075801527,57.6381151358,0,0,0,12,12,131,3091
compact51__current_roles,2019-07-16 02:00:00,12.6992172292,59.2401069618,0,0,0,12,12,468,3439
compact51__current_roles,2019-07-16 03:00:00,13.2508522665,54.0360093408,0,0,0,12,12,671,2208
compact51__current_roles,2019-07-16 04:00:00,16.2909372725,55.4633261108,0,0,0,12,12,2584,2575
compact51__current_roles,2019-07-16 05:00:00,19.1435189887,59.8873634506,0,0,0,12,12,4812,3570
compact51__current_roles,2019-07-16 06:00:00,16.4724357121,60.5142125449,0,0,0,12,12,2732,3691
compact51__current_roles,2019-07-16 07:00:00,12.720167423,56.6122544955,0,0,0,12,12,476,2839
compact51__current_roles,2019-07-16 08:00:00,21.0178398154,72.7094928522,0,0,0,12,12,5947,5187
compact51__current_roles,2019-07-16 09:00:00,18.3409325775,227.694161072,1,0,0,13,12,4226,7655
compact51__current_roles,2019-07-16 10:00:00,21.6311158087,488.012825584,1,0,0,12,12,6236,8233
compact51__current_roles,2019-07-16 11:00:00,17.7118147837,90.6714512085,0,0,0,12,12,3732,5925
compact51__current_roles,2019-07-16 12:00:00,14.9404582458,70.2531175196,0,0,0,12,12,1627,4986
compact51__current_roles,2019-07-16 13:00:00,16.7939001875,92.9574191825,0,0,0,13,13,2985,6006
compact51__current_roles,2019-07-16 14:00:00,19.2487931088,332.756670413,0,0,0,13,13,4881,8016
compact51__current_roles,2019-07-16 15:00:00,17.7738054767,1204.10336957,0,0,0,11,11,3778,8538
compact51__current_roles,2019-07-16 16:00:00,18.1371027329,186.108038993,0,0,0,12,12,4058,7396
compact51__current_roles,2019-07-16 17:00:00,21.6455609636,208.82682472,0,0,0,10,10,6241,7556
compact51__current_roles,2019-07-16 18:00:00,16.5572820827,55.5518982934,0,0,0,12,12,2797,2594
compact51__current_roles,2019-07-16 19:00:00,16.9765904505,65.8714020267,0,0,0,12,12,3127,4549
compact51__current_roles,2019-07-16 20:00:00,18.3791476975,69.8096377057,0,0,0,12,12,4265,4938
compact51__current_roles,2019-07-16 21:00:00,19.4777932462,59.1052546899,0,0,0,12,12,5036,3409
compact51__current_roles,2019-07-16 22:00:00,19.9667727981,45.0819889339,0,0,0,12,12,5353,539
compact51__current_roles,2019-07-16 23:00:00,16.6953114775,42.1380739142,0,0,0,12,12,2918,248
compact51__current_roles,2019-07-17 00:00:00,17.600555675,42.9928715341,0,0,0,12,12,3647,316
compact51__current_roles,2019-07-17 01:00:00,13.2046948303,49.7472118811,0,0,0,12,12,643,1299
compact51__current_roles,2019-07-17 02:00:00,11.0106178287,53.5090634148,0,0,0,12,12,80,2087
compact51__current_roles,2019-07-17 03:00:00,13.5930476992,58.6223465896,0,0,0,12,12,812,3306
compact51__current_roles,2019-07-17 04:00:00,20.5236400494,64.9947982245,0,0,0,12,12,5686,4443
compact51__current_roles,2019-07-17 05:00:00,17.2992965372,62.2726950756,0,0,0,12,12,3394,4032
compact51__current_roles,2019-07-17 06:00:00,15.1360740259,54.9541026962,0,0,0,12,12,1738,2441
compact51__current_roles,2019-07-17 07:00:00,16.0213542256,50.6964079298,0,0,0,12,12,2398,1461
compact51__current_roles,2019-07-17 08:00:00,17.5003114865,61.7290347161,0,0,0,12,12,3562,3945
compact51__current_roles,2019-07-17 09:00:00,22.8840851909,83.5911136192,0,0,0,12,12,6826,5695
compact51__current_roles,2019-07-17 10:00:00,21.360949527,154.463206652,1,0,0,12,12,6120,7143
compact51__current_roles,2019-07-17 11:00:00,18.9349343022,93.8709913781,0,0,0,12,12,4677,6039
compact51__current_roles,2019-07-17 12:00:00,17.5519083032,81.0641144632,0,0,0,12,12,3609,5606
compact51__current_roles,2019-07-17 13:00:00,16.3470324647,56.6519062424,0,0,0,12,12,2622,2850
compact51__current_roles,2019-07-17 14:00:00,21.1440168425,61.8777757594,0,0,0,12,12,6005,3971
compact51__current_roles,2019-07-17 15:00:00,24.3827943183,117.473067153,1,0,0,12,12,7321,6602
compact51__current_roles,2019-07-17 16:00:00,30.2873015126,2957.40378579,1,0,0,12,12,8382,8666
compact51__current_roles,2019-07-17 17:00:00,26.2213500758,3440.76595026,0,0,0,12,12,7771,8682
compact51__current_roles,2019-07-17 18:00:00,32.0426693155,1381.67178671,0,0,0,12,12,8495,8558
compact51__current_roles,2019-07-17 19:00:00,32.8951260109,2118.92913392,0,0,0,12,12,8540,8628
compact51__current_roles,2019-07-17 20:00:00,40.9448814606,1746.73862202,1,0,0,12,12,8725,8594
compact51__current_roles,2019-07-17 21:00:00,35.6662999868,3571.02459946,1,0,0,12,12,8635,8685
compact51__current_roles,2019-07-17 22:00:00,23.3300098529,220.359134481,1,0,0,12,12,6990,7616
compact51__current_roles,2019-07-17 23:00:00,14.986551036,59.6394471809,0,0,0,12,12,1651,3514
compact51__current_roles,2019-07-18 00:00:00,17.0453821551,268.662977629,0,0,0,12,12,3180,7838
compact51__current_roles,2019-07-18 01:00:00,15.5715884111,1998.21259066,1,0,0,12,12,2050,8616
compact51__current_roles,2019-07-18 02:00:00,12.7792340496,184.893724832,0,0,0,14,13,498,7389
compact51__current_roles,2019-07-18 03:00:00,14.98454939,117.407110133,0,0,0,12,12,1647,6600
compact51__current_roles,2019-07-18 04:00:00,22.1883937071,196.278234468,0,0,0,12,12,6500,7475
compact51__current_roles,2019-07-18 05:00:00,26.9268975631,244.419154161,0,0,0,12,12,7920,7742
compact51__current_roles,2019-07-18 06:00:00,18.0858583122,492.531941326,0,0,0,12,12,4029,8241
compact51__current_roles,2019-07-18 07:00:00,13.4160130637,56.3386990961,0,0,0,13,12,737,2783
compact51__current_roles,2019-07-18 08:00:00,14.0879648414,56.1785833899,0,0,0,12,12,1046,2741
compact51__current_roles,2019-07-18 09:00:00,14.3953790259,60.4754705049,0,0,0,12,12,1242,3680
compact51__current_roles,2019-07-18 10:00:00,18.6456336861,689.525269163,1,0,0,12,12,4465,8391
compact51__current_roles,2019-07-18 11:00:00,24.4037040752,139.449249013,0,0,0,12,12,7325,6956
compact51__current_roles,2019-07-18 12:00:00,28.0789312534,162.209043445,0,0,0,13,13,8082,7210
compact51__current_roles,2019-07-18 13:00:00,25.5933670804,65.3865213663,0,0,0,12,12,7629,4493
compact51__current_roles,2019-07-18 14:00:00,20.2022152108,72.4398064761,0,0,0,12,11,5502,5167
compact51__current_roles,2019-07-18 15:00:00,24.6161358272,75.2008874842,0,0,0,12,12,7378,5344
compact51__current_roles,2019-07-18 16:00:00,17.6724946403,68.2183450175,0,0,0,14,14,3700,4788
compact51__current_roles,2019-07-18 17:00:00,19.679040607,67.1001044065,0,0,0,11,10,5165,4680
compact51__current_roles,2019-07-18 18:00:00,22.5232558319,64.9174267542,0,0,0,12,12,6659,4432
compact51__current_roles,2019-07-18 19:00:00,23.5989173261,58.2884423102,0,0,0,10,10,7072,3232
compact51__current_roles,2019-07-18 20:00:00,20.6842405749,54.7081157782,0,0,0,12,12,5769,2377
compact51__current_roles,2019-07-18 21:00:00,22.5376917405,53.0651937134,0,0,0,12,12,6669,1980
compact51__current_roles,2019-07-18 22:00:00,23.0150791918,54.9685792608,0,0,0,12,12,6890,2448
compact51__current_roles,2019-07-18 23:00:00,22.9727200776,99.6477752962,0,0,0,12,12,6869,6219
compact51__current_roles,2019-07-19 00:00:00,21.2954303517,82.7052212625,0,0,0,12,12,6093,5657
compact51__current_roles,2019-07-19 01:00:00,18.2895888593,115.216726459,1,0,0,12,12,4184,6571
compact51__current_roles,2019-07-19 02:00:00,15.9140293739,181.109998089,1,0,0,12,12,2324,7369
compact51__current_roles,2019-07-19 03:00:00,14.8527032041,576.110971395,1,0,0,12,12,1559,8320
compact51__current_roles,2019-07-19 04:00:00,23.030813658,522.009015582,1,0,0,12,12,6895,8272
compact51__current_roles,2019-07-19 05:00:00,27.7742853408,255.535533459,1,0,0,12,12,8038,7794
compact51__current_roles,2019-07-19 06:00:00,27.4412442689,128.420143806,1,0,0,12,12,7993,6819
compact51__current_roles,2019-07-19 07:00:00,18.7120427964,77.896901862,0,0,0,12,12,4501,5469
compact51__current_roles,2019-07-19 08:00:00,18.3952642304,59.9138978228,0,0,0,12,12,4285,3576
compact51__current_roles,2019-07-19 09:00:00,16.4016323193,63.3093975427,0,0,0,12,12,2662,4208
compact51__current_roles,2019-07-19 10:00:00,16.6904002605,71.3249690303,0,0,0,12,12,2914,5081
compact51__current_roles,2019-07-19 11:00:00,17.802750437,73.3622949468,0,0,0,12,12,3806,5233
compact51__current_roles,2019-07-19 12:00:00,17.3497507841,64.2405421694,0,0,0,12,12,3438,4333
compact51__current_roles,2019-07-19 13:00:00,19.2895261982,59.2725729257,0,0,0,12,12,4905,3448
compact51__current_roles,2019-07-19 14:00:00,23.7895698462,120.766315581,1,0,0,12,12,7145,6675
compact51__current_roles,2019-07-19 15:00:00,29.9646831559,206.810725735,1,0,0,12,12,8346,7546
compact51__current_roles,2019-07-19 16:00:00,29.1027985146,203.372137385,0,0,0,14,14,8231,7524
compact51__current_roles,2019-07-19 17:00:00,29.0720156466,88.5865334833,0,0,0,11,11,8226,5858
compact51__current_roles,2019-07-19 18:00:00,26.9024141488,99.2099401067,0,0,0,12,12,7917,6206
compact51__current_roles,2019-07-19 19:00:00,20.81027461,51.5137493402,0,0,0,12,12,5846,1642
compact51__current_roles,2019-07-19 20:00:00,20.0383960351,45.3704652724,0,0,0,12,12,5395,568
compact51__current_roles,2019-07-19 21:00:00,18.6613339347,43.0828310828,0,0,0,12,12,4473,321
compact51__current_roles,2019-07-19 22:00:00,22.3239220876,43.9170126052,0,0,0,12,12,6565,403
compact51__current_roles,2019-07-19 23:00:00,17.8262955271,52.1441484093,0,0,0,12,12,3822,1771
compact51__current_roles,2019-07-20 00:00:00,17.529819005,48.5809410416,0,0,0,12,12,3586,1072
compact51__current_roles,2019-07-20 01:00:00,13.1971827657,54.5208792032,0,0,0,12,12,641,2329
compact51__current_roles,2019-07-20 02:00:00,11.7163189563,50.2833661658,0,0,0,12,12,191,1385
compact51__current_roles,2019-07-20 03:00:00,10.6637883771,51.8919446246,0,0,0,12,12,48,1719
compact51__current_roles,2019-07-20 04:00:00,10.6242673802,51.1050575832,0,0,0,12,12,44,1546
compact51__current_roles,2019-07-20 05:00:00,13.8540759393,56.9736310154,0,0,0,12,12,935,2924
compact51__current_roles,2019-07-20 06:00:00,16.337035156,63.8302777907,0,0,0,12,12,2610,4274
compact51__current_roles,2019-07-20 07:00:00,15.8918377298,61.2830141335,0,0,0,12,12,2309,3856
compact51__current_roles,2019-07-20 08:00:00,17.1325452175,66.8796111118,0,0,0,12,12,3246,4651
compact51__current_roles,2019-07-20 09:00:00,18.4175145271,64.1207462784,0,0,0,12,12,4307,4316
compact51__current_roles,2019-07-20 10:00:00,16.179112095,54.2895789974,0,0,0,12,12,2514,2269
compact51__current_roles,2019-07-20 11:00:00,18.0357688049,53.2297601518,0,0,0,12,12,3994,2015
compact51__current_roles,2019-07-20 12:00:00,19.6754308792,53.5302967111,0,0,0,12,12,5162,2093
compact51__current_roles,2019-07-20 13:00:00,18.6557947362,59.8889872529,0,0,0,12,12,4468,3571
compact51__current_roles,2019-07-20 14:00:00,16.5453923499,60.5560617463,0,0,0,12,12,2789,3701
compact51__current_roles,2019-07-20 15:00:00,19.8239976853,69.4831117449,0,0,0,12,12,5267,4903
compact51__current_roles,2019-07-20 16:00:00,24.765252193,113.749777289,0,0,0,13,12,7422,6542
compact51__current_roles,2019-07-20 17:00:00,28.4476849722,149.310645942,0,0,0,12,12,8139,7074
compact51__current_roles,2019-07-20 18:00:00,26.3814416784,88.2331660424,0,0,0,12,12,7810,5848
compact51__current_roles,2019-07-20 19:00:00,21.4326743491,55.3975021187,0,0,0,12,12,6149,2555
compact51__current_roles,2019-07-20 20:00:00,21.7910138579,52.9745348855,0,0,0,12,12,6301,1957
compact51__current_roles,2019-07-20 21:00:00,28.9207794905,99.861308513,0,0,0,12,12,8205,6229
compact51__current_roles,2019-07-20 22:00:00,24.1991055619,76.9526678934,0,0,0,12,12,7267,5428
compact51__current_roles,2019-07-20 23:00:00,16.8262635784,52.4986379806,0,0,0,12,12,3005,1844
compact51__current_roles,2019-07-21 00:00:00,17.3897651777,47.0038311547,0,0,0,12,12,3470,791
compact51__current_roles,2019-07-21 01:00:00,14.1098037342,49.748045699,0,0,0,12,12,1052,1300
compact51__current_roles,2019-07-21 02:00:00,13.1953240744,54.9180738666,0,0,0,12,12,639,2435
compact51__current_roles,2019-07-21 03:00:00,12.3421129963,57.5551540253,0,0,0,12,12,350,3077
compact51__current_roles,2019-07-21 04:00:00,11.8207949785,56.9505855717,0,0,0,12,12,213,2917
compact51__current_roles,2019-07-21 05:00:00,13.3139050612,64.3777832338,0,0,0,12,12,697,4354
compact51__current_roles,2019-07-21 06:00:00,17.9203089546,69.9308338018,0,0,0,12,12,3901,4949
compact51__current_roles,2019-07-21 07:00:00,16.3534278328,66.2969969427,0,0,0,12,12,2626,4597
compact51__current_roles,2019-07-21 08:00:00,14.6780031906,68.4675708375,0,0,0,12,12,1437,4809
compact51__current_roles,2019-07-21 09:00:00,15.5089634302,56.0805238437,0,0,0,12,12,2005,2713
compact51__current_roles,2019-07-21 10:00:00,17.2749656556,65.7141451094,0,0,0,12,12,3368,4531
compact51__current_roles,2019-07-21 11:00:00,15.765506547,58.1193708251,0,0,0,12,12,2198,3200
compact51__current_roles,2019-07-21 12:00:00,18.8345947081,60.5098031964,0,0,0,12,12,4601,3690
compact51__current_roles,2019-07-21 13:00:00,20.6214416443,53.3205414796,0,0,0,12,12,5735,2045
compact51__current_roles,2019-07-21 14:00:00,18.5440310523,62.2915938625,0,0,0,12,12,4393,4038
compact51__current_roles,2019-07-21 15:00:00,18.7092909555,62.6169204159,0,0,0,12,12,4498,4087
compact51__current_roles,2019-07-21 16:00:00,17.6458748255,59.4095558647,0,0,0,12,12,3677,3475
compact51__current_roles,2019-07-21 17:00:00,22.0648793395,52.4272217053,0,0,0,12,12,6442,1831
compact51__current_roles,2019-07-21 18:00:00,25.7421018447,51.2532897606,0,0,0,13,11,7665,1571
compact51__current_roles,2019-07-21 19:00:00,30.9037235312,58.806335928,0,0,0,12,12,8426,3350
compact51__current_roles,2019-07-21 20:00:00,24.9025803326,63.1361817479,0,0,0,12,12,7456,4181
compact51__current_roles,2019-07-21 21:00:00,23.1703573081,72.9187692796,0,0,0,12,12,6943,5199
compact51__current_roles,2019-07-21 22:00:00,22.0503012618,43.2382086298,0,0,0,12,12,6430,331
compact51__current_roles,2019-07-21 23:00:00,17.3321216424,45.262880932,0,0,0,12,12,3424,555
compact51__current_roles,2019-07-22 00:00:00,17.4671419627,52.9178872066,0,0,0,12,12,3536,1938
compact51__current_roles,2019-07-22 01:00:00,13.2616494481,59.8856628889,0,0,0,12,12,675,3568
compact51__current_roles,2019-07-22 02:00:00,12.8663648808,59.1374581564,0,0,0,12,12,525,3415
compact51__current_roles,2019-07-22 03:00:00,9.86482900262,59.6011388252,0,0,0,12,12,16,3507
compact51__current_roles,2019-07-22 04:00:00,14.3801945427,68.2248011744,0,0,0,12,12,1232,4790
compact51__current_roles,2019-07-22 05:00:00,19.7171342004,76.1021433553,0,0,0,12,12,5191,5393
compact51__current_roles,2019-07-22 06:00:00,18.7202715123,76.008601753,0,0,0,12,12,4507,5390
compact51__current_roles,2019-07-22 07:00:00,14.6304503659,63.7902331035,0,0,0,12,12,1396,4265
compact51__current_roles,2019-07-22 08:00:00,16.5235393409,61.981425136,0,0,0,12,12,2765,3985
compact51__current_roles,2019-07-22 09:00:00,15.3704181215,55.0843903144,0,0,0,12,12,1907,2478
compact51__current_roles,2019-07-22 10:00:00,16.0371171884,57.92103738,0,0,0,12,12,2402,3162
compact51__current_roles,2019-07-22 11:00:00,16.8920505431,57.3630564629,0,0,0,12,12,3066,3029
compact51__current_roles,2019-07-22 12:00:00,14.9601925482,60.7481578063,0,0,0,12,12,1634,3742
compact51__current_roles,2019-07-22 13:00:00,17.5778405973,49.8635969766,0,0,0,12,12,3630,1317
compact51__current_roles,2019-07-22 14:00:00,23.1312689193,54.2709259502,0,0,0,12,12,6933,2261
compact51__current_roles,2019-07-22 15:00:00,29.4150452692,122.872588061,1,0,0,12,12,8279,6715
compact51__current_roles,2019-07-22 16:00:00,33.9172458489,237.120651487,1,0,0,13,13,8574,7713
compact51__current_roles,2019-07-22 17:00:00,34.2836524508,551.341865002,0,0,0,11,11,8597,8293
compact51__current_roles,2019-07-22 18:00:00,31.8724414215,145.338998407,1,0,0,12,12,8479,7025
compact51__current_roles,2019-07-22 19:00:00,24.8864294617,55.0740093933,0,0,0,12,12,7448,2474
compact51__current_roles,2019-07-22 20:00:00,23.1054823085,65.0155887769,0,0,0,12,12,6922,4447
compact51__current_roles,2019-07-22 21:00:00,22.7110342876,59.892066736,0,0,0,12,12,6746,3572
compact51__current_roles,2019-07-22 22:00:00,17.3822869312,50.5541197503,0,0,0,12,12,3461,1427
compact51__current_roles,2019-07-22 23:00:00,16.5820811766,55.5369521299,0,0,0,12,12,2826,2592
compact51__current_roles,2019-07-23 00:00:00,19.1605052042,55.4175870569,0,0,0,12,12,4828,2565
compact51__current_roles,2019-07-23 01:00:00,14.8275435057,61.6847968955,0,0,0,13,12,1538,3939
compact51__current_roles,2019-07-23 02:00:00,14.8387960189,58.7323197087,0,0,0,12,12,1546,3339
compact51__current_roles,2019-07-23 03:00:00,15.376198632,53.2991304988,0,0,0,12,12,1910,2039
compact51__current_roles,2019-07-23 04:00:00,18.9135607398,60.2295175016,0,0,0,12,12,4658,3633
compact51__current_roles,2019-07-23 05:00:00,20.9261669151,69.2009003744,0,0,0,12,12,5908,4875
compact51__current_roles,2019-07-23 06:00:00,19.0163658427,63.8717484412,0,0,0,12,12,4730,4279
compact51__current_roles,2019-07-23 07:00:00,16.9657827887,154.11190531,0,0,0,12,12,3120,7134
compact51__current_roles,2019-07-23 08:00:00,18.5582597221,108.78949225,0,0,0,12,12,4404,6443
compact51__current_roles,2019-07-23 09:00:00,19.4301388767,123.166439128,0,0,0,12,12,4994,6722
compact51__current_roles,2019-07-23 10:00:00,18.0074644709,89.7229381113,0,0,0,12,12,3971,5897
compact51__current_roles,2019-07-23 11:00:00,17.1645217003,77.3159939144,0,0,0,13,13,3273,5445
compact51__current_roles,2019-07-23 12:00:00,17.7303975978,99.4351022123,0,0,0,12,12,3750,6214
compact51__current_roles,2019-07-23 13:00:00,19.375840593,4289.46497825,0,0,0,12,12,4956,8699
compact51__current_roles,2019-07-23 14:00:00,18.8950311365,65.8398580076,0,0,0,12,12,4642,4546
compact51__current_roles,2019-07-23 15:00:00,18.5153010864,65.2733203852,0,0,0,12,12,4368,4480
compact51__current_roles,2019-07-23 16:00:00,19.9809290178,67.759095777,0,0,0,12,12,5362,4745
compact51__current_roles,2019-07-23 17:00:00,21.5760120388,81.2361065779,0,0,0,13,12,6208,5612
compact51__current_roles,2019-07-23 18:00:00,20.2169067467,95.887252335,0,0,0,14,14,5515,6117
compact51__current_roles,2019-07-23 19:00:00,20.9981646168,330.162445368,1,0,0,11,11,5935,8008
compact51__current_roles,2019-07-23 20:00:00,20.2403641248,448.121416507,1,0,0,12,12,5524,8188
compact51__current_roles,2019-07-23 21:00:00,20.1246466949,681.227679154,1,0,0,12,12,5463,8385
compact51__current_roles,2019-07-23 22:00:00,14.8792261633,58.1032446845,0,0,0,12,12,1589,3199
compact51__current_roles,2019-07-23 23:00:00,18.6756405342,89.8184615513,0,0,0,12,12,4480,5901
compact51__current_roles,2019-07-24 00:00:00,14.3286392716,50.8011341985,0,0,0,12,12,1197,1482
compact51__current_roles,2019-07-24 01:00:00,16.0171471251,75.8385426889,0,0,0,12,12,2395,5382
compact51__current_roles,2019-07-24 02:00:00,16.1975172616,94.677574157,0,0,0,12,12,2523,6070
compact51__current_roles,2019-07-24 03:00:00,16.9318633763,60.3443971893,0,0,0,12,12,3100,3653
compact51__current_roles,2019-07-24 04:00:00,22.6326998755,63.2376806019,0,0,0,12,12,6705,4197
compact51__current_roles,2019-07-24 05:00:00,30.108290792,103.115978462,0,0,0,12,12,8364,6323
compact51__current_roles,2019-07-24 06:00:00,28.4424641514,187.895027944,0,0,0,12,12,8137,7412
compact51__current_roles,2019-07-24 07:00:00,18.0733046167,125.545965466,0,0,0,12,12,4020,6761
compact51__current_roles,2019-07-24 08:00:00,15.7054766192,66.8510092217,0,0,0,13,12,2146,4645
compact51__current_roles,2019-07-24 09:00:00,15.5188211099,61.6644606944,0,0,0,13,13,2015,3931
compact51__current_roles,2019-07-24 10:00:00,14.8919217093,66.4218533729,0,0,0,12,12,1599,4609
compact51__current_roles,2019-07-24 11:00:00,14.8268698477,112.456573169,1,0,0,13,13,1536,6516
compact51__current_roles,2019-07-24 12:00:00,14.6733086037,80.7603678989,0,0,0,11,11,1435,5589
compact51__current_roles,2019-07-24 13:00:00,16.3841708577,102.228307915,1,0,0,12,12,2650,6300
compact51__current_roles,2019-07-24 14:00:00,14.3383858699,65.2306598157,0,0,0,12,12,1205,4473
compact51__current_roles,2019-07-24 15:00:00,13.6091479111,83.2482273111,0,0,0,12,12,821,5684
compact51__current_roles,2019-07-24 16:00:00,15.608712081,64.8414501207,0,0,0,12,12,2076,4421
compact51__current_roles,2019-07-24 17:00:00,12.7988672649,64.2767798342,0,0,0,12,12,504,4341
compact51__current_roles,2019-07-24 18:00:00,17.3384402947,60.5222262432,0,0,0,12,12,3428,3694
compact51__current_roles,2019-07-24 19:00:00,20.7882085266,59.1891420026,0,0,0,13,12,5829,3425
compact51__current_roles,2019-07-24 20:00:00,18.6645793997,55.4895587051,0,0,0,12,12,4475,2583
compact51__current_roles,2019-07-24 21:00:00,17.2860403649,62.5145050589,0,0,0,12,12,3380,4074
compact51__current_roles,2019-07-24 22:00:00,11.0702927366,54.694251903,0,0,0,12,12,87,2374
compact51__current_roles,2019-07-24 23:00:00,14.5595646928,50.944765544,0,0,0,12,12,1342,1510
compact51__current_roles,2019-07-25 00:00:00,12.0236623287,57.1389632507,0,0,0,12,12,258,2970
compact51__current_roles,2019-07-25 01:00:00,10.7925704736,51.5128551633,0,0,0,12,12,59,1641
compact51__current_roles,2019-07-25 02:00:00,12.0438026744,47.629226505,0,0,0,12,12,262,896
compact51__current_roles,2019-07-25 03:00:00,10.9858604717,47.5577965953,0,0,0,12,12,79,881
compact51__current_roles,2019-07-25 04:00:00,14.5400563355,53.1965086242,0,0,0,12,12,1326,2005
compact51__current_roles,2019-07-25 05:00:00,24.0035007119,65.3216256653,0,0,0,12,12,7206,4485
compact51__current_roles,2019-07-25 06:00:00,22.655133578,67.1399383649,0,0,0,12,12,6718,4683
compact51__current_roles,2019-07-25 07:00:00,14.653385012,59.0583813635,0,0,0,12,12,1418,3397
compact51__current_roles,2019-07-25 08:00:00,14.6028537517,61.5263880492,0,0,0,12,12,1370,3902
compact51__current_roles,2019-07-25 09:00:00,15.6695029696,64.1623831198,0,0,0,12,12,2118,4323
compact51__current_roles,2019-07-25 10:00:00,14.3923126339,68.1793393338,0,0,0,12,12,1240,4785
compact51__current_roles,2019-07-25 11:00:00,14.9895699498,64.2444504002,0,0,0,12,12,1654,4336
compact51__current_roles,2019-07-25 12:00:00,15.0289687001,69.2734267296,0,0,0,12,12,1672,4884
compact51__current_roles,2019-07-25 13:00:00,14.6518057871,63.2253660976,0,0,0,12,12,1415,4195
compact51__current_roles,2019-07-25 14:00:00,13.8543211748,63.8656595229,0,0,0,12,12,936,4277
compact51__current_roles,2019-07-25 15:00:00,14.629276917,62.3256589556,0,0,0,12,12,1395,4042
compact51__current_roles,2019-07-25 16:00:00,13.9049759628,65.4767193754,0,0,0,12,12,953,4506
compact51__current_roles,2019-07-25 17:00:00,17.1509344239,64.4482358892,0,0,0,12,12,3258,4363
compact51__current_roles,2019-07-25 18:00:00,16.558267152,59.3165635851,0,0,0,12,12,2799,3456
compact51__current_roles,2019-07-25 19:00:00,18.9688881851,167.746346402,1,0,0,12,12,4698,7260
compact51__current_roles,2019-07-25 20:00:00,13.9829569425,65.4134512289,0,0,0,12,12,992,4497
compact51__current_roles,2019-07-25 21:00:00,13.5639935353,56.0644818412,0,0,0,12,12,793,2707
compact51__current_roles,2019-07-25 22:00:00,14.0113069572,54.8359696586,0,0,0,12,12,1005,2416
compact51__current_roles,2019-07-25 23:00:00,18.1413661156,42.5245675289,0,0,0,12,12,4060,278
compact51__current_roles,2019-07-26 00:00:00,11.1549125885,48.7079987808,0,0,0,12,12,102,1097
compact51__current_roles,2019-07-26 01:00:00,12.5179110393,48.3502036818,0,0,0,12,12,409,1028
compact51__current_roles,2019-07-26 02:00:00,12.3314591051,45.3745077228,0,0,0,12,12,348,569
compact51__current_roles,2019-07-26 03:00:00,13.0880110892,46.7512765611,0,0,0,12,12,596,749
compact51__current_roles,2019-07-26 04:00:00,21.264888116,53.0082247589,0,0,0,12,12,6073,1962
compact51__current_roles,2019-07-26 05:00:00,28.2975318701,65.4409915639,0,0,0,12,12,8118,4502
compact51__current_roles,2019-07-26 06:00:00,26.3711034386,153.936899922,0,0,0,12,12,7809,7130
compact51__current_roles,2019-07-26 07:00:00,13.3326577616,57.4066560402,0,0,0,12,12,707,3043
compact51__current_roles,2019-07-26 08:00:00,14.3963570157,60.5580893742,0,0,0,12,12,1243,3702
compact51__current_roles,2019-07-26 09:00:00,16.5741451254,62.9069707855,0,0,0,12,12,2817,4139
compact51__current_roles,2019-07-26 10:00:00,15.473360582,66.4294065576,0,0,0,12,12,1980,4612
compact51__current_roles,2019-07-26 11:00:00,17.5433376841,68.6987003946,0,0,0,12,12,3600,4830
compact51__current_roles,2019-07-26 12:00:00,17.9383174663,67.925241673,0,0,0,12,12,3917,4761
compact51__current_roles,2019-07-26 13:00:00,17.5219957176,75.5002374757,0,0,0,12,12,3578,5362
compact51__current_roles,2019-07-26 14:00:00,15.9048831075,94.2158178407,0,0,0,12,12,2320,6053
compact51__current_roles,2019-07-26 15:00:00,16.2761736927,105.778726737,1,0,0,12,12,2576,6383
compact51__current_roles,2019-07-26 16:00:00,17.0588702459,86.1700767704,0,0,0,12,12,3191,5794
compact51__current_roles,2019-07-26 17:00:00,17.8088984838,81.3666292794,0,0,0,12,12,3810,5621
compact51__current_roles,2019-07-26 18:00:00,23.6439692961,91.8415532589,0,0,0,12,12,7090,5964
compact51__current_roles,2019-07-26 19:00:00,27.3172549883,104.393837664,1,0,0,12,12,7977,6355
compact51__current_roles,2019-07-26 20:00:00,25.7472887216,104.659203445,1,0,0,12,12,7666,6361
compact51__current_roles,2019-07-26 21:00:00,28.935222276,149.854517549,1,0,0,12,12,8207,7082
compact51__current_roles,2019-07-26 22:00:00,24.5673260256,99.8378623213,0,0,0,12,12,7363,6226
compact51__current_roles,2019-07-26 23:00:00,26.4472148972,62.2604634014,0,0,0,12,12,7823,4028
compact51__current_roles,2019-07-27 00:00:00,23.1876575185,40.564237014,0,0,0,12,12,6951,150
compact51__current_roles,2019-07-27 01:00:00,22.1064730376,44.6662505752,0,0,0,12,12,6461,479
compact51__current_roles,2019-07-27 02:00:00,21.0282252902,51.6343276208,0,0,0,12,12,5953,1663
compact51__current_roles,2019-07-27 03:00:00,21.106500203,75.6604962308,0,0,0,12,12,5985,5372
compact51__current_roles,2019-07-27 04:00:00,24.1481402061,88.6476986526,0,0,0,12,12,7251,5859
compact51__current_roles,2019-07-27 05:00:00,30.1918090282,83.0874009006,0,0,0,12,12,8374,5676
compact51__current_roles,2019-07-27 06:00:00,32.7079028654,82.7328049073,0,0,0,12,12,8529,5659
compact51__current_roles,2019-07-27 07:00:00,26.4533800721,93.0775320761,0,0,0,12,12,7825,6012
compact51__current_roles,2019-07-27 08:00:00,15.8670728736,57.8156103082,0,0,0,13,12,2287,3141
compact51__current_roles,2019-07-27 09:00:00,16.6789737549,68.3418251228,0,0,0,12,12,2905,4797
compact51__current_roles,2019-07-27 10:00:00,19.1009314861,72.1813523763,0,0,0,12,12,4782,5148
compact51__current_roles,2019-07-27 11:00:00,20.7760928087,71.6621856785,0,0,0,12,12,5822,5101
compact51__current_roles,2019-07-27 12:00:00,20.929651397,87.793957492,0,0,0,12,12,5911,5834
compact51__current_roles,2019-07-27 13:00:00,22.4499796723,77.8397540458,0,0,0,12,12,6616,5466
compact51__current_roles,2019-07-27 14:00:00,18.196697424,83.6998952312,0,0,0,12,12,4097,5702
compact51__current_roles,2019-07-27 15:00:00,17.7006983043,92.0885855082,0,0,0,12,12,3716,5972
compact51__current_roles,2019-07-27 16:00:00,20.2777441953,82.2601506347,0,0,0,12,12,5548,5644
compact51__current_roles,2019-07-27 17:00:00,25.5616643144,95.6513360484,0,0,0,12,12,7618,6099
compact51__current_roles,2019-07-27 18:00:00,29.7363231345,91.5969294967,0,0,0,12,12,8318,5958
compact51__current_roles,2019-07-27 19:00:00,21.6919337532,82.1478552569,0,0,0,12,12,6257,5641
compact51__current_roles,2019-07-27 20:00:00,15.8995147,58.7162408641,0,0,0,12,12,2313,3334
compact51__current_roles,2019-07-27 21:00:00,17.8467857431,55.9077580141,0,0,0,12,12,3841,2671
compact51__current_roles,2019-07-27 22:00:00,15.2149013428,54.9819629749,0,0,0,12,12,1792,2453
compact51__current_roles,2019-07-27 23:00:00,16.8586008138,64.7682834611,0,0,0,12,12,3031,4410
compact51__current_roles,2019-07-28 00:00:00,12.7130103134,59.9201752527,0,0,0,12,12,473,3578
compact51__current_roles,2019-07-28 01:00:00,16.1743742662,169.593768417,0,0,0,12,12,2512,7276
compact51__current_roles,2019-07-28 02:00:00,13.9483168723,50.7343769642,0,0,0,12,12,973,1468
compact51__current_roles,2019-07-28 03:00:00,16.4110807453,160.82202233,0,0,0,12,12,2677,7199
compact51__current_roles,2019-07-28 04:00:00,15.2989030689,135.273137622,0,0,0,12,12,1861,6906
compact51__current_roles,2019-07-28 05:00:00,18.7191521058,338.018979129,0,0,0,12,12,4505,8030
compact51__current_roles,2019-07-28 06:00:00,22.4465483439,153.599236945,0,0,0,12,12,6613,7127
compact51__current_roles,2019-07-28 07:00:00,22.8517386626,56.6201910235,0,0,0,12,12,6811,2841
compact51__current_roles,2019-07-28 08:00:00,21.7132129622,98.7067910309,0,0,0,13,13,6273,6188
compact51__current_roles,2019-07-28 09:00:00,15.3074758264,59.2797208286,0,0,0,13,12,1869,3451
compact51__current_roles,2019-07-28 10:00:00,14.7969878534,62.5164072318,0,0,0,12,12,1511,4076
compact51__current_roles,2019-07-28 11:00:00,16.5460360731,57.4357119079,0,0,0,12,12,2790,3052
compact51__current_roles,2019-07-28 12:00:00,16.0518499535,52.5686696903,0,0,0,12,12,2411,1863
compact51__current_roles,2019-07-28 13:00:00,14.5878608385,50.3894494099,0,0,0,12,12,1361,1401
compact51__current_roles,2019-07-28 14:00:00,13.3821098677,50.5997988667,0,0,0,12,12,724,1437
compact51__current_roles,2019-07-28 15:00:00,15.570655134,49.8530480216,0,0,0,12,12,2049,1313
compact51__current_roles,2019-07-28 16:00:00,15.611979924,51.8168074746,0,0,0,12,12,2081,1705
compact51__current_roles,2019-07-28 17:00:00,16.9848835278,61.5683814505,0,0,0,12,12,3133,3905
compact51__current_roles,2019-07-28 18:00:00,16.9770021075,75.7215211532,0,0,0,12,12,3128,5376
compact51__current_roles,2019-07-28 19:00:00,17.712210837,88.3994266038,0,0,0,12,12,3734,5853
compact51__current_roles,2019-07-28 20:00:00,16.2254303409,77.7330442799,0,0,0,12,12,2542,5463
compact51__current_roles,2019-07-28 21:00:00,17.1787828772,79.2422672308,0,0,0,12,12,3286,5525
compact51__current_roles,2019-07-28 22:00:00,14.2335733939,51.3075524577,0,0,0,12,12,1133,1588
compact51__current_roles,2019-07-28 23:00:00,18.5500111706,45.1364898473,0,0,0,12,12,4399,542
compact51__current_roles,2019-07-29 00:00:00,13.9778083753,78.0645601532,0,0,0,12,12,990,5481
compact51__current_roles,2019-07-29 01:00:00,11.0947804911,49.9306570928,0,0,0,12,12,93,1330
compact51__current_roles,2019-07-29 02:00:00,11.7437964605,50.8385014942,0,0,0,12,12,197,1486
compact51__current_roles,2019-07-29 03:00:00,11.5639504762,46.8838981392,0,0,0,12,12,152,771
compact51__current_roles,2019-07-29 04:00:00,18.7284394135,57.4156691812,0,0,0,12,12,4515,3046
compact51__current_roles,2019-07-29 05:00:00,26.5005028006,87.506984392,0,0,0,12,12,7834,5827
compact51__current_roles,2019-07-29 06:00:00,14.9397732229,54.2473793888,0,0,0,12,12,1626,2252
compact51__current_roles,2019-07-29 07:00:00,20.7448156169,57.3905394908,0,0,0,12,12,5799,3037
compact51__current_roles,2019-07-29 08:00:00,18.257342205,72.4171039803,0,0,0,12,12,4161,5165
compact51__current_roles,2019-07-29 09:00:00,18.7749649443,74.6950669509,0,0,0,12,12,4547,5316
compact51__current_roles,2019-07-29 10:00:00,21.9683144355,120.697918724,1,0,0,12,12,6393,6671
compact51__current_roles,2019-07-29 11:00:00,19.4587621594,98.4378415153,0,0,0,12,12,5022,6181
compact51__current_roles,2019-07-29 12:00:00,20.3364162158,81.3442053847,0,0,0,12,12,5585,5618
compact51__current_roles,2019-07-29 13:00:00,21.7063528805,65.6110866327,0,0,0,12,12,6268,4523
compact51__current_roles,2019-07-29 14:00:00,24.7289479673,72.0548906649,0,0,0,12,12,7409,5131
compact51__current_roles,2019-07-29 15:00:00,24.4666097455,70.2325335331,0,0,0,12,12,7343,4983
compact51__current_roles,2019-07-29 16:00:00,23.7108430607,71.06792022,0,0,0,12,12,7120,5051
compact51__current_roles,2019-07-29 17:00:00,21.8157042373,65.6819059829,0,0,0,12,12,6311,4528
compact51__current_roles,2019-07-29 18:00:00,22.4670749123,61.6155640531,0,0,0,12,12,6628,3918
compact51__current_roles,2019-07-29 19:00:00,23.8646387359,52.072140832,0,0,0,12,12,7165,1760
compact51__current_roles,2019-07-29 20:00:00,22.2738298312,62.045290036,0,0,0,12,12,6543,3997
compact51__current_roles,2019-07-29 21:00:00,27.276253902,232.480848515,1,0,0,12,12,7971,7678
compact51__current_roles,2019-07-29 22:00:00,24.4561688484,314.823793497,1,0,0,12,12,7339,7974
compact51__current_roles,2019-07-29 23:00:00,19.57835234,352.580825965,1,0,0,12,12,5108,8069
compact51__current_roles,2019-07-30 00:00:00,19.5139934541,575.909252965,0,0,0,12,12,5067,8319
compact51__current_roles,2019-07-30 01:00:00,18.8291590655,315.155568757,0,0,0,12,12,4598,7975
compact51__current_roles,2019-07-30 02:00:00,16.186291193,235.041786914,0,0,0,12,12,2519,7697
compact51__current_roles,2019-07-30 03:00:00,13.769679245,650.332515208,1,0,0,12,12,896,8362
compact51__current_roles,2019-07-30 04:00:00,14.1105308777,224.552816094,0,0,0,12,12,1053,7639
compact51__current_roles,2019-07-30 05:00:00,18.1779754308,128.905264088,0,0,0,12,12,4084,6825
compact51__current_roles,2019-07-30 06:00:00,17.7795319088,96.0878812672,0,0,0,12,12,3782,6124
compact51__current_roles,2019-07-30 07:00:00,16.1252712479,103.925763978,1,0,0,12,12,2466,6346
compact51__current_roles,2019-07-30 08:00:00,18.2496282984,108.213507341,1,0,0,12,12,4151,6429
compact51__current_roles,2019-07-30 09:00:00,17.1290287304,91.2850628202,0,0,0,12,12,3242,5944
compact51__current_roles,2019-07-30 10:00:00,16.4729779063,94.8062831381,0,0,0,12,12,2733,6073
compact51__current_roles,2019-07-30 11:00:00,16.0642452602,63.4313867921,0,0,0,12,12,2418,4219
compact51__current_roles,2019-07-30 12:00:00,19.1043782127,75.9561139323,0,0,0,12,12,4787,5387
compact51__current_roles,2019-07-30 13:00:00,19.7009991294,60.9476490068,0,0,0,12,12,5180,3787
compact51__current_roles,2019-07-30 14:00:00,20.4263802726,57.8004528497,0,0,0,12,12,5642,3135
compact51__current_roles,2019-07-30 15:00:00,18.9892289759,56.8977200599,0,0,0,12,12,4713,2906
compact51__current_roles,2019-07-30 16:00:00,19.5166235748,59.1759980928,0,0,0,12,12,5069,3421
compact51__current_roles,2019-07-30 17:00:00,20.0992780137,55.838974567,0,0,0,12,12,5436,2656
compact51__current_roles,2019-07-30 18:00:00,21.4142233827,71.7522275244,0,0,0,12,12,6142,5107
compact51__current_roles,2019-07-30 19:00:00,23.7525679439,112.690966876,1,0,0,12,12,7131,6521
compact51__current_roles,2019-07-30 20:00:00,25.4367129993,140.840429362,1,0,0,12,12,7590,6977
compact51__current_roles,2019-07-30 21:00:00,24.46642748,152.444478261,1,0,0,12,12,7342,7109
compact51__current_roles,2019-07-30 22:00:00,21.5899932009,123.211378291,1,0,0,12,12,6218,6723
compact51__current_roles,2019-07-30 23:00:00,24.167504507,96.5089805768,0,0,0,12,12,7257,6138
compact51__current_roles,2019-07-31 00:00:00,16.7404859301,154.231418424,1,0,0,12,12,2945,7138
compact51__current_roles,2019-07-31 01:00:00,12.761848793,106.230519818,1,0,0,12,12,491,6394
compact51__current_roles,2019-07-31 02:00:00,14.2673099073,69.8721871545,0,0,0,12,12,1155,4945
compact51__current_roles,2019-07-31 03:00:00,12.8891657842,51.454698186,0,0,0,12,12,529,1624
compact51__current_roles,2019-07-31 04:00:00,13.2019367521,51.9515030015,0,0,0,12,12,642,1729
compact51__current_roles,2019-07-31 05:00:00,15.338336983,53.2529890952,0,0,0,12,12,1883,2024
compact51__current_roles,2019-07-31 06:00:00,15.3562931253,51.5058173603,0,0,0,12,12,1899,1638
compact51__current_roles,2019-07-31 07:00:00,15.5049101679,56.4779249078,0,0,0,12,12,2002,2815
compact51__current_roles,2019-07-31 08:00:00,17.5787403547,126.637973942,1,0,0,12,12,3632,6783
compact51__current_roles,2019-07-31 09:00:00,18.7322948618,206.808166645,1,0,0,12,12,4518,7545
compact51__current_roles,2019-07-31 10:00:00,19.3966313679,136.624228438,1,0,0,12,12,4969,6919
compact51__current_roles,2019-07-31 11:00:00,18.5916646007,140.278720684,1,0,0,12,12,4425,6968
compact51__current_roles,2019-07-31 12:00:00,20.0569496263,145.518866603,1,0,0,12,12,5407,7029
compact51__current_roles,2019-07-31 13:00:00,25.8843346333,125.906670594,1,0,0,12,12,7697,6772
compact51__current_roles,2019-07-31 14:00:00,29.9839782519,507.835391789,1,0,0,12,12,8349,8259
compact51__current_roles,2019-07-31 15:00:00,28.7024331766,741.154748029,0,0,0,12,12,8181,8414
compact51__current_roles,2019-07-31 16:00:00,28.855127483,76.9060840622,0,0,0,12,12,8198,5427
compact51__current_roles,2019-07-31 17:00:00,33.8500171302,209.338664689,0,0,0,14,14,8572,7560
compact51__current_roles,2019-07-31 18:00:00,33.9561992676,80.6615097039,0,0,0,11,11,8578,5582
compact51__current_roles,2019-07-31 19:00:00,30.7823017989,74.5127455211,0,0,0,12,12,8417,5308
compact51__current_roles,2019-07-31 20:00:00,26.2972383906,307.25422214,0,0,0,12,12,7789,7959
compact51__current_roles,2019-07-31 21:00:00,25.0261969702,162.571306524,0,0,0,12,12,7492,7214
compact51__current_roles,2019-07-31 22:00:00,24.5475025326,217.790550062,0,0,0,12,12,7358,7606
compact51__current_roles,2019-07-31 23:00:00,16.998616997,59.2970811357,0,0,0,12,12,3144,3454
compact51__current_roles,2019-08-01 00:00:00,14.250764092,94.2295463361,0,0,0,12,12,1151,6054
compact51__current_roles,2019-08-01 01:00:00,14.0658754078,62.8135434594,0,0,0,12,12,1032,4128
compact51__current_roles,2019-08-01 02:00:00,17.8281421143,58.0898884842,0,0,0,12,12,3824,3194
compact51__current_roles,2019-08-01 03:00:00,20.7948439533,57.6598366024,0,0,0,12,12,5839,3097
compact51__current_roles,2019-08-01 04:00:00,22.5082944247,58.4569937712,0,0,0,12,12,6654,3268
compact51__current_roles,2019-08-01 05:00:00,21.4874367465,64.9517593777,0,0,0,12,12,6175,4441
compact51__current_roles,2019-08-01 06:00:00,18.2394178424,65.3570604791,0,0,0,13,12,4143,4491
compact51__current_roles,2019-08-01 07:00:00,14.6663841352,61.6184762514,0,0,0,12,12,1427,3919
compact51__current_roles,2019-08-01 08:00:00,16.7528437442,130.947575552,1,0,0,12,12,2956,6853
compact51__current_roles,2019-08-01 09:00:00,20.1311951406,212.629735804,1,0,0,12,12,5468,7572
compact51__current_roles,2019-08-01 10:00:00,18.3945171098,330.444424397,1,0,0,12,12,4284,8009
compact51__current_roles,2019-08-01 11:00:00,18.5982529387,458.921469491,1,0,0,12,12,4427,8200
compact51__current_roles,2019-08-01 12:00:00,19.1407480717,267.462414304,1,0,0,12,12,4811,7831
compact51__current_roles,2019-08-01 13:00:00,19.481891757,214.119680609,1,0,0,12,12,5038,7578
compact51__current_roles,2019-08-01 14:00:00,20.8291877731,246.563399062,1,0,0,12,12,5860,7752
compact51__current_roles,2019-08-01 15:00:00,24.1434625207,197.574662094,0,0,0,12,12,7249,7484
compact51__current_roles,2019-08-01 16:00:00,22.9470464129,633.702497794,1,0,0,12,12,6852,8353
compact51__current_roles,2019-08-01 17:00:00,21.7085676097,903.56329404,1,0,0,12,12,6271,8471
compact51__current_roles,2019-08-01 18:00:00,20.827302361,517.323861353,1,0,0,12,12,5859,8270
compact51__current_roles,2019-08-01 19:00:00,19.7207112191,279.95344422,1,0,0,12,12,5192,7874
compact51__current_roles,2019-08-01 20:00:00,21.202362954,176.059096047,1,0,0,12,12,6034,7335
compact51__current_roles,2019-08-01 21:00:00,20.1977359934,122.065732369,1,0,0,12,12,5497,6698
compact51__current_roles,2019-08-01 22:00:00,17.8269968303,117.257327002,1,0,0,12,12,3823,6596
compact51__current_roles,2019-08-01 23:00:00,17.684201251,293.263585352,0,0,0,12,12,3709,7917
compact51__current_roles,2019-08-02 00:00:00,12.7225717133,58.7171276466,0,0,0,12,12,477,3335
compact51__current_roles,2019-08-02 01:00:00,16.4190729582,88.0889120358,0,0,0,12,12,2685,5842
compact51__current_roles,2019-08-02 02:00:00,17.5358681666,71.8794088277,0,0,0,12,12,3592,5117
compact51__current_roles,2019-08-02 03:00:00,16.5903607283,84.7871366161,0,0,0,12,12,2831,5742
compact51__current_roles,2019-08-02 04:00:00,19.4377059185,98.0342839366,0,0,0,12,12,5004,6171
compact51__current_roles,2019-08-02 05:00:00,23.6078129557,115.617448916,1,0,0,12,12,7074,6577
compact51__current_roles,2019-08-02 06:00:00,20.7898615077,201.416315512,0,0,0,12,12,5833,7512
compact51__current_roles,2019-08-02 07:00:00,15.9444966626,64.4704926573,0,0,0,12,12,2353,4366
compact51__current_roles,2019-08-02 08:00:00,15.8442803252,66.7301114903,0,0,0,12,12,2265,4636
compact51__current_roles,2019-08-02 09:00:00,19.4471363975,71.8088358393,0,0,0,12,12,5012,5112
compact51__current_roles,2019-08-02 10:00:00,19.6708345767,126.474782899,1,0,0,12,12,5159,6781
compact51__current_roles,2019-08-02 11:00:00,17.1571248921,163.806744145,1,0,0,12,12,3263,7231
compact51__current_roles,2019-08-02 12:00:00,20.3830174062,368.477540369,1,0,0,12,12,5614,8098
compact51__current_roles,2019-08-02 13:00:00,20.0329170757,439.037322913,1,0,0,12,12,5392,8179
compact51__current_roles,2019-08-02 14:00:00,18.4008948868,867.675382745,1,0,0,12,12,4288,8461
compact51__current_roles,2019-08-02 15:00:00,20.3600316082,169.599601768,0,0,0,12,12,5605,7277
compact51__current_roles,2019-08-02 16:00:00,20.5077578294,79.1909963267,0,0,0,12,12,5678,5523
compact51__current_roles,2019-08-02 17:00:00,24.824553911,83.7404877235,0,0,0,12,12,7435,5704
compact51__current_roles,2019-08-02 18:00:00,29.6734750106,177.756949018,1,0,0,12,12,8307,7346
compact51__current_roles,2019-08-02 19:00:00,29.7788727303,227.882251617,1,0,0,12,12,8323,7658
compact51__current_roles,2019-08-02 20:00:00,28.8727989699,155.515718814,1,0,0,12,12,8199,7150
compact51__current_roles,2019-08-02 21:00:00,29.5384031785,95.7042591862,0,0,0,12,12,8292,6102
compact51__current_roles,2019-08-02 22:00:00,22.3518271802,76.5105919195,0,0,0,12,12,6577,5408
compact51__current_roles,2019-08-02 23:00:00,21.4576044463,288.51585872,1,0,0,12,12,6162,7910
compact51__current_roles,2019-08-03 00:00:00,13.0111668842,52.609910858,0,0,0,12,12,569,1874
compact51__current_roles,2019-08-03 01:00:00,12.8824518693,59.8163304023,0,0,0,12,12,528,3557
compact51__current_roles,2019-08-03 02:00:00,11.7684018522,59.7009062734,0,0,0,12,12,202,3532
compact51__current_roles,2019-08-03 03:00:00,16.091292736,61.8660751669,0,0,0,12,12,2435,3968
compact51__current_roles,2019-08-03 04:00:00,17.3668491194,62.2820561164,0,0,0,12,12,3452,4034
compact51__current_roles,2019-08-03 05:00:00,22.6991210714,73.6451791098,0,0,0,12,12,6740,5252
compact51__current_roles,2019-08-03 06:00:00,25.1227671835,74.6377372949,0,0,0,12,12,7517,5315
compact51__current_roles,2019-08-03 07:00:00,26.8573474873,66.9253487899,0,0,0,12,12,7914,4659
compact51__current_roles,2019-08-03 08:00:00,19.8116521175,69.4223757939,0,0,0,12,12,5258,4897
compact51__current_roles,2019-08-03 09:00:00,22.0123148637,110.912471237,1,0,0,12,12,6417,6487
compact51__current_roles,2019-08-03 10:00:00,24.5124082124,146.887361528,1,0,0,12,12,7350,7047
compact51__current_roles,2019-08-03 11:00:00,29.0055802901,168.000148242,1,0,0,12,12,8219,7264
compact51__current_roles,2019-08-03 12:00:00,28.4606930121,216.501953534,1,0,0,13,13,8140,7597
compact51__current_roles,2019-08-03 13:00:00,33.4165156397,222.874520833,1,0,0,12,12,8554,7628
compact51__current_roles,2019-08-03 14:00:00,37.0709820415,253.375421348,1,0,0,12,12,8677,7783
compact51__current_roles,2019-08-03 15:00:00,35.8241601141,282.609899258,1,0,0,12,12,8638,7886
compact51__current_roles,2019-08-03 16:00:00,34.2122933516,341.520613413,1,0,0,12,12,8590,8040
compact51__current_roles,2019-08-03 17:00:00,33.7981467778,347.19543258,1,0,0,12,12,8571,8057
compact51__current_roles,2019-08-03 18:00:00,36.1062918858,317.623493082,1,0,0,12,12,8647,7982
compact51__current_roles,2019-08-03 19:00:00,35.452267701,230.951501045,1,0,0,12,12,8626,7671
compact51__current_roles,2019-08-03 20:00:00,27.6297609804,225.429348463,1,0,0,12,12,8016,7643
compact51__current_roles,2019-08-03 21:00:00,29.2755533511,398.199547693,1,0,0,12,12,8258,8134
compact51__current_roles,2019-08-03 22:00:00,28.0203219761,368.419813576,1,0,0,12,12,8069,8097
compact51__current_roles,2019-08-03 23:00:00,27.7047266004,140293.886761,0,0,0,12,12,8022,8759
compact51__current_roles,2019-08-04 00:00:00,18.5158414633,168.965654529,1,0,0,12,12,4369,7268
compact51__current_roles,2019-08-04 01:00:00,16.9536893497,123.502387364,1,0,0,12,12,3111,6733
compact51__current_roles,2019-08-04 02:00:00,17.5597193409,233.251396412,1,0,0,12,12,3615,7682
compact51__current_roles,2019-08-04 03:00:00,14.6383784837,52.2504952493,0,0,0,12,12,1405,1787
compact51__current_roles,2019-08-04 04:00:00,17.3854088069,53.9826914857,0,0,0,12,12,3466,2193
compact51__current_roles,2019-08-04 05:00:00,14.8300113929,52.3329212684,0,0,0,12,12,1541,1805
compact51__current_roles,2019-08-04 06:00:00,25.5124886956,123.490633806,0,0,0,12,12,7607,6731
compact51__current_roles,2019-08-04 07:00:00,19.220193407,483.467102563,1,0,0,12,12,4862,8227
compact51__current_roles,2019-08-04 08:00:00,15.4361199539,123.928852866,0,0,0,12,12,1961,6740
compact51__current_roles,2019-08-04 09:00:00,15.3943451208,170.876231033,1,0,0,12,12,1923,7289
compact51__current_roles,2019-08-04 10:00:00,15.9977215033,62.8610617403,0,0,0,12,12,2378,4135
compact51__current_roles,2019-08-04 11:00:00,17.1652290107,63.5241154432,0,0,0,12,12,3275,4233
compact51__current_roles,2019-08-04 12:00:00,16.3829451302,74.8105681888,0,0,0,12,12,2647,5320
compact51__current_roles,2019-08-04 13:00:00,19.7792822189,111.556871262,1,0,0,12,12,5239,6499
compact51__current_roles,2019-08-04 14:00:00,18.9161288646,120.558720454,1,0,0,12,12,4660,6664
compact51__current_roles,2019-08-04 15:00:00,20.1476086968,171.286100886,1,0,0,12,12,5475,7292
compact51__current_roles,2019-08-04 16:00:00,18.8868241766,228.292615753,1,0,0,12,12,4637,7660
compact51__current_roles,2019-08-04 17:00:00,19.9487556622,143.559271886,1,0,0,12,12,5342,7009
compact51__current_roles,2019-08-04 18:00:00,22.2282606516,189.246045915,1,0,0,12,12,6523,7416
compact51__current_roles,2019-08-04 19:00:00,23.020149783,182.641845588,1,0,0,12,12,6891,7379
compact51__current_roles,2019-08-04 20:00:00,25.3468984611,135.502253022,1,0,0,12,12,7569,6908
compact51__current_roles,2019-08-04 21:00:00,24.0216068229,79.7665100889,0,0,0,12,12,7212,5548
compact51__current_roles,2019-08-04 22:00:00,19.5606987929,60.4689651633,0,0,0,12,12,5095,3678
compact51__current_roles,2019-08-04 23:00:00,21.4350444063,53.6866472249,0,0,0,12,12,6153,2127
compact51__current_roles,2019-08-05 00:00:00,17.8123164487,341.851029658,1,0,0,12,12,3813,8041
compact51__current_roles,2019-08-05 01:00:00,12.4271092132,436.474064606,1,0,0,12,12,381,8176
compact51__current_roles,2019-08-05 02:00:00,12.0139078646,117.493470154,0,0,0,12,12,255,6603
compact51__current_roles,2019-08-05 03:00:00,13.9288502623,247.033679978,1,0,0,12,12,966,7754
compact51__current_roles,2019-08-05 04:00:00,21.3548054262,233.339730974,0,0,0,12,12,6119,7683
compact51__current_roles,2019-08-05 05:00:00,24.3502175194,68.4716925852,0,0,0,13,13,7311,4810
compact51__current_roles,2019-08-05 06:00:00,21.9184717107,81.5903051101,0,0,0,12,12,6369,5628
compact51__current_roles,2019-08-05 07:00:00,15.0167788772,150.89926866,0,0,0,12,12,1663,7096
compact51__current_roles,2019-08-05 08:00:00,13.977111149,625.019345737,1,0,0,12,12,988,8351
compact51__current_roles,2019-08-05 09:00:00,17.7399121679,502.93689961,1,0,0,12,12,3759,8254
compact51__current_roles,2019-08-05 10:00:00,18.8105781452,75.1380067509,0,0,0,12,12,4578,5339
compact51__current_roles,2019-08-05 11:00:00,17.4630650449,78.8113414893,0,0,0,12,12,3533,5504
compact51__current_roles,2019-08-05 12:00:00,21.0546350105,91.1819430735,0,0,0,12,12,5964,5940
compact51__current_roles,2019-08-05 13:00:00,24.1345045304,133.82766058,0,0,0,12,12,7247,6888
compact51__current_roles,2019-08-05 14:00:00,24.2855002168,75.4053608374,0,0,0,12,12,7291,5353
compact51__current_roles,2019-08-05 15:00:00,27.3782370142,71.3902521752,0,0,0,12,12,7985,5088
compact51__current_roles,2019-08-05 16:00:00,27.1863051947,70.0317507507,0,0,0,12,12,7960,4962
compact51__current_roles,2019-08-05 17:00:00,27.4863569332,76.1169765148,0,0,0,12,12,7998,5395
compact51__current_roles,2019-08-05 18:00:00,28.619262189,157.779127984,0,0,0,12,12,8170,7174
compact51__current_roles,2019-08-05 19:00:00,31.0782221675,216.055359389,0,0,0,12,12,8437,7590
compact51__current_roles,2019-08-05 20:00:00,28.2883691996,320.76000319,0,0,0,12,12,8115,7992
compact51__current_roles,2019-08-05 21:00:00,28.2901058032,92.4273393053,0,0,0,12,12,8116,5983
compact51__current_roles,2019-08-05 22:00:00,20.3071304628,66.359505686,0,0,0,12,12,5563,4602
compact51__current_roles,2019-08-05 23:00:00,22.090397391,60.6280218655,0,0,0,12,12,6453,3717
compact51__current_roles,2019-08-06 00:00:00,13.1809518687,149.441371139,1,0,0,12,12,634,7076
compact51__current_roles,2019-08-06 01:00:00,9.94412613305,52.9834745333,0,0,0,12,12,19,1958
compact51__current_roles,2019-08-06 02:00:00,13.9837639989,215.691341815,1,0,0,12,12,993,7588
compact51__current_roles,2019-08-06 03:00:00,17.6724024349,216.922090305,1,0,0,12,12,3699,7599
compact51__current_roles,2019-08-06 04:00:00,18.2135945369,281.027794962,1,0,0,12,12,4114,7883
compact51__current_roles,2019-08-06 05:00:00,19.3913861736,2470.66238445,1,0,0,12,12,4965,8652
compact51__current_roles,2019-08-06 06:00:00,11.5302326074,99.7886825453,0,0,0,12,12,143,6224
compact51__current_roles,2019-08-06 07:00:00,16.1981438037,96.9036056817,0,0,0,12,12,2524,6148
compact51__current_roles,2019-08-06 08:00:00,17.8311092407,337.525784116,0,0,0,12,12,3830,8027
compact51__current_roles,2019-08-06 09:00:00,20.6879684349,389.819663092,0,0,0,12,12,5773,8121
compact51__current_roles,2019-08-06 10:00:00,23.0018506024,114.465455576,0,0,0,12,12,6883,6557
compact51__current_roles,2019-08-06 11:00:00,30.5711908979,126.936020747,0,0,0,12,12,8400,6796
compact51__current_roles,2019-08-06 12:00:00,32.3759162705,132.936970181,0,0,0,12,12,8510,6879
compact51__current_roles,2019-08-06 13:00:00,31.3115479002,62.3242083882,0,0,0,12,12,8453,4040
compact51__current_roles,2019-08-06 14:00:00,26.813193462,66.8573506455,0,0,0,12,12,7904,4647
compact51__current_roles,2019-08-06 15:00:00,29.5995919615,66.9140455783,0,0,0,12,12,8298,4657
compact51__current_roles,2019-08-06 16:00:00,29.3356110268,72.0644120297,0,0,0,12,12,8270,5134
compact51__current_roles,2019-08-06 17:00:00,26.1664029294,66.692731345,0,0,0,12,12,7752,4634
compact51__current_roles,2019-08-06 18:00:00,25.7514276462,67.21755236,0,0,0,12,12,7668,4697
compact51__current_roles,2019-08-06 19:00:00,28.9737569501,60.0390087607,0,0,0,12,12,8216,3597
compact51__current_roles,2019-08-06 20:00:00,36.7618873468,65.0000745016,0,0,0,12,12,8667,4445
compact51__current_roles,2019-08-06 21:00:00,29.2889022275,84.3224212197,0,0,0,12,12,8261,5722
compact51__current_roles,2019-08-06 22:00:00,24.668732798,441.004322567,0,0,0,13,13,7395,8181
compact51__current_roles,2019-08-06 23:00:00,26.7211868181,247.066993353,1,0,0,12,12,7882,7755
compact51__current_roles,2019-08-07 00:00:00,17.4597353855,255.939717686,1,0,0,12,12,3528,7795
compact51__current_roles,2019-08-07 01:00:00,17.544565362,58.4109938819,0,0,0,12,12,3603,3254
compact51__current_roles,2019-08-07 02:00:00,17.6572606418,471.12444022,0,0,0,12,12,3691,8212
compact51__current_roles,2019-08-07 03:00:00,17.6076827793,56.2624353673,0,0,0,12,12,3653,2765
compact51__current_roles,2019-08-07 04:00:00,20.4096421414,142.31727124,1,0,0,12,12,5633,6990
compact51__current_roles,2019-08-07 05:00:00,20.822504994,67.909803672,0,0,0,12,12,5857,4760
compact51__current_roles,2019-08-07 06:00:00,17.9379449724,63.6075186521,0,0,0,12,12,3916,4247
compact51__current_roles,2019-08-07 07:00:00,19.1116646043,149.906903521,1,0,0,12,11,4791,7083
compact51__current_roles,2019-08-07 08:00:00,20.1937481156,231.78394715,1,0,0,12,12,5495,7675
compact51__current_roles,2019-08-07 09:00:00,19.4084934072,207.934043575,1,0,0,12,12,4981,7551
compact51__current_roles,2019-08-07 10:00:00,18.0252780505,215.269695783,1,0,0,12,12,3983,7585
compact51__current_roles,2019-08-07 11:00:00,18.3399794699,173.208808768,1,0,0,12,12,4224,7311
compact51__current_roles,2019-08-07 12:00:00,24.3145537292,236.514674444,1,0,0,12,12,7301,7709
compact51__current_roles,2019-08-07 13:00:00,29.9233094377,1253.53490159,0,0,0,12,12,8338,8541
compact51__current_roles,2019-08-07 14:00:00,27.9711970538,264.548529725,0,0,0,12,12,8062,7823
compact51__current_roles,2019-08-07 15:00:00,32.6725039116,300.500410553,0,0,0,12,12,8527,7931
compact51__current_roles,2019-08-07 16:00:00,32.7175452315,667.70437979,0,0,0,12,12,8530,8377
compact51__current_roles,2019-08-07 17:00:00,32.0669165175,90.2457000203,0,0,0,12,12,8498,5919
compact51__current_roles,2019-08-07 18:00:00,33.5262046695,70.3289071013,0,0,0,12,12,8559,4990
compact51__current_roles,2019-08-07 19:00:00,34.270118277,67.5295464517,0,0,0,12,12,8596,4725
compact51__current_roles,2019-08-07 20:00:00,39.666034254,175.464437294,1,0,0,12,12,8711,7329
compact51__current_roles,2019-08-07 21:00:00,36.1939592969,174.503740909,0,0,0,12,12,8650,7322
compact51__current_roles,2019-08-07 22:00:00,28.966456714,464.953199266,0,0,0,12,12,8213,8204
compact51__current_roles,2019-08-07 23:00:00,36.2219352313,67.2029649951,0,0,0,12,12,8654,4694
compact51__current_roles,2019-08-08 00:00:00,20.2272899417,323.702631959,1,0,0,12,12,5520,7995
compact51__current_roles,2019-08-08 01:00:00,19.8493719901,149.162120221,1,0,0,12,12,5282,7071
compact51__current_roles,2019-08-08 02:00:00,17.2091647535,107.488855799,1,0,0,12,12,3310,6414
compact51__current_roles,2019-08-08 03:00:00,16.3189271932,99.6024567105,0,0,0,12,12,2604,6218
compact51__current_roles,2019-08-08 04:00:00,15.2033508855,95.8655950092,0,0,0,12,12,1778,6115
compact51__current_roles,2019-08-08 05:00:00,23.2226863596,64.5577848467,0,0,0,12,12,6960,4384
compact51__current_roles,2019-08-08 06:00:00,20.0944992379,303.712024576,0,0,0,12,12,5431,7943
compact51__current_roles,2019-08-08 07:00:00,17.058839182,76.6599307072,0,0,0,12,12,3190,5416
compact51__current_roles,2019-08-08 08:00:00,16.743947034,69.2784751259,0,0,0,12,12,2947,4885
compact51__current_roles,2019-08-08 09:00:00,18.5468954357,108.365377797,1,0,0,12,12,4397,6432
compact51__current_roles,2019-08-08 10:00:00,17.6856292326,154.314054309,1,0,0,12,12,3711,7140
compact51__current_roles,2019-08-08 11:00:00,18.2194698269,150.451437781,1,0,0,12,12,4126,7091
compact51__current_roles,2019-08-08 12:00:00,20.657581779,101.958398953,1,0,0,12,12,5752,6295
compact51__current_roles,2019-08-08 13:00:00,18.0011043337,73.2484274611,0,0,0,12,12,3964,5223
compact51__current_roles,2019-08-08 14:00:00,20.418136429,83.6792732049,0,0,0,12,12,5638,5701
compact51__current_roles,2019-08-08 15:00:00,18.2380820178,68.3778091076,0,0,0,12,12,4141,4801
compact51__current_roles,2019-08-08 16:00:00,14.8743217018,61.1543851,0,0,0,12,12,1582,3827
compact51__current_roles,2019-08-08 17:00:00,15.9401031715,58.4721966572,0,0,0,13,13,2348,3273
compact51__current_roles,2019-08-08 18:00:00,20.1053329851,50.5892777352,0,0,0,12,12,5443,1434
compact51__current_roles,2019-08-08 19:00:00,25.198281707,85.9612571788,0,0,0,12,12,7535,5789
compact51__current_roles,2019-08-08 20:00:00,23.859864415,132.726603267,1,0,0,12,12,7164,6878
compact51__current_roles,2019-08-08 21:00:00,21.8288710127,86.2344727575,0,0,0,11,11,6320,5796
compact51__current_roles,2019-08-08 22:00:00,17.9986589378,55.5968584953,0,0,0,12,12,3962,2602
compact51__current_roles,2019-08-08 23:00:00,18.9909029016,44.4299774304,0,0,0,12,12,4715,458
compact51__current_roles,2019-08-09 00:00:00,16.4745968127,51.3249066252,0,0,0,12,12,2734,1590
compact51__current_roles,2019-08-09 01:00:00,17.2497239806,129.780233927,0,0,0,12,12,3345,6841
compact51__current_roles,2019-08-09 02:00:00,17.1327426709,112.755437026,0,0,0,12,12,3247,6526
compact51__current_roles,2019-08-09 03:00:00,19.0100704291,62.7633973844,0,0,0,12,12,4727,4115
compact51__current_roles,2019-08-09 04:00:00,26.6631610873,61.1885921203,0,0,0,12,12,7870,3840
compact51__current_roles,2019-08-09 05:00:00,26.9888575186,89.3346428256,0,0,0,12,12,7934,5887
compact51__current_roles,2019-08-09 06:00:00,23.695156762,149.594677428,0,0,0,12,12,7113,7078
compact51__current_roles,2019-08-09 07:00:00,16.9904320952,52.2979358649,0,0,0,12,12,3138,1800
compact51__current_roles,2019-08-09 08:00:00,17.8664080315,57.1101396176,0,0,0,12,12,3857,2962
compact51__current_roles,2019-08-09 09:00:00,16.9923244617,53.6893352844,0,0,0,12,12,3140,2128
compact51__current_roles,2019-08-09 10:00:00,18.6077307464,54.3718676136,0,0,0,12,12,4437,2290
compact51__current_roles,2019-08-09 11:00:00,16.9839222655,51.129180805,0,0,0,12,12,3131,1552
compact51__current_roles,2019-08-09 12:00:00,17.9222867567,62.7791642118,0,0,0,12,12,3904,4121
compact51__current_roles,2019-08-09 13:00:00,17.7229964375,52.9453379147,0,0,0,12,12,3744,1945
compact51__current_roles,2019-08-09 14:00:00,16.396829158,53.698027165,0,0,0,12,12,2659,2132
compact51__current_roles,2019-08-09 15:00:00,16.1015106326,58.3656715123,0,0,0,11,11,2446,3245
compact51__current_roles,2019-08-09 16:00:00,16.5094587148,54.1354503897,0,0,0,12,12,2758,2224
compact51__current_roles,2019-08-09 17:00:00,15.5135548209,52.3674603642,0,0,0,12,12,2011,1814
compact51__current_roles,2019-08-09 18:00:00,17.6504912373,52.0073873779,0,0,0,12,12,3682,1744
compact51__current_roles,2019-08-09 19:00:00,17.9989496815,49.6815049174,0,0,0,12,12,3963,1287
compact51__current_roles,2019-08-09 20:00:00,19.0816779702,51.1761915332,0,0,0,12,12,4773,1557
compact51__current_roles,2019-08-09 21:00:00,19.480526054,50.2774339926,0,0,0,12,12,5037,1383
compact51__current_roles,2019-08-09 22:00:00,16.5162207337,51.7317144024,0,0,0,12,12,2761,1691
compact51__current_roles,2019-08-09 23:00:00,22.6838526608,122.120267238,0,0,0,12,12,6733,6699
compact51__current_roles,2019-08-10 00:00:00,12.8072996185,46.5862203853,0,0,0,13,13,510,724
compact51__current_roles,2019-08-10 01:00:00,14.2283110032,62.0587799757,0,0,0,11,11,1128,4001
compact51__current_roles,2019-08-10 02:00:00,17.5924903691,63.5667157431,0,0,0,12,12,3643,4241
compact51__current_roles,2019-08-10 03:00:00,18.8443606401,62.6667127051,0,0,0,12,12,4610,4096
compact51__current_roles,2019-08-10 04:00:00,18.364762539,61.9476509911,0,0,0,12,12,4248,3981
compact51__current_roles,2019-08-10 05:00:00,18.085625911,63.6028675098,0,0,0,12,12,4028,4245
compact51__current_roles,2019-08-10 06:00:00,27.3171279584,70.8697920195,0,0,0,12,12,7976,5037
compact51__current_roles,2019-08-10 07:00:00,22.7194039314,66.3142510684,0,0,0,12,12,6750,4599
compact51__current_roles,2019-08-10 08:00:00,20.1201318969,68.4892592764,0,0,0,12,12,5458,4812
compact51__current_roles,2019-08-10 09:00:00,18.0301512437,67.5490041126,0,0,0,12,12,3989,4726
compact51__current_roles,2019-08-10 10:00:00,18.1610858286,80.4669031261,0,0,0,12,12,4075,5570
compact51__current_roles,2019-08-10 11:00:00,17.2605892089,73.697712368,0,0,0,12,12,3355,5259
compact51__current_roles,2019-08-10 12:00:00,16.5919225057,70.3788906557,0,0,0,12,12,2832,4995
compact51__current_roles,2019-08-10 13:00:00,15.8183900317,65.3105743579,0,0,0,12,12,2246,4484
compact51__current_roles,2019-08-10 14:00:00,15.9279149004,71.4730009003,0,0,0,12,12,2335,5091
compact51__current_roles,2019-08-10 15:00:00,18.1429190702,117.81140175,0,0,0,12,12,4062,6610
compact51__current_roles,2019-08-10 16:00:00,17.7849624386,131.593211178,0,0,0,12,12,3789,6860
compact51__current_roles,2019-08-10 17:00:00,18.9960548392,118.399610778,0,0,0,12,12,4718,6619
compact51__current_roles,2019-08-10 18:00:00,17.0331439192,63.9982300803,0,0,0,12,12,3171,4293
compact51__current_roles,2019-08-10 19:00:00,16.365894362,60.5671093037,0,0,0,12,12,2637,3705
compact51__current_roles,2019-08-10 20:00:00,17.7966229756,58.9855720975,0,0,0,12,12,3800,3380
compact51__current_roles,2019-08-10 21:00:00,19.1761966852,52.2669916059,0,0,0,12,12,4838,1790
compact51__current_roles,2019-08-10 22:00:00,18.2855428714,59.5351849275,0,0,0,12,12,4181,3497
compact51__current_roles,2019-08-10 23:00:00,17.0605494801,57.0983033049,0,0,0,12,12,3193,2955
compact51__current_roles,2019-08-11 00:00:00,14.1170911742,58.4469058401,0,0,0,12,12,1061,3266
compact51__current_roles,2019-08-11 01:00:00,15.5225963049,56.0892241182,0,0,0,12,12,2018,2718
compact51__current_roles,2019-08-11 02:00:00,17.526139297,68.8827683305,0,0,0,12,12,3584,4842
compact51__current_roles,2019-08-11 03:00:00,16.3370399112,53.352970691,0,0,0,12,12,2611,2054
compact51__current_roles,2019-08-11 04:00:00,15.5101428503,49.0065490505,0,0,0,12,12,2006,1146
compact51__current_roles,2019-08-11 05:00:00,14.0437537557,46.4001940038,0,0,0,12,12,1024,694
compact51__current_roles,2019-08-11 06:00:00,14.562655861,47.5685127582,0,0,0,12,12,1345,883
compact51__current_roles,2019-08-11 07:00:00,17.2966184589,46.4222088583,0,0,0,12,12,3390,701
compact51__current_roles,2019-08-11 08:00:00,16.1958270667,60.7274545102,0,0,0,12,12,2522,3739
compact51__current_roles,2019-08-11 09:00:00,18.3225842709,51.539383996,0,0,0,13,13,4208,1648
compact51__current_roles,2019-08-11 10:00:00,15.9436827079,66.919494759,0,0,0,12,12,2352,4658
compact51__current_roles,2019-08-11 11:00:00,16.2819759585,65.5185442,0,0,0,12,12,2581,4513
compact51__current_roles,2019-08-11 12:00:00,18.1436171144,65.9867042049,0,0,0,12,12,4063,4562
compact51__current_roles,2019-08-11 13:00:00,18.0909981768,68.512273858,0,0,0,12,12,4032,4813
compact51__current_roles,2019-08-11 14:00:00,14.3613178688,60.0056102819,0,0,0,12,12,1216,3590
compact51__current_roles,2019-08-11 15:00:00,13.3910442209,58.6824368994,0,0,0,12,12,726,3320
compact51__current_roles,2019-08-11 16:00:00,15.5344410248,56.0392042391,0,0,0,12,12,2026,2698
compact51__current_roles,2019-08-11 17:00:00,18.4912650555,54.1778113479,0,0,0,12,12,4355,2236
compact51__current_roles,2019-08-11 18:00:00,19.3123328939,58.8056923464,0,0,0,12,12,4919,3349
compact51__current_roles,2019-08-11 19:00:00,19.9287742464,67.6411869113,0,0,0,12,12,5330,4735
compact51__current_roles,2019-08-11 20:00:00,17.0900859505,58.9547910552,0,0,0,12,12,3218,3375
compact51__current_roles,2019-08-11 21:00:00,23.2948803255,61.6372194557,0,0,0,12,12,6981,3925
compact51__current_roles,2019-08-11 22:00:00,15.0030551479,54.3093323117,0,0,0,12,12,1660,2277
compact51__current_roles,2019-08-11 23:00:00,13.3332843463,57.8481935634,0,0,0,12,12,708,3149
compact51__current_roles,2019-08-12 00:00:00,14.7002622963,53.8264153515,0,0,0,12,12,1454,2157
compact51__current_roles,2019-08-12 01:00:00,16.7496036729,76.3389965063,0,0,0,12,12,2952,5401
compact51__current_roles,2019-08-12 02:00:00,19.6392873398,227.314932983,0,0,0,12,12,5145,7652
compact51__current_roles,2019-08-12 03:00:00,20.943772059,30105.2902324,0,0,0,12,12,5917,8749
compact51__current_roles,2019-08-12 04:00:00,27.3304652288,3159.15238434,0,0,0,12,12,7979,8674
compact51__current_roles,2019-08-12 05:00:00,32.7557372814,428.062237323,0,0,0,12,12,8533,8165
compact51__current_roles,2019-08-12 06:00:00,24.1204785149,120.581841585,0,0,0,12,12,7240,6666
compact51__current_roles,2019-08-12 07:00:00,19.0276213692,60.4972669179,0,0,0,12,12,4737,3688
compact51__current_roles,2019-08-12 08:00:00,17.0408849107,259.643236824,1,0,0,12,12,3177,7812
compact51__current_roles,2019-08-12 09:00:00,18.8732471062,142.54024754,1,0,0,12,12,4625,6992
compact51__current_roles,2019-08-12 10:00:00,15.154394726,70.8129065865,0,0,0,12,12,1755,5035
compact51__current_roles,2019-08-12 11:00:00,16.6289169511,70.0069939334,0,0,0,12,12,2863,4959
compact51__current_roles,2019-08-12 12:00:00,16.4921661988,76.7043081363,0,0,0,12,12,2746,5417
compact51__current_roles,2019-08-12 13:00:00,16.1732227433,191.494302831,1,0,0,12,12,2510,7434
compact51__current_roles,2019-08-12 14:00:00,14.0438188051,3424.71957469,0,0,0,12,12,1025,8680
compact51__current_roles,2019-08-12 15:00:00,15.0670860561,197.5953925,0,0,0,12,12,1696,7485
compact51__current_roles,2019-08-12 16:00:00,15.4586026149,73.7792790959,0,0,0,12,12,1972,5272
compact51__current_roles,2019-08-12 17:00:00,17.6931798851,94.9501988175,0,0,0,12,12,3714,6075
compact51__current_roles,2019-08-12 18:00:00,18.9001114043,85.3187891572,0,0,0,12,12,4648,5765
compact51__current_roles,2019-08-12 19:00:00,19.5616345678,116.265450187,1,0,0,12,12,5097,6581
compact51__current_roles,2019-08-12 20:00:00,19.5787042718,133.312371338,1,0,0,12,12,5109,6882
compact51__current_roles,2019-08-12 21:00:00,18.0920012869,145.482361077,1,0,0,12,12,4033,7028
compact51__current_roles,2019-08-12 22:00:00,15.1314520348,153.078922302,1,0,0,12,12,1733,7119
compact51__current_roles,2019-08-12 23:00:00,16.646636435,72.4787079806,0,0,0,12,12,2878,5169
compact51__current_roles,2019-08-13 00:00:00,19.0363039342,834.491966851,0,0,0,12,12,4746,8449
compact51__current_roles,2019-08-13 01:00:00,15.2673766212,286.69855375,1,0,0,12,12,1835,7903
compact51__current_roles,2019-08-13 02:00:00,17.0868766591,141.355844201,1,0,0,12,12,3213,6983
compact51__current_roles,2019-08-13 03:00:00,18.404649189,280.270844216,1,0,0,12,12,4292,7877
compact51__current_roles,2019-08-13 04:00:00,27.8708962427,274.740601498,1,0,0,12,12,8050,7851
compact51__current_roles,2019-08-13 05:00:00,24.5865745462,160.72168417,1,0,0,12,12,7370,7196
compact51__current_roles,2019-08-13 06:00:00,18.9472995721,142.557284322,1,0,0,12,12,4689,6994
compact51__current_roles,2019-08-13 07:00:00,18.4256950985,60.1650481528,0,0,0,12,12,4319,3621
compact51__current_roles,2019-08-13 08:00:00,19.9142358055,101.003735308,1,0,0,12,12,5320,6264
compact51__current_roles,2019-08-13 09:00:00,18.8102432469,117.395930326,1,0,0,12,12,4577,6599
compact51__current_roles,2019-08-13 10:00:00,19.1989505504,176.214128734,1,0,0,12,12,4853,7336
compact51__current_roles,2019-08-13 11:00:00,21.2835472953,1354.51026017,1,0,0,12,12,6084,8552
compact51__current_roles,2019-08-13 12:00:00,24.6549449688,4565.21596991,1,0,0,12,12,7389,8705
compact51__current_roles,2019-08-13 13:00:00,26.0575640191,136.655875787,0,0,0,12,12,7732,6920
compact51__current_roles,2019-08-13 14:00:00,21.9057484807,81.5034066109,0,0,0,12,12,6359,5625
compact51__current_roles,2019-08-13 15:00:00,23.1491572034,72.1423902439,0,0,0,12,12,6935,5142
compact51__current_roles,2019-08-13 16:00:00,24.2775154746,69.8048381004,0,0,0,12,12,7287,4937
compact51__current_roles,2019-08-13 17:00:00,26.2216404385,73.2217088155,0,0,0,12,12,7772,5220
compact51__current_roles,2019-08-13 18:00:00,27.3563062413,63.2623137005,0,0,0,12,12,7983,4200
compact51__current_roles,2019-08-13 19:00:00,26.8379034929,67.0196183383,0,0,0,12,12,7909,4670
compact51__current_roles,2019-08-13 20:00:00,27.8470340866,191.288481529,1,0,0,12,12,8048,7433
compact51__current_roles,2019-08-13 21:00:00,28.5486629915,137.508762058,1,0,0,12,12,8158,6933
compact51__current_roles,2019-08-13 22:00:00,21.6509714227,120.03521047,1,0,0,12,12,6242,6652
compact51__current_roles,2019-08-13 23:00:00,16.769059507,63.4383685432,0,0,0,12,12,2970,4221
compact51__current_roles,2019-08-14 00:00:00,17.7305570882,56.454811923,0,0,0,12,12,3751,2807
compact51__current_roles,2019-08-14 01:00:00,15.5545025333,54.110952103,0,0,0,12,12,2035,2219
compact51__current_roles,2019-08-14 02:00:00,16.2796098477,204.818565127,0,0,0,12,12,2579,7536
compact51__current_roles,2019-08-14 03:00:00,16.857632141,236.477258582,0,0,0,12,12,3029,7708
compact51__current_roles,2019-08-14 04:00:00,21.0803551207,103.680013414,0,0,0,12,12,5973,6340
compact51__current_roles,2019-08-14 05:00:00,22.2385374559,174.11240955,0,0,0,12,12,6529,7319
compact51__current_roles,2019-08-14 06:00:00,14.9718861182,54.1525525423,0,0,0,12,12,1643,2229
compact51__current_roles,2019-08-14 07:00:00,13.2944806798,57.7805339927,0,0,0,12,12,691,3128
compact51__current_roles,2019-08-14 08:00:00,14.3750445808,59.3324158658,0,0,0,12,12,1226,3463
compact51__current_roles,2019-08-14 09:00:00,17.5126888734,139.005148579,1,0,0,12,12,3571,6951
compact51__current_roles,2019-08-14 10:00:00,17.0903699815,348.579491191,1,0,0,11,11,3221,8062
compact51__current_roles,2019-08-14 11:00:00,18.2813174163,646.145627442,1,0,0,12,12,4176,8359
compact51__current_roles,2019-08-14 12:00:00,17.4197695102,239.654452113,1,0,0,12,12,3494,7721
compact51__current_roles,2019-08-14 13:00:00,16.6011308277,613.959693111,0,0,0,12,12,2839,8344
compact51__current_roles,2019-08-14 14:00:00,15.9891283731,5517.28852288,1,0,0,12,12,2372,8717
compact51__current_roles,2019-08-14 15:00:00,15.211110687,1067.95002228,0,0,0,12,12,1788,8507
compact51__current_roles,2019-08-14 16:00:00,17.287132258,463.932646509,1,0,0,12,11,3382,8203
compact51__current_roles,2019-08-14 17:00:00,17.7847077464,250.946335499,1,0,0,12,12,3787,7775
compact51__current_roles,2019-08-14 18:00:00,21.1662175145,195.253139512,1,0,0,12,12,6016,7465
compact51__current_roles,2019-08-14 19:00:00,19.1167953107,114.992625115,1,0,0,12,12,4792,6568
compact51__current_roles,2019-08-14 20:00:00,18.5893232354,129.427664218,1,0,0,13,12,4422,6836
compact51__current_roles,2019-08-14 21:00:00,21.2287866681,217.155013931,1,0,0,11,11,6046,7601
compact51__current_roles,2019-08-14 22:00:00,20.0776197595,290.579075474,1,0,0,12,12,5416,7914
compact51__current_roles,2019-08-14 23:00:00,21.9030643066,120.022909893,0,0,0,12,12,6357,6651
compact51__current_roles,2019-08-15 00:00:00,13.4686915719,126.425157905,1,0,0,11,11,760,6780
compact51__current_roles,2019-08-15 01:00:00,14.4396829823,196.796192804,1,0,0,12,12,1271,7479
compact51__current_roles,2019-08-15 02:00:00,15.2910542051,3926.57294839,0,0,0,12,12,1856,8692
compact51__current_roles,2019-08-15 03:00:00,14.1250078294,107.422365479,1,0,0,12,12,1067,6413
compact51__current_roles,2019-08-15 04:00:00,16.2998498396,137.182225793,1,0,0,12,12,2591,6928
compact51__current_roles,2019-08-15 05:00:00,18.1652907465,1505.3791416,1,0,0,12,12,4079,8575
compact51__current_roles,2019-08-15 06:00:00,16.7568349856,169.806885642,1,0,0,12,12,2960,7281
compact51__current_roles,2019-08-15 07:00:00,17.2791722712,160.972368839,1,0,0,13,13,3372,7201
compact51__current_roles,2019-08-15 08:00:00,18.1040691842,193.615898012,1,0,0,12,12,4039,7452
compact51__current_roles,2019-08-15 09:00:00,18.8047530175,821.693864486,1,0,0,12,12,4570,8442
compact51__current_roles,2019-08-15 10:00:00,18.5522962015,492.671077233,0,0,0,12,12,4400,8242
compact51__current_roles,2019-08-15 11:00:00,18.6803654101,517.336226794,0,0,0,12,12,4484,8271
compact51__current_roles,2019-08-15 12:00:00,19.4103183573,209.822098585,1,0,0,12,12,4984,7562
compact51__current_roles,2019-08-15 13:00:00,21.3456747128,874.637011193,1,0,0,12,12,6116,8463
compact51__current_roles,2019-08-15 14:00:00,17.784710053,1386.68017801,1,0,0,12,12,3788,8559
compact51__current_roles,2019-08-15 15:00:00,20.7771295525,587.640283444,1,0,0,12,12,5824,8327
compact51__current_roles,2019-08-15 16:00:00,20.1783558986,305.812375264,1,0,0,12,12,5487,7952
compact51__current_roles,2019-08-15 17:00:00,19.6867774276,161.280567584,1,0,0,12,12,5173,7203
compact51__current_roles,2019-08-15 18:00:00,19.7420148717,164.198001383,1,0,0,12,12,5208,7234
compact51__current_roles,2019-08-15 19:00:00,20.6849732684,172.026602427,1,0,0,13,11,5771,7298
compact51__current_roles,2019-08-15 20:00:00,23.8664254164,253.224212956,1,0,0,12,12,7167,7782
compact51__current_roles,2019-08-15 21:00:00,22.948538397,275.372223463,1,0,0,12,12,6853,7854
compact51__current_roles,2019-08-15 22:00:00,16.445898365,171.620026123,1,0,0,12,12,2707,7295
compact51__current_roles,2019-08-15 23:00:00,21.2361180687,57.6232387356,0,0,0,12,12,6055,3089
compact51__current_roles,2019-08-16 00:00:00,15.8664919536,190.775490042,0,0,0,12,12,2285,7428
compact51__current_roles,2019-08-16 01:00:00,13.5198310322,822.328572778,0,0,0,12,12,780,8443
compact51__current_roles,2019-08-16 02:00:00,14.3579274264,379.737009851,0,0,0,12,12,1215,8111
compact51__current_roles,2019-08-16 03:00:00,14.2361202297,902.723792633,1,0,0,12,12,1134,8470
compact51__current_roles,2019-08-16 04:00:00,19.2716555546,317.805607763,1,0,0,12,12,4896,7985
compact51__current_roles,2019-08-16 05:00:00,21.8220386301,447.767872444,1,0,0,12,12,6314,8187
compact51__current_roles,2019-08-16 06:00:00,15.6719369058,257.29114289,1,0,0,13,12,2120,7801
compact51__current_roles,2019-08-16 07:00:00,16.6493896724,163.166278102,1,0,0,14,14,2883,7219
compact51__current_roles,2019-08-16 08:00:00,16.8806934554,180.875522304,1,0,0,10,10,3053,7367
compact51__current_roles,2019-08-16 09:00:00,18.2234445103,430.16596969,1,0,0,12,12,4130,8168
compact51__current_roles,2019-08-16 10:00:00,18.4087642289,507.352565235,1,0,0,12,12,4296,8258
compact51__current_roles,2019-08-16 11:00:00,17.0123416877,1258.97828167,0,0,0,12,12,3154,8543
compact51__current_roles,2019-08-16 12:00:00,17.5776426391,7428.41868647,1,0,0,12,12,3629,8730
compact51__current_roles,2019-08-16 13:00:00,15.3911081333,443.699637495,1,0,0,12,12,1917,8184
compact51__current_roles,2019-08-16 14:00:00,16.7734249129,243.594881489,0,0,0,12,12,2972,7740
compact51__current_roles,2019-08-16 15:00:00,22.1281579951,439.77390547,1,0,0,12,12,6473,8180
compact51__current_roles,2019-08-16 16:00:00,22.0562058662,191.696957805,1,0,0,12,12,6434,7437
compact51__current_roles,2019-08-16 17:00:00,23.1246359116,272.811458311,1,0,0,12,12,6932,7847
compact51__current_roles,2019-08-16 18:00:00,19.7643137136,136.71785862,1,0,0,12,12,5224,6922
compact51__current_roles,2019-08-16 19:00:00,20.2700255012,174.634908883,1,0,0,12,12,5538,7324
compact51__current_roles,2019-08-16 20:00:00,18.7748686752,154.913566279,1,0,0,12,12,4546,7145
compact51__current_roles,2019-08-16 21:00:00,18.288992042,219.726187053,1,0,0,12,12,4183,7613
compact51__current_roles,2019-08-16 22:00:00,15.7448802926,315.830380183,1,0,0,12,12,2187,7977
compact51__current_roles,2019-08-16 23:00:00,18.908407752,251.646609174,1,0,0,12,12,4653,7776
compact51__current_roles,2019-08-17 00:00:00,12.4463924672,267.935587131,1,0,0,12,12,388,7835
compact51__current_roles,2019-08-17 01:00:00,12.3756397762,79.4191173822,0,0,0,12,12,358,5529
compact51__current_roles,2019-08-17 02:00:00,12.5345194966,56.9572941122,0,0,0,12,12,420,2920
compact51__current_roles,2019-08-17 03:00:00,15.1233139763,59.0449408217,0,0,0,12,12,1726,3393
compact51__current_roles,2019-08-17 04:00:00,15.0858023453,47.1979467696,0,0,0,12,12,1708,820
compact51__current_roles,2019-08-17 05:00:00,14.5714698993,48.8857627937,0,0,0,12,12,1350,1122
compact51__current_roles,2019-08-17 06:00:00,16.9854784667,55.0733189245,0,0,0,12,12,3134,2473
compact51__current_roles,2019-08-17 07:00:00,22.499681143,58.4643036808,0,0,0,12,12,6650,3269
compact51__current_roles,2019-08-17 08:00:00,17.2035150756,60.8054232817,0,0,0,12,12,3302,3753
compact51__current_roles,2019-08-17 09:00:00,15.1414487327,61.5389359619,0,0,0,12,12,1746,3903
compact51__current_roles,2019-08-17 10:00:00,13.2077016506,60.3706429809,0,0,0,12,12,646,3660
compact51__current_roles,2019-08-17 11:00:00,14.5863375943,61.3307548525,0,0,0,12,12,1360,3865
compact51__current_roles,2019-08-17 12:00:00,15.8333483572,57.3875522379,0,0,0,12,12,2259,3036
compact51__current_roles,2019-08-17 13:00:00,17.5953001377,53.828009411,0,0,0,11,11,3645,2158
compact51__current_roles,2019-08-17 14:00:00,16.531663054,62.0138315615,0,0,0,12,12,2773,3989
compact51__current_roles,2019-08-17 15:00:00,14.6379975809,54.9672830556,0,0,0,12,12,1404,2447
compact51__current_roles,2019-08-17 16:00:00,15.9206859761,53.4768785708,0,0,0,12,12,2329,2073
compact51__current_roles,2019-08-17 17:00:00,16.0889914625,52.0316752373,0,0,0,12,12,2433,1753
compact51__current_roles,2019-08-17 18:00:00,17.4522630521,55.8836510731,0,0,0,12,12,3522,2668
compact51__current_roles,2019-08-17 19:00:00,18.428458889,91.3785713615,0,0,0,12,12,4322,5947
compact51__current_roles,2019-08-17 20:00:00,17.3635073752,84.7453218306,0,0,0,12,12,3451,5740
compact51__current_roles,2019-08-17 21:00:00,15.2181178863,56.0762952459,0,0,0,13,13,1796,2712
compact51__current_roles,2019-08-17 22:00:00,14.807918528,111.205386752,1,0,0,12,12,1519,6490
compact51__current_roles,2019-08-17 23:00:00,11.7859459978,51.5752906103,0,0,0,12,12,204,1655
compact51__current_roles,2019-08-18 00:00:00,13.6337539964,53.9141800899,0,0,0,13,12,837,2174
compact51__current_roles,2019-08-18 01:00:00,12.6591840256,48.3099636888,0,0,0,12,12,454,1018
compact51__current_roles,2019-08-18 02:00:00,15.894483662,47.7412649419,0,0,0,12,12,2310,913
compact51__current_roles,2019-08-18 03:00:00,18.3561968456,48.8254618724,0,0,0,12,12,4236,1112
compact51__current_roles,2019-08-18 04:00:00,19.9199677952,48.0013030659,0,0,0,12,12,5324,961
compact51__current_roles,2019-08-18 05:00:00,15.8560213152,46.6032394765,0,0,0,12,12,2274,728
compact51__current_roles,2019-08-18 06:00:00,17.2610577997,57.1744890289,0,0,0,12,12,3356,2981
compact51__current_roles,2019-08-18 07:00:00,17.257326225,53.2247485832,0,0,0,12,12,3353,2014
compact51__current_roles,2019-08-18 08:00:00,20.277306291,53.4914914003,0,0,0,12,12,5547,2078
compact51__current_roles,2019-08-18 09:00:00,17.080729524,57.742674599,0,0,0,12,12,3209,3122
compact51__current_roles,2019-08-18 10:00:00,16.0845230388,64.5240142265,0,0,0,14,14,2429,4377
compact51__current_roles,2019-08-18 11:00:00,15.6860619932,60.0573539623,0,0,0,11,11,2131,3601
compact51__current_roles,2019-08-18 12:00:00,15.5679673192,67.1459321737,0,0,0,11,11,2045,4685
compact51__current_roles,2019-08-18 13:00:00,18.3446202157,67.7965004957,0,0,0,12,12,4227,4750
compact51__current_roles,2019-08-18 14:00:00,17.3031251068,65.9921781922,0,0,0,12,12,3402,4564
compact51__current_roles,2019-08-18 15:00:00,20.9705596155,66.4405448239,0,0,0,12,12,5927,4614
compact51__current_roles,2019-08-18 16:00:00,22.4591273491,70.1136172715,0,0,0,12,12,6623,4972
compact51__current_roles,2019-08-18 17:00:00,28.5436013086,195.405950596,1,0,0,12,12,8157,7466
compact51__current_roles,2019-08-18 18:00:00,26.2662010789,287.30814935,1,0,0,12,12,7784,7905
compact51__current_roles,2019-08-18 19:00:00,22.445907451,178.63812179,1,0,0,12,12,6612,7351
compact51__current_roles,2019-08-18 20:00:00,22.6201064891,234.264397763,1,0,0,12,12,6698,7687
compact51__current_roles,2019-08-18 21:00:00,17.7571300264,235.808402899,1,0,0,12,12,3768,7702
compact51__current_roles,2019-08-18 22:00:00,16.2002243067,192.991224213,1,0,0,12,12,2525,7450
compact51__current_roles,2019-08-18 23:00:00,17.2538070753,16507.1444308,0,0,0,12,12,3351,8742
compact51__current_roles,2019-08-19 00:00:00,11.8987242272,41.5850207428,0,0,0,12,12,230,212
compact51__current_roles,2019-08-19 01:00:00,15.9974723094,80.4584207245,0,0,0,12,12,2377,5569
compact51__current_roles,2019-08-19 02:00:00,15.0615689277,98.9066892195,0,0,0,12,12,1690,6192
compact51__current_roles,2019-08-19 03:00:00,15.6379867435,64.2827091878,0,0,0,12,12,2102,4342
compact51__current_roles,2019-08-19 04:00:00,14.9824938873,42.7109205403,0,0,0,12,12,1646,295
compact51__current_roles,2019-08-19 05:00:00,21.1813750595,125.552669935,1,0,0,12,12,6026,6762
compact51__current_roles,2019-08-19 06:00:00,15.0218272724,1108.16777218,1,0,0,12,12,1666,8518
compact51__current_roles,2019-08-19 07:00:00,19.6731012528,91.4847638235,0,0,0,12,12,5161,5952
compact51__current_roles,2019-08-19 08:00:00,18.7192617685,84.2823701531,0,0,0,12,12,4506,5721
compact51__current_roles,2019-08-19 09:00:00,18.2507238196,105.15011823,1,0,0,12,12,4153,6374
compact51__current_roles,2019-08-19 10:00:00,16.75662521,105.681449243,1,0,0,12,12,2959,6382
compact51__current_roles,2019-08-19 11:00:00,16.7847517315,113.78862109,1,0,0,12,12,2980,6543
compact51__current_roles,2019-08-19 12:00:00,19.4442477908,147.058921445,1,0,0,12,12,5011,7050
compact51__current_roles,2019-08-19 13:00:00,20.046692576,103.596015917,1,0,0,12,12,5402,6335
compact51__current_roles,2019-08-19 14:00:00,21.2484391931,94.1887399618,0,0,0,12,12,6062,6049
compact51__current_roles,2019-08-19 15:00:00,28.9002368382,220.471289097,1,0,0,12,12,8203,7617
compact51__current_roles,2019-08-19 16:00:00,37.8910538606,1072.4123692,0,0,0,12,12,8694,8508
compact51__current_roles,2019-08-19 17:00:00,29.3778782668,163.637273465,0,0,0,12,12,8275,7229
compact51__current_roles,2019-08-19 18:00:00,29.9016185802,102.2661279,0,0,0,12,12,8334,6301
compact51__current_roles,2019-08-19 19:00:00,25.5690115954,1105.05532145,1,0,0,12,12,7619,8516
compact51__current_roles,2019-08-19 20:00:00,22.0263894008,280.039033999,1,0,0,12,12,6421,7875
compact51__current_roles,2019-08-19 21:00:00,26.6021575029,2260.24748312,1,0,0,12,12,7854,8637
compact51__current_roles,2019-08-19 22:00:00,25.2343128433,230.10372615,1,0,0,12,12,7544,7668
compact51__current_roles,2019-08-19 23:00:00,17.5206406625,219.091165368,0,0,0,12,12,3577,7611
compact51__current_roles,2019-08-20 00:00:00,15.2349935458,51.6651065841,0,0,0,12,12,1805,1676
compact51__current_roles,2019-08-20 01:00:00,12.7641019582,53.0569996278,0,0,0,12,12,493,1979
compact51__current_roles,2019-08-20 02:00:00,16.1299096372,99.6796021593,0,0,0,12,12,2472,6220
compact51__current_roles,2019-08-20 03:00:00,16.6160710662,169.206872016,1,0,0,12,12,2850,7273
compact51__current_roles,2019-08-20 04:00:00,14.8291085596,81.074603128,0,0,0,14,12,1540,5607
compact51__current_roles,2019-08-20 05:00:00,16.5526866963,57.9903350519,0,0,0,12,12,2792,3175
compact51__current_roles,2019-08-20 06:00:00,12.2883063246,84.5637186132,0,0,0,12,12,338,5736
compact51__current_roles,2019-08-20 07:00:00,14.2894534598,70.3866160789,0,0,0,12,12,1170,4996
compact51__current_roles,2019-08-20 08:00:00,18.6851184641,85.1691721071,0,0,0,11,10,4487,5756
compact51__current_roles,2019-08-20 09:00:00,17.882959257,108.457845212,1,0,0,12,12,3870,6437
compact51__current_roles,2019-08-20 10:00:00,16.8157736188,139.780686868,1,0,0,13,12,2999,6962
compact51__current_roles,2019-08-20 11:00:00,20.0067094198,574.336999461,1,0,0,12,12,5376,8318
compact51__current_roles,2019-08-20 12:00:00,20.9117760568,1751.22438452,0,0,0,12,12,5896,8595
compact51__current_roles,2019-08-20 13:00:00,19.4732832493,243.729688304,0,0,0,12,12,5033,7741
compact51__current_roles,2019-08-20 14:00:00,19.1243125304,68.6235424089,0,0,0,12,12,4797,4823
compact51__current_roles,2019-08-20 15:00:00,24.43232809,421.429730881,0,0,0,12,12,7332,8156
compact51__current_roles,2019-08-20 16:00:00,23.7578180065,295.62686827,0,0,0,12,12,7134,7923
compact51__current_roles,2019-08-20 17:00:00,25.5549179568,183.340788468,0,0,0,12,12,7616,7383
compact51__current_roles,2019-08-20 18:00:00,32.3069969267,135.660042957,0,0,0,12,12,8505,6910
compact51__current_roles,2019-08-20 19:00:00,31.7107379513,588.740369518,0,0,0,12,12,8471,8328
compact51__current_roles,2019-08-20 20:00:00,34.2041010893,547.071937459,0,0,0,12,12,8589,8292
compact51__current_roles,2019-08-20 21:00:00,31.9368004056,1926.97159246,1,0,0,12,12,8489,8613
compact51__current_roles,2019-08-20 22:00:00,24.6320575547,828.51894512,1,0,0,12,12,7383,8444
compact51__current_roles,2019-08-20 23:00:00,17.7189592112,40146.2498725,0,0,0,12,12,3742,8752
compact51__current_roles,2019-08-21 00:00:00,12.4754345121,95.8504130486,0,0,0,12,12,394,6113
compact51__current_roles,2019-08-21 01:00:00,12.1868259639,49.2532037758,0,0,0,12,12,304,1190
compact51__current_roles,2019-08-21 02:00:00,13.7755920675,103.105139557,1,0,0,12,12,899,6321
compact51__current_roles,2019-08-21 03:00:00,14.5428859931,85.0201147752,0,0,0,12,12,1329,5748
compact51__current_roles,2019-08-21 04:00:00,16.4247597684,265.482591153,1,0,0,12,12,2689,7825
compact51__current_roles,2019-08-21 05:00:00,16.6318194358,255.34326139,1,0,0,12,12,2865,7792
compact51__current_roles,2019-08-21 06:00:00,13.6649270274,61.7578125449,0,0,0,12,12,852,3950
compact51__current_roles,2019-08-21 07:00:00,15.8322583493,71.6396238637,0,0,0,12,12,2257,5098
compact51__current_roles,2019-08-21 08:00:00,18.0607940158,106.224269693,1,0,0,12,12,4010,6393
compact51__current_roles,2019-08-21 09:00:00,17.955466939,62.7335872348,0,0,0,12,12,3932,4111
compact51__current_roles,2019-08-21 10:00:00,16.8071493727,74.2192774875,0,0,0,12,12,2992,5295
compact51__current_roles,2019-08-21 11:00:00,17.6361822255,128.115496806,1,0,0,12,12,3670,6813
compact51__current_roles,2019-08-21 12:00:00,21.2106648805,425.028253709,1,0,0,12,12,6038,8160
compact51__current_roles,2019-08-21 13:00:00,23.6282120222,865.241310947,1,0,0,12,12,7085,8459
compact51__current_roles,2019-08-21 14:00:00,27.6850362483,151.162082551,0,0,0,12,12,8021,7099
compact51__current_roles,2019-08-21 15:00:00,36.7315216642,102.046744002,0,0,0,12,12,8665,6297
compact51__current_roles,2019-08-21 16:00:00,32.6043966398,224.257215055,0,0,0,12,12,8521,7638
compact51__current_roles,2019-08-21 17:00:00,32.5600377234,122.48426512,0,0,0,12,12,8518,6710
compact51__current_roles,2019-08-21 18:00:00,33.701779093,138.41050526,0,0,0,12,12,8565,6942
compact51__current_roles,2019-08-21 19:00:00,32.8386143486,114.375904105,0,0,0,12,12,8537,6554
compact51__current_roles,2019-08-21 20:00:00,25.9325945118,236.618293102,0,0,0,12,12,7706,7711
compact51__current_roles,2019-08-21 21:00:00,25.8232076525,500.036502275,0,0,0,12,12,7685,8250
compact51__current_roles,2019-08-21 22:00:00,19.4899251449,554.401277116,1,0,0,12,12,5044,8296
compact51__current_roles,2019-08-21 23:00:00,15.3456665983,59.1765974038,0,0,0,12,12,1890,3422
compact51__current_roles,2019-08-22 00:00:00,16.1657075951,77.8164856414,0,0,0,12,12,2502,5465
compact51__current_roles,2019-08-22 01:00:00,14.313280487,44.7268661795,0,0,0,12,12,1188,492
compact51__current_roles,2019-08-22 02:00:00,12.1372457718,45.6640954068,0,0,0,12,12,288,595
compact51__current_roles,2019-08-22 03:00:00,11.8842200941,78.0967074449,0,0,0,12,12,223,5482
compact51__current_roles,2019-08-22 04:00:00,18.3919862309,92.8209907354,0,0,0,12,12,4280,5997
compact51__current_roles,2019-08-22 05:00:00,20.9240814292,131.32681003,0,0,0,12,12,5904,6859
compact51__current_roles,2019-08-22 06:00:00,17.299893115,60.9806332185,0,0,0,12,12,3395,3793
compact51__current_roles,2019-08-22 07:00:00,14.6475077637,55.3942162784,0,0,0,12,12,1411,2553
compact51__current_roles,2019-08-22 08:00:00,14.2427622713,55.4633875712,0,0,0,12,12,1143,2576
compact51__current_roles,2019-08-22 09:00:00,17.2034464675,57.7898836684,0,0,0,12,12,3301,3132
compact51__current_roles,2019-08-22 10:00:00,17.9915259503,60.9767522236,0,0,0,12,12,3959,3792
compact51__current_roles,2019-08-22 11:00:00,16.7862236016,61.9201871635,0,0,0,12,12,2981,3978
compact51__current_roles,2019-08-22 12:00:00,17.297162633,61.3458491419,0,0,0,12,12,3391,3869
compact51__current_roles,2019-08-22 13:00:00,17.2951333729,57.8108990618,0,0,0,12,12,3389,3139
compact51__current_roles,2019-08-22 14:00:00,18.4452303467,56.3879529061,0,0,0,12,12,4328,2793
compact51__current_roles,2019-08-22 15:00:00,22.5448668349,52.6763892661,0,0,0,12,12,6673,1889
compact51__current_roles,2019-08-22 16:00:00,21.042002546,51.4093284859,0,0,0,12,12,5959,1613
compact51__current_roles,2019-08-22 17:00:00,22.2982709425,51.4321372456,0,0,0,12,12,6553,1616
compact51__current_roles,2019-08-22 18:00:00,22.9128363183,45.5494742541,0,0,0,12,12,6836,583
compact51__current_roles,2019-08-22 19:00:00,21.7342904509,47.7063285454,0,0,0,12,12,6284,908
compact51__current_roles,2019-08-22 20:00:00,24.8981949063,48.9574342417,0,0,0,14,13,7453,1139
compact51__current_roles,2019-08-22 21:00:00,22.2095409898,48.1042998001,0,0,0,11,11,6510,984
compact51__current_roles,2019-08-22 22:00:00,21.0759462811,55.1986297916,0,0,0,12,12,5968,2503
compact51__current_roles,2019-08-22 23:00:00,22.4775614734,88.8303257425,0,0,0,12,12,6635,5865
compact51__current_roles,2019-08-23 00:00:00,12.258497606,55.5843897556,0,0,0,12,12,329,2598
compact51__current_roles,2019-08-23 01:00:00,16.5453029231,94.0912169154,0,0,0,12,12,2788,6046
compact51__current_roles,2019-08-23 02:00:00,20.5416759362,280.102069511,0,0,0,12,12,5694,7876
compact51__current_roles,2019-08-23 03:00:00,17.7081596244,76.8566613032,0,0,0,12,12,3727,5425
compact51__current_roles,2019-08-23 04:00:00,25.454921584,63.5474057183,0,0,0,12,12,7593,4237
compact51__current_roles,2019-08-23 05:00:00,27.2580103696,85.8418885007,0,0,0,12,12,7967,5782
compact51__current_roles,2019-08-23 06:00:00,18.1382660643,94.7968983884,0,0,0,12,12,4059,6072
compact51__current_roles,2019-08-23 07:00:00,14.654432341,54.9209636524,0,0,0,12,12,1419,2436
compact51__current_roles,2019-08-23 08:00:00,14.9370287817,57.7418157127,0,0,0,12,12,1625,3121
compact51__current_roles,2019-08-23 09:00:00,13.5930740669,58.7364033828,0,0,0,12,12,813,3340
compact51__current_roles,2019-08-23 10:00:00,13.6499617718,60.5656380743,0,0,0,12,12,842,3704
compact51__current_roles,2019-08-23 11:00:00,14.1890814472,60.8464287952,0,0,0,12,12,1105,3762
compact51__current_roles,2019-08-23 12:00:00,16.6964726767,63.4029816831,0,0,0,12,12,2921,4217
compact51__current_roles,2019-08-23 13:00:00,13.627670165,59.6343412913,0,0,0,12,12,831,3513
compact51__current_roles,2019-08-23 14:00:00,13.3916301006,57.1858657652,0,0,0,12,12,728,2987
compact51__current_roles,2019-08-23 15:00:00,14.7856853439,54.8677496915,0,0,0,12,12,1504,2423
compact51__current_roles,2019-08-23 16:00:00,15.6954465603,59.4959194815,0,0,0,12,12,2137,3491
compact51__current_roles,2019-08-23 17:00:00,14.099207637,48.3125905556,0,0,0,12,12,1049,1020
compact51__current_roles,2019-08-23 18:00:00,16.6482110008,50.6271877601,0,0,0,12,12,2881,1444
compact51__current_roles,2019-08-23 19:00:00,17.9218326904,58.5915064356,0,0,0,12,12,3903,3303
compact51__current_roles,2019-08-23 20:00:00,14.7023954701,53.8090359704,0,0,0,12,12,1456,2154
compact51__current_roles,2019-08-23 21:00:00,14.1468129918,54.4158136925,0,0,0,12,12,1077,2302
compact51__current_roles,2019-08-23 22:00:00,14.5796293025,58.3852745725,0,0,0,12,12,1356,3250
compact51__current_roles,2019-08-23 23:00:00,27.1452865355,1496.46267269,1,0,0,12,12,7953,8574
compact51__current_roles,2019-08-24 00:00:00,15.4564929147,285.836891868,0,0,0,13,12,1971,7899
compact51__current_roles,2019-08-24 01:00:00,17.3588519867,613.55259233,1,0,0,12,12,3446,8343
compact51__current_roles,2019-08-24 02:00:00,19.72438504,374.862129338,1,0,0,12,12,5196,8105
compact51__current_roles,2019-08-24 03:00:00,21.163597706,638.977279697,1,0,0,12,12,6015,8356
compact51__current_roles,2019-08-24 04:00:00,21.3661220929,666.972394116,1,0,0,12,12,6121,8376
compact51__current_roles,2019-08-24 05:00:00,25.1660668635,438.20562345,1,0,0,12,12,7530,8178
compact51__current_roles,2019-08-24 06:00:00,32.7063906109,2950.72534696,0,0,0,12,12,8528,8665
compact51__current_roles,2019-08-24 07:00:00,27.183119154,416.846616607,0,0,0,12,12,7959,8154
compact51__current_roles,2019-08-24 08:00:00,21.7505984932,484.281634588,0,0,0,12,12,6286,8228
compact51__current_roles,2019-08-24 09:00:00,21.9377718597,217.278631573,0,0,0,12,12,6382,7603
compact51__current_roles,2019-08-24 10:00:00,19.9805803485,111.473153763,0,0,0,12,12,5360,6495
compact51__current_roles,2019-08-24 11:00:00,18.8161891623,65.5389783831,0,0,0,12,12,4586,4515
compact51__current_roles,2019-08-24 12:00:00,20.9533505701,61.0991512984,0,0,0,12,12,5918,3815
compact51__current_roles,2019-08-24 13:00:00,17.0104479688,65.54485859,0,0,0,12,12,3152,4518
compact51__current_roles,2019-08-24 14:00:00,15.7704316441,58.3345203545,0,0,0,12,12,2205,3240
compact51__current_roles,2019-08-24 15:00:00,16.4620617245,60.9367672417,0,0,0,12,12,2723,3784
compact51__current_roles,2019-08-24 16:00:00,16.7326456412,60.9167835807,0,0,0,12,12,2938,3778
compact51__current_roles,2019-08-24 17:00:00,17.5531206576,62.4523606775,0,0,0,12,12,3611,4062
compact51__current_roles,2019-08-24 18:00:00,16.770589529,55.4129143231,0,0,0,12,12,2971,2560
compact51__current_roles,2019-08-24 19:00:00,18.1451500521,57.12382414,0,0,0,12,12,4066,2965
compact51__current_roles,2019-08-24 20:00:00,19.238454682,80.2329775674,0,0,0,12,12,4876,5565
compact51__current_roles,2019-08-24 21:00:00,22.5274501626,79.3849452204,0,0,0,12,12,6662,5527
compact51__current_roles,2019-08-24 22:00:00,16.6792771624,56.4312876249,0,0,0,12,12,2906,2802
compact51__current_roles,2019-08-24 23:00:00,21.6119377332,63.2588744893,0,0,0,12,12,6231,4199
compact51__current_roles,2019-08-25 00:00:00,20.7510737404,234.152160553,0,0,0,12,12,5803,7686
compact51__current_roles,2019-08-25 01:00:00,17.1813758933,62.4270289971,0,0,0,12,12,3289,4056
compact51__current_roles,2019-08-25 02:00:00,17.8207352852,61.5998859789,0,0,0,12,12,3817,3914
compact51__current_roles,2019-08-25 03:00:00,15.4318733029,57.6779744487,0,0,0,12,12,1959,3103
compact51__current_roles,2019-08-25 04:00:00,18.1976843882,55.2883773012,0,0,0,12,12,4099,2534
compact51__current_roles,2019-08-25 05:00:00,16.8651509797,53.5838598464,0,0,0,12,12,3037,2106
compact51__current_roles,2019-08-25 06:00:00,16.9763491972,58.8432154078,0,0,0,12,12,3126,3357
compact51__current_roles,2019-08-25 07:00:00,22.9623951511,61.7268379801,0,0,0,13,13,6864,3944
compact51__current_roles,2019-08-25 08:00:00,17.7851234591,66.8846087902,0,0,0,12,12,3790,4652
compact51__current_roles,2019-08-25 09:00:00,17.6616591603,70.6217994189,0,0,0,12,12,3692,5019
compact51__current_roles,2019-08-25 10:00:00,22.0356918814,72.0909320721,0,0,0,12,12,6425,5137
compact51__current_roles,2019-08-25 11:00:00,17.8597071585,66.905455354,0,0,0,12,12,3853,4654
compact51__current_roles,2019-08-25 12:00:00,17.0780853483,73.1781386038,0,0,0,12,12,3205,5215
compact51__current_roles,2019-08-25 13:00:00,16.7354361418,68.9471836324,0,0,0,12,12,2941,4852
compact51__current_roles,2019-08-25 14:00:00,17.4063903474,68.6817621617,0,0,0,12,12,3482,4828
compact51__current_roles,2019-08-25 15:00:00,15.4561449919,60.3447426706,0,0,0,12,12,1970,3654
compact51__current_roles,2019-08-25 16:00:00,23.2545711002,70.5372418577,0,0,0,12,12,6971,5007
compact51__current_roles,2019-08-25 17:00:00,19.6926046859,92.2828400252,0,0,0,12,12,5176,5979
compact51__current_roles,2019-08-25 18:00:00,17.4942045251,58.1253395694,0,0,0,12,12,3558,3202
compact51__current_roles,2019-08-25 19:00:00,16.5880812951,56.7147713277,0,0,0,12,12,2828,2864
compact51__current_roles,2019-08-25 20:00:00,19.4372193238,61.8469950761,0,0,0,12,12,5000,3966
compact51__current_roles,2019-08-25 21:00:00,15.9279877972,56.3520548808,0,0,0,12,12,2337,2786
compact51__current_roles,2019-08-25 22:00:00,18.2498223352,45.8506643533,0,0,0,12,12,4152,620
compact51__current_roles,2019-08-25 23:00:00,20.2096358951,58.7015723104,0,0,0,12,12,5509,3327
compact51__current_roles,2019-08-26 00:00:00,14.4021809426,54.2728420859,0,0,0,12,12,1246,2262
compact51__current_roles,2019-08-26 01:00:00,14.2947529662,61.9903569614,0,0,0,12,12,1176,3987
compact51__current_roles,2019-08-26 02:00:00,21.9454986584,207.460684255,0,0,0,12,12,6384,7548
compact51__current_roles,2019-08-26 03:00:00,21.9319871393,175.41589884,0,0,0,12,12,6377,7328
compact51__current_roles,2019-08-26 04:00:00,27.6485246632,109.811222223,0,0,0,12,12,8018,6461
compact51__current_roles,2019-08-26 05:00:00,31.8947383577,68.5545525664,0,0,0,12,12,8483,4818
compact51__current_roles,2019-08-26 06:00:00,29.7257325209,62.110629662,0,0,0,12,12,8316,4007
compact51__current_roles,2019-08-26 07:00:00,20.8494894916,55.4150931018,0,0,0,12,12,5870,2563
compact51__current_roles,2019-08-26 08:00:00,17.2434939479,63.37946031,0,0,0,12,12,3338,4214
compact51__current_roles,2019-08-26 09:00:00,20.3022717734,178.303243394,1,0,0,12,12,5560,7350
compact51__current_roles,2019-08-26 10:00:00,20.4917502565,73.9408282429,0,0,0,12,12,5668,5281
compact51__current_roles,2019-08-26 11:00:00,19.1034568265,173.20474627,0,0,0,12,12,4785,7310
compact51__current_roles,2019-08-26 12:00:00,17.3514228036,369.53008673,1,0,0,12,12,3439,8101
compact51__current_roles,2019-08-26 13:00:00,16.5678894908,241.9695793,1,0,0,12,12,2806,7731
compact51__current_roles,2019-08-26 14:00:00,17.1526145455,217.276085383,1,0,0,12,12,3260,7602
compact51__current_roles,2019-08-26 15:00:00,17.9247738329,167.041742613,1,0,0,12,12,3906,7258
compact51__current_roles,2019-08-26 16:00:00,14.985838215,91.3126450586,0,0,0,12,12,1649,5945
compact51__current_roles,2019-08-26 17:00:00,15.1909558745,257.082038826,1,0,0,12,12,1775,7799
compact51__current_roles,2019-08-26 18:00:00,17.941674928,193.481007643,1,0,0,12,12,3920,7451
compact51__current_roles,2019-08-26 19:00:00,16.2991017536,174.286246616,1,0,0,12,12,2590,7320
compact51__current_roles,2019-08-26 20:00:00,14.9646547457,106.231756518,1,0,0,12,12,1637,6395
compact51__current_roles,2019-08-26 21:00:00,15.5260459683,54.1365631533,0,0,0,12,12,2022,2225
compact51__current_roles,2019-08-26 22:00:00,14.1270643377,48.9201218992,0,0,0,12,12,1069,1132
compact51__current_roles,2019-08-26 23:00:00,19.6986508626,347.21997929,0,0,0,12,12,5178,8058
compact51__current_roles,2019-08-27 00:00:00,14.168737487,89.6918650598,0,0,0,12,12,1088,5896
compact51__current_roles,2019-08-27 01:00:00,13.5087282495,64.7972024063,0,0,0,12,12,776,4415
compact51__current_roles,2019-08-27 02:00:00,15.2301291935,56.6689095434,0,0,0,12,12,1803,2855
compact51__current_roles,2019-08-27 03:00:00,15.0321516242,56.1739178686,0,0,0,12,12,1673,2739
compact51__current_roles,2019-08-27 04:00:00,15.9411375427,59.8869010843,0,0,0,12,12,2350,3569
compact51__current_roles,2019-08-27 05:00:00,17.8288046392,62.8051142512,0,0,0,12,12,3826,4126
compact51__current_roles,2019-08-27 06:00:00,21.781547853,1290.33799295,0,0,0,12,12,6297,8546
compact51__current_roles,2019-08-27 07:00:00,17.2305701157,85.3955706127,0,0,0,12,12,3325,5769
compact51__current_roles,2019-08-27 08:00:00,16.7822509404,1364.49180498,0,0,0,13,12,2977,8553
compact51__current_roles,2019-08-27 09:00:00,13.9377740372,1369.56071522,1,0,0,12,12,970,8555
compact51__current_roles,2019-08-27 10:00:00,17.3115519193,996.99313969,0,0,0,12,12,3408,8496
compact51__current_roles,2019-08-27 11:00:00,15.8916365456,71.7250568417,0,0,0,11,11,2308,5104
compact51__current_roles,2019-08-27 12:00:00,16.2241557034,64.1018542843,0,0,0,10,10,2539,4313
compact51__current_roles,2019-08-27 13:00:00,18.6447304234,60.5690538088,0,0,0,11,11,4464,3706
compact51__current_roles,2019-08-27 14:00:00,18.2637438609,66.7403886143,0,0,0,10,10,4166,4639
compact51__current_roles,2019-08-27 15:00:00,20.7786026932,61.7790039057,0,0,0,12,12,5825,3953
compact51__current_roles,2019-08-27 16:00:00,18.302263948,60.6151862584,0,0,0,12,12,4192,3714
compact51__current_roles,2019-08-27 17:00:00,17.5436261999,60.0390423134,0,0,0,12,12,3601,3598
compact51__current_roles,2019-08-27 18:00:00,19.321315623,57.6283015437,0,0,0,12,12,4924,3090
compact51__current_roles,2019-08-27 19:00:00,19.2339930548,129.08009606,0,0,0,12,12,4873,6830
compact51__current_roles,2019-08-27 20:00:00,17.0158728147,154.19999446,0,0,0,12,12,3157,7136
compact51__current_roles,2019-08-27 21:00:00,13.9219021411,56.1106116558,0,0,0,12,12,961,2726
compact51__current_roles,2019-08-27 22:00:00,17.7644776868,43.7915276631,0,0,0,12,12,3773,390
compact51__current_roles,2019-08-27 23:00:00,19.2950982765,275.498929995,1,0,0,12,12,4910,7855
compact51__current_roles,2019-08-28 00:00:00,16.1438406187,112.07957005,0,0,0,12,12,2485,6509
compact51__current_roles,2019-08-28 01:00:00,13.1454331332,53.6379194732,0,0,0,12,12,622,2118
compact51__current_roles,2019-08-28 02:00:00,12.5251633999,56.4616181453,0,0,0,12,12,415,2811
compact51__current_roles,2019-08-28 03:00:00,16.4622401173,62.928811655,0,0,0,12,12,2725,4144
compact51__current_roles,2019-08-28 04:00:00,26.8077266688,109.095171487,0,0,0,12,12,7903,6447
compact51__current_roles,2019-08-28 05:00:00,26.2067496489,302.019697367,1,0,0,12,12,7765,7939
compact51__current_roles,2019-08-28 06:00:00,15.0588992063,96.0474583151,0,0,0,12,12,1688,6123
compact51__current_roles,2019-08-28 07:00:00,17.4044101879,58.6808768775,0,0,0,12,12,3479,3319
compact51__current_roles,2019-08-28 08:00:00,18.7111328991,69.5709561898,0,0,0,12,12,4500,4915
compact51__current_roles,2019-08-28 09:00:00,17.5854439979,65.5137763147,0,0,0,12,12,3637,4511
compact51__current_roles,2019-08-28 10:00:00,19.7618071978,65.3444835775,0,0,0,13,12,5222,4489
compact51__current_roles,2019-08-28 11:00:00,24.3596945268,89.2361700442,0,0,0,12,12,7317,5881
compact51__current_roles,2019-08-28 12:00:00,24.2798855963,74.0310826439,0,0,0,12,12,7290,5285
compact51__current_roles,2019-08-28 13:00:00,25.8569739401,81.3354197982,0,0,0,12,12,7691,5617
compact51__current_roles,2019-08-28 14:00:00,20.012728074,64.4257958953,0,0,0,12,12,5380,4359
compact51__current_roles,2019-08-28 15:00:00,18.6348141641,65.3953228217,0,0,0,12,12,4453,4495
compact51__current_roles,2019-08-28 16:00:00,19.0368462388,61.1485106998,0,0,0,12,12,4747,3825
compact51__current_roles,2019-08-28 17:00:00,21.5651289594,62.6416075857,0,0,0,12,12,6204,4093
compact51__current_roles,2019-08-28 18:00:00,21.1552284508,59.5888851779,0,0,0,12,12,6011,3506
compact51__current_roles,2019-08-28 19:00:00,20.8476187216,56.5414601146,0,0,0,12,12,5868,2827
compact51__current_roles,2019-08-28 20:00:00,20.5588465932,54.6344586372,0,0,0,12,12,5702,2359
compact51__current_roles,2019-08-28 21:00:00,19.7957275589,49.2234551631,0,0,0,12,12,5246,1183
compact51__current_roles,2019-08-28 22:00:00,21.831618245,95.0562505843,0,0,0,12,12,6325,6077
compact51__current_roles,2019-08-28 23:00:00,27.5984385214,94.5616529673,0,0,0,12,12,8013,6060
compact51__current_roles,2019-08-29 00:00:00,16.1321902411,134.365189911,0,0,0,12,12,2476,6894
compact51__current_roles,2019-08-29 01:00:00,15.9233726309,117.031978707,0,0,0,12,12,2330,6593
compact51__current_roles,2019-08-29 02:00:00,18.3041700504,4081.72878418,1,0,0,12,12,4195,8695
compact51__current_roles,2019-08-29 03:00:00,19.9835977542,1674.32011045,1,0,0,12,12,5366,8586
compact51__current_roles,2019-08-29 04:00:00,18.044503917,224.760692959,0,0,0,12,12,4001,7640
compact51__current_roles,2019-08-29 05:00:00,23.3472505976,56.9307355586,0,0,0,12,12,6996,2912
compact51__current_roles,2019-08-29 06:00:00,16.8858981608,55.140823148,0,0,0,12,12,3059,2487
compact51__current_roles,2019-08-29 07:00:00,17.531141637,67.2823200902,0,0,0,12,12,3587,4702
compact51__current_roles,2019-08-29 08:00:00,13.7946064643,150.462946551,1,0,0,12,12,905,7092
compact51__current_roles,2019-08-29 09:00:00,13.2264973217,130.563697094,0,0,0,12,12,658,6847
compact51__current_roles,2019-08-29 10:00:00,15.330515096,466.520468229,1,0,0,12,12,1879,8205
compact51__current_roles,2019-08-29 11:00:00,14.8800758208,384.681750247,0,0,0,12,12,1591,8117
compact51__current_roles,2019-08-29 12:00:00,12.3338265583,68.0726149691,0,0,0,13,13,349,4778
compact51__current_roles,2019-08-29 13:00:00,12.9688187178,84.2113813702,0,0,0,12,12,558,5719
compact51__current_roles,2019-08-29 14:00:00,13.3982341611,99.8908037817,0,0,0,12,12,730,6230
compact51__current_roles,2019-08-29 15:00:00,14.4560182014,80.2657686443,0,0,0,12,12,1283,5566
compact51__current_roles,2019-08-29 16:00:00,17.9716439939,189.609781723,0,0,0,12,12,3945,7418
compact51__current_roles,2019-08-29 17:00:00,14.1149282851,66.0525958714,0,0,0,12,12,1058,4569
compact51__current_roles,2019-08-29 18:00:00,15.7958875399,57.1837848926,0,0,0,12,12,2225,2984
compact51__current_roles,2019-08-29 19:00:00,15.6944946958,59.0599701022,0,0,0,12,12,2136,3398
compact51__current_roles,2019-08-29 20:00:00,16.6826421106,55.4160649726,0,0,0,12,12,2909,2564
compact51__current_roles,2019-08-29 21:00:00,18.6381280742,51.934964156,0,0,0,12,12,4458,1726
compact51__current_roles,2019-08-29 22:00:00,18.2320263771,46.820068901,0,0,0,12,12,4138,762
compact51__current_roles,2019-08-29 23:00:00,15.2763883354,227.385818352,0,0,0,12,12,1840,7653
compact51__current_roles,2019-08-30 00:00:00,15.7752951018,125.738755491,0,0,0,12,12,2214,6770
compact51__current_roles,2019-08-30 01:00:00,16.9597809484,1073.88566698,0,0,0,12,12,3114,8510
compact51__current_roles,2019-08-30 02:00:00,17.8722432519,3477.0551966,0,0,0,12,12,3861,8684
compact51__current_roles,2019-08-30 03:00:00,17.5158723979,4303.04190567,0,0,0,12,12,3574,8700
compact51__current_roles,2019-08-30 04:00:00,19.1933221225,5050.13343059,1,0,0,12,12,4851,8710
compact51__current_roles,2019-08-30 05:00:00,20.5095790001,14925.2344753,1,0,0,12,12,5680,8739
compact51__current_roles,2019-08-30 06:00:00,18.7276741315,232.689120654,0,0,0,12,12,4513,7679
compact51__current_roles,2019-08-30 07:00:00,20.4483644188,60.3671843096,0,0,0,12,12,5654,3659
compact51__current_roles,2019-08-30 08:00:00,18.1627705806,56.4443905205,0,0,0,12,12,4078,2804
compact51__current_roles,2019-08-30 09:00:00,13.7677539617,105.445205816,0,0,0,12,12,894,6379
compact51__current_roles,2019-08-30 10:00:00,14.237531279,58.6522739654,0,0,0,12,12,1137,3311
compact51__current_roles,2019-08-30 11:00:00,16.9313484324,62.9786963277,0,0,0,12,12,3099,4150
compact51__current_roles,2019-08-30 12:00:00,14.6398556585,140.285718163,1,0,0,12,12,1407,6969
compact51__current_roles,2019-08-30 13:00:00,18.0599060029,814.515956067,1,0,0,12,12,4009,8439
compact51__current_roles,2019-08-30 14:00:00,13.4271588139,70.4781953816,0,0,0,12,12,739,5003
compact51__current_roles,2019-08-30 15:00:00,16.4974540347,138.188058036,0,0,0,12,12,2748,6937
compact51__current_roles,2019-08-30 16:00:00,17.2056978516,72.3686338218,0,0,0,12,12,3304,5159
compact51__current_roles,2019-08-30 17:00:00,19.2310200485,64.4939584737,0,0,0,12,12,4870,4372
compact51__current_roles,2019-08-30 18:00:00,17.8917094261,56.6909951639,0,0,0,12,12,3876,2859
compact51__current_roles,2019-08-30 19:00:00,13.7876808534,54.2056846347,0,0,0,12,12,904,2245
compact51__current_roles,2019-08-30 20:00:00,15.093676985,53.0683338721,0,0,0,12,12,1712,1981
compact51__current_roles,2019-08-30 21:00:00,18.1182712457,63.8194304684,0,0,0,12,12,4046,4272
compact51__current_roles,2019-08-30 22:00:00,13.4409611669,51.6490674633,0,0,0,12,12,746,1674
compact51__current_roles,2019-08-30 23:00:00,24.2359138821,54.9059965245,0,0,0,12,12,7274,2430
compact51__current_roles,2019-08-31 00:00:00,16.5929671618,48.8964522808,0,0,0,12,12,2833,1125
compact51__current_roles,2019-08-31 01:00:00,14.6309474634,50.0601954912,0,0,0,12,12,1397,1347
compact51__current_roles,2019-08-31 02:00:00,15.2630038345,51.9383385565,0,0,0,12,12,1831,1727
compact51__current_roles,2019-08-31 03:00:00,14.5475859005,54.5564305426,0,0,0,12,12,1333,2334
compact51__current_roles,2019-08-31 04:00:00,14.2011660913,53.2871693055,0,0,0,12,12,1113,2031
compact51__current_roles,2019-08-31 05:00:00,15.0890875795,53.1477113439,0,0,0,13,12,1710,1997
compact51__current_roles,2019-08-31 06:00:00,21.1679294552,62.3889978541,0,0,0,12,12,6017,4052
compact51__current_roles,2019-08-31 07:00:00,21.1768784117,57.9420820323,0,0,0,12,12,6024,3167
compact51__current_roles,2019-08-31 08:00:00,16.4416981487,53.8450954124,0,0,0,12,12,2705,2161
compact51__current_roles,2019-08-31 09:00:00,21.8454527162,59.2330225983,0,0,0,12,12,6333,3435
compact51__current_roles,2019-08-31 10:00:00,14.4902499669,57.8099719364,0,0,0,12,12,1303,3138
compact51__current_roles,2019-08-31 11:00:00,15.0078460378,59.165349627,0,0,0,12,12,1662,3418
compact51__current_roles,2019-08-31 12:00:00,16.5689559957,62.1220555089,0,0,0,12,12,2808,4008
compact51__current_roles,2019-08-31 13:00:00,16.4999272152,59.2551091273,0,0,0,12,12,2754,3444
compact51__current_roles,2019-08-31 14:00:00,16.0047498139,54.6604053057,0,0,0,12,12,2381,2364
compact51__current_roles,2019-08-31 15:00:00,14.9684487648,55.2763355023,0,0,0,12,12,1639,2531
compact51__current_roles,2019-08-31 16:00:00,17.5834769215,57.0434108729,0,0,0,12,12,3635,2939
compact51__current_roles,2019-08-31 17:00:00,20.6578732042,55.1352998008,0,0,0,12,12,5753,2486
compact51__current_roles,2019-08-31 18:00:00,17.5541786342,52.5437222814,0,0,0,13,12,3612,1857
compact51__current_roles,2019-08-31 19:00:00,16.7382154954,56.0403986763,0,0,0,12,12,2943,2699
compact51__current_roles,2019-08-31 20:00:00,16.0196633077,57.861856978,0,0,0,12,12,2397,3151
compact51__current_roles,2019-08-31 21:00:00,17.1330310394,56.7044100608,0,0,0,12,12,3248,2862
compact51__current_roles,2019-08-31 22:00:00,14.901708867,52.6278585202,0,0,0,12,12,1604,1879
compact51__current_roles,2019-08-31 23:00:00,19.1871540836,51.4251387943,0,0,0,14,13,4845,1615
compact51__current_roles,2019-09-01 00:00:00,14.7274371228,59.7856586261,0,0,0,12,12,1474,3550
compact51__current_roles,2019-09-01 01:00:00,19.1836390452,82.771625973,0,0,0,13,13,4843,5662
compact51__current_roles,2019-09-01 02:00:00,18.4646880466,60.2610230784,0,0,0,12,12,4343,3640
compact51__current_roles,2019-09-01 03:00:00,16.2886423434,57.2454513561,0,0,0,12,12,2583,3000
compact51__current_roles,2019-09-01 04:00:00,15.2090098755,55.5018870751,0,0,0,12,12,1785,2586
compact51__current_roles,2019-09-01 05:00:00,13.0621762697,51.9060933298,0,0,0,12,12,589,1723
compact51__current_roles,2019-09-01 06:00:00,13.992002572,46.8973631204,0,0,0,12,12,998,772
compact51__current_roles,2019-09-01 07:00:00,14.3527184236,52.0121187792,0,0,0,12,12,1211,1747
compact51__current_roles,2019-09-01 08:00:00,15.0701490004,59.8253998486,0,0,0,12,12,1699,3558
compact51__current_roles,2019-09-01 09:00:00,17.9353805829,63.3992831692,0,0,0,12,12,3914,4216
compact51__current_roles,2019-09-01 10:00:00,15.8532599233,63.3606688855,0,0,0,12,12,2272,4212
compact51__current_roles,2019-09-01 11:00:00,19.5842481001,69.4163434372,0,0,0,12,12,5112,4895
compact51__current_roles,2019-09-01 12:00:00,20.2032681891,70.6079624569,0,0,0,12,12,5503,5015
compact51__current_roles,2019-09-01 13:00:00,17.4138013976,65.7513270029,0,0,0,12,12,3486,4537
compact51__current_roles,2019-09-01 14:00:00,10.0804265138,59.1930833078,0,0,0,12,12,22,3426
compact51__current_roles,2019-09-01 15:00:00,13.2170380776,61.5814300923,0,0,0,12,12,651,3909
compact51__current_roles,2019-09-01 16:00:00,14.2404311287,59.8563909854,0,0,0,12,12,1141,3564
compact51__current_roles,2019-09-01 17:00:00,16.1319255677,60.9293810306,0,0,0,12,12,2474,3782
compact51__current_roles,2019-09-01 18:00:00,17.1108584796,59.2714048458,0,0,0,12,12,3233,3446
compact51__current_roles,2019-09-01 19:00:00,16.3345617046,55.6664461945,0,0,0,12,12,2608,2617
compact51__current_roles,2019-09-01 20:00:00,14.0792456121,54.9719187356,0,0,0,12,12,1041,2450
compact51__current_roles,2019-09-01 21:00:00,15.721114527,50.4484938917,0,0,0,12,12,2163,1407
compact51__current_roles,2019-09-01 22:00:00,15.9589320762,44.5441419164,0,0,0,13,12,2360,470
compact51__current_roles,2019-09-01 23:00:00,18.5282619689,56.7916848193,0,0,0,12,12,4382,2886
compact51__current_roles,2019-09-02 00:00:00,13.9290947881,56.1047200203,0,0,0,12,12,967,2724
compact51__current_roles,2019-09-02 01:00:00,14.4547302415,67.6741645571,0,0,0,12,12,1282,4738
compact51__current_roles,2019-09-02 02:00:00,14.9854783195,56.0226847321,0,0,0,12,12,1648,2696
compact51__current_roles,2019-09-02 03:00:00,15.9735516097,57.6564923795,0,0,0,12,12,2367,3095
compact51__current_roles,2019-09-02 04:00:00,13.6445544517,50.9683796731,0,0,0,12,12,839,1515
compact51__current_roles,2019-09-02 05:00:00,13.979541548,46.6677148135,0,0,0,12,12,991,736
compact51__current_roles,2019-09-02 06:00:00,12.3980324368,52.7125176483,0,0,0,12,12,370,1894
compact51__current_roles,2019-09-02 07:00:00,16.2254189228,62.9114536632,0,0,0,12,12,2541,4141
compact51__current_roles,2019-09-02 08:00:00,15.8978406377,61.2250012959,0,0,0,12,12,2311,3847
compact51__current_roles,2019-09-02 09:00:00,17.767007928,59.6142635331,0,0,0,12,12,3774,3511
compact51__current_roles,2019-09-02 10:00:00,14.8531698448,58.3240621895,0,0,0,12,12,1562,3237
compact51__current_roles,2019-09-02 11:00:00,16.7682576343,62.8318482662,0,0,0,12,12,2969,4129
compact51__current_roles,2019-09-02 12:00:00,11.5378351446,51.5576515649,0,0,0,12,12,147,1651
compact51__current_roles,2019-09-02 13:00:00,14.8617547936,53.0778821337,0,0,0,12,12,1568,1984
compact51__current_roles,2019-09-02 14:00:00,13.1572493656,55.6805981898,0,0,0,12,12,626,2620
compact51__current_roles,2019-09-02 15:00:00,15.5871961343,60.2391534787,0,0,0,12,12,2063,3635
compact51__current_roles,2019-09-02 16:00:00,16.5752904738,59.0353326958,0,0,0,12,12,2819,3390
compact51__current_roles,2019-09-02 17:00:00,16.8369568817,55.7679612071,0,0,0,12,12,3011,2636
compact51__current_roles,2019-09-02 18:00:00,18.062520192,53.7367345375,0,0,0,12,12,4013,2141
compact51__current_roles,2019-09-02 19:00:00,16.8005394537,53.8913484629,0,0,0,12,12,2988,2170
compact51__current_roles,2019-09-02 20:00:00,17.4613345992,52.8539257755,0,0,0,12,12,3531,1921
compact51__current_roles,2019-09-02 21:00:00,14.8624206663,55.6697845116,0,0,0,12,12,1569,2618
compact51__current_roles,2019-09-02 22:00:00,17.7589706414,72.0548276345,0,0,0,12,12,3769,5129
compact51__current_roles,2019-09-02 23:00:00,20.2083961298,53.4548355849,0,0,0,12,12,5506,2068
compact51__current_roles,2019-09-03 00:00:00,18.240766514,59.7119897235,0,0,0,12,12,4144,3535
compact51__current_roles,2019-09-03 01:00:00,17.4883795807,60.0950836553,0,0,0,12,12,3552,3613
compact51__current_roles,2019-09-03 02:00:00,20.1256288711,101.173644436,0,0,0,12,12,5466,6270
compact51__current_roles,2019-09-03 03:00:00,18.8917954825,90.6632415708,0,0,0,12,12,4640,5924
compact51__current_roles,2019-09-03 04:00:00,22.8427925398,94.6094427812,0,0,0,12,12,6806,6064
compact51__current_roles,2019-09-03 05:00:00,28.854101845,70.7175776177,0,0,0,12,12,8197,5026
compact51__current_roles,2019-09-03 06:00:00,21.4619637963,64.3475730328,0,0,0,12,12,6164,4349
compact51__current_roles,2019-09-03 07:00:00,20.8557953868,63.636867289,0,0,0,12,12,5873,4250
compact51__current_roles,2019-09-03 08:00:00,14.1250131687,59.2185095337,0,0,0,12,12,1068,3430
compact51__current_roles,2019-09-03 09:00:00,19.7452857109,137.938773192,1,0,0,11,11,5210,6936
compact51__current_roles,2019-09-03 10:00:00,19.81035777,73.12405803,0,0,0,12,12,5257,5212
compact51__current_roles,2019-09-03 11:00:00,21.8229219846,170.184995657,1,0,0,12,12,6315,7283
compact51__current_roles,2019-09-03 12:00:00,20.8815891987,708.344714528,1,0,0,12,12,5882,8401
compact51__current_roles,2019-09-03 13:00:00,24.5804597106,557.529827448,0,0,0,12,12,7368,8301
compact51__current_roles,2019-09-03 14:00:00,20.5622966572,563.422958927,0,0,0,12,12,5704,8306
compact51__current_roles,2019-09-03 15:00:00,17.7217431559,74.6363843154,0,0,0,12,12,3743,5314
compact51__current_roles,2019-09-03 16:00:00,20.3237704888,77.3484616982,0,0,0,12,12,5575,5447
compact51__current_roles,2019-09-03 17:00:00,27.0939617693,89.8830563119,0,0,0,12,12,7947,5908
compact51__current_roles,2019-09-03 18:00:00,22.1506814512,145.148214207,0,0,0,12,12,6486,7023
compact51__current_roles,2019-09-03 19:00:00,16.6161035587,64.5931660334,0,0,0,12,12,2851,4389
compact51__current_roles,2019-09-03 20:00:00,16.8851084995,59.1006702493,0,0,0,12,12,3058,3407
compact51__current_roles,2019-09-03 21:00:00,15.9707378488,56.5685954427,0,0,0,12,12,2364,2831
compact51__current_roles,2019-09-03 22:00:00,22.6426434221,268.898852055,1,0,0,12,12,6713,7839
compact51__current_roles,2019-09-03 23:00:00,24.0844903778,2289.97473182,1,0,0,14,13,7229,8640
compact51__current_roles,2019-09-04 00:00:00,14.5296365546,206.037208515,0,0,0,12,12,1317,7543
compact51__current_roles,2019-09-04 01:00:00,15.5141819004,765.44576451,0,0,0,12,12,2012,8427
compact51__current_roles,2019-09-04 02:00:00,16.3916594099,450.541535924,1,0,0,12,12,2656,8191
compact51__current_roles,2019-09-04 03:00:00,19.7472406391,405.263646247,1,0,0,12,12,5214,8142
compact51__current_roles,2019-09-04 04:00:00,22.1655268015,605.480349904,1,0,0,12,12,6489,8339
compact51__current_roles,2019-09-04 05:00:00,24.3515495349,261.881918533,1,0,0,12,12,7312,7820
compact51__current_roles,2019-09-04 06:00:00,20.6471555097,89.1526616924,0,0,0,12,12,5745,5878
compact51__current_roles,2019-09-04 07:00:00,26.0737744646,101.343758706,0,0,0,12,12,7737,6273
compact51__current_roles,2019-09-04 08:00:00,28.9708531394,119.903334792,0,0,0,13,13,8215,6647
compact51__current_roles,2019-09-04 09:00:00,25.9583926695,115.827969388,0,0,0,12,12,7713,6580
compact51__current_roles,2019-09-04 10:00:00,20.1373380046,103.082994749,0,0,0,12,12,5470,6320
compact51__current_roles,2019-09-04 11:00:00,19.7654698557,103.880823334,0,0,0,12,12,5225,6344
compact51__current_roles,2019-09-04 12:00:00,21.7234877733,102.289875587,0,0,0,12,12,6278,6303
compact51__current_roles,2019-09-04 13:00:00,22.4411361125,100.419075395,0,0,0,13,13,6611,6246
compact51__current_roles,2019-09-04 14:00:00,31.9450480602,100.680813176,1,0,0,11,11,8490,6250
compact51__current_roles,2019-09-04 15:00:00,34.5973127359,108.700351353,0,0,0,12,12,8610,6440
compact51__current_roles,2019-09-04 16:00:00,36.9389648547,95.6951817035,0,0,0,11,10,8671,6101
compact51__current_roles,2019-09-04 17:00:00,43.3975571018,96.733746543,0,0,0,12,12,8741,6144
compact51__current_roles,2019-09-04 18:00:00,35.5107951104,4858.35906371,1,0,0,12,12,8628,8708
compact51__current_roles,2019-09-04 19:00:00,29.3758809669,82.2161613492,0,0,0,12,12,8274,5643
compact51__current_roles,2019-09-04 20:00:00,21.1165705791,101.557852681,0,0,0,12,12,5990,6280
compact51__current_roles,2019-09-04 21:00:00,22.0743400622,126.662293583,0,0,0,12,12,6447,6785
compact51__current_roles,2019-09-04 22:00:00,23.0717653521,65.5111496631,0,0,0,12,12,6913,4509
compact51__current_roles,2019-09-04 23:00:00,25.4167740742,59.6712078026,0,0,0,12,12,7583,3525
compact51__current_roles,2019-09-05 00:00:00,16.5315663664,54.6472322602,0,0,0,12,12,2772,2361
compact51__current_roles,2019-09-05 01:00:00,17.0793730878,71.7457284913,0,0,0,12,12,3206,5105
compact51__current_roles,2019-09-05 02:00:00,15.4916406708,64.6815450424,0,0,0,12,12,1986,4402
compact51__current_roles,2019-09-05 03:00:00,14.9980330939,69.8911579616,0,0,0,12,12,1658,4946
compact51__current_roles,2019-09-05 04:00:00,15.391161086,73.6334325298,0,0,0,12,12,1919,5251
compact51__current_roles,2019-09-05 05:00:00,21.8098343915,68.7526036747,0,0,0,12,12,6307,4833
compact51__current_roles,2019-09-05 06:00:00,17.5662466932,68.0097537909,0,0,0,12,12,3621,4773
compact51__current_roles,2019-09-05 07:00:00,11.0933510666,53.4747588603,0,0,0,12,12,92,2072
compact51__current_roles,2019-09-05 08:00:00,12.5303552307,58.5748218477,0,0,0,12,12,419,3296
compact51__current_roles,2019-09-05 09:00:00,14.8492465615,65.1566061299,0,0,0,12,12,1556,4462
compact51__current_roles,2019-09-05 10:00:00,16.9581700727,563.302246103,0,0,0,14,13,3112,8305
compact51__current_roles,2019-09-05 11:00:00,16.9013860085,220.539692347,0,0,0,12,11,3073,7618
compact51__current_roles,2019-09-05 12:00:00,15.5880481039,103.665945911,0,0,0,12,12,2064,6338
compact51__current_roles,2019-09-05 13:00:00,16.1194204664,4209.46577104,0,0,0,12,12,2458,8698
compact51__current_roles,2019-09-05 14:00:00,16.963686619,125.286595902,0,0,0,12,12,3117,6758
compact51__current_roles,2019-09-05 15:00:00,16.3082529678,248.207377112,0,0,0,12,12,2596,7765
compact51__current_roles,2019-09-05 16:00:00,15.8799549873,91.2226885668,0,0,0,12,12,2296,5941
compact51__current_roles,2019-09-05 17:00:00,13.461125333,63.2880604245,0,0,0,12,12,757,4203
compact51__current_roles,2019-09-05 18:00:00,14.9750325545,64.3093224572,0,0,0,12,12,1645,4344
compact51__current_roles,2019-09-05 19:00:00,14.7654283956,719.503738935,0,0,0,12,12,1494,8404
compact51__current_roles,2019-09-05 20:00:00,20.5208309825,324.440907335,0,0,0,12,12,5684,7997
compact51__current_roles,2019-09-05 21:00:00,22.3068980574,186.326324053,1,0,0,12,12,6559,7399
compact51__current_roles,2019-09-05 22:00:00,18.0861700213,52.9341843519,0,0,0,12,12,4030,1944
compact51__current_roles,2019-09-05 23:00:00,23.545555883,53.502198986,0,0,0,12,12,7056,2081
compact51__current_roles,2019-09-06 00:00:00,17.2515309424,63.8874892289,0,0,0,12,12,3347,4281
compact51__current_roles,2019-09-06 01:00:00,15.7390922994,68.8827584295,0,0,0,12,12,2180,4841
compact51__current_roles,2019-09-06 02:00:00,15.0322757049,57.2037067974,0,0,0,12,12,1674,2989
compact51__current_roles,2019-09-06 03:00:00,13.6010248434,55.2459655894,0,0,0,12,12,815,2521
compact51__current_roles,2019-09-06 04:00:00,17.4336862316,58.4465961312,0,0,0,12,12,3506,3265
compact51__current_roles,2019-09-06 05:00:00,27.8628981773,70.6082101091,0,0,0,12,12,8049,5016
compact51__current_roles,2019-09-06 06:00:00,17.6496390813,62.268720045,0,0,0,13,12,3680,4030
compact51__current_roles,2019-09-06 07:00:00,16.6816501,51.0046867292,0,0,0,12,12,2908,1521
compact51__current_roles,2019-09-06 08:00:00,14.17335168,66.9368767421,0,0,0,13,13,1090,4661
compact51__current_roles,2019-09-06 09:00:00,14.0401304193,1446.68386809,1,0,0,12,12,1020,8571
compact51__current_roles,2019-09-06 10:00:00,14.2164343145,61.1639196036,0,0,0,12,12,1122,3831
compact51__current_roles,2019-09-06 11:00:00,16.0105183765,77.5035059272,0,0,0,12,12,2388,5453
compact51__current_roles,2019-09-06 12:00:00,15.0656009598,64.3025707056,0,0,0,12,12,1695,4343
compact51__current_roles,2019-09-06 13:00:00,17.2470335762,67.5611044985,0,0,0,12,12,3343,4728
compact51__current_roles,2019-09-06 14:00:00,14.6511522628,58.708698345,0,0,0,12,12,1414,3331
compact51__current_roles,2019-09-06 15:00:00,13.9523284664,61.6511809107,0,0,0,12,12,975,3928
compact51__current_roles,2019-09-06 16:00:00,21.0022884259,80.8590427476,0,0,0,12,12,5939,5594
compact51__current_roles,2019-09-06 17:00:00,19.2406894714,141.039374767,1,0,0,12,12,4878,6979
compact51__current_roles,2019-09-06 18:00:00,23.4310138541,192.364800669,1,0,0,12,12,7017,7444
compact51__current_roles,2019-09-06 19:00:00,15.7728505844,58.5604501683,0,0,0,11,11,2208,3290
compact51__current_roles,2019-09-06 20:00:00,23.4178766813,59.5759390682,0,0,0,12,12,7012,3504
compact51__current_roles,2019-09-06 21:00:00,22.924977971,97.4709892178,0,0,0,12,12,6843,6162
compact51__current_roles,2019-09-06 22:00:00,22.3434141239,4139.35345688,1,0,0,12,12,6571,8696
compact51__current_roles,2019-09-06 23:00:00,26.5051032622,7341.14315713,1,0,0,13,13,7836,8729
compact51__current_roles,2019-09-07 00:00:00,22.6400560398,124.539379386,0,0,0,12,11,6711,6750
compact51__current_roles,2019-09-07 01:00:00,18.6210650742,64.2733140912,0,0,0,12,12,4443,4340
compact51__current_roles,2019-09-07 02:00:00,20.1181399545,1177.53185776,0,0,0,12,12,5456,8533
compact51__current_roles,2019-09-07 03:00:00,22.8507523178,1693.09507963,1,0,0,12,12,6810,8590
compact51__current_roles,2019-09-07 04:00:00,25.0584212164,815.345137596,1,0,0,12,12,7498,8440
compact51__current_roles,2019-09-07 05:00:00,24.1489475418,3736.58330293,0,0,0,12,12,7252,8686
compact51__current_roles,2019-09-07 06:00:00,30.7959514149,335.668003686,0,0,0,12,12,8420,8021
compact51__current_roles,2019-09-07 07:00:00,32.1191889929,323.122060857,0,0,0,12,12,8499,7993
compact51__current_roles,2019-09-07 08:00:00,21.3122792942,347.000399491,0,0,0,12,12,6105,8055
compact51__current_roles,2019-09-07 09:00:00,20.0294704205,105.363926125,0,0,0,13,12,5389,6377
compact51__current_roles,2019-09-07 10:00:00,21.6909439433,187.182568308,0,0,0,12,12,6254,7405
compact51__current_roles,2019-09-07 11:00:00,18.8165708971,60.8205554025,0,0,0,12,12,4587,3755
compact51__current_roles,2019-09-07 12:00:00,18.136268469,63.2906672982,0,0,0,12,12,4056,4204
compact51__current_roles,2019-09-07 13:00:00,15.7175059495,59.7585308014,0,0,0,12,12,2158,3542
compact51__current_roles,2019-09-07 14:00:00,16.5405638087,60.0747646671,0,0,0,12,12,2784,3605
compact51__current_roles,2019-09-07 15:00:00,16.5764171586,55.7629563576,0,0,0,12,12,2824,2635
compact51__current_roles,2019-09-07 16:00:00,17.2404496145,58.1027771654,0,0,0,12,12,3332,3198
compact51__current_roles,2019-09-07 17:00:00,21.3815877437,67.6220788725,0,0,0,12,12,6128,4734
compact51__current_roles,2019-09-07 18:00:00,22.8009750218,53.4173109834,0,0,0,13,13,6786,2060
compact51__current_roles,2019-09-07 19:00:00,14.4744064555,55.7996383357,0,0,0,12,12,1296,2648
compact51__current_roles,2019-09-07 20:00:00,16.220239056,56.2724031983,0,0,0,12,12,2537,2767
compact51__current_roles,2019-09-07 21:00:00,18.3699557768,54.1454803166,0,0,0,12,12,4251,2227
compact51__current_roles,2019-09-07 22:00:00,17.2621805749,50.2263591385,0,0,0,12,12,3357,1373
compact51__current_roles,2019-09-07 23:00:00,17.2451256797,58.6157578857,0,0,0,12,12,3340,3305
compact51__current_roles,2019-09-08 00:00:00,16.2557230698,61.2198193734,0,0,0,12,12,2563,3845
compact51__current_roles,2019-09-08 01:00:00,16.242841548,64.0725329625,0,0,0,12,12,2555,4305
compact51__current_roles,2019-09-08 02:00:00,14.3088285935,58.8989221609,0,0,0,12,12,1185,3369
compact51__current_roles,2019-09-08 03:00:00,17.4898035353,60.3643436856,0,0,0,12,12,3555,3658
compact51__current_roles,2019-09-08 04:00:00,18.1944939564,59.5514301822,0,0,0,12,12,4095,3499
compact51__current_roles,2019-09-08 05:00:00,14.1401690738,57.4617257676,0,0,0,12,12,1074,3059
compact51__current_roles,2019-09-08 06:00:00,19.0691677934,55.6448780378,0,0,0,12,12,4769,2609
compact51__current_roles,2019-09-08 07:00:00,23.655078598,64.0718403051,0,0,0,12,12,7096,4304
compact51__current_roles,2019-09-08 08:00:00,23.7767404927,77.6133960351,0,0,0,12,12,7142,5459
compact51__current_roles,2019-09-08 09:00:00,17.1993799547,63.6959991157,0,0,0,13,13,3298,4257
compact51__current_roles,2019-09-08 10:00:00,18.1621244957,62.7583493722,0,0,0,12,11,4076,4114
compact51__current_roles,2019-09-08 11:00:00,17.7389920973,63.0910622822,0,0,0,12,12,3758,4173
compact51__current_roles,2019-09-08 12:00:00,21.56923874,69.9950637518,0,0,0,12,12,6205,4957
compact51__current_roles,2019-09-08 13:00:00,23.6199091244,72.5564571401,0,0,0,12,12,7081,5176
compact51__current_roles,2019-09-08 14:00:00,18.7917189634,81.0765097848,0,0,0,12,12,4563,5608
compact51__current_roles,2019-09-08 15:00:00,19.8727961261,114.965261105,0,0,0,13,12,5298,6567
compact51__current_roles,2019-09-08 16:00:00,18.8111402026,105.056362103,0,0,0,12,12,4579,6371
compact51__current_roles,2019-09-08 17:00:00,19.5886664652,53.7144396057,0,0,0,12,12,5117,2138
compact51__current_roles,2019-09-08 18:00:00,18.3565081526,55.3129888608,0,0,0,12,12,4237,2541
compact51__current_roles,2019-09-08 19:00:00,14.8857574421,52.7245860242,0,0,0,12,12,1594,1896
compact51__current_roles,2019-09-08 20:00:00,21.3089272255,55.9738423666,0,0,0,12,12,6103,2682
compact51__current_roles,2019-09-08 21:00:00,18.2274585281,50.8726488437,0,0,0,12,12,4133,1498
compact51__current_roles,2019-09-08 22:00:00,18.412669946,46.656533079,0,0,0,12,12,4300,735
compact51__current_roles,2019-09-08 23:00:00,18.0532819543,51.090654493,0,0,0,12,12,4006,1540
compact51__current_roles,2019-09-09 00:00:00,14.3800963594,56.4284669233,0,0,0,12,12,1231,2801
compact51__current_roles,2019-09-09 01:00:00,14.2411326605,55.5930250631,0,0,0,12,12,1142,2601
compact51__current_roles,2019-09-09 02:00:00,15.9945180523,57.8829908286,0,0,0,12,12,2374,3155
compact51__current_roles,2019-09-09 03:00:00,17.4042952175,56.522964993,0,0,0,12,12,3478,2825
compact51__current_roles,2019-09-09 04:00:00,17.3319516677,54.1871603916,0,0,0,12,12,3423,2241
compact51__current_roles,2019-09-09 05:00:00,20.34938903,57.8158297361,0,0,0,12,12,5593,3142
compact51__current_roles,2019-09-09 06:00:00,24.4042234956,64.4088533128,0,0,0,12,12,7326,4357
compact51__current_roles,2019-09-09 07:00:00,22.7466067758,64.1416361073,0,0,0,12,12,6762,4319
compact51__current_roles,2019-09-09 08:00:00,17.8821356874,58.4969340241,0,0,0,12,12,3869,3278
compact51__current_roles,2019-09-09 09:00:00,15.801084572,56.4010667903,0,0,0,12,12,2234,2797
compact51__current_roles,2019-09-09 10:00:00,14.1200068647,55.3176836509,0,0,0,12,12,1062,2542
compact51__current_roles,2019-09-09 11:00:00,13.7332020125,58.6637371423,0,0,0,12,12,884,3315
compact51__current_roles,2019-09-09 12:00:00,18.6888157009,243.277739084,1,0,0,12,12,4491,7736
compact51__current_roles,2019-09-09 13:00:00,15.2119656686,92.5559546008,0,0,0,13,13,1789,5987
compact51__current_roles,2019-09-09 14:00:00,13.7433432978,52.3030949026,0,0,0,13,13,889,1802
compact51__current_roles,2019-09-09 15:00:00,14.0770615924,51.7666918485,0,0,0,12,11,1040,1699
compact51__current_roles,2019-09-09 16:00:00,14.6993791116,51.2206019726,0,0,0,13,12,1452,1564
compact51__current_roles,2019-09-09 17:00:00,20.0201187076,52.5916768981,0,0,0,12,12,5385,1869
compact51__current_roles,2019-09-09 18:00:00,15.9042686133,44.1952072941,0,0,0,12,12,2317,431
compact51__current_roles,2019-09-09 19:00:00,13.9501786461,43.6740326347,0,0,0,12,12,974,376
compact51__current_roles,2019-09-09 20:00:00,12.7023551022,44.7752788919,0,0,0,12,12,469,501
compact51__current_roles,2019-09-09 21:00:00,14.4278023105,40.4104895935,0,0,0,12,12,1264,143
compact51__current_roles,2019-09-09 22:00:00,13.4746897468,41.8823662562,0,0,0,12,12,763,232
compact51__current_roles,2019-09-09 23:00:00,15.8793569036,43.0116200137,0,0,0,12,12,2295,318
compact51__current_roles,2019-09-10 00:00:00,13.3458441452,44.4693588021,0,0,0,12,12,711,463
compact51__current_roles,2019-09-10 01:00:00,10.2915662026,49.0120913235,0,0,0,12,12,29,1149
compact51__current_roles,2019-09-10 02:00:00,11.6779117224,45.9568738918,0,0,0,12,12,175,631
compact51__current_roles,2019-09-10 03:00:00,11.7991723256,46.0194840274,0,0,0,12,12,207,638
compact51__current_roles,2019-09-10 04:00:00,14.378575759,44.7195588806,0,0,0,12,12,1230,491
compact51__current_roles,2019-09-10 05:00:00,15.1278832001,38.7188312622,0,0,0,12,12,1730,88
compact51__current_roles,2019-09-10 06:00:00,12.9467966605,43.9382114883,0,0,0,12,12,551,406
compact51__current_roles,2019-09-10 07:00:00,22.3668190034,62.2879270126,0,0,0,12,12,6586,4036
compact51__current_roles,2019-09-10 08:00:00,20.8079670883,61.7456244925,0,0,0,12,12,5844,3948
compact51__current_roles,2019-09-10 09:00:00,10.5316114384,51.2610467668,0,0,0,13,13,38,1575
compact51__current_roles,2019-09-10 10:00:00,13.2214026885,56.1915640593,0,0,0,12,12,654,2748
compact51__current_roles,2019-09-10 11:00:00,11.667140245,46.1137799972,0,0,0,12,12,174,650
compact51__current_roles,2019-09-10 12:00:00,13.3611373039,68.0194576069,0,0,0,12,12,717,4775
compact51__current_roles,2019-09-10 13:00:00,19.4945294582,184.895509208,0,0,0,12,12,5046,7390
compact51__current_roles,2019-09-10 14:00:00,17.680202025,149.47852532,0,0,0,12,12,3706,7077
compact51__current_roles,2019-09-10 15:00:00,16.1582037787,120.644680709,0,0,0,12,12,2497,6668
compact51__current_roles,2019-09-10 16:00:00,18.1677207631,91.0406494907,0,0,0,12,12,4080,5935
compact51__current_roles,2019-09-10 17:00:00,18.9092188122,127.764088801,0,0,0,12,12,4654,6805
compact51__current_roles,2019-09-10 18:00:00,18.5158971198,65.1422404617,0,0,0,12,12,4370,4458
compact51__current_roles,2019-09-10 19:00:00,15.6251479041,47.3864078735,0,0,0,12,12,2091,854
compact51__current_roles,2019-09-10 20:00:00,20.570402013,447.719893692,0,0,0,13,12,5706,8186
compact51__current_roles,2019-09-10 21:00:00,17.9031513354,41.5310137373,0,0,0,12,12,3880,208
compact51__current_roles,2019-09-10 22:00:00,24.4454695469,191.009349836,0,0,0,12,12,7337,7430
compact51__current_roles,2019-09-10 23:00:00,25.6400585135,194.005003022,1,0,0,12,12,7644,7456
compact51__current_roles,2019-09-11 00:00:00,22.0104072469,53.1384654952,0,0,0,12,12,6414,1996
compact51__current_roles,2019-09-11 01:00:00,20.2649028655,73.7326950625,0,0,0,12,12,5536,5262
compact51__current_roles,2019-09-11 02:00:00,18.327156584,122.179232021,1,0,0,12,12,4213,6701
compact51__current_roles,2019-09-11 03:00:00,15.9318688398,93.0982119153,0,0,0,12,12,2341,6013
compact51__current_roles,2019-09-11 04:00:00,16.4105301162,128.543648844,1,0,0,12,12,2675,6821
compact51__current_roles,2019-09-11 05:00:00,24.6945055735,69.774270296,0,0,0,12,12,7404,4934
compact51__current_roles,2019-09-11 06:00:00,19.6528387084,79.5224696926,0,0,0,12,12,5151,5535
compact51__current_roles,2019-09-11 07:00:00,19.5685591939,77.6041575865,0,0,0,12,12,5100,5458
compact51__current_roles,2019-09-11 08:00:00,21.5628628374,184.134084172,0,0,0,12,12,6201,7386
compact51__current_roles,2019-09-11 09:00:00,28.0535748999,103.714348069,0,0,0,12,12,8075,6341
compact51__current_roles,2019-09-11 10:00:00,24.8086528248,101.614113969,0,0,0,12,12,7430,6282
compact51__current_roles,2019-09-11 11:00:00,23.4301089624,112.676472811,0,0,0,12,12,7016,6520
compact51__current_roles,2019-09-11 12:00:00,22.0280901635,103.488690051,0,0,0,12,12,6422,6331
compact51__current_roles,2019-09-11 13:00:00,27.9684851894,121.904817927,0,0,0,12,12,8061,6695
compact51__current_roles,2019-09-11 14:00:00,31.0518765285,135.723280557,0,0,0,12,12,8434,6912
compact51__current_roles,2019-09-11 15:00:00,36.5488393746,140.413397248,0,0,0,12,12,8658,6972
compact51__current_roles,2019-09-11 16:00:00,41.5401898741,134.593640577,0,0,0,12,12,8727,6895
compact51__current_roles,2019-09-11 17:00:00,37.7145838944,119.852377418,0,0,0,13,12,8691,6646
compact51__current_roles,2019-09-11 18:00:00,37.674661683,179.148544758,1,0,0,12,12,8690,7353
compact51__current_roles,2019-09-11 19:00:00,33.4878493441,99.5300304289,0,0,0,12,12,8557,6216
compact51__current_roles,2019-09-11 20:00:00,34.250914511,80.4705685661,0,0,0,12,12,8592,5571
compact51__current_roles,2019-09-11 21:00:00,28.378059187,449.814255902,1,0,0,12,12,8129,8190
compact51__current_roles,2019-09-11 22:00:00,22.5847589062,1022.34510939,0,0,0,12,12,6687,8500
compact51__current_roles,2019-09-11 23:00:00,21.1701720824,1878.07634457,1,0,0,12,12,6020,8610
compact51__current_roles,2019-09-12 00:00:00,28.9680493811,93.1325247026,0,0,0,12,12,8214,6015
compact51__current_roles,2019-09-12 01:00:00,24.3580903859,90.7659329025,0,0,0,12,12,7316,5927
compact51__current_roles,2019-09-12 02:00:00,20.0728721592,95.3502731851,0,0,0,12,12,5412,6088
compact51__current_roles,2019-09-12 03:00:00,20.6674891244,97.2464432157,0,0,0,12,12,5760,6154
compact51__current_roles,2019-09-12 04:00:00,26.3953180782,98.3228948781,0,0,0,12,12,7815,6180
compact51__current_roles,2019-09-12 05:00:00,28.2959111019,92.9416615509,0,0,0,12,12,8117,6005
compact51__current_roles,2019-09-12 06:00:00,21.213012658,100.127478113,0,0,0,12,12,6040,6236
compact51__current_roles,2019-09-12 07:00:00,21.2319110324,95.8104350995,0,0,0,12,12,6050,6111
compact51__current_roles,2019-09-12 08:00:00,27.0834709538,111.484219105,0,0,0,12,12,7943,6496
compact51__current_roles,2019-09-12 09:00:00,23.9019109535,112.979573891,0,0,0,12,12,7179,6531
compact51__current_roles,2019-09-12 10:00:00,22.5840739232,116.908816781,0,0,0,12,12,6685,6592
compact51__current_roles,2019-09-12 11:00:00,22.6920756413,149.970816372,0,0,0,12,12,6738,7084
compact51__current_roles,2019-09-12 12:00:00,19.4242008288,106.559822154,0,0,0,12,12,4991,6400
compact51__current_roles,2019-09-12 13:00:00,21.3000309304,172.920681787,0,0,0,12,12,6097,7306
compact51__current_roles,2019-09-12 14:00:00,22.8671535014,369.188199084,0,0,0,12,12,6817,8100
compact51__current_roles,2019-09-12 15:00:00,21.280645689,979.930513713,1,0,0,12,11,6080,8490
compact51__current_roles,2019-09-12 16:00:00,26.9276128106,2103.03485773,1,0,0,12,12,7921,8624
compact51__current_roles,2019-09-12 17:00:00,26.3208142558,603.211970446,0,0,0,12,12,7799,8338
compact51__current_roles,2019-09-12 18:00:00,23.842212234,457.175713341,0,0,0,12,12,7157,8199
compact51__current_roles,2019-09-12 19:00:00,21.2889782272,135.534038758,0,0,0,12,12,6090,6909
compact51__current_roles,2019-09-12 20:00:00,19.4430153502,100.847185111,1,0,0,12,12,5008,6260
compact51__current_roles,2019-09-12 21:00:00,24.537680817,123.443257499,1,0,0,13,12,7355,6730
compact51__current_roles,2019-09-12 22:00:00,19.9188346211,93.6107625417,0,0,0,12,12,5322,6031
compact51__current_roles,2019-09-12 23:00:00,23.644594384,211.740576695,1,0,0,12,12,7091,7569
compact51__current_roles,2019-09-13 00:00:00,14.7758500497,284.518817995,1,0,0,12,12,1499,7892
compact51__current_roles,2019-09-13 01:00:00,16.9011576463,90.5699065099,0,0,0,12,12,3072,5923
compact51__current_roles,2019-09-13 02:00:00,17.9050362815,90.1606452213,0,0,0,12,12,3883,5917
compact51__current_roles,2019-09-13 03:00:00,22.2144668502,159.055559247,0,0,0,12,12,6513,7187
compact51__current_roles,2019-09-13 04:00:00,29.315959228,324.89166431,1,0,0,12,12,8267,7998
compact51__current_roles,2019-09-13 05:00:00,22.343623067,365.446404156,0,0,0,12,12,6572,8092
compact51__current_roles,2019-09-13 06:00:00,18.6563887272,128.625778093,0,0,0,12,12,4469,6822
compact51__current_roles,2019-09-13 07:00:00,18.2197250063,84.4104564694,0,0,0,12,12,4127,5727
compact51__current_roles,2019-09-13 08:00:00,21.695254075,81.1574186784,0,0,0,12,12,6258,5609
compact51__current_roles,2019-09-13 09:00:00,22.4839556794,90.386237289,0,0,0,12,12,6638,5922
compact51__current_roles,2019-09-13 10:00:00,24.2508839183,152.725101213,1,0,0,12,12,7279,7113
compact51__current_roles,2019-09-13 11:00:00,24.4871162205,107.741053653,1,0,0,12,12,7347,6417
compact51__current_roles,2019-09-13 12:00:00,24.0668693926,145.243536632,0,0,0,12,12,7219,7024
compact51__current_roles,2019-09-13 13:00:00,20.3084644475,92.9584069736,0,0,0,12,12,5564,6007
compact51__current_roles,2019-09-13 14:00:00,22.0566975472,121.030107804,0,0,0,13,13,6435,6680
compact51__current_roles,2019-09-13 15:00:00,26.7950334553,266.418507147,0,0,0,12,11,7899,7827
compact51__current_roles,2019-09-13 16:00:00,21.4986969533,215.259694379,1,0,0,14,14,6183,7584
compact51__current_roles,2019-09-13 17:00:00,19.4437920332,871.941522688,0,0,0,10,10,5010,8462
compact51__current_roles,2019-09-13 18:00:00,19.5102490165,107622.407727,0,0,0,12,12,5064,8756
compact51__current_roles,2019-09-13 19:00:00,16.007891779,340.683689521,0,0,0,12,12,2384,8036
compact51__current_roles,2019-09-13 20:00:00,17.3313152495,195.048831956,0,0,0,12,12,3421,7462
compact51__current_roles,2019-09-13 21:00:00,16.4358030825,108.263129534,0,0,0,12,12,2702,6431
compact51__current_roles,2019-09-13 22:00:00,14.8761862877,86.225420829,0,0,0,12,12,1585,5795
compact51__current_roles,2019-09-13 23:00:00,21.4938033326,275.358766614,0,0,0,12,12,6179,7853
compact51__current_roles,2019-09-14 00:00:00,12.6956443932,83.5549397218,0,0,0,12,12,467,5692
compact51__current_roles,2019-09-14 01:00:00,14.3742309518,48.6556904538,0,0,0,12,12,1224,1083
compact51__current_roles,2019-09-14 02:00:00,17.5458376099,53.2311477047,0,0,0,13,13,3605,2017
compact51__current_roles,2019-09-14 03:00:00,20.3360907682,66.246375342,0,0,0,12,12,5584,4593
compact51__current_roles,2019-09-14 04:00:00,23.2103484051,55.4060066806,0,0,0,12,12,6956,2557
compact51__current_roles,2019-09-14 05:00:00,16.8179703986,49.4354812442,0,0,0,12,12,3002,1231
compact51__current_roles,2019-09-14 06:00:00,16.6734840496,62.8774676188,0,0,0,12,12,2900,4138
compact51__current_roles,2019-09-14 07:00:00,11.0547200465,42.2257792162,0,0,0,12,12,84,257
compact51__current_roles,2019-09-14 08:00:00,11.8121738974,42.1115959157,0,0,0,12,12,211,246
compact51__current_roles,2019-09-14 09:00:00,12.5988020208,41.1121909877,0,0,0,12,12,442,183
compact51__current_roles,2019-09-14 10:00:00,14.1876825173,61.6453244988,0,0,0,12,12,1103,3926
compact51__current_roles,2019-09-14 11:00:00,14.0434018214,47.3313917517,0,0,0,12,12,1023,843
compact51__current_roles,2019-09-14 12:00:00,14.2680472401,48.1649021498,0,0,0,12,12,1157,996
compact51__current_roles,2019-09-14 13:00:00,15.7770823953,51.6999393162,0,0,0,12,12,2215,1687
compact51__current_roles,2019-09-14 14:00:00,13.5436503311,47.5891650902,0,0,0,12,12,787,888
compact51__current_roles,2019-09-14 15:00:00,13.1397196238,46.2734149791,0,0,0,12,12,620,671
compact51__current_roles,2019-09-14 16:00:00,13.2832032496,45.041692574,0,0,0,12,12,686,534
compact51__current_roles,2019-09-14 17:00:00,14.3147258857,44.9372159425,0,0,0,12,12,1189,521
compact51__current_roles,2019-09-14 18:00:00,13.0391336874,43.5119707524,0,0,0,12,12,576,354
compact51__current_roles,2019-09-14 19:00:00,14.6603776535,37.4348767853,0,0,0,12,12,1425,62
compact51__current_roles,2019-09-14 20:00:00,12.6444787161,40.158783247,0,0,0,12,12,452,129
compact51__current_roles,2019-09-14 21:00:00,11.9018568364,39.2432405203,0,0,0,12,12,231,103
compact51__current_roles,2019-09-14 22:00:00,9.31817586184,42.1100596786,0,0,0,12,12,8,245
compact51__current_roles,2019-09-14 23:00:00,14.7183519473,49.029061664,0,0,0,12,12,1472,1155
compact51__current_roles,2019-09-15 00:00:00,11.5088034642,46.033678734,0,0,0,12,12,142,640
compact51__current_roles,2019-09-15 01:00:00,14.4709424881,49.0827592044,0,0,0,12,12,1294,1164
compact51__current_roles,2019-09-15 02:00:00,14.3505742856,49.0115530794,0,0,0,12,12,1209,1148
compact51__current_roles,2019-09-15 03:00:00,13.6247095499,45.1754841832,0,0,0,12,12,828,548
compact51__current_roles,2019-09-15 04:00:00,13.5803794248,42.6272381688,0,0,0,12,12,804,285
compact51__current_roles,2019-09-15 05:00:00,13.7256924451,41.5106633984,0,0,0,12,12,879,207
compact51__current_roles,2019-09-15 06:00:00,15.1193828354,45.1416749339,0,0,0,12,12,1723,543
compact51__current_roles,2019-09-15 07:00:00,15.4138072403,46.3378064029,0,0,0,12,12,1942,682
compact51__current_roles,2019-09-15 08:00:00,13.5019789157,52.360378911,0,0,0,12,12,773,1812
compact51__current_roles,2019-09-15 09:00:00,16.9776654407,56.1411128552,0,0,0,13,13,3129,2734
compact51__current_roles,2019-09-15 10:00:00,15.3544327082,56.0913936179,0,0,0,13,12,1897,2720
compact51__current_roles,2019-09-15 11:00:00,19.3658998635,59.9012442667,0,0,0,12,12,4951,3574
compact51__current_roles,2019-09-15 12:00:00,21.0348752236,73.716507121,0,0,0,12,12,5956,5260
compact51__current_roles,2019-09-15 13:00:00,18.0661793964,170.708507921,0,0,0,12,12,4015,7287
compact51__current_roles,2019-09-15 14:00:00,18.947326477,61.6210077681,0,0,0,12,12,4690,3920
compact51__current_roles,2019-09-15 15:00:00,17.4891611404,89.0921351343,0,0,0,12,12,3554,5874
compact51__current_roles,2019-09-15 16:00:00,14.2925288539,114.751631529,0,0,0,13,13,1172,6563
compact51__current_roles,2019-09-15 17:00:00,16.570076271,41.8904611769,0,0,0,12,12,2810,233
compact51__current_roles,2019-09-15 18:00:00,14.6967272189,48.1100208283,0,0,0,12,12,1448,986
compact51__current_roles,2019-09-15 19:00:00,15.8632612926,61.2269396062,0,0,0,12,12,2279,3848
compact51__current_roles,2019-09-15 20:00:00,19.3005117817,588.761319921,0,0,0,12,12,4914,8329
compact51__current_roles,2019-09-15 21:00:00,17.3688638858,101.101937484,0,0,0,12,12,3453,6266
compact51__current_roles,2019-09-15 22:00:00,19.1524363783,71.2540720124,0,0,0,12,12,4818,5070
compact51__current_roles,2019-09-15 23:00:00,20.1988211589,83.8178937011,0,0,0,12,12,5498,5707
compact51__current_roles,2019-09-16 00:00:00,16.6055890965,69.2045429194,0,0,0,12,12,2843,4876
compact51__current_roles,2019-09-16 01:00:00,16.0092953821,80.6050229595,0,0,0,12,12,2386,5579
compact51__current_roles,2019-09-16 02:00:00,20.2319136744,112.80298251,0,0,0,12,12,5522,6529
compact51__current_roles,2019-09-16 03:00:00,18.6291266768,83.5533296419,0,0,0,12,12,4446,5691
compact51__current_roles,2019-09-16 04:00:00,24.7529877108,83.6591552378,0,0,0,12,12,7416,5699
compact51__current_roles,2019-09-16 05:00:00,28.9490782582,62.5023224753,0,0,0,12,12,8210,4070
compact51__current_roles,2019-09-16 06:00:00,21.8558685492,64.9309000143,0,0,0,12,12,6336,4437
compact51__current_roles,2019-09-16 07:00:00,18.5912021463,121.531593856,0,0,0,12,12,4424,6691
compact51__current_roles,2019-09-16 08:00:00,17.0570631954,67.3046407293,0,0,0,12,12,3189,4704
compact51__current_roles,2019-09-16 09:00:00,13.896061841,120.565486537,1,0,0,12,12,952,6665
compact51__current_roles,2019-09-16 10:00:00,15.0960407411,992.949877694,1,0,0,12,12,1714,8493
compact51__current_roles,2019-09-16 11:00:00,15.2782242383,234.540072989,1,0,0,12,12,1843,7688
compact51__current_roles,2019-09-16 12:00:00,19.1737739242,405.94583679,0,0,0,12,12,4835,8144
compact51__current_roles,2019-09-16 13:00:00,20.0913736507,422.140164501,0,0,0,13,13,5428,8157
compact51__current_roles,2019-09-16 14:00:00,19.3656291182,181.009478662,0,0,0,12,12,4950,7368
compact51__current_roles,2019-09-16 15:00:00,20.0275710071,665.387075486,1,0,0,12,12,5388,8374
compact51__current_roles,2019-09-16 16:00:00,16.7222184844,200.534772322,1,0,0,12,12,2935,7505
compact51__current_roles,2019-09-16 17:00:00,17.7030324844,54.5525340099,0,0,0,12,12,3720,2332
compact51__current_roles,2019-09-16 18:00:00,15.7783465732,51.6459176596,0,0,0,12,12,2217,1671
compact51__current_roles,2019-09-16 19:00:00,20.9603116288,88.6844880219,0,0,0,12,12,5922,5861
compact51__current_roles,2019-09-16 20:00:00,20.6066819672,52.3927254206,0,0,0,12,12,5728,1819
compact51__current_roles,2019-09-16 21:00:00,17.888461485,84.1352970495,0,0,0,12,12,3875,5716
compact51__current_roles,2019-09-16 22:00:00,20.7380428562,84.536346917,0,0,0,12,12,5796,5733
compact51__current_roles,2019-09-16 23:00:00,24.5047551778,49.3946381118,0,0,0,12,12,7349,1223
compact51__current_roles,2019-09-17 00:00:00,20.1757018525,54.1773844471,0,0,0,12,12,5485,2235
compact51__current_roles,2019-09-17 01:00:00,15.187172921,53.2702068282,0,0,0,12,12,1773,2029
compact51__current_roles,2019-09-17 02:00:00,15.2931551016,51.1169427617,0,0,0,12,12,1858,1547
compact51__current_roles,2019-09-17 03:00:00,16.8973405968,53.2117057071,0,0,0,12,12,3071,2009
compact51__current_roles,2019-09-17 04:00:00,19.5423258595,51.2567388705,0,0,0,12,12,5085,1573
compact51__current_roles,2019-09-17 05:00:00,23.9696338553,57.3617069819,0,0,0,12,12,7198,3028
compact51__current_roles,2019-09-17 06:00:00,22.0504207627,71.1785665995,0,0,0,12,12,6431,5065
compact51__current_roles,2019-09-17 07:00:00,21.2690060512,752.127499788,1,0,0,12,12,6076,8420
compact51__current_roles,2019-09-17 08:00:00,20.2737316454,19498.3231904,0,0,0,12,12,5543,8744
compact51__current_roles,2019-09-17 09:00:00,18.3819535537,4410.71429398,0,0,0,12,12,4268,8702
compact51__current_roles,2019-09-17 10:00:00,17.0681553205,127.222135667,0,0,0,12,12,3197,6802
compact51__current_roles,2019-09-17 11:00:00,18.1439266695,176.778978482,1,0,0,12,12,4064,7341
compact51__current_roles,2019-09-17 12:00:00,16.3103773157,67.2028794352,0,0,0,12,12,2597,4693
compact51__current_roles,2019-09-17 13:00:00,16.174339539,61.6614356249,0,0,0,12,12,2511,3930
compact51__current_roles,2019-09-17 14:00:00,14.8748024911,54.9179941014,0,0,0,12,12,1583,2434
compact51__current_roles,2019-09-17 15:00:00,15.3469804278,100.685676225,1,0,0,12,12,1892,6254
compact51__current_roles,2019-09-17 16:00:00,15.796601609,576.749686918,1,0,0,12,12,2227,8321
compact51__current_roles,2019-09-17 17:00:00,17.3618314564,142.551563128,1,0,0,12,12,3448,6993
compact51__current_roles,2019-09-17 18:00:00,17.4710379599,184.248258794,1,0,0,12,12,3539,7387
compact51__current_roles,2019-09-17 19:00:00,15.4801101108,55.5218171323,0,0,0,12,12,1982,2588
compact51__current_roles,2019-09-17 20:00:00,24.6457554299,52.9199669708,0,0,0,12,12,7387,1939
compact51__current_roles,2019-09-17 21:00:00,26.7712868627,52.8220391948,0,0,0,12,12,7892,1912
compact51__current_roles,2019-09-17 22:00:00,24.5521189259,2658.79895256,1,0,0,12,12,7359,8656
compact51__current_roles,2019-09-17 23:00:00,24.1928167461,579.248590867,0,0,0,12,12,7264,8322
compact51__current_roles,2019-09-18 00:00:00,16.8758721395,64.789874019,0,0,0,12,12,3046,4414
compact51__current_roles,2019-09-18 01:00:00,12.4453404771,52.4270029411,0,0,0,12,12,387,1830
compact51__current_roles,2019-09-18 02:00:00,13.2808300582,54.0115005542,0,0,0,12,12,684,2202
compact51__current_roles,2019-09-18 03:00:00,13.7369718619,47.5799207067,0,0,0,12,12,887,886
compact51__current_roles,2019-09-18 04:00:00,13.7986584468,51.6812096193,0,0,0,12,12,907,1680
compact51__current_roles,2019-09-18 05:00:00,20.006927359,57.7808901934,0,0,0,12,12,5377,3130
compact51__current_roles,2019-09-18 06:00:00,15.1355983577,58.4703295014,0,0,0,12,12,1737,3272
compact51__current_roles,2019-09-18 07:00:00,14.7133917174,54.8216535007,0,0,0,12,12,1468,2411
compact51__current_roles,2019-09-18 08:00:00,15.307179312,60.3450351784,0,0,0,12,12,1868,3655
compact51__current_roles,2019-09-18 09:00:00,17.2116283279,336.027036064,0,0,0,12,12,3312,8022
compact51__current_roles,2019-09-18 10:00:00,14.6270847644,65.1826895425,0,0,0,12,12,1392,4467
compact51__current_roles,2019-09-18 11:00:00,15.5950831819,597.459932438,1,0,0,12,12,2069,8335
compact51__current_roles,2019-09-18 12:00:00,16.6572697234,453.810534774,0,0,0,12,12,2890,8194
compact51__current_roles,2019-09-18 13:00:00,13.3878275312,142.706273658,0,0,0,12,12,725,6996
compact51__current_roles,2019-09-18 14:00:00,15.1748562452,216.49211347,0,0,0,12,12,1764,7596
compact51__current_roles,2019-09-18 15:00:00,15.8033543659,88.1346128886,0,0,0,12,12,2238,5846
compact51__current_roles,2019-09-18 16:00:00,14.8909714579,60.2497490949,0,0,0,12,12,1598,3638
compact51__current_roles,2019-09-18 17:00:00,14.5728701594,61.3904528905,0,0,0,12,12,1351,3876
compact51__current_roles,2019-09-18 18:00:00,14.913678305,55.6856783988,0,0,0,12,12,1611,2624
compact51__current_roles,2019-09-18 19:00:00,18.3573165986,125.076777698,0,0,0,12,12,4239,6756
compact51__current_roles,2019-09-18 20:00:00,19.8066256968,234.800011109,0,0,0,12,12,5252,7692
compact51__current_roles,2019-09-18 21:00:00,21.2537896748,177.889260776,1,0,0,12,12,6065,7348
compact51__current_roles,2019-09-18 22:00:00,17.5897390303,51.2557269836,0,0,0,12,12,3641,1572
compact51__current_roles,2019-09-18 23:00:00,18.2840095593,50.5505858919,0,0,0,12,12,4179,1424
compact51__current_roles,2019-09-19 00:00:00,11.0856670058,54.7440774152,0,0,0,12,12,91,2384
compact51__current_roles,2019-09-19 01:00:00,11.3592099814,50.4198474289,0,0,0,12,12,128,1406
compact51__current_roles,2019-09-19 02:00:00,12.093462825,48.9170427711,0,0,0,12,12,278,1131
compact51__current_roles,2019-09-19 03:00:00,12.8064298657,46.2255719977,0,0,0,12,12,509,664
compact51__current_roles,2019-09-19 04:00:00,15.5881630176,47.5488125035,0,0,0,12,12,2065,880
compact51__current_roles,2019-09-19 05:00:00,20.5284159001,52.9882849209,0,0,0,12,12,5688,1960
compact51__current_roles,2019-09-19 06:00:00,17.4496577858,223.502299992,0,0,0,12,12,3518,7633
compact51__current_roles,2019-09-19 07:00:00,15.2586885911,49.7406443867,0,0,0,12,12,1826,1296
compact51__current_roles,2019-09-19 08:00:00,15.6569730455,57.9579564022,0,0,0,12,12,2113,3169
compact51__current_roles,2019-09-19 09:00:00,17.6781298109,66.4839073849,0,0,0,12,12,3705,4616
compact51__current_roles,2019-09-19 10:00:00,19.2488580979,73.0248299061,0,0,0,12,12,4882,5205
compact51__current_roles,2019-09-19 11:00:00,16.6281282148,67.8520038877,0,0,0,12,12,2862,4756
compact51__current_roles,2019-09-19 12:00:00,18.760849907,70.5404170218,0,0,0,12,12,4537,5008
compact51__current_roles,2019-09-19 13:00:00,17.1065865009,88.4497613954,0,0,0,12,12,3230,5854
compact51__current_roles,2019-09-19 14:00:00,17.3901276999,948.446047723,0,0,0,12,12,3471,8481
compact51__current_roles,2019-09-19 15:00:00,16.7616674108,63.0783600624,0,0,0,13,13,2964,4169
compact51__current_roles,2019-09-19 16:00:00,21.4337198557,332.497326607,1,0,0,12,12,6151,8014
compact51__current_roles,2019-09-19 17:00:00,23.0134789952,203.290996874,1,0,0,13,13,6889,7523
compact51__current_roles,2019-09-19 18:00:00,17.0688835693,409.535738872,0,0,0,12,12,3198,8148
compact51__current_roles,2019-09-19 19:00:00,17.267806264,63.3076498673,0,0,0,12,12,3362,4207
compact51__current_roles,2019-09-19 20:00:00,15.2657748306,53.4969846975,0,0,0,12,12,1832,2079
compact51__current_roles,2019-09-19 21:00:00,17.5069552788,44.0209348678,0,0,0,12,12,3567,414
compact51__current_roles,2019-09-19 22:00:00,17.252493796,49.6448576184,0,0,0,12,12,3349,1274
compact51__current_roles,2019-09-19 23:00:00,16.7196740351,56.9172961549,0,0,0,12,12,2932,2909
compact51__current_roles,2019-09-20 00:00:00,12.7718648757,53.258226982,0,0,0,12,12,496,2026
compact51__current_roles,2019-09-20 01:00:00,12.7884949269,52.5284373319,0,0,0,12,12,501,1854
compact51__current_roles,2019-09-20 02:00:00,15.8201134287,55.4462660748,0,0,0,12,12,2251,2572
compact51__current_roles,2019-09-20 03:00:00,16.4023228595,53.9530049753,0,0,0,12,12,2664,2186
compact51__current_roles,2019-09-20 04:00:00,17.0412338794,50.920834083,0,0,0,12,12,3178,1509
compact51__current_roles,2019-09-20 05:00:00,21.1128113867,53.230219299,0,0,0,12,12,5989,2016
compact51__current_roles,2019-09-20 06:00:00,20.2148544464,77.0656674645,0,0,0,12,12,5513,5432
compact51__current_roles,2019-09-20 07:00:00,19.1885574123,63.53241679,0,0,0,12,12,4847,4234
compact51__current_roles,2019-09-20 08:00:00,15.2625486353,60.3256225615,0,0,0,12,12,1829,3650
compact51__current_roles,2019-09-20 09:00:00,19.5934304973,69.2527440566,0,0,0,12,12,5121,4880
compact51__current_roles,2019-09-20 10:00:00,16.4030271232,69.9562890415,0,0,0,14,13,2667,4952
compact51__current_roles,2019-09-20 11:00:00,13.4455692947,66.8617885439,0,0,0,12,12,748,4648
compact51__current_roles,2019-09-20 12:00:00,14.2304911665,68.6568178072,0,0,0,12,12,1130,4826
compact51__current_roles,2019-09-20 13:00:00,13.7691684041,74.4231886784,0,0,0,12,12,895,5305
compact51__current_roles,2019-09-20 14:00:00,14.3040731193,71.0836001487,0,0,0,12,12,1181,5052
compact51__current_roles,2019-09-20 15:00:00,21.8372849347,945.401284128,1,0,0,12,12,6328,8480
compact51__current_roles,2019-09-20 16:00:00,20.435761194,74.8657563671,0,0,0,12,12,5646,5325
compact51__current_roles,2019-09-20 17:00:00,20.8596376768,202.034177399,1,0,0,12,12,5875,7518
compact51__current_roles,2019-09-20 18:00:00,15.5774532407,56.8382510551,0,0,0,12,12,2053,2892
compact51__current_roles,2019-09-20 19:00:00,15.7039810154,529.742150027,0,0,0,12,12,2144,8282
compact51__current_roles,2019-09-20 20:00:00,18.1574134851,65.2858810743,0,0,0,12,12,4070,4481
compact51__current_roles,2019-09-20 21:00:00,17.1310679493,107.863789159,0,0,0,12,12,3244,6422
compact51__current_roles,2019-09-20 22:00:00,17.4967819783,90.1881762445,0,0,0,12,12,3560,5918
compact51__current_roles,2019-09-20 23:00:00,23.771643415,657.520512122,0,0,0,12,12,7140,8369
compact51__current_roles,2019-09-21 00:00:00,22.7871719474,7114.49941279,1,0,0,12,12,6776,8728
compact51__current_roles,2019-09-21 01:00:00,18.1824405906,1425.81618811,0,0,0,12,12,4088,8567
compact51__current_roles,2019-09-21 02:00:00,17.3907097082,83.2744189797,0,0,0,12,12,3472,5685
compact51__current_roles,2019-09-21 03:00:00,17.2883255321,138.379893206,0,0,0,12,12,3383,6940
compact51__current_roles,2019-09-21 04:00:00,19.9574025846,106.519472541,0,0,0,12,12,5347,6399
compact51__current_roles,2019-09-21 05:00:00,18.5290807191,56.6659561374,0,0,0,12,12,4384,2853
compact51__current_roles,2019-09-21 06:00:00,17.255583818,55.6784904162,0,0,0,12,12,3352,2619
compact51__current_roles,2019-09-21 07:00:00,20.8502204945,61.1665862166,0,0,0,12,12,5871,3833
compact51__current_roles,2019-09-21 08:00:00,13.6493281889,61.1353933302,0,0,0,12,12,841,3822
compact51__current_roles,2019-09-21 09:00:00,14.0898519832,207.978510303,0,0,0,12,12,1047,7552
compact51__current_roles,2019-09-21 10:00:00,17.5251772179,69.1169887561,0,0,0,12,12,3582,4867
compact51__current_roles,2019-09-21 11:00:00,14.9548065505,69.0077434011,0,0,0,12,12,1629,4858
compact51__current_roles,2019-09-21 12:00:00,14.8500818563,65.6174568104,0,0,0,12,12,1557,4524
compact51__current_roles,2019-09-21 13:00:00,17.439169846,64.8093124875,0,0,0,12,12,3511,4416
compact51__current_roles,2019-09-21 14:00:00,19.5366079134,67.9907580148,0,0,0,12,12,5081,4770
compact51__current_roles,2019-09-21 15:00:00,17.9639888198,60.8865354241,0,0,0,12,12,3937,3770
compact51__current_roles,2019-09-21 16:00:00,20.7146550611,116.34865811,0,0,0,12,12,5787,6585
compact51__current_roles,2019-09-21 17:00:00,20.8138385553,120.052730374,0,0,0,12,12,5849,6653
compact51__current_roles,2019-09-21 18:00:00,19.9159237554,170.227614566,0,0,0,12,12,5321,7285
compact51__current_roles,2019-09-21 19:00:00,25.6356932824,360.546390862,0,0,0,12,12,7642,8088
compact51__current_roles,2019-09-21 20:00:00,26.0621790186,140.422492003,0,0,0,12,12,7733,6973
compact51__current_roles,2019-09-21 21:00:00,19.5360089034,48.9532239718,0,0,0,12,12,5080,1138
compact51__current_roles,2019-09-21 22:00:00,22.046936773,36.6272414349,0,0,0,12,12,6429,50
compact51__current_roles,2019-09-21 23:00:00,22.0654770919,40.3620176974,0,0,0,12,12,6443,141
compact51__current_roles,2019-09-22 00:00:00,18.0146441096,674.724655723,1,0,0,12,12,3976,8380
compact51__current_roles,2019-09-22 01:00:00,15.1023347196,146.710417571,1,0,0,14,14,1718,7043
compact51__current_roles,2019-09-22 02:00:00,14.8502870817,181.615514144,1,0,0,11,11,1558,7372
compact51__current_roles,2019-09-22 03:00:00,15.170630135,353.131034234,1,0,0,12,12,1759,8070
compact51__current_roles,2019-09-22 04:00:00,16.8947631328,393.382450439,1,0,0,12,12,3068,8126
compact51__current_roles,2019-09-22 05:00:00,17.0488802276,467.630060216,1,0,0,12,12,3184,8208
compact51__current_roles,2019-09-22 06:00:00,16.6955894823,130.661159758,1,0,0,12,12,2920,6850
compact51__current_roles,2019-09-22 07:00:00,25.7359061037,275.973138548,1,0,0,12,12,7664,7858
compact51__current_roles,2019-09-22 08:00:00,21.704824806,241.581460295,1,0,0,12,12,6267,7727
compact51__current_roles,2019-09-22 09:00:00,16.2080651461,354.53024413,1,0,0,12,12,2530,8074
compact51__current_roles,2019-09-22 10:00:00,16.0888879062,57.8951951097,0,0,0,12,12,2432,3158
compact51__current_roles,2019-09-22 11:00:00,16.4563425635,59.6606067853,0,0,0,12,12,2716,3520
compact51__current_roles,2019-09-22 12:00:00,18.9953785564,63.174044364,0,0,0,12,12,4717,4187
compact51__current_roles,2019-09-22 13:00:00,18.0285183844,62.0414305802,0,0,0,12,12,3987,3995
compact51__current_roles,2019-09-22 14:00:00,18.3073286848,62.1466155709,0,0,0,12,12,4197,4011
compact51__current_roles,2019-09-22 15:00:00,16.9604076728,59.2232466275,0,0,0,12,12,3115,3433
compact51__current_roles,2019-09-22 16:00:00,18.0822517298,64.1990562273,0,0,0,13,13,4025,4328
compact51__current_roles,2019-09-22 17:00:00,21.9200902535,122.170821374,0,0,0,12,11,6372,6700
compact51__current_roles,2019-09-22 18:00:00,22.277052213,173.742029385,0,0,0,12,12,6545,7313
compact51__current_roles,2019-09-22 19:00:00,22.3652660466,53.1905364449,0,0,0,12,12,6584,2002
compact51__current_roles,2019-09-22 20:00:00,24.1833318829,48.1666481681,0,0,0,12,12,7260,997
compact51__current_roles,2019-09-22 21:00:00,19.7672004508,127.205995484,1,0,0,12,12,5229,6801
compact51__current_roles,2019-09-22 22:00:00,20.5977977667,219.190701144,0,0,0,12,12,5725,7612
compact51__current_roles,2019-09-22 23:00:00,20.3524914403,150.659600094,0,0,0,12,12,5596,7094
compact51__current_roles,2019-09-23 00:00:00,14.7392452266,146.064725479,0,0,0,12,12,1479,7035
compact51__current_roles,2019-09-23 01:00:00,12.0425293661,46.791403049,0,0,0,12,12,261,756
compact51__current_roles,2019-09-23 02:00:00,15.3804429202,376.057212289,0,0,0,12,12,1913,8106
compact51__current_roles,2019-09-23 03:00:00,16.5377762146,1421.77696655,0,0,0,12,12,2780,8565
compact51__current_roles,2019-09-23 04:00:00,19.912440716,2605.61989433,1,0,0,12,12,5318,8654
compact51__current_roles,2019-09-23 05:00:00,26.4854367921,147.674373313,1,0,0,12,12,7832,7058
compact51__current_roles,2019-09-23 06:00:00,18.3556921382,280.712373859,1,0,0,12,12,4235,7880
compact51__current_roles,2019-09-23 07:00:00,22.0178737856,247.696660449,1,0,0,12,12,6419,7759
compact51__current_roles,2019-09-23 08:00:00,18.609235059,144.403245639,1,0,0,12,12,4438,7018
compact51__current_roles,2019-09-23 09:00:00,19.1286867045,95.8758589489,0,0,0,12,12,4802,6116
compact51__current_roles,2019-09-23 10:00:00,15.5343791975,59.1026612028,0,0,0,13,12,2025,3408
compact51__current_roles,2019-09-23 11:00:00,14.8162912348,54.2739519309,0,0,0,12,12,1528,2263
compact51__current_roles,2019-09-23 12:00:00,16.5625224172,55.9761981527,0,0,0,12,12,2803,2683
compact51__current_roles,2019-09-23 13:00:00,15.7574870337,167.794342603,1,0,0,12,12,2192,7261
compact51__current_roles,2019-09-23 14:00:00,15.2484279211,46.0723862353,0,0,0,13,13,1820,648
compact51__current_roles,2019-09-23 15:00:00,18.2434457795,56.0557238786,0,0,0,12,12,4146,2705
compact51__current_roles,2019-09-23 16:00:00,15.7198182315,54.9487760255,0,0,0,12,12,2160,2440
compact51__current_roles,2019-09-23 17:00:00,16.5724450316,54.5958450578,0,0,0,12,12,2813,2352
compact51__current_roles,2019-09-23 18:00:00,14.262358686,51.8318331761,0,0,0,12,12,1152,1709
compact51__current_roles,2019-09-23 19:00:00,15.648611165,48.4802554872,0,0,0,12,12,2106,1057
compact51__current_roles,2019-09-23 20:00:00,14.3725090755,47.1410724973,0,0,0,12,12,1222,810
compact51__current_roles,2019-09-23 21:00:00,15.2661576015,45.8647793689,0,0,0,14,13,1834,623
compact51__current_roles,2019-09-23 22:00:00,18.2993983544,42.1212711129,0,0,0,12,12,4189,247
compact51__current_roles,2019-09-23 23:00:00,19.83903606,41.6554785235,0,0,0,12,12,5278,219
compact51__current_roles,2019-09-24 00:00:00,14.5770333657,52.8783666403,0,0,0,12,12,1353,1927
compact51__current_roles,2019-09-24 01:00:00,17.4057082779,75.0947412544,0,0,0,12,12,3480,5337
compact51__current_roles,2019-09-24 02:00:00,15.8040902372,94.199584445,0,0,0,12,12,2239,6050
compact51__current_roles,2019-09-24 03:00:00,17.4294910393,104.370217151,0,0,0,12,12,3502,6354
compact51__current_roles,2019-09-24 04:00:00,21.6984305918,124.099311923,0,0,0,12,12,6260,6744
compact51__current_roles,2019-09-24 05:00:00,37.132223744,306.957945818,0,0,0,14,13,8678,7956
compact51__current_roles,2019-09-24 06:00:00,23.0683384997,1787.94004761,1,0,0,11,11,6912,8598
compact51__current_roles,2019-09-24 07:00:00,17.2032578443,78.5924083578,0,0,0,11,11,3300,5497
compact51__current_roles,2019-09-24 08:00:00,18.3900557224,225.836790194,1,0,0,12,12,4278,7645
compact51__current_roles,2019-09-24 09:00:00,17.4572794061,381.741424493,1,0,0,12,12,3525,8115
compact51__current_roles,2019-09-24 10:00:00,16.8100954414,279.278112576,1,0,0,12,12,2995,7869
compact51__current_roles,2019-09-24 11:00:00,14.4285819998,812.304011937,0,0,0,8,8,1266,8438
compact51__current_roles,2019-09-24 12:00:00,14.7370505669,248.398094024,1,0,0,11,11,1477,7767
compact51__current_roles,2019-09-24 13:00:00,14.7109614801,119.273190185,0,0,0,11,11,1464,6636
compact51__current_roles,2019-09-24 14:00:00,13.799647267,427.77970038,0,0,0,12,12,909,8164
compact51__current_roles,2019-09-24 15:00:00,15.5411544912,712.878234664,1,0,0,13,13,2029,8403
compact51__current_roles,2019-09-24 16:00:00,16.5357121292,75.4779519643,0,0,0,12,12,2775,5360
compact51__current_roles,2019-09-24 17:00:00,18.7271920707,405.889405475,1,0,0,12,12,4511,8143
compact51__current_roles,2019-09-24 18:00:00,16.2354600928,1026.10993535,1,0,0,12,12,2546,8501
compact51__current_roles,2019-09-24 19:00:00,15.9288847813,157.304189129,1,0,0,12,12,2339,7167
compact51__current_roles,2019-09-24 20:00:00,19.6182695348,101.755978824,1,0,0,12,12,5134,6287
compact51__current_roles,2019-09-24 21:00:00,24.7704311796,190.881617887,0,0,0,12,12,7423,7429
compact51__current_roles,2019-09-24 22:00:00,16.3404749331,44.2043604071,0,0,0,12,12,2617,434
compact51__current_roles,2019-09-24 23:00:00,20.4707908796,92.204509449,0,0,0,12,12,5664,5978
compact51__current_roles,2019-09-25 00:00:00,15.1340426216,50.6685865513,0,0,0,12,12,1735,1452
compact51__current_roles,2019-09-25 01:00:00,14.6056416504,56.3534847757,0,0,0,12,12,1373,2787
compact51__current_roles,2019-09-25 02:00:00,15.4143264096,60.7919608598,0,0,0,12,12,1944,3749
compact51__current_roles,2019-09-25 03:00:00,15.913520898,71.2752466681,0,0,0,12,12,2323,5075
compact51__current_roles,2019-09-25 04:00:00,16.2568384099,54.7227311155,0,0,0,12,12,2565,2378
compact51__current_roles,2019-09-25 05:00:00,26.3037931047,223.64670987,0,0,0,12,12,7791,7634
compact51__current_roles,2019-09-25 06:00:00,21.9059355102,383.981825396,0,0,0,12,12,6360,8116
compact51__current_roles,2019-09-25 07:00:00,19.9467271945,100.405821225,0,0,0,12,12,5338,6244
compact51__current_roles,2019-09-25 08:00:00,23.0408192545,879.289277578,1,0,0,12,12,6899,8465
compact51__current_roles,2019-09-25 09:00:00,17.5903786053,622.639760654,0,0,0,12,12,3642,8348
compact51__current_roles,2019-09-25 10:00:00,20.9344914978,2011.88585322,1,0,0,12,12,5914,8619
compact51__current_roles,2019-09-25 11:00:00,17.5615045823,173.068630586,1,0,0,12,12,3617,7307
compact51__current_roles,2019-09-25 12:00:00,16.6116655369,629.205317762,1,0,0,12,12,2846,8352
compact51__current_roles,2019-09-25 13:00:00,16.7526390963,122.402429218,1,0,0,10,10,2954,6706
compact51__current_roles,2019-09-25 14:00:00,15.9351898988,158.804786398,1,0,0,11,11,2344,7181
compact51__current_roles,2019-09-25 15:00:00,22.3945179329,226.650685084,1,0,0,10,10,6594,7648
compact51__current_roles,2019-09-25 16:00:00,19.1397553318,157.48166683,1,0,0,12,12,4809,7172
compact51__current_roles,2019-09-25 17:00:00,21.1707502109,140.157331766,1,0,0,12,12,6021,6965
compact51__current_roles,2019-09-25 18:00:00,17.150219473,281.004206681,0,0,0,12,12,3257,7882
compact51__current_roles,2019-09-25 19:00:00,19.9989230843,250.193012355,1,0,0,12,12,5373,7773
compact51__current_roles,2019-09-25 20:00:00,25.94339864,190.664948206,1,0,0,12,12,7708,7425
compact51__current_roles,2019-09-25 21:00:00,22.8469366299,311.915991282,1,0,0,12,12,6809,7966
compact51__current_roles,2019-09-25 22:00:00,19.2765096525,1099.20546494,0,0,0,12,12,4899,8515
compact51__current_roles,2019-09-25 23:00:00,23.7975623172,553.805207038,1,0,0,12,12,7147,8295
compact51__current_roles,2019-09-26 00:00:00,19.5768425828,2060.01129129,1,0,0,12,12,5107,8621
compact51__current_roles,2019-09-26 01:00:00,19.5122094495,354.147739315,1,0,0,12,12,5066,8073
compact51__current_roles,2019-09-26 02:00:00,19.0265566593,381.075756248,1,0,0,12,12,4736,8112
compact51__current_roles,2019-09-26 03:00:00,19.5354422538,341.039227512,1,0,0,12,12,5079,8038
compact51__current_roles,2019-09-26 04:00:00,20.6474248212,285.130432557,1,0,0,12,12,5746,7898
compact51__current_roles,2019-09-26 05:00:00,27.2722134854,423.963124104,1,0,0,12,12,7970,8158
compact51__current_roles,2019-09-26 06:00:00,23.3209711804,201.930456238,0,0,0,12,12,6987,7516
compact51__current_roles,2019-09-26 07:00:00,19.0427822568,95.5284871227,0,0,0,12,12,4751,6094
compact51__current_roles,2019-09-26 08:00:00,14.2674614563,58.0217686079,0,0,0,12,12,1156,3179
compact51__current_roles,2019-09-26 09:00:00,14.5183959312,65.5878776983,0,0,0,12,12,1313,4522
compact51__current_roles,2019-09-26 10:00:00,12.4266559974,276.378788841,1,0,0,12,12,380,7859
compact51__current_roles,2019-09-26 11:00:00,12.9091776865,566.696084946,1,0,0,12,12,537,8309
compact51__current_roles,2019-09-26 12:00:00,14.2361420817,163.444042698,1,0,0,12,12,1135,7224
compact51__current_roles,2019-09-26 13:00:00,12.4844498268,20081.0335835,1,0,0,12,12,398,8745
compact51__current_roles,2019-09-26 14:00:00,15.8559757011,142.087581113,0,0,0,12,12,2273,6988
compact51__current_roles,2019-09-26 15:00:00,14.3981911147,55.2883237241,0,0,0,12,12,1244,2533
compact51__current_roles,2019-09-26 16:00:00,18.8046065488,49.3236044798,0,0,0,12,12,4569,1204
compact51__current_roles,2019-09-26 17:00:00,18.3087934705,61.3383916579,0,0,0,12,12,4199,3866
compact51__current_roles,2019-09-26 18:00:00,23.1099523665,190.733909013,0,0,0,12,12,6925,7426
compact51__current_roles,2019-09-26 19:00:00,16.4807115281,181.323492794,0,0,0,12,12,2741,7371
compact51__current_roles,2019-09-26 20:00:00,26.3352417356,357.012955661,1,0,0,12,12,7803,8077
compact51__current_roles,2019-09-26 21:00:00,25.3667424559,413.572794678,0,0,0,12,12,7574,8151
compact51__current_roles,2019-09-26 22:00:00,18.6848374293,166.209577998,0,0,0,12,12,4486,7247
compact51__current_roles,2019-09-26 23:00:00,23.8254875675,117.941808182,0,0,0,12,12,7154,6614
compact51__current_roles,2019-09-27 00:00:00,18.13008158,112.862948388,0,0,0,12,12,4053,6530
compact51__current_roles,2019-09-27 01:00:00,17.8291713661,146.268491702,0,0,0,12,12,3828,7041
compact51__current_roles,2019-09-27 02:00:00,17.907219916,126.326467343,0,0,0,12,12,3888,6779
compact51__current_roles,2019-09-27 03:00:00,20.0612665748,101.798860518,0,0,0,12,12,5409,6288
compact51__current_roles,2019-09-27 04:00:00,20.7366670699,69.458973413,0,0,0,12,12,5795,4901
compact51__current_roles,2019-09-27 05:00:00,26.5425567099,101.733808031,0,0,0,12,12,7844,6286
compact51__current_roles,2019-09-27 06:00:00,23.8573572808,101.111880042,0,0,0,14,14,7161,6268
compact51__current_roles,2019-09-27 07:00:00,19.631160017,252.383970447,0,0,0,11,11,5143,7778
compact51__current_roles,2019-09-27 08:00:00,17.0043497763,57.7109839855,0,0,0,12,12,3147,3114
compact51__current_roles,2019-09-27 09:00:00,17.2071843348,81.0328432543,0,0,0,12,12,3307,5605
compact51__current_roles,2019-09-27 10:00:00,18.8911102805,172.718054572,1,0,0,12,12,4639,7303
compact51__current_roles,2019-09-27 11:00:00,14.2094343238,268.573903784,0,0,0,12,12,1115,7837
compact51__current_roles,2019-09-27 12:00:00,17.6544598329,211.05058053,0,0,0,12,12,3685,7567
compact51__current_roles,2019-09-27 13:00:00,15.8369347162,257.788420945,0,0,0,12,12,2261,7803
compact51__current_roles,2019-09-27 14:00:00,14.3748346177,55.8478010324,0,0,0,13,12,1225,2659
compact51__current_roles,2019-09-27 15:00:00,14.8421183581,175.311172464,0,0,0,12,12,1550,7327
compact51__current_roles,2019-09-27 16:00:00,15.0260289076,61.8319941192,0,0,0,12,12,1670,3963
compact51__current_roles,2019-09-27 17:00:00,13.1695479373,57.713807745,0,0,0,12,12,631,3115
compact51__current_roles,2019-09-27 18:00:00,12.3519473878,54.3171048711,0,0,0,12,12,353,2279
compact51__current_roles,2019-09-27 19:00:00,13.812240364,74.8698131956,0,0,0,12,12,912,5326
compact51__current_roles,2019-09-27 20:00:00,19.0458391741,170.749389255,0,0,0,12,12,4753,7288
compact51__current_roles,2019-09-27 21:00:00,18.7253184525,138.51027891,0,0,0,12,12,4509,6944
compact51__current_roles,2019-09-27 22:00:00,18.3284529196,56.7185911017,0,0,0,12,12,4216,2867
compact51__current_roles,2019-09-27 23:00:00,19.4684212373,75.064693213,0,0,0,13,12,5028,5334
compact51__current_roles,2019-09-28 00:00:00,16.3586321898,64.4255525007,0,0,0,13,12,2630,4358
compact51__current_roles,2019-09-28 01:00:00,15.7019501537,56.7466901931,0,0,0,12,12,2142,2876
compact51__current_roles,2019-09-28 02:00:00,15.9043677325,59.4777045941,0,0,0,12,12,2318,3488
compact51__current_roles,2019-09-28 03:00:00,14.9090446197,56.1106675343,0,0,0,12,12,1609,2727
compact51__current_roles,2019-09-28 04:00:00,14.7967883977,49.9793339213,0,0,0,12,12,1510,1337
compact51__current_roles,2019-09-28 05:00:00,15.0718175216,51.7227207223,0,0,0,12,12,1702,1689
compact51__current_roles,2019-09-28 06:00:00,15.5815376686,92.9306981101,0,0,0,12,12,2057,6004
compact51__current_roles,2019-09-28 07:00:00,20.8370639499,57.2614973748,0,0,0,12,12,5865,3007
compact51__current_roles,2019-09-28 08:00:00,17.964066582,59.7603562365,0,0,0,12,12,3938,3543
compact51__current_roles,2019-09-28 09:00:00,14.7086761479,56.4906479886,0,0,0,12,12,1460,2820
compact51__current_roles,2019-09-28 10:00:00,11.7973311283,53.0983634291,0,0,0,12,12,206,1989
compact51__current_roles,2019-09-28 11:00:00,13.422933904,121.762569201,0,0,0,12,12,738,6693
compact51__current_roles,2019-09-28 12:00:00,12.0265305328,56.3994085768,0,0,0,12,12,259,2796
compact51__current_roles,2019-09-28 13:00:00,12.6655137933,568.006409359,0,0,0,12,12,458,8311
compact51__current_roles,2019-09-28 14:00:00,11.1346539104,51.3645446363,0,0,0,12,11,101,1603
compact51__current_roles,2019-09-28 15:00:00,18.4048949855,125.98486418,0,0,0,11,11,4293,6773
compact51__current_roles,2019-09-28 16:00:00,11.47907222,54.9367082537,0,0,0,12,12,139,2438
compact51__current_roles,2019-09-28 17:00:00,9.9232967705,54.5894799271,0,0,0,12,12,17,2349
compact51__current_roles,2019-09-28 18:00:00,11.5974540331,54.424831783,0,0,0,12,12,160,2305
compact51__current_roles,2019-09-28 19:00:00,15.3838683092,62.800405605,0,0,0,11,11,1914,4124
compact51__current_roles,2019-09-28 20:00:00,15.11878934,94.0017287701,0,0,0,12,12,1722,6043
compact51__current_roles,2019-09-28 21:00:00,12.567882486,57.540916212,0,0,0,12,12,434,3075
compact51__current_roles,2019-09-28 22:00:00,13.2140125788,46.3801124028,0,0,0,12,12,649,689
compact51__current_roles,2019-09-28 23:00:00,15.8834887536,57.2282759865,0,0,0,12,12,2299,2996
compact51__current_roles,2019-09-29 00:00:00,14.8191932792,47.8204266854,0,0,0,12,12,1531,924
compact51__current_roles,2019-09-29 01:00:00,15.5121167551,55.4080336959,0,0,0,12,12,2009,2559
compact51__current_roles,2019-09-29 02:00:00,11.660473479,55.2079732111,0,0,0,12,12,173,2507
compact51__current_roles,2019-09-29 03:00:00,13.8328355009,57.2373380269,0,0,0,12,12,924,2999
compact51__current_roles,2019-09-29 04:00:00,13.8609313655,51.0023470013,0,0,0,12,12,940,1520
compact51__current_roles,2019-09-29 05:00:00,14.2929095913,53.4901874578,0,0,0,12,12,1173,2077
compact51__current_roles,2019-09-29 06:00:00,14.4684592452,58.4102257456,0,0,0,12,12,1291,3253
compact51__current_roles,2019-09-29 07:00:00,15.9015235168,57.4985155868,0,0,0,12,12,2316,3063
compact51__current_roles,2019-09-29 08:00:00,13.721604496,64.0553477723,0,0,0,12,12,876,4301
compact51__current_roles,2019-09-29 09:00:00,13.2923568153,62.6099248934,0,0,0,12,12,689,4086
compact51__current_roles,2019-09-29 10:00:00,13.8724762736,61.2037932215,0,0,0,12,12,943,3842
compact51__current_roles,2019-09-29 11:00:00,14.1886442958,59.9046890597,0,0,0,12,12,1104,3575
compact51__current_roles,2019-09-29 12:00:00,12.633614422,52.7558406866,0,0,0,12,12,449,1900
compact51__current_roles,2019-09-29 13:00:00,13.3324588373,57.689597571,0,0,0,12,12,706,3109
compact51__current_roles,2019-09-29 14:00:00,14.0227084419,55.2608622794,0,0,0,13,12,1014,2525
compact51__current_roles,2019-09-29 15:00:00,16.0137482549,58.0398139541,0,0,0,12,12,2391,3185
compact51__current_roles,2019-09-29 16:00:00,11.4171168651,55.2187492548,0,0,0,12,12,132,2514
compact51__current_roles,2019-09-29 17:00:00,12.1912452029,56.8610223562,0,0,0,12,12,306,2897
compact51__current_roles,2019-09-29 18:00:00,12.7428935683,58.8003777078,0,0,0,12,12,484,3348
compact51__current_roles,2019-09-29 19:00:00,11.9306466782,60.7922812029,0,0,0,12,12,238,3750
compact51__current_roles,2019-09-29 20:00:00,13.6064079358,59.5133320109,0,0,0,12,12,820,3496
compact51__current_roles,2019-09-29 21:00:00,16.38000146,57.6068521751,0,0,0,12,12,2642,3086
compact51__current_roles,2019-09-29 22:00:00,16.665199645,75.6374799867,0,0,0,12,12,2894,5368
compact51__current_roles,2019-09-29 23:00:00,19.7159630894,143.443795724,0,0,0,12,12,5190,7006
compact51__current_roles,2019-09-30 00:00:00,15.7838561376,70.3498187704,0,0,0,12,12,2221,4991
compact51__current_roles,2019-09-30 01:00:00,14.9137469327,93.9300222302,0,0,0,12,12,1612,6040
compact51__current_roles,2019-09-30 02:00:00,15.6227355835,156.020034416,0,0,0,12,12,2087,7155
compact51__current_roles,2019-09-30 03:00:00,15.6544842667,92.6650959525,0,0,0,12,12,2108,5991
compact51__current_roles,2019-09-30 04:00:00,21.8697646552,163.275105428,0,0,0,12,12,6342,7220
compact51__current_roles,2019-09-30 05:00:00,22.7168154722,220.285949504,0,0,0,12,12,6747,7615
compact51__current_roles,2019-09-30 06:00:00,13.9089202239,55.8054504409,0,0,0,12,12,955,2650
compact51__current_roles,2019-09-30 07:00:00,14.8132790012,201.194836718,0,0,0,12,12,1525,7509
compact51__current_roles,2019-09-30 08:00:00,13.7746292285,61.6793669907,0,0,0,12,12,898,3934
compact51__current_roles,2019-09-30 09:00:00,16.6918745483,1495.53548746,1,0,0,12,12,2916,8573
compact51__current_roles,2019-09-30 10:00:00,20.7910075984,273.478805245,1,0,0,14,14,5835,7850
compact51__current_roles,2019-09-30 11:00:00,21.9508837903,73.4280204801,0,0,0,12,12,6388,5240
compact51__current_roles,2019-09-30 12:00:00,20.1199824173,222.124136519,1,0,0,12,12,5457,7625
compact51__current_roles,2019-09-30 13:00:00,16.4595291337,65.2410248847,0,0,0,12,12,2717,4475
compact51__current_roles,2019-09-30 14:00:00,17.7072212807,67.5844081511,0,0,0,12,12,3724,4729
compact51__current_roles,2019-09-30 15:00:00,17.1132564834,700.065898177,1,0,0,12,12,3234,8399
compact51__current_roles,2019-09-30 16:00:00,20.686958014,131.891988419,1,0,0,12,12,5772,6865
compact51__current_roles,2019-09-30 17:00:00,20.8557948331,71.5911528331,0,0,0,12,12,5872,5097
compact51__current_roles,2019-09-30 18:00:00,19.559283664,89.0815621015,0,0,0,14,14,5092,5873
compact51__current_roles,2019-09-30 19:00:00,17.406033861,158.137521739,0,0,0,11,11,3481,7178
compact51__current_roles,2019-09-30 20:00:00,17.1232475892,68.4480226951,0,0,0,12,12,3236,4807
compact51__current_roles,2019-09-30 21:00:00,21.5136960953,72.8988069828,0,0,0,12,12,6187,5197
compact51__current_roles,2019-09-30 22:00:00,18.2564188608,572.117287505,1,0,0,12,12,4160,8315
compact51__current_roles,2019-09-30 23:00:00,19.0577530947,65.9543993303,0,0,0,12,12,4761,4555
compact51__current_roles,2019-10-01 00:00:00,18.525837842,276.676990126,0,0,0,12,12,4377,7860
compact51__current_roles,2019-10-01 01:00:00,17.3624708427,119.904999573,0,0,0,12,12,3449,6648
compact51__current_roles,2019-10-01 02:00:00,18.9023725837,185.503197511,0,0,0,12,12,4649,7393
compact51__current_roles,2019-10-01 03:00:00,17.4806709548,183.078074669,0,0,0,12,12,3546,7380
compact51__current_roles,2019-10-01 04:00:00,20.0137607735,231.308591483,0,0,0,12,12,5382,7672
compact51__current_roles,2019-10-01 05:00:00,27.0594923527,281.206898543,0,0,0,12,12,7940,7884
compact51__current_roles,2019-10-01 06:00:00,20.3570393247,434.551979683,0,0,0,12,12,5603,8174
compact51__current_roles,2019-10-01 07:00:00,23.6725290062,91.2287198889,0,0,0,13,12,7101,5942
compact51__current_roles,2019-10-01 08:00:00,14.7098086958,79.5457217013,0,0,0,12,12,1462,5537
compact51__current_roles,2019-10-01 09:00:00,16.0334483641,75.0749331473,0,0,0,12,12,2401,5335
compact51__current_roles,2019-10-01 10:00:00,13.2123586134,69.4649225903,0,0,0,12,12,647,4902
compact51__current_roles,2019-10-01 11:00:00,14.9906391302,69.921810735,0,0,0,12,12,1655,4948
compact51__current_roles,2019-10-01 12:00:00,18.4026478277,69.659308541,0,0,0,14,13,4289,4925
compact51__current_roles,2019-10-01 13:00:00,16.0965289539,72.5962442125,0,0,0,11,11,2442,5179
compact51__current_roles,2019-10-01 14:00:00,22.8261865425,87.1497318945,0,0,0,12,12,6800,5816
compact51__current_roles,2019-10-01 15:00:00,23.1787194673,82.6853160951,0,0,0,11,11,6947,5654
compact51__current_roles,2019-10-01 16:00:00,33.7611268572,197.75899818,0,0,0,12,11,8567,7486
compact51__current_roles,2019-10-01 17:00:00,24.46164422,67.9345092806,0,0,0,13,13,7341,4764
compact51__current_roles,2019-10-01 18:00:00,23.6751694508,72.1731180012,0,0,0,12,12,7102,5146
compact51__current_roles,2019-10-01 19:00:00,25.9453646358,68.9405472641,0,0,0,12,12,7711,4850
compact51__current_roles,2019-10-01 20:00:00,26.841616349,59.0658689571,0,0,0,13,12,7911,3401
compact51__current_roles,2019-10-01 21:00:00,20.9605382418,51.3074585935,0,0,0,12,12,5923,1587
compact51__current_roles,2019-10-01 22:00:00,22.9151406195,153.301934829,1,0,0,13,12,6837,7125
compact51__current_roles,2019-10-01 23:00:00,21.3196052828,449.466048015,0,0,0,12,12,6109,8189
compact51__current_roles,2019-10-02 00:00:00,15.5448060349,60.8749533956,0,0,0,12,12,2030,3768
compact51__current_roles,2019-10-02 01:00:00,15.7726147217,74.7766045555,0,0,0,12,12,2207,5318
compact51__current_roles,2019-10-02 02:00:00,19.8065643489,77.9974313033,0,0,0,12,12,5251,5476
compact51__current_roles,2019-10-02 03:00:00,19.9823286609,163.704739693,0,0,0,12,12,5365,7230
compact51__current_roles,2019-10-02 04:00:00,22.5881118282,151.924302245,0,0,0,12,12,6688,7104
compact51__current_roles,2019-10-02 05:00:00,40.9805555406,297.449530441,0,0,0,12,12,8726,7928
compact51__current_roles,2019-10-02 06:00:00,20.9270135383,76.5859285786,0,0,0,12,12,5909,5413
compact51__current_roles,2019-10-02 07:00:00,18.2225694349,70.2938606043,0,0,0,12,12,4128,4989
compact51__current_roles,2019-10-02 08:00:00,20.7590178109,128.363989383,1,0,0,12,12,5810,6817
compact51__current_roles,2019-10-02 09:00:00,17.2276888457,96.1834896155,0,0,0,12,12,3323,6126
compact51__current_roles,2019-10-02 10:00:00,18.5788030633,238.629529652,0,0,0,12,12,4417,7716
compact51__current_roles,2019-10-02 11:00:00,20.6682888872,137.213399093,0,0,0,12,12,5761,6930
compact51__current_roles,2019-10-02 12:00:00,26.4713559522,73.3836657302,0,0,0,12,12,7829,5234
compact51__current_roles,2019-10-02 13:00:00,28.6282740286,237.892265111,0,0,0,12,12,8172,7714
compact51__current_roles,2019-10-02 14:00:00,26.5554351059,147.397467156,1,0,0,12,12,7845,7055
compact51__current_roles,2019-10-02 15:00:00,31.5895292062,137.462918844,1,0,0,12,12,8466,6932
compact51__current_roles,2019-10-02 16:00:00,31.3142878479,61.105833256,0,0,0,12,12,8454,3817
compact51__current_roles,2019-10-02 17:00:00,28.1989906883,62.6884344485,0,0,0,12,12,8106,4101
compact51__current_roles,2019-10-02 18:00:00,28.8539959955,408.622558067,1,0,0,12,12,8196,8147
compact51__current_roles,2019-10-02 19:00:00,31.9165664063,106.689221975,1,0,0,12,12,8485,6402
compact51__current_roles,2019-10-02 20:00:00,24.5830144931,58.5789459503,0,0,0,12,12,7369,3297
compact51__current_roles,2019-10-02 21:00:00,21.087506736,54.8154794711,0,0,0,12,12,5978,2410
compact51__current_roles,2019-10-02 22:00:00,19.768020284,58.9304433813,0,0,0,12,12,5230,3372
compact51__current_roles,2019-10-02 23:00:00,21.181108631,63.1279538474,0,0,0,12,12,6025,4180
compact51__current_roles,2019-10-03 00:00:00,16.8262374117,60.8682158334,0,0,0,12,12,3004,3767
compact51__current_roles,2019-10-03 01:00:00,14.5346042778,56.8374195736,0,0,0,12,12,1322,2891
compact51__current_roles,2019-10-03 02:00:00,13.4978026348,57.5603717113,0,0,0,12,12,772,3079
compact51__current_roles,2019-10-03 03:00:00,19.22488288,109.054028111,0,0,0,12,12,4865,6446
compact51__current_roles,2019-10-03 04:00:00,26.1173975186,89.8718437238,0,0,0,12,12,7744,5907
compact51__current_roles,2019-10-03 05:00:00,35.9665504329,88.8450792019,0,0,0,12,12,8642,5867
compact51__current_roles,2019-10-03 06:00:00,18.3891493646,100.827868418,0,0,0,12,12,4275,6258
compact51__current_roles,2019-10-03 07:00:00,14.561302713,58.6938833431,0,0,0,12,12,1343,3322
compact51__current_roles,2019-10-03 08:00:00,15.0653650637,82.8698406385,0,0,0,12,12,1693,5666
compact51__current_roles,2019-10-03 09:00:00,17.6504374684,192.702006021,0,0,0,12,12,3681,7448
compact51__current_roles,2019-10-03 10:00:00,17.2413017363,293.816888704,0,0,0,12,12,3334,7920
compact51__current_roles,2019-10-03 11:00:00,18.1752571332,259.633654393,1,0,0,12,12,4083,7811
compact51__current_roles,2019-10-03 12:00:00,18.226059464,778.6671716,1,0,0,12,12,4132,8433
compact51__current_roles,2019-10-03 13:00:00,20.2795232419,234.807756164,1,0,0,12,12,5549,7693
compact51__current_roles,2019-10-03 14:00:00,21.0537623513,243.151500245,0,0,0,12,12,5963,7735
compact51__current_roles,2019-10-03 15:00:00,22.3731548406,560.989653997,1,0,0,13,12,6587,8303
compact51__current_roles,2019-10-03 16:00:00,20.8827981154,54.5769487432,0,0,0,12,12,5885,2346
compact51__current_roles,2019-10-03 17:00:00,22.5148363794,50.5253425952,0,0,0,12,12,6657,1418
compact51__current_roles,2019-10-03 18:00:00,23.1690961907,54.2892869396,0,0,0,12,12,6942,2268
compact51__current_roles,2019-10-03 19:00:00,25.3297811316,55.0516721384,0,0,0,12,12,7565,2470
compact51__current_roles,2019-10-03 20:00:00,22.6218302915,395.308799028,0,0,0,12,12,6699,8130
compact51__current_roles,2019-10-03 21:00:00,20.4997294484,305.370666651,0,0,0,12,12,5672,7949
compact51__current_roles,2019-10-03 22:00:00,21.6105753607,6434.05554703,1,0,0,12,12,6230,8723
compact51__current_roles,2019-10-03 23:00:00,26.5999432604,2190.08520778,0,0,0,12,12,7851,8633
compact51__current_roles,2019-10-04 00:00:00,19.6139305845,505.962621732,0,0,0,12,12,5129,8255
compact51__current_roles,2019-10-04 01:00:00,17.570415431,284.748443456,0,0,0,12,12,3625,7894
compact51__current_roles,2019-10-04 02:00:00,15.6074408539,120.654265023,0,0,0,12,12,2075,6669
compact51__current_roles,2019-10-04 03:00:00,17.7153183334,104.494248426,0,0,0,12,12,3739,6356
compact51__current_roles,2019-10-04 04:00:00,25.6741659412,162.778340941,0,0,0,12,12,7652,7217
compact51__current_roles,2019-10-04 05:00:00,29.8637821435,830.045728763,0,0,0,12,12,8330,8445
compact51__current_roles,2019-10-04 06:00:00,23.2694597567,511.404230378,0,0,0,12,12,6975,8262
compact51__current_roles,2019-10-04 07:00:00,15.6262678061,59.7883702079,0,0,0,12,12,2092,3551
compact51__current_roles,2019-10-04 08:00:00,14.4272044124,166.281412191,1,0,0,12,12,1263,7248
compact51__current_roles,2019-10-04 09:00:00,14.4888320027,351.81211083,0,0,0,12,12,1300,8068
compact51__current_roles,2019-10-04 10:00:00,16.7449633139,198.511232853,1,0,0,12,12,2948,7491
compact51__current_roles,2019-10-04 11:00:00,17.8563080566,154.353824106,1,0,0,12,12,3851,7141
compact51__current_roles,2019-10-04 12:00:00,18.3339956032,115.278764447,1,0,0,13,12,4220,6572
compact51__current_roles,2019-10-04 13:00:00,20.9584294422,59.4493504373,0,0,0,12,12,5920,3482
compact51__current_roles,2019-10-04 14:00:00,18.603952895,57.0387807474,0,0,0,12,12,4434,2937
compact51__current_roles,2019-10-04 15:00:00,17.1349058257,144.382805239,1,0,0,12,12,3252,7017
compact51__current_roles,2019-10-04 16:00:00,17.8954193886,179.812623025,1,0,0,12,12,3878,7356
compact51__current_roles,2019-10-04 17:00:00,15.7657825827,99.2625376294,0,0,0,12,12,2200,6208
compact51__current_roles,2019-10-04 18:00:00,17.7906222632,1335.37316516,0,0,0,12,12,3792,8551
compact51__current_roles,2019-10-04 19:00:00,19.2279824234,310.073306188,1,0,0,12,12,4866,7964
compact51__current_roles,2019-10-04 20:00:00,23.6177343721,176.447412914,1,0,0,12,12,7078,7338
compact51__current_roles,2019-10-04 21:00:00,29.6851888667,147.167845176,0,0,0,13,12,8309,7053
compact51__current_roles,2019-10-04 22:00:00,22.2437159203,225.9390927,0,0,0,12,12,6532,7646
compact51__current_roles,2019-10-04 23:00:00,25.9438020595,46.9876316971,0,0,0,12,12,7710,787
compact51__current_roles,2019-10-05 00:00:00,19.7859324219,51.0012437932,0,0,0,12,12,5243,1519
compact51__current_roles,2019-10-05 01:00:00,20.2397312847,67.7679838374,0,0,0,12,12,5523,4747
compact51__current_roles,2019-10-05 02:00:00,21.2833958255,53.035782642,0,0,0,12,12,6083,1969
compact51__current_roles,2019-10-05 03:00:00,22.6553913125,123.7875148,1,0,0,12,12,6719,6735
compact51__current_roles,2019-10-05 04:00:00,24.1104552024,62.9823081796,0,0,0,12,12,7233,4151
compact51__current_roles,2019-10-05 05:00:00,20.5888904702,47.7391543263,0,0,0,12,12,5720,912
compact51__current_roles,2019-10-05 06:00:00,20.6723429243,52.8984601139,0,0,0,12,12,5765,1931
compact51__current_roles,2019-10-05 07:00:00,22.2225631231,60.2996506712,0,0,0,12,12,6521,3646
compact51__current_roles,2019-10-05 08:00:00,16.9199808672,54.255849529,0,0,0,12,12,3088,2255
compact51__current_roles,2019-10-05 09:00:00,17.9101743244,185.459002426,0,0,0,12,12,3892,7392
compact51__current_roles,2019-10-05 10:00:00,22.6808561721,60.5721406901,0,0,0,12,12,6731,3707
compact51__current_roles,2019-10-05 11:00:00,20.5063894828,59.460106233,0,0,0,12,12,5676,3486
compact51__current_roles,2019-10-05 12:00:00,17.7300575601,64.9259229693,0,0,0,12,12,3749,4435
compact51__current_roles,2019-10-05 13:00:00,16.4024650292,64.5141117116,0,0,0,12,12,2665,4376
compact51__current_roles,2019-10-05 14:00:00,14.4237303435,65.6832758936,0,0,0,13,13,1261,4529
compact51__current_roles,2019-10-05 15:00:00,12.2305367025,60.4142338228,0,0,0,12,12,318,3666
compact51__current_roles,2019-10-05 16:00:00,16.7735960784,65.1913727012,0,0,0,12,12,2973,4468
compact51__current_roles,2019-10-05 17:00:00,20.2014798625,70.2934919167,0,0,0,12,12,5501,4988
compact51__current_roles,2019-10-05 18:00:00,21.3853944524,71.0479110187,0,0,0,12,12,6129,5050
compact51__current_roles,2019-10-05 19:00:00,20.6567961139,70.4482860471,0,0,0,13,13,5750,5000
compact51__current_roles,2019-10-05 20:00:00,22.6600150515,155.265853031,0,0,0,12,12,6720,7148
compact51__current_roles,2019-10-05 21:00:00,18.0491047039,55.3794560674,0,0,0,12,12,4004,2549
compact51__current_roles,2019-10-05 22:00:00,15.250866809,47.1675215555,0,0,0,12,12,1822,813
compact51__current_roles,2019-10-05 23:00:00,21.7968073102,50.3407205777,0,0,0,12,12,6302,1391
compact51__current_roles,2019-10-06 00:00:00,16.8891232427,46.4726364329,0,0,0,12,12,3062,712
compact51__current_roles,2019-10-06 01:00:00,14.3053919652,39.2771080988,0,0,0,12,12,1182,106
compact51__current_roles,2019-10-06 02:00:00,12.2107960476,40.3876056977,0,0,0,12,12,313,142
compact51__current_roles,2019-10-06 03:00:00,18.8077737051,196.780384488,0,0,0,12,12,4573,7477
compact51__current_roles,2019-10-06 04:00:00,19.003966273,227.134499677,0,0,0,12,12,4725,7651
compact51__current_roles,2019-10-06 05:00:00,16.5750082603,485.258627739,0,0,0,12,12,2818,8229
compact51__current_roles,2019-10-06 06:00:00,18.8426529098,557.052332097,0,0,0,12,12,4608,8299
compact51__current_roles,2019-10-06 07:00:00,23.8595156146,317.412872299,0,0,0,12,12,7163,7981
compact51__current_roles,2019-10-06 08:00:00,20.6919440158,163.348541661,0,0,0,12,12,5776,7221
compact51__current_roles,2019-10-06 09:00:00,18.9169097917,92.5586737053,0,0,0,12,12,4662,5988
compact51__current_roles,2019-10-06 10:00:00,18.8856729376,115.377251679,0,0,0,13,12,4635,6573
compact51__current_roles,2019-10-06 11:00:00,19.1714490311,114.5059238,0,0,0,12,12,4833,6559
compact51__current_roles,2019-10-06 12:00:00,16.8751405278,64.8240164929,0,0,0,12,12,3045,4417
compact51__current_roles,2019-10-06 13:00:00,21.5771971866,368.555123787,0,0,0,12,12,6211,8099
compact51__current_roles,2019-10-06 14:00:00,14.6683391072,50.5893694947,0,0,0,12,12,1430,1435
compact51__current_roles,2019-10-06 15:00:00,16.4514304228,43.1486617643,0,0,0,12,12,2710,326
compact51__current_roles,2019-10-06 16:00:00,16.4168711735,128.737295968,0,0,0,12,12,2683,6823
compact51__current_roles,2019-10-06 17:00:00,15.6561792046,88.1037251292,0,0,0,12,12,2111,5843
compact51__current_roles,2019-10-06 18:00:00,16.4029250424,160.439590203,0,0,0,12,12,2666,7194
compact51__current_roles,2019-10-06 19:00:00,15.6944790754,96.4882798957,0,0,0,12,12,2135,6137
compact51__current_roles,2019-10-06 20:00:00,21.4704628015,767.99538717,1,0,0,12,12,6169,8428
compact51__current_roles,2019-10-06 21:00:00,22.2135675717,522.158543825,1,0,0,12,12,6511,8273
compact51__current_roles,2019-10-06 22:00:00,20.3149723915,497.266902902,1,0,0,14,13,5566,8245
compact51__current_roles,2019-10-06 23:00:00,20.8584707432,208.341824238,0,0,0,12,12,5874,7553
compact51__current_roles,2019-10-07 00:00:00,18.85814357,65.8099145161,0,0,0,13,12,4618,4545
compact51__current_roles,2019-10-07 01:00:00,19.1404917085,61.0258964311,0,0,0,12,12,4810,3803
compact51__current_roles,2019-10-07 02:00:00,19.4399685667,79.9250141484,0,0,0,12,12,5005,5555
compact51__current_roles,2019-10-07 03:00:00,18.4494885721,83.9318259518,0,0,0,12,12,4334,5712
compact51__current_roles,2019-10-07 04:00:00,22.7336416272,56.9558514257,0,0,0,12,12,6759,2919
compact51__current_roles,2019-10-07 05:00:00,32.4478809614,64.0895824818,0,0,0,12,12,8512,4308
compact51__current_roles,2019-10-07 06:00:00,19.4433067352,62.2603071226,0,0,0,12,12,5009,4027
compact51__current_roles,2019-10-07 07:00:00,17.3726788215,254.958865948,0,0,0,13,13,3455,7791
compact51__current_roles,2019-10-07 08:00:00,16.4832824495,64.5505144466,0,0,0,12,12,2742,4381
compact51__current_roles,2019-10-07 09:00:00,18.5322532052,60.077725819,0,0,0,12,12,4387,3607
compact51__current_roles,2019-10-07 10:00:00,17.8782893994,72.0355848373,0,0,0,12,12,3866,5128
compact51__current_roles,2019-10-07 11:00:00,13.4356457864,125.839108903,0,0,0,12,12,742,6771
compact51__current_roles,2019-10-07 12:00:00,14.8772098211,63.5519954101,0,0,0,12,12,1587,4238
compact51__current_roles,2019-10-07 13:00:00,15.8635020937,62.2372845844,0,0,0,12,12,2280,4022
compact51__current_roles,2019-10-07 14:00:00,16.2934459333,56.7727253457,0,0,0,12,12,2586,2882
compact51__current_roles,2019-10-07 15:00:00,16.008408498,54.1337869133,0,0,0,12,12,2385,2223
compact51__current_roles,2019-10-07 16:00:00,18.3637470258,57.1615910866,0,0,0,12,12,4247,2976
compact51__current_roles,2019-10-07 17:00:00,17.8869573479,55.4940942656,0,0,0,12,12,3874,2585
compact51__current_roles,2019-10-07 18:00:00,20.2084923604,53.9569127676,0,0,0,12,12,5507,2187
compact51__current_roles,2019-10-07 19:00:00,21.2385462085,52.8067729409,0,0,0,12,12,6056,1909
compact51__current_roles,2019-10-07 20:00:00,26.0545744564,296.182947135,0,0,0,12,12,7730,7924
compact51__current_roles,2019-10-07 21:00:00,20.5622783706,113.344048609,0,0,0,12,12,5703,6537
compact51__current_roles,2019-10-07 22:00:00,24.4158514642,59.5780616093,0,0,0,12,12,7331,3505
compact51__current_roles,2019-10-07 23:00:00,24.5774666303,79.3285276649,0,0,0,12,12,7367,5526
compact51__current_roles,2019-10-08 00:00:00,22.316147809,332.852892388,0,0,0,12,12,6561,8017
compact51__current_roles,2019-10-08 01:00:00,21.416809712,179.9324029,0,0,0,12,12,6144,7357
compact51__current_roles,2019-10-08 02:00:00,21.7495958999,169.108401294,0,0,0,12,12,6285,7272
compact51__current_roles,2019-10-08 03:00:00,22.7182090404,140.159403794,0,0,0,12,12,6748,6966
compact51__current_roles,2019-10-08 04:00:00,24.4095264264,128.980700625,0,0,0,12,12,7328,6828
compact51__current_roles,2019-10-08 05:00:00,27.136858412,83.7425666887,0,0,0,12,12,7952,5705
compact51__current_roles,2019-10-08 06:00:00,22.0510625496,470.978035509,0,0,0,12,12,6432,8211
compact51__current_roles,2019-10-08 07:00:00,22.0695511959,195.42573765,1,0,0,13,13,6445,7467
compact51__current_roles,2019-10-08 08:00:00,21.0442557973,79.6332547795,0,0,0,13,13,5960,5542
compact51__current_roles,2019-10-08 09:00:00,17.4150686661,67.886271588,0,0,0,12,12,3487,4759
compact51__current_roles,2019-10-08 10:00:00,18.4033698237,567.889260174,0,0,0,12,12,4290,8310
compact51__current_roles,2019-10-08 11:00:00,16.1801592893,139.182046928,0,0,0,12,12,2515,6953
compact51__current_roles,2019-10-08 12:00:00,14.6532189044,87.8952598732,0,0,0,12,12,1417,5837
compact51__current_roles,2019-10-08 13:00:00,17.1009213947,635.575452784,0,0,0,12,12,3226,8354
compact51__current_roles,2019-10-08 14:00:00,17.3987743407,1166.70094555,0,0,0,12,12,3476,8530
compact51__current_roles,2019-10-08 15:00:00,19.9027203071,729.99919975,0,0,0,12,12,5312,8407
compact51__current_roles,2019-10-08 16:00:00,16.5353528205,287.839887654,0,0,0,12,12,2774,7906
compact51__current_roles,2019-10-08 17:00:00,16.0756982609,65.5399453308,0,0,0,12,12,2425,4516
compact51__current_roles,2019-10-08 18:00:00,15.2545191663,60.769170429,0,0,0,12,12,1823,3744
compact51__current_roles,2019-10-08 19:00:00,19.7738773751,187.604399581,1,0,0,12,12,5235,7409
compact51__current_roles,2019-10-08 20:00:00,22.6884157893,117.276039754,1,0,0,12,12,6735,6597
compact51__current_roles,2019-10-08 21:00:00,23.6950415982,136.350828748,0,0,0,12,12,7112,6917
compact51__current_roles,2019-10-08 22:00:00,23.8581192575,77.221990816,0,0,0,12,12,7162,5436
compact51__current_roles,2019-10-08 23:00:00,29.3113287348,61.8334128452,0,0,0,12,12,8265,3964
compact51__current_roles,2019-10-09 00:00:00,21.0793664704,53.5121089876,0,0,0,12,12,5970,2088
compact51__current_roles,2019-10-09 01:00:00,18.1343999146,52.030341951,0,0,0,12,12,4055,1752
compact51__current_roles,2019-10-09 02:00:00,19.736950261,54.5552394086,0,0,0,12,12,5204,2333
compact51__current_roles,2019-10-09 03:00:00,18.0138283247,53.5145601438,0,0,0,12,12,3975,2089
compact51__current_roles,2019-10-09 04:00:00,20.2116407074,54.6055401555,0,0,0,12,12,5510,2353
compact51__current_roles,2019-10-09 05:00:00,32.0294026154,97.296544826,0,0,0,12,12,8494,6157
compact51__current_roles,2019-10-09 06:00:00,23.1676367295,95.4713893626,0,0,0,13,12,6940,6091
compact51__current_roles,2019-10-09 07:00:00,17.7133895763,98.717217,0,0,0,12,12,3735,6190
compact51__current_roles,2019-10-09 08:00:00,18.9854483785,93.0485273188,0,0,0,12,12,4711,6011
compact51__current_roles,2019-10-09 09:00:00,20.222167962,97.5243461486,0,0,0,12,12,5518,6164
compact51__current_roles,2019-10-09 10:00:00,18.2820161113,111.787813892,0,0,0,12,12,4177,6503
compact51__current_roles,2019-10-09 11:00:00,17.4571499158,103.462068818,0,0,0,12,12,3524,6330
compact51__current_roles,2019-10-09 12:00:00,19.2077959947,203.856870041,1,0,0,12,12,4855,7525
compact51__current_roles,2019-10-09 13:00:00,18.4775395428,336.086208316,0,0,0,12,12,4348,8023
compact51__current_roles,2019-10-09 14:00:00,18.3233373193,95.12776,0,0,0,12,12,4210,6079
compact51__current_roles,2019-10-09 15:00:00,21.1851739435,107.098424459,0,0,0,12,12,6028,6406
compact51__current_roles,2019-10-09 16:00:00,18.538452479,101.061091244,0,0,0,12,12,4389,6265
compact51__current_roles,2019-10-09 17:00:00,21.2820147797,108.376523635,1,0,0,12,12,6081,6434
compact51__current_roles,2019-10-09 18:00:00,26.7627973446,254.806007811,1,0,0,12,12,7890,7790
compact51__current_roles,2019-10-09 19:00:00,21.8094324364,1052.6906474,0,0,0,12,12,6306,8505
compact51__current_roles,2019-10-09 20:00:00,22.2026386108,98.5055458294,0,0,0,12,12,6508,6182
compact51__current_roles,2019-10-09 21:00:00,25.6393251181,92.5236954373,0,0,0,12,12,7643,5985
compact51__current_roles,2019-10-09 22:00:00,28.0829369152,81.5655080468,0,0,0,12,12,8087,5627
compact51__current_roles,2019-10-09 23:00:00,34.8063570576,82.0753878293,0,0,0,12,12,8614,5638
compact51__current_roles,2019-10-10 00:00:00,29.8080645933,89.7246396327,0,0,0,12,12,8325,5898
compact51__current_roles,2019-10-10 01:00:00,25.4052549594,88.9748140041,0,0,0,12,12,7581,5869
compact51__current_roles,2019-10-10 02:00:00,26.1582628556,105.16339838,1,0,0,12,12,7750,6375
compact51__current_roles,2019-10-10 03:00:00,26.2024486086,88.2837412029,0,0,0,12,12,7763,5851
compact51__current_roles,2019-10-10 04:00:00,29.9099826611,101.621330386,1,0,0,12,12,8337,6283
compact51__current_roles,2019-10-10 05:00:00,46.530853855,100.726755684,0,0,0,12,12,8746,6256
compact51__current_roles,2019-10-10 06:00:00,29.7583427189,94.1720768841,0,0,0,12,12,8320,6048
compact51__current_roles,2019-10-10 07:00:00,23.8857708377,432.543270896,0,0,0,12,12,7172,8169
compact51__current_roles,2019-10-10 08:00:00,20.3513211006,93.8497130222,0,0,0,12,12,5594,6037
compact51__current_roles,2019-10-10 09:00:00,17.227144008,103.581983626,0,0,0,12,12,3322,6334
compact51__current_roles,2019-10-10 10:00:00,17.7962225211,349.092297822,1,0,0,12,12,3798,8064
compact51__current_roles,2019-10-10 11:00:00,18.7770201565,332.565788569,1,0,0,12,12,4548,8015
compact51__current_roles,2019-10-10 12:00:00,17.0392910788,1292.79691553,0,0,0,12,12,3175,8547
compact51__current_roles,2019-10-10 13:00:00,17.7109074819,95.638792508,0,0,0,12,12,3730,6098
compact51__current_roles,2019-10-10 14:00:00,16.8600798512,453.598316919,1,0,0,12,12,3033,8193
compact51__current_roles,2019-10-10 15:00:00,18.7714054796,349.693865593,0,0,0,12,12,4544,8065
compact51__current_roles,2019-10-10 16:00:00,16.1531616648,54.7319287073,0,0,0,12,12,2494,2380
compact51__current_roles,2019-10-10 17:00:00,22.1223922397,130.62927571,0,0,0,12,12,6467,6849
compact51__current_roles,2019-10-10 18:00:00,18.2629645253,49.5035855448,0,0,0,12,12,4164,1248
compact51__current_roles,2019-10-10 19:00:00,19.5440448708,47.3177532175,0,0,0,12,12,5086,840
compact51__current_roles,2019-10-10 20:00:00,21.079639901,52.4122282901,0,0,0,12,12,5972,1823
compact51__current_roles,2019-10-10 21:00:00,24.0089118744,85.6011075311,0,0,0,12,12,7208,5775
compact51__current_roles,2019-10-10 22:00:00,24.370937269,49.2597257477,0,0,0,12,12,7319,1192
compact51__current_roles,2019-10-10 23:00:00,29.9492905063,69.1686168146,0,0,0,12,12,8342,4873
compact51__current_roles,2019-10-11 00:00:00,15.7274921961,53.6043226875,0,0,0,12,12,2168,2110
compact51__current_roles,2019-10-11 01:00:00,14.2130048832,47.9971188141,0,0,0,12,12,1116,958
compact51__current_roles,2019-10-11 02:00:00,12.2997471898,48.2935916381,0,0,0,12,12,343,1014
compact51__current_roles,2019-10-11 03:00:00,12.2888994009,54.118504053,0,0,0,12,12,339,2220
compact51__current_roles,2019-10-11 04:00:00,16.9216357689,58.1226084254,0,0,0,12,12,3092,3201
compact51__current_roles,2019-10-11 05:00:00,17.8521945473,53.0451031231,0,0,0,12,12,3845,1975
compact51__current_roles,2019-10-11 06:00:00,18.636128942,57.0772487709,0,0,0,12,12,4456,2949
compact51__current_roles,2019-10-11 07:00:00,16.8411127654,57.529796187,0,0,0,12,12,3016,3072
compact51__current_roles,2019-10-11 08:00:00,15.6785166925,52.2655862391,0,0,0,12,12,2125,1789
compact51__current_roles,2019-10-11 09:00:00,14.8219372353,59.6044634763,0,0,0,12,12,1533,3509
compact51__current_roles,2019-10-11 10:00:00,13.497652086,62.5222570878,0,0,0,12,12,771,4077
compact51__current_roles,2019-10-11 11:00:00,16.0462014156,64.1217673162,0,0,0,12,12,2408,4317
compact51__current_roles,2019-10-11 12:00:00,13.8235764357,62.1582069235,0,0,0,13,12,919,4013
compact51__current_roles,2019-10-11 13:00:00,13.5215781787,64.4843332867,0,0,0,12,12,781,4368
compact51__current_roles,2019-10-11 14:00:00,13.0676498507,62.3960852437,0,0,0,12,12,591,4053
compact51__current_roles,2019-10-11 15:00:00,17.0340138986,54.4585525046,0,0,0,12,12,3172,2315
compact51__current_roles,2019-10-11 16:00:00,16.3299214612,53.4433419895,0,0,0,12,12,2606,2064
compact51__current_roles,2019-10-11 17:00:00,17.2422644154,48.6433606033,0,0,0,12,12,3335,1082
compact51__current_roles,2019-10-11 18:00:00,18.3881028767,44.749948884,0,0,0,12,12,4273,495
compact51__current_roles,2019-10-11 19:00:00,17.8253906095,47.6551472271,0,0,0,12,12,3821,901
compact51__current_roles,2019-10-11 20:00:00,17.9825308001,51.4962449475,0,0,0,12,12,3950,1633
compact51__current_roles,2019-10-11 21:00:00,19.5840711329,53.3090215745,0,0,0,12,12,5111,2041
compact51__current_roles,2019-10-11 22:00:00,19.9484667829,42.139676366,0,0,0,12,12,5341,250
compact51__current_roles,2019-10-11 23:00:00,19.3912441881,44.5819602869,0,0,0,12,12,4964,472
compact51__current_roles,2019-10-12 00:00:00,15.2895527283,43.7015947029,0,0,0,12,12,1853,380
compact51__current_roles,2019-10-12 01:00:00,36.2062179685,132.384470456,0,0,0,12,12,8652,6870
compact51__current_roles,2019-10-12 02:00:00,36.2206435172,267.679805266,1,0,0,12,12,8653,7833
compact51__current_roles,2019-10-12 03:00:00,33.6393543488,54172.5052305,1,0,0,12,12,8562,8755
compact51__current_roles,2019-10-12 04:00:00,29.6798043262,302.070013084,1,0,0,12,12,8308,7940
compact51__current_roles,2019-10-12 05:00:00,29.8100317041,158.971443354,1,0,0,12,12,8326,7184
compact51__current_roles,2019-10-12 06:00:00,34.132933855,359.291418243,1,0,0,12,12,8586,8084
compact51__current_roles,2019-10-12 07:00:00,29.5094256734,86.548045508,0,0,0,12,12,8289,5803
compact51__current_roles,2019-10-12 08:00:00,27.9991108877,71.3539887133,0,0,0,12,12,8065,5084
compact51__current_roles,2019-10-12 09:00:00,20.1011213513,86.9933800971,0,0,0,12,12,5437,5813
compact51__current_roles,2019-10-12 10:00:00,21.0053399008,73.5161894645,0,0,0,12,12,5941,5245
compact51__current_roles,2019-10-12 11:00:00,22.1013091855,75.1252645789,0,0,0,12,12,6457,5338
compact51__current_roles,2019-10-12 12:00:00,22.515296257,78.0590239557,0,0,0,12,12,6658,5480
compact51__current_roles,2019-10-12 13:00:00,22.0068011904,72.9579083227,0,0,0,12,12,6412,5201
compact51__current_roles,2019-10-12 14:00:00,25.8438153808,78.1787383453,0,0,0,12,12,7689,5487
compact51__current_roles,2019-10-12 15:00:00,17.1654361932,77.4199493821,0,0,0,12,12,3276,5448
compact51__current_roles,2019-10-12 16:00:00,16.2680671815,101.50321007,0,0,0,12,12,2571,6279
compact51__current_roles,2019-10-12 17:00:00,22.281481468,113.158063769,0,0,0,12,12,6546,6534
compact51__current_roles,2019-10-12 18:00:00,27.9440548451,102.69004447,0,0,0,12,12,8056,6311
compact51__current_roles,2019-10-12 19:00:00,27.5398132671,93.4199801807,0,0,0,12,12,8006,6024
compact51__current_roles,2019-10-12 20:00:00,26.5883476836,105.930968858,0,0,0,12,12,7850,6385
compact51__current_roles,2019-10-12 21:00:00,27.4081470312,63.9706435234,0,0,0,12,12,7989,4290
compact51__current_roles,2019-10-12 22:00:00,29.0378104793,80.9929756853,0,0,0,12,12,8223,5602
compact51__current_roles,2019-10-12 23:00:00,26.3103700913,79.9381041523,0,0,0,12,12,7795,5557
compact51__current_roles,2019-10-13 00:00:00,32.6367984334,91.981887286,0,0,0,13,12,8526,5968
compact51__current_roles,2019-10-13 01:00:00,36.0362684108,149.727575827,1,0,0,12,12,8645,7081
compact51__current_roles,2019-10-13 02:00:00,34.1576085749,125.64822211,1,0,0,12,12,8588,6767
compact51__current_roles,2019-10-13 03:00:00,37.1663522297,111.901879767,0,0,0,12,12,8681,6505
compact51__current_roles,2019-10-13 04:00:00,37.1688512882,114.439098191,0,0,0,12,12,8682,6556
compact51__current_roles,2019-10-13 05:00:00,38.6336402712,146.818738945,1,0,0,12,12,8704,7045
compact51__current_roles,2019-10-13 06:00:00,33.3540952913,90.8807509454,0,0,0,12,12,8551,5932
compact51__current_roles,2019-10-13 07:00:00,32.3567350532,78.6799315867,0,0,0,12,12,8508,5501
compact51__current_roles,2019-10-13 08:00:00,23.3187561498,63.8350951125,0,0,0,12,12,6986,4276
compact51__current_roles,2019-10-13 09:00:00,22.8173484469,64.9376663307,0,0,0,12,12,6793,4438
compact51__current_roles,2019-10-13 10:00:00,21.3933947797,65.854204943,0,0,0,12,12,6132,4548
compact51__current_roles,2019-10-13 11:00:00,18.8926028519,72.6160532386,0,0,0,12,12,4641,5182
compact51__current_roles,2019-10-13 12:00:00,17.5224606976,68.4347607196,0,0,0,12,12,3580,4805
compact51__current_roles,2019-10-13 13:00:00,17.2428740302,68.3585563138,0,0,0,12,12,3336,4798
compact51__current_roles,2019-10-13 14:00:00,18.15706507,64.1504027527,0,0,0,12,12,4069,4321
compact51__current_roles,2019-10-13 15:00:00,20.5020181989,62.0169252586,0,0,0,12,12,5673,3990
compact51__current_roles,2019-10-13 16:00:00,16.7115773917,60.9627497357,0,0,0,12,12,2928,3791
compact51__current_roles,2019-10-13 17:00:00,18.0382752756,56.9894209772,0,0,0,12,12,3997,2928
compact51__current_roles,2019-10-13 18:00:00,20.3347982732,52.8470310403,0,0,0,12,12,5582,1919
compact51__current_roles,2019-10-13 19:00:00,22.6642633126,81.6421888617,0,0,0,12,12,6725,5629
compact51__current_roles,2019-10-13 20:00:00,21.2215473824,97.1214306251,0,0,0,12,12,6043,6151
compact51__current_roles,2019-10-13 21:00:00,21.2265742895,114.958738584,0,0,0,12,12,6045,6566
compact51__current_roles,2019-10-13 22:00:00,25.7129325023,148.363765886,0,0,0,12,12,7662,7065
compact51__current_roles,2019-10-13 23:00:00,30.0132757861,119.585574455,0,0,0,12,12,8352,6640
compact51__current_roles,2019-10-14 00:00:00,24.0019786294,60.4834520874,0,0,0,12,12,7205,3684
compact51__current_roles,2019-10-14 01:00:00,26.3973216492,100.672735596,0,0,0,12,12,7816,6249
compact51__current_roles,2019-10-14 02:00:00,34.1211122714,172.330758729,0,0,0,12,12,8585,7300
compact51__current_roles,2019-10-14 03:00:00,41.597997257,192.070283759,0,0,0,12,12,8728,7441
compact51__current_roles,2019-10-14 04:00:00,52.3405297956,260.115475246,1,0,0,12,12,8757,7814
compact51__current_roles,2019-10-14 05:00:00,35.9722359704,113.218650079,0,0,0,12,12,8643,6536
compact51__current_roles,2019-10-14 06:00:00,19.4948126816,114.526115453,1,0,0,12,12,5047,6560
compact51__current_roles,2019-10-14 07:00:00,21.4048944613,60.6447306011,0,0,0,12,12,6138,3723
compact51__current_roles,2019-10-14 08:00:00,19.879854403,58.5646343137,0,0,0,12,12,5301,3294
compact51__current_roles,2019-10-14 09:00:00,22.0114003337,56.4155347661,0,0,0,12,12,6416,2799
compact51__current_roles,2019-10-14 10:00:00,19.7044154579,66.7635821441,0,0,0,12,12,5182,4640
compact51__current_roles,2019-10-14 11:00:00,18.5281771202,69.9890977627,0,0,0,12,12,4381,4956
compact51__current_roles,2019-10-14 12:00:00,19.2922917758,65.9670112406,0,0,0,12,12,4907,4558
compact51__current_roles,2019-10-14 13:00:00,18.1910662415,66.1936601378,0,0,0,12,12,4092,4587
compact51__current_roles,2019-10-14 14:00:00,17.4370910126,59.9290210917,0,0,0,12,12,3509,3580
compact51__current_roles,2019-10-14 15:00:00,19.7610236075,65.7665596347,0,0,0,13,13,5221,4538
compact51__current_roles,2019-10-14 16:00:00,20.5995081639,70.9178308162,0,0,0,12,11,5726,5040
compact51__current_roles,2019-10-14 17:00:00,20.9654816355,71.8409947388,0,0,0,12,12,5924,5114
compact51__current_roles,2019-10-14 18:00:00,20.3957636921,60.5872258202,0,0,0,12,12,5623,3709
compact51__current_roles,2019-10-14 19:00:00,29.101961012,66.9302879276,0,0,0,12,12,8230,4660
compact51__current_roles,2019-10-14 20:00:00,26.2271332457,80.731602462,0,0,0,12,12,7774,5588
compact51__current_roles,2019-10-14 21:00:00,22.3001838842,91.5062186751,0,0,0,12,12,6554,5954
compact51__current_roles,2019-10-14 22:00:00,20.0386360931,59.7446863853,0,0,0,12,12,5396,3538
compact51__current_roles,2019-10-14 23:00:00,21.5497698761,51.3067769348,0,0,0,12,12,6198,1586
compact51__current_roles,2019-10-15 00:00:00,23.9242601423,52.1773939225,0,0,0,12,12,7185,1776
compact51__current_roles,2019-10-15 01:00:00,25.8011692876,62.5947355387,0,0,0,12,12,7683,4084
compact51__current_roles,2019-10-15 02:00:00,26.9966490443,83.1756692305,0,0,0,12,12,7937,5680
compact51__current_roles,2019-10-15 03:00:00,34.4299687338,113.668751084,1,0,0,12,12,8603,6541
compact51__current_roles,2019-10-15 04:00:00,46.7669629358,117.533849039,0,0,0,12,12,8749,6605
compact51__current_roles,2019-10-15 05:00:00,50.4788515204,129.451495613,0,0,0,12,12,8753,6837
compact51__current_roles,2019-10-15 06:00:00,33.9290149337,70.3788506784,0,0,0,12,12,8576,4994
compact51__current_roles,2019-10-15 07:00:00,34.5166674825,175.865477013,1,0,0,12,12,8608,7331
compact51__current_roles,2019-10-15 08:00:00,34.8748842019,300.574265882,1,0,0,12,12,8618,7932
compact51__current_roles,2019-10-15 09:00:00,26.9777543331,242.926624001,1,0,0,12,12,7930,7734
compact51__current_roles,2019-10-15 10:00:00,24.9653115353,357.591047334,1,0,0,13,12,7475,8080
compact51__current_roles,2019-10-15 11:00:00,25.979419529,687.455545977,1,0,0,12,12,7722,8390
compact51__current_roles,2019-10-15 12:00:00,28.3956923576,938.875057046,2,0,0,12,12,8133,8478
compact51__current_roles,2019-10-15 13:00:00,28.4805916365,675.705336453,2,0,0,12,12,8145,8382
compact51__current_roles,2019-10-15 14:00:00,28.3332702556,488.712555297,2,0,0,12,12,8122,8234
compact51__current_roles,2019-10-15 15:00:00,21.447290236,127.14556333,1,0,0,12,12,6158,6799
compact51__current_roles,2019-10-15 16:00:00,22.8296781805,139.438373946,1,0,0,12,12,6803,6955
compact51__current_roles,2019-10-15 17:00:00,24.5651155734,138.408941771,1,0,0,12,12,7362,6941
compact51__current_roles,2019-10-15 18:00:00,26.3008895554,118.969815557,1,0,0,12,12,7790,6630
compact51__current_roles,2019-10-15 19:00:00,29.8717247963,118.837649984,1,0,0,12,12,8332,6629
compact51__current_roles,2019-10-15 20:00:00,28.5136584495,110.402155155,1,0,0,12,12,8152,6473
compact51__current_roles,2019-10-15 21:00:00,24.7942454488,110.342768798,1,0,0,12,12,7426,6472
compact51__current_roles,2019-10-15 22:00:00,21.3959662283,73.8116775162,0,0,0,13,13,6135,5275
compact51__current_roles,2019-10-15 23:00:00,29.3382976706,102.978439358,0,0,0,12,12,8271,6318
compact51__current_roles,2019-10-16 00:00:00,35.622810069,199.585154999,0,0,0,13,13,8632,7498
compact51__current_roles,2019-10-16 01:00:00,42.7442298966,205.777895751,1,0,0,12,12,8734,7541
compact51__current_roles,2019-10-16 02:00:00,40.6476089567,235.717832407,1,0,0,12,12,8724,7699
compact51__current_roles,2019-10-16 03:00:00,42.2062296235,245.967900335,2,0,0,12,12,8733,7751
compact51__current_roles,2019-10-16 04:00:00,52.2304691869,254.468448097,2,0,0,12,12,8756,7788
compact51__current_roles,2019-10-16 05:00:00,54.1494751354,255.396183211,1,0,0,12,12,8759,7793
compact51__current_roles,2019-10-16 06:00:00,33.519915517,134.929871627,1,0,0,12,12,8558,6902
compact51__current_roles,2019-10-16 07:00:00,27.3411044524,102.313082006,1,0,0,12,12,7981,6304
compact51__current_roles,2019-10-16 08:00:00,27.1539817435,108.932690919,1,0,0,12,12,7954,6445
compact51__current_roles,2019-10-16 09:00:00,27.2274881324,110.514032434,1,0,0,12,12,7964,6474
compact51__current_roles,2019-10-16 10:00:00,23.003255409,99.1385000841,0,0,0,12,12,6884,6203
compact51__current_roles,2019-10-16 11:00:00,23.7022953726,118.641458131,1,0,0,12,12,7117,6624
compact51__current_roles,2019-10-16 12:00:00,23.4258312148,116.57705467,1,0,0,12,12,7014,6588
compact51__current_roles,2019-10-16 13:00:00,26.3459236214,121.7567136,1,0,0,12,12,7804,6692
compact51__current_roles,2019-10-16 14:00:00,24.3063047998,99.0724088506,0,0,0,12,12,7298,6199
compact51__current_roles,2019-10-16 15:00:00,23.1899482808,91.5574791397,0,0,0,12,12,6952,5955
compact51__current_roles,2019-10-16 16:00:00,26.9757474408,101.873582484,1,0,0,12,12,7928,6291
compact51__current_roles,2019-10-16 17:00:00,21.7338812283,75.1409053018,0,0,0,12,12,6283,5340
compact51__current_roles,2019-10-16 18:00:00,26.3170352156,91.0815359242,0,0,0,12,12,7796,5937
compact51__current_roles,2019-10-16 19:00:00,24.9317826754,83.6469662118,0,0,0,12,12,7469,5698
compact51__current_roles,2019-10-16 20:00:00,22.3494342979,78.3973864267,0,0,0,12,12,6574,5491
compact51__current_roles,2019-10-16 21:00:00,22.4264025573,72.0974358276,0,0,0,12,12,6604,5138
compact51__current_roles,2019-10-16 22:00:00,19.9189492968,50.6756292251,0,0,0,12,12,5323,1458
compact51__current_roles,2019-10-16 23:00:00,31.224971009,70.1819783926,0,0,0,12,12,8444,4976
compact51__current_roles,2019-10-17 00:00:00,35.6266036343,151.557945233,0,0,0,12,12,8633,7101
compact51__current_roles,2019-10-17 01:00:00,36.5574542733,139.55243143,0,0,0,12,12,8659,6957
compact51__current_roles,2019-10-17 02:00:00,36.7605222814,135.069293093,0,0,0,12,12,8666,6903
compact51__current_roles,2019-10-17 03:00:00,40.4008547798,148.022088479,0,0,0,12,12,8722,7061
compact51__current_roles,2019-10-17 04:00:00,50.9638072153,142.271552448,0,0,0,12,12,8755,6989
compact51__current_roles,2019-10-17 05:00:00,58.40140719,138.924094364,0,0,0,12,12,8760,6948
compact51__current_roles,2019-10-17 06:00:00,39.1662260058,123.271413491,1,0,0,12,12,8707,6726
compact51__current_roles,2019-10-17 07:00:00,24.6928977571,88.3992742849,0,0,0,12,12,7403,5852
compact51__current_roles,2019-10-17 08:00:00,23.6637077579,99.0959044166,0,0,0,12,12,7099,6200
compact51__current_roles,2019-10-17 09:00:00,26.856238385,98.5371997684,0,0,0,12,12,7913,6183
compact51__current_roles,2019-10-17 10:00:00,22.8786506719,79.8668127595,0,0,0,14,14,6824,5552
compact51__current_roles,2019-10-17 11:00:00,21.8731533427,73.1236073445,0,0,0,13,13,6347,5211
compact51__current_roles,2019-10-17 12:00:00,25.5975483409,76.7779992366,0,0,0,12,11,7631,5420
compact51__current_roles,2019-10-17 13:00:00,23.3124877458,74.1823426366,0,0,0,12,12,6984,5289
compact51__current_roles,2019-10-17 14:00:00,21.2805078203,75.5494297191,0,0,0,12,12,6079,5365
compact51__current_roles,2019-10-17 15:00:00,20.6113627496,81.3531326534,0,0,0,12,12,5730,5619
compact51__current_roles,2019-10-17 16:00:00,23.6824686343,82.1499723368,0,0,0,13,13,7107,5642
compact51__current_roles,2019-10-17 17:00:00,22.4972176818,63.1882808032,0,0,0,12,12,6647,4190
compact51__current_roles,2019-10-17 18:00:00,22.3982168482,81.3661730927,0,0,0,12,12,6598,5620
compact51__current_roles,2019-10-17 19:00:00,22.5142299354,67.1739015303,0,0,0,12,12,6656,4691
compact51__current_roles,2019-10-17 20:00:00,21.4311938443,63.7444485719,0,0,0,12,12,6147,4260
compact51__current_roles,2019-10-17 21:00:00,17.2405025102,57.5048474661,0,0,0,12,12,3333,3065
compact51__current_roles,2019-10-17 22:00:00,18.3405612377,57.1737584175,0,0,0,13,12,4225,2979
compact51__current_roles,2019-10-17 23:00:00,21.1020060339,52.9340445821,0,0,0,12,12,5984,1943
compact51__current_roles,2019-10-18 00:00:00,22.6137614787,59.6692309962,0,0,0,12,12,6694,3524
compact51__current_roles,2019-10-18 01:00:00,23.5168209872,77.2858874752,0,0,0,12,12,7048,5441
compact51__current_roles,2019-10-18 02:00:00,30.3813282334,64.4934848568,0,0,0,12,12,8388,4371
compact51__current_roles,2019-10-18 03:00:00,36.3101499759,68.5516656446,0,0,0,12,12,8656,4817
compact51__current_roles,2019-10-18 04:00:00,50.8914359497,92.1927019623,0,0,0,12,12,8754,5975
compact51__current_roles,2019-10-18 05:00:00,48.3994861962,195.051881036,1,0,0,12,12,8752,7463
compact51__current_roles,2019-10-18 06:00:00,31.3979217464,100.401169635,1,0,0,12,12,8457,6243
compact51__current_roles,2019-10-18 07:00:00,25.9624995446,99.1826102741,0,0,0,12,12,7715,6205
compact51__current_roles,2019-10-18 08:00:00,20.3839917378,146.866438945,1,0,0,12,12,5616,7046
compact51__current_roles,2019-10-18 09:00:00,22.1563548818,149.331696666,1,0,0,12,12,6487,7075
compact51__current_roles,2019-10-18 10:00:00,19.7581248498,514.621609052,1,0,0,12,12,5219,8267
compact51__current_roles,2019-10-18 11:00:00,17.1868306051,723.214993943,0,0,0,12,12,3292,8405
compact51__current_roles,2019-10-18 12:00:00,19.0546373411,675.163517129,0,0,0,12,12,4755,8381
compact51__current_roles,2019-10-18 13:00:00,17.9830404914,512.874145792,1,0,0,12,12,3951,8264
compact51__current_roles,2019-10-18 14:00:00,21.2983174994,117.362234011,1,0,0,12,12,6096,6598
compact51__current_roles,2019-10-18 15:00:00,22.3659828836,99.1349648599,0,0,0,12,12,6585,6202
compact51__current_roles,2019-10-18 16:00:00,20.8169435193,110.695716787,1,0,0,13,13,5852,6479
compact51__current_roles,2019-10-18 17:00:00,21.0233308837,65.1791561001,0,0,0,12,12,5951,4465
compact51__current_roles,2019-10-18 18:00:00,24.438187357,74.9113655971,0,0,0,12,12,7335,5329
compact51__current_roles,2019-10-18 19:00:00,24.5724034862,69.8288816496,0,0,0,12,12,7364,4941
compact51__current_roles,2019-10-18 20:00:00,22.61785926,66.0445719985,0,0,0,12,12,6695,4567
compact51__current_roles,2019-10-18 21:00:00,17.6011686291,62.3988907577,0,0,0,12,12,3648,4054
compact51__current_roles,2019-10-18 22:00:00,13.6689247477,56.2573238443,0,0,0,12,12,855,2762
compact51__current_roles,2019-10-18 23:00:00,16.7957611551,61.0374707791,0,0,0,12,12,2986,3807
compact51__current_roles,2019-10-19 00:00:00,21.8779973742,62.3179305677,0,0,0,12,12,6350,4039
compact51__current_roles,2019-10-19 01:00:00,26.1907467417,63.3576869953,0,0,0,12,12,7759,4210
compact51__current_roles,2019-10-19 02:00:00,32.7305968423,89.4460520292,0,0,0,12,12,8532,5890
compact51__current_roles,2019-10-19 03:00:00,37.6330494241,109.213961979,1,0,0,12,12,8689,6451
compact51__current_roles,2019-10-19 04:00:00,43.1091093226,83.0388555863,0,0,0,12,12,8740,5672
compact51__current_roles,2019-10-19 05:00:00,40.0758013239,156.987190291,1,0,0,12,12,8716,7165
compact51__current_roles,2019-10-19 06:00:00,31.0794314406,157.85634816,1,0,0,12,12,8439,7176
compact51__current_roles,2019-10-19 07:00:00,34.6005758603,79.1583304754,0,0,0,12,12,8611,5520
compact51__current_roles,2019-10-19 08:00:00,32.1781831849,80.8296818012,0,0,0,13,12,8502,5592
compact51__current_roles,2019-10-19 09:00:00,31.3350700407,82.6339533575,0,0,0,12,12,8456,5653
compact51__current_roles,2019-10-19 10:00:00,30.5996328254,100.708340847,0,0,0,12,12,8402,6255
compact51__current_roles,2019-10-19 11:00:00,27.5534809402,105.072682371,0,0,0,12,12,8007,6372
compact51__current_roles,2019-10-19 12:00:00,30.3760566046,107.134398578,0,0,0,12,12,8387,6407
compact51__current_roles,2019-10-19 13:00:00,29.2135669789,95.7198895595,0,0,0,12,12,8248,6105
compact51__current_roles,2019-10-19 14:00:00,32.0529801252,92.9252841725,0,0,0,12,12,8496,6003
compact51__current_roles,2019-10-19 15:00:00,33.7894821165,80.5154825163,0,0,0,12,12,8570,5576
compact51__current_roles,2019-10-19 16:00:00,27.5302910221,78.4313718574,0,0,0,13,13,8003,5492
compact51__current_roles,2019-10-19 17:00:00,28.6096447866,73.0428592584,0,0,0,12,12,8167,5206
compact51__current_roles,2019-10-19 18:00:00,25.4999920209,68.8145714898,0,0,0,12,12,7606,4836
compact51__current_roles,2019-10-19 19:00:00,29.1287889328,76.7198636508,0,0,0,12,12,8236,5418
compact51__current_roles,2019-10-19 20:00:00,27.7145920008,95.3180700108,0,0,0,12,12,8024,6084
compact51__current_roles,2019-10-19 21:00:00,22.2576615848,95.8531045865,0,0,0,12,12,6536,6114
compact51__current_roles,2019-10-19 22:00:00,19.7108722005,99.7128978729,0,0,0,12,12,5188,6223
compact51__current_roles,2019-10-19 23:00:00,22.4911434652,121.257595364,0,0,0,12,12,6645,6687
compact51__current_roles,2019-10-20 00:00:00,32.6352994509,143.109346557,1,0,0,12,12,8525,7004
compact51__current_roles,2019-10-20 01:00:00,31.9942788328,197.061081454,1,0,0,12,12,8492,7481
compact51__current_roles,2019-10-20 02:00:00,32.4550388476,240.719810842,0,0,0,12,12,8514,7724
compact51__current_roles,2019-10-20 03:00:00,32.7291316334,219.876651291,0,0,0,12,12,8531,7614
compact51__current_roles,2019-10-20 04:00:00,32.1226511358,247.241492757,1,0,0,12,12,8500,7757
compact51__current_roles,2019-10-20 05:00:00,40.5845067825,261.008251926,1,0,0,12,12,8723,7816
compact51__current_roles,2019-10-20 06:00:00,46.6584522988,204.478486689,1,0,0,12,12,8747,7531
compact51__current_roles,2019-10-20 07:00:00,38.3372025805,194.363943264,1,0,0,12,12,8700,7459
compact51__current_roles,2019-10-20 08:00:00,29.8715663066,146.985369585,1,0,0,12,12,8331,7048
compact51__current_roles,2019-10-20 09:00:00,27.7836271601,155.122531658,1,0,0,12,12,8040,7147
compact51__current_roles,2019-10-20 10:00:00,28.5648669604,168.96923442,1,0,0,12,12,8159,7269
compact51__current_roles,2019-10-20 11:00:00,26.080096763,169.075606934,1,0,0,12,12,7738,7271
compact51__current_roles,2019-10-20 12:00:00,25.6340137574,146.996229269,1,0,0,12,12,7641,7049
compact51__current_roles,2019-10-20 13:00:00,25.2569321757,128.323369585,1,0,0,12,12,7550,6816
compact51__current_roles,2019-10-20 14:00:00,25.8718757345,134.781163338,1,0,0,12,12,7694,6898
compact51__current_roles,2019-10-20 15:00:00,25.5851059136,109.721914372,1,0,0,12,12,7625,6459
compact51__current_roles,2019-10-20 16:00:00,27.6810968309,110.245384924,1,0,0,12,12,8020,6468
compact51__current_roles,2019-10-20 17:00:00,32.4018224115,109.835911228,1,0,0,12,12,8511,6463
compact51__current_roles,2019-10-20 18:00:00,31.054677365,104.749564399,0,0,0,12,12,8435,6362
compact51__current_roles,2019-10-20 19:00:00,30.1718117736,89.4591084181,0,0,0,12,12,8372,5891
compact51__current_roles,2019-10-20 20:00:00,31.4431259383,91.4148722054,0,0,0,12,12,8461,5948
compact51__current_roles,2019-10-20 21:00:00,25.7842233001,75.1672793036,0,0,0,12,12,7676,5343
compact51__current_roles,2019-10-20 22:00:00,15.702062803,52.7927260594,0,0,0,12,12,2143,1906
compact51__current_roles,2019-10-20 23:00:00,19.9591428292,62.1669102465,0,0,0,12,12,5349,4015
compact51__current_roles,2019-10-21 00:00:00,23.627731384,65.4738164864,0,0,0,12,12,7083,4505
compact51__current_roles,2019-10-21 01:00:00,20.5700162792,69.0222605835,0,0,0,12,12,5705,4860
compact51__current_roles,2019-10-21 02:00:00,23.2992098096,66.8553038587,0,0,0,12,12,6982,4646
compact51__current_roles,2019-10-21 03:00:00,33.0795562938,75.7850808105,0,0,0,12,12,8548,5381
compact51__current_roles,2019-10-21 04:00:00,52.7065074936,91.0925234146,0,0,0,12,12,8758,5938
compact51__current_roles,2019-10-21 05:00:00,39.9880556481,658.334469343,1,0,0,12,12,8714,8370
compact51__current_roles,2019-10-21 06:00:00,25.1153441696,109.885256541,0,0,0,12,12,7511,6464
compact51__current_roles,2019-10-21 07:00:00,19.8705662457,60.0489355973,0,0,0,12,12,5297,3599
compact51__current_roles,2019-10-21 08:00:00,21.7991266184,90.2869583659,0,0,0,13,13,6303,5921
compact51__current_roles,2019-10-21 09:00:00,17.1726385704,73.4563884523,0,0,0,13,12,3282,5242
compact51__current_roles,2019-10-21 10:00:00,17.128164069,73.7631020899,0,0,0,12,12,3240,5269
compact51__current_roles,2019-10-21 11:00:00,23.9052464796,84.1670545353,0,0,0,13,12,7181,5718
compact51__current_roles,2019-10-21 12:00:00,14.4407174905,74.540856229,0,0,0,12,12,1272,5310
compact51__current_roles,2019-10-21 13:00:00,17.3860255592,83.5819114757,0,0,0,12,12,3468,5694
compact51__current_roles,2019-10-21 14:00:00,17.1829025611,185.600491138,1,0,0,12,12,3291,7395
compact51__current_roles,2019-10-21 15:00:00,17.9809740844,84.3620469731,0,0,0,12,12,3949,5724
compact51__current_roles,2019-10-21 16:00:00,18.0922243068,69.2560736365,0,0,0,12,12,4034,4881
compact51__current_roles,2019-10-21 17:00:00,18.4335275441,67.4551808171,0,0,0,12,12,4325,4717
compact51__current_roles,2019-10-21 18:00:00,15.3480797351,70.6781755194,0,0,0,12,12,1893,5024
compact51__current_roles,2019-10-21 19:00:00,15.8452173898,67.8413877258,0,0,0,12,12,2266,4753
compact51__current_roles,2019-10-21 20:00:00,19.2905578767,64.2108501896,0,0,0,12,12,4906,4331
compact51__current_roles,2019-10-21 21:00:00,18.6002606068,61.1550870324,0,0,0,12,12,4429,3828
compact51__current_roles,2019-10-21 22:00:00,19.7722414864,54.6187886729,0,0,0,12,12,5234,2356
compact51__current_roles,2019-10-21 23:00:00,17.1885060685,53.2117803794,0,0,0,13,12,3293,2010
compact51__current_roles,2019-10-22 00:00:00,24.5915644331,86.3506608088,0,0,0,13,12,7372,5800
compact51__current_roles,2019-10-22 01:00:00,25.1322701627,1155.95077978,1,0,0,12,12,7521,8527
compact51__current_roles,2019-10-22 02:00:00,28.5733629124,110.813281128,0,0,0,13,12,8163,6484
compact51__current_roles,2019-10-22 03:00:00,28.5677978648,78.6379743292,0,0,0,12,12,8161,5499
compact51__current_roles,2019-10-22 04:00:00,41.7035082203,148.935931477,0,0,0,12,12,8730,7069
compact51__current_roles,2019-10-22 05:00:00,27.968041338,119.244663755,1,0,0,12,12,8060,6635
compact51__current_roles,2019-10-22 06:00:00,32.6344206945,143.668932444,0,0,0,12,12,8524,7010
compact51__current_roles,2019-10-22 07:00:00,20.7034160562,161.395545334,0,0,0,12,12,5781,7206
compact51__current_roles,2019-10-22 08:00:00,20.9087626602,179.662143787,0,0,0,12,12,5895,7355
compact51__current_roles,2019-10-22 09:00:00,18.7403215028,104.752207095,0,0,0,12,12,4525,6363
compact51__current_roles,2019-10-22 10:00:00,20.7683290222,129.327350166,0,0,0,14,13,5816,6832
compact51__current_roles,2019-10-22 11:00:00,21.9188432214,119.846826368,0,0,0,11,11,6371,6645
compact51__current_roles,2019-10-22 12:00:00,20.0899219075,122.519823793,1,0,0,12,12,5425,6711
compact51__current_roles,2019-10-22 13:00:00,19.5186865138,107.531076158,0,0,0,12,12,5071,6415
compact51__current_roles,2019-10-22 14:00:00,19.5903356431,112.011709386,0,0,0,13,12,5118,6507
compact51__current_roles,2019-10-22 15:00:00,20.615670162,103.78311142,0,0,0,12,12,5732,6342
compact51__current_roles,2019-10-22 16:00:00,19.779579359,67.7747514268,0,0,0,13,12,5240,4748
compact51__current_roles,2019-10-22 17:00:00,18.1034646162,91.5583265301,0,0,0,12,12,4038,5956
compact51__current_roles,2019-10-22 18:00:00,18.371026542,71.6948683223,0,0,0,12,12,4252,5102
compact51__current_roles,2019-10-22 19:00:00,16.3325435335,76.5930593726,0,0,0,12,12,2607,5415
compact51__current_roles,2019-10-22 20:00:00,20.0368113847,532.94118184,1,0,0,13,13,5394,8285
compact51__current_roles,2019-10-22 21:00:00,20.1706540374,69.2144689751,0,0,0,12,12,5481,4878
compact51__current_roles,2019-10-22 22:00:00,21.4854808922,52.1956283231,0,0,0,12,12,6174,1779
compact51__current_roles,2019-10-22 23:00:00,24.2637453447,94.5880345656,0,0,0,12,12,7283,6061
compact51__current_roles,2019-10-23 00:00:00,17.1969156047,54.4759374008,0,0,0,12,12,3296,2320
compact51__current_roles,2019-10-23 01:00:00,19.0555307506,58.6888695332,0,0,0,12,12,4756,3321
compact51__current_roles,2019-10-23 02:00:00,18.6769267347,59.4643949644,0,0,0,12,12,4481,3487
compact51__current_roles,2019-10-23 03:00:00,17.3754007934,58.3037097156,0,0,0,12,12,3457,3235
compact51__current_roles,2019-10-23 04:00:00,24.1291978511,64.1372346914,0,0,0,12,12,7246,4318
compact51__current_roles,2019-10-23 05:00:00,29.0850525782,67.2866902698,0,0,0,12,12,8229,4703
compact51__current_roles,2019-10-23 06:00:00,28.0335637925,101.890513647,0,0,0,12,12,8073,6292
compact51__current_roles,2019-10-23 07:00:00,21.3520429215,1186.89659907,0,0,0,12,12,6118,8536
compact51__current_roles,2019-10-23 08:00:00,21.3137466227,302.701205107,0,0,0,12,12,6106,7941
compact51__current_roles,2019-10-23 09:00:00,22.8769859289,1034.46074632,0,0,0,12,12,6821,8503
compact51__current_roles,2019-10-23 10:00:00,24.0284594592,3764.97861115,0,0,0,13,12,7216,8687
compact51__current_roles,2019-10-23 11:00:00,22.5676793314,4753.22671637,0,0,0,16,15,6679,8707
compact51__current_roles,2019-10-23 12:00:00,18.6535726441,317.638118839,1,0,0,11,11,4467,7984
compact51__current_roles,2019-10-23 13:00:00,22.8096242791,995.74910375,1,0,0,12,12,6789,8495
compact51__current_roles,2019-10-23 14:00:00,19.5212515855,1236.34216402,0,0,0,12,12,5072,8540
compact51__current_roles,2019-10-23 15:00:00,20.1798330279,1139.24728674,0,0,0,12,12,5489,8525
compact51__current_roles,2019-10-23 16:00:00,18.1707944247,398.542692503,0,0,0,12,12,4081,8136
compact51__current_roles,2019-10-23 17:00:00,18.6373419769,515.725627068,0,0,0,12,12,4457,8269
compact51__current_roles,2019-10-23 18:00:00,18.453255994,1425.87705232,0,0,0,11,11,4336,8568
compact51__current_roles,2019-10-23 19:00:00,25.6753922129,236.023436968,1,0,0,11,11,7653,7705
compact51__current_roles,2019-10-23 20:00:00,26.2885343862,226.890706667,1,0,0,13,13,7787,7649
compact51__current_roles,2019-10-23 21:00:00,26.1827911479,535.901735789,1,0,0,11,11,7756,8287
compact51__current_roles,2019-10-23 22:00:00,26.7866122107,2986.20411655,1,0,0,12,12,7897,8668
compact51__current_roles,2019-10-23 23:00:00,22.699454632,2967.56769315,0,0,0,12,12,6741,8667
compact51__current_roles,2019-10-24 00:00:00,21.9762495336,317.118167515,0,0,0,12,12,6397,7978
compact51__current_roles,2019-10-24 01:00:00,18.4637336587,123.364041641,0,0,0,12,12,4342,6728
compact51__current_roles,2019-10-24 02:00:00,20.3244261823,157.366587154,0,0,0,12,12,5576,7169
compact51__current_roles,2019-10-24 03:00:00,18.542103899,98.6635288525,0,0,0,12,12,4390,6186
compact51__current_roles,2019-10-24 04:00:00,20.7911978135,76.3634001403,0,0,0,12,12,5836,5402
compact51__current_roles,2019-10-24 05:00:00,24.3631311433,53.9934110375,0,0,0,12,12,7318,2196
compact51__current_roles,2019-10-24 06:00:00,21.9926111835,53.5032259609,0,0,0,12,12,6404,2082
compact51__current_roles,2019-10-24 07:00:00,25.4228427203,139.676245652,0,0,0,12,12,7586,6960
compact51__current_roles,2019-10-24 08:00:00,23.8897147124,165.98157566,0,0,0,12,12,7174,7245
compact51__current_roles,2019-10-24 09:00:00,27.0971539825,252.391299576,0,0,0,12,12,7948,7779
compact51__current_roles,2019-10-24 10:00:00,28.1582725862,2278.95717586,0,0,0,14,13,8098,8639
compact51__current_roles,2019-10-24 11:00:00,25.0852184969,863.284130569,1,0,0,12,12,7505,8458
compact51__current_roles,2019-10-24 12:00:00,27.7603940688,665.748813482,1,0,0,12,12,8034,8375
compact51__current_roles,2019-10-24 13:00:00,30.4665704193,581.68160735,1,0,0,12,12,8393,8323
compact51__current_roles,2019-10-24 14:00:00,26.2544053094,1854.16617349,1,0,0,12,12,7781,8606
compact51__current_roles,2019-10-24 15:00:00,24.7546748342,1408.82621219,1,0,0,12,12,7417,8563
compact51__current_roles,2019-10-24 16:00:00,28.4262125134,4052.85344592,0,0,0,12,12,8135,8694
compact51__current_roles,2019-10-24 17:00:00,27.0882035076,901.285300986,0,0,0,12,12,7944,8469
compact51__current_roles,2019-10-24 18:00:00,29.2057297458,425.425514813,0,0,0,14,14,8246,8161
compact51__current_roles,2019-10-24 19:00:00,30.1492903111,305.689060283,1,0,0,11,11,8368,7951
compact51__current_roles,2019-10-24 20:00:00,39.2502774142,275.842284039,1,0,0,12,12,8708,7857
compact51__current_roles,2019-10-24 21:00:00,36.776398767,348.364955488,0,0,0,12,12,8668,8061
compact51__current_roles,2019-10-24 22:00:00,33.0803475056,216.457614402,0,0,0,12,12,8549,7595
compact51__current_roles,2019-10-24 23:00:00,39.8425253741,264.177924446,0,0,0,12,12,8713,7822
compact51__current_roles,2019-10-25 00:00:00,20.0892705403,140.68729914,0,0,0,12,12,5424,6976
compact51__current_roles,2019-10-25 01:00:00,19.4030475697,123.213016045,0,0,0,12,12,4977,6724
compact51__current_roles,2019-10-25 02:00:00,22.3020718173,117.441995748,0,0,0,12,12,6555,6601
compact51__current_roles,2019-10-25 03:00:00,25.403349026,85.1437126648,0,0,0,12,12,7580,5752
compact51__current_roles,2019-10-25 04:00:00,38.099646216,166.287262255,0,0,0,12,12,8699,7249
compact51__current_roles,2019-10-25 05:00:00,28.6279228944,267.895219944,0,0,0,12,12,8171,7834
compact51__current_roles,2019-10-25 06:00:00,26.181201395,120.411649658,0,0,0,12,12,7755,6660
compact51__current_roles,2019-10-25 07:00:00,20.9185449887,271.903110861,0,0,0,12,12,5900,7845
compact51__current_roles,2019-10-25 08:00:00,24.6437677914,92.8869244352,0,0,0,12,12,7386,5999
compact51__current_roles,2019-10-25 09:00:00,25.6718257565,111.313474991,1,0,0,12,12,7651,6492
compact51__current_roles,2019-10-25 10:00:00,30.0457455492,147.867807224,1,0,0,12,12,8357,7060
compact51__current_roles,2019-10-25 11:00:00,31.0108750466,172.156818382,1,0,0,12,12,8429,7299
compact51__current_roles,2019-10-25 12:00:00,26.6150350267,153.152193664,1,0,0,12,12,7859,7123
compact51__current_roles,2019-10-25 13:00:00,25.7935471168,147.151163344,1,0,0,12,12,7680,7052
compact51__current_roles,2019-10-25 14:00:00,32.3056434496,270.141132262,1,0,0,12,12,8504,7842
compact51__current_roles,2019-10-25 15:00:00,29.260477787,233.897596003,1,0,0,12,12,8255,7684
compact51__current_roles,2019-10-25 16:00:00,29.7698086744,183.682399783,1,0,0,12,12,8321,7384
compact51__current_roles,2019-10-25 17:00:00,30.7199434667,270.228729653,1,0,0,12,12,8413,7843
compact51__current_roles,2019-10-25 18:00:00,29.8442164999,325.523757248,1,0,0,12,12,8328,8000
compact51__current_roles,2019-10-25 19:00:00,37.0214614028,958.37334366,1,0,0,12,12,8675,8482
compact51__current_roles,2019-10-25 20:00:00,35.7450281577,5306.38089196,0,0,0,12,12,8637,8714
compact51__current_roles,2019-10-25 21:00:00,24.343246155,130.389239003,0,0,0,12,12,7308,6845
compact51__current_roles,2019-10-25 22:00:00,21.1387607456,57.8988549273,0,0,0,12,12,6002,3160
compact51__current_roles,2019-10-25 23:00:00,26.7475713863,103.411108882,0,0,0,12,12,7889,6328
compact51__current_roles,2019-10-26 00:00:00,23.7562849003,73.696101047,0,0,0,12,12,7133,5257
compact51__current_roles,2019-10-26 01:00:00,21.3198830853,65.7975940494,0,0,0,12,12,6110,4544
compact51__current_roles,2019-10-26 02:00:00,19.3516567776,66.8191190808,0,0,0,12,12,4940,4643
compact51__current_roles,2019-10-26 03:00:00,21.0736764,69.981944354,0,0,0,12,12,5967,4954
compact51__current_roles,2019-10-26 04:00:00,19.9317299083,69.3467246574,0,0,0,12,12,5331,4890
compact51__current_roles,2019-10-26 05:00:00,20.0832294566,91.0934674048,0,0,0,12,12,5420,5939
compact51__current_roles,2019-10-26 06:00:00,23.7685815814,140.66561134,0,0,0,12,12,7139,6975
compact51__current_roles,2019-10-26 07:00:00,18.3869801296,75.3459779697,0,0,0,12,12,4272,5352
compact51__current_roles,2019-10-26 08:00:00,22.1314373146,54.5635813486,0,0,0,12,12,6478,2340
compact51__current_roles,2019-10-26 09:00:00,24.7445715856,185.57879498,0,0,0,12,12,7414,7394
compact51__current_roles,2019-10-26 10:00:00,25.6065465336,131.192401422,0,0,0,12,12,7634,6857
compact51__current_roles,2019-10-26 11:00:00,23.4352602386,94.210569605,0,0,0,12,12,7019,6052
compact51__current_roles,2019-10-26 12:00:00,22.8591963348,69.5145677139,0,0,0,12,12,6812,4909
compact51__current_roles,2019-10-26 13:00:00,21.1486416409,85.5102122676,0,0,0,12,12,6007,5772
compact51__current_roles,2019-10-26 14:00:00,20.4401036531,73.6471348832,0,0,0,12,12,5650,5253
compact51__current_roles,2019-10-26 15:00:00,20.3553636274,62.9958345568,0,0,0,12,12,5599,4153
compact51__current_roles,2019-10-26 16:00:00,19.8433618324,181.951169957,0,0,0,12,12,5280,7376
compact51__current_roles,2019-10-26 17:00:00,24.079079449,176.450094603,0,0,0,12,12,7225,7339
compact51__current_roles,2019-10-26 18:00:00,22.9412580096,112.216724991,0,0,0,12,12,6850,6512
compact51__current_roles,2019-10-26 19:00:00,23.7290826881,79.7677527849,0,0,0,12,12,7127,5549
compact51__current_roles,2019-10-26 20:00:00,21.6268336049,51.0368812003,0,0,0,12,12,6233,1527
compact51__current_roles,2019-10-26 21:00:00,26.0270903966,182.185072853,0,0,0,12,12,7725,7378
compact51__current_roles,2019-10-26 22:00:00,23.1734811687,111.649735286,0,0,0,12,12,6944,6502
compact51__current_roles,2019-10-26 23:00:00,26.7271032075,557.310245224,0,0,0,12,12,7887,8300
compact51__current_roles,2019-10-27 00:00:00,18.3776220075,159.309842222,0,0,0,13,13,4263,7189
compact51__current_roles,2019-10-27 01:00:00,18.2259887948,43.4634149431,0,0,0,11,11,4131,350
compact51__current_roles,2019-10-27 02:00:00,17.6368747833,51.059064571,0,0,0,12,12,3672,1530
compact51__current_roles,2019-10-27 03:00:00,17.1334477208,45.9840142732,0,0,0,12,12,3249,634
compact51__current_roles,2019-10-27 04:00:00,18.7602441968,75.5411752917,0,0,0,12,12,4535,5364
compact51__current_roles,2019-10-27 05:00:00,19.1572393534,82.4340568804,0,0,0,12,12,4823,5647
compact51__current_roles,2019-10-27 06:00:00,16.8824838018,114.566239619,0,0,0,12,12,3057,6562
compact51__current_roles,2019-10-27 07:00:00,14.6049019955,48.3722823581,0,0,0,12,12,1372,1033
compact51__current_roles,2019-10-27 08:00:00,17.420140365,85.1649914806,0,0,0,12,12,3495,5755
compact51__current_roles,2019-10-27 09:00:00,18.001738578,102.69068427,0,0,0,12,12,3965,6312
compact51__current_roles,2019-10-27 10:00:00,18.2149844715,77.2840535713,0,0,0,12,12,4116,5440
compact51__current_roles,2019-10-27 11:00:00,19.505245943,53.6329816249,0,0,0,12,12,5060,2116
compact51__current_roles,2019-10-27 12:00:00,19.1923627,55.3524104496,0,0,0,12,12,4848,2545
compact51__current_roles,2019-10-27 13:00:00,18.9821435449,55.0980631983,0,0,0,12,12,4708,2481
compact51__current_roles,2019-10-27 14:00:00,20.2962355514,71.2710483926,0,0,0,12,12,5556,5073
compact51__current_roles,2019-10-27 15:00:00,19.9976134637,67.8152213944,0,0,0,12,12,5372,4752
compact51__current_roles,2019-10-27 16:00:00,16.8665766949,82.9657155741,0,0,0,12,12,3038,5670
compact51__current_roles,2019-10-27 17:00:00,20.1094977921,126.721199501,0,0,0,12,12,5447,6789
compact51__current_roles,2019-10-27 18:00:00,18.1366776056,51.3237849512,0,0,0,12,12,4057,1589
compact51__current_roles,2019-10-27 19:00:00,17.9077765749,49.3987011947,0,0,0,12,12,3890,1225
compact51__current_roles,2019-10-27 20:00:00,23.9510361178,104.513164668,0,0,0,12,12,7192,6357
compact51__current_roles,2019-10-27 21:00:00,22.2385620349,132.335567428,0,0,0,12,12,6530,6868
compact51__current_roles,2019-10-27 22:00:00,20.8956379808,82.4740485016,0,0,0,12,12,5886,5648
compact51__current_roles,2019-10-27 23:00:00,21.6066937724,117.918763403,0,0,0,12,12,6228,6613
compact51__current_roles,2019-10-28 00:00:00,18.713478719,158.548691195,0,0,0,12,12,4502,7180
compact51__current_roles,2019-10-28 01:00:00,19.9441426239,153.998903641,0,0,0,12,12,5335,7131
compact51__current_roles,2019-10-28 02:00:00,20.8262033229,612.193116941,0,0,0,12,12,5858,8341
compact51__current_roles,2019-10-28 03:00:00,23.2797992114,803.049916333,0,0,0,12,12,6978,8436
compact51__current_roles,2019-10-28 04:00:00,26.7981050866,233.088626091,0,0,0,12,12,7901,7681
compact51__current_roles,2019-10-28 05:00:00,37.6102952785,1676.43648686,0,0,0,12,12,8688,8588
compact51__current_roles,2019-10-28 06:00:00,31.9225843928,3905.51815219,1,0,0,12,12,8487,8691
compact51__current_roles,2019-10-28 07:00:00,21.479948967,749.395104613,1,0,0,12,12,6172,8418
compact51__current_roles,2019-10-28 08:00:00,22.3861262397,455.509039484,1,0,0,12,12,6590,8197
compact51__current_roles,2019-10-28 09:00:00,24.3259236052,522.827715261,1,0,0,12,12,7303,8274
compact51__current_roles,2019-10-28 10:00:00,23.4540038123,6614.71420634,0,0,0,12,12,7026,8724
compact51__current_roles,2019-10-28 11:00:00,20.032555654,266.512912188,0,0,0,12,12,5391,7828
compact51__current_roles,2019-10-28 12:00:00,19.5710591449,2188.46397388,0,0,0,12,12,5103,8632
compact51__current_roles,2019-10-28 13:00:00,21.2341537731,278.345973848,0,0,0,12,12,6054,7865
compact51__current_roles,2019-10-28 14:00:00,23.0747613436,1574.63521945,1,0,0,12,12,6915,8580
compact51__current_roles,2019-10-28 15:00:00,22.3506873503,842.418550547,0,0,0,12,12,6575,8451
compact51__current_roles,2019-10-28 16:00:00,20.9563216882,1794.94321454,0,0,0,12,12,5919,8599
compact51__current_roles,2019-10-28 17:00:00,24.1171379565,399.972764729,1,0,0,14,13,7239,8138
compact51__current_roles,2019-10-28 18:00:00,26.2537477251,58.8635328845,0,0,0,11,11,7780,3364
compact51__current_roles,2019-10-28 19:00:00,25.8898277793,97.8931846696,0,0,0,12,12,7699,6167
compact51__current_roles,2019-10-28 20:00:00,30.9336082263,124.042847866,1,0,0,12,12,8427,6742
compact51__current_roles,2019-10-28 21:00:00,24.3571997189,833.828946444,1,0,0,12,12,7314,8448
compact51__current_roles,2019-10-28 22:00:00,26.7121962297,135.104954548,0,0,0,12,12,7879,6904
compact51__current_roles,2019-10-28 23:00:00,28.8501566564,496.315989466,0,0,0,12,12,8195,8244
compact51__current_roles,2019-10-29 00:00:00,22.4982735951,1002.78857698,1,0,0,12,12,6648,8497
compact51__current_roles,2019-10-29 01:00:00,22.1792446973,584.671793776,0,0,0,12,12,6495,8326
compact51__current_roles,2019-10-29 02:00:00,21.9465658165,620.125781073,0,0,0,12,12,6386,8347
compact51__current_roles,2019-10-29 03:00:00,18.0465371043,1844.46452259,0,0,0,12,12,4002,8605
compact51__current_roles,2019-10-29 04:00:00,20.0481843313,3449.09693838,1,0,0,12,12,5403,8683
compact51__current_roles,2019-10-29 05:00:00,31.714686762,394.488139002,1,0,0,12,12,8473,8127
compact51__current_roles,2019-10-29 06:00:00,25.5517663625,652.54217319,1,0,0,12,12,7614,8364
compact51__current_roles,2019-10-29 07:00:00,22.7884706867,241.341613768,1,0,0,12,12,6778,7725
compact51__current_roles,2019-10-29 08:00:00,22.6938946189,218.814084464,1,0,0,12,12,6739,7609
compact51__current_roles,2019-10-29 09:00:00,19.3375567428,832.608938241,1,0,0,12,12,4929,8447
compact51__current_roles,2019-10-29 10:00:00,21.603901659,381.260400851,1,0,0,13,12,6225,8113
compact51__current_roles,2019-10-29 11:00:00,24.4493719843,269.119078713,1,0,0,12,12,7338,7841
compact51__current_roles,2019-10-29 12:00:00,23.763527238,251.65558918,1,0,0,12,12,7135,7777
compact51__current_roles,2019-10-29 13:00:00,24.374342479,223.207134872,1,0,0,12,12,7320,7632
compact51__current_roles,2019-10-29 14:00:00,24.3257216282,247.705325289,1,0,0,12,12,7302,7761
compact51__current_roles,2019-10-29 15:00:00,22.4307826969,314.56306732,1,0,0,11,10,6606,7972
compact51__current_roles,2019-10-29 16:00:00,24.9650757878,344.004090545,1,0,0,12,12,7474,8049
compact51__current_roles,2019-10-29 17:00:00,23.1234621038,975.485052632,1,0,0,11,11,6931,8489
compact51__current_roles,2019-10-29 18:00:00,21.5121313961,3223.01781484,0,0,0,12,12,6186,8675
compact51__current_roles,2019-10-29 19:00:00,28.2015001957,240.116081218,1,0,0,12,12,8107,7723
compact51__current_roles,2019-10-29 20:00:00,30.5664332076,438.189243918,1,0,0,9,9,8399,8177
compact51__current_roles,2019-10-29 21:00:00,29.2636219381,247.916540138,1,0,0,12,12,8256,7762
compact51__current_roles,2019-10-29 22:00:00,22.9620113897,595.113031636,0,0,0,12,12,6863,8334
compact51__current_roles,2019-10-29 23:00:00,36.2051898149,2206.69738758,1,0,0,12,12,8651,8634
compact51__current_roles,2019-10-30 00:00:00,30.8544828273,878.385518162,1,0,0,12,12,8423,8464
compact51__current_roles,2019-10-30 01:00:00,25.5693212125,513.786926237,1,0,0,12,12,7620,8265
compact51__current_roles,2019-10-30 02:00:00,26.681106467,683.361113809,1,0,0,12,12,7875,8386
compact51__current_roles,2019-10-30 03:00:00,24.7755769044,1134.26794637,1,0,0,12,12,7424,8523
compact51__current_roles,2019-10-30 04:00:00,27.8254215324,263.727392911,1,0,0,12,12,8046,7821
compact51__current_roles,2019-10-30 05:00:00,30.4078002268,474.276779567,1,0,0,12,12,8389,8219
compact51__current_roles,2019-10-30 06:00:00,21.3137626874,76.1574302244,0,0,0,12,12,6107,5397
compact51__current_roles,2019-10-30 07:00:00,17.6455324365,136.761328439,0,0,0,12,12,3676,6923
compact51__current_roles,2019-10-30 08:00:00,17.918116983,649.615128714,1,0,0,12,12,3899,8361
compact51__current_roles,2019-10-30 09:00:00,14.8528117463,489.728046978,0,0,0,12,12,1560,8236
compact51__current_roles,2019-10-30 10:00:00,17.8393378049,75.4962393598,0,0,0,12,12,3835,5361
compact51__current_roles,2019-10-30 11:00:00,16.5951673298,845.916795155,0,0,0,12,12,2834,8452
compact51__current_roles,2019-10-30 12:00:00,16.3820270435,539.195405716,1,0,0,12,12,2645,8290
compact51__current_roles,2019-10-30 13:00:00,20.3900926073,172.519938542,1,0,0,12,12,5618,7302
compact51__current_roles,2019-10-30 14:00:00,18.7023414932,248.910955677,1,0,0,12,12,4495,7771
compact51__current_roles,2019-10-30 15:00:00,19.6871839984,213.032537538,1,0,0,12,12,5174,7573
compact51__current_roles,2019-10-30 16:00:00,25.3468275568,490.980719627,1,0,0,12,12,7568,8238
compact51__current_roles,2019-10-30 17:00:00,16.7673352841,79.4994108887,0,0,0,12,12,2968,5533
compact51__current_roles,2019-10-30 18:00:00,23.6981378007,697.404772938,0,0,0,12,12,7115,8397
compact51__current_roles,2019-10-30 19:00:00,27.7128950215,432.634282544,1,0,0,12,12,8023,8170
compact51__current_roles,2019-10-30 20:00:00,34.2532325754,527.044396346,1,0,0,12,12,8594,8279
compact51__current_roles,2019-10-30 21:00:00,31.0328173349,394.593571066,0,0,0,9,9,8432,8128
compact51__current_roles,2019-10-30 22:00:00,23.3434507918,114.386329356,0,0,0,12,12,6994,6555
compact51__current_roles,2019-10-30 23:00:00,25.9787656906,109.616667261,0,0,0,12,12,7721,6457
compact51__current_roles,2019-10-31 00:00:00,18.9705718553,75.7249433087,0,0,0,12,12,4700,5377
compact51__current_roles,2019-10-31 01:00:00,15.7444756133,73.7722405595,0,0,0,12,12,2186,5271
compact51__current_roles,2019-10-31 02:00:00,16.0431086507,57.3926525616,0,0,0,12,12,2405,3039
compact51__current_roles,2019-10-31 03:00:00,14.2692761726,68.400905464,0,0,0,12,12,1159,4803
compact51__current_roles,2019-10-31 04:00:00,17.3179587135,77.2880328312,0,0,0,12,12,3411,5442
compact51__current_roles,2019-10-31 05:00:00,25.377141224,63.022725204,0,0,0,12,12,7576,4161
compact51__current_roles,2019-10-31 06:00:00,26.783297005,914.193380903,0,0,0,12,12,7895,8472
compact51__current_roles,2019-10-31 07:00:00,20.9251308208,2330.5594734,0,0,0,12,12,5905,8644
compact51__current_roles,2019-10-31 08:00:00,24.6849865967,3344.44533612,0,0,0,12,12,7401,8676
compact51__current_roles,2019-10-31 09:00:00,22.105295944,171.708847579,1,0,0,12,12,6460,7296
compact51__current_roles,2019-10-31 10:00:00,18.6642624648,82.7398092788,0,0,0,12,12,4474,5660
compact51__current_roles,2019-10-31 11:00:00,17.2257335734,70.6239069304,0,0,0,10,9,3321,5020
compact51__current_roles,2019-10-31 12:00:00,22.8198134041,180.476184183,0,0,0,11,11,6796,7363
compact51__current_roles,2019-10-31 13:00:00,28.8231597335,5887.18662512,1,0,0,13,13,8192,8720
compact51__current_roles,2019-10-31 14:00:00,23.1835052602,141.047671796,0,0,0,12,12,6948,6980
compact51__current_roles,2019-10-31 15:00:00,18.6722754387,206.70814653,0,0,0,12,12,4477,7544
compact51__current_roles,2019-10-31 16:00:00,19.972827147,63.0846352984,0,0,0,12,12,5355,4172
compact51__current_roles,2019-10-31 17:00:00,24.9110288675,122.355733628,0,0,0,12,12,7460,6704
compact51__current_roles,2019-10-31 18:00:00,23.1876316866,180.497345079,0,0,0,12,12,6950,7364
compact51__current_roles,2019-10-31 19:00:00,22.4230957512,881.937139808,0,0,0,13,13,6602,8466
compact51__current_roles,2019-10-31 20:00:00,24.0844837466,187.056637221,0,0,0,11,11,7228,7404
compact51__current_roles,2019-10-31 21:00:00,23.4004991877,248.90186609,0,0,0,14,14,7011,7770
compact51__current_roles,2019-10-31 22:00:00,25.0055375169,350.145720603,0,0,0,12,12,7486,8067
compact51__current_roles,2019-10-31 23:00:00,25.796476674,227.411297393,0,0,0,14,13,7682,7654
compact51__current_roles,2019-11-01 00:00:00,18.3798920565,67.1609853124,0,0,0,14,14,4266,4688
compact51__current_roles,2019-11-01 01:00:00,13.1028639334,50.5716410263,0,0,0,11,11,602,1430
compact51__current_roles,2019-11-01 02:00:00,15.3383579911,49.7753301819,0,0,0,12,12,1884,1305
compact51__current_roles,2019-11-01 03:00:00,19.267509384,62.3881843145,0,0,0,12,12,4894,4051
compact51__current_roles,2019-11-01 04:00:00,18.8096420563,48.391041847,0,0,0,12,12,4576,1037
compact51__current_roles,2019-11-01 05:00:00,16.1846925206,44.0817586427,0,0,0,12,12,2517,421
compact51__current_roles,2019-11-01 06:00:00,17.7314059753,51.2216647545,0,0,0,13,13,3753,1566
compact51__current_roles,2019-11-01 07:00:00,17.5413293681,44.3163355283,0,0,0,12,12,3596,449
compact51__current_roles,2019-11-01 08:00:00,20.2965485157,49.0131844353,0,0,0,12,12,5557,1152
compact51__current_roles,2019-11-01 09:00:00,22.4212789564,52.9482586899,0,0,0,12,12,6601,1946
compact51__current_roles,2019-11-01 10:00:00,24.6819676255,152.991433924,0,0,0,12,12,7400,7117
compact51__current_roles,2019-11-01 11:00:00,21.2759713133,63.440888275,0,0,0,12,12,6077,4222
compact51__current_roles,2019-11-01 12:00:00,17.7186853232,196.786154619,0,0,0,12,12,3741,7478
compact51__current_roles,2019-11-01 13:00:00,17.1564139084,209.358151347,0,0,0,12,12,3261,7561
compact51__current_roles,2019-11-01 14:00:00,16.8051726962,261.487541299,0,0,0,14,14,2991,7817
compact51__current_roles,2019-11-01 15:00:00,18.6959115144,2441.75419654,0,0,0,10,10,4493,8649
compact51__current_roles,2019-11-01 16:00:00,20.4307973812,218.35254985,0,0,0,12,12,5644,7608
compact51__current_roles,2019-11-01 17:00:00,18.1012758637,122.47471287,0,0,0,12,12,4037,6709
compact51__current_roles,2019-11-01 18:00:00,25.8676793542,293.421119377,0,0,0,13,12,7693,7918
compact51__current_roles,2019-11-01 19:00:00,23.9127324767,45.3508878505,0,0,0,12,12,7183,567
compact51__current_roles,2019-11-01 20:00:00,32.3746254256,63.5563348398,0,0,0,12,12,8509,4239
compact51__current_roles,2019-11-01 21:00:00,24.6279496346,47.9162478776,0,0,0,12,12,7381,940
compact51__current_roles,2019-11-01 22:00:00,24.0011830304,49.5683827732,0,0,0,12,12,7204,1259
compact51__current_roles,2019-11-01 23:00:00,29.3261847957,114.905428907,0,0,0,12,12,8269,6564
compact51__current_roles,2019-11-02 00:00:00,25.7657142495,79.5095593939,0,0,0,12,12,7671,5534
compact51__current_roles,2019-11-02 01:00:00,28.7865962006,200.560423851,1,0,0,12,12,8188,7506
compact51__current_roles,2019-11-02 02:00:00,29.2802314507,497.280682651,1,0,0,12,12,8259,8246
compact51__current_roles,2019-11-02 03:00:00,31.1980268683,372.163076184,1,0,0,12,12,8441,8104
compact51__current_roles,2019-11-02 04:00:00,28.4342492825,164.809438201,1,0,0,12,12,8136,7236
compact51__current_roles,2019-11-02 05:00:00,26.2355550735,139.05103033,1,0,0,12,12,7776,6952
compact51__current_roles,2019-11-02 06:00:00,23.6518654416,1784.13583784,0,0,0,12,12,7095,8597
compact51__current_roles,2019-11-02 07:00:00,18.0676442316,76.3103447874,0,0,0,12,12,4017,5400
compact51__current_roles,2019-11-02 08:00:00,22.9585402194,45.7924360119,0,0,0,12,12,6859,613
compact51__current_roles,2019-11-02 09:00:00,30.6928598183,101.693706785,0,0,0,12,12,8408,6285
compact51__current_roles,2019-11-02 10:00:00,27.1577706557,137.529313441,0,0,0,12,12,7955,6934
compact51__current_roles,2019-11-02 11:00:00,22.6521730817,194.087600002,0,0,0,12,12,6716,7458
compact51__current_roles,2019-11-02 12:00:00,18.9449186655,109.257172769,0,0,0,12,12,4684,6454
compact51__current_roles,2019-11-02 13:00:00,21.3093965201,317.403592485,0,0,0,12,12,6104,7980
compact51__current_roles,2019-11-02 14:00:00,22.7327106668,481.968620444,0,0,0,12,12,6756,8225
compact51__current_roles,2019-11-02 15:00:00,23.5157889345,222.05226745,0,0,0,12,12,7046,7624
compact51__current_roles,2019-11-02 16:00:00,20.3799738857,86.0280961729,0,0,0,12,12,5612,5792
compact51__current_roles,2019-11-02 17:00:00,23.6400617503,81.3167914786,0,0,0,12,12,7087,5615
compact51__current_roles,2019-11-02 18:00:00,28.0172133038,71.4058137179,0,0,0,12,12,8068,5089
compact51__current_roles,2019-11-02 19:00:00,30.1509744866,59.2543250771,0,0,0,12,12,8370,3443
compact51__current_roles,2019-11-02 20:00:00,28.9235523802,58.0288296812,0,0,0,13,12,8206,3181
compact51__current_roles,2019-11-02 21:00:00,23.0830597431,49.3556996462,0,0,0,12,12,6918,1214
compact51__current_roles,2019-11-02 22:00:00,19.3127056531,46.8834557699,0,0,0,12,12,4920,770
compact51__current_roles,2019-11-02 23:00:00,21.0021411285,48.6718498208,0,0,0,12,12,5938,1090
compact51__current_roles,2019-11-03 00:00:00,18.8130084703,55.2923720643,0,0,0,12,12,4582,2537
compact51__current_roles,2019-11-03 01:00:00,17.8967798504,43.6691089912,0,0,7,24,12,3879,374
compact51__current_roles,2019-11-03 02:00:00,14.3293850522,45.2651206103,0,0,0,12,12,1198,556
compact51__current_roles,2019-11-03 03:00:00,19.0828911965,93.5616960586,0,0,0,12,12,4774,6029
compact51__current_roles,2019-11-03 04:00:00,19.7668888154,45.5961635277,0,0,0,12,12,5227,588
compact51__current_roles,2019-11-03 05:00:00,20.355861715,54.224340803,0,0,0,12,12,5600,2247
compact51__current_roles,2019-11-03 06:00:00,22.1162367961,63.2506354405,0,0,0,12,12,6465,4198
compact51__current_roles,2019-11-03 07:00:00,20.587268577,46.1671962748,0,0,0,12,12,5718,660
compact51__current_roles,2019-11-03 08:00:00,19.3327664159,49.7582002741,0,0,0,12,12,4926,1302
compact51__current_roles,2019-11-03 09:00:00,21.4454611649,85.9138716594,0,0,0,12,12,6157,5786
compact51__current_roles,2019-11-03 10:00:00,18.9706362082,62.9220885976,0,0,0,12,12,4701,4143
compact51__current_roles,2019-11-03 11:00:00,22.6233781487,514.887764535,0,0,0,12,12,6700,8268
compact51__current_roles,2019-11-03 12:00:00,20.2997789542,168.981598327,0,0,0,12,12,5559,7270
compact51__current_roles,2019-11-03 13:00:00,19.586266261,83.831727492,0,0,0,12,12,5114,5710
compact51__current_roles,2019-11-03 14:00:00,17.7688072267,56.7675806003,0,0,0,12,12,3775,2881
compact51__current_roles,2019-11-03 15:00:00,16.1061054214,49.273868346,0,0,0,12,12,2450,1195
compact51__current_roles,2019-11-03 16:00:00,17.5353955022,50.4888880235,0,0,0,12,12,3591,1415
compact51__current_roles,2019-11-03 17:00:00,21.7664528118,58.3237942627,0,0,0,12,12,6291,3236
compact51__current_roles,2019-11-03 18:00:00,21.7140408829,58.5552067575,0,0,0,12,12,6275,3288
compact51__current_roles,2019-11-03 19:00:00,20.4094456477,49.2811531,0,0,0,12,12,5631,1197
compact51__current_roles,2019-11-03 20:00:00,19.2192023906,48.3999303509,0,0,0,12,12,4860,1041
compact51__current_roles,2019-11-03 21:00:00,18.4825681817,47.7513801162,0,0,0,12,12,4353,917
compact51__current_roles,2019-11-03 22:00:00,17.6199289135,47.7458680668,0,0,0,12,12,3656,915
compact51__current_roles,2019-11-03 23:00:00,21.2607479415,58.7306924346,0,0,0,12,12,6071,3338
compact51__current_roles,2019-11-04 00:00:00,19.9446841853,96.6257707864,0,0,0,12,12,5336,6141
compact51__current_roles,2019-11-04 01:00:00,19.5322814745,64.0188871588,0,0,0,12,12,5078,4296
compact51__current_roles,2019-11-04 02:00:00,23.5955541128,62.0332139518,0,0,0,12,12,7070,3994
compact51__current_roles,2019-11-04 03:00:00,21.7127917774,50.5021622795,0,0,0,12,12,6272,1416
compact51__current_roles,2019-11-04 04:00:00,23.2298844297,166.356583845,0,0,0,12,12,6962,7250
compact51__current_roles,2019-11-04 05:00:00,20.61673253,83.7085110965,0,0,0,12,12,5734,5703
compact51__current_roles,2019-11-04 06:00:00,22.4573855795,118.579317195,0,0,0,12,12,6621,6622
compact51__current_roles,2019-11-04 07:00:00,21.9642370316,49.8768564325,0,0,0,12,12,6392,1320
compact51__current_roles,2019-11-04 08:00:00,16.5571785241,49.883565029,0,0,0,12,12,2796,1321
compact51__current_roles,2019-11-04 09:00:00,17.4325383685,108.717381545,0,0,0,12,12,3505,6441
compact51__current_roles,2019-11-04 10:00:00,16.4608743462,75.6536140853,0,0,0,12,12,2720,5371
compact51__current_roles,2019-11-04 11:00:00,16.6841353779,232.846742498,0,0,0,12,12,2910,7680
compact51__current_roles,2019-11-04 12:00:00,16.5304471034,343.308232743,0,0,0,12,12,2770,8046
compact51__current_roles,2019-11-04 13:00:00,16.9232133235,455.742407214,0,0,0,12,12,3094,8198
compact51__current_roles,2019-11-04 14:00:00,17.3074995966,214.618266668,0,0,0,12,12,3404,7581
compact51__current_roles,2019-11-04 15:00:00,14.9014096965,120.402513589,0,0,0,13,13,1603,6659
compact51__current_roles,2019-11-04 16:00:00,16.6509301709,195.947562777,0,0,0,12,12,2885,7470
compact51__current_roles,2019-11-04 17:00:00,16.004652985,149.175601163,0,0,0,12,12,2380,7072
compact51__current_roles,2019-11-04 18:00:00,23.1185913403,618.872447129,0,0,0,12,12,6930,8346
compact51__current_roles,2019-11-04 19:00:00,25.0752229863,306.306480842,0,0,0,12,12,7502,7954
compact51__current_roles,2019-11-04 20:00:00,21.9903499894,155.808899897,0,0,0,12,12,6401,7153
compact51__current_roles,2019-11-04 21:00:00,21.2921200637,102.925969788,0,0,0,12,12,6092,6316
compact51__current_roles,2019-11-04 22:00:00,17.6071559837,78.3859080404,0,0,0,12,12,3652,5490
compact51__current_roles,2019-11-04 23:00:00,18.2675021598,88.2759464612,0,0,0,12,12,4170,5850
compact51__current_roles,2019-11-05 00:00:00,19.4520848752,99.1051753846,0,0,0,12,12,5015,6201
compact51__current_roles,2019-11-05 01:00:00,25.5774860094,214.22957452,0,0,0,12,12,7621,7579
compact51__current_roles,2019-11-05 02:00:00,24.383220488,299.398771728,0,0,0,12,12,7322,7930
compact51__current_roles,2019-11-05 03:00:00,19.2716978519,117.817051159,0,0,0,12,12,4897,6611
compact51__current_roles,2019-11-05 04:00:00,21.9333604954,96.3916159206,0,0,0,12,12,6380,6133
compact51__current_roles,2019-11-05 05:00:00,20.2649431722,51.232882905,0,0,0,12,12,5537,1568
compact51__current_roles,2019-11-05 06:00:00,21.3913478821,78.8726110205,0,0,0,12,12,6131,5509
compact51__current_roles,2019-11-05 07:00:00,21.7546285051,150.979354061,0,0,0,12,12,6288,7098
compact51__current_roles,2019-11-05 08:00:00,18.2482659689,180.289833225,0,0,0,12,12,4149,7360
compact51__current_roles,2019-11-05 09:00:00,18.6121951782,2331.49717463,1,0,0,12,12,4440,8645
compact51__current_roles,2019-11-05 10:00:00,17.9856448577,686.542803351,1,0,0,12,12,3954,8387
compact51__current_roles,2019-11-05 11:00:00,16.1026552301,309.355845219,0,0,0,12,12,2448,7962
compact51__current_roles,2019-11-05 12:00:00,15.2965959945,75.784692217,0,0,0,12,12,1860,5380
compact51__current_roles,2019-11-05 13:00:00,15.9923184259,75.3248993545,0,0,0,12,12,2373,5351
compact51__current_roles,2019-11-05 14:00:00,16.5966805829,100.046743432,0,0,0,12,12,2837,6233
compact51__current_roles,2019-11-05 15:00:00,13.246527276,46.392145794,0,0,0,12,12,667,692
compact51__current_roles,2019-11-05 16:00:00,15.0683759459,234.731164797,1,0,0,12,12,1698,7689
compact51__current_roles,2019-11-05 17:00:00,20.3546403931,3866.76888193,1,0,0,12,12,5598,8689
compact51__current_roles,2019-11-05 18:00:00,20.9738907414,189.030823922,0,0,0,12,12,5929,7415
compact51__current_roles,2019-11-05 19:00:00,21.2531958931,361.731971413,0,0,0,12,12,6064,8091
compact51__current_roles,2019-11-05 20:00:00,19.2798165477,126.2144351,0,0,0,12,12,4900,6777
compact51__current_roles,2019-11-05 21:00:00,19.6189160582,103.549503621,0,0,0,12,12,5135,6332
compact51__current_roles,2019-11-05 22:00:00,18.4184202456,60.2019506956,0,0,0,12,12,4308,3629
compact51__current_roles,2019-11-05 23:00:00,17.7355659249,63.8040522881,0,0,0,12,12,3757,4268
compact51__current_roles,2019-11-06 00:00:00,19.5986214956,70.9456843177,0,0,0,12,12,5123,5045
compact51__current_roles,2019-11-06 01:00:00,16.1113761647,55.7854745808,0,0,0,12,12,2453,2643
compact51__current_roles,2019-11-06 02:00:00,18.9202532174,76.9587927532,0,0,0,12,12,4666,5429
compact51__current_roles,2019-11-06 03:00:00,18.1791554372,69.0429571505,0,0,0,12,12,4085,4861
compact51__current_roles,2019-11-06 04:00:00,17.8185664184,97.8665761543,0,0,0,12,12,3815,6166
compact51__current_roles,2019-11-06 05:00:00,34.8293347679,172.475919005,0,0,0,12,12,8616,7301
compact51__current_roles,2019-11-06 06:00:00,39.2676474266,302.785364372,1,0,0,12,12,8709,7942
compact51__current_roles,2019-11-06 07:00:00,43.5560972879,92.5478365675,0,0,0,12,12,8743,5986
compact51__current_roles,2019-11-06 08:00:00,43.4096601055,146.340636235,1,0,0,12,12,8742,7042
compact51__current_roles,2019-11-06 09:00:00,32.534908436,759.496447498,1,0,0,12,12,8517,8424
compact51__current_roles,2019-11-06 10:00:00,28.2401420583,730.65551135,1,0,0,12,12,8112,8408
compact51__current_roles,2019-11-06 11:00:00,24.6640626244,673.349815296,1,0,0,12,12,7392,8379
compact51__current_roles,2019-11-06 12:00:00,25.8432307905,5240.88755193,0,0,0,10,10,7688,8712
compact51__current_roles,2019-11-06 13:00:00,25.5159550155,509.362119614,1,0,0,12,12,7608,8260
compact51__current_roles,2019-11-06 14:00:00,24.0917503984,850.069532317,1,0,0,12,12,7230,8453
compact51__current_roles,2019-11-06 15:00:00,19.4373100971,215.378195388,0,0,0,12,12,5002,7586
compact51__current_roles,2019-11-06 16:00:00,26.208210274,104.55764311,0,0,0,11,11,7767,6358
compact51__current_roles,2019-11-06 17:00:00,39.7853961044,771.313710283,1,0,0,12,12,8712,8431
compact51__current_roles,2019-11-06 18:00:00,43.0577228675,319.872748862,0,0,0,12,12,8738,7988
compact51__current_roles,2019-11-06 19:00:00,37.0518474575,454.237338925,0,0,0,12,12,8676,8195
compact51__current_roles,2019-11-06 20:00:00,30.1499800493,104.274484748,0,0,0,12,12,8369,6353
compact51__current_roles,2019-11-06 21:00:00,28.7072361587,87.6131151525,0,0,0,12,12,8182,5829
compact51__current_roles,2019-11-06 22:00:00,26.9350232069,166.939877007,0,0,0,12,12,7924,7254
compact51__current_roles,2019-11-06 23:00:00,26.4957214857,661.043047676,1,0,0,12,12,7833,8372
compact51__current_roles,2019-11-07 00:00:00,30.4810866734,247.704912092,0,0,0,12,12,8395,7760
compact51__current_roles,2019-11-07 01:00:00,34.4964305691,119.054417456,1,0,0,12,12,8606,6631
compact51__current_roles,2019-11-07 02:00:00,32.8192658792,123.383958918,1,0,0,12,12,8535,6729
compact51__current_roles,2019-11-07 03:00:00,31.76480427,471.704072325,1,0,0,12,12,8475,8213
compact51__current_roles,2019-11-07 04:00:00,30.0657824564,145.363731245,0,0,0,12,12,8359,7026
compact51__current_roles,2019-11-07 05:00:00,32.5981759113,80.2237318112,0,0,0,12,12,8520,5564
compact51__current_roles,2019-11-07 06:00:00,43.0892467259,473.876727466,1,0,0,12,12,8739,8217
compact51__current_roles,2019-11-07 07:00:00,45.2165665101,1172.73722715,0,0,0,12,12,8745,8531
compact51__current_roles,2019-11-07 08:00:00,40.0423953385,1855.83101353,0,0,0,12,12,8715,8607
compact51__current_roles,2019-11-07 09:00:00,33.4684782294,1315.74373529,0,0,0,12,12,8556,8548
compact51__current_roles,2019-11-07 10:00:00,35.5705080169,400.026927083,1,0,0,12,12,8631,8139
compact51__current_roles,2019-11-07 11:00:00,36.6839044492,538.049544808,1,0,0,12,12,8664,8288
compact51__current_roles,2019-11-07 12:00:00,32.9492332706,2114.23709544,1,0,0,13,13,8542,8626
compact51__current_roles,2019-11-07 13:00:00,33.0078195039,1377.29400251,1,0,0,12,12,8545,8557
compact51__current_roles,2019-11-07 14:00:00,28.630019085,216.983577157,0,0,0,12,12,8173,7600
compact51__current_roles,2019-11-07 15:00:00,24.2790628065,107.91102227,0,0,0,12,12,7289,6424
compact51__current_roles,2019-11-07 16:00:00,27.7153242654,113.881317451,0,0,0,12,12,8025,6545
compact51__current_roles,2019-11-07 17:00:00,28.7972360483,114.52883872,0,0,0,12,12,8189,6561
compact51__current_roles,2019-11-07 18:00:00,40.2479956899,286.73419792,1,0,0,12,12,8719,7904
compact51__current_roles,2019-11-07 19:00:00,36.964129625,1868.90637719,1,0,0,12,12,8673,8609
compact51__current_roles,2019-11-07 20:00:00,30.0206946399,258.168299191,0,0,0,12,12,8354,7805
compact51__current_roles,2019-11-07 21:00:00,24.7623418457,99.0318394527,0,0,0,12,12,7421,6197
compact51__current_roles,2019-11-07 22:00:00,30.6978538012,198.918426036,0,0,0,12,12,8409,7493
compact51__current_roles,2019-11-07 23:00:00,29.7720311077,155.319049059,0,0,0,12,12,8322,7149
compact51__current_roles,2019-11-08 00:00:00,32.2311628613,284.195192702,1,0,0,12,12,8503,7889
compact51__current_roles,2019-11-08 01:00:00,38.0012184259,105.98572459,1,0,0,12,12,8697,6388
compact51__current_roles,2019-11-08 02:00:00,33.0540445275,105.053564655,1,0,0,12,12,8547,6370
compact51__current_roles,2019-11-08 03:00:00,29.1637626533,176.410799082,1,0,0,12,12,8240,7337
compact51__current_roles,2019-11-08 04:00:00,31.669308348,92.9108203171,0,0,0,12,12,8470,6002
compact51__current_roles,2019-11-08 05:00:00,35.8988350996,125.630241009,1,0,0,12,12,8640,6763
compact51__current_roles,2019-11-08 06:00:00,37.2436283946,410.319269452,1,0,0,12,12,8684,8149
compact51__current_roles,2019-11-08 07:00:00,41.9895710526,301.786774742,0,0,0,12,12,8731,7937
compact51__current_roles,2019-11-08 08:00:00,35.1733798477,119.180695483,0,0,0,12,12,8622,6634
compact51__current_roles,2019-11-08 09:00:00,21.4690250101,99.9364143218,0,0,0,12,12,6168,6232
compact51__current_roles,2019-11-08 10:00:00,23.9110519036,107.350469953,0,0,0,12,12,7182,6410
compact51__current_roles,2019-11-08 11:00:00,23.044471754,115.216216772,0,0,0,12,12,6903,6570
compact51__current_roles,2019-11-08 12:00:00,19.9535423417,93.3630469103,0,0,0,12,12,5344,6023
compact51__current_roles,2019-11-08 13:00:00,19.1282840351,89.0923947786,0,0,0,12,12,4801,5875
compact51__current_roles,2019-11-08 14:00:00,20.9009532401,254.363894704,1,0,0,12,12,5889,7787
compact51__current_roles,2019-11-08 15:00:00,21.5822088281,1110.09839086,0,0,0,12,12,6213,8519
compact51__current_roles,2019-11-08 16:00:00,26.3229886679,2568.84971771,0,0,0,12,12,7800,8653
compact51__current_roles,2019-11-08 17:00:00,35.0630662065,1675.83862091,1,0,0,12,12,8621,8587
compact51__current_roles,2019-11-08 18:00:00,32.6127882058,1072.6730812,1,0,0,12,12,8523,8509
compact51__current_roles,2019-11-08 19:00:00,37.4029980219,1908.28068749,1,0,0,12,12,8687,8611
compact51__current_roles,2019-11-08 20:00:00,30.9672503138,5498.9903064,1,0,0,12,12,8428,8716
compact51__current_roles,2019-11-08 21:00:00,26.6318281374,89.3771771,0,0,0,12,12,7863,5889
compact51__current_roles,2019-11-08 22:00:00,29.9561993694,314.78054448,0,0,0,12,12,8345,7973
compact51__current_roles,2019-11-08 23:00:00,29.4948315981,282.243289015,0,0,0,12,12,8288,7885
compact51__current_roles,2019-11-09 00:00:00,34.1413653746,624.794253736,0,0,0,12,12,8587,8350
compact51__current_roles,2019-11-09 01:00:00,29.271926351,87.7107856713,0,0,0,12,12,8257,5832
compact51__current_roles,2019-11-09 02:00:00,28.6794087879,1958.61007238,0,0,0,12,12,8178,8615
compact51__current_roles,2019-11-09 03:00:00,34.0380537171,107.968346388,1,0,0,12,12,8581,6425
compact51__current_roles,2019-11-09 04:00:00,32.5945195312,86.8925846172,0,0,0,12,12,8519,5812
compact51__current_roles,2019-11-09 05:00:00,38.3687494388,100.353030678,1,0,0,12,12,8702,6242
compact51__current_roles,2019-11-09 06:00:00,37.9174262019,108.222947095,0,0,0,12,12,8695,6430
compact51__current_roles,2019-11-09 07:00:00,36.0096130635,561.9297067,1,0,0,12,12,8644,8304
compact51__current_roles,2019-11-09 08:00:00,29.3131163072,359.979742999,1,0,0,12,12,8266,8086
compact51__current_roles,2019-11-09 09:00:00,24.3062851552,145.613303837,0,0,0,12,12,7297,7030
compact51__current_roles,2019-11-09 10:00:00,25.4302435121,191.656866304,0,0,0,12,12,7588,7436
compact51__current_roles,2019-11-09 11:00:00,27.4827309783,2902.21156661,0,0,0,12,12,7997,8663
compact51__current_roles,2019-11-09 12:00:00,25.8804747909,224.777386062,0,0,0,12,12,7696,7641
compact51__current_roles,2019-11-09 13:00:00,27.7330990976,296.441667027,0,0,0,12,12,8030,7927
compact51__current_roles,2019-11-09 14:00:00,29.4414640901,733.441736561,1,0,0,12,12,8281,8410
compact51__current_roles,2019-11-09 15:00:00,30.0367098346,740.267199404,0,0,0,12,12,8356,8413
compact51__current_roles,2019-11-09 16:00:00,29.8028625985,199.636858528,1,0,0,12,12,8324,7499
compact51__current_roles,2019-11-09 17:00:00,26.8476439573,96.374207119,0,0,0,12,12,7912,6132
compact51__current_roles,2019-11-09 18:00:00,31.1451090272,109.17739377,0,0,0,12,12,8440,6450
compact51__current_roles,2019-11-09 19:00:00,34.2584875502,102.425830164,0,0,0,13,12,8595,6305
compact51__current_roles,2019-11-09 20:00:00,27.5659758208,92.8887311713,0,0,0,12,12,8010,6000
compact51__current_roles,2019-11-09 21:00:00,22.7990884797,96.3176821171,0,0,0,12,12,6784,6129
compact51__current_roles,2019-11-09 22:00:00,23.2612857518,152.973255592,1,0,0,12,12,6973,7115
compact51__current_roles,2019-11-09 23:00:00,21.9178383247,97.3889453005,0,0,0,12,12,6367,6159
compact51__current_roles,2019-11-10 00:00:00,28.1795591591,96.6915134644,0,0,0,12,12,8104,6142
compact51__current_roles,2019-11-10 01:00:00,25.130004597,95.7333289108,0,0,0,12,12,7520,6108
compact51__current_roles,2019-11-10 02:00:00,28.0909864329,258.521131052,1,0,0,12,12,8090,7807
compact51__current_roles,2019-11-10 03:00:00,25.6031682757,92.8034222274,0,0,0,12,12,7632,5995
compact51__current_roles,2019-11-10 04:00:00,26.7817413737,235.037707105,0,0,0,12,12,7894,7696
compact51__current_roles,2019-11-10 05:00:00,28.9106972621,290.009122713,0,0,0,12,12,8204,7913
compact51__current_roles,2019-11-10 06:00:00,23.3800064076,86.5564422013,0,0,0,12,12,7006,5804
compact51__current_roles,2019-11-10 07:00:00,23.3212195342,84.4410157054,0,0,0,12,12,6988,5728
compact51__current_roles,2019-11-10 08:00:00,24.2478642085,137.848174518,1,0,0,12,12,7277,6935
compact51__current_roles,2019-11-10 09:00:00,26.5765284511,280.5102574,1,0,0,12,12,7848,7879
compact51__current_roles,2019-11-10 10:00:00,31.652580234,284.915725549,1,0,0,12,12,8469,7895
compact51__current_roles,2019-11-10 11:00:00,33.8583845545,211.167266838,1,0,0,12,12,8573,7568
compact51__current_roles,2019-11-10 12:00:00,29.0727003146,513.806731496,1,0,0,12,12,8227,8266
compact51__current_roles,2019-11-10 13:00:00,26.9933301425,307.037634865,1,0,0,12,12,7936,7957
compact51__current_roles,2019-11-10 14:00:00,29.158722002,530.069623987,1,0,0,12,12,8239,8283
compact51__current_roles,2019-11-10 15:00:00,31.2583084426,344.280641936,1,0,0,12,12,8448,8051
compact51__current_roles,2019-11-10 16:00:00,28.8166335604,460.909116429,0,0,0,12,12,8191,8201
compact51__current_roles,2019-11-10 17:00:00,28.0861054343,92.0696296048,0,0,0,12,12,8088,5970
compact51__current_roles,2019-11-10 18:00:00,26.6947727893,95.1919133383,0,0,0,12,12,7878,6082
compact51__current_roles,2019-11-10 19:00:00,25.0618359118,89.8226956249,0,0,0,12,12,7500,5902
compact51__current_roles,2019-11-10 20:00:00,19.627964441,103.303162033,0,0,0,12,12,5139,6327
compact51__current_roles,2019-11-10 21:00:00,22.8702411147,120.428272408,0,0,0,12,12,6818,6661
compact51__current_roles,2019-11-10 22:00:00,23.2312034835,113.011365849,0,0,0,12,12,6964,6532
compact51__current_roles,2019-11-10 23:00:00,25.595395378,115.566039478,0,0,0,12,12,7630,6576
compact51__current_roles,2019-11-11 00:00:00,40.0991509963,360.92458018,0,0,0,12,12,8717,8089
compact51__current_roles,2019-11-11 01:00:00,47.0230981257,451.351043967,0,0,0,12,12,8750,8192
compact51__current_roles,2019-11-11 02:00:00,46.7245599751,360.116031975,0,0,0,12,12,8748,8087
compact51__current_roles,2019-11-11 03:00:00,43.0258782801,128.097849785,0,0,0,12,12,8737,6810
compact51__current_roles,2019-11-11 04:00:00,36.259614225,118.056398603,0,0,0,12,12,8655,6616
compact51__current_roles,2019-11-11 05:00:00,30.0770774383,93.7885242692,0,0,0,12,12,8361,6035
compact51__current_roles,2019-11-11 06:00:00,28.4916585705,624.609632125,0,0,0,12,12,8147,8349
compact51__current_roles,2019-11-11 07:00:00,28.3133491144,1207.59262552,0,0,0,11,11,8119,8539
compact51__current_roles,2019-11-11 08:00:00,27.4365051471,330.644333372,0,0,0,12,12,7992,8010
compact51__current_roles,2019-11-11 09:00:00,23.0507422693,5548.09279589,1,0,0,12,12,6907,8718
compact51__current_roles,2019-11-11 10:00:00,22.4402040732,3942.53451874,0,0,0,12,12,6609,8693
compact51__current_roles,2019-11-11 11:00:00,21.7607634519,217.536142437,1,0,0,12,12,6289,7605
compact51__current_roles,2019-11-11 12:00:00,26.3095353644,228.912866849,1,0,0,12,12,7794,7663
compact51__current_roles,2019-11-11 13:00:00,24.980085993,121.150175218,1,0,0,12,12,7481,6683
compact51__current_roles,2019-11-11 14:00:00,28.1663197165,115.677210052,0,0,0,12,12,8101,6579
compact51__current_roles,2019-11-11 15:00:00,24.671342561,106.952524587,0,0,0,12,12,7396,6403
compact51__current_roles,2019-11-11 16:00:00,20.2002460386,108.525165475,0,0,0,12,12,5500,6438
compact51__current_roles,2019-11-11 17:00:00,23.4328320798,112.518095125,0,0,0,12,12,7018,6517
compact51__current_roles,2019-11-11 18:00:00,21.7288779779,118.011722219,0,0,0,12,12,6281,6615
compact51__current_roles,2019-11-11 19:00:00,23.1399852325,109.232596525,0,0,0,12,12,6934,6453
compact51__current_roles,2019-11-11 20:00:00,25.7866584837,110.669591701,0,0,0,12,12,7677,6478
compact51__current_roles,2019-11-11 21:00:00,27.2802694226,129.70419208,0,0,0,12,12,7973,6840
compact51__current_roles,2019-11-11 22:00:00,30.3269631077,199.952763409,1,0,0,12,12,8385,7502
compact51__current_roles,2019-11-11 23:00:00,26.5780705578,223.117959413,1,0,0,12,12,7849,7630
compact51__current_roles,2019-11-12 00:00:00,31.8475948727,98.655208887,0,0,0,12,12,8478,6185
compact51__current_roles,2019-11-12 01:00:00,38.0207955635,165.008737273,0,0,0,12,12,8698,7237
compact51__current_roles,2019-11-12 02:00:00,34.2253833356,156.491376244,0,0,0,12,12,8591,7160
compact51__current_roles,2019-11-12 03:00:00,35.8291432041,177.766851377,0,0,0,12,12,8639,7347
compact51__current_roles,2019-11-12 04:00:00,26.5150851562,85.8904582804,0,0,0,12,12,7840,5785
compact51__current_roles,2019-11-12 05:00:00,28.1189584435,85.9979360296,0,0,0,12,12,8095,5791
compact51__current_roles,2019-11-12 06:00:00,34.3136554559,157.383080798,1,0,0,12,12,8601,7170
compact51__current_roles,2019-11-12 07:00:00,32.333766438,261.693292165,1,0,0,12,12,8507,7819
compact51__current_roles,2019-11-12 08:00:00,31.2074393641,108.754026002,0,0,0,12,12,8443,6442
compact51__current_roles,2019-11-12 09:00:00,24.6798750366,104.757663017,0,0,0,12,12,7399,6364
compact51__current_roles,2019-11-12 10:00:00,28.5344636126,134.270711004,1,0,0,13,12,8155,6893
compact51__current_roles,2019-11-12 11:00:00,27.0732684407,125.635241437,1,0,0,12,12,7942,6765
compact51__current_roles,2019-11-12 12:00:00,29.0281934787,303.883631376,1,0,0,12,12,8221,7944
compact51__current_roles,2019-11-12 13:00:00,29.5494685993,2871.10368708,1,0,0,12,12,8293,8662
compact51__current_roles,2019-11-12 14:00:00,21.3955628109,234.786742157,0,0,0,12,12,6134,7690
compact51__current_roles,2019-11-12 15:00:00,24.8859663798,306.015460582,1,0,0,12,12,7447,7953
compact51__current_roles,2019-11-12 16:00:00,22.7628011842,86.8682081693,0,0,0,12,12,6767,5810
compact51__current_roles,2019-11-12 17:00:00,24.392602259,337.636345446,1,0,0,12,12,7324,8028
compact51__current_roles,2019-11-12 18:00:00,33.7441809092,171.416357295,1,0,0,12,12,8566,7294
compact51__current_roles,2019-11-12 19:00:00,31.9128748301,138.830344406,1,0,0,12,12,8484,6946
compact51__current_roles,2019-11-12 20:00:00,28.749733307,175.661210382,1,0,0,12,12,8186,7330
compact51__current_roles,2019-11-12 21:00:00,28.8479971763,308.275782664,1,0,0,13,13,8194,7961
compact51__current_roles,2019-11-12 22:00:00,30.1829458362,271.478096093,0,0,0,12,12,8373,7844
compact51__current_roles,2019-11-12 23:00:00,37.7347290515,248.610439789,1,0,0,13,13,8692,7769
compact51__current_roles,2019-11-13 00:00:00,28.0811857559,75.1523277971,0,0,0,14,14,8086,5341
compact51__current_roles,2019-11-13 01:00:00,34.5806559793,82.7462751379,0,0,0,10,10,8609,5661
compact51__current_roles,2019-11-13 02:00:00,42.9013962079,340.024573933,1,0,0,12,12,8736,8033
compact51__current_roles,2019-11-13 03:00:00,37.3273842563,156.459946611,1,0,0,12,12,8686,7159
compact51__current_roles,2019-11-13 04:00:00,34.3364113043,116.434200245,1,0,0,12,12,8602,6586
compact51__current_roles,2019-11-13 05:00:00,29.5638187358,101.486221477,0,0,0,12,12,8296,6278
compact51__current_roles,2019-11-13 06:00:00,29.1382402278,235.762732209,1,0,0,12,12,8237,7701
compact51__current_roles,2019-11-13 07:00:00,42.1053319759,202.385498746,1,0,0,12,12,8732,7520
compact51__current_roles,2019-11-13 08:00:00,34.6995888123,329.520296656,1,0,0,12,12,8612,8005
compact51__current_roles,2019-11-13 09:00:00,34.2511981507,569.096694455,1,0,0,12,12,8593,8312
compact51__current_roles,2019-11-13 10:00:00,23.5029938462,26619.8013957,1,0,0,12,12,7043,8748
compact51__current_roles,2019-11-13 11:00:00,20.5808460351,403.433743393,0,0,0,12,12,5716,8140
compact51__current_roles,2019-11-13 12:00:00,18.4134194187,341.455064446,1,0,0,12,12,4303,8039
compact51__current_roles,2019-11-13 13:00:00,16.5688408217,856.938223325,1,0,0,12,12,2807,8456
compact51__current_roles,2019-11-13 14:00:00,19.8511887821,102.676504997,0,0,0,10,10,5284,6310
compact51__current_roles,2019-11-13 15:00:00,18.8185636567,199.092297792,1,0,0,11,11,4588,7494
compact51__current_roles,2019-11-13 16:00:00,18.7338209085,110.826452824,0,0,0,12,12,4519,6485
compact51__current_roles,2019-11-13 17:00:00,23.6819237225,164.34016507,0,0,0,12,12,7106,7235
compact51__current_roles,2019-11-13 18:00:00,27.1171910312,118.501933983,0,0,0,12,12,7950,6621
compact51__current_roles,2019-11-13 19:00:00,22.4792701918,110.2907933,0,0,0,12,12,6636,6469
compact51__current_roles,2019-11-13 20:00:00,17.179537029,87.9990900705,0,0,0,12,12,3287,5838
compact51__current_roles,2019-11-13 21:00:00,13.220922936,62.3642698302,0,0,0,12,12,653,4048
compact51__current_roles,2019-11-13 22:00:00,13.061021532,47.9295293386,0,0,0,13,13,588,943
compact51__current_roles,2019-11-13 23:00:00,14.3913914666,44.9603263129,0,0,0,12,12,1237,525
compact51__current_roles,2019-11-14 00:00:00,17.6366115492,98.932954696,0,0,0,12,12,3671,6193
compact51__current_roles,2019-11-14 01:00:00,17.2582827422,71.2900321266,0,0,0,12,12,3354,5077
compact51__current_roles,2019-11-14 02:00:00,17.7464135115,96.9000565223,0,0,0,12,12,3762,6147
compact51__current_roles,2019-11-14 03:00:00,18.1532056927,92.158357283,0,0,0,12,12,4067,5974
compact51__current_roles,2019-11-14 04:00:00,19.3989891568,133.287959776,0,0,0,12,12,4974,6881
compact51__current_roles,2019-11-14 05:00:00,22.8220704885,152.428838958,0,0,0,12,12,6798,7108
compact51__current_roles,2019-11-14 06:00:00,16.0132471612,60.631649567,0,0,0,12,12,2390,3721
compact51__current_roles,2019-11-14 07:00:00,14.7667125096,63.0030791477,0,0,0,12,12,1495,4156
compact51__current_roles,2019-11-14 08:00:00,15.2076097077,67.0569568702,0,0,0,12,12,1782,4672
compact51__current_roles,2019-11-14 09:00:00,16.3871583577,60.5409064733,0,0,0,12,12,2654,3699
compact51__current_roles,2019-11-14 10:00:00,17.6920184149,144.380091577,0,0,0,12,12,3712,7016
compact51__current_roles,2019-11-14 11:00:00,15.6365938343,313.924522264,0,0,0,12,11,2100,7970
compact51__current_roles,2019-11-14 12:00:00,16.8966951168,63.613401899,0,0,0,12,12,3069,4248
compact51__current_roles,2019-11-14 13:00:00,20.6667061811,77.5062149763,0,0,0,12,12,5757,5454
compact51__current_roles,2019-11-14 14:00:00,17.0955850997,73.1603781405,0,0,0,12,12,3225,5214
compact51__current_roles,2019-11-14 15:00:00,15.0376820588,69.1077606486,0,0,0,11,11,1678,4865
compact51__current_roles,2019-11-14 16:00:00,13.4518137869,64.0546124067,0,0,0,11,10,752,4300
compact51__current_roles,2019-11-14 17:00:00,14.5090744073,64.5543908532,0,0,0,12,12,1309,4383
compact51__current_roles,2019-11-14 18:00:00,17.3235208661,100.754949237,0,0,0,12,12,3416,6257
compact51__current_roles,2019-11-14 19:00:00,16.997919722,96.0380516632,0,0,0,12,12,3142,6122
compact51__current_roles,2019-11-14 20:00:00,15.9276788259,91.4306168165,0,0,0,12,12,2334,5949
compact51__current_roles,2019-11-14 21:00:00,17.149601831,142.002074634,0,0,0,12,12,3256,6987
compact51__current_roles,2019-11-14 22:00:00,17.1275928418,122.270340239,0,0,0,12,12,3239,6702
compact51__current_roles,2019-11-14 23:00:00,18.8244402169,112.41946196,0,0,0,12,12,4597,6515
compact51__current_roles,2019-11-15 00:00:00,19.7084412378,63.0823522821,0,0,0,12,12,5187,4170
compact51__current_roles,2019-11-15 01:00:00,15.7994190273,47.5776253525,0,0,0,12,12,2231,884
compact51__current_roles,2019-11-15 02:00:00,15.7960827379,47.4351876909,0,0,0,12,12,2226,860
compact51__current_roles,2019-11-15 03:00:00,16.761009897,65.7503093313,0,0,0,12,12,2962,4536
compact51__current_roles,2019-11-15 04:00:00,17.2793635545,60.7554781857,0,0,0,12,12,3373,3743
compact51__current_roles,2019-11-15 05:00:00,21.4362364378,94.673028138,0,0,0,12,12,6154,6069
compact51__current_roles,2019-11-15 06:00:00,21.2509891707,301.843153039,0,0,0,12,12,6063,7938
compact51__current_roles,2019-11-15 07:00:00,21.9074652519,932.66519577,0,0,0,12,12,6361,8477
compact51__current_roles,2019-11-15 08:00:00,19.6254228427,2141.30480119,0,0,0,12,12,5137,8631
compact51__current_roles,2019-11-15 09:00:00,18.5728546685,361.180456156,0,0,0,12,12,4415,8090
compact51__current_roles,2019-11-15 10:00:00,16.6862510843,896.950930951,1,0,0,13,12,2911,8468
compact51__current_roles,2019-11-15 11:00:00,16.7740657994,156.829433026,1,0,0,12,12,2974,7163
compact51__current_roles,2019-11-15 12:00:00,18.4803588199,193.629835167,1,0,0,12,12,4350,7453
compact51__current_roles,2019-11-15 13:00:00,17.9336908305,194.952334911,1,0,0,12,12,3911,7461
compact51__current_roles,2019-11-15 14:00:00,16.1518823274,319.918792038,1,0,0,12,12,2493,7989
compact51__current_roles,2019-11-15 15:00:00,16.3832053011,486.641029246,1,0,0,12,12,2649,8232
compact51__current_roles,2019-11-15 16:00:00,16.8814753062,6621.46357779,0,0,0,12,12,3054,8725
compact51__current_roles,2019-11-15 17:00:00,21.1687076113,1028.93542553,0,0,0,12,12,6018,8502
compact51__current_roles,2019-11-15 18:00:00,22.1969640629,329.998378968,1,0,0,12,12,6506,8007
compact51__current_roles,2019-11-15 19:00:00,19.9815634693,386.061178316,1,0,0,12,12,5363,8118
compact51__current_roles,2019-11-15 20:00:00,21.2263454898,245.553800843,1,0,0,12,12,6044,7746
compact51__current_roles,2019-11-15 21:00:00,20.724529416,173.773270332,1,0,0,12,12,5791,7315
compact51__current_roles,2019-11-15 22:00:00,19.4879592901,2048.4681751,1,0,0,12,12,5041,8620
compact51__current_roles,2019-11-15 23:00:00,27.0052054283,661.55446299,0,0,0,12,12,7938,8373
compact51__current_roles,2019-11-16 00:00:00,25.3425380906,241.65404118,1,0,0,12,12,7567,7728
compact51__current_roles,2019-11-16 01:00:00,22.9962343134,1545.75590637,1,0,0,12,12,6882,8578
compact51__current_roles,2019-11-16 02:00:00,22.9249134966,4171.75851622,0,0,0,12,12,6842,8697
compact51__current_roles,2019-11-16 03:00:00,23.7041326844,692.454643197,0,0,0,12,12,7118,8393
compact51__current_roles,2019-11-16 04:00:00,24.8224993978,532.915388685,1,0,0,12,12,7434,8284
compact51__current_roles,2019-11-16 05:00:00,22.5320108979,761.673020043,0,0,0,12,12,6663,8425
compact51__current_roles,2019-11-16 06:00:00,21.9578505195,193.961903151,0,0,0,12,12,6390,7455
compact51__current_roles,2019-11-16 07:00:00,20.0216574632,222.523014367,0,0,0,12,12,5387,7626
compact51__current_roles,2019-11-16 08:00:00,20.2707403908,102.694352755,1,0,0,12,12,5540,6313
compact51__current_roles,2019-11-16 09:00:00,19.6669884241,204.635948257,0,0,0,12,12,5157,7533
compact51__current_roles,2019-11-16 10:00:00,25.5797600256,1106.85107427,0,0,0,13,12,7622,8517
compact51__current_roles,2019-11-16 11:00:00,22.3936346712,974.491080854,0,0,0,12,12,6592,8488
compact51__current_roles,2019-11-16 12:00:00,21.6405287967,252.921751874,1,0,0,12,12,6239,7781
compact51__current_roles,2019-11-16 13:00:00,18.8988456889,248.524778365,1,0,0,12,12,4646,7768
compact51__current_roles,2019-11-16 14:00:00,18.1246146689,2305.67259928,1,0,0,12,12,4049,8642
compact51__current_roles,2019-11-16 15:00:00,18.7521828967,112.752156395,1,0,0,12,12,4533,6525
compact51__current_roles,2019-11-16 16:00:00,17.6541235925,65.6601282347,0,0,0,12,12,3684,4527
compact51__current_roles,2019-11-16 17:00:00,20.4382518535,67.0850458615,0,0,0,12,12,5648,4676
compact51__current_roles,2019-11-16 18:00:00,19.4499273439,64.5954522462,0,0,0,12,12,5013,4391
compact51__current_roles,2019-11-16 19:00:00,19.3511993133,62.2171471359,0,0,0,12,12,4939,4020
compact51__current_roles,2019-11-16 20:00:00,20.5793003045,70.1099664095,0,0,0,12,12,5715,4971
compact51__current_roles,2019-11-16 21:00:00,19.6430799485,80.3932079319,0,0,0,12,12,5147,5567
compact51__current_roles,2019-11-16 22:00:00,20.2729214894,110.299935579,0,0,0,12,12,5541,6470
compact51__current_roles,2019-11-16 23:00:00,21.4537846147,82.9266089415,0,0,0,12,12,6161,5667
compact51__current_roles,2019-11-17 00:00:00,22.1894334507,68.7101326183,0,0,0,12,12,6503,4831
compact51__current_roles,2019-11-17 01:00:00,18.4259070156,84.4683486816,0,0,0,12,12,4320,5729
compact51__current_roles,2019-11-17 02:00:00,18.9052798623,126.700251362,0,0,0,12,12,4651,6787
compact51__current_roles,2019-11-17 03:00:00,18.7426207641,122.798872864,0,0,0,12,12,4527,6713
compact51__current_roles,2019-11-17 04:00:00,19.3210009327,125.195663833,0,0,0,12,12,4923,6757
compact51__current_roles,2019-11-17 05:00:00,17.7307741167,47.858975392,0,0,0,12,12,3752,929
compact51__current_roles,2019-11-17 06:00:00,14.8154033739,44.1051575492,0,0,0,12,12,1527,423
compact51__current_roles,2019-11-17 07:00:00,15.9826394215,50.3370930322,0,0,0,12,12,2370,1390
compact51__current_roles,2019-11-17 08:00:00,16.1378766471,56.2397203151,0,0,0,12,12,2480,2758
compact51__current_roles,2019-11-17 09:00:00,17.9456553168,69.31549398,0,0,0,12,12,3926,4888
compact51__current_roles,2019-11-17 10:00:00,19.2365150456,134.195068561,0,0,0,12,12,4875,6891
compact51__current_roles,2019-11-17 11:00:00,17.1917393167,120.6304772,0,0,0,12,12,3295,6667
compact51__current_roles,2019-11-17 12:00:00,16.2308974728,112.790401245,0,0,0,12,12,2544,6527
compact51__current_roles,2019-11-17 13:00:00,15.4815039914,85.3874199619,0,0,0,12,12,1983,5768
compact51__current_roles,2019-11-17 14:00:00,16.8784810268,74.1059617164,0,0,0,12,12,3051,5288
compact51__current_roles,2019-11-17 15:00:00,15.2938908405,60.2808736231,0,0,0,12,12,1859,3642
compact51__current_roles,2019-11-17 16:00:00,15.0253442111,60.3912201679,0,0,0,12,12,1669,3663
compact51__current_roles,2019-11-17 17:00:00,20.3176721652,74.2090469853,0,0,0,12,12,5569,5294
compact51__current_roles,2019-11-17 18:00:00,18.5112482583,59.723121653,0,0,0,12,12,4367,3537
compact51__current_roles,2019-11-17 19:00:00,19.5622916398,66.6465333849,0,0,0,12,12,5099,4628
compact51__current_roles,2019-11-17 20:00:00,19.728740132,116.325865503,0,0,0,12,12,5199,6584
compact51__current_roles,2019-11-17 21:00:00,19.8481589862,176.899694802,0,0,0,12,12,5281,7342
compact51__current_roles,2019-11-17 22:00:00,16.0059930822,126.887652638,0,0,0,12,12,2383,6794
compact51__current_roles,2019-11-17 23:00:00,16.4696330087,59.811465533,0,0,0,12,12,2728,3556
compact51__current_roles,2019-11-18 00:00:00,22.9190524915,154.963173121,0,0,0,12,12,6840,7146
compact51__current_roles,2019-11-18 01:00:00,20.874831425,126.810285719,0,0,0,12,12,5881,6791
compact51__current_roles,2019-11-18 02:00:00,16.7844850669,51.6421901272,0,0,0,12,12,2979,1669
compact51__current_roles,2019-11-18 03:00:00,15.1371052814,67.6126324984,0,0,0,12,12,1740,4732
compact51__current_roles,2019-11-18 04:00:00,15.1228486298,50.5378416948,0,0,0,12,12,1725,1420
compact51__current_roles,2019-11-18 05:00:00,21.6010775485,208.614518795,0,0,0,12,12,6223,7555
compact51__current_roles,2019-11-18 06:00:00,22.2302629213,612.700351748,1,0,0,12,12,6526,8342
compact51__current_roles,2019-11-18 07:00:00,22.2967843681,62.2499960275,0,0,0,12,12,6552,4025
compact51__current_roles,2019-11-18 08:00:00,23.2449791357,97.940139516,0,0,0,13,13,6968,6170
compact51__current_roles,2019-11-18 09:00:00,20.5756206186,77.6365293746,0,0,0,12,12,5710,5461
compact51__current_roles,2019-11-18 10:00:00,20.1102257269,74.5089539856,0,0,0,12,12,5448,5307
compact51__current_roles,2019-11-18 11:00:00,16.232309136,408.572449643,1,0,0,12,12,2545,8145
compact51__current_roles,2019-11-18 12:00:00,16.843320979,124.11116927,0,0,0,12,12,3019,6745
compact51__current_roles,2019-11-18 13:00:00,19.2076043767,150.954186539,0,0,0,12,12,4854,7097
compact51__current_roles,2019-11-18 14:00:00,18.3648904581,132.511598752,0,0,0,12,12,4249,6875
compact51__current_roles,2019-11-18 15:00:00,15.7342994889,63.7575197143,0,0,0,12,12,2174,4262
compact51__current_roles,2019-11-18 16:00:00,18.7856550122,90.7606423506,0,0,0,12,12,4557,5926
compact51__current_roles,2019-11-18 17:00:00,30.2750944127,76.4776220811,0,0,0,12,12,8381,5407
compact51__current_roles,2019-11-18 18:00:00,34.2889590927,120.530369922,1,0,0,12,12,8599,6662
compact51__current_roles,2019-11-18 19:00:00,38.8227139858,162.788673782,1,0,0,12,12,8705,7218
compact51__current_roles,2019-11-18 20:00:00,29.7379525288,326.365834622,1,0,0,12,12,8319,8001
compact51__current_roles,2019-11-18 21:00:00,22.6334489487,66.6184641482,0,0,0,12,12,6708,4627
compact51__current_roles,2019-11-18 22:00:00,22.3975649514,296.271404966,1,0,0,12,12,6596,7925
compact51__current_roles,2019-11-18 23:00:00,22.8391209303,268.444114888,0,0,0,12,12,6805,7836
compact51__current_roles,2019-11-19 00:00:00,22.1421192278,2819.08546056,1,0,0,12,12,6482,8658
compact51__current_roles,2019-11-19 01:00:00,21.1127345792,276.801651694,0,0,0,12,12,5988,7861
compact51__current_roles,2019-11-19 02:00:00,19.6795376797,7455.2428079,0,0,0,12,12,5166,8731
compact51__current_roles,2019-11-19 03:00:00,19.2638644878,17406.1856158,0,0,0,12,12,4891,8743
compact51__current_roles,2019-11-19 04:00:00,16.3118560416,228.359988717,0,0,0,12,12,2599,7661
compact51__current_roles,2019-11-19 05:00:00,19.5287933721,48.7497851438,0,0,0,12,12,5076,1099
compact51__current_roles,2019-11-19 06:00:00,19.8517773714,51.1782648746,0,0,0,12,12,5285,1559
compact51__current_roles,2019-11-19 07:00:00,26.2526446749,234.027905221,1,0,0,12,12,7779,7685
compact51__current_roles,2019-11-19 08:00:00,22.70659527,238.995948421,1,0,0,12,12,6745,7719
compact51__current_roles,2019-11-19 09:00:00,25.6095279883,216.856418739,1,0,0,12,12,7636,7598
compact51__current_roles,2019-11-19 10:00:00,28.1654165598,201.975911035,1,0,0,12,12,8100,7517
compact51__current_roles,2019-11-19 11:00:00,29.3008052161,236.329112623,1,0,0,12,12,8262,7707
compact51__current_roles,2019-11-19 12:00:00,28.3185662523,201.163630762,1,0,0,12,12,8120,7508
compact51__current_roles,2019-11-19 13:00:00,26.2612959065,177.726003616,1,0,0,12,12,7782,7345
compact51__current_roles,2019-11-19 14:00:00,25.9738118435,139.912531369,1,0,0,12,12,7720,6964
compact51__current_roles,2019-11-19 15:00:00,25.6714792902,118.650503624,1,0,0,12,12,7650,6625
compact51__current_roles,2019-11-19 16:00:00,20.7874027054,71.1951709912,0,0,0,12,12,5828,5066
compact51__current_roles,2019-11-19 17:00:00,26.0889833874,126.221169195,0,0,0,12,12,7741,6778
compact51__current_roles,2019-11-19 18:00:00,29.3032087366,198.455579035,1,0,0,12,12,8263,7489
compact51__current_roles,2019-11-19 19:00:00,26.6486394123,153.149249439,1,0,0,12,12,7867,7122
compact51__current_roles,2019-11-19 20:00:00,26.2124660367,187.373545889,1,0,0,12,12,7769,7406
compact51__current_roles,2019-11-19 21:00:00,24.557685417,165.018669986,1,0,0,12,12,7361,7238
compact51__current_roles,2019-11-19 22:00:00,24.3548963356,220.644531745,1,0,0,12,12,7313,7619
compact51__current_roles,2019-11-19 23:00:00,24.5868143361,215.471459691,0,0,0,12,12,7371,7587
compact51__current_roles,2019-11-20 00:00:00,20.1174161473,109.220547809,0,0,0,12,12,5454,6452
compact51__current_roles,2019-11-20 01:00:00,23.5979871469,320.573189215,0,0,0,12,12,7071,7991
compact51__current_roles,2019-11-20 02:00:00,21.0789683133,117.575471919,0,0,0,12,12,5969,6606
compact51__current_roles,2019-11-20 03:00:00,27.7429768238,267.474352279,1,0,0,12,12,8031,7832
compact51__current_roles,2019-11-20 04:00:00,32.4748685622,337.184183161,1,0,0,12,12,8515,8025
compact51__current_roles,2019-11-20 05:00:00,26.7788621833,123.224371751,1,0,0,12,12,7893,6725
compact51__current_roles,2019-11-20 06:00:00,25.6265060085,175.916433676,0,0,0,12,12,7640,7333
compact51__current_roles,2019-11-20 07:00:00,37.1332042638,248.128739959,1,0,0,12,12,8679,7764
compact51__current_roles,2019-11-20 08:00:00,19.9935766719,2110.78728183,1,0,0,12,12,5370,8625
compact51__current_roles,2019-11-20 09:00:00,15.6728121767,698.033829111,0,0,0,12,12,2121,8398
compact51__current_roles,2019-11-20 10:00:00,14.7487728985,61.3918616839,0,0,0,12,12,1487,3877
compact51__current_roles,2019-11-20 11:00:00,17.841128699,248.30435619,1,0,0,12,12,3836,7766
compact51__current_roles,2019-11-20 12:00:00,19.817197346,161.301784761,1,0,0,12,12,5261,7204
compact51__current_roles,2019-11-20 13:00:00,17.4889163124,180.81257386,1,0,0,12,12,3553,7365
compact51__current_roles,2019-11-20 14:00:00,16.8720392848,315.341241592,0,0,0,11,11,3041,7976
compact51__current_roles,2019-11-20 15:00:00,17.7606013646,166.992951705,0,0,0,12,12,3771,7256
compact51__current_roles,2019-11-20 16:00:00,14.2783974995,59.1519466513,0,0,0,12,12,1163,3417
compact51__current_roles,2019-11-20 17:00:00,15.3054006729,60.2424029112,0,0,0,12,12,1865,3636
compact51__current_roles,2019-11-20 18:00:00,16.0227012139,60.5346481323,0,0,0,12,12,2399,3697
compact51__current_roles,2019-11-20 19:00:00,17.8561399823,59.4063308092,0,0,0,12,12,3850,3473
compact51__current_roles,2019-11-20 20:00:00,13.1596610932,57.7807177948,0,0,0,12,12,627,3129
compact51__current_roles,2019-11-20 21:00:00,13.8480934106,57.0594667111,0,0,0,12,12,931,2943
compact51__current_roles,2019-11-20 22:00:00,16.141385238,59.4561956177,0,0,0,12,12,2484,3485
compact51__current_roles,2019-11-20 23:00:00,15.6478996704,59.6538733432,0,0,0,12,12,2105,3517
compact51__current_roles,2019-11-21 00:00:00,19.5275292593,218.298857036,1,0,0,12,12,5075,7607
compact51__current_roles,2019-11-21 01:00:00,18.3567821856,287.907873254,1,0,0,12,12,4238,7907
compact51__current_roles,2019-11-21 02:00:00,17.7276671839,2916.03208106,1,0,0,12,12,3747,8664
compact51__current_roles,2019-11-21 03:00:00,17.7007161823,1759.83769844,0,0,0,12,12,3717,8596
compact51__current_roles,2019-11-21 04:00:00,15.4482382006,46.748210052,0,0,0,12,12,1967,748
compact51__current_roles,2019-11-21 05:00:00,19.029236126,171.327435834,1,0,0,12,12,4738,7293
compact51__current_roles,2019-11-21 06:00:00,23.7242495966,47.2852814904,0,0,0,12,12,7125,832
compact51__current_roles,2019-11-21 07:00:00,21.4930873389,55.4434249701,0,0,0,12,12,6177,2570
compact51__current_roles,2019-11-21 08:00:00,17.0341647614,124.401347274,1,0,0,12,12,3173,6748
compact51__current_roles,2019-11-21 09:00:00,21.0054754387,143.769356954,1,0,0,12,12,5942,7012
compact51__current_roles,2019-11-21 10:00:00,20.5445214906,288.289739192,1,0,0,13,12,5697,7908
compact51__current_roles,2019-11-21 11:00:00,21.5166343862,160.409491477,1,0,0,9,9,6188,7193
compact51__current_roles,2019-11-21 12:00:00,18.0737965844,192.783908369,1,0,0,12,12,4021,7449
compact51__current_roles,2019-11-21 13:00:00,16.1216090452,154.424853852,1,0,0,12,12,2462,7142
compact51__current_roles,2019-11-21 14:00:00,18.8434486881,153.378414259,1,0,0,12,12,4609,7126
compact51__current_roles,2019-11-21 15:00:00,16.237467249,169.304886856,0,0,0,12,12,2550,7274
compact51__current_roles,2019-11-21 16:00:00,14.6111221134,58.5699294098,0,0,0,12,12,1377,3295
compact51__current_roles,2019-11-21 17:00:00,16.078286176,54.2030818445,0,0,0,12,12,2427,2244
compact51__current_roles,2019-11-21 18:00:00,16.9143139781,278.700829803,0,0,0,12,12,3083,7867
compact51__current_roles,2019-11-21 19:00:00,18.2163508782,491.90214416,0,0,0,12,12,4121,8240
compact51__current_roles,2019-11-21 20:00:00,15.6852973277,245.682987379,0,0,0,12,12,2130,7749
compact51__current_roles,2019-11-21 21:00:00,15.8704622846,71.3646013573,0,0,0,12,12,2292,5085
compact51__current_roles,2019-11-21 22:00:00,16.0598603476,113.46235236,0,0,0,13,12,2414,6540
compact51__current_roles,2019-11-21 23:00:00,16.752115694,238.794133684,0,0,0,12,12,2953,7718
compact51__current_roles,2019-11-22 00:00:00,19.157543093,114.207104351,1,0,0,12,12,4824,6550
compact51__current_roles,2019-11-22 01:00:00,19.406623482,523.539611746,1,0,0,12,12,4980,8276
compact51__current_roles,2019-11-22 02:00:00,18.1215216346,1324.92907751,1,0,0,12,12,4048,8549
compact51__current_roles,2019-11-22 03:00:00,19.613631407,1813.03591155,0,0,0,12,12,5128,8600
compact51__current_roles,2019-11-22 04:00:00,19.3240050256,207.748872238,1,0,0,12,12,4925,7549
compact51__current_roles,2019-11-22 05:00:00,22.4984212256,1123.77087703,0,0,0,12,12,6649,8522
compact51__current_roles,2019-11-22 06:00:00,22.3557052405,25843.9949717,0,0,0,12,12,6580,8747
compact51__current_roles,2019-11-22 07:00:00,21.6356998235,231.555156735,1,0,0,12,12,6237,7674
compact51__current_roles,2019-11-22 08:00:00,20.6504807584,163.371139012,1,0,0,13,13,5747,7223
compact51__current_roles,2019-11-22 09:00:00,21.8297279441,243.301476849,1,0,0,12,12,6322,7737
compact51__current_roles,2019-11-22 10:00:00,23.0830837456,154.224095334,1,0,0,12,12,6919,7137
compact51__current_roles,2019-11-22 11:00:00,21.6021449194,488.861300072,1,0,0,14,13,6224,8235
compact51__current_roles,2019-11-22 12:00:00,21.3088314177,696.382677442,1,0,0,13,12,6102,8395
compact51__current_roles,2019-11-22 13:00:00,21.5116245102,1255.80771819,1,0,0,12,12,6185,8542
compact51__current_roles,2019-11-22 14:00:00,20.2461884335,2118.51559845,0,0,0,12,12,5526,8627
compact51__current_roles,2019-11-22 15:00:00,21.0793952385,9527.3860043,1,0,0,12,12,5971,8735
compact51__current_roles,2019-11-22 16:00:00,20.9763397612,709.73502429,1,0,0,12,12,5930,8402
compact51__current_roles,2019-11-22 17:00:00,21.1514391265,123.000256676,1,0,0,14,14,6010,6717
compact51__current_roles,2019-11-22 18:00:00,22.8196584011,127.032095959,1,0,0,11,11,6795,6797
compact51__current_roles,2019-11-22 19:00:00,22.7483923165,133.915124468,1,0,0,12,12,6763,6890
compact51__current_roles,2019-11-22 20:00:00,24.8644388791,194.758750601,1,0,0,12,12,7441,7460
compact51__current_roles,2019-11-22 21:00:00,23.0470483846,209.168692045,1,0,0,12,12,6904,7559
compact51__current_roles,2019-11-22 22:00:00,26.65059347,769.933727735,1,0,0,12,12,7868,8430
compact51__current_roles,2019-11-22 23:00:00,23.4638687041,148.152773918,0,0,0,13,12,7030,7062
compact51__current_roles,2019-11-23 00:00:00,17.3706795906,52.9498161135,0,0,0,13,13,3454,1947
compact51__current_roles,2019-11-23 01:00:00,15.9451263023,51.9816757952,0,0,0,12,12,2354,1735
compact51__current_roles,2019-11-23 02:00:00,14.4128645819,59.3766484369,0,0,0,12,12,1253,3470
compact51__current_roles,2019-11-23 03:00:00,14.5536813145,59.3280007331,0,0,0,12,12,1336,3460
compact51__current_roles,2019-11-23 04:00:00,14.5825491842,56.7220110495,0,0,0,12,12,1359,2869
compact51__current_roles,2019-11-23 05:00:00,16.6549027545,57.7977131917,0,0,0,12,12,2888,3134
compact51__current_roles,2019-11-23 06:00:00,15.9153271949,56.9832250781,0,0,0,12,12,2326,2925
compact51__current_roles,2019-11-23 07:00:00,16.5576641701,57.1656636697,0,0,0,12,12,2798,2977
compact51__current_roles,2019-11-23 08:00:00,18.9466596001,60.8872796147,0,0,0,12,12,4687,3771
compact51__current_roles,2019-11-23 09:00:00,20.465994941,62.7135604472,0,0,0,12,12,5662,4107
compact51__current_roles,2019-11-23 10:00:00,22.5076708968,80.5352047488,0,0,0,12,12,6653,5578
compact51__current_roles,2019-11-23 11:00:00,23.1848761275,122.802746055,0,0,0,14,13,6949,6714
compact51__current_roles,2019-11-23 12:00:00,19.5536161201,63.1612213179,0,0,0,14,14,5089,4185
compact51__current_roles,2019-11-23 13:00:00,18.3715063794,65.5773823106,0,0,0,12,12,4253,4521
compact51__current_roles,2019-11-23 14:00:00,18.1045253608,62.631679412,0,0,0,12,12,4040,4090
compact51__current_roles,2019-11-23 15:00:00,18.4098506244,52.5106113743,0,0,0,12,12,4297,1849
compact51__current_roles,2019-11-23 16:00:00,20.8101978606,57.9412107186,0,0,0,13,12,5845,3165
compact51__current_roles,2019-11-23 17:00:00,20.5326463653,58.8191490277,0,0,0,12,12,5690,3353
compact51__current_roles,2019-11-23 18:00:00,17.6927441269,54.2599491621,0,0,0,12,12,3713,2258
compact51__current_roles,2019-11-23 19:00:00,15.7155443884,54.0474226544,0,0,0,12,12,2154,2210
compact51__current_roles,2019-11-23 20:00:00,14.9666840794,54.1773227098,0,0,0,12,12,1638,2234
compact51__current_roles,2019-11-23 21:00:00,17.9393148062,92.438435364,0,0,0,12,12,3918,5984
compact51__current_roles,2019-11-23 22:00:00,19.1670706284,92.1969001668,0,0,0,12,12,4831,5976
compact51__current_roles,2019-11-23 23:00:00,26.0735206307,89.3589022074,0,0,0,12,12,7736,5888
compact51__current_roles,2019-11-24 00:00:00,23.7290647399,64.4265440849,0,0,0,12,12,7126,4360
compact51__current_roles,2019-11-24 01:00:00,18.5301779131,62.7917151433,0,0,0,12,12,4385,4122
compact51__current_roles,2019-11-24 02:00:00,14.8093485845,58.2075127356,0,0,0,12,12,1521,3219
compact51__current_roles,2019-11-24 03:00:00,13.7286985293,58.6453660206,0,0,0,12,12,880,3309
compact51__current_roles,2019-11-24 04:00:00,18.0243540378,64.0927471613,0,0,0,12,12,3982,4309
compact51__current_roles,2019-11-24 05:00:00,15.5654301038,56.3747116071,0,0,0,12,12,2043,2790
compact51__current_roles,2019-11-24 06:00:00,16.8750747907,55.1121648818,0,0,0,12,12,3044,2483
compact51__current_roles,2019-11-24 07:00:00,18.2659879492,58.3397903049,0,0,0,12,12,4167,3241
compact51__current_roles,2019-11-24 08:00:00,17.9337363154,66.1525470038,0,0,0,12,12,3912,4580
compact51__current_roles,2019-11-24 09:00:00,19.251238759,73.0615863912,0,0,0,14,13,4884,5209
compact51__current_roles,2019-11-24 10:00:00,18.3679281524,65.715366411,0,0,0,11,11,4250,4532
compact51__current_roles,2019-11-24 11:00:00,17.5689904616,62.8580935256,0,0,0,12,12,3623,4132
compact51__current_roles,2019-11-24 12:00:00,16.6798498426,61.3982150352,0,0,0,12,12,2907,3878
compact51__current_roles,2019-11-24 13:00:00,17.6809206429,62.5034857866,0,0,0,12,12,3707,4071
compact51__current_roles,2019-11-24 14:00:00,15.7296223799,58.2883749272,0,0,0,12,12,2171,3231
compact51__current_roles,2019-11-24 15:00:00,15.8863567965,56.0653471334,0,0,0,12,12,2302,2708
compact51__current_roles,2019-11-24 16:00:00,16.136328209,57.6745181383,0,0,0,12,12,2479,3102
compact51__current_roles,2019-11-24 17:00:00,15.9314327222,58.0591095906,0,0,0,12,12,2340,3188
compact51__current_roles,2019-11-24 18:00:00,17.6321185631,58.874405465,0,0,0,12,12,3667,3366
compact51__current_roles,2019-11-24 19:00:00,17.7099707398,58.9788531015,0,0,0,12,12,3729,3378
compact51__current_roles,2019-11-24 20:00:00,17.4232609157,57.038144612,0,0,0,12,12,3500,2936
compact51__current_roles,2019-11-24 21:00:00,15.9323695833,61.8215802219,0,0,0,14,14,2342,3961
compact51__current_roles,2019-11-24 22:00:00,18.8567532034,71.1168126485,0,0,0,12,12,4617,5057
compact51__current_roles,2019-11-24 23:00:00,16.6589280773,64.0080395208,0,0,0,14,13,2891,4294
compact51__current_roles,2019-11-25 00:00:00,20.8494826583,923.607836028,0,0,0,12,12,5869,8475
compact51__current_roles,2019-11-25 01:00:00,16.5366209828,42.0190939121,0,0,0,12,12,2777,239
compact51__current_roles,2019-11-25 02:00:00,17.024100865,42.1993631526,0,0,0,12,12,3163,255
compact51__current_roles,2019-11-25 03:00:00,18.2188253514,45.8341569773,0,0,0,12,12,4125,617
compact51__current_roles,2019-11-25 04:00:00,19.9804960921,160.761026464,0,0,0,12,12,5359,7198
compact51__current_roles,2019-11-25 05:00:00,20.5538638939,173.883314551,0,0,0,12,12,5701,7316
compact51__current_roles,2019-11-25 06:00:00,22.9866585746,238.335576988,0,0,0,12,12,6878,7715
compact51__current_roles,2019-11-25 07:00:00,20.3568854823,167.922914137,0,0,0,12,12,5602,7263
compact51__current_roles,2019-11-25 08:00:00,22.9367955552,285.052992721,1,0,0,12,12,6846,7897
compact51__current_roles,2019-11-25 09:00:00,24.2536208564,269.002924344,1,0,0,12,12,7281,7840
compact51__current_roles,2019-11-25 10:00:00,24.7867247239,204.670899,1,0,0,12,12,7425,7534
compact51__current_roles,2019-11-25 11:00:00,19.768440545,647.081212914,1,0,0,13,12,5231,8360
compact51__current_roles,2019-11-25 12:00:00,21.7666824596,1147.56475413,1,0,0,12,12,6292,8526
compact51__current_roles,2019-11-25 13:00:00,22.1429415156,1998.36018647,1,0,0,12,12,6483,8617
compact51__current_roles,2019-11-25 14:00:00,19.1309459803,144.940780011,1,0,0,12,12,4805,7020
compact51__current_roles,2019-11-25 15:00:00,15.9632723604,138.576682914,1,0,0,12,12,2362,6945
compact51__current_roles,2019-11-25 16:00:00,19.7497389784,79.4375304847,0,0,0,12,12,5216,5530
compact51__current_roles,2019-11-25 17:00:00,19.0604819046,177.208986574,1,0,0,12,12,4762,7343
compact51__current_roles,2019-11-25 18:00:00,19.1316403366,156.367034745,1,0,0,12,12,4806,7157
compact51__current_roles,2019-11-25 19:00:00,21.2330613955,173.486275492,1,0,0,12,12,6052,7312
compact51__current_roles,2019-11-25 20:00:00,19.8678219648,344.874024875,1,0,0,12,12,5295,8052
compact51__current_roles,2019-11-25 21:00:00,19.6835906854,749.860305851,1,0,0,12,12,5171,8419
compact51__current_roles,2019-11-25 22:00:00,23.079402206,204.015291544,0,0,0,14,13,6917,7526
compact51__current_roles,2019-11-25 23:00:00,18.3582979724,64.9505519005,0,0,0,12,12,4241,4440
compact51__current_roles,2019-11-26 00:00:00,20.9343086963,68.2922375869,0,0,0,12,12,5913,4794
compact51__current_roles,2019-11-26 01:00:00,21.2319122402,60.2459377033,0,0,0,12,12,6051,3637
compact51__current_roles,2019-11-26 02:00:00,24.3082060968,77.1707105305,0,0,0,12,12,7300,5434
compact51__current_roles,2019-11-26 03:00:00,23.9423134762,74.8205647605,0,0,0,12,12,7190,5322
compact51__current_roles,2019-11-26 04:00:00,28.05577377,117.515268153,0,0,0,12,12,8076,6604
compact51__current_roles,2019-11-26 05:00:00,23.106680026,273.05937452,0,0,0,12,12,6923,7848
compact51__current_roles,2019-11-26 06:00:00,16.6367623525,51.8259181686,0,0,0,12,12,2871,1707
compact51__current_roles,2019-11-26 07:00:00,18.0068471054,85.7674975657,0,0,0,12,12,3970,5780
compact51__current_roles,2019-11-26 08:00:00,16.7488921986,53.6656249786,0,0,0,12,12,2950,2124
compact51__current_roles,2019-11-26 09:00:00,18.4475685896,157.83001502,0,0,0,12,12,4331,7175
compact51__current_roles,2019-11-26 10:00:00,22.1468089187,41172.370195,0,0,0,13,13,6484,8753
compact51__current_roles,2019-11-26 11:00:00,19.748716555,506.608211077,1,0,0,12,12,5215,8256
compact51__current_roles,2019-11-26 12:00:00,23.6761227533,139.311515941,1,0,0,12,12,7103,6954
compact51__current_roles,2019-11-26 13:00:00,22.508549878,442.908936692,1,0,0,12,12,6655,8183
compact51__current_roles,2019-11-26 14:00:00,20.7682962251,680.111172037,1,0,0,12,12,5815,8384
compact51__current_roles,2019-11-26 15:00:00,18.0347833736,133.424959675,0,0,0,12,12,3993,6885
compact51__current_roles,2019-11-26 16:00:00,21.9686637949,344.064330999,0,0,0,12,12,6394,8050
compact51__current_roles,2019-11-26 17:00:00,25.2566282809,524.095979971,1,0,0,12,12,7549,8277
compact51__current_roles,2019-11-26 18:00:00,22.1300862372,152463.109117,0,0,0,12,12,6477,8760
compact51__current_roles,2019-11-26 19:00:00,23.2254334908,2865.47488735,1,0,0,12,12,6961,8661
compact51__current_roles,2019-11-26 20:00:00,21.7278653175,499.238383146,1,0,0,12,12,6280,8249
compact51__current_roles,2019-11-26 21:00:00,21.9877154324,147.779646882,0,0,0,12,12,6400,7059
compact51__current_roles,2019-11-26 22:00:00,21.8449318313,66.909201386,0,0,0,12,12,6332,4656
compact51__current_roles,2019-11-26 23:00:00,17.5577032263,58.2990353835,0,0,0,13,12,3614,3233
compact51__current_roles,2019-11-27 00:00:00,15.1511363085,54.0000104398,0,0,0,12,12,1753,2201
compact51__current_roles,2019-11-27 01:00:00,16.6704263093,57.8269188892,0,0,0,12,12,2899,3144
compact51__current_roles,2019-11-27 02:00:00,17.9288372435,58.6990269269,0,0,0,12,12,3908,3324
compact51__current_roles,2019-11-27 03:00:00,17.3019689102,55.2366705316,0,0,0,12,12,3400,2518
compact51__current_roles,2019-11-27 04:00:00,17.3141302946,50.6989485541,0,0,0,12,12,3409,1462
compact51__current_roles,2019-11-27 05:00:00,17.7968113544,47.0789453494,0,0,0,12,12,3801,802
compact51__current_roles,2019-11-27 06:00:00,18.812575588,50.7671036422,0,0,0,12,12,4581,1475
compact51__current_roles,2019-11-27 07:00:00,18.8642443417,56.3045569531,0,0,0,12,12,4621,2775
compact51__current_roles,2019-11-27 08:00:00,18.3601227002,56.0684485071,0,0,0,12,12,4244,2710
compact51__current_roles,2019-11-27 09:00:00,17.0625769381,52.2907545084,0,0,0,12,12,3195,1798
compact51__current_roles,2019-11-27 10:00:00,16.9202169912,52.7391921851,0,0,0,12,12,3090,1899
compact51__current_roles,2019-11-27 11:00:00,17.8186255289,63.2336603762,0,0,0,12,12,3816,4196
compact51__current_roles,2019-11-27 12:00:00,17.9419546217,215.946682764,0,0,0,13,13,3921,7589
compact51__current_roles,2019-11-27 13:00:00,18.7439948044,2009.87600455,0,0,0,12,12,4530,8618
compact51__current_roles,2019-11-27 14:00:00,17.7600243572,46.3854764637,0,0,0,12,12,3770,691
compact51__current_roles,2019-11-27 15:00:00,16.6633807138,49.0127198505,0,0,0,12,12,2893,1150
compact51__current_roles,2019-11-27 16:00:00,16.6182544574,52.0734325391,0,0,0,12,12,2854,1761
compact51__current_roles,2019-11-27 17:00:00,16.0758369239,54.261384886,0,0,0,12,12,2426,2260
compact51__current_roles,2019-11-27 18:00:00,15.6313115544,56.5116334609,0,0,0,12,12,2097,2824
compact51__current_roles,2019-11-27 19:00:00,17.9525309266,497.440607861,0,0,0,12,12,3931,8247
compact51__current_roles,2019-11-27 20:00:00,20.8008633941,2132.61450312,0,0,0,12,12,5841,8629
compact51__current_roles,2019-11-27 21:00:00,19.922523923,15632.8794131,0,0,0,12,12,5327,8741
compact51__current_roles,2019-11-27 22:00:00,22.8371413879,57.3426699705,0,0,0,12,12,6804,3023
compact51__current_roles,2019-11-27 23:00:00,22.9567842593,47.204677371,0,0,0,12,12,6857,822
compact51__current_roles,2019-11-28 00:00:00,20.9679051884,353.191555314,1,0,0,12,12,5925,8071
compact51__current_roles,2019-11-28 01:00:00,21.9332151935,1091.23817392,1,0,0,12,12,6379,8513
compact51__current_roles,2019-11-28 02:00:00,24.2498974527,615.505044615,1,0,0,12,12,7278,8345
compact51__current_roles,2019-11-28 03:00:00,24.8618058905,739.77066249,1,0,0,12,12,7440,8412
compact51__current_roles,2019-11-28 04:00:00,21.607553174,294.243146522,1,0,0,12,12,6229,7921
compact51__current_roles,2019-11-28 05:00:00,22.9726382116,990.768415562,1,0,0,12,12,6868,8492
compact51__current_roles,2019-11-28 06:00:00,24.2079480407,6631.33065004,2,0,0,12,12,7269,8726
compact51__current_roles,2019-11-28 07:00:00,23.2854205853,201.365779646,1,0,0,13,12,6979,7511
compact51__current_roles,2019-11-28 08:00:00,26.7181530789,31118.396842,1,0,0,12,12,7881,8750
compact51__current_roles,2019-11-28 09:00:00,25.9339528747,259.263051214,0,0,0,13,13,7707,7809
compact51__current_roles,2019-11-28 10:00:00,24.022209382,128.304491603,0,0,0,12,12,7213,6815
compact51__current_roles,2019-11-28 11:00:00,25.3479405006,126.853975528,0,0,0,12,12,7570,6792
compact51__current_roles,2019-11-28 12:00:00,27.5601375544,143.689564981,0,0,0,12,12,8009,7011
compact51__current_roles,2019-11-28 13:00:00,24.6257625186,66.507399963,0,0,0,12,12,7380,4620
compact51__current_roles,2019-11-28 14:00:00,19.0852149205,49.9146474476,0,0,0,12,12,4777,1325
compact51__current_roles,2019-11-28 15:00:00,18.217796229,53.2455241251,0,0,0,12,12,4123,2022
compact51__current_roles,2019-11-28 16:00:00,19.2396129562,60.6282072093,0,0,0,12,12,4877,3718
compact51__current_roles,2019-11-28 17:00:00,24.9072417821,146.157896421,0,0,0,12,12,7459,7036
compact51__current_roles,2019-11-28 18:00:00,21.0095902998,98.7119993354,0,0,0,12,12,5943,6189
compact51__current_roles,2019-11-28 19:00:00,20.6146786828,103.113854406,0,0,0,12,12,5731,6322
compact51__current_roles,2019-11-28 20:00:00,20.1868626123,96.77840863,0,0,0,12,12,5494,6146
compact51__current_roles,2019-11-28 21:00:00,21.3796339809,94.6166668278,0,0,0,12,12,6126,6066
compact51__current_roles,2019-11-28 22:00:00,19.7243038849,54.9083708554,0,0,0,12,12,5195,2431
compact51__current_roles,2019-11-28 23:00:00,22.5367203056,56.6433671158,0,0,0,13,12,6668,2847
compact51__current_roles,2019-11-29 00:00:00,21.283829337,44.9000069474,0,0,0,12,12,6086,515
compact51__current_roles,2019-11-29 01:00:00,21.2291620787,42.2726802616,0,0,0,12,12,6047,260
compact51__current_roles,2019-11-29 02:00:00,18.6325690902,43.9078209068,0,0,0,12,12,4450,402
compact51__current_roles,2019-11-29 03:00:00,17.5159497889,47.289829526,0,0,0,13,12,3575,834
compact51__current_roles,2019-11-29 04:00:00,18.0416361406,46.1340683708,0,0,0,12,12,3998,656
compact51__current_roles,2019-11-29 05:00:00,18.2068419489,42.4474817956,0,0,0,12,12,4106,274
compact51__current_roles,2019-11-29 06:00:00,22.9390932877,73.7664939467,0,0,0,12,12,6848,5270
compact51__current_roles,2019-11-29 07:00:00,26.1463407275,89.8309220918,0,0,0,12,12,7747,5903
compact51__current_roles,2019-11-29 08:00:00,27.0917553306,103.265187557,0,0,0,12,12,7946,6325
compact51__current_roles,2019-11-29 09:00:00,22.5269557777,53.8673900613,0,0,0,12,12,6661,2164
compact51__current_roles,2019-11-29 10:00:00,22.9812868019,120.351309277,0,0,0,12,12,6875,6657
compact51__current_roles,2019-11-29 11:00:00,18.2035066355,175.924987669,0,0,0,12,12,4104,7334
compact51__current_roles,2019-11-29 12:00:00,19.6003089765,249.346590443,0,0,0,13,13,5124,7772
compact51__current_roles,2019-11-29 13:00:00,19.1036511631,150.477562675,0,0,0,12,12,4786,7093
compact51__current_roles,2019-11-29 14:00:00,19.0959680203,91.5880655293,0,0,0,12,12,4781,5957
compact51__current_roles,2019-11-29 15:00:00,15.9746039099,52.8536238951,0,0,0,12,12,2368,1920
compact51__current_roles,2019-11-29 16:00:00,18.200520592,53.1912412253,0,0,0,12,12,4100,2003
compact51__current_roles,2019-11-29 17:00:00,21.9779724998,49.5075703496,0,0,0,12,12,6398,1250
compact51__current_roles,2019-11-29 18:00:00,23.3991203934,46.4835110964,0,0,0,12,12,7009,714
compact51__current_roles,2019-11-29 19:00:00,20.2938606897,51.1202312012,0,0,0,12,12,5554,1549
compact51__current_roles,2019-11-29 20:00:00,17.51015564,48.459810288,0,0,0,12,12,3569,1050
compact51__current_roles,2019-11-29 21:00:00,15.8696950569,45.7832223681,0,0,0,12,12,2291,611
compact51__current_roles,2019-11-29 22:00:00,17.2949752056,48.2267227579,0,0,0,12,12,3388,1004
compact51__current_roles,2019-11-29 23:00:00,16.3860302358,51.6891739261,0,0,0,12,12,2652,1683
compact51__current_roles,2019-11-30 00:00:00,23.4468756872,44.9960054601,0,0,0,12,12,7024,528
compact51__current_roles,2019-11-30 01:00:00,19.4894156997,40.867897591,0,0,0,12,12,5043,173
compact51__current_roles,2019-11-30 02:00:00,18.9222482808,43.5342573898,0,0,0,12,12,4669,357
compact51__current_roles,2019-11-30 03:00:00,20.5424740707,41.4321222069,0,0,0,12,12,5696,202
compact51__current_roles,2019-11-30 04:00:00,21.0320453244,44.9034392082,0,0,0,12,12,5955,516
compact51__current_roles,2019-11-30 05:00:00,21.1373797632,41.114280486,0,0,0,12,12,6001,184
compact51__current_roles,2019-11-30 06:00:00,18.6012867017,48.2870482903,0,0,0,12,12,4432,1013
compact51__current_roles,2019-11-30 07:00:00,18.3798940929,45.5388176765,0,0,0,12,12,4267,582
compact51__current_roles,2019-11-30 08:00:00,17.2461795943,44.177780884,0,0,0,12,12,3341,430
compact51__current_roles,2019-11-30 09:00:00,15.5653586881,46.4145765808,0,0,0,12,12,2042,700
compact51__current_roles,2019-11-30 10:00:00,14.1549554396,55.6483138874,0,0,0,12,12,1081,2611
compact51__current_roles,2019-11-30 11:00:00,15.9009006531,58.7086004166,0,0,0,12,12,2314,3330
compact51__current_roles,2019-11-30 12:00:00,16.3594121,64.9186284425,0,0,0,12,12,2632,4433
compact51__current_roles,2019-11-30 13:00:00,15.1748652209,60.9482801456,0,0,0,12,12,1765,3788
compact51__current_roles,2019-11-30 14:00:00,15.5847934174,60.4393028316,0,0,0,12,12,2059,3672
compact51__current_roles,2019-11-30 15:00:00,15.2178723735,58.491562449,0,0,0,12,12,1795,3277
compact51__current_roles,2019-11-30 16:00:00,17.3454902776,53.535512514,0,0,0,12,12,3435,2094
compact51__current_roles,2019-11-30 17:00:00,16.4495276112,53.8017967368,0,0,0,12,12,2709,2152
compact51__current_roles,2019-11-30 18:00:00,17.2915606268,53.2946219986,0,0,0,12,12,3386,2035
compact51__current_roles,2019-11-30 19:00:00,16.5434637637,55.3054647613,0,0,0,12,12,2787,2538
compact51__current_roles,2019-11-30 20:00:00,17.3777516906,55.1586932545,0,0,0,12,12,3458,2495
compact51__current_roles,2019-11-30 21:00:00,16.4804264766,56.1861630073,0,0,0,12,12,2740,2745
compact51__current_roles,2019-11-30 22:00:00,16.0884440931,51.3649026782,0,0,0,12,12,2431,1604
compact51__current_roles,2019-11-30 23:00:00,18.9649183779,52.4933682241,0,0,0,12,12,4696,1842
compact51__current_roles,2019-12-01 00:00:00,20.6826540748,51.6866486629,0,0,0,12,12,5768,1682
compact51__current_roles,2019-12-01 01:00:00,19.0360595578,49.2041586229,0,0,0,12,12,4745,1180
compact51__current_roles,2019-12-01 02:00:00,22.1373292978,53.7038694625,0,0,0,12,12,6479,2134
compact51__current_roles,2019-12-01 03:00:00,24.0752593945,53.2329767082,0,0,0,12,12,7222,2018
compact51__current_roles,2019-12-01 04:00:00,21.8737788657,48.5343303911,0,0,0,12,12,6349,1065
compact51__current_roles,2019-12-01 05:00:00,19.3599455456,48.3734165589,0,0,0,12,12,4946,1034
compact51__current_roles,2019-12-01 06:00:00,18.8113661343,45.583662258,0,0,0,12,12,4580,586
compact51__current_roles,2019-12-01 07:00:00,23.6234698749,49.5245042967,0,0,0,12,12,7082,1251
compact51__current_roles,2019-12-01 08:00:00,26.986558766,62.0981112185,0,0,0,12,12,7932,4005
compact51__current_roles,2019-12-01 09:00:00,20.5735886041,55.8833072572,0,0,0,12,12,5708,2667
compact51__current_roles,2019-12-01 10:00:00,20.1177684032,56.0027118044,0,0,0,12,12,5455,2690
compact51__current_roles,2019-12-01 11:00:00,13.5301072034,47.2082883192,0,0,0,12,12,784,823
compact51__current_roles,2019-12-01 12:00:00,15.6310377059,44.0183030129,0,0,0,12,12,2096,413
compact51__current_roles,2019-12-01 13:00:00,15.9178649215,49.6059839858,0,0,0,12,12,2327,1270
compact51__current_roles,2019-12-01 14:00:00,13.2383328726,45.4225390289,0,0,0,12,12,665,575
compact51__current_roles,2019-12-01 15:00:00,15.2144758857,48.0692208601,0,0,0,12,12,1791,974
compact51__current_roles,2019-12-01 16:00:00,18.0647811569,49.1572051151,0,0,0,12,12,4014,1175
compact51__current_roles,2019-12-01 17:00:00,22.4468224682,63.9753398753,0,0,0,12,12,6614,4292
compact51__current_roles,2019-12-01 18:00:00,15.7094594413,59.2761839119,0,0,0,12,12,2148,3450
compact51__current_roles,2019-12-01 19:00:00,13.181640037,49.3506958425,0,0,0,12,12,635,1213
compact51__current_roles,2019-12-01 20:00:00,12.549233857,52.2117747882,0,0,0,12,12,424,1781
compact51__current_roles,2019-12-01 21:00:00,13.8315989624,52.6869724808,0,0,0,12,12,923,1890
compact51__current_roles,2019-12-01 22:00:00,16.8593509835,54.8753524321,0,0,0,13,12,3032,2427
compact51__current_roles,2019-12-01 23:00:00,15.2471960332,43.8826905445,0,0,0,12,12,1818,401
compact51__current_roles,2019-12-02 00:00:00,18.3067993946,48.8497735649,0,0,0,12,12,4196,1115
compact51__current_roles,2019-12-02 01:00:00,22.5818191125,67.3199289768,0,0,0,12,12,6684,4706
compact51__current_roles,2019-12-02 02:00:00,21.8982552696,69.6310436773,0,0,0,12,12,6353,4921
compact51__current_roles,2019-12-02 03:00:00,21.3243141643,69.4113845495,0,0,0,12,12,6111,4894
compact51__current_roles,2019-12-02 04:00:00,18.3725822011,52.2589718853,0,0,0,12,12,4254,1788
compact51__current_roles,2019-12-02 05:00:00,20.1756168257,53.0569103064,0,0,0,12,12,5484,1978
compact51__current_roles,2019-12-02 06:00:00,18.7860828637,57.8751841017,0,0,0,12,12,4558,3152
compact51__current_roles,2019-12-02 07:00:00,20.088395383,61.5770064256,0,0,0,12,12,5423,3908
compact51__current_roles,2019-12-02 08:00:00,20.3204503136,62.4159682413,0,0,0,12,12,5573,4055
compact51__current_roles,2019-12-02 09:00:00,18.7473818945,60.7049559329,0,0,0,12,12,4532,3733
compact51__current_roles,2019-12-02 10:00:00,16.1248938734,57.1447053177,0,0,0,12,12,2465,2972
compact51__current_roles,2019-12-02 11:00:00,14.9636665523,51.6731992722,0,0,0,12,12,1636,1677
compact51__current_roles,2019-12-02 12:00:00,16.4267593474,61.5080080338,0,0,0,12,12,2693,3898
compact51__current_roles,2019-12-02 13:00:00,15.6272423624,61.2178151799,0,0,0,12,12,2094,3843
compact51__current_roles,2019-12-02 14:00:00,13.0265560327,60.9419546659,0,0,0,12,12,574,3785
compact51__current_roles,2019-12-02 15:00:00,12.9035943671,59.0664963613,0,0,0,12,12,535,3402
compact51__current_roles,2019-12-02 16:00:00,11.6462135894,61.4986869877,0,0,0,12,12,167,3896
compact51__current_roles,2019-12-02 17:00:00,13.5454777129,67.8440853053,0,0,0,12,12,788,4755
compact51__current_roles,2019-12-02 18:00:00,14.9169520786,66.1770919642,0,0,0,12,12,1613,4583
compact51__current_roles,2019-12-02 19:00:00,15.2870720666,64.6662314309,0,0,0,12,12,1849,4398
compact51__current_roles,2019-12-02 20:00:00,17.5417403448,63.2046831822,0,0,0,12,12,3597,4191
compact51__current_roles,2019-12-02 21:00:00,18.266567432,61.0351687178,0,0,0,12,12,4168,3806
compact51__current_roles,2019-12-02 22:00:00,20.7705910117,71.11881111,0,0,0,12,12,5818,5058
compact51__current_roles,2019-12-02 23:00:00,21.1185806549,72.0767725256,0,0,0,12,12,5991,5136
compact51__current_roles,2019-12-03 00:00:00,19.4328451656,57.4121090569,0,0,0,12,12,4996,3044
compact51__current_roles,2019-12-03 01:00:00,20.2829890758,57.209763945,0,0,0,12,12,5551,2991
compact51__current_roles,2019-12-03 02:00:00,19.8253361798,56.1878941556,0,0,0,12,12,5268,2746
compact51__current_roles,2019-12-03 03:00:00,16.8177920798,55.8089467832,0,0,0,12,12,3001,2652
compact51__current_roles,2019-12-03 04:00:00,18.0123846071,55.6984721015,0,0,0,12,12,3974,2628
compact51__current_roles,2019-12-03 05:00:00,18.7354947318,55.8308335679,0,0,0,12,12,4520,2655
compact51__current_roles,2019-12-03 06:00:00,16.1320226859,53.689560756,0,0,0,12,12,2475,2129
compact51__current_roles,2019-12-03 07:00:00,14.2302687773,56.5567921435,0,0,0,12,12,1129,2829
compact51__current_roles,2019-12-03 08:00:00,13.0507380766,61.2652222725,0,0,0,12,12,583,3852
compact51__current_roles,2019-12-03 09:00:00,16.2164764679,79.594440991,0,0,0,12,12,2535,5540
compact51__current_roles,2019-12-03 10:00:00,18.5444300343,311.982785684,0,0,0,13,12,4395,7967
compact51__current_roles,2019-12-03 11:00:00,17.1583642874,136.871198775,0,0,0,12,12,3266,6924
compact51__current_roles,2019-12-03 12:00:00,17.9357338815,169.531135596,0,0,0,12,12,3915,7275
compact51__current_roles,2019-12-03 13:00:00,16.0932402302,76.4557897255,0,0,0,12,12,2438,5406
compact51__current_roles,2019-12-03 14:00:00,15.2704788507,63.8871760245,0,0,0,12,12,1836,4280
compact51__current_roles,2019-12-03 15:00:00,13.1331359728,58.2013906508,0,0,0,12,12,617,3217
compact51__current_roles,2019-12-03 16:00:00,13.8238029703,60.5154131883,0,0,0,12,12,920,3692
compact51__current_roles,2019-12-03 17:00:00,20.4982293908,114.365315025,0,0,0,12,12,5670,6553
compact51__current_roles,2019-12-03 18:00:00,15.4164945433,57.4530263384,0,0,0,12,12,1948,3058
compact51__current_roles,2019-12-03 19:00:00,13.9615318643,57.4692395056,0,0,0,12,12,979,3062
compact51__current_roles,2019-12-03 20:00:00,19.6144457315,55.4325505892,0,0,0,12,12,5131,2566
compact51__current_roles,2019-12-03 21:00:00,14.412556248,55.3405841172,0,0,0,12,12,1252,2544
compact51__current_roles,2019-12-03 22:00:00,14.3261842863,56.4831142611,0,0,0,12,12,1195,2817
compact51__current_roles,2019-12-03 23:00:00,17.1651123356,66.5278600058,0,0,0,12,12,3274,4622
compact51__current_roles,2019-12-04 00:00:00,15.4337876834,52.6392512641,0,0,0,12,12,1960,1882
compact51__current_roles,2019-12-04 01:00:00,13.5681765926,54.3083246835,0,0,0,13,12,797,2275
compact51__current_roles,2019-12-04 02:00:00,13.8170598503,58.2060545009,0,0,0,12,12,916,3218
compact51__current_roles,2019-12-04 03:00:00,15.5238833919,54.6935047778,0,0,0,12,12,2019,2373
compact51__current_roles,2019-12-04 04:00:00,12.7842041798,52.6398422604,0,0,0,12,12,499,1883
compact51__current_roles,2019-12-04 05:00:00,14.9132196683,55.1527379842,0,0,0,12,12,1610,2491
compact51__current_roles,2019-12-04 06:00:00,17.8441652023,60.7345218074,0,0,0,12,12,3839,3740
compact51__current_roles,2019-12-04 07:00:00,15.6213444895,58.9314997836,0,0,0,12,12,2086,3373
compact51__current_roles,2019-12-04 08:00:00,13.3400638516,55.5657664512,0,0,0,12,12,710,2595
compact51__current_roles,2019-12-04 09:00:00,14.7829758432,56.6938382331,0,0,0,12,12,1502,2860
compact51__current_roles,2019-12-04 10:00:00,13.1651709555,58.6688278977,0,0,0,12,12,630,3317
compact51__current_roles,2019-12-04 11:00:00,10.979043544,57.6989114026,0,0,0,12,12,77,3110
compact51__current_roles,2019-12-04 12:00:00,10.1735758604,61.6240122299,0,0,0,12,12,25,3922
compact51__current_roles,2019-12-04 13:00:00,11.3529158825,63.5406763209,0,0,0,12,12,127,4236
compact51__current_roles,2019-12-04 14:00:00,11.4753477959,63.4559088464,0,0,0,12,12,136,4225
compact51__current_roles,2019-12-04 15:00:00,10.2463151431,59.6773931992,0,0,0,12,12,27,3527
compact51__current_roles,2019-12-04 16:00:00,11.8528417109,65.2265725167,0,0,0,12,12,218,4471
compact51__current_roles,2019-12-04 17:00:00,14.2206216148,69.4890913984,0,0,0,13,13,1124,4905
compact51__current_roles,2019-12-04 18:00:00,13.4529261256,60.3452941851,0,0,0,12,12,753,3656
compact51__current_roles,2019-12-04 19:00:00,12.2099596394,60.2255314286,0,0,0,13,13,312,3632
compact51__current_roles,2019-12-04 20:00:00,13.2177396117,65.2653214477,0,0,0,12,12,652,4478
compact51__current_roles,2019-12-04 21:00:00,15.3493166005,68.0766010494,0,0,0,12,12,1894,4779
compact51__current_roles,2019-12-04 22:00:00,17.3858943071,68.6541502427,0,0,0,12,12,3467,4825
compact51__current_roles,2019-12-04 23:00:00,18.4273645894,68.3394051052,0,0,0,12,12,4321,4796
compact51__current_roles,2019-12-05 00:00:00,22.9652978348,63.9004064741,0,0,0,12,12,6865,4283
compact51__current_roles,2019-12-05 01:00:00,22.77334389,58.3524715369,0,0,0,12,12,6770,3242
compact51__current_roles,2019-12-05 02:00:00,23.4249647335,76.8024778183,0,0,0,12,12,7013,5421
compact51__current_roles,2019-12-05 03:00:00,24.0435699479,210.731988442,0,0,0,12,12,7218,7566
compact51__current_roles,2019-12-05 04:00:00,23.3234724199,88.2352833861,0,0,0,12,12,6989,5849
compact51__current_roles,2019-12-05 05:00:00,22.6098863584,66.8738923248,0,0,0,12,12,6692,4650
compact51__current_roles,2019-12-05 06:00:00,21.7070866706,65.4159861587,0,0,0,12,12,6269,4498
compact51__current_roles,2019-12-05 07:00:00,20.102289749,89.1069351851,0,0,0,12,12,5438,5876
compact51__current_roles,2019-12-05 08:00:00,14.7398767792,53.9941315176,0,0,0,12,12,1481,2197
compact51__current_roles,2019-12-05 09:00:00,14.4757032789,62.6307021124,0,0,0,12,12,1298,4089
compact51__current_roles,2019-12-05 10:00:00,16.3745340554,161.331468643,0,0,0,12,12,2640,7205
compact51__current_roles,2019-12-05 11:00:00,15.4310351931,204.053438541,0,0,0,12,12,1958,7528
compact51__current_roles,2019-12-05 12:00:00,14.6342498914,146.164007015,0,0,0,12,12,1400,7037
compact51__current_roles,2019-12-05 13:00:00,16.1303553046,204.822777176,0,0,0,12,12,2473,7537
compact51__current_roles,2019-12-05 14:00:00,13.7343295906,63.4486674005,0,0,0,12,12,885,4224
compact51__current_roles,2019-12-05 15:00:00,11.1068665116,53.5699503025,0,0,0,12,12,94,2104
compact51__current_roles,2019-12-05 16:00:00,12.5532177202,52.9663636927,0,0,0,12,12,426,1955
compact51__current_roles,2019-12-05 17:00:00,16.4713136815,98.3207924668,0,0,0,12,12,2731,6179
compact51__current_roles,2019-12-05 18:00:00,17.8532160521,416.57379871,0,0,0,12,12,3847,8153
compact51__current_roles,2019-12-05 19:00:00,18.0676812523,91.7889668312,0,0,0,12,12,4018,5961
compact51__current_roles,2019-12-05 20:00:00,16.6995278439,49.4810053622,0,0,0,12,12,2923,1241
compact51__current_roles,2019-12-05 21:00:00,16.3038569912,50.0797144953,0,0,0,12,12,2592,1351
compact51__current_roles,2019-12-05 22:00:00,18.4243950789,106.220732499,0,0,0,12,12,4318,6392
compact51__current_roles,2019-12-05 23:00:00,24.6201318637,83.3735320587,0,0,0,12,12,7379,5687
compact51__current_roles,2019-12-06 00:00:00,22.726218848,236.250019687,0,0,0,12,12,6751,7706
compact51__current_roles,2019-12-06 01:00:00,25.4670662209,391.634924976,0,0,0,12,12,7598,8123
compact51__current_roles,2019-12-06 02:00:00,25.5890453514,298.901287759,0,0,0,12,12,7626,7929
compact51__current_roles,2019-12-06 03:00:00,25.1209855507,152.506264954,0,0,0,12,12,7515,7111
compact51__current_roles,2019-12-06 04:00:00,23.9409528386,100.296676915,0,0,0,12,12,7189,6241
compact51__current_roles,2019-12-06 05:00:00,21.7081186447,75.6011863634,0,0,0,12,12,6270,5366
compact51__current_roles,2019-12-06 06:00:00,17.5687430101,53.5004231023,0,0,0,12,12,3622,2080
compact51__current_roles,2019-12-06 07:00:00,16.8075430658,59.0042802474,0,0,0,12,12,2993,3382
compact51__current_roles,2019-12-06 08:00:00,15.4094412232,56.5800342938,0,0,0,12,12,1937,2833
compact51__current_roles,2019-12-06 09:00:00,14.6509006456,342.339707465,0,0,0,12,12,1413,8042
compact51__current_roles,2019-12-06 10:00:00,15.3677490269,1271.70863344,1,0,0,12,12,1904,8545
compact51__current_roles,2019-12-06 11:00:00,15.0359491382,415.237912092,1,0,0,12,12,1676,8152
compact51__current_roles,2019-12-06 12:00:00,15.5527901694,7109.73824525,1,0,0,12,12,2034,8727
compact51__current_roles,2019-12-06 13:00:00,15.8642927558,318.410901423,0,0,0,12,12,2283,7986
compact51__current_roles,2019-12-06 14:00:00,16.3450170017,152.414442496,0,0,0,12,12,2620,7107
compact51__current_roles,2019-12-06 15:00:00,15.7646529633,67.6775638856,0,0,0,12,12,2197,4739
compact51__current_roles,2019-12-06 16:00:00,17.9748277282,89.5890295568,0,0,0,12,12,3947,5895
compact51__current_roles,2019-12-06 17:00:00,15.6819850032,102.804714296,0,0,0,12,12,2127,6314
compact51__current_roles,2019-12-06 18:00:00,16.9446800276,80.1952629027,0,0,0,12,12,3105,5562
compact51__current_roles,2019-12-06 19:00:00,15.6164066418,55.8004795684,0,0,0,12,12,2083,2649
compact51__current_roles,2019-12-06 20:00:00,16.8919308248,54.2829397276,0,0,0,12,12,3065,2265
compact51__current_roles,2019-12-06 21:00:00,14.489191623,55.101511584,0,0,0,12,12,1301,2482
compact51__current_roles,2019-12-06 22:00:00,17.0801752836,61.223850991,0,0,0,12,12,3208,3846
compact51__current_roles,2019-12-06 23:00:00,18.9314028326,69.1645735636,0,0,0,12,12,4674,4872
compact51__current_roles,2019-12-07 00:00:00,26.4668767418,82.9290373021,0,0,0,12,12,7828,5668
compact51__current_roles,2019-12-07 01:00:00,22.4314342298,57.5096918293,0,0,0,12,12,6607,3066
compact51__current_roles,2019-12-07 02:00:00,20.1838182151,52.2281167744,0,0,0,12,12,5491,1782
compact51__current_roles,2019-12-07 03:00:00,19.3114079425,55.9583607888,0,0,0,12,12,4917,2678
compact51__current_roles,2019-12-07 04:00:00,18.6069340709,42.3530064861,0,0,0,12,12,4436,267
compact51__current_roles,2019-12-07 05:00:00,20.0311253801,61.6744278176,0,0,0,12,12,5390,3932
compact51__current_roles,2019-12-07 06:00:00,21.8407718374,3402.18333929,1,0,0,12,12,6329,8679
compact51__current_roles,2019-12-07 07:00:00,18.4040406009,51.7373318134,0,0,0,12,12,4291,1692
compact51__current_roles,2019-12-07 08:00:00,15.4638352193,54.0410212585,0,0,0,12,12,1975,2209
compact51__current_roles,2019-12-07 09:00:00,16.5111879251,74.881840552,0,0,0,12,12,2759,5327
compact51__current_roles,2019-12-07 10:00:00,14.7520803406,123.499311036,1,0,0,12,12,1490,6732
compact51__current_roles,2019-12-07 11:00:00,14.9718068983,52.0108061651,0,0,0,12,12,1642,1746
compact51__current_roles,2019-12-07 12:00:00,18.9304331417,50394.2039206,0,0,0,12,12,4673,8754
compact51__current_roles,2019-12-07 13:00:00,18.3279172583,333.701606777,0,0,0,12,12,4214,8019
compact51__current_roles,2019-12-07 14:00:00,16.6061988008,157.269310603,0,0,0,12,12,2845,7166
compact51__current_roles,2019-12-07 15:00:00,16.5277777529,87.4008987329,0,0,0,12,12,2769,5825
compact51__current_roles,2019-12-07 16:00:00,14.4489123881,48.9144237324,0,0,0,12,12,1277,1129
compact51__current_roles,2019-12-07 17:00:00,15.7695048816,123.148582326,0,0,0,12,12,2203,6721
compact51__current_roles,2019-12-07 18:00:00,16.3844839811,121.814080626,0,0,0,12,12,2651,6694
compact51__current_roles,2019-12-07 19:00:00,13.5733424894,46.1164994658,0,0,0,12,12,798,652
compact51__current_roles,2019-12-07 20:00:00,14.781782675,45.8008258936,0,0,0,12,12,1501,614
compact51__current_roles,2019-12-07 21:00:00,12.659467961,45.4640070829,0,0,0,12,12,455,579
compact51__current_roles,2019-12-07 22:00:00,13.7102279359,47.0162160672,0,0,0,12,12,872,794
compact51__current_roles,2019-12-07 23:00:00,22.8721654226,60.2859457153,0,0,0,13,12,6820,3643
compact51__current_roles,2019-12-08 00:00:00,18.8907230882,47.5676835421,0,0,0,12,12,4638,882
compact51__current_roles,2019-12-08 01:00:00,17.7274571178,48.2194888178,0,0,0,12,12,3746,1003
compact51__current_roles,2019-12-08 02:00:00,17.1473611253,49.4089490956,0,0,0,12,12,3255,1227
compact51__current_roles,2019-12-08 03:00:00,19.6021801301,44.8374414221,0,0,0,12,12,5126,509
compact51__current_roles,2019-12-08 04:00:00,19.16733192,42.3313009606,0,0,0,12,12,4832,264
compact51__current_roles,2019-12-08 05:00:00,18.7908445004,41.0083854959,0,0,0,12,12,4562,177
compact51__current_roles,2019-12-08 06:00:00,19.6662858526,43.9956847869,0,0,0,12,12,5156,409
compact51__current_roles,2019-12-08 07:00:00,21.0172084879,43.3132148767,0,0,0,12,12,5946,337
compact51__current_roles,2019-12-08 08:00:00,20.2625610957,59.9983940678,0,0,0,12,12,5534,3587
compact51__current_roles,2019-12-08 09:00:00,22.266787334,85.5415651459,0,0,0,12,12,6541,5774
compact51__current_roles,2019-12-08 10:00:00,19.6823329661,71.854979342,0,0,0,12,12,5170,5115
compact51__current_roles,2019-12-08 11:00:00,19.9920895227,97.9117600321,0,0,0,12,12,5369,6168
compact51__current_roles,2019-12-08 12:00:00,20.4421332244,91.9551375456,0,0,0,12,12,5652,5967
compact51__current_roles,2019-12-08 13:00:00,19.8746176873,130.902944329,0,0,0,13,13,5299,6851
compact51__current_roles,2019-12-08 14:00:00,19.355687982,115.634882881,0,0,0,12,12,4944,6578
compact51__current_roles,2019-12-08 15:00:00,17.6065474702,84.1344274328,0,0,0,12,12,3651,5715
compact51__current_roles,2019-12-08 16:00:00,19.8125779724,120.171515228,0,0,0,12,12,5260,6655
compact51__current_roles,2019-12-08 17:00:00,25.9490100829,83.1747484432,0,0,0,12,12,7712,5679
compact51__current_roles,2019-12-08 18:00:00,25.6839247294,120.022086895,0,0,0,12,12,7654,6650
compact51__current_roles,2019-12-08 19:00:00,24.4840647925,74.0569805702,0,0,0,12,12,7346,5287
compact51__current_roles,2019-12-08 20:00:00,24.0767969606,99.2592313493,0,0,0,12,12,7223,6207
compact51__current_roles,2019-12-08 21:00:00,21.7322204221,82.3091174127,0,0,0,12,12,6282,5645
compact51__current_roles,2019-12-08 22:00:00,18.2555665131,60.2744528451,0,0,0,12,12,4158,3641
compact51__current_roles,2019-12-08 23:00:00,21.6569133803,356.673483698,0,0,0,13,13,6244,8076
compact51__current_roles,2019-12-09 00:00:00,22.7299517888,92.7685163083,0,0,0,12,12,6754,5993
compact51__current_roles,2019-12-09 01:00:00,22.6619715703,131.671914059,1,0,0,12,12,6723,6861
compact51__current_roles,2019-12-09 02:00:00,25.2172260845,697.179341611,1,0,0,12,12,7538,8396
compact51__current_roles,2019-12-09 03:00:00,24.1158746749,853.628674605,1,0,0,12,12,7238,8454
compact51__current_roles,2019-12-09 04:00:00,25.116330095,1096.71794851,0,0,0,12,12,7512,8514
compact51__current_roles,2019-12-09 05:00:00,21.5874123184,157.750064199,0,0,0,12,12,6214,7173
compact51__current_roles,2019-12-09 06:00:00,25.2561958523,855.75356325,1,0,0,12,12,7548,8455
compact51__current_roles,2019-12-09 07:00:00,20.8607574644,433.114497492,0,0,0,12,12,5877,8172
compact51__current_roles,2019-12-09 08:00:00,19.3395821368,147.636149045,0,0,0,12,12,4932,7056
compact51__current_roles,2019-12-09 09:00:00,19.5099180135,183.15563747,0,0,0,12,12,5062,7381
compact51__current_roles,2019-12-09 10:00:00,17.8575771039,121.011165393,0,0,0,12,12,3852,6679
compact51__current_roles,2019-12-09 11:00:00,23.0590230138,425.772999061,0,0,0,10,9,6911,8162
compact51__current_roles,2019-12-09 12:00:00,18.7382348504,105.820905657,0,0,0,12,12,4524,6384
compact51__current_roles,2019-12-09 13:00:00,16.3817353227,79.9234364362,0,0,0,12,12,2644,5553
compact51__current_roles,2019-12-09 14:00:00,18.5277072632,124.526696806,0,0,0,12,12,4380,6749
compact51__current_roles,2019-12-09 15:00:00,15.2848470011,79.0441641481,0,0,0,12,12,1846,5515
compact51__current_roles,2019-12-09 16:00:00,14.1979445089,73.5470720264,0,0,0,12,12,1109,5248
compact51__current_roles,2019-12-09 17:00:00,17.780329088,204.747646629,0,0,0,12,12,3784,7535
compact51__current_roles,2019-12-09 18:00:00,14.3188043137,126.019273457,0,0,0,11,11,1191,6774
compact51__current_roles,2019-12-09 19:00:00,20.0165524511,398.901520574,0,0,0,13,13,5383,8137
compact51__current_roles,2019-12-09 20:00:00,19.4962852622,509.745352574,0,0,0,12,12,5049,8261
compact51__current_roles,2019-12-09 21:00:00,24.2151599005,120.774313496,0,0,0,12,12,7270,6676
compact51__current_roles,2019-12-09 22:00:00,18.2111923398,156.723998804,0,0,0,12,12,4108,7161
compact51__current_roles,2019-12-09 23:00:00,17.6829127476,98.0965034275,0,0,0,12,12,3708,6172
compact51__current_roles,2019-12-10 00:00:00,19.8344533152,124.7026637,0,0,0,12,12,5275,6752
compact51__current_roles,2019-12-10 01:00:00,26.4253522243,893.087724655,0,0,0,12,12,7820,8467
compact51__current_roles,2019-12-10 02:00:00,29.9943549422,1688.52897139,1,0,0,12,12,8350,8589
compact51__current_roles,2019-12-10 03:00:00,31.45455034,2228.93146787,1,0,0,12,12,8462,8636
compact51__current_roles,2019-12-10 04:00:00,28.0571298253,2436.23764782,1,0,0,12,12,8077,8648
compact51__current_roles,2019-12-10 05:00:00,24.9053820058,1183.37186261,1,0,0,12,12,7458,8535
compact51__current_roles,2019-12-10 06:00:00,19.5182806016,166.491958003,0,0,0,12,12,5070,7251
compact51__current_roles,2019-12-10 07:00:00,22.7335119571,238.65524031,0,0,0,11,11,6758,7717
compact51__current_roles,2019-12-10 08:00:00,22.8779510252,221.702770871,0,0,0,12,12,6822,7623
compact51__current_roles,2019-12-10 09:00:00,23.2719086636,1270.31804296,1,0,0,12,12,6976,8544
compact51__current_roles,2019-12-10 10:00:00,21.0031055109,1444.17030036,1,0,0,12,12,5940,8570
compact51__current_roles,2019-12-10 11:00:00,19.3979017429,547.066443769,1,0,0,12,12,4970,8291
compact51__current_roles,2019-12-10 12:00:00,24.2908510458,482.903666442,1,0,0,12,12,7293,8226
compact51__current_roles,2019-12-10 13:00:00,25.276032217,506.735774323,1,0,0,12,12,7555,8257
compact51__current_roles,2019-12-10 14:00:00,24.6125895519,366.110796924,1,0,0,12,12,7377,8094
compact51__current_roles,2019-12-10 15:00:00,25.7774024487,12076.2042449,0,0,0,12,12,7673,8738
compact51__current_roles,2019-12-10 16:00:00,23.8727104768,535.419934597,0,0,0,12,12,7168,8286
compact51__current_roles,2019-12-10 17:00:00,23.707966353,969.042076221,0,0,0,12,12,7119,8485
compact51__current_roles,2019-12-10 18:00:00,22.2210456513,387.58742948,0,0,0,12,12,6519,8120
compact51__current_roles,2019-12-10 19:00:00,23.3469513709,2627.66091304,0,0,0,12,12,6995,8655
compact51__current_roles,2019-12-10 20:00:00,25.2303421513,1010.51459444,1,0,0,12,12,7541,8499
compact51__current_roles,2019-12-10 21:00:00,27.182098086,396.232098462,0,0,0,12,12,7958,8131
compact51__current_roles,2019-12-10 22:00:00,26.8356597836,306.463863699,0,0,0,12,12,7908,7955
compact51__current_roles,2019-12-10 23:00:00,27.3561752601,187.641926103,0,0,0,12,12,7982,7410
compact51__current_roles,2019-12-11 00:00:00,24.6029207373,125.673764601,0,0,0,12,12,7374,6768
compact51__current_roles,2019-12-11 01:00:00,21.7996260208,79.6628406226,0,0,0,12,12,6304,5543
compact51__current_roles,2019-12-11 02:00:00,25.5529363904,105.978913095,0,0,0,12,12,7615,6387
compact51__current_roles,2019-12-11 03:00:00,24.6654517548,109.628968321,0,0,0,12,12,7394,6458
compact51__current_roles,2019-12-11 04:00:00,24.9038662146,96.3608870309,0,0,0,12,12,7457,6131
compact51__current_roles,2019-12-11 05:00:00,22.8292428038,77.0469203004,0,0,0,12,12,6802,5431
compact51__current_roles,2019-12-11 06:00:00,20.6843314037,54.2583389058,0,0,0,12,12,5770,2256
compact51__current_roles,2019-12-11 07:00:00,23.0332448725,60.4423685986,0,0,0,12,12,6896,3673
compact51__current_roles,2019-12-11 08:00:00,22.4283916813,58.197417359,0,0,0,12,12,6605,3216
compact51__current_roles,2019-12-11 09:00:00,20.1938112515,59.2486508615,0,0,0,12,12,5496,3442
compact51__current_roles,2019-12-11 10:00:00,18.0440729843,56.17956445,0,0,0,12,12,3999,2743
compact51__current_roles,2019-12-11 11:00:00,18.5199564388,62.3363767828,0,0,0,10,10,4373,4043
compact51__current_roles,2019-12-11 12:00:00,15.3958177154,61.4775999191,0,0,0,12,12,1926,3891
compact51__current_roles,2019-12-11 13:00:00,18.2912767659,204.187248278,0,0,0,11,11,4185,7529
compact51__current_roles,2019-12-11 14:00:00,20.3203348771,3433.87586427,1,0,0,12,12,5572,8681
compact51__current_roles,2019-12-11 15:00:00,19.8341901361,653.137131871,1,0,0,12,12,5274,8366
compact51__current_roles,2019-12-11 16:00:00,23.6598504401,345.964624749,1,0,0,12,12,7098,8053
compact51__current_roles,2019-12-11 17:00:00,30.591719642,560.753922402,1,0,0,12,12,8401,8302
compact51__current_roles,2019-12-11 18:00:00,29.532852644,434.875619794,1,0,0,12,12,8291,8175
compact51__current_roles,2019-12-11 19:00:00,27.2314398815,605.690932004,1,0,0,12,12,7965,8340
compact51__current_roles,2019-12-11 20:00:00,22.8880795587,778.499904629,0,0,0,12,12,6827,8432
compact51__current_roles,2019-12-11 21:00:00,23.1597435426,280.822648225,0,0,0,12,12,6937,7881
compact51__current_roles,2019-12-11 22:00:00,20.8057961446,90.8099981509,0,0,0,12,12,5843,5930
compact51__current_roles,2019-12-11 23:00:00,20.170552322,51.6897184823,0,0,0,12,12,5480,1684
compact51__current_roles,2019-12-12 00:00:00,21.4349906167,88.1334476923,0,0,0,12,12,6152,5845
compact51__current_roles,2019-12-12 01:00:00,22.2381543968,54.4087356283,0,0,0,12,12,6528,2301
compact51__current_roles,2019-12-12 02:00:00,22.2241139731,55.1728449355,0,0,0,12,12,6522,2498
compact51__current_roles,2019-12-12 03:00:00,18.7438187273,52.3167590258,0,0,0,12,12,4529,1804
compact51__current_roles,2019-12-12 04:00:00,20.5895646131,52.0750964163,0,0,0,12,12,5722,1763
compact51__current_roles,2019-12-12 05:00:00,19.4706351335,46.2857975513,0,0,0,12,12,5029,673
compact51__current_roles,2019-12-12 06:00:00,24.810780629,485.500738643,0,0,0,12,12,7431,8230
compact51__current_roles,2019-12-12 07:00:00,29.7362800672,922.428391942,0,0,0,12,12,8317,8473
compact51__current_roles,2019-12-12 08:00:00,21.2136258695,192.365524215,0,0,0,12,12,6041,7445
compact51__current_roles,2019-12-12 09:00:00,18.0478081779,80.6905360539,0,0,0,12,12,4003,5583
compact51__current_roles,2019-12-12 10:00:00,18.6294023642,208.972567184,1,0,0,12,12,4447,7558
compact51__current_roles,2019-12-12 11:00:00,13.6050607472,190.320115306,0,0,0,7,7,818,7423
compact51__current_roles,2019-12-12 12:00:00,12.4277224437,66.5643346499,0,7,0,0,0,383,4625
compact51__current_roles,2019-12-12 13:00:00,11.6869262262,58.7682937944,0,0,0,10,10,178,3345
compact51__current_roles,2019-12-12 14:00:00,11.7268039542,64.2421189272,0,0,0,12,12,194,4334
compact51__current_roles,2019-12-12 15:00:00,12.3802003345,59.0603923036,0,0,0,12,12,360,3399
compact51__current_roles,2019-12-12 16:00:00,11.613198494,64.4362606961,0,0,0,7,7,163,4362
compact51__current_roles,2019-12-12 17:00:00,16.1605140702,67.5245133805,0,0,0,12,12,2499,4724
compact51__current_roles,2019-12-12 18:00:00,18.339792425,65.7829310523,0,0,0,12,12,4223,4541
compact51__current_roles,2019-12-12 19:00:00,17.3881442384,59.9932966858,0,0,0,12,12,3469,3586
compact51__current_roles,2019-12-12 20:00:00,20.5159987666,277.942455465,0,0,0,12,12,5682,7862
compact51__current_roles,2019-12-12 21:00:00,19.2939784768,653.734861926,1,0,0,12,12,4908,8367
compact51__current_roles,2019-12-12 22:00:00,16.49278896,755.308384066,0,0,0,12,12,2747,8421
compact51__current_roles,2019-12-12 23:00:00,16.8401105942,112.801110282,0,0,0,12,12,3013,6528
compact51__current_roles,2019-12-13 00:00:00,21.2570525452,235.997478342,0,0,0,12,12,6067,7703
compact51__current_roles,2019-12-13 01:00:00,22.2144340027,171.73215851,0,0,0,12,12,6512,7297
compact51__current_roles,2019-12-13 02:00:00,20.0546400946,135.810792571,0,0,0,12,12,5406,6913
compact51__current_roles,2019-12-13 03:00:00,20.3289875448,160.740403917,0,0,0,12,12,5579,7197
compact51__current_roles,2019-12-13 04:00:00,20.7299276298,132.458371311,0,0,0,12,12,5792,6874
compact51__current_roles,2019-12-13 05:00:00,21.1113559703,241.714527079,0,0,0,12,12,5987,7729
compact51__current_roles,2019-12-13 06:00:00,22.425592874,107.352666985,0,0,0,13,13,6603,6411
compact51__current_roles,2019-12-13 07:00:00,22.5773787317,356.02451722,0,0,0,12,12,6683,8075
compact51__current_roles,2019-12-13 08:00:00,20.0433266879,143.558653984,0,0,0,12,12,5399,7008
compact51__current_roles,2019-12-13 09:00:00,19.1594404361,139.675667522,0,0,0,12,12,4825,6959
compact51__current_roles,2019-12-13 10:00:00,17.8049119308,81.1654565248,0,0,0,11,11,3809,5610
compact51__current_roles,2019-12-13 11:00:00,18.3599676497,83.283762494,0,0,0,11,11,4243,5686
compact51__current_roles,2019-12-13 12:00:00,17.138787561,54.4821205384,0,0,0,12,12,3253,2321
compact51__current_roles,2019-12-13 13:00:00,17.6471530246,56.8710029542,0,0,0,11,11,3679,2901
compact51__current_roles,2019-12-13 14:00:00,17.4587729927,57.0854470157,0,0,0,12,12,3526,2952
compact51__current_roles,2019-12-13 15:00:00,20.9275771221,60.7185284586,0,0,0,9,8,5910,3737
compact51__current_roles,2019-12-13 16:00:00,18.2937978406,56.5450593673,0,0,0,12,12,4186,2828
compact51__current_roles,2019-12-13 17:00:00,20.6673571982,90.0800954542,0,0,0,12,12,5759,5913
compact51__current_roles,2019-12-13 18:00:00,16.7413919006,61.9618310986,0,0,0,12,12,2946,3984
compact51__current_roles,2019-12-13 19:00:00,17.8672227804,109.349269065,0,0,0,12,12,3859,6455
compact51__current_roles,2019-12-13 20:00:00,18.8212999201,158.979971233,0,0,0,14,14,4593,7185
compact51__current_roles,2019-12-13 21:00:00,19.6525752554,158.959693198,0,0,0,10,10,5150,7183
compact51__current_roles,2019-12-13 22:00:00,16.5549373783,80.2008661943,0,0,0,12,12,2794,5563
compact51__current_roles,2019-12-13 23:00:00,17.3011296493,60.6288672517,0,0,0,12,12,3398,3719
compact51__current_roles,2019-12-14 00:00:00,21.0883059015,412.286041443,0,0,0,12,12,5979,8150
compact51__current_roles,2019-12-14 01:00:00,22.5462837602,1660.00631938,1,0,0,12,12,6674,8584
compact51__current_roles,2019-12-14 02:00:00,23.5337214448,1374.35446619,1,0,0,12,12,7052,8556
compact51__current_roles,2019-12-14 03:00:00,25.6135782416,2827.42510585,1,0,0,12,12,7637,8660
compact51__current_roles,2019-12-14 04:00:00,26.3871785886,359.609858378,1,0,0,12,12,7813,8085
compact51__current_roles,2019-12-14 05:00:00,25.4151430788,326.399223655,1,0,0,12,12,7582,8002
compact51__current_roles,2019-12-14 06:00:00,25.4615459184,278.247603032,1,0,0,12,12,7596,7864
compact51__current_roles,2019-12-14 07:00:00,28.1680350048,286.370180643,1,0,0,12,12,8102,7901
compact51__current_roles,2019-12-14 08:00:00,26.3551449281,329.592451625,1,0,0,12,12,7806,8006
compact51__current_roles,2019-12-14 09:00:00,22.7992782867,136.663904728,1,0,0,12,12,6785,6921
compact51__current_roles,2019-12-14 10:00:00,24.9190056998,180.829835261,1,0,0,12,12,7465,7366
compact51__current_roles,2019-12-14 11:00:00,21.5495332721,179.07495607,1,0,0,12,12,6197,7352
compact51__current_roles,2019-12-14 12:00:00,24.5396923503,139.700543513,1,0,0,12,12,7356,6961
compact51__current_roles,2019-12-14 13:00:00,22.9312628565,144.639929561,1,0,0,12,12,6845,7019
compact51__current_roles,2019-12-14 14:00:00,21.5009722818,209.999783311,1,0,0,12,12,6184,7564
compact51__current_roles,2019-12-14 15:00:00,21.918510156,190.773475574,1,0,0,12,12,6370,7427
compact51__current_roles,2019-12-14 16:00:00,20.9170442026,154.108067233,1,0,0,12,12,5899,7133
compact51__current_roles,2019-12-14 17:00:00,20.8015305114,156.113473268,1,0,0,12,12,5842,7156
compact51__current_roles,2019-12-14 18:00:00,18.7934633084,184.310464,1,0,0,12,12,4564,7388
compact51__current_roles,2019-12-14 19:00:00,19.1852265058,230.089717169,1,0,0,12,12,4844,7667
compact51__current_roles,2019-12-14 20:00:00,17.7863852645,538.278440537,1,0,0,12,12,3791,8289
compact51__current_roles,2019-12-14 21:00:00,18.2008600164,4526.93202595,1,0,0,12,12,4101,8704
compact51__current_roles,2019-12-14 22:00:00,21.7037831927,1123.68590369,0,0,0,12,12,6266,8521
compact51__current_roles,2019-12-14 23:00:00,23.9357626004,655.102858647,1,0,0,12,12,7186,8368
compact51__current_roles,2019-12-15 00:00:00,23.6161114222,250.638369112,1,0,0,12,12,7077,7774
compact51__current_roles,2019-12-15 01:00:00,23.9549371417,564.00767668,1,0,0,12,12,7194,8308
compact51__current_roles,2019-12-15 02:00:00,24.166510085,1612.64028581,0,0,0,12,12,7256,8582
compact51__current_roles,2019-12-15 03:00:00,24.8510740182,1839.09336797,0,0,0,12,12,7438,8604
compact51__current_roles,2019-12-15 04:00:00,25.365397079,4631.49140662,1,0,0,12,12,7572,8706
compact51__current_roles,2019-12-15 05:00:00,25.0811549908,348.982986879,1,0,0,12,12,7503,8063
compact51__current_roles,2019-12-15 06:00:00,25.7168123181,242.179206625,1,0,0,12,12,7663,7732
compact51__current_roles,2019-12-15 07:00:00,23.7187148396,2698.24944817,1,0,0,12,12,7124,8657
compact51__current_roles,2019-12-15 08:00:00,27.5048981472,2141.05971082,1,0,0,12,12,8000,8630
compact51__current_roles,2019-12-15 09:00:00,30.6628585312,590.085407691,1,0,0,12,12,8404,8332
compact51__current_roles,2019-12-15 10:00:00,26.458423183,599.892389635,0,0,0,12,12,7826,8336
compact51__current_roles,2019-12-15 11:00:00,26.5027190786,686.808853645,0,0,0,12,12,7835,8389
compact51__current_roles,2019-12-15 12:00:00,24.1802668409,376.497126147,0,0,0,12,12,7259,8108
compact51__current_roles,2019-12-15 13:00:00,23.833550244,259.865415204,0,0,0,12,12,7156,7813
compact51__current_roles,2019-12-15 14:00:00,21.9978045968,348.191052771,0,0,0,12,12,6408,8060
compact51__current_roles,2019-12-15 15:00:00,21.6438413874,1116.27504748,0,0,0,12,12,6240,8520
compact51__current_roles,2019-12-15 16:00:00,22.1927602956,2071.40106375,1,0,0,12,12,6504,8622
compact51__current_roles,2019-12-15 17:00:00,22.4483147123,339.786490636,1,0,0,12,12,6615,8031
compact51__current_roles,2019-12-15 18:00:00,23.2650846457,257.112850741,1,0,0,12,12,6974,7800
compact51__current_roles,2019-12-15 19:00:00,24.2957067894,231.354802117,1,0,0,12,12,7295,7673
compact51__current_roles,2019-12-15 20:00:00,22.0579583486,192.655145378,1,0,0,12,12,6436,7447
compact51__current_roles,2019-12-15 21:00:00,18.6056915249,324.22724925,1,0,0,12,12,4435,7996
compact51__current_roles,2019-12-15 22:00:00,22.2286798884,1407.85973181,1,0,0,12,12,6524,8562
compact51__current_roles,2019-12-15 23:00:00,27.7553661608,31912.3313916,0,0,0,12,12,8033,8751
compact51__current_roles,2019-12-16 00:00:00,27.8778401056,357.366218476,1,0,0,12,12,8051,8079
compact51__current_roles,2019-12-16 01:00:00,23.5159938218,3041.56955885,0,0,0,12,12,7047,8669
compact51__current_roles,2019-12-16 02:00:00,23.0522020745,3054.07403696,1,0,0,12,12,6909,8671
compact51__current_roles,2019-12-16 03:00:00,23.8190554938,1179.27134659,1,0,0,12,12,7152,8534
compact51__current_roles,2019-12-16 04:00:00,26.6250291293,3046.8104233,0,0,0,13,12,7861,8670
compact51__current_roles,2019-12-16 05:00:00,25.160570497,1834.92823952,1,0,0,12,12,7526,8603
compact51__current_roles,2019-12-16 06:00:00,26.5245492176,273.065484079,1,0,0,12,12,7843,7849
compact51__current_roles,2019-12-16 07:00:00,23.9680463061,368.414084251,1,0,0,12,12,7197,8096
compact51__current_roles,2019-12-16 08:00:00,21.9112373853,176.509269264,1,0,0,12,12,6363,7340
compact51__current_roles,2019-12-16 09:00:00,17.6959064106,398.123444822,1,0,0,12,12,3715,8133
compact51__current_roles,2019-12-16 10:00:00,19.2961541473,2082.62942267,1,0,0,12,12,4913,8623
compact51__current_roles,2019-12-16 11:00:00,16.7373344525,408.583789425,0,0,0,12,12,2942,8146
compact51__current_roles,2019-12-16 12:00:00,13.6954119924,73.6973428658,0,0,0,12,12,865,5258
compact51__current_roles,2019-12-16 13:00:00,13.6228192605,63.8073493087,0,0,0,12,12,827,4269
compact51__current_roles,2019-12-16 14:00:00,12.0468629656,42.7005275656,0,0,0,12,12,263,294
compact51__current_roles,2019-12-16 15:00:00,12.2111004056,51.7451302052,0,0,0,12,12,314,1693
compact51__current_roles,2019-12-16 16:00:00,13.6724674913,147.341525596,0,0,0,12,12,857,7054
compact51__current_roles,2019-12-16 17:00:00,17.5818662412,223.700311758,0,0,0,12,12,3633,7635
compact51__current_roles,2019-12-16 18:00:00,17.2346349992,153.115745447,0,0,0,12,12,3328,7121
compact51__current_roles,2019-12-16 19:00:00,16.9741615855,227.774054694,0,0,0,12,12,3123,7656
compact51__current_roles,2019-12-16 20:00:00,15.5864467471,76.5672777475,0,0,0,12,12,2062,5412
compact51__current_roles,2019-12-16 21:00:00,15.1966425394,35.0829926095,0,0,0,12,12,1777,29
compact51__current_roles,2019-12-16 22:00:00,14.185892855,47.7368477222,0,0,0,12,12,1101,911
compact51__current_roles,2019-12-16 23:00:00,18.9456510111,55.7770256989,0,0,0,12,12,4686,2641
compact51__current_roles,2019-12-17 00:00:00,14.9989726478,47.1170920497,0,0,0,12,12,1659,807
compact51__current_roles,2019-12-17 01:00:00,14.6170913218,48.0817158885,0,0,0,12,12,1385,978
compact51__current_roles,2019-12-17 02:00:00,14.8089119431,48.5653928467,0,0,0,12,12,1520,1069
compact51__current_roles,2019-12-17 03:00:00,17.9716722206,52.5903670647,0,0,0,12,12,3946,1868
compact51__current_roles,2019-12-17 04:00:00,20.4095173871,66.2389383789,0,0,0,12,12,5632,4592
compact51__current_roles,2019-12-17 05:00:00,25.3908325716,187.410035726,0,0,0,12,12,7578,7408
compact51__current_roles,2019-12-17 06:00:00,22.6508425112,104.877302247,0,0,0,12,12,6715,6367
compact51__current_roles,2019-12-17 07:00:00,26.4090117587,1862.63447604,0,0,0,12,12,7819,8608
compact51__current_roles,2019-12-17 08:00:00,24.9017300738,757.194098935,1,0,0,12,12,7455,8422
compact51__current_roles,2019-12-17 09:00:00,22.8909416988,801.996166375,1,0,0,12,12,6828,8435
compact51__current_roles,2019-12-17 10:00:00,19.6582255912,86.7249454664,0,0,0,12,12,5153,5806
compact51__current_roles,2019-12-17 11:00:00,18.1254361048,66.071779361,0,0,0,12,12,4050,4571
compact51__current_roles,2019-12-17 12:00:00,14.5687817236,62.9315668718,0,0,0,12,12,1348,4145
compact51__current_roles,2019-12-17 13:00:00,14.700907296,62.8601661087,0,0,0,12,12,1455,4134
compact51__current_roles,2019-12-17 14:00:00,15.4242491997,68.8978284556,0,0,0,13,12,1953,4843
compact51__current_roles,2019-12-17 15:00:00,14.6126151079,67.0104672407,0,0,0,13,13,1378,4668
compact51__current_roles,2019-12-17 16:00:00,14.6696527915,61.4368670673,0,0,0,11,11,1431,3882
compact51__current_roles,2019-12-17 17:00:00,17.843944009,73.2504842974,0,0,0,12,12,3838,5224
compact51__current_roles,2019-12-17 18:00:00,18.7942080921,70.4892628705,0,0,0,13,13,4565,5005
compact51__current_roles,2019-12-17 19:00:00,15.7743213427,61.1711945533,0,0,0,12,12,2211,3834
compact51__current_roles,2019-12-17 20:00:00,16.5315215656,62.4271546166,0,0,0,12,12,2771,4057
compact51__current_roles,2019-12-17 21:00:00,14.8466221682,60.5229798227,0,0,0,12,12,1554,3695
compact51__current_roles,2019-12-17 22:00:00,16.4842491643,61.4650402705,0,0,0,12,12,2743,3889
compact51__current_roles,2019-12-17 23:00:00,17.9174776978,60.0821055939,0,0,0,12,12,3897,3610
compact51__current_roles,2019-12-18 00:00:00,18.4133786728,51.1663006501,0,0,0,12,12,4302,1556
compact51__current_roles,2019-12-18 01:00:00,17.1664074924,46.1346844298,0,0,0,12,12,3277,657
compact51__current_roles,2019-12-18 02:00:00,20.6672554996,52.2782853566,0,0,0,12,12,5758,1795
compact51__current_roles,2019-12-18 03:00:00,18.5021739022,56.3140446508,0,0,0,12,12,4363,2777
compact51__current_roles,2019-12-18 04:00:00,19.4709691868,48.1416869086,0,0,0,12,12,5030,991
compact51__current_roles,2019-12-18 05:00:00,18.2230274414,61.003695763,0,0,0,12,12,4129,3797
compact51__current_roles,2019-12-18 06:00:00,14.7637047758,56.7784607299,0,0,0,12,12,1493,2883
compact51__current_roles,2019-12-18 07:00:00,11.7970091737,49.9620513074,0,0,0,12,12,205,1332
compact51__current_roles,2019-12-18 08:00:00,11.0661839555,53.0372140756,0,0,0,12,12,85,1970
compact51__current_roles,2019-12-18 09:00:00,10.8800156707,57.3817909909,0,0,0,12,12,64,3033
compact51__current_roles,2019-12-18 10:00:00,9.17589817114,54.770767704,0,0,0,12,12,7,2395
compact51__current_roles,2019-12-18 11:00:00,11.0539657749,49.5282377152,0,0,0,12,12,83,1252
compact51__current_roles,2019-12-18 12:00:00,12.1933971957,50.8462992575,0,0,0,12,12,308,1489
compact51__current_roles,2019-12-18 13:00:00,13.6338500438,58.011145332,0,0,0,13,12,838,3177
compact51__current_roles,2019-12-18 14:00:00,11.6598208239,50.4158205718,0,0,0,12,12,172,1405
compact51__current_roles,2019-12-18 15:00:00,13.0412718746,52.7780390803,0,0,0,12,12,577,1902
compact51__current_roles,2019-12-18 16:00:00,13.1056881728,56.4743331499,0,0,0,12,12,604,2814
compact51__current_roles,2019-12-18 17:00:00,11.9429961053,59.0605232886,0,0,0,12,12,243,3400
compact51__current_roles,2019-12-18 18:00:00,16.6291418687,61.5133164425,0,0,0,12,12,2864,3899
compact51__current_roles,2019-12-18 19:00:00,13.4087667145,55.2736476955,0,0,0,12,12,736,2528
compact51__current_roles,2019-12-18 20:00:00,12.6370194192,52.0931479447,0,0,0,12,12,450,1765
compact51__current_roles,2019-12-18 21:00:00,14.2260871736,55.2204236467,0,0,0,12,12,1127,2515
compact51__current_roles,2019-12-18 22:00:00,13.9760318306,47.0297798766,0,0,0,12,12,987,797
compact51__current_roles,2019-12-18 23:00:00,19.3839642637,88.9499405766,0,0,0,12,12,4960,5868
compact51__current_roles,2019-12-19 00:00:00,17.9635261053,112.206555684,1,0,0,12,12,3936,6511
compact51__current_roles,2019-12-19 01:00:00,19.7469356446,139.661632022,1,0,0,12,12,5212,6958
compact51__current_roles,2019-12-19 02:00:00,19.2654731011,113.875338813,1,0,0,12,12,4893,6544
compact51__current_roles,2019-12-19 03:00:00,17.0619573978,97.1798732573,0,0,0,12,12,3194,6152
compact51__current_roles,2019-12-19 04:00:00,14.9007940964,266.881584261,1,0,0,12,12,1602,7830
compact51__current_roles,2019-12-19 05:00:00,16.9154857625,80.9496155648,0,0,0,12,12,3084,5601
compact51__current_roles,2019-12-19 06:00:00,18.624343343,57.7143279022,0,0,0,12,12,4444,3116
compact51__current_roles,2019-12-19 07:00:00,16.7896913064,50.2662394303,0,0,0,12,12,2983,1381
compact51__current_roles,2019-12-19 08:00:00,15.7426656056,54.2471091444,0,0,0,12,12,2183,2251
compact51__current_roles,2019-12-19 09:00:00,16.1934195479,46.32793174,0,0,0,12,12,2521,681
compact51__current_roles,2019-12-19 10:00:00,13.7732187351,51.0271740454,0,0,0,12,12,897,1523
compact51__current_roles,2019-12-19 11:00:00,15.3176869697,45.173777503,0,0,0,12,12,1874,547
compact51__current_roles,2019-12-19 12:00:00,16.5604323649,48.2457868925,0,0,0,12,12,2801,1006
compact51__current_roles,2019-12-19 13:00:00,15.3732864043,51.9217622222,0,0,0,12,12,1908,1725
compact51__current_roles,2019-12-19 14:00:00,16.1160014539,45.5599663559,0,0,0,12,12,2455,585
compact51__current_roles,2019-12-19 15:00:00,17.0871463858,42.8276727063,0,0,0,12,12,3214,308
compact51__current_roles,2019-12-19 16:00:00,16.7334682269,47.0109382495,0,0,0,12,12,2940,793
compact51__current_roles,2019-12-19 17:00:00,15.6713033955,59.7775335943,0,0,0,12,12,2119,3547
compact51__current_roles,2019-12-19 18:00:00,15.8190063312,61.1340179486,0,0,0,12,12,2247,3821
compact51__current_roles,2019-12-19 19:00:00,17.4176748826,61.2539216069,0,0,0,12,12,3490,3850
compact51__current_roles,2019-12-19 20:00:00,15.7994081864,54.7461408109,0,0,0,12,12,2230,2385
compact51__current_roles,2019-12-19 21:00:00,18.083845081,45.2684585449,0,0,0,12,12,4026,557
compact51__current_roles,2019-12-19 22:00:00,22.5571318215,64.8250397197,0,0,0,12,12,6678,4418
compact51__current_roles,2019-12-19 23:00:00,23.5403470857,73.8956184627,0,0,0,12,12,7053,5278
compact51__current_roles,2019-12-20 00:00:00,19.0387640915,80.9999296886,0,0,0,12,12,4749,5604
compact51__current_roles,2019-12-20 01:00:00,19.4375998844,116.735461104,1,0,0,12,12,5003,6589
compact51__current_roles,2019-12-20 02:00:00,17.4184281751,97.194378641,0,0,0,12,12,3491,6153
compact51__current_roles,2019-12-20 03:00:00,18.9492526995,90.8114492666,0,0,0,12,12,4692,5931
compact51__current_roles,2019-12-20 04:00:00,15.121469779,66.1590667886,0,0,0,12,12,1724,4581
compact51__current_roles,2019-12-20 05:00:00,16.257096105,62.4907651098,0,0,0,12,12,2566,4066
compact51__current_roles,2019-12-20 06:00:00,14.8438258598,49.2918912565,0,0,0,12,12,1551,1200
compact51__current_roles,2019-12-20 07:00:00,15.624499328,72.660209786,0,0,0,12,12,2089,5185
compact51__current_roles,2019-12-20 08:00:00,11.308331212,61.5226198439,0,0,0,12,12,118,3901
compact51__current_roles,2019-12-20 09:00:00,13.0775352582,58.2211978162,0,0,0,12,12,594,3221
compact51__current_roles,2019-12-20 10:00:00,15.9264117897,56.2809718827,0,0,0,12,12,2333,2771
compact51__current_roles,2019-12-20 11:00:00,15.937475768,56.7324746677,0,0,0,12,12,2345,2871
compact51__current_roles,2019-12-20 12:00:00,15.7997937716,56.1276026475,0,0,0,14,14,2232,2731
compact51__current_roles,2019-12-20 13:00:00,14.6611254538,59.3609114108,0,0,0,11,11,1426,3467
compact51__current_roles,2019-12-20 14:00:00,14.6908119219,52.5041297753,0,0,0,12,12,1445,1846
compact51__current_roles,2019-12-20 15:00:00,13.6842531754,57.6396736294,0,0,0,12,12,861,3092
compact51__current_roles,2019-12-20 16:00:00,11.5087200415,64.348260011,0,0,0,12,12,141,4350
compact51__current_roles,2019-12-20 17:00:00,12.2374261454,66.2850798533,0,0,0,12,12,321,4596
compact51__current_roles,2019-12-20 18:00:00,14.7875665872,56.506637825,0,0,0,12,12,1505,2822
compact51__current_roles,2019-12-20 19:00:00,14.1899701347,59.4538906525,0,0,0,12,12,1106,3484
compact51__current_roles,2019-12-20 20:00:00,14.4201370581,56.6219571792,0,0,0,12,12,1259,2842
compact51__current_roles,2019-12-20 21:00:00,16.3691814965,52.2409012262,0,0,0,12,12,2638,1785
compact51__current_roles,2019-12-20 22:00:00,16.2126389383,56.6342703205,0,0,0,12,12,2532,2844
compact51__current_roles,2019-12-20 23:00:00,16.4190864014,67.7071565657,0,0,0,12,12,2686,4740
compact51__current_roles,2019-12-21 00:00:00,17.6046092406,90.9549993669,0,0,0,12,12,3649,5934
compact51__current_roles,2019-12-21 01:00:00,15.6994677734,84.7041716574,0,0,0,12,12,2139,5739
compact51__current_roles,2019-12-21 02:00:00,13.7066442719,68.5195236566,0,0,0,12,12,869,4814
compact51__current_roles,2019-12-21 03:00:00,12.1423922247,46.9664470419,0,0,0,12,12,291,786
compact51__current_roles,2019-12-21 04:00:00,15.5864268566,64.7189489096,0,0,0,12,12,2061,4407
compact51__current_roles,2019-12-21 05:00:00,15.168736796,89.8620423881,0,0,0,12,12,1758,5904
compact51__current_roles,2019-12-21 06:00:00,17.4019150404,87.8061899289,0,0,0,12,12,3477,5835
compact51__current_roles,2019-12-21 07:00:00,15.4983572181,78.9608859998,0,0,0,12,12,1997,5512
compact51__current_roles,2019-12-21 08:00:00,13.6510886726,49.3406536764,0,0,0,12,12,843,1210
compact51__current_roles,2019-12-21 09:00:00,12.0806216753,55.3343443406,0,0,0,12,12,272,2543
compact51__current_roles,2019-12-21 10:00:00,14.1335962584,52.4352646766,0,0,0,12,12,1073,1832
compact51__current_roles,2019-12-21 11:00:00,14.3553680775,52.6414998324,0,0,0,12,12,1213,1884
compact51__current_roles,2019-12-21 12:00:00,11.5953971821,58.4643695688,0,0,0,12,12,159,3270
compact51__current_roles,2019-12-21 13:00:00,11.7065167005,59.214524106,0,0,0,12,12,188,3429
compact51__current_roles,2019-12-21 14:00:00,11.7995859085,51.6394799379,0,0,0,12,12,208,1667
compact51__current_roles,2019-12-21 15:00:00,11.167947943,52.6207485898,0,0,0,12,12,103,1877
compact51__current_roles,2019-12-21 16:00:00,14.5324139403,51.2920876272,0,0,0,12,12,1321,1581
compact51__current_roles,2019-12-21 17:00:00,15.6961009855,48.6152645842,0,0,0,14,14,2138,1079
compact51__current_roles,2019-12-21 18:00:00,13.378693349,50.7902503626,0,0,0,10,10,720,1480
compact51__current_roles,2019-12-21 19:00:00,13.1188237215,51.3520435359,0,0,0,12,12,609,1599
compact51__current_roles,2019-12-21 20:00:00,12.2502724136,52.2838778042,0,0,0,12,12,326,1796
compact51__current_roles,2019-12-21 21:00:00,12.8374929116,48.7830851134,0,0,0,12,12,517,1103
compact51__current_roles,2019-12-21 22:00:00,12.9153418598,49.5479303472,0,0,0,12,12,540,1255
compact51__current_roles,2019-12-21 23:00:00,13.0480325871,49.7536094421,0,0,0,12,12,582,1301
compact51__current_roles,2019-12-22 00:00:00,17.9228406118,44.040905449,0,0,0,14,14,3905,416
compact51__current_roles,2019-12-22 01:00:00,23.2206932658,38.1798356505,0,0,0,12,12,6959,75
compact51__current_roles,2019-12-22 02:00:00,19.2292844721,41.2810658152,0,0,0,12,12,4867,191
compact51__current_roles,2019-12-22 03:00:00,18.9887468665,41.0280539199,0,0,0,12,12,4712,179
compact51__current_roles,2019-12-22 04:00:00,19.0614904254,40.5469173705,0,0,0,12,12,4764,149
compact51__current_roles,2019-12-22 05:00:00,19.236277325,48.2855679918,0,0,0,12,12,4874,1012
compact51__current_roles,2019-12-22 06:00:00,24.1052403444,115.406665021,1,0,0,12,12,7232,6575
compact51__current_roles,2019-12-22 07:00:00,15.7384489024,33.0353771999,0,0,0,12,12,2179,17
compact51__current_roles,2019-12-22 08:00:00,23.0509515081,116.316838192,0,0,0,12,12,6908,6583
compact51__current_roles,2019-12-22 09:00:00,18.2166134958,54.6977892361,0,0,0,12,12,4122,2375
compact51__current_roles,2019-12-22 10:00:00,19.4007650116,78.981061746,0,0,0,12,12,4975,5514
compact51__current_roles,2019-12-22 11:00:00,19.9142326373,89.1134109699,0,0,0,12,12,5319,5877
compact51__current_roles,2019-12-22 12:00:00,19.2329014243,117.784911344,0,0,0,12,12,4871,6609
compact51__current_roles,2019-12-22 13:00:00,17.0558728625,61.9435535457,0,0,0,12,12,3188,3980
compact51__current_roles,2019-12-22 14:00:00,15.4031972656,54.9690476816,0,0,0,12,12,1933,2449
compact51__current_roles,2019-12-22 15:00:00,14.3940840874,54.2974060297,0,0,0,12,12,1241,2272
compact51__current_roles,2019-12-22 16:00:00,13.1927831133,53.1622406762,0,0,0,12,12,637,1998
compact51__current_roles,2019-12-22 17:00:00,14.5818204356,51.6461176998,0,0,0,12,12,1358,1673
compact51__current_roles,2019-12-22 18:00:00,13.2247366797,45.558107823,0,0,0,12,12,656,584
compact51__current_roles,2019-12-22 19:00:00,12.6607325519,47.9566095576,0,0,0,12,12,457,951
compact51__current_roles,2019-12-22 20:00:00,13.0085829686,46.9524785265,0,0,0,12,12,567,783
compact51__current_roles,2019-12-22 21:00:00,12.4583686571,51.3386862094,0,0,0,12,12,390,1594
compact51__current_roles,2019-12-22 22:00:00,16.9172657171,61.3305111681,0,0,0,13,12,3086,3864
compact51__current_roles,2019-12-22 23:00:00,16.6419390701,52.0740795139,0,0,0,12,12,2874,1762
compact51__current_roles,2019-12-23 00:00:00,18.353309647,44.5404246318,0,0,0,12,12,4234,468
compact51__current_roles,2019-12-23 01:00:00,19.0651844954,38.8979185237,0,0,0,12,12,4766,93
compact51__current_roles,2019-12-23 02:00:00,17.2677207116,50.9661001135,0,0,0,12,12,3361,1513
compact51__current_roles,2019-12-23 03:00:00,15.6789293238,170.192691429,0,0,0,12,12,2126,7284
compact51__current_roles,2019-12-23 04:00:00,17.6530448302,570.078263706,1,0,0,12,12,3683,8313
compact51__current_roles,2019-12-23 05:00:00,19.4600608626,289.510599051,0,0,0,14,13,5023,7911
compact51__current_roles,2019-12-23 06:00:00,15.7377630429,40.3549717635,0,0,0,11,11,2178,140
compact51__current_roles,2019-12-23 07:00:00,19.4373001241,53.8046627053,0,0,0,12,12,5001,2153
compact51__current_roles,2019-12-23 08:00:00,17.4533273064,60.6795823791,0,0,0,12,12,3523,3727
compact51__current_roles,2019-12-23 09:00:00,16.5760850541,49.2906226218,0,0,0,12,12,2822,1199
compact51__current_roles,2019-12-23 10:00:00,19.1082267188,84.075125983,0,0,0,12,12,4789,5714
compact51__current_roles,2019-12-23 11:00:00,15.2399568046,72.1329107972,0,0,0,12,12,1809,5139
compact51__current_roles,2019-12-23 12:00:00,16.5901198075,90.2859085999,0,0,0,12,12,2830,5920
compact51__current_roles,2019-12-23 13:00:00,16.8560622051,70.6202654386,0,0,0,12,12,3027,5018
compact51__current_roles,2019-12-23 14:00:00,16.8910671107,71.5129402516,0,0,0,12,12,3064,5094
compact51__current_roles,2019-12-23 15:00:00,14.3352182596,66.1248228057,0,0,0,12,12,1203,4578
compact51__current_roles,2019-12-23 16:00:00,15.2738479804,76.1611169544,0,0,0,12,12,1839,5398
compact51__current_roles,2019-12-23 17:00:00,16.5169743044,75.998543516,0,0,0,12,12,2763,5389
compact51__current_roles,2019-12-23 18:00:00,15.7050318728,57.4201967857,0,0,0,12,12,2145,3047
compact51__current_roles,2019-12-23 19:00:00,14.2882629074,45.5982745669,0,0,0,12,12,1168,589
compact51__current_roles,2019-12-23 20:00:00,15.2426645878,44.3060160213,0,0,0,13,12,1812,446
compact51__current_roles,2019-12-23 21:00:00,15.9285987101,48.1321291259,0,0,0,12,12,2338,990
compact51__current_roles,2019-12-23 22:00:00,14.2452666191,48.3802467209,0,0,0,13,12,1146,1036
compact51__current_roles,2019-12-23 23:00:00,16.3449232486,46.7380786577,0,0,0,12,12,2619,745
compact51__current_roles,2019-12-24 00:00:00,20.3935840025,48.0516792006,0,0,0,12,12,5620,970
compact51__current_roles,2019-12-24 01:00:00,16.0603286499,40.3386768163,0,0,0,12,12,2415,137
compact51__current_roles,2019-12-24 02:00:00,15.4083622855,45.3848319676,0,0,0,12,12,1936,571
compact51__current_roles,2019-12-24 03:00:00,17.7738197843,46.4735815542,0,0,0,12,12,3779,713
compact51__current_roles,2019-12-24 04:00:00,16.8709711824,47.7835882657,0,0,0,12,12,3040,922
compact51__current_roles,2019-12-24 05:00:00,15.6066951692,42.0814203587,0,0,0,12,12,2073,242
compact51__current_roles,2019-12-24 06:00:00,14.0395742601,36.7571777749,0,0,0,12,12,1019,51
compact51__current_roles,2019-12-24 07:00:00,13.5676726647,44.3808773144,0,0,0,12,12,795,451
compact51__current_roles,2019-12-24 08:00:00,11.6544401351,48.4715589212,0,0,0,12,12,170,1055
compact51__current_roles,2019-12-24 09:00:00,12.8422950758,54.7649041662,0,0,0,12,12,518,2391
compact51__current_roles,2019-12-24 10:00:00,16.8893324333,58.4257101367,0,0,0,12,12,3063,3259
compact51__current_roles,2019-12-24 11:00:00,19.4101102105,101.378300513,0,0,0,12,12,4983,6276
compact51__current_roles,2019-12-24 12:00:00,20.9076285806,155.894042962,0,0,0,12,12,5893,7154
compact51__current_roles,2019-12-24 13:00:00,19.9726228541,127.05820797,0,0,0,12,12,5354,6798
compact51__current_roles,2019-12-24 14:00:00,19.1255282411,71.2617333668,0,0,0,12,12,4798,5071
compact51__current_roles,2019-12-24 15:00:00,16.2629403352,52.8830024517,0,0,0,12,12,2570,1929
compact51__current_roles,2019-12-24 16:00:00,22.1229441117,89.0474337985,0,0,0,12,12,6468,5871
compact51__current_roles,2019-12-24 17:00:00,22.5445146318,85.7609475635,0,0,0,12,12,6671,5779
compact51__current_roles,2019-12-24 18:00:00,22.97846606,99.2862103978,0,0,0,12,12,6873,6209
compact51__current_roles,2019-12-24 19:00:00,20.6054588711,57.1342232273,0,0,0,12,12,5727,2968
compact51__current_roles,2019-12-24 20:00:00,19.9552903439,95.9092865881,0,0,0,12,12,5345,6118
compact51__current_roles,2019-12-24 21:00:00,18.2450405614,59.8648012508,0,0,0,12,12,4147,3565
compact51__current_roles,2019-12-24 22:00:00,17.079386356,55.3633957948,0,0,0,12,12,3207,2546
compact51__current_roles,2019-12-24 23:00:00,16.7827723519,53.7272765419,0,0,0,12,12,2978,2139
compact51__current_roles,2019-12-25 00:00:00,17.8819881645,48.4669228687,0,0,0,12,12,3868,1054
compact51__current_roles,2019-12-25 01:00:00,14.5485849075,46.4059915157,0,0,0,12,12,1334,696
compact51__current_roles,2019-12-25 02:00:00,15.1865896556,44.8687895994,0,0,0,12,12,1772,513
compact51__current_roles,2019-12-25 03:00:00,17.5945159975,43.7594905585,0,0,0,12,12,3644,384
compact51__current_roles,2019-12-25 04:00:00,15.4133056533,42.7533730666,0,0,0,12,12,1941,300
compact51__current_roles,2019-12-25 05:00:00,19.5878519487,39.0671645933,0,0,0,12,12,5115,99
compact51__current_roles,2019-12-25 06:00:00,19.6220147705,41.6463353461,0,0,0,12,12,5136,217
compact51__current_roles,2019-12-25 07:00:00,17.3002744959,40.0741826375,0,0,0,12,12,3396,127
compact51__current_roles,2019-12-25 08:00:00,14.0420314356,41.72567396,0,0,0,12,12,1022,223
compact51__current_roles,2019-12-25 09:00:00,15.0264018227,49.1684719604,0,0,0,12,12,1671,1176
compact51__current_roles,2019-12-25 10:00:00,19.2865755339,59.2028548757,0,0,0,12,12,4903,3428
compact51__current_roles,2019-12-25 11:00:00,17.9850915142,61.8203333104,0,0,0,12,12,3952,3960
compact51__current_roles,2019-12-25 12:00:00,16.9326006952,61.6829959385,0,0,0,12,12,3101,3936
compact51__current_roles,2019-12-25 13:00:00,15.6371172335,58.0390251485,0,0,0,12,12,2101,3184
compact51__current_roles,2019-12-25 14:00:00,16.6494385238,57.2770739305,0,0,0,12,12,2884,3009
compact51__current_roles,2019-12-25 15:00:00,15.0340121622,52.0158472306,0,0,0,12,12,1675,1748
compact51__current_roles,2019-12-25 16:00:00,16.5267212384,45.7647167785,0,0,0,12,12,2766,609
compact51__current_roles,2019-12-25 17:00:00,14.6250931028,50.2069823753,0,0,0,12,12,1391,1371
compact51__current_roles,2019-12-25 18:00:00,13.2447342465,47.3441462718,0,0,0,12,12,666,846
compact51__current_roles,2019-12-25 19:00:00,13.6588354287,45.6954808258,0,0,0,12,12,847,596
compact51__current_roles,2019-12-25 20:00:00,12.8224291025,49.9808758889,0,0,0,12,12,513,1338
compact51__current_roles,2019-12-25 21:00:00,13.5124815295,48.7970861984,0,0,0,12,12,777,1105
compact51__current_roles,2019-12-25 22:00:00,14.5537288173,56.8366763626,0,0,0,12,12,1337,2890
compact51__current_roles,2019-12-25 23:00:00,12.801898237,50.7733418288,0,0,0,12,12,505,1478
compact51__current_roles,2019-12-26 00:00:00,18.3212669729,45.4238001882,0,0,0,12,12,4205,576
compact51__current_roles,2019-12-26 01:00:00,17.1034961307,48.1574788005,0,0,0,12,12,3229,994
compact51__current_roles,2019-12-26 02:00:00,15.9044519059,45.3074827188,0,0,0,12,12,2319,564
compact51__current_roles,2019-12-26 03:00:00,17.0544354202,44.6715265875,0,0,0,12,12,3186,481
compact51__current_roles,2019-12-26 04:00:00,17.9332996523,48.0502326498,0,0,0,12,12,3910,968
compact51__current_roles,2019-12-26 05:00:00,16.2067212354,46.2939380388,0,0,0,12,12,2527,675
compact51__current_roles,2019-12-26 06:00:00,14.1321624868,52.6988437183,0,0,0,12,12,1070,1892
compact51__current_roles,2019-12-26 07:00:00,12.7253368543,50.8916816231,0,0,0,12,12,478,1502
compact51__current_roles,2019-12-26 08:00:00,13.3093874528,54.2808119276,0,0,0,12,12,696,2264
compact51__current_roles,2019-12-26 09:00:00,13.2305454609,51.9946104667,0,0,0,12,12,661,1740
compact51__current_roles,2019-12-26 10:00:00,13.9590483027,55.4063232805,0,0,0,12,12,978,2558
compact51__current_roles,2019-12-26 11:00:00,13.2301433533,57.0852807614,0,0,0,12,12,660,2951
compact51__current_roles,2019-12-26 12:00:00,11.706010218,57.2931682783,0,0,0,12,12,187,3011
compact51__current_roles,2019-12-26 13:00:00,12.4827388496,57.2901459328,0,0,0,12,12,397,3010
compact51__current_roles,2019-12-26 14:00:00,12.0851263404,56.5582827688,0,0,0,12,12,275,2830
compact51__current_roles,2019-12-26 15:00:00,14.6597986054,56.1682466045,0,0,0,12,12,1423,2738
compact51__current_roles,2019-12-26 16:00:00,12.5540065522,53.5713741724,0,0,0,12,12,427,2105
compact51__current_roles,2019-12-26 17:00:00,14.4902451014,47.377636717,0,0,0,12,12,1302,852
compact51__current_roles,2019-12-26 18:00:00,15.3683175902,51.2064050847,0,0,0,11,11,1905,1562
compact51__current_roles,2019-12-26 19:00:00,16.9468409288,47.8279711217,0,0,0,12,12,3109,925
compact51__current_roles,2019-12-26 20:00:00,16.1069604046,50.2312208217,0,0,0,12,12,2452,1375
compact51__current_roles,2019-12-26 21:00:00,16.1602511049,55.0313655382,0,0,0,13,12,2498,2465
compact51__current_roles,2019-12-26 22:00:00,15.7437705392,52.1723626365,0,0,0,13,12,2185,1775
compact51__current_roles,2019-12-26 23:00:00,17.3399467275,54.6759050376,0,0,0,12,12,3431,2370
compact51__current_roles,2019-12-27 00:00:00,23.6462534102,61.4569540571,0,0,0,12,12,7092,3885
compact51__current_roles,2019-12-27 01:00:00,25.0286573717,68.1279227898,0,0,0,12,12,7493,4782
compact51__current_roles,2019-12-27 02:00:00,24.1890157809,61.6845507755,0,0,0,12,12,7262,3937
compact51__current_roles,2019-12-27 03:00:00,22.8452987823,64.1913809516,0,0,0,12,12,6808,4327
compact51__current_roles,2019-12-27 04:00:00,22.0582885854,69.8378869563,0,0,0,12,12,6438,4942
compact51__current_roles,2019-12-27 05:00:00,17.886257089,67.1051118351,0,0,0,12,12,3873,4681
compact51__current_roles,2019-12-27 06:00:00,18.8023292398,73.3591190805,0,0,0,12,12,4567,5232
compact51__current_roles,2019-12-27 07:00:00,15.3278847853,49.3561885443,0,0,0,12,12,1878,1216
compact51__current_roles,2019-12-27 08:00:00,16.2151420234,55.8538602625,0,0,0,12,12,2534,2661
compact51__current_roles,2019-12-27 09:00:00,15.8093315931,56.1338933809,0,0,0,12,12,2241,2732
compact51__current_roles,2019-12-27 10:00:00,15.4150755109,57.3282093016,0,0,0,12,12,1946,3020
compact51__current_roles,2019-12-27 11:00:00,14.9053782722,56.9678716136,0,0,0,12,12,1606,2922
compact51__current_roles,2019-12-27 12:00:00,16.4451588804,58.6309936592,0,0,0,12,12,2706,3307
compact51__current_roles,2019-12-27 13:00:00,15.7343944034,56.2427981498,0,0,0,12,12,2175,2759
compact51__current_roles,2019-12-27 14:00:00,15.2388621755,54.4498360712,0,0,0,12,12,1807,2314
compact51__current_roles,2019-12-27 15:00:00,15.1819339992,53.2439532005,0,0,0,12,12,1770,2021
compact51__current_roles,2019-12-27 16:00:00,14.2763729817,48.3922611303,0,0,0,12,12,1161,1038
compact51__current_roles,2019-12-27 17:00:00,17.8359022309,45.9808701341,0,0,0,12,12,3834,633
compact51__current_roles,2019-12-27 18:00:00,18.8225575704,48.3546724218,0,0,0,12,12,4594,1031
compact51__current_roles,2019-12-27 19:00:00,19.0232542789,54.3291639159,0,0,0,12,12,4733,2280
compact51__current_roles,2019-12-27 20:00:00,17.7154201885,55.6112179008,0,0,0,13,13,3740,2604
compact51__current_roles,2019-12-27 21:00:00,18.9144500853,62.2191358412,0,0,0,12,12,4659,4021
compact51__current_roles,2019-12-27 22:00:00,15.8864471573,56.4563943942,0,0,0,12,12,2303,2809
compact51__current_roles,2019-12-27 23:00:00,14.8644139211,48.0884881649,0,0,0,12,12,1573,981
compact51__current_roles,2019-12-28 00:00:00,16.6201600501,43.0535180501,0,0,0,12,12,2857,320
compact51__current_roles,2019-12-28 01:00:00,15.5652031516,43.3802568349,0,0,0,12,12,2041,342
compact51__current_roles,2019-12-28 02:00:00,19.3791961605,58.5791981645,0,0,0,12,12,4957,3298
compact51__current_roles,2019-12-28 03:00:00,18.3913805055,61.2018340692,0,0,0,12,12,4279,3841
compact51__current_roles,2019-12-28 04:00:00,18.1048216261,60.5622406934,0,0,0,12,12,4041,3703
compact51__current_roles,2019-12-28 05:00:00,13.2796761086,36.8040192008,0,0,0,12,12,682,52
compact51__current_roles,2019-12-28 06:00:00,14.5072341084,43.3338253616,0,0,0,12,12,1308,338
compact51__current_roles,2019-12-28 07:00:00,16.9587142312,46.0838979683,0,0,0,12,12,3113,649
compact51__current_roles,2019-12-28 08:00:00,14.5409220492,49.0619035122,0,0,0,12,12,1327,1161
compact51__current_roles,2019-12-28 09:00:00,17.4299662419,59.2205144192,0,0,0,12,12,3503,3431
compact51__current_roles,2019-12-28 10:00:00,20.764981854,99.1715352694,0,0,0,12,12,5812,6204
compact51__current_roles,2019-12-28 11:00:00,17.8319744873,57.0716615144,0,0,0,12,12,3831,2948
compact51__current_roles,2019-12-28 12:00:00,16.3921582167,62.1693622073,0,0,0,12,12,2657,4017
compact51__current_roles,2019-12-28 13:00:00,15.8506652166,58.8196858058,0,0,0,12,12,2270,3354
compact51__current_roles,2019-12-28 14:00:00,17.4386384384,61.7936519653,0,0,0,12,12,3510,3957
compact51__current_roles,2019-12-28 15:00:00,15.7011864698,60.7992345638,0,0,0,12,12,2141,3752
compact51__current_roles,2019-12-28 16:00:00,16.124801663,55.5037873306,0,0,0,12,12,2464,2587
compact51__current_roles,2019-12-28 17:00:00,14.5548721824,50.1744273933,0,0,0,12,12,1339,1366
compact51__current_roles,2019-12-28 18:00:00,14.4010251652,47.2762163567,0,0,0,12,12,1245,830
compact51__current_roles,2019-12-28 19:00:00,15.3501131212,50.0626598366,0,0,0,12,12,1895,1349
compact51__current_roles,2019-12-28 20:00:00,13.0467843284,49.13612992,0,0,0,12,12,581,1174
compact51__current_roles,2019-12-28 21:00:00,15.7165718219,55.1476698451,0,0,0,12,12,2156,2489
compact51__current_roles,2019-12-28 22:00:00,20.0966491411,66.6071698025,0,0,0,12,12,5433,4626
compact51__current_roles,2019-12-28 23:00:00,14.3772548175,51.0912477951,0,0,0,12,12,1227,1541
compact51__current_roles,2019-12-29 00:00:00,20.6812104259,46.4114192527,0,0,0,12,12,5766,697
compact51__current_roles,2019-12-29 01:00:00,18.8406897494,49.4892304805,0,0,0,12,12,4607,1244
compact51__current_roles,2019-12-29 02:00:00,18.2484410742,46.7419590193,0,0,0,12,12,4150,746
compact51__current_roles,2019-12-29 03:00:00,14.1535311495,44.7992942025,0,0,0,12,12,1079,504
compact51__current_roles,2019-12-29 04:00:00,15.5165184816,52.6347649257,0,0,0,12,12,2013,1880
compact51__current_roles,2019-12-29 05:00:00,16.0054067014,52.7298424531,0,0,0,12,12,2382,1898
compact51__current_roles,2019-12-29 06:00:00,13.6326597805,49.3742657888,0,0,0,12,12,835,1220
compact51__current_roles,2019-12-29 07:00:00,13.2925732346,51.7619089835,0,0,0,12,12,690,1698
compact51__current_roles,2019-12-29 08:00:00,16.4559551353,58.5570148725,0,0,0,12,12,2715,3289
compact51__current_roles,2019-12-29 09:00:00,18.3577703186,62.2454353759,0,0,0,12,12,4240,4024
compact51__current_roles,2019-12-29 10:00:00,17.9587723682,62.736056757,0,0,0,12,12,3933,4112
compact51__current_roles,2019-12-29 11:00:00,19.2687455029,70.43501261,0,0,0,12,12,4895,4999
compact51__current_roles,2019-12-29 12:00:00,18.0778816776,66.9550003996,0,0,0,12,12,4023,4663
compact51__current_roles,2019-12-29 13:00:00,16.2503613183,60.1921907273,0,0,0,12,12,2561,3628
compact51__current_roles,2019-12-29 14:00:00,18.7427756235,57.4498714665,0,0,0,13,13,4528,3055
compact51__current_roles,2019-12-29 15:00:00,21.9463267537,49.1309778039,0,0,0,12,12,6385,1173
compact51__current_roles,2019-12-29 16:00:00,19.2582959724,51.9562531946,0,0,0,12,12,4889,1730
compact51__current_roles,2019-12-29 17:00:00,19.6872228358,51.6353725385,0,0,0,12,12,5175,1664
compact51__current_roles,2019-12-29 18:00:00,19.1571813467,54.6556228171,0,0,0,12,12,4822,2363
compact51__current_roles,2019-12-29 19:00:00,21.0416072269,55.7702241351,0,0,0,12,12,5958,2638
compact51__current_roles,2019-12-29 20:00:00,20.1121590045,56.4538928006,0,0,0,12,12,5450,2806
compact51__current_roles,2019-12-29 21:00:00,18.3942846904,62.9393528999,0,0,0,12,12,4283,4146
compact51__current_roles,2019-12-29 22:00:00,17.3428895927,53.7831573939,0,0,0,12,12,3434,2150
compact51__current_roles,2019-12-29 23:00:00,20.1236305201,62.8389966371,0,0,0,12,12,5460,4131
compact51__current_roles,2019-12-30 00:00:00,17.5475906116,46.9031665097,0,0,0,11,11,3607,773
compact51__current_roles,2019-12-30 01:00:00,18.6772293796,46.9880977909,0,0,0,12,12,4482,788
compact51__current_roles,2019-12-30 02:00:00,17.2909236031,47.2893302831,0,0,0,12,12,3385,833
compact51__current_roles,2019-12-30 03:00:00,17.2821587656,47.9184338587,0,0,0,12,12,3377,941
compact51__current_roles,2019-12-30 04:00:00,18.4689857526,44.9588626798,0,0,0,13,13,4344,524
compact51__current_roles,2019-12-30 05:00:00,18.8742501879,41.5773862133,0,0,0,12,12,4626,210
compact51__current_roles,2019-12-30 06:00:00,21.1717810575,46.2386721263,0,0,0,12,12,6023,665
compact51__current_roles,2019-12-30 07:00:00,18.9534557171,55.9805597275,0,0,0,12,12,4694,2685
compact51__current_roles,2019-12-30 08:00:00,19.5047092959,58.044764896,0,0,0,12,12,5058,3186
compact51__current_roles,2019-12-30 09:00:00,16.1006840824,57.0628276757,0,0,0,12,12,2444,2945
compact51__current_roles,2019-12-30 10:00:00,17.0132289606,60.8353453374,0,0,0,14,13,3155,3760
compact51__current_roles,2019-12-30 11:00:00,17.801392531,59.7976961429,0,0,0,12,12,3803,3553
compact51__current_roles,2019-12-30 12:00:00,15.9590493996,58.8988359459,0,0,0,12,12,2361,3368
compact51__current_roles,2019-12-30 13:00:00,16.1653562635,58.1541965064,0,0,0,14,14,2501,3209
compact51__current_roles,2019-12-30 14:00:00,19.1302058465,48.0845017655,0,0,0,12,11,4804,979
compact51__current_roles,2019-12-30 15:00:00,19.5261189812,53.7065524365,0,0,0,13,12,5074,2136
compact51__current_roles,2019-12-30 16:00:00,21.2030796031,53.4575401921,0,0,0,13,13,6035,2069
compact51__current_roles,2019-12-30 17:00:00,20.2761604683,53.8875792445,0,0,0,12,12,5545,2169
compact51__current_roles,2019-12-30 18:00:00,21.7183425233,56.0261665526,0,0,0,12,12,6277,2697
compact51__current_roles,2019-12-30 19:00:00,21.9951464683,55.6621507051,0,0,0,12,12,6405,2614
compact51__current_roles,2019-12-30 20:00:00,21.0182037441,60.6570428245,0,0,0,12,12,5948,3725
compact51__current_roles,2019-12-30 21:00:00,18.0614999745,67.3198036959,0,0,0,12,12,4011,4705
compact51__current_roles,2019-12-30 22:00:00,19.8665592836,58.4133178693,0,0,0,12,12,5293,3255
compact51__current_roles,2019-12-30 23:00:00,23.6381777646,53.3526720513,0,0,0,12,12,7086,2053
compact51__current_roles,2019-12-31 00:00:00,28.6757414312,57.3322012326,0,0,0,12,12,8177,3022
compact51__current_roles,2019-12-31 01:00:00,25.8769660267,51.4686654423,0,0,0,12,12,7695,1626
compact51__current_roles,2019-12-31 02:00:00,23.3325774954,50.4606483416,0,0,0,12,12,6992,1412
compact51__current_roles,2019-12-31 03:00:00,22.8986550661,48.4460920745,0,0,0,12,12,6830,1048
compact51__current_roles,2019-12-31 04:00:00,22.6191927906,47.1887699287,0,0,0,12,12,6697,819
compact51__current_roles,2019-12-31 05:00:00,19.8195395173,45.0063795739,0,0,0,12,12,5263,529
compact51__current_roles,2019-12-31 06:00:00,18.4558348457,52.8003726685,0,0,0,12,12,4339,1907
compact51__current_roles,2019-12-31 07:00:00,15.4741290126,54.5573260944,0,0,0,12,12,1981,2335
compact51__current_roles,2019-12-31 08:00:00,18.3784349315,58.96480422,0,0,0,12,12,4264,3377
compact51__current_roles,2019-12-31 09:00:00,18.2625246439,55.6535976653,0,0,0,12,12,4163,2613
compact51__current_roles,2019-12-31 10:00:00,17.5843351476,55.7123853851,0,0,0,12,12,3636,2629
compact51__current_roles,2019-12-31 11:00:00,17.4614929374,56.6970041476,0,0,0,12,12,3532,2861
compact51__current_roles,2019-12-31 12:00:00,16.9683773305,57.7312648423,0,0,0,12,12,3122,3118
compact51__current_roles,2019-12-31 13:00:00,18.9455761076,59.2559353503,0,0,0,12,12,4685,3445
compact51__current_roles,2019-12-31 14:00:00,18.4966079738,59.5022446365,0,0,0,12,12,4357,3492
compact51__current_roles,2019-12-31 15:00:00,18.9194738962,59.5663676402,0,0,0,12,12,4665,3501
compact51__current_roles,2019-12-31 16:00:00,21.2313152686,63.6421921252,0,0,0,12,12,6049,4251
compact51__current_roles,2019-12-31 17:00:00,21.5898240398,59.3046888663,0,0,0,13,13,6217,3455
compact51__current_roles,2019-12-31 18:00:00,23.6654211516,58.6686755865,0,0,0,12,12,7100,3316
compact51__current_roles,2019-12-31 19:00:00,22.7433438248,57.7474321383,0,0,0,12,12,6761,3124
compact51__current_roles,2019-12-31 20:00:00,21.2664326245,55.7763469288,0,0,0,12,12,6074,2640
compact51__current_roles,2019-12-31 21:00:00,19.9815797946,60.4848689073,0,0,0,12,12,5364,3685
compact51__current_roles,2019-12-31 22:00:00,19.8537490658,56.3920460142,0,0,0,12,12,5286,2794
compact51__current_roles,2019-12-31 23:00:00,20.7217278073,54.6065418378,0,0,0,12,12,5790,2354
compact51_marcy__paper_roles,2019-01-01 00:00:00,13.396855094,53.1343072058,0,0,0,13,12,5568,4457
compact51_marcy__paper_roles,2019-01-01 01:00:00,12.8973349027,49.6785976282,0,0,0,12,12,5231,4231
compact51_marcy__paper_roles,2019-01-01 02:00:00,15.2039513726,47.76450216,0,0,0,12,12,6583,4068
compact51_marcy__paper_roles,2019-01-01 03:00:00,12.7501702469,52.8988358891,0,0,0,12,12,5112,4433
compact51_marcy__paper_roles,2019-01-01 04:00:00,15.6305571728,73.7401019396,0,0,0,12,12,6782,5421
compact51_marcy__paper_roles,2019-01-01 05:00:00,16.3177550953,60.8618132942,0,0,0,12,12,7069,4877
compact51_marcy__paper_roles,2019-01-01 06:00:00,17.5403248118,70.2509816501,0,0,0,12,12,7500,5283
compact51_marcy__paper_roles,2019-01-01 07:00:00,19.521333235,130.186771145,0,0,0,12,12,7969,6808
compact51_marcy__paper_roles,2019-01-01 08:00:00,18.8284288822,489.967164504,0,0,0,12,12,7830,8240
compact51_marcy__paper_roles,2019-01-01 09:00:00,18.8059676,639.273480378,0,0,0,12,12,7824,8359
compact51_marcy__paper_roles,2019-01-01 10:00:00,17.7103817879,163.482699569,0,0,0,12,12,7548,7206
compact51_marcy__paper_roles,2019-01-01 11:00:00,16.1916624281,173.896938819,0,0,0,12,12,7018,7306
compact51_marcy__paper_roles,2019-01-01 12:00:00,17.800122769,216.085001298,0,0,0,12,12,7574,7585
compact51_marcy__paper_roles,2019-01-01 13:00:00,22.2300072794,480.733258674,0,0,0,12,12,8353,8227
compact51_marcy__paper_roles,2019-01-01 14:00:00,20.5946980411,525.181155006,0,0,0,12,12,8153,8280
compact51_marcy__paper_roles,2019-01-01 15:00:00,18.5058268756,205.085465594,0,0,0,12,12,7752,7528
compact51_marcy__paper_roles,2019-01-01 16:00:00,20.3274919067,235.468456144,0,0,0,12,12,8110,7692
compact51_marcy__paper_roles,2019-01-01 17:00:00,20.4774976732,168.620077055,0,0,0,12,12,8134,7252
compact51_marcy__paper_roles,2019-01-01 18:00:00,17.2715831076,163.495055183,0,0,0,12,12,7419,7207
compact51_marcy__paper_roles,2019-01-01 19:00:00,17.1214018382,132.274349671,0,0,0,12,12,7358,6835
compact51_marcy__paper_roles,2019-01-01 20:00:00,15.7855348892,133.789548582,0,0,0,12,12,6842,6857
compact51_marcy__paper_roles,2019-01-01 21:00:00,17.6413997754,174.518937996,0,0,0,12,12,7522,7311
compact51_marcy__paper_roles,2019-01-01 22:00:00,20.4288753949,278.041581153,0,0,0,12,12,8125,7850
compact51_marcy__paper_roles,2019-01-01 23:00:00,14.753033237,98.2636725757,0,0,0,12,12,6351,6193
compact51_marcy__paper_roles,2019-01-02 00:00:00,17.7456648625,114.927814097,0,0,0,12,12,7558,6535
compact51_marcy__paper_roles,2019-01-02 01:00:00,16.7264918669,108.374575516,0,0,0,12,12,7217,6416
compact51_marcy__paper_roles,2019-01-02 02:00:00,15.8437065398,109.13424891,0,0,0,12,12,6874,6429
compact51_marcy__paper_roles,2019-01-02 03:00:00,14.9557933991,78.1571397115,0,0,0,12,12,6459,5584
compact51_marcy__paper_roles,2019-01-02 04:00:00,17.876625491,109.931125477,0,0,0,12,12,7593,6446
compact51_marcy__paper_roles,2019-01-02 05:00:00,17.9899609927,119.907034332,0,0,0,12,12,7626,6616
compact51_marcy__paper_roles,2019-01-02 06:00:00,15.4284702159,84.4683747997,0,0,0,12,12,6690,5798
compact51_marcy__paper_roles,2019-01-02 07:00:00,19.500183617,155.603710426,0,0,0,12,12,7961,7124
compact51_marcy__paper_roles,2019-01-02 08:00:00,19.5701160395,131.882111486,0,0,0,12,12,7979,6832
compact51_marcy__paper_roles,2019-01-02 09:00:00,20.3257937682,156.815334587,0,0,0,12,12,8108,7134
compact51_marcy__paper_roles,2019-01-02 10:00:00,15.9982050682,122.398656683,0,0,0,12,12,6939,6675
compact51_marcy__paper_roles,2019-01-02 11:00:00,19.401886743,143.098685069,0,0,0,12,12,7941,6979
compact51_marcy__paper_roles,2019-01-02 12:00:00,19.7709361245,179.505286409,0,0,0,12,12,8018,7344
compact51_marcy__paper_roles,2019-01-02 13:00:00,19.0824216795,194.051227944,0,0,0,12,12,7882,7447
compact51_marcy__paper_roles,2019-01-02 14:00:00,19.9632973492,183.240954986,0,0,0,12,12,8049,7372
compact51_marcy__paper_roles,2019-01-02 15:00:00,16.8421066636,98.5999262857,0,0,0,12,12,7248,6198
compact51_marcy__paper_roles,2019-01-02 16:00:00,21.0261411103,108.41712936,0,0,0,13,13,8215,6419
compact51_marcy__paper_roles,2019-01-02 17:00:00,20.9682473706,78.9254200533,0,0,0,11,11,8203,5603
compact51_marcy__paper_roles,2019-01-02 18:00:00,18.230708978,85.0856023821,0,0,0,12,12,7688,5820
compact51_marcy__paper_roles,2019-01-02 19:00:00,19.6511663708,107.82504073,0,0,0,12,12,7997,6406
compact51_marcy__paper_roles,2019-01-02 20:00:00,15.6394672081,92.5700558865,0,0,0,12,12,6789,6042
compact51_marcy__paper_roles,2019-01-02 21:00:00,12.7594755075,76.8270540441,0,0,0,13,12,5116,5536
compact51_marcy__paper_roles,2019-01-02 22:00:00,13.1996458545,39.1211553394,0,0,0,11,11,5440,3369
compact51_marcy__paper_roles,2019-01-02 23:00:00,14.5692236372,56.0049100181,0,0,0,12,12,6268,4641
compact51_marcy__paper_roles,2019-01-03 00:00:00,13.1413810172,30.4068817742,0,0,0,12,12,5398,2379
compact51_marcy__paper_roles,2019-01-03 01:00:00,18.2130011928,56.4674344049,0,0,0,12,12,7681,4661
compact51_marcy__paper_roles,2019-01-03 02:00:00,19.5350423929,52.0241529085,0,0,0,12,12,7971,4382
compact51_marcy__paper_roles,2019-01-03 03:00:00,20.7359560793,66.2604399383,0,0,0,12,12,8175,5133
compact51_marcy__paper_roles,2019-01-03 04:00:00,23.6472960565,98.7637429513,0,0,0,12,12,8472,6203
compact51_marcy__paper_roles,2019-01-03 05:00:00,20.3259725156,98.1623435661,0,0,0,12,12,8109,6191
compact51_marcy__paper_roles,2019-01-03 06:00:00,14.9382783093,87.3432732367,0,0,0,12,12,6452,5883
compact51_marcy__paper_roles,2019-01-03 07:00:00,19.2076754417,109.762129966,0,0,0,12,12,7904,6442
compact51_marcy__paper_roles,2019-01-03 08:00:00,16.9711780505,98.681226976,0,0,0,12,12,7287,6200
compact51_marcy__paper_roles,2019-01-03 09:00:00,13.732819572,73.0607382336,0,0,0,12,12,5789,5385
compact51_marcy__paper_roles,2019-01-03 10:00:00,11.0598285737,46.9159412996,0,0,0,12,12,3758,3998
compact51_marcy__paper_roles,2019-01-03 11:00:00,10.307852296,68.4007638213,0,0,0,12,12,3134,5219
compact51_marcy__paper_roles,2019-01-03 12:00:00,12.0135683304,99.3969542833,0,0,0,12,12,4524,6223
compact51_marcy__paper_roles,2019-01-03 13:00:00,13.8930812846,101.829891289,0,0,0,12,12,5889,6288
compact51_marcy__paper_roles,2019-01-03 14:00:00,13.1549969865,71.1039335383,0,0,0,12,12,5405,5318
compact51_marcy__paper_roles,2019-01-03 15:00:00,12.4468720651,61.4695609566,0,0,0,12,12,4867,4902
compact51_marcy__paper_roles,2019-01-03 16:00:00,13.6138766465,39.5504071369,0,0,0,12,12,5709,3418
compact51_marcy__paper_roles,2019-01-03 17:00:00,12.9356698963,34.2413699285,0,0,0,12,12,5257,2852
compact51_marcy__paper_roles,2019-01-03 18:00:00,14.6946998408,55.3268292477,0,0,0,12,12,6320,4596
compact51_marcy__paper_roles,2019-01-03 19:00:00,15.7034796533,55.598168729,0,0,0,12,12,6810,4614
compact51_marcy__paper_roles,2019-01-03 20:00:00,11.6809801299,34.8029493864,0,0,0,12,12,4260,2920
compact51_marcy__paper_roles,2019-01-03 21:00:00,13.1023417884,44.5213022894,0,0,0,12,12,5367,3824
compact51_marcy__paper_roles,2019-01-03 22:00:00,12.4353603055,32.1429241062,0,0,0,12,12,4852,2608
compact51_marcy__paper_roles,2019-01-03 23:00:00,9.2225966689,27.0581369785,0,0,0,12,12,2199,1920
compact51_marcy__paper_roles,2019-01-04 00:00:00,10.3968389367,36.4647066679,0,0,0,12,12,3214,3098
compact51_marcy__paper_roles,2019-01-04 01:00:00,11.9906462257,42.9874683516,0,0,0,12,12,4508,3706
compact51_marcy__paper_roles,2019-01-04 02:00:00,11.6149752049,48.0511640218,0,0,0,12,12,4200,4098
compact51_marcy__paper_roles,2019-01-04 03:00:00,8.92424365978,42.8773096464,0,0,0,12,12,1965,3689
compact51_marcy__paper_roles,2019-01-04 04:00:00,7.94699924742,28.1900298448,0,0,0,12,12,1280,2073
compact51_marcy__paper_roles,2019-01-04 05:00:00,11.6887539172,45.4216527308,0,0,0,12,12,4267,3892
compact51_marcy__paper_roles,2019-01-04 06:00:00,10.231210505,41.0223472669,0,0,0,12,12,3071,3555
compact51_marcy__paper_roles,2019-01-04 07:00:00,9.31256232118,33.5692377737,0,0,0,12,12,2281,2765
compact51_marcy__paper_roles,2019-01-04 08:00:00,9.11168252548,36.8808916531,0,0,0,12,12,2115,3147
compact51_marcy__paper_roles,2019-01-04 09:00:00,8.35261802664,36.4178021044,0,0,0,12,12,1544,3092
compact51_marcy__paper_roles,2019-01-04 10:00:00,9.35949559096,59.0506749058,0,0,0,12,12,2317,4787
compact51_marcy__paper_roles,2019-01-04 11:00:00,11.7236109288,89.2513727869,0,0,0,12,12,4290,5940
compact51_marcy__paper_roles,2019-01-04 12:00:00,13.0110182409,102.636103711,0,0,0,12,12,5308,6304
compact51_marcy__paper_roles,2019-01-04 13:00:00,14.5986455666,111.904586896,0,0,0,12,12,6281,6482
compact51_marcy__paper_roles,2019-01-04 14:00:00,14.2455440457,98.9873396053,0,0,0,12,12,6099,6207
compact51_marcy__paper_roles,2019-01-04 15:00:00,11.9796120453,81.9055146089,0,0,0,12,12,4495,5716
compact51_marcy__paper_roles,2019-01-04 16:00:00,11.3281342911,70.4759728233,0,0,0,12,12,3962,5294
compact51_marcy__paper_roles,2019-01-04 17:00:00,12.9794034488,57.3287630767,0,0,0,13,12,5285,4710
compact51_marcy__paper_roles,2019-01-04 18:00:00,12.2331545149,53.8084780931,0,0,0,12,12,4694,4501
compact51_marcy__paper_roles,2019-01-04 19:00:00,14.5645617631,75.2590818623,0,0,0,12,12,6264,5481
compact51_marcy__paper_roles,2019-01-04 20:00:00,13.5250178174,72.9413609134,0,0,0,12,12,5656,5382
compact51_marcy__paper_roles,2019-01-04 21:00:00,10.2019576556,48.1742655674,0,0,0,12,12,3039,4106
compact51_marcy__paper_roles,2019-01-04 22:00:00,11.7506044812,26.7417854128,0,0,0,12,12,4310,1874
compact51_marcy__paper_roles,2019-01-04 23:00:00,8.36727232564,19.3328533914,0,0,0,12,12,1557,776
compact51_marcy__paper_roles,2019-01-05 00:00:00,10.6699421802,33.9252545312,0,0,0,12,12,3443,2815
compact51_marcy__paper_roles,2019-01-05 01:00:00,11.8574788793,38.8883976144,0,0,0,12,12,4394,3347
compact51_marcy__paper_roles,2019-01-05 02:00:00,10.251229736,25.9138064119,0,0,0,12,12,3092,1734
compact51_marcy__paper_roles,2019-01-05 03:00:00,12.2877975824,36.0396711292,0,0,0,12,12,4738,3058
compact51_marcy__paper_roles,2019-01-05 04:00:00,13.0483621164,43.519060098,0,0,0,12,12,5331,3747
compact51_marcy__paper_roles,2019-01-05 05:00:00,15.1044680334,64.5078651965,0,0,0,12,12,6535,5048
compact51_marcy__paper_roles,2019-01-05 06:00:00,13.4310851941,38.8738581489,0,0,0,12,12,5593,3343
compact51_marcy__paper_roles,2019-01-05 07:00:00,11.5724531988,44.0088607443,0,0,0,12,12,4176,3786
compact51_marcy__paper_roles,2019-01-05 08:00:00,10.1085772028,25.2949515055,0,0,0,12,12,2945,1634
compact51_marcy__paper_roles,2019-01-05 09:00:00,9.81418304782,26.6670949354,0,0,0,12,12,2667,1862
compact51_marcy__paper_roles,2019-01-05 10:00:00,7.36336137556,22.0486909732,0,0,0,12,12,923,1160
compact51_marcy__paper_roles,2019-01-05 11:00:00,6.24629969455,20.1449530691,0,0,0,12,12,389,893
compact51_marcy__paper_roles,2019-01-05 12:00:00,6.70787964043,20.973217272,0,0,0,12,12,584,1010
compact51_marcy__paper_roles,2019-01-05 13:00:00,6.49802170915,21.3055412495,0,0,0,12,12,483,1051
compact51_marcy__paper_roles,2019-01-05 14:00:00,7.06711020242,19.8118300861,0,0,0,12,12,771,852
compact51_marcy__paper_roles,2019-01-05 15:00:00,8.44131266195,26.019579622,0,0,0,12,12,1613,1750
compact51_marcy__paper_roles,2019-01-05 16:00:00,7.24556749872,28.6674551761,0,0,0,12,12,860,2148
compact51_marcy__paper_roles,2019-01-05 17:00:00,8.97554457534,40.2197881287,0,0,0,12,12,2011,3481
compact51_marcy__paper_roles,2019-01-05 18:00:00,9.81881336287,28.5335283976,0,0,0,12,12,2673,2127
compact51_marcy__paper_roles,2019-01-05 19:00:00,11.4034960936,26.7027140574,0,0,0,12,12,4025,1866
compact51_marcy__paper_roles,2019-01-05 20:00:00,10.6629408887,27.1726980284,0,0,0,12,12,3434,1932
compact51_marcy__paper_roles,2019-01-05 21:00:00,11.7099952383,28.5571697588,0,0,0,12,12,4283,2129
compact51_marcy__paper_roles,2019-01-05 22:00:00,12.4950209394,24.34331906,0,0,0,12,12,4912,1507
compact51_marcy__paper_roles,2019-01-05 23:00:00,11.1830809037,21.4387729103,0,0,0,12,12,3861,1073
compact51_marcy__paper_roles,2019-01-06 00:00:00,10.8561334083,20.0999108421,0,0,0,12,12,3605,887
compact51_marcy__paper_roles,2019-01-06 01:00:00,11.3617096219,27.5648053782,0,0,0,12,12,3992,1979
compact51_marcy__paper_roles,2019-01-06 02:00:00,11.9066094167,34.027234537,0,0,0,12,12,4439,2825
compact51_marcy__paper_roles,2019-01-06 03:00:00,12.8438259139,39.352288264,0,0,0,12,12,5193,3399
compact51_marcy__paper_roles,2019-01-06 04:00:00,12.9040444584,40.4078536072,0,0,0,12,12,5233,3500
compact51_marcy__paper_roles,2019-01-06 05:00:00,10.7668617045,36.7140920023,0,0,0,12,12,3523,3127
compact51_marcy__paper_roles,2019-01-06 06:00:00,11.9524121755,43.4557890589,0,0,0,12,12,4472,3744
compact51_marcy__paper_roles,2019-01-06 07:00:00,11.8235286914,29.9467652352,0,0,0,12,12,4366,2333
compact51_marcy__paper_roles,2019-01-06 08:00:00,14.2338831798,54.7607225207,0,0,0,12,12,6093,4563
compact51_marcy__paper_roles,2019-01-06 09:00:00,10.0725487717,33.6263429387,0,0,0,12,12,2915,2773
compact51_marcy__paper_roles,2019-01-06 10:00:00,11.4248532924,38.5593496697,0,0,0,12,12,4045,3319
compact51_marcy__paper_roles,2019-01-06 11:00:00,10.0176069251,35.3325328515,0,0,0,12,12,2864,2974
compact51_marcy__paper_roles,2019-01-06 12:00:00,11.2540016983,32.7407923705,0,0,0,12,12,3903,2673
compact51_marcy__paper_roles,2019-01-06 13:00:00,12.9883007806,78.1481786562,0,0,0,12,12,5291,5583
compact51_marcy__paper_roles,2019-01-06 14:00:00,14.3624506478,88.137915781,0,0,0,12,12,6157,5903
compact51_marcy__paper_roles,2019-01-06 15:00:00,14.1025012033,79.0991216187,0,0,0,12,12,6013,5611
compact51_marcy__paper_roles,2019-01-06 16:00:00,14.9951562307,85.3210753162,0,0,0,12,12,6482,5834
compact51_marcy__paper_roles,2019-01-06 17:00:00,12.2644158765,53.0882377688,0,0,0,12,12,4721,4452
compact51_marcy__paper_roles,2019-01-06 18:00:00,13.9674900615,55.9964956071,0,0,0,12,12,5937,4640
compact51_marcy__paper_roles,2019-01-06 19:00:00,13.7234465945,47.5439802115,0,0,0,12,12,5783,4056
compact51_marcy__paper_roles,2019-01-06 20:00:00,9.29076953406,28.9687018996,0,0,0,12,12,2257,2193
compact51_marcy__paper_roles,2019-01-06 21:00:00,8.35012592636,22.9820096649,0,0,0,12,12,1542,1303
compact51_marcy__paper_roles,2019-01-06 22:00:00,7.05521163231,20.941629391,0,0,0,12,12,762,1005
compact51_marcy__paper_roles,2019-01-06 23:00:00,9.63192503602,39.7637266292,0,0,0,12,12,2519,3445
compact51_marcy__paper_roles,2019-01-07 00:00:00,10.042953337,27.9119782872,0,0,0,12,12,2889,2034
compact51_marcy__paper_roles,2019-01-07 01:00:00,7.41364228186,27.9167701619,0,0,0,12,12,958,2035
compact51_marcy__paper_roles,2019-01-07 02:00:00,7.55709891147,39.9058541259,0,0,0,12,12,1056,3460
compact51_marcy__paper_roles,2019-01-07 03:00:00,8.27196266635,34.3597197687,0,0,0,12,12,1484,2863
compact51_marcy__paper_roles,2019-01-07 04:00:00,9.95180974695,29.6518546676,0,0,0,12,12,2801,2295
compact51_marcy__paper_roles,2019-01-07 05:00:00,13.4751735702,52.7953334519,0,0,0,12,12,5619,4426
compact51_marcy__paper_roles,2019-01-07 06:00:00,10.00655817,21.7865568836,0,0,0,12,12,2853,1116
compact51_marcy__paper_roles,2019-01-07 07:00:00,6.11261160009,20.6263628528,0,0,0,12,12,339,958
compact51_marcy__paper_roles,2019-01-07 08:00:00,5.57741806117,20.0970853543,0,0,0,12,12,199,886
compact51_marcy__paper_roles,2019-01-07 09:00:00,6.09791280776,16.0865940643,0,0,0,12,12,333,378
compact51_marcy__paper_roles,2019-01-07 10:00:00,6.67176667437,12.3082255309,0,0,0,12,12,561,88
compact51_marcy__paper_roles,2019-01-07 11:00:00,6.51471441151,13.1516856222,0,0,0,12,12,489,139
compact51_marcy__paper_roles,2019-01-07 12:00:00,6.32118190064,11.5169977908,0,0,0,12,12,414,60
compact51_marcy__paper_roles,2019-01-07 13:00:00,6.52622575561,10.9978661776,0,0,0,12,12,495,43
compact51_marcy__paper_roles,2019-01-07 14:00:00,6.94382442453,15.2389695412,0,0,0,12,12,695,292
compact51_marcy__paper_roles,2019-01-07 15:00:00,6.23613346132,15.9290515145,0,0,0,12,12,379,363
compact51_marcy__paper_roles,2019-01-07 16:00:00,8.48216144807,23.0628596865,0,0,0,12,12,1642,1312
compact51_marcy__paper_roles,2019-01-07 17:00:00,12.1366005687,36.9067723759,0,0,0,12,12,4625,3151
compact51_marcy__paper_roles,2019-01-07 18:00:00,12.8058799559,60.8877149458,0,0,0,12,12,5156,4878
compact51_marcy__paper_roles,2019-01-07 19:00:00,9.55782800881,48.5140245875,0,0,0,12,12,2477,4141
compact51_marcy__paper_roles,2019-01-07 20:00:00,6.94812381807,24.3354641212,0,0,0,12,12,700,1506
compact51_marcy__paper_roles,2019-01-07 21:00:00,6.69463289284,15.5712097402,0,0,0,12,12,576,321
compact51_marcy__paper_roles,2019-01-07 22:00:00,10.4983542607,29.0700660989,0,0,0,12,12,3294,2207
compact51_marcy__paper_roles,2019-01-07 23:00:00,9.03105233144,27.1615183416,0,0,0,12,12,2053,1929
compact51_marcy__paper_roles,2019-01-08 00:00:00,7.5471101777,19.2128682983,0,0,0,12,12,1051,755
compact51_marcy__paper_roles,2019-01-08 01:00:00,4.7213435975,13.4537382862,0,0,0,12,12,66,170
compact51_marcy__paper_roles,2019-01-08 02:00:00,4.78750978255,12.3480326091,0,0,0,12,12,73,91
compact51_marcy__paper_roles,2019-01-08 03:00:00,6.79081500387,18.57972828,0,0,0,12,12,618,658
compact51_marcy__paper_roles,2019-01-08 04:00:00,7.73660033303,26.320940754,0,0,0,12,12,1155,1812
compact51_marcy__paper_roles,2019-01-08 05:00:00,10.7244110898,36.6278198422,0,0,0,12,12,3489,3118
compact51_marcy__paper_roles,2019-01-08 06:00:00,12.0902218054,60.308342596,0,0,0,12,12,4579,4847
compact51_marcy__paper_roles,2019-01-08 07:00:00,10.516436993,57.2371979482,0,0,0,13,12,3313,4704
compact51_marcy__paper_roles,2019-01-08 08:00:00,9.33028467004,52.4067123531,0,0,0,12,12,2297,4408
compact51_marcy__paper_roles,2019-01-08 09:00:00,8.5188909673,47.0671450865,0,0,0,12,12,1669,4010
compact51_marcy__paper_roles,2019-01-08 10:00:00,5.80620278854,25.6386686605,0,0,0,12,12,252,1684
compact51_marcy__paper_roles,2019-01-08 11:00:00,6.33085821844,25.9880492227,0,0,0,12,12,416,1742
compact51_marcy__paper_roles,2019-01-08 12:00:00,7.39553689369,27.6773171579,0,0,0,12,12,948,2001
compact51_marcy__paper_roles,2019-01-08 13:00:00,5.91095803719,16.3103543787,0,0,0,12,12,275,401
compact51_marcy__paper_roles,2019-01-08 14:00:00,5.17938957147,16.5626837205,0,0,0,12,12,122,433
compact51_marcy__paper_roles,2019-01-08 15:00:00,4.5381774963,20.4292208838,0,0,0,12,12,54,924
compact51_marcy__paper_roles,2019-01-08 16:00:00,5.03079067279,18.988118356,0,0,0,14,14,96,719
compact51_marcy__paper_roles,2019-01-08 17:00:00,6.22713653376,19.9474516629,0,0,0,10,10,375,868
compact51_marcy__paper_roles,2019-01-08 18:00:00,8.84816985649,32.1204278987,0,0,0,12,12,1908,2602
compact51_marcy__paper_roles,2019-01-08 19:00:00,11.446920767,48.817852738,0,0,0,12,12,4069,4163
compact51_marcy__paper_roles,2019-01-08 20:00:00,11.275221531,38.142391362,0,0,0,12,12,3930,3278
compact51_marcy__paper_roles,2019-01-08 21:00:00,14.5578114025,37.5203185126,0,0,0,12,12,6259,3209
compact51_marcy__paper_roles,2019-01-08 22:00:00,13.3800606988,35.3087525906,0,0,0,12,12,5559,2970
compact51_marcy__paper_roles,2019-01-08 23:00:00,12.7163533111,33.5373151363,0,0,0,12,12,5087,2761
compact51_marcy__paper_roles,2019-01-09 00:00:00,11.0023296858,20.7666893324,0,0,0,12,12,3712,976
compact51_marcy__paper_roles,2019-01-09 01:00:00,10.525267673,31.9539161,0,0,0,12,12,3321,2582
compact51_marcy__paper_roles,2019-01-09 02:00:00,10.5436951574,26.3747079521,0,0,0,12,12,3336,1822
compact51_marcy__paper_roles,2019-01-09 03:00:00,13.4825642861,41.955797996,0,0,0,12,12,5626,3618
compact51_marcy__paper_roles,2019-01-09 04:00:00,11.6368488313,27.0429473667,0,0,0,12,12,4215,1917
compact51_marcy__paper_roles,2019-01-09 05:00:00,10.2745262443,30.8560585641,0,0,0,12,12,3106,2448
compact51_marcy__paper_roles,2019-01-09 06:00:00,9.41120824903,18.9904288591,0,0,0,12,12,2356,721
compact51_marcy__paper_roles,2019-01-09 07:00:00,10.581019687,53.4274575285,0,0,0,12,12,3380,4483
compact51_marcy__paper_roles,2019-01-09 08:00:00,9.43790904841,54.5634417083,0,0,0,12,12,2384,4550
compact51_marcy__paper_roles,2019-01-09 09:00:00,9.7696936161,80.0718426076,0,0,0,12,12,2634,5651
compact51_marcy__paper_roles,2019-01-09 10:00:00,10.1600502482,94.8859760502,0,0,0,12,12,2992,6111
compact51_marcy__paper_roles,2019-01-09 11:00:00,11.6652923479,110.95392912,0,0,0,12,12,4248,6464
compact51_marcy__paper_roles,2019-01-09 12:00:00,11.0510230161,104.61570988,0,0,0,12,12,3751,6352
compact51_marcy__paper_roles,2019-01-09 13:00:00,11.5064320252,108.443739028,0,0,0,12,12,4123,6420
compact51_marcy__paper_roles,2019-01-09 14:00:00,11.077274241,94.1311648696,0,0,0,12,12,3771,6085
compact51_marcy__paper_roles,2019-01-09 15:00:00,10.836233105,94.4235394428,0,0,0,12,12,3589,6093
compact51_marcy__paper_roles,2019-01-09 16:00:00,9.85308564797,83.1888790697,0,0,0,12,12,2703,5750
compact51_marcy__paper_roles,2019-01-09 17:00:00,9.2359862912,112.312958721,0,0,0,12,12,2212,6489
compact51_marcy__paper_roles,2019-01-09 18:00:00,11.6544572898,121.033054069,0,0,0,12,12,4239,6649
compact51_marcy__paper_roles,2019-01-09 19:00:00,9.87861343559,110.661616653,0,0,0,12,12,2725,6456
compact51_marcy__paper_roles,2019-01-09 20:00:00,6.89236894662,78.1276344546,0,0,0,12,12,667,5582
compact51_marcy__paper_roles,2019-01-09 21:00:00,7.04443845762,91.7994096783,0,0,0,12,12,757,6012
compact51_marcy__paper_roles,2019-01-09 22:00:00,10.1250595138,65.3357314277,0,0,0,12,12,2960,5093
compact51_marcy__paper_roles,2019-01-09 23:00:00,8.9019304388,62.7706286051,0,0,0,12,12,1950,4966
compact51_marcy__paper_roles,2019-01-10 00:00:00,6.64191883604,38.5084531487,0,0,0,12,12,545,3316
compact51_marcy__paper_roles,2019-01-10 01:00:00,6.94898157262,36.8294531547,0,0,0,12,12,701,3141
compact51_marcy__paper_roles,2019-01-10 02:00:00,7.44185463883,35.7919214481,0,0,0,12,12,983,3032
compact51_marcy__paper_roles,2019-01-10 03:00:00,10.9527889056,45.4331499999,0,0,0,12,12,3678,3894
compact51_marcy__paper_roles,2019-01-10 04:00:00,11.2593917287,39.9223382734,0,0,0,12,12,3912,3462
compact51_marcy__paper_roles,2019-01-10 05:00:00,10.0954060711,29.905393597,0,0,0,12,12,2934,2330
compact51_marcy__paper_roles,2019-01-10 06:00:00,6.82006753063,21.2595181553,0,0,0,12,12,633,1049
compact51_marcy__paper_roles,2019-01-10 07:00:00,6.54291271804,24.8287181713,0,0,0,12,12,502,1563
compact51_marcy__paper_roles,2019-01-10 08:00:00,5.76179498039,21.577136065,0,0,0,12,12,241,1090
compact51_marcy__paper_roles,2019-01-10 09:00:00,7.00903247852,54.0643618414,0,0,0,12,12,740,4520
compact51_marcy__paper_roles,2019-01-10 10:00:00,7.90576900709,77.2797256915,0,0,0,12,12,1252,5549
compact51_marcy__paper_roles,2019-01-10 11:00:00,10.4435739395,84.4854445208,0,0,0,12,12,3251,5799
compact51_marcy__paper_roles,2019-01-10 12:00:00,8.88729880994,66.2259518388,0,0,0,12,12,1932,5130
compact51_marcy__paper_roles,2019-01-10 13:00:00,8.32987920442,52.399175041,0,0,0,12,12,1528,4405
compact51_marcy__paper_roles,2019-01-10 14:00:00,7.76297620449,35.0878768565,0,0,0,12,12,1175,2943
compact51_marcy__paper_roles,2019-01-10 15:00:00,6.64892678798,32.5248433148,0,0,0,12,12,549,2650
compact51_marcy__paper_roles,2019-01-10 16:00:00,7.41812255448,37.4452894064,0,0,0,12,12,964,3200
compact51_marcy__paper_roles,2019-01-10 17:00:00,9.40812333281,52.7082776951,0,0,0,12,12,2355,4422
compact51_marcy__paper_roles,2019-01-10 18:00:00,9.11996729633,43.7923756538,0,0,0,12,12,2124,3763
compact51_marcy__paper_roles,2019-01-10 19:00:00,6.10340859894,23.7808491934,0,0,0,12,12,335,1415
compact51_marcy__paper_roles,2019-01-10 20:00:00,6.92151907271,27.9250106636,0,0,0,12,12,686,2036
compact51_marcy__paper_roles,2019-01-10 21:00:00,7.10804354678,27.2829385149,0,0,0,12,12,788,1948
compact51_marcy__paper_roles,2019-01-10 22:00:00,7.45321894505,19.0243060747,0,0,0,12,12,990,726
compact51_marcy__paper_roles,2019-01-10 23:00:00,9.75928211331,35.9287015849,0,0,0,12,12,2619,3047
compact51_marcy__paper_roles,2019-01-11 00:00:00,6.3696818121,15.4410779939,0,0,0,12,12,431,309
compact51_marcy__paper_roles,2019-01-11 01:00:00,5.25690385704,16.3367717101,0,0,0,12,12,132,407
compact51_marcy__paper_roles,2019-01-11 02:00:00,5.03350262412,15.7308287068,0,0,0,12,12,99,334
compact51_marcy__paper_roles,2019-01-11 03:00:00,5.7993249854,16.6135222423,0,0,0,12,12,248,440
compact51_marcy__paper_roles,2019-01-11 04:00:00,6.62006859335,22.7630044229,0,0,0,12,12,534,1271
compact51_marcy__paper_roles,2019-01-11 05:00:00,7.54358092671,22.9784014036,0,0,0,12,12,1047,1302
compact51_marcy__paper_roles,2019-01-11 06:00:00,9.6142170045,23.8214969649,0,0,0,12,12,2511,1421
compact51_marcy__paper_roles,2019-01-11 07:00:00,8.79792514748,28.348952598,0,0,0,12,12,1863,2097
compact51_marcy__paper_roles,2019-01-11 08:00:00,8.3152594639,43.2208415635,0,0,0,12,12,1516,3723
compact51_marcy__paper_roles,2019-01-11 09:00:00,9.64721643829,50.6446866051,0,0,0,12,12,2534,4278
compact51_marcy__paper_roles,2019-01-11 10:00:00,8.8372855442,43.8384128393,0,0,0,12,12,1897,3770
compact51_marcy__paper_roles,2019-01-11 11:00:00,7.0582250984,13.1533043878,0,0,0,12,12,765,140
compact51_marcy__paper_roles,2019-01-11 12:00:00,7.34726068625,13.1249306249,0,0,0,12,12,908,136
compact51_marcy__paper_roles,2019-01-11 13:00:00,7.51905252877,12.7321659097,0,0,0,12,12,1033,116
compact51_marcy__paper_roles,2019-01-11 14:00:00,8.13088509572,12.2507273613,0,0,0,12,12,1382,86
compact51_marcy__paper_roles,2019-01-11 15:00:00,9.53106788631,33.5878713421,0,0,0,13,13,2456,2770
compact51_marcy__paper_roles,2019-01-11 16:00:00,7.89652245337,19.4570819007,0,0,0,11,11,1243,791
compact51_marcy__paper_roles,2019-01-11 17:00:00,8.72876563751,43.2602886537,0,0,0,12,12,1826,3726
compact51_marcy__paper_roles,2019-01-11 18:00:00,6.26403420532,21.8755143198,0,0,0,12,12,397,1128
compact51_marcy__paper_roles,2019-01-11 19:00:00,5.27024508699,20.8399382518,0,0,0,12,12,135,988
compact51_marcy__paper_roles,2019-01-11 20:00:00,7.14589475261,19.5212986347,0,0,0,12,12,800,800
compact51_marcy__paper_roles,2019-01-11 21:00:00,10.7877851935,21.922120491,0,0,0,14,13,3546,1142
compact51_marcy__paper_roles,2019-01-11 22:00:00,12.1089385467,27.5807930165,0,0,0,10,10,4595,1986
compact51_marcy__paper_roles,2019-01-11 23:00:00,11.7177415094,29.6788986959,0,0,0,12,12,4288,2300
compact51_marcy__paper_roles,2019-01-12 00:00:00,8.93013229106,25.5725265357,0,0,0,12,12,1969,1670
compact51_marcy__paper_roles,2019-01-12 01:00:00,10.9362164495,32.4677503016,0,0,0,12,12,3668,2648
compact51_marcy__paper_roles,2019-01-12 02:00:00,13.4011069035,42.5003425263,0,0,0,12,12,5572,3659
compact51_marcy__paper_roles,2019-01-12 03:00:00,12.5970871795,43.2154106462,0,0,0,12,12,4975,3722
compact51_marcy__paper_roles,2019-01-12 04:00:00,10.9406401034,33.8719545369,0,0,0,12,12,3672,2811
compact51_marcy__paper_roles,2019-01-12 05:00:00,9.50037087373,27.7738205073,0,0,0,12,12,2431,2013
compact51_marcy__paper_roles,2019-01-12 06:00:00,9.38043500925,22.6633656975,0,0,0,12,12,2334,1252
compact51_marcy__paper_roles,2019-01-12 07:00:00,8.02562122299,21.8493909483,0,0,0,12,12,1325,1125
compact51_marcy__paper_roles,2019-01-12 08:00:00,7.36165124944,19.0185331509,0,0,0,14,13,920,724
compact51_marcy__paper_roles,2019-01-12 09:00:00,8.03039257856,22.7752409509,0,0,0,12,12,1327,1273
compact51_marcy__paper_roles,2019-01-12 10:00:00,5.66127539421,14.5592833964,0,0,0,13,13,222,240
compact51_marcy__paper_roles,2019-01-12 11:00:00,6.13452492247,16.5600041657,0,0,0,13,13,342,432
compact51_marcy__paper_roles,2019-01-12 12:00:00,6.99585387474,19.814436857,0,0,0,12,12,731,854
compact51_marcy__paper_roles,2019-01-12 13:00:00,8.74925703868,14.3278850305,0,0,0,12,12,1837,222
compact51_marcy__paper_roles,2019-01-12 14:00:00,8.54551453857,22.6364073475,0,0,0,12,12,1689,1245
compact51_marcy__paper_roles,2019-01-12 15:00:00,10.0918317122,20.9888177733,0,0,0,12,12,2930,1016
compact51_marcy__paper_roles,2019-01-12 16:00:00,10.077635078,17.7775163088,0,0,0,12,12,2918,568
compact51_marcy__paper_roles,2019-01-12 17:00:00,10.7491075422,23.1229026493,0,0,0,13,13,3510,1317
compact51_marcy__paper_roles,2019-01-12 18:00:00,8.52101441698,15.8322361036,0,0,0,11,11,1672,350
compact51_marcy__paper_roles,2019-01-12 19:00:00,8.54393077856,16.4904746574,0,0,0,12,12,1687,429
compact51_marcy__paper_roles,2019-01-12 20:00:00,9.3711799024,23.4287402669,0,0,0,12,12,2325,1359
compact51_marcy__paper_roles,2019-01-12 21:00:00,8.60650078874,18.4616563652,0,0,0,12,12,1735,639
compact51_marcy__paper_roles,2019-01-12 22:00:00,11.9807867035,29.2796871233,0,0,0,12,12,4496,2243
compact51_marcy__paper_roles,2019-01-12 23:00:00,13.8443648716,32.3151162822,0,0,0,12,12,5860,2633
compact51_marcy__paper_roles,2019-01-13 00:00:00,13.1512273338,31.1696099496,0,0,0,12,12,5403,2487
compact51_marcy__paper_roles,2019-01-13 01:00:00,11.4986783717,23.386825895,0,0,0,12,12,4117,1353
compact51_marcy__paper_roles,2019-01-13 02:00:00,12.5107355538,30.8437300032,0,0,0,12,12,4926,2445
compact51_marcy__paper_roles,2019-01-13 03:00:00,11.9917366859,33.4761764425,0,0,0,12,12,4509,2751
compact51_marcy__paper_roles,2019-01-13 04:00:00,12.4635725514,35.6869564083,0,0,0,12,12,4886,3018
compact51_marcy__paper_roles,2019-01-13 05:00:00,10.6250768646,22.3054899248,0,0,0,12,12,3410,1194
compact51_marcy__paper_roles,2019-01-13 06:00:00,10.5798242094,25.7168640812,0,0,0,12,12,3376,1700
compact51_marcy__paper_roles,2019-01-13 07:00:00,8.21002578426,22.3073717951,0,0,0,12,12,1442,1195
compact51_marcy__paper_roles,2019-01-13 08:00:00,9.09845936645,25.2168408097,0,0,0,12,12,2105,1619
compact51_marcy__paper_roles,2019-01-13 09:00:00,9.60333123003,22.6139128864,0,0,0,12,12,2506,1240
compact51_marcy__paper_roles,2019-01-13 10:00:00,8.88143215473,24.7048384112,0,0,0,12,12,1928,1551
compact51_marcy__paper_roles,2019-01-13 11:00:00,8.34373240331,20.974922558,0,0,0,12,12,1539,1011
compact51_marcy__paper_roles,2019-01-13 12:00:00,8.03741745506,15.95509158,0,0,0,12,12,1335,366
compact51_marcy__paper_roles,2019-01-13 13:00:00,8.30498222657,15.5959675285,0,0,0,12,12,1503,325
compact51_marcy__paper_roles,2019-01-13 14:00:00,8.10531202531,16.6663148745,0,0,0,12,12,1373,447
compact51_marcy__paper_roles,2019-01-13 15:00:00,9.24048544315,22.4270774741,0,0,0,12,12,2219,1213
compact51_marcy__paper_roles,2019-01-13 16:00:00,11.9986892144,57.265420473,0,0,0,12,12,4513,4706
compact51_marcy__paper_roles,2019-01-13 17:00:00,12.7442675016,58.8067862585,0,0,0,12,12,5106,4771
compact51_marcy__paper_roles,2019-01-13 18:00:00,8.3015990379,39.3308430902,0,0,0,12,12,1498,3397
compact51_marcy__paper_roles,2019-01-13 19:00:00,9.75937824412,35.3157586832,0,0,0,12,12,2620,2972
compact51_marcy__paper_roles,2019-01-13 20:00:00,8.89876341517,28.2522708855,0,0,0,12,12,1944,2083
compact51_marcy__paper_roles,2019-01-13 21:00:00,10.4189477454,34.5843488771,0,0,0,12,12,3230,2895
compact51_marcy__paper_roles,2019-01-13 22:00:00,8.28956442445,18.7549921035,0,0,0,13,12,1495,685
compact51_marcy__paper_roles,2019-01-13 23:00:00,7.50959148339,16.444077495,0,0,0,12,12,1030,424
compact51_marcy__paper_roles,2019-01-14 00:00:00,10.4902025819,32.3950851242,0,0,0,12,12,3288,2639
compact51_marcy__paper_roles,2019-01-14 01:00:00,11.4702838872,32.2880236861,0,0,0,12,12,4088,2632
compact51_marcy__paper_roles,2019-01-14 02:00:00,10.4372709325,26.8838530424,0,0,0,12,12,3249,1891
compact51_marcy__paper_roles,2019-01-14 03:00:00,9.43623606768,28.3597527846,0,0,0,12,12,2381,2100
compact51_marcy__paper_roles,2019-01-14 04:00:00,11.0120191311,51.0017231239,0,0,0,12,12,3725,4309
compact51_marcy__paper_roles,2019-01-14 05:00:00,11.9408751053,88.7974632459,0,0,0,13,13,4462,5924
compact51_marcy__paper_roles,2019-01-14 06:00:00,16.763839189,120.79406158,0,0,0,12,11,7225,6646
compact51_marcy__paper_roles,2019-01-14 07:00:00,16.1099765969,379.379058594,0,0,0,12,12,6977,8112
compact51_marcy__paper_roles,2019-01-14 08:00:00,10.6811520436,107.19586866,0,0,0,12,12,3451,6398
compact51_marcy__paper_roles,2019-01-14 09:00:00,9.11755401109,28.7405507977,0,0,0,13,13,2123,2164
compact51_marcy__paper_roles,2019-01-14 10:00:00,11.8779752774,31.8600529816,0,0,0,12,12,4414,2566
compact51_marcy__paper_roles,2019-01-14 11:00:00,9.68571950053,25.6701266824,0,0,0,12,12,2559,1691
compact51_marcy__paper_roles,2019-01-14 12:00:00,11.3358283896,23.2040007693,0,0,0,14,13,3966,1330
compact51_marcy__paper_roles,2019-01-14 13:00:00,11.5701416355,31.0141015121,0,0,0,11,11,4171,2465
compact51_marcy__paper_roles,2019-01-14 14:00:00,14.5126324915,59.1797488252,0,0,0,12,12,6242,4791
compact51_marcy__paper_roles,2019-01-14 15:00:00,13.2693749107,38.9478386228,0,0,0,12,12,5487,3354
compact51_marcy__paper_roles,2019-01-14 16:00:00,14.4773706643,64.6323160772,0,0,0,12,12,6225,5058
compact51_marcy__paper_roles,2019-01-14 17:00:00,11.6606290131,52.3381516573,0,0,0,12,12,4245,4404
compact51_marcy__paper_roles,2019-01-14 18:00:00,7.73525453679,26.2272099218,0,0,0,12,12,1152,1801
compact51_marcy__paper_roles,2019-01-14 19:00:00,8.49382830844,25.7057454756,0,0,0,12,12,1652,1697
compact51_marcy__paper_roles,2019-01-14 20:00:00,11.110637147,25.4951456498,0,0,0,12,12,3804,1663
compact51_marcy__paper_roles,2019-01-14 21:00:00,10.9276764505,23.0962151824,0,0,0,12,12,3663,1313
compact51_marcy__paper_roles,2019-01-14 22:00:00,11.0849803742,29.626532108,0,0,0,12,12,3782,2291
compact51_marcy__paper_roles,2019-01-14 23:00:00,9.94336359899,26.4770027226,0,0,0,12,12,2792,1833
compact51_marcy__paper_roles,2019-01-15 00:00:00,13.1571697621,29.2186316585,0,0,0,12,12,5408,2233
compact51_marcy__paper_roles,2019-01-15 01:00:00,11.9301287193,29.4024442082,0,0,0,12,12,4451,2263
compact51_marcy__paper_roles,2019-01-15 02:00:00,12.9164887289,41.6874216916,0,0,0,12,12,5245,3593
compact51_marcy__paper_roles,2019-01-15 03:00:00,10.6615531345,47.567296899,0,0,0,12,12,3433,4057
compact51_marcy__paper_roles,2019-01-15 04:00:00,12.6600204803,42.8582189132,0,0,0,12,12,5042,3686
compact51_marcy__paper_roles,2019-01-15 05:00:00,12.6698875563,40.3532172828,0,0,0,12,12,5048,3494
compact51_marcy__paper_roles,2019-01-15 06:00:00,11.3899414166,26.4235981702,0,0,0,12,12,4014,1826
compact51_marcy__paper_roles,2019-01-15 07:00:00,10.3403669958,36.0822143347,0,0,0,12,12,3157,3065
compact51_marcy__paper_roles,2019-01-15 08:00:00,9.00808213435,32.0498595429,0,0,0,12,12,2042,2592
compact51_marcy__paper_roles,2019-01-15 09:00:00,11.2540042764,30.884153861,0,0,0,12,12,3904,2453
compact51_marcy__paper_roles,2019-01-15 10:00:00,9.94699922662,31.0151517609,0,0,0,12,12,2794,2466
compact51_marcy__paper_roles,2019-01-15 11:00:00,8.70579418635,28.7359870821,0,0,0,13,13,1815,2161
compact51_marcy__paper_roles,2019-01-15 12:00:00,11.0981208006,23.8846149847,0,0,0,12,12,3794,1434
compact51_marcy__paper_roles,2019-01-15 13:00:00,10.6632783713,23.4362937329,0,0,0,12,12,3435,1360
compact51_marcy__paper_roles,2019-01-15 14:00:00,12.3916470897,26.3521414494,0,0,0,12,12,4812,1819
compact51_marcy__paper_roles,2019-01-15 15:00:00,12.7342873633,27.4200413851,0,0,0,12,12,5099,1964
compact51_marcy__paper_roles,2019-01-15 16:00:00,12.9993706423,35.102024169,0,0,0,12,12,5300,2946
compact51_marcy__paper_roles,2019-01-15 17:00:00,11.4514523692,38.7396036979,0,0,0,12,12,4071,3333
compact51_marcy__paper_roles,2019-01-15 18:00:00,9.07135634607,32.236278316,0,0,0,12,12,2090,2621
compact51_marcy__paper_roles,2019-01-15 19:00:00,7.6675435118,30.5804668532,0,0,0,12,12,1113,2405
compact51_marcy__paper_roles,2019-01-15 20:00:00,8.32563538135,30.2412073193,0,0,0,12,12,1522,2369
compact51_marcy__paper_roles,2019-01-15 21:00:00,9.70810316458,26.6240284112,0,0,0,12,12,2576,1855
compact51_marcy__paper_roles,2019-01-15 22:00:00,13.4688505226,31.855989471,0,0,0,12,12,5616,2563
compact51_marcy__paper_roles,2019-01-15 23:00:00,11.9254724178,26.7954180745,0,0,0,12,12,4448,1881
compact51_marcy__paper_roles,2019-01-16 00:00:00,15.2144809824,34.5806401008,0,0,0,12,12,6589,2894
compact51_marcy__paper_roles,2019-01-16 01:00:00,12.9104442593,30.4201157387,0,0,0,12,12,5238,2382
compact51_marcy__paper_roles,2019-01-16 02:00:00,17.7815950859,65.8681965823,0,0,0,12,12,7569,5115
compact51_marcy__paper_roles,2019-01-16 03:00:00,17.2540708014,108.318295633,0,0,0,12,12,7408,6414
compact51_marcy__paper_roles,2019-01-16 04:00:00,17.9697453513,184.73202008,0,0,0,12,12,7623,7380
compact51_marcy__paper_roles,2019-01-16 05:00:00,13.7711885294,37.509354159,0,0,0,12,12,5811,3207
compact51_marcy__paper_roles,2019-01-16 06:00:00,12.9176330177,42.9830088286,0,0,0,12,12,5246,3704
compact51_marcy__paper_roles,2019-01-16 07:00:00,13.7387410427,29.4247842243,0,0,0,12,12,5793,2270
compact51_marcy__paper_roles,2019-01-16 08:00:00,7.10998670811,19.3911238575,0,0,0,12,12,789,782
compact51_marcy__paper_roles,2019-01-16 09:00:00,6.94945764645,22.4872066492,0,0,0,12,12,702,1224
compact51_marcy__paper_roles,2019-01-16 10:00:00,6.8914734586,21.4465022542,0,0,0,12,12,665,1074
compact51_marcy__paper_roles,2019-01-16 11:00:00,5.64505599692,21.0803510385,0,0,0,12,12,215,1027
compact51_marcy__paper_roles,2019-01-16 12:00:00,7.53134284376,18.7069503217,0,0,0,12,12,1038,679
compact51_marcy__paper_roles,2019-01-16 13:00:00,9.6280710632,28.4460019295,0,0,0,12,12,2518,2113
compact51_marcy__paper_roles,2019-01-16 14:00:00,11.0783757633,26.3181714733,0,0,0,12,12,3773,1811
compact51_marcy__paper_roles,2019-01-16 15:00:00,7.61068150025,21.3661170342,0,0,0,12,12,1078,1065
compact51_marcy__paper_roles,2019-01-16 16:00:00,8.89742635095,21.7703409577,0,0,0,12,12,1942,1114
compact51_marcy__paper_roles,2019-01-16 17:00:00,9.30249870152,20.2742816097,0,0,0,12,12,2268,903
compact51_marcy__paper_roles,2019-01-16 18:00:00,6.92323219737,19.4096938327,0,0,0,12,12,688,784
compact51_marcy__paper_roles,2019-01-16 19:00:00,6.56273805376,17.7071634453,0,0,0,12,12,511,558
compact51_marcy__paper_roles,2019-01-16 20:00:00,8.21158782991,20.4681022514,0,0,0,12,12,1444,931
compact51_marcy__paper_roles,2019-01-16 21:00:00,9.52095551237,19.8038941938,0,0,0,13,13,2448,851
compact51_marcy__paper_roles,2019-01-16 22:00:00,9.72619189373,21.8402554495,0,0,0,12,12,2595,1124
compact51_marcy__paper_roles,2019-01-16 23:00:00,10.5817961506,25.4002948608,0,0,0,13,13,3381,1651
compact51_marcy__paper_roles,2019-01-17 00:00:00,10.3458003794,20.8210438201,0,0,0,12,12,3159,983
compact51_marcy__paper_roles,2019-01-17 01:00:00,13.0256990398,30.239291656,0,0,0,12,12,5316,2368
compact51_marcy__paper_roles,2019-01-17 02:00:00,12.6873772918,28.8529958104,0,0,0,12,12,5063,2181
compact51_marcy__paper_roles,2019-01-17 03:00:00,18.1346093891,45.0134564542,0,0,0,12,12,7660,3859
compact51_marcy__paper_roles,2019-01-17 04:00:00,17.8575180663,37.9470534235,0,0,0,12,12,7589,3259
compact51_marcy__paper_roles,2019-01-17 05:00:00,15.2183640638,40.151156652,0,0,0,13,13,6592,3477
compact51_marcy__paper_roles,2019-01-17 06:00:00,22.4714512437,83.4627425764,0,0,0,12,11,8372,5760
compact51_marcy__paper_roles,2019-01-17 07:00:00,19.9750344924,4323.95887862,1,0,0,12,12,8053,8701
compact51_marcy__paper_roles,2019-01-17 08:00:00,16.1716483083,92.9559636902,0,0,0,12,12,7009,6053
compact51_marcy__paper_roles,2019-01-17 09:00:00,12.4609284612,43.8290170556,0,0,0,12,12,4882,3767
compact51_marcy__paper_roles,2019-01-17 10:00:00,11.552206297,24.1492130166,0,0,0,12,12,4157,1482
compact51_marcy__paper_roles,2019-01-17 11:00:00,10.9225984847,23.4157665847,0,0,0,8,8,3660,1356
compact51_marcy__paper_roles,2019-01-17 12:00:00,14.9361677236,42.4172119592,0,0,0,12,12,6450,3652
compact51_marcy__paper_roles,2019-01-17 13:00:00,14.350647005,33.2559035955,0,0,0,12,12,6151,2731
compact51_marcy__paper_roles,2019-01-17 14:00:00,14.4647928344,36.6946762653,0,0,0,12,12,6213,3125
compact51_marcy__paper_roles,2019-01-17 15:00:00,13.1302276997,37.1095110239,0,0,0,12,12,5388,3169
compact51_marcy__paper_roles,2019-01-17 16:00:00,15.7937640017,111.616580332,0,0,0,12,12,6847,6479
compact51_marcy__paper_roles,2019-01-17 17:00:00,14.2072769431,125.08401319,0,0,0,12,12,6075,6722
compact51_marcy__paper_roles,2019-01-17 18:00:00,13.4772262534,134.860457501,0,0,0,12,12,5622,6872
compact51_marcy__paper_roles,2019-01-17 19:00:00,13.5660413925,111.362082674,0,0,0,12,12,5681,6468
compact51_marcy__paper_roles,2019-01-17 20:00:00,14.5083265856,114.336127517,0,0,0,12,12,6240,6523
compact51_marcy__paper_roles,2019-01-17 21:00:00,16.9869729816,171.456356481,0,0,0,12,12,7296,7284
compact51_marcy__paper_roles,2019-01-17 22:00:00,16.1547859437,75.0482491163,0,0,0,12,12,7005,5471
compact51_marcy__paper_roles,2019-01-17 23:00:00,18.8004609546,42.8609599119,0,0,0,12,12,7821,3687
compact51_marcy__paper_roles,2019-01-18 00:00:00,21.4653394513,64.827717832,0,0,0,12,12,8276,5071
compact51_marcy__paper_roles,2019-01-18 01:00:00,21.1803393546,60.2916696156,0,0,0,12,12,8238,4846
compact51_marcy__paper_roles,2019-01-18 02:00:00,22.0836869993,70.864157141,0,0,0,12,12,8337,5311
compact51_marcy__paper_roles,2019-01-18 03:00:00,24.1248838307,71.5702256236,0,0,0,12,12,8506,5339
compact51_marcy__paper_roles,2019-01-18 04:00:00,25.4610911396,99.1836321728,0,0,0,12,12,8587,6217
compact51_marcy__paper_roles,2019-01-18 05:00:00,12.9723390516,41.5959344835,0,0,0,12,12,5283,3590
compact51_marcy__paper_roles,2019-01-18 06:00:00,17.310787568,45.3755290277,0,0,0,12,12,7430,3889
compact51_marcy__paper_roles,2019-01-18 07:00:00,14.7375324741,50.3437798334,0,0,0,12,12,6347,4266
compact51_marcy__paper_roles,2019-01-18 08:00:00,11.5341487868,36.068389876,0,0,0,12,12,4148,3060
compact51_marcy__paper_roles,2019-01-18 09:00:00,13.6435405714,54.3707552044,0,0,0,12,12,5730,4537
compact51_marcy__paper_roles,2019-01-18 10:00:00,16.5749302244,42.5159200415,0,0,0,12,12,7173,3661
compact51_marcy__paper_roles,2019-01-18 11:00:00,16.1112224856,47.3272446342,0,0,0,12,12,6978,4031
compact51_marcy__paper_roles,2019-01-18 12:00:00,16.0380612052,41.5260301895,0,0,0,12,12,6957,3582
compact51_marcy__paper_roles,2019-01-18 13:00:00,16.7944782943,41.7122751482,0,0,0,12,12,7234,3596
compact51_marcy__paper_roles,2019-01-18 14:00:00,15.2320660539,42.326022678,0,0,0,12,12,6598,3645
compact51_marcy__paper_roles,2019-01-18 15:00:00,13.7041178278,36.8485156888,0,0,0,12,12,5769,3143
compact51_marcy__paper_roles,2019-01-18 16:00:00,12.9878850452,35.5055328493,0,0,0,12,12,5290,2998
compact51_marcy__paper_roles,2019-01-18 17:00:00,14.273008662,44.7845563106,0,0,0,12,12,6114,3847
compact51_marcy__paper_roles,2019-01-18 18:00:00,13.0898561611,43.2307977318,0,0,0,12,12,5359,3724
compact51_marcy__paper_roles,2019-01-18 19:00:00,13.1368749104,50.8991927188,0,0,0,12,12,5393,4299
compact51_marcy__paper_roles,2019-01-18 20:00:00,13.6926541658,46.3233584986,0,0,0,12,12,5762,3959
compact51_marcy__paper_roles,2019-01-18 21:00:00,14.3455926169,35.5953896085,0,0,0,12,12,6149,3007
compact51_marcy__paper_roles,2019-01-18 22:00:00,15.9897613029,43.1111553754,0,0,0,12,12,6935,3718
compact51_marcy__paper_roles,2019-01-18 23:00:00,16.9809174222,49.6040426588,0,0,0,12,12,7291,4226
compact51_marcy__paper_roles,2019-01-19 00:00:00,17.4612889674,54.6571247142,0,0,0,12,12,7482,4557
compact51_marcy__paper_roles,2019-01-19 01:00:00,18.6023923273,51.5929279786,0,0,0,12,12,7781,4354
compact51_marcy__paper_roles,2019-01-19 02:00:00,20.1002927494,63.1704816267,0,0,0,12,12,8069,4987
compact51_marcy__paper_roles,2019-01-19 03:00:00,22.5625982564,97.0658802642,0,0,0,12,12,8384,6170
compact51_marcy__paper_roles,2019-01-19 04:00:00,23.5974254871,101.333684202,0,0,0,12,12,8469,6274
compact51_marcy__paper_roles,2019-01-19 05:00:00,23.0527462222,85.3032892598,0,0,0,12,12,8428,5831
compact51_marcy__paper_roles,2019-01-19 06:00:00,22.5481856511,72.8228945915,0,0,0,12,12,8379,5374
compact51_marcy__paper_roles,2019-01-19 07:00:00,13.7382808965,37.5006374879,0,0,0,12,12,5792,3206
compact51_marcy__paper_roles,2019-01-19 08:00:00,15.4617263408,33.4355326864,0,0,0,12,12,6707,2748
compact51_marcy__paper_roles,2019-01-19 09:00:00,15.7053151739,48.2872838066,0,0,0,12,12,6812,4116
compact51_marcy__paper_roles,2019-01-19 10:00:00,16.0458322848,40.6888700873,0,0,0,12,12,6959,3524
compact51_marcy__paper_roles,2019-01-19 11:00:00,18.0265057441,96.0536324548,0,0,0,12,12,7638,6148
compact51_marcy__paper_roles,2019-01-19 12:00:00,17.7899315481,179.776095204,0,0,0,11,11,7570,7345
compact51_marcy__paper_roles,2019-01-19 13:00:00,18.6690746776,199.706204406,0,0,0,12,12,7798,7490
compact51_marcy__paper_roles,2019-01-19 14:00:00,16.2570377874,193.605565065,0,0,0,12,12,7044,7441
compact51_marcy__paper_roles,2019-01-19 15:00:00,19.8301749899,1592.89181581,1,0,0,12,12,8028,8580
compact51_marcy__paper_roles,2019-01-19 16:00:00,21.276707523,317.744138331,1,0,0,12,12,8249,7978
compact51_marcy__paper_roles,2019-01-19 17:00:00,24.4497027827,104.126920403,1,0,0,12,12,8530,6346
compact51_marcy__paper_roles,2019-01-19 18:00:00,21.6029036878,105.333465788,1,0,0,12,12,8285,6368
compact51_marcy__paper_roles,2019-01-19 19:00:00,19.728658224,128.947296218,1,0,0,12,12,8009,6793
compact51_marcy__paper_roles,2019-01-19 20:00:00,21.1413312024,158.11108319,1,0,0,12,12,8233,7151
compact51_marcy__paper_roles,2019-01-19 21:00:00,21.3444842137,198.021105549,1,0,0,12,12,8258,7477
compact51_marcy__paper_roles,2019-01-19 22:00:00,22.9344513197,328.749204698,1,0,0,12,12,8420,8002
compact51_marcy__paper_roles,2019-01-19 23:00:00,21.4119607711,361.370122758,0,0,0,12,12,8270,8090
compact51_marcy__paper_roles,2019-01-20 00:00:00,20.0584919429,88.2772908292,0,0,0,12,12,8063,5908
compact51_marcy__paper_roles,2019-01-20 01:00:00,15.8616551022,45.888307543,0,0,0,12,12,6881,3933
compact51_marcy__paper_roles,2019-01-20 02:00:00,17.4044976844,47.5205650263,0,0,0,12,12,7464,4052
compact51_marcy__paper_roles,2019-01-20 03:00:00,19.184051532,64.1776816786,0,0,0,12,12,7901,5029
compact51_marcy__paper_roles,2019-01-20 04:00:00,19.4382405319,57.4745077122,0,0,0,12,12,7950,4716
compact51_marcy__paper_roles,2019-01-20 05:00:00,14.9077499263,36.3613872028,0,0,0,12,12,6434,3085
compact51_marcy__paper_roles,2019-01-20 06:00:00,17.8075578227,33.0080790341,0,0,0,12,12,7579,2698
compact51_marcy__paper_roles,2019-01-20 07:00:00,16.6386523371,43.8204783353,0,0,0,12,12,7194,3766
compact51_marcy__paper_roles,2019-01-20 08:00:00,12.4339547542,20.246222018,0,0,0,12,12,4851,901
compact51_marcy__paper_roles,2019-01-20 09:00:00,14.8461999484,29.3113519472,0,0,0,12,12,6401,2251
compact51_marcy__paper_roles,2019-01-20 10:00:00,14.1077148482,36.4475811329,0,0,0,12,12,6015,3095
compact51_marcy__paper_roles,2019-01-20 11:00:00,14.5445662078,51.9945893394,0,0,0,12,12,6255,4379
compact51_marcy__paper_roles,2019-01-20 12:00:00,15.5622514346,56.6631023912,0,0,0,12,12,6754,4671
compact51_marcy__paper_roles,2019-01-20 13:00:00,19.5029330943,134.780226242,0,0,0,12,12,7962,6868
compact51_marcy__paper_roles,2019-01-20 14:00:00,18.6389745835,108.407558433,0,0,0,12,12,7794,6418
compact51_marcy__paper_roles,2019-01-20 15:00:00,19.9394226711,101.974192055,0,0,0,12,12,8040,6296
compact51_marcy__paper_roles,2019-01-20 16:00:00,21.1101718536,117.670207829,0,0,0,12,12,8226,6574
compact51_marcy__paper_roles,2019-01-20 17:00:00,18.501863715,89.1630937651,0,0,0,12,12,7749,5937
compact51_marcy__paper_roles,2019-01-20 18:00:00,16.9140025997,75.8434545917,0,0,0,12,12,7272,5506
compact51_marcy__paper_roles,2019-01-20 19:00:00,16.5176218337,59.2793403547,0,0,0,13,13,7148,4802
compact51_marcy__paper_roles,2019-01-20 20:00:00,16.914249491,58.3231797396,0,0,0,12,12,7273,4749
compact51_marcy__paper_roles,2019-01-20 21:00:00,17.9548344204,78.2136298103,0,0,0,12,12,7618,5585
compact51_marcy__paper_roles,2019-01-20 22:00:00,17.2185320025,61.0075801274,0,0,0,13,13,7391,4884
compact51_marcy__paper_roles,2019-01-20 23:00:00,19.1444989617,70.7776280082,0,0,0,12,12,7898,5310
compact51_marcy__paper_roles,2019-01-21 00:00:00,15.4618290542,90.8009786036,0,0,0,13,12,6708,5979
compact51_marcy__paper_roles,2019-01-21 01:00:00,16.5934437399,110.092478375,1,0,0,12,12,7178,6448
compact51_marcy__paper_roles,2019-01-21 02:00:00,11.660425224,74.3976266523,0,0,0,12,12,4243,5451
compact51_marcy__paper_roles,2019-01-21 03:00:00,15.3172879102,79.530657873,0,0,0,12,12,6639,5634
compact51_marcy__paper_roles,2019-01-21 04:00:00,17.9026520196,84.3277950809,0,0,0,12,12,7603,5793
compact51_marcy__paper_roles,2019-01-21 05:00:00,18.5310669961,80.885692374,0,0,0,12,12,7758,5684
compact51_marcy__paper_roles,2019-01-21 06:00:00,18.6770712576,55.2886480714,0,0,0,12,12,7802,4592
compact51_marcy__paper_roles,2019-01-21 07:00:00,8.70212984364,37.9721959043,0,0,0,12,12,1809,3260
compact51_marcy__paper_roles,2019-01-21 08:00:00,9.18469042592,33.0589097017,0,0,0,12,12,2172,2704
compact51_marcy__paper_roles,2019-01-21 09:00:00,9.27924922344,26.7624539619,0,0,0,12,12,2244,1875
compact51_marcy__paper_roles,2019-01-21 10:00:00,10.0267544218,26.172524156,0,0,0,12,12,2879,1787
compact51_marcy__paper_roles,2019-01-21 11:00:00,16.0135774644,38.6805540034,0,0,0,11,11,6945,3328
compact51_marcy__paper_roles,2019-01-21 12:00:00,17.400806155,36.304734108,0,0,0,12,12,7462,3081
compact51_marcy__paper_roles,2019-01-21 13:00:00,13.072703285,34.6277000527,0,0,0,12,12,5347,2897
compact51_marcy__paper_roles,2019-01-21 14:00:00,12.4465382039,29.9956079284,0,0,0,12,12,4866,2345
compact51_marcy__paper_roles,2019-01-21 15:00:00,12.4784623662,29.5248554201,0,0,0,12,12,4897,2283
compact51_marcy__paper_roles,2019-01-21 16:00:00,12.5684430388,49.8008307306,0,0,0,12,12,4962,4238
compact51_marcy__paper_roles,2019-01-21 17:00:00,11.2449348839,60.0033166976,0,0,0,12,12,3899,4836
compact51_marcy__paper_roles,2019-01-21 18:00:00,14.4324802273,39.4468882593,0,0,0,12,12,6200,3411
compact51_marcy__paper_roles,2019-01-21 19:00:00,16.3389802861,59.7690091064,0,0,0,12,12,7080,4825
compact51_marcy__paper_roles,2019-01-21 20:00:00,16.2445076051,52.9901805709,0,0,0,12,12,7033,4444
compact51_marcy__paper_roles,2019-01-21 21:00:00,15.3538983291,40.8372911146,0,0,0,12,12,6659,3537
compact51_marcy__paper_roles,2019-01-21 22:00:00,18.2950988383,62.2615100598,0,0,0,12,12,7709,4945
compact51_marcy__paper_roles,2019-01-21 23:00:00,19.4348999218,90.0090616467,0,0,0,12,12,7949,5963
compact51_marcy__paper_roles,2019-01-22 00:00:00,22.027721644,154.816832817,1,0,0,13,12,8325,7116
compact51_marcy__paper_roles,2019-01-22 01:00:00,22.2338712498,152.981066754,1,0,0,12,12,8354,7091
compact51_marcy__paper_roles,2019-01-22 02:00:00,18.4799821824,115.395445402,1,0,0,12,12,7743,6544
compact51_marcy__paper_roles,2019-01-22 03:00:00,15.2869499917,91.8123384398,0,0,0,13,12,6621,6013
compact51_marcy__paper_roles,2019-01-22 04:00:00,13.0727600361,40.4626830366,0,0,0,12,12,5348,3503
compact51_marcy__paper_roles,2019-01-22 05:00:00,10.2418347202,33.5654661359,0,0,0,12,12,3081,2764
compact51_marcy__paper_roles,2019-01-22 06:00:00,24.0511046219,63.3950547532,0,0,0,12,12,8495,4999
compact51_marcy__paper_roles,2019-01-22 07:00:00,30.6663824845,312.660325174,0,0,0,12,12,8713,7961
compact51_marcy__paper_roles,2019-01-22 08:00:00,24.7746856963,158.914443481,0,0,0,12,12,8554,7158
compact51_marcy__paper_roles,2019-01-22 09:00:00,20.8225891725,38.487573116,0,0,0,12,12,8184,3313
compact51_marcy__paper_roles,2019-01-22 10:00:00,15.0752511379,32.2185417596,0,0,0,12,12,6517,2616
compact51_marcy__paper_roles,2019-01-22 11:00:00,14.5870937312,29.2479883373,0,0,0,12,12,6276,2236
compact51_marcy__paper_roles,2019-01-22 12:00:00,18.8575003754,47.184475006,0,0,0,12,12,7841,4017
compact51_marcy__paper_roles,2019-01-22 13:00:00,16.807055771,47.4424140256,0,0,0,12,12,7240,4045
compact51_marcy__paper_roles,2019-01-22 14:00:00,18.465025687,50.0259094914,0,0,0,13,13,7739,4247
compact51_marcy__paper_roles,2019-01-22 15:00:00,17.8948067115,61.7872073449,0,0,0,12,12,7600,4921
compact51_marcy__paper_roles,2019-01-22 16:00:00,17.2461948927,91.996212379,0,0,0,12,12,7405,6021
compact51_marcy__paper_roles,2019-01-22 17:00:00,19.4663502021,199.704075687,0,0,0,12,12,7957,7489
compact51_marcy__paper_roles,2019-01-22 18:00:00,19.667342608,457.038293001,0,0,0,12,12,7999,8202
compact51_marcy__paper_roles,2019-01-22 19:00:00,17.7907931656,319.75220376,0,0,0,13,13,7571,7982
compact51_marcy__paper_roles,2019-01-22 20:00:00,19.7251286728,207.942670335,0,0,0,12,12,8007,7542
compact51_marcy__paper_roles,2019-01-22 21:00:00,21.006192103,92.0795070189,0,0,0,12,12,8213,6024
compact51_marcy__paper_roles,2019-01-22 22:00:00,14.8874949501,75.6386819236,0,0,0,12,11,6422,5496
compact51_marcy__paper_roles,2019-01-22 23:00:00,18.0244344494,99.7032128008,0,0,0,12,12,7637,6231
compact51_marcy__paper_roles,2019-01-23 00:00:00,20.7183390804,97.3776451488,0,0,0,12,12,8172,6175
compact51_marcy__paper_roles,2019-01-23 01:00:00,22.2520586036,92.6588818374,0,0,0,12,12,8356,6043
compact51_marcy__paper_roles,2019-01-23 02:00:00,26.1373010121,111.584066739,0,0,0,12,12,8613,6476
compact51_marcy__paper_roles,2019-01-23 03:00:00,27.882645823,115.467736618,0,0,0,12,12,8658,6546
compact51_marcy__paper_roles,2019-01-23 04:00:00,24.6341635174,75.9622441475,0,0,0,12,12,8541,5513
compact51_marcy__paper_roles,2019-01-23 05:00:00,21.8408409459,68.9642794131,0,0,0,12,12,8311,5240
compact51_marcy__paper_roles,2019-01-23 06:00:00,20.5638289828,58.9643492224,0,0,0,12,12,8149,4780
compact51_marcy__paper_roles,2019-01-23 07:00:00,14.3153572817,53.809482397,0,0,0,12,12,6137,4502
compact51_marcy__paper_roles,2019-01-23 08:00:00,12.2480675051,36.2344807145,0,0,0,12,12,4712,3077
compact51_marcy__paper_roles,2019-01-23 09:00:00,10.51254202,34.3540292151,0,0,0,12,12,3307,2862
compact51_marcy__paper_roles,2019-01-23 10:00:00,14.4709991527,41.4545531804,0,0,0,12,12,6218,3581
compact51_marcy__paper_roles,2019-01-23 11:00:00,15.9648250158,51.7534076543,0,0,0,12,12,6926,4367
compact51_marcy__paper_roles,2019-01-23 12:00:00,16.4698532533,42.4139504434,0,0,0,12,12,7131,3651
compact51_marcy__paper_roles,2019-01-23 13:00:00,16.4453220883,41.7174634578,0,0,0,12,12,7121,3597
compact51_marcy__paper_roles,2019-01-23 14:00:00,15.4762120738,38.3376253118,0,0,0,12,12,6712,3297
compact51_marcy__paper_roles,2019-01-23 15:00:00,13.9116602604,31.8573659295,0,0,0,12,12,5900,2564
compact51_marcy__paper_roles,2019-01-23 16:00:00,13.156192924,37.3633677667,0,0,0,12,12,5407,3194
compact51_marcy__paper_roles,2019-01-23 17:00:00,10.3183060607,30.949339863,0,0,0,12,12,3142,2461
compact51_marcy__paper_roles,2019-01-23 18:00:00,7.65712640999,26.9229724502,0,0,0,12,12,1105,1898
compact51_marcy__paper_roles,2019-01-23 19:00:00,8.01031958579,25.8072116771,0,0,0,12,12,1314,1713
compact51_marcy__paper_roles,2019-01-23 20:00:00,7.64769674705,22.6045652722,0,0,0,12,12,1098,1238
compact51_marcy__paper_roles,2019-01-23 21:00:00,8.02506249354,17.2190085566,0,0,0,12,12,1324,503
compact51_marcy__paper_roles,2019-01-23 22:00:00,7.2951309683,19.5030869807,0,0,0,12,12,879,796
compact51_marcy__paper_roles,2019-01-23 23:00:00,6.66558969609,10.7028812919,0,0,0,12,12,559,37
compact51_marcy__paper_roles,2019-01-24 00:00:00,11.3813149227,29.1057842889,0,0,0,12,12,4005,2214
compact51_marcy__paper_roles,2019-01-24 01:00:00,9.2393265019,22.6557098177,0,0,0,12,12,2216,1248
compact51_marcy__paper_roles,2019-01-24 02:00:00,10.7183228737,27.9460117049,0,0,0,12,12,3486,2041
compact51_marcy__paper_roles,2019-01-24 03:00:00,10.6566434168,35.3703315515,0,0,0,12,12,3432,2982
compact51_marcy__paper_roles,2019-01-24 04:00:00,9.79787243384,36.7864643902,0,0,0,12,12,2656,3133
compact51_marcy__paper_roles,2019-01-24 05:00:00,10.3848335793,36.1889980318,0,0,0,12,12,3195,3071
compact51_marcy__paper_roles,2019-01-24 06:00:00,8.63446941566,19.7931725708,0,0,0,12,12,1758,849
compact51_marcy__paper_roles,2019-01-24 07:00:00,10.3602458679,37.9844111111,0,0,0,12,12,3173,3261
compact51_marcy__paper_roles,2019-01-24 08:00:00,8.70785095977,17.382808796,0,0,0,12,12,1816,523
compact51_marcy__paper_roles,2019-01-24 09:00:00,10.1193299594,16.410139288,0,0,0,12,12,2952,420
compact51_marcy__paper_roles,2019-01-24 10:00:00,8.51945712873,17.6259868202,0,0,0,12,12,1670,544
compact51_marcy__paper_roles,2019-01-24 11:00:00,11.1759840571,45.705014475,0,0,0,12,12,3855,3921
compact51_marcy__paper_roles,2019-01-24 12:00:00,9.87477111815,31.0997817736,0,0,0,12,12,2721,2477
compact51_marcy__paper_roles,2019-01-24 13:00:00,10.6101796376,31.8842682543,0,0,0,12,12,3399,2570
compact51_marcy__paper_roles,2019-01-24 14:00:00,11.2169297234,31.4342342132,0,0,0,12,12,3878,2520
compact51_marcy__paper_roles,2019-01-24 15:00:00,10.1776027298,18.5709118163,0,0,0,12,12,3014,657
compact51_marcy__paper_roles,2019-01-24 16:00:00,11.3459953326,23.8534176034,0,0,0,11,11,3976,1428
compact51_marcy__paper_roles,2019-01-24 17:00:00,8.70908657652,23.220730785,0,0,0,12,12,1819,1334
compact51_marcy__paper_roles,2019-01-24 18:00:00,7.02012918781,19.5815673378,0,0,0,12,12,745,809
compact51_marcy__paper_roles,2019-01-24 19:00:00,5.97597210671,21.3844499583,0,0,0,12,12,297,1066
compact51_marcy__paper_roles,2019-01-24 20:00:00,9.5390905565,38.8201133424,0,0,0,12,12,2462,3336
compact51_marcy__paper_roles,2019-01-24 21:00:00,6.06591500815,20.6450992734,0,0,0,12,12,322,960
compact51_marcy__paper_roles,2019-01-24 22:00:00,5.74034362707,18.2703525535,0,0,0,12,12,237,622
compact51_marcy__paper_roles,2019-01-24 23:00:00,6.11653905064,13.2932852069,0,0,0,12,12,340,155
compact51_marcy__paper_roles,2019-01-25 00:00:00,6.21517561776,10.2659982749,0,0,0,12,12,372,30
compact51_marcy__paper_roles,2019-01-25 01:00:00,5.77600253992,11.3903561368,0,0,0,12,12,244,56
compact51_marcy__paper_roles,2019-01-25 02:00:00,8.9436585392,14.6827639827,0,0,0,12,12,1979,247
compact51_marcy__paper_roles,2019-01-25 03:00:00,9.83938941016,17.7391076321,0,0,0,12,12,2692,562
compact51_marcy__paper_roles,2019-01-25 04:00:00,11.4668293311,24.4387116136,0,0,0,12,12,4086,1519
compact51_marcy__paper_roles,2019-01-25 05:00:00,9.58994390359,26.6818535636,0,0,0,12,12,2500,1863
compact51_marcy__paper_roles,2019-01-25 06:00:00,10.5729685508,28.4745269033,0,0,0,12,12,3369,2119
compact51_marcy__paper_roles,2019-01-25 07:00:00,9.37671834404,23.2025195056,0,0,0,12,12,2329,1329
compact51_marcy__paper_roles,2019-01-25 08:00:00,6.97713921004,21.0893463122,0,0,0,14,14,720,1029
compact51_marcy__paper_roles,2019-01-25 09:00:00,7.41612449744,18.6297961991,0,0,0,10,10,961,666
compact51_marcy__paper_roles,2019-01-25 10:00:00,6.66236142838,22.9359215282,0,0,0,12,12,555,1297
compact51_marcy__paper_roles,2019-01-25 11:00:00,6.84359930454,28.2252010473,0,0,0,12,12,648,2075
compact51_marcy__paper_roles,2019-01-25 12:00:00,7.46320242212,26.2550241291,0,0,0,12,12,999,1804
compact51_marcy__paper_roles,2019-01-25 13:00:00,8.37097346189,28.3080828258,0,0,0,12,12,1560,2092
compact51_marcy__paper_roles,2019-01-25 14:00:00,8.75325429908,27.4996760229,0,0,0,12,12,1842,1971
compact51_marcy__paper_roles,2019-01-25 15:00:00,7.47802010833,30.8480852046,0,0,0,12,12,1006,2446
compact51_marcy__paper_roles,2019-01-25 16:00:00,8.81464409238,32.7280012029,0,0,0,12,12,1876,2670
compact51_marcy__paper_roles,2019-01-25 17:00:00,8.64240240608,30.2882516114,0,0,0,12,12,1760,2371
compact51_marcy__paper_roles,2019-01-25 18:00:00,6.29494192932,25.2413924451,0,0,0,12,12,404,1625
compact51_marcy__paper_roles,2019-01-25 19:00:00,6.06812745515,24.1024781644,0,0,0,12,12,325,1478
compact51_marcy__paper_roles,2019-01-25 20:00:00,7.61625658811,24.0669556418,0,0,0,12,12,1083,1470
compact51_marcy__paper_roles,2019-01-25 21:00:00,8.99210472479,22.8109130589,0,0,0,12,12,2027,1280
compact51_marcy__paper_roles,2019-01-25 22:00:00,11.0047364678,25.829697037,0,0,0,12,12,3716,1718
compact51_marcy__paper_roles,2019-01-25 23:00:00,10.0200447733,20.0103590246,0,0,0,12,12,2870,871
compact51_marcy__paper_roles,2019-01-26 00:00:00,12.4657946525,29.124725085,0,0,0,14,12,4889,2215
compact51_marcy__paper_roles,2019-01-26 01:00:00,12.6505397143,30.4774600692,0,0,0,12,12,5032,2392
compact51_marcy__paper_roles,2019-01-26 02:00:00,10.9569801535,30.8331378769,0,0,0,12,12,3683,2443
compact51_marcy__paper_roles,2019-01-26 03:00:00,11.2886543252,35.4210314538,0,0,0,12,12,3938,2992
compact51_marcy__paper_roles,2019-01-26 04:00:00,13.3485231055,48.3072498216,0,0,0,12,12,5540,4117
compact51_marcy__paper_roles,2019-01-26 05:00:00,14.4133897471,38.8999212228,0,0,0,12,12,6190,3349
compact51_marcy__paper_roles,2019-01-26 06:00:00,13.8400533645,52.7272300153,0,0,0,12,12,5857,4423
compact51_marcy__paper_roles,2019-01-26 07:00:00,11.8513583613,32.0758326128,0,0,0,12,12,4390,2595
compact51_marcy__paper_roles,2019-01-26 08:00:00,12.1446911615,29.5548257893,0,0,0,12,12,4628,2284
compact51_marcy__paper_roles,2019-01-26 09:00:00,12.0462265227,27.3038024084,0,0,0,12,12,4547,1952
compact51_marcy__paper_roles,2019-01-26 10:00:00,11.510283498,39.6677530936,0,0,0,12,12,4129,3429
compact51_marcy__paper_roles,2019-01-26 11:00:00,10.0401993988,19.1353391692,0,0,0,12,12,2888,738
compact51_marcy__paper_roles,2019-01-26 12:00:00,10.8185403203,19.1830555616,0,0,0,12,12,3569,749
compact51_marcy__paper_roles,2019-01-26 13:00:00,9.9516363823,20.2141496036,0,0,0,12,12,2800,898
compact51_marcy__paper_roles,2019-01-26 14:00:00,10.7887401511,23.2250222758,0,0,0,12,12,3549,1335
compact51_marcy__paper_roles,2019-01-26 15:00:00,10.9562533102,25.7979775633,0,0,0,12,12,3681,1709
compact51_marcy__paper_roles,2019-01-26 16:00:00,12.2175138519,28.9440574232,0,0,0,12,12,4679,2189
compact51_marcy__paper_roles,2019-01-26 17:00:00,14.2432436933,33.7588080964,0,0,0,12,12,6098,2795
compact51_marcy__paper_roles,2019-01-26 18:00:00,10.4642859589,24.1171712119,0,0,0,12,12,3274,1479
compact51_marcy__paper_roles,2019-01-26 19:00:00,9.28048777304,22.3350348522,0,0,0,12,12,2247,1198
compact51_marcy__paper_roles,2019-01-26 20:00:00,9.2889694853,24.1445651908,0,0,0,12,12,2255,1481
compact51_marcy__paper_roles,2019-01-26 21:00:00,10.2765830586,21.771702559,0,0,0,13,13,3111,1115
compact51_marcy__paper_roles,2019-01-26 22:00:00,10.1324986604,19.4103119366,0,0,0,12,12,2966,785
compact51_marcy__paper_roles,2019-01-26 23:00:00,10.6120941633,20.3300321479,0,0,0,13,13,3402,909
compact51_marcy__paper_roles,2019-01-27 00:00:00,14.5620608564,73.3378686714,0,0,0,12,12,6262,5397
compact51_marcy__paper_roles,2019-01-27 01:00:00,11.7719460842,65.9921104774,0,0,0,12,12,4328,5120
compact51_marcy__paper_roles,2019-01-27 02:00:00,10.7057298654,71.9422750298,0,0,0,12,12,3474,5349
compact51_marcy__paper_roles,2019-01-27 03:00:00,10.8068607541,110.748482138,1,0,0,12,12,3561,6460
compact51_marcy__paper_roles,2019-01-27 04:00:00,9.76606833669,77.906869165,0,0,0,12,12,2631,5574
compact51_marcy__paper_roles,2019-01-27 05:00:00,10.1739127694,64.8473329639,0,0,0,12,12,3009,5072
compact51_marcy__paper_roles,2019-01-27 06:00:00,11.5825769501,89.868344439,0,0,0,12,12,4183,5959
compact51_marcy__paper_roles,2019-01-27 07:00:00,10.4785862428,67.2472497394,0,0,0,12,12,3284,5170
compact51_marcy__paper_roles,2019-01-27 08:00:00,7.16399751769,29.0611428974,0,0,0,12,12,808,2204
compact51_marcy__paper_roles,2019-01-27 09:00:00,9.1983987784,101.167986288,0,0,0,12,12,2178,6270
compact51_marcy__paper_roles,2019-01-27 10:00:00,8.46233888814,28.3762056644,0,0,0,12,12,1628,2104
compact51_marcy__paper_roles,2019-01-27 11:00:00,9.92275756507,24.2083094201,0,0,0,12,12,2772,1486
compact51_marcy__paper_roles,2019-01-27 12:00:00,10.6783255851,40.119648645,0,0,0,12,12,3449,3474
compact51_marcy__paper_roles,2019-01-27 13:00:00,10.6469268296,18.0178711759,0,0,0,12,12,3422,591
compact51_marcy__paper_roles,2019-01-27 14:00:00,11.2736367656,25.1651778343,0,0,0,12,12,3929,1610
compact51_marcy__paper_roles,2019-01-27 15:00:00,11.2173533373,28.7361559131,0,0,0,12,12,3879,2162
compact51_marcy__paper_roles,2019-01-27 16:00:00,8.37514989849,23.5182217003,0,0,0,13,12,1564,1371
compact51_marcy__paper_roles,2019-01-27 17:00:00,10.1806445651,36.574367111,0,0,0,12,12,3019,3114
compact51_marcy__paper_roles,2019-01-27 18:00:00,7.53829006478,19.3968690402,0,0,0,12,12,1042,783
compact51_marcy__paper_roles,2019-01-27 19:00:00,7.35707374757,17.4037949005,0,0,0,12,12,916,525
compact51_marcy__paper_roles,2019-01-27 20:00:00,8.94239610248,31.7708670719,0,0,0,12,12,1977,2550
compact51_marcy__paper_roles,2019-01-27 21:00:00,10.8676496354,51.5286253025,0,0,0,12,12,3617,4348
compact51_marcy__paper_roles,2019-01-27 22:00:00,10.5673276273,45.0610363728,0,0,0,12,12,3362,3864
compact51_marcy__paper_roles,2019-01-27 23:00:00,10.6994710337,81.8056903549,0,0,0,12,12,3467,5714
compact51_marcy__paper_roles,2019-01-28 00:00:00,15.0283991814,272.053671658,0,0,0,12,12,6502,7830
compact51_marcy__paper_roles,2019-01-28 01:00:00,14.4824854742,129.108379506,1,0,0,12,12,6227,6798
compact51_marcy__paper_roles,2019-01-28 02:00:00,14.3608318894,3424.60860918,0,0,0,12,12,6156,8678
compact51_marcy__paper_roles,2019-01-28 03:00:00,11.4218201168,22.7538555714,0,0,0,12,12,4041,1268
compact51_marcy__paper_roles,2019-01-28 04:00:00,12.7402260311,132.860327963,0,0,0,12,12,5102,6846
compact51_marcy__paper_roles,2019-01-28 05:00:00,11.3572952968,30.5720101162,0,0,0,12,12,3986,2403
compact51_marcy__paper_roles,2019-01-28 06:00:00,18.5250046787,311.055681352,0,0,0,12,12,7756,7957
compact51_marcy__paper_roles,2019-01-28 07:00:00,20.0046424725,570.508908131,1,0,0,12,12,8057,8315
compact51_marcy__paper_roles,2019-01-28 08:00:00,10.7381397919,35.2993719874,0,0,0,12,12,3497,2969
compact51_marcy__paper_roles,2019-01-28 09:00:00,11.2259914799,59.4421752598,0,0,0,12,12,3885,4808
compact51_marcy__paper_roles,2019-01-28 10:00:00,11.1144058473,34.058846693,0,0,0,12,12,3807,2826
compact51_marcy__paper_roles,2019-01-28 11:00:00,11.4643010395,22.684270166,0,0,0,12,12,4084,1257
compact51_marcy__paper_roles,2019-01-28 12:00:00,10.9597931612,20.3175242981,0,0,0,12,12,3688,908
compact51_marcy__paper_roles,2019-01-28 13:00:00,9.97219755845,16.2688139132,0,0,0,12,12,2816,396
compact51_marcy__paper_roles,2019-01-28 14:00:00,10.7487461356,19.9277110383,0,0,0,12,12,3509,866
compact51_marcy__paper_roles,2019-01-28 15:00:00,11.7899616107,22.3254226397,0,0,0,12,12,4345,1196
compact51_marcy__paper_roles,2019-01-28 16:00:00,13.9868450961,50.0374923383,0,0,0,12,12,5945,4248
compact51_marcy__paper_roles,2019-01-28 17:00:00,13.2177397528,65.2163998156,0,0,0,12,12,5452,5087
compact51_marcy__paper_roles,2019-01-28 18:00:00,12.5091710387,73.6272164111,0,0,0,12,12,4922,5410
compact51_marcy__paper_roles,2019-01-28 19:00:00,11.4160531315,53.5903543881,0,0,0,12,12,4036,4491
compact51_marcy__paper_roles,2019-01-28 20:00:00,14.2271546581,55.2887382468,0,0,0,12,12,6087,4593
compact51_marcy__paper_roles,2019-01-28 21:00:00,14.1369068971,42.0774685226,0,0,0,12,12,6030,3630
compact51_marcy__paper_roles,2019-01-28 22:00:00,13.9407131586,76.824571829,0,0,0,12,12,5916,5535
compact51_marcy__paper_roles,2019-01-28 23:00:00,12.5227029759,70.284828793,0,0,0,12,12,4934,5285
compact51_marcy__paper_roles,2019-01-29 00:00:00,14.1974132538,130.454180025,1,0,0,12,12,6067,6812
compact51_marcy__paper_roles,2019-01-29 01:00:00,13.8000477676,85.3548422936,0,0,0,12,12,5831,5835
compact51_marcy__paper_roles,2019-01-29 02:00:00,13.3061264612,47.8337771242,0,0,0,12,12,5518,4077
compact51_marcy__paper_roles,2019-01-29 03:00:00,12.2339436085,50.0623713755,0,0,0,12,12,4697,4249
compact51_marcy__paper_roles,2019-01-29 04:00:00,13.6531852888,32.2412564951,0,0,0,12,12,5736,2622
compact51_marcy__paper_roles,2019-01-29 05:00:00,14.8967913742,34.702508523,0,0,0,13,12,6427,2907
compact51_marcy__paper_roles,2019-01-29 06:00:00,16.1530764004,41.4281383771,0,0,0,12,12,7004,3580
compact51_marcy__paper_roles,2019-01-29 07:00:00,14.6353888333,81.192738196,0,0,0,12,12,6297,5694
compact51_marcy__paper_roles,2019-01-29 08:00:00,12.3356341259,58.9316193214,0,0,0,12,12,4774,4779
compact51_marcy__paper_roles,2019-01-29 09:00:00,14.789001702,51.0195928211,0,0,0,12,12,6374,4310
compact51_marcy__paper_roles,2019-01-29 10:00:00,14.7276553866,38.1480687214,0,0,0,12,12,6337,3280
compact51_marcy__paper_roles,2019-01-29 11:00:00,14.2530182061,50.0083607433,0,0,0,12,12,6105,4245
compact51_marcy__paper_roles,2019-01-29 12:00:00,14.3741609475,50.2001212726,0,0,0,12,12,6167,4258
compact51_marcy__paper_roles,2019-01-29 13:00:00,14.6920195564,48.478243675,0,0,0,12,12,6318,4136
compact51_marcy__paper_roles,2019-01-29 14:00:00,16.0428429627,53.3332691689,0,0,0,12,12,6958,4476
compact51_marcy__paper_roles,2019-01-29 15:00:00,11.4102938191,22.0453855201,0,0,0,12,12,4031,1158
compact51_marcy__paper_roles,2019-01-29 16:00:00,11.7693424774,28.6096451671,0,0,0,12,12,4326,2140
compact51_marcy__paper_roles,2019-01-29 17:00:00,12.6066574249,36.6546421455,0,0,0,12,12,4983,3120
compact51_marcy__paper_roles,2019-01-29 18:00:00,11.8520580895,35.7908338257,0,0,0,12,12,4392,3031
compact51_marcy__paper_roles,2019-01-29 19:00:00,10.3826345301,35.995610395,0,0,0,12,12,3192,3055
compact51_marcy__paper_roles,2019-01-29 20:00:00,10.5341948405,33.0186073596,0,0,0,12,12,3327,2699
compact51_marcy__paper_roles,2019-01-29 21:00:00,12.2615653052,26.0090835859,0,0,0,12,12,4717,1745
compact51_marcy__paper_roles,2019-01-29 22:00:00,12.2819112454,33.1837450901,0,0,0,12,12,4736,2722
compact51_marcy__paper_roles,2019-01-29 23:00:00,16.5830291962,64.1152410622,0,0,0,12,12,7176,5026
compact51_marcy__paper_roles,2019-01-30 00:00:00,14.4353892476,74.3488676492,0,0,0,12,12,6204,5450
compact51_marcy__paper_roles,2019-01-30 01:00:00,15.6281936435,43.7667914802,0,0,0,12,12,6781,3762
compact51_marcy__paper_roles,2019-01-30 02:00:00,15.6856222443,48.4506665769,0,0,0,12,12,6802,4129
compact51_marcy__paper_roles,2019-01-30 03:00:00,12.0032768456,36.2077137874,0,0,0,12,12,4517,3074
compact51_marcy__paper_roles,2019-01-30 04:00:00,13.189525828,36.4975704459,0,0,0,12,12,5435,3102
compact51_marcy__paper_roles,2019-01-30 05:00:00,11.8411199048,24.4795480331,0,0,0,12,12,4383,1527
compact51_marcy__paper_roles,2019-01-30 06:00:00,10.5721073041,30.1780060912,0,0,0,12,12,3366,2363
compact51_marcy__paper_roles,2019-01-30 07:00:00,11.827757871,33.2480119076,0,0,0,12,12,4368,2729
compact51_marcy__paper_roles,2019-01-30 08:00:00,10.6039067744,25.7065222889,0,0,0,12,12,3395,1698
compact51_marcy__paper_roles,2019-01-30 09:00:00,9.23881179484,20.4200448937,0,0,0,13,13,2215,923
compact51_marcy__paper_roles,2019-01-30 10:00:00,8.42127783522,21.4930898488,0,0,0,12,12,1595,1080
compact51_marcy__paper_roles,2019-01-30 11:00:00,8.49864516011,17.7213213374,0,0,0,12,12,1658,561
compact51_marcy__paper_roles,2019-01-30 12:00:00,7.46606050301,27.1282132672,0,0,0,12,12,1001,1924
compact51_marcy__paper_roles,2019-01-30 13:00:00,7.9812888565,30.6551451678,0,0,0,12,12,1295,2415
compact51_marcy__paper_roles,2019-01-30 14:00:00,8.99486704741,36.3394824352,0,0,0,12,12,2030,3083
compact51_marcy__paper_roles,2019-01-30 15:00:00,9.14926085134,29.7523810326,0,0,0,12,12,2145,2308
compact51_marcy__paper_roles,2019-01-30 16:00:00,9.87206010179,26.107764083,0,0,0,13,12,2720,1776
compact51_marcy__paper_roles,2019-01-30 17:00:00,11.4184726051,24.0267750206,0,0,0,12,12,4037,1459
compact51_marcy__paper_roles,2019-01-30 18:00:00,12.5178767036,19.3873699123,0,0,0,12,12,4931,781
compact51_marcy__paper_roles,2019-01-30 19:00:00,11.4605502257,19.1807593381,0,0,0,12,12,4078,747
compact51_marcy__paper_roles,2019-01-30 20:00:00,14.5277115375,27.7513117419,0,0,0,12,12,6251,2011
compact51_marcy__paper_roles,2019-01-30 21:00:00,12.5626821972,28.0026233507,0,0,0,13,12,4959,2048
compact51_marcy__paper_roles,2019-01-30 22:00:00,12.8065150385,37.1050606003,0,0,0,12,12,5157,3167
compact51_marcy__paper_roles,2019-01-30 23:00:00,11.386071061,45.6480281847,0,0,0,14,14,4010,3915
compact51_marcy__paper_roles,2019-01-31 00:00:00,6.86517010693,18.9422119138,0,0,0,12,12,657,714
compact51_marcy__paper_roles,2019-01-31 01:00:00,8.96547567877,30.4758693754,0,0,0,13,13,2003,2390
compact51_marcy__paper_roles,2019-01-31 02:00:00,12.8796232365,52.5505012791,0,0,0,12,12,5213,4414
compact51_marcy__paper_roles,2019-01-31 03:00:00,13.86555345,51.2467804853,0,0,0,12,12,5872,4326
compact51_marcy__paper_roles,2019-01-31 04:00:00,12.7220912524,45.0280559676,0,0,0,12,12,5092,3862
compact51_marcy__paper_roles,2019-01-31 05:00:00,10.0869636057,39.7426012592,0,0,0,12,12,2925,3439
compact51_marcy__paper_roles,2019-01-31 06:00:00,9.24033583795,24.0499301564,0,0,0,12,12,2218,1466
compact51_marcy__paper_roles,2019-01-31 07:00:00,13.0421215618,23.050350694,0,0,0,12,12,5328,1309
compact51_marcy__paper_roles,2019-01-31 08:00:00,12.4970398174,23.0595727613,0,0,0,12,12,4913,1311
compact51_marcy__paper_roles,2019-01-31 09:00:00,9.33021459871,20.9347072608,0,0,0,12,12,2296,1003
compact51_marcy__paper_roles,2019-01-31 10:00:00,8.32000346232,18.6667102003,0,0,0,13,12,1518,673
compact51_marcy__paper_roles,2019-01-31 11:00:00,6.43568257915,17.6296617504,0,0,0,12,12,455,545
compact51_marcy__paper_roles,2019-01-31 12:00:00,6.40242564803,16.3120562983,0,0,0,12,12,444,402
compact51_marcy__paper_roles,2019-01-31 13:00:00,8.09741830969,34.7458040678,0,0,0,12,12,1364,2914
compact51_marcy__paper_roles,2019-01-31 14:00:00,9.03472484517,48.4791903727,0,0,0,12,12,2056,4138
compact51_marcy__paper_roles,2019-01-31 15:00:00,10.3570343302,66.1056482313,0,0,0,12,12,3170,5124
compact51_marcy__paper_roles,2019-01-31 16:00:00,11.4444448561,54.4755088747,0,0,0,12,12,4067,4544
compact51_marcy__paper_roles,2019-01-31 17:00:00,10.1305937171,43.3755669854,0,0,0,12,12,2965,3739
compact51_marcy__paper_roles,2019-01-31 18:00:00,9.56647228663,35.0223825053,0,0,0,14,13,2485,2938
compact51_marcy__paper_roles,2019-01-31 19:00:00,13.6209066353,30.2318281976,0,0,0,12,12,5717,2367
compact51_marcy__paper_roles,2019-01-31 20:00:00,10.6073965062,30.7785577347,0,0,0,12,12,3396,2434
compact51_marcy__paper_roles,2019-01-31 21:00:00,12.6605089846,36.0197198548,0,0,0,12,12,5043,3057
compact51_marcy__paper_roles,2019-01-31 22:00:00,13.5761089572,59.2349119151,0,0,0,12,12,5686,4796
compact51_marcy__paper_roles,2019-01-31 23:00:00,15.3745954656,122.450098105,1,0,0,12,12,6667,6678
compact51_marcy__paper_roles,2019-02-01 00:00:00,14.6731794424,110.806990031,1,0,0,12,12,6311,6461
compact51_marcy__paper_roles,2019-02-01 01:00:00,11.6714877444,60.1176203277,0,0,0,12,12,4251,4840
compact51_marcy__paper_roles,2019-02-01 02:00:00,10.5562520115,50.6686882208,0,0,0,12,12,3356,4279
compact51_marcy__paper_roles,2019-02-01 03:00:00,11.6397959184,62.9107687633,0,0,0,12,12,4222,4970
compact51_marcy__paper_roles,2019-02-01 04:00:00,10.6298939822,49.056371816,0,0,0,12,12,3413,4182
compact51_marcy__paper_roles,2019-02-01 05:00:00,10.15284993,38.5065589624,0,0,0,12,12,2984,3315
compact51_marcy__paper_roles,2019-02-01 06:00:00,7.24591336265,20.0375212617,0,0,0,12,12,861,876
compact51_marcy__paper_roles,2019-02-01 07:00:00,8.82677083744,16.3502676474,0,0,0,12,12,1887,410
compact51_marcy__paper_roles,2019-02-01 08:00:00,11.3582699441,20.527025705,0,0,0,12,12,3987,940
compact51_marcy__paper_roles,2019-02-01 09:00:00,10.2753642215,24.4407502531,0,0,0,12,12,3108,1520
compact51_marcy__paper_roles,2019-02-01 10:00:00,3.64939914151,13.0827258422,0,0,0,12,12,18,132
compact51_marcy__paper_roles,2019-02-01 11:00:00,3.47140467369,9.77715437962,0,0,0,12,12,14,24
compact51_marcy__paper_roles,2019-02-01 12:00:00,5.81076735299,13.68916928,0,0,0,12,12,256,185
compact51_marcy__paper_roles,2019-02-01 13:00:00,6.05149485245,14.8322175115,0,0,0,12,12,318,253
compact51_marcy__paper_roles,2019-02-01 14:00:00,5.3407448205,12.4587715299,0,0,0,12,12,148,94
compact51_marcy__paper_roles,2019-02-01 15:00:00,5.1841573919,16.099249276,0,0,0,12,12,123,379
compact51_marcy__paper_roles,2019-02-01 16:00:00,5.34170385124,13.7687426477,0,0,0,12,12,149,188
compact51_marcy__paper_roles,2019-02-01 17:00:00,7.90218940973,21.85928082,0,0,0,12,12,1248,1126
compact51_marcy__paper_roles,2019-02-01 18:00:00,5.54388957962,13.3352876201,0,0,0,12,12,193,158
compact51_marcy__paper_roles,2019-02-01 19:00:00,7.43525873159,16.7731557075,0,0,0,12,12,975,460
compact51_marcy__paper_roles,2019-02-01 20:00:00,7.597169262,14.916827909,0,0,0,12,12,1074,264
compact51_marcy__paper_roles,2019-02-01 21:00:00,7.42062664592,19.2266095154,0,0,0,12,12,966,759
compact51_marcy__paper_roles,2019-02-01 22:00:00,9.55403705753,34.085375437,0,0,0,12,12,2472,2829
compact51_marcy__paper_roles,2019-02-01 23:00:00,6.68403759813,28.0763025457,0,0,0,12,12,568,2057
compact51_marcy__paper_roles,2019-02-02 00:00:00,11.379999489,89.0615014976,0,0,0,12,12,4003,5932
compact51_marcy__paper_roles,2019-02-02 01:00:00,11.6482014419,148.209461662,1,0,0,12,12,4228,7036
compact51_marcy__paper_roles,2019-02-02 02:00:00,12.528001371,93.8550724584,0,0,0,12,12,4939,6077
compact51_marcy__paper_roles,2019-02-02 03:00:00,12.7466755597,81.2812089041,0,0,0,12,12,5111,5698
compact51_marcy__paper_roles,2019-02-02 04:00:00,8.91114254132,77.5591461977,0,0,0,12,12,1953,5559
compact51_marcy__paper_roles,2019-02-02 05:00:00,6.96159618522,26.2223234136,0,0,0,12,12,710,1800
compact51_marcy__paper_roles,2019-02-02 06:00:00,5.90838694248,20.0910290294,0,0,0,12,12,272,884
compact51_marcy__paper_roles,2019-02-02 07:00:00,5.35483010294,19.0523678488,0,0,0,12,12,150,728
compact51_marcy__paper_roles,2019-02-02 08:00:00,5.4982159627,22.0897139463,0,0,0,12,12,180,1169
compact51_marcy__paper_roles,2019-02-02 09:00:00,10.0914795927,26.3705689504,0,0,0,12,12,2928,1821
compact51_marcy__paper_roles,2019-02-02 10:00:00,13.4171538563,62.3425704417,0,0,0,12,12,5585,4949
compact51_marcy__paper_roles,2019-02-02 11:00:00,11.3396358534,27.2337403054,0,0,0,12,12,3969,1941
compact51_marcy__paper_roles,2019-02-02 12:00:00,12.7154075949,46.1179813877,0,0,0,12,12,5085,3948
compact51_marcy__paper_roles,2019-02-02 13:00:00,14.8297711269,101.891055039,1,0,0,12,12,6391,6292
compact51_marcy__paper_roles,2019-02-02 14:00:00,13.1802134658,102.289779747,1,0,0,12,12,5427,6301
compact51_marcy__paper_roles,2019-02-02 15:00:00,12.6365073971,99.8611534446,0,0,0,12,12,5015,6237
compact51_marcy__paper_roles,2019-02-02 16:00:00,11.2203333404,63.2121115053,0,0,0,12,12,3881,4991
compact51_marcy__paper_roles,2019-02-02 17:00:00,11.2558122354,69.1891613723,0,0,0,12,12,3909,5246
compact51_marcy__paper_roles,2019-02-02 18:00:00,14.3392929011,94.7262443291,0,0,0,12,12,6145,6106
compact51_marcy__paper_roles,2019-02-02 19:00:00,12.3920175747,73.6162635488,0,0,0,12,12,4813,5409
compact51_marcy__paper_roles,2019-02-02 20:00:00,11.6768876696,53.1772238236,0,0,0,12,12,4257,4462
compact51_marcy__paper_roles,2019-02-02 21:00:00,11.207271888,38.4738846667,0,0,0,12,12,3874,3312
compact51_marcy__paper_roles,2019-02-02 22:00:00,10.0338620906,54.2272407844,0,0,0,12,12,2885,4528
compact51_marcy__paper_roles,2019-02-02 23:00:00,10.8983744313,47.1578994721,0,0,0,12,12,3642,4014
compact51_marcy__paper_roles,2019-02-03 00:00:00,12.3168481999,32.2776724578,0,0,0,12,12,4758,2629
compact51_marcy__paper_roles,2019-02-03 01:00:00,14.0543975399,43.8811991045,0,0,0,12,12,5984,3778
compact51_marcy__paper_roles,2019-02-03 02:00:00,13.674444283,50.8509730595,0,0,0,12,12,5749,4295
compact51_marcy__paper_roles,2019-02-03 03:00:00,12.501847124,52.4037712643,0,0,0,12,12,4917,4406
compact51_marcy__paper_roles,2019-02-03 04:00:00,11.7299350962,51.9974162408,0,0,0,12,12,4295,4380
compact51_marcy__paper_roles,2019-02-03 05:00:00,12.1380735813,55.6625172744,0,0,0,12,12,4626,4619
compact51_marcy__paper_roles,2019-02-03 06:00:00,9.31602745884,30.2130766519,0,0,0,12,12,2285,2365
compact51_marcy__paper_roles,2019-02-03 07:00:00,7.3576802708,25.8112482538,0,0,0,12,12,918,1714
compact51_marcy__paper_roles,2019-02-03 08:00:00,6.20991625734,25.4023361497,0,0,0,12,12,368,1652
compact51_marcy__paper_roles,2019-02-03 09:00:00,8.83616212046,23.7532060365,0,0,0,12,12,1894,1409
compact51_marcy__paper_roles,2019-02-03 10:00:00,11.0004178058,61.4545566822,0,0,0,12,12,3710,4899
compact51_marcy__paper_roles,2019-02-03 11:00:00,9.98845426076,36.9018333135,0,0,0,12,12,2832,3150
compact51_marcy__paper_roles,2019-02-03 12:00:00,9.63239838083,31.1901864039,0,0,0,12,12,2520,2489
compact51_marcy__paper_roles,2019-02-03 13:00:00,9.77203274771,30.5057228982,0,0,0,12,12,2637,2398
compact51_marcy__paper_roles,2019-02-03 14:00:00,10.3231933973,41.9599328426,0,0,0,12,12,3148,3619
compact51_marcy__paper_roles,2019-02-03 15:00:00,10.834007486,34.334619878,0,0,0,12,12,3587,2860
compact51_marcy__paper_roles,2019-02-03 16:00:00,9.67417844126,27.0462835168,0,0,0,12,12,2552,1918
compact51_marcy__paper_roles,2019-02-03 17:00:00,10.0218694374,32.4192687656,0,0,0,12,12,2873,2642
compact51_marcy__paper_roles,2019-02-03 18:00:00,13.5234325598,32.405589181,0,0,0,12,12,5654,2641
compact51_marcy__paper_roles,2019-02-03 19:00:00,9.7766564348,27.378937359,0,0,0,12,12,2640,1961
compact51_marcy__paper_roles,2019-02-03 20:00:00,10.1788988575,27.3010092708,0,0,0,12,12,3016,1950
compact51_marcy__paper_roles,2019-02-03 21:00:00,9.05740887547,26.5779397764,0,0,0,12,12,2076,1847
compact51_marcy__paper_roles,2019-02-03 22:00:00,7.70120294348,22.048476051,0,0,0,12,12,1131,1159
compact51_marcy__paper_roles,2019-02-03 23:00:00,10.6369208049,24.4254559937,0,0,0,12,12,3418,1516
compact51_marcy__paper_roles,2019-02-04 00:00:00,10.7025966405,46.3839245056,0,0,0,12,12,3471,3961
compact51_marcy__paper_roles,2019-02-04 01:00:00,6.50391165789,11.5235868643,0,0,0,12,12,486,62
compact51_marcy__paper_roles,2019-02-04 02:00:00,6.46485110012,20.2000286586,0,0,0,12,12,467,895
compact51_marcy__paper_roles,2019-02-04 03:00:00,11.00489592,55.3790321052,0,0,0,12,12,3717,4600
compact51_marcy__paper_roles,2019-02-04 04:00:00,11.4199034742,86.8074627501,0,0,0,12,12,4040,5874
compact51_marcy__paper_roles,2019-02-04 05:00:00,10.5987034261,40.5073422495,0,0,0,12,12,3392,3508
compact51_marcy__paper_roles,2019-02-04 06:00:00,9.09282298599,64.3329731394,0,0,0,12,12,2099,5038
compact51_marcy__paper_roles,2019-02-04 07:00:00,6.7977037618,23.8188739075,0,0,0,12,12,622,1420
compact51_marcy__paper_roles,2019-02-04 08:00:00,8.81558288323,41.0165400426,0,0,0,12,12,1877,3554
compact51_marcy__paper_roles,2019-02-04 09:00:00,8.17440150653,44.6523971924,0,0,0,12,12,1416,3837
compact51_marcy__paper_roles,2019-02-04 10:00:00,7.44553482376,28.6768735436,0,0,0,12,12,986,2153
compact51_marcy__paper_roles,2019-02-04 11:00:00,8.50511680071,20.4421541634,0,0,0,12,12,1661,927
compact51_marcy__paper_roles,2019-02-04 12:00:00,8.13971256268,18.7486780859,0,0,0,12,12,1388,684
compact51_marcy__paper_roles,2019-02-04 13:00:00,7.17635126111,21.8679392946,0,0,0,12,12,819,1127
compact51_marcy__paper_roles,2019-02-04 14:00:00,7.73224425024,23.7631202987,0,0,0,13,12,1148,1413
compact51_marcy__paper_roles,2019-02-04 15:00:00,7.19102743336,24.0467608101,0,0,0,12,12,826,1464
compact51_marcy__paper_roles,2019-02-04 16:00:00,8.17412630309,31.8707327287,0,0,0,12,12,1414,2567
compact51_marcy__paper_roles,2019-02-04 17:00:00,9.9550109189,31.505985435,0,0,0,12,12,2802,2525
compact51_marcy__paper_roles,2019-02-04 18:00:00,8.80994436244,27.3123570049,0,0,0,12,12,1871,1953
compact51_marcy__paper_roles,2019-02-04 19:00:00,9.08114593288,20.509398579,0,0,0,12,12,2095,938
compact51_marcy__paper_roles,2019-02-04 20:00:00,7.70419472415,20.8516985033,0,0,0,12,12,1133,990
compact51_marcy__paper_roles,2019-02-04 21:00:00,5.92944958794,19.6585123422,0,0,0,12,12,277,825
compact51_marcy__paper_roles,2019-02-04 22:00:00,6.05760237289,16.9401471585,0,0,0,12,12,320,474
compact51_marcy__paper_roles,2019-02-04 23:00:00,6.89898103716,19.8579239212,0,0,0,13,12,669,859
compact51_marcy__paper_roles,2019-02-05 00:00:00,6.43534279063,26.326471152,0,0,0,12,12,453,1815
compact51_marcy__paper_roles,2019-02-05 01:00:00,5.56311934335,35.860647138,0,0,0,12,12,195,3038
compact51_marcy__paper_roles,2019-02-05 02:00:00,6.0787397706,47.485555709,0,0,0,12,12,330,4048
compact51_marcy__paper_roles,2019-02-05 03:00:00,4.70471599616,10.4119318195,0,0,0,12,12,65,32
compact51_marcy__paper_roles,2019-02-05 04:00:00,5.26725862516,14.1699946899,0,0,0,12,12,134,213
compact51_marcy__paper_roles,2019-02-05 05:00:00,6.03561339036,29.9559269254,0,0,0,12,12,314,2336
compact51_marcy__paper_roles,2019-02-05 06:00:00,8.9132250129,79.1868684548,0,0,0,13,12,1954,5614
compact51_marcy__paper_roles,2019-02-05 07:00:00,6.2186867033,24.6135814773,0,0,0,12,12,374,1540
compact51_marcy__paper_roles,2019-02-05 08:00:00,8.46366246494,149.996836075,0,0,0,12,12,1629,7056
compact51_marcy__paper_roles,2019-02-05 09:00:00,8.81677251412,73.8447492627,0,0,0,12,12,1879,5428
compact51_marcy__paper_roles,2019-02-05 10:00:00,7.23296908583,55.1762825604,0,0,0,12,12,856,4588
compact51_marcy__paper_roles,2019-02-05 11:00:00,7.34689744493,52.8034430555,0,0,0,10,10,907,4427
compact51_marcy__paper_roles,2019-02-05 12:00:00,7.5769441912,92.3801564942,0,0,0,12,12,1066,6035
compact51_marcy__paper_roles,2019-02-05 13:00:00,6.66156848933,37.7689492832,0,0,0,12,12,553,3240
compact51_marcy__paper_roles,2019-02-05 14:00:00,9.40590670456,120.531775415,0,0,0,10,10,2353,6633
compact51_marcy__paper_roles,2019-02-05 15:00:00,10.0804651055,432.831999631,0,0,0,13,12,2922,8172
compact51_marcy__paper_roles,2019-02-05 16:00:00,8.53222807718,199.693274294,0,0,0,12,12,1679,7488
compact51_marcy__paper_roles,2019-02-05 17:00:00,6.21684622976,43.4924545479,0,0,0,12,12,373,3746
compact51_marcy__paper_roles,2019-02-05 18:00:00,5.09004237227,17.6901829071,0,0,0,12,12,108,554
compact51_marcy__paper_roles,2019-02-05 19:00:00,5.62799499075,35.903092841,0,0,0,12,12,210,3043
compact51_marcy__paper_roles,2019-02-05 20:00:00,7.38685296976,19.3503020954,0,0,0,12,12,942,778
compact51_marcy__paper_roles,2019-02-05 21:00:00,7.19378849342,76.0949687327,0,0,0,12,12,829,5517
compact51_marcy__paper_roles,2019-02-05 22:00:00,5.33980354158,13.337710609,0,0,0,12,12,147,159
compact51_marcy__paper_roles,2019-02-05 23:00:00,7.46161911762,13.4341062166,0,0,0,12,12,996,168
compact51_marcy__paper_roles,2019-02-06 00:00:00,7.74132984874,10.9731387858,0,0,0,12,12,1159,42
compact51_marcy__paper_roles,2019-02-06 01:00:00,6.37561857455,47.3995980619,0,0,0,12,12,432,4040
compact51_marcy__paper_roles,2019-02-06 02:00:00,12.7436198725,584.093110969,1,0,0,12,12,5105,8326
compact51_marcy__paper_roles,2019-02-06 03:00:00,19.0913353324,198.306522083,1,0,0,12,12,7886,7478
compact51_marcy__paper_roles,2019-02-06 04:00:00,12.4786918415,30.645663178,0,0,0,12,12,4898,2413
compact51_marcy__paper_roles,2019-02-06 05:00:00,9.48631687596,22.5852398379,0,0,0,12,12,2424,1237
compact51_marcy__paper_roles,2019-02-06 06:00:00,9.29080469583,64.4872302153,0,0,0,12,12,2258,5046
compact51_marcy__paper_roles,2019-02-06 07:00:00,7.90466549253,20.571530218,0,0,0,12,12,1250,949
compact51_marcy__paper_roles,2019-02-06 08:00:00,11.4276087333,336.641581178,1,0,0,12,12,4047,8023
compact51_marcy__paper_roles,2019-02-06 09:00:00,10.7522604396,148.536184171,1,0,0,12,12,3514,7039
compact51_marcy__paper_roles,2019-02-06 10:00:00,10.822279042,132.436660036,1,0,0,12,12,3573,6840
compact51_marcy__paper_roles,2019-02-06 11:00:00,10.9839212732,111.883853237,1,0,0,12,12,3703,6481
compact51_marcy__paper_roles,2019-02-06 12:00:00,10.0161547883,168.315385428,1,0,0,12,12,2862,7251
compact51_marcy__paper_roles,2019-02-06 13:00:00,12.3699017203,129.472982967,1,0,0,12,12,4797,6804
compact51_marcy__paper_roles,2019-02-06 14:00:00,10.7871661727,162.282513204,1,0,0,12,12,3545,7193
compact51_marcy__paper_roles,2019-02-06 15:00:00,9.96005792299,349.789773706,1,0,0,12,12,2808,8065
compact51_marcy__paper_roles,2019-02-06 16:00:00,10.704769919,589.560273463,1,0,0,12,12,3472,8331
compact51_marcy__paper_roles,2019-02-06 17:00:00,8.26884411658,53.4361446354,0,0,0,12,12,1478,4484
compact51_marcy__paper_roles,2019-02-06 18:00:00,9.76111976402,198.480818067,1,0,0,12,12,2623,7479
compact51_marcy__paper_roles,2019-02-06 19:00:00,18.5654123273,279.251576047,1,0,0,12,12,7768,7854
compact51_marcy__paper_roles,2019-02-06 20:00:00,15.2836611077,1824.12545672,1,0,0,12,12,6619,8602
compact51_marcy__paper_roles,2019-02-06 21:00:00,9.54602402039,112.722187931,0,0,0,12,12,2467,6496
compact51_marcy__paper_roles,2019-02-06 22:00:00,7.83010864212,18.1285127675,0,0,0,12,12,1211,605
compact51_marcy__paper_roles,2019-02-06 23:00:00,12.4327390859,19.2898503028,0,0,0,12,12,4850,769
compact51_marcy__paper_roles,2019-02-07 00:00:00,9.67391048903,20.8685617998,0,0,0,12,12,2551,994
compact51_marcy__paper_roles,2019-02-07 01:00:00,10.0667145253,21.7135347307,0,0,0,12,12,2910,1111
compact51_marcy__paper_roles,2019-02-07 02:00:00,8.42955031593,22.4390444357,0,0,0,12,12,1601,1215
compact51_marcy__paper_roles,2019-02-07 03:00:00,11.5711731739,34.1999501636,0,0,0,12,12,4173,2844
compact51_marcy__paper_roles,2019-02-07 04:00:00,16.1595254222,29.0720598785,0,0,0,12,12,7008,2208
compact51_marcy__paper_roles,2019-02-07 05:00:00,14.196741226,201.715273629,0,0,0,12,12,6066,7505
compact51_marcy__paper_roles,2019-02-07 06:00:00,14.794590467,53.2885609593,0,0,0,12,12,6378,4473
compact51_marcy__paper_roles,2019-02-07 07:00:00,15.4554486839,145.786010576,0,0,0,12,12,6704,7005
compact51_marcy__paper_roles,2019-02-07 08:00:00,12.8742657794,331.727568461,1,0,0,12,12,5209,8009
compact51_marcy__paper_roles,2019-02-07 09:00:00,9.64497018955,286.659407576,0,0,0,12,12,2532,7891
compact51_marcy__paper_roles,2019-02-07 10:00:00,10.110884445,319.661067637,0,0,0,12,12,2949,7981
compact51_marcy__paper_roles,2019-02-07 11:00:00,9.72008158607,205.338903225,0,0,0,12,12,2589,7529
compact51_marcy__paper_roles,2019-02-07 12:00:00,9.89417882452,212.209525624,0,0,0,12,12,2742,7564
compact51_marcy__paper_roles,2019-02-07 13:00:00,8.20960257194,68.8599044472,0,0,0,12,12,1441,5234
compact51_marcy__paper_roles,2019-02-07 14:00:00,7.74991356388,54.0547124739,0,0,0,12,12,1168,4518
compact51_marcy__paper_roles,2019-02-07 15:00:00,6.75991905031,17.668508629,0,0,0,12,12,604,548
compact51_marcy__paper_roles,2019-02-07 16:00:00,7.61404376978,19.4574700886,0,0,0,12,12,1081,792
compact51_marcy__paper_roles,2019-02-07 17:00:00,11.9707648126,41.2561339601,0,0,0,12,12,4484,3572
compact51_marcy__paper_roles,2019-02-07 18:00:00,12.2308729079,26.457191025,0,0,0,12,12,4691,1829
compact51_marcy__paper_roles,2019-02-07 19:00:00,9.57176247811,26.2898649152,0,0,0,12,12,2487,1807
compact51_marcy__paper_roles,2019-02-07 20:00:00,6.67800726832,15.8653648179,0,0,0,12,12,564,355
compact51_marcy__paper_roles,2019-02-07 21:00:00,6.24038466519,21.6119068409,0,0,0,12,12,384,1096
compact51_marcy__paper_roles,2019-02-07 22:00:00,5.60584877506,17.8026192592,0,0,0,12,12,205,570
compact51_marcy__paper_roles,2019-02-07 23:00:00,7.86094962785,34.4240785422,0,0,0,12,12,1225,2874
compact51_marcy__paper_roles,2019-02-08 00:00:00,8.75562473632,28.6679554756,0,0,0,12,12,1844,2149
compact51_marcy__paper_roles,2019-02-08 01:00:00,11.8223122864,36.2689986251,0,0,0,12,12,4364,3079
compact51_marcy__paper_roles,2019-02-08 02:00:00,12.0477610188,49.1613985451,0,0,0,12,12,4548,4192
compact51_marcy__paper_roles,2019-02-08 03:00:00,8.78901331007,34.556853859,0,0,0,15,14,1857,2890
compact51_marcy__paper_roles,2019-02-08 04:00:00,7.96393581,26.0380662709,0,0,0,11,11,1288,1755
compact51_marcy__paper_roles,2019-02-08 05:00:00,10.4326058876,28.404694592,0,0,0,13,12,3242,2108
compact51_marcy__paper_roles,2019-02-08 06:00:00,13.2839885637,53.7726214551,0,0,0,12,12,5500,4499
compact51_marcy__paper_roles,2019-02-08 07:00:00,16.3436374428,47.1822853785,0,0,0,12,12,7082,4016
compact51_marcy__paper_roles,2019-02-08 08:00:00,14.6965341437,39.3079777099,0,0,0,12,12,6321,3391
compact51_marcy__paper_roles,2019-02-08 09:00:00,10.7687891,34.3240947376,0,0,0,12,12,3528,2859
compact51_marcy__paper_roles,2019-02-08 10:00:00,10.7519130818,44.5989568536,0,0,0,12,12,3513,3832
compact51_marcy__paper_roles,2019-02-08 11:00:00,9.55889834995,49.536199571,0,0,0,12,12,2478,4220
compact51_marcy__paper_roles,2019-02-08 12:00:00,9.96139680124,53.6425290502,0,0,0,12,12,2809,4496
compact51_marcy__paper_roles,2019-02-08 13:00:00,11.3667260548,130.227082239,0,0,0,12,12,3995,6810
compact51_marcy__paper_roles,2019-02-08 14:00:00,13.1831815555,181.927084097,0,0,0,12,12,5429,7364
compact51_marcy__paper_roles,2019-02-08 15:00:00,13.3851660233,156.447085416,0,0,0,12,12,5563,7131
compact51_marcy__paper_roles,2019-02-08 16:00:00,11.8656923074,112.530108364,0,0,0,12,12,4398,6493
compact51_marcy__paper_roles,2019-02-08 17:00:00,11.0428701293,56.3444635457,0,0,0,12,12,3743,4654
compact51_marcy__paper_roles,2019-02-08 18:00:00,10.5419932507,46.0848108429,0,0,0,12,12,3335,3945
compact51_marcy__paper_roles,2019-02-08 19:00:00,11.3980458022,68.9655770418,0,0,0,12,12,4020,5241
compact51_marcy__paper_roles,2019-02-08 20:00:00,13.4329325752,136.179698946,0,0,0,12,12,5594,6886
compact51_marcy__paper_roles,2019-02-08 21:00:00,13.0679360121,84.8800777134,0,0,0,12,12,5344,5814
compact51_marcy__paper_roles,2019-02-08 22:00:00,11.1605235465,41.0297699987,0,0,0,12,12,3841,3556
compact51_marcy__paper_roles,2019-02-08 23:00:00,8.72690116386,21.961945279,0,0,0,12,12,1825,1148
compact51_marcy__paper_roles,2019-02-09 00:00:00,8.35832984309,28.2004588984,0,0,0,12,12,1550,2074
compact51_marcy__paper_roles,2019-02-09 01:00:00,8.95575962437,28.7055354635,0,0,0,12,12,1994,2157
compact51_marcy__paper_roles,2019-02-09 02:00:00,8.48684010364,31.7665078096,0,0,0,12,12,1646,2549
compact51_marcy__paper_roles,2019-02-09 03:00:00,10.2265328138,63.2164440161,0,0,0,12,12,3065,4992
compact51_marcy__paper_roles,2019-02-09 04:00:00,9.82956533186,36.6682557333,0,0,0,12,12,2680,3122
compact51_marcy__paper_roles,2019-02-09 05:00:00,9.20207259167,35.4169745727,0,0,0,12,12,2183,2991
compact51_marcy__paper_roles,2019-02-09 06:00:00,9.36725310756,29.845953171,0,0,0,12,12,2324,2318
compact51_marcy__paper_roles,2019-02-09 07:00:00,11.6372716494,27.5791426354,0,0,0,12,12,4219,1984
compact51_marcy__paper_roles,2019-02-09 08:00:00,11.7577594696,32.9837019582,0,0,0,12,12,4318,2694
compact51_marcy__paper_roles,2019-02-09 09:00:00,10.5242822,37.5559767656,0,0,0,12,12,3319,3213
compact51_marcy__paper_roles,2019-02-09 10:00:00,8.22904428109,24.9039136046,0,0,0,12,12,1458,1575
compact51_marcy__paper_roles,2019-02-09 11:00:00,6.65450525291,19.9138347987,0,0,0,12,12,552,865
compact51_marcy__paper_roles,2019-02-09 12:00:00,9.94787229285,45.8668685758,0,0,0,12,12,2797,3930
compact51_marcy__paper_roles,2019-02-09 13:00:00,10.7508200473,89.7852576731,0,0,0,12,12,3511,5954
compact51_marcy__paper_roles,2019-02-09 14:00:00,10.5409072034,70.5404382946,0,0,0,12,12,3331,5299
compact51_marcy__paper_roles,2019-02-09 15:00:00,7.77911373514,36.6797418071,0,0,0,12,12,1186,3124
compact51_marcy__paper_roles,2019-02-09 16:00:00,6.82111505958,33.4850045057,0,0,0,12,12,635,2753
compact51_marcy__paper_roles,2019-02-09 17:00:00,7.00660661873,22.2388031112,0,0,0,12,12,737,1188
compact51_marcy__paper_roles,2019-02-09 18:00:00,9.20565068677,25.5411358992,0,0,0,12,12,2188,1667
compact51_marcy__paper_roles,2019-02-09 19:00:00,6.49577151076,19.0755357168,0,0,0,12,12,482,731
compact51_marcy__paper_roles,2019-02-09 20:00:00,8.4452584732,25.1099675645,0,0,0,12,12,1617,1600
compact51_marcy__paper_roles,2019-02-09 21:00:00,6.21265103199,20.0804146516,0,0,0,12,12,370,882
compact51_marcy__paper_roles,2019-02-09 22:00:00,5.94438953672,13.1634776215,0,0,0,12,12,287,142
compact51_marcy__paper_roles,2019-02-09 23:00:00,6.43300549915,19.7717185023,0,0,0,12,12,452,842
compact51_marcy__paper_roles,2019-02-10 00:00:00,7.34429803675,19.2409647264,0,0,0,12,12,904,761
compact51_marcy__paper_roles,2019-02-10 01:00:00,8.50711971343,21.1336596943,0,0,0,12,12,1662,1031
compact51_marcy__paper_roles,2019-02-10 02:00:00,8.2807439695,29.8941328671,0,0,0,12,12,1490,2328
compact51_marcy__paper_roles,2019-02-10 03:00:00,6.90756533217,21.2484685492,0,0,0,12,12,676,1046
compact51_marcy__paper_roles,2019-02-10 04:00:00,8.5683634065,22.8105781088,0,0,0,12,12,1700,1279
compact51_marcy__paper_roles,2019-02-10 05:00:00,8.27178414375,18.9864468345,0,0,0,12,12,1483,718
compact51_marcy__paper_roles,2019-02-10 06:00:00,7.08235063607,23.2950012976,0,0,0,12,12,775,1343
compact51_marcy__paper_roles,2019-02-10 07:00:00,7.7376053974,16.3660326409,0,0,0,12,12,1156,411
compact51_marcy__paper_roles,2019-02-10 08:00:00,9.52276815594,36.8206523207,0,0,0,12,12,2449,3138
compact51_marcy__paper_roles,2019-02-10 09:00:00,13.1266414567,256.846806732,0,0,0,12,12,5384,7783
compact51_marcy__paper_roles,2019-02-10 10:00:00,8.82130149752,79.0780454116,0,0,0,12,12,1881,5610
compact51_marcy__paper_roles,2019-02-10 11:00:00,12.863617422,1076.03730336,1,0,0,12,12,5202,8511
compact51_marcy__paper_roles,2019-02-10 12:00:00,14.4935267866,343.489738609,1,0,0,12,12,6232,8045
compact51_marcy__paper_roles,2019-02-10 13:00:00,12.7959770067,124.294058002,1,0,0,12,12,5151,6712
compact51_marcy__paper_roles,2019-02-10 14:00:00,12.8837090367,677.776106027,1,0,0,12,12,5218,8385
compact51_marcy__paper_roles,2019-02-10 15:00:00,15.3627342011,865.639827446,1,0,0,12,12,6662,8459
compact51_marcy__paper_roles,2019-02-10 16:00:00,16.1962478104,686.690491876,1,0,0,12,12,7020,8391
compact51_marcy__paper_roles,2019-02-10 17:00:00,14.3872663331,1518.9915277,1,0,0,12,12,6177,8575
compact51_marcy__paper_roles,2019-02-10 18:00:00,18.2351331364,972.069705386,0,0,0,12,12,7691,8489
compact51_marcy__paper_roles,2019-02-10 19:00:00,20.1227994191,9438.73080458,0,0,0,12,12,8072,8734
compact51_marcy__paper_roles,2019-02-10 20:00:00,18.6943274655,1195.06033868,0,0,0,12,12,7807,8535
compact51_marcy__paper_roles,2019-02-10 21:00:00,14.9121512327,178.260858359,0,0,0,12,12,6437,7338
compact51_marcy__paper_roles,2019-02-10 22:00:00,11.6939297026,44.3642272392,0,0,0,11,11,4270,3818
compact51_marcy__paper_roles,2019-02-10 23:00:00,12.7425204282,56.7182149574,0,0,0,12,12,5104,4676
compact51_marcy__paper_roles,2019-02-11 00:00:00,17.2044527583,111.544379345,0,0,0,12,12,7383,6473
compact51_marcy__paper_roles,2019-02-11 01:00:00,8.67212199087,55.8163767343,0,0,0,12,12,1789,4629
compact51_marcy__paper_roles,2019-02-11 02:00:00,10.2060786713,132.625363524,1,0,0,12,12,3047,6844
compact51_marcy__paper_roles,2019-02-11 03:00:00,10.5891097587,252.783809977,1,0,0,12,12,3387,7770
compact51_marcy__paper_roles,2019-02-11 04:00:00,16.945335121,583.415017729,0,0,0,12,12,7277,8325
compact51_marcy__paper_roles,2019-02-11 05:00:00,13.8041408269,24.061263342,0,0,0,12,12,5835,1468
compact51_marcy__paper_roles,2019-02-11 06:00:00,11.1112383743,18.6403001942,0,0,0,12,12,3805,669
compact51_marcy__paper_roles,2019-02-11 07:00:00,8.38330412787,23.1593621131,0,0,0,12,12,1566,1324
compact51_marcy__paper_roles,2019-02-11 08:00:00,10.723656088,27.6435639202,0,0,0,12,12,3488,1998
compact51_marcy__paper_roles,2019-02-11 09:00:00,10.0235466397,23.3497745797,0,0,0,12,12,2876,1350
compact51_marcy__paper_roles,2019-02-11 10:00:00,10.0075913302,22.2396164275,0,0,0,12,12,2856,1189
compact51_marcy__paper_roles,2019-02-11 11:00:00,9.03986737089,20.9835725815,0,0,0,12,12,2061,1015
compact51_marcy__paper_roles,2019-02-11 12:00:00,8.17203259825,21.3615461972,0,0,0,12,12,1412,1063
compact51_marcy__paper_roles,2019-02-11 13:00:00,10.2427912874,39.7953092217,0,0,0,12,12,3082,3447
compact51_marcy__paper_roles,2019-02-11 14:00:00,9.85326563576,35.8207017579,0,0,0,12,12,2704,3035
compact51_marcy__paper_roles,2019-02-11 15:00:00,8.64672515673,26.2050822613,0,0,0,12,12,1763,1796
compact51_marcy__paper_roles,2019-02-11 16:00:00,8.40880752956,20.4938312203,0,0,0,12,12,1582,935
compact51_marcy__paper_roles,2019-02-11 17:00:00,10.5505681076,22.6573975799,0,0,0,12,12,3350,1250
compact51_marcy__paper_roles,2019-02-11 18:00:00,11.8774760184,25.1951205062,0,0,0,12,12,4413,1616
compact51_marcy__paper_roles,2019-02-11 19:00:00,9.54081828134,22.7545875338,0,0,0,12,12,2463,1269
compact51_marcy__paper_roles,2019-02-11 20:00:00,9.95823927534,22.7182755082,0,0,0,12,12,2805,1262
compact51_marcy__paper_roles,2019-02-11 21:00:00,9.24666666447,22.4132295017,0,0,0,12,12,2222,1210
compact51_marcy__paper_roles,2019-02-11 22:00:00,8.62083565905,16.8828324814,0,0,0,12,12,1742,469
compact51_marcy__paper_roles,2019-02-11 23:00:00,13.3739680465,41.9971612987,0,0,0,12,12,5556,3623
compact51_marcy__paper_roles,2019-02-12 00:00:00,14.3586992318,55.0060991393,0,0,0,12,12,6155,4577
compact51_marcy__paper_roles,2019-02-12 01:00:00,7.88287120037,45.7119223729,0,0,0,12,12,1236,3922
compact51_marcy__paper_roles,2019-02-12 02:00:00,9.413661828,347.462459523,0,0,0,12,12,2360,8056
compact51_marcy__paper_roles,2019-02-12 03:00:00,8.33623445019,51.6540948418,0,0,0,12,12,1531,4360
compact51_marcy__paper_roles,2019-02-12 04:00:00,8.81308061646,24.2289273866,0,0,0,12,12,1874,1489
compact51_marcy__paper_roles,2019-02-12 05:00:00,13.4011643911,175.139931502,1,0,0,12,12,5573,7313
compact51_marcy__paper_roles,2019-02-12 06:00:00,17.1076984374,165.695950026,1,0,0,12,12,7350,7227
compact51_marcy__paper_roles,2019-02-12 07:00:00,12.6356343936,53.1731690763,0,0,0,12,12,5014,4461
compact51_marcy__paper_roles,2019-02-12 08:00:00,8.4345170418,25.1375986914,0,0,0,12,12,1605,1604
compact51_marcy__paper_roles,2019-02-12 09:00:00,7.58613625152,39.0459733924,0,0,0,12,12,1070,3363
compact51_marcy__paper_roles,2019-02-12 10:00:00,9.05550678316,18.7611241334,0,0,0,12,12,2074,687
compact51_marcy__paper_roles,2019-02-12 11:00:00,7.92799029391,21.4073015366,0,0,0,11,11,1267,1069
compact51_marcy__paper_roles,2019-02-12 12:00:00,8.36787405726,27.0039807604,0,0,0,13,12,1558,1913
compact51_marcy__paper_roles,2019-02-12 13:00:00,9.92014296076,22.8798774101,0,0,0,12,12,2768,1289
compact51_marcy__paper_roles,2019-02-12 14:00:00,9.16365269311,24.0098416262,0,0,0,12,12,2156,1455
compact51_marcy__paper_roles,2019-02-12 15:00:00,8.16048951329,26.4852221124,0,0,0,12,12,1401,1835
compact51_marcy__paper_roles,2019-02-12 16:00:00,14.015749384,37.7695067366,0,0,0,12,12,5961,3241
compact51_marcy__paper_roles,2019-02-12 17:00:00,17.2405834987,102.67287381,1,0,0,12,12,7401,6306
compact51_marcy__paper_roles,2019-02-12 18:00:00,12.4404607,30.6495967508,0,0,0,12,12,4857,2414
compact51_marcy__paper_roles,2019-02-12 19:00:00,7.62203802736,36.9003413654,0,0,0,12,12,1086,3149
compact51_marcy__paper_roles,2019-02-12 20:00:00,6.54280344024,30.499023953,0,0,0,12,12,501,2395
compact51_marcy__paper_roles,2019-02-12 21:00:00,5.73915237134,17.5494879318,0,0,0,12,12,236,538
compact51_marcy__paper_roles,2019-02-12 22:00:00,6.71687720152,14.1414580277,0,0,0,12,12,587,209
compact51_marcy__paper_roles,2019-02-12 23:00:00,7.06229643343,301.23584499,0,0,0,12,12,769,7928
compact51_marcy__paper_roles,2019-02-13 00:00:00,10.3715889069,8629.95511515,0,0,0,12,12,3183,8732
compact51_marcy__paper_roles,2019-02-13 01:00:00,11.0114130343,426.65048685,0,0,0,12,12,3723,8164
compact51_marcy__paper_roles,2019-02-13 02:00:00,11.7246885119,475.428213662,0,0,0,12,12,4291,8223
compact51_marcy__paper_roles,2019-02-13 03:00:00,12.1205512883,466.585690986,0,0,0,12,12,4610,8212
compact51_marcy__paper_roles,2019-02-13 04:00:00,12.8231073826,960.785647741,1,0,0,12,12,5173,8484
compact51_marcy__paper_roles,2019-02-13 05:00:00,11.635317538,70.7271436415,0,0,0,12,12,4213,5307
compact51_marcy__paper_roles,2019-02-13 06:00:00,11.0635396131,195.150227845,0,0,0,12,12,3760,7454
compact51_marcy__paper_roles,2019-02-13 07:00:00,9.84792178627,190.052984362,0,0,0,12,12,2701,7415
compact51_marcy__paper_roles,2019-02-13 08:00:00,11.0005876569,70.869855846,0,0,0,12,12,3711,5312
compact51_marcy__paper_roles,2019-02-13 09:00:00,8.00813974878,41.5939057081,0,0,0,12,12,1312,3589
compact51_marcy__paper_roles,2019-02-13 10:00:00,10.4075516753,118.58027786,0,0,0,12,12,3223,6594
compact51_marcy__paper_roles,2019-02-13 11:00:00,10.3974701481,81.5506951211,0,0,0,10,10,3217,5710
compact51_marcy__paper_roles,2019-02-13 12:00:00,9.300402497,74.9953223553,0,0,0,12,12,2264,5468
compact51_marcy__paper_roles,2019-02-13 13:00:00,8.08106760287,67.6158002968,0,0,0,12,12,1357,5188
compact51_marcy__paper_roles,2019-02-13 14:00:00,7.58565552908,53.5193192797,0,0,0,10,10,1069,4487
compact51_marcy__paper_roles,2019-02-13 15:00:00,6.96051444954,35.1706425052,0,0,0,12,12,709,2957
compact51_marcy__paper_roles,2019-02-13 16:00:00,7.81054382659,42.1387539581,0,0,0,12,12,1200,3634
compact51_marcy__paper_roles,2019-02-13 17:00:00,8.64754805871,54.2965929465,0,0,0,12,12,1766,4533
compact51_marcy__paper_roles,2019-02-13 18:00:00,7.50631162558,31.0536018143,0,0,0,12,12,1028,2468
compact51_marcy__paper_roles,2019-02-13 19:00:00,8.30664243293,49.7330690108,0,0,0,12,12,1507,4233
compact51_marcy__paper_roles,2019-02-13 20:00:00,7.22702264333,25.9898251403,0,0,0,13,12,853,1744
compact51_marcy__paper_roles,2019-02-13 21:00:00,4.1026384571,11.148442343,0,0,0,12,12,31,49
compact51_marcy__paper_roles,2019-02-13 22:00:00,8.4477293071,40.5864022153,0,0,0,12,12,1620,3513
compact51_marcy__paper_roles,2019-02-13 23:00:00,8.47048376629,56.4879752083,0,0,0,12,12,1633,4663
compact51_marcy__paper_roles,2019-02-14 00:00:00,6.46128479918,137.169028845,0,0,0,12,12,466,6901
compact51_marcy__paper_roles,2019-02-14 01:00:00,5.50439326205,78.4383965124,0,0,0,12,12,182,5590
compact51_marcy__paper_roles,2019-02-14 02:00:00,5.99623384423,81.765751695,0,0,0,12,12,301,5713
compact51_marcy__paper_roles,2019-02-14 03:00:00,6.678015324,96.4098443041,0,0,0,12,12,565,6158
compact51_marcy__paper_roles,2019-02-14 04:00:00,8.27137242929,3854.57307445,0,0,0,12,12,1482,8687
compact51_marcy__paper_roles,2019-02-14 05:00:00,7.20743782101,1335.24127694,1,0,0,12,12,835,8548
compact51_marcy__paper_roles,2019-02-14 06:00:00,9.5102982849,126.649970491,0,0,0,12,12,2438,6752
compact51_marcy__paper_roles,2019-02-14 07:00:00,9.71865877241,1715.44831735,0,0,0,12,12,2588,8590
compact51_marcy__paper_roles,2019-02-14 08:00:00,11.073647708,222.672056661,1,0,0,12,12,3768,7619
compact51_marcy__paper_roles,2019-02-14 09:00:00,10.2547977939,5002.51089602,1,0,0,12,12,3094,8710
compact51_marcy__paper_roles,2019-02-14 10:00:00,7.66495802683,79.1122932527,0,0,0,12,12,1112,5612
compact51_marcy__paper_roles,2019-02-14 11:00:00,7.21943284917,88.4607567531,0,0,0,12,12,847,5913
compact51_marcy__paper_roles,2019-02-14 12:00:00,8.30614369131,123.095549393,0,0,0,12,12,1505,6690
compact51_marcy__paper_roles,2019-02-14 13:00:00,10.8608810501,1422.5875468,0,0,0,12,12,3608,8566
compact51_marcy__paper_roles,2019-02-14 14:00:00,10.3227841253,1741.34513447,0,0,0,12,12,3147,8591
compact51_marcy__paper_roles,2019-02-14 15:00:00,8.59998700659,346.013079839,0,0,0,12,12,1726,8051
compact51_marcy__paper_roles,2019-02-14 16:00:00,10.197562303,165.595835489,0,0,0,12,12,3035,7226
compact51_marcy__paper_roles,2019-02-14 17:00:00,9.67731034092,39.9316412186,0,0,0,12,12,2554,3463
compact51_marcy__paper_roles,2019-02-14 18:00:00,10.1956256559,24.7250027433,0,0,0,12,12,3031,1556
compact51_marcy__paper_roles,2019-02-14 19:00:00,12.3105565286,56.8665901954,0,0,0,12,12,4753,4686
compact51_marcy__paper_roles,2019-02-14 20:00:00,13.4042583906,100.538557159,0,0,0,12,12,5577,6254
compact51_marcy__paper_roles,2019-02-14 21:00:00,10.7452423644,50.3015821111,0,0,0,12,12,3507,4263
compact51_marcy__paper_roles,2019-02-14 22:00:00,9.30148732763,42.0264531035,0,0,0,12,12,2265,3627
compact51_marcy__paper_roles,2019-02-14 23:00:00,11.9519232932,469.18030038,0,0,0,13,12,4471,8214
compact51_marcy__paper_roles,2019-02-15 00:00:00,10.6137909669,253.734658648,0,0,0,12,12,3403,7774
compact51_marcy__paper_roles,2019-02-15 01:00:00,10.2957844145,479.004925513,0,0,0,12,12,3122,8225
compact51_marcy__paper_roles,2019-02-15 02:00:00,9.94004908193,223.076965115,0,0,0,12,12,2791,7621
compact51_marcy__paper_roles,2019-02-15 03:00:00,11.3836873417,135.834155563,0,0,0,12,12,4007,6885
compact51_marcy__paper_roles,2019-02-15 04:00:00,15.6163417798,387.35667845,0,0,0,12,12,6777,8121
compact51_marcy__paper_roles,2019-02-15 05:00:00,16.703638847,2349.66673758,0,0,0,12,12,7213,8645
compact51_marcy__paper_roles,2019-02-15 06:00:00,16.6569087696,9944.27615706,0,0,0,12,12,7198,8736
compact51_marcy__paper_roles,2019-02-15 07:00:00,14.1078724891,150.089992152,0,0,0,12,12,6016,7057
compact51_marcy__paper_roles,2019-02-15 08:00:00,9.39780627729,53.5678380141,0,0,0,12,12,2345,4490
compact51_marcy__paper_roles,2019-02-15 09:00:00,8.92872361512,36.8050252873,0,0,0,12,12,1968,3135
compact51_marcy__paper_roles,2019-02-15 10:00:00,9.319149773,64.5099192906,0,0,0,12,12,2287,5049
compact51_marcy__paper_roles,2019-02-15 11:00:00,10.2127169117,101.287289286,0,0,0,12,12,3055,6273
compact51_marcy__paper_roles,2019-02-15 12:00:00,9.17137961429,100.116978953,0,0,0,12,12,2157,6244
compact51_marcy__paper_roles,2019-02-15 13:00:00,10.0531369274,128.04944599,0,0,0,12,12,2893,6775
compact51_marcy__paper_roles,2019-02-15 14:00:00,12.6451455024,145.941709111,0,0,0,12,12,5027,7007
compact51_marcy__paper_roles,2019-02-15 15:00:00,13.859242256,172.782043483,0,0,0,12,12,5870,7293
compact51_marcy__paper_roles,2019-02-15 16:00:00,12.5400138641,149.612508128,0,0,0,12,12,4946,7050
compact51_marcy__paper_roles,2019-02-15 17:00:00,12.4038582813,82.5798349513,0,0,0,11,11,4823,5729
compact51_marcy__paper_roles,2019-02-15 18:00:00,12.1977125354,53.0389415135,0,0,0,12,12,4664,4448
compact51_marcy__paper_roles,2019-02-15 19:00:00,12.2760590364,72.8197502037,0,0,0,12,12,4729,5373
compact51_marcy__paper_roles,2019-02-15 20:00:00,11.8711285849,65.7844994725,0,0,0,12,12,4404,5112
compact51_marcy__paper_roles,2019-02-15 21:00:00,12.8180910012,152.476513423,0,0,0,12,12,5168,7085
compact51_marcy__paper_roles,2019-02-15 22:00:00,16.9649990988,167.152478875,0,0,0,12,12,7284,7245
compact51_marcy__paper_roles,2019-02-15 23:00:00,16.1155570504,301.595551501,0,0,0,13,13,6980,7929
compact51_marcy__paper_roles,2019-02-16 00:00:00,10.0043790549,91.4580559786,0,0,0,12,12,2851,5999
compact51_marcy__paper_roles,2019-02-16 01:00:00,14.9801124844,190.323785428,0,0,0,12,12,6475,7417
compact51_marcy__paper_roles,2019-02-16 02:00:00,12.1305803826,99.8429277923,0,0,0,12,12,4620,6236
compact51_marcy__paper_roles,2019-02-16 03:00:00,13.2776551042,65.7674650069,0,0,0,12,12,5493,5111
compact51_marcy__paper_roles,2019-02-16 04:00:00,13.8985652226,81.9045315213,0,0,0,12,12,5893,5715
compact51_marcy__paper_roles,2019-02-16 05:00:00,11.8509791983,132.431314285,0,0,0,12,12,4388,6839
compact51_marcy__paper_roles,2019-02-16 06:00:00,9.83795242895,110.896169113,0,0,0,12,12,2689,6462
compact51_marcy__paper_roles,2019-02-16 07:00:00,13.9578785657,136.562883222,0,0,0,12,12,5927,6889
compact51_marcy__paper_roles,2019-02-16 08:00:00,10.3867964853,39.5305025278,0,0,0,12,12,3197,3416
compact51_marcy__paper_roles,2019-02-16 09:00:00,11.5019626588,47.3167246393,0,0,0,12,12,4119,4030
compact51_marcy__paper_roles,2019-02-16 10:00:00,11.4068803652,115.174156618,0,0,0,12,12,4030,6539
compact51_marcy__paper_roles,2019-02-16 11:00:00,11.9287537997,203.198559841,0,0,0,12,12,4450,7512
compact51_marcy__paper_roles,2019-02-16 12:00:00,11.9064470765,171.201572479,0,0,0,12,12,4438,7279
compact51_marcy__paper_roles,2019-02-16 13:00:00,11.2069528088,109.814647042,0,0,0,12,12,3873,6444
compact51_marcy__paper_roles,2019-02-16 14:00:00,11.3851101723,127.82158881,0,0,0,12,12,4009,6773
compact51_marcy__paper_roles,2019-02-16 15:00:00,13.5691181871,154.275966195,0,0,0,12,12,5684,7111
compact51_marcy__paper_roles,2019-02-16 16:00:00,12.4880401498,68.0180437194,0,0,0,12,12,4902,5205
compact51_marcy__paper_roles,2019-02-16 17:00:00,10.545826148,30.7503810204,0,0,0,12,12,3339,2426
compact51_marcy__paper_roles,2019-02-16 18:00:00,11.1279531541,27.750601818,0,0,0,12,12,3817,2010
compact51_marcy__paper_roles,2019-02-16 19:00:00,14.0539200758,62.0243368115,0,0,0,12,12,5982,4935
compact51_marcy__paper_roles,2019-02-16 20:00:00,13.6175982958,52.8616308137,0,0,0,12,12,5714,4432
compact51_marcy__paper_roles,2019-02-16 21:00:00,12.613061896,59.6621814817,0,0,0,12,12,4987,4816
compact51_marcy__paper_roles,2019-02-16 22:00:00,8.80220711202,126.789787757,0,0,0,12,12,1867,6758
compact51_marcy__paper_roles,2019-02-16 23:00:00,11.9400340785,495.630206013,1,0,0,12,12,4460,8247
compact51_marcy__paper_roles,2019-02-17 00:00:00,11.9710349816,118.465392755,1,0,0,12,12,4485,6592
compact51_marcy__paper_roles,2019-02-17 01:00:00,8.73826803885,175.897297689,0,0,0,12,12,1830,7319
compact51_marcy__paper_roles,2019-02-17 02:00:00,8.68009553328,137.045852518,0,0,0,12,12,1795,6898
compact51_marcy__paper_roles,2019-02-17 03:00:00,8.42174849024,150.783008675,0,0,0,12,12,1596,7067
compact51_marcy__paper_roles,2019-02-17 04:00:00,12.5097510242,104.107283725,1,0,0,12,12,4923,6345
compact51_marcy__paper_roles,2019-02-17 05:00:00,9.27710493622,27.3502472233,0,0,0,12,12,2240,1958
compact51_marcy__paper_roles,2019-02-17 06:00:00,7.851002786,12.4807312881,0,0,0,12,12,1220,96
compact51_marcy__paper_roles,2019-02-17 07:00:00,8.40103820754,22.7734734323,0,0,0,12,12,1577,1272
compact51_marcy__paper_roles,2019-02-17 08:00:00,8.1606674288,33.4837672647,0,0,0,12,12,1402,2752
compact51_marcy__paper_roles,2019-02-17 09:00:00,10.958239977,106.102678708,0,0,0,12,12,3684,6381
compact51_marcy__paper_roles,2019-02-17 10:00:00,11.7319400496,167.009609183,0,0,0,12,12,4297,7243
compact51_marcy__paper_roles,2019-02-17 11:00:00,11.3367278188,128.899212102,0,0,0,12,12,3967,6790
compact51_marcy__paper_roles,2019-02-17 12:00:00,11.8970070059,135.460020959,0,0,0,12,12,4431,6878
compact51_marcy__paper_roles,2019-02-17 13:00:00,12.7909641079,95.9312920154,0,0,0,13,12,5146,6143
compact51_marcy__paper_roles,2019-02-17 14:00:00,11.2921586371,63.4758127785,0,0,0,12,12,3940,5002
compact51_marcy__paper_roles,2019-02-17 15:00:00,10.2161536966,78.5690576045,0,0,0,12,12,3057,5593
compact51_marcy__paper_roles,2019-02-17 16:00:00,10.2794775674,65.5758140622,0,0,0,12,12,3113,5101
compact51_marcy__paper_roles,2019-02-17 17:00:00,7.99228604037,20.9336263959,0,0,0,12,12,1299,1002
compact51_marcy__paper_roles,2019-02-17 18:00:00,9.27179510954,29.2117781385,0,0,0,12,12,2238,2231
compact51_marcy__paper_roles,2019-02-17 19:00:00,8.92586327783,22.92738652,0,0,0,12,12,1967,1296
compact51_marcy__paper_roles,2019-02-17 20:00:00,12.7150771385,93.9986558645,0,0,0,12,12,5084,6080
compact51_marcy__paper_roles,2019-02-17 21:00:00,9.89713019125,51.6898380666,0,0,0,12,12,2746,4361
compact51_marcy__paper_roles,2019-02-17 22:00:00,13.764136207,100.504543037,0,0,0,12,12,5804,6252
compact51_marcy__paper_roles,2019-02-17 23:00:00,13.4027212136,1403.96635558,0,0,0,12,12,5576,8560
compact51_marcy__paper_roles,2019-02-18 00:00:00,19.7948998098,139.187556817,1,0,0,12,12,8020,6927
compact51_marcy__paper_roles,2019-02-18 01:00:00,17.1877170452,184.050490465,1,0,0,12,12,7377,7376
compact51_marcy__paper_roles,2019-02-18 02:00:00,12.9967705042,818.255008299,1,0,0,12,12,5298,8439
compact51_marcy__paper_roles,2019-02-18 03:00:00,14.994091101,572.621397458,1,0,0,12,12,6481,8318
compact51_marcy__paper_roles,2019-02-18 04:00:00,14.1828925365,763.673917213,0,0,0,12,12,6060,8424
compact51_marcy__paper_roles,2019-02-18 05:00:00,18.0768518396,529.279241649,1,0,0,12,12,7647,8282
compact51_marcy__paper_roles,2019-02-18 06:00:00,18.1939834258,257.691612697,1,0,0,12,12,7675,7789
compact51_marcy__paper_roles,2019-02-18 07:00:00,19.1260031997,529.319820675,0,0,0,12,12,7893,8283
compact51_marcy__paper_roles,2019-02-18 08:00:00,14.8462417338,6188.31448478,0,0,0,12,12,6402,8722
compact51_marcy__paper_roles,2019-02-18 09:00:00,13.0949190715,247.153334244,0,0,0,12,12,5361,7748
compact51_marcy__paper_roles,2019-02-18 10:00:00,13.3809061666,121.485088867,0,0,0,12,12,5560,6660
compact51_marcy__paper_roles,2019-02-18 11:00:00,9.75723176133,51.1576713974,0,0,0,12,12,2616,4318
compact51_marcy__paper_roles,2019-02-18 12:00:00,9.1735147722,39.1971602538,0,0,0,12,12,2160,3378
compact51_marcy__paper_roles,2019-02-18 13:00:00,7.87519089645,22.6720370311,0,0,0,12,12,1232,1254
compact51_marcy__paper_roles,2019-02-18 14:00:00,7.62478697724,16.0141959807,0,0,0,12,12,1088,371
compact51_marcy__paper_roles,2019-02-18 15:00:00,7.98917529839,20.8230954556,0,0,0,12,12,1298,985
compact51_marcy__paper_roles,2019-02-18 16:00:00,7.34558604867,21.5215342924,0,0,0,12,12,905,1085
compact51_marcy__paper_roles,2019-02-18 17:00:00,9.31195295302,22.952937147,0,0,0,12,12,2280,1301
compact51_marcy__paper_roles,2019-02-18 18:00:00,9.70090709214,22.6459101415,0,0,0,12,12,2564,1246
compact51_marcy__paper_roles,2019-02-18 19:00:00,8.42252342476,20.355420927,0,0,0,12,12,1597,913
compact51_marcy__paper_roles,2019-02-18 20:00:00,8.90380666233,21.6399084147,0,0,0,12,12,1952,1101
compact51_marcy__paper_roles,2019-02-18 21:00:00,9.06717723431,21.8932905221,0,0,0,12,12,2086,1136
compact51_marcy__paper_roles,2019-02-18 22:00:00,7.30509791335,25.3312868009,0,0,0,12,12,884,1639
compact51_marcy__paper_roles,2019-02-18 23:00:00,9.25876265715,71.1419985575,0,0,0,12,12,2231,5319
compact51_marcy__paper_roles,2019-02-19 00:00:00,10.5808805511,25.3504258726,0,0,0,12,12,3378,1645
compact51_marcy__paper_roles,2019-02-19 01:00:00,7.0003650552,17.1240094886,0,0,0,12,12,734,490
compact51_marcy__paper_roles,2019-02-19 02:00:00,5.82432282707,13.0601876909,0,0,0,12,12,260,131
compact51_marcy__paper_roles,2019-02-19 03:00:00,5.48873164009,14.0041674661,0,0,0,12,12,177,199
compact51_marcy__paper_roles,2019-02-19 04:00:00,10.3907521663,23.7578352676,0,0,0,12,12,3203,1411
compact51_marcy__paper_roles,2019-02-19 05:00:00,9.77498705706,20.9255640765,0,0,0,12,12,2639,1000
compact51_marcy__paper_roles,2019-02-19 06:00:00,8.5108547438,24.5729186124,0,0,0,12,12,1665,1532
compact51_marcy__paper_roles,2019-02-19 07:00:00,16.0112222241,343.473215596,0,0,0,12,12,6941,8044
compact51_marcy__paper_roles,2019-02-19 08:00:00,9.38202021062,161.43576544,0,0,0,12,12,2336,7187
compact51_marcy__paper_roles,2019-02-19 09:00:00,5.80985888841,17.2051273313,0,0,0,12,12,255,501
compact51_marcy__paper_roles,2019-02-19 10:00:00,6.23946495315,16.6307601999,0,0,0,12,12,381,445
compact51_marcy__paper_roles,2019-02-19 11:00:00,5.01322255419,16.764141188,0,0,0,12,12,95,458
compact51_marcy__paper_roles,2019-02-19 12:00:00,7.55610488433,61.6578754963,0,0,0,12,12,1055,4913
compact51_marcy__paper_roles,2019-02-19 13:00:00,7.28122607064,56.8917652828,0,0,0,12,12,875,4688
compact51_marcy__paper_roles,2019-02-19 14:00:00,8.61393378632,84.8033346181,0,0,0,12,12,1738,5811
compact51_marcy__paper_roles,2019-02-19 15:00:00,6.06800406584,22.1888456261,0,0,0,12,12,324,1179
compact51_marcy__paper_roles,2019-02-19 16:00:00,5.2911904269,17.8790103614,0,0,0,12,12,138,579
compact51_marcy__paper_roles,2019-02-19 17:00:00,6.31832069949,18.5250824522,0,0,0,12,12,412,648
compact51_marcy__paper_roles,2019-02-19 18:00:00,6.58398300766,16.6267911526,0,0,0,12,12,517,443
compact51_marcy__paper_roles,2019-02-19 19:00:00,7.1901637008,46.6625352983,0,0,0,12,12,824,3984
compact51_marcy__paper_roles,2019-02-19 20:00:00,4.75706063513,15.2370357314,0,0,0,12,12,69,291
compact51_marcy__paper_roles,2019-02-19 21:00:00,4.35438859406,13.5160203223,0,0,0,12,12,43,173
compact51_marcy__paper_roles,2019-02-19 22:00:00,6.51493627754,27.9082160842,0,0,0,12,12,490,2033
compact51_marcy__paper_roles,2019-02-19 23:00:00,7.05357895192,63.6543787303,0,0,0,12,12,761,5010
compact51_marcy__paper_roles,2019-02-20 00:00:00,9.21201726416,36.5734705853,0,0,0,12,12,2193,3113
compact51_marcy__paper_roles,2019-02-20 01:00:00,9.04082916981,48.4627954674,0,0,0,12,12,2063,4130
compact51_marcy__paper_roles,2019-02-20 02:00:00,8.97658386113,37.5106482282,0,0,0,12,12,2012,3208
compact51_marcy__paper_roles,2019-02-20 03:00:00,10.0195437671,68.2211429788,0,0,0,12,12,2868,5210
compact51_marcy__paper_roles,2019-02-20 04:00:00,10.9567997429,95.4877931556,0,0,0,12,12,3682,6123
compact51_marcy__paper_roles,2019-02-20 05:00:00,13.3998123397,430.087920563,0,0,0,12,12,5569,8168
compact51_marcy__paper_roles,2019-02-20 06:00:00,7.43920081198,19.2218961214,0,0,0,12,12,980,756
compact51_marcy__paper_roles,2019-02-20 07:00:00,11.3016990828,24.2931434872,0,0,0,12,12,3946,1500
compact51_marcy__paper_roles,2019-02-20 08:00:00,9.08792135247,18.6246610908,0,0,0,12,12,2097,664
compact51_marcy__paper_roles,2019-02-20 09:00:00,7.37470159581,17.2034075661,0,0,0,12,12,934,499
compact51_marcy__paper_roles,2019-02-20 10:00:00,10.8277867597,20.24399462,0,0,0,12,12,3580,900
compact51_marcy__paper_roles,2019-02-20 11:00:00,10.2191277437,19.1314831218,0,0,0,12,12,3059,737
compact51_marcy__paper_roles,2019-02-20 12:00:00,12.2817900847,20.8216958914,0,0,0,12,12,4735,984
compact51_marcy__paper_roles,2019-02-20 13:00:00,9.71083211208,22.7442253892,0,0,0,12,12,2578,1266
compact51_marcy__paper_roles,2019-02-20 14:00:00,8.48012658347,28.3091515233,0,0,0,12,12,1640,2093
compact51_marcy__paper_roles,2019-02-20 15:00:00,9.76316809242,32.2310843852,0,0,0,12,12,2629,2619
compact51_marcy__paper_roles,2019-02-20 16:00:00,9.87001884701,19.7894110248,0,0,0,12,12,2718,847
compact51_marcy__paper_roles,2019-02-20 17:00:00,12.1198795128,23.7630136317,0,0,0,12,12,4609,1412
compact51_marcy__paper_roles,2019-02-20 18:00:00,12.8621141851,25.0925689356,0,0,0,12,12,5201,1598
compact51_marcy__paper_roles,2019-02-20 19:00:00,12.9464029967,58.4094819023,0,0,0,12,12,5264,4755
compact51_marcy__paper_roles,2019-02-20 20:00:00,12.6155423495,60.5991493074,0,0,0,12,12,4993,4856
compact51_marcy__paper_roles,2019-02-20 21:00:00,11.7551251062,26.714061807,0,0,0,12,12,4316,1868
compact51_marcy__paper_roles,2019-02-20 22:00:00,15.7893593646,34.1192518254,0,0,0,12,12,6845,2832
compact51_marcy__paper_roles,2019-02-20 23:00:00,9.52737010691,18.1325140325,0,0,0,12,12,2453,606
compact51_marcy__paper_roles,2019-02-21 00:00:00,16.6703367776,85.151181364,0,0,0,12,12,7202,5822
compact51_marcy__paper_roles,2019-02-21 01:00:00,13.1318842089,29.66633052,0,0,0,12,12,5390,2298
compact51_marcy__paper_roles,2019-02-21 02:00:00,19.1126673849,85.7822041883,0,0,0,12,12,7889,5849
compact51_marcy__paper_roles,2019-02-21 03:00:00,17.1007358408,72.1406179424,0,0,0,12,12,7345,5357
compact51_marcy__paper_roles,2019-02-21 04:00:00,20.3196671084,99.5324516182,0,0,0,13,13,8105,6227
compact51_marcy__paper_roles,2019-02-21 05:00:00,17.1265619287,87.338378744,0,0,0,12,12,7360,5882
compact51_marcy__paper_roles,2019-02-21 06:00:00,12.1083937416,47.9975284905,0,0,0,12,12,4594,4094
compact51_marcy__paper_roles,2019-02-21 07:00:00,15.433209187,130.940259131,0,0,0,12,12,6692,6818
compact51_marcy__paper_roles,2019-02-21 08:00:00,15.8911203199,84.7675414984,0,0,0,11,11,6890,5809
compact51_marcy__paper_roles,2019-02-21 09:00:00,9.63445986564,30.5036518748,0,0,0,12,12,2522,2396
compact51_marcy__paper_roles,2019-02-21 10:00:00,9.25880940797,31.519421605,0,0,0,12,12,2232,2528
compact51_marcy__paper_roles,2019-02-21 11:00:00,8.40526045934,29.7899827633,0,0,0,12,12,1579,2314
compact51_marcy__paper_roles,2019-02-21 12:00:00,5.37565744933,18.9883830039,0,0,0,12,12,155,720
compact51_marcy__paper_roles,2019-02-21 13:00:00,6.73875410353,40.7049827662,0,0,0,12,12,597,3526
compact51_marcy__paper_roles,2019-02-21 14:00:00,7.7396216125,48.4428158576,0,0,0,12,12,1158,4127
compact51_marcy__paper_roles,2019-02-21 15:00:00,5.71857478667,28.281100499,0,0,0,12,12,230,2087
compact51_marcy__paper_roles,2019-02-21 16:00:00,4.72892079583,20.8598178146,0,0,0,12,12,67,991
compact51_marcy__paper_roles,2019-02-21 17:00:00,6.33968913786,25.5731410213,0,0,0,12,12,419,1671
compact51_marcy__paper_roles,2019-02-21 18:00:00,7.5032816545,24.7106315066,0,0,0,12,12,1025,1555
compact51_marcy__paper_roles,2019-02-21 19:00:00,6.97173239325,23.6860794634,0,0,0,12,12,716,1400
compact51_marcy__paper_roles,2019-02-21 20:00:00,5.29184464035,20.9074644967,0,0,0,12,12,139,998
compact51_marcy__paper_roles,2019-02-21 21:00:00,8.84265966612,42.8268446763,0,0,0,12,12,1904,3683
compact51_marcy__paper_roles,2019-02-21 22:00:00,11.5045445104,87.2243444841,0,0,0,11,11,4121,5878
compact51_marcy__paper_roles,2019-02-21 23:00:00,17.9055545001,67.3493316906,0,0,0,12,12,7605,5175
compact51_marcy__paper_roles,2019-02-22 00:00:00,8.54674162243,18.1223761451,0,0,0,12,12,1690,604
compact51_marcy__paper_roles,2019-02-22 01:00:00,8.9986377632,14.93817744,0,0,0,12,12,2034,268
compact51_marcy__paper_roles,2019-02-22 02:00:00,10.767133473,22.0975073891,0,0,0,12,12,3524,1170
compact51_marcy__paper_roles,2019-02-22 03:00:00,13.7725800622,21.7156629012,0,0,0,12,12,5813,1112
compact51_marcy__paper_roles,2019-02-22 04:00:00,9.553338039,20.5307925405,0,0,0,12,12,2471,941
compact51_marcy__paper_roles,2019-02-22 05:00:00,8.48822796221,19.8588482915,0,0,0,12,12,1648,860
compact51_marcy__paper_roles,2019-02-22 06:00:00,9.70405003486,24.2725986685,0,0,0,12,12,2567,1495
compact51_marcy__paper_roles,2019-02-22 07:00:00,10.5631880442,21.8898717917,0,0,0,12,12,3358,1135
compact51_marcy__paper_roles,2019-02-22 08:00:00,6.58348465694,17.5092463766,0,0,0,12,12,516,535
compact51_marcy__paper_roles,2019-02-22 09:00:00,6.5168398893,15.4530527883,0,0,0,12,12,491,311
compact51_marcy__paper_roles,2019-02-22 10:00:00,7.76318375466,27.5954174456,0,0,0,13,13,1176,1987
compact51_marcy__paper_roles,2019-02-22 11:00:00,10.4613114518,61.4733218866,0,0,0,12,12,3268,4903
compact51_marcy__paper_roles,2019-02-22 12:00:00,6.02902800996,32.6417067368,0,0,0,12,12,311,2661
compact51_marcy__paper_roles,2019-02-22 13:00:00,5.7859633437,32.2873169394,0,0,0,12,12,245,2631
compact51_marcy__paper_roles,2019-02-22 14:00:00,6.19020710973,29.4951188535,0,0,0,12,12,357,2277
compact51_marcy__paper_roles,2019-02-22 15:00:00,6.50657155359,20.4458161931,0,0,0,12,12,487,928
compact51_marcy__paper_roles,2019-02-22 16:00:00,6.66500125558,18.1714171973,0,0,0,12,12,557,611
compact51_marcy__paper_roles,2019-02-22 17:00:00,7.74863523411,21.7903660898,0,0,0,12,12,1165,1118
compact51_marcy__paper_roles,2019-02-22 18:00:00,8.91374861347,25.2598674833,0,0,0,12,12,1955,1631
compact51_marcy__paper_roles,2019-02-22 19:00:00,9.05809609547,36.9246062184,0,0,0,12,12,2077,3154
compact51_marcy__paper_roles,2019-02-22 20:00:00,8.74765987926,39.2519928918,0,0,0,12,12,1835,3382
compact51_marcy__paper_roles,2019-02-22 21:00:00,9.23962424953,60.7198370388,0,0,0,12,12,2217,4868
compact51_marcy__paper_roles,2019-02-22 22:00:00,8.85849386199,48.864994793,0,0,0,12,12,1914,4168
compact51_marcy__paper_roles,2019-02-22 23:00:00,5.93872835944,9.0879500808,0,0,0,12,12,284,14
compact51_marcy__paper_roles,2019-02-23 00:00:00,12.5375771854,22.0523227548,0,0,0,12,12,4944,1161
compact51_marcy__paper_roles,2019-02-23 01:00:00,9.94947371155,33.2644102525,0,0,0,12,12,2799,2733
compact51_marcy__paper_roles,2019-02-23 02:00:00,9.99468813939,38.6048053004,0,0,0,12,12,2843,3323
compact51_marcy__paper_roles,2019-02-23 03:00:00,10.1899624964,51.9828717381,0,0,0,12,12,3023,4377
compact51_marcy__paper_roles,2019-02-23 04:00:00,11.3420681403,21.9483586599,0,0,0,12,12,3972,1145
compact51_marcy__paper_roles,2019-02-23 05:00:00,13.5408497438,42.624652659,0,0,0,12,12,5668,3667
compact51_marcy__paper_roles,2019-02-23 06:00:00,13.1263826392,119.787129303,0,0,0,12,12,5383,6612
compact51_marcy__paper_roles,2019-02-23 07:00:00,13.7724265665,152.041009994,0,0,0,12,12,5812,7077
compact51_marcy__paper_roles,2019-02-23 08:00:00,12.1563545813,96.3257935729,0,0,0,12,12,4635,6154
compact51_marcy__paper_roles,2019-02-23 09:00:00,12.0788885892,59.2761216664,0,0,0,12,12,4570,4801
compact51_marcy__paper_roles,2019-02-23 10:00:00,13.1136773684,86.7894880272,0,0,0,12,12,5372,5873
compact51_marcy__paper_roles,2019-02-23 11:00:00,11.3400281225,78.3733266441,0,0,0,12,12,3970,5587
compact51_marcy__paper_roles,2019-02-23 12:00:00,11.1063696564,47.3558103556,0,0,0,12,12,3800,4035
compact51_marcy__paper_roles,2019-02-23 13:00:00,9.93308423657,28.759391204,0,0,0,12,12,2783,2168
compact51_marcy__paper_roles,2019-02-23 14:00:00,10.8262694947,33.289660267,0,0,0,12,12,3579,2735
compact51_marcy__paper_roles,2019-02-23 15:00:00,10.3788369377,32.1063379723,0,0,0,12,12,3189,2600
compact51_marcy__paper_roles,2019-02-23 16:00:00,9.36531208285,22.8445564141,0,0,0,12,12,2321,1282
compact51_marcy__paper_roles,2019-02-23 17:00:00,11.2369138374,34.0718428804,0,0,0,12,12,3895,2827
compact51_marcy__paper_roles,2019-02-23 18:00:00,8.95798060302,29.3402467116,0,0,0,12,12,1996,2257
compact51_marcy__paper_roles,2019-02-23 19:00:00,12.6491400571,67.3986958351,0,0,0,11,11,5030,5178
compact51_marcy__paper_roles,2019-02-23 20:00:00,10.5809793529,50.0907698857,0,0,0,12,12,3379,4251
compact51_marcy__paper_roles,2019-02-23 21:00:00,12.3485513417,39.2018444906,0,0,0,12,12,4787,3379
compact51_marcy__paper_roles,2019-02-23 22:00:00,9.03309289653,16.4591264914,0,0,0,12,12,2054,427
compact51_marcy__paper_roles,2019-02-23 23:00:00,12.1944693366,19.7100473475,0,0,0,12,12,4662,830
compact51_marcy__paper_roles,2019-02-24 00:00:00,9.31322043613,23.5400385927,0,0,0,12,12,2282,1378
compact51_marcy__paper_roles,2019-02-24 01:00:00,10.563525245,27.3124732407,0,0,0,12,12,3360,1954
compact51_marcy__paper_roles,2019-02-24 02:00:00,9.78345376876,46.1898360043,0,0,0,12,12,2646,3951
compact51_marcy__paper_roles,2019-02-24 03:00:00,11.5066165761,43.6309250596,0,0,0,12,12,4124,3753
compact51_marcy__paper_roles,2019-02-24 04:00:00,11.463239287,48.8417766525,0,0,0,12,12,4082,4165
compact51_marcy__paper_roles,2019-02-24 05:00:00,12.4274212327,67.9935119259,0,0,0,12,12,4843,5203
compact51_marcy__paper_roles,2019-02-24 06:00:00,9.93583036547,48.3814138302,0,0,0,12,12,2785,4123
compact51_marcy__paper_roles,2019-02-24 07:00:00,12.3359996709,45.947481371,0,0,0,12,12,4775,3936
compact51_marcy__paper_roles,2019-02-24 08:00:00,11.5184822571,29.2629958818,0,0,0,12,12,4136,2239
compact51_marcy__paper_roles,2019-02-24 09:00:00,9.2531664258,28.6008852179,0,0,0,12,12,2227,2139
compact51_marcy__paper_roles,2019-02-24 10:00:00,8.64349702982,31.2729272959,0,0,0,12,12,1761,2502
compact51_marcy__paper_roles,2019-02-24 11:00:00,10.1630637462,31.7381893384,0,0,0,12,12,2998,2545
compact51_marcy__paper_roles,2019-02-24 12:00:00,11.2801322216,29.30758883,0,0,0,12,12,3931,2249
compact51_marcy__paper_roles,2019-02-24 13:00:00,10.5419883254,25.6751935382,0,0,0,13,13,3334,1692
compact51_marcy__paper_roles,2019-02-24 14:00:00,6.61127511919,21.5863924588,0,0,0,12,12,530,1093
compact51_marcy__paper_roles,2019-02-24 15:00:00,9.03874472732,25.3563185234,0,0,0,12,12,2059,1646
compact51_marcy__paper_roles,2019-02-24 16:00:00,11.8747012604,30.8530061482,0,0,0,12,12,4409,2447
compact51_marcy__paper_roles,2019-02-24 17:00:00,9.23155321237,28.6171053325,0,0,0,12,12,2208,2142
compact51_marcy__paper_roles,2019-02-24 18:00:00,9.46133778826,26.2306379731,0,0,0,13,12,2409,1802
compact51_marcy__paper_roles,2019-02-24 19:00:00,10.1188186499,29.7646535322,0,0,0,12,12,2951,2310
compact51_marcy__paper_roles,2019-02-24 20:00:00,12.193068684,39.2886210265,0,0,0,12,12,4661,3388
compact51_marcy__paper_roles,2019-02-24 21:00:00,13.74228149,51.6336500705,0,0,0,12,12,5795,4356
compact51_marcy__paper_roles,2019-02-24 22:00:00,9.20230655084,26.7705588275,0,0,0,12,12,2185,1876
compact51_marcy__paper_roles,2019-02-24 23:00:00,5.48722701686,19.146342455,0,0,0,12,12,176,739
compact51_marcy__paper_roles,2019-02-25 00:00:00,4.25895108954,8.95206511367,0,0,0,12,12,37,12
compact51_marcy__paper_roles,2019-02-25 01:00:00,6.99137925111,26.04000329,0,0,0,12,12,728,1756
compact51_marcy__paper_roles,2019-02-25 02:00:00,8.25232168765,32.021654346,0,0,0,12,12,1468,2590
compact51_marcy__paper_roles,2019-02-25 03:00:00,9.12363147558,36.775466412,0,0,0,12,12,2127,3132
compact51_marcy__paper_roles,2019-02-25 04:00:00,11.2521797974,37.7520468408,0,0,0,12,12,3902,3236
compact51_marcy__paper_roles,2019-02-25 05:00:00,10.2381383912,17.6987809222,0,0,0,12,12,3077,557
compact51_marcy__paper_roles,2019-02-25 06:00:00,9.6356243794,18.2237502887,0,0,0,12,12,2523,618
compact51_marcy__paper_roles,2019-02-25 07:00:00,12.4458695607,32.1563041399,0,0,0,12,12,4863,2609
compact51_marcy__paper_roles,2019-02-25 08:00:00,12.8321371262,51.4475055298,0,0,0,12,12,5183,4344
compact51_marcy__paper_roles,2019-02-25 09:00:00,16.2547864265,162.713849914,0,0,0,12,12,7041,7196
compact51_marcy__paper_roles,2019-02-25 10:00:00,14.0932340797,293.466867913,0,0,0,12,12,6006,7910
compact51_marcy__paper_roles,2019-02-25 11:00:00,8.81645590344,60.1135226338,0,0,0,12,12,1878,4839
compact51_marcy__paper_roles,2019-02-25 12:00:00,11.8457751694,128.397685259,0,0,0,12,12,4384,6785
compact51_marcy__paper_roles,2019-02-25 13:00:00,13.6787108186,189.284429739,0,0,0,12,12,5753,7410
compact51_marcy__paper_roles,2019-02-25 14:00:00,12.4213878893,99.3673135759,0,0,0,12,12,4838,6222
compact51_marcy__paper_roles,2019-02-25 15:00:00,14.4704660033,186.520945657,0,0,0,12,12,6217,7394
compact51_marcy__paper_roles,2019-02-25 16:00:00,12.0443019544,111.582977345,0,0,0,12,12,4545,6475
compact51_marcy__paper_roles,2019-02-25 17:00:00,9.07634437917,55.660831299,0,0,0,12,12,2093,4618
compact51_marcy__paper_roles,2019-02-25 18:00:00,10.5147797493,107.190002605,0,0,0,12,12,3310,6397
compact51_marcy__paper_roles,2019-02-25 19:00:00,11.7317593387,221.249352059,0,0,0,12,12,4296,7613
compact51_marcy__paper_roles,2019-02-25 20:00:00,10.2066662639,307.558859965,0,0,0,12,12,3049,7952
compact51_marcy__paper_roles,2019-02-25 21:00:00,9.0063759789,142.713249227,0,0,0,12,12,2041,6973
compact51_marcy__paper_roles,2019-02-25 22:00:00,12.9711774924,63.3601976583,0,0,0,12,12,5282,4998
compact51_marcy__paper_roles,2019-02-25 23:00:00,11.7647956957,95.0497945834,0,0,0,13,13,4323,6114
compact51_marcy__paper_roles,2019-02-26 00:00:00,12.3074337097,239.550309865,0,0,0,12,12,4751,7711
compact51_marcy__paper_roles,2019-02-26 01:00:00,6.53234739627,48.6922967117,0,0,0,12,12,499,4152
compact51_marcy__paper_roles,2019-02-26 02:00:00,5.59242967001,10.4814815398,0,0,0,12,12,202,35
compact51_marcy__paper_roles,2019-02-26 03:00:00,8.01349003193,45.4140307014,0,0,0,12,12,1317,3891
compact51_marcy__paper_roles,2019-02-26 04:00:00,10.0601757151,104.889719623,1,0,0,12,12,2900,6359
compact51_marcy__paper_roles,2019-02-26 05:00:00,14.8030131121,136.883657697,1,0,0,12,12,6384,6897
compact51_marcy__paper_roles,2019-02-26 06:00:00,12.4478784548,40.1697586865,0,0,0,12,12,4868,3480
compact51_marcy__paper_roles,2019-02-26 07:00:00,12.2054495889,33.5339945415,0,0,0,12,12,4669,2760
compact51_marcy__paper_roles,2019-02-26 08:00:00,10.0513109876,61.8703367834,0,0,0,12,12,2892,4925
compact51_marcy__paper_roles,2019-02-26 09:00:00,10.5502410452,157.408813564,0,0,0,13,13,3349,7143
compact51_marcy__paper_roles,2019-02-26 10:00:00,12.3391588157,922.796885128,1,0,0,12,12,4777,8474
compact51_marcy__paper_roles,2019-02-26 11:00:00,14.94952425,419.209199532,1,0,0,12,12,6456,8155
compact51_marcy__paper_roles,2019-02-26 12:00:00,14.3635718555,245.268852527,1,0,0,12,12,6158,7737
compact51_marcy__paper_roles,2019-02-26 13:00:00,12.9096031826,201.344258026,1,0,0,12,12,5237,7502
compact51_marcy__paper_roles,2019-02-26 14:00:00,11.6462072407,325.16428368,1,0,0,12,12,4226,7996
compact51_marcy__paper_roles,2019-02-26 15:00:00,12.5717956025,501.636833558,1,0,0,12,12,4963,8253
compact51_marcy__paper_roles,2019-02-26 16:00:00,12.0689778167,860.567750549,1,0,0,12,12,4560,8456
compact51_marcy__paper_roles,2019-02-26 17:00:00,10.1682824058,331.472365393,0,0,0,12,12,3002,8008
compact51_marcy__paper_roles,2019-02-26 18:00:00,10.9649033631,132.338891635,0,0,0,12,12,3695,6837
compact51_marcy__paper_roles,2019-02-26 19:00:00,9.85364030356,204.02615634,0,0,0,12,12,2705,7518
compact51_marcy__paper_roles,2019-02-26 20:00:00,7.70785709397,100.862855197,0,0,0,12,12,1136,6264
compact51_marcy__paper_roles,2019-02-26 21:00:00,5.21014808142,20.0200539978,0,0,0,12,12,131,872
compact51_marcy__paper_roles,2019-02-26 22:00:00,6.43815749406,12.845790757,0,0,0,12,12,456,121
compact51_marcy__paper_roles,2019-02-26 23:00:00,9.75692571308,63.1854498539,0,0,0,12,12,2614,4990
compact51_marcy__paper_roles,2019-02-27 00:00:00,8.65665173528,47.4104608066,0,0,0,12,12,1774,4043
compact51_marcy__paper_roles,2019-02-27 01:00:00,9.02483154527,305.421994663,1,0,0,12,12,2051,7941
compact51_marcy__paper_roles,2019-02-27 02:00:00,9.32553882807,110.31378556,1,0,0,12,12,2291,6451
compact51_marcy__paper_roles,2019-02-27 03:00:00,9.20122893516,58.0791723287,0,0,0,12,12,2181,4741
compact51_marcy__paper_roles,2019-02-27 04:00:00,11.1205653634,4450.43501399,1,0,0,12,12,3811,8703
compact51_marcy__paper_roles,2019-02-27 05:00:00,13.6021048336,131.03787223,1,0,0,12,12,5702,6820
compact51_marcy__paper_roles,2019-02-27 06:00:00,13.8850282765,27.4481202619,0,0,0,12,12,5881,1967
compact51_marcy__paper_roles,2019-02-27 07:00:00,11.0814582022,20.3486995504,0,0,0,12,12,3776,912
compact51_marcy__paper_roles,2019-02-27 08:00:00,9.54940052758,24.4458775366,0,0,0,12,12,2470,1521
compact51_marcy__paper_roles,2019-02-27 09:00:00,8.95005660188,31.5512723022,0,0,0,12,12,1988,2530
compact51_marcy__paper_roles,2019-02-27 10:00:00,7.00217213994,12.77495259,0,0,0,12,12,735,118
compact51_marcy__paper_roles,2019-02-27 11:00:00,6.83956476765,13.4764167449,0,0,0,12,12,644,171
compact51_marcy__paper_roles,2019-02-27 12:00:00,11.3877860174,29.7086926176,0,0,0,12,12,4012,2302
compact51_marcy__paper_roles,2019-02-27 13:00:00,7.2896240245,15.5214307655,0,0,0,12,12,877,316
compact51_marcy__paper_roles,2019-02-27 14:00:00,7.00700703782,15.4860591985,0,0,0,12,12,738,313
compact51_marcy__paper_roles,2019-02-27 15:00:00,8.99121413669,15.6092803155,0,0,0,12,12,2026,327
compact51_marcy__paper_roles,2019-02-27 16:00:00,9.33627704809,15.7472604429,0,0,0,12,12,2299,336
compact51_marcy__paper_roles,2019-02-27 17:00:00,10.6694273766,28.819967432,0,0,0,12,12,3442,2176
compact51_marcy__paper_roles,2019-02-27 18:00:00,13.8176750939,33.3978713113,0,0,0,12,12,5846,2744
compact51_marcy__paper_roles,2019-02-27 19:00:00,12.351198857,35.3506008104,0,0,0,12,12,4789,2977
compact51_marcy__paper_roles,2019-02-27 20:00:00,10.4149961793,39.7266381228,0,0,0,12,12,3228,3437
compact51_marcy__paper_roles,2019-02-27 21:00:00,8.51888442249,26.1563559319,0,0,0,12,12,1668,1784
compact51_marcy__paper_roles,2019-02-27 22:00:00,12.1126645297,30.7757746917,0,0,0,12,12,4599,2432
compact51_marcy__paper_roles,2019-02-27 23:00:00,11.9645865827,28.3016287038,0,0,0,12,12,4481,2090
compact51_marcy__paper_roles,2019-02-28 00:00:00,10.9124628671,32.8076576149,0,0,0,12,12,3651,2682
compact51_marcy__paper_roles,2019-02-28 01:00:00,10.4604284218,26.7841178854,0,0,0,12,12,3266,1880
compact51_marcy__paper_roles,2019-02-28 02:00:00,11.2673942929,37.9982364201,0,0,0,12,12,3923,3263
compact51_marcy__paper_roles,2019-02-28 03:00:00,10.3901305417,31.6459859595,0,0,0,12,12,3202,2539
compact51_marcy__paper_roles,2019-02-28 04:00:00,11.5740397702,61.0115046433,0,0,0,12,12,4177,4885
compact51_marcy__paper_roles,2019-02-28 05:00:00,13.503864144,34.4021727346,0,0,0,12,12,5641,2871
compact51_marcy__paper_roles,2019-02-28 06:00:00,13.9279266763,25.2585585229,0,0,0,13,12,5909,1630
compact51_marcy__paper_roles,2019-02-28 07:00:00,15.3457070617,39.7010104909,0,0,0,12,12,6655,3434
compact51_marcy__paper_roles,2019-02-28 08:00:00,16.1308872764,29.201488802,0,0,0,12,12,6992,2229
compact51_marcy__paper_roles,2019-02-28 09:00:00,13.3443464044,25.3166255474,0,0,0,12,12,5539,1636
compact51_marcy__paper_roles,2019-02-28 10:00:00,8.38998989462,19.2276624551,0,0,0,12,12,1569,760
compact51_marcy__paper_roles,2019-02-28 11:00:00,10.4351796084,20.810832038,0,0,0,12,12,3244,981
compact51_marcy__paper_roles,2019-02-28 12:00:00,8.58125980269,16.7959557894,0,0,0,12,12,1707,461
compact51_marcy__paper_roles,2019-02-28 13:00:00,7.63897419478,15.5477057393,0,0,0,12,12,1095,318
compact51_marcy__paper_roles,2019-02-28 14:00:00,7.89443352501,16.5861660967,0,0,0,12,12,1240,437
compact51_marcy__paper_roles,2019-02-28 15:00:00,8.50484948523,15.2970615914,0,0,0,12,12,1660,295
compact51_marcy__paper_roles,2019-02-28 16:00:00,8.69318697465,18.8144724835,0,0,0,12,12,1801,694
compact51_marcy__paper_roles,2019-02-28 17:00:00,9.76156699352,20.3561862796,0,0,0,12,12,2625,914
compact51_marcy__paper_roles,2019-02-28 18:00:00,9.52612890831,23.5128685817,0,0,0,12,12,2452,1370
compact51_marcy__paper_roles,2019-02-28 19:00:00,9.17549250835,23.6369024224,0,0,0,12,12,2163,1392
compact51_marcy__paper_roles,2019-02-28 20:00:00,10.1043266009,22.5463291289,0,0,0,12,12,2941,1231
compact51_marcy__paper_roles,2019-02-28 21:00:00,8.58868980015,20.9801337956,0,0,0,12,12,1717,1014
compact51_marcy__paper_roles,2019-02-28 22:00:00,10.7568501763,19.8231567139,0,0,0,12,12,3516,855
compact51_marcy__paper_roles,2019-02-28 23:00:00,8.13884021259,24.9737602649,0,0,0,12,12,1387,1581
compact51_marcy__paper_roles,2019-03-01 00:00:00,10.0984464215,26.0541362889,0,0,0,12,12,2936,1758
compact51_marcy__paper_roles,2019-03-01 01:00:00,7.35933129654,18.4914673174,0,0,0,12,12,919,644
compact51_marcy__paper_roles,2019-03-01 02:00:00,12.3204819156,27.2866155394,0,0,0,12,12,4763,1949
compact51_marcy__paper_roles,2019-03-01 03:00:00,11.6496934566,41.3880065417,0,0,0,12,12,4230,3577
compact51_marcy__paper_roles,2019-03-01 04:00:00,11.3677709861,23.8532021998,0,0,0,12,12,3998,1426
compact51_marcy__paper_roles,2019-03-01 05:00:00,8.69770231455,20.5412006514,0,0,0,12,12,1804,942
compact51_marcy__paper_roles,2019-03-01 06:00:00,11.3243930964,27.4490281221,0,0,0,12,12,3960,1968
compact51_marcy__paper_roles,2019-03-01 07:00:00,10.5491237809,20.8109448485,0,0,0,12,12,3347,982
compact51_marcy__paper_roles,2019-03-01 08:00:00,6.36592142402,13.8250404801,0,0,0,12,12,429,190
compact51_marcy__paper_roles,2019-03-01 09:00:00,5.50470236631,16.2697174566,0,0,0,12,12,183,397
compact51_marcy__paper_roles,2019-03-01 10:00:00,5.90987338036,23.7303109202,0,0,0,12,12,273,1405
compact51_marcy__paper_roles,2019-03-01 11:00:00,7.73569584753,42.1027199977,0,0,0,12,12,1154,3632
compact51_marcy__paper_roles,2019-03-01 12:00:00,5.10776095104,13.1141546314,0,0,0,12,12,110,135
compact51_marcy__paper_roles,2019-03-01 13:00:00,8.43879355339,15.7674760047,0,0,0,12,12,1609,340
compact51_marcy__paper_roles,2019-03-01 14:00:00,8.04987145155,16.1549121085,0,0,0,12,12,1343,385
compact51_marcy__paper_roles,2019-03-01 15:00:00,10.1760216764,21.5814380031,0,0,0,12,12,3011,1092
compact51_marcy__paper_roles,2019-03-01 16:00:00,12.9577456177,25.5849213197,0,0,0,12,12,5271,1675
compact51_marcy__paper_roles,2019-03-01 17:00:00,13.8053830478,25.6300787779,0,0,0,12,12,5836,1683
compact51_marcy__paper_roles,2019-03-01 18:00:00,11.344143987,17.3406289168,0,0,0,12,12,3974,520
compact51_marcy__paper_roles,2019-03-01 19:00:00,14.3411993317,27.9670133145,0,0,0,12,12,6147,2043
compact51_marcy__paper_roles,2019-03-01 20:00:00,15.3521682178,28.5798998283,0,0,0,12,12,6657,2133
compact51_marcy__paper_roles,2019-03-01 21:00:00,18.7464149097,39.4793607995,0,0,0,12,12,7815,3413
compact51_marcy__paper_roles,2019-03-01 22:00:00,23.9772798578,51.1906575293,0,0,0,13,12,8491,4320
compact51_marcy__paper_roles,2019-03-01 23:00:00,30.6665034251,62.0033029248,0,0,0,12,12,8714,4933
compact51_marcy__paper_roles,2019-03-02 00:00:00,14.4933051667,33.5763119529,0,0,0,12,12,6231,2766
compact51_marcy__paper_roles,2019-03-02 01:00:00,13.633005095,27.3395261352,0,0,0,12,12,5723,1957
compact51_marcy__paper_roles,2019-03-02 02:00:00,12.3093913451,25.1541710942,0,0,0,12,12,4752,1609
compact51_marcy__paper_roles,2019-03-02 03:00:00,10.9399622145,18.5403672464,0,0,0,12,12,3671,652
compact51_marcy__paper_roles,2019-03-02 04:00:00,10.7596134159,19.642770493,0,0,0,12,12,3517,821
compact51_marcy__paper_roles,2019-03-02 05:00:00,6.72797305969,13.3739344017,0,0,0,12,12,593,163
compact51_marcy__paper_roles,2019-03-02 06:00:00,6.78083217453,31.0802864967,0,0,0,12,12,614,2473
compact51_marcy__paper_roles,2019-03-02 07:00:00,9.05363225469,38.5504367002,0,0,0,12,12,2071,3318
compact51_marcy__paper_roles,2019-03-02 08:00:00,12.1996332684,35.3463564164,0,0,0,12,12,4665,2976
compact51_marcy__paper_roles,2019-03-02 09:00:00,15.1027478786,33.2486662709,0,0,0,12,12,6534,2730
compact51_marcy__paper_roles,2019-03-02 10:00:00,12.6976126224,29.9614174373,0,0,0,12,12,5074,2338
compact51_marcy__paper_roles,2019-03-02 11:00:00,11.7882641302,28.1757395685,0,0,0,12,12,4341,2071
compact51_marcy__paper_roles,2019-03-02 12:00:00,13.1305672537,31.7805888697,0,0,0,12,12,5389,2552
compact51_marcy__paper_roles,2019-03-02 13:00:00,12.2099157257,34.4055924675,0,0,0,12,12,4672,2873
compact51_marcy__paper_roles,2019-03-02 14:00:00,13.3753014701,33.6482476961,0,0,0,12,12,5557,2776
compact51_marcy__paper_roles,2019-03-02 15:00:00,14.4620118511,35.1125242096,0,0,0,12,12,6212,2948
compact51_marcy__paper_roles,2019-03-02 16:00:00,14.2881746271,39.0148333205,0,0,0,12,12,6123,3359
compact51_marcy__paper_roles,2019-03-02 17:00:00,16.6143353509,42.9981001158,0,0,0,12,12,7186,3707
compact51_marcy__paper_roles,2019-03-02 18:00:00,18.9640412688,47.8007544889,0,0,0,12,12,7855,4073
compact51_marcy__paper_roles,2019-03-02 19:00:00,18.6889157703,47.8105114118,0,0,0,12,12,7805,4075
compact51_marcy__paper_roles,2019-03-02 20:00:00,19.4731416926,47.5364743521,0,0,0,12,12,7958,4054
compact51_marcy__paper_roles,2019-03-02 21:00:00,18.2655488935,43.8363471359,0,0,0,12,12,7700,3768
compact51_marcy__paper_roles,2019-03-02 22:00:00,18.9487317461,43.8535985856,0,0,0,12,12,7851,3771
compact51_marcy__paper_roles,2019-03-02 23:00:00,15.3841026134,39.5565894799,0,0,0,12,12,6673,3419
compact51_marcy__paper_roles,2019-03-03 00:00:00,10.5887372715,166.138078558,1,0,0,12,12,3386,7229
compact51_marcy__paper_roles,2019-03-03 01:00:00,12.4386416165,141.259044615,1,0,0,12,12,4854,6955
compact51_marcy__paper_roles,2019-03-03 02:00:00,10.8679898764,166.620428423,1,0,0,12,12,3618,7236
compact51_marcy__paper_roles,2019-03-03 03:00:00,12.2160514884,110.701847868,1,0,0,12,12,4678,6459
compact51_marcy__paper_roles,2019-03-03 04:00:00,15.0007233343,78.9008696188,0,0,0,12,12,6487,5602
compact51_marcy__paper_roles,2019-03-03 05:00:00,13.0139113576,47.7106634949,0,0,0,12,12,5310,4064
compact51_marcy__paper_roles,2019-03-03 06:00:00,7.98356788524,27.3754794263,0,0,0,12,12,1297,1960
compact51_marcy__paper_roles,2019-03-03 07:00:00,10.867416946,111.587114118,0,0,0,12,12,3616,6477
compact51_marcy__paper_roles,2019-03-03 08:00:00,8.25131758494,30.438855634,0,0,0,12,12,1467,2384
compact51_marcy__paper_roles,2019-03-03 09:00:00,10.3630251133,52.5940385826,0,0,0,12,12,3178,4417
compact51_marcy__paper_roles,2019-03-03 10:00:00,10.4230257737,79.5578141317,0,0,0,12,12,3232,5635
compact51_marcy__paper_roles,2019-03-03 11:00:00,9.75322963469,70.0286596748,0,0,0,12,12,2609,5275
compact51_marcy__paper_roles,2019-03-03 12:00:00,9.41827086527,55.9180541507,0,0,0,12,12,2369,4636
compact51_marcy__paper_roles,2019-03-03 13:00:00,8.77908398285,27.5998265786,0,0,0,12,12,1853,1988
compact51_marcy__paper_roles,2019-03-03 14:00:00,7.22379103025,16.7271958492,0,0,0,12,12,852,452
compact51_marcy__paper_roles,2019-03-03 15:00:00,7.65268484406,21.3060913923,0,0,0,12,12,1101,1052
compact51_marcy__paper_roles,2019-03-03 16:00:00,9.24978847658,22.8571611417,0,0,0,12,12,2223,1283
compact51_marcy__paper_roles,2019-03-03 17:00:00,10.6544969041,25.9749320902,0,0,0,12,12,3430,1740
compact51_marcy__paper_roles,2019-03-03 18:00:00,11.750445399,35.9858063367,0,0,0,12,12,4309,3052
compact51_marcy__paper_roles,2019-03-03 19:00:00,9.5289623402,26.5870567365,0,0,0,12,12,2454,1848
compact51_marcy__paper_roles,2019-03-03 20:00:00,8.27772565142,22.4712112514,0,0,0,12,12,1488,1223
compact51_marcy__paper_roles,2019-03-03 21:00:00,9.39063459962,28.4316892555,0,0,0,12,12,2339,2110
compact51_marcy__paper_roles,2019-03-03 22:00:00,9.39271177402,34.0906682233,0,0,0,12,12,2342,2830
compact51_marcy__paper_roles,2019-03-03 23:00:00,19.9524773549,53.0133016762,0,0,0,12,12,8046,4446
compact51_marcy__paper_roles,2019-03-04 00:00:00,16.1057657492,49.3004609402,0,0,0,12,12,6975,4203
compact51_marcy__paper_roles,2019-03-04 01:00:00,16.7854799791,101.899743353,0,0,0,12,12,7231,6293
compact51_marcy__paper_roles,2019-03-04 02:00:00,18.8373151877,74.0673665934,0,0,0,12,12,7833,5439
compact51_marcy__paper_roles,2019-03-04 03:00:00,18.5064902918,201.675927418,0,0,0,12,12,7753,7504
compact51_marcy__paper_roles,2019-03-04 04:00:00,21.3968245354,381.425249389,1,0,0,12,12,8266,8115
compact51_marcy__paper_roles,2019-03-04 05:00:00,12.524591116,37.9264738058,0,0,0,12,12,4935,3256
compact51_marcy__paper_roles,2019-03-04 06:00:00,7.74913415477,18.2643751965,0,0,0,12,12,1167,620
compact51_marcy__paper_roles,2019-03-04 07:00:00,9.81571920691,38.161074893,0,0,0,12,12,2669,3282
compact51_marcy__paper_roles,2019-03-04 08:00:00,9.17179742066,20.9590202094,0,0,0,12,12,2158,1008
compact51_marcy__paper_roles,2019-03-04 09:00:00,6.82049518255,17.8214799267,0,0,0,12,12,634,571
compact51_marcy__paper_roles,2019-03-04 10:00:00,6.97775930957,16.4188492591,0,0,0,12,12,721,421
compact51_marcy__paper_roles,2019-03-04 11:00:00,8.58432728117,28.0423837215,0,0,0,13,13,1710,2051
compact51_marcy__paper_roles,2019-03-04 12:00:00,6.96779542357,15.1535008568,0,0,0,12,12,712,280
compact51_marcy__paper_roles,2019-03-04 13:00:00,7.54033600284,15.6306271326,0,0,0,12,12,1043,328
compact51_marcy__paper_roles,2019-03-04 14:00:00,7.6629255234,14.3814780826,0,0,0,12,12,1108,228
compact51_marcy__paper_roles,2019-03-04 15:00:00,8.3139534158,14.9013421947,0,0,0,12,12,1515,262
compact51_marcy__paper_roles,2019-03-04 16:00:00,9.06682757881,49.0690650284,0,0,0,12,12,2085,4183
compact51_marcy__paper_roles,2019-03-04 17:00:00,8.16591664118,30.8612479971,0,0,0,12,12,1409,2449
compact51_marcy__paper_roles,2019-03-04 18:00:00,7.5206945269,22.256495977,0,0,0,12,12,1034,1191
compact51_marcy__paper_roles,2019-03-04 19:00:00,6.82192171153,18.4827647388,0,0,0,12,12,638,643
compact51_marcy__paper_roles,2019-03-04 20:00:00,7.5642336137,40.9495871114,0,0,0,12,12,1059,3548
compact51_marcy__paper_roles,2019-03-04 21:00:00,6.35305611599,14.9578621446,0,0,0,12,12,424,269
compact51_marcy__paper_roles,2019-03-04 22:00:00,5.72622532115,64.317764212,0,0,0,12,12,231,5037
compact51_marcy__paper_roles,2019-03-04 23:00:00,8.22801129031,65.5408263974,0,0,0,12,12,1457,5100
compact51_marcy__paper_roles,2019-03-05 00:00:00,8.69427603844,46.6210069907,0,0,0,12,12,1802,3982
compact51_marcy__paper_roles,2019-03-05 01:00:00,5.83852528358,15.0763278042,0,0,0,12,12,262,275
compact51_marcy__paper_roles,2019-03-05 02:00:00,8.66925613139,90.2851466393,0,0,0,13,12,1786,5971
compact51_marcy__paper_roles,2019-03-05 03:00:00,10.7139129831,125.522063793,1,0,0,13,13,3482,6728
compact51_marcy__paper_roles,2019-03-05 04:00:00,7.34335169708,50.6991708304,0,0,0,13,12,903,4282
compact51_marcy__paper_roles,2019-03-05 05:00:00,11.5785006972,120.739765042,1,0,0,12,12,4180,6643
compact51_marcy__paper_roles,2019-03-05 06:00:00,7.42072337722,20.2391151048,0,0,0,12,12,967,899
compact51_marcy__paper_roles,2019-03-05 07:00:00,10.5448113972,38.0901825151,0,0,0,12,12,3338,3274
compact51_marcy__paper_roles,2019-03-05 08:00:00,10.6942284643,56.1236285446,0,0,0,12,12,3462,4649
compact51_marcy__paper_roles,2019-03-05 09:00:00,8.03950250624,30.7984157556,0,0,0,12,12,1337,2437
compact51_marcy__paper_roles,2019-03-05 10:00:00,7.75903308752,21.4699990391,0,0,0,12,12,1173,1076
compact51_marcy__paper_roles,2019-03-05 11:00:00,7.70951560243,17.847681067,0,0,0,12,12,1138,573
compact51_marcy__paper_roles,2019-03-05 12:00:00,7.66395245535,19.2442525792,0,0,0,13,13,1111,762
compact51_marcy__paper_roles,2019-03-05 13:00:00,7.04573841665,13.4229575588,0,0,0,12,12,758,167
compact51_marcy__paper_roles,2019-03-05 14:00:00,6.93685488068,14.9011386193,0,0,0,12,12,693,261
compact51_marcy__paper_roles,2019-03-05 15:00:00,9.06976001178,23.7979567308,0,0,0,12,12,2088,1417
compact51_marcy__paper_roles,2019-03-05 16:00:00,9.42640539678,23.3060642986,0,0,0,12,12,2375,1344
compact51_marcy__paper_roles,2019-03-05 17:00:00,10.2048923158,29.098193563,0,0,0,12,12,3042,2210
compact51_marcy__paper_roles,2019-03-05 18:00:00,9.82959956474,19.1190043061,0,0,0,12,12,2681,734
compact51_marcy__paper_roles,2019-03-05 19:00:00,7.48851648115,17.609021121,0,0,0,12,12,1019,543
compact51_marcy__paper_roles,2019-03-05 20:00:00,6.59142189584,14.9843621167,0,0,0,12,12,520,271
compact51_marcy__paper_roles,2019-03-05 21:00:00,7.85065441474,25.6753798047,0,0,0,12,12,1219,1693
compact51_marcy__paper_roles,2019-03-05 22:00:00,7.81750268778,49.2372942826,0,0,0,12,12,1207,4197
compact51_marcy__paper_roles,2019-03-05 23:00:00,6.05036704784,15.8927406551,0,0,0,12,12,317,359
compact51_marcy__paper_roles,2019-03-06 00:00:00,5.16500709202,14.3644159506,0,0,0,12,12,118,226
compact51_marcy__paper_roles,2019-03-06 01:00:00,5.74442794707,14.2039465659,0,0,0,12,12,239,215
compact51_marcy__paper_roles,2019-03-06 02:00:00,6.23651736738,14.5134892362,0,0,0,12,12,380,237
compact51_marcy__paper_roles,2019-03-06 03:00:00,6.15583902006,16.5195125032,0,0,0,12,12,347,431
compact51_marcy__paper_roles,2019-03-06 04:00:00,7.41708101159,19.2469791057,0,0,0,12,12,963,763
compact51_marcy__paper_roles,2019-03-06 05:00:00,11.1949893252,33.7048221583,0,0,0,12,12,3868,2783
compact51_marcy__paper_roles,2019-03-06 06:00:00,9.85812347189,16.7573381904,0,0,0,14,13,2709,457
compact51_marcy__paper_roles,2019-03-06 07:00:00,9.90203123718,17.2510528204,0,0,0,12,12,2749,510
compact51_marcy__paper_roles,2019-03-06 08:00:00,7.55557192877,12.9301459352,0,0,0,12,12,1053,125
compact51_marcy__paper_roles,2019-03-06 09:00:00,6.3516309708,11.9966521486,0,0,0,12,12,422,76
compact51_marcy__paper_roles,2019-03-06 10:00:00,6.94688790345,14.5955665685,0,0,0,13,12,698,241
compact51_marcy__paper_roles,2019-03-06 11:00:00,7.82165179624,25.0791746533,0,0,0,12,12,1209,1595
compact51_marcy__paper_roles,2019-03-06 12:00:00,10.7005308324,64.4642646069,0,0,0,12,12,3468,5045
compact51_marcy__paper_roles,2019-03-06 13:00:00,9.70050922074,39.6742211113,0,0,0,12,12,2563,3431
compact51_marcy__paper_roles,2019-03-06 14:00:00,8.70415120028,21.1392477986,0,0,0,12,12,1812,1032
compact51_marcy__paper_roles,2019-03-06 15:00:00,8.25484086036,49.7311204176,0,0,0,12,12,1471,4232
compact51_marcy__paper_roles,2019-03-06 16:00:00,9.39099543997,97.2757302955,0,0,0,12,12,2340,6173
compact51_marcy__paper_roles,2019-03-06 17:00:00,8.56572720966,24.8038405483,0,0,0,13,12,1699,1562
compact51_marcy__paper_roles,2019-03-06 18:00:00,9.06041652374,42.7886434376,0,0,0,12,12,2082,3677
compact51_marcy__paper_roles,2019-03-06 19:00:00,9.44989267704,44.9162751793,0,0,0,12,12,2397,3855
compact51_marcy__paper_roles,2019-03-06 20:00:00,8.8257563871,26.503825719,0,0,0,12,12,1886,1837
compact51_marcy__paper_roles,2019-03-06 21:00:00,10.0804362876,37.2901683305,0,0,0,12,12,2921,3188
compact51_marcy__paper_roles,2019-03-06 22:00:00,5.42092604785,13.4462029958,0,0,0,12,12,167,169
compact51_marcy__paper_roles,2019-03-06 23:00:00,6.78001591786,24.6892972299,0,0,0,12,12,612,1547
compact51_marcy__paper_roles,2019-03-07 00:00:00,8.7380922359,27.3021055615,0,0,0,12,12,1829,1951
compact51_marcy__paper_roles,2019-03-07 01:00:00,8.1983340641,17.5219010924,0,0,0,12,12,1432,537
compact51_marcy__paper_roles,2019-03-07 02:00:00,7.85369840424,16.2733734407,0,0,0,12,12,1222,398
compact51_marcy__paper_roles,2019-03-07 03:00:00,9.59633749796,38.5807557048,0,0,0,12,12,2502,3321
compact51_marcy__paper_roles,2019-03-07 04:00:00,11.2678354178,25.7648223723,0,0,0,12,12,3925,1707
compact51_marcy__paper_roles,2019-03-07 05:00:00,9.47393241118,25.1201838768,0,0,0,12,12,2418,1603
compact51_marcy__paper_roles,2019-03-07 06:00:00,10.1628857043,31.9288128741,0,0,0,12,12,2997,2578
compact51_marcy__paper_roles,2019-03-07 07:00:00,11.5537110282,33.0573664037,0,0,0,12,12,4158,2703
compact51_marcy__paper_roles,2019-03-07 08:00:00,7.23518126813,14.0203112771,0,0,0,12,12,859,200
compact51_marcy__paper_roles,2019-03-07 09:00:00,7.3013287354,13.6525618261,0,0,0,12,12,882,184
compact51_marcy__paper_roles,2019-03-07 10:00:00,7.18049277654,12.8607741902,0,0,0,12,12,822,122
compact51_marcy__paper_roles,2019-03-07 11:00:00,8.05188536542,18.7616042105,0,0,0,12,12,1346,688
compact51_marcy__paper_roles,2019-03-07 12:00:00,6.61143362166,14.3962952295,0,0,0,12,12,531,229
compact51_marcy__paper_roles,2019-03-07 13:00:00,7.42438731307,15.9961278488,0,0,0,12,12,969,369
compact51_marcy__paper_roles,2019-03-07 14:00:00,8.25376229749,27.9522038556,0,0,0,12,12,1469,2042
compact51_marcy__paper_roles,2019-03-07 15:00:00,8.24692350159,27.908030981,0,0,0,12,12,1465,2032
compact51_marcy__paper_roles,2019-03-07 16:00:00,8.55895045716,28.5847602731,0,0,0,12,12,1696,2136
compact51_marcy__paper_roles,2019-03-07 17:00:00,8.10010487317,20.0955848572,0,0,0,12,12,1369,885
compact51_marcy__paper_roles,2019-03-07 18:00:00,7.65402889359,17.2039467672,0,0,0,12,12,1104,500
compact51_marcy__paper_roles,2019-03-07 19:00:00,6.84203180616,18.6460941067,0,0,0,12,12,646,671
compact51_marcy__paper_roles,2019-03-07 20:00:00,7.92376414744,28.8410253057,0,0,0,12,12,1264,2178
compact51_marcy__paper_roles,2019-03-07 21:00:00,7.22175121406,35.2420259144,0,0,0,12,12,851,2964
compact51_marcy__paper_roles,2019-03-07 22:00:00,10.6473517153,73.3872132568,0,0,0,12,12,3423,5399
compact51_marcy__paper_roles,2019-03-07 23:00:00,10.7404317012,64.0766158329,0,0,0,12,12,3501,5024
compact51_marcy__paper_roles,2019-03-08 00:00:00,8.27091194291,23.526886657,0,0,0,12,12,1481,1373
compact51_marcy__paper_roles,2019-03-08 01:00:00,9.44140210853,181.810646075,1,0,0,12,12,2385,7362
compact51_marcy__paper_roles,2019-03-08 02:00:00,10.4691193526,140.164111429,1,0,0,12,12,3280,6941
compact51_marcy__paper_roles,2019-03-08 03:00:00,9.47791550088,92.961151583,0,0,0,12,12,2420,6055
compact51_marcy__paper_roles,2019-03-08 04:00:00,9.79614793212,50.0134575466,0,0,0,12,12,2655,4246
compact51_marcy__paper_roles,2019-03-08 05:00:00,8.47222190555,23.1357740297,0,0,0,12,12,1634,1318
compact51_marcy__paper_roles,2019-03-08 06:00:00,7.4598810649,16.0724094153,0,0,0,12,12,995,375
compact51_marcy__paper_roles,2019-03-08 07:00:00,8.42026837844,37.5520053745,0,0,0,12,12,1593,3211
compact51_marcy__paper_roles,2019-03-08 08:00:00,6.66922700334,16.3766472088,0,0,0,12,12,560,412
compact51_marcy__paper_roles,2019-03-08 09:00:00,6.63424980736,26.2212955566,0,0,0,12,12,540,1799
compact51_marcy__paper_roles,2019-03-08 10:00:00,5.92947827134,12.6635045999,0,0,0,12,12,278,111
compact51_marcy__paper_roles,2019-03-08 11:00:00,5.86193240474,15.2328353054,0,0,0,12,12,267,290
compact51_marcy__paper_roles,2019-03-08 12:00:00,6.59313540543,30.6432063351,0,0,0,12,12,522,2411
compact51_marcy__paper_roles,2019-03-08 13:00:00,7.71131649463,40.8429936653,0,0,0,12,12,1139,3538
compact51_marcy__paper_roles,2019-03-08 14:00:00,7.74898198925,40.7170580161,0,0,0,12,12,1166,3528
compact51_marcy__paper_roles,2019-03-08 15:00:00,5.65835944129,17.1921169126,0,0,0,12,12,221,498
compact51_marcy__paper_roles,2019-03-08 16:00:00,5.94746488396,10.2884852924,0,0,0,12,12,288,31
compact51_marcy__paper_roles,2019-03-08 17:00:00,7.46448821483,19.6432407136,0,0,0,12,12,1000,822
compact51_marcy__paper_roles,2019-03-08 18:00:00,9.34324327221,45.2308377799,0,0,0,12,12,2304,3877
compact51_marcy__paper_roles,2019-03-08 19:00:00,8.84692675266,89.9163100308,0,0,0,12,12,1907,5962
compact51_marcy__paper_roles,2019-03-08 20:00:00,5.63569328384,32.7537417416,0,0,0,12,12,214,2675
compact51_marcy__paper_roles,2019-03-08 21:00:00,7.06632036232,54.5854778251,0,0,0,12,12,770,4553
compact51_marcy__paper_roles,2019-03-08 22:00:00,8.39143279799,82.6895801576,0,0,0,12,12,1571,5731
compact51_marcy__paper_roles,2019-03-08 23:00:00,10.8554543012,357.772917705,1,0,0,12,12,3604,8079
compact51_marcy__paper_roles,2019-03-09 00:00:00,10.4650064025,3893.06637754,1,0,0,12,12,3275,8689
compact51_marcy__paper_roles,2019-03-09 01:00:00,10.9001931575,1060.00217098,1,0,0,12,12,3645,8506
compact51_marcy__paper_roles,2019-03-09 02:00:00,10.4045106595,10378.6377139,0,0,0,12,12,3222,8737
compact51_marcy__paper_roles,2019-03-09 03:00:00,11.9999026958,693.5699406,0,0,0,12,12,4514,8397
compact51_marcy__paper_roles,2019-03-09 04:00:00,11.8514141836,552.600718884,0,0,0,12,12,4391,8296
compact51_marcy__paper_roles,2019-03-09 05:00:00,12.0976446378,660.576902604,1,0,0,12,12,4583,8372
compact51_marcy__paper_roles,2019-03-09 06:00:00,10.3474319747,104.083779236,1,0,0,12,12,3162,6343
compact51_marcy__paper_roles,2019-03-09 07:00:00,9.30541105723,57.6867532486,0,0,0,12,12,2270,4729
compact51_marcy__paper_roles,2019-03-09 08:00:00,9.81652199021,73.9288805708,0,0,0,12,12,2671,5432
compact51_marcy__paper_roles,2019-03-09 09:00:00,9.50834276789,90.8927594406,0,0,0,12,12,2437,5982
compact51_marcy__paper_roles,2019-03-09 10:00:00,8.3277135939,38.2689954719,0,0,0,12,12,1524,3292
compact51_marcy__paper_roles,2019-03-09 11:00:00,7.77134341732,35.6465453097,0,0,0,13,13,1181,3014
compact51_marcy__paper_roles,2019-03-09 12:00:00,8.84057874725,52.5077438617,0,0,0,12,12,1901,4412
compact51_marcy__paper_roles,2019-03-09 13:00:00,8.34159446087,39.6697601569,0,0,0,12,12,1536,3430
compact51_marcy__paper_roles,2019-03-09 14:00:00,8.836883917,39.1312922476,0,0,0,12,12,1896,3371
compact51_marcy__paper_roles,2019-03-09 15:00:00,9.48319129386,50.1707557205,0,0,0,12,12,2422,4256
compact51_marcy__paper_roles,2019-03-09 16:00:00,9.87115851585,47.9504338489,0,0,0,12,12,2719,4088
compact51_marcy__paper_roles,2019-03-09 17:00:00,10.2384845084,57.500466038,0,0,0,12,12,3079,4717
compact51_marcy__paper_roles,2019-03-09 18:00:00,7.48443401784,44.0913729269,0,0,0,12,12,1014,3793
compact51_marcy__paper_roles,2019-03-09 19:00:00,6.95462218722,20.3972185877,0,0,0,13,13,704,919
compact51_marcy__paper_roles,2019-03-09 20:00:00,6.76104492861,21.1785806649,0,0,0,12,12,605,1041
compact51_marcy__paper_roles,2019-03-09 21:00:00,7.91377684311,2821.22337521,0,0,0,12,12,1259,8659
compact51_marcy__paper_roles,2019-03-09 22:00:00,6.88578582162,31.0824474655,0,0,0,12,12,664,2475
compact51_marcy__paper_roles,2019-03-09 23:00:00,6.91570442072,242.532477923,0,0,0,12,12,680,7725
compact51_marcy__paper_roles,2019-03-10 00:00:00,9.4072037037,13.7057706235,0,0,0,12,12,2354,186
compact51_marcy__paper_roles,2019-03-10 01:00:00,8.5406859848,26.0607102394,0,0,0,12,12,1686,1762
compact51_marcy__paper_roles,2019-03-10 02:00:00,8.64971513093,29.3593617402,0,7,0,0,0,1768,2259
compact51_marcy__paper_roles,2019-03-10 03:00:00,8.90212690725,27.9981441323,0,0,0,14,12,1951,2046
compact51_marcy__paper_roles,2019-03-10 04:00:00,9.1148383456,42.3698619469,0,0,0,12,12,2117,3648
compact51_marcy__paper_roles,2019-03-10 05:00:00,8.3617235233,20.5862873647,0,0,0,12,12,1552,954
compact51_marcy__paper_roles,2019-03-10 06:00:00,8.63385530743,20.7426969197,0,0,0,12,12,1757,972
compact51_marcy__paper_roles,2019-03-10 07:00:00,7.88088409105,22.223283343,0,0,0,12,12,1235,1183
compact51_marcy__paper_roles,2019-03-10 08:00:00,9.29584028351,28.0582018508,0,0,0,12,12,2260,2053
compact51_marcy__paper_roles,2019-03-10 09:00:00,11.1889361586,25.7094371885,0,0,0,11,11,3865,1699
compact51_marcy__paper_roles,2019-03-10 10:00:00,12.1362482303,24.9187090136,0,0,0,12,12,4624,1577
compact51_marcy__paper_roles,2019-03-10 11:00:00,12.3059285579,33.5229768614,0,0,0,12,12,4748,2756
compact51_marcy__paper_roles,2019-03-10 12:00:00,12.4168808343,38.2457538658,0,0,0,12,12,4835,3290
compact51_marcy__paper_roles,2019-03-10 13:00:00,13.1560329866,44.4524103166,0,0,0,12,12,5406,3822
compact51_marcy__paper_roles,2019-03-10 14:00:00,12.953054922,47.2210277925,0,0,0,12,12,5266,4022
compact51_marcy__paper_roles,2019-03-10 15:00:00,10.6633515592,41.2378457346,0,0,0,12,12,3436,3570
compact51_marcy__paper_roles,2019-03-10 16:00:00,9.77240612515,30.8988944818,0,0,0,12,12,2638,2455
compact51_marcy__paper_roles,2019-03-10 17:00:00,9.18931622798,18.1384255976,0,0,0,12,12,2176,610
compact51_marcy__paper_roles,2019-03-10 18:00:00,8.07836781292,18.36351862,0,0,0,12,12,1353,628
compact51_marcy__paper_roles,2019-03-10 19:00:00,12.1829516962,75.2341344291,0,0,0,12,12,4658,5479
compact51_marcy__paper_roles,2019-03-10 20:00:00,10.6689543638,24.0451860012,0,0,0,12,12,3440,1463
compact51_marcy__paper_roles,2019-03-10 21:00:00,12.4795111883,46.2509578678,0,0,0,12,12,4899,3955
compact51_marcy__paper_roles,2019-03-10 22:00:00,14.9735117405,46.5015948365,0,0,0,12,12,6469,3975
compact51_marcy__paper_roles,2019-03-10 23:00:00,16.3682485616,55.7692559974,0,0,0,12,12,7092,4625
compact51_marcy__paper_roles,2019-03-11 00:00:00,6.97309449394,19.4758239049,0,0,0,12,12,717,793
compact51_marcy__paper_roles,2019-03-11 01:00:00,6.65044320803,18.5650975208,0,0,0,12,12,551,656
compact51_marcy__paper_roles,2019-03-11 02:00:00,7.45512435282,21.9552767524,0,0,0,12,12,991,1146
compact51_marcy__paper_roles,2019-03-11 03:00:00,7.93696881344,21.9447142412,0,0,0,12,12,1274,1144
compact51_marcy__paper_roles,2019-03-11 04:00:00,8.09363633554,34.9223918939,0,0,0,12,12,1363,2932
compact51_marcy__paper_roles,2019-03-11 05:00:00,11.3667814732,52.3358978718,0,0,0,12,12,3996,4403
compact51_marcy__paper_roles,2019-03-11 06:00:00,11.7491163869,56.8917408896,0,0,0,12,12,4307,4687
compact51_marcy__paper_roles,2019-03-11 07:00:00,8.13025205565,18.1095906573,0,0,0,12,12,1380,600
compact51_marcy__paper_roles,2019-03-11 08:00:00,13.170505958,114.273505772,0,0,0,12,12,5417,6522
compact51_marcy__paper_roles,2019-03-11 09:00:00,9.17761885755,42.4780317984,0,0,0,12,12,2164,3657
compact51_marcy__paper_roles,2019-03-11 10:00:00,7.305952376,13.3919589928,0,0,0,12,12,885,164
compact51_marcy__paper_roles,2019-03-11 11:00:00,5.58875199139,38.9457925375,0,0,0,12,12,200,3353
compact51_marcy__paper_roles,2019-03-11 12:00:00,5.33937393511,35.5161166295,0,0,0,12,12,146,3000
compact51_marcy__paper_roles,2019-03-11 13:00:00,4.85719208415,21.5771819801,0,0,0,12,12,82,1091
compact51_marcy__paper_roles,2019-03-11 14:00:00,6.5198499907,35.3913384562,0,0,0,12,12,492,2987
compact51_marcy__paper_roles,2019-03-11 15:00:00,5.44259370107,21.1628348576,0,0,0,12,12,170,1037
compact51_marcy__paper_roles,2019-03-11 16:00:00,6.39082678622,15.0676248005,0,0,0,12,12,439,274
compact51_marcy__paper_roles,2019-03-11 17:00:00,6.42568281678,18.0949727751,0,0,0,12,12,449,599
compact51_marcy__paper_roles,2019-03-11 18:00:00,7.62429902931,33.9256259764,0,0,0,12,12,1087,2816
compact51_marcy__paper_roles,2019-03-11 19:00:00,7.50102027407,58.2593256171,0,0,0,12,12,1023,4745
compact51_marcy__paper_roles,2019-03-11 20:00:00,5.39525206243,140.310611669,1,0,0,12,12,161,6944
compact51_marcy__paper_roles,2019-03-11 21:00:00,8.96425681379,55.2855219703,0,0,0,12,12,2002,4591
compact51_marcy__paper_roles,2019-03-11 22:00:00,10.4589503593,30.5744795925,0,0,0,12,12,3263,2404
compact51_marcy__paper_roles,2019-03-11 23:00:00,6.95125835737,54.4981945104,0,0,0,12,12,703,4545
compact51_marcy__paper_roles,2019-03-12 00:00:00,6.92061643772,668.886304968,1,0,0,12,12,685,8380
compact51_marcy__paper_roles,2019-03-12 01:00:00,5.81576893775,53.9172581385,0,0,0,12,12,257,4511
compact51_marcy__paper_roles,2019-03-12 02:00:00,8.94221730071,128.99215323,0,0,0,12,12,1976,6796
compact51_marcy__paper_roles,2019-03-12 03:00:00,8.76069858645,66.130408382,0,0,0,12,12,1846,5126
compact51_marcy__paper_roles,2019-03-12 04:00:00,14.2692467072,51.2402580061,0,0,0,12,12,6111,4325
compact51_marcy__paper_roles,2019-03-12 05:00:00,19.119036417,192.200211005,0,0,0,12,12,7890,7431
compact51_marcy__paper_roles,2019-03-12 06:00:00,10.8893934565,1572.71828749,0,0,0,12,12,3629,8577
compact51_marcy__paper_roles,2019-03-12 07:00:00,10.1982009621,146.763334502,0,0,0,12,12,3036,7021
compact51_marcy__paper_roles,2019-03-12 08:00:00,8.17556169285,28.675011328,0,0,0,12,12,1418,2152
compact51_marcy__paper_roles,2019-03-12 09:00:00,7.66862421044,62.8027517839,0,0,0,12,12,1115,4968
compact51_marcy__paper_roles,2019-03-12 10:00:00,6.55381374466,85.7255467518,0,0,0,12,12,508,5846
compact51_marcy__paper_roles,2019-03-12 11:00:00,7.35377655423,17.1330065979,0,0,0,12,12,912,492
compact51_marcy__paper_roles,2019-03-12 12:00:00,5.03709524883,9.33325666434,0,0,0,12,12,100,17
compact51_marcy__paper_roles,2019-03-12 13:00:00,4.86233336001,18.8782129259,0,0,0,12,12,83,703
compact51_marcy__paper_roles,2019-03-12 14:00:00,4.83905013363,19.2792396861,0,0,0,12,12,80,766
compact51_marcy__paper_roles,2019-03-12 15:00:00,6.36475401565,15.8417563634,0,0,0,12,12,427,352
compact51_marcy__paper_roles,2019-03-12 16:00:00,7.43062008596,31.2838440319,0,0,0,12,12,973,2503
compact51_marcy__paper_roles,2019-03-12 17:00:00,6.59146805009,17.9812648472,0,0,0,12,12,521,587
compact51_marcy__paper_roles,2019-03-12 18:00:00,5.52574806658,16.5743618223,0,0,0,12,12,189,434
compact51_marcy__paper_roles,2019-03-12 19:00:00,6.94753354824,56.8642415811,0,0,0,12,12,699,4685
compact51_marcy__paper_roles,2019-03-12 20:00:00,8.88661818461,77.2901979824,0,0,0,12,12,1931,5553
compact51_marcy__paper_roles,2019-03-12 21:00:00,10.7818456951,54.8322061116,0,0,0,12,12,3540,4564
compact51_marcy__paper_roles,2019-03-12 22:00:00,10.4932020066,30.6226724586,0,0,0,12,12,3291,2410
compact51_marcy__paper_roles,2019-03-12 23:00:00,8.83842638327,71.9505453234,0,0,0,12,12,1899,5350
compact51_marcy__paper_roles,2019-03-13 00:00:00,9.60034652583,104.83871427,1,0,0,12,12,2505,6357
compact51_marcy__paper_roles,2019-03-13 01:00:00,10.4283886166,971.62247733,1,0,0,12,12,3235,8488
compact51_marcy__paper_roles,2019-03-13 02:00:00,9.10841851852,966.349934972,1,0,0,12,12,2112,8485
compact51_marcy__paper_roles,2019-03-13 03:00:00,9.05839690174,153.860313034,0,0,0,12,12,2078,7102
compact51_marcy__paper_roles,2019-03-13 04:00:00,16.558352172,186.122937852,0,0,0,12,12,7164,7390
compact51_marcy__paper_roles,2019-03-13 05:00:00,15.7428313568,261.544544043,0,0,0,12,12,6825,7803
compact51_marcy__paper_roles,2019-03-13 06:00:00,14.7195665942,104.09805415,1,0,0,12,12,6333,6344
compact51_marcy__paper_roles,2019-03-13 07:00:00,10.5916397224,19.7586376735,0,0,0,12,12,3389,841
compact51_marcy__paper_roles,2019-03-13 08:00:00,6.50253863225,19.5880192744,0,0,0,12,12,484,811
compact51_marcy__paper_roles,2019-03-13 09:00:00,7.14814893495,38.888712559,0,0,0,12,12,801,3348
compact51_marcy__paper_roles,2019-03-13 10:00:00,4.54484665901,10.8681957083,0,0,0,12,12,55,40
compact51_marcy__paper_roles,2019-03-13 11:00:00,3.99969815673,13.2338327302,0,0,0,12,12,26,150
compact51_marcy__paper_roles,2019-03-13 12:00:00,5.27594828221,11.6412909614,0,0,0,12,12,137,67
compact51_marcy__paper_roles,2019-03-13 13:00:00,5.73376023029,18.2156351737,0,0,0,12,12,234,616
compact51_marcy__paper_roles,2019-03-13 14:00:00,5.41110760002,15.1790393435,0,0,0,12,12,166,282
compact51_marcy__paper_roles,2019-03-13 15:00:00,7.33597486453,40.1318726327,0,0,0,12,12,900,3475
compact51_marcy__paper_roles,2019-03-13 16:00:00,9.18654941689,42.8794967315,0,0,0,12,12,2174,3690
compact51_marcy__paper_roles,2019-03-13 17:00:00,10.552724944,39.2444692163,0,0,0,12,12,3353,3381
compact51_marcy__paper_roles,2019-03-13 18:00:00,10.4076314522,40.4279297824,0,0,0,12,12,3224,3502
compact51_marcy__paper_roles,2019-03-13 19:00:00,14.4230179901,84.8172125076,0,0,0,12,12,6194,5812
compact51_marcy__paper_roles,2019-03-13 20:00:00,16.3257286884,59.6849683208,0,0,0,12,12,7076,4820
compact51_marcy__paper_roles,2019-03-13 21:00:00,14.7957025558,30.3316768738,0,0,0,12,12,6379,2372
compact51_marcy__paper_roles,2019-03-13 22:00:00,12.038531107,31.8139597569,0,0,0,12,12,4538,2555
compact51_marcy__paper_roles,2019-03-13 23:00:00,9.19843862911,48.9468977329,0,0,0,12,12,2179,4172
compact51_marcy__paper_roles,2019-03-14 00:00:00,10.1939760659,49.0190590096,0,0,0,12,12,3030,4180
compact51_marcy__paper_roles,2019-03-14 01:00:00,7.48227062623,38.1842372728,0,0,0,12,12,1012,3283
compact51_marcy__paper_roles,2019-03-14 02:00:00,8.56546723637,51.4445018022,0,0,0,12,12,1698,4343
compact51_marcy__paper_roles,2019-03-14 03:00:00,10.236763297,51.2254325005,0,0,0,12,12,3074,4322
compact51_marcy__paper_roles,2019-03-14 04:00:00,15.3799027842,74.9556079314,0,0,0,12,12,6669,5467
compact51_marcy__paper_roles,2019-03-14 05:00:00,16.4317139725,87.3684379928,0,0,0,12,12,7114,5884
compact51_marcy__paper_roles,2019-03-14 06:00:00,13.2047810406,39.2534764098,0,0,0,12,12,5443,3383
compact51_marcy__paper_roles,2019-03-14 07:00:00,8.98423465667,17.0911702364,0,0,0,12,12,2022,486
compact51_marcy__paper_roles,2019-03-14 08:00:00,8.97266985255,36.2144540222,0,0,0,12,12,2008,3075
compact51_marcy__paper_roles,2019-03-14 09:00:00,8.01446965841,36.8724727074,0,0,0,12,12,1318,3146
compact51_marcy__paper_roles,2019-03-14 10:00:00,7.78962926614,29.8606008463,0,0,0,12,12,1192,2322
compact51_marcy__paper_roles,2019-03-14 11:00:00,6.78116711304,28.7876677803,0,0,0,12,12,615,2171
compact51_marcy__paper_roles,2019-03-14 12:00:00,7.5321065221,32.0814667935,0,0,0,12,12,1039,2596
compact51_marcy__paper_roles,2019-03-14 13:00:00,7.47956033964,26.6999152162,0,0,0,13,12,1009,1865
compact51_marcy__paper_roles,2019-03-14 14:00:00,8.49276528707,37.0159741048,0,0,0,12,12,1651,3161
compact51_marcy__paper_roles,2019-03-14 15:00:00,7.5459532144,21.8384970467,0,0,0,12,12,1050,1123
compact51_marcy__paper_roles,2019-03-14 16:00:00,9.21391369474,22.0684622448,0,0,0,12,12,2194,1166
compact51_marcy__paper_roles,2019-03-14 17:00:00,7.65327288739,19.6036499207,0,0,0,12,12,1102,814
compact51_marcy__paper_roles,2019-03-14 18:00:00,9.5340131305,38.7258464284,0,0,0,12,12,2458,3331
compact51_marcy__paper_roles,2019-03-14 19:00:00,12.6522876746,28.9492940867,0,0,0,12,12,5034,2191
compact51_marcy__paper_roles,2019-03-14 20:00:00,8.59652081949,22.9361313574,0,0,0,13,12,1721,1298
compact51_marcy__paper_roles,2019-03-14 21:00:00,11.7104629544,30.975171646,0,0,0,12,12,4284,2463
compact51_marcy__paper_roles,2019-03-14 22:00:00,10.7173743618,31.7148425063,0,0,0,12,12,3485,2542
compact51_marcy__paper_roles,2019-03-14 23:00:00,7.70514618505,25.9338201994,0,0,0,12,12,1134,1736
compact51_marcy__paper_roles,2019-03-15 00:00:00,7.47754707259,22.657324114,0,0,0,12,12,1005,1249
compact51_marcy__paper_roles,2019-03-15 01:00:00,4.91600821843,7.06225609106,0,0,0,12,12,87,7
compact51_marcy__paper_roles,2019-03-15 02:00:00,5.56252565588,6.1032208617,0,0,0,12,12,194,4
compact51_marcy__paper_roles,2019-03-15 03:00:00,4.3997137049,6.25575781058,0,0,0,12,12,45,5
compact51_marcy__paper_roles,2019-03-15 04:00:00,8.90128154141,29.4839463656,0,0,0,12,12,1947,2275
compact51_marcy__paper_roles,2019-03-15 05:00:00,9.79254405172,45.3716092943,0,0,0,12,12,2652,3888
compact51_marcy__paper_roles,2019-03-15 06:00:00,11.9318065559,66.3990295532,0,0,0,12,12,4453,5136
compact51_marcy__paper_roles,2019-03-15 07:00:00,9.07681014023,49.4506558739,0,0,0,12,12,2094,4214
compact51_marcy__paper_roles,2019-03-15 08:00:00,8.49613890598,59.0210717481,0,0,0,12,12,1655,4783
compact51_marcy__paper_roles,2019-03-15 09:00:00,7.43879176369,71.8198166868,0,0,0,12,12,979,5345
compact51_marcy__paper_roles,2019-03-15 10:00:00,6.83505885908,45.0258643445,0,0,0,12,12,642,3861
compact51_marcy__paper_roles,2019-03-15 11:00:00,6.38361064191,41.1488766738,0,0,0,12,12,436,3567
compact51_marcy__paper_roles,2019-03-15 12:00:00,7.24887005757,80.8942458788,0,0,0,12,12,864,5685
compact51_marcy__paper_roles,2019-03-15 13:00:00,12.0127581555,37.2419019057,0,0,0,11,11,4523,3181
compact51_marcy__paper_roles,2019-03-15 14:00:00,13.9834933667,48.9618344794,0,0,0,12,12,5942,4174
compact51_marcy__paper_roles,2019-03-15 15:00:00,14.1660079176,22.9015583207,0,0,0,12,12,6047,1292
compact51_marcy__paper_roles,2019-03-15 16:00:00,14.3147309027,37.9428371705,0,0,0,12,12,6136,3258
compact51_marcy__paper_roles,2019-03-15 17:00:00,13.9338048202,37.3526552842,0,0,0,12,12,5912,3193
compact51_marcy__paper_roles,2019-03-15 18:00:00,14.0307042907,31.2874665974,0,0,0,12,12,5969,2504
compact51_marcy__paper_roles,2019-03-15 19:00:00,13.3049488282,43.9835865503,0,0,0,12,12,5516,3782
compact51_marcy__paper_roles,2019-03-15 20:00:00,14.1772448713,38.0960497005,0,0,0,12,12,6058,3275
compact51_marcy__paper_roles,2019-03-15 21:00:00,12.9595310002,42.119462352,0,0,0,12,12,5273,3633
compact51_marcy__paper_roles,2019-03-15 22:00:00,12.1709596187,32.0952456085,0,0,0,12,12,4651,2598
compact51_marcy__paper_roles,2019-03-15 23:00:00,12.7302676697,29.8978045278,0,0,0,12,12,5097,2329
compact51_marcy__paper_roles,2019-03-16 00:00:00,9.67119380076,26.0791979232,0,0,0,12,12,2549,1770
compact51_marcy__paper_roles,2019-03-16 01:00:00,9.16343965787,28.3471578998,0,0,0,12,12,2155,2096
compact51_marcy__paper_roles,2019-03-16 02:00:00,9.01966764131,19.4464370353,0,0,0,12,12,2049,789
compact51_marcy__paper_roles,2019-03-16 03:00:00,7.93005949278,15.5593963527,0,0,0,12,12,1269,319
compact51_marcy__paper_roles,2019-03-16 04:00:00,6.71855351041,14.4009335312,0,0,0,12,12,588,231
compact51_marcy__paper_roles,2019-03-16 05:00:00,8.82174591263,29.5770831481,0,0,0,12,12,1882,2286
compact51_marcy__paper_roles,2019-03-16 06:00:00,8.80662011646,40.8943573781,0,0,0,12,12,1869,3544
compact51_marcy__paper_roles,2019-03-16 07:00:00,9.71383832876,41.6907593054,0,0,0,14,13,2583,3594
compact51_marcy__paper_roles,2019-03-16 08:00:00,11.23443839,20.9609159174,0,0,0,12,12,3891,1009
compact51_marcy__paper_roles,2019-03-16 09:00:00,10.5518743184,29.3043856984,0,0,0,12,12,3352,2247
compact51_marcy__paper_roles,2019-03-16 10:00:00,9.91999589546,32.2292636115,0,0,0,12,12,2767,2617
compact51_marcy__paper_roles,2019-03-16 11:00:00,10.7618394812,39.4034411744,0,0,0,12,12,3518,3406
compact51_marcy__paper_roles,2019-03-16 12:00:00,12.9441984992,43.079059348,0,0,0,12,12,5263,3713
compact51_marcy__paper_roles,2019-03-16 13:00:00,10.7349241989,44.7232745019,0,0,0,12,12,3495,3842
compact51_marcy__paper_roles,2019-03-16 14:00:00,10.8287666213,51.3839114696,0,0,0,12,12,3582,4338
compact51_marcy__paper_roles,2019-03-16 15:00:00,11.1717240474,44.7941620096,0,0,0,12,12,3854,3848
compact51_marcy__paper_roles,2019-03-16 16:00:00,12.3970878371,55.1777406424,0,0,0,12,12,4819,4589
compact51_marcy__paper_roles,2019-03-16 17:00:00,12.0283558532,49.1372053617,0,0,0,12,12,4534,4190
compact51_marcy__paper_roles,2019-03-16 18:00:00,9.90990010902,25.876803604,0,0,0,12,12,2757,1729
compact51_marcy__paper_roles,2019-03-16 19:00:00,9.52382140533,17.0524942897,0,0,0,12,12,2451,483
compact51_marcy__paper_roles,2019-03-16 20:00:00,9.26353226599,22.834289159,0,0,0,12,12,2233,1281
compact51_marcy__paper_roles,2019-03-16 21:00:00,9.93627238687,37.8009261381,0,0,0,12,12,2786,3247
compact51_marcy__paper_roles,2019-03-16 22:00:00,14.5841807863,31.5691879521,0,0,0,12,12,6275,2532
compact51_marcy__paper_roles,2019-03-16 23:00:00,9.20618459817,27.0384760478,0,0,0,12,12,2189,1916
compact51_marcy__paper_roles,2019-03-17 00:00:00,5.94239617412,16.0386253731,0,0,0,12,12,286,373
compact51_marcy__paper_roles,2019-03-17 01:00:00,6.80088198593,22.0218138932,0,0,0,12,12,623,1155
compact51_marcy__paper_roles,2019-03-17 02:00:00,7.68650081408,21.9884979055,0,0,0,12,12,1124,1150
compact51_marcy__paper_roles,2019-03-17 03:00:00,6.52991105169,14.2450015984,0,0,0,12,12,497,217
compact51_marcy__paper_roles,2019-03-17 04:00:00,6.03285916801,13.2461609814,0,0,0,12,12,312,152
compact51_marcy__paper_roles,2019-03-17 05:00:00,6.59998038716,21.4675121919,0,0,0,12,12,524,1075
compact51_marcy__paper_roles,2019-03-17 06:00:00,7.17723771933,27.9439304112,0,0,0,12,12,820,2040
compact51_marcy__paper_roles,2019-03-17 07:00:00,8.39850248734,18.2463942408,0,0,0,12,12,1576,619
compact51_marcy__paper_roles,2019-03-17 08:00:00,6.91375880045,17.4398111927,0,0,0,12,12,679,529
compact51_marcy__paper_roles,2019-03-17 09:00:00,6.99757181044,22.4691640371,0,0,0,12,12,732,1221
compact51_marcy__paper_roles,2019-03-17 10:00:00,9.91746803329,78.8655440047,0,0,0,12,12,2764,5600
compact51_marcy__paper_roles,2019-03-17 11:00:00,10.9608280687,97.2817055231,0,0,0,12,12,3689,6174
compact51_marcy__paper_roles,2019-03-17 12:00:00,9.14653773013,69.9869143104,0,0,0,12,12,2143,5273
compact51_marcy__paper_roles,2019-03-17 13:00:00,9.65527690217,70.3963378189,0,0,0,12,12,2540,5291
compact51_marcy__paper_roles,2019-03-17 14:00:00,9.73581682561,65.0170279509,0,0,0,12,12,2600,5081
compact51_marcy__paper_roles,2019-03-17 15:00:00,9.54862765498,36.8470129465,0,0,0,12,12,2469,3142
compact51_marcy__paper_roles,2019-03-17 16:00:00,9.28131757818,67.3693276946,0,0,0,12,12,2249,5177
compact51_marcy__paper_roles,2019-03-17 17:00:00,9.13201936808,39.8118221608,0,0,0,12,12,2135,3449
compact51_marcy__paper_roles,2019-03-17 18:00:00,7.68430296649,14.8645966314,0,0,0,12,12,1123,256
compact51_marcy__paper_roles,2019-03-17 19:00:00,8.23278205447,17.872570362,0,0,0,12,12,1459,578
compact51_marcy__paper_roles,2019-03-17 20:00:00,4.40566914796,16.446638316,0,0,0,12,12,46,425
compact51_marcy__paper_roles,2019-03-17 21:00:00,5.07334570839,17.7702848972,0,0,0,12,12,105,565
compact51_marcy__paper_roles,2019-03-17 22:00:00,5.14125386297,11.3697506479,0,0,0,12,12,117,55
compact51_marcy__paper_roles,2019-03-17 23:00:00,5.30754285182,11.8869334609,0,0,0,12,12,141,72
compact51_marcy__paper_roles,2019-03-18 00:00:00,7.74270707256,11.5653651019,0,0,0,13,13,1160,65
compact51_marcy__paper_roles,2019-03-18 01:00:00,7.43719951804,13.3409435759,0,0,0,12,12,977,160
compact51_marcy__paper_roles,2019-03-18 02:00:00,6.19039691425,18.945927022,0,0,0,12,12,358,715
compact51_marcy__paper_roles,2019-03-18 03:00:00,5.45217016763,30.9026546166,0,0,0,12,12,172,2456
compact51_marcy__paper_roles,2019-03-18 04:00:00,11.523349727,55.3739393384,0,0,0,12,12,4140,4599
compact51_marcy__paper_roles,2019-03-18 05:00:00,14.0318988747,55.8361805475,0,0,0,12,12,5971,4632
compact51_marcy__paper_roles,2019-03-18 06:00:00,11.5584208655,30.6217757533,0,0,0,12,12,4162,2409
compact51_marcy__paper_roles,2019-03-18 07:00:00,9.991883084,21.6154866877,0,0,0,12,12,2838,1097
compact51_marcy__paper_roles,2019-03-18 08:00:00,13.3128797465,26.0187995052,0,0,0,12,12,5522,1748
compact51_marcy__paper_roles,2019-03-18 09:00:00,13.4640875502,26.052293895,0,0,0,12,12,5613,1757
compact51_marcy__paper_roles,2019-03-18 10:00:00,9.89401155989,15.5406840212,0,0,0,12,12,2741,317
compact51_marcy__paper_roles,2019-03-18 11:00:00,7.22107766552,13.9227172155,0,0,0,12,12,849,195
compact51_marcy__paper_roles,2019-03-18 12:00:00,7.73530641953,15.9332583059,0,0,0,14,14,1153,364
compact51_marcy__paper_roles,2019-03-18 13:00:00,8.15047244377,15.7696125441,0,0,0,10,10,1395,341
compact51_marcy__paper_roles,2019-03-18 14:00:00,5.99919984053,11.1063393096,0,0,0,12,12,302,47
compact51_marcy__paper_roles,2019-03-18 15:00:00,7.22035818644,14.1624070504,0,0,0,12,12,848,212
compact51_marcy__paper_roles,2019-03-18 16:00:00,7.87518058289,11.8490493278,0,0,0,12,12,1231,69
compact51_marcy__paper_roles,2019-03-18 17:00:00,8.95052729778,13.5428258373,0,0,0,12,12,1989,174
compact51_marcy__paper_roles,2019-03-18 18:00:00,8.97039078507,16.6893566627,0,0,0,12,12,2006,450
compact51_marcy__paper_roles,2019-03-18 19:00:00,9.04858033436,17.8025737776,0,0,0,12,12,2068,569
compact51_marcy__paper_roles,2019-03-18 20:00:00,9.90943073526,22.3472929234,0,0,0,12,12,2756,1200
compact51_marcy__paper_roles,2019-03-18 21:00:00,12.165373163,26.1536747565,0,0,0,12,12,4645,1783
compact51_marcy__paper_roles,2019-03-18 22:00:00,16.1313597406,32.9519335031,0,0,0,12,12,6993,2693
compact51_marcy__paper_roles,2019-03-18 23:00:00,7.45212114705,12.1719507112,0,0,0,12,12,989,83
compact51_marcy__paper_roles,2019-03-19 00:00:00,10.1711910081,16.857643041,0,0,0,12,12,3007,468
compact51_marcy__paper_roles,2019-03-19 01:00:00,10.4146839825,21.1462626771,0,0,0,12,12,3227,1036
compact51_marcy__paper_roles,2019-03-19 02:00:00,10.4709015383,20.8846662679,0,0,0,12,12,3281,995
compact51_marcy__paper_roles,2019-03-19 03:00:00,9.26798980398,28.51794524,0,0,0,12,12,2236,2122
compact51_marcy__paper_roles,2019-03-19 04:00:00,13.6237973481,43.8698422767,0,0,0,12,12,5719,3776
compact51_marcy__paper_roles,2019-03-19 05:00:00,13.2138126046,48.197863096,0,0,0,12,12,5449,4110
compact51_marcy__paper_roles,2019-03-19 06:00:00,16.2406668359,41.2223331324,0,0,0,12,12,7030,3569
compact51_marcy__paper_roles,2019-03-19 07:00:00,27.0161246033,67.282811185,0,0,0,12,12,8643,5172
compact51_marcy__paper_roles,2019-03-19 08:00:00,24.32206177,63.034706596,0,0,0,12,12,8520,4980
compact51_marcy__paper_roles,2019-03-19 09:00:00,16.4077138036,29.2741633627,0,0,0,12,12,7104,2242
compact51_marcy__paper_roles,2019-03-19 10:00:00,10.5703498118,18.07532603,0,0,0,12,12,3365,596
compact51_marcy__paper_roles,2019-03-19 11:00:00,11.6147596563,17.6977233034,0,0,0,12,12,4199,556
compact51_marcy__paper_roles,2019-03-19 12:00:00,6.16613768045,13.1685788832,0,0,0,12,12,352,143
compact51_marcy__paper_roles,2019-03-19 13:00:00,9.80444771796,26.9378856738,0,0,0,12,12,2661,1904
compact51_marcy__paper_roles,2019-03-19 14:00:00,7.17397840182,12.6047213263,0,0,0,12,12,815,106
compact51_marcy__paper_roles,2019-03-19 15:00:00,10.5544564118,22.5156291015,0,0,0,12,12,3355,1228
compact51_marcy__paper_roles,2019-03-19 16:00:00,11.427001773,27.1911093787,0,0,0,12,12,4046,1936
compact51_marcy__paper_roles,2019-03-19 17:00:00,9.07487143673,16.3855684873,0,0,0,12,12,2092,414
compact51_marcy__paper_roles,2019-03-19 18:00:00,8.07414360625,12.1842907059,0,0,0,12,12,1352,84
compact51_marcy__paper_roles,2019-03-19 19:00:00,7.6875659829,13.1740129739,0,0,0,12,12,1126,144
compact51_marcy__paper_roles,2019-03-19 20:00:00,10.8116724782,17.246357543,0,0,0,12,12,3565,508
compact51_marcy__paper_roles,2019-03-19 21:00:00,17.767138365,31.0550846762,0,0,0,12,12,7563,2469
compact51_marcy__paper_roles,2019-03-19 22:00:00,16.5391119205,28.7946499706,0,0,0,12,12,7156,2173
compact51_marcy__paper_roles,2019-03-19 23:00:00,11.7375535806,17.2150535257,0,0,0,12,12,4302,502
compact51_marcy__paper_roles,2019-03-20 00:00:00,8.64769327023,18.4567891339,0,0,0,12,12,1767,637
compact51_marcy__paper_roles,2019-03-20 01:00:00,6.36518344781,17.5719022181,0,0,0,12,12,428,541
compact51_marcy__paper_roles,2019-03-20 02:00:00,8.48864524124,17.0394689611,0,0,0,12,12,1650,482
compact51_marcy__paper_roles,2019-03-20 03:00:00,8.01485278179,27.6316557816,0,0,0,12,12,1320,1994
compact51_marcy__paper_roles,2019-03-20 04:00:00,6.24062533504,32.0961444232,0,0,0,12,12,385,2599
compact51_marcy__paper_roles,2019-03-20 05:00:00,8.85779151825,43.2945479619,0,0,0,12,12,1913,3729
compact51_marcy__paper_roles,2019-03-20 06:00:00,8.416844135,27.9880317568,0,0,0,12,12,1591,2044
compact51_marcy__paper_roles,2019-03-20 07:00:00,11.4304626175,31.3778369296,0,0,0,12,12,4049,2515
compact51_marcy__paper_roles,2019-03-20 08:00:00,7.36984962809,19.9709666167,0,0,0,13,12,928,870
compact51_marcy__paper_roles,2019-03-20 09:00:00,11.6952070089,21.395095061,0,0,0,12,12,4273,1067
compact51_marcy__paper_roles,2019-03-20 10:00:00,8.83661781597,14.9251310232,0,0,0,12,12,1895,267
compact51_marcy__paper_roles,2019-03-20 11:00:00,8.34831629625,14.6344741681,0,0,0,12,12,1541,243
compact51_marcy__paper_roles,2019-03-20 12:00:00,7.69481934675,14.6177588762,0,0,0,12,12,1128,242
compact51_marcy__paper_roles,2019-03-20 13:00:00,5.99425732132,11.1764911247,0,0,0,14,14,299,50
compact51_marcy__paper_roles,2019-03-20 14:00:00,8.89221808751,19.6352003354,0,0,0,12,12,1938,819
compact51_marcy__paper_roles,2019-03-20 15:00:00,5.79462585026,9.01244845792,0,0,0,12,12,246,13
compact51_marcy__paper_roles,2019-03-20 16:00:00,7.45832736244,11.1357164174,0,0,0,12,12,993,48
compact51_marcy__paper_roles,2019-03-20 17:00:00,9.20362081768,15.1325512869,0,0,0,12,12,2186,277
compact51_marcy__paper_roles,2019-03-20 18:00:00,8.35698940484,11.5521809918,0,0,0,12,12,1548,64
compact51_marcy__paper_roles,2019-03-20 19:00:00,5.95554093717,12.5778218354,0,0,0,12,12,291,101
compact51_marcy__paper_roles,2019-03-20 20:00:00,10.1914639371,23.6013555725,0,0,0,12,12,3027,1384
compact51_marcy__paper_roles,2019-03-20 21:00:00,9.54376461157,20.699013112,0,0,0,12,12,2466,964
compact51_marcy__paper_roles,2019-03-20 22:00:00,14.0811485149,23.309379317,0,0,0,12,12,6001,1345
compact51_marcy__paper_roles,2019-03-20 23:00:00,10.3627359156,31.7450847515,0,0,0,12,12,3176,2547
compact51_marcy__paper_roles,2019-03-21 00:00:00,6.00815354712,14.4929385968,0,0,0,12,12,307,235
compact51_marcy__paper_roles,2019-03-21 01:00:00,7.43128670539,16.9434081472,0,0,0,12,12,974,475
compact51_marcy__paper_roles,2019-03-21 02:00:00,6.31187738215,13.0154563703,0,0,0,12,12,409,129
compact51_marcy__paper_roles,2019-03-21 03:00:00,5.70657046022,30.3773797882,0,0,0,12,12,229,2376
compact51_marcy__paper_roles,2019-03-21 04:00:00,9.05231500229,36.452596024,0,0,0,12,12,2070,3096
compact51_marcy__paper_roles,2019-03-21 05:00:00,9.0048411341,40.0979864992,0,0,0,12,12,2039,3473
compact51_marcy__paper_roles,2019-03-21 06:00:00,10.0182777846,33.8338009831,0,0,0,12,12,2865,2805
compact51_marcy__paper_roles,2019-03-21 07:00:00,8.5148391265,21.3488558869,0,0,0,12,12,1666,1062
compact51_marcy__paper_roles,2019-03-21 08:00:00,7.37236558578,13.0215046156,0,0,0,12,12,931,130
compact51_marcy__paper_roles,2019-03-21 09:00:00,8.33102140687,14.3307448813,0,0,0,12,12,1529,224
compact51_marcy__paper_roles,2019-03-21 10:00:00,10.1328561688,16.0551041561,0,0,0,12,12,2968,374
compact51_marcy__paper_roles,2019-03-21 11:00:00,9.28412797258,14.9166096615,0,0,0,12,12,2254,263
compact51_marcy__paper_roles,2019-03-21 12:00:00,8.58684468122,12.9027036233,0,0,0,12,12,1714,123
compact51_marcy__paper_roles,2019-03-21 13:00:00,7.32336640822,11.0434232047,0,0,0,12,12,891,44
compact51_marcy__paper_roles,2019-03-21 14:00:00,5.03282053623,13.3428551684,0,0,0,12,12,97,161
compact51_marcy__paper_roles,2019-03-21 15:00:00,6.2597085212,11.8827786295,0,0,0,12,12,392,71
compact51_marcy__paper_roles,2019-03-21 16:00:00,7.12564369448,13.6099801186,0,0,0,12,12,792,180
compact51_marcy__paper_roles,2019-03-21 17:00:00,7.776115943,14.1560209728,0,0,0,12,12,1183,210
compact51_marcy__paper_roles,2019-03-21 18:00:00,8.83815726558,15.7496724952,0,0,0,12,12,1898,337
compact51_marcy__paper_roles,2019-03-21 19:00:00,8.44748046483,17.4671384317,0,0,0,12,12,1619,530
compact51_marcy__paper_roles,2019-03-21 20:00:00,10.7826540302,22.4458596831,0,0,0,12,12,3542,1217
compact51_marcy__paper_roles,2019-03-21 21:00:00,12.1687253324,24.2621249256,0,0,0,12,12,4648,1493
compact51_marcy__paper_roles,2019-03-21 22:00:00,7.8983730131,12.5417037225,0,0,0,12,12,1245,99
compact51_marcy__paper_roles,2019-03-21 23:00:00,9.09655680905,15.7620707345,0,0,0,12,12,2103,338
compact51_marcy__paper_roles,2019-03-22 00:00:00,9.19818984908,19.8487334071,0,0,0,14,13,2177,858
compact51_marcy__paper_roles,2019-03-22 01:00:00,6.86498255942,29.0346935095,0,0,0,11,11,656,2200
compact51_marcy__paper_roles,2019-03-22 02:00:00,8.82006560434,40.6761918435,0,0,0,12,12,1880,3521
compact51_marcy__paper_roles,2019-03-22 03:00:00,8.7056983197,35.7370803043,0,0,0,12,12,1814,3023
compact51_marcy__paper_roles,2019-03-22 04:00:00,9.46173657772,34.7687720864,0,0,0,12,12,2410,2916
compact51_marcy__paper_roles,2019-03-22 05:00:00,9.72339807006,28.327544125,0,0,0,12,12,2591,2094
compact51_marcy__paper_roles,2019-03-22 06:00:00,7.93128203764,19.7470957305,0,0,0,12,12,1271,839
compact51_marcy__paper_roles,2019-03-22 07:00:00,7.46996023029,17.228974073,0,0,0,12,12,1002,504
compact51_marcy__paper_roles,2019-03-22 08:00:00,8.57769529967,17.7118348996,0,0,0,12,12,1704,560
compact51_marcy__paper_roles,2019-03-22 09:00:00,7.81201573287,15.1496125284,0,0,0,12,12,1204,279
compact51_marcy__paper_roles,2019-03-22 10:00:00,10.7285044825,19.6142757689,0,0,0,12,12,3491,816
compact51_marcy__paper_roles,2019-03-22 11:00:00,9.98337262161,16.2256970117,0,0,0,12,12,2825,393
compact51_marcy__paper_roles,2019-03-22 12:00:00,10.5665962403,19.2888090887,0,0,0,12,12,3361,768
compact51_marcy__paper_roles,2019-03-22 13:00:00,8.98287132691,15.4469258684,0,0,0,12,12,2021,310
compact51_marcy__paper_roles,2019-03-22 14:00:00,8.13593232198,20.1324796544,0,0,0,12,12,1385,892
compact51_marcy__paper_roles,2019-03-22 15:00:00,6.2625330444,20.0832735005,0,0,0,12,12,394,883
compact51_marcy__paper_roles,2019-03-22 16:00:00,7.48507958925,21.3127707415,0,0,0,12,12,1015,1054
compact51_marcy__paper_roles,2019-03-22 17:00:00,7.4856633627,16.6301271787,0,0,0,12,12,1016,444
compact51_marcy__paper_roles,2019-03-22 18:00:00,6.87559774978,15.8251645524,0,0,0,12,12,661,348
compact51_marcy__paper_roles,2019-03-22 19:00:00,6.76278472332,28.0773114412,0,0,0,12,12,606,2058
compact51_marcy__paper_roles,2019-03-22 20:00:00,6.44131821407,24.4752604278,0,0,0,12,12,459,1526
compact51_marcy__paper_roles,2019-03-22 21:00:00,8.65640709721,33.3907927037,0,0,0,12,12,1773,2742
compact51_marcy__paper_roles,2019-03-22 22:00:00,11.9005630683,32.4489574081,0,0,0,12,12,4433,2645
compact51_marcy__paper_roles,2019-03-22 23:00:00,7.02138664064,35.5244115062,0,0,0,12,12,747,3002
compact51_marcy__paper_roles,2019-03-23 00:00:00,7.59889741647,27.6843051614,0,0,0,12,12,1075,2002
compact51_marcy__paper_roles,2019-03-23 01:00:00,8.61562775354,23.4481791615,0,0,0,12,12,1739,1364
compact51_marcy__paper_roles,2019-03-23 02:00:00,9.11727061881,27.5760779619,0,0,0,12,12,2122,1983
compact51_marcy__paper_roles,2019-03-23 03:00:00,8.75061918028,23.9640787157,0,0,0,12,12,1839,1444
compact51_marcy__paper_roles,2019-03-23 04:00:00,9.29630865984,28.4351154184,0,0,0,12,12,2261,2112
compact51_marcy__paper_roles,2019-03-23 05:00:00,11.096885174,41.8616005102,0,0,0,12,12,3793,3609
compact51_marcy__paper_roles,2019-03-23 06:00:00,10.474779979,33.3941102025,0,0,0,12,12,3283,2743
compact51_marcy__paper_roles,2019-03-23 07:00:00,10.1700408458,27.1715634783,0,0,0,12,12,3005,1931
compact51_marcy__paper_roles,2019-03-23 08:00:00,7.26052108043,18.88377971,0,0,0,12,12,868,704
compact51_marcy__paper_roles,2019-03-23 09:00:00,11.0416196805,22.5728984083,0,0,0,12,12,3742,1234
compact51_marcy__paper_roles,2019-03-23 10:00:00,12.4165324505,22.7355703872,0,0,0,12,12,4834,1265
compact51_marcy__paper_roles,2019-03-23 11:00:00,10.6954980086,18.504515431,0,0,0,12,12,3464,646
compact51_marcy__paper_roles,2019-03-23 12:00:00,12.6646190776,28.2319944953,0,0,0,12,12,5047,2078
compact51_marcy__paper_roles,2019-03-23 13:00:00,12.6586358998,26.5143877884,0,0,0,12,12,5040,1840
compact51_marcy__paper_roles,2019-03-23 14:00:00,12.3233728167,31.2298203736,0,0,0,12,12,4766,2493
compact51_marcy__paper_roles,2019-03-23 15:00:00,12.0989711507,32.894355553,0,0,0,12,12,4584,2689
compact51_marcy__paper_roles,2019-03-23 16:00:00,14.4182897123,46.9240066673,0,0,0,12,12,6191,4001
compact51_marcy__paper_roles,2019-03-23 17:00:00,13.8010803537,51.5103231385,0,0,0,12,12,5833,4347
compact51_marcy__paper_roles,2019-03-23 18:00:00,12.8494637722,36.2259587242,0,0,0,12,12,5196,3076
compact51_marcy__paper_roles,2019-03-23 19:00:00,9.6240845483,20.1179838528,0,0,0,12,12,2516,890
compact51_marcy__paper_roles,2019-03-23 20:00:00,10.9054625143,30.2211989486,0,0,0,12,12,3648,2366
compact51_marcy__paper_roles,2019-03-23 21:00:00,9.15679000508,41.5494387805,0,0,0,12,12,2149,3584
compact51_marcy__paper_roles,2019-03-23 22:00:00,11.2250914015,17.6903046565,0,0,0,12,12,3884,555
compact51_marcy__paper_roles,2019-03-23 23:00:00,12.9575058668,48.473047481,0,0,0,12,12,5270,4135
compact51_marcy__paper_roles,2019-03-24 00:00:00,10.8714824157,43.0884267988,0,0,0,12,12,3621,3716
compact51_marcy__paper_roles,2019-03-24 01:00:00,11.0034417914,44.2301401722,0,0,0,12,12,3714,3806
compact51_marcy__paper_roles,2019-03-24 02:00:00,9.9872780517,34.3652935261,0,0,0,12,12,2831,2865
compact51_marcy__paper_roles,2019-03-24 03:00:00,8.81218072513,30.3648155169,0,0,0,12,12,1873,2375
compact51_marcy__paper_roles,2019-03-24 04:00:00,8.6316780009,26.6070845343,0,0,0,12,12,1754,1853
compact51_marcy__paper_roles,2019-03-24 05:00:00,9.25465035128,14.0640093685,0,0,0,12,12,2229,203
compact51_marcy__paper_roles,2019-03-24 06:00:00,9.76227305475,21.0663455816,0,0,0,12,12,2627,1024
compact51_marcy__paper_roles,2019-03-24 07:00:00,11.0456325176,19.0121502415,0,0,0,12,12,3747,722
compact51_marcy__paper_roles,2019-03-24 08:00:00,12.0855936728,20.7748750076,0,0,0,12,12,4577,977
compact51_marcy__paper_roles,2019-03-24 09:00:00,11.6368569649,37.7206523068,0,0,0,12,12,4216,3234
compact51_marcy__paper_roles,2019-03-24 10:00:00,13.9588712982,84.9715775917,0,0,0,12,12,5929,5816
compact51_marcy__paper_roles,2019-03-24 11:00:00,17.5146937167,126.933257235,0,0,0,12,12,7495,6763
compact51_marcy__paper_roles,2019-03-24 12:00:00,17.8873871717,167.846751961,0,0,0,12,12,7598,7248
compact51_marcy__paper_roles,2019-03-24 13:00:00,15.6000937763,326.801399615,0,0,0,12,12,6768,8000
compact51_marcy__paper_roles,2019-03-24 14:00:00,12.5397262292,196.197148969,0,0,0,13,13,4945,7464
compact51_marcy__paper_roles,2019-03-24 15:00:00,12.7454582376,124.846186287,0,0,0,10,10,5109,6719
compact51_marcy__paper_roles,2019-03-24 16:00:00,10.9489711192,69.595423927,0,0,0,12,12,3676,5261
compact51_marcy__paper_roles,2019-03-24 17:00:00,10.9553330664,59.7134110009,0,0,0,12,12,3680,4821
compact51_marcy__paper_roles,2019-03-24 18:00:00,9.44297683458,20.8965704754,0,0,0,12,12,2387,996
compact51_marcy__paper_roles,2019-03-24 19:00:00,10.8182244893,51.5372733743,0,0,0,12,12,3568,4351
compact51_marcy__paper_roles,2019-03-24 20:00:00,10.8971227282,21.6571638015,0,0,0,12,12,3640,1106
compact51_marcy__paper_roles,2019-03-24 21:00:00,12.1824206586,53.4907481119,0,0,0,12,12,4657,4486
compact51_marcy__paper_roles,2019-03-24 22:00:00,9.18297101077,54.5286736694,0,0,0,12,12,2169,4548
compact51_marcy__paper_roles,2019-03-24 23:00:00,9.70548536666,78.4550144135,0,0,0,12,12,2574,5591
compact51_marcy__paper_roles,2019-03-25 00:00:00,6.4837701788,62.4844086277,0,0,0,12,12,476,4953
compact51_marcy__paper_roles,2019-03-25 01:00:00,6.11069485623,40.479778998,0,0,0,12,12,338,3506
compact51_marcy__paper_roles,2019-03-25 02:00:00,7.21762017544,66.3350150078,0,0,0,12,12,845,5135
compact51_marcy__paper_roles,2019-03-25 03:00:00,9.40218083956,82.7342218755,0,0,0,12,12,2350,5735
compact51_marcy__paper_roles,2019-03-25 04:00:00,14.0693168185,150.24252996,0,0,0,12,12,5994,7060
compact51_marcy__paper_roles,2019-03-25 05:00:00,11.3877034208,151.34233863,0,0,0,12,12,4011,7072
compact51_marcy__paper_roles,2019-03-25 06:00:00,10.7430475803,93.2475392922,0,0,0,12,12,3506,6060
compact51_marcy__paper_roles,2019-03-25 07:00:00,9.49286853952,141.179327969,0,0,0,12,12,2428,6954
compact51_marcy__paper_roles,2019-03-25 08:00:00,9.99839823424,38.3461097273,0,0,0,12,12,2848,3298
compact51_marcy__paper_roles,2019-03-25 09:00:00,12.2332197626,100.685249348,1,0,0,12,12,4695,6258
compact51_marcy__paper_roles,2019-03-25 10:00:00,10.3947484741,37.7330384447,0,0,0,12,12,3210,3235
compact51_marcy__paper_roles,2019-03-25 11:00:00,13.7813379905,202.143176674,0,0,0,12,12,5821,7509
compact51_marcy__paper_roles,2019-03-25 12:00:00,13.0690174775,48.8743560681,0,0,0,12,12,5345,4170
compact51_marcy__paper_roles,2019-03-25 13:00:00,10.3042751752,46.2188216499,0,0,0,12,12,3131,3954
compact51_marcy__paper_roles,2019-03-25 14:00:00,11.026039595,42.4698978861,0,0,0,12,12,3731,3656
compact51_marcy__paper_roles,2019-03-25 15:00:00,10.7719717176,30.4641841505,0,0,0,12,12,3530,2387
compact51_marcy__paper_roles,2019-03-25 16:00:00,15.1572845293,74.5837712207,0,0,0,12,12,6564,5456
compact51_marcy__paper_roles,2019-03-25 17:00:00,11.5125276729,41.1372699152,0,0,0,12,12,4132,3566
compact51_marcy__paper_roles,2019-03-25 18:00:00,9.74580415995,17.6686938463,0,0,0,12,12,2608,549
compact51_marcy__paper_roles,2019-03-25 19:00:00,9.59063260619,19.1493417702,0,0,0,12,12,2501,741
compact51_marcy__paper_roles,2019-03-25 20:00:00,14.4347506802,35.1259826112,0,0,0,12,12,6203,2949
compact51_marcy__paper_roles,2019-03-25 21:00:00,12.074109077,24.0229197179,0,0,0,12,12,4563,1457
compact51_marcy__paper_roles,2019-03-25 22:00:00,13.8339570074,248.000413986,0,0,0,12,12,5856,7754
compact51_marcy__paper_roles,2019-03-25 23:00:00,14.6608679188,589.639196193,0,0,0,12,12,6303,8332
compact51_marcy__paper_roles,2019-03-26 00:00:00,13.3607087354,340.190879841,1,0,0,12,12,5545,8031
compact51_marcy__paper_roles,2019-03-26 01:00:00,6.66228449683,12.7040276588,0,0,0,12,12,554,114
compact51_marcy__paper_roles,2019-03-26 02:00:00,5.80083949451,35.0887595259,0,0,0,12,12,250,2944
compact51_marcy__paper_roles,2019-03-26 03:00:00,5.19885612444,42.4633970233,0,0,0,12,12,128,3655
compact51_marcy__paper_roles,2019-03-26 04:00:00,9.43486661697,53.6196825919,0,0,0,12,12,2380,4492
compact51_marcy__paper_roles,2019-03-26 05:00:00,7.71945565204,26.4433737314,0,0,0,12,12,1144,1828
compact51_marcy__paper_roles,2019-03-26 06:00:00,7.4482879486,15.830449872,0,0,0,12,12,987,349
compact51_marcy__paper_roles,2019-03-26 07:00:00,8.32973631646,47.2812033885,0,0,0,12,12,1526,4027
compact51_marcy__paper_roles,2019-03-26 08:00:00,10.6344898815,26.9060032399,0,0,0,12,12,3417,1895
compact51_marcy__paper_roles,2019-03-26 09:00:00,12.6478291286,18.6940455499,0,0,0,12,12,5028,678
compact51_marcy__paper_roles,2019-03-26 10:00:00,15.4256461682,79.4608347212,0,0,0,12,12,6687,5627
compact51_marcy__paper_roles,2019-03-26 11:00:00,9.92704059311,64.868044505,0,0,0,12,12,2777,5076
compact51_marcy__paper_roles,2019-03-26 12:00:00,14.0519958465,76.0289616115,0,0,0,12,12,5981,5516
compact51_marcy__paper_roles,2019-03-26 13:00:00,13.9653689547,57.2196071302,0,0,0,12,12,5935,4703
compact51_marcy__paper_roles,2019-03-26 14:00:00,10.6756423527,58.597780042,0,0,0,12,12,3448,4765
compact51_marcy__paper_roles,2019-03-26 15:00:00,9.26430401211,75.3223194022,0,0,0,12,12,2234,5482
compact51_marcy__paper_roles,2019-03-26 16:00:00,8.72093862503,75.1815080137,0,0,0,12,12,1823,5478
compact51_marcy__paper_roles,2019-03-26 17:00:00,11.170795725,25.6664313724,0,0,0,12,12,3851,1690
compact51_marcy__paper_roles,2019-03-26 18:00:00,10.8448274214,17.3764607468,0,0,0,12,12,3594,521
compact51_marcy__paper_roles,2019-03-26 19:00:00,8.44122129063,17.124531969,0,0,0,12,12,1612,491
compact51_marcy__paper_roles,2019-03-26 20:00:00,13.3528282899,21.6924604501,0,0,0,12,12,5542,1109
compact51_marcy__paper_roles,2019-03-26 21:00:00,14.1372237382,26.8464070379,0,0,0,12,12,6032,1886
compact51_marcy__paper_roles,2019-03-26 22:00:00,14.2099719358,41.0102781758,0,0,0,12,12,6078,3553
compact51_marcy__paper_roles,2019-03-26 23:00:00,11.1472750719,48.7578751377,0,0,0,12,12,3834,4160
compact51_marcy__paper_roles,2019-03-27 00:00:00,11.5637729968,67.9553297366,0,0,0,12,12,4167,5201
compact51_marcy__paper_roles,2019-03-27 01:00:00,14.396529615,133.956263701,1,0,0,12,12,6181,6861
compact51_marcy__paper_roles,2019-03-27 02:00:00,7.26365482773,180.301781728,1,0,0,12,12,869,7351
compact51_marcy__paper_roles,2019-03-27 03:00:00,7.37208449062,174.029824718,0,0,0,12,12,930,7307
compact51_marcy__paper_roles,2019-03-27 04:00:00,9.46015809008,29.5960894948,0,0,0,12,12,2408,2288
compact51_marcy__paper_roles,2019-03-27 05:00:00,10.851678484,28.0707023336,0,0,0,12,12,3601,2056
compact51_marcy__paper_roles,2019-03-27 06:00:00,17.5257908354,26.7243578075,0,0,0,12,12,7498,1870
compact51_marcy__paper_roles,2019-03-27 07:00:00,21.2426835714,37.1533375763,0,0,0,12,12,8245,3175
compact51_marcy__paper_roles,2019-03-27 08:00:00,15.9561361023,38.3303872815,0,0,0,12,12,6923,3295
compact51_marcy__paper_roles,2019-03-27 09:00:00,17.1141243767,39.693777408,0,0,0,12,12,7353,3432
compact51_marcy__paper_roles,2019-03-27 10:00:00,10.2995498413,15.5786612956,0,0,0,12,12,3125,322
compact51_marcy__paper_roles,2019-03-27 11:00:00,9.99200074299,17.09482679,0,0,0,12,12,2840,489
compact51_marcy__paper_roles,2019-03-27 12:00:00,9.21815733641,15.7768054659,0,0,0,12,12,2196,342
compact51_marcy__paper_roles,2019-03-27 13:00:00,10.1867685775,18.581921228,0,0,0,12,12,3021,659
compact51_marcy__paper_roles,2019-03-27 14:00:00,11.8303474212,18.8476649648,0,0,0,12,12,4370,699
compact51_marcy__paper_roles,2019-03-27 15:00:00,6.29716200756,12.9848130731,0,0,0,12,12,406,126
compact51_marcy__paper_roles,2019-03-27 16:00:00,4.96760997563,9.56203345577,0,0,0,12,12,93,21
compact51_marcy__paper_roles,2019-03-27 17:00:00,8.00295597422,13.8964212049,0,0,0,12,12,1306,193
compact51_marcy__paper_roles,2019-03-27 18:00:00,10.150383907,15.8249020786,0,0,0,12,12,2981,347
compact51_marcy__paper_roles,2019-03-27 19:00:00,8.32482781942,18.6881563063,0,0,0,12,12,1520,676
compact51_marcy__paper_roles,2019-03-27 20:00:00,12.3902587686,20.5039409296,0,0,0,12,12,4809,937
compact51_marcy__paper_roles,2019-03-27 21:00:00,17.6692913677,29.7322122528,0,0,0,12,12,7534,2307
compact51_marcy__paper_roles,2019-03-27 22:00:00,19.8484433784,31.2571237497,0,0,0,12,12,8032,2501
compact51_marcy__paper_roles,2019-03-27 23:00:00,14.9082251648,21.5435348982,0,0,0,12,12,6435,1087
compact51_marcy__paper_roles,2019-03-28 00:00:00,10.106046712,22.4157627141,0,0,0,12,12,2942,1211
compact51_marcy__paper_roles,2019-03-28 01:00:00,8.65835011158,20.6498769996,0,0,0,12,12,1777,961
compact51_marcy__paper_roles,2019-03-28 02:00:00,10.8937325465,20.7974512937,0,0,0,12,12,3635,978
compact51_marcy__paper_roles,2019-03-28 03:00:00,8.93457330583,18.9088868985,0,0,0,12,12,1971,706
compact51_marcy__paper_roles,2019-03-28 04:00:00,8.09333208209,30.7689358373,0,0,0,12,12,1362,2431
compact51_marcy__paper_roles,2019-03-28 05:00:00,11.5251245547,23.6547246081,0,0,0,12,12,4143,1395
compact51_marcy__paper_roles,2019-03-28 06:00:00,8.05113204845,19.7924744391,0,0,0,12,12,1344,848
compact51_marcy__paper_roles,2019-03-28 07:00:00,8.90173437125,19.6567054636,0,0,0,12,12,1949,824
compact51_marcy__paper_roles,2019-03-28 08:00:00,10.1090347519,20.5416570641,0,0,0,12,12,2947,943
compact51_marcy__paper_roles,2019-03-28 09:00:00,11.0503793316,18.7242137279,0,0,0,12,12,3750,683
compact51_marcy__paper_roles,2019-03-28 10:00:00,11.3143662608,21.3226297097,0,0,0,12,12,3953,1056
compact51_marcy__paper_roles,2019-03-28 11:00:00,12.2411860121,35.6436324322,0,0,0,12,12,4704,3013
compact51_marcy__paper_roles,2019-03-28 12:00:00,8.6255491714,23.6172375298,0,0,0,12,12,1745,1389
compact51_marcy__paper_roles,2019-03-28 13:00:00,7.51418580556,17.9343676911,0,0,0,12,12,1032,584
compact51_marcy__paper_roles,2019-03-28 14:00:00,8.59864405842,30.8237342445,0,0,0,12,12,1724,2440
compact51_marcy__paper_roles,2019-03-28 15:00:00,8.44508072408,18.8316966423,0,0,0,12,12,1616,696
compact51_marcy__paper_roles,2019-03-28 16:00:00,8.16513107856,16.217951364,0,0,0,12,12,1408,391
compact51_marcy__paper_roles,2019-03-28 17:00:00,7.22119766622,15.2986965671,0,0,0,12,12,850,296
compact51_marcy__paper_roles,2019-03-28 18:00:00,10.1359299861,18.0626144814,0,0,0,12,12,2969,595
compact51_marcy__paper_roles,2019-03-28 19:00:00,10.4586805238,19.9136084639,0,0,0,12,12,3262,864
compact51_marcy__paper_roles,2019-03-28 20:00:00,9.31952029996,17.8689294472,0,0,0,12,12,2288,577
compact51_marcy__paper_roles,2019-03-28 21:00:00,10.3883226709,17.9423887671,0,0,0,12,12,3199,585
compact51_marcy__paper_roles,2019-03-28 22:00:00,20.1162908442,38.9002725017,0,0,0,12,12,8071,3350
compact51_marcy__paper_roles,2019-03-28 23:00:00,12.1601745507,36.1864361284,0,0,0,12,12,4638,3070
compact51_marcy__paper_roles,2019-03-29 00:00:00,9.3055762669,21.0637806161,0,0,0,12,12,2272,1023
compact51_marcy__paper_roles,2019-03-29 01:00:00,7.20999328188,13.1535819276,0,0,0,12,12,837,141
compact51_marcy__paper_roles,2019-03-29 02:00:00,6.24118831359,11.8998421062,0,0,0,12,12,386,73
compact51_marcy__paper_roles,2019-03-29 03:00:00,8.1183900291,21.4816282548,0,0,0,12,12,1375,1078
compact51_marcy__paper_roles,2019-03-29 04:00:00,14.3644172765,46.8970646409,0,0,0,12,12,6159,3996
compact51_marcy__paper_roles,2019-03-29 05:00:00,11.8780333732,51.8244320214,0,0,0,12,12,4415,4369
compact51_marcy__paper_roles,2019-03-29 06:00:00,10.2301727264,36.7256870311,0,0,0,12,12,3069,3129
compact51_marcy__paper_roles,2019-03-29 07:00:00,6.20460476654,15.1391038928,0,0,0,12,12,363,278
compact51_marcy__paper_roles,2019-03-29 08:00:00,11.4403036333,28.4565623362,0,0,0,12,12,4065,2115
compact51_marcy__paper_roles,2019-03-29 09:00:00,11.3807403605,26.3836206388,0,0,0,12,12,4004,1824
compact51_marcy__paper_roles,2019-03-29 10:00:00,11.4780700766,23.1986787866,0,0,0,12,12,4097,1328
compact51_marcy__paper_roles,2019-03-29 11:00:00,10.9007593961,16.0799226216,0,0,0,12,12,3646,377
compact51_marcy__paper_roles,2019-03-29 12:00:00,9.80970864601,15.0312122872,0,0,0,13,13,2663,273
compact51_marcy__paper_roles,2019-03-29 13:00:00,9.28238483863,14.2212542938,0,0,0,12,12,2252,216
compact51_marcy__paper_roles,2019-03-29 14:00:00,8.14132687055,14.3166311215,0,0,0,13,12,1391,219
compact51_marcy__paper_roles,2019-03-29 15:00:00,8.58420808583,14.1890632588,0,0,0,12,12,1709,214
compact51_marcy__paper_roles,2019-03-29 16:00:00,9.50099466678,15.7945726465,0,0,0,12,12,2433,344
compact51_marcy__paper_roles,2019-03-29 17:00:00,10.0628021991,16.3149129444,0,0,0,12,12,2904,403
compact51_marcy__paper_roles,2019-03-29 18:00:00,11.0779444621,19.2232965021,0,0,0,12,12,3772,757
compact51_marcy__paper_roles,2019-03-29 19:00:00,12.7792405149,25.340742473,0,0,0,12,12,5134,1643
compact51_marcy__paper_roles,2019-03-29 20:00:00,12.8544887296,19.1674444467,0,0,0,12,12,5199,744
compact51_marcy__paper_roles,2019-03-29 21:00:00,8.91891338086,16.1180928668,0,0,0,12,12,1959,380
compact51_marcy__paper_roles,2019-03-29 22:00:00,14.4929280742,24.3825469747,0,0,0,12,12,6230,1510
compact51_marcy__paper_roles,2019-03-29 23:00:00,13.9078724169,23.7240252698,0,0,0,12,12,5897,1403
compact51_marcy__paper_roles,2019-03-30 00:00:00,11.0770608463,17.5543988177,0,0,0,12,12,3770,539
compact51_marcy__paper_roles,2019-03-30 01:00:00,9.58295633557,21.8836623856,0,0,0,12,12,2493,1133
compact51_marcy__paper_roles,2019-03-30 02:00:00,6.8732045961,13.2169182574,0,0,0,12,12,660,149
compact51_marcy__paper_roles,2019-03-30 03:00:00,4.39363321695,10.1140537418,0,0,0,12,12,44,26
compact51_marcy__paper_roles,2019-03-30 04:00:00,4.78408039943,10.4803560695,0,0,0,12,12,72,34
compact51_marcy__paper_roles,2019-03-30 05:00:00,4.95935301048,15.9773899825,0,0,0,12,12,91,368
compact51_marcy__paper_roles,2019-03-30 06:00:00,6.79266353682,14.3029571635,0,0,0,12,12,619,218
compact51_marcy__paper_roles,2019-03-30 07:00:00,12.3478666882,28.0615802629,0,0,0,12,12,4785,2055
compact51_marcy__paper_roles,2019-03-30 08:00:00,11.4691217537,34.6730691595,0,0,0,12,12,4087,2903
compact51_marcy__paper_roles,2019-03-30 09:00:00,13.8868992356,30.7453791209,0,0,0,12,12,5884,2425
compact51_marcy__paper_roles,2019-03-30 10:00:00,12.2803509644,48.9804620789,0,0,0,12,12,4733,4178
compact51_marcy__paper_roles,2019-03-30 11:00:00,14.4118773828,83.3918456972,0,0,0,12,12,6189,5757
compact51_marcy__paper_roles,2019-03-30 12:00:00,12.7808994219,85.297046712,0,0,0,12,12,5137,5829
compact51_marcy__paper_roles,2019-03-30 13:00:00,10.7410611773,124.624531816,0,0,0,12,12,3504,6716
compact51_marcy__paper_roles,2019-03-30 14:00:00,12.9532602007,98.1473261463,0,0,0,12,12,5267,6190
compact51_marcy__paper_roles,2019-03-30 15:00:00,11.1979496423,57.1008768704,0,0,0,12,12,3869,4695
compact51_marcy__paper_roles,2019-03-30 16:00:00,8.30642201497,26.7738014242,0,0,0,12,12,1506,1878
compact51_marcy__paper_roles,2019-03-30 17:00:00,9.99317250688,30.3789549663,0,0,0,12,12,2841,2377
compact51_marcy__paper_roles,2019-03-30 18:00:00,9.41298738716,18.844627692,0,0,0,12,12,2359,698
compact51_marcy__paper_roles,2019-03-30 19:00:00,11.9740956843,22.2055315046,0,0,0,12,12,4488,1181
compact51_marcy__paper_roles,2019-03-30 20:00:00,13.1142709249,41.8719373299,0,0,0,12,12,5373,3611
compact51_marcy__paper_roles,2019-03-30 21:00:00,16.1584179161,61.7043629345,0,0,0,12,12,7007,4918
compact51_marcy__paper_roles,2019-03-30 22:00:00,15.0137739898,51.6045786779,0,0,0,12,12,6494,4355
compact51_marcy__paper_roles,2019-03-30 23:00:00,10.3558281826,36.4938585997,0,0,0,12,12,3169,3101
compact51_marcy__paper_roles,2019-03-31 00:00:00,9.63747308153,34.7455083387,0,0,0,12,12,2525,2913
compact51_marcy__paper_roles,2019-03-31 01:00:00,7.57618285676,28.2600898597,0,0,0,12,12,1065,2085
compact51_marcy__paper_roles,2019-03-31 02:00:00,9.57694923709,33.2083516516,0,0,0,12,12,2490,2726
compact51_marcy__paper_roles,2019-03-31 03:00:00,11.8383064564,39.1375699597,0,0,0,12,12,4380,3372
compact51_marcy__paper_roles,2019-03-31 04:00:00,10.0111103355,39.4060190866,0,0,0,11,11,2860,3407
compact51_marcy__paper_roles,2019-03-31 05:00:00,8.75142288054,27.2001988853,0,0,0,12,12,1840,1938
compact51_marcy__paper_roles,2019-03-31 06:00:00,8.34266517914,25.6144314319,0,0,0,12,12,1538,1679
compact51_marcy__paper_roles,2019-03-31 07:00:00,13.2437550012,48.7008945797,0,0,0,12,12,5470,4154
compact51_marcy__paper_roles,2019-03-31 08:00:00,12.0436060518,45.5861360789,0,0,0,12,12,4543,3905
compact51_marcy__paper_roles,2019-03-31 09:00:00,9.82739256378,31.7329273601,0,0,0,12,12,2678,2544
compact51_marcy__paper_roles,2019-03-31 10:00:00,13.5464097465,47.8554108365,0,0,0,12,12,5673,4081
compact51_marcy__paper_roles,2019-03-31 11:00:00,11.1891411118,33.3165102341,0,0,0,12,12,3866,2738
compact51_marcy__paper_roles,2019-03-31 12:00:00,11.431363978,25.3834424096,0,0,0,12,12,4051,1648
compact51_marcy__paper_roles,2019-03-31 13:00:00,10.7920464156,54.5669561177,0,0,0,12,12,3552,4552
compact51_marcy__paper_roles,2019-03-31 14:00:00,11.7757880024,98.9845858038,0,0,0,13,13,4333,6206
compact51_marcy__paper_roles,2019-03-31 15:00:00,11.621654586,132.582332829,0,0,0,12,12,4204,6843
compact51_marcy__paper_roles,2019-03-31 16:00:00,11.6343717185,107.866672254,0,0,0,12,12,4210,6408
compact51_marcy__paper_roles,2019-03-31 17:00:00,9.90550815222,70.5872427347,0,0,0,12,12,2752,5300
compact51_marcy__paper_roles,2019-03-31 18:00:00,11.1558547529,60.9845412694,0,0,0,12,12,3840,4881
compact51_marcy__paper_roles,2019-03-31 19:00:00,10.1640281137,32.7716819623,0,0,0,12,12,3000,2678
compact51_marcy__paper_roles,2019-03-31 20:00:00,13.5784927002,49.3016759769,0,0,0,12,12,5689,4204
compact51_marcy__paper_roles,2019-03-31 21:00:00,18.2722020596,34.4929854072,0,0,0,12,12,7703,2884
compact51_marcy__paper_roles,2019-03-31 22:00:00,10.0558347763,42.3599172015,0,0,0,12,12,2899,3647
compact51_marcy__paper_roles,2019-03-31 23:00:00,11.7363850317,60.6133745771,0,0,0,12,12,4301,4858
compact51_marcy__paper_roles,2019-04-01 00:00:00,9.18656328853,45.4824467106,0,0,0,12,12,2175,3900
compact51_marcy__paper_roles,2019-04-01 01:00:00,7.48657440667,38.7750984686,0,0,0,12,12,1017,3334
compact51_marcy__paper_roles,2019-04-01 02:00:00,8.84228024682,35.1686410206,0,0,0,12,12,1903,2956
compact51_marcy__paper_roles,2019-04-01 03:00:00,7.47895719286,37.457643354,0,0,0,12,12,1008,3202
compact51_marcy__paper_roles,2019-04-01 04:00:00,11.503106702,34.4851334821,0,0,0,12,12,4120,2882
compact51_marcy__paper_roles,2019-04-01 05:00:00,15.2360740805,52.7853521645,0,0,0,12,12,6600,4425
compact51_marcy__paper_roles,2019-04-01 06:00:00,15.3596349779,43.5741235904,0,0,0,12,12,6660,3751
compact51_marcy__paper_roles,2019-04-01 07:00:00,14.1293600986,23.9646812466,0,0,0,12,12,6028,1445
compact51_marcy__paper_roles,2019-04-01 08:00:00,12.779799959,28.7283020407,0,0,0,12,12,5135,2160
compact51_marcy__paper_roles,2019-04-01 09:00:00,7.40721315293,13.2813169884,0,0,0,12,12,956,153
compact51_marcy__paper_roles,2019-04-01 10:00:00,9.49568951557,16.9304123059,0,0,0,12,12,2429,471
compact51_marcy__paper_roles,2019-04-01 11:00:00,7.40475401626,13.8066118255,0,0,0,12,12,954,189
compact51_marcy__paper_roles,2019-04-01 12:00:00,10.4539939513,18.5567696118,0,0,0,12,12,3259,654
compact51_marcy__paper_roles,2019-04-01 13:00:00,7.4030132614,13.9276521386,0,0,0,12,12,953,196
compact51_marcy__paper_roles,2019-04-01 14:00:00,8.19483178327,27.2098153863,0,0,0,12,12,1429,1940
compact51_marcy__paper_roles,2019-04-01 15:00:00,5.46873059792,23.3383110401,0,0,0,12,12,174,1348
compact51_marcy__paper_roles,2019-04-01 16:00:00,8.33899045504,56.8460770914,0,0,0,12,12,1533,4683
compact51_marcy__paper_roles,2019-04-01 17:00:00,6.54738755041,12.0930489225,0,0,0,12,12,504,79
compact51_marcy__paper_roles,2019-04-01 18:00:00,8.17011540034,39.8736479424,0,0,0,12,12,1411,3457
compact51_marcy__paper_roles,2019-04-01 19:00:00,8.48859783947,25.8528971242,0,0,0,12,12,1649,1723
compact51_marcy__paper_roles,2019-04-01 20:00:00,10.807829777,28.8466541257,0,0,0,12,12,3562,2180
compact51_marcy__paper_roles,2019-04-01 21:00:00,11.6835184014,23.6714814703,0,0,0,12,12,4263,1398
compact51_marcy__paper_roles,2019-04-01 22:00:00,18.1636045801,45.6586557778,0,0,0,12,12,7664,3919
compact51_marcy__paper_roles,2019-04-01 23:00:00,13.4758955627,33.5827027362,0,0,0,12,12,5621,2769
compact51_marcy__paper_roles,2019-04-02 00:00:00,10.3186327022,22.238105925,0,0,0,12,12,3143,1187
compact51_marcy__paper_roles,2019-04-02 01:00:00,7.5221672819,22.2794624462,0,0,0,12,12,1035,1192
compact51_marcy__paper_roles,2019-04-02 02:00:00,8.98283594448,28.570357433,0,0,0,12,12,2020,2131
compact51_marcy__paper_roles,2019-04-02 03:00:00,11.2611785056,28.059762088,0,0,0,12,12,3913,2054
compact51_marcy__paper_roles,2019-04-02 04:00:00,15.6666384924,43.3855915274,0,0,0,12,12,6795,3740
compact51_marcy__paper_roles,2019-04-02 05:00:00,18.9841455017,65.6027903655,0,0,0,12,12,7861,5103
compact51_marcy__paper_roles,2019-04-02 06:00:00,10.0071668342,21.415904302,0,0,0,12,12,2854,1071
compact51_marcy__paper_roles,2019-04-02 07:00:00,11.9890197937,28.2526900435,0,0,0,12,12,4507,2084
compact51_marcy__paper_roles,2019-04-02 08:00:00,8.69841816561,23.6116826921,0,0,0,12,12,1805,1386
compact51_marcy__paper_roles,2019-04-02 09:00:00,8.1891003544,27.50311796,0,0,0,12,12,1425,1972
compact51_marcy__paper_roles,2019-04-02 10:00:00,8.57549275178,41.1063682291,0,0,0,12,12,1701,3565
compact51_marcy__paper_roles,2019-04-02 11:00:00,8.5354054467,46.266617504,0,0,0,12,12,1682,3956
compact51_marcy__paper_roles,2019-04-02 12:00:00,12.2470718218,61.8619000872,0,0,0,12,12,4709,4924
compact51_marcy__paper_roles,2019-04-02 13:00:00,13.8006604331,61.1429992694,0,0,0,12,12,5832,4888
compact51_marcy__paper_roles,2019-04-02 14:00:00,13.6589303999,50.4031515217,0,0,0,12,12,5741,4269
compact51_marcy__paper_roles,2019-04-02 15:00:00,12.9810782591,38.6398295239,0,0,0,12,12,5288,3325
compact51_marcy__paper_roles,2019-04-02 16:00:00,12.8730487853,43.4654848995,0,0,0,12,12,5207,3745
compact51_marcy__paper_roles,2019-04-02 17:00:00,12.1954676145,43.3130167201,0,0,0,12,12,4663,3735
compact51_marcy__paper_roles,2019-04-02 18:00:00,12.5134722353,46.4949741506,0,0,0,12,12,4927,3973
compact51_marcy__paper_roles,2019-04-02 19:00:00,11.5307019951,40.6202366519,0,0,0,12,12,4146,3515
compact51_marcy__paper_roles,2019-04-02 20:00:00,10.3376276158,23.6832539874,0,0,0,12,12,3156,1399
compact51_marcy__paper_roles,2019-04-02 21:00:00,12.8382831875,23.7262219173,0,0,0,12,12,5188,1404
compact51_marcy__paper_roles,2019-04-02 22:00:00,15.1068564306,31.4736005128,0,0,0,12,12,6536,2524
compact51_marcy__paper_roles,2019-04-02 23:00:00,13.9829203204,29.4209645933,0,0,0,12,12,5940,2268
compact51_marcy__paper_roles,2019-04-03 00:00:00,8.43690376179,15.3744571484,0,0,0,12,12,1606,304
compact51_marcy__paper_roles,2019-04-03 01:00:00,8.27567895397,36.1300933722,0,0,0,12,12,1487,3067
compact51_marcy__paper_roles,2019-04-03 02:00:00,6.68065116431,19.092672588,0,0,0,12,12,567,732
compact51_marcy__paper_roles,2019-04-03 03:00:00,6.13817335574,17.673742791,0,0,0,12,12,343,550
compact51_marcy__paper_roles,2019-04-03 04:00:00,11.6531713438,44.7002042442,0,0,0,12,12,4233,3840
compact51_marcy__paper_roles,2019-04-03 05:00:00,11.868287326,47.6330947158,0,0,0,12,12,4399,4062
compact51_marcy__paper_roles,2019-04-03 06:00:00,11.1075040729,52.1647443424,0,0,0,12,12,3801,4391
compact51_marcy__paper_roles,2019-04-03 07:00:00,11.9227075501,46.4375165303,0,0,0,12,12,4446,3967
compact51_marcy__paper_roles,2019-04-03 08:00:00,10.5067343429,66.9064069563,0,0,0,12,12,3300,5155
compact51_marcy__paper_roles,2019-04-03 09:00:00,11.3516560699,73.2153895655,0,0,0,12,12,3981,5391
compact51_marcy__paper_roles,2019-04-03 10:00:00,13.7007835797,95.8421422511,0,0,0,12,12,5765,6136
compact51_marcy__paper_roles,2019-04-03 11:00:00,14.6641668935,128.11538845,0,0,0,12,12,6305,6778
compact51_marcy__paper_roles,2019-04-03 12:00:00,15.2539066766,142.803091028,0,0,0,12,12,6607,6974
compact51_marcy__paper_roles,2019-04-03 13:00:00,17.0205380535,160.904887742,0,0,0,12,12,7309,7179
compact51_marcy__paper_roles,2019-04-03 14:00:00,14.800292961,143.030113128,0,0,0,12,12,6382,6976
compact51_marcy__paper_roles,2019-04-03 15:00:00,15.9056503823,135.705123624,0,0,0,12,12,6899,6883
compact51_marcy__paper_roles,2019-04-03 16:00:00,16.1244176204,128.083322672,0,0,0,12,12,6984,6776
compact51_marcy__paper_roles,2019-04-03 17:00:00,16.337132415,123.7994438,0,0,0,12,12,7079,6705
compact51_marcy__paper_roles,2019-04-03 18:00:00,15.5974836713,100.240856926,0,0,0,12,12,6767,6248
compact51_marcy__paper_roles,2019-04-03 19:00:00,15.1227141518,134.201360184,0,0,0,12,12,6547,6863
compact51_marcy__paper_roles,2019-04-03 20:00:00,16.3156645907,154.068119559,0,0,0,12,12,7067,7105
compact51_marcy__paper_roles,2019-04-03 21:00:00,18.0846789591,172.874904315,0,0,0,12,12,7651,7294
compact51_marcy__paper_roles,2019-04-03 22:00:00,19.9023616132,140.609934137,0,0,0,12,12,8035,6947
compact51_marcy__paper_roles,2019-04-03 23:00:00,18.1017035853,179.935737247,0,0,0,12,12,7655,7348
compact51_marcy__paper_roles,2019-04-04 00:00:00,11.4382249016,87.2778632753,0,0,0,12,12,4059,5880
compact51_marcy__paper_roles,2019-04-04 01:00:00,12.8210153323,108.140112848,0,0,0,12,12,5170,6410
compact51_marcy__paper_roles,2019-04-04 02:00:00,8.25619672236,86.3742578532,0,0,0,12,12,1472,5867
compact51_marcy__paper_roles,2019-04-04 03:00:00,10.8680866616,92.804713935,0,0,0,12,12,3619,6048
compact51_marcy__paper_roles,2019-04-04 04:00:00,21.691615733,337.754944237,0,0,0,12,12,8295,8027
compact51_marcy__paper_roles,2019-04-04 05:00:00,15.8980478239,289.53886846,0,0,0,12,12,6894,7904
compact51_marcy__paper_roles,2019-04-04 06:00:00,12.6330983923,100.875925211,0,0,0,12,12,5012,6265
compact51_marcy__paper_roles,2019-04-04 07:00:00,15.8128292202,81.372761922,0,0,0,12,12,6856,5704
compact51_marcy__paper_roles,2019-04-04 08:00:00,16.7564314049,95.0772855888,0,0,0,12,12,7223,6116
compact51_marcy__paper_roles,2019-04-04 09:00:00,18.6348935616,300.757656339,0,0,0,12,12,7792,7926
compact51_marcy__paper_roles,2019-04-04 10:00:00,18.8394573556,142.933600905,0,0,0,12,12,7836,6975
compact51_marcy__paper_roles,2019-04-04 11:00:00,20.3680457516,117.781882466,0,0,0,12,12,8113,6576
compact51_marcy__paper_roles,2019-04-04 12:00:00,19.9073388895,163.809538954,0,0,0,13,12,8036,7214
compact51_marcy__paper_roles,2019-04-04 13:00:00,16.1520481541,230.356778693,0,0,0,12,12,7002,7663
compact51_marcy__paper_roles,2019-04-04 14:00:00,21.6753088786,768.237019982,0,0,0,12,12,8293,8427
compact51_marcy__paper_roles,2019-04-04 15:00:00,17.4194787306,15135.6313425,1,0,0,12,12,7471,8740
compact51_marcy__paper_roles,2019-04-04 16:00:00,17.9047636075,2263.74529877,0,0,0,12,12,7604,8637
compact51_marcy__paper_roles,2019-04-04 17:00:00,18.8213835808,485.973014124,0,0,0,12,12,7826,8234
compact51_marcy__paper_roles,2019-04-04 18:00:00,17.0892947266,371.079971073,0,0,0,12,12,7343,8103
compact51_marcy__paper_roles,2019-04-04 19:00:00,15.822597475,54.8634487786,0,0,0,12,12,6859,4567
compact51_marcy__paper_roles,2019-04-04 20:00:00,17.8831277298,75.9422385906,0,0,0,12,12,7595,5511
compact51_marcy__paper_roles,2019-04-04 21:00:00,23.7606835886,54.0502772305,0,0,0,12,12,8478,4517
compact51_marcy__paper_roles,2019-04-04 22:00:00,18.6244169491,59.2304273423,0,0,0,12,12,7788,4795
compact51_marcy__paper_roles,2019-04-04 23:00:00,21.6652816368,166.85304695,0,0,0,12,12,8291,7240
compact51_marcy__paper_roles,2019-04-05 00:00:00,11.392166131,126.67624392,0,0,0,12,12,4015,6754
compact51_marcy__paper_roles,2019-04-05 01:00:00,9.71160710307,93.5214961259,0,0,0,12,12,2579,6067
compact51_marcy__paper_roles,2019-04-05 02:00:00,11.4762826981,100.828464679,0,0,0,12,12,4094,6262
compact51_marcy__paper_roles,2019-04-05 03:00:00,14.9269863879,126.864006382,0,0,0,12,12,6445,6761
compact51_marcy__paper_roles,2019-04-05 04:00:00,17.2595359664,107.835861763,0,0,0,12,12,7412,6407
compact51_marcy__paper_roles,2019-04-05 05:00:00,19.880483533,145.108147194,0,0,0,12,12,8034,6996
compact51_marcy__paper_roles,2019-04-05 06:00:00,10.3008383905,39.8140271581,0,0,0,13,12,3127,3450
compact51_marcy__paper_roles,2019-04-05 07:00:00,13.8942285735,29.7147179967,0,0,0,12,12,5890,2303
compact51_marcy__paper_roles,2019-04-05 08:00:00,17.7081928649,46.4741953428,0,0,0,12,12,7546,3970
compact51_marcy__paper_roles,2019-04-05 09:00:00,18.6562585248,64.3899718123,0,0,0,13,13,7796,5041
compact51_marcy__paper_roles,2019-04-05 10:00:00,16.1985999624,133.893233551,0,0,0,12,12,7021,6859
compact51_marcy__paper_roles,2019-04-05 11:00:00,17.7223419437,229.655361139,0,0,0,12,12,7551,7660
compact51_marcy__paper_roles,2019-04-05 12:00:00,14.949948014,205.425311708,0,0,0,12,12,6457,7530
compact51_marcy__paper_roles,2019-04-05 13:00:00,10.1372088961,129.56963547,0,0,0,12,12,2971,6805
compact51_marcy__paper_roles,2019-04-05 14:00:00,17.7805252417,117.106477211,0,0,0,12,12,7568,6561
compact51_marcy__paper_roles,2019-04-05 15:00:00,21.2972803612,77.8637784822,0,0,0,12,12,8254,5570
compact51_marcy__paper_roles,2019-04-05 16:00:00,22.7439413235,92.9035000771,0,0,0,12,11,8401,6051
compact51_marcy__paper_roles,2019-04-05 17:00:00,21.1544835423,69.3159441037,0,0,0,12,12,8235,5251
compact51_marcy__paper_roles,2019-04-05 18:00:00,18.3867183234,53.3911407872,0,0,0,12,12,7728,4480
compact51_marcy__paper_roles,2019-04-05 19:00:00,19.7325036904,52.7684892075,0,0,0,12,12,8010,4424
compact51_marcy__paper_roles,2019-04-05 20:00:00,24.5634169463,59.8043312544,0,0,0,12,12,8537,4828
compact51_marcy__paper_roles,2019-04-05 21:00:00,18.2730276373,52.4357272598,0,0,0,12,12,7704,4410
compact51_marcy__paper_roles,2019-04-05 22:00:00,28.9598154633,70.9470284451,0,0,0,12,12,8681,5316
compact51_marcy__paper_roles,2019-04-05 23:00:00,22.9997198555,64.9562407598,0,0,0,12,12,8425,5078
compact51_marcy__paper_roles,2019-04-06 00:00:00,9.50451652993,27.5801097918,0,0,0,12,12,2434,1985
compact51_marcy__paper_roles,2019-04-06 01:00:00,7.91979085491,16.5169162295,0,0,0,12,12,1262,430
compact51_marcy__paper_roles,2019-04-06 02:00:00,8.00563779349,29.657249366,0,0,0,12,12,1309,2296
compact51_marcy__paper_roles,2019-04-06 03:00:00,10.2057366284,58.5616962795,0,0,0,12,12,3046,4763
compact51_marcy__paper_roles,2019-04-06 04:00:00,9.89342425247,47.1509286522,0,0,0,12,12,2740,4013
compact51_marcy__paper_roles,2019-04-06 05:00:00,12.3566892434,68.5280485768,0,0,0,13,12,4793,5226
compact51_marcy__paper_roles,2019-04-06 06:00:00,11.359435622,51.9356379191,0,0,0,12,12,3988,4374
compact51_marcy__paper_roles,2019-04-06 07:00:00,13.6092126976,69.5771738841,0,0,0,12,12,5705,5260
compact51_marcy__paper_roles,2019-04-06 08:00:00,6.90407499952,18.1770889794,0,0,0,12,12,674,612
compact51_marcy__paper_roles,2019-04-06 09:00:00,6.37973800476,33.0675631604,0,0,0,12,12,434,2707
compact51_marcy__paper_roles,2019-04-06 10:00:00,10.6184464388,100.684621414,0,0,0,12,12,3405,6257
compact51_marcy__paper_roles,2019-04-06 11:00:00,13.1051883127,207.76045351,0,0,0,12,12,5368,7540
compact51_marcy__paper_roles,2019-04-06 12:00:00,18.5809308551,343.041417723,0,0,0,12,12,7772,8042
compact51_marcy__paper_roles,2019-04-06 13:00:00,15.7998310431,192.338954452,0,0,0,12,12,6849,7432
compact51_marcy__paper_roles,2019-04-06 14:00:00,18.5118110934,228.920255154,0,0,0,12,12,7755,7658
compact51_marcy__paper_roles,2019-04-06 15:00:00,17.7756717285,254.175675644,0,0,0,12,12,7566,7775
compact51_marcy__paper_roles,2019-04-06 16:00:00,16.8924725734,169.610600897,0,0,0,12,12,7266,7264
compact51_marcy__paper_roles,2019-04-06 17:00:00,17.70313129,153.109523327,0,0,0,12,12,7542,7094
compact51_marcy__paper_roles,2019-04-06 18:00:00,15.6858829335,125.630477654,0,0,0,12,12,6803,6731
compact51_marcy__paper_roles,2019-04-06 19:00:00,10.582126452,59.0234070786,0,0,0,12,12,3382,4784
compact51_marcy__paper_roles,2019-04-06 20:00:00,8.7545850561,28.9730083021,0,0,0,12,12,1843,2195
compact51_marcy__paper_roles,2019-04-06 21:00:00,10.4176911493,40.5282055436,0,0,0,12,12,3229,3509
compact51_marcy__paper_roles,2019-04-06 22:00:00,13.5685465044,52.4052775936,0,0,0,12,12,5683,4407
compact51_marcy__paper_roles,2019-04-06 23:00:00,13.4354150484,91.2699432226,0,0,0,12,12,5600,5992
compact51_marcy__paper_roles,2019-04-07 00:00:00,8.99907833881,46.1455923909,0,0,0,12,12,2035,3949
compact51_marcy__paper_roles,2019-04-07 01:00:00,12.4645606962,65.6902027459,0,0,0,12,12,4888,5106
compact51_marcy__paper_roles,2019-04-07 02:00:00,12.245311313,74.4217626427,0,0,0,12,12,4708,5452
compact51_marcy__paper_roles,2019-04-07 03:00:00,12.9650476959,55.6803204525,0,0,0,12,12,5276,4621
compact51_marcy__paper_roles,2019-04-07 04:00:00,12.9552376101,63.6188302628,0,0,0,12,12,5269,5008
compact51_marcy__paper_roles,2019-04-07 05:00:00,13.1518400658,53.5319799509,0,0,0,12,12,5404,4489
compact51_marcy__paper_roles,2019-04-07 06:00:00,11.8139300557,42.544155618,0,0,0,12,12,4358,3663
compact51_marcy__paper_roles,2019-04-07 07:00:00,12.1175912458,66.7735207896,0,0,0,12,12,4608,5150
compact51_marcy__paper_roles,2019-04-07 08:00:00,12.3425321089,112.0353539,0,0,0,12,12,4779,6483
compact51_marcy__paper_roles,2019-04-07 09:00:00,15.4947101944,157.330456664,0,0,0,12,12,6724,7140
compact51_marcy__paper_roles,2019-04-07 10:00:00,16.3228799486,170.701689625,0,0,0,12,12,7074,7273
compact51_marcy__paper_roles,2019-04-07 11:00:00,14.6198010762,158.85082577,0,0,0,12,12,6293,7157
compact51_marcy__paper_roles,2019-04-07 12:00:00,16.7098109555,235.014153432,0,0,0,12,12,7215,7689
compact51_marcy__paper_roles,2019-04-07 13:00:00,17.5613718536,283.904650663,0,0,0,12,12,7505,7876
compact51_marcy__paper_roles,2019-04-07 14:00:00,16.4626526994,228.409659532,0,0,0,12,12,7128,7655
compact51_marcy__paper_roles,2019-04-07 15:00:00,17.191972061,245.592311799,0,0,0,13,13,7378,7739
compact51_marcy__paper_roles,2019-04-07 16:00:00,13.4079126467,121.080387708,0,0,0,10,10,5581,6650
compact51_marcy__paper_roles,2019-04-07 17:00:00,13.9580161766,97.5159363207,0,0,0,12,12,5928,6180
compact51_marcy__paper_roles,2019-04-07 18:00:00,9.99164033676,63.3042392888,0,0,0,12,12,2837,4996
compact51_marcy__paper_roles,2019-04-07 19:00:00,9.938114621,55.9946259844,0,0,0,12,12,2789,4639
compact51_marcy__paper_roles,2019-04-07 20:00:00,8.86584091099,41.8970525632,0,0,0,12,12,1918,3613
compact51_marcy__paper_roles,2019-04-07 21:00:00,8.890834259,30.386383854,0,0,0,12,12,1935,2378
compact51_marcy__paper_roles,2019-04-07 22:00:00,13.7041429782,47.4096020193,0,0,0,12,12,5770,4042
compact51_marcy__paper_roles,2019-04-07 23:00:00,10.8170158145,75.9323640737,0,0,0,12,12,3567,5509
compact51_marcy__paper_roles,2019-04-08 00:00:00,10.4682283807,88.8008589448,0,0,0,12,12,3279,5925
compact51_marcy__paper_roles,2019-04-08 01:00:00,13.7277824504,126.633669897,0,0,0,12,12,5784,6750
compact51_marcy__paper_roles,2019-04-08 02:00:00,14.8366442444,150.274584873,0,0,0,12,12,6394,7061
compact51_marcy__paper_roles,2019-04-08 03:00:00,14.0735520147,128.924571118,0,0,0,12,12,5998,6792
compact51_marcy__paper_roles,2019-04-08 04:00:00,15.8626636059,213.088271579,0,0,0,12,12,6882,7568
compact51_marcy__paper_roles,2019-04-08 05:00:00,19.5518823905,216.081097002,0,0,0,12,12,7975,7584
compact51_marcy__paper_roles,2019-04-08 06:00:00,13.8246025443,216.400943862,0,0,0,12,12,5849,7587
compact51_marcy__paper_roles,2019-04-08 07:00:00,13.5158102589,183.885781718,0,0,0,12,12,5650,7375
compact51_marcy__paper_roles,2019-04-08 08:00:00,14.2039347944,146.247702818,0,0,0,12,12,6072,7015
compact51_marcy__paper_roles,2019-04-08 09:00:00,15.5467904399,134.855129263,0,0,0,12,12,6749,6871
compact51_marcy__paper_roles,2019-04-08 10:00:00,13.9588781066,162.571226742,0,0,0,12,12,5930,7194
compact51_marcy__paper_roles,2019-04-08 11:00:00,14.2308459265,243.405922612,0,0,0,12,12,6089,7731
compact51_marcy__paper_roles,2019-04-08 12:00:00,13.961934633,204.333579068,0,0,0,12,12,5931,7521
compact51_marcy__paper_roles,2019-04-08 13:00:00,14.9729126074,155.590741122,0,0,0,10,10,6467,7123
compact51_marcy__paper_roles,2019-04-08 14:00:00,17.8869782444,165.505133285,0,0,0,12,12,7596,7225
compact51_marcy__paper_roles,2019-04-08 15:00:00,15.8668269387,188.578436134,0,0,0,12,12,6884,7406
compact51_marcy__paper_roles,2019-04-08 16:00:00,17.3011264812,152.779689717,0,0,0,12,12,7429,7088
compact51_marcy__paper_roles,2019-04-08 17:00:00,13.0725037081,120.690999509,0,0,0,12,12,5346,6641
compact51_marcy__paper_roles,2019-04-08 18:00:00,12.8286608327,47.0995484049,0,0,0,12,12,5179,4011
compact51_marcy__paper_roles,2019-04-08 19:00:00,13.7521731353,35.9210027995,0,0,0,12,12,5800,3045
compact51_marcy__paper_roles,2019-04-08 20:00:00,15.2810526571,41.8203986509,0,0,0,12,12,6618,3605
compact51_marcy__paper_roles,2019-04-08 21:00:00,15.1688978525,34.4355391493,0,0,0,12,12,6567,2876
compact51_marcy__paper_roles,2019-04-08 22:00:00,15.3959552874,52.9269402811,0,0,0,12,12,6679,4436
compact51_marcy__paper_roles,2019-04-08 23:00:00,14.3453855934,51.0297391348,0,0,0,12,12,6148,4311
compact51_marcy__paper_roles,2019-04-09 00:00:00,7.56646264051,51.248352235,0,0,0,12,12,1063,4327
compact51_marcy__paper_roles,2019-04-09 01:00:00,5.38147507957,31.1222707677,0,0,0,12,12,157,2480
compact51_marcy__paper_roles,2019-04-09 02:00:00,6.24033162496,30.6181570232,0,0,0,12,12,383,2408
compact51_marcy__paper_roles,2019-04-09 03:00:00,7.56407502444,36.5668230663,0,0,0,12,12,1058,3112
compact51_marcy__paper_roles,2019-04-09 04:00:00,10.0312211212,47.3559071995,0,0,0,12,12,2883,4036
compact51_marcy__paper_roles,2019-04-09 05:00:00,17.7688195542,96.9601548732,0,0,0,12,12,7564,6169
compact51_marcy__paper_roles,2019-04-09 06:00:00,10.1416108434,44.0490355312,0,0,0,12,12,2972,3791
compact51_marcy__paper_roles,2019-04-09 07:00:00,13.8890665911,33.8043958276,0,0,0,12,12,5885,2801
compact51_marcy__paper_roles,2019-04-09 08:00:00,14.7655256855,37.0947671992,0,0,0,12,12,6362,3165
compact51_marcy__paper_roles,2019-04-09 09:00:00,16.50684849,186.831550429,0,0,0,12,12,7144,7396
compact51_marcy__paper_roles,2019-04-09 10:00:00,17.4323491472,244.869625664,0,0,0,12,12,7474,7736
compact51_marcy__paper_roles,2019-04-09 11:00:00,16.3348123177,127.18639536,0,0,0,10,10,7077,6768
compact51_marcy__paper_roles,2019-04-09 12:00:00,19.4106866087,116.801768101,0,0,0,12,12,7943,6559
compact51_marcy__paper_roles,2019-04-09 13:00:00,14.4795155093,73.6863938241,0,0,0,11,11,6226,5414
compact51_marcy__paper_roles,2019-04-09 14:00:00,18.0421014613,74.7896592584,0,0,0,12,12,7642,5460
compact51_marcy__paper_roles,2019-04-09 15:00:00,14.4547770911,51.7004663844,0,0,0,12,12,6207,4363
compact51_marcy__paper_roles,2019-04-09 16:00:00,15.093071553,28.8389353339,0,0,0,12,12,6528,2177
compact51_marcy__paper_roles,2019-04-09 17:00:00,17.0763821752,31.5271014139,0,0,0,12,12,7338,2529
compact51_marcy__paper_roles,2019-04-09 18:00:00,16.8750904309,28.1457557754,0,0,0,12,12,7261,2068
compact51_marcy__paper_roles,2019-04-09 19:00:00,16.7552705021,28.3708438766,0,0,0,12,12,7222,2101
compact51_marcy__paper_roles,2019-04-09 20:00:00,19.6289339403,42.2185681725,0,0,0,12,12,7991,3640
compact51_marcy__paper_roles,2019-04-09 21:00:00,17.4652377376,43.8683993243,0,0,0,12,12,7484,3775
compact51_marcy__paper_roles,2019-04-09 22:00:00,18.1937282421,45.4566203366,0,0,0,12,12,7674,3898
compact51_marcy__paper_roles,2019-04-09 23:00:00,22.8560098687,201.758521264,0,0,0,12,12,8410,7506
compact51_marcy__paper_roles,2019-04-10 00:00:00,10.0214853318,80.8400876368,0,0,0,13,13,2872,5680
compact51_marcy__paper_roles,2019-04-10 01:00:00,7.37086327152,42.4266538123,0,0,0,12,12,929,3653
compact51_marcy__paper_roles,2019-04-10 02:00:00,7.65874693365,32.1255337565,0,0,0,12,12,1106,2603
compact51_marcy__paper_roles,2019-04-10 03:00:00,10.3755084384,43.3058752124,0,0,0,12,12,3187,3734
compact51_marcy__paper_roles,2019-04-10 04:00:00,15.1195859438,74.2862806357,0,0,0,12,12,6545,5448
compact51_marcy__paper_roles,2019-04-10 05:00:00,15.0678488487,92.0863792227,0,0,0,12,12,6515,6025
compact51_marcy__paper_roles,2019-04-10 06:00:00,10.546045919,45.5947910763,0,0,0,12,12,3340,3906
compact51_marcy__paper_roles,2019-04-10 07:00:00,11.7870951764,51.1835118706,0,0,0,12,12,4340,4319
compact51_marcy__paper_roles,2019-04-10 08:00:00,15.5715829188,51.7446991286,0,0,0,12,12,6756,4365
compact51_marcy__paper_roles,2019-04-10 09:00:00,9.42467072365,37.7715283792,0,0,0,12,12,2373,3243
compact51_marcy__paper_roles,2019-04-10 10:00:00,9.83843047171,40.8489888362,0,0,0,12,12,2690,3539
compact51_marcy__paper_roles,2019-04-10 11:00:00,10.9125666364,56.6497267876,0,0,0,10,10,3652,4670
compact51_marcy__paper_roles,2019-04-10 12:00:00,11.1314767139,119.116502845,0,0,0,12,12,3821,6601
compact51_marcy__paper_roles,2019-04-10 13:00:00,8.79990351472,27.9283235402,0,0,0,12,12,1865,2037
compact51_marcy__paper_roles,2019-04-10 14:00:00,7.42341425493,19.2746723422,0,0,0,11,11,968,765
compact51_marcy__paper_roles,2019-04-10 15:00:00,6.81030951672,23.3379055535,0,0,0,12,12,626,1347
compact51_marcy__paper_roles,2019-04-10 16:00:00,10.9874526759,31.9691276376,0,0,0,12,12,3704,2584
compact51_marcy__paper_roles,2019-04-10 17:00:00,8.04661889226,18.4745143887,0,0,0,11,10,1340,641
compact51_marcy__paper_roles,2019-04-10 18:00:00,11.2673474301,19.6756494077,0,0,0,12,12,3922,826
compact51_marcy__paper_roles,2019-04-10 19:00:00,12.6039173484,29.1876902169,0,0,0,12,12,4980,2226
compact51_marcy__paper_roles,2019-04-10 20:00:00,11.6543025116,24.2804652357,0,0,0,13,12,4237,1498
compact51_marcy__paper_roles,2019-04-10 21:00:00,13.0614033891,28.125573846,0,0,0,12,12,5339,2065
compact51_marcy__paper_roles,2019-04-10 22:00:00,13.6769171519,28.5672296793,0,0,0,12,12,5751,2130
compact51_marcy__paper_roles,2019-04-10 23:00:00,15.9946979184,60.6931185522,0,0,0,15,13,6937,4865
compact51_marcy__paper_roles,2019-04-11 00:00:00,4.87760476879,16.7500473037,0,0,0,11,11,85,456
compact51_marcy__paper_roles,2019-04-11 01:00:00,6.09210135775,9.47432695682,0,0,0,12,12,332,19
compact51_marcy__paper_roles,2019-04-11 02:00:00,6.14119053705,24.5126478769,0,0,0,12,12,345,1528
compact51_marcy__paper_roles,2019-04-11 03:00:00,5.04184670064,9.62284525365,0,0,0,12,12,102,23
compact51_marcy__paper_roles,2019-04-11 04:00:00,3.45411988699,22.4614953278,0,0,0,12,12,13,1220
compact51_marcy__paper_roles,2019-04-11 05:00:00,7.24707454585,21.8338887635,0,0,0,12,12,862,1122
compact51_marcy__paper_roles,2019-04-11 06:00:00,8.03563389481,23.1408062346,0,0,0,13,12,1334,1320
compact51_marcy__paper_roles,2019-04-11 07:00:00,8.82778676709,27.3716968708,0,0,0,12,12,1889,1959
compact51_marcy__paper_roles,2019-04-11 08:00:00,11.971971727,22.6957877278,0,0,0,12,12,4486,1259
compact51_marcy__paper_roles,2019-04-11 09:00:00,11.3210327491,18.8639785262,0,0,0,12,12,3959,700
compact51_marcy__paper_roles,2019-04-11 10:00:00,10.6517674611,19.7811293811,0,0,0,12,12,3428,846
compact51_marcy__paper_roles,2019-04-11 11:00:00,10.4576968261,21.6453494323,0,0,0,12,12,3261,1103
compact51_marcy__paper_roles,2019-04-11 12:00:00,10.8442007554,19.4983842497,0,0,0,12,12,3593,795
compact51_marcy__paper_roles,2019-04-11 13:00:00,11.255687908,23.3635959203,0,0,0,12,12,3907,1351
compact51_marcy__paper_roles,2019-04-11 14:00:00,12.4300731477,93.3278754231,0,0,0,12,12,4848,6064
compact51_marcy__paper_roles,2019-04-11 15:00:00,12.1039099804,64.6027803944,0,0,0,12,12,4588,5057
compact51_marcy__paper_roles,2019-04-11 16:00:00,10.4480474212,45.4403435454,0,0,0,12,12,3255,3895
compact51_marcy__paper_roles,2019-04-11 17:00:00,10.1005693402,20.2098142521,0,0,0,12,12,2938,897
compact51_marcy__paper_roles,2019-04-11 18:00:00,10.1908306567,20.4136751556,0,0,0,12,12,3024,922
compact51_marcy__paper_roles,2019-04-11 19:00:00,13.4663488008,22.5105932036,0,0,0,12,12,5614,1227
compact51_marcy__paper_roles,2019-04-11 20:00:00,17.3867478395,41.061408071,0,0,0,12,12,7457,3560
compact51_marcy__paper_roles,2019-04-11 21:00:00,22.5798698238,50.9137889646,0,0,0,12,12,8386,4301
compact51_marcy__paper_roles,2019-04-11 22:00:00,17.3454551508,35.0692304919,0,0,0,12,12,7442,2942
compact51_marcy__paper_roles,2019-04-11 23:00:00,16.6421143278,32.560230579,0,0,0,12,12,7195,2655
compact51_marcy__paper_roles,2019-04-12 00:00:00,10.9049263043,22.7781341874,0,0,0,12,12,3647,1274
compact51_marcy__paper_roles,2019-04-12 01:00:00,10.2496693536,29.2037404066,0,0,0,12,12,3089,2230
compact51_marcy__paper_roles,2019-04-12 02:00:00,10.0221861176,35.8937685781,0,0,0,12,12,2874,3041
compact51_marcy__paper_roles,2019-04-12 03:00:00,8.86854537333,35.0347108817,0,0,0,12,12,1920,2940
compact51_marcy__paper_roles,2019-04-12 04:00:00,8.48416676409,38.1291749858,0,0,0,12,12,1643,3276
compact51_marcy__paper_roles,2019-04-12 05:00:00,11.0904431373,28.8910204288,0,0,0,12,12,3789,2185
compact51_marcy__paper_roles,2019-04-12 06:00:00,12.8688096206,56.2755253834,0,0,0,12,12,5203,4651
compact51_marcy__paper_roles,2019-04-12 07:00:00,19.0847854337,38.9495486439,0,0,0,12,12,7883,3355
compact51_marcy__paper_roles,2019-04-12 08:00:00,17.6593904328,30.7655420515,0,0,0,12,12,7532,2429
compact51_marcy__paper_roles,2019-04-12 09:00:00,17.0234365764,30.4905653072,0,0,0,12,12,7313,2394
compact51_marcy__paper_roles,2019-04-12 10:00:00,18.3111956624,34.4797027314,0,0,0,12,12,7712,2880
compact51_marcy__paper_roles,2019-04-12 11:00:00,13.3593002963,26.4716858232,0,0,0,12,12,5544,1832
compact51_marcy__paper_roles,2019-04-12 12:00:00,12.2635951139,26.0595414402,0,0,0,12,12,4719,1759
compact51_marcy__paper_roles,2019-04-12 13:00:00,15.6366132112,29.0644415503,0,0,0,12,12,6786,2205
compact51_marcy__paper_roles,2019-04-12 14:00:00,16.2982038303,30.9380674182,0,0,0,12,12,7060,2459
compact51_marcy__paper_roles,2019-04-12 15:00:00,11.7962108373,24.5770615635,0,0,0,12,12,4349,1535
compact51_marcy__paper_roles,2019-04-12 16:00:00,15.9553721135,32.7798324607,0,0,0,12,12,6922,2679
compact51_marcy__paper_roles,2019-04-12 17:00:00,15.1766597059,27.187847836,0,0,0,12,12,6569,1935
compact51_marcy__paper_roles,2019-04-12 18:00:00,14.7288955321,30.8651265104,0,0,0,12,12,6339,2450
compact51_marcy__paper_roles,2019-04-12 19:00:00,16.0151600283,32.385760714,0,0,0,12,12,6947,2638
compact51_marcy__paper_roles,2019-04-12 20:00:00,17.0223692496,34.7416231225,0,0,0,12,12,7311,2912
compact51_marcy__paper_roles,2019-04-12 21:00:00,16.0490621243,45.0202743557,0,0,0,12,12,6962,3860
compact51_marcy__paper_roles,2019-04-12 22:00:00,16.0134315202,49.5980670659,0,0,0,12,12,6943,4225
compact51_marcy__paper_roles,2019-04-12 23:00:00,20.388528944,43.6438881083,0,0,0,12,12,8116,3754
compact51_marcy__paper_roles,2019-04-13 00:00:00,15.7098311281,3055.95802347,0,0,0,12,12,6813,8672
compact51_marcy__paper_roles,2019-04-13 01:00:00,22.1836647341,5618.79902061,2,0,0,12,12,8348,8719
compact51_marcy__paper_roles,2019-04-13 02:00:00,23.3316168811,935.322999222,2,0,0,12,12,8446,8478
compact51_marcy__paper_roles,2019-04-13 03:00:00,26.2615321449,524.20489284,2,0,0,12,12,8623,8279
compact51_marcy__paper_roles,2019-04-13 04:00:00,24.7050221903,606.812168997,2,0,0,12,12,8549,8343
compact51_marcy__paper_roles,2019-04-13 05:00:00,21.5910971357,600.478669053,2,0,0,12,12,8283,8337
compact51_marcy__paper_roles,2019-04-13 06:00:00,28.3307278856,470.485701835,2,0,0,12,12,8667,8215
compact51_marcy__paper_roles,2019-04-13 07:00:00,28.0674473109,520.443474581,2,0,0,12,12,8662,8273
compact51_marcy__paper_roles,2019-04-13 08:00:00,25.2874509151,1076.62957411,2,0,0,12,12,8582,8512
compact51_marcy__paper_roles,2019-04-13 09:00:00,23.7708990951,2813.31484343,1,0,0,13,13,8480,8657
compact51_marcy__paper_roles,2019-04-13 10:00:00,20.2362668718,116113.79992,2,0,0,13,12,8093,8757
compact51_marcy__paper_roles,2019-04-13 11:00:00,23.2181423463,19280.2172737,2,0,0,12,12,8441,8744
compact51_marcy__paper_roles,2019-04-13 12:00:00,27.4763577547,684.051116042,2,0,0,12,12,8654,8389
compact51_marcy__paper_roles,2019-04-13 13:00:00,25.6784554284,613.579380158,2,0,0,12,12,8596,8347
compact51_marcy__paper_roles,2019-04-13 14:00:00,22.9047874185,1411.70585406,2,0,0,12,12,8416,8564
compact51_marcy__paper_roles,2019-04-13 15:00:00,22.0507131402,1354.14081873,2,0,0,12,12,8334,8550
compact51_marcy__paper_roles,2019-04-13 16:00:00,24.2710831532,1795.99760406,2,0,0,12,12,8515,8600
compact51_marcy__paper_roles,2019-04-13 17:00:00,22.7346349374,1697.97238008,1,0,0,12,12,8400,8589
compact51_marcy__paper_roles,2019-04-13 18:00:00,22.4844116391,664.857253346,1,0,0,12,12,8375,8375
compact51_marcy__paper_roles,2019-04-13 19:00:00,19.0228017415,360.370412768,1,0,0,12,12,7870,8086
compact51_marcy__paper_roles,2019-04-13 20:00:00,17.1655281746,181.836399613,0,0,0,10,10,7373,7363
compact51_marcy__paper_roles,2019-04-13 21:00:00,16.0296831579,241.760318495,0,0,0,12,12,6952,7722
compact51_marcy__paper_roles,2019-04-13 22:00:00,22.1366577784,331.987965836,0,0,0,12,12,8344,8010
compact51_marcy__paper_roles,2019-04-13 23:00:00,22.0459812928,95.4943533616,0,0,0,12,12,8329,6124
compact51_marcy__paper_roles,2019-04-14 00:00:00,16.6998703619,72.7475391945,0,0,0,13,13,7212,5372
compact51_marcy__paper_roles,2019-04-14 01:00:00,12.9348253801,46.2098259267,0,0,0,12,12,5256,3953
compact51_marcy__paper_roles,2019-04-14 02:00:00,16.7911206076,64.553035901,0,0,0,12,12,7233,5055
compact51_marcy__paper_roles,2019-04-14 03:00:00,13.8922367724,54.2833982075,0,0,0,12,12,5888,4531
compact51_marcy__paper_roles,2019-04-14 04:00:00,14.6727127265,40.701251974,0,0,0,12,12,6309,3525
compact51_marcy__paper_roles,2019-04-14 05:00:00,12.9156558503,37.896731249,0,0,0,12,12,5243,3254
compact51_marcy__paper_roles,2019-04-14 06:00:00,12.8319444887,43.0223017039,0,0,0,12,12,5182,3708
compact51_marcy__paper_roles,2019-04-14 07:00:00,13.5605461305,32.2792330468,0,0,0,12,12,5676,2630
compact51_marcy__paper_roles,2019-04-14 08:00:00,11.4018825469,30.0471127847,0,0,0,12,12,4024,2348
compact51_marcy__paper_roles,2019-04-14 09:00:00,13.0318046845,25.476794026,0,0,0,12,12,5321,1662
compact51_marcy__paper_roles,2019-04-14 10:00:00,12.5784970103,25.5791500825,0,0,0,12,12,4967,1674
compact51_marcy__paper_roles,2019-04-14 11:00:00,18.544005599,37.8968937891,0,0,0,12,12,7761,3255
compact51_marcy__paper_roles,2019-04-14 12:00:00,16.2049324383,35.5078787758,0,0,0,12,12,7023,2999
compact51_marcy__paper_roles,2019-04-14 13:00:00,12.0441362239,29.9707690001,0,0,0,12,12,4544,2341
compact51_marcy__paper_roles,2019-04-14 14:00:00,12.8123107701,24.6517789175,0,0,0,12,12,5162,1541
compact51_marcy__paper_roles,2019-04-14 15:00:00,10.752463252,25.9266120445,0,0,0,12,12,3515,1735
compact51_marcy__paper_roles,2019-04-14 16:00:00,14.6667038354,33.1058045899,0,0,0,12,12,6306,2710
compact51_marcy__paper_roles,2019-04-14 17:00:00,15.7398593556,37.8634712054,0,0,0,12,12,6823,3251
compact51_marcy__paper_roles,2019-04-14 18:00:00,15.0400132613,42.7808332928,0,0,0,12,12,6505,3676
compact51_marcy__paper_roles,2019-04-14 19:00:00,17.165043846,45.2308137406,0,0,0,12,12,7371,3876
compact51_marcy__paper_roles,2019-04-14 20:00:00,24.6688605543,69.3812700061,0,0,0,12,12,8544,5253
compact51_marcy__paper_roles,2019-04-14 21:00:00,23.284686858,64.0940950009,0,0,0,12,12,8443,5025
compact51_marcy__paper_roles,2019-04-14 22:00:00,22.8176621538,433.177209075,0,0,0,12,12,8408,8174
compact51_marcy__paper_roles,2019-04-14 23:00:00,22.8569211355,193.942034485,0,0,0,12,12,8411,7444
compact51_marcy__paper_roles,2019-04-15 00:00:00,15.1276333847,143.094482871,0,0,0,13,13,6548,6978
compact51_marcy__paper_roles,2019-04-15 01:00:00,15.4285520066,130.211357737,0,0,0,12,12,6691,6809
compact51_marcy__paper_roles,2019-04-15 02:00:00,15.6356337,150.285738205,0,0,0,12,12,6785,7062
compact51_marcy__paper_roles,2019-04-15 03:00:00,21.7733152898,139.854794652,0,0,0,12,12,8304,6937
compact51_marcy__paper_roles,2019-04-15 04:00:00,22.0843088068,126.065386309,0,0,0,12,12,8338,6742
compact51_marcy__paper_roles,2019-04-15 05:00:00,25.9267358981,301.039802726,0,0,0,12,12,8606,7927
compact51_marcy__paper_roles,2019-04-15 06:00:00,23.9941049026,111.288944417,0,0,0,12,12,8494,6467
compact51_marcy__paper_roles,2019-04-15 07:00:00,21.3936870341,88.4615910417,0,0,0,12,12,8265,5914
compact51_marcy__paper_roles,2019-04-15 08:00:00,20.4112018886,103.954632064,0,0,0,13,12,8122,6340
compact51_marcy__paper_roles,2019-04-15 09:00:00,22.7050408262,188.765722805,0,0,0,12,12,8395,7407
compact51_marcy__paper_roles,2019-04-15 10:00:00,21.2244485902,105.135128071,0,0,0,12,12,8243,6363
compact51_marcy__paper_roles,2019-04-15 11:00:00,21.290256229,69.5751874767,0,0,0,12,12,8253,5259
compact51_marcy__paper_roles,2019-04-15 12:00:00,21.9337427364,101.359371713,0,0,0,12,12,8320,6275
compact51_marcy__paper_roles,2019-04-15 13:00:00,20.6471194619,53.8237358524,0,0,0,12,12,8164,4505
compact51_marcy__paper_roles,2019-04-15 14:00:00,14.7943377753,52.4220729379,0,0,0,12,12,6377,4409
compact51_marcy__paper_roles,2019-04-15 15:00:00,19.5876445776,46.7673210836,0,0,0,12,12,7982,3989
compact51_marcy__paper_roles,2019-04-15 16:00:00,14.2049050888,40.8645786936,0,0,0,12,12,6073,3541
compact51_marcy__paper_roles,2019-04-15 17:00:00,14.6557419145,47.9169924092,0,0,0,12,12,6301,4086
compact51_marcy__paper_roles,2019-04-15 18:00:00,17.9421755893,54.0033435862,0,0,0,12,12,7613,4513
compact51_marcy__paper_roles,2019-04-15 19:00:00,13.3152342957,73.3291247129,0,0,0,12,12,5525,5396
compact51_marcy__paper_roles,2019-04-15 20:00:00,19.7093462576,64.1177347516,0,0,0,12,12,8005,5027
compact51_marcy__paper_roles,2019-04-15 21:00:00,22.4464174665,93.6487871892,0,0,0,12,12,8369,6072
compact51_marcy__paper_roles,2019-04-15 22:00:00,22.9075315886,89.2625761235,0,0,0,12,12,8417,5942
compact51_marcy__paper_roles,2019-04-15 23:00:00,22.7107556476,85.263982233,0,0,0,12,12,8396,5827
compact51_marcy__paper_roles,2019-04-16 00:00:00,12.6506150142,49.3340944842,0,0,0,12,12,5033,4208
compact51_marcy__paper_roles,2019-04-16 01:00:00,9.06439664527,50.1439331901,0,0,0,12,12,2084,4253
compact51_marcy__paper_roles,2019-04-16 02:00:00,11.1387295616,69.5583993743,0,0,0,12,12,3827,5258
compact51_marcy__paper_roles,2019-04-16 03:00:00,14.2835513511,82.989281626,0,0,0,12,12,6120,5743
compact51_marcy__paper_roles,2019-04-16 04:00:00,12.9275945911,81.449854469,0,0,0,12,12,5252,5708
compact51_marcy__paper_roles,2019-04-16 05:00:00,13.7663529034,82.5412807218,0,0,0,12,12,5808,5728
compact51_marcy__paper_roles,2019-04-16 06:00:00,14.1369630413,49.5571778835,0,0,0,12,12,6031,4221
compact51_marcy__paper_roles,2019-04-16 07:00:00,12.2730213032,39.5372915879,0,0,0,12,12,4727,3417
compact51_marcy__paper_roles,2019-04-16 08:00:00,21.0623463399,54.1637965599,0,0,0,12,12,8220,4521
compact51_marcy__paper_roles,2019-04-16 09:00:00,19.4174571174,68.9985498413,0,0,0,14,13,7944,5243
compact51_marcy__paper_roles,2019-04-16 10:00:00,17.2650759928,107.089708416,0,0,0,12,12,7414,6396
compact51_marcy__paper_roles,2019-04-16 11:00:00,17.7720755449,125.727213028,0,0,0,11,11,7565,6734
compact51_marcy__paper_roles,2019-04-16 12:00:00,16.815267036,87.5377050158,0,0,0,13,13,7242,5887
compact51_marcy__paper_roles,2019-04-16 13:00:00,20.9835229772,198.865629222,0,0,0,12,12,8206,7481
compact51_marcy__paper_roles,2019-04-16 14:00:00,18.0913013448,141.560669181,0,0,0,12,12,7654,6957
compact51_marcy__paper_roles,2019-04-16 15:00:00,19.8169927718,149.292168189,0,0,0,12,12,8026,7045
compact51_marcy__paper_roles,2019-04-16 16:00:00,17.1786324191,61.5924585519,0,0,0,12,12,7376,4909
compact51_marcy__paper_roles,2019-04-16 17:00:00,17.3899366473,67.5071518951,0,0,0,12,12,7458,5179
compact51_marcy__paper_roles,2019-04-16 18:00:00,12.6573100708,22.2317555631,0,0,0,12,12,5037,1185
compact51_marcy__paper_roles,2019-04-16 19:00:00,14.9183042785,52.0422583522,0,0,0,12,12,6443,4383
compact51_marcy__paper_roles,2019-04-16 20:00:00,14.202497782,68.1065425477,0,0,0,12,12,6071,5208
compact51_marcy__paper_roles,2019-04-16 21:00:00,13.810460053,96.3117136892,0,0,0,12,12,5839,6153
compact51_marcy__paper_roles,2019-04-16 22:00:00,16.6826963661,120.062209092,0,0,0,12,12,7206,6622
compact51_marcy__paper_roles,2019-04-16 23:00:00,24.6537776253,243.348980663,0,0,0,12,12,8543,7730
compact51_marcy__paper_roles,2019-04-17 00:00:00,21.758859665,106.21912571,0,0,0,12,12,8302,6383
compact51_marcy__paper_roles,2019-04-17 01:00:00,23.5256816171,151.619593951,0,0,0,12,12,8465,7074
compact51_marcy__paper_roles,2019-04-17 02:00:00,23.4979649874,199.115720274,0,0,0,12,12,8460,7484
compact51_marcy__paper_roles,2019-04-17 03:00:00,22.9095891536,159.259181344,0,0,0,12,12,8418,7165
compact51_marcy__paper_roles,2019-04-17 04:00:00,23.2942605266,200.776713718,0,0,0,12,12,8444,7498
compact51_marcy__paper_roles,2019-04-17 05:00:00,21.9472763361,214.017420476,0,0,0,12,12,8321,7571
compact51_marcy__paper_roles,2019-04-17 06:00:00,21.6638797929,157.888810381,0,0,0,12,12,8290,7150
compact51_marcy__paper_roles,2019-04-17 07:00:00,24.0799949306,93.7971573715,0,0,0,12,12,8502,6075
compact51_marcy__paper_roles,2019-04-17 08:00:00,22.7567891408,85.0639470236,0,0,0,12,12,8404,5819
compact51_marcy__paper_roles,2019-04-17 09:00:00,18.0438617901,54.272095583,0,0,0,12,12,7643,4530
compact51_marcy__paper_roles,2019-04-17 10:00:00,17.0464578726,65.5361267412,0,0,0,12,12,7326,5099
compact51_marcy__paper_roles,2019-04-17 11:00:00,15.9457925041,58.1748025608,0,0,0,12,12,6920,4742
compact51_marcy__paper_roles,2019-04-17 12:00:00,17.2699720313,68.4411297554,0,0,0,11,11,7418,5222
compact51_marcy__paper_roles,2019-04-17 13:00:00,20.1538324997,92.2028793468,0,0,0,12,12,8081,6031
compact51_marcy__paper_roles,2019-04-17 14:00:00,17.5513977001,63.5955468991,0,0,0,12,12,7502,5007
compact51_marcy__paper_roles,2019-04-17 15:00:00,17.4911974296,68.2599974274,0,0,0,12,12,7490,5212
compact51_marcy__paper_roles,2019-04-17 16:00:00,17.1064527107,61.4574187872,0,0,0,12,12,7349,4900
compact51_marcy__paper_roles,2019-04-17 17:00:00,15.6031978922,46.8093114541,0,0,0,12,12,6772,3992
compact51_marcy__paper_roles,2019-04-17 18:00:00,17.2559376366,51.9266879293,0,0,0,12,12,7409,4373
compact51_marcy__paper_roles,2019-04-17 19:00:00,16.4675574571,40.0656799111,0,0,0,12,12,7129,3469
compact51_marcy__paper_roles,2019-04-17 20:00:00,18.6321534506,44.2435914273,0,0,0,12,12,7790,3807
compact51_marcy__paper_roles,2019-04-17 21:00:00,16.392521352,51.0950840042,0,0,0,12,12,7096,4315
compact51_marcy__paper_roles,2019-04-17 22:00:00,18.176356934,65.0514330419,0,0,0,12,12,7668,5082
compact51_marcy__paper_roles,2019-04-17 23:00:00,16.6524077428,64.8266608375,0,0,0,12,12,7197,5070
compact51_marcy__paper_roles,2019-04-18 00:00:00,13.8096822587,62.0028546621,0,0,0,12,12,5838,4932
compact51_marcy__paper_roles,2019-04-18 01:00:00,13.0639335082,65.235847105,0,0,0,12,12,5341,5090
compact51_marcy__paper_roles,2019-04-18 02:00:00,13.5962021623,70.0028418725,0,0,0,12,12,5698,5274
compact51_marcy__paper_roles,2019-04-18 03:00:00,13.9154240976,72.0272683239,0,0,0,12,12,5905,5351
compact51_marcy__paper_roles,2019-04-18 04:00:00,18.8924531186,107.612824422,0,0,0,12,12,7845,6403
compact51_marcy__paper_roles,2019-04-18 05:00:00,19.7515481484,104.905799485,0,0,0,12,12,8014,6360
compact51_marcy__paper_roles,2019-04-18 06:00:00,18.5845584018,79.8270041577,0,0,0,12,12,7774,5645
compact51_marcy__paper_roles,2019-04-18 07:00:00,13.8126173264,52.117705106,0,0,0,12,12,5841,4389
compact51_marcy__paper_roles,2019-04-18 08:00:00,13.5137768297,48.5118269305,0,0,0,12,12,5647,4140
compact51_marcy__paper_roles,2019-04-18 09:00:00,15.7160411729,57.6005095498,0,0,0,12,12,6814,4725
compact51_marcy__paper_roles,2019-04-18 10:00:00,16.4357711844,55.7693368642,0,0,0,12,12,7117,4626
compact51_marcy__paper_roles,2019-04-18 11:00:00,16.4597933278,50.9944917619,0,0,0,12,12,7125,4308
compact51_marcy__paper_roles,2019-04-18 12:00:00,14.2060307974,37.4782206271,0,0,0,12,12,6074,3204
compact51_marcy__paper_roles,2019-04-18 13:00:00,13.9554466913,49.0983539857,0,0,0,12,12,5924,4188
compact51_marcy__paper_roles,2019-04-18 14:00:00,12.5898880602,41.8707901895,0,0,0,12,12,4970,3610
compact51_marcy__paper_roles,2019-04-18 15:00:00,14.15695152,44.3452500528,0,0,0,12,12,6044,3815
compact51_marcy__paper_roles,2019-04-18 16:00:00,15.0001377477,37.5575463068,0,0,0,13,13,6486,3214
compact51_marcy__paper_roles,2019-04-18 17:00:00,13.08748635,33.1060296289,0,0,0,12,12,5356,2711
compact51_marcy__paper_roles,2019-04-18 18:00:00,17.4099330057,43.6489467725,0,0,0,12,12,7465,3756
compact51_marcy__paper_roles,2019-04-18 19:00:00,15.8273136214,41.0853107114,0,0,0,12,12,6862,3562
compact51_marcy__paper_roles,2019-04-18 20:00:00,12.1098651211,27.6350033631,0,0,0,12,12,4596,1995
compact51_marcy__paper_roles,2019-04-18 21:00:00,11.9178832171,34.4702588128,0,0,0,12,12,4444,2879
compact51_marcy__paper_roles,2019-04-18 22:00:00,12.8754683828,38.6838786452,0,0,0,12,12,5212,3329
compact51_marcy__paper_roles,2019-04-18 23:00:00,15.4739843912,41.32523354,0,0,0,12,12,6710,3574
compact51_marcy__paper_roles,2019-04-19 00:00:00,14.9040931729,94.6060155606,0,0,0,12,12,6432,6098
compact51_marcy__paper_roles,2019-04-19 01:00:00,17.7593886597,119.810274311,0,0,0,12,12,7560,6613
compact51_marcy__paper_roles,2019-04-19 02:00:00,14.17288475,91.9104893976,0,0,0,12,12,6054,6017
compact51_marcy__paper_roles,2019-04-19 03:00:00,15.4647737322,78.6690746771,0,0,0,12,12,6709,5596
compact51_marcy__paper_roles,2019-04-19 04:00:00,20.24480647,89.5705776397,0,0,0,12,12,8097,5948
compact51_marcy__paper_roles,2019-04-19 05:00:00,17.3321629146,72.4552394362,0,0,0,12,12,7438,5368
compact51_marcy__paper_roles,2019-04-19 06:00:00,14.7647259752,41.7634986036,0,0,0,12,12,6360,3602
compact51_marcy__paper_roles,2019-04-19 07:00:00,12.7670963629,35.453503137,0,0,0,11,11,5124,2995
compact51_marcy__paper_roles,2019-04-19 08:00:00,11.758070954,23.1144585111,0,0,0,12,12,4319,1314
compact51_marcy__paper_roles,2019-04-19 09:00:00,13.5289104929,34.3996574861,0,0,0,13,13,5658,2869
compact51_marcy__paper_roles,2019-04-19 10:00:00,10.4312378736,22.6099902819,0,0,0,10,10,3239,1239
compact51_marcy__paper_roles,2019-04-19 11:00:00,10.1969535608,23.8129659714,0,0,0,12,12,3034,1419
compact51_marcy__paper_roles,2019-04-19 12:00:00,10.0909425254,20.5851900505,0,0,0,12,12,2927,953
compact51_marcy__paper_roles,2019-04-19 13:00:00,10.7795706075,21.1416011899,0,0,0,12,12,3539,1034
compact51_marcy__paper_roles,2019-04-19 14:00:00,11.317727198,22.9382244813,0,0,0,12,12,3955,1299
compact51_marcy__paper_roles,2019-04-19 15:00:00,12.7726344677,28.2486269281,0,0,0,12,12,5131,2082
compact51_marcy__paper_roles,2019-04-19 16:00:00,13.2563486596,31.2567222972,0,0,0,12,12,5481,2500
compact51_marcy__paper_roles,2019-04-19 17:00:00,11.688373669,23.0292031917,0,0,0,12,12,4266,1305
compact51_marcy__paper_roles,2019-04-19 18:00:00,14.5043143518,30.8392339552,0,0,0,12,12,6236,2444
compact51_marcy__paper_roles,2019-04-19 19:00:00,13.3739268627,25.8561750658,0,0,0,12,12,5555,1724
compact51_marcy__paper_roles,2019-04-19 20:00:00,9.99000153243,19.7134818328,0,0,0,12,12,2835,832
compact51_marcy__paper_roles,2019-04-19 21:00:00,13.2934569292,31.9790366297,0,0,0,12,12,5508,2586
compact51_marcy__paper_roles,2019-04-19 22:00:00,16.370506731,40.2229993777,0,0,0,13,12,7093,3483
compact51_marcy__paper_roles,2019-04-19 23:00:00,16.8238717788,61.4303409428,0,0,0,12,12,7243,4898
compact51_marcy__paper_roles,2019-04-20 00:00:00,17.1182144878,3385.12841347,1,0,0,12,12,7355,8676
compact51_marcy__paper_roles,2019-04-20 01:00:00,17.1201787305,3958.75139087,1,0,0,12,12,7356,8693
compact51_marcy__paper_roles,2019-04-20 02:00:00,19.61729514,858.961350394,2,0,0,12,12,7985,8455
compact51_marcy__paper_roles,2019-04-20 03:00:00,20.4857004356,445.216403389,2,0,0,12,12,8136,8187
compact51_marcy__paper_roles,2019-04-20 04:00:00,28.6605929222,386.320626675,2,0,0,12,12,8675,8120
compact51_marcy__paper_roles,2019-04-20 05:00:00,30.2384321311,474.287860509,2,0,0,12,12,8705,8222
compact51_marcy__paper_roles,2019-04-20 06:00:00,30.6157878276,697.079042014,2,0,0,12,12,8712,8399
compact51_marcy__paper_roles,2019-04-20 07:00:00,26.723173817,929.971645785,2,0,0,12,12,8635,8476
compact51_marcy__paper_roles,2019-04-20 08:00:00,24.5022022941,1813.44915956,2,0,0,12,12,8532,8601
compact51_marcy__paper_roles,2019-04-20 09:00:00,19.0252087045,451.123243805,1,0,0,12,12,7872,8194
compact51_marcy__paper_roles,2019-04-20 10:00:00,20.1427449085,273.365099728,1,0,0,12,12,8076,7834
compact51_marcy__paper_roles,2019-04-20 11:00:00,22.1872351636,166.138810766,1,0,0,12,12,8349,7230
compact51_marcy__paper_roles,2019-04-20 12:00:00,22.0506403722,225.163670933,1,0,0,12,12,8333,7635
compact51_marcy__paper_roles,2019-04-20 13:00:00,19.9646381283,420.048159343,1,0,0,12,12,8050,8156
compact51_marcy__paper_roles,2019-04-20 14:00:00,22.6930094131,4850.45470983,1,0,0,12,12,8394,8708
compact51_marcy__paper_roles,2019-04-20 15:00:00,24.1257949211,1079.55143449,2,0,0,12,12,8507,8513
compact51_marcy__paper_roles,2019-04-20 16:00:00,24.0541141736,656.420767299,2,0,0,12,12,8496,8369
compact51_marcy__paper_roles,2019-04-20 17:00:00,24.8231511758,922.135318361,2,0,0,12,12,8558,8472
compact51_marcy__paper_roles,2019-04-20 18:00:00,25.6498632757,441.503886783,2,0,0,12,12,8594,8183
compact51_marcy__paper_roles,2019-04-20 19:00:00,24.4098754106,321.761875699,2,0,0,12,12,8527,7988
compact51_marcy__paper_roles,2019-04-20 20:00:00,22.048185081,1043.33095935,2,0,0,12,12,8331,8503
compact51_marcy__paper_roles,2019-04-20 21:00:00,17.8081618716,811.110799575,0,0,0,12,12,7580,8435
compact51_marcy__paper_roles,2019-04-20 22:00:00,18.5787104844,110.638057546,0,0,0,12,12,7771,6455
compact51_marcy__paper_roles,2019-04-20 23:00:00,19.9472375997,96.1525444925,0,0,0,12,12,8045,6150
compact51_marcy__paper_roles,2019-04-21 00:00:00,19.7954292707,165.212345767,0,0,0,13,12,8021,7222
compact51_marcy__paper_roles,2019-04-21 01:00:00,20.6230473669,84.6041679134,0,0,0,12,12,8161,5803
compact51_marcy__paper_roles,2019-04-21 02:00:00,18.5566556674,73.4040020981,0,0,0,12,12,7766,5401
compact51_marcy__paper_roles,2019-04-21 03:00:00,19.01278895,77.2685594817,0,0,0,12,12,7868,5548
compact51_marcy__paper_roles,2019-04-21 04:00:00,19.082009441,63.5873365719,0,0,0,12,12,7881,5006
compact51_marcy__paper_roles,2019-04-21 05:00:00,17.3191868937,63.0612773317,0,0,0,12,12,7436,4981
compact51_marcy__paper_roles,2019-04-21 06:00:00,18.0470812691,54.9944969252,0,0,0,12,12,7644,4575
compact51_marcy__paper_roles,2019-04-21 07:00:00,17.4112652479,57.5437580982,0,0,0,13,12,7466,4722
compact51_marcy__paper_roles,2019-04-21 08:00:00,16.7191176818,61.5039890185,0,0,0,13,13,7216,4905
compact51_marcy__paper_roles,2019-04-21 09:00:00,13.5328962759,34.6906508778,0,0,0,12,12,5664,2905
compact51_marcy__paper_roles,2019-04-21 10:00:00,12.2387914468,25.9137563791,0,0,0,12,12,4700,1733
compact51_marcy__paper_roles,2019-04-21 11:00:00,13.848156564,34.2012829816,0,0,0,12,12,5863,2845
compact51_marcy__paper_roles,2019-04-21 12:00:00,15.2517944698,53.416480562,0,0,0,13,12,6605,4482
compact51_marcy__paper_roles,2019-04-21 13:00:00,12.4164049732,35.0983278018,0,0,0,12,12,4833,2945
compact51_marcy__paper_roles,2019-04-21 14:00:00,16.2333496055,54.0467312299,0,0,0,12,12,7029,4516
compact51_marcy__paper_roles,2019-04-21 15:00:00,17.2592622945,65.5284271291,0,0,0,12,12,7411,5098
compact51_marcy__paper_roles,2019-04-21 16:00:00,18.0832460154,66.21880973,0,0,0,12,12,7650,5129
compact51_marcy__paper_roles,2019-04-21 17:00:00,16.1229034166,54.0396932591,0,0,0,12,12,6983,4515
compact51_marcy__paper_roles,2019-04-21 18:00:00,15.8979706138,31.7848789719,0,0,0,12,12,6893,2553
compact51_marcy__paper_roles,2019-04-21 19:00:00,10.9994920394,20.0231197059,0,0,0,12,12,3709,874
compact51_marcy__paper_roles,2019-04-21 20:00:00,12.4616068277,25.6592944516,0,0,0,12,12,4883,1689
compact51_marcy__paper_roles,2019-04-21 21:00:00,14.7557111236,26.0685067149,0,0,0,12,12,6353,1764
compact51_marcy__paper_roles,2019-04-21 22:00:00,11.9612805843,24.573280219,0,0,0,12,12,4478,1533
compact51_marcy__paper_roles,2019-04-21 23:00:00,16.4865250061,31.6440455828,0,0,0,12,12,7137,2538
compact51_marcy__paper_roles,2019-04-22 00:00:00,14.366272839,34.2641404048,0,0,0,12,12,6160,2855
compact51_marcy__paper_roles,2019-04-22 01:00:00,11.7563227842,35.9071526202,0,0,0,12,12,4317,3044
compact51_marcy__paper_roles,2019-04-22 02:00:00,10.2380575325,39.7579364752,0,0,0,12,12,3076,3443
compact51_marcy__paper_roles,2019-04-22 03:00:00,9.89626517756,35.205579149,0,0,0,12,12,2744,2959
compact51_marcy__paper_roles,2019-04-22 04:00:00,19.6235826448,53.2561210704,0,0,0,12,12,7989,4470
compact51_marcy__paper_roles,2019-04-22 05:00:00,20.3940446455,89.2920255875,0,0,0,12,12,8117,5943
compact51_marcy__paper_roles,2019-04-22 06:00:00,18.1540385381,117.735528311,0,0,0,12,12,7662,6575
compact51_marcy__paper_roles,2019-04-22 07:00:00,12.6590367414,45.3420575457,0,0,0,12,12,5041,3885
compact51_marcy__paper_roles,2019-04-22 08:00:00,21.3990808296,121.473241005,0,0,0,13,12,8267,6659
compact51_marcy__paper_roles,2019-04-22 09:00:00,26.1959329777,312.544060597,0,0,0,12,12,8618,7960
compact51_marcy__paper_roles,2019-04-22 10:00:00,14.46888561,163.593472934,0,0,0,12,12,6216,7209
compact51_marcy__paper_roles,2019-04-22 11:00:00,11.674244036,72.203013913,0,0,0,12,12,4254,5361
compact51_marcy__paper_roles,2019-04-22 12:00:00,15.9723811994,94.6034505674,0,0,0,12,12,6930,6097
compact51_marcy__paper_roles,2019-04-22 13:00:00,9.93718297054,39.121281524,0,0,0,12,12,2788,3370
compact51_marcy__paper_roles,2019-04-22 14:00:00,8.45632968693,31.8369921573,0,0,0,12,12,1623,2558
compact51_marcy__paper_roles,2019-04-22 15:00:00,11.3554726955,37.7777707641,0,0,0,12,12,3984,3244
compact51_marcy__paper_roles,2019-04-22 16:00:00,9.1829868686,24.5797247716,0,0,0,12,12,2170,1536
compact51_marcy__paper_roles,2019-04-22 17:00:00,9.84151031172,25.6755244194,0,0,0,12,12,2697,1694
compact51_marcy__paper_roles,2019-04-22 18:00:00,12.8950889812,33.1848331328,0,0,0,12,12,5229,2724
compact51_marcy__paper_roles,2019-04-22 19:00:00,14.9392026459,25.6983243565,0,0,0,12,12,6453,1696
compact51_marcy__paper_roles,2019-04-22 20:00:00,16.5185655525,29.1374991834,0,0,0,12,12,7149,2220
compact51_marcy__paper_roles,2019-04-22 21:00:00,9.95892475443,24.7533428148,0,0,0,12,12,2806,1558
compact51_marcy__paper_roles,2019-04-22 22:00:00,12.7413160737,29.2284004624,0,0,0,12,12,5103,2234
compact51_marcy__paper_roles,2019-04-22 23:00:00,14.0518350341,32.5285299533,0,0,0,12,12,5980,2652
compact51_marcy__paper_roles,2019-04-23 00:00:00,15.9600052055,47.8331620645,0,0,0,12,12,6925,4076
compact51_marcy__paper_roles,2019-04-23 01:00:00,15.3612183243,70.2111548617,0,0,0,12,12,6661,5282
compact51_marcy__paper_roles,2019-04-23 02:00:00,13.3024700493,73.9808550484,0,0,0,12,12,5513,5436
compact51_marcy__paper_roles,2019-04-23 03:00:00,18.6785961375,60.4267875151,0,0,0,12,12,7803,4851
compact51_marcy__paper_roles,2019-04-23 04:00:00,17.3176936768,52.5007623642,0,0,0,12,12,7435,4411
compact51_marcy__paper_roles,2019-04-23 05:00:00,17.415639423,43.2885598651,0,0,0,12,12,7468,3728
compact51_marcy__paper_roles,2019-04-23 06:00:00,19.9997545715,59.803762558,0,0,0,12,12,8056,4827
compact51_marcy__paper_roles,2019-04-23 07:00:00,12.7008727418,32.6940985582,0,0,0,12,12,5077,2666
compact51_marcy__paper_roles,2019-04-23 08:00:00,18.8456350789,100.683760678,0,0,0,12,12,7838,6256
compact51_marcy__paper_roles,2019-04-23 09:00:00,15.4281795648,82.8513714034,0,0,0,12,12,6689,5738
compact51_marcy__paper_roles,2019-04-23 10:00:00,15.8815923367,85.2033140395,0,0,0,12,12,6887,5826
compact51_marcy__paper_roles,2019-04-23 11:00:00,13.2879635785,59.6530803242,0,0,0,9,9,5504,4815
compact51_marcy__paper_roles,2019-04-23 12:00:00,12.2230336631,51.9186664442,0,0,0,12,12,4685,4371
compact51_marcy__paper_roles,2019-04-23 13:00:00,23.211605574,213.523275645,0,0,0,12,12,8438,7569
compact51_marcy__paper_roles,2019-04-23 14:00:00,18.6808370183,126.712780413,0,0,0,12,12,7804,6756
compact51_marcy__paper_roles,2019-04-23 15:00:00,16.2600061068,70.7689318528,0,0,0,12,12,7047,5309
compact51_marcy__paper_roles,2019-04-23 16:00:00,13.1749735365,48.634281393,0,0,0,12,12,5422,4148
compact51_marcy__paper_roles,2019-04-23 17:00:00,14.1388905276,29.9713183043,0,0,0,12,12,6033,2342
compact51_marcy__paper_roles,2019-04-23 18:00:00,16.261547781,34.7474438411,0,0,0,12,12,7048,2915
compact51_marcy__paper_roles,2019-04-23 19:00:00,17.4381686201,40.299572172,0,0,0,12,12,7477,3490
compact51_marcy__paper_roles,2019-04-23 20:00:00,20.7176635324,55.6469012124,0,0,0,12,12,8170,4616
compact51_marcy__paper_roles,2019-04-23 21:00:00,19.1094054154,63.7183224454,0,0,0,13,12,7888,5013
compact51_marcy__paper_roles,2019-04-23 22:00:00,19.4742139982,80.1852798421,0,0,0,13,13,7959,5652
compact51_marcy__paper_roles,2019-04-23 23:00:00,20.4597695152,117.914441327,0,0,0,13,13,8130,6581
compact51_marcy__paper_roles,2019-04-24 00:00:00,12.2286650607,97.5433443872,0,0,0,12,12,4687,6181
compact51_marcy__paper_roles,2019-04-24 01:00:00,11.6543822244,81.7258836745,0,0,0,12,12,4238,5711
compact51_marcy__paper_roles,2019-04-24 02:00:00,16.1121168768,60.6410084583,0,0,0,12,12,6979,4861
compact51_marcy__paper_roles,2019-04-24 03:00:00,18.1769103077,58.347989872,0,0,0,12,12,7669,4751
compact51_marcy__paper_roles,2019-04-24 04:00:00,15.1830332471,70.7607427343,0,0,0,12,12,6573,5308
compact51_marcy__paper_roles,2019-04-24 05:00:00,15.0777534537,61.7295992901,0,0,0,12,12,6520,4920
compact51_marcy__paper_roles,2019-04-24 06:00:00,15.3172949319,58.5010256929,0,0,0,12,12,6640,4757
compact51_marcy__paper_roles,2019-04-24 07:00:00,13.8763662899,29.9676667414,0,0,0,12,12,5880,2340
compact51_marcy__paper_roles,2019-04-24 08:00:00,17.1211467949,42.9577098031,0,0,0,12,12,7357,3702
compact51_marcy__paper_roles,2019-04-24 09:00:00,14.3897101058,32.8471998241,0,0,0,13,13,6178,2687
compact51_marcy__paper_roles,2019-04-24 10:00:00,15.1071336675,36.7725909002,0,0,0,12,12,6537,3131
compact51_marcy__paper_roles,2019-04-24 11:00:00,9.27626581497,28.844977446,0,0,0,10,10,2239,2179
compact51_marcy__paper_roles,2019-04-24 12:00:00,10.4942138214,26.770857434,0,0,0,12,11,3292,1877
compact51_marcy__paper_roles,2019-04-24 13:00:00,10.3350217794,18.9315832383,0,0,0,12,12,3154,712
compact51_marcy__paper_roles,2019-04-24 14:00:00,10.1519644289,18.6912508738,0,0,0,12,12,2983,677
compact51_marcy__paper_roles,2019-04-24 15:00:00,11.2067219422,18.9391488887,0,0,0,11,11,3872,713
compact51_marcy__paper_roles,2019-04-24 16:00:00,10.2468984081,23.5380034566,0,0,0,12,12,3085,1377
compact51_marcy__paper_roles,2019-04-24 17:00:00,10.0615812382,22.4492092529,0,0,0,12,12,2901,1219
compact51_marcy__paper_roles,2019-04-24 18:00:00,11.0294155756,19.6904794761,0,0,0,12,12,3733,828
compact51_marcy__paper_roles,2019-04-24 19:00:00,10.8986824245,21.2085368337,0,0,0,12,12,3643,1042
compact51_marcy__paper_roles,2019-04-24 20:00:00,11.4652121153,19.149096786,0,0,0,12,12,4085,740
compact51_marcy__paper_roles,2019-04-24 21:00:00,9.00426166388,17.2305426882,0,0,0,12,12,2038,506
compact51_marcy__paper_roles,2019-04-24 22:00:00,10.5484211165,24.4004661537,0,0,0,12,12,3345,1513
compact51_marcy__paper_roles,2019-04-24 23:00:00,14.4839727886,29.8831600115,0,0,0,12,12,6228,2325
compact51_marcy__paper_roles,2019-04-25 00:00:00,13.1330773909,28.5846956245,0,0,0,12,12,5392,2135
compact51_marcy__paper_roles,2019-04-25 01:00:00,20.3669116078,45.5949631434,0,0,0,12,12,8112,3907
compact51_marcy__paper_roles,2019-04-25 02:00:00,30.4610877315,192.449542178,0,0,0,12,12,8711,7435
compact51_marcy__paper_roles,2019-04-25 03:00:00,34.2408098006,256.928569567,0,0,0,12,12,8739,7785
compact51_marcy__paper_roles,2019-04-25 04:00:00,41.3743770031,563.709921603,0,0,0,12,12,8758,8308
compact51_marcy__paper_roles,2019-04-25 05:00:00,29.4917099359,195.61069227,0,0,0,12,12,8689,7459
compact51_marcy__paper_roles,2019-04-25 06:00:00,19.4402914176,454.32518816,0,0,0,12,12,7951,8199
compact51_marcy__paper_roles,2019-04-25 07:00:00,12.6884259508,103.296247305,0,0,0,12,12,5065,6322
compact51_marcy__paper_roles,2019-04-25 08:00:00,14.5636049219,254.501558989,0,0,0,12,12,6263,7777
compact51_marcy__paper_roles,2019-04-25 09:00:00,14.3528743072,212.025377537,0,0,0,12,12,6152,7563
compact51_marcy__paper_roles,2019-04-25 10:00:00,15.2919126816,832.332712333,0,0,0,12,12,6624,8444
compact51_marcy__paper_roles,2019-04-25 11:00:00,16.0720139403,333.563883438,0,0,0,12,12,6966,8016
compact51_marcy__paper_roles,2019-04-25 12:00:00,17.7664615502,371.62913583,0,0,0,12,12,7561,8104
compact51_marcy__paper_roles,2019-04-25 13:00:00,17.5618720645,279.843558106,0,0,0,12,12,7506,7860
compact51_marcy__paper_roles,2019-04-25 14:00:00,18.3278497804,145.997389342,0,0,0,12,12,7715,7009
compact51_marcy__paper_roles,2019-04-25 15:00:00,15.2258017318,59.3543014453,0,0,0,12,12,6594,4806
compact51_marcy__paper_roles,2019-04-25 16:00:00,15.4765909522,67.1556888632,0,0,0,12,12,6713,5164
compact51_marcy__paper_roles,2019-04-25 17:00:00,13.0162481846,48.0329526466,0,0,0,12,12,5312,4097
compact51_marcy__paper_roles,2019-04-25 18:00:00,13.1788068966,55.4585309938,0,0,0,12,12,5426,4607
compact51_marcy__paper_roles,2019-04-25 19:00:00,11.8235573375,46.8821122976,0,0,0,12,12,4367,3995
compact51_marcy__paper_roles,2019-04-25 20:00:00,11.422411612,21.8796471978,0,0,0,12,12,4043,1130
compact51_marcy__paper_roles,2019-04-25 21:00:00,11.5069313646,42.4038094574,0,0,0,12,12,4125,3649
compact51_marcy__paper_roles,2019-04-25 22:00:00,12.2797751651,39.0333227626,0,0,0,12,12,4731,3362
compact51_marcy__paper_roles,2019-04-25 23:00:00,18.7714154452,75.4065394946,0,0,0,12,12,7818,5486
compact51_marcy__paper_roles,2019-04-26 00:00:00,15.743648079,91.334531951,0,0,0,12,12,6827,5995
compact51_marcy__paper_roles,2019-04-26 01:00:00,17.6441855154,76.4183194558,0,0,0,12,12,7525,5526
compact51_marcy__paper_roles,2019-04-26 02:00:00,18.924507193,73.5369967168,0,0,0,12,12,7849,5405
compact51_marcy__paper_roles,2019-04-26 03:00:00,18.9789654694,55.0615316674,0,0,0,12,12,7860,4580
compact51_marcy__paper_roles,2019-04-26 04:00:00,23.4278958357,50.8501074333,0,0,0,12,12,8456,4294
compact51_marcy__paper_roles,2019-04-26 05:00:00,27.2127880307,88.0511805307,0,0,0,12,12,8647,5896
compact51_marcy__paper_roles,2019-04-26 06:00:00,13.7420596351,42.680538109,0,0,0,12,12,5794,3670
compact51_marcy__paper_roles,2019-04-26 07:00:00,13.6173752429,33.745967645,0,0,0,12,12,5713,2793
compact51_marcy__paper_roles,2019-04-26 08:00:00,13.9776033701,33.5038498087,0,0,0,12,12,5939,2754
compact51_marcy__paper_roles,2019-04-26 09:00:00,11.5201304479,24.0361534699,0,0,0,12,12,4138,1461
compact51_marcy__paper_roles,2019-04-26 10:00:00,14.8136250932,31.0136900714,0,0,0,12,12,6389,2464
compact51_marcy__paper_roles,2019-04-26 11:00:00,12.621245236,28.0489194769,0,0,0,13,13,5000,2052
compact51_marcy__paper_roles,2019-04-26 12:00:00,12.5949036793,29.9529337055,0,0,0,12,12,4974,2335
compact51_marcy__paper_roles,2019-04-26 13:00:00,12.6410372538,31.4569415271,0,0,0,12,12,5023,2522
compact51_marcy__paper_roles,2019-04-26 14:00:00,11.3374957446,29.3820948484,0,0,0,12,12,3968,2262
compact51_marcy__paper_roles,2019-04-26 15:00:00,11.1075305671,26.934322833,0,0,0,12,12,3802,1902
compact51_marcy__paper_roles,2019-04-26 16:00:00,12.2510459826,30.7001372417,0,0,0,12,12,4713,2419
compact51_marcy__paper_roles,2019-04-26 17:00:00,11.4788341651,30.16564951,0,0,0,12,12,4099,2361
compact51_marcy__paper_roles,2019-04-26 18:00:00,10.7650976037,35.4244410937,0,0,0,12,12,3521,2993
compact51_marcy__paper_roles,2019-04-26 19:00:00,9.28156857576,30.7107182904,0,0,0,12,12,2251,2420
compact51_marcy__paper_roles,2019-04-26 20:00:00,11.5256990384,29.7195234769,0,0,0,12,12,4144,2305
compact51_marcy__paper_roles,2019-04-26 21:00:00,14.6680822632,38.2347719663,0,0,0,12,12,6307,3288
compact51_marcy__paper_roles,2019-04-26 22:00:00,16.4284458392,39.6404713246,0,0,0,12,12,7113,3427
compact51_marcy__paper_roles,2019-04-26 23:00:00,17.6303523922,50.9761356941,0,0,0,12,12,7519,4306
compact51_marcy__paper_roles,2019-04-27 00:00:00,17.4816506658,85.9163686782,0,0,0,12,12,7489,5852
compact51_marcy__paper_roles,2019-04-27 01:00:00,20.0823328064,91.7289446471,0,0,0,12,12,8067,6008
compact51_marcy__paper_roles,2019-04-27 02:00:00,18.6183327959,73.7356047622,0,0,0,12,12,7786,5420
compact51_marcy__paper_roles,2019-04-27 03:00:00,15.7417173918,57.4711037568,0,0,0,12,12,6824,4715
compact51_marcy__paper_roles,2019-04-27 04:00:00,17.346876097,86.6974466174,0,0,0,12,12,7444,5871
compact51_marcy__paper_roles,2019-04-27 05:00:00,12.4940987465,64.5469826774,0,0,0,12,12,4911,5052
compact51_marcy__paper_roles,2019-04-27 06:00:00,13.2260587378,46.3571956603,0,0,0,12,12,5461,3960
compact51_marcy__paper_roles,2019-04-27 07:00:00,10.5701095421,38.0013773309,0,0,0,13,12,3364,3266
compact51_marcy__paper_roles,2019-04-27 08:00:00,12.0104900033,35.3998844195,0,0,0,12,12,4520,2988
compact51_marcy__paper_roles,2019-04-27 09:00:00,12.8262139221,35.6298897652,0,0,0,12,12,5176,3011
compact51_marcy__paper_roles,2019-04-27 10:00:00,11.9611025069,34.4019493114,0,0,0,12,12,4477,2870
compact51_marcy__paper_roles,2019-04-27 11:00:00,9.93690403536,31.1658779515,0,0,0,12,12,2787,2486
compact51_marcy__paper_roles,2019-04-27 12:00:00,10.4610440129,28.7023752542,0,0,0,12,12,3267,2155
compact51_marcy__paper_roles,2019-04-27 13:00:00,12.6575209749,33.8293945384,0,0,0,12,12,5038,2803
compact51_marcy__paper_roles,2019-04-27 14:00:00,12.0796760637,33.96230531,0,0,0,12,12,4573,2818
compact51_marcy__paper_roles,2019-04-27 15:00:00,9.67586964194,26.9351978696,0,0,0,12,12,2553,1903
compact51_marcy__paper_roles,2019-04-27 16:00:00,8.71415639992,26.0779114534,0,0,0,12,12,1820,1769
compact51_marcy__paper_roles,2019-04-27 17:00:00,13.5300254123,37.443107284,0,0,0,12,12,5660,3199
compact51_marcy__paper_roles,2019-04-27 18:00:00,14.6044711747,39.7016110696,0,0,0,12,12,6284,3435
compact51_marcy__paper_roles,2019-04-27 19:00:00,16.1204709125,49.1910557928,0,0,0,12,12,6982,4196
compact51_marcy__paper_roles,2019-04-27 20:00:00,15.9093369124,47.2393156972,0,0,0,12,12,6900,4024
compact51_marcy__paper_roles,2019-04-27 21:00:00,13.5775844453,35.8994507612,0,0,0,12,12,5687,3042
compact51_marcy__paper_roles,2019-04-27 22:00:00,15.043238261,38.0194042793,0,0,0,12,12,6507,3268
compact51_marcy__paper_roles,2019-04-27 23:00:00,16.3562699597,45.7148478931,0,0,0,12,12,7088,3923
compact51_marcy__paper_roles,2019-04-28 00:00:00,14.7555718559,45.7154872993,0,0,0,12,12,6352,3924
compact51_marcy__paper_roles,2019-04-28 01:00:00,19.7647846728,83.5155921092,0,0,0,12,12,8016,5762
compact51_marcy__paper_roles,2019-04-28 02:00:00,21.702406093,123.940772594,0,0,0,12,12,8297,6708
compact51_marcy__paper_roles,2019-04-28 03:00:00,19.716167666,58.2667023253,0,0,0,12,12,8006,4746
compact51_marcy__paper_roles,2019-04-28 04:00:00,20.2716675749,42.9210096659,0,0,0,12,12,8099,3696
compact51_marcy__paper_roles,2019-04-28 05:00:00,16.5716282932,33.6873233964,0,0,0,12,12,7170,2778
compact51_marcy__paper_roles,2019-04-28 06:00:00,14.9732095667,33.1057390954,0,0,0,12,12,6468,2709
compact51_marcy__paper_roles,2019-04-28 07:00:00,15.1879175408,29.9652130013,0,0,0,12,12,6577,2339
compact51_marcy__paper_roles,2019-04-28 08:00:00,16.1844694677,30.7315505536,0,0,0,12,12,7014,2423
compact51_marcy__paper_roles,2019-04-28 09:00:00,17.2692362439,33.7034984937,0,0,0,12,12,7416,2782
compact51_marcy__paper_roles,2019-04-28 10:00:00,15.4854161056,28.3737531092,0,0,0,12,12,6717,2103
compact51_marcy__paper_roles,2019-04-28 11:00:00,14.3903827973,26.3352925231,0,0,0,12,12,6179,1817
compact51_marcy__paper_roles,2019-04-28 12:00:00,12.2330321606,27.010157748,0,0,0,12,12,4693,1914
compact51_marcy__paper_roles,2019-04-28 13:00:00,13.5615427757,23.5847331268,0,0,0,12,12,5677,1382
compact51_marcy__paper_roles,2019-04-28 14:00:00,11.4616167529,30.1013184296,0,0,0,12,12,4080,2353
compact51_marcy__paper_roles,2019-04-28 15:00:00,12.5616816797,33.1157730579,0,0,0,12,12,4957,2712
compact51_marcy__paper_roles,2019-04-28 16:00:00,11.6836883614,33.5587516114,0,0,0,12,12,4264,2763
compact51_marcy__paper_roles,2019-04-28 17:00:00,8.23301748289,27.2087405222,0,0,0,12,12,1460,1939
compact51_marcy__paper_roles,2019-04-28 18:00:00,11.5713764439,29.1956329167,0,0,0,12,12,4174,2228
compact51_marcy__paper_roles,2019-04-28 19:00:00,14.6729370955,31.1316535928,0,0,0,12,12,6310,2481
compact51_marcy__paper_roles,2019-04-28 20:00:00,15.808939195,34.5741977925,0,0,0,12,12,6855,2893
compact51_marcy__paper_roles,2019-04-28 21:00:00,14.2482710955,31.9608426039,0,0,0,12,12,6102,2583
compact51_marcy__paper_roles,2019-04-28 22:00:00,16.631763775,34.9801463894,0,0,0,12,12,7192,2936
compact51_marcy__paper_roles,2019-04-28 23:00:00,19.4781476657,31.1639486029,0,0,0,12,12,7960,2485
compact51_marcy__paper_roles,2019-04-29 00:00:00,20.9171282072,189.901536678,0,0,0,12,12,8193,7414
compact51_marcy__paper_roles,2019-04-29 01:00:00,23.9411659523,5651.54590927,1,0,0,12,12,8488,8720
compact51_marcy__paper_roles,2019-04-29 02:00:00,22.3935481751,1173.06029168,0,0,0,12,12,8362,8530
compact51_marcy__paper_roles,2019-04-29 03:00:00,19.2906395623,376.169529715,1,0,0,12,12,7917,8108
compact51_marcy__paper_roles,2019-04-29 04:00:00,23.1814954846,365.477152526,0,0,0,12,12,8434,8092
compact51_marcy__paper_roles,2019-04-29 05:00:00,17.3655290275,97.4578165574,0,0,0,13,13,7451,6178
compact51_marcy__paper_roles,2019-04-29 06:00:00,10.6326917418,30.4105269203,0,0,0,12,12,3416,2380
compact51_marcy__paper_roles,2019-04-29 07:00:00,15.8082381068,35.680322611,0,0,0,12,12,6854,3016
compact51_marcy__paper_roles,2019-04-29 08:00:00,15.3253520536,39.3686296678,0,0,0,12,12,6644,3401
compact51_marcy__paper_roles,2019-04-29 09:00:00,13.1837824822,74.9078397898,0,0,0,12,12,5431,5466
compact51_marcy__paper_roles,2019-04-29 10:00:00,13.3399141884,134.622662853,0,0,0,12,12,5537,6866
compact51_marcy__paper_roles,2019-04-29 11:00:00,18.2011534507,169.686479646,0,0,0,12,12,7678,7265
compact51_marcy__paper_roles,2019-04-29 12:00:00,16.0354617789,60.31268137,0,0,0,12,12,6956,4848
compact51_marcy__paper_roles,2019-04-29 13:00:00,14.7594332732,88.7347654491,0,0,0,12,12,6355,5922
compact51_marcy__paper_roles,2019-04-29 14:00:00,17.263328969,98.2953964981,0,0,0,12,12,7413,6194
compact51_marcy__paper_roles,2019-04-29 15:00:00,17.2450776783,30.6736047848,0,0,0,12,12,7404,2417
compact51_marcy__paper_roles,2019-04-29 16:00:00,14.8746485272,30.349458191,0,0,0,12,12,6414,2374
compact51_marcy__paper_roles,2019-04-29 17:00:00,16.7993605597,32.6057105737,0,0,0,12,12,7237,2657
compact51_marcy__paper_roles,2019-04-29 18:00:00,14.327790848,35.1592126317,0,0,0,12,12,6141,2955
compact51_marcy__paper_roles,2019-04-29 19:00:00,12.6195969567,23.4598174202,0,0,0,12,12,4997,1365
compact51_marcy__paper_roles,2019-04-29 20:00:00,19.5277648147,37.7098962783,0,0,0,12,12,7970,3232
compact51_marcy__paper_roles,2019-04-29 21:00:00,17.2197916863,48.0185493735,0,0,0,12,12,7393,4095
compact51_marcy__paper_roles,2019-04-29 22:00:00,14.8454929601,27.7195845386,0,0,0,12,12,6400,2005
compact51_marcy__paper_roles,2019-04-29 23:00:00,15.937515435,45.4234809034,0,0,0,12,12,6916,3893
compact51_marcy__paper_roles,2019-04-30 00:00:00,12.7290752165,41.9360336747,0,0,0,12,12,5095,3614
compact51_marcy__paper_roles,2019-04-30 01:00:00,20.7607238183,81.4395426568,0,0,0,12,12,8178,5707
compact51_marcy__paper_roles,2019-04-30 02:00:00,16.3176350922,70.0836855234,0,0,0,12,12,7068,5277
compact51_marcy__paper_roles,2019-04-30 03:00:00,14.7498483507,43.8751927694,0,0,0,12,12,6350,3777
compact51_marcy__paper_roles,2019-04-30 04:00:00,20.9527641119,39.8772782339,0,0,0,12,12,8201,3459
compact51_marcy__paper_roles,2019-04-30 05:00:00,23.4748947485,35.2238744344,0,0,0,12,12,8459,2962
compact51_marcy__paper_roles,2019-04-30 06:00:00,11.8406792919,27.315728623,0,0,0,12,12,4382,1955
compact51_marcy__paper_roles,2019-04-30 07:00:00,13.9104375426,64.7450607764,0,0,0,13,13,5898,5063
compact51_marcy__paper_roles,2019-04-30 08:00:00,17.8641621815,77.8363347255,0,0,0,11,11,7591,5567
compact51_marcy__paper_roles,2019-04-30 09:00:00,20.1759893041,152.07194621,1,0,0,12,12,8084,7078
compact51_marcy__paper_roles,2019-04-30 10:00:00,14.7973732102,87.3330057497,0,0,0,12,12,6381,5881
compact51_marcy__paper_roles,2019-04-30 11:00:00,14.1212737344,1027.08820479,1,0,0,12,12,6023,8500
compact51_marcy__paper_roles,2019-04-30 12:00:00,14.5201592793,282.424317328,0,0,0,12,12,6245,7874
compact51_marcy__paper_roles,2019-04-30 13:00:00,12.1141179104,151.411145066,0,0,0,12,12,4601,7073
compact51_marcy__paper_roles,2019-04-30 14:00:00,10.1364280541,200.296607133,0,0,0,13,12,2970,7495
compact51_marcy__paper_roles,2019-04-30 15:00:00,9.47435388053,162.254099524,0,0,0,12,12,2419,7192
compact51_marcy__paper_roles,2019-04-30 16:00:00,12.7201095529,122.025360107,0,0,0,12,12,5090,6666
compact51_marcy__paper_roles,2019-04-30 17:00:00,14.1400709284,89.0207252164,0,0,0,12,12,6035,5930
compact51_marcy__paper_roles,2019-04-30 18:00:00,14.1081166407,83.5778963409,0,0,0,12,12,6017,5766
compact51_marcy__paper_roles,2019-04-30 19:00:00,15.2435185387,77.9139404808,0,0,0,12,12,6601,5575
compact51_marcy__paper_roles,2019-04-30 20:00:00,17.2758881183,119.38525728,0,0,0,12,12,7421,6609
compact51_marcy__paper_roles,2019-04-30 21:00:00,17.2662287245,85.4596253351,0,0,0,12,12,7415,5838
compact51_marcy__paper_roles,2019-04-30 22:00:00,18.1215451663,83.4570404317,0,0,0,12,12,7657,5759
compact51_marcy__paper_roles,2019-04-30 23:00:00,24.6506805075,87.846855691,0,0,0,12,12,8542,5892
compact51_marcy__paper_roles,2019-05-01 00:00:00,19.618508984,67.9677218676,0,0,0,12,12,7986,5202
compact51_marcy__paper_roles,2019-05-01 01:00:00,20.1458904618,91.907470664,0,0,0,12,12,8078,6016
compact51_marcy__paper_roles,2019-05-01 02:00:00,19.6945587646,79.3980223867,0,0,0,12,12,8002,5623
compact51_marcy__paper_roles,2019-05-01 03:00:00,15.772587887,57.1675176937,0,0,0,12,12,6837,4699
compact51_marcy__paper_roles,2019-05-01 04:00:00,22.5175069383,106.290602493,0,0,0,12,12,8377,6389
compact51_marcy__paper_roles,2019-05-01 05:00:00,23.0372259954,99.0326014445,0,0,0,12,12,8426,6209
compact51_marcy__paper_roles,2019-05-01 06:00:00,17.7385177007,79.935578455,0,0,0,12,12,7556,5649
compact51_marcy__paper_roles,2019-05-01 07:00:00,18.7785323914,82.7214643841,0,0,0,12,12,7819,5734
compact51_marcy__paper_roles,2019-05-01 08:00:00,17.7226681864,159.904705888,0,0,0,12,12,7552,7170
compact51_marcy__paper_roles,2019-05-01 09:00:00,13.4304585204,42.8902504997,0,0,0,12,12,5590,3693
compact51_marcy__paper_roles,2019-05-01 10:00:00,20.2422511496,189.86046193,0,0,0,12,12,8095,7413
compact51_marcy__paper_roles,2019-05-01 11:00:00,19.6374343908,279.835202734,0,0,0,12,12,7994,7859
compact51_marcy__paper_roles,2019-05-01 12:00:00,11.6370629593,122.914585001,0,0,0,12,12,4217,6687
compact51_marcy__paper_roles,2019-05-01 13:00:00,18.2551020321,2303.5952251,1,0,0,12,12,7698,8640
compact51_marcy__paper_roles,2019-05-01 14:00:00,17.1935599123,187.383192199,0,0,0,12,12,7379,7399
compact51_marcy__paper_roles,2019-05-01 15:00:00,16.2625683386,215.07130632,0,0,0,12,12,7049,7576
compact51_marcy__paper_roles,2019-05-01 16:00:00,17.0454329955,196.129255408,0,0,0,14,14,7325,7462
compact51_marcy__paper_roles,2019-05-01 17:00:00,19.4580401229,208.432317806,0,0,0,12,12,7955,7545
compact51_marcy__paper_roles,2019-05-01 18:00:00,17.2834528852,44.1998315024,0,0,0,12,12,7425,3802
compact51_marcy__paper_roles,2019-05-01 19:00:00,18.4335597495,46.7803270886,0,0,0,12,12,7733,3990
compact51_marcy__paper_roles,2019-05-01 20:00:00,17.2830998015,35.7406630824,0,0,0,12,12,7424,3025
compact51_marcy__paper_roles,2019-05-01 21:00:00,18.9644329345,79.1966415808,0,0,0,12,12,7856,5615
compact51_marcy__paper_roles,2019-05-01 22:00:00,16.4832840001,35.8333346636,0,0,0,12,12,7134,3036
compact51_marcy__paper_roles,2019-05-01 23:00:00,16.9902978954,64.8557804304,0,0,0,12,12,7297,5073
compact51_marcy__paper_roles,2019-05-02 00:00:00,13.0583786123,64.0611910914,0,0,0,12,12,5335,5023
compact51_marcy__paper_roles,2019-05-02 01:00:00,14.7837923335,84.5353113615,0,0,0,12,12,6371,5800
compact51_marcy__paper_roles,2019-05-02 02:00:00,17.042273147,103.620052814,0,0,0,12,12,7322,6330
compact51_marcy__paper_roles,2019-05-02 03:00:00,20.5525748517,109.505650627,0,0,0,12,12,8147,6437
compact51_marcy__paper_roles,2019-05-02 04:00:00,28.3063646068,96.3271323335,0,0,0,12,12,8666,6155
compact51_marcy__paper_roles,2019-05-02 05:00:00,24.1811951346,80.3658691396,0,0,0,12,12,8509,5657
compact51_marcy__paper_roles,2019-05-02 06:00:00,13.4602738804,46.403146947,0,0,0,12,12,5612,3962
compact51_marcy__paper_roles,2019-05-02 07:00:00,14.4327980069,25.0597040765,0,0,0,12,12,6201,1593
compact51_marcy__paper_roles,2019-05-02 08:00:00,12.8074211559,22.7267509424,0,0,0,12,12,5159,1263
compact51_marcy__paper_roles,2019-05-02 09:00:00,13.7035297173,51.6385896202,0,0,0,12,12,5768,4358
compact51_marcy__paper_roles,2019-05-02 10:00:00,12.7262945011,29.8544482466,0,0,0,12,12,5094,2320
compact51_marcy__paper_roles,2019-05-02 11:00:00,13.4859258662,33.6450679686,0,0,0,12,12,5631,2775
compact51_marcy__paper_roles,2019-05-02 12:00:00,14.0924838107,80.7099308909,0,0,0,12,12,6005,5672
compact51_marcy__paper_roles,2019-05-02 13:00:00,14.5531543992,71.3702886761,0,0,0,13,12,6258,5330
compact51_marcy__paper_roles,2019-05-02 14:00:00,14.1220714372,42.917880516,0,0,0,12,12,6024,3695
compact51_marcy__paper_roles,2019-05-02 15:00:00,14.0379600662,25.7329903408,0,0,0,13,13,5976,1702
compact51_marcy__paper_roles,2019-05-02 16:00:00,16.4611528906,30.0025490377,0,0,0,12,12,7126,2347
compact51_marcy__paper_roles,2019-05-02 17:00:00,11.5427027436,17.3066988083,0,0,0,12,12,4153,516
compact51_marcy__paper_roles,2019-05-02 18:00:00,11.8489977392,37.9919803462,0,0,0,12,12,4387,3262
compact51_marcy__paper_roles,2019-05-02 19:00:00,9.87539848834,24.2695994508,0,0,0,12,12,2722,1494
compact51_marcy__paper_roles,2019-05-02 20:00:00,15.186648536,29.4062812376,0,0,0,12,12,6574,2265
compact51_marcy__paper_roles,2019-05-02 21:00:00,14.4556740426,44.5939912935,0,0,0,12,12,6208,3831
compact51_marcy__paper_roles,2019-05-02 22:00:00,15.287680034,54.3441714599,0,0,0,12,12,6622,4536
compact51_marcy__paper_roles,2019-05-02 23:00:00,18.0487846538,43.6463975995,0,0,0,12,12,7645,3755
compact51_marcy__paper_roles,2019-05-03 00:00:00,14.6107140867,48.8596292934,0,0,0,12,12,6291,4167
compact51_marcy__paper_roles,2019-05-03 01:00:00,15.2775991366,54.9876951453,0,0,0,12,12,6614,4574
compact51_marcy__paper_roles,2019-05-03 02:00:00,13.4846985866,59.3018821811,0,0,0,12,12,5629,4805
compact51_marcy__paper_roles,2019-05-03 03:00:00,11.1680005172,58.0117393563,0,0,0,12,12,3849,4738
compact51_marcy__paper_roles,2019-05-03 04:00:00,15.8064705794,67.5341666194,0,0,0,12,12,6853,5182
compact51_marcy__paper_roles,2019-05-03 05:00:00,25.2347980525,46.9224674707,0,0,0,12,12,8579,4000
compact51_marcy__paper_roles,2019-05-03 06:00:00,16.786727279,35.95685217,0,0,0,12,12,7232,3049
compact51_marcy__paper_roles,2019-05-03 07:00:00,12.3073772122,25.5573183237,0,0,0,12,12,4750,1668
compact51_marcy__paper_roles,2019-05-03 08:00:00,12.8226357041,26.5383131082,0,0,0,12,12,5172,1843
compact51_marcy__paper_roles,2019-05-03 09:00:00,15.1302821089,31.8433118788,0,0,0,12,12,6550,2560
compact51_marcy__paper_roles,2019-05-03 10:00:00,11.2642905905,23.4744740713,0,0,0,12,12,3919,1366
compact51_marcy__paper_roles,2019-05-03 11:00:00,8.99954150211,17.5664050165,0,0,0,12,12,2036,540
compact51_marcy__paper_roles,2019-05-03 12:00:00,11.4333167189,19.2932241469,0,0,0,12,12,4054,770
compact51_marcy__paper_roles,2019-05-03 13:00:00,13.7363406387,73.4590142691,0,0,0,12,12,5791,5403
compact51_marcy__paper_roles,2019-05-03 14:00:00,11.6345874306,22.6229043303,0,0,0,12,12,4211,1242
compact51_marcy__paper_roles,2019-05-03 15:00:00,11.6070079405,22.3805144737,0,0,0,12,12,4197,1205
compact51_marcy__paper_roles,2019-05-03 16:00:00,12.0556636172,26.917568149,0,0,0,12,12,4556,1897
compact51_marcy__paper_roles,2019-05-03 17:00:00,11.618420931,27.7419678129,0,0,0,12,12,4202,2008
compact51_marcy__paper_roles,2019-05-03 18:00:00,11.1457717349,23.9736879363,0,0,0,12,12,3831,1447
compact51_marcy__paper_roles,2019-05-03 19:00:00,9.22319532278,20.502219327,0,0,0,12,12,2202,936
compact51_marcy__paper_roles,2019-05-03 20:00:00,10.0208551924,22.7341747088,0,0,0,12,12,2871,1264
compact51_marcy__paper_roles,2019-05-03 21:00:00,13.9950304395,24.7054534514,0,0,0,12,12,5947,1552
compact51_marcy__paper_roles,2019-05-03 22:00:00,18.3912608047,43.8629316862,0,0,0,12,12,7730,3774
compact51_marcy__paper_roles,2019-05-03 23:00:00,23.0745124381,44.0364089792,0,0,0,12,12,8431,3788
compact51_marcy__paper_roles,2019-05-04 00:00:00,14.0706616514,26.6514448626,0,0,0,12,12,5995,1859
compact51_marcy__paper_roles,2019-05-04 01:00:00,13.247934308,23.6316174669,0,0,0,12,12,5475,1391
compact51_marcy__paper_roles,2019-05-04 02:00:00,14.3031772357,22.8887987594,0,0,0,12,12,6130,1291
compact51_marcy__paper_roles,2019-05-04 03:00:00,13.8979525181,23.0330250528,0,0,0,12,12,5892,1307
compact51_marcy__paper_roles,2019-05-04 04:00:00,16.6789268591,27.8404288825,0,0,0,12,12,7205,2021
compact51_marcy__paper_roles,2019-05-04 05:00:00,10.8546915789,49.3854071052,0,0,0,12,12,3602,4211
compact51_marcy__paper_roles,2019-05-04 06:00:00,14.5938453536,57.897409148,0,0,0,12,12,6280,4734
compact51_marcy__paper_roles,2019-05-04 07:00:00,18.7377349178,109.356425966,0,0,0,12,12,7813,6435
compact51_marcy__paper_roles,2019-05-04 08:00:00,15.7546179633,136.857675708,0,0,0,12,12,6834,6895
compact51_marcy__paper_roles,2019-05-04 09:00:00,15.3845756028,73.9604389726,0,0,0,12,12,6674,5434
compact51_marcy__paper_roles,2019-05-04 10:00:00,17.2468521056,75.9344336849,0,0,0,12,12,7407,5510
compact51_marcy__paper_roles,2019-05-04 11:00:00,21.7373288672,93.8123721707,0,0,0,12,12,8300,6076
compact51_marcy__paper_roles,2019-05-04 12:00:00,18.237702426,63.5501143439,0,0,0,12,12,7692,5005
compact51_marcy__paper_roles,2019-05-04 13:00:00,16.4030915864,68.2586159783,0,0,0,12,12,7103,5211
compact51_marcy__paper_roles,2019-05-04 14:00:00,12.3189789669,54.0245761479,0,0,0,12,12,4761,4514
compact51_marcy__paper_roles,2019-05-04 15:00:00,13.9557373142,59.2069995716,0,0,0,12,12,5925,4792
compact51_marcy__paper_roles,2019-05-04 16:00:00,15.077205305,54.7566025947,0,0,0,12,12,6519,4562
compact51_marcy__paper_roles,2019-05-04 17:00:00,16.4884558683,59.2568529299,0,0,0,12,12,7138,4799
compact51_marcy__paper_roles,2019-05-04 18:00:00,19.3769159426,62.3300695562,0,0,0,12,12,7936,4946
compact51_marcy__paper_roles,2019-05-04 19:00:00,20.1664517421,58.1968277138,0,0,0,12,12,8083,4743
compact51_marcy__paper_roles,2019-05-04 20:00:00,20.1792351235,35.4851192466,0,0,0,12,12,8086,2997
compact51_marcy__paper_roles,2019-05-04 21:00:00,20.0202310683,40.8174233663,0,0,0,12,12,8058,3536
compact51_marcy__paper_roles,2019-05-04 22:00:00,21.7879768643,40.3075577105,0,0,0,12,12,8306,3491
compact51_marcy__paper_roles,2019-05-04 23:00:00,21.2386716726,48.4108920453,0,0,0,12,12,8244,4125
compact51_marcy__paper_roles,2019-05-05 00:00:00,14.2755620967,40.0045058108,0,0,0,12,12,6115,3467
compact51_marcy__paper_roles,2019-05-05 01:00:00,15.5809953222,46.4710851652,0,0,0,12,12,6760,3968
compact51_marcy__paper_roles,2019-05-05 02:00:00,17.9114444225,58.3531934965,0,0,0,12,12,7607,4752
compact51_marcy__paper_roles,2019-05-05 03:00:00,17.6523441344,67.286146721,0,0,0,12,12,7529,5173
compact51_marcy__paper_roles,2019-05-05 04:00:00,18.5931041584,79.2705124745,0,0,0,12,12,7778,5619
compact51_marcy__paper_roles,2019-05-05 05:00:00,16.315097387,61.9812591714,0,0,0,12,12,7066,4931
compact51_marcy__paper_roles,2019-05-05 06:00:00,13.6850840106,47.789125368,0,0,0,12,12,5754,4071
compact51_marcy__paper_roles,2019-05-05 07:00:00,15.7428374005,37.6792617036,0,0,0,12,12,6826,3227
compact51_marcy__paper_roles,2019-05-05 08:00:00,14.0078067357,34.7374253481,0,0,0,12,12,5954,2910
compact51_marcy__paper_roles,2019-05-05 09:00:00,14.5731382811,27.7772156233,0,0,0,12,12,6270,2014
compact51_marcy__paper_roles,2019-05-05 10:00:00,13.013145133,21.0957747115,0,0,0,12,12,5309,1030
compact51_marcy__paper_roles,2019-05-05 11:00:00,12.7173772791,21.6441894585,0,0,0,12,12,5088,1102
compact51_marcy__paper_roles,2019-05-05 12:00:00,12.2399425444,25.8417072402,0,0,0,12,12,4702,1722
compact51_marcy__paper_roles,2019-05-05 13:00:00,13.2937791976,25.4064530699,0,0,0,12,12,5509,1653
compact51_marcy__paper_roles,2019-05-05 14:00:00,13.6309281664,26.0301244218,0,0,0,12,12,5722,1752
compact51_marcy__paper_roles,2019-05-05 15:00:00,13.8666665603,23.746301898,0,0,0,12,12,5875,1407
compact51_marcy__paper_roles,2019-05-05 16:00:00,13.4221693039,26.3031385795,0,0,0,12,12,5589,1808
compact51_marcy__paper_roles,2019-05-05 17:00:00,12.2396357644,25.0318633485,0,0,0,12,12,4701,1589
compact51_marcy__paper_roles,2019-05-05 18:00:00,13.0397136012,29.3389964692,0,0,0,12,12,5327,2255
compact51_marcy__paper_roles,2019-05-05 19:00:00,13.2185359737,25.140871932,0,0,0,12,12,5455,1605
compact51_marcy__paper_roles,2019-05-05 20:00:00,13.7983292887,27.1654952054,0,0,0,12,12,5829,1930
compact51_marcy__paper_roles,2019-05-05 21:00:00,11.1007821369,25.0750163675,0,0,0,12,12,3797,1594
compact51_marcy__paper_roles,2019-05-05 22:00:00,15.2928230028,36.5499799116,0,0,0,12,12,6625,3108
compact51_marcy__paper_roles,2019-05-05 23:00:00,20.0538294993,31.5824287124,0,0,0,12,12,8062,2534
compact51_marcy__paper_roles,2019-05-06 00:00:00,15.9004608379,29.5982073846,0,0,0,12,12,6896,2289
compact51_marcy__paper_roles,2019-05-06 01:00:00,16.5711308647,28.1364885509,0,0,0,12,12,7168,2066
compact51_marcy__paper_roles,2019-05-06 02:00:00,19.2129930834,31.8481669196,0,0,0,12,12,7905,2561
compact51_marcy__paper_roles,2019-05-06 03:00:00,18.3047433891,32.0051536284,0,0,0,12,12,7711,2588
compact51_marcy__paper_roles,2019-05-06 04:00:00,18.3536369651,36.2366274262,0,0,0,12,12,7722,3078
compact51_marcy__paper_roles,2019-05-06 05:00:00,16.6859008755,31.1706741922,0,0,0,12,12,7207,2488
compact51_marcy__paper_roles,2019-05-06 06:00:00,15.521524973,27.8525804543,0,0,0,12,12,6738,2024
compact51_marcy__paper_roles,2019-05-06 07:00:00,17.861379055,63.1083542098,0,0,0,12,12,7590,4985
compact51_marcy__paper_roles,2019-05-06 08:00:00,20.1122317199,123.068708641,0,0,0,12,12,8070,6689
compact51_marcy__paper_roles,2019-05-06 09:00:00,19.9372254176,80.4758117339,0,0,0,12,12,8039,5663
compact51_marcy__paper_roles,2019-05-06 10:00:00,17.3820609348,92.4209533207,0,0,0,12,12,7455,6036
compact51_marcy__paper_roles,2019-05-06 11:00:00,17.9977848213,70.7030549535,0,0,0,12,12,7629,5306
compact51_marcy__paper_roles,2019-05-06 12:00:00,19.2525460551,60.2862024254,0,0,0,12,12,7911,4845
compact51_marcy__paper_roles,2019-05-06 13:00:00,17.042747879,51.0972822972,0,0,0,12,12,7323,4316
compact51_marcy__paper_roles,2019-05-06 14:00:00,15.2029888474,29.4972630964,0,0,0,12,12,6582,2279
compact51_marcy__paper_roles,2019-05-06 15:00:00,15.3039484066,35.2691609883,0,0,0,12,12,6630,2967
compact51_marcy__paper_roles,2019-05-06 16:00:00,15.910312569,44.0090082947,0,0,0,12,12,6901,3787
compact51_marcy__paper_roles,2019-05-06 17:00:00,15.1344035149,39.4695888434,0,0,0,12,12,6552,3412
compact51_marcy__paper_roles,2019-05-06 18:00:00,17.0292775567,43.7414235212,0,0,0,12,12,7317,3760
compact51_marcy__paper_roles,2019-05-06 19:00:00,14.1727566023,32.8329141361,0,0,0,12,12,6053,2684
compact51_marcy__paper_roles,2019-05-06 20:00:00,16.2830276121,39.312352606,0,0,0,12,12,7055,3392
compact51_marcy__paper_roles,2019-05-06 21:00:00,24.2493789811,64.9735227306,0,0,0,12,12,8512,5079
compact51_marcy__paper_roles,2019-05-06 22:00:00,21.9142642837,67.1647053289,0,0,0,12,12,8317,5166
compact51_marcy__paper_roles,2019-05-06 23:00:00,22.3666186034,103.596262368,0,0,0,13,12,8361,6329
compact51_marcy__paper_roles,2019-05-07 00:00:00,19.4544668062,116.557089267,0,0,0,12,12,7954,6556
compact51_marcy__paper_roles,2019-05-07 01:00:00,13.6138245719,67.6671711167,0,0,0,12,12,5708,5190
compact51_marcy__paper_roles,2019-05-07 02:00:00,13.4756843768,62.7091619871,0,0,0,12,12,5620,4963
compact51_marcy__paper_roles,2019-05-07 03:00:00,17.1007741737,70.4970392996,0,0,0,12,12,7346,5297
compact51_marcy__paper_roles,2019-05-07 04:00:00,24.7775935464,60.5204333483,0,0,0,12,12,8556,4852
compact51_marcy__paper_roles,2019-05-07 05:00:00,32.5226172205,80.7428486196,0,0,0,12,12,8729,5675
compact51_marcy__paper_roles,2019-05-07 06:00:00,19.812374784,40.2502951753,0,0,0,12,12,8023,3486
compact51_marcy__paper_roles,2019-05-07 07:00:00,15.4351490246,53.3833187179,0,0,0,12,12,6694,4479
compact51_marcy__paper_roles,2019-05-07 08:00:00,14.6521834242,55.3360750045,0,0,0,12,12,6300,4598
compact51_marcy__paper_roles,2019-05-07 09:00:00,15.2553818371,68.9897732575,0,0,0,12,12,6608,5242
compact51_marcy__paper_roles,2019-05-07 10:00:00,13.0778711887,53.8179613451,0,0,0,12,12,5350,4504
compact51_marcy__paper_roles,2019-05-07 11:00:00,15.5420703404,49.8148209206,0,0,0,12,12,6746,4240
compact51_marcy__paper_roles,2019-05-07 12:00:00,12.1071941707,45.3654183124,0,0,0,12,12,4592,3886
compact51_marcy__paper_roles,2019-05-07 13:00:00,12.1534428554,32.6972207488,0,0,0,12,12,4633,2668
compact51_marcy__paper_roles,2019-05-07 14:00:00,13.5268235202,33.7435069294,0,0,0,12,12,5657,2792
compact51_marcy__paper_roles,2019-05-07 15:00:00,12.9244472832,37.5696881848,0,0,0,12,12,5249,3216
compact51_marcy__paper_roles,2019-05-07 16:00:00,11.7906568278,35.776742115,0,0,0,12,12,4347,3030
compact51_marcy__paper_roles,2019-05-07 17:00:00,10.5509217627,24.9017480644,0,0,0,12,12,3351,1574
compact51_marcy__paper_roles,2019-05-07 18:00:00,10.2985675043,23.8763644919,0,0,0,12,12,3124,1433
compact51_marcy__paper_roles,2019-05-07 19:00:00,9.99613185889,21.7902333714,0,0,0,11,11,2844,1117
compact51_marcy__paper_roles,2019-05-07 20:00:00,9.77667826849,20.2747755918,0,0,0,12,12,2641,904
compact51_marcy__paper_roles,2019-05-07 21:00:00,13.962620292,36.437732875,0,0,0,12,12,5932,3094
compact51_marcy__paper_roles,2019-05-07 22:00:00,11.3612198312,30.8140509947,0,0,0,12,12,3990,2438
compact51_marcy__paper_roles,2019-05-07 23:00:00,18.9783756876,74.2037398556,0,0,0,12,12,7858,5442
compact51_marcy__paper_roles,2019-05-08 00:00:00,14.3818853889,76.2524028268,0,0,0,12,12,6175,5521
compact51_marcy__paper_roles,2019-05-08 01:00:00,17.1665715542,132.175969493,0,0,0,12,12,7374,6834
compact51_marcy__paper_roles,2019-05-08 02:00:00,17.2360727523,135.1651298,0,0,0,12,12,7400,6876
compact51_marcy__paper_roles,2019-05-08 03:00:00,17.3139741454,153.611052391,0,0,0,12,12,7432,7101
compact51_marcy__paper_roles,2019-05-08 04:00:00,20.026646584,182.180550826,0,0,0,12,12,8060,7366
compact51_marcy__paper_roles,2019-05-08 05:00:00,24.2136117454,138.982873229,0,0,0,12,12,8510,6923
compact51_marcy__paper_roles,2019-05-08 06:00:00,17.6981211744,89.8628614675,0,0,0,12,12,7540,5958
compact51_marcy__paper_roles,2019-05-08 07:00:00,15.6144464276,38.1934929812,0,0,0,12,12,6776,3285
compact51_marcy__paper_roles,2019-05-08 08:00:00,18.2582136089,72.0856857959,0,0,0,12,12,7699,5354
compact51_marcy__paper_roles,2019-05-08 09:00:00,12.3933888926,49.2791313341,0,0,0,12,12,4816,4201
compact51_marcy__paper_roles,2019-05-08 10:00:00,12.0524630057,23.1395181189,0,0,0,12,12,4553,1319
compact51_marcy__paper_roles,2019-05-08 11:00:00,13.4336075329,24.5153990497,0,0,0,12,12,5595,1529
compact51_marcy__paper_roles,2019-05-08 12:00:00,12.0811216675,19.3604980533,0,0,0,12,12,4574,779
compact51_marcy__paper_roles,2019-05-08 13:00:00,11.2368298683,16.8218808174,0,0,0,12,12,3894,463
compact51_marcy__paper_roles,2019-05-08 14:00:00,12.6939561654,20.6028639129,0,0,0,12,12,5069,955
compact51_marcy__paper_roles,2019-05-08 15:00:00,12.7917504023,23.9817728909,0,0,0,12,12,5148,1451
compact51_marcy__paper_roles,2019-05-08 16:00:00,12.12140613,24.7816899929,0,0,0,12,12,4611,1561
compact51_marcy__paper_roles,2019-05-08 17:00:00,14.2881251181,34.91252858,0,0,0,12,12,6122,2930
compact51_marcy__paper_roles,2019-05-08 18:00:00,13.3640916592,26.4801231959,0,0,0,12,12,5549,1834
compact51_marcy__paper_roles,2019-05-08 19:00:00,11.4142034101,26.806744691,0,0,0,12,12,4035,1884
compact51_marcy__paper_roles,2019-05-08 20:00:00,13.9967401376,40.2215406366,0,0,0,12,12,5948,3482
compact51_marcy__paper_roles,2019-05-08 21:00:00,17.743701577,43.3457491805,0,0,0,12,12,7557,3738
compact51_marcy__paper_roles,2019-05-08 22:00:00,14.7329430812,33.6216950702,0,0,0,12,12,6343,2772
compact51_marcy__paper_roles,2019-05-08 23:00:00,21.5094911102,114.222810332,0,0,0,12,12,8278,6521
compact51_marcy__paper_roles,2019-05-09 00:00:00,8.31756665786,45.5021837269,0,0,0,12,12,1517,3903
compact51_marcy__paper_roles,2019-05-09 01:00:00,13.0384685201,118.77674202,0,0,0,12,12,5326,6597
compact51_marcy__paper_roles,2019-05-09 02:00:00,15.4127503615,165.447551055,0,0,0,12,12,6685,7224
compact51_marcy__paper_roles,2019-05-09 03:00:00,18.3691103548,347.045430219,0,0,0,12,12,7726,8053
compact51_marcy__paper_roles,2019-05-09 04:00:00,19.4283425317,234.789054891,0,0,0,12,12,7947,7686
compact51_marcy__paper_roles,2019-05-09 05:00:00,20.3999111049,227.847522084,0,0,0,12,12,8120,7649
compact51_marcy__paper_roles,2019-05-09 06:00:00,16.4939593685,116.296333453,0,0,0,12,12,7142,6552
compact51_marcy__paper_roles,2019-05-09 07:00:00,14.8792524683,46.1636602231,0,0,0,12,12,6420,3950
compact51_marcy__paper_roles,2019-05-09 08:00:00,16.547963072,55.4881320787,0,0,0,12,12,7159,4609
compact51_marcy__paper_roles,2019-05-09 09:00:00,13.6724989205,49.3030183002,0,0,0,12,12,5748,4205
compact51_marcy__paper_roles,2019-05-09 10:00:00,17.8243223577,70.4082272648,0,0,0,12,12,7585,5292
compact51_marcy__paper_roles,2019-05-09 11:00:00,19.6308357223,77.008999299,0,0,0,12,12,7992,5541
compact51_marcy__paper_roles,2019-05-09 12:00:00,19.9423347011,55.9141208817,0,0,0,12,12,8042,4635
compact51_marcy__paper_roles,2019-05-09 13:00:00,19.2812339116,58.6992434237,0,0,0,12,12,7916,4767
compact51_marcy__paper_roles,2019-05-09 14:00:00,18.8381874682,45.6560322514,0,0,0,12,12,7834,3918
compact51_marcy__paper_roles,2019-05-09 15:00:00,18.5587545637,50.3070401036,0,0,0,12,12,7767,4265
compact51_marcy__paper_roles,2019-05-09 16:00:00,18.3440403117,36.8977920528,0,0,0,12,12,7719,3148
compact51_marcy__paper_roles,2019-05-09 17:00:00,18.3417367065,54.2878114648,0,0,0,12,12,7718,4532
compact51_marcy__paper_roles,2019-05-09 18:00:00,16.6163228777,57.5913993616,0,0,0,12,12,7187,4723
compact51_marcy__paper_roles,2019-05-09 19:00:00,11.8919241274,30.7273584423,0,0,0,12,12,4428,2421
compact51_marcy__paper_roles,2019-05-09 20:00:00,16.5336304727,47.9567108485,0,0,0,12,12,7154,4089
compact51_marcy__paper_roles,2019-05-09 21:00:00,21.0955067441,109.56397558,0,0,0,12,12,8223,6438
compact51_marcy__paper_roles,2019-05-09 22:00:00,16.9958137488,101.359946369,0,0,0,12,12,7300,6276
compact51_marcy__paper_roles,2019-05-09 23:00:00,19.6193727652,1744.26510589,1,0,0,14,14,7987,8592
compact51_marcy__paper_roles,2019-05-10 00:00:00,16.0339275688,429.30524212,0,0,0,12,12,6955,8167
compact51_marcy__paper_roles,2019-05-10 01:00:00,18.6669757345,1578.58343722,0,0,0,12,12,7797,8579
compact51_marcy__paper_roles,2019-05-10 02:00:00,19.0372432987,742.967234513,0,0,0,12,12,7874,8415
compact51_marcy__paper_roles,2019-05-10 03:00:00,19.3360464108,317.632485955,0,0,0,12,12,7927,7976
compact51_marcy__paper_roles,2019-05-10 04:00:00,18.5906439922,244.603599265,0,0,0,12,12,7776,7735
compact51_marcy__paper_roles,2019-05-10 05:00:00,16.9707069973,317.151139855,0,0,0,12,12,7286,7971
compact51_marcy__paper_roles,2019-05-10 06:00:00,11.762557157,53.3673646045,0,0,0,12,12,4322,4478
compact51_marcy__paper_roles,2019-05-10 07:00:00,10.4916338629,34.7030294955,0,0,0,12,12,3290,2908
compact51_marcy__paper_roles,2019-05-10 08:00:00,11.6892393041,34.2400195647,0,0,0,12,12,4268,2851
compact51_marcy__paper_roles,2019-05-10 09:00:00,11.9402642225,34.2191520685,0,0,0,12,12,4461,2847
compact51_marcy__paper_roles,2019-05-10 10:00:00,11.8889722331,39.8748362429,0,0,0,12,12,4423,3458
compact51_marcy__paper_roles,2019-05-10 11:00:00,13.2306330467,57.9639589907,0,0,0,12,12,5463,4736
compact51_marcy__paper_roles,2019-05-10 12:00:00,9.44974573121,26.1922288121,0,0,0,12,12,2396,1791
compact51_marcy__paper_roles,2019-05-10 13:00:00,12.4299118873,24.6847305412,0,0,0,12,12,4847,1544
compact51_marcy__paper_roles,2019-05-10 14:00:00,10.5135421196,29.0037744421,0,0,0,12,12,3309,2197
compact51_marcy__paper_roles,2019-05-10 15:00:00,13.515472464,32.0918398708,0,0,0,12,12,5649,2597
compact51_marcy__paper_roles,2019-05-10 16:00:00,12.4917907566,29.571250689,0,0,0,12,12,4907,2285
compact51_marcy__paper_roles,2019-05-10 17:00:00,10.3586765792,28.6588466775,0,0,0,12,12,3172,2146
compact51_marcy__paper_roles,2019-05-10 18:00:00,8.62580055934,25.5336533273,0,0,0,12,12,1746,1666
compact51_marcy__paper_roles,2019-05-10 19:00:00,8.55262366122,22.3365738585,0,0,0,12,12,1692,1199
compact51_marcy__paper_roles,2019-05-10 20:00:00,9.56291668358,17.8664007769,0,0,0,12,12,2482,576
compact51_marcy__paper_roles,2019-05-10 21:00:00,12.9346411743,25.1099708431,0,0,0,12,12,5255,1601
compact51_marcy__paper_roles,2019-05-10 22:00:00,9.57338949465,20.7301072692,0,0,0,12,12,2488,968
compact51_marcy__paper_roles,2019-05-10 23:00:00,9.44910286366,25.4359629231,0,0,0,12,12,2394,1658
compact51_marcy__paper_roles,2019-05-11 00:00:00,7.88893878564,18.7666812999,0,0,0,12,12,1238,690
compact51_marcy__paper_roles,2019-05-11 01:00:00,9.87841884807,37.2497353384,0,0,0,12,12,2724,3183
compact51_marcy__paper_roles,2019-05-11 02:00:00,11.1670058908,48.380374441,0,0,0,12,12,3848,4122
compact51_marcy__paper_roles,2019-05-11 03:00:00,13.9852162853,66.8968282197,0,0,0,12,12,5944,5154
compact51_marcy__paper_roles,2019-05-11 04:00:00,13.9664049062,49.8077960294,0,0,0,12,12,5936,4239
compact51_marcy__paper_roles,2019-05-11 05:00:00,18.3625257545,75.1375014758,0,0,0,12,12,7724,5474
compact51_marcy__paper_roles,2019-05-11 06:00:00,11.0032719085,89.784341125,0,0,0,12,12,3713,5953
compact51_marcy__paper_roles,2019-05-11 07:00:00,12.441111664,206.898591611,0,0,0,12,12,4859,7537
compact51_marcy__paper_roles,2019-05-11 08:00:00,11.9703468702,155.220676635,0,0,0,12,12,4483,7119
compact51_marcy__paper_roles,2019-05-11 09:00:00,11.7897586004,88.6378475314,0,0,0,12,12,4342,5918
compact51_marcy__paper_roles,2019-05-11 10:00:00,11.0035780927,85.9968114087,0,0,0,12,12,3715,5857
compact51_marcy__paper_roles,2019-05-11 11:00:00,8.46138080932,47.8665837217,0,0,0,13,12,1626,4083
compact51_marcy__paper_roles,2019-05-11 12:00:00,8.30526813899,56.431500449,0,0,0,12,12,1504,4658
compact51_marcy__paper_roles,2019-05-11 13:00:00,8.39726789523,41.5932206406,0,0,0,12,12,1575,3588
compact51_marcy__paper_roles,2019-05-11 14:00:00,12.6160479452,55.1147311953,0,0,0,12,12,4994,4582
compact51_marcy__paper_roles,2019-05-11 15:00:00,11.6371112619,48.1017821116,0,0,0,12,12,4218,4103
compact51_marcy__paper_roles,2019-05-11 16:00:00,13.4341481821,48.4104489172,0,0,0,12,12,5597,4124
compact51_marcy__paper_roles,2019-05-11 17:00:00,12.8356376688,61.5957869704,0,0,0,12,12,5186,4910
compact51_marcy__paper_roles,2019-05-11 18:00:00,8.58409253295,57.3211347346,0,0,0,12,12,1708,4708
compact51_marcy__paper_roles,2019-05-11 19:00:00,10.4322161923,78.2383487018,0,0,0,12,12,3241,5586
compact51_marcy__paper_roles,2019-05-11 20:00:00,11.4834234801,73.5653387589,0,0,0,12,12,4103,5408
compact51_marcy__paper_roles,2019-05-11 21:00:00,14.0317500235,39.939710752,0,0,0,12,12,5970,3464
compact51_marcy__paper_roles,2019-05-11 22:00:00,10.5161445046,77.8016517068,0,0,0,12,12,3312,5565
compact51_marcy__paper_roles,2019-05-11 23:00:00,11.1808938808,103.150451434,0,0,0,12,12,3859,6319
compact51_marcy__paper_roles,2019-05-12 00:00:00,12.123221576,41.9668504164,0,0,0,13,13,4613,3620
compact51_marcy__paper_roles,2019-05-12 01:00:00,12.6708797095,41.2393911643,0,0,0,12,12,5050,3571
compact51_marcy__paper_roles,2019-05-12 02:00:00,13.8549677097,49.0330948977,0,0,0,12,12,5867,4181
compact51_marcy__paper_roles,2019-05-12 03:00:00,12.1311309797,44.315730444,0,0,0,12,12,4621,3813
compact51_marcy__paper_roles,2019-05-12 04:00:00,11.9840088893,44.1028674626,0,0,0,12,12,4500,3795
compact51_marcy__paper_roles,2019-05-12 05:00:00,11.2716536834,34.9069521861,0,0,0,12,12,3928,2929
compact51_marcy__paper_roles,2019-05-12 06:00:00,12.4575769447,46.0642407415,0,0,0,12,12,4878,3944
compact51_marcy__paper_roles,2019-05-12 07:00:00,14.5509315383,54.9805427154,0,0,0,12,12,6256,4573
compact51_marcy__paper_roles,2019-05-12 08:00:00,14.0804866743,47.8798783612,0,0,0,12,12,6000,4084
compact51_marcy__paper_roles,2019-05-12 09:00:00,11.7856217063,36.0790976321,0,0,0,12,12,4338,3064
compact51_marcy__paper_roles,2019-05-12 10:00:00,9.18076967541,24.2188527357,0,0,0,12,12,2167,1488
compact51_marcy__paper_roles,2019-05-12 11:00:00,10.2001989807,25.2559284753,0,0,0,12,12,3038,1628
compact51_marcy__paper_roles,2019-05-12 12:00:00,9.75687051795,22.2248662389,0,0,0,12,12,2613,1184
compact51_marcy__paper_roles,2019-05-12 13:00:00,9.77750573666,21.1778526703,0,0,0,12,12,2643,1040
compact51_marcy__paper_roles,2019-05-12 14:00:00,10.7878913786,21.8069391455,0,0,0,12,12,3547,1120
compact51_marcy__paper_roles,2019-05-12 15:00:00,9.83245771084,20.206942367,0,0,0,12,12,2685,896
compact51_marcy__paper_roles,2019-05-12 16:00:00,7.21134223527,24.7067211765,0,0,0,12,12,840,1553
compact51_marcy__paper_roles,2019-05-12 17:00:00,8.97415976418,37.0028781699,0,0,0,12,12,2010,3159
compact51_marcy__paper_roles,2019-05-12 18:00:00,8.59847605083,37.651277713,0,0,0,12,12,1723,3224
compact51_marcy__paper_roles,2019-05-12 19:00:00,9.38257279712,35.0419939075,0,0,0,12,12,2337,2941
compact51_marcy__paper_roles,2019-05-12 20:00:00,11.2975925618,28.6105516872,0,0,0,12,12,3942,2141
compact51_marcy__paper_roles,2019-05-12 21:00:00,12.4380952401,36.9394916471,0,0,0,12,12,4853,3155
compact51_marcy__paper_roles,2019-05-12 22:00:00,11.6967000317,36.3820308164,0,0,0,12,12,4276,3088
compact51_marcy__paper_roles,2019-05-12 23:00:00,11.2631632283,45.1955549226,0,0,0,12,12,3917,3873
compact51_marcy__paper_roles,2019-05-13 00:00:00,9.54301077411,34.9157154902,0,0,0,12,12,2464,2931
compact51_marcy__paper_roles,2019-05-13 01:00:00,10.5475733316,44.8352969199,0,0,0,12,12,3342,3850
compact51_marcy__paper_roles,2019-05-13 02:00:00,13.1752586504,71.794070347,0,0,0,12,12,5423,5344
compact51_marcy__paper_roles,2019-05-13 03:00:00,11.8337563392,52.9121405366,0,0,0,12,12,4372,4435
compact51_marcy__paper_roles,2019-05-13 04:00:00,16.2508783588,55.4400096966,0,0,0,12,12,7037,4605
compact51_marcy__paper_roles,2019-05-13 05:00:00,21.5933249896,74.5397739886,0,0,0,12,12,8284,5454
compact51_marcy__paper_roles,2019-05-13 06:00:00,10.6915113823,25.3382452527,0,0,0,12,12,3459,1642
compact51_marcy__paper_roles,2019-05-13 07:00:00,13.4309807197,53.1081724912,0,0,0,12,12,5592,4453
compact51_marcy__paper_roles,2019-05-13 08:00:00,15.75155054,100.185725413,0,0,0,12,12,6832,6247
compact51_marcy__paper_roles,2019-05-13 09:00:00,13.5994550022,123.337268997,0,0,0,12,12,5701,6697
compact51_marcy__paper_roles,2019-05-13 10:00:00,12.3442073458,105.65057836,0,0,0,12,12,4781,6375
compact51_marcy__paper_roles,2019-05-13 11:00:00,15.4461497604,148.549212704,0,0,0,12,12,6698,7040
compact51_marcy__paper_roles,2019-05-13 12:00:00,12.5566703838,95.7576080396,0,0,0,12,12,4953,6134
compact51_marcy__paper_roles,2019-05-13 13:00:00,13.6483182992,111.130377462,0,0,0,12,12,5732,6465
compact51_marcy__paper_roles,2019-05-13 14:00:00,13.3130659325,85.7117105884,0,0,0,12,12,5523,5845
compact51_marcy__paper_roles,2019-05-13 15:00:00,14.7641816968,130.568895768,0,0,0,12,12,6359,6814
compact51_marcy__paper_roles,2019-05-13 16:00:00,16.7752570951,124.800975139,0,0,0,12,12,7230,6718
compact51_marcy__paper_roles,2019-05-13 17:00:00,12.0840052967,70.6068550218,0,0,0,12,12,4576,5302
compact51_marcy__paper_roles,2019-05-13 18:00:00,10.4596981815,49.5242369119,0,0,0,12,12,3264,4219
compact51_marcy__paper_roles,2019-05-13 19:00:00,11.9410281226,71.642257975,0,0,0,12,12,4463,5341
compact51_marcy__paper_roles,2019-05-13 20:00:00,13.556252394,120.368716028,0,0,0,12,12,5675,6628
compact51_marcy__paper_roles,2019-05-13 21:00:00,23.3460547531,223.164363631,0,0,0,12,12,8449,7623
compact51_marcy__paper_roles,2019-05-13 22:00:00,19.7466649999,131.27663391,0,0,0,12,12,8012,6825
compact51_marcy__paper_roles,2019-05-13 23:00:00,17.1218119163,129.378808027,0,0,0,12,12,7359,6800
compact51_marcy__paper_roles,2019-05-14 00:00:00,13.7726804628,63.0226689083,0,0,0,12,12,5814,4977
compact51_marcy__paper_roles,2019-05-14 01:00:00,14.843153874,73.273355415,0,0,0,12,12,6399,5394
compact51_marcy__paper_roles,2019-05-14 02:00:00,16.4023716491,86.1194665835,0,0,0,12,12,7102,5860
compact51_marcy__paper_roles,2019-05-14 03:00:00,20.241392433,113.44166073,0,0,0,12,12,8094,6508
compact51_marcy__paper_roles,2019-05-14 04:00:00,20.4869516915,60.704044432,0,0,0,12,12,8137,4866
compact51_marcy__paper_roles,2019-05-14 05:00:00,31.1540176982,79.4799441325,0,0,0,12,12,8721,5629
compact51_marcy__paper_roles,2019-05-14 06:00:00,18.0215296464,62.0560865953,0,0,0,12,12,7636,4939
compact51_marcy__paper_roles,2019-05-14 07:00:00,13.3681409588,80.8718022335,0,0,0,12,12,5552,5683
compact51_marcy__paper_roles,2019-05-14 08:00:00,11.1298102103,26.262897493,0,0,0,12,12,3819,1805
compact51_marcy__paper_roles,2019-05-14 09:00:00,12.34713476,118.662251725,0,0,0,12,12,4784,6596
compact51_marcy__paper_roles,2019-05-14 10:00:00,13.3375104553,112.224404562,0,0,0,12,12,5536,6488
compact51_marcy__paper_roles,2019-05-14 11:00:00,11.6407980714,75.8457177126,0,0,0,12,12,4224,5507
compact51_marcy__paper_roles,2019-05-14 12:00:00,11.9849442284,95.6651482233,0,0,0,12,12,4501,6130
compact51_marcy__paper_roles,2019-05-14 13:00:00,14.1438106887,95.7573628268,0,0,0,12,12,6038,6133
compact51_marcy__paper_roles,2019-05-14 14:00:00,12.3933464749,89.4902019966,0,0,0,12,12,4815,5947
compact51_marcy__paper_roles,2019-05-14 15:00:00,12.924815307,104.039135581,0,0,0,12,12,5250,6342
compact51_marcy__paper_roles,2019-05-14 16:00:00,12.4915904317,61.2968699632,0,0,0,12,12,4906,4895
compact51_marcy__paper_roles,2019-05-14 17:00:00,9.09526814757,25.7456888747,0,0,0,12,12,2102,1705
compact51_marcy__paper_roles,2019-05-14 18:00:00,8.94816007394,24.2453110017,0,0,0,12,12,1984,1491
compact51_marcy__paper_roles,2019-05-14 19:00:00,9.13886421457,27.0885110003,0,0,0,12,12,2137,1921
compact51_marcy__paper_roles,2019-05-14 20:00:00,10.2764097532,22.2078261974,0,0,0,12,12,3110,1182
compact51_marcy__paper_roles,2019-05-14 21:00:00,15.4844957222,36.6747484399,0,0,0,12,12,6716,3123
compact51_marcy__paper_roles,2019-05-14 22:00:00,15.4082780075,37.0070253328,0,0,0,12,12,6684,3160
compact51_marcy__paper_roles,2019-05-14 23:00:00,17.1125498121,50.8524119681,0,0,0,12,12,7352,4296
compact51_marcy__paper_roles,2019-05-15 00:00:00,12.3383897598,39.5084638104,0,0,0,12,12,4776,3414
compact51_marcy__paper_roles,2019-05-15 01:00:00,13.8558617451,50.386920787,0,0,0,12,12,5868,4268
compact51_marcy__paper_roles,2019-05-15 02:00:00,16.3513818276,64.369595065,0,0,0,12,12,7085,5040
compact51_marcy__paper_roles,2019-05-15 03:00:00,16.4520069977,62.1840494187,0,0,0,12,12,7122,4942
compact51_marcy__paper_roles,2019-05-15 04:00:00,16.6612075492,62.228401929,0,0,0,12,12,7199,4943
compact51_marcy__paper_roles,2019-05-15 05:00:00,16.2411483779,43.531927323,0,0,0,12,12,7032,3748
compact51_marcy__paper_roles,2019-05-15 06:00:00,15.726011638,53.1690881826,0,0,0,12,12,6818,4460
compact51_marcy__paper_roles,2019-05-15 07:00:00,12.7113554873,65.7166427043,0,0,0,12,12,5083,5108
compact51_marcy__paper_roles,2019-05-15 08:00:00,12.7947023583,64.857097388,0,0,0,12,12,5150,5074
compact51_marcy__paper_roles,2019-05-15 09:00:00,10.4461293174,66.6707862981,0,0,0,12,12,3253,5146
compact51_marcy__paper_roles,2019-05-15 10:00:00,8.65280667242,21.9138796018,0,0,0,12,12,1771,1139
compact51_marcy__paper_roles,2019-05-15 11:00:00,11.987293606,50.209217107,0,0,0,12,12,4505,4259
compact51_marcy__paper_roles,2019-05-15 12:00:00,15.6798657668,97.8037233813,0,0,0,14,13,6801,6183
compact51_marcy__paper_roles,2019-05-15 13:00:00,13.8742901025,95.555690871,0,0,0,11,11,5879,6126
compact51_marcy__paper_roles,2019-05-15 14:00:00,14.2457810806,66.7142944429,0,0,0,12,12,6100,5148
compact51_marcy__paper_roles,2019-05-15 15:00:00,12.970775195,81.2580454259,0,0,0,12,12,5281,5697
compact51_marcy__paper_roles,2019-05-15 16:00:00,13.8956301506,73.0689182037,0,0,0,12,12,5891,5386
compact51_marcy__paper_roles,2019-05-15 17:00:00,13.549350546,33.5172845845,0,0,0,12,12,5674,2755
compact51_marcy__paper_roles,2019-05-15 18:00:00,16.3360990312,74.2910891277,0,0,0,12,12,7078,5449
compact51_marcy__paper_roles,2019-05-15 19:00:00,13.8864035689,57.7103079168,0,0,0,12,12,5882,4730
compact51_marcy__paper_roles,2019-05-15 20:00:00,12.9762187477,44.588519385,0,0,0,12,12,5284,3830
compact51_marcy__paper_roles,2019-05-15 21:00:00,22.4870428815,61.4581794461,0,0,0,12,12,8376,4901
compact51_marcy__paper_roles,2019-05-15 22:00:00,15.4273480006,77.4644883264,0,0,0,12,12,6688,5556
compact51_marcy__paper_roles,2019-05-15 23:00:00,14.7319356321,70.082128711,0,0,0,12,12,6341,5276
compact51_marcy__paper_roles,2019-05-16 00:00:00,14.8889527217,61.6637165,0,0,0,12,12,6425,4916
compact51_marcy__paper_roles,2019-05-16 01:00:00,16.2511024932,79.768285849,0,0,0,12,12,7038,5643
compact51_marcy__paper_roles,2019-05-16 02:00:00,17.0177880353,85.301291913,0,0,0,12,12,7308,5830
compact51_marcy__paper_roles,2019-05-16 03:00:00,18.1342292314,86.3258111602,0,0,0,12,12,7659,5865
compact51_marcy__paper_roles,2019-05-16 04:00:00,20.6128901722,89.2554938655,0,0,0,12,12,8158,5941
compact51_marcy__paper_roles,2019-05-16 05:00:00,24.4842477641,72.2824821973,0,0,0,12,12,8531,5362
compact51_marcy__paper_roles,2019-05-16 06:00:00,16.3539943078,48.1817731029,0,0,0,12,12,7087,4107
compact51_marcy__paper_roles,2019-05-16 07:00:00,13.8263853931,84.6681852962,0,0,0,12,12,5853,5804
compact51_marcy__paper_roles,2019-05-16 08:00:00,14.9152630823,105.221901052,0,0,0,12,11,6440,6367
compact51_marcy__paper_roles,2019-05-16 09:00:00,15.5481446889,126.105392683,0,0,0,12,12,6750,6743
compact51_marcy__paper_roles,2019-05-16 10:00:00,15.1902562766,110.239864772,0,0,0,12,12,6578,6449
compact51_marcy__paper_roles,2019-05-16 11:00:00,15.8319159745,132.967993112,0,0,0,9,9,6868,6848
compact51_marcy__paper_roles,2019-05-16 12:00:00,12.7662137267,60.3731229523,0,0,0,12,12,5123,4850
compact51_marcy__paper_roles,2019-05-16 13:00:00,13.4043006538,93.2378734644,0,0,0,12,12,5578,6059
compact51_marcy__paper_roles,2019-05-16 14:00:00,12.1285984266,65.6215644653,0,0,0,12,12,4618,5104
compact51_marcy__paper_roles,2019-05-16 15:00:00,13.2121330409,49.6440755331,0,0,0,12,12,5447,4229
compact51_marcy__paper_roles,2019-05-16 16:00:00,18.1894148964,129.409286539,0,0,0,12,12,7673,6802
compact51_marcy__paper_roles,2019-05-16 17:00:00,22.9467618047,119.307570843,0,0,0,12,11,8421,6608
compact51_marcy__paper_roles,2019-05-16 18:00:00,14.3399727439,58.5238808729,0,0,0,12,12,6146,4758
compact51_marcy__paper_roles,2019-05-16 19:00:00,15.6588480389,64.14532809,0,0,0,12,12,6794,5028
compact51_marcy__paper_roles,2019-05-16 20:00:00,18.5912595997,90.7858566916,0,0,0,12,12,7777,5978
compact51_marcy__paper_roles,2019-05-16 21:00:00,21.7257865463,54.6603602936,0,0,0,12,12,8299,4558
compact51_marcy__paper_roles,2019-05-16 22:00:00,14.2461952788,53.1850497134,0,0,0,12,12,6101,4463
compact51_marcy__paper_roles,2019-05-16 23:00:00,14.2399834275,61.9165970367,0,0,0,12,12,6097,4928
compact51_marcy__paper_roles,2019-05-17 00:00:00,14.0548346518,51.0304197108,0,0,0,12,12,5986,4312
compact51_marcy__paper_roles,2019-05-17 01:00:00,14.3818601005,46.0954187651,0,0,0,12,12,6174,3946
compact51_marcy__paper_roles,2019-05-17 02:00:00,16.6895544574,64.4266956352,0,0,0,12,12,7209,5044
compact51_marcy__paper_roles,2019-05-17 03:00:00,16.5719418575,59.4679292983,0,0,0,12,12,7171,4809
compact51_marcy__paper_roles,2019-05-17 04:00:00,20.1394496336,73.3012693919,0,0,0,12,12,8075,5395
compact51_marcy__paper_roles,2019-05-17 05:00:00,19.8324387682,74.0257259247,0,0,0,12,12,8029,5437
compact51_marcy__paper_roles,2019-05-17 06:00:00,22.2002774881,58.7548400908,0,0,0,12,12,8350,4769
compact51_marcy__paper_roles,2019-05-17 07:00:00,19.3083442253,66.8642008898,0,0,0,12,12,7921,5152
compact51_marcy__paper_roles,2019-05-17 08:00:00,13.9882571295,68.2747112616,0,0,0,12,12,5946,5213
compact51_marcy__paper_roles,2019-05-17 09:00:00,14.5327493863,50.0979030595,0,0,0,12,12,6252,4252
compact51_marcy__paper_roles,2019-05-17 10:00:00,12.6772572469,74.7272054598,0,0,0,12,12,5055,5458
compact51_marcy__paper_roles,2019-05-17 11:00:00,14.3033546518,75.0208031381,0,0,0,12,12,6131,5470
compact51_marcy__paper_roles,2019-05-17 12:00:00,17.0420303826,88.0724601386,0,0,0,12,12,7321,5897
compact51_marcy__paper_roles,2019-05-17 13:00:00,12.9090126252,48.4482911006,0,0,0,12,12,5236,4128
compact51_marcy__paper_roles,2019-05-17 14:00:00,12.0218919968,24.198205342,0,0,0,12,12,4527,1485
compact51_marcy__paper_roles,2019-05-17 15:00:00,12.7992102682,45.2061614234,0,0,0,12,12,5153,3874
compact51_marcy__paper_roles,2019-05-17 16:00:00,10.7781314863,27.1808392659,0,0,0,12,12,3538,1934
compact51_marcy__paper_roles,2019-05-17 17:00:00,9.83618667117,27.3791901731,0,0,0,12,12,2688,1962
compact51_marcy__paper_roles,2019-05-17 18:00:00,9.5132671793,25.615264869,0,0,0,12,12,2442,1680
compact51_marcy__paper_roles,2019-05-17 19:00:00,8.65828320412,22.2540235716,0,0,0,12,12,1776,1190
compact51_marcy__paper_roles,2019-05-17 20:00:00,7.6839641356,25.8763676659,0,0,0,12,12,1121,1728
compact51_marcy__paper_roles,2019-05-17 21:00:00,10.0798413015,28.0363573027,0,0,0,12,12,2920,2050
compact51_marcy__paper_roles,2019-05-17 22:00:00,8.35460745281,32.5863337703,0,0,0,12,12,1547,2656
compact51_marcy__paper_roles,2019-05-17 23:00:00,14.2695588912,40.6593322508,0,0,0,12,12,6113,3519
compact51_marcy__paper_roles,2019-05-18 00:00:00,7.25280206585,24.458115336,0,0,0,12,12,866,1524
compact51_marcy__paper_roles,2019-05-18 01:00:00,13.1400713714,42.3179945926,0,0,0,12,12,5395,3644
compact51_marcy__paper_roles,2019-05-18 02:00:00,14.4267332167,45.4964217661,0,0,0,12,12,6195,3902
compact51_marcy__paper_roles,2019-05-18 03:00:00,10.2978927477,23.4985821105,0,0,0,12,12,3123,1367
compact51_marcy__paper_roles,2019-05-18 04:00:00,11.2126206822,26.1898937221,0,0,0,12,12,3876,1790
compact51_marcy__paper_roles,2019-05-18 05:00:00,11.9835889203,29.0597366904,0,0,0,12,12,4499,2203
compact51_marcy__paper_roles,2019-05-18 06:00:00,12.2514562657,60.8132041666,0,0,0,12,12,4714,4871
compact51_marcy__paper_roles,2019-05-18 07:00:00,13.480134285,142.660961517,0,0,0,12,12,5623,6970
compact51_marcy__paper_roles,2019-05-18 08:00:00,11.0222652898,120.057920875,0,0,0,12,12,3729,6621
compact51_marcy__paper_roles,2019-05-18 09:00:00,9.58657082094,93.5230968401,0,0,0,12,12,2495,6068
compact51_marcy__paper_roles,2019-05-18 10:00:00,13.2606975197,105.168987334,0,0,0,12,12,5483,6366
compact51_marcy__paper_roles,2019-05-18 11:00:00,10.9610880194,106.358277304,0,0,0,12,12,3690,6390
compact51_marcy__paper_roles,2019-05-18 12:00:00,12.7690238354,84.6731529552,0,0,0,12,12,5128,5805
compact51_marcy__paper_roles,2019-05-18 13:00:00,14.998491346,95.8125234537,0,0,0,12,12,6485,6135
compact51_marcy__paper_roles,2019-05-18 14:00:00,15.0141477621,106.771989914,0,0,0,12,12,6495,6395
compact51_marcy__paper_roles,2019-05-18 15:00:00,14.4945003573,137.092240932,0,0,0,12,12,6234,6900
compact51_marcy__paper_roles,2019-05-18 16:00:00,14.8865895626,170.30423801,0,0,0,12,12,6421,7272
compact51_marcy__paper_roles,2019-05-18 17:00:00,12.7837014102,104.698681992,0,0,0,12,12,5143,6355
compact51_marcy__paper_roles,2019-05-18 18:00:00,12.8702763747,85.9767919053,0,0,0,12,12,5205,5856
compact51_marcy__paper_roles,2019-05-18 19:00:00,14.5764133283,115.69128142,0,0,0,12,12,6271,6549
compact51_marcy__paper_roles,2019-05-18 20:00:00,15.1446234591,49.4685126399,0,0,0,12,12,6559,4215
compact51_marcy__paper_roles,2019-05-18 21:00:00,13.8692765087,33.120179527,0,0,0,12,12,5876,2714
compact51_marcy__paper_roles,2019-05-18 22:00:00,13.3794259477,33.5825262832,0,0,0,12,12,5558,2768
compact51_marcy__paper_roles,2019-05-18 23:00:00,12.9375178495,34.1488175611,0,0,0,12,12,5260,2836
compact51_marcy__paper_roles,2019-05-19 00:00:00,10.1089290758,34.4028721633,0,0,0,12,12,2946,2872
compact51_marcy__paper_roles,2019-05-19 01:00:00,14.2909960089,41.827053642,0,0,0,12,12,6127,3607
compact51_marcy__paper_roles,2019-05-19 02:00:00,16.4861780088,68.999528976,0,0,0,12,12,7136,5244
compact51_marcy__paper_roles,2019-05-19 03:00:00,16.127024928,63.6597824338,0,0,0,12,12,6988,5011
compact51_marcy__paper_roles,2019-05-19 04:00:00,16.8018052098,62.0328802351,0,0,0,12,12,7238,4936
compact51_marcy__paper_roles,2019-05-19 05:00:00,16.0314815238,87.0706394388,0,0,0,12,12,6954,5876
compact51_marcy__paper_roles,2019-05-19 06:00:00,18.3746981653,83.8266577179,0,0,0,12,12,7727,5780
compact51_marcy__paper_roles,2019-05-19 07:00:00,15.2070797691,46.0580957539,0,0,0,12,12,6586,3943
compact51_marcy__paper_roles,2019-05-19 08:00:00,11.7063584956,29.4320293652,0,0,0,12,12,4282,2272
compact51_marcy__paper_roles,2019-05-19 09:00:00,9.58904630889,21.4312146453,0,0,0,12,12,2499,1072
compact51_marcy__paper_roles,2019-05-19 10:00:00,9.37920097387,21.9007098038,0,0,0,12,12,2331,1137
compact51_marcy__paper_roles,2019-05-19 11:00:00,12.6804817736,35.377032882,0,0,0,12,12,5059,2983
compact51_marcy__paper_roles,2019-05-19 12:00:00,11.4902585676,33.7667856855,0,0,0,12,12,4108,2798
compact51_marcy__paper_roles,2019-05-19 13:00:00,13.0100020042,38.220250162,0,0,0,12,12,5307,3287
compact51_marcy__paper_roles,2019-05-19 14:00:00,12.3686992053,24.7262945857,0,0,0,12,12,4796,1557
compact51_marcy__paper_roles,2019-05-19 15:00:00,11.4793283871,21.5174479436,0,0,0,12,12,4101,1084
compact51_marcy__paper_roles,2019-05-19 16:00:00,10.6830053779,20.9234800342,0,0,0,12,12,3452,999
compact51_marcy__paper_roles,2019-05-19 17:00:00,11.0314893056,22.7519370125,0,0,0,12,12,3734,1267
compact51_marcy__paper_roles,2019-05-19 18:00:00,11.6338370121,20.9568703867,0,0,0,12,12,4209,1007
compact51_marcy__paper_roles,2019-05-19 19:00:00,9.93956223879,19.7284437548,0,0,0,12,12,2790,835
compact51_marcy__paper_roles,2019-05-19 20:00:00,10.3169245989,24.7043099346,0,0,0,12,12,3139,1550
compact51_marcy__paper_roles,2019-05-19 21:00:00,10.1485590013,22.796060089,0,0,0,12,12,2979,1276
compact51_marcy__paper_roles,2019-05-19 22:00:00,11.4135079294,28.4510996725,0,0,0,14,14,4034,2114
compact51_marcy__paper_roles,2019-05-19 23:00:00,10.6540406202,32.3615395374,0,0,0,12,12,3429,2636
compact51_marcy__paper_roles,2019-05-20 00:00:00,9.11721598528,20.7308899788,0,0,0,12,12,2121,969
compact51_marcy__paper_roles,2019-05-20 01:00:00,7.02105264314,18.3859293383,0,0,0,12,12,746,632
compact51_marcy__paper_roles,2019-05-20 02:00:00,8.30279171851,22.6363729327,0,0,0,12,12,1500,1244
compact51_marcy__paper_roles,2019-05-20 03:00:00,12.4454102521,33.5283186724,0,0,0,12,12,4862,2757
compact51_marcy__paper_roles,2019-05-20 04:00:00,13.5217230302,28.5283983242,0,0,0,12,12,5653,2124
compact51_marcy__paper_roles,2019-05-20 05:00:00,17.4981095069,32.3296339646,0,0,0,12,12,7492,2635
compact51_marcy__paper_roles,2019-05-20 06:00:00,13.5319288096,24.5513192942,0,0,0,12,12,5663,1531
compact51_marcy__paper_roles,2019-05-20 07:00:00,16.3068543178,34.4850329112,0,0,0,12,12,7061,2881
compact51_marcy__paper_roles,2019-05-20 08:00:00,14.6869826073,34.6400145538,0,0,0,13,12,6316,2899
compact51_marcy__paper_roles,2019-05-20 09:00:00,15.3341682513,41.99285842,0,0,0,12,12,6649,3622
compact51_marcy__paper_roles,2019-05-20 10:00:00,15.1568179892,24.5987546318,0,0,0,12,12,6563,1537
compact51_marcy__paper_roles,2019-05-20 11:00:00,15.3860454408,23.6078082244,0,0,0,12,12,6676,1385
compact51_marcy__paper_roles,2019-05-20 12:00:00,20.5915127211,52.2408700387,0,0,0,12,12,8151,4395
compact51_marcy__paper_roles,2019-05-20 13:00:00,18.276182318,53.6250720896,0,0,0,12,12,7705,4493
compact51_marcy__paper_roles,2019-05-20 14:00:00,20.7943123957,71.1620598459,0,0,0,13,12,8180,5320
compact51_marcy__paper_roles,2019-05-20 15:00:00,22.2401302093,53.0394488372,0,0,0,12,12,8355,4449
compact51_marcy__paper_roles,2019-05-20 16:00:00,23.7428432038,75.7289249682,0,0,0,12,12,8476,5503
compact51_marcy__paper_roles,2019-05-20 17:00:00,23.8431189203,80.5038555698,0,0,0,12,12,8482,5664
compact51_marcy__paper_roles,2019-05-20 18:00:00,22.4418856018,73.897366621,0,0,0,12,12,8367,5431
compact51_marcy__paper_roles,2019-05-20 19:00:00,20.8277274387,51.2601992098,0,0,0,12,12,8186,4330
compact51_marcy__paper_roles,2019-05-20 20:00:00,22.8003316835,55.5329452059,0,0,0,12,12,8406,4612
compact51_marcy__paper_roles,2019-05-20 21:00:00,23.9182054343,58.8453640088,0,0,0,12,12,8485,4776
compact51_marcy__paper_roles,2019-05-20 22:00:00,18.3680971371,74.2345218335,0,0,0,12,12,7725,5446
compact51_marcy__paper_roles,2019-05-20 23:00:00,13.1383869524,60.8593548975,0,0,0,12,12,5394,4876
compact51_marcy__paper_roles,2019-05-21 00:00:00,15.6450378586,94.3152574568,0,0,0,12,12,6791,6091
compact51_marcy__paper_roles,2019-05-21 01:00:00,16.9643113909,75.2585449408,0,0,0,12,12,7283,5480
compact51_marcy__paper_roles,2019-05-21 02:00:00,15.1291192585,61.2671899582,0,0,0,12,12,6549,4893
compact51_marcy__paper_roles,2019-05-21 03:00:00,16.879402614,51.3030468434,0,0,0,12,12,7263,4333
compact51_marcy__paper_roles,2019-05-21 04:00:00,16.5522731507,48.5811678604,0,0,0,12,12,7161,4145
compact51_marcy__paper_roles,2019-05-21 05:00:00,17.2284042776,66.9879714302,0,0,0,12,12,7397,5159
compact51_marcy__paper_roles,2019-05-21 06:00:00,16.5728111696,61.0177599699,0,0,0,12,12,7172,4886
compact51_marcy__paper_roles,2019-05-21 07:00:00,14.9715174837,42.5468825167,0,0,0,12,12,6466,3664
compact51_marcy__paper_roles,2019-05-21 08:00:00,10.5879663634,32.1298849604,0,0,0,12,12,3384,2604
compact51_marcy__paper_roles,2019-05-21 09:00:00,9.9690550545,39.0855348306,0,0,0,12,12,2812,3366
compact51_marcy__paper_roles,2019-05-21 10:00:00,9.20211119584,21.9956141997,0,0,0,12,12,2184,1152
compact51_marcy__paper_roles,2019-05-21 11:00:00,10.3914589509,27.8589278691,0,0,0,12,11,3204,2026
compact51_marcy__paper_roles,2019-05-21 12:00:00,9.92450811789,15.3837329567,0,0,0,12,12,2774,305
compact51_marcy__paper_roles,2019-05-21 13:00:00,11.6776271712,20.3887386837,0,0,0,12,12,4258,918
compact51_marcy__paper_roles,2019-05-21 14:00:00,10.7077941311,22.989923396,0,0,0,12,12,3477,1304
compact51_marcy__paper_roles,2019-05-21 15:00:00,9.03431716762,20.6636506679,0,0,0,12,12,2055,963
compact51_marcy__paper_roles,2019-05-21 16:00:00,8.35769341988,21.1416469149,0,0,0,12,12,1549,1035
compact51_marcy__paper_roles,2019-05-21 17:00:00,10.2768072216,21.9035472244,0,0,0,12,12,3112,1138
compact51_marcy__paper_roles,2019-05-21 18:00:00,9.27982989856,20.8092445915,0,0,0,12,12,2246,980
compact51_marcy__paper_roles,2019-05-21 19:00:00,10.0174665633,22.7825325399,0,0,0,12,12,2863,1275
compact51_marcy__paper_roles,2019-05-21 20:00:00,10.8616478082,28.863765551,0,0,0,12,12,3609,2182
compact51_marcy__paper_roles,2019-05-21 21:00:00,10.9615852415,18.7718696016,0,0,0,12,12,3692,691
compact51_marcy__paper_roles,2019-05-21 22:00:00,9.75714090692,16.2183940393,0,0,0,12,12,2615,392
compact51_marcy__paper_roles,2019-05-21 23:00:00,12.1798074374,21.3352346462,0,0,0,12,12,4655,1060
compact51_marcy__paper_roles,2019-05-22 00:00:00,19.7341175986,50.6256772018,0,0,0,12,12,8011,4276
compact51_marcy__paper_roles,2019-05-22 01:00:00,15.162481541,52.6521386727,0,0,0,12,12,6565,4419
compact51_marcy__paper_roles,2019-05-22 02:00:00,16.1920112656,71.3725795373,0,0,0,12,12,7019,5331
compact51_marcy__paper_roles,2019-05-22 03:00:00,16.982116025,63.5007853114,0,0,0,12,12,7294,5003
compact51_marcy__paper_roles,2019-05-22 04:00:00,18.1703156073,51.2633198434,0,0,0,12,12,7667,4331
compact51_marcy__paper_roles,2019-05-22 05:00:00,16.2690302124,40.9655465326,0,0,0,12,12,7051,3549
compact51_marcy__paper_roles,2019-05-22 06:00:00,14.0956539739,47.2691983956,0,0,0,12,12,6008,4026
compact51_marcy__paper_roles,2019-05-22 07:00:00,13.4812571637,53.2594882727,0,0,0,12,12,5625,4471
compact51_marcy__paper_roles,2019-05-22 08:00:00,12.4600013498,58.3827480162,0,0,0,12,12,4880,4754
compact51_marcy__paper_roles,2019-05-22 09:00:00,13.7480693246,65.9523831394,0,0,0,12,12,5796,5117
compact51_marcy__paper_roles,2019-05-22 10:00:00,13.781892153,78.0197997445,0,0,0,12,12,5822,5578
compact51_marcy__paper_roles,2019-05-22 11:00:00,12.544058624,44.9530929532,0,0,0,12,12,4948,3856
compact51_marcy__paper_roles,2019-05-22 12:00:00,13.0245471424,52.0539211036,0,0,0,12,12,5315,4384
compact51_marcy__paper_roles,2019-05-22 13:00:00,13.3705487188,70.4828958897,0,0,0,12,12,5554,5296
compact51_marcy__paper_roles,2019-05-22 14:00:00,11.9951922733,37.3227658649,0,0,0,12,12,4512,3190
compact51_marcy__paper_roles,2019-05-22 15:00:00,12.6223870434,34.875103891,0,0,0,12,12,5002,2925
compact51_marcy__paper_roles,2019-05-22 16:00:00,14.3077342422,49.7707829518,0,0,0,12,12,6135,4236
compact51_marcy__paper_roles,2019-05-22 17:00:00,13.916129075,42.3028503211,0,0,0,12,12,5906,3643
compact51_marcy__paper_roles,2019-05-22 18:00:00,15.3152543094,46.5137159779,0,0,0,12,12,6637,3976
compact51_marcy__paper_roles,2019-05-22 19:00:00,12.2355306822,32.9980870251,0,0,0,12,12,4699,2696
compact51_marcy__paper_roles,2019-05-22 20:00:00,17.4163693384,44.3575282793,0,0,0,12,12,7469,3816
compact51_marcy__paper_roles,2019-05-22 21:00:00,14.2905084381,38.0441362948,0,0,0,12,12,6125,3270
compact51_marcy__paper_roles,2019-05-22 22:00:00,15.8361675469,38.1845079334,0,0,0,12,12,6871,3284
compact51_marcy__paper_roles,2019-05-22 23:00:00,13.9066068207,56.4447840921,0,0,0,12,12,5896,4660
compact51_marcy__paper_roles,2019-05-23 00:00:00,14.0060377019,65.1069004432,0,0,0,12,12,5952,5084
compact51_marcy__paper_roles,2019-05-23 01:00:00,12.7103095039,55.3951557949,0,0,0,12,12,5082,4601
compact51_marcy__paper_roles,2019-05-23 02:00:00,11.4042502142,57.2385312108,0,0,0,12,12,4027,4705
compact51_marcy__paper_roles,2019-05-23 03:00:00,10.7517933151,53.4552568019,0,0,0,12,12,3512,4485
compact51_marcy__paper_roles,2019-05-23 04:00:00,13.1222275993,68.4831148373,0,0,0,12,12,5378,5223
compact51_marcy__paper_roles,2019-05-23 05:00:00,15.6716022856,65.5130218766,0,0,0,12,12,6796,5097
compact51_marcy__paper_roles,2019-05-23 06:00:00,16.3626652458,50.9869784727,0,0,0,12,12,7091,4307
compact51_marcy__paper_roles,2019-05-23 07:00:00,13.4175327489,43.9851910107,0,0,0,12,12,5587,3783
compact51_marcy__paper_roles,2019-05-23 08:00:00,10.2101720528,39.6204838221,0,0,0,12,12,3052,3425
compact51_marcy__paper_roles,2019-05-23 09:00:00,9.88085319325,38.9258185695,0,0,0,12,12,2727,3351
compact51_marcy__paper_roles,2019-05-23 10:00:00,9.01521726351,29.0957908302,0,0,0,12,12,2048,2209
compact51_marcy__paper_roles,2019-05-23 11:00:00,12.1592268047,52.2872993547,0,0,0,12,12,4637,4399
compact51_marcy__paper_roles,2019-05-23 12:00:00,9.97625727863,26.9057143588,0,0,0,12,12,2821,1894
compact51_marcy__paper_roles,2019-05-23 13:00:00,10.825627226,39.7517151465,0,0,0,13,13,3578,3441
compact51_marcy__paper_roles,2019-05-23 14:00:00,13.1879901503,83.8358239437,0,0,0,12,12,5434,5782
compact51_marcy__paper_roles,2019-05-23 15:00:00,23.8465575382,600.921228097,0,0,0,13,12,8483,8338
compact51_marcy__paper_roles,2019-05-23 16:00:00,25.3019140813,160.485675049,0,0,0,12,12,8583,7174
compact51_marcy__paper_roles,2019-05-23 17:00:00,22.5540523625,95.5914531344,0,0,0,12,12,8382,6127
compact51_marcy__paper_roles,2019-05-23 18:00:00,18.7172585558,99.4459440975,0,0,0,12,12,7811,6226
compact51_marcy__paper_roles,2019-05-23 19:00:00,16.9715808138,86.8349209088,0,0,0,12,12,7288,5875
compact51_marcy__paper_roles,2019-05-23 20:00:00,17.4542825615,76.7727614846,0,0,0,12,12,7480,5533
compact51_marcy__paper_roles,2019-05-23 21:00:00,16.0463132986,69.5055891248,0,0,0,12,12,6960,5257
compact51_marcy__paper_roles,2019-05-23 22:00:00,17.2844181746,71.506784819,0,0,0,12,12,7427,5335
compact51_marcy__paper_roles,2019-05-23 23:00:00,15.3839496481,106.670047791,0,0,0,12,12,6671,6393
compact51_marcy__paper_roles,2019-05-24 00:00:00,16.8983890585,106.511654116,0,0,0,12,12,7268,6391
compact51_marcy__paper_roles,2019-05-24 01:00:00,17.9637606104,118.292284008,0,0,0,12,12,7621,6589
compact51_marcy__paper_roles,2019-05-24 02:00:00,18.2251667741,143.195336335,0,0,0,12,12,7686,6982
compact51_marcy__paper_roles,2019-05-24 03:00:00,17.5799551084,163.350589377,0,0,0,12,12,7509,7203
compact51_marcy__paper_roles,2019-05-24 04:00:00,13.1615114829,109.167485136,0,0,0,12,12,5410,6430
compact51_marcy__paper_roles,2019-05-24 05:00:00,18.5712702548,93.4805623666,0,0,0,12,12,7769,6066
compact51_marcy__paper_roles,2019-05-24 06:00:00,17.3323040036,78.6134422453,0,0,0,12,12,7439,5595
compact51_marcy__paper_roles,2019-05-24 07:00:00,11.9119608994,49.9999979212,0,0,0,12,12,4443,4244
compact51_marcy__paper_roles,2019-05-24 08:00:00,10.6733382981,35.5369002121,0,0,0,12,12,3446,3003
compact51_marcy__paper_roles,2019-05-24 09:00:00,11.4191789162,46.4210646326,0,0,0,12,12,4039,3964
compact51_marcy__paper_roles,2019-05-24 10:00:00,10.0678916049,29.4136929546,0,0,0,12,12,2911,2267
compact51_marcy__paper_roles,2019-05-24 11:00:00,10.4626498456,35.2101715497,0,0,0,12,12,3271,2960
compact51_marcy__paper_roles,2019-05-24 12:00:00,12.8888441882,34.4320428877,0,0,0,12,12,5220,2875
compact51_marcy__paper_roles,2019-05-24 13:00:00,12.215920088,32.7687999339,0,0,0,13,12,4677,2677
compact51_marcy__paper_roles,2019-05-24 14:00:00,13.8486840522,34.0145548264,0,0,0,12,12,5864,2823
compact51_marcy__paper_roles,2019-05-24 15:00:00,12.4162740529,37.6884365121,0,0,0,12,12,4832,3228
compact51_marcy__paper_roles,2019-05-24 16:00:00,12.632762888,27.5653959672,0,0,0,12,12,5011,1980
compact51_marcy__paper_roles,2019-05-24 17:00:00,12.5585832879,22.4275724625,0,0,0,12,12,4955,1214
compact51_marcy__paper_roles,2019-05-24 18:00:00,11.7811249403,22.131299392,0,0,0,12,12,4336,1173
compact51_marcy__paper_roles,2019-05-24 19:00:00,10.649089055,25.2580075513,0,0,0,12,12,3425,1629
compact51_marcy__paper_roles,2019-05-24 20:00:00,15.1782258178,34.1856312511,0,0,0,12,12,6571,2841
compact51_marcy__paper_roles,2019-05-24 21:00:00,17.0048174628,41.5695906624,0,0,0,12,12,7303,3586
compact51_marcy__paper_roles,2019-05-24 22:00:00,13.2450419947,31.8371570375,0,0,0,12,12,5473,2559
compact51_marcy__paper_roles,2019-05-24 23:00:00,10.192957718,26.2399814431,0,0,0,12,12,3029,1803
compact51_marcy__paper_roles,2019-05-25 00:00:00,13.5390501167,30.5560369386,0,0,0,12,12,5666,2402
compact51_marcy__paper_roles,2019-05-25 01:00:00,13.253865517,24.907057339,0,0,0,12,12,5478,1576
compact51_marcy__paper_roles,2019-05-25 02:00:00,11.7453465727,43.0523957293,0,0,0,12,12,4304,3712
compact51_marcy__paper_roles,2019-05-25 03:00:00,12.3295465914,29.1799976146,0,0,0,12,12,4770,2224
compact51_marcy__paper_roles,2019-05-25 04:00:00,11.0097128382,44.5283189733,0,0,0,12,12,3720,3825
compact51_marcy__paper_roles,2019-05-25 05:00:00,17.3143231802,316.992141439,0,0,0,13,12,7433,7969
compact51_marcy__paper_roles,2019-05-25 06:00:00,25.4156781793,1915.40291811,0,0,0,12,12,8585,8612
compact51_marcy__paper_roles,2019-05-25 07:00:00,19.6681484325,256.908166766,0,0,0,12,12,8000,7784
compact51_marcy__paper_roles,2019-05-25 08:00:00,16.4559666786,242.221536599,0,0,0,12,12,7124,7724
compact51_marcy__paper_roles,2019-05-25 09:00:00,17.7916053338,287.732750455,0,0,0,12,12,7572,7896
compact51_marcy__paper_roles,2019-05-25 10:00:00,19.0034636046,369.087903472,0,0,0,12,12,7864,8100
compact51_marcy__paper_roles,2019-05-25 11:00:00,13.5454229651,186.829011497,0,0,0,12,12,5671,7395
compact51_marcy__paper_roles,2019-05-25 12:00:00,17.597617418,185.663549759,0,0,0,12,12,7513,7388
compact51_marcy__paper_roles,2019-05-25 13:00:00,18.5777004303,228.78686775,0,0,0,12,12,7770,7656
compact51_marcy__paper_roles,2019-05-25 14:00:00,19.7471627547,190.85443691,0,0,0,12,12,8013,7422
compact51_marcy__paper_roles,2019-05-25 15:00:00,20.8788886807,164.306258786,0,0,0,12,12,8190,7218
compact51_marcy__paper_roles,2019-05-25 16:00:00,19.50969649,194.108471215,0,0,0,12,12,7964,7449
compact51_marcy__paper_roles,2019-05-25 17:00:00,22.0813974107,261.011741057,0,0,0,12,12,8336,7801
compact51_marcy__paper_roles,2019-05-25 18:00:00,23.8836231236,178.881272418,0,0,0,12,12,8484,7341
compact51_marcy__paper_roles,2019-05-25 19:00:00,18.2547521522,79.6219680235,0,0,0,12,12,7697,5637
compact51_marcy__paper_roles,2019-05-25 20:00:00,16.3104909373,38.0821216999,0,0,0,12,12,7063,3273
compact51_marcy__paper_roles,2019-05-25 21:00:00,16.0137978645,26.0301854909,0,0,0,12,12,6946,1753
compact51_marcy__paper_roles,2019-05-25 22:00:00,17.035085245,81.3320267401,0,0,0,12,12,7319,5700
compact51_marcy__paper_roles,2019-05-25 23:00:00,18.07994072,131.080209705,0,0,0,12,12,7649,6821
compact51_marcy__paper_roles,2019-05-26 00:00:00,11.1510990524,80.8137168069,0,0,0,12,12,3837,5679
compact51_marcy__paper_roles,2019-05-26 01:00:00,13.1408051812,80.7611431786,0,0,0,12,12,5396,5678
compact51_marcy__paper_roles,2019-05-26 02:00:00,15.958127828,129.408954026,0,0,0,12,12,6924,6801
compact51_marcy__paper_roles,2019-05-26 03:00:00,16.6224695538,131.139927304,0,0,0,13,12,7189,6822
compact51_marcy__paper_roles,2019-05-26 04:00:00,14.4281645549,111.427229684,0,0,0,12,12,6196,6469
compact51_marcy__paper_roles,2019-05-26 05:00:00,14.7470160011,102.973943415,0,0,0,12,12,6348,6313
compact51_marcy__paper_roles,2019-05-26 06:00:00,13.0314575846,72.8520044142,0,0,0,12,12,5320,5376
compact51_marcy__paper_roles,2019-05-26 07:00:00,16.9913452028,103.829028378,0,0,0,12,12,7298,6336
compact51_marcy__paper_roles,2019-05-26 08:00:00,15.3654771256,97.4155236515,0,0,0,12,12,6665,6177
compact51_marcy__paper_roles,2019-05-26 09:00:00,15.9364376003,131.731591687,0,0,0,12,12,6915,6830
compact51_marcy__paper_roles,2019-05-26 10:00:00,15.9257772534,119.822726075,0,0,0,12,12,6907,6614
compact51_marcy__paper_roles,2019-05-26 11:00:00,13.6165144292,75.9216824541,0,0,0,12,12,5712,5508
compact51_marcy__paper_roles,2019-05-26 12:00:00,10.6099296998,35.4045154696,0,0,0,12,12,3398,2989
compact51_marcy__paper_roles,2019-05-26 13:00:00,11.9011574132,57.1030135007,0,0,0,12,12,4434,4696
compact51_marcy__paper_roles,2019-05-26 14:00:00,11.3745156589,51.2670957952,0,0,0,12,12,4001,4332
compact51_marcy__paper_roles,2019-05-26 15:00:00,11.5132195783,38.4102819214,0,0,0,12,12,4133,3304
compact51_marcy__paper_roles,2019-05-26 16:00:00,11.870581976,33.9484660143,0,0,0,12,12,4403,2817
compact51_marcy__paper_roles,2019-05-26 17:00:00,10.6682367242,27.7872147354,0,0,0,12,12,3439,2016
compact51_marcy__paper_roles,2019-05-26 18:00:00,11.574967175,24.3013762148,0,0,0,12,12,4178,1502
compact51_marcy__paper_roles,2019-05-26 19:00:00,12.4926595698,34.5667607915,0,0,0,12,12,4908,2892
compact51_marcy__paper_roles,2019-05-26 20:00:00,12.772516067,29.3098841664,0,0,0,12,12,5130,2250
compact51_marcy__paper_roles,2019-05-26 21:00:00,15.4940577925,41.7761996531,0,0,0,12,12,6723,3603
compact51_marcy__paper_roles,2019-05-26 22:00:00,11.8741816537,38.6191267686,0,0,0,12,12,4407,3324
compact51_marcy__paper_roles,2019-05-26 23:00:00,11.1810626651,25.6583531887,0,0,0,12,12,3860,1688
compact51_marcy__paper_roles,2019-05-27 00:00:00,10.1554096641,20.4061592726,0,0,0,12,12,2989,921
compact51_marcy__paper_roles,2019-05-27 01:00:00,11.8100634749,20.7045979662,0,0,0,12,12,4354,965
compact51_marcy__paper_roles,2019-05-27 02:00:00,12.8342358453,36.3025779808,0,0,0,12,12,5184,3080
compact51_marcy__paper_roles,2019-05-27 03:00:00,10.8415047736,39.948828609,0,0,0,12,12,3592,3465
compact51_marcy__paper_roles,2019-05-27 04:00:00,11.2545578621,44.3118925924,0,0,0,12,12,3906,3812
compact51_marcy__paper_roles,2019-05-27 05:00:00,10.8748596607,35.9212208417,0,0,0,12,12,3623,3046
compact51_marcy__paper_roles,2019-05-27 06:00:00,13.0650630749,25.4596208523,0,0,0,12,12,5342,1660
compact51_marcy__paper_roles,2019-05-27 07:00:00,11.8696224146,25.7668944179,0,0,0,12,12,4402,1708
compact51_marcy__paper_roles,2019-05-27 08:00:00,9.09441482254,21.1640035259,0,0,0,12,12,2101,1038
compact51_marcy__paper_roles,2019-05-27 09:00:00,10.3901241113,31.1611034613,0,0,0,12,12,3201,2484
compact51_marcy__paper_roles,2019-05-27 10:00:00,12.1121582455,24.3571451196,0,0,0,12,12,4598,1508
compact51_marcy__paper_roles,2019-05-27 11:00:00,10.147178381,30.2667881036,0,0,0,12,12,2978,2370
compact51_marcy__paper_roles,2019-05-27 12:00:00,11.7128168433,24.7075177776,0,0,0,12,12,4286,1554
compact51_marcy__paper_roles,2019-05-27 13:00:00,11.6348488427,19.8921158457,0,0,0,12,12,4212,862
compact51_marcy__paper_roles,2019-05-27 14:00:00,13.2359184153,26.1525714364,0,0,0,12,12,5467,1782
compact51_marcy__paper_roles,2019-05-27 15:00:00,12.8171731386,22.8599102006,0,0,0,12,12,5167,1284
compact51_marcy__paper_roles,2019-05-27 16:00:00,10.9439549354,17.3379870006,0,0,0,12,12,3673,519
compact51_marcy__paper_roles,2019-05-27 17:00:00,11.0289755702,21.0814788774,0,0,0,12,11,3732,1028
compact51_marcy__paper_roles,2019-05-27 18:00:00,10.4913013327,21.9922603487,0,0,0,12,12,3289,1151
compact51_marcy__paper_roles,2019-05-27 19:00:00,11.941898356,20.5535324566,0,0,0,12,12,4465,947
compact51_marcy__paper_roles,2019-05-27 20:00:00,13.2059794747,26.3246966424,0,0,0,12,12,5444,1814
compact51_marcy__paper_roles,2019-05-27 21:00:00,14.0556656158,25.678765286,0,0,0,12,12,5988,1695
compact51_marcy__paper_roles,2019-05-27 22:00:00,11.2211456403,23.2267857308,0,0,0,12,12,3882,1336
compact51_marcy__paper_roles,2019-05-27 23:00:00,14.968949899,32.1993918343,0,0,0,13,13,6465,2613
compact51_marcy__paper_roles,2019-05-28 00:00:00,13.2955024841,29.889877882,0,0,0,12,12,5510,2326
compact51_marcy__paper_roles,2019-05-28 01:00:00,12.8350326716,31.9488408973,0,0,0,12,12,5185,2581
compact51_marcy__paper_roles,2019-05-28 02:00:00,11.2840752423,35.9639048412,0,0,0,13,13,3935,3050
compact51_marcy__paper_roles,2019-05-28 03:00:00,12.3738976929,45.1672741189,0,0,0,12,12,4800,3870
compact51_marcy__paper_roles,2019-05-28 04:00:00,11.4551826786,44.6599115944,0,0,0,12,12,4077,3838
compact51_marcy__paper_roles,2019-05-28 05:00:00,14.8076806832,40.7216499953,0,0,0,12,12,6386,3529
compact51_marcy__paper_roles,2019-05-28 06:00:00,14.4566337645,39.3255058972,0,0,0,12,12,6209,3395
compact51_marcy__paper_roles,2019-05-28 07:00:00,10.7125438742,24.6867309947,0,0,0,12,12,3480,1546
compact51_marcy__paper_roles,2019-05-28 08:00:00,6.53296283559,21.3270260374,0,0,0,12,12,500,1058
compact51_marcy__paper_roles,2019-05-28 09:00:00,9.56295241743,45.4124576898,0,0,0,12,12,2483,3890
compact51_marcy__paper_roles,2019-05-28 10:00:00,10.176690176,54.4076810308,0,0,0,12,12,3013,4540
compact51_marcy__paper_roles,2019-05-28 11:00:00,10.7086242725,52.9852991477,0,0,0,12,12,3478,4443
compact51_marcy__paper_roles,2019-05-28 12:00:00,12.9967000822,45.6416941809,0,0,0,12,12,5297,3912
compact51_marcy__paper_roles,2019-05-28 13:00:00,15.3896865504,51.5093954855,0,0,0,12,12,6677,4346
compact51_marcy__paper_roles,2019-05-28 14:00:00,11.6296362212,34.6662633967,0,0,0,12,12,4208,2902
compact51_marcy__paper_roles,2019-05-28 15:00:00,13.9443069738,30.8810175005,0,0,0,11,11,5918,2452
compact51_marcy__paper_roles,2019-05-28 16:00:00,13.6420450208,44.6249889177,0,0,0,12,12,5728,3834
compact51_marcy__paper_roles,2019-05-28 17:00:00,10.2509438434,36.2027142074,0,0,0,12,12,3091,3073
compact51_marcy__paper_roles,2019-05-28 18:00:00,12.5035215127,33.4124369252,0,0,0,12,12,4919,2745
compact51_marcy__paper_roles,2019-05-28 19:00:00,11.184708998,26.551099729,0,0,0,12,12,3862,1844
compact51_marcy__paper_roles,2019-05-28 20:00:00,13.284558594,27.5717480164,0,0,0,12,12,5501,1981
compact51_marcy__paper_roles,2019-05-28 21:00:00,18.5829775183,43.4529351301,0,0,0,12,12,7773,3743
compact51_marcy__paper_roles,2019-05-28 22:00:00,13.5987648341,48.2543624855,0,0,0,12,12,5700,4113
compact51_marcy__paper_roles,2019-05-28 23:00:00,18.2061734971,53.3424490344,0,0,0,12,12,7680,4477
compact51_marcy__paper_roles,2019-05-29 00:00:00,11.6954122221,38.8879762018,0,0,0,12,12,4274,3346
compact51_marcy__paper_roles,2019-05-29 01:00:00,9.70844614825,25.4073421375,0,0,0,12,12,2577,1654
compact51_marcy__paper_roles,2019-05-29 02:00:00,9.2968011824,32.5527230244,0,0,0,12,12,2262,2654
compact51_marcy__paper_roles,2019-05-29 03:00:00,7.54323130685,26.4287312874,0,0,0,12,12,1046,1827
compact51_marcy__paper_roles,2019-05-29 04:00:00,7.73922393663,24.9336460512,0,0,0,12,12,1157,1579
compact51_marcy__paper_roles,2019-05-29 05:00:00,12.4229121598,25.9090940739,0,0,0,12,12,4839,1732
compact51_marcy__paper_roles,2019-05-29 06:00:00,11.1646612936,20.048149298,0,0,0,12,12,3846,877
compact51_marcy__paper_roles,2019-05-29 07:00:00,9.76186263302,18.0312894399,0,0,0,12,12,2626,592
compact51_marcy__paper_roles,2019-05-29 08:00:00,9.35674164003,15.3381702538,0,0,0,12,12,2313,299
compact51_marcy__paper_roles,2019-05-29 09:00:00,11.1611689353,19.1975645125,0,0,0,12,12,3842,751
compact51_marcy__paper_roles,2019-05-29 10:00:00,13.1222517759,22.4100907661,0,0,0,12,12,5379,1208
compact51_marcy__paper_roles,2019-05-29 11:00:00,13.4463293272,25.1769642234,0,0,0,12,12,5605,1612
compact51_marcy__paper_roles,2019-05-29 12:00:00,15.008420016,28.6522776484,0,0,0,12,12,6492,2145
compact51_marcy__paper_roles,2019-05-29 13:00:00,11.5654620118,19.3261956136,0,0,0,12,12,4168,774
compact51_marcy__paper_roles,2019-05-29 14:00:00,11.7898962535,19.5792103024,0,0,0,12,12,4344,808
compact51_marcy__paper_roles,2019-05-29 15:00:00,13.9352668564,22.6355561962,0,0,0,12,12,5913,1243
compact51_marcy__paper_roles,2019-05-29 16:00:00,18.2132197925,27.9375915194,0,0,0,12,12,7682,2039
compact51_marcy__paper_roles,2019-05-29 17:00:00,16.5944214188,29.668038313,0,0,0,12,12,7179,2299
compact51_marcy__paper_roles,2019-05-29 18:00:00,17.2463377819,36.865234822,0,0,0,12,12,7406,3144
compact51_marcy__paper_roles,2019-05-29 19:00:00,15.8230168195,31.7512893235,0,0,0,12,12,6860,2548
compact51_marcy__paper_roles,2019-05-29 20:00:00,16.7058886609,30.5855722052,0,0,0,12,12,7214,2406
compact51_marcy__paper_roles,2019-05-29 21:00:00,20.1765906116,46.9444190609,0,0,0,12,12,8085,4003
compact51_marcy__paper_roles,2019-05-29 22:00:00,21.2827603605,38.8689960761,0,0,0,12,12,8250,3342
compact51_marcy__paper_roles,2019-05-29 23:00:00,14.9209727847,27.5752217796,0,0,0,12,12,6444,1982
compact51_marcy__paper_roles,2019-05-30 00:00:00,11.9884424725,23.3872934155,0,0,0,12,12,4506,1354
compact51_marcy__paper_roles,2019-05-30 01:00:00,16.0173445225,33.0643210633,0,0,0,12,12,6950,2706
compact51_marcy__paper_roles,2019-05-30 02:00:00,12.8699641456,34.3967552738,0,0,0,12,12,5204,2868
compact51_marcy__paper_roles,2019-05-30 03:00:00,13.5349410989,29.2847367557,0,0,0,12,12,5665,2244
compact51_marcy__paper_roles,2019-05-30 04:00:00,10.2937034324,23.0301401779,0,0,0,12,12,3120,1306
compact51_marcy__paper_roles,2019-05-30 05:00:00,12.6133472688,31.9209983003,0,0,0,12,12,4988,2577
compact51_marcy__paper_roles,2019-05-30 06:00:00,8.89184479782,22.8774323433,0,0,0,12,12,1937,1288
compact51_marcy__paper_roles,2019-05-30 07:00:00,10.7413676969,23.8418582189,0,0,0,12,12,3505,1424
compact51_marcy__paper_roles,2019-05-30 08:00:00,8.76508965396,23.519122701,0,0,0,12,12,1849,1372
compact51_marcy__paper_roles,2019-05-30 09:00:00,6.9586423779,18.9159394359,0,0,0,12,12,707,709
compact51_marcy__paper_roles,2019-05-30 10:00:00,8.55717090371,22.7022659009,0,0,0,12,12,1695,1260
compact51_marcy__paper_roles,2019-05-30 11:00:00,6.72082405026,18.919694755,0,0,0,8,8,589,710
compact51_marcy__paper_roles,2019-05-30 12:00:00,11.3560238251,27.539378964,0,0,0,12,12,3985,1975
compact51_marcy__paper_roles,2019-05-30 13:00:00,6.87911132705,19.4386900627,0,0,0,12,12,663,786
compact51_marcy__paper_roles,2019-05-30 14:00:00,10.1032483078,25.1859435795,0,0,0,12,12,2940,1614
compact51_marcy__paper_roles,2019-05-30 15:00:00,9.72592493435,24.4732646798,0,0,0,12,12,2594,1525
compact51_marcy__paper_roles,2019-05-30 16:00:00,9.44974344485,16.8491054715,0,0,0,12,12,2395,467
compact51_marcy__paper_roles,2019-05-30 17:00:00,7.71633573721,19.2250314805,0,0,0,12,12,1142,758
compact51_marcy__paper_roles,2019-05-30 18:00:00,10.1066160405,22.1536037998,0,0,0,12,12,2943,1176
compact51_marcy__paper_roles,2019-05-30 19:00:00,12.4560121253,30.4672180639,0,0,0,12,12,4876,2389
compact51_marcy__paper_roles,2019-05-30 20:00:00,11.8511009505,26.6667638194,0,0,0,12,12,4389,1861
compact51_marcy__paper_roles,2019-05-30 21:00:00,9.44790611851,23.8887599438,0,0,0,12,12,2392,1437
compact51_marcy__paper_roles,2019-05-30 22:00:00,15.0415459247,29.9224757726,0,0,0,12,12,6506,2332
compact51_marcy__paper_roles,2019-05-30 23:00:00,17.2796018859,35.5921105774,0,0,0,12,12,7423,3006
compact51_marcy__paper_roles,2019-05-31 00:00:00,13.1020124751,27.8877228226,0,0,0,12,12,5366,2028
compact51_marcy__paper_roles,2019-05-31 01:00:00,10.5975732757,33.7075111065,0,0,0,12,12,3391,2784
compact51_marcy__paper_roles,2019-05-31 02:00:00,14.5223847405,43.8577861954,0,0,0,12,12,6248,3773
compact51_marcy__paper_roles,2019-05-31 03:00:00,12.8711888646,40.68465891,0,0,0,12,12,5206,3523
compact51_marcy__paper_roles,2019-05-31 04:00:00,14.3494957748,42.0103725947,0,0,0,12,12,6150,3625
compact51_marcy__paper_roles,2019-05-31 05:00:00,16.2479826989,48.3402288552,0,0,0,12,12,7035,4120
compact51_marcy__paper_roles,2019-05-31 06:00:00,12.0025602151,37.096143286,0,0,0,12,12,4516,3166
compact51_marcy__paper_roles,2019-05-31 07:00:00,15.2457607047,45.6716939853,0,0,0,12,12,6602,3920
compact51_marcy__paper_roles,2019-05-31 08:00:00,11.2592764507,43.9895930313,0,0,0,12,12,3911,3785
compact51_marcy__paper_roles,2019-05-31 09:00:00,10.5478871811,43.9406559139,0,0,0,12,12,3343,3780
compact51_marcy__paper_roles,2019-05-31 10:00:00,10.7287666484,48.221888627,0,0,0,12,12,3492,4111
compact51_marcy__paper_roles,2019-05-31 11:00:00,13.7482652919,61.561957968,0,0,0,12,12,5797,4907
compact51_marcy__paper_roles,2019-05-31 12:00:00,12.3226761208,57.2004239569,0,0,0,12,12,4765,4701
compact51_marcy__paper_roles,2019-05-31 13:00:00,14.072777325,56.9449828074,0,0,0,11,11,5997,4690
compact51_marcy__paper_roles,2019-05-31 14:00:00,19.6313686379,39.8301314218,0,0,0,12,12,7993,3454
compact51_marcy__paper_roles,2019-05-31 15:00:00,18.270658388,32.538022022,0,0,0,12,12,7702,2653
compact51_marcy__paper_roles,2019-05-31 16:00:00,17.0741075456,30.4419956023,0,0,0,12,12,7337,2385
compact51_marcy__paper_roles,2019-05-31 17:00:00,13.6566524557,22.9217284418,0,0,0,12,12,5739,1295
compact51_marcy__paper_roles,2019-05-31 18:00:00,15.524221215,25.6548447303,0,0,0,12,12,6740,1687
compact51_marcy__paper_roles,2019-05-31 19:00:00,15.0804525377,29.0700109877,0,0,0,12,12,6522,2206
compact51_marcy__paper_roles,2019-05-31 20:00:00,16.4752107044,33.1659373404,0,0,0,13,12,7132,2720
compact51_marcy__paper_roles,2019-05-31 21:00:00,20.8393796405,39.4250427913,0,0,0,12,12,8188,3408
compact51_marcy__paper_roles,2019-05-31 22:00:00,19.3529468525,35.6225983262,0,0,0,12,12,7931,3009
compact51_marcy__paper_roles,2019-05-31 23:00:00,11.8356959713,26.0775039454,0,0,0,12,12,4376,1768
compact51_marcy__paper_roles,2019-06-01 00:00:00,9.41129592993,24.0712475548,0,0,0,12,12,2357,1472
compact51_marcy__paper_roles,2019-06-01 01:00:00,10.0635113988,34.5081566321,0,0,0,12,12,2906,2885
compact51_marcy__paper_roles,2019-06-01 02:00:00,11.0825941828,38.5782740353,0,0,0,12,12,3779,3320
compact51_marcy__paper_roles,2019-06-01 03:00:00,11.7527106047,44.7647135873,0,0,0,12,12,4312,3846
compact51_marcy__paper_roles,2019-06-01 04:00:00,12.0738013862,42.1641297442,0,0,0,12,12,4562,3636
compact51_marcy__paper_roles,2019-06-01 05:00:00,12.311395281,55.8295562642,0,0,0,12,12,4754,4630
compact51_marcy__paper_roles,2019-06-01 06:00:00,12.0101008482,44.637110063,0,0,0,12,12,4519,3835
compact51_marcy__paper_roles,2019-06-01 07:00:00,10.0707035929,31.3656207294,0,0,0,12,12,2913,2513
compact51_marcy__paper_roles,2019-06-01 08:00:00,11.7860014066,30.1306149474,0,0,0,12,12,4339,2355
compact51_marcy__paper_roles,2019-06-01 09:00:00,11.9939760984,39.7471347634,0,0,0,12,12,4510,3440
compact51_marcy__paper_roles,2019-06-01 10:00:00,10.6736054295,41.7602471381,0,0,0,12,12,3447,3601
compact51_marcy__paper_roles,2019-06-01 11:00:00,11.0986653066,24.834669824,0,0,0,12,12,3795,1565
compact51_marcy__paper_roles,2019-06-01 12:00:00,11.8132293372,26.650954211,0,0,0,12,12,4356,1858
compact51_marcy__paper_roles,2019-06-01 13:00:00,12.0396204893,25.7989799531,0,0,0,12,12,4539,1710
compact51_marcy__paper_roles,2019-06-01 14:00:00,12.1526633567,28.7941228581,0,0,0,12,12,4632,2172
compact51_marcy__paper_roles,2019-06-01 15:00:00,8.12042030915,19.5141077026,0,0,0,12,12,1376,797
compact51_marcy__paper_roles,2019-06-01 16:00:00,9.86221583238,27.7828144469,0,0,0,12,12,2714,2015
compact51_marcy__paper_roles,2019-06-01 17:00:00,14.0357297822,33.8267944656,0,0,0,12,12,5974,2802
compact51_marcy__paper_roles,2019-06-01 18:00:00,13.1663464993,31.9105690316,0,0,0,12,12,5413,2576
compact51_marcy__paper_roles,2019-06-01 19:00:00,12.3553098213,31.2105068606,0,0,0,12,12,4792,2491
compact51_marcy__paper_roles,2019-06-01 20:00:00,11.6021035741,31.4218738189,0,0,0,12,12,4193,2518
compact51_marcy__paper_roles,2019-06-01 21:00:00,12.5356775401,28.7282431506,0,0,0,12,12,4942,2159
compact51_marcy__paper_roles,2019-06-01 22:00:00,13.3329331155,30.7902530429,0,0,0,12,12,5534,2435
compact51_marcy__paper_roles,2019-06-01 23:00:00,10.6197749198,27.6038971845,0,0,0,12,12,3406,1990
compact51_marcy__paper_roles,2019-06-02 00:00:00,10.2260134029,26.8666315868,0,0,0,12,12,3064,1889
compact51_marcy__paper_roles,2019-06-02 01:00:00,12.1270864244,26.9118245172,0,0,0,12,12,4617,1896
compact51_marcy__paper_roles,2019-06-02 02:00:00,10.0138161868,36.1667276197,0,0,0,12,12,2861,3069
compact51_marcy__paper_roles,2019-06-02 03:00:00,8.32984810998,31.3361090211,0,0,0,12,12,1527,2508
compact51_marcy__paper_roles,2019-06-02 04:00:00,7.50564888753,29.4481481095,0,0,0,12,12,1027,2273
compact51_marcy__paper_roles,2019-06-02 05:00:00,8.00152817719,26.7140197924,0,0,0,12,12,1303,1867
compact51_marcy__paper_roles,2019-06-02 06:00:00,8.77229369126,32.6203314889,0,0,0,12,12,1851,2658
compact51_marcy__paper_roles,2019-06-02 07:00:00,8.98832748286,23.9134106585,0,0,0,12,12,2024,1440
compact51_marcy__paper_roles,2019-06-02 08:00:00,11.6541264963,43.0852755629,0,0,0,12,12,4236,3714
compact51_marcy__paper_roles,2019-06-02 09:00:00,13.3889465605,50.7807189807,0,0,0,12,12,5564,4291
compact51_marcy__paper_roles,2019-06-02 10:00:00,10.1755213832,23.2604055411,0,0,0,12,12,3010,1339
compact51_marcy__paper_roles,2019-06-02 11:00:00,12.5900649429,28.8823413245,0,0,0,12,12,4972,2183
compact51_marcy__paper_roles,2019-06-02 12:00:00,9.42183877544,20.7498487425,0,0,0,12,12,2370,973
compact51_marcy__paper_roles,2019-06-02 13:00:00,8.58459798233,19.589482357,0,0,0,12,12,1712,812
compact51_marcy__paper_roles,2019-06-02 14:00:00,10.740464322,21.5386647691,0,0,0,12,12,3502,1086
compact51_marcy__paper_roles,2019-06-02 15:00:00,12.4592632582,20.4369586517,0,0,0,13,12,4879,925
compact51_marcy__paper_roles,2019-06-02 16:00:00,12.3433877332,32.1740208277,0,0,0,12,12,4780,2612
compact51_marcy__paper_roles,2019-06-02 17:00:00,16.5702088787,37.6203148454,0,0,0,12,12,7167,3217
compact51_marcy__paper_roles,2019-06-02 18:00:00,17.6175827057,37.5345767859,0,0,0,12,12,7517,3210
compact51_marcy__paper_roles,2019-06-02 19:00:00,17.1334541092,34.826170692,0,0,0,12,12,7363,2922
compact51_marcy__paper_roles,2019-06-02 20:00:00,14.3793686664,42.2044992858,0,0,0,12,12,6171,3639
compact51_marcy__paper_roles,2019-06-02 21:00:00,16.1451026852,48.6924086378,0,0,0,12,12,6998,4153
compact51_marcy__paper_roles,2019-06-02 22:00:00,15.4959291134,47.9879650762,0,0,0,12,12,6726,4093
compact51_marcy__paper_roles,2019-06-02 23:00:00,13.0979154873,32.4335292784,0,0,0,12,12,5364,2643
compact51_marcy__paper_roles,2019-06-03 00:00:00,8.73024166824,22.8620822698,0,0,0,12,12,1827,1286
compact51_marcy__paper_roles,2019-06-03 01:00:00,10.6268903084,38.4506817302,0,0,0,12,12,3411,3309
compact51_marcy__paper_roles,2019-06-03 02:00:00,11.1640582388,35.1968777352,0,0,0,12,12,3845,2958
compact51_marcy__paper_roles,2019-06-03 03:00:00,12.0539873577,43.0952471073,0,0,0,12,12,4554,3717
compact51_marcy__paper_roles,2019-06-03 04:00:00,14.5997980203,44.1035815992,0,0,0,12,12,6282,3796
compact51_marcy__paper_roles,2019-06-03 05:00:00,14.6416547183,45.6166160978,0,0,0,12,12,6298,3909
compact51_marcy__paper_roles,2019-06-03 06:00:00,12.1240808348,61.8818309825,0,0,0,12,12,4614,4927
compact51_marcy__paper_roles,2019-06-03 07:00:00,11.0560862596,58.3650235489,0,0,0,12,12,3756,4753
compact51_marcy__paper_roles,2019-06-03 08:00:00,12.1225870012,56.0100336561,0,0,0,12,12,4612,4643
compact51_marcy__paper_roles,2019-06-03 09:00:00,11.8768666494,72.1699017581,0,0,0,12,12,4411,5359
compact51_marcy__paper_roles,2019-06-03 10:00:00,10.3473784473,84.1586512441,0,0,0,13,12,3161,5789
compact51_marcy__paper_roles,2019-06-03 11:00:00,10.4427267996,95.7157561071,0,0,0,12,12,3250,6132
compact51_marcy__paper_roles,2019-06-03 12:00:00,14.1444417485,93.4622231064,0,0,0,12,12,6039,6065
compact51_marcy__paper_roles,2019-06-03 13:00:00,19.3731837704,152.159828938,0,0,0,12,12,7934,7079
compact51_marcy__paper_roles,2019-06-03 14:00:00,25.2101953225,2371.53252146,0,0,0,12,12,8576,8646
compact51_marcy__paper_roles,2019-06-03 15:00:00,24.3256492206,358.724152863,1,0,0,12,12,8521,8080
compact51_marcy__paper_roles,2019-06-03 16:00:00,28.6568322619,1410.27985696,0,0,0,12,12,8674,8563
compact51_marcy__paper_roles,2019-06-03 17:00:00,28.4061597769,293.156436749,0,0,0,12,12,8668,7907
compact51_marcy__paper_roles,2019-06-03 18:00:00,28.2808757546,226.969201377,0,0,0,12,12,8665,7642
compact51_marcy__paper_roles,2019-06-03 19:00:00,24.5881058028,149.671657577,0,0,0,12,12,8538,7051
compact51_marcy__paper_roles,2019-06-03 20:00:00,24.5185508073,91.7832701293,0,0,0,12,12,8533,6010
compact51_marcy__paper_roles,2019-06-03 21:00:00,23.3540590992,60.715057036,0,0,0,12,12,8450,4867
compact51_marcy__paper_roles,2019-06-03 22:00:00,13.8605809036,48.6916663336,0,0,0,13,12,5871,4151
compact51_marcy__paper_roles,2019-06-03 23:00:00,7.06093063352,11.9661945358,0,0,0,12,12,767,74
compact51_marcy__paper_roles,2019-06-04 00:00:00,9.56194368985,17.8298505322,0,0,0,12,12,2480,572
compact51_marcy__paper_roles,2019-06-04 01:00:00,9.37610299887,19.5690277471,0,0,0,12,12,2326,806
compact51_marcy__paper_roles,2019-06-04 02:00:00,9.37658615187,19.866463639,0,0,0,12,12,2328,861
compact51_marcy__paper_roles,2019-06-04 03:00:00,10.1613119564,20.4588169181,0,0,0,12,12,2994,930
compact51_marcy__paper_roles,2019-06-04 04:00:00,10.1453362138,18.6456724365,0,0,0,12,12,2975,670
compact51_marcy__paper_roles,2019-06-04 05:00:00,11.8805928727,34.2176275283,0,0,0,12,12,4418,2846
compact51_marcy__paper_roles,2019-06-04 06:00:00,8.41068353076,17.7745695605,0,0,0,13,12,1585,567
compact51_marcy__paper_roles,2019-06-04 07:00:00,9.2573396402,38.9933036645,0,0,0,12,12,2230,3358
compact51_marcy__paper_roles,2019-06-04 08:00:00,9.22193587351,55.5433187756,0,0,0,12,12,2198,4613
compact51_marcy__paper_roles,2019-06-04 09:00:00,11.7686952002,64.2100372416,0,0,0,12,12,4325,5031
compact51_marcy__paper_roles,2019-06-04 10:00:00,16.9809788802,78.4801766936,0,0,0,12,12,7292,5592
compact51_marcy__paper_roles,2019-06-04 11:00:00,20.0349723108,112.093381149,0,0,0,12,12,8061,6485
compact51_marcy__paper_roles,2019-06-04 12:00:00,20.950064684,103.000729023,0,0,0,12,12,8200,6314
compact51_marcy__paper_roles,2019-06-04 13:00:00,20.1819789059,80.8635668665,0,0,0,12,12,8087,5682
compact51_marcy__paper_roles,2019-06-04 14:00:00,21.9551430258,101.108993222,0,0,0,12,12,8322,6268
compact51_marcy__paper_roles,2019-06-04 15:00:00,13.1268487522,88.0461535073,0,0,0,12,12,5385,5895
compact51_marcy__paper_roles,2019-06-04 16:00:00,12.1149575639,55.1606774926,0,0,0,12,12,4603,4586
compact51_marcy__paper_roles,2019-06-04 17:00:00,12.1646994748,55.3351418268,0,0,0,12,12,4643,4597
compact51_marcy__paper_roles,2019-06-04 18:00:00,12.3193618338,38.7380382609,0,0,0,12,12,4762,3332
compact51_marcy__paper_roles,2019-06-04 19:00:00,10.3989317981,26.1714196433,0,0,0,12,12,3218,1786
compact51_marcy__paper_roles,2019-06-04 20:00:00,12.2183293979,31.9014333865,0,0,0,12,12,4680,2575
compact51_marcy__paper_roles,2019-06-04 21:00:00,13.8511267736,43.6680448972,0,0,0,12,12,5866,3757
compact51_marcy__paper_roles,2019-06-04 22:00:00,14.3985614044,52.9510400846,0,0,0,12,12,6183,4437
compact51_marcy__paper_roles,2019-06-04 23:00:00,14.3164702475,78.8539516934,0,0,0,12,12,6138,5599
compact51_marcy__paper_roles,2019-06-05 00:00:00,12.0124434666,95.3349126758,0,0,0,12,12,4522,6121
compact51_marcy__paper_roles,2019-06-05 01:00:00,11.2933769085,165.099814591,0,0,0,12,12,3941,7221
compact51_marcy__paper_roles,2019-06-05 02:00:00,10.7269524029,56.1787803243,0,0,0,12,12,3490,4650
compact51_marcy__paper_roles,2019-06-05 03:00:00,9.62677048593,75.453475262,0,0,0,12,12,2517,5487
compact51_marcy__paper_roles,2019-06-05 04:00:00,14.1421434089,105.365023782,0,0,0,12,12,6037,6370
compact51_marcy__paper_roles,2019-06-05 05:00:00,15.0994098335,138.418038237,0,0,0,12,12,6532,6917
compact51_marcy__paper_roles,2019-06-05 06:00:00,14.7049704247,191.835477026,0,0,0,12,12,6326,7430
compact51_marcy__paper_roles,2019-06-05 07:00:00,15.8409034374,82.702399275,0,0,0,12,12,6872,5732
compact51_marcy__paper_roles,2019-06-05 08:00:00,12.1809446831,85.2023920221,0,0,0,13,13,4656,5825
compact51_marcy__paper_roles,2019-06-05 09:00:00,12.5253492614,123.098863172,0,0,0,12,12,4936,6691
compact51_marcy__paper_roles,2019-06-05 10:00:00,10.7359044969,63.0197911735,0,0,0,12,12,3496,4976
compact51_marcy__paper_roles,2019-06-05 11:00:00,7.67678423783,47.1462962928,0,0,0,12,12,1118,4012
compact51_marcy__paper_roles,2019-06-05 12:00:00,10.8513078215,67.6047909678,0,0,0,13,12,3600,5186
compact51_marcy__paper_roles,2019-06-05 13:00:00,7.84440604414,45.0752307408,0,0,0,12,12,1218,3865
compact51_marcy__paper_roles,2019-06-05 14:00:00,9.07099318498,40.2952150872,0,0,0,12,12,2089,3489
compact51_marcy__paper_roles,2019-06-05 15:00:00,11.5868233783,52.9711800245,0,0,0,12,12,4186,4439
compact51_marcy__paper_roles,2019-06-05 16:00:00,15.8988163471,49.4733042483,0,0,0,12,12,6895,4216
compact51_marcy__paper_roles,2019-06-05 17:00:00,9.98584579158,14.1107308176,0,0,0,12,12,2827,205
compact51_marcy__paper_roles,2019-06-05 18:00:00,15.6467087335,52.6997723606,0,0,0,12,12,6792,4421
compact51_marcy__paper_roles,2019-06-05 19:00:00,13.5181861452,51.4645058164,0,0,0,12,12,5651,4345
compact51_marcy__paper_roles,2019-06-05 20:00:00,18.8068425958,39.5942686389,0,0,0,12,12,7825,3422
compact51_marcy__paper_roles,2019-06-05 21:00:00,30.3968900529,66.0138216895,0,0,0,12,12,8709,5122
compact51_marcy__paper_roles,2019-06-05 22:00:00,25.9043416356,68.3733796884,0,0,0,12,12,8604,5218
compact51_marcy__paper_roles,2019-06-05 23:00:00,26.2204887321,60.8471196243,0,0,0,12,12,8621,4875
compact51_marcy__paper_roles,2019-06-06 00:00:00,20.9987317976,73.151594665,0,0,0,12,12,8210,5387
compact51_marcy__paper_roles,2019-06-06 01:00:00,21.1377885846,49.1513606232,0,0,0,12,12,8231,4191
compact51_marcy__paper_roles,2019-06-06 02:00:00,16.3197841799,44.2767986132,0,0,0,12,12,7071,3809
compact51_marcy__paper_roles,2019-06-06 03:00:00,12.2193982228,31.8953098015,0,0,0,12,12,4681,2573
compact51_marcy__paper_roles,2019-06-06 04:00:00,10.4372531242,26.9867455562,0,0,0,12,12,3248,1911
compact51_marcy__paper_roles,2019-06-06 05:00:00,11.0786696236,31.9434201052,0,0,0,12,12,3774,2580
compact51_marcy__paper_roles,2019-06-06 06:00:00,10.9702015899,26.5272480371,0,0,0,12,12,3697,1842
compact51_marcy__paper_roles,2019-06-06 07:00:00,10.9300662854,27.3387948572,0,0,0,12,12,3665,1956
compact51_marcy__paper_roles,2019-06-06 08:00:00,9.12567234619,31.2470271392,0,0,0,13,12,2130,2497
compact51_marcy__paper_roles,2019-06-06 09:00:00,7.02868959771,15.5896189424,0,0,0,12,12,750,323
compact51_marcy__paper_roles,2019-06-06 10:00:00,12.3839885362,46.4097370201,0,0,0,12,12,4804,3963
compact51_marcy__paper_roles,2019-06-06 11:00:00,9.61308779775,19.6218031627,0,0,0,12,12,2509,817
compact51_marcy__paper_roles,2019-06-06 12:00:00,11.3618773638,16.1361463242,0,0,0,12,12,3993,383
compact51_marcy__paper_roles,2019-06-06 13:00:00,15.1172428474,21.9252899435,0,0,0,12,12,6544,1143
compact51_marcy__paper_roles,2019-06-06 14:00:00,12.4316182218,15.1813656388,0,0,0,12,12,4849,283
compact51_marcy__paper_roles,2019-06-06 15:00:00,14.9406409127,30.1735434326,0,0,0,12,12,6454,2362
compact51_marcy__paper_roles,2019-06-06 16:00:00,23.758842472,134.832394,0,0,0,12,12,8477,6870
compact51_marcy__paper_roles,2019-06-06 17:00:00,22.2234318899,44.9094521198,0,0,0,12,12,8352,3854
compact51_marcy__paper_roles,2019-06-06 18:00:00,10.2121000751,15.842845012,0,0,0,12,12,3053,353
compact51_marcy__paper_roles,2019-06-06 19:00:00,10.0551071755,15.2185998008,0,0,0,12,12,2896,287
compact51_marcy__paper_roles,2019-06-06 20:00:00,14.7867273478,23.8619436679,0,0,0,12,12,6373,1430
compact51_marcy__paper_roles,2019-06-06 21:00:00,18.6186448634,37.1262676613,0,0,0,12,12,7787,3171
compact51_marcy__paper_roles,2019-06-06 22:00:00,17.616261094,33.9952074855,0,0,0,12,12,7516,2821
compact51_marcy__paper_roles,2019-06-06 23:00:00,14.2908456059,33.0616642502,0,0,0,12,12,6126,2705
compact51_marcy__paper_roles,2019-06-07 00:00:00,9.1561313218,23.1856972891,0,0,0,12,12,2148,1326
compact51_marcy__paper_roles,2019-06-07 01:00:00,9.55682888428,23.2083978286,0,0,0,12,12,2475,1331
compact51_marcy__paper_roles,2019-06-07 02:00:00,9.95701747978,31.677419191,0,0,0,12,12,2804,2541
compact51_marcy__paper_roles,2019-06-07 03:00:00,11.3055988952,48.2851836805,0,0,0,12,12,3947,4114
compact51_marcy__paper_roles,2019-06-07 04:00:00,13.935484063,101.226728626,0,0,0,12,12,5914,6272
compact51_marcy__paper_roles,2019-06-07 05:00:00,17.2696579911,114.117369881,0,0,0,12,12,7417,6518
compact51_marcy__paper_roles,2019-06-07 06:00:00,14.494958646,69.823618364,0,0,0,12,12,6235,5269
compact51_marcy__paper_roles,2019-06-07 07:00:00,11.3823415697,48.7307564891,0,0,0,12,12,4006,4159
compact51_marcy__paper_roles,2019-06-07 08:00:00,13.4401925676,57.6122338228,0,0,0,12,12,5602,4727
compact51_marcy__paper_roles,2019-06-07 09:00:00,17.3468677257,83.1989150047,0,0,0,13,13,7443,5751
compact51_marcy__paper_roles,2019-06-07 10:00:00,15.3537588275,46.4854107633,0,0,0,12,11,6658,3971
compact51_marcy__paper_roles,2019-06-07 11:00:00,11.6966941137,33.0399530331,0,0,0,12,12,4275,2701
compact51_marcy__paper_roles,2019-06-07 12:00:00,12.1033820008,26.928174368,0,0,0,12,12,4587,1899
compact51_marcy__paper_roles,2019-06-07 13:00:00,12.8145875159,48.5956741514,0,0,0,12,12,5164,4147
compact51_marcy__paper_roles,2019-06-07 14:00:00,13.7646446481,38.9306902581,0,0,0,12,12,5805,3352
compact51_marcy__paper_roles,2019-06-07 15:00:00,14.8933852812,49.6645884088,0,0,0,12,12,6426,4230
compact51_marcy__paper_roles,2019-06-07 16:00:00,18.4850716545,51.3426507266,0,0,0,12,12,7748,4336
compact51_marcy__paper_roles,2019-06-07 17:00:00,17.8033151026,32.2026824219,0,0,0,12,12,7575,2614
compact51_marcy__paper_roles,2019-06-07 18:00:00,9.99731622746,17.6787687426,0,0,0,12,12,2846,551
compact51_marcy__paper_roles,2019-06-07 19:00:00,14.1692415465,34.7972296882,0,0,0,12,12,6050,2919
compact51_marcy__paper_roles,2019-06-07 20:00:00,13.433954483,20.8657155535,0,0,0,12,12,5596,993
compact51_marcy__paper_roles,2019-06-07 21:00:00,15.3083346195,29.1365218052,0,0,0,12,11,6632,2219
compact51_marcy__paper_roles,2019-06-07 22:00:00,18.5565694817,47.4488955297,0,0,0,13,13,7765,4047
compact51_marcy__paper_roles,2019-06-07 23:00:00,13.6331721208,37.0481746736,0,0,0,12,12,5724,3164
compact51_marcy__paper_roles,2019-06-08 00:00:00,9.92216886407,25.8165739605,0,0,0,12,12,2771,1717
compact51_marcy__paper_roles,2019-06-08 01:00:00,7.75933694149,20.6278966584,0,0,0,12,12,1174,959
compact51_marcy__paper_roles,2019-06-08 02:00:00,6.6058590905,47.9620049627,0,0,0,12,12,526,4092
compact51_marcy__paper_roles,2019-06-08 03:00:00,7.33898064986,52.9563202422,0,0,0,12,12,901,4438
compact51_marcy__paper_roles,2019-06-08 04:00:00,9.49196037191,60.8160304684,0,0,0,12,12,2427,4872
compact51_marcy__paper_roles,2019-06-08 05:00:00,10.3925657527,55.414571869,0,0,0,12,12,3206,4603
compact51_marcy__paper_roles,2019-06-08 06:00:00,10.5973741398,66.9559931751,0,0,0,12,12,3390,5158
compact51_marcy__paper_roles,2019-06-08 07:00:00,12.3603280824,84.4093153918,0,0,0,12,12,4794,5796
compact51_marcy__paper_roles,2019-06-08 08:00:00,13.108861705,102.538229059,0,0,0,12,12,5370,6303
compact51_marcy__paper_roles,2019-06-08 09:00:00,9.36348675425,85.9441562506,0,0,0,12,12,2319,5854
compact51_marcy__paper_roles,2019-06-08 10:00:00,12.6386092973,205.899503868,0,0,0,12,12,5019,7531
compact51_marcy__paper_roles,2019-06-08 11:00:00,9.90164325368,122.568251007,0,0,0,12,12,2748,6682
compact51_marcy__paper_roles,2019-06-08 12:00:00,7.57789651762,140.321024227,0,0,0,12,12,1067,6945
compact51_marcy__paper_roles,2019-06-08 13:00:00,7.06080439691,1368.30315618,0,0,0,12,12,766,8553
compact51_marcy__paper_roles,2019-06-08 14:00:00,5.70366421175,17.6649936827,0,0,0,12,12,228,547
compact51_marcy__paper_roles,2019-06-08 15:00:00,8.49724913882,240.019512302,0,0,0,12,12,1656,7713
compact51_marcy__paper_roles,2019-06-08 16:00:00,4.83440293894,14.8597738713,0,0,0,12,12,78,255
compact51_marcy__paper_roles,2019-06-08 17:00:00,5.47432044414,19.3036687262,0,0,0,12,12,175,772
compact51_marcy__paper_roles,2019-06-08 18:00:00,6.60843576087,23.0529370762,0,0,0,12,12,527,1310
compact51_marcy__paper_roles,2019-06-08 19:00:00,7.0865129914,24.6929148504,0,0,0,12,12,780,1548
compact51_marcy__paper_roles,2019-06-08 20:00:00,7.71413535369,56.0987727175,0,0,0,12,12,1141,4647
compact51_marcy__paper_roles,2019-06-08 21:00:00,11.9823520363,87.2255521892,0,0,0,13,12,4497,5879
compact51_marcy__paper_roles,2019-06-08 22:00:00,8.15261291157,54.2985997156,0,0,0,12,12,1396,4534
compact51_marcy__paper_roles,2019-06-08 23:00:00,7.1960676768,37.0275088712,0,0,0,12,12,830,3163
compact51_marcy__paper_roles,2019-06-09 00:00:00,9.24613947617,73.189512328,0,0,0,12,12,2221,5389
compact51_marcy__paper_roles,2019-06-09 01:00:00,11.2372869344,71.3390362233,0,0,0,12,12,3896,5328
compact51_marcy__paper_roles,2019-06-09 02:00:00,11.9764205998,73.462383309,0,0,0,12,12,4491,5404
compact51_marcy__paper_roles,2019-06-09 03:00:00,10.3312028292,59.0095834632,0,0,0,12,12,3151,4782
compact51_marcy__paper_roles,2019-06-09 04:00:00,9.85902725905,46.4268556607,0,0,0,12,12,2710,3965
compact51_marcy__paper_roles,2019-06-09 05:00:00,11.0381573111,47.330159977,0,0,0,12,12,3737,4032
compact51_marcy__paper_roles,2019-06-09 06:00:00,12.7810545586,48.7071483482,0,0,0,12,12,5140,4155
compact51_marcy__paper_roles,2019-06-09 07:00:00,11.4904101598,56.0989907253,0,0,0,12,12,4109,4648
compact51_marcy__paper_roles,2019-06-09 08:00:00,12.6142430289,61.880605424,0,0,0,12,12,4989,4926
compact51_marcy__paper_roles,2019-06-09 09:00:00,14.5509612101,58.2544029259,0,0,0,12,12,6257,4744
compact51_marcy__paper_roles,2019-06-09 10:00:00,11.97722472,48.4667642252,0,0,0,12,12,4492,4133
compact51_marcy__paper_roles,2019-06-09 11:00:00,12.8194235348,47.3765775896,0,0,0,12,12,5169,4039
compact51_marcy__paper_roles,2019-06-09 12:00:00,12.3886542498,47.6172219886,0,0,0,12,12,4807,4060
compact51_marcy__paper_roles,2019-06-09 13:00:00,10.8226467895,59.3014706909,0,0,0,12,12,3575,4804
compact51_marcy__paper_roles,2019-06-09 14:00:00,8.60319679816,42.6636983976,0,0,0,13,12,1730,3669
compact51_marcy__paper_roles,2019-06-09 15:00:00,8.74752175626,28.9999237687,0,0,0,12,12,1834,2196
compact51_marcy__paper_roles,2019-06-09 16:00:00,9.75787456415,47.0616363852,0,0,0,12,12,2617,4008
compact51_marcy__paper_roles,2019-06-09 17:00:00,10.3019246672,93.27039292,0,0,0,12,12,3129,6061
compact51_marcy__paper_roles,2019-06-09 18:00:00,10.8196055166,54.213406073,0,0,0,12,12,3571,4525
compact51_marcy__paper_roles,2019-06-09 19:00:00,12.2713271656,95.3311321755,0,0,0,14,13,4725,6120
compact51_marcy__paper_roles,2019-06-09 20:00:00,14.0610621238,66.6676983444,0,0,0,11,11,5990,5145
compact51_marcy__paper_roles,2019-06-09 21:00:00,14.605295945,39.838991826,0,0,0,12,12,6285,3455
compact51_marcy__paper_roles,2019-06-09 22:00:00,10.61063392,35.9660063227,0,0,0,12,12,3400,3051
compact51_marcy__paper_roles,2019-06-09 23:00:00,9.25017375489,50.1616006479,0,0,0,12,12,2224,4254
compact51_marcy__paper_roles,2019-06-10 00:00:00,11.4768153702,72.7121129129,0,0,0,12,12,4095,5371
compact51_marcy__paper_roles,2019-06-10 01:00:00,10.2302659106,53.7514232754,0,0,0,12,12,3070,4498
compact51_marcy__paper_roles,2019-06-10 02:00:00,8.22431729545,55.648460485,0,0,0,12,12,1455,4617
compact51_marcy__paper_roles,2019-06-10 03:00:00,8.94663169763,57.0979848853,0,0,0,12,12,1982,4694
compact51_marcy__paper_roles,2019-06-10 04:00:00,9.89925452146,62.3423545346,0,0,0,12,12,2747,4948
compact51_marcy__paper_roles,2019-06-10 05:00:00,14.0148709923,65.0738504488,0,0,0,12,12,5960,5083
compact51_marcy__paper_roles,2019-06-10 06:00:00,15.5177019793,59.2117824267,0,0,0,12,12,6734,4793
compact51_marcy__paper_roles,2019-06-10 07:00:00,17.0789611265,102.670325663,0,0,0,13,13,7339,6305
compact51_marcy__paper_roles,2019-06-10 08:00:00,14.9129739223,340.22493267,0,0,0,12,12,6438,8032
compact51_marcy__paper_roles,2019-06-10 09:00:00,14.3690563788,2469.15537093,0,0,0,12,12,6162,8651
compact51_marcy__paper_roles,2019-06-10 10:00:00,13.8494391746,5375.92341025,1,0,0,12,12,5865,8715
compact51_marcy__paper_roles,2019-06-10 11:00:00,14.2381137746,334.353956036,1,0,0,12,12,6096,8019
compact51_marcy__paper_roles,2019-06-10 12:00:00,13.0001232298,309.898792362,0,0,0,12,12,5301,7955
compact51_marcy__paper_roles,2019-06-10 13:00:00,12.7804751636,1387.50072704,0,0,0,14,14,5136,8559
compact51_marcy__paper_roles,2019-06-10 14:00:00,14.8388968119,398.368665063,1,0,0,10,10,6396,8136
compact51_marcy__paper_roles,2019-06-10 15:00:00,15.0014421149,264.886969581,1,0,0,12,12,6489,7809
compact51_marcy__paper_roles,2019-06-10 16:00:00,12.519652882,357.281864077,0,0,0,12,12,4933,8076
compact51_marcy__paper_roles,2019-06-10 17:00:00,12.896413738,213.643847819,0,0,0,12,12,5230,7570
compact51_marcy__paper_roles,2019-06-10 18:00:00,15.9339778738,286.324658841,0,0,0,12,12,6912,7890
compact51_marcy__paper_roles,2019-06-10 19:00:00,12.2095440297,138.859656194,0,0,0,12,12,4671,6921
compact51_marcy__paper_roles,2019-06-10 20:00:00,13.7869066629,122.44204218,0,0,0,12,12,5824,6677
compact51_marcy__paper_roles,2019-06-10 21:00:00,17.0117847305,100.073097502,0,0,0,12,12,7307,6243
compact51_marcy__paper_roles,2019-06-10 22:00:00,13.9831860223,235.725657271,0,0,0,12,12,5941,7693
compact51_marcy__paper_roles,2019-06-10 23:00:00,17.3420444617,258.599449022,0,0,0,12,12,7441,7795
compact51_marcy__paper_roles,2019-06-11 00:00:00,15.6236361359,288.375796517,0,0,0,12,12,6780,7900
compact51_marcy__paper_roles,2019-06-11 01:00:00,13.8428736654,138.350583081,0,0,0,12,12,5858,6913
compact51_marcy__paper_roles,2019-06-11 02:00:00,16.5655771036,199.947873279,0,0,0,12,12,7165,7491
compact51_marcy__paper_roles,2019-06-11 03:00:00,14.5822936174,145.995318699,0,0,0,12,12,6274,7008
compact51_marcy__paper_roles,2019-06-11 04:00:00,17.1619234989,650.366347164,0,0,0,12,12,7370,8364
compact51_marcy__paper_roles,2019-06-11 05:00:00,17.654635463,391.82808054,0,0,0,12,12,7531,8128
compact51_marcy__paper_roles,2019-06-11 06:00:00,17.0284219954,523.069243225,0,0,0,12,12,7315,8277
compact51_marcy__paper_roles,2019-06-11 07:00:00,17.4351034005,284.333427888,0,0,0,12,12,7475,7881
compact51_marcy__paper_roles,2019-06-11 08:00:00,17.1047145417,218.986541663,0,0,0,13,13,7347,7602
compact51_marcy__paper_roles,2019-06-11 09:00:00,16.5511060653,210.6811619,0,0,0,12,12,7160,7557
compact51_marcy__paper_roles,2019-06-11 10:00:00,14.9980078591,141.74035039,0,0,0,12,12,6484,6959
compact51_marcy__paper_roles,2019-06-11 11:00:00,14.9666755351,146.167811339,0,0,0,7,7,6463,7013
compact51_marcy__paper_roles,2019-06-11 12:00:00,12.4176049207,121.464064849,0,0,0,11,11,4836,6658
compact51_marcy__paper_roles,2019-06-11 13:00:00,12.4010617163,117.834210942,0,0,0,11,11,4822,6580
compact51_marcy__paper_roles,2019-06-11 14:00:00,12.6534985159,125.329936616,0,0,0,12,12,5036,6726
compact51_marcy__paper_roles,2019-06-11 15:00:00,8.41157907019,29.9923544491,0,0,0,12,12,1586,2344
compact51_marcy__paper_roles,2019-06-11 16:00:00,9.42209768037,55.1178869809,0,0,0,12,12,2371,4584
compact51_marcy__paper_roles,2019-06-11 17:00:00,7.79875659874,42.0012831106,0,0,0,12,12,1195,3624
compact51_marcy__paper_roles,2019-06-11 18:00:00,16.2951994738,101.574530375,0,0,0,12,12,7059,6281
compact51_marcy__paper_roles,2019-06-11 19:00:00,12.2338331736,64.7895616408,0,0,0,14,14,4696,5065
compact51_marcy__paper_roles,2019-06-11 20:00:00,18.1049105486,42.9345680297,0,0,0,12,12,7656,3698
compact51_marcy__paper_roles,2019-06-11 21:00:00,14.8638380124,59.7674855499,0,0,0,12,12,6407,4824
compact51_marcy__paper_roles,2019-06-11 22:00:00,14.1262237888,55.7556645422,0,0,0,13,13,6027,4624
compact51_marcy__paper_roles,2019-06-11 23:00:00,13.2704689921,32.1732668916,0,0,0,12,12,5491,2611
compact51_marcy__paper_roles,2019-06-12 00:00:00,9.92910357617,26.0827419654,0,0,0,12,12,2779,1772
compact51_marcy__paper_roles,2019-06-12 01:00:00,9.45149119137,37.8798401323,0,0,0,12,12,2399,3252
compact51_marcy__paper_roles,2019-06-12 02:00:00,10.0556655551,56.005316669,0,0,0,12,12,2898,4642
compact51_marcy__paper_roles,2019-06-12 03:00:00,11.1706194408,56.3349847758,0,0,0,12,12,3850,4653
compact51_marcy__paper_roles,2019-06-12 04:00:00,12.1625723725,54.0559182926,0,0,0,12,12,4640,4519
compact51_marcy__paper_roles,2019-06-12 05:00:00,12.3171506192,45.2500968726,0,0,0,12,12,4760,3880
compact51_marcy__paper_roles,2019-06-12 06:00:00,13.4836483045,45.6201451765,0,0,0,12,12,5627,3910
compact51_marcy__paper_roles,2019-06-12 07:00:00,19.0660844309,66.6762318669,0,0,0,13,12,7879,5147
compact51_marcy__paper_roles,2019-06-12 08:00:00,14.6910673559,69.4983680329,0,0,0,12,12,6317,5256
compact51_marcy__paper_roles,2019-06-12 09:00:00,11.5841677799,77.9495834975,0,0,0,12,12,4184,5576
compact51_marcy__paper_roles,2019-06-12 10:00:00,14.4683175898,96.7734280017,0,0,0,12,12,6214,6165
compact51_marcy__paper_roles,2019-06-12 11:00:00,13.9444930121,128.254865401,0,0,0,9,9,5919,6780
compact51_marcy__paper_roles,2019-06-12 12:00:00,12.7686562815,99.8938613231,0,0,0,9,9,5126,6241
compact51_marcy__paper_roles,2019-06-12 13:00:00,13.3896973592,93.7364948533,0,0,0,11,11,5565,6074
compact51_marcy__paper_roles,2019-06-12 14:00:00,13.7627203405,95.170310695,0,0,0,11,11,5802,6118
compact51_marcy__paper_roles,2019-06-12 15:00:00,16.5388122283,144.349489736,0,0,0,13,12,7155,6990
compact51_marcy__paper_roles,2019-06-12 16:00:00,18.556017124,199.199415739,0,0,0,13,12,7764,7486
compact51_marcy__paper_roles,2019-06-12 17:00:00,17.1107909663,159.037754017,0,0,0,12,12,7351,7162
compact51_marcy__paper_roles,2019-06-12 18:00:00,16.3227467441,88.6605576238,0,0,0,12,12,7073,5920
compact51_marcy__paper_roles,2019-06-12 19:00:00,12.0942984953,50.7222895243,0,0,0,12,12,4580,4285
compact51_marcy__paper_roles,2019-06-12 20:00:00,12.134859992,54.8376567954,0,0,0,12,12,4623,4565
compact51_marcy__paper_roles,2019-06-12 21:00:00,17.2331384201,49.3597572356,0,0,0,12,12,7399,4210
compact51_marcy__paper_roles,2019-06-12 22:00:00,13.1839592031,55.6658656378,0,0,0,12,12,5432,4620
compact51_marcy__paper_roles,2019-06-12 23:00:00,10.9805900789,43.3013755917,0,0,0,12,12,3702,3733
compact51_marcy__paper_roles,2019-06-13 00:00:00,11.4326452129,41.759810536,0,0,0,12,12,4053,3600
compact51_marcy__paper_roles,2019-06-13 01:00:00,11.0961650903,33.1162090668,0,0,0,12,12,3792,2713
compact51_marcy__paper_roles,2019-06-13 02:00:00,10.6243146152,40.2761950814,0,0,0,12,12,3409,3487
compact51_marcy__paper_roles,2019-06-13 03:00:00,12.4058467267,55.0399315511,0,0,0,12,12,4825,4578
compact51_marcy__paper_roles,2019-06-13 04:00:00,12.6377655273,48.6708868433,0,0,0,12,12,5016,4150
compact51_marcy__paper_roles,2019-06-13 05:00:00,15.1507064254,75.1635968423,0,0,0,12,12,6560,5477
compact51_marcy__paper_roles,2019-06-13 06:00:00,11.9427309653,43.55002954,0,0,0,12,12,4466,3750
compact51_marcy__paper_roles,2019-06-13 07:00:00,11.7898255238,42.174223272,0,0,0,12,12,4343,3637
compact51_marcy__paper_roles,2019-06-13 08:00:00,11.9359368421,50.7322438552,0,0,0,12,12,4457,4286
compact51_marcy__paper_roles,2019-06-13 09:00:00,12.6253456899,33.4276036596,0,0,0,12,12,5006,2746
compact51_marcy__paper_roles,2019-06-13 10:00:00,12.387427379,39.7410050437,0,0,0,12,12,4806,3438
compact51_marcy__paper_roles,2019-06-13 11:00:00,11.7038713429,58.5257069026,0,0,0,12,12,4280,4759
compact51_marcy__paper_roles,2019-06-13 12:00:00,11.4006638597,59.7652723802,0,0,0,12,12,4023,4823
compact51_marcy__paper_roles,2019-06-13 13:00:00,12.9610278001,88.528262134,0,0,0,12,12,5274,5916
compact51_marcy__paper_roles,2019-06-13 14:00:00,14.0850343932,111.487765472,0,0,0,12,12,6003,6471
compact51_marcy__paper_roles,2019-06-13 15:00:00,16.6759347069,80.5251374162,0,0,0,12,12,7203,5665
compact51_marcy__paper_roles,2019-06-13 16:00:00,14.9364497829,74.2004376934,0,0,0,12,12,6451,5441
compact51_marcy__paper_roles,2019-06-13 17:00:00,15.4897949228,69.7545258593,0,0,0,12,12,6721,5266
compact51_marcy__paper_roles,2019-06-13 18:00:00,13.5075491587,37.6486368156,0,0,0,12,12,5644,3223
compact51_marcy__paper_roles,2019-06-13 19:00:00,10.0922633616,28.4060833389,0,0,0,12,12,2931,2109
compact51_marcy__paper_roles,2019-06-13 20:00:00,14.869331038,31.2342393197,0,0,0,12,12,6410,2494
compact51_marcy__paper_roles,2019-06-13 21:00:00,12.5100193186,38.0779316116,0,0,0,12,12,4924,3271
compact51_marcy__paper_roles,2019-06-13 22:00:00,10.5187026581,53.8100963255,0,0,0,13,13,3315,4503
compact51_marcy__paper_roles,2019-06-13 23:00:00,13.0327561735,63.8260224473,0,0,0,12,12,5322,5018
compact51_marcy__paper_roles,2019-06-14 00:00:00,13.2699684169,57.1992120537,0,0,0,13,13,5489,4700
compact51_marcy__paper_roles,2019-06-14 01:00:00,8.20471849343,38.4601888121,0,0,0,12,12,1436,3311
compact51_marcy__paper_roles,2019-06-14 02:00:00,9.21027240122,50.7411009014,0,0,0,12,12,2192,4287
compact51_marcy__paper_roles,2019-06-14 03:00:00,9.93262473574,50.7760159238,0,0,0,12,12,2782,4290
compact51_marcy__paper_roles,2019-06-14 04:00:00,9.91960705744,56.5106751387,0,0,0,12,12,2766,4665
compact51_marcy__paper_roles,2019-06-14 05:00:00,16.0238148176,104.769089848,0,0,0,12,12,6951,6356
compact51_marcy__paper_roles,2019-06-14 06:00:00,17.7064365845,216.128917748,0,0,0,13,12,7545,7586
compact51_marcy__paper_roles,2019-06-14 07:00:00,18.4544327343,169.751609129,0,0,0,12,12,7737,7266
compact51_marcy__paper_roles,2019-06-14 08:00:00,15.9981765426,225.489056013,0,0,0,12,12,6938,7638
compact51_marcy__paper_roles,2019-06-14 09:00:00,14.796048732,215.131598667,0,0,0,13,13,6380,7577
compact51_marcy__paper_roles,2019-06-14 10:00:00,13.1683874873,232.274526789,0,0,0,12,12,5415,7672
compact51_marcy__paper_roles,2019-06-14 11:00:00,16.9869015749,307.210540253,0,0,0,12,12,7295,7950
compact51_marcy__paper_roles,2019-06-14 12:00:00,16.8915819381,320.33739845,0,0,0,12,12,7265,7985
compact51_marcy__paper_roles,2019-06-14 13:00:00,16.8306926335,512.044081458,0,0,0,12,12,7245,8264
compact51_marcy__paper_roles,2019-06-14 14:00:00,18.9061366843,358.766873166,0,0,0,12,12,7846,8081
compact51_marcy__paper_roles,2019-06-14 15:00:00,19.4334186439,342.976979592,0,0,0,12,12,7948,8041
compact51_marcy__paper_roles,2019-06-14 16:00:00,22.4459816811,424.022293753,0,0,0,12,12,8368,8160
compact51_marcy__paper_roles,2019-06-14 17:00:00,19.0068694299,275.762940115,0,0,0,12,12,7866,7843
compact51_marcy__paper_roles,2019-06-14 18:00:00,17.3243377221,260.568325471,0,0,0,12,12,7437,7800
compact51_marcy__paper_roles,2019-06-14 19:00:00,16.2548286595,191.018557868,0,0,0,12,12,7042,7425
compact51_marcy__paper_roles,2019-06-14 20:00:00,16.8866351178,221.025492979,0,0,0,12,12,7264,7612
compact51_marcy__paper_roles,2019-06-14 21:00:00,14.9334928807,214.315274157,0,0,0,12,12,6449,7574
compact51_marcy__paper_roles,2019-06-14 22:00:00,15.1387829422,196.171464279,0,0,0,12,12,6555,7463
compact51_marcy__paper_roles,2019-06-14 23:00:00,13.9111343079,147.644293873,0,0,0,12,12,5899,7030
compact51_marcy__paper_roles,2019-06-15 00:00:00,10.0653297537,57.7334991439,0,0,0,12,12,2907,4732
compact51_marcy__paper_roles,2019-06-15 01:00:00,12.9580291286,42.8096769591,0,0,0,12,12,5272,3681
compact51_marcy__paper_roles,2019-06-15 02:00:00,11.5572130901,63.0945371956,0,0,0,12,12,4160,4984
compact51_marcy__paper_roles,2019-06-15 03:00:00,12.5985666002,78.0489909648,0,0,0,12,12,4977,5579
compact51_marcy__paper_roles,2019-06-15 04:00:00,12.2475234484,73.2242374351,0,0,0,12,12,4711,5392
compact51_marcy__paper_roles,2019-06-15 05:00:00,12.2756739103,85.2702513311,0,0,0,12,12,4728,5828
compact51_marcy__paper_roles,2019-06-15 06:00:00,9.55976485568,101.849228082,0,0,0,12,12,2479,6289
compact51_marcy__paper_roles,2019-06-15 07:00:00,11.837951333,73.7423937512,0,0,0,12,12,4379,5422
compact51_marcy__paper_roles,2019-06-15 08:00:00,10.4793119647,85.9211011069,0,0,0,12,12,3285,5853
compact51_marcy__paper_roles,2019-06-15 09:00:00,10.2504615166,95.9876746019,0,0,0,12,12,3090,6145
compact51_marcy__paper_roles,2019-06-15 10:00:00,11.5321133027,137.421984107,0,0,0,12,12,4147,6905
compact51_marcy__paper_roles,2019-06-15 11:00:00,12.1162315675,153.270527029,0,0,0,12,12,4606,7097
compact51_marcy__paper_roles,2019-06-15 12:00:00,12.4670215368,151.718391589,0,0,0,12,12,4890,7075
compact51_marcy__paper_roles,2019-06-15 13:00:00,11.2340662556,89.1842269612,0,0,0,12,12,3890,5938
compact51_marcy__paper_roles,2019-06-15 14:00:00,13.175834654,98.2083765331,0,0,0,12,12,5425,6192
compact51_marcy__paper_roles,2019-06-15 15:00:00,13.217894226,104.620255243,0,0,0,12,12,5454,6353
compact51_marcy__paper_roles,2019-06-15 16:00:00,15.0822538271,102.914870567,0,0,0,12,12,6523,6310
compact51_marcy__paper_roles,2019-06-15 17:00:00,14.4715756693,82.6029306585,0,0,0,12,12,6220,5730
compact51_marcy__paper_roles,2019-06-15 18:00:00,15.178181438,92.76772335,0,0,0,12,12,6570,6045
compact51_marcy__paper_roles,2019-06-15 19:00:00,14.711680903,114.180653585,0,0,0,12,12,6329,6519
compact51_marcy__paper_roles,2019-06-15 20:00:00,14.1901774607,79.6646003945,0,0,0,12,12,6063,5640
compact51_marcy__paper_roles,2019-06-15 21:00:00,14.3806637142,55.0935224869,0,0,0,12,12,6173,4581
compact51_marcy__paper_roles,2019-06-15 22:00:00,10.5049933735,64.7412001721,0,0,0,12,12,3298,5062
compact51_marcy__paper_roles,2019-06-15 23:00:00,11.6781522583,67.200433645,0,0,0,12,12,4259,5167
compact51_marcy__paper_roles,2019-06-16 00:00:00,10.3610021926,47.5137459058,0,0,0,12,12,3174,4050
compact51_marcy__paper_roles,2019-06-16 01:00:00,9.68567870299,58.5007384664,0,0,0,12,12,2558,4756
compact51_marcy__paper_roles,2019-06-16 02:00:00,12.390870085,80.6482341263,0,0,0,12,12,4810,5669
compact51_marcy__paper_roles,2019-06-16 03:00:00,9.67375316156,38.4152541067,0,0,0,12,12,2550,3306
compact51_marcy__paper_roles,2019-06-16 04:00:00,13.7145363892,52.5918709572,0,0,0,12,12,5774,4416
compact51_marcy__paper_roles,2019-06-16 05:00:00,11.3616796989,35.8591095908,0,0,0,12,12,3991,3037
compact51_marcy__paper_roles,2019-06-16 06:00:00,10.6396558569,17.2373389951,0,0,0,12,12,3419,507
compact51_marcy__paper_roles,2019-06-16 07:00:00,9.9110810962,31.0594147018,0,0,0,12,12,2759,2471
compact51_marcy__paper_roles,2019-06-16 08:00:00,10.3166253705,52.9737593434,0,0,0,12,12,3138,4440
compact51_marcy__paper_roles,2019-06-16 09:00:00,10.4545958742,49.1893823965,0,0,0,12,12,3260,4194
compact51_marcy__paper_roles,2019-06-16 10:00:00,10.256924982,71.3058453904,0,0,0,12,12,3097,5327
compact51_marcy__paper_roles,2019-06-16 11:00:00,10.83558829,48.4660839279,0,0,0,12,12,3588,4132
compact51_marcy__paper_roles,2019-06-16 12:00:00,11.9181576804,83.0487999614,0,0,0,12,12,4445,5746
compact51_marcy__paper_roles,2019-06-16 13:00:00,10.5189445935,40.1386149871,0,0,0,12,12,3316,3476
compact51_marcy__paper_roles,2019-06-16 14:00:00,8.9527271888,39.7529808989,0,0,0,12,12,1992,3442
compact51_marcy__paper_roles,2019-06-16 15:00:00,11.4423917476,69.6410783377,0,0,0,12,12,4066,5263
compact51_marcy__paper_roles,2019-06-16 16:00:00,15.8047751094,94.547032054,0,0,0,12,12,6852,6095
compact51_marcy__paper_roles,2019-06-16 17:00:00,12.8739283204,57.3662107194,0,0,0,12,12,5208,4712
compact51_marcy__paper_roles,2019-06-16 18:00:00,8.16335483931,59.0339421437,0,0,0,12,12,1404,4785
compact51_marcy__paper_roles,2019-06-16 19:00:00,10.2546200982,89.1941316535,0,0,0,12,12,3093,5939
compact51_marcy__paper_roles,2019-06-16 20:00:00,10.4627153083,94.3912209539,0,0,0,12,12,3272,6092
compact51_marcy__paper_roles,2019-06-16 21:00:00,13.3543868495,106.206777362,0,0,0,12,12,5543,6382
compact51_marcy__paper_roles,2019-06-16 22:00:00,10.7734676378,101.486164889,0,0,0,12,12,3532,6278
compact51_marcy__paper_roles,2019-06-16 23:00:00,12.9393757062,99.7073789565,0,0,0,13,13,5261,6232
compact51_marcy__paper_roles,2019-06-17 00:00:00,12.6888517312,25.4453796685,0,0,0,12,12,5066,1659
compact51_marcy__paper_roles,2019-06-17 01:00:00,9.26561548984,43.1878688371,0,0,0,12,12,2235,3721
compact51_marcy__paper_roles,2019-06-17 02:00:00,9.5066361099,50.7170461413,0,0,0,12,12,2436,4284
compact51_marcy__paper_roles,2019-06-17 03:00:00,9.94864295552,65.2898254832,0,0,0,12,12,2798,5092
compact51_marcy__paper_roles,2019-06-17 04:00:00,10.5035854039,69.2804189131,0,0,0,12,12,3297,5249
compact51_marcy__paper_roles,2019-06-17 05:00:00,13.052396879,129.309399337,0,0,0,12,12,5333,6799
compact51_marcy__paper_roles,2019-06-17 06:00:00,12.7017918166,105.499173674,0,0,0,12,12,5078,6372
compact51_marcy__paper_roles,2019-06-17 07:00:00,13.2026814829,221.266036577,0,0,0,12,12,5442,7614
compact51_marcy__paper_roles,2019-06-17 08:00:00,9.88902317491,197.147831445,0,0,0,12,12,2737,7472
compact51_marcy__paper_roles,2019-06-17 09:00:00,9.39172841864,258.120056195,0,0,0,12,12,2341,7791
compact51_marcy__paper_roles,2019-06-17 10:00:00,9.05867819326,394.972708198,0,0,0,12,12,2079,8131
compact51_marcy__paper_roles,2019-06-17 11:00:00,8.1958841328,93.5417949255,0,0,0,12,12,1431,6069
compact51_marcy__paper_roles,2019-06-17 12:00:00,8.58789507617,22.3993691734,0,0,0,12,12,1716,1206
compact51_marcy__paper_roles,2019-06-17 13:00:00,8.36391085461,52.9848370667,0,0,0,12,12,1556,4442
compact51_marcy__paper_roles,2019-06-17 14:00:00,9.05503402621,134.910486334,0,0,0,12,12,2073,6873
compact51_marcy__paper_roles,2019-06-17 15:00:00,10.1218176615,163.521621661,0,0,0,12,12,2954,7208
compact51_marcy__paper_roles,2019-06-17 16:00:00,10.8223276935,245.606992584,0,0,0,12,12,3574,7740
compact51_marcy__paper_roles,2019-06-17 17:00:00,8.40721868155,96.532960219,0,0,0,12,12,1581,6161
compact51_marcy__paper_roles,2019-06-17 18:00:00,9.55703748803,55.6867120076,0,0,0,12,12,2476,4623
compact51_marcy__paper_roles,2019-06-17 19:00:00,8.60339808466,16.3912593226,0,0,0,12,12,1731,415
compact51_marcy__paper_roles,2019-06-17 20:00:00,11.2542990842,25.1525639277,0,0,0,12,12,3905,1608
compact51_marcy__paper_roles,2019-06-17 21:00:00,16.4218878681,35.3861013666,0,0,0,12,12,7110,2986
compact51_marcy__paper_roles,2019-06-17 22:00:00,16.0467910477,94.0911075714,0,0,0,12,12,6961,6083
compact51_marcy__paper_roles,2019-06-17 23:00:00,20.243755837,124.901785872,0,0,0,12,12,8096,6720
compact51_marcy__paper_roles,2019-06-18 00:00:00,12.5017173683,113.19942904,0,0,0,12,12,4916,6505
compact51_marcy__paper_roles,2019-06-18 01:00:00,14.2775482907,162.742893131,0,0,0,12,12,6117,7197
compact51_marcy__paper_roles,2019-06-18 02:00:00,11.4781853574,141.701163687,0,0,0,12,12,4098,6958
compact51_marcy__paper_roles,2019-06-18 03:00:00,10.6858309677,95.9101309237,0,0,0,12,12,3455,6142
compact51_marcy__paper_roles,2019-06-18 04:00:00,15.3001124747,143.540730813,0,0,0,12,12,6627,6984
compact51_marcy__paper_roles,2019-06-18 05:00:00,15.8475849452,103.442835887,0,0,0,12,12,6875,6324
compact51_marcy__paper_roles,2019-06-18 06:00:00,13.7751781741,168.951247666,0,0,0,13,13,5815,7253
compact51_marcy__paper_roles,2019-06-18 07:00:00,6.98682534435,37.6279212655,0,0,0,12,12,725,3219
compact51_marcy__paper_roles,2019-06-18 08:00:00,7.47718055179,113.141015715,0,0,0,12,12,1004,6504
compact51_marcy__paper_roles,2019-06-18 09:00:00,6.24172268534,75.4538181626,0,0,0,12,12,387,5488
compact51_marcy__paper_roles,2019-06-18 10:00:00,7.18047184524,36.8123588685,0,0,0,12,12,821,3136
compact51_marcy__paper_roles,2019-06-18 11:00:00,8.6473596296,25.6433707085,0,0,0,12,12,1765,1685
compact51_marcy__paper_roles,2019-06-18 12:00:00,11.4312390325,24.874665421,0,0,0,12,11,4050,1571
compact51_marcy__paper_roles,2019-06-18 13:00:00,9.93118765237,67.5103555717,0,0,0,12,12,2780,5180
compact51_marcy__paper_roles,2019-06-18 14:00:00,7.59153976375,44.5389716526,0,0,0,12,12,1072,3826
compact51_marcy__paper_roles,2019-06-18 15:00:00,10.7049767249,23.0429250154,0,0,0,12,12,3473,1308
compact51_marcy__paper_roles,2019-06-18 16:00:00,12.4836439103,53.8735001899,0,0,0,12,12,4901,4508
compact51_marcy__paper_roles,2019-06-18 17:00:00,13.6525555137,46.4329615573,0,0,0,14,14,5735,3966
compact51_marcy__paper_roles,2019-06-18 18:00:00,15.9822508584,47.5370643303,0,0,0,11,11,6933,4055
compact51_marcy__paper_roles,2019-06-18 19:00:00,20.3138866181,77.8689232068,0,0,0,12,12,8103,5571
compact51_marcy__paper_roles,2019-06-18 20:00:00,21.0455268103,101.658709736,1,0,0,12,12,8217,6283
compact51_marcy__paper_roles,2019-06-18 21:00:00,26.2179129481,95.3294719116,0,0,0,12,12,8620,6119
compact51_marcy__paper_roles,2019-06-18 22:00:00,23.3966257494,62.7668521141,0,0,0,12,12,8455,4965
compact51_marcy__paper_roles,2019-06-18 23:00:00,21.3753090462,41.3717251126,0,0,0,12,12,8260,3576
compact51_marcy__paper_roles,2019-06-19 00:00:00,10.9614589926,23.7815893275,0,0,0,12,12,3691,1416
compact51_marcy__paper_roles,2019-06-19 01:00:00,7.70695522612,18.291270739,0,0,0,12,12,1135,624
compact51_marcy__paper_roles,2019-06-19 02:00:00,7.4382656124,17.9994522837,0,0,0,12,12,978,590
compact51_marcy__paper_roles,2019-06-19 03:00:00,6.83971858076,18.1377223015,0,0,0,12,12,645,609
compact51_marcy__paper_roles,2019-06-19 04:00:00,9.31559049702,15.9172691418,0,0,0,12,12,2284,361
compact51_marcy__paper_roles,2019-06-19 05:00:00,11.1512931918,22.0815026668,0,0,0,12,12,3838,1167
compact51_marcy__paper_roles,2019-06-19 06:00:00,12.0175451979,25.8394091042,0,0,0,14,14,4526,1721
compact51_marcy__paper_roles,2019-06-19 07:00:00,6.61070701673,11.9788293656,0,0,0,12,12,529,75
compact51_marcy__paper_roles,2019-06-19 08:00:00,8.08104750965,28.0945822928,0,0,0,12,12,1356,2060
compact51_marcy__paper_roles,2019-06-19 09:00:00,6.9831553316,18.7116812146,0,0,0,12,12,723,680
compact51_marcy__paper_roles,2019-06-19 10:00:00,9.83607430397,56.6694036593,0,0,0,14,13,2687,4673
compact51_marcy__paper_roles,2019-06-19 11:00:00,10.1199041213,29.6171783449,0,0,0,11,11,2953,2290
compact51_marcy__paper_roles,2019-06-19 12:00:00,12.5138358515,47.0619089797,0,0,0,12,12,4929,4009
compact51_marcy__paper_roles,2019-06-19 13:00:00,13.1408173436,66.1009245211,0,0,0,12,12,5397,5123
compact51_marcy__paper_roles,2019-06-19 14:00:00,13.2402170162,44.0642771309,0,0,0,12,12,5469,3792
compact51_marcy__paper_roles,2019-06-19 15:00:00,12.2641879383,23.1172137724,0,0,0,12,12,4720,1315
compact51_marcy__paper_roles,2019-06-19 16:00:00,14.8409874218,63.0321585131,0,0,0,12,12,6398,4979
compact51_marcy__paper_roles,2019-06-19 17:00:00,15.8522081567,27.4349374879,0,0,0,12,12,6879,1965
compact51_marcy__paper_roles,2019-06-19 18:00:00,15.5311629234,59.1285907487,0,0,0,12,12,6744,4789
compact51_marcy__paper_roles,2019-06-19 19:00:00,12.3743664164,25.3726918504,0,0,0,12,12,4801,1647
compact51_marcy__paper_roles,2019-06-19 20:00:00,12.9967903101,26.9745853382,0,0,0,13,13,5299,1910
compact51_marcy__paper_roles,2019-06-19 21:00:00,15.1524460308,34.3773023517,0,0,0,12,12,6561,2866
compact51_marcy__paper_roles,2019-06-19 22:00:00,14.2566880776,30.7783400597,0,0,0,12,12,6106,2433
compact51_marcy__paper_roles,2019-06-19 23:00:00,20.3959762222,45.125774197,0,0,0,12,12,8119,3868
compact51_marcy__paper_roles,2019-06-20 00:00:00,11.9600397189,29.3286196372,0,0,0,12,12,4476,2254
compact51_marcy__paper_roles,2019-06-20 01:00:00,8.9635861924,25.3311580417,0,0,0,12,12,2001,1638
compact51_marcy__paper_roles,2019-06-20 02:00:00,8.5237234583,30.1454510009,0,0,0,12,12,1673,2357
compact51_marcy__paper_roles,2019-06-20 03:00:00,9.08817513725,41.8227952179,0,0,0,12,12,2098,3606
compact51_marcy__paper_roles,2019-06-20 04:00:00,10.3213637845,39.1047502474,0,0,0,12,12,3146,3367
compact51_marcy__paper_roles,2019-06-20 05:00:00,13.3097757735,34.9297014281,0,0,0,12,12,5520,2933
compact51_marcy__paper_roles,2019-06-20 06:00:00,11.8793855117,35.6951436077,0,0,0,12,12,4417,3019
compact51_marcy__paper_roles,2019-06-20 07:00:00,9.10723648696,33.8663696957,0,0,0,12,12,2110,2809
compact51_marcy__paper_roles,2019-06-20 08:00:00,7.54380091139,14.7573450041,0,0,0,12,12,1048,249
compact51_marcy__paper_roles,2019-06-20 09:00:00,8.29801449483,42.4946056688,0,0,0,12,12,1496,3658
compact51_marcy__paper_roles,2019-06-20 10:00:00,9.74093295526,68.5597548041,0,0,0,13,12,2602,5228
compact51_marcy__paper_roles,2019-06-20 11:00:00,9.70435119672,73.2011811726,0,0,0,12,12,2569,5390
compact51_marcy__paper_roles,2019-06-20 12:00:00,12.6227015315,199.176786734,0,0,0,13,13,5003,7485
compact51_marcy__paper_roles,2019-06-20 13:00:00,11.76143311,118.262501305,0,0,0,12,12,4321,6587
compact51_marcy__paper_roles,2019-06-20 14:00:00,13.5776342164,121.18269812,0,0,0,12,12,5688,6652
compact51_marcy__paper_roles,2019-06-20 15:00:00,17.6938001004,119.77114122,0,0,0,12,12,7539,6611
compact51_marcy__paper_roles,2019-06-20 16:00:00,13.5145354081,62.4470345657,0,0,0,12,12,5648,4952
compact51_marcy__paper_roles,2019-06-20 17:00:00,14.008529332,58.5607965494,0,0,0,12,12,5955,4762
compact51_marcy__paper_roles,2019-06-20 18:00:00,15.7476165975,51.4021027899,0,0,0,12,12,6829,4339
compact51_marcy__paper_roles,2019-06-20 19:00:00,15.9008296607,47.252101514,0,0,0,12,12,6897,4025
compact51_marcy__paper_roles,2019-06-20 20:00:00,18.5389892294,42.5038804596,0,0,0,12,12,7759,3660
compact51_marcy__paper_roles,2019-06-20 21:00:00,19.2174145832,37.7707138678,0,0,0,13,13,7907,3242
compact51_marcy__paper_roles,2019-06-20 22:00:00,10.084522626,28.5934199881,0,0,0,12,12,2923,2137
compact51_marcy__paper_roles,2019-06-20 23:00:00,11.7812109103,29.9844983446,0,0,0,12,12,4337,2343
compact51_marcy__paper_roles,2019-06-21 00:00:00,11.7497619367,26.1819948438,0,0,0,12,12,4308,1788
compact51_marcy__paper_roles,2019-06-21 01:00:00,12.9419927782,28.8054069533,0,0,0,14,14,5262,2174
compact51_marcy__paper_roles,2019-06-21 02:00:00,9.5996195616,24.8551470159,0,0,0,10,10,2503,1567
compact51_marcy__paper_roles,2019-06-21 03:00:00,9.84969592902,40.3964237153,0,0,0,12,12,2702,3499
compact51_marcy__paper_roles,2019-06-21 04:00:00,10.7699098869,44.5625750528,0,0,0,12,12,3529,3828
compact51_marcy__paper_roles,2019-06-21 05:00:00,11.3339845836,43.9869030922,0,0,0,12,12,3964,3784
compact51_marcy__paper_roles,2019-06-21 06:00:00,10.2879002636,31.5124226076,0,0,0,13,13,3118,2526
compact51_marcy__paper_roles,2019-06-21 07:00:00,5.52078663005,33.0974021412,0,0,0,12,12,187,2708
compact51_marcy__paper_roles,2019-06-21 08:00:00,5.37524191761,12.4302140977,0,0,0,12,12,154,93
compact51_marcy__paper_roles,2019-06-21 09:00:00,6.05668368615,13.5901886147,0,0,0,12,12,319,179
compact51_marcy__paper_roles,2019-06-21 10:00:00,6.38851227873,16.3915215772,0,0,0,12,12,437,416
compact51_marcy__paper_roles,2019-06-21 11:00:00,8.12345992092,19.4895606945,0,0,0,12,12,1377,794
compact51_marcy__paper_roles,2019-06-21 12:00:00,6.61570716496,43.8010671133,0,0,0,12,12,533,3764
compact51_marcy__paper_roles,2019-06-21 13:00:00,6.43850978197,53.319819613,0,0,0,12,12,457,4475
compact51_marcy__paper_roles,2019-06-21 14:00:00,9.01292735186,170.993874008,0,0,0,12,12,2046,7278
compact51_marcy__paper_roles,2019-06-21 15:00:00,7.39600369387,77.4703886464,0,0,0,12,12,949,5557
compact51_marcy__paper_roles,2019-06-21 16:00:00,7.10548806197,60.9103353287,0,0,0,12,12,787,4879
compact51_marcy__paper_roles,2019-06-21 17:00:00,10.3064193181,80.6300497147,0,0,0,12,12,3132,5668
compact51_marcy__paper_roles,2019-06-21 18:00:00,8.22212662549,28.7711517285,0,0,0,12,12,1454,2170
compact51_marcy__paper_roles,2019-06-21 19:00:00,12.1705022999,29.4236628335,0,0,0,12,12,4650,2269
compact51_marcy__paper_roles,2019-06-21 20:00:00,13.4212719931,31.8333029677,0,0,0,12,12,5588,2557
compact51_marcy__paper_roles,2019-06-21 21:00:00,14.7837931263,32.6714738417,0,0,0,12,12,6372,2665
compact51_marcy__paper_roles,2019-06-21 22:00:00,12.9654964871,48.0325602082,0,0,0,12,12,5277,4096
compact51_marcy__paper_roles,2019-06-21 23:00:00,16.0675013162,93.6603897523,0,0,0,12,12,6964,6073
compact51_marcy__paper_roles,2019-06-22 00:00:00,13.9576676689,73.6578889714,0,0,0,12,12,5926,5413
compact51_marcy__paper_roles,2019-06-22 01:00:00,8.26953086551,48.3272367057,0,0,0,12,12,1480,4119
compact51_marcy__paper_roles,2019-06-22 02:00:00,8.1748352878,43.7666493677,0,0,0,12,12,1417,3761
compact51_marcy__paper_roles,2019-06-22 03:00:00,7.19826495975,37.1573305945,0,0,0,12,12,832,3176
compact51_marcy__paper_roles,2019-06-22 04:00:00,7.91957006585,38.4427480438,0,0,0,12,12,1261,3308
compact51_marcy__paper_roles,2019-06-22 05:00:00,8.03548006625,45.2112067434,0,0,0,12,12,1333,3875
compact51_marcy__paper_roles,2019-06-22 06:00:00,10.7758115814,52.2422582738,0,0,0,12,12,3535,4397
compact51_marcy__paper_roles,2019-06-22 07:00:00,9.75329775073,50.8143831995,0,0,0,12,12,2610,4292
compact51_marcy__paper_roles,2019-06-22 08:00:00,9.94756634826,44.8077660941,0,0,0,12,12,2796,3849
compact51_marcy__paper_roles,2019-06-22 09:00:00,11.4769577787,72.4351978246,0,0,0,12,12,4096,5367
compact51_marcy__paper_roles,2019-06-22 10:00:00,11.6858556897,49.1798083538,0,0,0,12,12,4265,4193
compact51_marcy__paper_roles,2019-06-22 11:00:00,10.8911919168,80.7222162122,0,0,0,12,12,3632,5673
compact51_marcy__paper_roles,2019-06-22 12:00:00,7.7975405326,34.9347657696,0,0,0,12,12,1194,2934
compact51_marcy__paper_roles,2019-06-22 13:00:00,5.606152542,31.8584885608,0,0,0,12,12,206,2565
compact51_marcy__paper_roles,2019-06-22 14:00:00,6.72258341667,37.6534784643,0,0,0,12,12,591,3225
compact51_marcy__paper_roles,2019-06-22 15:00:00,5.16733290257,21.0720408504,0,0,0,12,12,119,1025
compact51_marcy__paper_roles,2019-06-22 16:00:00,7.339477825,28.7417592436,0,0,0,12,12,902,2165
compact51_marcy__paper_roles,2019-06-22 17:00:00,8.48688094592,21.6363734201,0,0,0,12,12,1647,1100
compact51_marcy__paper_roles,2019-06-22 18:00:00,8.20760014873,21.0629400931,0,0,0,12,12,1439,1022
compact51_marcy__paper_roles,2019-06-22 19:00:00,10.9587101066,29.2956885608,0,0,0,12,12,3686,2246
compact51_marcy__paper_roles,2019-06-22 20:00:00,11.018293282,39.6245285706,0,0,0,12,12,3728,3426
compact51_marcy__paper_roles,2019-06-22 21:00:00,14.7650131425,60.1761980906,0,0,0,13,12,6361,4841
compact51_marcy__paper_roles,2019-06-22 22:00:00,10.0277708497,55.9454727779,0,0,0,12,12,2881,4637
compact51_marcy__paper_roles,2019-06-22 23:00:00,10.4360018206,47.7788979442,0,0,0,12,12,3247,4070
compact51_marcy__paper_roles,2019-06-23 00:00:00,10.2895318261,25.8948794001,0,0,0,12,12,3119,1730
compact51_marcy__paper_roles,2019-06-23 01:00:00,7.01820518238,17.4764468846,0,0,0,12,12,744,531
compact51_marcy__paper_roles,2019-06-23 02:00:00,5.26202734507,16.6050571848,0,0,0,12,12,133,439
compact51_marcy__paper_roles,2019-06-23 03:00:00,5.99968497691,26.499357938,0,0,0,12,12,303,1836
compact51_marcy__paper_roles,2019-06-23 04:00:00,7.70891864458,29.7728282873,0,0,0,12,12,1137,2312
compact51_marcy__paper_roles,2019-06-23 05:00:00,9.10087773203,25.897320042,0,0,0,12,12,2107,1731
compact51_marcy__paper_roles,2019-06-23 06:00:00,6.09909374103,26.9342040407,0,0,0,12,12,334,1901
compact51_marcy__paper_roles,2019-06-23 07:00:00,10.0936245251,36.545692312,0,0,0,12,12,2933,3106
compact51_marcy__paper_roles,2019-06-23 08:00:00,9.6476500293,33.9796789903,0,0,0,12,12,2535,2820
compact51_marcy__paper_roles,2019-06-23 09:00:00,8.69698819964,50.4498016019,0,0,0,12,12,1803,4272
compact51_marcy__paper_roles,2019-06-23 10:00:00,9.99917803917,85.0604244535,0,0,0,12,12,2849,5818
compact51_marcy__paper_roles,2019-06-23 11:00:00,9.36722423023,67.3670795111,0,0,0,12,12,2322,5176
compact51_marcy__paper_roles,2019-06-23 12:00:00,12.0172128581,103.204799859,0,0,0,12,12,4525,6320
compact51_marcy__paper_roles,2019-06-23 13:00:00,11.0444511151,103.666300934,0,0,0,12,12,3746,6332
compact51_marcy__paper_roles,2019-06-23 14:00:00,10.5125550367,113.458696928,0,0,0,12,12,3308,6509
compact51_marcy__paper_roles,2019-06-23 15:00:00,11.3512624522,73.549690409,0,0,0,12,12,3979,5407
compact51_marcy__paper_roles,2019-06-23 16:00:00,10.0386522662,59.682455072,0,0,0,12,12,2887,4819
compact51_marcy__paper_roles,2019-06-23 17:00:00,11.2345773134,93.1348478982,0,0,0,12,12,3892,6058
compact51_marcy__paper_roles,2019-06-23 18:00:00,8.89974311975,19.8385525564,0,0,0,12,12,1946,857
compact51_marcy__paper_roles,2019-06-23 19:00:00,11.2427043977,26.098506667,0,0,0,12,12,3898,1774
compact51_marcy__paper_roles,2019-06-23 20:00:00,8.41199705692,22.8046604286,0,0,0,12,12,1588,1278
compact51_marcy__paper_roles,2019-06-23 21:00:00,15.6330496714,46.6000263449,0,0,0,12,12,6783,3981
compact51_marcy__paper_roles,2019-06-23 22:00:00,16.8691265458,108.657826664,0,0,0,12,12,7257,6422
compact51_marcy__paper_roles,2019-06-23 23:00:00,15.3298769206,56.6640825451,0,0,0,12,12,6647,4672
compact51_marcy__paper_roles,2019-06-24 00:00:00,11.423015879,54.6473766502,0,0,0,12,12,4044,4556
compact51_marcy__paper_roles,2019-06-24 01:00:00,12.2049349362,40.5019181402,0,0,0,12,12,4668,3507
compact51_marcy__paper_roles,2019-06-24 02:00:00,8.23392978058,24.6943654842,0,0,0,12,12,1461,1549
compact51_marcy__paper_roles,2019-06-24 03:00:00,9.52903414552,18.5254924635,0,0,0,12,12,2455,650
compact51_marcy__paper_roles,2019-06-24 04:00:00,13.2554210299,27.6524185776,0,0,0,12,12,5480,1999
compact51_marcy__paper_roles,2019-06-24 05:00:00,12.8036739733,33.7652928064,0,0,0,12,12,5154,2797
compact51_marcy__paper_roles,2019-06-24 06:00:00,13.4044193139,25.8309339307,0,0,0,12,12,5579,1719
compact51_marcy__paper_roles,2019-06-24 07:00:00,13.1697306131,45.918065513,0,0,0,12,12,5416,3934
compact51_marcy__paper_roles,2019-06-24 08:00:00,9.8877769552,86.2356929836,0,0,0,12,12,2735,5864
compact51_marcy__paper_roles,2019-06-24 09:00:00,8.55597450671,67.6964775694,0,0,0,12,12,1694,5193
compact51_marcy__paper_roles,2019-06-24 10:00:00,6.6443586422,34.3390735038,0,0,0,13,13,546,2861
compact51_marcy__paper_roles,2019-06-24 11:00:00,5.61799837505,13.1140381135,0,0,0,13,12,207,134
compact51_marcy__paper_roles,2019-06-24 12:00:00,5.73424387836,15.2027036004,0,0,0,12,12,235,285
compact51_marcy__paper_roles,2019-06-24 13:00:00,4.92397035275,10.4976083428,0,0,0,12,12,88,36
compact51_marcy__paper_roles,2019-06-24 14:00:00,7.26482533551,44.7169742442,0,0,0,12,12,870,3841
compact51_marcy__paper_roles,2019-06-24 15:00:00,7.35745219547,38.8227949605,0,0,0,12,12,917,3337
compact51_marcy__paper_roles,2019-06-24 16:00:00,6.63449361687,15.6706357824,0,0,0,12,12,541,331
compact51_marcy__paper_roles,2019-06-24 17:00:00,7.41648956164,16.6857684629,0,0,0,12,11,962,449
compact51_marcy__paper_roles,2019-06-24 18:00:00,7.49923927346,17.2999235147,0,0,0,12,12,1022,515
compact51_marcy__paper_roles,2019-06-24 19:00:00,10.3503511207,41.748427896,0,0,0,13,13,3166,3599
compact51_marcy__paper_roles,2019-06-24 20:00:00,10.1875677814,83.6377000701,0,0,0,12,12,3022,5770
compact51_marcy__paper_roles,2019-06-24 21:00:00,13.7665866051,123.890653695,1,0,0,12,12,5809,6706
compact51_marcy__paper_roles,2019-06-24 22:00:00,20.6054561463,56.4251125974,0,0,0,12,12,8157,4657
compact51_marcy__paper_roles,2019-06-24 23:00:00,18.4740081233,37.7543129237,0,0,0,12,12,7741,3238
compact51_marcy__paper_roles,2019-06-25 00:00:00,7.92555940171,24.2928606137,0,0,0,12,12,1266,1499
compact51_marcy__paper_roles,2019-06-25 01:00:00,8.37286656016,17.2498875162,0,0,0,12,12,1561,509
compact51_marcy__paper_roles,2019-06-25 02:00:00,6.1316642608,27.5459142244,0,0,0,12,12,341,1977
compact51_marcy__paper_roles,2019-06-25 03:00:00,8.01520995133,42.2376644419,0,0,0,12,12,1321,3641
compact51_marcy__paper_roles,2019-06-25 04:00:00,8.96141819745,38.2051372082,0,0,0,12,12,1998,3286
compact51_marcy__paper_roles,2019-06-25 05:00:00,10.8474788759,75.685714362,0,0,0,12,12,3597,5500
compact51_marcy__paper_roles,2019-06-25 06:00:00,8.89063135231,40.8559555629,0,0,0,12,12,1934,3540
compact51_marcy__paper_roles,2019-06-25 07:00:00,8.32608275605,37.4137429713,0,0,0,12,12,1523,3196
compact51_marcy__paper_roles,2019-06-25 08:00:00,8.63189543155,35.744005789,0,0,0,14,14,1755,3027
compact51_marcy__paper_roles,2019-06-25 09:00:00,8.16511332939,16.952585562,0,0,0,11,11,1407,478
compact51_marcy__paper_roles,2019-06-25 10:00:00,9.25386653541,61.4937264171,0,0,0,12,12,2228,4904
compact51_marcy__paper_roles,2019-06-25 11:00:00,10.27512832,55.4201104002,0,0,0,11,11,3107,4604
compact51_marcy__paper_roles,2019-06-25 12:00:00,8.61789905997,781.842837154,0,0,0,11,11,1741,8432
compact51_marcy__paper_roles,2019-06-25 13:00:00,9.22069073068,22.676020357,0,0,0,12,12,2197,1256
compact51_marcy__paper_roles,2019-06-25 14:00:00,8.80628020611,20.7171755203,0,0,0,12,12,1868,967
compact51_marcy__paper_roles,2019-06-25 15:00:00,10.3570356829,24.6855623275,0,0,0,12,12,3171,1545
compact51_marcy__paper_roles,2019-06-25 16:00:00,11.1467962727,143.057775518,0,0,0,12,12,3833,6977
compact51_marcy__paper_roles,2019-06-25 17:00:00,10.3495592432,36.4986339196,0,0,0,12,12,3164,3103
compact51_marcy__paper_roles,2019-06-25 18:00:00,9.5343021243,20.8462809559,0,0,0,13,13,2459,989
compact51_marcy__paper_roles,2019-06-25 19:00:00,9.81311651926,16.8123106935,0,0,0,12,12,2666,462
compact51_marcy__paper_roles,2019-06-25 20:00:00,13.254005146,21.3290177946,0,0,0,12,12,5479,1059
compact51_marcy__paper_roles,2019-06-25 21:00:00,14.0238260333,29.1016823764,0,0,0,12,12,5964,2212
compact51_marcy__paper_roles,2019-06-25 22:00:00,12.5022428772,21.1403922973,0,0,0,12,12,4918,1033
compact51_marcy__paper_roles,2019-06-25 23:00:00,20.3836967561,40.8936901521,0,0,0,12,12,8115,3543
compact51_marcy__paper_roles,2019-06-26 00:00:00,8.44724030883,22.4471771429,0,0,0,12,12,1618,1218
compact51_marcy__paper_roles,2019-06-26 01:00:00,10.3069536118,43.4116493423,0,0,0,12,12,3133,3742
compact51_marcy__paper_roles,2019-06-26 02:00:00,10.0867326211,24.0729220456,0,0,0,12,12,2924,1473
compact51_marcy__paper_roles,2019-06-26 03:00:00,7.88083998494,19.518230497,0,0,0,12,12,1234,799
compact51_marcy__paper_roles,2019-06-26 04:00:00,8.80196865283,12.2824203211,0,0,0,12,12,1866,87
compact51_marcy__paper_roles,2019-06-26 05:00:00,10.8278989194,23.1472112757,0,0,0,12,12,3581,1321
compact51_marcy__paper_roles,2019-06-26 06:00:00,7.36322227243,15.3598047246,0,0,0,12,12,922,302
compact51_marcy__paper_roles,2019-06-26 07:00:00,8.44397519255,22.0121409782,0,0,0,12,12,1615,1154
compact51_marcy__paper_roles,2019-06-26 08:00:00,8.76120000577,61.6612388671,0,0,0,12,12,1847,4915
compact51_marcy__paper_roles,2019-06-26 09:00:00,7.61123203428,35.799913744,0,0,0,12,12,1079,3033
compact51_marcy__paper_roles,2019-06-26 10:00:00,7.63372275148,45.3416218139,0,0,0,12,12,1091,3884
compact51_marcy__paper_roles,2019-06-26 11:00:00,7.9310780999,90.1192966501,0,0,0,12,12,1270,5968
compact51_marcy__paper_roles,2019-06-26 12:00:00,8.59162916347,377.293658678,1,0,0,12,12,1718,8110
compact51_marcy__paper_roles,2019-06-26 13:00:00,7.13196403499,279.748712248,0,0,0,12,12,795,7857
compact51_marcy__paper_roles,2019-06-26 14:00:00,5.40443646094,203.144629969,1,0,0,14,14,165,7511
compact51_marcy__paper_roles,2019-06-26 15:00:00,7.95865658711,86.4910341566,0,0,0,11,11,1286,5869
compact51_marcy__paper_roles,2019-06-26 16:00:00,7.80622207013,48.4841041212,0,0,0,12,12,1198,4139
compact51_marcy__paper_roles,2019-06-26 17:00:00,11.2294721621,187.885501612,0,0,0,12,12,3887,7404
compact51_marcy__paper_roles,2019-06-26 18:00:00,10.5155837782,42.9001219611,0,0,0,12,12,3311,3694
compact51_marcy__paper_roles,2019-06-26 19:00:00,17.0086865531,122.306572192,1,0,0,12,12,7306,6673
compact51_marcy__paper_roles,2019-06-26 20:00:00,17.2180301337,131.698543684,1,0,0,12,12,7390,6829
compact51_marcy__paper_roles,2019-06-26 21:00:00,16.94689308,100.166731169,1,0,0,12,12,7278,6246
compact51_marcy__paper_roles,2019-06-26 22:00:00,22.037576291,38.7250291299,0,0,0,12,11,8326,3330
compact51_marcy__paper_roles,2019-06-26 23:00:00,14.728991512,26.118904295,0,0,0,13,12,6340,1777
compact51_marcy__paper_roles,2019-06-27 00:00:00,11.2625848514,22.5456546285,0,0,0,12,12,3915,1230
compact51_marcy__paper_roles,2019-06-27 01:00:00,10.2561825072,19.1823870254,0,0,0,12,12,3096,748
compact51_marcy__paper_roles,2019-06-27 02:00:00,10.9757076331,30.9167686483,0,0,0,12,12,3700,2457
compact51_marcy__paper_roles,2019-06-27 03:00:00,5.40201047994,14.1588128562,0,0,0,12,12,164,211
compact51_marcy__paper_roles,2019-06-27 04:00:00,6.08962747939,14.8519226509,0,0,0,12,12,331,254
compact51_marcy__paper_roles,2019-06-27 05:00:00,15.1155390024,32.2729682526,0,0,0,12,12,6542,2628
compact51_marcy__paper_roles,2019-06-27 06:00:00,10.0185084561,74.5797004397,0,0,0,12,12,2867,5455
compact51_marcy__paper_roles,2019-06-27 07:00:00,8.86976315111,128.539368112,1,0,0,12,12,1921,6787
compact51_marcy__paper_roles,2019-06-27 08:00:00,6.25203278968,59.263231874,0,0,0,12,12,390,4800
compact51_marcy__paper_roles,2019-06-27 09:00:00,6.99928660684,225.224316799,0,0,0,12,12,733,7636
compact51_marcy__paper_roles,2019-06-27 10:00:00,17.1338700032,241.353532923,0,0,0,12,12,7365,7717
compact51_marcy__paper_roles,2019-06-27 11:00:00,11.7601796624,353.99190853,1,0,0,9,9,4320,8070
compact51_marcy__paper_roles,2019-06-27 12:00:00,10.3696424626,460.9419577,0,0,0,12,12,3181,8206
compact51_marcy__paper_roles,2019-06-27 13:00:00,10.74104717,56.6451256506,0,0,0,12,12,3503,4669
compact51_marcy__paper_roles,2019-06-27 14:00:00,13.3136764362,27.1535036647,0,0,0,13,13,5524,1927
compact51_marcy__paper_roles,2019-06-27 15:00:00,18.9693739816,92.0275085342,0,0,0,12,12,7857,6023
compact51_marcy__paper_roles,2019-06-27 16:00:00,12.5182497248,78.9682476764,0,0,0,12,12,4932,5605
compact51_marcy__paper_roles,2019-06-27 17:00:00,15.7452468439,41.9515325912,0,0,0,13,13,6828,3617
compact51_marcy__paper_roles,2019-06-27 18:00:00,11.4538769214,279.798957866,0,0,0,12,12,4073,7858
compact51_marcy__paper_roles,2019-06-27 19:00:00,13.0967012265,87.6665143004,0,0,0,12,12,5363,5888
compact51_marcy__paper_roles,2019-06-27 20:00:00,17.1652077159,291.410159514,0,0,0,12,12,7372,7906
compact51_marcy__paper_roles,2019-06-27 21:00:00,21.7118546958,305.215715574,0,0,0,12,12,8298,7939
compact51_marcy__paper_roles,2019-06-27 22:00:00,12.6386341953,27.0176446082,0,0,0,13,13,5020,1915
compact51_marcy__paper_roles,2019-06-27 23:00:00,17.6431512635,95.1476207109,0,0,0,11,11,7523,6117
compact51_marcy__paper_roles,2019-06-28 00:00:00,18.7390315311,127.564903982,0,0,0,12,12,7814,6771
compact51_marcy__paper_roles,2019-06-28 01:00:00,14.0716468018,49.8858257873,0,0,0,12,12,5996,4241
compact51_marcy__paper_roles,2019-06-28 02:00:00,13.7327128807,25.7217400187,0,0,0,12,12,5788,1701
compact51_marcy__paper_roles,2019-06-28 03:00:00,14.5933462283,117.156791973,1,0,0,12,12,6279,6563
compact51_marcy__paper_roles,2019-06-28 04:00:00,16.3204707144,82.0546610598,0,0,0,12,12,7072,5717
compact51_marcy__paper_roles,2019-06-28 05:00:00,20.9976162234,741.297930972,0,0,0,12,12,8209,8414
compact51_marcy__paper_roles,2019-06-28 06:00:00,17.1994732266,32.1369718529,0,0,0,12,12,7380,2606
compact51_marcy__paper_roles,2019-06-28 07:00:00,13.9531597743,29.2539763138,0,0,0,12,12,5923,2238
compact51_marcy__paper_roles,2019-06-28 08:00:00,13.5041053913,23.2188963204,0,0,0,13,13,5642,1333
compact51_marcy__paper_roles,2019-06-28 09:00:00,12.4516228121,44.9036570578,0,0,0,14,14,4871,3853
compact51_marcy__paper_roles,2019-06-28 10:00:00,21.1811121128,74.2225324282,0,0,0,13,13,8239,5445
compact51_marcy__paper_roles,2019-06-28 11:00:00,26.0636197206,73.840388178,0,0,0,12,12,8609,5427
compact51_marcy__paper_roles,2019-06-28 12:00:00,15.1412598019,45.9788513234,0,0,0,13,12,6557,3938
compact51_marcy__paper_roles,2019-06-28 13:00:00,23.6350386807,40.7293075203,0,0,0,12,12,8471,3531
compact51_marcy__paper_roles,2019-06-28 14:00:00,18.2251269325,40.8888333417,0,0,0,11,11,7685,3542
compact51_marcy__paper_roles,2019-06-28 15:00:00,20.6046442744,55.7974717451,0,0,0,13,13,8156,4628
compact51_marcy__paper_roles,2019-06-28 16:00:00,29.5506299674,77.6923087854,0,0,0,12,12,8692,5562
compact51_marcy__paper_roles,2019-06-28 17:00:00,34.2856116269,60.5900364607,0,0,0,12,12,8740,4855
compact51_marcy__paper_roles,2019-06-28 18:00:00,23.6325150019,41.6082196442,0,0,0,12,12,8470,3591
compact51_marcy__paper_roles,2019-06-28 19:00:00,23.7748948208,245.892547342,0,0,0,12,12,8481,7742
compact51_marcy__paper_roles,2019-06-28 20:00:00,30.4065193895,106.244215973,0,0,0,12,12,8710,6388
compact51_marcy__paper_roles,2019-06-28 21:00:00,28.7947992835,189.803978801,0,0,0,12,12,8677,7412
compact51_marcy__paper_roles,2019-06-28 22:00:00,17.816582547,81.202585527,0,0,0,12,12,7583,5695
compact51_marcy__paper_roles,2019-06-28 23:00:00,29.196074196,232.250572923,1,0,0,12,12,8684,7671
compact51_marcy__paper_roles,2019-06-29 00:00:00,21.6966056307,38.8859109986,0,0,0,12,12,8296,3345
compact51_marcy__paper_roles,2019-06-29 01:00:00,18.672539119,120.889586897,0,0,0,12,12,7801,6647
compact51_marcy__paper_roles,2019-06-29 02:00:00,11.5096502378,166.986904016,0,0,0,12,12,4128,7242
compact51_marcy__paper_roles,2019-06-29 03:00:00,10.0061603923,133.430642251,0,0,0,13,12,2852,6854
compact51_marcy__paper_roles,2019-06-29 04:00:00,10.5228394001,134.665984512,0,0,0,12,12,3317,6867
compact51_marcy__paper_roles,2019-06-29 05:00:00,8.00518326056,65.2286351956,0,0,0,12,12,1308,5089
compact51_marcy__paper_roles,2019-06-29 06:00:00,5.73258009639,61.3450163399,0,0,0,12,12,232,4897
compact51_marcy__paper_roles,2019-06-29 07:00:00,8.42372878566,323.290565462,0,0,0,12,12,1598,7991
compact51_marcy__paper_roles,2019-06-29 08:00:00,15.0836411696,83.29393165,0,0,0,12,12,6525,5755
compact51_marcy__paper_roles,2019-06-29 09:00:00,13.1714459035,40.411285946,0,0,0,12,12,5418,3501
compact51_marcy__paper_roles,2019-06-29 10:00:00,15.695973759,49.5019400447,0,0,0,13,13,6807,4217
compact51_marcy__paper_roles,2019-06-29 11:00:00,19.3899647348,39.2990080962,0,0,0,12,11,7937,3389
compact51_marcy__paper_roles,2019-06-29 12:00:00,20.449672842,44.205638574,0,0,0,12,12,8129,3804
compact51_marcy__paper_roles,2019-06-29 13:00:00,29.679477507,143.11856153,0,0,0,12,12,8696,6981
compact51_marcy__paper_roles,2019-06-29 14:00:00,18.0185542449,37.4726015849,0,0,0,12,12,7635,3203
compact51_marcy__paper_roles,2019-06-29 15:00:00,21.0295896444,34.4586174166,0,0,0,12,12,8216,2878
compact51_marcy__paper_roles,2019-06-29 16:00:00,14.1486270237,50.6445165032,0,0,0,12,12,6041,4277
compact51_marcy__paper_roles,2019-06-29 17:00:00,12.6797380513,23.8043095326,0,0,0,12,12,5057,1418
compact51_marcy__paper_roles,2019-06-29 18:00:00,14.9289979179,60.6283831879,0,0,0,12,12,6446,4860
compact51_marcy__paper_roles,2019-06-29 19:00:00,15.7321646061,37.8427694801,0,0,0,11,11,6821,3249
compact51_marcy__paper_roles,2019-06-29 20:00:00,16.7634838616,31.1342987053,0,0,0,11,11,7224,2483
compact51_marcy__paper_roles,2019-06-29 21:00:00,22.8464089176,691.730279358,0,0,0,12,12,8409,8395
compact51_marcy__paper_roles,2019-06-29 22:00:00,19.9746555073,294.760236266,1,0,0,12,12,8052,7912
compact51_marcy__paper_roles,2019-06-29 23:00:00,20.8199573171,47.7650035808,0,0,0,12,12,8183,4069
compact51_marcy__paper_roles,2019-06-30 00:00:00,8.79675734839,20.5767514846,0,0,0,12,12,1861,950
compact51_marcy__paper_roles,2019-06-30 01:00:00,6.26999686255,13.863811743,0,0,0,12,12,399,192
compact51_marcy__paper_roles,2019-06-30 02:00:00,6.7647840018,16.7213977831,0,0,0,12,12,607,451
compact51_marcy__paper_roles,2019-06-30 03:00:00,4.31468296457,16.9678689859,0,0,0,12,12,41,480
compact51_marcy__paper_roles,2019-06-30 04:00:00,8.83611173379,14.1099990889,0,0,0,12,12,1893,204
compact51_marcy__paper_roles,2019-06-30 05:00:00,6.81941374688,24.9482471112,0,0,0,12,12,632,1580
compact51_marcy__paper_roles,2019-06-30 06:00:00,7.39869841339,20.9749230433,0,0,0,12,12,951,1012
compact51_marcy__paper_roles,2019-06-30 07:00:00,10.5480355517,24.0994705269,0,0,0,12,12,3344,1477
compact51_marcy__paper_roles,2019-06-30 08:00:00,9.30558049975,42.7536517404,0,0,0,13,13,2273,3673
compact51_marcy__paper_roles,2019-06-30 09:00:00,9.90290347913,25.6276635631,0,0,0,14,14,2750,1682
compact51_marcy__paper_roles,2019-06-30 10:00:00,11.2674922483,47.4165926036,0,0,0,10,10,3924,4044
compact51_marcy__paper_roles,2019-06-30 11:00:00,8.88000084415,13.1292887437,0,0,0,12,12,1927,137
compact51_marcy__paper_roles,2019-06-30 12:00:00,10.8305701673,24.2730456188,0,0,0,12,12,3584,1496
compact51_marcy__paper_roles,2019-06-30 13:00:00,12.776472042,48.7235192479,0,0,0,12,12,5133,4157
compact51_marcy__paper_roles,2019-06-30 14:00:00,14.2093990576,121.965014676,1,0,0,12,12,6077,6665
compact51_marcy__paper_roles,2019-06-30 15:00:00,11.1467900994,94.4778680892,0,0,0,13,13,3832,6094
compact51_marcy__paper_roles,2019-06-30 16:00:00,10.8915562204,337.471762701,1,0,0,12,12,3633,8024
compact51_marcy__paper_roles,2019-06-30 17:00:00,10.8469011962,169.872673775,1,0,0,12,12,3595,7268
compact51_marcy__paper_roles,2019-06-30 18:00:00,12.7697295996,114.48840913,1,0,0,12,12,5129,6529
compact51_marcy__paper_roles,2019-06-30 19:00:00,14.4293599175,144.174634057,1,0,0,12,12,6197,6989
compact51_marcy__paper_roles,2019-06-30 20:00:00,12.765100217,284.537119053,1,0,0,12,12,5121,7883
compact51_marcy__paper_roles,2019-06-30 21:00:00,13.6548451165,145.438098888,1,0,0,12,12,5738,7000
compact51_marcy__paper_roles,2019-06-30 22:00:00,14.6972173762,40.5386462371,0,0,0,12,12,6322,3511
compact51_marcy__paper_roles,2019-06-30 23:00:00,9.72671254671,25.2765349921,0,0,0,12,12,2596,1632
compact51_marcy__paper_roles,2019-07-01 00:00:00,11.9234452371,79.0532773902,0,0,0,11,11,4447,5608
compact51_marcy__paper_roles,2019-07-01 01:00:00,6.36075443615,13.6107387291,0,0,0,12,12,425,181
compact51_marcy__paper_roles,2019-07-01 02:00:00,6.63401684074,38.9878764002,0,0,0,12,12,538,3357
compact51_marcy__paper_roles,2019-07-01 03:00:00,8.21026685715,33.8768873644,0,0,0,12,12,1443,2812
compact51_marcy__paper_roles,2019-07-01 04:00:00,11.5247331953,43.6023236821,0,0,0,12,12,4142,3752
compact51_marcy__paper_roles,2019-07-01 05:00:00,7.37780498817,12.8407218448,0,0,0,12,12,936,120
compact51_marcy__paper_roles,2019-07-01 06:00:00,10.9283354686,19.2470446733,0,0,0,12,12,3664,764
compact51_marcy__paper_roles,2019-07-01 07:00:00,10.2615602581,26.2075814829,0,0,0,12,12,3101,1797
compact51_marcy__paper_roles,2019-07-01 08:00:00,9.2169832672,35.7037195038,0,0,0,12,12,2195,3020
compact51_marcy__paper_roles,2019-07-01 09:00:00,7.58716702679,107.818421341,0,0,0,12,12,1071,6405
compact51_marcy__paper_roles,2019-07-01 10:00:00,8.34086974805,229.596701846,0,0,0,13,13,1535,7659
compact51_marcy__paper_roles,2019-07-01 11:00:00,5.52586392227,22.174671717,0,0,0,12,12,190,1177
compact51_marcy__paper_roles,2019-07-01 12:00:00,9.48034470379,101.974179608,0,0,0,12,12,2421,6295
compact51_marcy__paper_roles,2019-07-01 13:00:00,6.37705043673,5173.14117253,0,0,0,13,13,433,8712
compact51_marcy__paper_roles,2019-07-01 14:00:00,10.2805204673,480.21604736,1,0,0,14,14,3115,8226
compact51_marcy__paper_roles,2019-07-01 15:00:00,13.3672731767,258.467177076,1,0,0,13,12,5551,7793
compact51_marcy__paper_roles,2019-07-01 16:00:00,12.3913731061,491.037712181,1,0,0,12,12,4811,8243
compact51_marcy__paper_roles,2019-07-01 17:00:00,12.7678200283,114.083877809,1,0,0,15,14,5125,6517
compact51_marcy__paper_roles,2019-07-01 18:00:00,12.5900337879,64.5249628163,0,0,0,14,12,4971,5050
compact51_marcy__paper_roles,2019-07-01 19:00:00,16.3467149502,103.563416169,1,0,0,12,12,7083,6327
compact51_marcy__paper_roles,2019-07-01 20:00:00,15.3146077343,81.7432327179,0,0,0,12,12,6636,5712
compact51_marcy__paper_roles,2019-07-01 21:00:00,14.8888864026,52.0561062548,0,0,0,12,12,6424,4385
compact51_marcy__paper_roles,2019-07-01 22:00:00,14.0787194573,25.0855955945,0,0,0,14,13,5999,1596
compact51_marcy__paper_roles,2019-07-01 23:00:00,13.6149121665,26.3218867698,0,0,0,11,11,5710,1813
compact51_marcy__paper_roles,2019-07-02 00:00:00,10.0728673147,46.2892975819,0,0,0,12,11,2916,3957
compact51_marcy__paper_roles,2019-07-02 01:00:00,5.6292161129,18.3879951812,0,0,0,12,12,212,633
compact51_marcy__paper_roles,2019-07-02 02:00:00,6.31859583383,18.667479626,0,0,0,12,12,413,674
compact51_marcy__paper_roles,2019-07-02 03:00:00,4.46136509926,10.2461600337,0,0,0,12,12,51,29
compact51_marcy__paper_roles,2019-07-02 04:00:00,10.8340005586,49.2690999011,0,0,0,12,12,3586,4200
compact51_marcy__paper_roles,2019-07-02 05:00:00,9.83988416704,25.7608097545,0,0,0,12,12,2694,1706
compact51_marcy__paper_roles,2019-07-02 06:00:00,8.49728803865,27.2808677295,0,0,0,12,12,1657,1947
compact51_marcy__paper_roles,2019-07-02 07:00:00,6.69050747284,26.3816041299,0,0,0,13,13,571,1823
compact51_marcy__paper_roles,2019-07-02 08:00:00,6.26068123429,73.7947032212,0,0,0,16,15,393,5425
compact51_marcy__paper_roles,2019-07-02 09:00:00,5.53299437701,314.171727973,1,0,0,12,12,192,7963
compact51_marcy__paper_roles,2019-07-02 10:00:00,4.61671309157,32.2139754556,0,0,0,15,14,58,2615
compact51_marcy__paper_roles,2019-07-02 11:00:00,9.23053499142,83.0595217322,0,0,0,11,11,2206,5747
compact51_marcy__paper_roles,2019-07-02 12:00:00,11.9365108644,2321.71171758,1,0,0,12,12,4458,8642
compact51_marcy__paper_roles,2019-07-02 13:00:00,12.327178532,266.782129537,1,0,0,12,12,4768,7813
compact51_marcy__paper_roles,2019-07-02 14:00:00,7.00251648996,87.7681864009,0,0,0,14,12,736,5889
compact51_marcy__paper_roles,2019-07-02 15:00:00,6.9463894441,87.1251952571,0,0,0,12,12,697,5877
compact51_marcy__paper_roles,2019-07-02 16:00:00,11.4551321187,15.4641062621,0,0,0,12,12,4076,312
compact51_marcy__paper_roles,2019-07-02 17:00:00,10.7766122171,29.8660527887,0,0,0,12,12,3536,2324
compact51_marcy__paper_roles,2019-07-02 18:00:00,14.2692774471,110.665335491,1,0,0,14,14,6112,6457
compact51_marcy__paper_roles,2019-07-02 19:00:00,18.240503933,121.181754668,1,0,0,9,9,7694,6651
compact51_marcy__paper_roles,2019-07-02 20:00:00,19.2576775726,91.8748201015,0,0,0,12,12,7913,6015
compact51_marcy__paper_roles,2019-07-02 21:00:00,22.9882659645,137.205729211,1,0,0,16,14,8423,6903
compact51_marcy__paper_roles,2019-07-02 22:00:00,21.6341332353,124.069961493,1,0,0,12,12,8288,6709
compact51_marcy__paper_roles,2019-07-02 23:00:00,23.5031091185,99.4298464372,0,0,0,12,12,8462,6224
compact51_marcy__paper_roles,2019-07-03 00:00:00,11.5934818787,52.8389182533,0,0,0,13,12,4190,4430
compact51_marcy__paper_roles,2019-07-03 01:00:00,10.8858503372,57.5141942771,0,0,0,12,12,3627,4720
compact51_marcy__paper_roles,2019-07-03 02:00:00,8.83318123146,39.8209843388,0,0,0,12,12,1891,3452
compact51_marcy__paper_roles,2019-07-03 03:00:00,3.92390402367,16.8222745836,0,0,0,12,12,25,464
compact51_marcy__paper_roles,2019-07-03 04:00:00,3.27872891732,4.85182860353,0,0,0,12,12,11,1
compact51_marcy__paper_roles,2019-07-03 05:00:00,12.7329757534,28.2661476909,0,0,0,12,12,5098,2086
compact51_marcy__paper_roles,2019-07-03 06:00:00,11.9015805163,28.8073387045,0,0,0,12,12,4435,2175
compact51_marcy__paper_roles,2019-07-03 07:00:00,10.1549410646,173.754430483,0,0,0,14,13,2988,7303
compact51_marcy__paper_roles,2019-07-03 08:00:00,9.01127620119,572.174917809,1,0,0,12,12,2045,8317
compact51_marcy__paper_roles,2019-07-03 09:00:00,10.1225328411,280.47149386,1,0,0,12,12,2956,7866
compact51_marcy__paper_roles,2019-07-03 10:00:00,9.40460168684,442.055002519,0,0,0,12,12,2351,8184
compact51_marcy__paper_roles,2019-07-03 11:00:00,10.567654983,473.424776092,0,0,0,12,12,3363,8218
compact51_marcy__paper_roles,2019-07-03 12:00:00,8.59575328306,84.369207658,0,0,0,12,12,1720,5795
compact51_marcy__paper_roles,2019-07-03 13:00:00,9.23258818706,62.9787776782,0,0,0,12,12,2210,4974
compact51_marcy__paper_roles,2019-07-03 14:00:00,11.2830655155,54.5421152717,0,0,0,13,13,3933,4549
compact51_marcy__paper_roles,2019-07-03 15:00:00,11.0790324705,24.2296453959,0,0,0,12,12,3775,1490
compact51_marcy__paper_roles,2019-07-03 16:00:00,10.3628429995,16.3225495513,0,0,0,12,12,3177,405
compact51_marcy__paper_roles,2019-07-03 17:00:00,15.5277458556,60.2419833394,0,0,0,12,12,6742,4842
compact51_marcy__paper_roles,2019-07-03 18:00:00,17.2438399288,102.224945083,1,0,0,12,12,7403,6298
compact51_marcy__paper_roles,2019-07-03 19:00:00,19.5683486913,142.637347455,1,0,0,12,12,7978,6969
compact51_marcy__paper_roles,2019-07-03 20:00:00,22.6834839429,148.806126758,1,0,0,12,12,8393,7041
compact51_marcy__paper_roles,2019-07-03 21:00:00,25.8524618595,108.802653767,1,0,0,12,12,8602,6425
compact51_marcy__paper_roles,2019-07-03 22:00:00,19.038539184,70.8801000895,0,0,0,12,12,7875,5313
compact51_marcy__paper_roles,2019-07-03 23:00:00,19.5740471792,45.976744379,0,0,0,12,12,7980,3937
compact51_marcy__paper_roles,2019-07-04 00:00:00,13.8149149382,27.1593575232,0,0,0,12,12,5845,1928
compact51_marcy__paper_roles,2019-07-04 01:00:00,9.70348047634,18.3942499453,0,0,0,13,13,2566,634
compact51_marcy__paper_roles,2019-07-04 02:00:00,9.43768276096,28.6730054797,0,0,0,11,11,2383,2150
compact51_marcy__paper_roles,2019-07-04 03:00:00,5.85729069938,16.0107857605,0,0,0,12,12,265,370
compact51_marcy__paper_roles,2019-07-04 04:00:00,7.76827245028,20.4904009326,0,0,0,12,12,1179,934
compact51_marcy__paper_roles,2019-07-04 05:00:00,6.85742026683,21.9139393713,0,0,0,12,12,653,1140
compact51_marcy__paper_roles,2019-07-04 06:00:00,10.1297454908,25.2431194525,0,0,0,12,12,2963,1626
compact51_marcy__paper_roles,2019-07-04 07:00:00,9.46945924479,19.6444325189,0,0,0,12,12,2415,823
compact51_marcy__paper_roles,2019-07-04 08:00:00,7.4410475741,13.6503215501,0,0,0,12,12,982,183
compact51_marcy__paper_roles,2019-07-04 09:00:00,10.6437126224,32.6519207263,0,0,0,12,12,3420,2663
compact51_marcy__paper_roles,2019-07-04 10:00:00,11.6940735039,64.3605375594,0,0,0,12,12,4271,5039
compact51_marcy__paper_roles,2019-07-04 11:00:00,11.8188472065,94.0737210869,0,0,0,12,12,4361,6082
compact51_marcy__paper_roles,2019-07-04 12:00:00,12.7077413852,92.1395580578,0,0,0,12,12,5080,6027
compact51_marcy__paper_roles,2019-07-04 13:00:00,15.573748444,146.257774969,1,0,0,12,12,6757,7016
compact51_marcy__paper_roles,2019-07-04 14:00:00,16.4101295179,163.9328847,1,0,0,12,12,7105,7215
compact51_marcy__paper_roles,2019-07-04 15:00:00,17.41337042,133.395173647,1,0,0,12,12,7467,6852
compact51_marcy__paper_roles,2019-07-04 16:00:00,15.3745930268,96.2321836057,0,0,0,12,12,6666,6152
compact51_marcy__paper_roles,2019-07-04 17:00:00,12.5151063007,33.7838227902,0,0,0,12,12,4930,2799
compact51_marcy__paper_roles,2019-07-04 18:00:00,12.1769332977,51.3352260253,0,0,0,12,12,4654,4335
compact51_marcy__paper_roles,2019-07-04 19:00:00,17.7478946109,173.120441415,1,0,0,12,12,7559,7297
compact51_marcy__paper_roles,2019-07-04 20:00:00,20.2881638632,120.311631356,1,0,0,12,12,8101,6626
compact51_marcy__paper_roles,2019-07-04 21:00:00,16.3399504728,103.925556059,1,0,0,12,12,7081,6338
compact51_marcy__paper_roles,2019-07-04 22:00:00,11.7114991125,56.0527655388,0,0,0,13,13,4285,4644
compact51_marcy__paper_roles,2019-07-04 23:00:00,17.0072887474,45.4530410202,0,0,0,11,11,7305,3897
compact51_marcy__paper_roles,2019-07-05 00:00:00,12.7608616776,31.5727481748,0,0,0,12,12,5118,2533
compact51_marcy__paper_roles,2019-07-05 01:00:00,8.25399317541,27.8541998752,0,0,0,12,12,1470,2025
compact51_marcy__paper_roles,2019-07-05 02:00:00,7.21462299808,12.5598529096,0,0,0,12,12,843,100
compact51_marcy__paper_roles,2019-07-05 03:00:00,6.70034709093,26.0729890479,0,0,0,12,12,580,1766
compact51_marcy__paper_roles,2019-07-05 04:00:00,9.06219718101,23.511963123,0,0,0,12,12,2083,1369
compact51_marcy__paper_roles,2019-07-05 05:00:00,13.6894785241,24.9993164435,0,0,0,12,12,5759,1585
compact51_marcy__paper_roles,2019-07-05 06:00:00,9.74186844417,16.42743299,0,0,0,12,12,2603,422
compact51_marcy__paper_roles,2019-07-05 07:00:00,8.21595778065,23.2716586899,0,0,0,12,12,1449,1341
compact51_marcy__paper_roles,2019-07-05 08:00:00,8.99110250229,39.1109167881,0,0,0,12,12,2025,3368
compact51_marcy__paper_roles,2019-07-05 09:00:00,11.4878103424,91.7323869006,0,0,0,12,12,4106,6009
compact51_marcy__paper_roles,2019-07-05 10:00:00,13.1747233506,283.984133601,1,0,0,12,12,5421,7878
compact51_marcy__paper_roles,2019-07-05 11:00:00,12.7096458685,1088.54679214,1,0,0,12,12,5081,8514
compact51_marcy__paper_roles,2019-07-05 12:00:00,13.9149134545,129898.452982,0,0,0,12,12,5904,8758
compact51_marcy__paper_roles,2019-07-05 13:00:00,15.7511322965,1488.1744606,0,0,0,12,12,6831,8571
compact51_marcy__paper_roles,2019-07-05 14:00:00,15.0173201208,2455.57400357,1,0,0,12,12,6497,8650
compact51_marcy__paper_roles,2019-07-05 15:00:00,15.3073331192,223.929356789,1,0,0,12,12,6631,7628
compact51_marcy__paper_roles,2019-07-05 16:00:00,16.1811785241,41.3926085424,0,0,0,12,12,7012,3578
compact51_marcy__paper_roles,2019-07-05 17:00:00,16.55517165,92.7706614729,0,0,0,12,12,7163,6047
compact51_marcy__paper_roles,2019-07-05 18:00:00,15.2103792879,83.777784779,0,0,0,12,12,6588,5778
compact51_marcy__paper_roles,2019-07-05 19:00:00,22.7584277125,161.727641259,1,0,0,12,12,8405,7189
compact51_marcy__paper_roles,2019-07-05 20:00:00,21.4062217799,274.983913194,1,0,0,12,12,8269,7838
compact51_marcy__paper_roles,2019-07-05 21:00:00,15.5307611663,180.239367328,1,0,0,12,12,6743,7349
compact51_marcy__paper_roles,2019-07-05 22:00:00,15.0962218035,72.8524636352,0,0,0,12,12,6531,5377
compact51_marcy__paper_roles,2019-07-05 23:00:00,20.5170009209,69.7101781142,0,0,0,12,12,8143,5265
compact51_marcy__paper_roles,2019-07-06 00:00:00,16.6138884607,52.8078194267,0,0,0,11,11,7185,4428
compact51_marcy__paper_roles,2019-07-06 01:00:00,14.7824898977,39.326672611,0,0,0,12,12,6369,3396
compact51_marcy__paper_roles,2019-07-06 02:00:00,11.0527054511,19.7126682872,0,0,0,12,12,3754,831
compact51_marcy__paper_roles,2019-07-06 03:00:00,8.75201340744,18.62886428,0,0,0,12,12,1841,665
compact51_marcy__paper_roles,2019-07-06 04:00:00,6.24016556772,15.4006304965,0,0,0,12,12,382,307
compact51_marcy__paper_roles,2019-07-06 05:00:00,6.69960964599,13.1799335167,0,0,0,12,12,578,145
compact51_marcy__paper_roles,2019-07-06 06:00:00,7.21471182337,13.9686875617,0,0,0,12,12,844,197
compact51_marcy__paper_roles,2019-07-06 07:00:00,13.7855989848,30.7915718205,0,0,0,12,12,5823,2436
compact51_marcy__paper_roles,2019-07-06 08:00:00,12.8928235124,32.0202331569,0,0,0,12,12,5226,2589
compact51_marcy__paper_roles,2019-07-06 09:00:00,13.7214370742,47.6289075863,0,0,0,12,12,5780,4061
compact51_marcy__paper_roles,2019-07-06 10:00:00,14.1120053041,61.2965374406,0,0,0,12,12,6020,4894
compact51_marcy__paper_roles,2019-07-06 11:00:00,16.8437061792,53.127306793,0,0,0,12,12,7249,4455
compact51_marcy__paper_roles,2019-07-06 12:00:00,21.9269194239,35.6500737419,0,0,0,12,12,8319,3015
compact51_marcy__paper_roles,2019-07-06 13:00:00,14.1315664468,42.066566554,0,0,0,12,12,6029,3629
compact51_marcy__paper_roles,2019-07-06 14:00:00,21.2863359941,55.6841030374,0,0,0,12,12,8252,4622
compact51_marcy__paper_roles,2019-07-06 15:00:00,16.5531482808,51.5464441268,0,0,0,12,12,7162,4352
compact51_marcy__paper_roles,2019-07-06 16:00:00,20.6978804794,94.6319122038,0,0,0,12,12,8168,6102
compact51_marcy__paper_roles,2019-07-06 17:00:00,19.0819574548,75.6398901129,0,0,0,12,12,7880,5497
compact51_marcy__paper_roles,2019-07-06 18:00:00,24.7034518713,121.193994778,1,0,0,12,12,8547,6653
compact51_marcy__paper_roles,2019-07-06 19:00:00,27.7161801474,196.419056084,1,0,0,18,18,8655,7467
compact51_marcy__paper_roles,2019-07-06 20:00:00,24.1097464937,159.650416337,1,0,0,11,11,8504,7168
compact51_marcy__paper_roles,2019-07-06 21:00:00,17.797288313,119.125652085,1,0,0,12,12,7573,6602
compact51_marcy__paper_roles,2019-07-06 22:00:00,21.1152039469,112.57412961,1,0,0,12,12,8227,6494
compact51_marcy__paper_roles,2019-07-06 23:00:00,16.4353427364,30.5354481177,0,0,0,12,12,7116,2401
compact51_marcy__paper_roles,2019-07-07 00:00:00,7.66314292413,71.2919760925,0,0,0,12,12,1110,5326
compact51_marcy__paper_roles,2019-07-07 01:00:00,8.55547696762,19.8283733356,0,0,0,12,12,1693,856
compact51_marcy__paper_roles,2019-07-07 02:00:00,5.45306986884,13.2401906132,0,0,0,12,12,173,151
compact51_marcy__paper_roles,2019-07-07 03:00:00,4.65678565915,9.43729803021,0,0,0,12,12,60,18
compact51_marcy__paper_roles,2019-07-07 04:00:00,4.66946252311,18.9002886045,0,0,0,12,12,61,705
compact51_marcy__paper_roles,2019-07-07 05:00:00,8.08628651282,37.2667103361,0,0,0,12,12,1359,3185
compact51_marcy__paper_roles,2019-07-07 06:00:00,8.67038990455,40.9735164422,0,0,0,12,12,1787,3552
compact51_marcy__paper_roles,2019-07-07 07:00:00,4.28506982047,16.9450613904,0,0,0,12,12,40,476
compact51_marcy__paper_roles,2019-07-07 08:00:00,7.68113948167,25.460449716,0,0,0,12,12,1119,1661
compact51_marcy__paper_roles,2019-07-07 09:00:00,8.14028541428,31.5997274128,0,0,0,12,12,1390,2535
compact51_marcy__paper_roles,2019-07-07 10:00:00,8.89882112675,23.2303859123,0,0,0,12,12,1945,1337
compact51_marcy__paper_roles,2019-07-07 11:00:00,7.36366867639,16.3500410183,0,0,0,12,12,924,409
compact51_marcy__paper_roles,2019-07-07 12:00:00,7.74597680323,15.2264280887,0,0,0,12,12,1162,289
compact51_marcy__paper_roles,2019-07-07 13:00:00,8.60406581953,17.2594954256,0,0,0,12,12,1732,511
compact51_marcy__paper_roles,2019-07-07 14:00:00,10.3551569101,20.3599645929,0,0,0,12,12,3168,915
compact51_marcy__paper_roles,2019-07-07 15:00:00,9.79158519918,15.8078023896,0,0,0,12,12,2651,346
compact51_marcy__paper_roles,2019-07-07 16:00:00,12.510616049,17.2713286225,0,0,0,12,12,4925,512
compact51_marcy__paper_roles,2019-07-07 17:00:00,12.1253501552,26.6332424574,0,0,0,12,12,4616,1857
compact51_marcy__paper_roles,2019-07-07 18:00:00,14.0662354815,26.9021783418,0,0,0,12,12,5992,1893
compact51_marcy__paper_roles,2019-07-07 19:00:00,13.9206054683,26.2043706402,0,0,0,12,12,5908,1795
compact51_marcy__paper_roles,2019-07-07 20:00:00,16.1070669046,31.4424849958,0,0,0,12,12,6976,2521
compact51_marcy__paper_roles,2019-07-07 21:00:00,15.7519019854,30.4772769213,0,0,0,12,12,6833,2391
compact51_marcy__paper_roles,2019-07-07 22:00:00,11.6202458059,23.4220569464,0,0,0,12,12,4203,1357
compact51_marcy__paper_roles,2019-07-07 23:00:00,15.8851707836,32.3204858863,0,0,0,12,12,6889,2634
compact51_marcy__paper_roles,2019-07-08 00:00:00,15.075384606,28.3557022306,0,0,0,12,12,6518,2098
compact51_marcy__paper_roles,2019-07-08 01:00:00,13.4438441448,25.2413315449,0,0,0,12,12,5603,1624
compact51_marcy__paper_roles,2019-07-08 02:00:00,7.50540123761,14.7957498918,0,0,0,12,12,1026,250
compact51_marcy__paper_roles,2019-07-08 03:00:00,5.400712928,14.4960887481,0,0,0,12,12,163,236
compact51_marcy__paper_roles,2019-07-08 04:00:00,6.91776390776,14.1118233202,0,0,0,12,12,684,206
compact51_marcy__paper_roles,2019-07-08 05:00:00,12.9163966297,31.5153985331,0,0,0,12,12,5244,2527
compact51_marcy__paper_roles,2019-07-08 06:00:00,11.241874962,89.7812997683,0,0,0,12,12,3897,5952
compact51_marcy__paper_roles,2019-07-08 07:00:00,7.1112045004,19.5414560885,0,0,0,12,12,790,802
compact51_marcy__paper_roles,2019-07-08 08:00:00,6.21375176426,16.1934784402,0,0,0,12,12,371,388
compact51_marcy__paper_roles,2019-07-08 09:00:00,7.909444224,38.9573313163,0,0,0,12,12,1255,3356
compact51_marcy__paper_roles,2019-07-08 10:00:00,6.94238418678,39.0677553941,0,0,0,12,12,694,3364
compact51_marcy__paper_roles,2019-07-08 11:00:00,9.11688363451,38.6693145222,0,0,0,12,12,2119,3326
compact51_marcy__paper_roles,2019-07-08 12:00:00,9.40467681548,88.1050342098,0,0,0,12,12,2352,5900
compact51_marcy__paper_roles,2019-07-08 13:00:00,8.13670534458,90.1120090169,0,0,0,13,12,1386,5967
compact51_marcy__paper_roles,2019-07-08 14:00:00,6.54480453739,148.166844219,1,0,0,12,12,503,7035
compact51_marcy__paper_roles,2019-07-08 15:00:00,3.15298635006,32.7951479183,0,0,0,12,12,9,2680
compact51_marcy__paper_roles,2019-07-08 16:00:00,6.03495928082,76.369747159,0,0,0,14,13,313,5525
compact51_marcy__paper_roles,2019-07-08 17:00:00,8.09109819481,47.4426587265,0,0,0,12,12,1361,4046
compact51_marcy__paper_roles,2019-07-08 18:00:00,7.16639218127,22.6171140344,0,0,0,12,12,810,1241
compact51_marcy__paper_roles,2019-07-08 19:00:00,12.678745162,69.8235689788,0,0,0,12,12,5056,5268
compact51_marcy__paper_roles,2019-07-08 20:00:00,18.0907543608,93.5785221443,0,0,0,12,12,7653,6071
compact51_marcy__paper_roles,2019-07-08 21:00:00,12.4717309346,34.2647749996,0,0,0,12,12,4894,2856
compact51_marcy__paper_roles,2019-07-08 22:00:00,13.1109997651,23.5988039495,0,0,0,12,12,5371,1383
compact51_marcy__paper_roles,2019-07-08 23:00:00,17.715654254,160.321962754,0,0,0,12,12,7549,7171
compact51_marcy__paper_roles,2019-07-09 00:00:00,11.978532948,25.8356182105,0,0,0,12,12,4494,1720
compact51_marcy__paper_roles,2019-07-09 01:00:00,8.88845158021,26.8895012428,0,0,0,12,12,1933,1892
compact51_marcy__paper_roles,2019-07-09 02:00:00,8.12585972555,28.52977127,0,0,0,12,12,1379,2125
compact51_marcy__paper_roles,2019-07-09 03:00:00,7.08707670801,17.5115093193,0,0,0,12,12,781,536
compact51_marcy__paper_roles,2019-07-09 04:00:00,4.40731682662,14.5343033244,0,0,0,12,12,47,238
compact51_marcy__paper_roles,2019-07-09 05:00:00,10.8964526158,44.8736862566,0,0,0,12,12,3638,3852
compact51_marcy__paper_roles,2019-07-09 06:00:00,10.2381471986,51.9212746118,0,0,0,12,12,3078,4372
compact51_marcy__paper_roles,2019-07-09 07:00:00,10.6294248097,100.148016762,0,0,0,12,12,3412,6245
compact51_marcy__paper_roles,2019-07-09 08:00:00,11.0533387645,47.5162638973,0,0,0,12,12,3755,4051
compact51_marcy__paper_roles,2019-07-09 09:00:00,7.71744408814,15.084222721,0,0,0,12,12,1143,276
compact51_marcy__paper_roles,2019-07-09 10:00:00,5.80975347521,26.353568708,0,0,0,12,12,254,1820
compact51_marcy__paper_roles,2019-07-09 11:00:00,4.5057354032,9.1313932273,0,0,0,12,12,53,15
compact51_marcy__paper_roles,2019-07-09 12:00:00,6.85585111571,45.8848182777,0,0,0,12,12,652,3932
compact51_marcy__paper_roles,2019-07-09 13:00:00,6.52307097777,43.6940619199,0,0,0,12,12,493,3759
compact51_marcy__paper_roles,2019-07-09 14:00:00,14.4722469545,93.2826112864,0,0,0,12,12,6221,6062
compact51_marcy__paper_roles,2019-07-09 15:00:00,11.4039402781,32.3635148718,0,0,0,12,12,4026,2637
compact51_marcy__paper_roles,2019-07-09 16:00:00,9.68371692712,46.4912627557,0,0,0,12,12,2556,3972
compact51_marcy__paper_roles,2019-07-09 17:00:00,10.4452569938,18.3823485445,0,0,0,12,12,3252,631
compact51_marcy__paper_roles,2019-07-09 18:00:00,15.9781228644,62.3643525315,0,0,0,12,12,6931,4950
compact51_marcy__paper_roles,2019-07-09 19:00:00,19.6576591823,59.3695186066,0,0,0,12,12,7998,4807
compact51_marcy__paper_roles,2019-07-09 20:00:00,20.433540941,77.7809302027,0,0,0,12,12,8127,5564
compact51_marcy__paper_roles,2019-07-09 21:00:00,22.3585422767,80.4031511434,0,0,0,12,12,8360,5659
compact51_marcy__paper_roles,2019-07-09 22:00:00,16.9590171987,62.3373783721,0,0,0,12,12,7281,4947
compact51_marcy__paper_roles,2019-07-09 23:00:00,19.7083361311,36.3274236578,0,0,0,12,12,8004,3082
compact51_marcy__paper_roles,2019-07-10 00:00:00,11.1892998463,29.3599496175,0,0,0,12,12,3867,2260
compact51_marcy__paper_roles,2019-07-10 01:00:00,8.2692642981,16.4432512418,0,0,0,12,12,1479,423
compact51_marcy__paper_roles,2019-07-10 02:00:00,6.69394367972,11.7717346245,0,0,0,12,12,575,68
compact51_marcy__paper_roles,2019-07-10 03:00:00,5.90459372911,11.5194557025,0,0,0,12,12,270,61
compact51_marcy__paper_roles,2019-07-10 04:00:00,5.3759873938,51.9579706765,0,0,0,12,12,156,4376
compact51_marcy__paper_roles,2019-07-10 05:00:00,9.2458946441,81.3797250811,0,0,0,13,13,2220,5705
compact51_marcy__paper_roles,2019-07-10 06:00:00,7.02912550997,43.8552376071,0,0,0,12,12,751,3772
compact51_marcy__paper_roles,2019-07-10 07:00:00,5.11289732793,10.7311823744,0,0,0,12,12,111,38
compact51_marcy__paper_roles,2019-07-10 08:00:00,7.53421377592,66.3197066432,0,0,0,12,12,1040,5134
compact51_marcy__paper_roles,2019-07-10 09:00:00,7.65042373456,161.147707648,1,0,0,13,13,1100,7182
compact51_marcy__paper_roles,2019-07-10 10:00:00,7.2992740852,378.701449203,1,0,0,13,13,881,8111
compact51_marcy__paper_roles,2019-07-10 11:00:00,8.75842487649,209.915324372,0,0,0,12,11,1845,7555
compact51_marcy__paper_roles,2019-07-10 12:00:00,11.9580144066,180.395785999,0,0,0,12,12,4475,7352
compact51_marcy__paper_roles,2019-07-10 13:00:00,11.2805352558,62.6075433319,0,0,0,15,14,3932,4959
compact51_marcy__paper_roles,2019-07-10 14:00:00,11.4949800316,60.6768351421,0,0,0,12,12,4113,4863
compact51_marcy__paper_roles,2019-07-10 15:00:00,10.77776789,16.0766026641,0,0,0,12,12,3537,376
compact51_marcy__paper_roles,2019-07-10 16:00:00,13.2881362539,22.5773206142,0,0,0,12,12,5505,1235
compact51_marcy__paper_roles,2019-07-10 17:00:00,15.3914272228,38.5362358185,0,0,0,11,11,6678,3317
compact51_marcy__paper_roles,2019-07-10 18:00:00,16.59494036,30.4166993569,0,0,0,12,12,7180,2381
compact51_marcy__paper_roles,2019-07-10 19:00:00,21.6276076224,94.6142353161,0,0,0,13,13,8287,6100
compact51_marcy__paper_roles,2019-07-10 20:00:00,23.7013103269,138.225514173,0,0,0,12,12,8475,6912
compact51_marcy__paper_roles,2019-07-10 21:00:00,25.6206183073,8651.4458313,0,0,0,12,12,8593,8733
compact51_marcy__paper_roles,2019-07-10 22:00:00,24.1461470451,1612.69471922,1,0,0,12,12,8508,8582
compact51_marcy__paper_roles,2019-07-10 23:00:00,20.6637341961,326.670458472,0,0,0,12,12,8165,7999
compact51_marcy__paper_roles,2019-07-11 00:00:00,23.3846573732,474.032832303,0,0,0,12,12,8454,8220
compact51_marcy__paper_roles,2019-07-11 01:00:00,15.0913206365,247.497710436,0,0,0,12,12,6527,7750
compact51_marcy__paper_roles,2019-07-11 02:00:00,10.3796767834,339.917589451,0,0,0,12,12,3190,8030
compact51_marcy__paper_roles,2019-07-11 03:00:00,11.0097921913,196.254454543,0,0,0,12,12,3721,7465
compact51_marcy__paper_roles,2019-07-11 04:00:00,10.9363010601,128.959478186,0,0,0,12,12,3669,6794
compact51_marcy__paper_roles,2019-07-11 05:00:00,8.74435065846,70.1177562026,0,0,0,12,12,1832,5280
compact51_marcy__paper_roles,2019-07-11 06:00:00,10.3170756205,64.3153436558,0,0,0,12,12,3141,5036
compact51_marcy__paper_roles,2019-07-11 07:00:00,13.3608066836,217.43278031,1,0,0,12,12,5546,7596
compact51_marcy__paper_roles,2019-07-11 08:00:00,11.1146615608,208.948728172,1,0,0,12,12,3808,7548
compact51_marcy__paper_roles,2019-07-11 09:00:00,11.2984385501,196.976503689,1,0,0,12,12,3943,7471
compact51_marcy__paper_roles,2019-07-11 10:00:00,9.4310986089,367.685268406,1,0,0,12,12,2378,8095
compact51_marcy__paper_roles,2019-07-11 11:00:00,9.92556384161,224.201096369,1,0,0,12,12,2775,7629
compact51_marcy__paper_roles,2019-07-11 12:00:00,14.6563996791,200.149137298,1,0,0,12,12,6302,7494
compact51_marcy__paper_roles,2019-07-11 13:00:00,14.7144103412,204.568608845,1,0,0,12,12,6331,7522
compact51_marcy__paper_roles,2019-07-11 14:00:00,13.8127608675,266.11381019,1,0,0,12,12,5842,7811
compact51_marcy__paper_roles,2019-07-11 15:00:00,13.6988640985,156.854110169,0,0,0,15,14,5763,7136
compact51_marcy__paper_roles,2019-07-11 16:00:00,14.8876189969,54.8536165578,0,0,0,11,11,6423,4566
compact51_marcy__paper_roles,2019-07-11 17:00:00,15.6767048182,25.8706785973,0,0,0,12,12,6799,1727
compact51_marcy__paper_roles,2019-07-11 18:00:00,12.8165731889,940.72345975,0,0,0,12,12,5166,8480
compact51_marcy__paper_roles,2019-07-11 19:00:00,15.4963896946,467.381470336,0,0,0,12,11,6727,8213
compact51_marcy__paper_roles,2019-07-11 20:00:00,16.7648014629,304.582293468,0,0,0,12,12,7227,7937
compact51_marcy__paper_roles,2019-07-11 21:00:00,38.1274524495,304.68376675,1,0,0,12,12,8752,7938
compact51_marcy__paper_roles,2019-07-11 22:00:00,39.472622963,227.895825463,1,0,0,11,11,8755,7652
compact51_marcy__paper_roles,2019-07-11 23:00:00,29.5036128215,2215.71260369,1,0,0,12,12,8690,8634
compact51_marcy__paper_roles,2019-07-12 00:00:00,24.3592740771,838.909729407,1,0,0,12,12,8523,8448
compact51_marcy__paper_roles,2019-07-12 01:00:00,14.8004180971,391.055030582,1,0,0,12,12,6383,8126
compact51_marcy__paper_roles,2019-07-12 02:00:00,10.4035798239,246.834602157,1,0,0,12,12,3221,7745
compact51_marcy__paper_roles,2019-07-12 03:00:00,10.648714199,237.080419892,1,0,0,12,12,3424,7702
compact51_marcy__paper_roles,2019-07-12 04:00:00,8.46772614082,181.271599821,1,0,0,12,12,1631,7360
compact51_marcy__paper_roles,2019-07-12 05:00:00,10.5496535752,186.392424361,1,0,0,12,12,3348,7393
compact51_marcy__paper_roles,2019-07-12 06:00:00,11.7934740181,744.691717549,1,0,0,12,12,4348,8416
compact51_marcy__paper_roles,2019-07-12 07:00:00,12.0497066149,107.331792941,1,0,0,12,12,4549,6399
compact51_marcy__paper_roles,2019-07-12 08:00:00,9.48381906177,62.9205991283,0,0,0,12,12,2423,4971
compact51_marcy__paper_roles,2019-07-12 09:00:00,9.70468588687,83.6638241296,0,0,0,15,14,2571,5772
compact51_marcy__paper_roles,2019-07-12 10:00:00,8.37426077284,64.3995493779,0,0,0,10,10,1562,5042
compact51_marcy__paper_roles,2019-07-12 11:00:00,9.97094316491,54.9052679937,0,0,0,12,12,2814,4570
compact51_marcy__paper_roles,2019-07-12 12:00:00,11.6481349097,49.2471541658,0,0,0,12,12,4227,4198
compact51_marcy__paper_roles,2019-07-12 13:00:00,12.6491862544,34.2458413161,0,0,0,12,12,5031,2853
compact51_marcy__paper_roles,2019-07-12 14:00:00,11.582449789,24.0733793249,0,0,0,13,12,4182,1474
compact51_marcy__paper_roles,2019-07-12 15:00:00,12.9115338078,52.2812876071,0,0,0,12,12,5240,4398
compact51_marcy__paper_roles,2019-07-12 16:00:00,15.0604775656,73.4000235994,0,0,0,12,12,6512,5400
compact51_marcy__paper_roles,2019-07-12 17:00:00,14.5206749116,32.7612746511,0,0,0,12,12,6247,2676
compact51_marcy__paper_roles,2019-07-12 18:00:00,15.4992364103,33.1409897848,0,0,0,12,12,6729,2716
compact51_marcy__paper_roles,2019-07-12 19:00:00,13.9303639338,31.0996559415,0,0,0,13,13,5911,2476
compact51_marcy__paper_roles,2019-07-12 20:00:00,15.489346319,34.2920369191,0,0,0,12,12,6720,2858
compact51_marcy__paper_roles,2019-07-12 21:00:00,16.2115582234,39.2737667349,0,0,0,12,12,7024,3387
compact51_marcy__paper_roles,2019-07-12 22:00:00,13.5120824139,31.1318803891,0,0,0,12,12,5645,2482
compact51_marcy__paper_roles,2019-07-12 23:00:00,16.5232253256,37.2242792062,0,0,0,12,12,7150,3180
compact51_marcy__paper_roles,2019-07-13 00:00:00,12.1147905509,26.7989272869,0,0,0,12,12,4602,1882
compact51_marcy__paper_roles,2019-07-13 01:00:00,8.99338066361,35.585844252,0,0,0,12,12,2028,3005
compact51_marcy__paper_roles,2019-07-13 02:00:00,7.00880712416,39.8194809174,0,0,0,12,12,739,3451
compact51_marcy__paper_roles,2019-07-13 03:00:00,4.45442584411,12.3341609997,0,0,0,12,12,50,90
compact51_marcy__paper_roles,2019-07-13 04:00:00,4.93155051965,12.5140224429,0,0,0,12,12,89,98
compact51_marcy__paper_roles,2019-07-13 05:00:00,5.52957069328,12.4933705216,0,0,0,12,12,191,97
compact51_marcy__paper_roles,2019-07-13 06:00:00,10.7317427519,17.9978236264,0,0,0,12,12,3493,589
compact51_marcy__paper_roles,2019-07-13 07:00:00,8.88389172517,15.4986749947,0,0,0,12,12,1930,314
compact51_marcy__paper_roles,2019-07-13 08:00:00,10.3951705028,27.6987085908,0,0,0,12,12,3212,2003
compact51_marcy__paper_roles,2019-07-13 09:00:00,8.76214245247,29.8558829569,0,0,0,12,12,1848,2321
compact51_marcy__paper_roles,2019-07-13 10:00:00,6.5493162316,12.6877751754,0,0,0,12,12,506,112
compact51_marcy__paper_roles,2019-07-13 11:00:00,7.63662718315,13.583493467,0,0,0,12,12,1094,178
compact51_marcy__paper_roles,2019-07-13 12:00:00,6.91065413423,12.5810294538,0,0,0,12,12,677,102
compact51_marcy__paper_roles,2019-07-13 13:00:00,6.99034695627,14.4599107421,0,0,0,12,12,727,232
compact51_marcy__paper_roles,2019-07-13 14:00:00,10.1710901719,25.4191145726,0,0,0,12,12,3006,1656
compact51_marcy__paper_roles,2019-07-13 15:00:00,11.7967779991,19.331632947,0,0,0,12,12,4350,775
compact51_marcy__paper_roles,2019-07-13 16:00:00,12.6381057266,20.1043393657,0,0,0,12,12,5017,888
compact51_marcy__paper_roles,2019-07-13 17:00:00,14.5046497221,28.3292580205,0,0,0,12,12,6237,2095
compact51_marcy__paper_roles,2019-07-13 18:00:00,17.9531899729,42.8833574897,0,0,0,12,12,7616,3691
compact51_marcy__paper_roles,2019-07-13 19:00:00,14.2319078061,36.6247653637,0,0,0,10,10,6091,3117
compact51_marcy__paper_roles,2019-07-13 20:00:00,17.2405855132,54.3989934611,0,0,0,14,14,7402,4539
compact51_marcy__paper_roles,2019-07-13 21:00:00,21.3182266681,71.523014421,0,0,0,9,9,8255,5338
compact51_marcy__paper_roles,2019-07-13 22:00:00,17.2734653505,50.6754501797,0,0,0,12,12,7420,4280
compact51_marcy__paper_roles,2019-07-13 23:00:00,17.0824711733,50.8703581346,0,0,0,12,12,7342,4298
compact51_marcy__paper_roles,2019-07-14 00:00:00,15.0227039712,30.0673041748,0,0,0,12,12,6500,2349
compact51_marcy__paper_roles,2019-07-14 01:00:00,10.5068048298,21.2580183616,0,0,0,13,13,3301,1048
compact51_marcy__paper_roles,2019-07-14 02:00:00,6.20969079528,15.7969448394,0,0,0,12,12,367,345
compact51_marcy__paper_roles,2019-07-14 03:00:00,6.17949113229,38.4166441701,0,0,0,12,12,356,3307
compact51_marcy__paper_roles,2019-07-14 04:00:00,5.9720912636,34.8839120024,0,0,0,12,12,296,2926
compact51_marcy__paper_roles,2019-07-14 05:00:00,5.50545524691,18.525480002,0,0,0,12,12,184,649
compact51_marcy__paper_roles,2019-07-14 06:00:00,8.15686392612,24.0581993251,0,0,0,12,12,1398,1467
compact51_marcy__paper_roles,2019-07-14 07:00:00,9.76307611359,45.195368101,0,0,0,12,12,2628,3872
compact51_marcy__paper_roles,2019-07-14 08:00:00,8.99507342123,37.9265451757,0,0,0,12,12,2031,3257
compact51_marcy__paper_roles,2019-07-14 09:00:00,7.32101245365,14.6792229298,0,0,0,12,12,888,246
compact51_marcy__paper_roles,2019-07-14 10:00:00,6.77134049533,11.2371290606,0,0,0,12,12,609,53
compact51_marcy__paper_roles,2019-07-14 11:00:00,7.89981158936,24.9270874352,0,0,0,12,12,1246,1578
compact51_marcy__paper_roles,2019-07-14 12:00:00,12.2945231495,23.7426125431,0,0,0,12,12,4740,1406
compact51_marcy__paper_roles,2019-07-14 13:00:00,14.2778265336,27.4046077573,0,0,0,12,12,6118,1963
compact51_marcy__paper_roles,2019-07-14 14:00:00,10.2231242598,19.152660209,0,0,0,12,12,3062,742
compact51_marcy__paper_roles,2019-07-14 15:00:00,9.72341435191,21.3416359289,0,0,0,13,12,2592,1061
compact51_marcy__paper_roles,2019-07-14 16:00:00,10.5059001242,23.7073733643,0,0,0,12,12,3299,1402
compact51_marcy__paper_roles,2019-07-14 17:00:00,12.4231739443,24.8896050805,0,0,0,12,12,4840,1572
compact51_marcy__paper_roles,2019-07-14 18:00:00,12.4769775478,25.1413374415,0,0,0,12,12,4896,1606
compact51_marcy__paper_roles,2019-07-14 19:00:00,16.8606502939,37.9993914562,0,0,0,12,12,7255,3264
compact51_marcy__paper_roles,2019-07-14 20:00:00,16.2198465994,44.7601276896,0,0,0,12,12,7025,3845
compact51_marcy__paper_roles,2019-07-14 21:00:00,14.8401505442,32.7072730779,0,0,0,12,12,6397,2669
compact51_marcy__paper_roles,2019-07-14 22:00:00,16.6200652962,39.3151222935,0,0,0,12,12,7188,3393
compact51_marcy__paper_roles,2019-07-14 23:00:00,16.483854848,42.0989315,0,0,0,12,12,7135,3631
compact51_marcy__paper_roles,2019-07-15 00:00:00,7.32457901747,20.7325820414,0,0,0,12,12,892,970
compact51_marcy__paper_roles,2019-07-15 01:00:00,7.14151157357,18.4402742698,0,0,0,12,12,799,636
compact51_marcy__paper_roles,2019-07-15 02:00:00,3.85679218344,11.4580574928,0,0,0,12,12,22,57
compact51_marcy__paper_roles,2019-07-15 03:00:00,5.20293974755,17.9075998661,0,0,0,12,12,130,581
compact51_marcy__paper_roles,2019-07-15 04:00:00,10.1281645302,27.7328354209,0,0,0,12,12,2962,2006
compact51_marcy__paper_roles,2019-07-15 05:00:00,15.4517528995,26.973034851,0,0,0,12,12,6701,1909
compact51_marcy__paper_roles,2019-07-15 06:00:00,11.1631566604,21.0767709601,0,0,0,13,13,3844,1026
compact51_marcy__paper_roles,2019-07-15 07:00:00,8.26203876328,17.4254514737,0,0,0,12,12,1475,528
compact51_marcy__paper_roles,2019-07-15 08:00:00,7.52933113414,17.7497767887,0,0,0,12,12,1037,564
compact51_marcy__paper_roles,2019-07-15 09:00:00,6.91597076837,44.5679245376,0,0,0,12,12,681,3829
compact51_marcy__paper_roles,2019-07-15 10:00:00,10.6882401866,150.15175081,1,0,0,14,13,3456,7058
compact51_marcy__paper_roles,2019-07-15 11:00:00,10.30164073,340.744294777,1,0,0,12,12,3128,8034
compact51_marcy__paper_roles,2019-07-15 12:00:00,8.67490187596,296.316570269,1,0,0,12,12,1793,7917
compact51_marcy__paper_roles,2019-07-15 13:00:00,8.4401287539,478.181324338,1,0,0,12,12,1610,8224
compact51_marcy__paper_roles,2019-07-15 14:00:00,8.96006360297,37.1977599996,0,0,0,12,12,1997,3178
compact51_marcy__paper_roles,2019-07-15 15:00:00,11.9447339563,152.574081171,0,0,0,12,12,4467,7087
compact51_marcy__paper_roles,2019-07-15 16:00:00,11.4632466288,393.120464538,0,0,0,12,12,4083,8129
compact51_marcy__paper_roles,2019-07-15 17:00:00,13.3837890508,185.010364638,1,0,0,12,12,5562,7383
compact51_marcy__paper_roles,2019-07-15 18:00:00,18.5026527092,230.890587455,1,0,0,12,12,7750,7665
compact51_marcy__paper_roles,2019-07-15 19:00:00,21.1828854057,119.286955416,1,0,0,12,12,8240,6607
compact51_marcy__paper_roles,2019-07-15 20:00:00,16.1583559573,83.5936651306,0,0,0,12,12,7006,5768
compact51_marcy__paper_roles,2019-07-15 21:00:00,17.8936931298,68.9072827004,0,0,0,12,12,7599,5237
compact51_marcy__paper_roles,2019-07-15 22:00:00,15.8285456627,31.5999170984,0,0,0,12,12,6863,2536
compact51_marcy__paper_roles,2019-07-15 23:00:00,17.7196732967,35.4564412068,0,0,0,12,12,7550,2996
compact51_marcy__paper_roles,2019-07-16 00:00:00,6.50272065613,15.9084269569,0,0,0,12,12,485,360
compact51_marcy__paper_roles,2019-07-16 01:00:00,7.65332616773,19.5283903699,0,0,0,12,12,1103,801
compact51_marcy__paper_roles,2019-07-16 02:00:00,5.11293358342,18.4296573368,0,0,0,12,12,112,635
compact51_marcy__paper_roles,2019-07-16 03:00:00,4.22367530982,7.21244288933,0,0,0,12,12,35,8
compact51_marcy__paper_roles,2019-07-16 04:00:00,5.81825272639,17.285534063,0,0,0,12,12,259,513
compact51_marcy__paper_roles,2019-07-16 05:00:00,7.8639918723,18.0929424224,0,0,0,12,12,1228,598
compact51_marcy__paper_roles,2019-07-16 06:00:00,5.18945732098,12.6130456449,0,0,0,12,12,124,107
compact51_marcy__paper_roles,2019-07-16 07:00:00,6.43540442163,17.8502892614,0,0,0,12,12,454,574
compact51_marcy__paper_roles,2019-07-16 08:00:00,10.4616986423,72.7094928522,0,0,0,12,12,3269,5370
compact51_marcy__paper_roles,2019-07-16 09:00:00,11.0996129761,227.694161072,1,0,0,13,12,3796,7647
compact51_marcy__paper_roles,2019-07-16 10:00:00,11.8355923848,488.012825584,1,0,0,12,12,4375,8236
compact51_marcy__paper_roles,2019-07-16 11:00:00,9.36023747783,90.6714512085,0,0,0,12,12,2318,5975
compact51_marcy__paper_roles,2019-07-16 12:00:00,7.77084238072,70.2531175196,0,0,0,12,12,1180,5284
compact51_marcy__paper_roles,2019-07-16 13:00:00,10.8563216635,92.9574191825,0,0,0,13,13,3606,6054
compact51_marcy__paper_roles,2019-07-16 14:00:00,14.6981043954,332.756670413,0,0,0,13,13,6323,8014
compact51_marcy__paper_roles,2019-07-16 15:00:00,12.6741102176,1204.10336957,0,0,0,11,11,5052,8536
compact51_marcy__paper_roles,2019-07-16 16:00:00,11.534757542,186.108038993,0,0,0,12,12,4150,7389
compact51_marcy__paper_roles,2019-07-16 17:00:00,14.1413038066,208.82682472,0,0,0,10,10,6036,7547
compact51_marcy__paper_roles,2019-07-16 18:00:00,12.3211376618,31.877068126,0,0,0,12,12,4764,2568
compact51_marcy__paper_roles,2019-07-16 19:00:00,13.2783487349,65.8714020267,0,0,0,12,12,5495,5116
compact51_marcy__paper_roles,2019-07-16 20:00:00,15.8666884106,69.8096377057,0,0,0,12,12,6883,5267
compact51_marcy__paper_roles,2019-07-16 21:00:00,17.5212613133,59.1052546899,0,0,0,12,12,7496,4788
compact51_marcy__paper_roles,2019-07-16 22:00:00,19.008204798,37.7136999173,0,0,0,12,12,7867,3233
compact51_marcy__paper_roles,2019-07-16 23:00:00,15.6369930294,23.6904307402,0,0,0,12,12,6787,1401
compact51_marcy__paper_roles,2019-07-17 00:00:00,15.7810951737,33.7180991825,0,0,0,12,12,6840,2785
compact51_marcy__paper_roles,2019-07-17 01:00:00,10.2266675274,19.7309699407,0,0,0,12,12,3066,836
compact51_marcy__paper_roles,2019-07-17 02:00:00,6.64612312156,16.1693513192,0,0,0,12,12,547,387
compact51_marcy__paper_roles,2019-07-17 03:00:00,3.00926622093,19.7210193307,0,0,0,12,12,6,834
compact51_marcy__paper_roles,2019-07-17 04:00:00,6.41813589185,32.2353590724,0,0,0,12,12,446,2620
compact51_marcy__paper_roles,2019-07-17 05:00:00,4.2592491518,19.7413419623,0,0,0,12,12,39,838
compact51_marcy__paper_roles,2019-07-17 06:00:00,6.24575910534,23.5650290442,0,0,0,12,12,388,1380
compact51_marcy__paper_roles,2019-07-17 07:00:00,10.4026620518,50.6964079298,0,0,0,12,12,3220,4281
compact51_marcy__paper_roles,2019-07-17 08:00:00,6.69228687033,33.7622138408,0,0,0,12,12,572,2796
compact51_marcy__paper_roles,2019-07-17 09:00:00,10.3725770757,83.5911136192,0,0,0,12,12,3184,5767
compact51_marcy__paper_roles,2019-07-17 10:00:00,10.4265411345,154.463206652,1,0,0,12,12,3234,7115
compact51_marcy__paper_roles,2019-07-17 11:00:00,8.61094098036,93.8709913781,0,0,0,12,12,1737,6078
compact51_marcy__paper_roles,2019-07-17 12:00:00,11.2832531664,81.0641144632,0,0,0,12,12,3934,5690
compact51_marcy__paper_roles,2019-07-17 13:00:00,11.9104296458,46.0362808798,0,0,0,12,12,4441,3940
compact51_marcy__paper_roles,2019-07-17 14:00:00,15.1023487641,57.1359292929,0,0,0,12,12,6533,4698
compact51_marcy__paper_roles,2019-07-17 15:00:00,20.9357662983,117.473067153,1,0,0,12,12,8197,6570
compact51_marcy__paper_roles,2019-07-17 16:00:00,26.0983328424,2957.40378579,1,0,0,12,12,8611,8666
compact51_marcy__paper_roles,2019-07-17 17:00:00,22.5831893231,3440.76595026,0,0,0,12,12,8387,8681
compact51_marcy__paper_roles,2019-07-17 18:00:00,28.8460248855,1381.67178671,0,0,0,12,12,8679,8557
compact51_marcy__paper_roles,2019-07-17 19:00:00,29.4072603193,2118.92913392,0,0,0,12,12,8686,8626
compact51_marcy__paper_roles,2019-07-17 20:00:00,40.9220250485,1746.73862202,1,0,0,12,12,8757,8593
compact51_marcy__paper_roles,2019-07-17 21:00:00,33.414550027,3571.02459946,1,0,0,12,12,8735,8684
compact51_marcy__paper_roles,2019-07-17 22:00:00,21.1662937455,220.359134481,1,0,0,12,12,8237,7607
compact51_marcy__paper_roles,2019-07-17 23:00:00,9.86434063088,28.2437304462,0,0,0,12,12,2716,2080
compact51_marcy__paper_roles,2019-07-18 00:00:00,10.3816259402,268.662977629,0,0,0,12,12,3191,7822
compact51_marcy__paper_roles,2019-07-18 01:00:00,10.2125251654,1998.21259066,1,0,0,12,12,3054,8615
compact51_marcy__paper_roles,2019-07-18 02:00:00,6.99417049049,184.893724832,0,0,0,14,13,730,7381
compact51_marcy__paper_roles,2019-07-18 03:00:00,3.67773371561,117.407110133,0,0,0,12,12,19,6568
compact51_marcy__paper_roles,2019-07-18 04:00:00,8.03843322572,196.278234468,0,0,0,12,12,1336,7466
compact51_marcy__paper_roles,2019-07-18 05:00:00,12.6313143793,244.419154161,0,0,0,12,12,5010,7734
compact51_marcy__paper_roles,2019-07-18 06:00:00,8.37677895095,492.531941326,0,0,0,12,12,1565,8245
compact51_marcy__paper_roles,2019-07-18 07:00:00,5.38753202813,28.2900347256,0,0,0,13,12,159,2089
compact51_marcy__paper_roles,2019-07-18 08:00:00,4.80655286187,53.2158347306,0,0,0,12,12,75,4465
compact51_marcy__paper_roles,2019-07-18 09:00:00,4.19179945403,50.9592759261,0,0,0,12,12,33,4304
compact51_marcy__paper_roles,2019-07-18 10:00:00,11.1990560137,689.525269163,1,0,0,12,12,3870,8394
compact51_marcy__paper_roles,2019-07-18 11:00:00,18.1777891608,139.449249013,0,0,0,12,12,7670,6931
compact51_marcy__paper_roles,2019-07-18 12:00:00,20.7235418121,162.209043445,0,0,0,13,13,8173,7191
compact51_marcy__paper_roles,2019-07-18 13:00:00,17.6487700783,23.9840753462,0,0,0,12,12,7526,1452
compact51_marcy__paper_roles,2019-07-18 14:00:00,13.0578999971,72.4066572471,0,0,0,12,11,5334,5364
compact51_marcy__paper_roles,2019-07-18 15:00:00,17.4929587132,28.9253958667,0,0,0,12,12,7491,2187
compact51_marcy__paper_roles,2019-07-18 16:00:00,11.388968087,30.8313469685,0,0,0,14,14,4013,2441
compact51_marcy__paper_roles,2019-07-18 17:00:00,13.7283230503,49.891049569,0,0,0,11,10,5785,4243
compact51_marcy__paper_roles,2019-07-18 18:00:00,15.9868610819,29.1926439035,0,0,0,12,12,6934,2227
compact51_marcy__paper_roles,2019-07-18 19:00:00,17.139447431,30.4269209858,0,0,0,10,10,7368,2383
compact51_marcy__paper_roles,2019-07-18 20:00:00,15.3809330276,21.8831539164,0,0,0,12,12,6670,1132
compact51_marcy__paper_roles,2019-07-18 21:00:00,18.5255662098,34.1813251358,0,0,0,12,12,7757,2839
compact51_marcy__paper_roles,2019-07-18 22:00:00,16.8740372903,35.358392838,0,0,0,12,12,7259,2979
compact51_marcy__paper_roles,2019-07-18 23:00:00,18.3401684591,99.6477752962,0,0,0,12,12,7717,6229
compact51_marcy__paper_roles,2019-07-19 00:00:00,16.2013071385,82.7052212625,0,0,0,12,12,7022,5733
compact51_marcy__paper_roles,2019-07-19 01:00:00,13.0083504489,115.216726459,1,0,0,12,12,5304,6541
compact51_marcy__paper_roles,2019-07-19 02:00:00,11.0444126471,181.109998089,1,0,0,12,12,3745,7358
compact51_marcy__paper_roles,2019-07-19 03:00:00,8.04678070511,576.110971395,1,0,0,12,12,1341,8321
compact51_marcy__paper_roles,2019-07-19 04:00:00,9.09831549284,522.009015582,1,0,0,12,12,2104,8274
compact51_marcy__paper_roles,2019-07-19 05:00:00,13.0848477178,255.535533459,1,0,0,12,12,5353,7781
compact51_marcy__paper_roles,2019-07-19 06:00:00,12.9073853888,128.420143806,1,0,0,12,12,5235,6786
compact51_marcy__paper_roles,2019-07-19 07:00:00,12.0743431231,77.896901862,0,0,0,12,12,4564,5573
compact51_marcy__paper_roles,2019-07-19 08:00:00,8.10130884905,39.6973965464,0,0,0,12,12,1370,3433
compact51_marcy__paper_roles,2019-07-19 09:00:00,6.1733099246,48.722881352,0,0,0,12,12,354,4156
compact51_marcy__paper_roles,2019-07-19 10:00:00,6.36753626184,27.640968998,0,0,0,12,12,430,1997
compact51_marcy__paper_roles,2019-07-19 11:00:00,8.6304492242,26.0601226174,0,0,0,12,12,1752,1760
compact51_marcy__paper_roles,2019-07-19 12:00:00,11.5145583417,32.3963878369,0,0,0,12,12,4134,2640
compact51_marcy__paper_roles,2019-07-19 13:00:00,11.7323398467,53.1393685944,0,0,0,12,12,4298,4459
compact51_marcy__paper_roles,2019-07-19 14:00:00,12.5402762798,120.766315581,1,0,0,12,12,4947,6644
compact51_marcy__paper_roles,2019-07-19 15:00:00,18.8016528699,206.810725735,1,0,0,12,12,7822,7536
compact51_marcy__paper_roles,2019-07-19 16:00:00,18.4013940121,203.372137385,0,0,0,14,14,7732,7514
compact51_marcy__paper_roles,2019-07-19 17:00:00,18.5403088572,88.5865334833,0,0,0,11,11,7760,5917
compact51_marcy__paper_roles,2019-07-19 18:00:00,17.7671158563,99.2099401067,0,0,0,12,12,7562,6218
compact51_marcy__paper_roles,2019-07-19 19:00:00,14.0059743516,32.2665149385,0,0,0,12,12,5951,2625
compact51_marcy__paper_roles,2019-07-19 20:00:00,15.1371460442,31.4218239551,0,0,0,12,12,6553,2517
compact51_marcy__paper_roles,2019-07-19 21:00:00,14.7255473554,34.2685758115,0,0,0,12,12,6336,2857
compact51_marcy__paper_roles,2019-07-19 22:00:00,17.3933066968,42.4378539788,0,0,0,12,12,7460,3654
compact51_marcy__paper_roles,2019-07-19 23:00:00,12.4089601576,37.6263823474,0,0,0,12,12,4827,3218
compact51_marcy__paper_roles,2019-07-20 00:00:00,11.9349458578,43.3207149803,0,0,0,12,12,4455,3736
compact51_marcy__paper_roles,2019-07-20 01:00:00,7.38727498826,54.5208792032,0,0,0,12,12,943,4547
compact51_marcy__paper_roles,2019-07-20 02:00:00,6.20275512118,11.1776219555,0,0,0,12,12,362,51
compact51_marcy__paper_roles,2019-07-20 03:00:00,3.1081596237,6.85742822402,0,0,0,12,12,7,6
compact51_marcy__paper_roles,2019-07-20 04:00:00,4.0178753901,15.3222652186,0,0,0,12,12,27,298
compact51_marcy__paper_roles,2019-07-20 05:00:00,5.60453805964,9.5531729329,0,0,0,12,12,203,20
compact51_marcy__paper_roles,2019-07-20 06:00:00,5.58881603798,21.6899346812,0,0,0,12,12,201,1108
compact51_marcy__paper_roles,2019-07-20 07:00:00,5.90622319491,9.27715216233,0,0,0,12,12,271,16
compact51_marcy__paper_roles,2019-07-20 08:00:00,6.31483824511,17.0802385004,0,0,0,12,12,410,485
compact51_marcy__paper_roles,2019-07-20 09:00:00,7.25097384504,19.2004150612,0,0,0,12,12,865,753
compact51_marcy__paper_roles,2019-07-20 10:00:00,5.60484174531,27.2602567973,0,0,0,12,12,204,1944
compact51_marcy__paper_roles,2019-07-20 11:00:00,11.1380564315,40.7890605494,0,0,0,12,12,3825,3535
compact51_marcy__paper_roles,2019-07-20 12:00:00,13.4989661219,53.5302967111,0,0,0,12,12,5638,4488
compact51_marcy__paper_roles,2019-07-20 13:00:00,12.4603334767,25.735531481,0,0,0,12,12,4881,1704
compact51_marcy__paper_roles,2019-07-20 14:00:00,11.4910160251,25.0214272431,0,0,0,12,12,4110,1587
compact51_marcy__paper_roles,2019-07-20 15:00:00,12.2951077025,32.0583028804,0,0,0,12,12,4741,2594
compact51_marcy__paper_roles,2019-07-20 16:00:00,16.8355034363,113.749777289,0,0,0,13,12,7246,6514
compact51_marcy__paper_roles,2019-07-20 17:00:00,21.0757702795,149.310645942,0,0,0,12,12,8221,7046
compact51_marcy__paper_roles,2019-07-20 18:00:00,18.2343147035,88.2331660424,0,0,0,12,12,7690,5904
compact51_marcy__paper_roles,2019-07-20 19:00:00,16.8578490915,55.3975021187,0,0,0,12,12,7254,4602
compact51_marcy__paper_roles,2019-07-20 20:00:00,18.0139329979,52.9745348855,0,0,0,12,12,7633,4441
compact51_marcy__paper_roles,2019-07-20 21:00:00,26.8039072496,99.861308513,0,0,0,12,12,8639,6238
compact51_marcy__paper_roles,2019-07-20 22:00:00,21.3318737995,76.9526678934,0,0,0,12,12,8257,5539
compact51_marcy__paper_roles,2019-07-20 23:00:00,12.6291994962,34.1144361931,0,0,0,12,12,5007,2831
compact51_marcy__paper_roles,2019-07-21 00:00:00,13.5846278435,26.30317865,0,0,0,12,12,5690,1809
compact51_marcy__paper_roles,2019-07-21 01:00:00,10.0934844871,19.7759728125,0,0,0,12,12,2932,844
compact51_marcy__paper_roles,2019-07-21 02:00:00,7.8399158181,15.2259555409,0,0,0,12,12,1216,288
compact51_marcy__paper_roles,2019-07-21 03:00:00,6.72286198056,33.5314369748,0,0,0,12,12,592,2759
compact51_marcy__paper_roles,2019-07-21 04:00:00,5.80006815354,34.9869507407,0,0,0,12,12,249,2937
compact51_marcy__paper_roles,2019-07-21 05:00:00,4.06772425916,25.8627891488,0,0,0,12,12,29,1725
compact51_marcy__paper_roles,2019-07-21 06:00:00,6.90184423805,25.2018843942,0,0,0,12,12,671,1618
compact51_marcy__paper_roles,2019-07-21 07:00:00,7.91295643515,24.7681776698,0,0,0,12,12,1257,1560
compact51_marcy__paper_roles,2019-07-21 08:00:00,5.94128024828,12.910175776,0,0,0,12,12,285,124
compact51_marcy__paper_roles,2019-07-21 09:00:00,7.29190295938,27.7353450916,0,0,0,12,12,878,2007
compact51_marcy__paper_roles,2019-07-21 10:00:00,6.67297228019,23.8847193859,0,0,0,12,12,562,1435
compact51_marcy__paper_roles,2019-07-21 11:00:00,7.0763329598,13.5707509315,0,0,0,12,12,772,177
compact51_marcy__paper_roles,2019-07-21 12:00:00,8.30384250739,14.3990071113,0,0,0,12,12,1502,230
compact51_marcy__paper_roles,2019-07-21 13:00:00,15.6425849467,37.7047845627,0,0,0,12,12,6790,3230
compact51_marcy__paper_roles,2019-07-21 14:00:00,13.9145933706,25.9369490338,0,0,0,12,12,5902,1737
compact51_marcy__paper_roles,2019-07-21 15:00:00,13.3198330397,25.5751308404,0,0,0,12,12,5528,1672
compact51_marcy__paper_roles,2019-07-21 16:00:00,13.1757326967,25.7339106462,0,0,0,12,12,5424,1703
compact51_marcy__paper_roles,2019-07-21 17:00:00,17.643820753,36.371144047,0,0,0,12,12,7524,3086
compact51_marcy__paper_roles,2019-07-21 18:00:00,20.7271825134,51.2532897606,0,0,0,13,11,8174,4328
compact51_marcy__paper_roles,2019-07-21 19:00:00,27.3129016776,58.806335928,0,0,0,12,12,8650,4770
compact51_marcy__paper_roles,2019-07-21 20:00:00,22.2990441931,63.1361817479,0,0,0,12,12,8357,4986
compact51_marcy__paper_roles,2019-07-21 21:00:00,21.8379203585,72.9187692796,0,0,0,12,12,8310,5381
compact51_marcy__paper_roles,2019-07-21 22:00:00,22.0665873508,53.1338266123,0,0,0,12,12,8335,4456
compact51_marcy__paper_roles,2019-07-21 23:00:00,16.01355517,38.1531699553,0,0,0,12,12,6944,3281
compact51_marcy__paper_roles,2019-07-22 00:00:00,13.022273937,25.1456132267,0,0,0,12,12,5314,1607
compact51_marcy__paper_roles,2019-07-22 01:00:00,8.21218301849,18.0585969894,0,0,0,12,12,1445,593
compact51_marcy__paper_roles,2019-07-22 02:00:00,7.74354308355,13.2141107071,0,0,0,12,12,1161,148
compact51_marcy__paper_roles,2019-07-22 03:00:00,4.0717619669,8.41326215877,0,0,0,12,12,30,10
compact51_marcy__paper_roles,2019-07-22 04:00:00,2.63260196309,5.31087567178,0,0,0,12,12,5,2
compact51_marcy__paper_roles,2019-07-22 05:00:00,6.81059606737,17.1820151911,0,0,0,12,12,628,496
compact51_marcy__paper_roles,2019-07-22 06:00:00,6.46677027898,23.1213306194,0,0,0,12,12,468,1316
compact51_marcy__paper_roles,2019-07-22 07:00:00,5.65099386722,12.7368241302,0,0,0,12,12,218,117
compact51_marcy__paper_roles,2019-07-22 08:00:00,6.90382584363,30.822315,0,0,0,12,12,672,2439
compact51_marcy__paper_roles,2019-07-22 09:00:00,6.77184757558,28.7054006307,0,0,0,12,12,610,2156
compact51_marcy__paper_roles,2019-07-22 10:00:00,9.11556428331,26.3302550869,0,0,0,12,12,2118,1816
compact51_marcy__paper_roles,2019-07-22 11:00:00,10.0735876156,22.9062400672,0,0,0,12,12,2917,1294
compact51_marcy__paper_roles,2019-07-22 12:00:00,8.89137714595,12.6249949436,0,0,0,12,12,1936,109
compact51_marcy__paper_roles,2019-07-22 13:00:00,13.5921090508,35.7394544076,0,0,0,12,12,5695,3024
compact51_marcy__paper_roles,2019-07-22 14:00:00,20.9297981374,54.2709259502,0,0,0,12,12,8195,4529
compact51_marcy__paper_roles,2019-07-22 15:00:00,24.7164112635,122.872588061,1,0,0,12,12,8550,6686
compact51_marcy__paper_roles,2019-07-22 16:00:00,31.0003637385,237.120651487,1,0,0,13,13,8717,7703
compact51_marcy__paper_roles,2019-07-22 17:00:00,30.0734875491,551.341865002,0,0,0,11,11,8703,8295
compact51_marcy__paper_roles,2019-07-22 18:00:00,28.6636483432,145.338998407,1,0,0,12,12,8676,6999
compact51_marcy__paper_roles,2019-07-22 19:00:00,19.5154665956,34.1272877174,0,0,0,12,12,7966,2833
compact51_marcy__paper_roles,2019-07-22 20:00:00,16.4613810233,27.8881024957,0,0,0,12,12,7127,2029
compact51_marcy__paper_roles,2019-07-22 21:00:00,18.4834089033,37.3993967373,0,0,0,12,12,7744,3195
compact51_marcy__paper_roles,2019-07-22 22:00:00,13.7505672577,27.7901423389,0,0,0,12,12,5799,2017
compact51_marcy__paper_roles,2019-07-22 23:00:00,13.4845403595,29.2514307582,0,0,0,12,12,5628,2237
compact51_marcy__paper_roles,2019-07-23 00:00:00,14.6726546442,33.5455968989,0,0,0,12,12,6308,2762
compact51_marcy__paper_roles,2019-07-23 01:00:00,9.18581688936,18.110651257,0,0,0,13,12,2173,602
compact51_marcy__paper_roles,2019-07-23 02:00:00,10.1457006926,18.9597558493,0,0,0,12,12,2976,716
compact51_marcy__paper_roles,2019-07-23 03:00:00,10.9337706598,36.3965282222,0,0,0,12,12,3666,3090
compact51_marcy__paper_roles,2019-07-23 04:00:00,10.8873811023,40.5924909755,0,0,0,12,12,3628,3514
compact51_marcy__paper_roles,2019-07-23 05:00:00,10.6305067822,19.4529283716,0,0,0,12,12,3414,790
compact51_marcy__paper_roles,2019-07-23 06:00:00,10.0687797047,43.8141474302,0,0,0,12,12,2912,3765
compact51_marcy__paper_roles,2019-07-23 07:00:00,10.6007177858,154.11190531,0,0,0,12,12,3393,7107
compact51_marcy__paper_roles,2019-07-23 08:00:00,9.51037679961,108.78949225,0,0,0,12,12,2439,6424
compact51_marcy__paper_roles,2019-07-23 09:00:00,10.374324263,123.166439128,0,0,0,12,12,3186,6693
compact51_marcy__paper_roles,2019-07-23 10:00:00,8.50133789168,89.7229381113,0,0,0,12,12,1659,5951
compact51_marcy__paper_roles,2019-07-23 11:00:00,7.73407665846,77.3159939144,0,0,0,13,13,1150,5554
compact51_marcy__paper_roles,2019-07-23 12:00:00,7.37967059363,99.4351022123,0,0,0,12,12,938,6225
compact51_marcy__paper_roles,2019-07-23 13:00:00,13.3252169056,4289.46497825,0,0,0,12,12,5531,8699
compact51_marcy__paper_roles,2019-07-23 14:00:00,11.6234505734,36.5379706417,0,0,0,12,12,4205,3105
compact51_marcy__paper_roles,2019-07-23 15:00:00,10.0377838464,18.1357440249,0,0,0,12,12,2886,608
compact51_marcy__paper_roles,2019-07-23 16:00:00,11.4982930201,22.1042759932,0,0,0,12,12,4115,1172
compact51_marcy__paper_roles,2019-07-23 17:00:00,14.4715307287,81.2361065779,0,0,0,13,12,6219,5696
compact51_marcy__paper_roles,2019-07-23 18:00:00,14.2100459225,95.887252335,0,0,0,14,14,6079,6140
compact51_marcy__paper_roles,2019-07-23 19:00:00,16.5695970952,330.162445368,1,0,0,11,11,7166,8005
compact51_marcy__paper_roles,2019-07-23 20:00:00,15.4433426615,448.121416507,1,0,0,12,12,6697,8190
compact51_marcy__paper_roles,2019-07-23 21:00:00,17.0900820153,681.227679154,1,0,0,12,12,7344,8387
compact51_marcy__paper_roles,2019-07-23 22:00:00,10.5410872709,20.3419442067,0,0,0,12,12,3332,911
compact51_marcy__paper_roles,2019-07-23 23:00:00,14.7087118048,89.8184615513,0,0,0,12,12,6327,5955
compact51_marcy__paper_roles,2019-07-24 00:00:00,8.9633834854,22.8604049288,0,0,0,12,12,2000,1285
compact51_marcy__paper_roles,2019-07-24 01:00:00,8.53017032649,75.8385426889,0,0,0,12,12,1678,5505
compact51_marcy__paper_roles,2019-07-24 02:00:00,8.85462409043,94.677574157,0,0,0,12,12,1911,6104
compact51_marcy__paper_roles,2019-07-24 03:00:00,6.00687651148,60.3443971893,0,0,0,12,12,306,4849
compact51_marcy__paper_roles,2019-07-24 04:00:00,9.91771440411,63.2376806019,0,0,0,12,12,2765,4994
compact51_marcy__paper_roles,2019-07-24 05:00:00,15.3108650956,103.115978462,0,0,0,12,12,6633,6317
compact51_marcy__paper_roles,2019-07-24 06:00:00,12.4105194195,187.895027944,0,0,0,12,12,4829,7405
compact51_marcy__paper_roles,2019-07-24 07:00:00,9.88774082071,125.545965466,0,0,0,12,12,2734,6729
compact51_marcy__paper_roles,2019-07-24 08:00:00,7.33508769621,54.427652432,0,0,0,13,12,899,4543
compact51_marcy__paper_roles,2019-07-24 09:00:00,5.85195028114,16.6676939859,0,0,0,13,13,263,448
compact51_marcy__paper_roles,2019-07-24 10:00:00,6.106625068,49.0905141679,0,0,0,12,12,337,4187
compact51_marcy__paper_roles,2019-07-24 11:00:00,10.9620428639,112.456573169,1,0,0,13,13,3693,6492
compact51_marcy__paper_roles,2019-07-24 12:00:00,9.33994199981,80.7603678989,0,0,0,11,11,2302,5677
compact51_marcy__paper_roles,2019-07-24 13:00:00,9.34766315262,102.228307915,1,0,0,12,12,2306,6299
compact51_marcy__paper_roles,2019-07-24 14:00:00,5.93805361193,17.3938931186,0,0,0,12,12,283,524
compact51_marcy__paper_roles,2019-07-24 15:00:00,6.48141546443,83.2482273111,0,0,0,12,12,474,5752
compact51_marcy__paper_roles,2019-07-24 16:00:00,6.97342313721,54.7435297274,0,0,0,12,12,718,4561
compact51_marcy__paper_roles,2019-07-24 17:00:00,6.86274671011,18.1958555951,0,0,0,12,12,654,613
compact51_marcy__paper_roles,2019-07-24 18:00:00,13.5957379676,25.0871192166,0,0,0,12,12,5697,1597
compact51_marcy__paper_roles,2019-07-24 19:00:00,15.2578052126,29.9080205118,0,0,0,13,12,6610,2331
compact51_marcy__paper_roles,2019-07-24 20:00:00,13.451519971,55.4895587051,0,0,0,12,12,5607,4610
compact51_marcy__paper_roles,2019-07-24 21:00:00,14.0293983022,62.5145050589,0,0,0,12,12,5967,4957
compact51_marcy__paper_roles,2019-07-24 22:00:00,9.92448428143,19.8126376186,0,0,0,12,12,2773,853
compact51_marcy__paper_roles,2019-07-24 23:00:00,12.0455791799,24.6100450006,0,0,0,12,12,4546,1538
compact51_marcy__paper_roles,2019-07-25 00:00:00,8.18976779311,18.7967658763,0,0,0,12,12,1427,693
compact51_marcy__paper_roles,2019-07-25 01:00:00,6.382170559,12.5957266406,0,0,0,12,12,435,104
compact51_marcy__paper_roles,2019-07-25 02:00:00,9.33089261613,20.0481619784,0,0,0,12,12,2298,878
compact51_marcy__paper_roles,2019-07-25 03:00:00,5.45209805156,12.410016655,0,0,0,12,12,171,92
compact51_marcy__paper_roles,2019-07-25 04:00:00,6.97713330385,18.9111282753,0,0,0,12,12,719,708
compact51_marcy__paper_roles,2019-07-25 05:00:00,10.153932823,25.8636115779,0,0,0,12,12,2985,1726
compact51_marcy__paper_roles,2019-07-25 06:00:00,9.72038646512,33.337067074,0,0,0,12,12,2590,2739
compact51_marcy__paper_roles,2019-07-25 07:00:00,7.63485494529,13.1844810931,0,0,0,12,12,1093,146
compact51_marcy__paper_roles,2019-07-25 08:00:00,8.19537700215,14.9225346978,0,0,0,12,12,1430,265
compact51_marcy__paper_roles,2019-07-25 09:00:00,8.63252284457,30.9186560968,0,0,0,12,12,1756,2458
compact51_marcy__paper_roles,2019-07-25 10:00:00,7.20221844695,19.019814467,0,0,0,12,12,834,725
compact51_marcy__paper_roles,2019-07-25 11:00:00,9.15955361722,64.2444504002,0,0,0,12,12,2153,5033
compact51_marcy__paper_roles,2019-07-25 12:00:00,6.69923630833,20.4533312645,0,0,0,12,12,577,929
compact51_marcy__paper_roles,2019-07-25 13:00:00,7.35411555138,38.3737245466,0,0,0,12,12,914,3301
compact51_marcy__paper_roles,2019-07-25 14:00:00,8.04102539573,55.8328264802,0,0,0,12,12,1338,4631
compact51_marcy__paper_roles,2019-07-25 15:00:00,9.7980966692,16.4068412628,0,0,0,12,12,2657,419
compact51_marcy__paper_roles,2019-07-25 16:00:00,9.87605850582,15.8527181405,0,0,0,12,12,2723,354
compact51_marcy__paper_roles,2019-07-25 17:00:00,12.4459364233,56.3602952009,0,0,0,12,12,4864,4655
compact51_marcy__paper_roles,2019-07-25 18:00:00,13.6783638747,21.4901723257,0,0,0,12,12,5752,1079
compact51_marcy__paper_roles,2019-07-25 19:00:00,15.8191725257,167.746346402,1,0,0,12,12,6857,7246
compact51_marcy__paper_roles,2019-07-25 20:00:00,12.0369717469,65.4134512289,0,0,0,12,12,4536,5094
compact51_marcy__paper_roles,2019-07-25 21:00:00,10.0535150036,33.4379225574,0,0,0,12,12,2894,2750
compact51_marcy__paper_roles,2019-07-25 22:00:00,10.3729262166,22.4709072027,0,0,0,12,12,3185,1222
compact51_marcy__paper_roles,2019-07-25 23:00:00,16.2804479266,33.6427255393,0,0,0,12,12,7054,2774
compact51_marcy__paper_roles,2019-07-26 00:00:00,7.4977454669,19.4397203538,0,0,0,12,12,1021,787
compact51_marcy__paper_roles,2019-07-26 01:00:00,8.1575246798,20.3323466569,0,0,0,12,12,1399,910
compact51_marcy__paper_roles,2019-07-26 02:00:00,7.69382985269,16.653073003,0,0,0,12,12,1127,446
compact51_marcy__paper_roles,2019-07-26 03:00:00,5.19063280368,12.6993021762,0,0,0,12,12,126,113
compact51_marcy__paper_roles,2019-07-26 04:00:00,10.4317262978,30.6451287762,0,0,0,12,12,3240,2412
compact51_marcy__paper_roles,2019-07-26 05:00:00,14.5048739958,42.1483808663,0,0,0,12,12,6238,3635
compact51_marcy__paper_roles,2019-07-26 06:00:00,12.3152299324,153.936899922,0,0,0,12,12,4757,7103
compact51_marcy__paper_roles,2019-07-26 07:00:00,7.16019249595,16.5956405521,0,0,0,12,12,807,438
compact51_marcy__paper_roles,2019-07-26 08:00:00,6.6381119713,18.5534352485,0,0,0,12,12,542,653
compact51_marcy__paper_roles,2019-07-26 09:00:00,7.27747593647,36.8261335637,0,0,0,12,12,874,3140
compact51_marcy__paper_roles,2019-07-26 10:00:00,6.70457738835,25.2009376766,0,0,0,12,12,582,1617
compact51_marcy__paper_roles,2019-07-26 11:00:00,8.70087633943,48.9670390172,0,0,0,12,12,1808,4176
compact51_marcy__paper_roles,2019-07-26 12:00:00,9.1307145167,67.925241673,0,0,0,12,12,2134,5200
compact51_marcy__paper_roles,2019-07-26 13:00:00,8.45647763525,75.5002374757,0,0,0,12,12,1624,5491
compact51_marcy__paper_roles,2019-07-26 14:00:00,9.6199533871,94.2158178407,0,0,0,12,12,2514,6090
compact51_marcy__paper_roles,2019-07-26 15:00:00,10.0450960306,105.778726737,1,0,0,12,12,2890,6377
compact51_marcy__paper_roles,2019-07-26 16:00:00,11.6097864655,86.1700767704,0,0,0,12,12,4198,5861
compact51_marcy__paper_roles,2019-07-26 17:00:00,12.962155294,81.3666292794,0,0,0,12,12,5275,5703
compact51_marcy__paper_roles,2019-07-26 18:00:00,18.4378445302,91.8415532589,0,0,0,12,12,7736,6014
compact51_marcy__paper_roles,2019-07-26 19:00:00,25.5462519764,104.393837664,1,0,0,12,12,8589,6349
compact51_marcy__paper_roles,2019-07-26 20:00:00,24.2527313666,104.659203445,1,0,0,12,12,8513,6354
compact51_marcy__paper_roles,2019-07-26 21:00:00,29.7109651019,149.854517549,1,0,0,12,12,8698,7053
compact51_marcy__paper_roles,2019-07-26 22:00:00,26.4836312955,99.8378623213,0,0,0,12,12,8627,6235
compact51_marcy__paper_roles,2019-07-26 23:00:00,28.4352796727,62.2604634014,0,0,0,12,12,8670,4944
compact51_marcy__paper_roles,2019-07-27 00:00:00,24.7761961938,32.251429658,0,0,0,12,12,8555,2623
compact51_marcy__paper_roles,2019-07-27 01:00:00,24.7821630332,44.1376447641,0,0,0,12,12,8557,3800
compact51_marcy__paper_roles,2019-07-27 02:00:00,23.1966223816,51.6343276208,0,0,0,12,12,8436,4357
compact51_marcy__paper_roles,2019-07-27 03:00:00,22.5515716053,75.6604962308,0,0,0,12,12,8380,5499
compact51_marcy__paper_roles,2019-07-27 04:00:00,25.0810515728,88.6476986526,0,0,0,12,12,8571,5919
compact51_marcy__paper_roles,2019-07-27 05:00:00,25.6518126564,94.7884752705,0,0,0,12,12,8595,6108
compact51_marcy__paper_roles,2019-07-27 06:00:00,24.8790470113,99.7406311688,0,0,0,12,12,8561,6233
compact51_marcy__paper_roles,2019-07-27 07:00:00,21.7563364174,93.0775320761,0,0,0,12,12,8301,6056
compact51_marcy__paper_roles,2019-07-27 08:00:00,14.5595336953,49.5667645976,0,0,0,13,12,6260,4222
compact51_marcy__paper_roles,2019-07-27 09:00:00,14.8075470472,50.3062637513,0,0,0,12,12,6385,4264
compact51_marcy__paper_roles,2019-07-27 10:00:00,14.9663375336,45.6144965316,0,0,0,12,12,6462,3908
compact51_marcy__paper_roles,2019-07-27 11:00:00,19.2202234973,67.0382498137,0,0,0,12,12,7909,5161
compact51_marcy__paper_roles,2019-07-27 12:00:00,23.6861700386,87.793957492,0,0,0,12,12,8473,5890
compact51_marcy__paper_roles,2019-07-27 13:00:00,22.5911662926,77.8397540458,0,0,0,12,12,8388,5568
compact51_marcy__paper_roles,2019-07-27 14:00:00,19.7678504251,83.6998952312,0,0,0,12,12,8017,5774
compact51_marcy__paper_roles,2019-07-27 15:00:00,19.3918210706,92.0885855082,0,0,0,12,12,7938,6026
compact51_marcy__paper_roles,2019-07-27 16:00:00,22.7109477797,82.2601506347,0,0,0,12,12,8397,5721
compact51_marcy__paper_roles,2019-07-27 17:00:00,27.0947000581,95.6513360484,0,0,0,12,12,8644,6129
compact51_marcy__paper_roles,2019-07-27 18:00:00,30.7107110078,91.5969294967,0,0,0,12,12,8715,6005
compact51_marcy__paper_roles,2019-07-27 19:00:00,21.8224129151,82.1478552569,0,0,0,12,12,8309,5718
compact51_marcy__paper_roles,2019-07-27 20:00:00,15.8351343134,58.7162408641,0,0,0,12,12,6870,4768
compact51_marcy__paper_roles,2019-07-27 21:00:00,16.892928255,48.2442261962,0,0,0,12,12,7267,4112
compact51_marcy__paper_roles,2019-07-27 22:00:00,14.3790297995,30.0978565078,0,0,0,12,12,6170,2351
compact51_marcy__paper_roles,2019-07-27 23:00:00,17.3133410183,64.7682834611,0,0,0,12,12,7431,5064
compact51_marcy__paper_roles,2019-07-28 00:00:00,11.2849566338,59.9201752526,0,0,0,12,12,3936,4833
compact51_marcy__paper_roles,2019-07-28 01:00:00,13.7217939862,169.593768417,0,0,0,12,12,5782,7262
compact51_marcy__paper_roles,2019-07-28 02:00:00,10.6986554782,38.776630524,0,0,0,12,12,3465,3335
compact51_marcy__paper_roles,2019-07-28 03:00:00,11.4045698072,160.82202233,0,0,0,12,12,4028,7178
compact51_marcy__paper_roles,2019-07-28 04:00:00,9.41397651382,135.273137622,0,0,0,12,12,2362,6877
compact51_marcy__paper_roles,2019-07-28 05:00:00,11.6521312866,338.018979129,0,0,0,12,12,4231,8028
compact51_marcy__paper_roles,2019-07-28 06:00:00,11.4388827009,153.599236945,0,0,0,12,12,4061,7100
compact51_marcy__paper_roles,2019-07-28 07:00:00,11.3847264349,41.0443919668,0,0,0,12,12,4008,3558
compact51_marcy__paper_roles,2019-07-28 08:00:00,10.8410386579,98.7067910309,0,0,0,13,13,3591,6201
compact51_marcy__paper_roles,2019-07-28 09:00:00,7.61958984574,15.4182773537,0,0,0,13,12,1084,308
compact51_marcy__paper_roles,2019-07-28 10:00:00,7.287245885,18.6381190138,0,0,0,12,12,876,668
compact51_marcy__paper_roles,2019-07-28 11:00:00,9.05921677883,36.6431355452,0,0,0,12,12,2081,3119
compact51_marcy__paper_roles,2019-07-28 12:00:00,10.6929418842,47.1603957248,0,0,0,12,12,3461,4015
compact51_marcy__paper_roles,2019-07-28 13:00:00,11.6490509792,44.0438786417,0,0,0,12,12,4229,3790
compact51_marcy__paper_roles,2019-07-28 14:00:00,10.3507208597,34.1731717751,0,0,0,12,12,3167,2837
compact51_marcy__paper_roles,2019-07-28 15:00:00,12.3858487275,41.9389769517,0,0,0,12,12,4805,3615
compact51_marcy__paper_roles,2019-07-28 16:00:00,12.4055296669,44.3197056238,0,0,0,12,12,4824,3814
compact51_marcy__paper_roles,2019-07-28 17:00:00,13.2190380545,61.5683814505,0,0,0,12,12,5456,4908
compact51_marcy__paper_roles,2019-07-28 18:00:00,16.1451251983,75.7215211532,0,0,0,12,12,6999,5501
compact51_marcy__paper_roles,2019-07-28 19:00:00,17.067054021,88.3994266038,0,0,0,12,12,7333,5911
compact51_marcy__paper_roles,2019-07-28 20:00:00,15.8291798105,77.7330442799,0,0,0,12,12,6865,5563
compact51_marcy__paper_roles,2019-07-28 21:00:00,16.6093859723,79.2422672308,0,0,0,12,12,7182,5617
compact51_marcy__paper_roles,2019-07-28 22:00:00,13.2439679608,51.3075524577,0,0,0,12,12,5471,4334
compact51_marcy__paper_roles,2019-07-28 23:00:00,18.8387455292,39.2991051375,0,0,0,12,12,7835,3390
compact51_marcy__paper_roles,2019-07-29 00:00:00,14.6867318945,78.0645601532,0,0,0,12,12,6315,5580
compact51_marcy__paper_roles,2019-07-29 01:00:00,7.66232736719,22.3782540417,0,0,0,12,12,1107,1203
compact51_marcy__paper_roles,2019-07-29 02:00:00,5.95299010424,16.6197867101,0,0,0,12,12,290,442
compact51_marcy__paper_roles,2019-07-29 03:00:00,4.87050088763,14.8663113771,0,0,0,12,12,84,257
compact51_marcy__paper_roles,2019-07-29 04:00:00,6.39319739339,16.2175512214,0,0,0,12,12,443,390
compact51_marcy__paper_roles,2019-07-29 05:00:00,11.0653522236,87.506984392,0,0,0,12,12,3762,5886
compact51_marcy__paper_roles,2019-07-29 06:00:00,6.78478570045,12.6511480506,0,0,0,12,12,616,110
compact51_marcy__paper_roles,2019-07-29 07:00:00,10.6953532197,52.1985747333,0,0,0,12,12,3463,4392
compact51_marcy__paper_roles,2019-07-29 08:00:00,10.8632335055,72.4171039803,0,0,0,12,12,3610,5366
compact51_marcy__paper_roles,2019-07-29 09:00:00,9.99125574152,74.6950669509,0,0,0,12,12,2836,5457
compact51_marcy__paper_roles,2019-07-29 10:00:00,11.7039183319,120.697918724,1,0,0,12,12,4281,6642
compact51_marcy__paper_roles,2019-07-29 11:00:00,12.582383407,98.4378415153,0,0,0,12,12,4968,6196
compact51_marcy__paper_roles,2019-07-29 12:00:00,14.2852188402,81.3442053847,0,0,0,12,12,6121,5702
compact51_marcy__paper_roles,2019-07-29 13:00:00,14.4049996158,52.5300704959,0,0,0,12,12,6186,4413
compact51_marcy__paper_roles,2019-07-29 14:00:00,16.7642416327,25.803705284,0,0,0,12,12,7226,1712
compact51_marcy__paper_roles,2019-07-29 15:00:00,18.3530133506,29.1347857761,0,0,0,12,12,7721,2218
compact51_marcy__paper_roles,2019-07-29 16:00:00,17.040324084,25.2912147557,0,0,0,12,12,7320,1633
compact51_marcy__paper_roles,2019-07-29 17:00:00,14.9179030566,24.0481673184,0,0,0,12,12,6442,1465
compact51_marcy__paper_roles,2019-07-29 18:00:00,15.2083388986,32.6433263942,0,0,0,12,12,6587,2662
compact51_marcy__paper_roles,2019-07-29 19:00:00,18.2864269768,52.072140832,0,0,0,12,12,7707,4386
compact51_marcy__paper_roles,2019-07-29 20:00:00,17.8550895104,62.045290036,0,0,0,12,12,7588,4938
compact51_marcy__paper_roles,2019-07-29 21:00:00,24.4159084175,232.480848515,1,0,0,12,12,8528,7673
compact51_marcy__paper_roles,2019-07-29 22:00:00,23.925128842,314.823793497,1,0,0,12,12,8486,7966
compact51_marcy__paper_roles,2019-07-29 23:00:00,17.4692600464,352.580825965,1,0,0,12,12,7485,8069
compact51_marcy__paper_roles,2019-07-30 00:00:00,18.8760812145,575.909252965,0,0,0,12,12,7843,8320
compact51_marcy__paper_roles,2019-07-30 01:00:00,16.5282138978,315.155568757,0,0,0,12,12,7151,7967
compact51_marcy__paper_roles,2019-07-30 02:00:00,13.9356805254,235.041786914,0,0,0,12,12,5915,7690
compact51_marcy__paper_roles,2019-07-30 03:00:00,9.96275347367,650.332515208,1,0,0,12,12,2810,8363
compact51_marcy__paper_roles,2019-07-30 04:00:00,5.03879414775,224.552816094,0,0,0,12,12,101,7632
compact51_marcy__paper_roles,2019-07-30 05:00:00,6.72849750862,128.905264088,0,0,0,12,12,594,6791
compact51_marcy__paper_roles,2019-07-30 06:00:00,10.4472922918,96.0878812672,0,0,0,12,12,3254,6149
compact51_marcy__paper_roles,2019-07-30 07:00:00,12.6170941382,103.925763978,1,0,0,12,12,4996,6339
compact51_marcy__paper_roles,2019-07-30 08:00:00,11.1009355704,108.213507341,1,0,0,12,12,3798,6411
compact51_marcy__paper_roles,2019-07-30 09:00:00,9.89484596233,91.2850628202,0,0,0,12,12,2743,5993
compact51_marcy__paper_roles,2019-07-30 10:00:00,10.5318932822,94.8062831381,0,0,0,12,12,3326,6110
compact51_marcy__paper_roles,2019-07-30 11:00:00,11.0229618387,63.4313867921,0,0,0,12,12,3730,5000
compact51_marcy__paper_roles,2019-07-30 12:00:00,15.0074218064,75.9561139323,0,0,0,12,12,6491,5512
compact51_marcy__paper_roles,2019-07-30 13:00:00,16.189426184,60.9476490068,0,0,0,12,12,7016,4880
compact51_marcy__paper_roles,2019-07-30 14:00:00,16.8529037609,57.8004528497,0,0,0,12,12,7252,4733
compact51_marcy__paper_roles,2019-07-30 15:00:00,14.2019946586,40.3883534028,0,0,0,12,12,6070,3496
compact51_marcy__paper_roles,2019-07-30 16:00:00,13.928785848,33.9252081378,0,0,0,12,12,5910,2814
compact51_marcy__paper_roles,2019-07-30 17:00:00,15.5571122802,33.2438982087,0,0,0,12,12,6752,2728
compact51_marcy__paper_roles,2019-07-30 18:00:00,18.4780183452,71.7522275244,0,0,0,12,12,7742,5343
compact51_marcy__paper_roles,2019-07-30 19:00:00,20.0666734864,112.690966876,1,0,0,12,12,8064,6495
compact51_marcy__paper_roles,2019-07-30 20:00:00,23.267695754,140.840429362,1,0,0,12,12,8442,6950
compact51_marcy__paper_roles,2019-07-30 21:00:00,23.205479315,152.444478261,1,0,0,12,12,8437,7084
compact51_marcy__paper_roles,2019-07-30 22:00:00,19.2152819798,123.211378291,1,0,0,12,12,7906,6694
compact51_marcy__paper_roles,2019-07-30 23:00:00,19.5422203364,96.5089805768,0,0,0,12,12,7973,6160
compact51_marcy__paper_roles,2019-07-31 00:00:00,13.6489796615,154.231418424,1,0,0,12,12,5733,7110
compact51_marcy__paper_roles,2019-07-31 01:00:00,7.95860653781,106.230519818,1,0,0,12,12,1285,6386
compact51_marcy__paper_roles,2019-07-31 02:00:00,7.73458594917,69.8721871545,0,0,0,12,12,1151,5270
compact51_marcy__paper_roles,2019-07-31 03:00:00,6.02052100914,47.2074019596,0,0,0,12,12,309,4021
compact51_marcy__paper_roles,2019-07-31 04:00:00,4.10941260803,38.8239387927,0,0,0,12,12,32,3339
compact51_marcy__paper_roles,2019-07-31 05:00:00,8.93619659902,53.2529890952,0,0,0,12,12,1972,4469
compact51_marcy__paper_roles,2019-07-31 06:00:00,8.84494910858,37.299190036,0,0,0,12,12,1906,3189
compact51_marcy__paper_roles,2019-07-31 07:00:00,8.36376834581,56.4779249078,0,0,0,12,12,1555,4662
compact51_marcy__paper_roles,2019-07-31 08:00:00,10.2759222028,126.637973942,1,0,0,12,12,3109,6751
compact51_marcy__paper_roles,2019-07-31 09:00:00,10.7683642775,206.808166645,1,0,0,12,12,3527,7535
compact51_marcy__paper_roles,2019-07-31 10:00:00,11.1409272355,136.624228438,1,0,0,12,12,3828,6890
compact51_marcy__paper_roles,2019-07-31 11:00:00,11.4337683135,140.278720684,1,0,0,12,12,4056,6942
compact51_marcy__paper_roles,2019-07-31 12:00:00,13.9176367378,145.518866603,1,0,0,12,12,5907,7002
compact51_marcy__paper_roles,2019-07-31 13:00:00,20.1286493479,125.906670594,1,0,0,12,12,8073,6738
compact51_marcy__paper_roles,2019-07-31 14:00:00,22.6702146855,507.835391789,1,0,0,12,12,8392,8260
compact51_marcy__paper_roles,2019-07-31 15:00:00,20.987884351,741.154748029,0,0,0,12,12,8207,8413
compact51_marcy__paper_roles,2019-07-31 16:00:00,18.8411864872,76.9060840622,0,0,0,12,12,7837,5538
compact51_marcy__paper_roles,2019-07-31 17:00:00,24.0721431177,209.338664689,0,0,0,14,14,8500,7551
compact51_marcy__paper_roles,2019-07-31 18:00:00,22.5623670708,80.6615097039,0,0,0,11,11,8383,5670
compact51_marcy__paper_roles,2019-07-31 19:00:00,19.450572927,74.512745521,0,0,0,12,12,7953,5453
compact51_marcy__paper_roles,2019-07-31 20:00:00,18.6335205268,307.25422214,0,0,0,12,12,7791,7951
compact51_marcy__paper_roles,2019-07-31 21:00:00,21.0014747278,162.571306524,0,0,0,12,12,8212,7195
compact51_marcy__paper_roles,2019-07-31 22:00:00,21.0618611052,217.790550062,0,0,0,12,12,8219,7598
compact51_marcy__paper_roles,2019-07-31 23:00:00,12.6249665499,49.5177665238,0,0,0,12,12,5004,4218
compact51_marcy__paper_roles,2019-08-01 00:00:00,8.51026174095,95.9396991245,0,0,0,12,12,1664,6144
compact51_marcy__paper_roles,2019-08-01 01:00:00,3.21818451743,39.8690269653,0,0,0,12,12,10,3456
compact51_marcy__paper_roles,2019-08-01 02:00:00,3.88300517534,16.6194617722,0,0,0,12,12,23,441
compact51_marcy__paper_roles,2019-08-01 03:00:00,6.97922107164,23.3785611938,0,0,0,12,12,722,1352
compact51_marcy__paper_roles,2019-08-01 04:00:00,8.66151914707,25.5759617577,0,0,0,12,12,1781,1673
compact51_marcy__paper_roles,2019-08-01 05:00:00,7.08127879987,23.9085431604,0,0,0,12,12,774,1439
compact51_marcy__paper_roles,2019-08-01 06:00:00,5.12556456315,13.3715871066,0,0,0,13,12,113,162
compact51_marcy__paper_roles,2019-08-01 07:00:00,7.97368408563,39.6166613146,0,0,0,12,12,1291,3424
compact51_marcy__paper_roles,2019-08-01 08:00:00,12.39946962,130.947575552,1,0,0,12,12,4821,6819
compact51_marcy__paper_roles,2019-08-01 09:00:00,8.61717789411,212.629735804,1,0,0,12,12,1740,7565
compact51_marcy__paper_roles,2019-08-01 10:00:00,11.593562124,330.444424397,1,0,0,12,12,4191,8006
compact51_marcy__paper_roles,2019-08-01 11:00:00,9.43100825051,458.921469491,1,0,0,12,12,2377,8204
compact51_marcy__paper_roles,2019-08-01 12:00:00,11.3415413025,267.462414304,1,0,0,12,12,3971,7815
compact51_marcy__paper_roles,2019-08-01 13:00:00,11.3194047427,214.119680609,1,0,0,12,12,3957,7572
compact51_marcy__paper_roles,2019-08-01 14:00:00,14.7623760884,246.563399062,1,0,0,12,12,6357,7743
compact51_marcy__paper_roles,2019-08-01 15:00:00,17.3386972007,197.574662094,0,0,0,12,12,7440,7474
compact51_marcy__paper_roles,2019-08-01 16:00:00,18.7019023211,633.702497794,1,0,0,12,12,7809,8356
compact51_marcy__paper_roles,2019-08-01 17:00:00,16.0686124947,903.56329404,1,0,0,12,12,6965,8470
compact51_marcy__paper_roles,2019-08-01 18:00:00,15.5542501896,517.323861353,1,0,0,12,12,6751,8271
compact51_marcy__paper_roles,2019-08-01 19:00:00,15.6374781208,279.95344422,1,0,0,12,12,6788,7861
compact51_marcy__paper_roles,2019-08-01 20:00:00,19.2040655881,176.059096047,1,0,0,12,12,7902,7322
compact51_marcy__paper_roles,2019-08-01 21:00:00,18.387575139,122.065732369,1,0,0,12,12,7729,6667
compact51_marcy__paper_roles,2019-08-01 22:00:00,14.1738757815,117.257327002,1,0,0,12,12,6056,6564
compact51_marcy__paper_roles,2019-08-01 23:00:00,12.2656822978,293.263585352,0,0,0,12,12,4723,7908
compact51_marcy__paper_roles,2019-08-02 00:00:00,6.73088061099,14.539183798,0,0,0,12,12,595,239
compact51_marcy__paper_roles,2019-08-02 01:00:00,10.7077181343,88.0889120358,0,0,0,12,12,3476,5898
compact51_marcy__paper_roles,2019-08-02 02:00:00,11.2557964628,71.8794088277,0,0,0,12,12,3908,5348
compact51_marcy__paper_roles,2019-08-02 03:00:00,6.91741809929,84.7871366161,0,0,0,12,12,683,5810
compact51_marcy__paper_roles,2019-08-02 04:00:00,7.19217880455,98.0342839366,0,0,0,12,12,827,6188
compact51_marcy__paper_roles,2019-08-02 05:00:00,12.6752216864,115.617448916,1,0,0,12,12,5053,6547
compact51_marcy__paper_roles,2019-08-02 06:00:00,10.5358972337,201.416315512,0,0,0,12,12,3328,7503
compact51_marcy__paper_roles,2019-08-02 07:00:00,9.41826095694,18.2651273034,0,0,0,12,12,2368,621
compact51_marcy__paper_roles,2019-08-02 08:00:00,9.20973424599,14.6639605424,0,0,0,12,12,2191,245
compact51_marcy__paper_roles,2019-08-02 09:00:00,8.33448401135,33.1468067563,0,0,0,12,12,1530,2717
compact51_marcy__paper_roles,2019-08-02 10:00:00,10.1233095493,126.474782899,1,0,0,12,12,2958,6748
compact51_marcy__paper_roles,2019-08-02 11:00:00,11.9672078153,163.806744145,1,0,0,12,12,4482,7213
compact51_marcy__paper_roles,2019-08-02 12:00:00,15.1214067412,368.477540369,1,0,0,12,12,6546,8098
compact51_marcy__paper_roles,2019-08-02 13:00:00,15.5171951857,439.037322913,1,0,0,12,12,6732,8180
compact51_marcy__paper_roles,2019-08-02 14:00:00,14.2803877085,867.675382745,1,0,0,12,12,6119,8460
compact51_marcy__paper_roles,2019-08-02 15:00:00,14.3685154646,169.599601768,0,0,0,12,12,6161,7263
compact51_marcy__paper_roles,2019-08-02 16:00:00,14.8674771383,22.6846247217,0,0,0,12,12,6409,1258
compact51_marcy__paper_roles,2019-08-02 17:00:00,17.8813259069,83.7404877235,0,0,0,12,12,7594,5776
compact51_marcy__paper_roles,2019-08-02 18:00:00,24.0602790397,177.756949018,1,0,0,12,12,8498,7335
compact51_marcy__paper_roles,2019-08-02 19:00:00,25.2820112295,227.882251617,1,0,0,12,12,8581,7651
compact51_marcy__paper_roles,2019-08-02 20:00:00,24.0992818071,155.515718814,1,0,0,12,12,8503,7122
compact51_marcy__paper_roles,2019-08-02 21:00:00,26.5882942843,95.7042591862,0,0,0,12,12,8632,6131
compact51_marcy__paper_roles,2019-08-02 22:00:00,19.6101281322,76.5105919195,0,0,0,12,12,7984,5528
compact51_marcy__paper_roles,2019-08-02 23:00:00,17.4743882207,288.51585872,1,0,0,12,12,7487,7901
compact51_marcy__paper_roles,2019-08-03 00:00:00,9.25026918216,21.3071499776,0,0,0,12,12,2225,1053
compact51_marcy__paper_roles,2019-08-03 01:00:00,4.23794963944,28.1211111961,0,0,0,12,12,36,2064
compact51_marcy__paper_roles,2019-08-03 02:00:00,4.57939723569,26.7830689567,0,0,0,12,12,56,1879
compact51_marcy__paper_roles,2019-08-03 03:00:00,3.30460529523,24.2564727266,0,0,0,12,12,12,1492
compact51_marcy__paper_roles,2019-08-03 04:00:00,5.85207417308,11.507681943,0,0,0,12,12,264,59
compact51_marcy__paper_roles,2019-08-03 05:00:00,12.1604938549,59.9062842085,0,0,0,12,12,4639,4832
compact51_marcy__paper_roles,2019-08-03 06:00:00,14.6802832558,118.00309553,0,0,0,12,12,6313,6584
compact51_marcy__paper_roles,2019-08-03 07:00:00,17.9478292686,91.9478217459,0,0,0,12,12,7615,6018
compact51_marcy__paper_roles,2019-08-03 08:00:00,16.4130152515,86.4382824991,0,0,0,12,12,7107,5868
compact51_marcy__paper_roles,2019-08-03 09:00:00,19.9448404167,110.912471237,1,0,0,12,12,8044,6463
compact51_marcy__paper_roles,2019-08-03 10:00:00,24.7040445261,146.887361528,1,0,0,12,12,8548,7023
compact51_marcy__paper_roles,2019-08-03 11:00:00,29.6142709012,168.000148242,1,0,0,12,12,8695,7250
compact51_marcy__paper_roles,2019-08-03 12:00:00,29.0086572581,216.501953534,1,0,0,13,13,8682,7590
compact51_marcy__paper_roles,2019-08-03 13:00:00,35.0370276378,222.874520833,1,0,0,12,12,8742,7620
compact51_marcy__paper_roles,2019-08-03 14:00:00,37.9981306499,253.375421348,1,0,0,12,12,8751,7773
compact51_marcy__paper_roles,2019-08-03 15:00:00,37.3970772799,282.609899258,1,0,0,12,12,8750,7875
compact51_marcy__paper_roles,2019-08-03 16:00:00,36.5017088186,341.520613413,1,0,0,12,12,8746,8037
compact51_marcy__paper_roles,2019-08-03 17:00:00,36.5182403962,347.19543258,1,0,0,12,12,8747,8054
compact51_marcy__paper_roles,2019-08-03 18:00:00,38.791039206,317.623493082,1,0,0,12,12,8753,7975
compact51_marcy__paper_roles,2019-08-03 19:00:00,38.8858736734,230.951501045,1,0,0,12,12,8754,7666
compact51_marcy__paper_roles,2019-08-03 20:00:00,30.8941109413,225.429348463,1,0,0,12,12,8716,7637
compact51_marcy__paper_roles,2019-08-03 21:00:00,33.0391710212,398.199547693,1,0,0,12,12,8732,8135
compact51_marcy__paper_roles,2019-08-03 22:00:00,31.00082902,368.419813576,1,0,0,12,12,8718,8097
compact51_marcy__paper_roles,2019-08-03 23:00:00,26.5342519758,140293.886761,0,0,0,12,12,8628,8759
compact51_marcy__paper_roles,2019-08-04 00:00:00,16.0312853613,168.965654529,1,0,0,12,12,6953,7254
compact51_marcy__paper_roles,2019-08-04 01:00:00,15.8508755218,123.502387364,1,0,0,12,12,6877,6702
compact51_marcy__paper_roles,2019-08-04 02:00:00,15.6347723026,233.251396412,1,0,0,12,12,6784,7677
compact51_marcy__paper_roles,2019-08-04 03:00:00,4.5945166571,37.8863240137,0,0,0,12,12,57,3253
compact51_marcy__paper_roles,2019-08-04 04:00:00,4.84717409758,43.0370225925,0,0,0,12,12,81,3710
compact51_marcy__paper_roles,2019-08-04 05:00:00,4.65436744472,12.62426906,0,0,0,12,12,59,108
compact51_marcy__paper_roles,2019-08-04 06:00:00,10.8971334737,123.490633806,0,0,0,12,12,3641,6700
compact51_marcy__paper_roles,2019-08-04 07:00:00,9.9931914068,483.467102563,1,0,0,12,12,2842,8230
compact51_marcy__paper_roles,2019-08-04 08:00:00,7.37251902528,123.928852866,0,0,0,12,12,932,6707
compact51_marcy__paper_roles,2019-08-04 09:00:00,9.12440276993,170.876231033,1,0,0,12,12,2129,7276
compact51_marcy__paper_roles,2019-08-04 10:00:00,8.67551123271,30.7416055487,0,0,0,12,12,1794,2424
compact51_marcy__paper_roles,2019-08-04 11:00:00,9.55663145435,51.9912119667,0,0,0,12,12,2474,4378
compact51_marcy__paper_roles,2019-08-04 12:00:00,13.1165151735,74.8105681888,0,0,0,12,12,5376,5461
compact51_marcy__paper_roles,2019-08-04 13:00:00,16.9637823297,111.556871262,1,0,0,12,12,7282,6474
compact51_marcy__paper_roles,2019-08-04 14:00:00,15.7887331294,120.558720454,1,0,0,12,12,6844,6634
compact51_marcy__paper_roles,2019-08-04 15:00:00,17.944662788,171.286100886,1,0,0,12,12,7614,7280
compact51_marcy__paper_roles,2019-08-04 16:00:00,16.3993922773,228.292615753,1,0,0,12,12,7099,7653
compact51_marcy__paper_roles,2019-08-04 17:00:00,16.665977327,143.559271886,1,0,0,12,12,7200,6986
compact51_marcy__paper_roles,2019-08-04 18:00:00,18.7041400612,189.246045915,1,0,0,12,12,7810,7409
compact51_marcy__paper_roles,2019-08-04 19:00:00,19.1044727703,182.641845588,1,0,0,12,12,7887,7368
compact51_marcy__paper_roles,2019-08-04 20:00:00,22.8840030521,135.502253022,1,0,0,12,12,8414,6880
compact51_marcy__paper_roles,2019-08-04 21:00:00,20.9626335806,79.7665100889,0,0,0,12,12,8202,5641
compact51_marcy__paper_roles,2019-08-04 22:00:00,16.3495966176,34.198784668,0,0,0,12,12,7084,2843
compact51_marcy__paper_roles,2019-08-04 23:00:00,18.4848090272,44.038445285,0,0,0,12,12,7747,3789
compact51_marcy__paper_roles,2019-08-05 00:00:00,14.7483906058,341.851029658,1,0,0,12,12,6349,8038
compact51_marcy__paper_roles,2019-08-05 01:00:00,5.19932088213,436.474064606,1,0,0,12,12,129,8177
compact51_marcy__paper_roles,2019-08-05 02:00:00,5.30856007888,117.493470154,0,0,0,12,12,142,6571
compact51_marcy__paper_roles,2019-08-05 03:00:00,4.48318298707,247.033679978,1,0,0,12,12,52,7746
compact51_marcy__paper_roles,2019-08-05 04:00:00,7.76407781864,233.339730974,0,0,0,12,12,1177,7678
compact51_marcy__paper_roles,2019-08-05 05:00:00,11.9543764667,22.1407839531,0,0,0,13,13,4474,1174
compact51_marcy__paper_roles,2019-08-05 06:00:00,11.890667339,79.2910135156,0,0,0,12,12,4426,5620
compact51_marcy__paper_roles,2019-08-05 07:00:00,7.04263663566,150.89926866,0,0,0,12,12,756,7068
compact51_marcy__paper_roles,2019-08-05 08:00:00,5.5677402541,625.019345737,1,0,0,12,12,197,8354
compact51_marcy__paper_roles,2019-08-05 09:00:00,6.16388188489,502.93689961,1,0,0,12,12,351,8254
compact51_marcy__paper_roles,2019-08-05 10:00:00,9.23302643985,70.6308571739,0,0,0,12,12,2211,5305
compact51_marcy__paper_roles,2019-08-05 11:00:00,10.7729875541,77.2588457334,0,0,0,12,12,3531,5547
compact51_marcy__paper_roles,2019-08-05 12:00:00,15.1161749676,91.1819430735,0,0,0,12,12,6543,5989
compact51_marcy__paper_roles,2019-08-05 13:00:00,19.2193822066,133.82766058,0,0,0,12,12,7908,6858
compact51_marcy__paper_roles,2019-08-05 14:00:00,18.6036974858,75.4053608374,0,0,0,12,12,7782,5485
compact51_marcy__paper_roles,2019-08-05 15:00:00,20.889098992,43.298859164,0,0,0,12,12,8192,3731
compact51_marcy__paper_roles,2019-08-05 16:00:00,21.2130102807,57.5116793322,0,0,0,12,12,8242,4719
compact51_marcy__paper_roles,2019-08-05 17:00:00,21.5103590353,32.629687149,0,0,0,12,12,8279,2660
compact51_marcy__paper_roles,2019-08-05 18:00:00,24.2900916195,157.779127984,0,0,0,12,12,8518,7146
compact51_marcy__paper_roles,2019-08-05 19:00:00,25.7069293349,216.055359389,0,0,0,12,12,8598,7583
compact51_marcy__paper_roles,2019-08-05 20:00:00,24.5274125174,320.76000319,0,0,0,12,12,8534,7987
compact51_marcy__paper_roles,2019-08-05 21:00:00,24.2409063877,92.4273393053,0,0,0,12,12,8511,6037
compact51_marcy__paper_roles,2019-08-05 22:00:00,15.69680854,22.065568218,0,0,0,12,12,6808,1163
compact51_marcy__paper_roles,2019-08-05 23:00:00,17.2136038457,42.7695793731,0,0,0,12,12,7385,3675
compact51_marcy__paper_roles,2019-08-06 00:00:00,9.85694445635,152.178331754,1,0,0,12,12,2706,7081
compact51_marcy__paper_roles,2019-08-06 01:00:00,5.36734378023,15.892284704,0,0,0,12,12,152,358
compact51_marcy__paper_roles,2019-08-06 02:00:00,7.77909227768,209.607823779,1,0,0,12,12,1185,7553
compact51_marcy__paper_roles,2019-08-06 03:00:00,6.59488964615,211.864932506,1,0,0,12,12,523,7562
compact51_marcy__paper_roles,2019-08-06 04:00:00,6.34048718561,274.591835687,1,0,0,12,12,420,7836
compact51_marcy__paper_roles,2019-08-06 05:00:00,7.21063763502,2402.91941969,1,0,0,12,12,838,8647
compact51_marcy__paper_roles,2019-08-06 06:00:00,5.0869708825,99.7886825453,0,0,0,12,12,107,6234
compact51_marcy__paper_roles,2019-08-06 07:00:00,7.7120992237,96.9036056817,0,0,0,12,12,1140,6168
compact51_marcy__paper_roles,2019-08-06 08:00:00,8.95172392481,337.525784116,0,0,0,12,12,1991,8025
compact51_marcy__paper_roles,2019-08-06 09:00:00,11.6059584423,389.819663092,0,0,0,12,12,4196,8125
compact51_marcy__paper_roles,2019-08-06 10:00:00,12.7192970226,114.465455576,0,0,0,12,12,5089,6528
compact51_marcy__paper_roles,2019-08-06 11:00:00,20.7181428076,126.936020747,0,0,0,12,12,8171,6764
compact51_marcy__paper_roles,2019-08-06 12:00:00,23.3812272118,132.936970181,0,0,0,12,12,8453,6847
compact51_marcy__paper_roles,2019-08-06 13:00:00,20.9254635877,46.7552081162,0,0,0,12,12,8194,3988
compact51_marcy__paper_roles,2019-08-06 14:00:00,16.1446520044,28.9287887038,0,0,0,12,12,6997,2188
compact51_marcy__paper_roles,2019-08-06 15:00:00,18.7495092783,47.960671655,0,0,0,12,12,7816,4090
compact51_marcy__paper_roles,2019-08-06 16:00:00,19.3611628385,42.7912306275,0,0,0,12,12,7932,3679
compact51_marcy__paper_roles,2019-08-06 17:00:00,16.2583006709,28.3944628646,0,0,0,12,12,7045,2106
compact51_marcy__paper_roles,2019-08-06 18:00:00,15.2869129113,25.4269336808,0,0,0,12,12,6620,1657
compact51_marcy__paper_roles,2019-08-06 19:00:00,19.5041046884,28.3722907031,0,0,0,12,12,7963,2102
compact51_marcy__paper_roles,2019-08-06 20:00:00,30.2286068668,65.0000745016,0,0,0,12,12,8704,5080
compact51_marcy__paper_roles,2019-08-06 21:00:00,25.4567960703,84.3224212197,0,0,0,12,12,8586,5792
compact51_marcy__paper_roles,2019-08-06 22:00:00,20.0839117317,441.004322567,0,0,0,13,13,8068,8182
compact51_marcy__paper_roles,2019-08-06 23:00:00,21.3916225541,247.066993353,1,0,0,12,12,8264,7747
compact51_marcy__paper_roles,2019-08-07 00:00:00,11.5772951978,255.939717686,1,0,0,12,12,4179,7782
compact51_marcy__paper_roles,2019-08-07 01:00:00,5.04289286463,11.1029083634,0,0,0,12,12,103,46
compact51_marcy__paper_roles,2019-08-07 02:00:00,6.73560175705,471.12444022,0,0,0,12,12,596,8217
compact51_marcy__paper_roles,2019-08-07 03:00:00,6.04523513986,38.078378896,0,0,0,12,12,315,3272
compact51_marcy__paper_roles,2019-08-07 04:00:00,9.35768710657,142.31727124,1,0,0,12,12,2314,6963
compact51_marcy__paper_roles,2019-08-07 05:00:00,9.19942011148,67.909803672,0,0,0,12,12,2180,5199
compact51_marcy__paper_roles,2019-08-07 06:00:00,6.27125690101,29.4830826104,0,0,0,12,12,400,2274
compact51_marcy__paper_roles,2019-08-07 07:00:00,10.215807457,149.906903521,1,0,0,12,11,3056,7054
compact51_marcy__paper_roles,2019-08-07 08:00:00,10.8552893742,231.78394715,1,0,0,12,12,3603,7670
compact51_marcy__paper_roles,2019-08-07 09:00:00,11.0519147015,207.934043575,1,0,0,12,12,3752,7541
compact51_marcy__paper_roles,2019-08-07 10:00:00,8.46038487062,215.269695783,1,0,0,12,12,1625,7579
compact51_marcy__paper_roles,2019-08-07 11:00:00,8.97139534136,173.208808768,1,0,0,12,12,2007,7300
compact51_marcy__paper_roles,2019-08-07 12:00:00,14.9159854413,236.514674444,1,0,0,12,12,6441,7700
compact51_marcy__paper_roles,2019-08-07 13:00:00,19.3986500004,1253.53490159,0,0,0,12,12,7940,8539
compact51_marcy__paper_roles,2019-08-07 14:00:00,18.6080087461,264.548529725,0,0,0,12,12,7783,7808
compact51_marcy__paper_roles,2019-08-07 15:00:00,22.6455581665,300.500410553,0,0,0,12,12,8390,7924
compact51_marcy__paper_roles,2019-08-07 16:00:00,22.1366511484,667.70437979,0,0,0,12,12,8343,8379
compact51_marcy__paper_roles,2019-08-07 17:00:00,20.0794153482,90.2457000203,0,0,0,12,12,8066,5970
compact51_marcy__paper_roles,2019-08-07 18:00:00,22.347689325,70.3289071013,0,0,0,12,12,8359,5286
compact51_marcy__paper_roles,2019-08-07 19:00:00,22.6683970045,67.5295464517,0,0,0,12,12,8391,5181
compact51_marcy__paper_roles,2019-08-07 20:00:00,31.6565751456,175.464437294,1,0,0,12,12,8723,7316
compact51_marcy__paper_roles,2019-08-07 21:00:00,29.5997076908,174.503740909,0,0,0,12,12,8694,7310
compact51_marcy__paper_roles,2019-08-07 22:00:00,22.0495734453,464.953199266,0,0,0,12,12,8332,8210
compact51_marcy__paper_roles,2019-08-07 23:00:00,28.0591014782,67.2029649951,0,0,0,12,12,8661,5168
compact51_marcy__paper_roles,2019-08-08 00:00:00,17.906817731,323.702631959,1,0,0,12,12,7606,7992
compact51_marcy__paper_roles,2019-08-08 01:00:00,15.2151365693,149.162120221,1,0,0,12,12,6590,7043
compact51_marcy__paper_roles,2019-08-08 02:00:00,12.7929849675,107.488855799,1,0,0,12,12,5149,6402
compact51_marcy__paper_roles,2019-08-08 03:00:00,11.4845810615,99.6024567105,0,0,0,12,12,4105,6228
compact51_marcy__paper_roles,2019-08-08 04:00:00,7.72927945711,95.8655950092,0,0,0,12,12,1146,6138
compact51_marcy__paper_roles,2019-08-08 05:00:00,10.0725451589,64.5577848467,0,0,0,12,12,2914,5056
compact51_marcy__paper_roles,2019-08-08 06:00:00,9.40164379264,303.712024576,0,0,0,12,12,2349,7934
compact51_marcy__paper_roles,2019-08-08 07:00:00,7.74695228938,76.6599307072,0,0,0,12,12,1163,5530
compact51_marcy__paper_roles,2019-08-08 08:00:00,9.12402149099,69.2784751259,0,0,0,12,12,2128,5248
compact51_marcy__paper_roles,2019-08-08 09:00:00,9.76880119118,108.365377797,1,0,0,12,12,2632,6415
compact51_marcy__paper_roles,2019-08-08 10:00:00,9.35773847528,154.314054309,1,0,0,12,12,2315,7112
compact51_marcy__paper_roles,2019-08-08 11:00:00,11.8761111129,150.451437781,1,0,0,12,12,4410,7063
compact51_marcy__paper_roles,2019-08-08 12:00:00,9.6631779037,101.958398953,1,0,0,12,12,2545,6294
compact51_marcy__paper_roles,2019-08-08 13:00:00,12.7912920576,73.2484274611,0,0,0,12,12,5147,5393
compact51_marcy__paper_roles,2019-08-08 14:00:00,16.9687876673,83.6792732049,0,0,0,12,12,7285,5773
compact51_marcy__paper_roles,2019-08-08 15:00:00,14.7321968363,22.4178379628,0,0,0,12,12,6342,1212
compact51_marcy__paper_roles,2019-08-08 16:00:00,12.4640067917,15.8762593199,0,0,0,12,12,4887,356
compact51_marcy__paper_roles,2019-08-08 17:00:00,13.5892718908,19.7195781861,0,0,0,13,13,5692,833
compact51_marcy__paper_roles,2019-08-08 18:00:00,19.1423387204,50.5892777352,0,0,0,12,12,7897,4274
compact51_marcy__paper_roles,2019-08-08 19:00:00,23.9940322221,85.9612571788,0,0,0,12,12,8493,5855
compact51_marcy__paper_roles,2019-08-08 20:00:00,20.568821151,132.726603267,1,0,0,12,12,8150,6845
compact51_marcy__paper_roles,2019-08-08 21:00:00,17.8057833197,86.2344727575,0,0,0,11,11,7577,5863
compact51_marcy__paper_roles,2019-08-08 22:00:00,5.62845045833,27.743738855,0,0,0,12,12,211,2009
compact51_marcy__paper_roles,2019-08-08 23:00:00,16.4110640858,33.2630451395,0,0,0,12,12,7106,2732
compact51_marcy__paper_roles,2019-08-09 00:00:00,12.4711763401,26.1052997079,0,0,0,12,12,4893,1775
compact51_marcy__paper_roles,2019-08-09 01:00:00,13.6604840611,129.780233927,0,0,0,12,12,5742,6806
compact51_marcy__paper_roles,2019-08-09 02:00:00,9.35824485138,112.755437026,0,0,0,12,12,2316,6498
compact51_marcy__paper_roles,2019-08-09 03:00:00,9.42309794876,62.7633973844,0,0,0,12,12,2372,4964
compact51_marcy__paper_roles,2019-08-09 04:00:00,12.6025941579,45.122239533,0,0,0,12,12,4979,3867
compact51_marcy__paper_roles,2019-08-09 05:00:00,14.0087791125,89.3346428256,0,0,0,12,12,5957,5944
compact51_marcy__paper_roles,2019-08-09 06:00:00,11.672157292,149.594677428,0,0,0,12,12,4252,7049
compact51_marcy__paper_roles,2019-08-09 07:00:00,10.1802312561,14.3300449537,0,0,0,12,12,3018,223
compact51_marcy__paper_roles,2019-08-09 08:00:00,11.1247484696,37.2103027469,0,0,0,12,12,3815,3179
compact51_marcy__paper_roles,2019-08-09 09:00:00,12.6163213167,33.4362145459,0,0,0,12,12,4995,2749
compact51_marcy__paper_roles,2019-08-09 10:00:00,11.2508122887,37.4480109772,0,0,0,12,12,3901,3201
compact51_marcy__paper_roles,2019-08-09 11:00:00,13.7026661293,50.7674190169,0,0,0,12,12,5766,4289
compact51_marcy__paper_roles,2019-08-09 12:00:00,15.8316116249,62.7791642118,0,0,0,12,12,6867,4967
compact51_marcy__paper_roles,2019-08-09 13:00:00,15.8012247026,45.6432283726,0,0,0,12,12,6851,3913
compact51_marcy__paper_roles,2019-08-09 14:00:00,11.263705156,18.9233781817,0,0,0,12,12,3918,711
compact51_marcy__paper_roles,2019-08-09 15:00:00,12.8800311776,25.6256259507,0,0,0,11,11,5214,1681
compact51_marcy__paper_roles,2019-08-09 16:00:00,13.5917756777,21.7033200853,0,0,0,12,12,5694,1110
compact51_marcy__paper_roles,2019-08-09 17:00:00,12.0833995378,20.0485453171,0,0,0,12,12,4575,879
compact51_marcy__paper_roles,2019-08-09 18:00:00,13.2127733311,24.3043045776,0,0,0,12,12,5448,1504
compact51_marcy__paper_roles,2019-08-09 19:00:00,14.7114669686,22.2362067257,0,0,0,12,12,6328,1186
compact51_marcy__paper_roles,2019-08-09 20:00:00,15.6019342865,25.4077937036,0,0,0,12,12,6771,1655
compact51_marcy__paper_roles,2019-08-09 21:00:00,16.2848687514,30.8326141746,0,0,0,12,12,7056,2442
compact51_marcy__paper_roles,2019-08-09 22:00:00,13.2119805007,24.4266152535,0,0,0,12,12,5446,1517
compact51_marcy__paper_roles,2019-08-09 23:00:00,19.3726238848,122.120267238,0,0,0,12,12,7933,6668
compact51_marcy__paper_roles,2019-08-10 00:00:00,7.42821904989,22.3783172551,0,0,0,13,13,972,1204
compact51_marcy__paper_roles,2019-08-10 01:00:00,5.68226123414,23.3459605447,0,0,0,11,11,225,1349
compact51_marcy__paper_roles,2019-08-10 02:00:00,8.68591920258,62.9212247055,0,0,0,12,12,1797,4972
compact51_marcy__paper_roles,2019-08-10 03:00:00,7.35566850853,50.8604104729,0,0,0,12,12,915,4297
compact51_marcy__paper_roles,2019-08-10 04:00:00,7.05626603347,54.4982418506,0,0,0,12,12,763,4546
compact51_marcy__paper_roles,2019-08-10 05:00:00,9.04751152089,31.8793397842,0,0,0,12,12,2067,2569
compact51_marcy__paper_roles,2019-08-10 06:00:00,11.962938636,68.3600427972,0,0,0,12,12,4480,5217
compact51_marcy__paper_roles,2019-08-10 07:00:00,9.58812556122,25.9407830274,0,0,0,12,12,2498,1738
compact51_marcy__paper_roles,2019-08-10 08:00:00,8.44817373964,26.9339104326,0,0,0,12,12,1622,1900
compact51_marcy__paper_roles,2019-08-10 09:00:00,9.05198843875,66.5450148244,0,0,0,12,12,2069,5140
compact51_marcy__paper_roles,2019-08-10 10:00:00,9.78648086339,80.4669031261,0,0,0,12,12,2648,5661
compact51_marcy__paper_roles,2019-08-10 11:00:00,8.96170892253,73.697712368,0,0,0,12,12,1999,5417
compact51_marcy__paper_roles,2019-08-10 12:00:00,8.75025833995,70.3788906557,0,0,0,12,12,1838,5289
compact51_marcy__paper_roles,2019-08-10 13:00:00,8.39041647372,59.2472666961,0,0,0,12,12,1570,4797
compact51_marcy__paper_roles,2019-08-10 14:00:00,8.81420659439,71.4730009003,0,0,0,12,12,1875,5334
compact51_marcy__paper_roles,2019-08-10 15:00:00,9.78003414269,117.81140175,0,0,0,12,12,2645,6578
compact51_marcy__paper_roles,2019-08-10 16:00:00,9.34304278734,131.593211178,0,0,0,12,12,2303,6827
compact51_marcy__paper_roles,2019-08-10 17:00:00,10.0632444081,118.399610778,0,0,0,12,12,2905,6590
compact51_marcy__paper_roles,2019-08-10 18:00:00,8.40238865063,41.5665303054,0,0,0,12,12,1578,3585
compact51_marcy__paper_roles,2019-08-10 19:00:00,8.21928993613,20.6177083965,0,0,0,12,12,1451,957
compact51_marcy__paper_roles,2019-08-10 20:00:00,9.90740778149,27.6083994055,0,0,0,12,12,2753,1991
compact51_marcy__paper_roles,2019-08-10 21:00:00,13.4095972208,28.4724496096,0,0,0,12,12,5582,2117
compact51_marcy__paper_roles,2019-08-10 22:00:00,11.3247289805,28.4033193833,0,0,0,12,12,3961,2107
compact51_marcy__paper_roles,2019-08-10 23:00:00,10.9506870924,26.2026928444,0,0,0,12,12,3677,1794
compact51_marcy__paper_roles,2019-08-11 00:00:00,5.79721810577,15.0014636068,0,0,0,12,12,247,272
compact51_marcy__paper_roles,2019-08-11 01:00:00,8.01464062533,56.0892241182,0,0,0,12,12,1319,4646
compact51_marcy__paper_roles,2019-08-11 02:00:00,9.14563691739,68.8827683305,0,0,0,12,12,2142,5236
compact51_marcy__paper_roles,2019-08-11 03:00:00,8.20641325868,42.0225823673,0,0,0,12,12,1437,3626
compact51_marcy__paper_roles,2019-08-11 04:00:00,6.46739327282,14.3191464047,0,0,0,12,12,469,220
compact51_marcy__paper_roles,2019-08-11 05:00:00,4.82181112359,7.68082812704,0,0,0,12,12,76,9
compact51_marcy__paper_roles,2019-08-11 06:00:00,5.07322252132,16.1203888175,0,0,0,12,12,104,382
compact51_marcy__paper_roles,2019-08-11 07:00:00,9.10857582125,39.5156399203,0,0,0,12,12,2113,3415
compact51_marcy__paper_roles,2019-08-11 08:00:00,6.31550646262,15.2454891251,0,0,0,12,12,411,293
compact51_marcy__paper_roles,2019-08-11 09:00:00,9.32219370403,46.4970638595,0,0,0,13,13,2289,3974
compact51_marcy__paper_roles,2019-08-11 10:00:00,7.36897101163,51.8503149982,0,0,0,12,12,927,4370
compact51_marcy__paper_roles,2019-08-11 11:00:00,8.77692050585,44.7543702592,0,0,0,12,12,1852,3843
compact51_marcy__paper_roles,2019-08-11 12:00:00,11.0338816749,65.9867042049,0,0,0,12,12,3736,5119
compact51_marcy__paper_roles,2019-08-11 13:00:00,11.0122049719,68.512273858,0,0,0,12,12,3726,5224
compact51_marcy__paper_roles,2019-08-11 14:00:00,6.89617137429,33.528946378,0,0,0,12,12,668,2758
compact51_marcy__paper_roles,2019-08-11 15:00:00,6.01754171548,13.3080380965,0,0,0,12,12,308,157
compact51_marcy__paper_roles,2019-08-11 16:00:00,9.23686710323,18.0776073829,0,0,0,12,12,2213,597
compact51_marcy__paper_roles,2019-08-11 17:00:00,12.2861907732,26.5534049785,0,0,0,12,12,4737,1845
compact51_marcy__paper_roles,2019-08-11 18:00:00,12.0419143556,37.3514509152,0,0,0,12,12,4542,3192
compact51_marcy__paper_roles,2019-08-11 19:00:00,10.5406211349,33.1556470343,0,0,0,12,12,3330,2719
compact51_marcy__paper_roles,2019-08-11 20:00:00,9.6185656777,34.6104042593,0,0,0,12,12,2512,2896
compact51_marcy__paper_roles,2019-08-11 21:00:00,16.0758804003,29.2174569976,0,0,0,12,12,6968,2232
compact51_marcy__paper_roles,2019-08-11 22:00:00,9.23842422972,18.5951525336,0,0,0,12,12,2214,661
compact51_marcy__paper_roles,2019-08-11 23:00:00,8.14989610637,21.0229428344,0,0,0,12,12,1394,1020
compact51_marcy__paper_roles,2019-08-12 00:00:00,6.84234842322,26.9545703198,0,0,0,12,12,647,1908
compact51_marcy__paper_roles,2019-08-12 01:00:00,8.21350618812,76.3389965063,0,0,0,12,12,1447,5523
compact51_marcy__paper_roles,2019-08-12 02:00:00,8.95055155935,227.314932983,0,0,0,12,12,1990,7644
compact51_marcy__paper_roles,2019-08-12 03:00:00,11.6534434757,30105.2902324,0,0,0,12,12,4234,8749
compact51_marcy__paper_roles,2019-08-12 04:00:00,13.7787918229,3159.15238434,0,0,0,12,12,5817,8673
compact51_marcy__paper_roles,2019-08-12 05:00:00,18.8028341139,428.062237323,0,0,0,12,12,7823,8166
compact51_marcy__paper_roles,2019-08-12 06:00:00,11.3447689802,120.581841585,0,0,0,12,12,3975,6636
compact51_marcy__paper_roles,2019-08-12 07:00:00,7.76576673488,45.2634891257,0,0,0,12,12,1178,3882
compact51_marcy__paper_roles,2019-08-12 08:00:00,10.1228888998,259.643236824,1,0,0,12,12,2957,7798
compact51_marcy__paper_roles,2019-08-12 09:00:00,7.68143865779,142.54024754,1,0,0,12,12,1120,6966
compact51_marcy__paper_roles,2019-08-12 10:00:00,7.3460205102,48.1927026589,0,0,0,12,12,906,4109
compact51_marcy__paper_roles,2019-08-12 11:00:00,8.00503254303,59.2954387374,0,0,0,12,12,1307,4803
compact51_marcy__paper_roles,2019-08-12 12:00:00,7.33303647855,76.7043081363,0,0,0,12,12,897,5531
compact51_marcy__paper_roles,2019-08-12 13:00:00,8.14409729997,191.494302831,1,0,0,12,12,1393,7427
compact51_marcy__paper_roles,2019-08-12 14:00:00,7.34758324233,3424.71957469,0,0,0,12,12,909,8679
compact51_marcy__paper_roles,2019-08-12 15:00:00,8.3514070035,197.5953925,0,0,0,12,12,1543,7475
compact51_marcy__paper_roles,2019-08-12 16:00:00,9.12186285583,63.803664438,0,0,0,12,12,2126,5014
compact51_marcy__paper_roles,2019-08-12 17:00:00,12.157224864,94.9501988175,0,0,0,12,12,4636,6112
compact51_marcy__paper_roles,2019-08-12 18:00:00,14.195421053,85.3187891572,0,0,0,12,12,6065,5833
compact51_marcy__paper_roles,2019-08-12 19:00:00,15.9708527272,116.265450187,1,0,0,12,12,6929,6551
compact51_marcy__paper_roles,2019-08-12 20:00:00,16.9725694121,133.312371338,1,0,0,12,12,7289,6850
compact51_marcy__paper_roles,2019-08-12 21:00:00,14.7630208006,145.482361077,1,0,0,12,12,6358,7001
compact51_marcy__paper_roles,2019-08-12 22:00:00,11.8916258189,153.078922302,1,0,0,12,12,4427,7093
compact51_marcy__paper_roles,2019-08-12 23:00:00,13.0085818229,72.4787079806,0,0,0,12,12,5306,5369
compact51_marcy__paper_roles,2019-08-13 00:00:00,14.9856772267,834.491966851,0,0,0,12,12,6477,8447
compact51_marcy__paper_roles,2019-08-13 01:00:00,10.3968220726,286.69855375,1,0,0,12,12,3213,7892
compact51_marcy__paper_roles,2019-08-13 02:00:00,11.83192095,141.355844201,1,0,0,12,12,4371,6956
compact51_marcy__paper_roles,2019-08-13 03:00:00,10.9266128697,280.270844216,1,0,0,12,12,3662,7864
compact51_marcy__paper_roles,2019-08-13 04:00:00,13.1826147525,274.740601498,1,0,0,12,12,5428,7837
compact51_marcy__paper_roles,2019-08-13 05:00:00,13.8143161069,160.72168417,1,0,0,12,12,5844,7175
compact51_marcy__paper_roles,2019-08-13 06:00:00,12.0769482891,142.557284322,1,0,0,12,12,4567,6968
compact51_marcy__paper_roles,2019-08-13 07:00:00,11.5914590712,39.4426853518,0,0,0,12,12,4187,3409
compact51_marcy__paper_roles,2019-08-13 08:00:00,12.1891547228,101.003735308,1,0,0,12,12,4660,6266
compact51_marcy__paper_roles,2019-08-13 09:00:00,12.6114389949,117.395930326,1,0,0,12,12,4986,6567
compact51_marcy__paper_roles,2019-08-13 10:00:00,13.2156349757,176.214128734,1,0,0,12,12,5451,7323
compact51_marcy__paper_roles,2019-08-13 11:00:00,14.1719985397,1354.51026017,1,0,0,12,12,6052,8551
compact51_marcy__paper_roles,2019-08-13 12:00:00,17.5564707259,4565.21596991,1,0,0,12,12,7504,8705
compact51_marcy__paper_roles,2019-08-13 13:00:00,17.3504423728,136.655875787,0,0,0,12,12,7445,6891
compact51_marcy__paper_roles,2019-08-13 14:00:00,12.768835355,81.5034066109,0,0,0,12,12,5127,5709
compact51_marcy__paper_roles,2019-08-13 15:00:00,13.3614879031,22.0218680753,0,0,0,12,12,5547,1156
compact51_marcy__paper_roles,2019-08-13 16:00:00,13.0313449868,23.7533216959,0,0,0,12,12,5319,1410
compact51_marcy__paper_roles,2019-08-13 17:00:00,14.4725384213,26.6051827575,0,0,0,12,12,6222,1852
compact51_marcy__paper_roles,2019-08-13 18:00:00,17.2175024055,55.2130760957,0,0,0,12,12,7389,4590
compact51_marcy__paper_roles,2019-08-13 19:00:00,16.8471966636,67.0196183383,0,0,0,12,12,7250,5160
compact51_marcy__paper_roles,2019-08-13 20:00:00,19.3089654319,191.288481529,1,0,0,12,12,7922,7426
compact51_marcy__paper_roles,2019-08-13 21:00:00,21.9905144226,137.508762058,1,0,0,12,12,8323,6907
compact51_marcy__paper_roles,2019-08-13 22:00:00,16.0579869866,120.03521047,1,0,0,12,12,6963,6619
compact51_marcy__paper_roles,2019-08-13 23:00:00,9.92111469957,31.387423009,0,0,0,12,12,2770,2516
compact51_marcy__paper_roles,2019-08-14 00:00:00,11.4547121985,40.158187091,0,0,0,12,12,4074,3478
compact51_marcy__paper_roles,2019-08-14 01:00:00,8.87083080652,18.7630567002,0,0,0,12,12,1922,689
compact51_marcy__paper_roles,2019-08-14 02:00:00,7.80987171373,204.818565127,0,0,0,12,12,1199,7526
compact51_marcy__paper_roles,2019-08-14 03:00:00,8.748729014,236.477258582,0,0,0,12,12,1836,7699
compact51_marcy__paper_roles,2019-08-14 04:00:00,9.86884958846,103.680013414,0,0,0,12,12,2717,6333
compact51_marcy__paper_roles,2019-08-14 05:00:00,13.4356137859,174.11240955,0,0,0,12,12,5601,7308
compact51_marcy__paper_roles,2019-08-14 06:00:00,9.53725858898,35.8922243847,0,0,0,12,12,2461,3040
compact51_marcy__paper_roles,2019-08-14 07:00:00,7.32284303347,31.3626603363,0,0,0,12,12,889,2512
compact51_marcy__paper_roles,2019-08-14 08:00:00,8.0315991373,44.6999098758,0,0,0,12,12,1329,3839
compact51_marcy__paper_roles,2019-08-14 09:00:00,10.1488938212,139.005148579,1,0,0,12,12,2980,6924
compact51_marcy__paper_roles,2019-08-14 10:00:00,10.2858592275,348.579491191,1,0,0,11,11,3117,8061
compact51_marcy__paper_roles,2019-08-14 11:00:00,12.1286791329,646.145627442,1,0,0,12,12,4619,8360
compact51_marcy__paper_roles,2019-08-14 12:00:00,7.94698146784,239.654452113,1,0,0,12,12,1279,7712
compact51_marcy__paper_roles,2019-08-14 13:00:00,8.2148695014,613.959693111,0,0,0,12,12,1448,8348
compact51_marcy__paper_roles,2019-08-14 14:00:00,11.0900195094,5517.28852288,1,0,0,12,12,3787,8717
compact51_marcy__paper_roles,2019-08-14 15:00:00,9.70035923708,1067.95002228,0,0,0,12,12,2562,8507
compact51_marcy__paper_roles,2019-08-14 16:00:00,12.4401579255,463.932646509,1,0,0,12,11,4855,8208
compact51_marcy__paper_roles,2019-08-14 17:00:00,12.9250559194,250.946335499,1,0,0,12,12,5251,7765
compact51_marcy__paper_roles,2019-08-14 18:00:00,16.9029496079,195.253139512,1,0,0,12,12,7270,7455
compact51_marcy__paper_roles,2019-08-14 19:00:00,15.5447248952,114.992625115,1,0,0,12,12,6748,6537
compact51_marcy__paper_roles,2019-08-14 20:00:00,14.7330158675,129.427664218,1,0,0,13,12,6344,6803
compact51_marcy__paper_roles,2019-08-14 21:00:00,18.2915192932,217.155013931,1,0,0,11,11,7708,7593
compact51_marcy__paper_roles,2019-08-14 22:00:00,15.7880091915,290.579075474,1,0,0,12,12,6843,7905
compact51_marcy__paper_roles,2019-08-14 23:00:00,17.0466696195,120.022909893,0,0,0,12,12,7327,6618
compact51_marcy__paper_roles,2019-08-15 00:00:00,8.16353970315,126.425157905,1,0,0,11,11,1405,6747
compact51_marcy__paper_roles,2019-08-15 01:00:00,7.99658664246,196.796192804,1,0,0,12,12,1301,7470
compact51_marcy__paper_roles,2019-08-15 02:00:00,8.6052121812,3926.57294839,0,0,0,12,12,1734,8691
compact51_marcy__paper_roles,2019-08-15 03:00:00,6.68727664233,107.422365479,1,0,0,12,12,570,6401
compact51_marcy__paper_roles,2019-08-15 04:00:00,7.45865650496,137.182225793,1,0,0,12,12,994,6902
compact51_marcy__paper_roles,2019-08-15 05:00:00,10.8593339542,1505.3791416,1,0,0,12,12,3607,8574
compact51_marcy__paper_roles,2019-08-15 06:00:00,9.97485095287,169.806885642,1,0,0,12,12,2820,7267
compact51_marcy__paper_roles,2019-08-15 07:00:00,11.7172755094,160.972368839,1,0,0,13,13,4287,7180
compact51_marcy__paper_roles,2019-08-15 08:00:00,11.8166132634,193.615898012,1,0,0,12,12,4359,7442
compact51_marcy__paper_roles,2019-08-15 09:00:00,12.6310625199,821.693864486,1,0,0,12,12,5009,8440
compact51_marcy__paper_roles,2019-08-15 10:00:00,13.8463134102,492.671077233,0,0,0,12,12,5862,8246
compact51_marcy__paper_roles,2019-08-15 11:00:00,13.7203277886,517.336226794,0,0,0,12,12,5778,8272
compact51_marcy__paper_roles,2019-08-15 12:00:00,14.2288631249,209.822098585,1,0,0,12,12,6088,7554
compact51_marcy__paper_roles,2019-08-15 13:00:00,17.5963644318,874.637011193,1,0,0,12,12,7512,8462
compact51_marcy__paper_roles,2019-08-15 14:00:00,13.1738416533,1386.68017801,1,0,0,12,12,5420,8558
compact51_marcy__paper_roles,2019-08-15 15:00:00,16.977456597,587.640283444,1,0,0,12,12,7290,8328
compact51_marcy__paper_roles,2019-08-15 16:00:00,16.4345938202,305.812375264,1,0,0,12,12,7115,7943
compact51_marcy__paper_roles,2019-08-15 17:00:00,15.511653683,161.280567584,1,0,0,12,12,6731,7184
compact51_marcy__paper_roles,2019-08-15 18:00:00,14.5203048828,164.198001383,1,0,0,12,12,6246,7217
compact51_marcy__paper_roles,2019-08-15 19:00:00,15.1938414994,172.026602427,1,0,0,13,11,6580,7289
compact51_marcy__paper_roles,2019-08-15 20:00:00,19.7281345282,253.224212956,1,0,0,12,12,8008,7772
compact51_marcy__paper_roles,2019-08-15 21:00:00,19.3768931124,275.372223463,1,0,0,12,12,7935,7840
compact51_marcy__paper_roles,2019-08-15 22:00:00,11.7226515917,171.620026123,1,0,0,12,12,4289,7285
compact51_marcy__paper_roles,2019-08-15 23:00:00,14.9668310015,33.7258328735,0,0,0,12,12,6464,2787
compact51_marcy__paper_roles,2019-08-16 00:00:00,11.6523424368,190.775490042,0,0,0,12,12,4232,7421
compact51_marcy__paper_roles,2019-08-16 01:00:00,7.57610002055,822.328572778,0,0,0,12,12,1064,8441
compact51_marcy__paper_roles,2019-08-16 02:00:00,6.78058035378,379.737009851,0,0,0,12,12,613,8113
compact51_marcy__paper_roles,2019-08-16 03:00:00,5.50364682212,902.723792633,1,0,0,12,12,181,8469
compact51_marcy__paper_roles,2019-08-16 04:00:00,5.93497519398,317.805607763,1,0,0,12,12,281,7979
compact51_marcy__paper_roles,2019-08-16 05:00:00,9.94518723773,447.767872444,1,0,0,12,12,2793,8189
compact51_marcy__paper_roles,2019-08-16 06:00:00,8.47707259244,257.29114289,1,0,0,13,12,1639,7788
compact51_marcy__paper_roles,2019-08-16 07:00:00,12.3965122913,163.166278102,1,0,0,14,14,4818,7200
compact51_marcy__paper_roles,2019-08-16 08:00:00,13.0461131238,180.875522304,1,0,0,10,10,5330,7356
compact51_marcy__paper_roles,2019-08-16 09:00:00,12.7254548631,430.16596969,1,0,0,12,12,5093,8169
compact51_marcy__paper_roles,2019-08-16 10:00:00,11.3534245904,507.352565235,1,0,0,12,12,3983,8259
compact51_marcy__paper_roles,2019-08-16 11:00:00,13.8893654589,1258.97828167,0,0,0,12,12,5886,8541
compact51_marcy__paper_roles,2019-08-16 12:00:00,13.0155884797,7428.41868647,1,0,0,12,12,5311,8730
compact51_marcy__paper_roles,2019-08-16 13:00:00,10.5894727651,443.699637495,1,0,0,12,12,3388,8186
compact51_marcy__paper_roles,2019-08-16 14:00:00,10.5242732126,243.594881489,0,0,0,12,12,3318,7732
compact51_marcy__paper_roles,2019-08-16 15:00:00,16.6137904884,439.77390547,1,0,0,12,12,7184,8181
compact51_marcy__paper_roles,2019-08-16 16:00:00,16.3118640887,191.696957805,1,0,0,12,12,7064,7429
compact51_marcy__paper_roles,2019-08-16 17:00:00,18.5111235109,272.811458311,1,0,0,12,12,7754,7831
compact51_marcy__paper_roles,2019-08-16 18:00:00,16.8563749022,136.71785862,1,0,0,12,12,7253,6893
compact51_marcy__paper_roles,2019-08-16 19:00:00,18.3260680864,174.634908883,1,0,0,12,12,7714,7312
compact51_marcy__paper_roles,2019-08-16 20:00:00,16.9299392296,154.913566279,1,0,0,12,12,7275,7117
compact51_marcy__paper_roles,2019-08-16 21:00:00,15.9436751319,219.726187053,1,0,0,12,12,6919,7605
compact51_marcy__paper_roles,2019-08-16 22:00:00,12.5445194898,315.830380183,1,0,0,12,12,4949,7968
compact51_marcy__paper_roles,2019-08-16 23:00:00,15.4858916483,251.646609174,1,0,0,12,12,6718,7766
compact51_marcy__paper_roles,2019-08-17 00:00:00,10.1240485629,267.935587131,1,0,0,12,12,2959,7819
compact51_marcy__paper_roles,2019-08-17 01:00:00,11.0384423928,79.4191173822,0,0,0,12,12,3740,5625
compact51_marcy__paper_roles,2019-08-17 02:00:00,6.26370755776,56.9572941122,0,0,0,12,12,396,4691
compact51_marcy__paper_roles,2019-08-17 03:00:00,6.75382357081,59.0449408217,0,0,0,12,12,600,4786
compact51_marcy__paper_roles,2019-08-17 04:00:00,6.05034405723,46.5181207412,0,0,0,12,12,316,3977
compact51_marcy__paper_roles,2019-08-17 05:00:00,7.56498673532,43.295167087,0,0,0,12,12,1060,3730
compact51_marcy__paper_roles,2019-08-17 06:00:00,8.49438545405,19.6990927919,0,0,0,12,12,1653,829
compact51_marcy__paper_roles,2019-08-17 07:00:00,12.3527070977,29.7159301086,0,0,0,12,12,4791,2304
compact51_marcy__paper_roles,2019-08-17 08:00:00,8.28773695707,18.8167873251,0,0,0,12,12,1493,695
compact51_marcy__paper_roles,2019-08-17 09:00:00,7.75039691455,26.0348926904,0,0,0,12,12,1169,1754
compact51_marcy__paper_roles,2019-08-17 10:00:00,7.05052889769,16.337104491,0,0,0,12,12,760,408
compact51_marcy__paper_roles,2019-08-17 11:00:00,7.8948394947,28.9638398125,0,0,0,12,12,1241,2192
compact51_marcy__paper_roles,2019-08-17 12:00:00,9.97722314985,39.5565896061,0,0,0,12,12,2822,3420
compact51_marcy__paper_roles,2019-08-17 13:00:00,13.5302835438,52.2040111203,0,0,0,11,11,5661,4394
compact51_marcy__paper_roles,2019-08-17 14:00:00,11.6766239295,62.0138315615,0,0,0,12,12,4256,4934
compact51_marcy__paper_roles,2019-08-17 15:00:00,11.4123369473,39.8070591986,0,0,0,12,12,4033,3448
compact51_marcy__paper_roles,2019-08-17 16:00:00,13.4868119863,39.2146399414,0,0,0,12,12,5632,3380
compact51_marcy__paper_roles,2019-08-17 17:00:00,13.7990644726,40.5385547468,0,0,0,12,12,5830,3510
compact51_marcy__paper_roles,2019-08-17 18:00:00,15.2625932601,55.8836510731,0,0,0,12,12,6611,4634
compact51_marcy__paper_roles,2019-08-17 19:00:00,15.8307985074,91.3785713615,0,0,0,12,12,6866,5996
compact51_marcy__paper_roles,2019-08-17 20:00:00,15.398442185,84.7453218306,0,0,0,12,12,6681,5808
compact51_marcy__paper_roles,2019-08-17 21:00:00,11.5104248407,47.7895256241,0,0,0,13,13,4130,4072
compact51_marcy__paper_roles,2019-08-17 22:00:00,11.2667859096,111.205386752,1,0,0,12,12,3921,6466
compact51_marcy__paper_roles,2019-08-17 23:00:00,9.41749749342,48.0976867042,0,0,0,12,12,2367,4102
compact51_marcy__paper_roles,2019-08-18 00:00:00,5.57284872102,53.9141800899,0,0,0,13,12,198,4510
compact51_marcy__paper_roles,2019-08-18 01:00:00,8.66109079178,48.3099636888,0,0,0,12,12,1779,4118
compact51_marcy__paper_roles,2019-08-18 02:00:00,7.0229971745,47.7412649419,0,0,0,12,12,748,4067
compact51_marcy__paper_roles,2019-08-18 03:00:00,9.52326856541,48.8254618724,0,0,0,12,12,2450,4164
compact51_marcy__paper_roles,2019-08-18 04:00:00,9.85753252798,31.891234729,0,0,0,12,12,2708,2571
compact51_marcy__paper_roles,2019-08-18 05:00:00,6.33122144912,13.5512741006,0,0,0,12,12,417,175
compact51_marcy__paper_roles,2019-08-18 06:00:00,6.0621128783,10.7430962307,0,0,0,12,12,321,39
compact51_marcy__paper_roles,2019-08-18 07:00:00,8.209165425,22.1476858242,0,0,0,12,12,1440,1175
compact51_marcy__paper_roles,2019-08-18 08:00:00,9.63722241101,26.9421594019,0,0,0,12,12,2524,1905
compact51_marcy__paper_roles,2019-08-18 09:00:00,7.13739849867,18.558026166,0,0,0,12,12,797,655
compact51_marcy__paper_roles,2019-08-18 10:00:00,6.29454391553,14.1134366692,0,0,0,14,14,403,207
compact51_marcy__paper_roles,2019-08-18 11:00:00,9.75476621333,47.4964159456,0,0,0,11,11,2611,4049
compact51_marcy__paper_roles,2019-08-18 12:00:00,11.5226633161,67.1459321737,0,0,0,11,11,4139,5163
compact51_marcy__paper_roles,2019-08-18 13:00:00,14.0978554331,48.1840272198,0,0,0,12,12,6009,4108
compact51_marcy__paper_roles,2019-08-18 14:00:00,14.1699447534,65.9921781922,0,0,0,12,12,6051,5121
compact51_marcy__paper_roles,2019-08-18 15:00:00,17.1336160857,43.9610342585,0,0,0,12,12,7364,3781
compact51_marcy__paper_roles,2019-08-18 16:00:00,17.9670768359,70.1136172714,0,0,0,12,12,7622,5279
compact51_marcy__paper_roles,2019-08-18 17:00:00,24.2731146412,195.405950596,1,0,0,12,12,8516,7457
compact51_marcy__paper_roles,2019-08-18 18:00:00,21.2843580087,287.30814935,1,0,0,12,12,8251,7894
compact51_marcy__paper_roles,2019-08-18 19:00:00,18.4834470369,178.63812179,1,0,0,12,12,7745,7340
compact51_marcy__paper_roles,2019-08-18 20:00:00,21.6690117628,234.264397763,1,0,0,12,12,8292,7682
compact51_marcy__paper_roles,2019-08-18 21:00:00,17.5532531555,235.808402899,1,0,0,12,12,7503,7695
compact51_marcy__paper_roles,2019-08-18 22:00:00,14.607529698,192.991224213,1,0,0,12,12,6287,7439
compact51_marcy__paper_roles,2019-08-18 23:00:00,15.7256977319,16507.1444308,0,0,0,12,12,6817,8742
compact51_marcy__paper_roles,2019-08-19 00:00:00,9.77187106349,29.2353841989,0,0,0,12,12,2636,2235
compact51_marcy__paper_roles,2019-08-19 01:00:00,7.29923723474,80.4584207245,0,0,0,12,12,880,5660
compact51_marcy__paper_roles,2019-08-19 02:00:00,6.77082820484,98.9066892195,0,0,0,12,12,608,6204
compact51_marcy__paper_roles,2019-08-19 03:00:00,6.13857928184,64.2827091879,0,0,0,12,12,344,5035
compact51_marcy__paper_roles,2019-08-19 04:00:00,5.52393519089,24.6108329184,0,0,0,12,12,188,1539
compact51_marcy__paper_roles,2019-08-19 05:00:00,9.11721245716,125.552669935,1,0,0,12,12,2120,6730
compact51_marcy__paper_roles,2019-08-19 06:00:00,7.53572000076,1108.16777218,1,0,0,12,12,1041,8519
compact51_marcy__paper_roles,2019-08-19 07:00:00,10.3874056886,91.4847638235,0,0,0,12,12,3198,6000
compact51_marcy__paper_roles,2019-08-19 08:00:00,10.1219787137,84.282370153,0,0,0,12,12,2955,5791
compact51_marcy__paper_roles,2019-08-19 09:00:00,10.5725582995,105.15011823,1,0,0,12,12,3368,6364
compact51_marcy__paper_roles,2019-08-19 10:00:00,8.13073664149,105.681449243,1,0,0,12,12,1381,6376
compact51_marcy__paper_roles,2019-08-19 11:00:00,8.83900470922,113.78862109,1,0,0,12,12,1900,6515
compact51_marcy__paper_roles,2019-08-19 12:00:00,12.806545743,147.058921445,1,0,0,12,12,5158,7025
compact51_marcy__paper_roles,2019-08-19 13:00:00,14.2316077743,103.596015917,1,0,0,12,12,6090,6328
compact51_marcy__paper_roles,2019-08-19 14:00:00,15.2518926483,94.1887399618,0,0,0,12,12,6606,6087
compact51_marcy__paper_roles,2019-08-19 15:00:00,23.0793881294,220.471289097,1,0,0,12,12,8433,7608
compact51_marcy__paper_roles,2019-08-19 16:00:00,32.8394349256,1072.4123692,0,0,0,12,12,8731,8508
compact51_marcy__paper_roles,2019-08-19 17:00:00,21.6044983015,163.637273465,0,0,0,12,12,8286,7211
compact51_marcy__paper_roles,2019-08-19 18:00:00,21.6800799236,102.2661279,0,0,0,12,12,8294,6300
compact51_marcy__paper_roles,2019-08-19 19:00:00,17.8992088376,1105.05532145,1,0,0,12,12,7602,8517
compact51_marcy__paper_roles,2019-08-19 20:00:00,14.4324799996,280.039033999,1,0,0,12,12,6199,7862
compact51_marcy__paper_roles,2019-08-19 21:00:00,20.4186512306,2260.24748312,1,0,0,12,12,8124,8636
compact51_marcy__paper_roles,2019-08-19 22:00:00,20.4468501729,230.10372615,1,0,0,12,12,8128,7662
compact51_marcy__paper_roles,2019-08-19 23:00:00,11.3506871344,219.091165368,0,0,0,12,12,3977,7603
compact51_marcy__paper_roles,2019-08-20 00:00:00,9.70544362627,21.6245918904,0,0,0,12,12,2573,1098
compact51_marcy__paper_roles,2019-08-20 01:00:00,6.69346833075,48.7714838688,0,0,0,12,12,574,4161
compact51_marcy__paper_roles,2019-08-20 02:00:00,4.73403581457,99.6796021593,0,0,0,12,12,68,6230
compact51_marcy__paper_roles,2019-08-20 03:00:00,4.70222796525,169.206872016,1,0,0,12,12,64,7259
compact51_marcy__paper_roles,2019-08-20 04:00:00,2.28596353101,81.074603128,0,0,0,14,12,4,5691
compact51_marcy__paper_roles,2019-08-20 05:00:00,7.32942019287,16.0333396429,0,0,0,12,12,895,372
compact51_marcy__paper_roles,2019-08-20 06:00:00,6.75125160028,84.5637186132,0,0,0,12,12,598,5802
compact51_marcy__paper_roles,2019-08-20 07:00:00,7.77905591218,70.3866160789,0,0,0,12,12,1184,5290
compact51_marcy__paper_roles,2019-08-20 08:00:00,8.20162434462,85.1691721071,0,0,0,11,10,1435,5824
compact51_marcy__paper_roles,2019-08-20 09:00:00,8.86202039291,108.457845212,1,0,0,12,12,1916,6421
compact51_marcy__paper_roles,2019-08-20 10:00:00,6.9222513158,139.780686868,1,0,0,13,12,687,6936
compact51_marcy__paper_roles,2019-08-20 11:00:00,11.8116040456,574.336999461,1,0,0,12,12,4355,8319
compact51_marcy__paper_roles,2019-08-20 12:00:00,14.1758065341,1751.22438452,0,0,0,12,12,6057,8594
compact51_marcy__paper_roles,2019-08-20 13:00:00,13.540646268,243.729688304,0,0,0,12,12,5667,7733
compact51_marcy__paper_roles,2019-08-20 14:00:00,11.6677414481,65.6272398037,0,0,0,12,12,4249,5105
compact51_marcy__paper_roles,2019-08-20 15:00:00,17.9910691492,421.429730881,0,0,0,12,12,7627,8157
compact51_marcy__paper_roles,2019-08-20 16:00:00,17.0323449606,295.62686827,0,0,0,12,12,7318,7913
compact51_marcy__paper_roles,2019-08-20 17:00:00,18.4650928988,183.340788468,0,0,0,12,12,7740,7373
compact51_marcy__paper_roles,2019-08-20 18:00:00,25.0824215444,135.660042957,0,0,0,12,12,8572,6882
compact51_marcy__paper_roles,2019-08-20 19:00:00,26.2062712603,588.740369518,0,0,0,12,12,8619,8329
compact51_marcy__paper_roles,2019-08-20 20:00:00,30.0382870475,547.071937459,0,0,0,12,12,8702,8294
compact51_marcy__paper_roles,2019-08-20 21:00:00,29.5418012573,1926.97159246,1,0,0,12,12,8691,8613
compact51_marcy__paper_roles,2019-08-20 22:00:00,20.3610447771,828.51894512,1,0,0,12,12,8111,8442
compact51_marcy__paper_roles,2019-08-20 23:00:00,13.4977362182,40146.2498725,0,0,0,12,12,5636,8752
compact51_marcy__paper_roles,2019-08-21 00:00:00,9.50080521385,95.8504130486,0,0,0,12,12,2432,6137
compact51_marcy__paper_roles,2019-08-21 01:00:00,8.40942729937,40.9660991299,0,0,0,12,12,1584,3550
compact51_marcy__paper_roles,2019-08-21 02:00:00,6.27311643439,103.105139557,1,0,0,12,12,401,6315
compact51_marcy__paper_roles,2019-08-21 03:00:00,3.50551204482,85.0201147752,0,0,0,12,12,15,5817
compact51_marcy__paper_roles,2019-08-21 04:00:00,4.19938856849,265.482591153,1,0,0,12,12,34,7810
compact51_marcy__paper_roles,2019-08-21 05:00:00,7.49531698295,255.34326139,1,0,0,12,12,1020,7780
compact51_marcy__paper_roles,2019-08-21 06:00:00,6.45134059523,60.6721534544,0,0,0,12,12,463,4862
compact51_marcy__paper_roles,2019-08-21 07:00:00,9.79849273724,71.6396238637,0,0,0,12,12,2658,5340
compact51_marcy__paper_roles,2019-08-21 08:00:00,9.38664551941,106.224269693,1,0,0,12,12,2338,6385
compact51_marcy__paper_roles,2019-08-21 09:00:00,8.27297364748,46.9925983149,0,0,0,12,12,1486,4007
compact51_marcy__paper_roles,2019-08-21 10:00:00,7.37700063987,74.2192774875,0,0,0,12,12,935,5444
compact51_marcy__paper_roles,2019-08-21 11:00:00,8.70370427671,128.115496806,1,0,0,12,12,1811,6779
compact51_marcy__paper_roles,2019-08-21 12:00:00,13.5946971885,425.028253709,1,0,0,12,12,5696,8161
compact51_marcy__paper_roles,2019-08-21 13:00:00,14.9133826207,865.241310947,1,0,0,12,12,6439,8458
compact51_marcy__paper_roles,2019-08-21 14:00:00,19.2762664282,151.162082551,0,0,0,12,12,7914,7071
compact51_marcy__paper_roles,2019-08-21 15:00:00,31.0595452871,102.046744002,0,0,0,12,12,8720,6297
compact51_marcy__paper_roles,2019-08-21 16:00:00,27.231966096,224.257215055,0,0,0,12,12,8648,7630
compact51_marcy__paper_roles,2019-08-21 17:00:00,26.1275403917,122.48426512,0,0,0,12,12,8612,6680
compact51_marcy__paper_roles,2019-08-21 18:00:00,28.8048877705,138.41050526,0,0,0,12,12,8678,6916
compact51_marcy__paper_roles,2019-08-21 19:00:00,27.4515971958,114.375904105,0,0,0,12,12,8652,6525
compact51_marcy__paper_roles,2019-08-21 20:00:00,23.2174548266,236.618293102,0,0,0,12,12,8440,7701
compact51_marcy__paper_roles,2019-08-21 21:00:00,22.3980638637,500.036502275,0,0,0,12,12,8363,8252
compact51_marcy__paper_roles,2019-08-21 22:00:00,15.9230396,554.401277116,1,0,0,12,12,6905,8298
compact51_marcy__paper_roles,2019-08-21 23:00:00,10.7667690211,24.3344115538,0,0,0,12,12,3522,1505
compact51_marcy__paper_roles,2019-08-22 00:00:00,12.2019106862,77.8164856414,0,0,0,12,12,4666,5566
compact51_marcy__paper_roles,2019-08-22 01:00:00,11.5238994993,36.5150014544,0,0,0,12,12,4141,3104
compact51_marcy__paper_roles,2019-08-22 02:00:00,9.20691568799,26.3369155082,0,0,0,12,12,2190,1818
compact51_marcy__paper_roles,2019-08-22 03:00:00,7.69715054675,78.0967074449,0,0,0,12,12,1129,5581
compact51_marcy__paper_roles,2019-08-22 04:00:00,7.90321128999,92.8209907354,0,0,0,12,12,1249,6049
compact51_marcy__paper_roles,2019-08-22 05:00:00,9.64147613319,131.32681003,0,0,0,12,12,2528,6826
compact51_marcy__paper_roles,2019-08-22 06:00:00,7.86082713911,24.8635540484,0,0,0,12,12,1224,1569
compact51_marcy__paper_roles,2019-08-22 07:00:00,6.39225757322,15.7942273914,0,0,0,12,12,441,343
compact51_marcy__paper_roles,2019-08-22 08:00:00,6.4302468026,37.281719417,0,0,0,12,12,450,3187
compact51_marcy__paper_roles,2019-08-22 09:00:00,8.39368390804,52.9032008786,0,0,0,12,12,1574,4434
compact51_marcy__paper_roles,2019-08-22 10:00:00,7.69889606378,39.2642688043,0,0,0,12,12,1130,3386
compact51_marcy__paper_roles,2019-08-22 11:00:00,8.93690499815,21.3254097,0,0,0,12,12,1973,1057
compact51_marcy__paper_roles,2019-08-22 12:00:00,9.65076143737,14.055516544,0,0,0,12,12,2537,202
compact51_marcy__paper_roles,2019-08-22 13:00:00,10.5002031769,14.470060575,0,0,0,12,12,3296,233
compact51_marcy__paper_roles,2019-08-22 14:00:00,13.2293627665,21.9639538445,0,0,0,12,12,5462,1149
compact51_marcy__paper_roles,2019-08-22 15:00:00,17.4171682869,33.2148093537,0,0,0,12,12,7470,2727
compact51_marcy__paper_roles,2019-08-22 16:00:00,16.2656278922,29.1876260733,0,0,0,12,12,7050,2225
compact51_marcy__paper_roles,2019-08-22 17:00:00,17.9212844911,34.5660708209,0,0,0,12,12,7610,2891
compact51_marcy__paper_roles,2019-08-22 18:00:00,19.1275516537,35.1519323299,0,0,0,12,12,7894,2953
compact51_marcy__paper_roles,2019-08-22 19:00:00,17.4225740051,30.9435093161,0,0,0,12,12,7472,2460
compact51_marcy__paper_roles,2019-08-22 20:00:00,22.0412772712,47.6720303123,0,0,0,14,13,8328,4063
compact51_marcy__paper_roles,2019-08-22 21:00:00,20.4940243405,47.8092595797,0,0,0,11,11,8138,4074
compact51_marcy__paper_roles,2019-08-22 22:00:00,17.2075109656,50.4182682929,0,0,0,12,12,7384,4271
compact51_marcy__paper_roles,2019-08-22 23:00:00,18.2397080921,88.8303257425,0,0,0,12,12,7693,5926
compact51_marcy__paper_roles,2019-08-23 00:00:00,6.22723268416,23.4071353861,0,0,0,12,12,376,1355
compact51_marcy__paper_roles,2019-08-23 01:00:00,6.63817467343,94.0912169154,0,0,0,12,12,543,6084
compact51_marcy__paper_roles,2019-08-23 02:00:00,11.4402014463,280.102069511,0,0,0,12,12,4063,7863
compact51_marcy__paper_roles,2019-08-23 03:00:00,9.7772615146,76.8566613032,0,0,0,12,12,2642,5537
compact51_marcy__paper_roles,2019-08-23 04:00:00,10.7233329908,63.5474057183,0,0,0,12,12,3487,5004
compact51_marcy__paper_roles,2019-08-23 05:00:00,12.1053361963,85.8418885007,0,0,0,12,12,4589,5850
compact51_marcy__paper_roles,2019-08-23 06:00:00,10.8655534064,94.7968983884,0,0,0,12,12,3614,6109
compact51_marcy__paper_roles,2019-08-23 07:00:00,6.4329811797,9.61389139234,0,0,0,12,12,451,22
compact51_marcy__paper_roles,2019-08-23 08:00:00,6.4726431456,20.0646765905,0,0,0,12,12,471,881
compact51_marcy__paper_roles,2019-08-23 09:00:00,6.56936407065,20.5488508332,0,0,0,12,12,513,946
compact51_marcy__paper_roles,2019-08-23 10:00:00,6.16016890476,18.8330580266,0,0,0,12,12,349,697
compact51_marcy__paper_roles,2019-08-23 11:00:00,7.05009072185,19.6309190513,0,0,0,12,12,759,818
compact51_marcy__paper_roles,2019-08-23 12:00:00,6.26688543217,14.4809726949,0,0,0,12,12,398,234
compact51_marcy__paper_roles,2019-08-23 13:00:00,5.92991358148,24.9951075318,0,0,0,12,12,279,1584
compact51_marcy__paper_roles,2019-08-23 14:00:00,5.5674904635,18.2759242157,0,0,0,12,12,196,623
compact51_marcy__paper_roles,2019-08-23 15:00:00,6.91616684562,35.1360170511,0,0,0,12,12,682,2950
compact51_marcy__paper_roles,2019-08-23 16:00:00,7.02777882853,59.4959194815,0,0,0,12,12,749,4811
compact51_marcy__paper_roles,2019-08-23 17:00:00,7.44496025476,22.7101002165,0,0,0,12,12,985,1261
compact51_marcy__paper_roles,2019-08-23 18:00:00,9.91443398648,26.4683172937,0,0,0,12,12,2762,1831
compact51_marcy__paper_roles,2019-08-23 19:00:00,7.09252421568,34.6435470635,0,0,0,12,12,783,2901
compact51_marcy__paper_roles,2019-08-23 20:00:00,7.9372922854,42.8247524825,0,0,0,12,12,1275,3682
compact51_marcy__paper_roles,2019-08-23 21:00:00,8.91616333968,34.4870100518,0,0,0,12,12,1957,2883
compact51_marcy__paper_roles,2019-08-23 22:00:00,8.09895171513,37.7685765296,0,0,0,12,12,1367,3239
compact51_marcy__paper_roles,2019-08-23 23:00:00,21.1643869793,1496.46267269,1,0,0,12,12,8236,8573
compact51_marcy__paper_roles,2019-08-24 00:00:00,9.75876293645,285.836891868,0,0,0,13,12,2618,7889
compact51_marcy__paper_roles,2019-08-24 01:00:00,8.97966091851,613.55259233,1,0,0,12,12,2017,8346
compact51_marcy__paper_roles,2019-08-24 02:00:00,11.7725609564,374.862129338,1,0,0,12,12,4330,8105
compact51_marcy__paper_roles,2019-08-24 03:00:00,12.2117916138,638.977279697,1,0,0,12,12,4675,8358
compact51_marcy__paper_roles,2019-08-24 04:00:00,12.4558266836,666.972394116,1,0,0,12,12,4874,8378
compact51_marcy__paper_roles,2019-08-24 05:00:00,12.9685579676,438.20562345,1,0,0,12,12,5279,8179
compact51_marcy__paper_roles,2019-08-24 06:00:00,16.6860369214,2950.72534696,0,0,0,12,12,7208,8665
compact51_marcy__paper_roles,2019-08-24 07:00:00,13.7148902623,416.846616607,0,0,0,12,12,5775,8154
compact51_marcy__paper_roles,2019-08-24 08:00:00,12.4574055516,484.281634588,0,0,0,12,12,4877,8231
compact51_marcy__paper_roles,2019-08-24 09:00:00,12.1243062563,217.278631573,0,0,0,12,12,4615,7595
compact51_marcy__paper_roles,2019-08-24 10:00:00,9.90521640703,111.473153763,0,0,0,12,12,2751,6470
compact51_marcy__paper_roles,2019-08-24 11:00:00,9.81581227781,34.5119901028,0,0,0,12,12,2670,2886
compact51_marcy__paper_roles,2019-08-24 12:00:00,13.0666390654,31.8252353803,0,0,0,12,12,5343,2556
compact51_marcy__paper_roles,2019-08-24 13:00:00,9.65378656893,23.6711570696,0,0,0,12,12,2539,1397
compact51_marcy__paper_roles,2019-08-24 14:00:00,4.9646896533,21.9160400227,0,0,0,12,12,92,1141
compact51_marcy__paper_roles,2019-08-24 15:00:00,7.1681670883,26.2891046845,0,0,0,12,12,812,1806
compact51_marcy__paper_roles,2019-08-24 16:00:00,8.89452262645,23.9753914815,0,0,0,12,12,1940,1448
compact51_marcy__paper_roles,2019-08-24 17:00:00,10.4008534466,26.5096587933,0,0,0,12,12,3219,1839
compact51_marcy__paper_roles,2019-08-24 18:00:00,10.4669526255,36.3555809616,0,0,0,12,12,3278,3084
compact51_marcy__paper_roles,2019-08-24 19:00:00,11.9462964548,57.12382414,0,0,0,12,12,4468,4697
compact51_marcy__paper_roles,2019-08-24 20:00:00,13.6212526138,80.2329775673,0,0,0,12,12,5718,5655
compact51_marcy__paper_roles,2019-08-24 21:00:00,15.4983783002,79.3849452204,0,0,0,12,12,6728,5622
compact51_marcy__paper_roles,2019-08-24 22:00:00,10.7983991753,23.2174965171,0,0,0,12,12,3555,1332
compact51_marcy__paper_roles,2019-08-24 23:00:00,14.6058794167,53.6364875143,0,0,0,12,12,6286,4495
compact51_marcy__paper_roles,2019-08-25 00:00:00,15.0946386391,234.152160553,0,0,0,12,12,6529,7681
compact51_marcy__paper_roles,2019-08-25 01:00:00,8.34264086875,19.1740312591,0,0,0,12,12,1537,745
compact51_marcy__paper_roles,2019-08-25 02:00:00,9.28156753876,27.5243276159,0,0,0,12,12,2250,1973
compact51_marcy__paper_roles,2019-08-25 03:00:00,8.35876519461,21.4733731884,0,0,0,12,12,1551,1077
compact51_marcy__paper_roles,2019-08-25 04:00:00,5.13783406831,12.7100856887,0,0,0,12,12,115,115
compact51_marcy__paper_roles,2019-08-25 05:00:00,8.08749262121,11.5238057429,0,0,0,12,12,1360,63
compact51_marcy__paper_roles,2019-08-25 06:00:00,8.89762723681,11.6119076728,0,0,0,12,12,1943,66
compact51_marcy__paper_roles,2019-08-25 07:00:00,11.2291043427,32.846009774,0,0,0,13,13,3886,2686
compact51_marcy__paper_roles,2019-08-25 08:00:00,7.90771249554,13.3952937063,0,0,0,12,12,1253,165
compact51_marcy__paper_roles,2019-08-25 09:00:00,9.02341672049,27.0980981435,0,0,0,12,12,2050,1923
compact51_marcy__paper_roles,2019-08-25 10:00:00,10.1421518826,65.7065812906,0,0,0,12,12,2973,5107
compact51_marcy__paper_roles,2019-08-25 11:00:00,7.21851336633,23.150008976,0,0,0,12,12,846,1322
compact51_marcy__paper_roles,2019-08-25 12:00:00,9.62014494291,73.1781386038,0,0,0,12,12,2515,5388
compact51_marcy__paper_roles,2019-08-25 13:00:00,9.28129049552,16.2999266693,0,0,0,12,12,2248,400
compact51_marcy__paper_roles,2019-08-25 14:00:00,7.10433531273,28.5823385437,0,0,0,12,12,786,2134
compact51_marcy__paper_roles,2019-08-25 15:00:00,7.15464358383,18.6646328122,0,0,0,12,12,804,672
compact51_marcy__paper_roles,2019-08-25 16:00:00,8.26805365993,22.9021178375,0,0,0,12,12,1477,1293
compact51_marcy__paper_roles,2019-08-25 17:00:00,11.0406104448,92.2828400252,0,0,0,12,12,3741,6033
compact51_marcy__paper_roles,2019-08-25 18:00:00,9.17488948294,39.0750850923,0,0,0,12,12,2162,3365
compact51_marcy__paper_roles,2019-08-25 19:00:00,11.4760326915,56.7147713277,0,0,0,12,12,4093,4675
compact51_marcy__paper_roles,2019-08-25 20:00:00,10.2055861694,61.846995076,0,0,0,12,12,3044,4922
compact51_marcy__paper_roles,2019-08-25 21:00:00,10.993148833,22.5795479699,0,0,0,12,12,3706,1236
compact51_marcy__paper_roles,2019-08-25 22:00:00,13.6043672427,36.1600484368,0,0,0,12,12,5703,3068
compact51_marcy__paper_roles,2019-08-25 23:00:00,16.5760427937,37.7927775219,0,0,0,12,12,7175,3246
compact51_marcy__paper_roles,2019-08-26 00:00:00,8.46901850592,32.6618121566,0,0,0,12,12,1632,2664
compact51_marcy__paper_roles,2019-08-26 01:00:00,7.2092140965,19.5161153843,0,0,0,12,12,836,798
compact51_marcy__paper_roles,2019-08-26 02:00:00,8.85236257484,207.460684255,0,0,0,12,12,1910,7538
compact51_marcy__paper_roles,2019-08-26 03:00:00,9.01117008218,175.41589884,0,0,0,12,12,2044,7315
compact51_marcy__paper_roles,2019-08-26 04:00:00,14.3758595098,109.811222223,0,0,0,12,12,6168,6443
compact51_marcy__paper_roles,2019-08-26 05:00:00,18.5955429788,68.5545525664,0,0,0,12,12,7780,5227
compact51_marcy__paper_roles,2019-08-26 06:00:00,15.7853557495,51.5303583416,0,0,0,12,12,6841,4349
compact51_marcy__paper_roles,2019-08-26 07:00:00,8.2065222631,23.2672131627,0,0,0,12,12,1438,1340
compact51_marcy__paper_roles,2019-08-26 08:00:00,6.07109091978,10.4169982214,0,0,0,12,12,327,33
compact51_marcy__paper_roles,2019-08-26 09:00:00,8.25761645687,178.303243394,1,0,0,12,12,1473,7339
compact51_marcy__paper_roles,2019-08-26 10:00:00,10.9543186794,73.9408282429,0,0,0,12,12,3679,5433
compact51_marcy__paper_roles,2019-08-26 11:00:00,10.5868555551,173.20474627,0,0,0,12,12,3383,7299
compact51_marcy__paper_roles,2019-08-26 12:00:00,6.90021487006,369.53008673,1,0,0,12,12,670,8102
compact51_marcy__paper_roles,2019-08-26 13:00:00,8.07310625416,241.9695793,1,0,0,12,12,1351,7723
compact51_marcy__paper_roles,2019-08-26 14:00:00,8.82886129145,217.276085383,1,0,0,12,12,1890,7594
compact51_marcy__paper_roles,2019-08-26 15:00:00,7.55566578522,167.041742613,1,0,0,12,12,1054,7244
compact51_marcy__paper_roles,2019-08-26 16:00:00,6.81843014499,91.3126450586,0,0,0,12,12,631,5994
compact51_marcy__paper_roles,2019-08-26 17:00:00,5.96942914445,257.082038826,1,0,0,12,12,295,7786
compact51_marcy__paper_roles,2019-08-26 18:00:00,13.2330255985,193.481007643,1,0,0,12,12,5466,7440
compact51_marcy__paper_roles,2019-08-26 19:00:00,11.232472498,174.286246616,1,0,0,12,12,3888,7309
compact51_marcy__paper_roles,2019-08-26 20:00:00,10.8218541343,106.231756518,1,0,0,12,12,3572,6387
compact51_marcy__paper_roles,2019-08-26 21:00:00,10.6725404401,26.5091989654,0,0,0,12,12,3445,1838
compact51_marcy__paper_roles,2019-08-26 22:00:00,10.37031697,48.7948624587,0,0,0,12,12,3182,4162
compact51_marcy__paper_roles,2019-08-26 23:00:00,14.9094111179,347.21997929,0,0,0,12,12,6436,8055
compact51_marcy__paper_roles,2019-08-27 00:00:00,6.78780382801,89.6918650598,0,0,0,12,12,617,5950
compact51_marcy__paper_roles,2019-08-27 01:00:00,6.52552288531,64.7972024063,0,0,0,12,12,494,5067
compact51_marcy__paper_roles,2019-08-27 02:00:00,3.89054127506,46.5713152597,0,0,0,12,12,24,3980
compact51_marcy__paper_roles,2019-08-27 03:00:00,3.73117265564,41.5298145663,0,0,0,12,12,21,3583
compact51_marcy__paper_roles,2019-08-27 04:00:00,6.52956626881,50.7599818108,0,0,0,12,12,496,4288
compact51_marcy__paper_roles,2019-08-27 05:00:00,7.81162869342,32.695586251,0,0,0,12,12,1203,2667
compact51_marcy__paper_roles,2019-08-27 06:00:00,10.6560722498,1290.33799295,0,0,0,12,12,3431,8545
compact51_marcy__paper_roles,2019-08-27 07:00:00,8.9694240304,85.3955706127,0,0,0,12,12,2004,5837
compact51_marcy__paper_roles,2019-08-27 08:00:00,9.09856804707,1364.49180498,0,0,0,13,12,2106,8552
compact51_marcy__paper_roles,2019-08-27 09:00:00,8.62635947808,1369.56071522,1,0,0,12,12,1749,8554
compact51_marcy__paper_roles,2019-08-27 10:00:00,5.6466743292,996.99313969,0,0,0,12,12,216,8495
compact51_marcy__paper_roles,2019-08-27 11:00:00,7.60701160539,32.1119759529,0,0,0,11,11,1077,2601
compact51_marcy__paper_roles,2019-08-27 12:00:00,10.2247247739,20.6530368307,0,0,0,10,10,3063,962
compact51_marcy__paper_roles,2019-08-27 13:00:00,12.3025160454,60.5690538088,0,0,0,11,11,4747,4854
compact51_marcy__paper_roles,2019-08-27 14:00:00,10.8058406026,30.6712278596,0,0,0,10,10,3560,2416
compact51_marcy__paper_roles,2019-08-27 15:00:00,14.322008644,46.6792921028,0,0,0,12,12,6139,3986
compact51_marcy__paper_roles,2019-08-27 16:00:00,12.7852599344,41.6954846451,0,0,0,12,12,5144,3595
compact51_marcy__paper_roles,2019-08-27 17:00:00,12.4699396139,22.6489451689,0,0,0,12,12,4892,1247
compact51_marcy__paper_roles,2019-08-27 18:00:00,13.4564258896,23.6125694721,0,0,0,12,12,5609,1388
compact51_marcy__paper_roles,2019-08-27 19:00:00,14.829940336,129.08009606,0,0,0,12,12,6392,6797
compact51_marcy__paper_roles,2019-08-27 20:00:00,15.3967942848,154.19999446,0,0,0,12,12,6680,7108
compact51_marcy__paper_roles,2019-08-27 21:00:00,12.6096885695,29.5000320955,0,0,0,12,12,4985,2280
compact51_marcy__paper_roles,2019-08-27 22:00:00,17.6539823234,36.5477585091,0,0,0,12,12,7530,3107
compact51_marcy__paper_roles,2019-08-27 23:00:00,18.1556372127,275.498929995,1,0,0,12,12,7663,7841
compact51_marcy__paper_roles,2019-08-28 00:00:00,10.9594771402,112.07957005,0,0,0,12,12,3687,6484
compact51_marcy__paper_roles,2019-08-28 01:00:00,8.42731553793,20.0278025573,0,0,0,12,12,1600,875
compact51_marcy__paper_roles,2019-08-28 02:00:00,6.93372157286,29.1009716848,0,0,0,12,12,692,2211
compact51_marcy__paper_roles,2019-08-28 03:00:00,7.41459651588,15.7398023792,0,0,0,12,12,959,335
compact51_marcy__paper_roles,2019-08-28 04:00:00,11.8691884102,109.095171487,0,0,0,12,12,4401,6428
compact51_marcy__paper_roles,2019-08-28 05:00:00,12.7600494098,302.019697367,1,0,0,12,12,5117,7932
compact51_marcy__paper_roles,2019-08-28 06:00:00,8.98097512887,96.0474583151,0,0,0,12,12,2019,6147
compact51_marcy__paper_roles,2019-08-28 07:00:00,10.997775079,51.2303451205,0,0,0,12,12,3707,4323
compact51_marcy__paper_roles,2019-08-28 08:00:00,10.8655377737,60.8371487193,0,0,0,12,12,3613,4874
compact51_marcy__paper_roles,2019-08-28 09:00:00,10.2291722903,20.5145479064,0,0,0,12,12,3068,939
compact51_marcy__paper_roles,2019-08-28 10:00:00,12.8314834379,45.6477587213,0,0,0,13,12,5180,3914
compact51_marcy__paper_roles,2019-08-28 11:00:00,19.2948995365,90.0366138616,0,0,0,12,12,7919,5965
compact51_marcy__paper_roles,2019-08-28 12:00:00,17.2029903575,74.8128210465,0,0,0,12,12,7381,5462
compact51_marcy__paper_roles,2019-08-28 13:00:00,15.4594848251,81.3354197982,0,0,0,12,12,6706,5701
compact51_marcy__paper_roles,2019-08-28 14:00:00,12.2683389007,65.2181244338,0,0,0,12,12,4724,5088
compact51_marcy__paper_roles,2019-08-28 15:00:00,10.393057827,16.7422884059,0,0,0,12,12,3207,454
compact51_marcy__paper_roles,2019-08-28 16:00:00,11.7728459002,17.4878329112,0,0,0,12,12,4331,532
compact51_marcy__paper_roles,2019-08-28 17:00:00,12.6534310209,19.4449728634,0,0,0,12,12,5035,788
compact51_marcy__paper_roles,2019-08-28 18:00:00,12.0516493614,17.9881846774,0,0,0,12,12,4552,588
compact51_marcy__paper_roles,2019-08-28 19:00:00,12.2106795952,21.6505775348,0,0,0,12,12,4674,1105
compact51_marcy__paper_roles,2019-08-28 20:00:00,14.4201389316,26.6021338477,0,0,0,12,12,6192,1851
compact51_marcy__paper_roles,2019-08-28 21:00:00,15.110058398,30.0775892407,0,0,0,12,12,6538,2350
compact51_marcy__paper_roles,2019-08-28 22:00:00,16.4913683639,95.0562505843,0,0,0,12,12,7140,6115
compact51_marcy__paper_roles,2019-08-28 23:00:00,19.9098814082,94.5616529673,0,0,0,12,12,8038,6096
compact51_marcy__paper_roles,2019-08-29 00:00:00,8.92327039951,134.365189911,0,0,0,12,12,1964,6865
compact51_marcy__paper_roles,2019-08-29 01:00:00,8.80665960311,117.031978707,0,0,0,12,12,1870,6560
compact51_marcy__paper_roles,2019-08-29 02:00:00,11.4839470356,4081.72878418,1,0,0,12,12,4104,8695
compact51_marcy__paper_roles,2019-08-29 03:00:00,10.5732351921,1674.32011045,1,0,0,12,12,3372,8584
compact51_marcy__paper_roles,2019-08-29 04:00:00,9.84109151125,224.760692959,0,0,0,12,12,2695,7633
compact51_marcy__paper_roles,2019-08-29 05:00:00,11.2092398481,28.1569046107,0,0,0,12,12,3875,2069
compact51_marcy__paper_roles,2019-08-29 06:00:00,8.91912630651,39.6645346503,0,0,0,12,12,1960,3428
compact51_marcy__paper_roles,2019-08-29 07:00:00,9.3980613645,67.2823200902,0,0,0,12,12,2346,5171
compact51_marcy__paper_roles,2019-08-29 08:00:00,6.66548104311,150.462946551,1,0,0,12,12,558,7064
compact51_marcy__paper_roles,2019-08-29 09:00:00,5.98984589676,130.563697094,0,0,0,12,12,298,6813
compact51_marcy__paper_roles,2019-08-29 10:00:00,5.08150490676,466.520468229,1,0,0,12,12,106,8211
compact51_marcy__paper_roles,2019-08-29 11:00:00,4.77091359047,384.681750247,0,0,0,12,12,71,8118
compact51_marcy__paper_roles,2019-08-29 12:00:00,4.69979154289,68.0726149691,0,0,0,13,13,63,5207
compact51_marcy__paper_roles,2019-08-29 13:00:00,4.40795411775,84.2113813703,0,0,0,12,12,48,5790
compact51_marcy__paper_roles,2019-08-29 14:00:00,5.13896776985,99.8908037817,0,0,0,12,12,116,6240
compact51_marcy__paper_roles,2019-08-29 15:00:00,8.63787261401,80.2657686443,0,0,0,12,12,1759,5656
compact51_marcy__paper_roles,2019-08-29 16:00:00,7.67205807265,189.609781723,0,0,0,12,12,1116,7411
compact51_marcy__paper_roles,2019-08-29 17:00:00,5.19257661817,8.79008405203,0,0,0,12,12,127,11
compact51_marcy__paper_roles,2019-08-29 18:00:00,10.7865314483,49.0812478489,0,0,0,12,12,3544,4185
compact51_marcy__paper_roles,2019-08-29 19:00:00,9.56212006059,31.339606055,0,0,0,12,12,2481,2509
compact51_marcy__paper_roles,2019-08-29 20:00:00,11.3516438066,45.6550611891,0,0,0,12,12,3980,3917
compact51_marcy__paper_roles,2019-08-29 21:00:00,15.0798467354,34.6434562462,0,0,0,12,12,6521,2900
compact51_marcy__paper_roles,2019-08-29 22:00:00,14.9736198728,38.3077216812,0,0,0,12,12,6470,3293
compact51_marcy__paper_roles,2019-08-29 23:00:00,10.0782520097,227.385818352,0,0,0,12,12,2919,7645
compact51_marcy__paper_roles,2019-08-30 00:00:00,9.8308764968,125.738755491,0,0,0,12,12,2682,6735
compact51_marcy__paper_roles,2019-08-30 01:00:00,10.0290881484,1073.88566698,0,0,0,12,12,2882,8510
compact51_marcy__paper_roles,2019-08-30 02:00:00,10.1515214628,3477.0551966,0,0,0,12,12,2982,8683
compact51_marcy__paper_roles,2019-08-30 03:00:00,10.2053680558,4303.04190567,0,0,0,12,12,3043,8700
compact51_marcy__paper_roles,2019-08-30 04:00:00,10.797056422,5050.13343059,1,0,0,12,12,3554,8711
compact51_marcy__paper_roles,2019-08-30 05:00:00,13.008436897,14925.2344753,1,0,0,12,12,5305,8739
compact51_marcy__paper_roles,2019-08-30 06:00:00,10.8958000414,232.689120654,0,0,0,12,12,3637,7674
compact51_marcy__paper_roles,2019-08-30 07:00:00,8.12454307602,28.5341448867,0,0,0,12,12,1378,2128
compact51_marcy__paper_roles,2019-08-30 08:00:00,9.98970237945,56.4443905205,0,0,0,12,12,2834,4659
compact51_marcy__paper_roles,2019-08-30 09:00:00,7.02947970656,105.445205816,0,0,0,12,12,752,6371
compact51_marcy__paper_roles,2019-08-30 10:00:00,7.39075742676,16.4562482475,0,0,0,12,12,945,426
compact51_marcy__paper_roles,2019-08-30 11:00:00,10.1911669687,23.4384172739,0,0,0,12,12,3026,1361
compact51_marcy__paper_roles,2019-08-30 12:00:00,8.43022238124,140.285718163,1,0,0,12,12,1602,6943
compact51_marcy__paper_roles,2019-08-30 13:00:00,10.6225079218,814.515956067,1,0,0,12,12,3407,8437
compact51_marcy__paper_roles,2019-08-30 14:00:00,7.44964350601,70.4781953816,0,0,0,12,12,988,5295
compact51_marcy__paper_roles,2019-08-30 15:00:00,9.89688883812,138.188058036,0,0,0,12,12,2745,6911
compact51_marcy__paper_roles,2019-08-30 16:00:00,11.4755382148,72.3686338218,0,0,0,12,12,4091,5363
compact51_marcy__paper_roles,2019-08-30 17:00:00,13.3036675323,64.4939584737,0,0,0,12,12,5514,5047
compact51_marcy__paper_roles,2019-08-30 18:00:00,12.6836014606,20.5432182041,0,0,0,12,12,5061,944
compact51_marcy__paper_roles,2019-08-30 19:00:00,8.81013449241,19.6412035916,0,0,0,12,12,1872,820
compact51_marcy__paper_roles,2019-08-30 20:00:00,9.71434362179,23.5339045702,0,0,0,12,12,2584,1376
compact51_marcy__paper_roles,2019-08-30 21:00:00,12.7617389814,63.8194304684,0,0,0,12,12,5119,5017
compact51_marcy__paper_roles,2019-08-30 22:00:00,8.95503066125,22.7594887089,0,0,0,12,12,1993,1270
compact51_marcy__paper_roles,2019-08-30 23:00:00,16.869701643,54.9059965245,0,0,0,12,12,7258,4571
compact51_marcy__paper_roles,2019-08-31 00:00:00,9.92646828848,20.5811803034,0,0,0,12,12,2776,951
compact51_marcy__paper_roles,2019-08-31 01:00:00,7.80209556945,14.8917406452,0,0,0,12,12,1197,259
compact51_marcy__paper_roles,2019-08-31 02:00:00,7.63468447948,16.2589216331,0,0,0,12,12,1092,395
compact51_marcy__paper_roles,2019-08-31 03:00:00,6.82163058873,22.0836720276,0,0,0,12,12,636,1168
compact51_marcy__paper_roles,2019-08-31 04:00:00,4.95301532504,19.3177013558,0,0,0,12,12,90,773
compact51_marcy__paper_roles,2019-08-31 05:00:00,5.80353236799,13.2038365352,0,0,0,13,12,251,147
compact51_marcy__paper_roles,2019-08-31 06:00:00,7.933629626,16.9471624414,0,0,0,12,12,1272,477
compact51_marcy__paper_roles,2019-08-31 07:00:00,9.45446660321,26.1247037751,0,0,0,12,12,2402,1778
compact51_marcy__paper_roles,2019-08-31 08:00:00,7.4259694294,16.3348161418,0,0,0,12,12,970,406
compact51_marcy__paper_roles,2019-08-31 09:00:00,8.27857290275,19.1806000396,0,0,0,12,12,1489,746
compact51_marcy__paper_roles,2019-08-31 10:00:00,6.6097499308,14.7558527942,0,0,0,12,12,528,248
compact51_marcy__paper_roles,2019-08-31 11:00:00,6.82181814968,17.8599969565,0,0,0,12,12,637,575
compact51_marcy__paper_roles,2019-08-31 12:00:00,7.44389708275,33.0360651954,0,0,0,12,12,984,2700
compact51_marcy__paper_roles,2019-08-31 13:00:00,8.04461244354,27.8490578504,0,0,0,12,12,1339,2022
compact51_marcy__paper_roles,2019-08-31 14:00:00,8.05139989826,20.7608090615,0,0,0,12,12,1345,974
compact51_marcy__paper_roles,2019-08-31 15:00:00,7.12036442662,22.3602558671,0,0,0,12,12,791,1202
compact51_marcy__paper_roles,2019-08-31 16:00:00,8.94763732399,42.2831979682,0,0,0,12,12,1983,3642
compact51_marcy__paper_roles,2019-08-31 17:00:00,12.2287414848,47.5279742387,0,0,0,12,12,4688,4053
compact51_marcy__paper_roles,2019-08-31 18:00:00,9.93496506574,20.8643738401,0,0,0,13,12,2784,992
compact51_marcy__paper_roles,2019-08-31 19:00:00,8.6730483539,18.4785391341,0,0,0,12,12,1791,642
compact51_marcy__paper_roles,2019-08-31 20:00:00,8.53788126346,18.8726997594,0,0,0,12,12,1684,701
compact51_marcy__paper_roles,2019-08-31 21:00:00,10.5088208504,42.9414609944,0,0,0,12,12,3303,3699
compact51_marcy__paper_roles,2019-08-31 22:00:00,8.6735920171,26.6207334863,0,0,0,12,12,1792,1854
compact51_marcy__paper_roles,2019-08-31 23:00:00,12.8280425958,38.8579277642,0,0,0,14,13,5178,3340
compact51_marcy__paper_roles,2019-09-01 00:00:00,7.83655313242,25.3040818612,0,0,0,12,12,1213,1635
compact51_marcy__paper_roles,2019-09-01 01:00:00,10.0554481127,82.771625973,0,0,0,13,13,2897,5737
compact51_marcy__paper_roles,2019-09-01 02:00:00,9.51125331761,57.2724606603,0,0,0,12,12,2441,4707
compact51_marcy__paper_roles,2019-09-01 03:00:00,8.99758891418,48.1172005215,0,0,0,12,12,2033,4104
compact51_marcy__paper_roles,2019-09-01 04:00:00,8.01895802431,41.8779785371,0,0,0,12,12,1322,3612
compact51_marcy__paper_roles,2019-09-01 05:00:00,4.97850982512,13.1332171273,0,0,0,12,12,94,138
compact51_marcy__paper_roles,2019-09-01 06:00:00,5.86148343562,25.254255719,0,0,0,12,12,266,1627
compact51_marcy__paper_roles,2019-09-01 07:00:00,5.66925485209,17.6540423263,0,0,0,12,12,223,546
compact51_marcy__paper_roles,2019-09-01 08:00:00,8.62918188511,26.0195424741,0,0,0,12,12,1751,1749
compact51_marcy__paper_roles,2019-09-01 09:00:00,9.23235912253,21.2394423388,0,0,0,12,12,2209,1045
compact51_marcy__paper_roles,2019-09-01 10:00:00,7.8610513153,12.2476477936,0,0,0,12,12,1226,85
compact51_marcy__paper_roles,2019-09-01 11:00:00,9.58201869525,25.1688978264,0,0,0,12,12,2492,1611
compact51_marcy__paper_roles,2019-09-01 12:00:00,10.7750448403,44.4331711485,0,0,0,12,12,3534,3819
compact51_marcy__paper_roles,2019-09-01 13:00:00,8.76711667763,29.6790467392,0,0,0,12,12,1850,2301
compact51_marcy__paper_roles,2019-09-01 14:00:00,5.18991986791,15.3181542662,0,0,0,12,12,125,297
compact51_marcy__paper_roles,2019-09-01 15:00:00,5.37418559193,24.5760027309,0,0,0,12,12,153,1534
compact51_marcy__paper_roles,2019-09-01 16:00:00,7.24841867547,31.2473800858,0,0,0,12,12,863,2498
compact51_marcy__paper_roles,2019-09-01 17:00:00,8.58598775664,36.8215967855,0,0,0,12,12,1713,3139
compact51_marcy__paper_roles,2019-09-01 18:00:00,9.03929007258,49.7703794343,0,0,0,12,12,2060,4235
compact51_marcy__paper_roles,2019-09-01 19:00:00,9.15260531478,42.8886065024,0,0,0,12,12,2147,3692
compact51_marcy__paper_roles,2019-09-01 20:00:00,9.30545166367,28.0186358153,0,0,0,12,12,2271,2049
compact51_marcy__paper_roles,2019-09-01 21:00:00,11.7760446974,33.9720830849,0,0,0,12,12,4334,2819
compact51_marcy__paper_roles,2019-09-01 22:00:00,13.0313276313,32.0563696361,0,0,0,13,12,5318,2593
compact51_marcy__paper_roles,2019-09-01 23:00:00,13.1995766146,55.479041562,0,0,0,12,12,5439,4608
compact51_marcy__paper_roles,2019-09-02 00:00:00,7.78231147256,37.5684738112,0,0,0,12,12,1188,3215
compact51_marcy__paper_roles,2019-09-02 01:00:00,8.1355460928,67.6741645571,0,0,0,12,12,1384,5191
compact51_marcy__paper_roles,2019-09-02 02:00:00,7.44058389373,40.4752571696,0,0,0,12,12,981,3505
compact51_marcy__paper_roles,2019-09-02 03:00:00,8.44360612584,57.6564923795,0,0,0,12,12,1614,4728
compact51_marcy__paper_roles,2019-09-02 04:00:00,7.92917812154,37.812656019,0,0,0,12,12,1268,3248
compact51_marcy__paper_roles,2019-09-02 05:00:00,6.44437000001,18.5215328481,0,0,0,12,12,460,647
compact51_marcy__paper_roles,2019-09-02 06:00:00,6.50965506872,13.0867443445,0,0,0,12,12,488,133
compact51_marcy__paper_roles,2019-09-02 07:00:00,8.08433379988,20.7982527792,0,0,0,12,12,1358,979
compact51_marcy__paper_roles,2019-09-02 08:00:00,6.47543550393,19.7967774313,0,0,0,12,12,472,850
compact51_marcy__paper_roles,2019-09-02 09:00:00,4.89832735448,16.9532875474,0,0,0,12,12,86,479
compact51_marcy__paper_roles,2019-09-02 10:00:00,4.76206070471,10.8713264639,0,0,0,12,12,70,41
compact51_marcy__paper_roles,2019-09-02 11:00:00,6.19678322236,9.84935277152,0,0,0,12,12,360,25
compact51_marcy__paper_roles,2019-09-02 12:00:00,5.03300308522,19.941513768,0,0,0,12,12,98,867
compact51_marcy__paper_roles,2019-09-02 13:00:00,7.48050590206,25.5237048184,0,0,0,12,12,1011,1665
compact51_marcy__paper_roles,2019-09-02 14:00:00,6.07693661427,23.9382624544,0,0,0,12,12,328,1441
compact51_marcy__paper_roles,2019-09-02 15:00:00,6.75272508154,17.2912407287,0,0,0,12,12,599,514
compact51_marcy__paper_roles,2019-09-02 16:00:00,7.89639560525,38.0006452979,0,0,0,12,12,1242,3265
compact51_marcy__paper_roles,2019-09-02 17:00:00,6.7109902968,24.4576793649,0,0,0,12,12,585,1523
compact51_marcy__paper_roles,2019-09-02 18:00:00,9.04247221246,20.5688636746,0,0,0,12,12,2064,948
compact51_marcy__paper_roles,2019-09-02 19:00:00,7.47441366582,13.6203719485,0,0,0,12,12,1003,182
compact51_marcy__paper_roles,2019-09-02 20:00:00,10.8955437423,25.5608222541,0,0,0,12,12,3636,1669
compact51_marcy__paper_roles,2019-09-02 21:00:00,9.51398445812,22.1830797467,0,0,0,12,12,2443,1178
compact51_marcy__paper_roles,2019-09-02 22:00:00,12.0745607982,72.0548276345,0,0,0,12,12,4565,5353
compact51_marcy__paper_roles,2019-09-02 23:00:00,13.780746384,36.9172035632,0,0,0,12,12,5818,3152
compact51_marcy__paper_roles,2019-09-03 00:00:00,10.3496202749,53.3065999424,0,0,0,12,12,3165,4474
compact51_marcy__paper_roles,2019-09-03 01:00:00,9.70477221474,42.95177078,0,0,0,12,12,2572,3701
compact51_marcy__paper_roles,2019-09-03 02:00:00,12.5589334383,101.173644436,0,0,0,12,12,4956,6271
compact51_marcy__paper_roles,2019-09-03 03:00:00,11.7412174618,90.6632415708,0,0,0,12,12,4303,5974
compact51_marcy__paper_roles,2019-09-03 04:00:00,14.3343260249,94.6094427812,0,0,0,12,12,6143,6099
compact51_marcy__paper_roles,2019-09-03 05:00:00,17.0285309407,36.458718614,0,0,0,12,12,7316,3097
compact51_marcy__paper_roles,2019-09-03 06:00:00,9.86348252477,30.9592861242,0,0,0,12,12,2715,2462
compact51_marcy__paper_roles,2019-09-03 07:00:00,8.21332589087,25.0373234029,0,0,0,12,12,1446,1590
compact51_marcy__paper_roles,2019-09-03 08:00:00,7.97234649576,14.3422120803,0,0,0,12,12,1290,225
compact51_marcy__paper_roles,2019-09-03 09:00:00,9.94722062738,137.938773192,1,0,0,11,11,2795,6910
compact51_marcy__paper_roles,2019-09-03 10:00:00,15.303451984,79.9564841366,0,0,0,12,12,6629,5650
compact51_marcy__paper_roles,2019-09-03 11:00:00,15.7596765001,170.184995657,1,0,0,12,12,6835,7269
compact51_marcy__paper_roles,2019-09-03 12:00:00,20.7972069387,708.344714528,1,0,0,12,12,8181,8403
compact51_marcy__paper_roles,2019-09-03 13:00:00,28.0084739026,557.529827448,0,0,0,12,12,8660,8301
compact51_marcy__paper_roles,2019-09-03 14:00:00,22.0378251142,563.422958927,0,0,0,12,12,8327,8307
compact51_marcy__paper_roles,2019-09-03 15:00:00,16.093029004,78.6983031456,0,0,0,12,12,6971,5598
compact51_marcy__paper_roles,2019-09-03 16:00:00,14.8785146117,68.4113054677,0,0,0,12,12,6419,5221
compact51_marcy__paper_roles,2019-09-03 17:00:00,22.4740368275,60.2595711964,0,0,0,12,12,8374,4843
compact51_marcy__paper_roles,2019-09-03 18:00:00,17.8991128938,145.148214207,0,0,0,12,12,7601,6997
compact51_marcy__paper_roles,2019-09-03 19:00:00,11.2853898311,49.7642804503,0,0,0,12,12,3937,4234
compact51_marcy__paper_roles,2019-09-03 20:00:00,12.3788931273,55.141738997,0,0,0,12,12,4802,4585
compact51_marcy__paper_roles,2019-09-03 21:00:00,12.9370197491,42.6075479687,0,0,0,12,12,5258,3666
compact51_marcy__paper_roles,2019-09-03 22:00:00,19.1206824577,268.898852055,1,0,0,12,12,7892,7823
compact51_marcy__paper_roles,2019-09-03 23:00:00,18.1976591423,2289.97473182,1,0,0,14,13,7677,8639
compact51_marcy__paper_roles,2019-09-04 00:00:00,10.0269557688,206.037208515,0,0,0,12,12,2880,7532
compact51_marcy__paper_roles,2019-09-04 01:00:00,8.46645305361,765.44576451,0,0,0,12,12,1630,8425
compact51_marcy__paper_roles,2019-09-04 02:00:00,7.99713097556,450.541535924,1,0,0,12,12,1302,8193
compact51_marcy__paper_roles,2019-09-04 03:00:00,8.94170881558,405.263646247,1,0,0,12,12,1975,8142
compact51_marcy__paper_roles,2019-09-04 04:00:00,13.6885276666,605.480349904,1,0,0,12,12,5758,8341
compact51_marcy__paper_roles,2019-09-04 05:00:00,13.7214675565,281.08136358,1,0,0,12,12,5781,7871
compact51_marcy__paper_roles,2019-09-04 06:00:00,11.58584741,44.3099981288,0,0,0,12,12,4185,3811
compact51_marcy__paper_roles,2019-09-04 07:00:00,10.9395807344,22.0660618367,0,0,0,12,12,3670,1164
compact51_marcy__paper_roles,2019-09-04 08:00:00,12.8259098569,68.9257302681,0,0,0,13,13,5175,5238
compact51_marcy__paper_roles,2019-09-04 09:00:00,9.5347252024,73.9709745223,0,0,0,12,12,2460,5435
compact51_marcy__paper_roles,2019-09-04 10:00:00,7.81122930334,30.4663903762,0,0,0,12,12,1202,2388
compact51_marcy__paper_roles,2019-09-04 11:00:00,7.06160704333,23.9589383069,0,0,0,12,12,768,1443
compact51_marcy__paper_roles,2019-09-04 12:00:00,9.84703125874,48.5287967103,0,0,0,12,12,2699,4142
compact51_marcy__paper_roles,2019-09-04 13:00:00,10.5731235404,38.6739176291,0,0,0,13,13,3370,3327
compact51_marcy__paper_roles,2019-09-04 14:00:00,22.5629586942,100.680813176,1,0,0,11,11,8385,6255
compact51_marcy__paper_roles,2019-09-04 15:00:00,23.4561641178,72.8449449369,0,0,0,12,12,8458,5375
compact51_marcy__paper_roles,2019-09-04 16:00:00,27.4716694279,84.0573890529,0,0,0,11,10,8653,5785
compact51_marcy__paper_roles,2019-09-04 17:00:00,33.0510676595,96.733746543,0,0,0,12,12,8733,6164
compact51_marcy__paper_roles,2019-09-04 18:00:00,25.1106390698,4929.36452409,1,0,0,12,12,8574,8709
compact51_marcy__paper_roles,2019-09-04 19:00:00,21.0916427029,83.4969600238,0,0,0,12,12,8222,5761
compact51_marcy__paper_roles,2019-09-04 20:00:00,16.4245047121,101.557852681,0,0,0,12,12,7111,6280
compact51_marcy__paper_roles,2019-09-04 21:00:00,19.131867584,126.662293583,0,0,0,12,12,7895,6753
compact51_marcy__paper_roles,2019-09-04 22:00:00,19.9078588137,65.5111496631,0,0,0,12,12,8037,5096
compact51_marcy__paper_roles,2019-09-04 23:00:00,20.8006036317,59.6712078026,0,0,0,12,12,8182,4818
compact51_marcy__paper_roles,2019-09-05 00:00:00,12.0719227339,30.7610209133,0,0,0,12,12,4561,2428
compact51_marcy__paper_roles,2019-09-05 01:00:00,11.8351110908,71.7457284913,0,0,0,12,12,4374,5342
compact51_marcy__paper_roles,2019-09-05 02:00:00,10.832508092,64.6815450424,0,0,0,12,12,3585,5059
compact51_marcy__paper_roles,2019-09-05 03:00:00,7.81433626236,69.8911579616,0,0,0,12,12,1205,5271
compact51_marcy__paper_roles,2019-09-05 04:00:00,8.87302648534,73.6334325298,0,0,0,12,12,1923,5411
compact51_marcy__paper_roles,2019-09-05 05:00:00,10.1963094211,68.7526036747,0,0,0,12,12,3032,5231
compact51_marcy__paper_roles,2019-09-05 06:00:00,9.34438003899,68.0097537909,0,0,0,12,12,2305,5204
compact51_marcy__paper_roles,2019-09-05 07:00:00,6.10362859577,17.310616315,0,0,0,12,12,336,517
compact51_marcy__paper_roles,2019-09-05 08:00:00,6.19879551373,24.1943761488,0,0,0,12,12,361,1484
compact51_marcy__paper_roles,2019-09-05 09:00:00,7.39512479057,36.6964394084,0,0,0,12,12,947,3126
compact51_marcy__paper_roles,2019-09-05 10:00:00,8.92537054761,563.302246103,0,0,0,14,13,1966,8306
compact51_marcy__paper_roles,2019-09-05 11:00:00,10.9726670885,220.539692346,0,0,0,12,11,3698,7609
compact51_marcy__paper_roles,2019-09-05 12:00:00,8.97341326551,103.665945911,0,0,0,12,12,2009,6331
compact51_marcy__paper_roles,2019-09-05 13:00:00,10.7936509311,4209.46577104,0,0,0,12,12,3553,8698
compact51_marcy__paper_roles,2019-09-05 14:00:00,12.6881867306,125.286595902,0,0,0,12,12,5064,6724
compact51_marcy__paper_roles,2019-09-05 15:00:00,12.3170960028,248.207377112,0,0,0,12,12,4759,7756
compact51_marcy__paper_roles,2019-09-05 16:00:00,11.6363193609,91.2226885668,0,0,0,12,12,4214,5990
compact51_marcy__paper_roles,2019-09-05 17:00:00,7.68715873731,15.3515327013,0,0,0,12,12,1125,301
compact51_marcy__paper_roles,2019-09-05 18:00:00,8.84334107893,15.5032103817,0,0,0,12,12,1905,315
compact51_marcy__paper_roles,2019-09-05 19:00:00,9.37655668576,719.503738935,0,0,0,12,12,2327,8406
compact51_marcy__paper_roles,2019-09-05 20:00:00,15.196767259,324.440907335,0,0,0,12,12,6581,7994
compact51_marcy__paper_roles,2019-09-05 21:00:00,16.2480175741,186.326324053,1,0,0,12,12,7036,7391
compact51_marcy__paper_roles,2019-09-05 22:00:00,12.4277685543,31.1087237731,0,0,0,12,12,4844,2478
compact51_marcy__paper_roles,2019-09-05 23:00:00,16.1293387426,42.8478732813,0,0,0,12,12,6990,3685
compact51_marcy__paper_roles,2019-09-06 00:00:00,11.1661950801,63.8874892289,0,0,0,12,12,3847,5019
compact51_marcy__paper_roles,2019-09-06 01:00:00,8.3633527404,68.8827584295,0,0,0,12,12,1554,5235
compact51_marcy__paper_roles,2019-09-06 02:00:00,1.77323733741,16.1523841639,0,0,0,12,12,1,384
compact51_marcy__paper_roles,2019-09-06 03:00:00,2.17022055235,15.3861475735,0,0,0,12,12,3,306
compact51_marcy__paper_roles,2019-09-06 04:00:00,3.59405326307,14.9244700022,0,0,0,12,12,17,266
compact51_marcy__paper_roles,2019-09-06 05:00:00,13.82967673,32.2295844407,0,0,0,12,12,5854,2618
compact51_marcy__paper_roles,2019-09-06 06:00:00,7.94049583936,18.6172264876,0,0,0,13,12,1278,663
compact51_marcy__paper_roles,2019-09-06 07:00:00,6.54989579181,27.7923341792,0,0,0,12,12,507,2018
compact51_marcy__paper_roles,2019-09-06 08:00:00,5.17663249408,66.9368767421,0,0,0,13,13,121,5157
compact51_marcy__paper_roles,2019-09-06 09:00:00,6.48709896754,1446.68386809,1,0,0,12,12,477,8570
compact51_marcy__paper_roles,2019-09-06 10:00:00,6.47226870287,61.1639196035,0,0,0,12,12,470,4889
compact51_marcy__paper_roles,2019-09-06 11:00:00,9.20136209448,77.5035059271,0,0,0,12,12,2182,5558
compact51_marcy__paper_roles,2019-09-06 12:00:00,6.70426545194,40.5763789854,0,0,0,12,12,581,3512
compact51_marcy__paper_roles,2019-09-06 13:00:00,10.9202187446,67.5611044985,0,0,0,12,12,3656,5184
compact51_marcy__paper_roles,2019-09-06 14:00:00,7.98222560063,40.8975770343,0,0,0,12,12,1296,3546
compact51_marcy__paper_roles,2019-09-06 15:00:00,6.89167829302,34.251558815,0,0,0,12,12,666,2854
compact51_marcy__paper_roles,2019-09-06 16:00:00,13.3164129115,80.8590427476,0,0,0,12,12,5526,5681
compact51_marcy__paper_roles,2019-09-06 17:00:00,11.8184630782,141.039374767,1,0,0,12,12,4360,6952
compact51_marcy__paper_roles,2019-09-06 18:00:00,15.6767882032,192.364800669,1,0,0,12,12,6800,7433
compact51_marcy__paper_roles,2019-09-06 19:00:00,8.36881183118,58.5604501684,0,0,0,11,11,1559,4761
compact51_marcy__paper_roles,2019-09-06 20:00:00,15.6009013433,54.1907725832,0,0,0,12,12,6769,4523
compact51_marcy__paper_roles,2019-09-06 21:00:00,14.7013266103,97.4709892178,0,0,0,12,12,6325,6179
compact51_marcy__paper_roles,2019-09-06 22:00:00,15.6048790783,4139.35345688,1,0,0,12,12,6773,8696
compact51_marcy__paper_roles,2019-09-06 23:00:00,18.5478902923,7341.14315713,1,0,0,13,13,7762,8729
compact51_marcy__paper_roles,2019-09-07 00:00:00,15.2047752588,124.539379386,0,0,0,12,11,6584,6715
compact51_marcy__paper_roles,2019-09-07 01:00:00,11.0612185941,64.2733140912,0,0,0,12,12,3759,5034
compact51_marcy__paper_roles,2019-09-07 02:00:00,8.94473143484,1177.53185776,0,0,0,12,12,1980,8531
compact51_marcy__paper_roles,2019-09-07 03:00:00,7.92226933713,1693.09507963,1,0,0,12,12,1263,8588
compact51_marcy__paper_roles,2019-09-07 04:00:00,8.99383848346,815.345137596,1,0,0,12,12,2029,8438
compact51_marcy__paper_roles,2019-09-07 05:00:00,11.4335757648,3736.58330293,0,0,0,12,12,4055,8685
compact51_marcy__paper_roles,2019-09-07 06:00:00,13.4505549305,335.668003686,0,0,0,12,12,5606,8020
compact51_marcy__paper_roles,2019-09-07 07:00:00,14.9969604125,323.122060857,0,0,0,12,12,6483,7990
compact51_marcy__paper_roles,2019-09-07 08:00:00,10.2044309346,347.000399491,0,0,0,12,12,3040,8052
compact51_marcy__paper_roles,2019-09-07 09:00:00,8.70250515587,105.363926125,0,0,0,13,12,1810,6369
compact51_marcy__paper_roles,2019-09-07 10:00:00,12.5360904576,187.182568308,0,0,0,12,12,4943,7398
compact51_marcy__paper_roles,2019-09-07 11:00:00,8.03489992697,60.8205554025,0,0,0,12,12,1332,4873
compact51_marcy__paper_roles,2019-09-07 12:00:00,10.0541125457,63.2906672982,0,0,0,12,12,2895,4995
compact51_marcy__paper_roles,2019-09-07 13:00:00,7.1361587626,52.5799176064,0,0,0,12,12,796,4415
compact51_marcy__paper_roles,2019-09-07 14:00:00,9.52042358319,59.5512572539,0,0,0,12,12,2447,4813
compact51_marcy__paper_roles,2019-09-07 15:00:00,8.28605266833,55.0504529429,0,0,0,12,12,1492,4579
compact51_marcy__paper_roles,2019-09-07 16:00:00,9.27835954419,56.6022976601,0,0,0,12,12,2243,4667
compact51_marcy__paper_roles,2019-09-07 17:00:00,13.4933442061,67.6220788725,0,0,0,12,12,5633,5189
compact51_marcy__paper_roles,2019-09-07 18:00:00,13.8912463977,32.9975648116,0,0,0,13,13,5887,2695
compact51_marcy__paper_roles,2019-09-07 19:00:00,8.38684067592,39.3837717279,0,0,0,12,12,1568,3403
compact51_marcy__paper_roles,2019-09-07 20:00:00,10.2579475285,25.5872872054,0,0,0,12,12,3098,1676
compact51_marcy__paper_roles,2019-09-07 21:00:00,12.4559485883,35.2456359204,0,0,0,12,12,4875,2965
compact51_marcy__paper_roles,2019-09-07 22:00:00,12.8214097676,43.2311424108,0,0,0,12,12,5171,3725
compact51_marcy__paper_roles,2019-09-07 23:00:00,12.1866076038,33.3838134654,0,0,0,12,12,4659,2741
compact51_marcy__paper_roles,2019-09-08 00:00:00,7.386404809,57.5946484308,0,0,0,12,12,941,4724
compact51_marcy__paper_roles,2019-09-08 01:00:00,7.95511963638,53.4045543739,0,0,0,12,12,1284,4481
compact51_marcy__paper_roles,2019-09-08 02:00:00,5.43729986759,23.5116681365,0,0,0,12,12,168,1368
compact51_marcy__paper_roles,2019-09-08 03:00:00,3.14043846883,19.9701207083,0,0,0,12,12,8,869
compact51_marcy__paper_roles,2019-09-08 04:00:00,3.6952118151,13.8557015513,0,0,0,12,12,20,191
compact51_marcy__paper_roles,2019-09-08 05:00:00,1.95163633845,5.58571069257,0,0,0,12,12,2,3
compact51_marcy__paper_roles,2019-09-08 06:00:00,5.73319217712,15.3507126496,0,0,0,12,12,233,300
compact51_marcy__paper_roles,2019-09-08 07:00:00,9.05896062887,40.7741733165,0,0,0,12,12,2080,3534
compact51_marcy__paper_roles,2019-09-08 08:00:00,10.8018277776,77.6133960351,0,0,0,12,12,3558,5560
compact51_marcy__paper_roles,2019-09-08 09:00:00,10.8507097373,62.6333305376,0,0,0,13,13,3599,4961
compact51_marcy__paper_roles,2019-09-08 10:00:00,9.51649672611,48.5890538474,0,0,0,12,11,2444,4146
compact51_marcy__paper_roles,2019-09-08 11:00:00,7.22816442413,25.0974961682,0,0,0,12,12,854,1599
compact51_marcy__paper_roles,2019-09-08 12:00:00,8.66062568039,49.0748694254,0,0,0,12,12,1778,4184
compact51_marcy__paper_roles,2019-09-08 13:00:00,10.1678578883,49.4353854223,0,0,0,12,12,3001,4213
compact51_marcy__paper_roles,2019-09-08 14:00:00,8.34067257781,81.0765097849,0,0,0,12,12,1534,5692
compact51_marcy__paper_roles,2019-09-08 15:00:00,8.6233738717,114.965261105,0,0,0,13,12,1744,6536
compact51_marcy__paper_roles,2019-09-08 16:00:00,8.64679874992,105.056362103,0,0,0,12,12,1764,6362
compact51_marcy__paper_roles,2019-09-08 17:00:00,10.9142604171,28.3814591118,0,0,0,12,12,3653,2105
compact51_marcy__paper_roles,2019-09-08 18:00:00,9.76458815701,40.3947853952,0,0,0,12,12,2630,3498
compact51_marcy__paper_roles,2019-09-08 19:00:00,7.46185545023,23.5730288455,0,0,0,12,12,997,1381
compact51_marcy__paper_roles,2019-09-08 20:00:00,13.0337368182,45.1437334537,0,0,0,12,12,5323,3869
compact51_marcy__paper_roles,2019-09-08 21:00:00,11.2159334211,30.6867500073,0,0,0,12,12,3877,2418
compact51_marcy__paper_roles,2019-09-08 22:00:00,12.5771491122,33.6887695857,0,0,0,12,12,4966,2779
compact51_marcy__paper_roles,2019-09-08 23:00:00,11.7901292033,39.3684530397,0,0,0,12,12,4346,3400
compact51_marcy__paper_roles,2019-09-09 00:00:00,6.02399126953,20.1177124603,0,0,0,12,12,310,889
compact51_marcy__paper_roles,2019-09-09 01:00:00,8.78546910083,25.1827879034,0,0,0,12,12,1856,1613
compact51_marcy__paper_roles,2019-09-09 02:00:00,6.69300793349,40.6841552864,0,0,0,12,12,573,3522
compact51_marcy__paper_roles,2019-09-09 03:00:00,6.57178640808,32.9376329548,0,0,0,12,12,514,2692
compact51_marcy__paper_roles,2019-09-09 04:00:00,6.44721369351,20.5458752379,0,0,0,12,12,461,945
compact51_marcy__paper_roles,2019-09-09 05:00:00,6.6499553171,19.7790286843,0,0,0,12,12,550,845
compact51_marcy__paper_roles,2019-09-09 06:00:00,8.40937625406,24.5314424492,0,0,0,12,12,1583,1530
compact51_marcy__paper_roles,2019-09-09 07:00:00,10.1155428438,21.000745247,0,0,0,12,12,2950,1018
compact51_marcy__paper_roles,2019-09-09 08:00:00,5.44056142967,32.9348371357,0,0,0,12,12,169,2691
compact51_marcy__paper_roles,2019-09-09 09:00:00,5.65465480833,41.7968695036,0,0,0,12,12,220,3604
compact51_marcy__paper_roles,2019-09-09 10:00:00,3.51119645831,19.0448937368,0,0,0,12,12,16,727
compact51_marcy__paper_roles,2019-09-09 11:00:00,5.65176250399,16.3196936712,0,0,0,12,12,219,404
compact51_marcy__paper_roles,2019-09-09 12:00:00,6.80748855142,243.277739084,1,0,0,12,12,625,7728
compact51_marcy__paper_roles,2019-09-09 13:00:00,6.97170736783,92.5559546008,0,0,0,13,13,715,6040
compact51_marcy__paper_roles,2019-09-09 14:00:00,7.85132092766,17.9269280493,0,0,0,13,13,1221,583
compact51_marcy__paper_roles,2019-09-09 15:00:00,8.66435595724,17.5008800608,0,0,0,12,11,1783,534
compact51_marcy__paper_roles,2019-09-09 16:00:00,8.56261948576,17.3364418881,0,0,0,13,12,1697,518
compact51_marcy__paper_roles,2019-09-09 17:00:00,13.3942205394,24.3036123097,0,0,0,12,12,5567,1503
compact51_marcy__paper_roles,2019-09-09 18:00:00,12.4451775404,23.3366952308,0,0,0,12,12,4861,1346
compact51_marcy__paper_roles,2019-09-09 19:00:00,9.80779178737,42.9870157715,0,0,0,12,12,2662,3705
compact51_marcy__paper_roles,2019-09-09 20:00:00,9.15000972015,22.2996548358,0,0,0,12,12,2146,1193
compact51_marcy__paper_roles,2019-09-09 21:00:00,11.9849597299,28.7426525433,0,0,0,12,12,4502,2166
compact51_marcy__paper_roles,2019-09-09 22:00:00,10.4493899883,26.8751717694,0,0,0,12,12,3257,1890
compact51_marcy__paper_roles,2019-09-09 23:00:00,11.5555750758,32.0364870051,0,0,0,12,12,4159,2591
compact51_marcy__paper_roles,2019-09-10 00:00:00,8.88245157737,22.5290622484,0,0,0,12,12,1929,1229
compact51_marcy__paper_roles,2019-09-10 01:00:00,5.68947222981,15.9495839223,0,0,0,12,12,227,365
compact51_marcy__paper_roles,2019-09-10 02:00:00,6.5822268526,13.2868191235,0,0,0,12,12,515,154
compact51_marcy__paper_roles,2019-09-10 03:00:00,6.90393009794,13.9731298356,0,0,0,12,12,673,198
compact51_marcy__paper_roles,2019-09-10 04:00:00,8.40546670594,13.5557914848,0,0,0,12,12,1580,176
compact51_marcy__paper_roles,2019-09-10 05:00:00,11.6396350471,33.1843111332,0,0,0,12,12,4221,2723
compact51_marcy__paper_roles,2019-09-10 06:00:00,10.0183788318,25.8007411442,0,0,0,12,12,2866,1711
compact51_marcy__paper_roles,2019-09-10 07:00:00,11.9035769006,26.1844451235,0,0,0,12,12,4437,1789
compact51_marcy__paper_roles,2019-09-10 08:00:00,9.30255547476,22.0682818349,0,0,0,12,12,2269,1165
compact51_marcy__paper_roles,2019-09-10 09:00:00,6.35197840536,19.5575260467,0,0,0,13,13,423,805
compact51_marcy__paper_roles,2019-09-10 10:00:00,4.41492495784,14.8082134544,0,0,0,12,12,49,251
compact51_marcy__paper_roles,2019-09-10 11:00:00,8.48427385168,18.7154268794,0,0,0,12,12,1644,682
compact51_marcy__paper_roles,2019-09-10 12:00:00,8.00971518933,68.0194576069,0,0,0,12,12,1313,5206
compact51_marcy__paper_roles,2019-09-10 13:00:00,11.8687885725,184.895509208,0,0,0,12,12,4400,7382
compact51_marcy__paper_roles,2019-09-10 14:00:00,8.84141961104,149.47852532,0,0,0,12,12,1902,7048
compact51_marcy__paper_roles,2019-09-10 15:00:00,10.5628856271,120.644680709,0,0,0,12,12,3357,6638
compact51_marcy__paper_roles,2019-09-10 16:00:00,12.209988216,91.0406494907,0,0,0,12,12,4673,5985
compact51_marcy__paper_roles,2019-09-10 17:00:00,11.1139624326,127.764088801,0,0,0,12,12,3806,6772
compact51_marcy__paper_roles,2019-09-10 18:00:00,9.88609733059,65.1422404617,0,0,0,12,12,2731,5086
compact51_marcy__paper_roles,2019-09-10 19:00:00,7.96228243873,18.3648094169,0,0,0,12,12,1287,629
compact51_marcy__paper_roles,2019-09-10 20:00:00,14.6803759323,447.719893692,0,0,0,13,12,6314,8188
compact51_marcy__paper_roles,2019-09-10 21:00:00,12.4282084583,24.4490424825,0,0,0,12,12,4845,1522
compact51_marcy__paper_roles,2019-09-10 22:00:00,16.7336381391,191.009349836,0,0,0,12,12,7219,7424
compact51_marcy__paper_roles,2019-09-10 23:00:00,16.452346007,194.005003022,1,0,0,12,12,7123,7446
compact51_marcy__paper_roles,2019-09-11 00:00:00,14.4075956731,53.1384654952,0,0,0,12,12,6187,4458
compact51_marcy__paper_roles,2019-09-11 01:00:00,12.1175248708,73.7326950625,0,0,0,12,12,4607,5419
compact51_marcy__paper_roles,2019-09-11 02:00:00,9.64442874275,122.179232021,1,0,0,12,12,2531,6671
compact51_marcy__paper_roles,2019-09-11 03:00:00,7.51069369938,93.0982119153,0,0,0,12,12,1031,6057
compact51_marcy__paper_roles,2019-09-11 04:00:00,10.2222861177,128.543648844,1,0,0,12,12,3061,6788
compact51_marcy__paper_roles,2019-09-11 05:00:00,15.1332564015,71.4649296287,0,0,0,12,12,6551,5333
compact51_marcy__paper_roles,2019-09-11 06:00:00,11.3117328172,21.3631965193,0,0,0,12,12,3951,1064
compact51_marcy__paper_roles,2019-09-11 07:00:00,10.2800366166,55.1177022208,0,0,0,12,12,3114,4583
compact51_marcy__paper_roles,2019-09-11 08:00:00,10.2044809873,184.134084172,0,0,0,12,12,3041,7377
compact51_marcy__paper_roles,2019-09-11 09:00:00,15.5178185174,103.714348069,0,0,0,12,12,6735,6335
compact51_marcy__paper_roles,2019-09-11 10:00:00,12.8889563426,37.1737815463,0,0,0,12,12,5221,3177
compact51_marcy__paper_roles,2019-09-11 11:00:00,9.79346821765,31.8084162817,0,0,0,12,12,2653,2554
compact51_marcy__paper_roles,2019-09-11 12:00:00,10.0998843021,21.6671204006,0,0,0,12,12,2937,1107
compact51_marcy__paper_roles,2019-09-11 13:00:00,12.2404295696,40.6654220609,0,0,0,12,12,4703,3520
compact51_marcy__paper_roles,2019-09-11 14:00:00,15.3311550624,66.1540195371,0,0,0,12,12,6648,5127
compact51_marcy__paper_roles,2019-09-11 15:00:00,20.684168988,88.2369434708,0,0,0,12,12,8166,5906
compact51_marcy__paper_roles,2019-09-11 16:00:00,25.3613629522,118.256342235,0,0,0,12,12,8584,6586
compact51_marcy__paper_roles,2019-09-11 17:00:00,23.9866747299,88.9273415451,0,0,0,13,12,8492,5928
compact51_marcy__paper_roles,2019-09-11 18:00:00,22.858887594,179.148544758,1,0,0,12,12,8412,7343
compact51_marcy__paper_roles,2019-09-11 19:00:00,18.8890306113,47.2061126568,0,0,0,12,12,7844,4020
compact51_marcy__paper_roles,2019-09-11 20:00:00,24.5998117309,80.4705685661,0,0,0,12,12,8539,5662
compact51_marcy__paper_roles,2019-09-11 21:00:00,20.8814193162,449.814255902,1,0,0,12,12,8191,8192
compact51_marcy__paper_roles,2019-09-11 22:00:00,16.539286823,1022.34510939,0,0,0,12,12,7157,8498
compact51_marcy__paper_roles,2019-09-11 23:00:00,14.7725432926,1878.07634457,1,0,0,12,12,6366,8610
compact51_marcy__paper_roles,2019-09-12 00:00:00,19.5180731742,31.5547573395,0,0,0,12,12,7967,2531
compact51_marcy__paper_roles,2019-09-12 01:00:00,14.3583633477,40.6422906388,0,0,0,12,12,6154,3518
compact51_marcy__paper_roles,2019-09-12 02:00:00,8.41674886083,67.542402788,0,0,0,12,12,1590,5183
compact51_marcy__paper_roles,2019-09-12 03:00:00,8.30894851407,85.5705264611,0,0,0,12,12,1510,5841
compact51_marcy__paper_roles,2019-09-12 04:00:00,10.023633075,89.8864735602,0,0,0,12,12,2877,5961
compact51_marcy__paper_roles,2019-09-12 05:00:00,13.2798806447,47.235657783,0,0,0,12,12,5496,4023
compact51_marcy__paper_roles,2019-09-12 06:00:00,9.11225956621,44.7601048926,0,0,0,12,12,2116,3844
compact51_marcy__paper_roles,2019-09-12 07:00:00,10.0915621565,41.1837622891,0,0,0,12,12,2929,3568
compact51_marcy__paper_roles,2019-09-12 08:00:00,9.25216495954,40.1582246303,0,0,0,12,12,2226,3479
compact51_marcy__paper_roles,2019-09-12 09:00:00,7.83617587424,21.5166893476,0,0,0,12,12,1212,1083
compact51_marcy__paper_roles,2019-09-12 10:00:00,9.71232894328,96.565116995,0,0,0,12,12,2581,6162
compact51_marcy__paper_roles,2019-09-12 11:00:00,9.1430705038,149.970816372,0,0,0,12,12,2140,7055
compact51_marcy__paper_roles,2019-09-12 12:00:00,11.9282574534,73.8313071639,0,0,0,12,12,4449,5426
compact51_marcy__paper_roles,2019-09-12 13:00:00,14.6207830011,172.920681787,0,0,0,12,12,6294,7295
compact51_marcy__paper_roles,2019-09-12 14:00:00,16.1790759869,369.188199084,0,0,0,12,12,7011,8101
compact51_marcy__paper_roles,2019-09-12 15:00:00,14.9652167042,979.930513713,1,0,0,12,11,6461,8492
compact51_marcy__paper_roles,2019-09-12 16:00:00,19.5607181568,2103.03485773,1,0,0,12,12,7977,8623
compact51_marcy__paper_roles,2019-09-12 17:00:00,20.6131164467,603.211970446,0,0,0,12,12,8159,8340
compact51_marcy__paper_roles,2019-09-12 18:00:00,17.3604031567,457.175713341,0,0,0,12,12,7449,8203
compact51_marcy__paper_roles,2019-09-12 19:00:00,17.0217415531,135.534038758,0,0,0,12,12,7310,6881
compact51_marcy__paper_roles,2019-09-12 20:00:00,17.4040684317,100.847185111,1,0,0,12,12,7463,6263
compact51_marcy__paper_roles,2019-09-12 21:00:00,19.8458645598,123.443257499,1,0,0,13,12,8031,6699
compact51_marcy__paper_roles,2019-09-12 22:00:00,14.609128022,61.2503011844,0,0,0,12,12,6288,4892
compact51_marcy__paper_roles,2019-09-12 23:00:00,18.1305065612,211.740576695,1,0,0,12,12,7658,7561
compact51_marcy__paper_roles,2019-09-13 00:00:00,8.20162053019,284.518817995,1,0,0,12,12,1434,7882
compact51_marcy__paper_roles,2019-09-13 01:00:00,9.2945744723,38.1428032437,0,0,0,12,12,2259,3279
compact51_marcy__paper_roles,2019-09-13 02:00:00,5.74836550677,33.6721094965,0,0,0,12,12,240,2777
compact51_marcy__paper_roles,2019-09-13 03:00:00,8.43875248897,159.055559247,0,0,0,12,12,1608,7163
compact51_marcy__paper_roles,2019-09-13 04:00:00,15.3858976394,324.89166431,1,0,0,12,12,6675,7995
compact51_marcy__paper_roles,2019-09-13 05:00:00,10.8016494715,350.940030934,0,0,0,12,12,3557,8067
compact51_marcy__paper_roles,2019-09-13 06:00:00,11.406592952,123.620932455,0,0,0,12,12,4029,6703
compact51_marcy__paper_roles,2019-09-13 07:00:00,11.1883599054,18.3577239272,0,0,0,12,12,3863,627
compact51_marcy__paper_roles,2019-09-13 08:00:00,14.0163861092,39.5966639998,0,0,0,12,12,5962,3423
compact51_marcy__paper_roles,2019-09-13 09:00:00,15.3133445849,48.5380287895,0,0,0,12,12,6635,4143
compact51_marcy__paper_roles,2019-09-13 10:00:00,15.0497943111,150.180159905,1,0,0,12,12,6509,7059
compact51_marcy__paper_roles,2019-09-13 11:00:00,12.8925905122,107.741053653,1,0,0,12,12,5225,6404
compact51_marcy__paper_roles,2019-09-13 12:00:00,14.5772169781,142.708743246,0,0,0,12,12,6272,6972
compact51_marcy__paper_roles,2019-09-13 13:00:00,12.6954181552,88.7871238273,0,0,0,12,12,5071,5923
compact51_marcy__paper_roles,2019-09-13 14:00:00,13.8434507464,118.266030462,0,0,0,13,13,5859,6588
compact51_marcy__paper_roles,2019-09-13 15:00:00,17.6374149284,262.026295256,0,0,0,12,11,7520,7805
compact51_marcy__paper_roles,2019-09-13 16:00:00,15.9685490535,215.259694379,1,0,0,14,14,6928,7578
compact51_marcy__paper_roles,2019-09-13 17:00:00,15.4150218537,871.941522688,0,0,0,10,10,6686,8461
compact51_marcy__paper_roles,2019-09-13 18:00:00,14.9565926499,107622.407727,0,0,0,12,12,6460,8756
compact51_marcy__paper_roles,2019-09-13 19:00:00,12.8139880028,340.683689521,0,0,0,12,12,5163,8033
compact51_marcy__paper_roles,2019-09-13 20:00:00,14.2255951655,195.048831956,0,0,0,12,12,6086,7452
compact51_marcy__paper_roles,2019-09-13 21:00:00,13.4020961478,108.263129534,0,0,0,12,12,5574,6413
compact51_marcy__paper_roles,2019-09-13 22:00:00,10.9156733662,86.225420829,0,0,0,12,12,3655,5862
compact51_marcy__paper_roles,2019-09-13 23:00:00,16.1258137375,275.358766614,0,0,0,12,12,6987,7839
compact51_marcy__paper_roles,2019-09-14 00:00:00,6.6484626352,83.5549397218,0,0,0,12,12,548,5765
compact51_marcy__paper_roles,2019-09-14 01:00:00,6.41871705404,44.2498193082,0,0,0,12,12,447,3808
compact51_marcy__paper_roles,2019-09-14 02:00:00,6.852365809,53.2311477047,0,0,0,13,13,650,4467
compact51_marcy__paper_roles,2019-09-14 03:00:00,9.30151472836,66.2463753421,0,0,0,12,12,2266,5132
compact51_marcy__paper_roles,2019-09-14 04:00:00,12.0618162098,46.9092034302,0,0,0,12,12,4558,3997
compact51_marcy__paper_roles,2019-09-14 05:00:00,7.15342592373,31.4696139598,0,0,0,12,12,803,2523
compact51_marcy__paper_roles,2019-09-14 06:00:00,6.7783654125,62.8774676188,0,0,0,12,12,611,4969
compact51_marcy__paper_roles,2019-09-14 07:00:00,6.42519540769,17.4935135875,0,0,0,12,12,448,533
compact51_marcy__paper_roles,2019-09-14 08:00:00,7.79999245873,21.2494882994,0,0,0,12,12,1196,1047
compact51_marcy__paper_roles,2019-09-14 09:00:00,6.21169668166,37.6378365953,0,0,0,12,12,369,3221
compact51_marcy__paper_roles,2019-09-14 10:00:00,6.95869514777,61.6453244988,0,0,0,12,12,708,4912
compact51_marcy__paper_roles,2019-09-14 11:00:00,7.08472821345,47.3313917517,0,0,0,12,12,779,4033
compact51_marcy__paper_roles,2019-09-14 12:00:00,6.62860559656,29.7675243008,0,0,0,12,12,537,2311
compact51_marcy__paper_roles,2019-09-14 13:00:00,7.55162205861,51.6999393162,0,0,0,12,12,1052,4362
compact51_marcy__paper_roles,2019-09-14 14:00:00,6.15766457106,38.4532434593,0,0,0,12,12,348,3310
compact51_marcy__paper_roles,2019-09-14 15:00:00,6.53123064753,36.0521901578,0,0,0,12,12,498,3059
compact51_marcy__paper_roles,2019-09-14 16:00:00,6.6340221087,31.3059101652,0,0,0,12,12,539,2505
compact51_marcy__paper_roles,2019-09-14 17:00:00,7.95137050418,28.6731895432,0,0,0,12,12,1281,2151
compact51_marcy__paper_roles,2019-09-14 18:00:00,7.09102984968,23.5274927379,0,0,0,12,12,782,1374
compact51_marcy__paper_roles,2019-09-14 19:00:00,10.6690132431,20.6030549282,0,0,0,12,12,3441,956
compact51_marcy__paper_roles,2019-09-14 20:00:00,8.03321637619,16.7438610008,0,0,0,12,12,1330,455
compact51_marcy__paper_roles,2019-09-14 21:00:00,8.16711221933,20.3995267458,0,0,0,12,12,1410,920
compact51_marcy__paper_roles,2019-09-14 22:00:00,5.87713612307,15.7622455878,0,0,0,12,12,268,339
compact51_marcy__paper_roles,2019-09-14 23:00:00,7.61534697509,48.9884579427,0,0,0,12,12,1082,4179
compact51_marcy__paper_roles,2019-09-15 00:00:00,6.45606865689,14.8091705817,0,0,0,12,12,465,252
compact51_marcy__paper_roles,2019-09-15 01:00:00,7.56560520621,25.1154755259,0,0,0,12,12,1061,1602
compact51_marcy__paper_roles,2019-09-15 02:00:00,5.17620343639,33.7202187298,0,0,0,12,12,120,2786
compact51_marcy__paper_roles,2019-09-15 03:00:00,5.12879087977,19.587122743,0,0,0,12,12,114,810
compact51_marcy__paper_roles,2019-09-15 04:00:00,5.38237121693,12.0541740152,0,0,0,12,12,158,78
compact51_marcy__paper_roles,2019-09-15 05:00:00,6.0774960787,12.3098560573,0,0,0,12,12,329,89
compact51_marcy__paper_roles,2019-09-15 06:00:00,6.26335459243,19.7577865246,0,0,0,12,12,395,840
compact51_marcy__paper_roles,2019-09-15 07:00:00,9.45950263192,34.6285145249,0,0,0,12,12,2406,2898
compact51_marcy__paper_roles,2019-09-15 08:00:00,8.00809428091,29.6586500394,0,0,0,12,12,1311,2297
compact51_marcy__paper_roles,2019-09-15 09:00:00,9.15813591324,38.3857759048,0,0,0,13,13,2151,3302
compact51_marcy__paper_roles,2019-09-15 10:00:00,9.32801661904,28.6385402906,0,0,0,13,12,2295,2144
compact51_marcy__paper_roles,2019-09-15 11:00:00,9.45046267068,43.0858994867,0,0,0,12,12,2398,3715
compact51_marcy__paper_roles,2019-09-15 12:00:00,10.4287233504,73.716507121,0,0,0,12,12,3236,5418
compact51_marcy__paper_roles,2019-09-15 13:00:00,10.7090431922,170.708507921,0,0,0,12,12,3479,7274
compact51_marcy__paper_roles,2019-09-15 14:00:00,10.0317650452,61.6210077681,0,0,0,12,12,2884,4911
compact51_marcy__paper_roles,2019-09-15 15:00:00,8.97928140911,89.0921351343,0,0,0,12,12,2015,5934
compact51_marcy__paper_roles,2019-09-15 16:00:00,10.1031559977,114.751631529,0,0,0,13,13,2939,6533
compact51_marcy__paper_roles,2019-09-15 17:00:00,12.3347097265,26.0640742894,0,0,0,12,12,4773,1763
compact51_marcy__paper_roles,2019-09-15 18:00:00,7.1932040177,11.4719567681,0,0,0,12,12,828,58
compact51_marcy__paper_roles,2019-09-15 19:00:00,10.3626781556,61.2269396062,0,0,0,12,12,3175,4891
compact51_marcy__paper_roles,2019-09-15 20:00:00,14.0547792713,588.761319921,0,0,0,12,12,5985,8330
compact51_marcy__paper_roles,2019-09-15 21:00:00,14.4013853352,101.101937484,0,0,0,12,12,6184,6267
compact51_marcy__paper_roles,2019-09-15 22:00:00,16.3239266801,71.2540720124,0,0,0,12,12,7075,5321
compact51_marcy__paper_roles,2019-09-15 23:00:00,15.0223954604,83.8178937011,0,0,0,12,12,6499,5779
compact51_marcy__paper_roles,2019-09-16 00:00:00,9.91167110238,69.2045429194,0,0,0,12,12,2760,5247
compact51_marcy__paper_roles,2019-09-16 01:00:00,8.57635143923,80.6050229595,0,0,0,12,12,1702,5667
compact51_marcy__paper_roles,2019-09-16 02:00:00,7.96626628545,112.80298251,0,0,0,12,12,1289,6501
compact51_marcy__paper_roles,2019-09-16 03:00:00,7.21122374478,83.5533296419,0,0,0,12,12,839,5763
compact51_marcy__paper_roles,2019-09-16 04:00:00,13.5017385422,83.6591552378,0,0,0,12,12,5640,5771
compact51_marcy__paper_roles,2019-09-16 05:00:00,17.3145567642,62.5023224753,0,0,0,12,12,7434,4956
compact51_marcy__paper_roles,2019-09-16 06:00:00,11.5700581805,64.9309000143,0,0,0,12,12,4170,5077
compact51_marcy__paper_roles,2019-09-16 07:00:00,10.2947329695,121.531593856,0,0,0,12,12,3121,6661
compact51_marcy__paper_roles,2019-09-16 08:00:00,8.44086948824,35.7718823841,0,0,0,12,12,1611,3028
compact51_marcy__paper_roles,2019-09-16 09:00:00,9.4477427223,120.565486537,1,0,0,12,12,2390,6635
compact51_marcy__paper_roles,2019-09-16 10:00:00,9.35404218345,992.949877694,1,0,0,12,12,2311,8493
compact51_marcy__paper_roles,2019-09-16 11:00:00,12.635208039,234.540072989,1,0,0,12,12,5013,7683
compact51_marcy__paper_roles,2019-09-16 12:00:00,15.140813579,405.94583679,0,0,0,12,12,6556,8144
compact51_marcy__paper_roles,2019-09-16 13:00:00,14.3975920931,422.140164501,0,0,0,13,13,6182,8158
compact51_marcy__paper_roles,2019-09-16 14:00:00,15.4471091072,181.009478662,0,0,0,12,12,6699,7357
compact51_marcy__paper_roles,2019-09-16 15:00:00,16.9035305145,665.387075486,1,0,0,12,12,7271,8376
compact51_marcy__paper_roles,2019-09-16 16:00:00,12.8892018692,200.534772322,1,0,0,12,12,5222,7496
compact51_marcy__paper_roles,2019-09-16 17:00:00,13.8254362553,16.903269844,0,0,0,12,12,5851,470
compact51_marcy__paper_roles,2019-09-16 18:00:00,11.2988494678,29.9594736128,0,0,0,12,12,3944,2337
compact51_marcy__paper_roles,2019-09-16 19:00:00,15.6735675248,88.6844880219,0,0,0,12,12,6797,5921
compact51_marcy__paper_roles,2019-09-16 20:00:00,15.7178819476,26.2210677865,0,0,0,12,12,6816,1798
compact51_marcy__paper_roles,2019-09-16 21:00:00,14.4445620698,84.1352970495,0,0,0,12,12,6205,5788
compact51_marcy__paper_roles,2019-09-16 22:00:00,15.5865547719,84.536346917,0,0,0,12,12,6763,5801
compact51_marcy__paper_roles,2019-09-16 23:00:00,19.3105908648,39.1781415211,0,0,0,12,12,7923,3376
compact51_marcy__paper_roles,2019-09-17 00:00:00,16.19028777,54.1773844471,0,0,0,12,12,7017,4522
compact51_marcy__paper_roles,2019-09-17 01:00:00,12.075231787,53.2702068282,0,0,0,12,12,4566,4472
compact51_marcy__paper_roles,2019-09-17 02:00:00,6.75933445892,35.3614703958,0,0,0,12,12,603,2980
compact51_marcy__paper_roles,2019-09-17 03:00:00,8.17619790077,46.6651820518,0,0,0,12,12,1419,3985
compact51_marcy__paper_roles,2019-09-17 04:00:00,9.71497591765,22.5702113523,0,0,0,12,12,2585,1233
compact51_marcy__paper_roles,2019-09-17 05:00:00,15.6757661421,46.5302315925,0,0,0,12,12,6798,3978
compact51_marcy__paper_roles,2019-09-17 06:00:00,13.2387652113,23.1903691483,0,0,0,12,12,5468,1327
compact51_marcy__paper_roles,2019-09-17 07:00:00,11.3508095772,752.127499788,1,0,0,12,12,3978,8419
compact51_marcy__paper_roles,2019-09-17 08:00:00,10.162846832,19498.3231904,0,0,0,12,12,2996,8745
compact51_marcy__paper_roles,2019-09-17 09:00:00,10.7154172848,4410.71429398,0,0,0,12,12,3483,8702
compact51_marcy__paper_roles,2019-09-17 10:00:00,8.9494558318,127.222135667,0,0,0,12,12,1987,6770
compact51_marcy__paper_roles,2019-09-17 11:00:00,9.44777500097,176.778978482,1,0,0,12,12,2391,7329
compact51_marcy__paper_roles,2019-09-17 12:00:00,8.24123286103,27.557213778,0,0,0,12,12,1463,1978
compact51_marcy__paper_roles,2019-09-17 13:00:00,8.31062362627,53.2368900558,0,0,0,12,12,1513,4468
compact51_marcy__paper_roles,2019-09-17 14:00:00,10.3271991688,18.7752220322,0,0,0,12,12,3149,692
compact51_marcy__paper_roles,2019-09-17 15:00:00,12.0079690523,100.685676225,1,0,0,12,12,4518,6259
compact51_marcy__paper_roles,2019-09-17 16:00:00,13.081598779,576.749686918,1,0,0,12,12,5352,8322
compact51_marcy__paper_roles,2019-09-17 17:00:00,13.6879244221,142.551563128,1,0,0,12,12,5757,6967
compact51_marcy__paper_roles,2019-09-17 18:00:00,12.6152478237,184.248258794,1,0,0,12,12,4991,7378
compact51_marcy__paper_roles,2019-09-17 19:00:00,10.1327727317,49.0897282961,0,0,0,12,12,2967,4186
compact51_marcy__paper_roles,2019-09-17 20:00:00,18.8222082778,31.425543661,0,0,0,12,12,7827,2519
compact51_marcy__paper_roles,2019-09-17 21:00:00,23.0767504713,52.8220391948,0,0,0,12,12,8432,4429
compact51_marcy__paper_roles,2019-09-17 22:00:00,19.7865609947,2658.79895256,1,0,0,12,12,8019,8655
compact51_marcy__paper_roles,2019-09-17 23:00:00,17.2766252395,579.248590867,0,0,0,12,12,7422,8323
compact51_marcy__paper_roles,2019-09-18 00:00:00,8.87655646685,64.789874019,0,0,0,12,12,1926,5066
compact51_marcy__paper_roles,2019-09-18 01:00:00,5.31319606679,18.6306994336,0,0,0,12,12,143,667
compact51_marcy__paper_roles,2019-09-18 02:00:00,5.62541496669,40.3891048653,0,0,0,12,12,208,3497
compact51_marcy__paper_roles,2019-09-18 03:00:00,6.48712493619,20.710366238,0,0,0,12,12,478,966
compact51_marcy__paper_roles,2019-09-18 04:00:00,5.8173211865,12.0394722759,0,0,0,12,12,258,77
compact51_marcy__paper_roles,2019-09-18 05:00:00,9.27950318121,25.2285004276,0,0,0,12,12,2245,1621
compact51_marcy__paper_roles,2019-09-18 06:00:00,8.20148926318,34.0831705612,0,0,0,12,12,1433,2828
compact51_marcy__paper_roles,2019-09-18 07:00:00,6.81120767481,43.8381419851,0,0,0,12,12,629,3769
compact51_marcy__paper_roles,2019-09-18 08:00:00,6.82798459719,51.4429606709,0,0,0,12,12,639,4342
compact51_marcy__paper_roles,2019-09-18 09:00:00,6.43876408364,336.027036064,0,0,0,12,12,458,8021
compact51_marcy__paper_roles,2019-09-18 10:00:00,5.32223836418,10.1250348874,0,0,0,12,12,145,27
compact51_marcy__paper_roles,2019-09-18 11:00:00,6.72114598924,597.459932438,1,0,0,12,12,590,8335
compact51_marcy__paper_roles,2019-09-18 12:00:00,7.58012581328,453.810534774,0,0,0,12,12,1068,8197
compact51_marcy__paper_roles,2019-09-18 13:00:00,7.14047893479,142.706273658,0,0,0,12,12,798,6971
compact51_marcy__paper_roles,2019-09-18 14:00:00,8.62728402297,216.49211347,0,0,0,12,12,1750,7589
compact51_marcy__paper_roles,2019-09-18 15:00:00,8.71885807556,88.1346128886,0,0,0,12,12,1822,5902
compact51_marcy__paper_roles,2019-09-18 16:00:00,6.81162975841,24.9821520849,0,0,0,12,12,630,1582
compact51_marcy__paper_roles,2019-09-18 17:00:00,6.36350768895,15.6923057221,0,0,0,12,12,426,332
compact51_marcy__paper_roles,2019-09-18 18:00:00,7.75458580408,19.3458879216,0,0,0,12,12,1170,777
compact51_marcy__paper_roles,2019-09-18 19:00:00,12.1636998068,125.076777698,0,0,0,12,12,4641,6721
compact51_marcy__paper_roles,2019-09-18 20:00:00,12.2792269542,234.800011109,0,0,0,12,12,4730,7687
compact51_marcy__paper_roles,2019-09-18 21:00:00,14.7685655875,177.889260776,1,0,0,12,12,6365,7336
compact51_marcy__paper_roles,2019-09-18 22:00:00,13.0992193458,51.2557269836,0,0,0,12,12,5365,4329
compact51_marcy__paper_roles,2019-09-18 23:00:00,14.0406355617,36.0774858473,0,0,0,12,12,5978,3063
compact51_marcy__paper_roles,2019-09-19 00:00:00,6.16333927455,21.6482227314,0,0,0,12,12,350,1104
compact51_marcy__paper_roles,2019-09-19 01:00:00,7.38983578266,19.773569532,0,0,0,12,12,944,843
compact51_marcy__paper_roles,2019-09-19 02:00:00,5.27412322107,12.4644392822,0,0,0,12,12,136,95
compact51_marcy__paper_roles,2019-09-19 03:00:00,5.49402688954,12.5884435652,0,0,0,12,12,178,103
compact51_marcy__paper_roles,2019-09-19 04:00:00,8.05716660709,20.9310527969,0,0,0,12,12,1347,1001
compact51_marcy__paper_roles,2019-09-19 05:00:00,11.8712504834,33.3774706359,0,0,0,12,12,4405,2740
compact51_marcy__paper_roles,2019-09-19 06:00:00,9.41403081721,223.502299992,0,0,0,12,12,2363,7625
compact51_marcy__paper_roles,2019-09-19 07:00:00,7.82611744077,38.0380871673,0,0,0,12,12,1210,3269
compact51_marcy__paper_roles,2019-09-19 08:00:00,7.91123822595,21.0055952713,0,0,0,12,12,1256,1019
compact51_marcy__paper_roles,2019-09-19 09:00:00,9.10751659387,14.0446969014,0,0,0,12,12,2111,201
compact51_marcy__paper_roles,2019-09-19 10:00:00,8.90142553072,67.2208818689,0,0,0,12,12,1948,5169
compact51_marcy__paper_roles,2019-09-19 11:00:00,7.74839586375,39.2627830922,0,0,0,12,12,1164,3385
compact51_marcy__paper_roles,2019-09-19 12:00:00,8.57712366904,52.2033149287,0,0,0,12,12,1703,4393
compact51_marcy__paper_roles,2019-09-19 13:00:00,7.17297754291,88.4497613955,0,0,0,12,12,814,5912
compact51_marcy__paper_roles,2019-09-19 14:00:00,8.49552654772,948.446047723,0,0,0,12,12,1654,8482
compact51_marcy__paper_roles,2019-09-19 15:00:00,7.81083837748,45.251156241,0,0,0,13,13,1201,3881
compact51_marcy__paper_roles,2019-09-19 16:00:00,11.8964389604,332.497326607,1,0,0,12,12,4430,8012
compact51_marcy__paper_roles,2019-09-19 17:00:00,13.4439478627,203.290996874,1,0,0,13,13,5604,7513
compact51_marcy__paper_roles,2019-09-19 18:00:00,9.55524585143,409.535738872,0,0,0,12,12,2473,8148
compact51_marcy__paper_roles,2019-09-19 19:00:00,9.44525213201,63.3076498673,0,0,0,12,12,2388,4997
compact51_marcy__paper_roles,2019-09-19 20:00:00,8.94932754575,26.4227243587,0,0,0,12,12,1986,1825
compact51_marcy__paper_roles,2019-09-19 21:00:00,12.1474338736,34.7871314472,0,0,0,12,12,4630,2917
compact51_marcy__paper_roles,2019-09-19 22:00:00,11.0902438881,37.5527601797,0,0,0,12,12,3788,3212
compact51_marcy__paper_roles,2019-09-19 23:00:00,11.6893084033,39.912976115,0,0,0,12,12,4269,3461
compact51_marcy__paper_roles,2019-09-20 00:00:00,7.61152545624,27.715540748,0,0,0,12,12,1080,2004
compact51_marcy__paper_roles,2019-09-20 01:00:00,6.70027339721,20.4764490213,0,0,0,12,12,579,932
compact51_marcy__paper_roles,2019-09-20 02:00:00,6.19370873348,29.891460168,0,0,0,12,12,359,2327
compact51_marcy__paper_roles,2019-09-20 03:00:00,5.96293253009,35.5427253412,0,0,0,12,12,293,3004
compact51_marcy__paper_roles,2019-09-20 04:00:00,5.67495149069,23.9038611792,0,0,0,12,12,224,1438
compact51_marcy__paper_roles,2019-09-20 05:00:00,10.3290685767,48.0745568795,0,0,0,12,12,3150,4101
compact51_marcy__paper_roles,2019-09-20 06:00:00,13.2985309631,77.0656674645,0,0,0,12,12,5512,5543
compact51_marcy__paper_roles,2019-09-20 07:00:00,11.0692224053,23.9497602004,0,0,0,12,12,3766,1442
compact51_marcy__paper_roles,2019-09-20 08:00:00,7.19991204994,18.2113784903,0,0,0,12,12,833,615
compact51_marcy__paper_roles,2019-09-20 09:00:00,7.93575603807,21.6358458709,0,0,0,12,12,1273,1099
compact51_marcy__paper_roles,2019-09-20 10:00:00,6.97029517975,61.7211818788,0,0,0,14,13,714,4919
compact51_marcy__paper_roles,2019-09-20 11:00:00,5.35778856385,38.2404182582,0,0,0,12,12,151,3289
compact51_marcy__paper_roles,2019-09-20 12:00:00,4.83185487763,35.6321907678,0,0,0,12,12,77,3012
compact51_marcy__paper_roles,2019-09-20 13:00:00,4.04958688068,27.2548267044,0,0,0,12,12,28,1943
compact51_marcy__paper_roles,2019-09-20 14:00:00,6.17880482919,57.6009332867,0,0,0,12,12,355,4726
compact51_marcy__paper_roles,2019-09-20 15:00:00,9.0563258306,945.401284128,1,0,0,12,12,2075,8481
compact51_marcy__paper_roles,2019-09-20 16:00:00,7.15806244178,70.2072272433,0,0,0,12,12,806,5281
compact51_marcy__paper_roles,2019-09-20 17:00:00,7.95427428124,202.034177399,1,0,0,12,12,1283,7508
compact51_marcy__paper_roles,2019-09-20 18:00:00,6.79289534549,35.2311225201,0,0,0,12,12,620,2963
compact51_marcy__paper_roles,2019-09-20 19:00:00,7.86353518589,529.742150027,0,0,0,12,12,1227,8284
compact51_marcy__paper_roles,2019-09-20 20:00:00,9.76960948643,50.8409892229,0,0,0,12,12,2633,4293
compact51_marcy__paper_roles,2019-09-20 21:00:00,9.22955712429,105.612231009,0,0,0,12,12,2204,6374
compact51_marcy__paper_roles,2019-09-20 22:00:00,9.36722881685,88.3363391914,0,0,0,12,12,2323,5910
compact51_marcy__paper_roles,2019-09-20 23:00:00,14.8985929803,657.520512122,0,0,0,12,12,6428,8370
compact51_marcy__paper_roles,2019-09-21 00:00:00,13.2878027143,7114.49941279,1,0,0,12,12,5503,8728
compact51_marcy__paper_roles,2019-09-21 01:00:00,10.3949400526,1425.81618811,0,0,0,12,12,3211,8567
compact51_marcy__paper_roles,2019-09-21 02:00:00,9.40107499764,83.2744189797,0,0,0,12,12,2348,5753
compact51_marcy__paper_roles,2019-09-21 03:00:00,6.99389275355,138.379893206,0,0,0,12,12,729,6914
compact51_marcy__paper_roles,2019-09-21 04:00:00,10.3187783599,106.519472541,0,0,0,12,12,3144,6392
compact51_marcy__paper_roles,2019-09-21 05:00:00,11.3598546256,21.4105946381,0,0,0,12,12,3989,1070
compact51_marcy__paper_roles,2019-09-21 06:00:00,10.3151175273,34.8865769798,0,0,0,12,12,3135,2927
compact51_marcy__paper_roles,2019-09-21 07:00:00,9.6672013674,28.888780747,0,0,0,12,12,2546,2184
compact51_marcy__paper_roles,2019-09-21 08:00:00,6.45380741246,11.2500941436,0,0,0,12,12,464,54
compact51_marcy__paper_roles,2019-09-21 09:00:00,4.83811103919,207.978510303,0,0,0,12,12,79,7543
compact51_marcy__paper_roles,2019-09-21 10:00:00,7.21248095321,32.7310983817,0,0,0,12,12,841,2671
compact51_marcy__paper_roles,2019-09-21 11:00:00,5.62782033175,13.4165072794,0,0,0,12,12,209,166
compact51_marcy__paper_roles,2019-09-21 12:00:00,5.31494117975,20.2727200771,0,0,0,12,12,144,902
compact51_marcy__paper_roles,2019-09-21 13:00:00,8.16468460407,57.3238024398,0,0,0,12,12,1406,4709
compact51_marcy__paper_roles,2019-09-21 14:00:00,9.81727062181,68.9428290401,0,0,0,12,12,2672,5239
compact51_marcy__paper_roles,2019-09-21 15:00:00,8.52009282204,49.3279602712,0,0,0,12,12,1671,4207
compact51_marcy__paper_roles,2019-09-21 16:00:00,13.4136660185,116.34865811,0,0,0,12,12,5583,6555
compact51_marcy__paper_roles,2019-09-21 17:00:00,13.8177744177,120.052730374,0,0,0,12,12,5847,6620
compact51_marcy__paper_roles,2019-09-21 18:00:00,13.3326360092,170.227614566,0,0,0,12,12,5533,7271
compact51_marcy__paper_roles,2019-09-21 19:00:00,21.1345588302,360.546390862,0,0,0,12,12,8230,8087
compact51_marcy__paper_roles,2019-09-21 20:00:00,20.5157352225,140.422492003,0,0,0,12,12,8142,6946
compact51_marcy__paper_roles,2019-09-21 21:00:00,13.8129170685,44.3629391914,0,0,0,12,12,5843,3817
compact51_marcy__paper_roles,2019-09-21 22:00:00,18.625207264,41.8281696282,0,0,0,12,12,7789,3608
compact51_marcy__paper_roles,2019-09-21 23:00:00,16.7954060683,44.2059353984,0,0,0,12,12,7235,3805
compact51_marcy__paper_roles,2019-09-22 00:00:00,9.77826167002,674.724655724,1,0,0,12,12,2644,8382
compact51_marcy__paper_roles,2019-09-22 01:00:00,7.01162008464,146.710417571,1,0,0,14,14,743,7020
compact51_marcy__paper_roles,2019-09-22 02:00:00,6.3034226562,178.015493505,1,0,0,11,11,408,7337
compact51_marcy__paper_roles,2019-09-22 03:00:00,6.16988096632,347.517772815,1,0,0,12,12,353,8057
compact51_marcy__paper_roles,2019-09-22 04:00:00,8.14366287336,387.902265051,1,0,0,12,12,1392,8123
compact51_marcy__paper_roles,2019-09-22 05:00:00,8.39155753813,460.991355929,1,0,0,12,12,1572,8207
compact51_marcy__paper_roles,2019-09-22 06:00:00,6.3249739364,130.661159758,1,0,0,12,12,415,6816
compact51_marcy__paper_roles,2019-09-22 07:00:00,12.3413190484,275.973138548,1,0,0,12,12,4778,7845
compact51_marcy__paper_roles,2019-09-22 08:00:00,10.7394045733,241.581460295,1,0,0,12,12,3499,7718
compact51_marcy__paper_roles,2019-09-22 09:00:00,7.50855874765,354.53024413,1,0,0,12,12,1029,8072
compact51_marcy__paper_roles,2019-09-22 10:00:00,7.94002476919,47.9609219427,0,0,0,12,12,1277,4091
compact51_marcy__paper_roles,2019-09-22 11:00:00,9.10426664118,51.3433005407,0,0,0,12,12,2108,4337
compact51_marcy__paper_roles,2019-09-22 12:00:00,10.7383497236,63.174044364,0,0,0,12,12,3498,4988
compact51_marcy__paper_roles,2019-09-22 13:00:00,10.4359101822,44.1313110442,0,0,0,12,12,3246,3799
compact51_marcy__paper_roles,2019-09-22 14:00:00,10.182499554,16.7645695427,0,0,0,12,12,3020,459
compact51_marcy__paper_roles,2019-09-22 15:00:00,8.91386659547,35.735667019,0,0,0,12,12,1956,3022
compact51_marcy__paper_roles,2019-09-22 16:00:00,10.0619800195,64.1990562273,0,0,0,13,13,2902,5030
compact51_marcy__paper_roles,2019-09-22 17:00:00,13.5877489546,122.170821374,0,0,0,12,11,5691,6670
compact51_marcy__paper_roles,2019-09-22 18:00:00,14.8553156419,173.742029385,0,0,0,12,12,6405,7302
compact51_marcy__paper_roles,2019-09-22 19:00:00,14.7139101623,53.1905364449,0,0,0,12,12,6330,4464
compact51_marcy__paper_roles,2019-09-22 20:00:00,17.7094422082,35.1430533845,0,0,0,12,12,7547,2952
compact51_marcy__paper_roles,2019-09-22 21:00:00,15.0913036387,127.205995484,1,0,0,12,12,6526,6769
compact51_marcy__paper_roles,2019-09-22 22:00:00,17.2158117185,219.190701144,0,0,0,12,12,7387,7604
compact51_marcy__paper_roles,2019-09-22 23:00:00,15.3263949492,150.659600094,0,0,0,12,12,6645,7066
compact51_marcy__paper_roles,2019-09-23 00:00:00,8.70890823983,146.064725479,0,0,0,12,12,1818,7010
compact51_marcy__paper_roles,2019-09-23 01:00:00,7.00939394124,38.8232366633,0,0,0,12,12,741,3338
compact51_marcy__paper_roles,2019-09-23 02:00:00,6.7075201847,376.057212289,0,0,0,12,12,583,8107
compact51_marcy__paper_roles,2019-09-23 03:00:00,7.48396325183,1421.77696655,0,0,0,12,12,1013,8565
compact51_marcy__paper_roles,2019-09-23 04:00:00,7.90097568525,2605.61989433,1,0,0,12,12,1247,8653
compact51_marcy__paper_roles,2019-09-23 05:00:00,14.5407820764,147.674373313,1,0,0,12,12,6254,7031
compact51_marcy__paper_roles,2019-09-23 06:00:00,10.5802961967,280.712373859,1,0,0,12,12,3377,7868
compact51_marcy__paper_roles,2019-09-23 07:00:00,11.2190041423,247.696660449,1,0,0,12,12,3880,7751
compact51_marcy__paper_roles,2019-09-23 08:00:00,10.9449736838,144.403245639,1,0,0,12,12,3674,6993
compact51_marcy__paper_roles,2019-09-23 09:00:00,11.828708984,95.8758589489,0,0,0,12,12,4369,6139
compact51_marcy__paper_roles,2019-09-23 10:00:00,9.64055136322,39.4436425085,0,0,0,13,12,2526,3410
compact51_marcy__paper_roles,2019-09-23 11:00:00,8.32541847873,51.4079857835,0,0,0,12,12,1521,4341
compact51_marcy__paper_roles,2019-09-23 12:00:00,11.7735159918,18.3688655017,0,0,0,12,12,4332,630
compact51_marcy__paper_roles,2019-09-23 13:00:00,13.1426404089,167.794342603,1,0,0,12,12,5399,7247
compact51_marcy__paper_roles,2019-09-23 14:00:00,13.4957841834,28.1162965381,0,0,0,13,13,5635,2062
compact51_marcy__paper_roles,2019-09-23 15:00:00,11.3163654389,25.3982710918,0,0,0,12,12,3954,1650
compact51_marcy__paper_roles,2019-09-23 16:00:00,12.5997360242,17.9810847442,0,0,0,12,12,4978,586
compact51_marcy__paper_roles,2019-09-23 17:00:00,13.8251589554,19.2958201712,0,0,0,12,12,5850,771
compact51_marcy__paper_roles,2019-09-23 18:00:00,12.0305001473,19.5559337574,0,0,0,12,12,4535,804
compact51_marcy__paper_roles,2019-09-23 19:00:00,13.7027178281,24.384285611,0,0,0,12,12,5767,1511
compact51_marcy__paper_roles,2019-09-23 20:00:00,12.9817962568,24.8317190773,0,0,0,12,12,5289,1564
compact51_marcy__paper_roles,2019-09-23 21:00:00,13.5898278057,28.2253359899,0,0,0,14,13,5693,2076
compact51_marcy__paper_roles,2019-09-23 22:00:00,16.7338950511,33.7292633808,0,0,0,12,12,7220,2789
compact51_marcy__paper_roles,2019-09-23 23:00:00,17.0793582985,39.2579831294,0,0,0,12,12,7340,3384
compact51_marcy__paper_roles,2019-09-24 00:00:00,9.32766798772,24.023398209,0,0,0,12,12,2294,1458
compact51_marcy__paper_roles,2019-09-24 01:00:00,10.1545803252,75.0947412544,0,0,0,12,12,2987,5473
compact51_marcy__paper_roles,2019-09-24 02:00:00,8.02339832416,94.199584445,0,0,0,12,12,1323,6088
compact51_marcy__paper_roles,2019-09-24 03:00:00,7.41594832831,104.370217151,0,0,0,12,12,960,6348
compact51_marcy__paper_roles,2019-09-24 04:00:00,9.9699043233,124.099311923,0,0,0,12,12,2813,6710
compact51_marcy__paper_roles,2019-09-24 05:00:00,22.4113526244,306.957945818,0,0,0,14,13,8364,7947
compact51_marcy__paper_roles,2019-09-24 06:00:00,13.5311060023,1787.94004761,1,0,0,11,11,5662,8598
compact51_marcy__paper_roles,2019-09-24 07:00:00,10.4245454046,78.5924083578,0,0,0,11,11,3233,5594
compact51_marcy__paper_roles,2019-09-24 08:00:00,11.5816075488,225.836790194,1,0,0,12,12,4181,7639
compact51_marcy__paper_roles,2019-09-24 09:00:00,9.39861768725,381.741424493,1,0,0,12,12,2347,8116
compact51_marcy__paper_roles,2019-09-24 10:00:00,9.1472636706,279.278112576,1,0,0,12,12,2144,7855
compact51_marcy__paper_roles,2019-09-24 11:00:00,7.03567975625,812.304011938,0,0,0,8,8,753,8436
compact51_marcy__paper_roles,2019-09-24 12:00:00,7.64082690076,248.398094024,1,0,0,11,11,1097,7757
compact51_marcy__paper_roles,2019-09-24 13:00:00,6.67677270795,119.273190186,0,0,0,11,11,563,6606
compact51_marcy__paper_roles,2019-09-24 14:00:00,7.32307515067,427.77970038,0,0,0,12,12,890,8165
compact51_marcy__paper_roles,2019-09-24 15:00:00,8.96990270162,712.878234664,1,0,0,13,13,2005,8405
compact51_marcy__paper_roles,2019-09-24 16:00:00,11.0115291336,75.4779519644,0,0,0,12,12,3724,5489
compact51_marcy__paper_roles,2019-09-24 17:00:00,11.6551667901,405.889405475,1,0,0,12,12,4240,8143
compact51_marcy__paper_roles,2019-09-24 18:00:00,9.77031632353,1026.10993535,1,0,0,12,12,2635,8499
compact51_marcy__paper_roles,2019-09-24 19:00:00,9.44744479615,157.304189129,1,0,0,12,12,2389,7139
compact51_marcy__paper_roles,2019-09-24 20:00:00,13.2807084431,101.755978824,1,0,0,12,12,5497,6286
compact51_marcy__paper_roles,2019-09-24 21:00:00,18.9152051417,190.881617887,0,0,0,12,12,7848,7423
compact51_marcy__paper_roles,2019-09-24 22:00:00,11.9113281436,31.3446226304,0,0,0,12,12,4442,2510
compact51_marcy__paper_roles,2019-09-24 23:00:00,13.269709381,92.204509449,0,0,0,12,12,5488,6032
compact51_marcy__paper_roles,2019-09-25 00:00:00,8.26749104743,32.8604037244,0,0,0,12,12,1476,2688
compact51_marcy__paper_roles,2019-09-25 01:00:00,6.80741976096,47.2989515177,0,0,0,12,12,624,4029
compact51_marcy__paper_roles,2019-09-25 02:00:00,7.63245242595,60.7919608598,0,0,0,12,12,1089,4870
compact51_marcy__paper_roles,2019-09-25 03:00:00,8.35416391725,71.2752466681,0,0,0,12,12,1546,5324
compact51_marcy__paper_roles,2019-09-25 04:00:00,7.87097468239,54.7227311155,0,0,0,12,12,1230,4560
compact51_marcy__paper_roles,2019-09-25 05:00:00,14.1173896216,223.64670987,0,0,0,12,12,6022,7626
compact51_marcy__paper_roles,2019-09-25 06:00:00,13.8073134306,383.981825396,0,0,0,12,12,5837,8117
compact51_marcy__paper_roles,2019-09-25 07:00:00,10.4632087174,100.405821225,0,0,0,12,12,3273,6251
compact51_marcy__paper_roles,2019-09-25 08:00:00,12.8743274805,879.289277578,1,0,0,12,12,5210,8464
compact51_marcy__paper_roles,2019-09-25 09:00:00,8.92213015324,622.639760654,0,0,0,12,12,1962,8351
compact51_marcy__paper_roles,2019-09-25 10:00:00,9.70744647663,2011.88585322,1,0,0,12,12,2575,8618
compact51_marcy__paper_roles,2019-09-25 11:00:00,9.42962607457,173.068630586,1,0,0,12,12,2376,7296
compact51_marcy__paper_roles,2019-09-25 12:00:00,7.73081254433,629.205317762,1,0,0,12,12,1147,8355
compact51_marcy__paper_roles,2019-09-25 13:00:00,8.42407490991,122.402429218,1,0,0,10,10,1599,6676
compact51_marcy__paper_roles,2019-09-25 14:00:00,8.59880748875,158.804786398,1,0,0,11,11,1725,7156
compact51_marcy__paper_roles,2019-09-25 15:00:00,11.135952195,226.650685084,1,0,0,10,10,3823,7641
compact51_marcy__paper_roles,2019-09-25 16:00:00,11.9017711012,157.48166683,1,0,0,12,12,4436,7144
compact51_marcy__paper_roles,2019-09-25 17:00:00,13.1959419891,140.157331766,1,0,0,12,12,5437,6939
compact51_marcy__paper_roles,2019-09-25 18:00:00,10.7333793474,281.004206681,0,0,0,12,12,3494,7870
compact51_marcy__paper_roles,2019-09-25 19:00:00,12.4532400661,250.193012355,1,0,0,12,12,4873,7763
compact51_marcy__paper_roles,2019-09-25 20:00:00,17.9747863952,190.664948206,1,0,0,12,12,7624,7418
compact51_marcy__paper_roles,2019-09-25 21:00:00,17.072090402,311.915991282,1,0,0,12,12,7335,7958
compact51_marcy__paper_roles,2019-09-25 22:00:00,12.481461551,1099.20546494,0,0,0,12,12,4900,8516
compact51_marcy__paper_roles,2019-09-25 23:00:00,16.87438145,553.805207038,1,0,0,12,12,7260,8297
compact51_marcy__paper_roles,2019-09-26 00:00:00,11.8925550143,2060.01129129,1,0,0,12,12,4429,8620
compact51_marcy__paper_roles,2019-09-26 01:00:00,12.5314209386,354.147739315,1,0,0,12,12,4941,8071
compact51_marcy__paper_roles,2019-09-26 02:00:00,11.8195861456,376.005164737,1,0,0,12,12,4362,8106
compact51_marcy__paper_roles,2019-09-26 03:00:00,12.6737612717,341.039227512,1,0,0,12,12,5051,8035
compact51_marcy__paper_roles,2019-09-26 04:00:00,13.253794489,285.130432557,1,0,0,12,12,5477,7888
compact51_marcy__paper_roles,2019-09-26 05:00:00,15.7480679699,423.963124104,1,0,0,12,12,6830,8159
compact51_marcy__paper_roles,2019-09-26 06:00:00,13.1975047985,201.930456238,0,0,0,12,12,5438,7507
compact51_marcy__paper_roles,2019-09-26 07:00:00,9.74352283334,95.5284871227,0,0,0,12,12,2607,6125
compact51_marcy__paper_roles,2019-09-26 08:00:00,6.29602726776,46.5359152038,0,0,0,12,12,405,3979
compact51_marcy__paper_roles,2019-09-26 09:00:00,5.76933767694,65.5878776983,0,0,0,12,12,242,5102
compact51_marcy__paper_roles,2019-09-26 10:00:00,4.25913330672,276.378788841,1,0,0,12,12,38,7846
compact51_marcy__paper_roles,2019-09-26 11:00:00,5.65017522048,566.696084946,1,0,0,12,12,217,8310
compact51_marcy__paper_roles,2019-09-26 12:00:00,6.3928528301,163.444042698,1,0,0,12,12,442,7205
compact51_marcy__paper_roles,2019-09-26 13:00:00,5.82495775847,20081.0335835,1,0,0,12,12,261,8746
compact51_marcy__paper_roles,2019-09-26 14:00:00,9.3076599657,142.087581113,0,0,0,12,12,2275,6962
compact51_marcy__paper_roles,2019-09-26 15:00:00,7.3619822852,35.9891426292,0,0,0,12,12,921,3053
compact51_marcy__paper_roles,2019-09-26 16:00:00,12.5552548276,32.2699016715,0,0,0,12,12,4952,2627
compact51_marcy__paper_roles,2019-09-26 17:00:00,10.3470774107,61.3383916579,0,0,0,12,12,3160,4896
compact51_marcy__paper_roles,2019-09-26 18:00:00,15.8269483137,190.733909013,0,0,0,12,12,6861,7419
compact51_marcy__paper_roles,2019-09-26 19:00:00,8.02964898124,181.323492794,0,0,0,12,12,1326,7361
compact51_marcy__paper_roles,2019-09-26 20:00:00,18.1889542082,357.012955661,1,0,0,12,12,7672,8075
compact51_marcy__paper_roles,2019-09-26 21:00:00,18.0364089818,413.572794678,0,0,0,12,12,7641,8151
compact51_marcy__paper_roles,2019-09-26 22:00:00,12.9064849626,166.209577998,0,0,0,12,12,5234,7231
compact51_marcy__paper_roles,2019-09-26 23:00:00,16.4895141608,117.941808182,0,0,0,12,12,7139,6583
compact51_marcy__paper_roles,2019-09-27 00:00:00,10.8936820439,112.862948388,0,0,0,12,12,3634,6502
compact51_marcy__paper_roles,2019-09-27 01:00:00,11.4737120382,146.268491702,0,0,0,12,12,4089,7017
compact51_marcy__paper_roles,2019-09-27 02:00:00,10.577420064,126.326467343,0,0,0,12,12,3373,6746
compact51_marcy__paper_roles,2019-09-27 03:00:00,10.2056118404,101.798860518,0,0,0,12,12,3045,6287
compact51_marcy__paper_roles,2019-09-27 04:00:00,9.97102873006,69.458973413,0,0,0,12,12,2815,5255
compact51_marcy__paper_roles,2019-09-27 05:00:00,13.4738657964,101.733808031,0,0,0,12,12,5618,6285
compact51_marcy__paper_roles,2019-09-27 06:00:00,12.2802131036,101.111880042,0,0,0,14,14,4732,6269
compact51_marcy__paper_roles,2019-09-27 07:00:00,10.410198133,252.383970447,0,0,0,11,11,3226,7768
compact51_marcy__paper_roles,2019-09-27 08:00:00,7.91315205448,19.8984670083,0,0,0,12,12,1258,863
compact51_marcy__paper_roles,2019-09-27 09:00:00,6.61155182381,81.0328432543,0,0,0,12,12,532,5689
compact51_marcy__paper_roles,2019-09-27 10:00:00,9.78579149983,172.718054572,1,0,0,12,12,2647,7292
compact51_marcy__paper_roles,2019-09-27 11:00:00,5.96046507034,268.573903784,0,0,0,12,12,292,7821
compact51_marcy__paper_roles,2019-09-27 12:00:00,5.74058841322,211.05058053,0,0,0,12,12,238,7559
compact51_marcy__paper_roles,2019-09-27 13:00:00,6.28294996061,257.788420945,0,0,0,12,12,402,7790
compact51_marcy__paper_roles,2019-09-27 14:00:00,6.66364957715,10.1314557027,0,0,0,13,12,556,28
compact51_marcy__paper_roles,2019-09-27 15:00:00,8.6070973147,175.311172464,0,0,0,12,12,1736,7314
compact51_marcy__paper_roles,2019-09-27 16:00:00,7.78767346849,46.6939821833,0,0,0,12,12,1191,3987
compact51_marcy__paper_roles,2019-09-27 17:00:00,8.27259319204,34.2197454747,0,0,0,12,12,1485,2848
compact51_marcy__paper_roles,2019-09-27 18:00:00,7.12727389958,20.9959141449,0,0,0,12,12,793,1017
compact51_marcy__paper_roles,2019-09-27 19:00:00,9.3174995616,74.8698131956,0,0,0,12,12,2286,5464
compact51_marcy__paper_roles,2019-09-27 20:00:00,14.8718680764,170.749389255,0,0,0,12,12,6413,7275
compact51_marcy__paper_roles,2019-09-27 21:00:00,13.2962601477,138.51027891,0,0,0,12,12,5511,6918
compact51_marcy__paper_roles,2019-09-27 22:00:00,13.6432667159,56.7185911018,0,0,0,12,12,5729,4677
compact51_marcy__paper_roles,2019-09-27 23:00:00,13.7647677465,75.064693213,0,0,0,13,12,5806,5472
compact51_marcy__paper_roles,2019-09-28 00:00:00,11.0110093071,64.4255525007,0,0,0,13,12,3722,5043
compact51_marcy__paper_roles,2019-09-28 01:00:00,9.41427565149,48.8839120781,0,0,0,12,12,2364,4171
compact51_marcy__paper_roles,2019-09-28 02:00:00,10.5784883535,59.4777045941,0,0,0,12,12,3374,4810
compact51_marcy__paper_roles,2019-09-28 03:00:00,9.46014266867,26.587354764,0,0,0,12,12,2407,1849
compact51_marcy__paper_roles,2019-09-28 04:00:00,8.55046779492,20.5817907182,0,0,0,12,12,1691,952
compact51_marcy__paper_roles,2019-09-28 05:00:00,8.53583729178,26.1405042814,0,0,0,12,12,1683,1781
compact51_marcy__paper_roles,2019-09-28 06:00:00,9.45823714188,92.9306981101,0,0,0,12,12,2403,6052
compact51_marcy__paper_roles,2019-09-28 07:00:00,9.51911076892,42.9796006119,0,0,0,12,12,2446,3703
compact51_marcy__paper_roles,2019-09-28 08:00:00,8.52987653281,43.3003539148,0,0,0,12,12,1677,3732
compact51_marcy__paper_roles,2019-09-28 09:00:00,7.42712165755,39.3377597412,0,0,0,12,12,971,3398
compact51_marcy__paper_roles,2019-09-28 10:00:00,6.86357493611,24.3916413665,0,0,0,12,12,655,1512
compact51_marcy__paper_roles,2019-09-28 11:00:00,7.84175804959,121.762569201,0,0,0,12,12,1217,6663
compact51_marcy__paper_roles,2019-09-28 12:00:00,6.93239855426,14.3648168494,0,0,0,12,12,691,227
compact51_marcy__paper_roles,2019-09-28 13:00:00,6.79372693408,568.006409359,0,0,0,12,12,621,8312
compact51_marcy__paper_roles,2019-09-28 14:00:00,7.23333332924,17.4200867942,0,0,0,12,11,857,527
compact51_marcy__paper_roles,2019-09-28 15:00:00,9.73210588861,125.98486418,0,0,0,11,11,2598,6740
compact51_marcy__paper_roles,2019-09-28 16:00:00,6.06693260677,17.3823219135,0,0,0,12,12,323,522
compact51_marcy__paper_roles,2019-09-28 17:00:00,4.79490399553,15.9279049038,0,0,0,12,12,74,362
compact51_marcy__paper_roles,2019-09-28 18:00:00,5.9370337366,20.3025229178,0,0,0,12,12,282,906
compact51_marcy__paper_roles,2019-09-28 19:00:00,6.55486600105,40.3313753166,0,0,0,11,11,509,3492
compact51_marcy__paper_roles,2019-09-28 20:00:00,7.8568958803,94.0017287702,0,0,0,12,12,1223,6081
compact51_marcy__paper_roles,2019-09-28 21:00:00,7.15582961373,19.7326085214,0,0,0,12,12,805,837
compact51_marcy__paper_roles,2019-09-28 22:00:00,9.99714171619,24.8741336771,0,0,0,12,12,2845,1570
compact51_marcy__paper_roles,2019-09-28 23:00:00,9.86009793085,26.5236597804,0,0,0,12,12,2712,1841
compact51_marcy__paper_roles,2019-09-29 00:00:00,9.377463369,28.181948276,0,0,0,12,12,2330,2072
compact51_marcy__paper_roles,2019-09-29 01:00:00,8.22176997071,25.2223234241,0,0,0,12,12,1453,1620
compact51_marcy__paper_roles,2019-09-29 02:00:00,5.09806858932,16.575869739,0,0,0,12,12,109,435
compact51_marcy__paper_roles,2019-09-29 03:00:00,7.09610167036,21.5945671304,0,0,0,12,12,784,1094
compact51_marcy__paper_roles,2019-09-29 04:00:00,8.47684213871,40.0796181821,0,0,0,12,12,1638,3471
compact51_marcy__paper_roles,2019-09-29 05:00:00,8.60150376186,28.3582138475,0,0,0,12,12,1728,2099
compact51_marcy__paper_roles,2019-09-29 06:00:00,8.18953105481,15.5946943261,0,0,0,12,12,1426,324
compact51_marcy__paper_roles,2019-09-29 07:00:00,7.78339967408,19.0173097015,0,0,0,12,12,1190,723
compact51_marcy__paper_roles,2019-09-29 08:00:00,7.37289759331,16.2753661493,0,0,0,12,12,933,399
compact51_marcy__paper_roles,2019-09-29 09:00:00,6.68534146465,14.8764114907,0,0,0,12,12,569,258
compact51_marcy__paper_roles,2019-09-29 10:00:00,6.82817544188,21.5716137256,0,0,0,12,12,640,1088
compact51_marcy__paper_roles,2019-09-29 11:00:00,7.21391805183,12.1106622887,0,0,0,12,12,842,80
compact51_marcy__paper_roles,2019-09-29 12:00:00,7.54394730297,16.1667678265,0,0,0,12,12,1049,386
compact51_marcy__paper_roles,2019-09-29 13:00:00,7.6022399467,19.1616110516,0,0,0,12,12,1076,743
compact51_marcy__paper_roles,2019-09-29 14:00:00,9.6139892019,26.3116652246,0,0,0,13,12,2510,1810
compact51_marcy__paper_roles,2019-09-29 15:00:00,8.59759097744,12.1412293981,0,0,0,12,12,1722,81
compact51_marcy__paper_roles,2019-09-29 16:00:00,7.0844909008,19.1199598176,0,0,0,12,12,778,735
compact51_marcy__paper_roles,2019-09-29 17:00:00,8.34421858226,19.1994622923,0,0,0,12,12,1540,752
compact51_marcy__paper_roles,2019-09-29 18:00:00,9.63242081093,21.499024998,0,0,0,12,12,2521,1082
compact51_marcy__paper_roles,2019-09-29 19:00:00,8.86630763504,18.325499061,0,0,0,12,12,1919,625
compact51_marcy__paper_roles,2019-09-29 20:00:00,9.8797457772,34.8271596629,0,0,0,12,12,2726,2923
compact51_marcy__paper_roles,2019-09-29 21:00:00,12.3290044894,47.7339483211,0,0,0,12,12,4769,4066
compact51_marcy__paper_roles,2019-09-29 22:00:00,14.2773589101,75.6374799867,0,0,0,12,12,6116,5495
compact51_marcy__paper_roles,2019-09-29 23:00:00,13.6899547237,143.443795724,0,0,0,12,12,5760,6983
compact51_marcy__paper_roles,2019-09-30 00:00:00,9.66163845285,70.3498187704,0,0,0,12,12,2544,5287
compact51_marcy__paper_roles,2019-09-30 01:00:00,8.10296179239,93.9300222302,0,0,0,12,12,1371,6079
compact51_marcy__paper_roles,2019-09-30 02:00:00,8.62608828517,156.020034416,0,0,0,12,12,1747,7128
compact51_marcy__paper_roles,2019-09-30 03:00:00,8.94052377918,92.6650959525,0,0,0,12,12,1974,6044
compact51_marcy__paper_roles,2019-09-30 04:00:00,11.313871178,163.275105428,0,0,0,12,12,3952,7201
compact51_marcy__paper_roles,2019-09-30 05:00:00,11.3356048294,220.285949504,0,0,0,12,12,3965,7606
compact51_marcy__paper_roles,2019-09-30 06:00:00,8.89463247155,20.4387041524,0,0,0,12,12,1941,926
compact51_marcy__paper_roles,2019-09-30 07:00:00,8.97970674448,201.194836718,0,0,0,12,12,2018,7500
compact51_marcy__paper_roles,2019-09-30 08:00:00,7.43686810651,41.5728695324,0,0,0,12,12,976,3587
compact51_marcy__paper_roles,2019-09-30 09:00:00,8.53823628044,1495.53548746,1,0,0,12,12,1685,8572
compact51_marcy__paper_roles,2019-09-30 10:00:00,10.890606993,273.478805245,1,0,0,14,14,3631,7835
compact51_marcy__paper_roles,2019-09-30 11:00:00,11.494915528,73.4280204801,0,0,0,12,12,4112,5402
compact51_marcy__paper_roles,2019-09-30 12:00:00,11.0072191856,222.124136519,1,0,0,12,12,3718,7617
compact51_marcy__paper_roles,2019-09-30 13:00:00,7.66306396473,65.2410248847,0,0,0,12,12,1109,5091
compact51_marcy__paper_roles,2019-09-30 14:00:00,8.94839061222,21.8129839661,0,0,0,12,12,1985,1121
compact51_marcy__paper_roles,2019-09-30 15:00:00,7.32868590189,700.065898177,1,0,0,12,12,894,8402
compact51_marcy__paper_roles,2019-09-30 16:00:00,10.5468618851,131.89198842,1,0,0,12,12,3341,6833
compact51_marcy__paper_roles,2019-09-30 17:00:00,12.4107111179,53.073790044,0,0,0,12,12,4830,4451
compact51_marcy__paper_roles,2019-09-30 18:00:00,10.3639119582,89.0815621016,0,0,0,14,14,3179,5933
compact51_marcy__paper_roles,2019-09-30 19:00:00,8.9792406025,158.137521738,0,0,0,11,11,2014,7152
compact51_marcy__paper_roles,2019-09-30 20:00:00,9.31150196394,26.7388834326,0,0,0,12,12,2278,1873
compact51_marcy__paper_roles,2019-09-30 21:00:00,15.0645219578,72.8988069828,0,0,0,12,12,6513,5380
compact51_marcy__paper_roles,2019-09-30 22:00:00,13.0069571402,572.117287505,1,0,0,12,12,5303,8316
compact51_marcy__paper_roles,2019-09-30 23:00:00,13.6155431265,65.9543993303,0,0,0,12,12,5711,5118
compact51_marcy__paper_roles,2019-10-01 00:00:00,11.5931395842,276.676990126,0,0,0,12,12,4189,7847
compact51_marcy__paper_roles,2019-10-01 01:00:00,12.1648003596,119.904999573,0,0,0,12,12,4644,6615
compact51_marcy__paper_roles,2019-10-01 02:00:00,13.0598049331,185.503197511,0,0,0,12,12,5337,7385
compact51_marcy__paper_roles,2019-10-01 03:00:00,11.8343538051,183.078074669,0,0,0,12,12,4373,7369
compact51_marcy__paper_roles,2019-10-01 04:00:00,13.770836264,231.308591483,0,0,0,12,12,5810,7667
compact51_marcy__paper_roles,2019-10-01 05:00:00,15.9519631418,281.206898543,0,0,0,12,12,6921,7872
compact51_marcy__paper_roles,2019-10-01 06:00:00,13.5419020596,434.551979683,0,0,0,12,12,5669,8175
compact51_marcy__paper_roles,2019-10-01 07:00:00,11.8824537714,75.1559661305,0,0,0,13,12,4420,5476
compact51_marcy__paper_roles,2019-10-01 08:00:00,8.21952157297,75.0203662684,0,0,0,12,12,1452,5469
compact51_marcy__paper_roles,2019-10-01 09:00:00,8.00206407047,52.3173617966,0,0,0,12,12,1305,4401
compact51_marcy__paper_roles,2019-10-01 10:00:00,6.39105996501,12.5958454365,0,0,0,12,12,440,105
compact51_marcy__paper_roles,2019-10-01 11:00:00,8.5441378876,19.1900544753,0,0,0,12,12,1688,750
compact51_marcy__paper_roles,2019-10-01 12:00:00,9.92075548612,23.4385019835,0,0,0,14,13,2769,1362
compact51_marcy__paper_roles,2019-10-01 13:00:00,8.18821664119,21.4971319692,0,0,0,11,11,1423,1081
compact51_marcy__paper_roles,2019-10-01 14:00:00,14.2353661824,85.5902574402,0,0,0,12,12,6094,5842
compact51_marcy__paper_roles,2019-10-01 15:00:00,16.8791533721,81.3833832683,0,0,0,11,11,7262,5706
compact51_marcy__paper_roles,2019-10-01 16:00:00,21.0607775515,195.2629526,0,0,0,12,11,8218,7456
compact51_marcy__paper_roles,2019-10-01 17:00:00,15.2635735711,46.920757712,0,0,0,13,13,6612,3999
compact51_marcy__paper_roles,2019-10-01 18:00:00,12.2612889229,53.7074855941,0,0,0,12,12,4716,4497
compact51_marcy__paper_roles,2019-10-01 19:00:00,15.3016904499,39.170773885,0,0,0,12,12,6628,3375
compact51_marcy__paper_roles,2019-10-01 20:00:00,17.1393290127,39.196146319,0,0,0,13,12,7367,3377
compact51_marcy__paper_roles,2019-10-01 21:00:00,14.7277016193,29.4028946066,0,0,0,12,12,6338,2264
compact51_marcy__paper_roles,2019-10-01 22:00:00,15.8934734644,153.301934829,1,0,0,13,12,6891,7098
compact51_marcy__paper_roles,2019-10-01 23:00:00,12.8893081634,449.466048015,0,0,0,12,12,5223,8191
compact51_marcy__paper_roles,2019-10-02 00:00:00,4.67725093448,55.0060790407,0,0,0,12,12,62,4576
compact51_marcy__paper_roles,2019-10-02 01:00:00,6.06949834707,74.7766045555,0,0,0,12,12,326,5459
compact51_marcy__paper_roles,2019-10-02 02:00:00,11.0948811154,77.9974313033,0,0,0,12,12,3791,5577
compact51_marcy__paper_roles,2019-10-02 03:00:00,9.83872234838,163.704739693,0,0,0,12,12,2691,7212
compact51_marcy__paper_roles,2019-10-02 04:00:00,10.8837016767,151.924302245,0,0,0,12,12,3625,7076
compact51_marcy__paper_roles,2019-10-02 05:00:00,26.9068015427,297.449530441,0,0,0,12,12,8640,7921
compact51_marcy__paper_roles,2019-10-02 06:00:00,10.4302554036,25.0295039154,0,0,0,12,12,3238,1588
compact51_marcy__paper_roles,2019-10-02 07:00:00,7.59624910383,40.6348553902,0,0,0,12,12,1073,3517
compact51_marcy__paper_roles,2019-10-02 08:00:00,9.72491161884,128.363989383,1,0,0,12,12,2593,6784
compact51_marcy__paper_roles,2019-10-02 09:00:00,7.32551550774,96.1834896155,0,0,0,12,12,893,6151
compact51_marcy__paper_roles,2019-10-02 10:00:00,8.52962858381,238.629529652,0,0,0,12,12,1676,7707
compact51_marcy__paper_roles,2019-10-02 11:00:00,10.7901879855,137.213399093,0,0,0,12,12,3551,6904
compact51_marcy__paper_roles,2019-10-02 12:00:00,13.6105753742,63.1773722953,0,0,0,12,12,5706,4989
compact51_marcy__paper_roles,2019-10-02 13:00:00,15.5782796989,237.892265111,0,0,0,12,12,6758,7705
compact51_marcy__paper_roles,2019-10-02 14:00:00,15.405195561,147.397467156,1,0,0,12,12,6683,7028
compact51_marcy__paper_roles,2019-10-02 15:00:00,21.3894894961,137.462918844,1,0,0,12,12,8263,6906
compact51_marcy__paper_roles,2019-10-02 16:00:00,21.9153234562,40.7080320542,0,0,0,12,12,8318,3527
compact51_marcy__paper_roles,2019-10-02 17:00:00,19.2525874703,34.2365781746,0,0,0,12,12,7912,2850
compact51_marcy__paper_roles,2019-10-02 18:00:00,19.5193619285,408.622558067,1,0,0,12,12,7968,8147
compact51_marcy__paper_roles,2019-10-02 19:00:00,22.9163409879,106.689221975,1,0,0,12,12,8419,6394
compact51_marcy__paper_roles,2019-10-02 20:00:00,18.8505177016,39.3830540091,0,0,0,12,12,7839,3402
compact51_marcy__paper_roles,2019-10-02 21:00:00,17.7032290975,45.9223737497,0,0,0,12,12,7543,3935
compact51_marcy__paper_roles,2019-10-02 22:00:00,14.5668413076,55.6105178376,0,0,0,12,12,6265,4615
compact51_marcy__paper_roles,2019-10-02 23:00:00,14.9795405824,59.8165945732,0,0,0,12,12,6474,4830
compact51_marcy__paper_roles,2019-10-03 00:00:00,9.58529410705,52.29236224,0,0,0,12,12,2494,4400
compact51_marcy__paper_roles,2019-10-03 01:00:00,7.36860549743,43.6880539625,0,0,0,12,12,926,3758
compact51_marcy__paper_roles,2019-10-03 02:00:00,8.53466342856,47.5851880596,0,0,0,12,12,1680,4059
compact51_marcy__paper_roles,2019-10-03 03:00:00,12.9696601581,109.054028111,0,0,0,12,12,5280,6427
compact51_marcy__paper_roles,2019-10-03 04:00:00,15.2053857072,89.8718437239,0,0,0,12,12,6585,5960
compact51_marcy__paper_roles,2019-10-03 05:00:00,22.1046062416,88.8450792019,0,0,0,12,12,8341,5927
compact51_marcy__paper_roles,2019-10-03 06:00:00,9.5866686481,100.827868418,0,0,0,12,12,2496,6261
compact51_marcy__paper_roles,2019-10-03 07:00:00,7.13005074391,24.4161901808,0,0,0,12,12,794,1514
compact51_marcy__paper_roles,2019-10-03 08:00:00,7.10327852588,82.8698406385,0,0,0,12,12,785,5739
compact51_marcy__paper_roles,2019-10-03 09:00:00,9.22843164173,192.702006021,0,0,0,12,12,2203,7437
compact51_marcy__paper_roles,2019-10-03 10:00:00,9.74283140691,293.816888704,0,0,0,12,12,2604,7911
compact51_marcy__paper_roles,2019-10-03 11:00:00,10.5298527357,259.633654393,1,0,0,12,12,3323,7797
compact51_marcy__paper_roles,2019-10-03 12:00:00,9.3105153271,778.6671716,1,0,0,12,12,2277,8431
compact51_marcy__paper_roles,2019-10-03 13:00:00,10.6988940953,234.807756164,1,0,0,12,12,3466,7688
compact51_marcy__paper_roles,2019-10-03 14:00:00,11.3422146857,243.151500245,0,0,0,12,12,3973,7727
compact51_marcy__paper_roles,2019-10-03 15:00:00,12.2209798792,560.989653997,1,0,0,13,12,4683,8304
compact51_marcy__paper_roles,2019-10-03 16:00:00,10.6514117635,47.2011023139,0,0,0,12,12,3427,4019
compact51_marcy__paper_roles,2019-10-03 17:00:00,12.2816376077,47.8381822561,0,0,0,12,12,4734,4079
compact51_marcy__paper_roles,2019-10-03 18:00:00,13.3519845701,35.3124317503,0,0,0,12,12,5541,2971
compact51_marcy__paper_roles,2019-10-03 19:00:00,16.6944010909,38.3533724074,0,0,0,12,12,7211,3299
compact51_marcy__paper_roles,2019-10-03 20:00:00,15.168364329,395.308799028,0,0,0,12,12,6566,8132
compact51_marcy__paper_roles,2019-10-03 21:00:00,15.045931571,305.370666651,0,0,0,12,12,6508,7940
compact51_marcy__paper_roles,2019-10-03 22:00:00,15.6913249811,6434.05554703,1,0,0,12,12,6805,8723
compact51_marcy__paper_roles,2019-10-03 23:00:00,21.2743180177,2190.08520778,0,0,0,12,12,8248,8632
compact51_marcy__paper_roles,2019-10-04 00:00:00,12.6251945094,505.962621732,0,0,0,12,12,5005,8255
compact51_marcy__paper_roles,2019-10-04 01:00:00,11.9729004895,284.748443456,0,0,0,12,12,4487,7884
compact51_marcy__paper_roles,2019-10-04 02:00:00,7.89675765366,120.654265023,0,0,0,12,12,1244,6639
compact51_marcy__paper_roles,2019-10-04 03:00:00,7.62117570957,104.494248426,0,0,0,12,12,1085,6350
compact51_marcy__paper_roles,2019-10-04 04:00:00,12.4265677763,162.778340941,0,0,0,12,12,4842,7198
compact51_marcy__paper_roles,2019-10-04 05:00:00,16.3568627636,830.045728763,0,0,0,12,12,7089,8443
compact51_marcy__paper_roles,2019-10-04 06:00:00,11.9858528803,511.404230378,0,0,0,12,12,4504,8263
compact51_marcy__paper_roles,2019-10-04 07:00:00,8.09781165357,34.8578199627,0,0,0,12,12,1366,2924
compact51_marcy__paper_roles,2019-10-04 08:00:00,6.84840971792,166.281412191,1,0,0,12,12,649,7232
compact51_marcy__paper_roles,2019-10-04 09:00:00,7.83897036286,351.81211083,0,0,0,12,12,1215,8068
compact51_marcy__paper_roles,2019-10-04 10:00:00,9.0930786128,198.511232853,1,0,0,12,12,2100,7480
compact51_marcy__paper_roles,2019-10-04 11:00:00,9.18306491601,154.353824106,1,0,0,12,12,2171,7113
compact51_marcy__paper_roles,2019-10-04 12:00:00,9.82306551508,115.278764447,1,0,0,13,12,2676,6542
compact51_marcy__paper_roles,2019-10-04 13:00:00,12.0783271629,35.6859763852,0,0,0,12,12,4569,3017
compact51_marcy__paper_roles,2019-10-04 14:00:00,10.2720997744,56.0778119374,0,0,0,12,12,3105,4645
compact51_marcy__paper_roles,2019-10-04 15:00:00,9.46385151826,144.382805239,1,0,0,12,12,2411,6992
compact51_marcy__paper_roles,2019-10-04 16:00:00,9.80021052053,179.812623025,1,0,0,12,12,2660,7346
compact51_marcy__paper_roles,2019-10-04 17:00:00,7.75751440417,99.2625376294,0,0,0,12,12,1172,6220
compact51_marcy__paper_roles,2019-10-04 18:00:00,9.20479449264,1335.37316516,0,0,0,12,12,2187,8549
compact51_marcy__paper_roles,2019-10-04 19:00:00,11.1775983501,310.073306188,1,0,0,12,12,3856,7956
compact51_marcy__paper_roles,2019-10-04 20:00:00,15.0157949599,176.447412914,1,0,0,12,12,6496,7325
compact51_marcy__paper_roles,2019-10-04 21:00:00,21.1276934098,145.151956857,0,0,0,13,12,8229,6998
compact51_marcy__paper_roles,2019-10-04 22:00:00,13.7931679933,225.9390927,0,0,0,12,12,5826,7640
compact51_marcy__paper_roles,2019-10-04 23:00:00,17.5468010391,47.8409091153,0,0,0,12,12,7501,4080
compact51_marcy__paper_roles,2019-10-05 00:00:00,11.6381234352,48.4638820402,0,0,0,12,12,4220,4131
compact51_marcy__paper_roles,2019-10-05 01:00:00,12.7824562022,67.7679838374,0,0,0,12,12,5141,5196
compact51_marcy__paper_roles,2019-10-05 02:00:00,12.6305464591,53.035782642,0,0,0,12,12,5008,4447
compact51_marcy__paper_roles,2019-10-05 03:00:00,12.4404143056,123.7875148,1,0,0,12,12,4856,6704
compact51_marcy__paper_roles,2019-10-05 04:00:00,13.3230707527,62.9823081796,0,0,0,12,12,5530,4975
compact51_marcy__paper_roles,2019-10-05 05:00:00,10.8995901884,36.587191948,0,0,0,12,12,3644,3115
compact51_marcy__paper_roles,2019-10-05 06:00:00,10.5180242812,23.5430543566,0,0,0,12,12,3314,1379
compact51_marcy__paper_roles,2019-10-05 07:00:00,12.5578023155,56.5398529529,0,0,0,12,12,4954,4666
compact51_marcy__paper_roles,2019-10-05 08:00:00,11.4830786465,32.7959978416,0,0,0,12,12,4102,2681
compact51_marcy__paper_roles,2019-10-05 09:00:00,9.11088803322,185.459002426,0,0,0,12,12,2114,7384
compact51_marcy__paper_roles,2019-10-05 10:00:00,14.6108704416,35.714129022,0,0,0,12,12,6292,3021
compact51_marcy__paper_roles,2019-10-05 11:00:00,12.2934984334,32.1725588867,0,0,0,12,12,4739,2610
compact51_marcy__paper_roles,2019-10-05 12:00:00,9.86045438605,29.7797168017,0,0,0,12,12,2713,2313
compact51_marcy__paper_roles,2019-10-05 13:00:00,8.70842332347,22.0651331679,0,0,0,12,12,1817,1162
compact51_marcy__paper_roles,2019-10-05 14:00:00,6.6056708751,20.3630094412,0,0,0,13,13,525,916
compact51_marcy__paper_roles,2019-10-05 15:00:00,5.77257307,16.8270792347,0,0,0,12,12,243,465
compact51_marcy__paper_roles,2019-10-05 16:00:00,9.64338448343,49.5863902413,0,0,0,12,12,2530,4224
compact51_marcy__paper_roles,2019-10-05 17:00:00,13.0612197555,45.8243886495,0,0,0,12,12,5338,3926
compact51_marcy__paper_roles,2019-10-05 18:00:00,13.8447693076,64.7261558915,0,0,0,12,12,5861,5061
compact51_marcy__paper_roles,2019-10-05 19:00:00,12.8812842167,70.4482860471,0,0,0,13,13,5215,5293
compact51_marcy__paper_roles,2019-10-05 20:00:00,15.3279480426,155.265853031,0,0,0,12,12,6646,7120
compact51_marcy__paper_roles,2019-10-05 21:00:00,11.8617849374,42.7014599432,0,0,0,12,12,4397,3672
compact51_marcy__paper_roles,2019-10-05 22:00:00,10.3482401222,33.123163015,0,0,0,12,12,3163,2715
compact51_marcy__paper_roles,2019-10-05 23:00:00,16.1192645968,44.4486694778,0,0,0,12,12,6981,3820
compact51_marcy__paper_roles,2019-10-06 00:00:00,13.5203957164,46.4726364329,0,0,0,12,12,5652,3969
compact51_marcy__paper_roles,2019-10-06 01:00:00,10.0909259564,40.9482020274,0,0,0,12,12,2926,3547
compact51_marcy__paper_roles,2019-10-06 02:00:00,7.23426198101,25.5096137782,0,0,0,12,12,858,1664
compact51_marcy__paper_roles,2019-10-06 03:00:00,9.14444357243,196.780384488,0,0,0,12,12,2141,7468
compact51_marcy__paper_roles,2019-10-06 04:00:00,9.44817158009,227.134499677,0,0,0,12,12,2393,7643
compact51_marcy__paper_roles,2019-10-06 05:00:00,8.0304754591,485.258627739,0,0,0,12,12,1328,8232
compact51_marcy__paper_roles,2019-10-06 06:00:00,9.66108369315,557.052332097,0,0,0,12,12,2543,8299
compact51_marcy__paper_roles,2019-10-06 07:00:00,14.2680082744,317.412872299,0,0,0,12,12,6110,7973
compact51_marcy__paper_roles,2019-10-06 08:00:00,11.2902863874,163.348541661,0,0,0,12,12,3939,7202
compact51_marcy__paper_roles,2019-10-06 09:00:00,10.0662032054,92.5586737053,0,0,0,12,12,2909,6041
compact51_marcy__paper_roles,2019-10-06 10:00:00,12.115093305,115.377251679,0,0,0,13,12,4604,6543
compact51_marcy__paper_roles,2019-10-06 11:00:00,11.4985694466,114.5059238,0,0,0,12,12,4116,6530
compact51_marcy__paper_roles,2019-10-06 12:00:00,9.51706957821,64.8240164929,0,0,0,12,12,2445,5068
compact51_marcy__paper_roles,2019-10-06 13:00:00,13.0859528411,368.555123787,0,0,0,12,12,5354,8099
compact51_marcy__paper_roles,2019-10-06 14:00:00,7.83697443968,34.1923203432,0,0,0,12,12,1214,2842
compact51_marcy__paper_roles,2019-10-06 15:00:00,8.99748113935,38.1338053358,0,0,0,12,12,2032,3277
compact51_marcy__paper_roles,2019-10-06 16:00:00,9.33871112708,128.737295968,0,0,0,12,12,2301,6789
compact51_marcy__paper_roles,2019-10-06 17:00:00,8.79785728863,88.1037251292,0,0,0,12,12,1862,5899
compact51_marcy__paper_roles,2019-10-06 18:00:00,9.98699193824,160.439590203,0,0,0,12,12,2829,7173
compact51_marcy__paper_roles,2019-10-06 19:00:00,8.43148915701,96.4882798957,0,0,0,12,12,1603,6159
compact51_marcy__paper_roles,2019-10-06 20:00:00,13.3813975485,767.99538717,1,0,0,12,12,5561,8426
compact51_marcy__paper_roles,2019-10-06 21:00:00,14.8569445929,522.158543825,1,0,0,12,12,6406,8275
compact51_marcy__paper_roles,2019-10-06 22:00:00,12.8268329189,497.266902902,1,0,0,14,13,5177,8249
compact51_marcy__paper_roles,2019-10-06 23:00:00,12.7504348342,208.341824238,0,0,0,12,12,5113,7544
compact51_marcy__paper_roles,2019-10-07 00:00:00,9.5431634447,65.8099145161,0,0,0,13,12,2465,5114
compact51_marcy__paper_roles,2019-10-07 01:00:00,8.94331411266,61.0258964311,0,0,0,12,12,1978,4887
compact51_marcy__paper_roles,2019-10-07 02:00:00,9.17406174767,79.9250141484,0,0,0,12,12,2161,5648
compact51_marcy__paper_roles,2019-10-07 03:00:00,8.24953513269,83.9318259518,0,0,0,12,12,1466,5783
compact51_marcy__paper_roles,2019-10-07 04:00:00,10.9350188895,33.2895397612,0,0,0,12,12,3667,2734
compact51_marcy__paper_roles,2019-10-07 05:00:00,19.0206115501,40.0029284009,0,0,0,12,12,7869,3466
compact51_marcy__paper_roles,2019-10-07 06:00:00,9.97252728457,20.0213970078,0,0,0,12,12,2817,873
compact51_marcy__paper_roles,2019-10-07 07:00:00,8.30843328814,254.958865948,0,0,0,13,13,1509,7779
compact51_marcy__paper_roles,2019-10-07 08:00:00,9.2775107851,64.5505144466,0,0,0,12,12,2242,5053
compact51_marcy__paper_roles,2019-10-07 09:00:00,9.90760571587,29.34983892,0,0,0,12,12,2754,2258
compact51_marcy__paper_roles,2019-10-07 10:00:00,9.13899565606,72.0355848373,0,0,0,12,12,2138,5352
compact51_marcy__paper_roles,2019-10-07 11:00:00,5.9491938175,125.839108903,0,0,0,12,12,289,6736
compact51_marcy__paper_roles,2019-10-07 12:00:00,6.20624051776,38.587418867,0,0,0,12,12,364,3322
compact51_marcy__paper_roles,2019-10-07 13:00:00,6.75693114459,21.1689548028,0,0,0,12,12,601,1039
compact51_marcy__paper_roles,2019-10-07 14:00:00,7.40710641046,23.9762070073,0,0,0,12,12,955,1450
compact51_marcy__paper_roles,2019-10-07 15:00:00,7.38388303852,25.0131691845,0,0,0,12,12,939,1586
compact51_marcy__paper_roles,2019-10-07 16:00:00,8.71802917076,31.8919702105,0,0,0,12,12,1821,2572
compact51_marcy__paper_roles,2019-10-07 17:00:00,8.58734644557,33.8401022758,0,0,0,12,12,1715,2806
compact51_marcy__paper_roles,2019-10-07 18:00:00,10.965735277,53.0100413055,0,0,0,12,12,3696,4445
compact51_marcy__paper_roles,2019-10-07 19:00:00,12.1700032606,31.0809912402,0,0,0,12,12,4649,2474
compact51_marcy__paper_roles,2019-10-07 20:00:00,17.0734773866,296.182947135,0,0,0,12,12,7336,7915
compact51_marcy__paper_roles,2019-10-07 21:00:00,13.9054582215,113.344048609,0,0,0,12,12,5895,6507
compact51_marcy__paper_roles,2019-10-07 22:00:00,17.3851503335,59.5780616093,0,0,0,12,12,7456,4814
compact51_marcy__paper_roles,2019-10-07 23:00:00,17.0443291026,79.3285276649,0,0,0,12,12,7324,5621
compact51_marcy__paper_roles,2019-10-08 00:00:00,14.7591284097,332.852892388,0,0,0,12,12,6354,8015
compact51_marcy__paper_roles,2019-10-08 01:00:00,11.0521702997,179.9324029,0,0,0,12,12,3753,7347
compact51_marcy__paper_roles,2019-10-08 02:00:00,11.0842906615,169.108401294,0,0,0,12,12,3781,7258
compact51_marcy__paper_roles,2019-10-08 03:00:00,10.8843748981,140.159403794,0,0,0,12,12,3626,6940
compact51_marcy__paper_roles,2019-10-08 04:00:00,11.7724929211,128.980700625,0,0,0,12,12,4329,6795
compact51_marcy__paper_roles,2019-10-08 05:00:00,14.6327250045,83.7425666887,0,0,0,12,12,6296,5777
compact51_marcy__paper_roles,2019-10-08 06:00:00,12.3008958744,470.978035509,0,0,0,12,12,4745,8216
compact51_marcy__paper_roles,2019-10-08 07:00:00,13.2001350436,195.42573765,1,0,0,13,13,5441,7458
compact51_marcy__paper_roles,2019-10-08 08:00:00,11.4223220787,79.6332547795,0,0,0,13,13,4042,5638
compact51_marcy__paper_roles,2019-10-08 09:00:00,9.41476014738,67.8862715881,0,0,0,12,12,2365,5198
compact51_marcy__paper_roles,2019-10-08 10:00:00,10.1465266118,567.889260174,0,0,0,12,12,2977,8311
compact51_marcy__paper_roles,2019-10-08 11:00:00,6.30052725675,139.182046928,0,0,0,12,12,407,6926
compact51_marcy__paper_roles,2019-10-08 12:00:00,6.47751343517,87.8952598732,0,0,0,12,12,473,5893
compact51_marcy__paper_roles,2019-10-08 13:00:00,9.04365402951,635.575452784,0,0,0,12,12,2066,8357
compact51_marcy__paper_roles,2019-10-08 14:00:00,9.89071504652,1166.70094555,0,0,0,12,12,2738,8528
compact51_marcy__paper_roles,2019-10-08 15:00:00,11.1367863444,729.99919975,0,0,0,12,12,3824,8409
compact51_marcy__paper_roles,2019-10-08 16:00:00,9.568474575,287.839887654,0,0,0,12,12,2486,7897
compact51_marcy__paper_roles,2019-10-08 17:00:00,7.72122280076,59.147889736,0,0,0,12,12,1145,4790
compact51_marcy__paper_roles,2019-10-08 18:00:00,7.90522560182,42.6864974636,0,0,0,12,12,1251,3671
compact51_marcy__paper_roles,2019-10-08 19:00:00,10.2673704848,187.604399581,1,0,0,12,12,3103,7402
compact51_marcy__paper_roles,2019-10-08 20:00:00,12.5135572999,117.276039754,1,0,0,12,12,4928,6565
compact51_marcy__paper_roles,2019-10-08 21:00:00,14.4337398173,136.350828748,0,0,0,12,12,6202,6888
compact51_marcy__paper_roles,2019-10-08 22:00:00,15.4570960583,77.221990816,0,0,0,12,12,6705,5545
compact51_marcy__paper_roles,2019-10-08 23:00:00,21.3765296647,48.4148094046,0,0,0,12,12,8261,4126
compact51_marcy__paper_roles,2019-10-09 00:00:00,13.9477180863,39.3989967774,0,0,0,12,12,5922,3405
compact51_marcy__paper_roles,2019-10-09 01:00:00,11.3744663238,36.9855567235,0,0,0,12,12,4000,3158
compact51_marcy__paper_roles,2019-10-09 02:00:00,11.8073894399,51.4025992152,0,0,0,12,12,4353,4340
compact51_marcy__paper_roles,2019-10-09 03:00:00,11.4104508157,42.8740864201,0,0,0,12,12,4032,3688
compact51_marcy__paper_roles,2019-10-09 04:00:00,11.9511842543,35.7431293325,0,0,0,12,12,4470,3026
compact51_marcy__paper_roles,2019-10-09 05:00:00,21.8783571736,37.8612389022,0,0,0,12,12,8313,3250
compact51_marcy__paper_roles,2019-10-09 06:00:00,12.8048256691,34.383234459,0,0,0,13,12,5155,2867
compact51_marcy__paper_roles,2019-10-09 07:00:00,9.47378644386,29.9476389324,0,0,0,12,12,2417,2334
compact51_marcy__paper_roles,2019-10-09 08:00:00,10.6839211119,72.4145376501,0,0,0,12,12,3453,5365
compact51_marcy__paper_roles,2019-10-09 09:00:00,12.1056877079,73.3576548666,0,0,0,12,12,4590,5398
compact51_marcy__paper_roles,2019-10-09 10:00:00,9.1777339692,35.33586521,0,0,0,12,12,2165,2975
compact51_marcy__paper_roles,2019-10-09 11:00:00,8.67106946491,34.448308763,0,0,0,12,12,1788,2877
compact51_marcy__paper_roles,2019-10-09 12:00:00,11.0690644852,203.856870041,1,0,0,12,12,3765,7516
compact51_marcy__paper_roles,2019-10-09 13:00:00,9.58094547931,336.086208316,0,0,0,12,12,2491,8022
compact51_marcy__paper_roles,2019-10-09 14:00:00,10.1726951894,27.0573767958,0,0,0,12,12,3008,1919
compact51_marcy__paper_roles,2019-10-09 15:00:00,12.3899020274,68.1125531019,0,0,0,12,12,4808,5209
compact51_marcy__paper_roles,2019-10-09 16:00:00,10.8688490718,28.473453923,0,0,0,12,12,3620,2118
compact51_marcy__paper_roles,2019-10-09 17:00:00,12.9373170124,108.376523635,1,0,0,12,12,5259,6417
compact51_marcy__paper_roles,2019-10-09 18:00:00,15.2503045992,254.806007811,1,0,0,12,12,6604,7778
compact51_marcy__paper_roles,2019-10-09 19:00:00,12.4616912169,1052.6906474,0,0,0,12,12,4884,8504
compact51_marcy__paper_roles,2019-10-09 20:00:00,12.9028646097,73.0039412135,0,0,0,12,12,5232,5383
compact51_marcy__paper_roles,2019-10-09 21:00:00,17.2265904448,58.8298720468,0,0,0,12,12,7395,4774
compact51_marcy__paper_roles,2019-10-09 22:00:00,19.57769662,49.3515942044,0,0,0,12,12,7981,4209
compact51_marcy__paper_roles,2019-10-09 23:00:00,25.8624841834,65.1128169588,0,0,0,12,12,8603,5085
compact51_marcy__paper_roles,2019-10-10 00:00:00,21.210763916,46.9398401263,0,0,0,12,12,8241,4002
compact51_marcy__paper_roles,2019-10-10 01:00:00,16.8066763511,40.226158248,0,0,0,12,12,7239,3484
compact51_marcy__paper_roles,2019-10-10 02:00:00,17.4512404623,105.16339838,1,0,0,12,12,7479,6365
compact51_marcy__paper_roles,2019-10-10 03:00:00,18.1637432157,88.2837412029,0,0,0,12,12,7665,5909
compact51_marcy__paper_roles,2019-10-10 04:00:00,20.230039361,101.621330386,1,0,0,12,12,8091,6282
compact51_marcy__paper_roles,2019-10-10 05:00:00,34.112626919,68.8200074105,0,0,0,12,12,8738,5233
compact51_marcy__paper_roles,2019-10-10 06:00:00,17.355361027,79.7730794888,0,0,0,12,12,7447,5644
compact51_marcy__paper_roles,2019-10-10 07:00:00,13.7297179377,432.543270896,0,0,0,12,12,5786,8170
compact51_marcy__paper_roles,2019-10-10 08:00:00,9.95624973887,83.553607,0,0,0,12,12,2803,5764
compact51_marcy__paper_roles,2019-10-10 09:00:00,9.34854439306,34.0032717992,0,0,0,12,12,2307,2822
compact51_marcy__paper_roles,2019-10-10 10:00:00,8.79570566481,349.092297822,1,0,0,12,12,1860,8063
compact51_marcy__paper_roles,2019-10-10 11:00:00,8.70437440611,332.565788569,1,0,0,12,12,1813,8013
compact51_marcy__paper_roles,2019-10-10 12:00:00,7.46301383436,1292.79691553,0,0,0,12,12,998,8546
compact51_marcy__paper_roles,2019-10-10 13:00:00,8.17405104684,95.638792508,0,0,0,12,12,1413,6128
compact51_marcy__paper_roles,2019-10-10 14:00:00,7.41965264605,453.598316919,1,0,0,12,12,965,8196
compact51_marcy__paper_roles,2019-10-10 15:00:00,8.43172140388,349.693865593,0,0,0,12,12,1604,8064
compact51_marcy__paper_roles,2019-10-10 16:00:00,6.5681316716,27.1932953818,0,0,0,12,12,512,1937
compact51_marcy__paper_roles,2019-10-10 17:00:00,10.8041206058,130.62927571,0,0,0,12,12,3559,6815
compact51_marcy__paper_roles,2019-10-10 18:00:00,8.6261628727,46.9823928339,0,0,0,12,12,1748,4006
compact51_marcy__paper_roles,2019-10-10 19:00:00,11.6058926211,35.2922091763,0,0,0,12,12,4195,2968
compact51_marcy__paper_roles,2019-10-10 20:00:00,11.6563107245,35.5214429775,0,0,0,12,12,4241,3001
compact51_marcy__paper_roles,2019-10-10 21:00:00,18.2058956511,85.6011075311,0,0,0,12,12,7679,5843
compact51_marcy__paper_roles,2019-10-10 22:00:00,18.8607305866,54.3178950506,0,0,0,12,12,7842,4535
compact51_marcy__paper_roles,2019-10-10 23:00:00,24.9697686888,73.8888165224,0,0,0,12,12,8564,5429
compact51_marcy__paper_roles,2019-10-11 00:00:00,9.82047171822,34.8888804281,0,0,0,12,12,2674,2928
compact51_marcy__paper_roles,2019-10-11 01:00:00,8.44778198914,36.9635430838,0,0,0,12,12,1621,3157
compact51_marcy__paper_roles,2019-10-11 02:00:00,6.25263485429,29.1286463899,0,0,0,12,12,391,2216
compact51_marcy__paper_roles,2019-10-11 03:00:00,8.31007169832,20.4844928453,0,0,0,12,12,1512,933
compact51_marcy__paper_roles,2019-10-11 04:00:00,10.2373040907,20.3163782135,0,0,0,12,12,3075,907
compact51_marcy__paper_roles,2019-10-11 05:00:00,10.7403016872,28.5314984919,0,0,0,12,12,3500,2126
compact51_marcy__paper_roles,2019-10-11 06:00:00,11.7705020755,23.6266742867,0,0,0,12,12,4327,1390
compact51_marcy__paper_roles,2019-10-11 07:00:00,8.92240629704,25.3901443733,0,0,0,12,12,1963,1649
compact51_marcy__paper_roles,2019-10-11 08:00:00,8.30172377286,29.2712098287,0,0,0,12,12,1499,2240
compact51_marcy__paper_roles,2019-10-11 09:00:00,7.05754969617,23.1527475953,0,0,0,12,12,764,1323
compact51_marcy__paper_roles,2019-10-11 10:00:00,6.75919316114,21.9618233775,0,0,0,12,12,602,1147
compact51_marcy__paper_roles,2019-10-11 11:00:00,8.32883125353,24.2737821142,0,0,0,12,12,1525,1497
compact51_marcy__paper_roles,2019-10-11 12:00:00,6.92499831428,20.9788532185,0,0,0,13,12,690,1013
compact51_marcy__paper_roles,2019-10-11 13:00:00,7.26599581504,20.8345747609,0,0,0,12,12,871,987
compact51_marcy__paper_roles,2019-10-11 14:00:00,6.62529111116,19.376756915,0,0,0,12,12,535,780
compact51_marcy__paper_roles,2019-10-11 15:00:00,9.03690771967,25.9894148539,0,0,0,12,12,2057,1743
compact51_marcy__paper_roles,2019-10-11 16:00:00,7.73274215793,24.8581809092,0,0,0,12,12,1149,1568
compact51_marcy__paper_roles,2019-10-11 17:00:00,8.9574410479,29.1400966682,0,0,0,12,12,1995,2221
compact51_marcy__paper_roles,2019-10-11 18:00:00,11.4383738326,33.4338837425,0,0,0,12,12,4060,2747
compact51_marcy__paper_roles,2019-10-11 19:00:00,11.1201658519,35.9347169769,0,0,0,12,12,3810,3048
compact51_marcy__paper_roles,2019-10-11 20:00:00,11.9742890588,35.2116948305,0,0,0,12,12,4489,2961
compact51_marcy__paper_roles,2019-10-11 21:00:00,13.9129764644,46.7925977329,0,0,0,12,12,5901,3991
compact51_marcy__paper_roles,2019-10-11 22:00:00,14.039144297,42.9220765172,0,0,0,12,12,5977,3697
compact51_marcy__paper_roles,2019-10-11 23:00:00,12.7809430436,42.032145387,0,0,0,12,12,5139,3628
compact51_marcy__paper_roles,2019-10-12 00:00:00,7.31647891262,34.7125144172,0,0,0,12,12,886,2909
compact51_marcy__paper_roles,2019-10-12 01:00:00,24.9033597381,162.184369606,0,0,0,12,12,8562,7190
compact51_marcy__paper_roles,2019-10-12 02:00:00,26.3780651368,267.679805266,1,0,0,12,12,8625,7817
compact51_marcy__paper_roles,2019-10-12 03:00:00,28.2063303232,55277.3597893,1,0,0,12,12,8663,8755
compact51_marcy__paper_roles,2019-10-12 04:00:00,26.1473670582,307.019823808,1,0,0,12,12,8615,7948
compact51_marcy__paper_roles,2019-10-12 05:00:00,23.5517853033,158.971443354,1,0,0,12,12,8468,7160
compact51_marcy__paper_roles,2019-10-12 06:00:00,22.4651625913,359.291418243,1,0,0,12,12,8371,8082
compact51_marcy__paper_roles,2019-10-12 07:00:00,19.6433849881,133.491077739,0,0,0,12,12,7996,6855
compact51_marcy__paper_roles,2019-10-12 08:00:00,19.8142087023,121.407672276,0,0,0,12,12,8024,6656
compact51_marcy__paper_roles,2019-10-12 09:00:00,12.9807830032,133.323666199,0,0,0,12,12,5286,6851
compact51_marcy__paper_roles,2019-10-12 10:00:00,15.5082585232,114.423581584,0,0,0,12,12,6730,6527
compact51_marcy__paper_roles,2019-10-12 11:00:00,17.8101062244,110.085938918,0,0,0,12,12,7581,6447
compact51_marcy__paper_roles,2019-10-12 12:00:00,19.6403691852,113.689367896,0,0,0,12,12,7995,6513
compact51_marcy__paper_roles,2019-10-12 13:00:00,15.9928017493,111.501186185,0,0,0,12,12,6936,6472
compact51_marcy__paper_roles,2019-10-12 14:00:00,14.3938208909,120.141534839,0,0,0,12,12,6180,6624
compact51_marcy__paper_roles,2019-10-12 15:00:00,11.7682789818,121.238472184,0,0,0,12,12,4324,6654
compact51_marcy__paper_roles,2019-10-12 16:00:00,12.5270193,145.665968548,0,0,0,12,12,4938,7004
compact51_marcy__paper_roles,2019-10-12 17:00:00,19.4652360607,161.288283337,0,0,0,12,12,7956,7185
compact51_marcy__paper_roles,2019-10-12 18:00:00,24.9187770012,161.01014012,0,0,0,12,12,8563,7181
compact51_marcy__paper_roles,2019-10-12 19:00:00,21.8802195845,148.366221269,0,0,0,12,12,8314,7037
compact51_marcy__paper_roles,2019-10-12 20:00:00,22.1033458507,163.609560082,0,0,0,12,12,8340,7210
compact51_marcy__paper_roles,2019-10-12 21:00:00,23.2116077512,99.0284881824,0,0,0,12,12,8439,6208
compact51_marcy__paper_roles,2019-10-12 22:00:00,20.6391750374,103.4460861,0,0,0,12,12,8163,6325
compact51_marcy__paper_roles,2019-10-12 23:00:00,22.7546126875,97.6621808827,0,0,0,12,12,8403,6182
compact51_marcy__paper_roles,2019-10-13 00:00:00,24.6688715003,91.981887286,0,0,0,13,12,8545,6020
compact51_marcy__paper_roles,2019-10-13 01:00:00,29.9220543469,149.727575827,1,0,0,12,12,8701,7052
compact51_marcy__paper_roles,2019-10-13 02:00:00,25.8284284344,140.102311132,1,0,0,12,12,8601,6938
compact51_marcy__paper_roles,2019-10-13 03:00:00,21.8866529797,109.709176084,0,0,0,12,12,8315,6441
compact51_marcy__paper_roles,2019-10-13 04:00:00,20.6025974234,125.328244651,0,0,0,12,12,8155,6725
compact51_marcy__paper_roles,2019-10-13 05:00:00,22.9995797559,135.490212775,1,0,0,12,12,8424,6879
compact51_marcy__paper_roles,2019-10-13 06:00:00,23.9635999239,115.786260083,0,0,0,12,12,8490,6550
compact51_marcy__paper_roles,2019-10-13 07:00:00,20.4705781931,120.135892645,0,0,0,12,12,8131,6623
compact51_marcy__paper_roles,2019-10-13 08:00:00,15.9353861439,119.516986323,0,0,0,12,12,6913,6610
compact51_marcy__paper_roles,2019-10-13 09:00:00,9.73297542763,104.003146221,0,0,0,12,12,2599,6341
compact51_marcy__paper_roles,2019-10-13 10:00:00,12.4294714894,90.0301315206,0,0,0,12,12,4846,5964
compact51_marcy__paper_roles,2019-10-13 11:00:00,13.3051780627,79.468620142,0,0,0,12,12,5517,5628
compact51_marcy__paper_roles,2019-10-13 12:00:00,9.68999594852,86.0905540167,0,0,0,12,12,2560,5859
compact51_marcy__paper_roles,2019-10-13 13:00:00,9.6706576925,85.3183266998,0,0,0,12,12,2548,5832
compact51_marcy__paper_roles,2019-10-13 14:00:00,10.4301389264,79.0633560975,0,0,0,12,12,3237,5609
compact51_marcy__paper_roles,2019-10-13 15:00:00,10.922708159,79.4880106214,0,0,0,12,12,3661,5630
compact51_marcy__paper_roles,2019-10-13 16:00:00,10.9637629703,60.0354656336,0,0,0,12,12,3694,4837
compact51_marcy__paper_roles,2019-10-13 17:00:00,12.3138577366,63.6940030891,0,0,0,12,12,4755,5012
compact51_marcy__paper_roles,2019-10-13 18:00:00,14.932132385,71.519342555,0,0,0,12,12,6448,5337
compact51_marcy__paper_roles,2019-10-13 19:00:00,19.9401997781,111.611948251,0,0,0,12,12,8041,6478
compact51_marcy__paper_roles,2019-10-13 20:00:00,17.2300055181,122.152863109,0,0,0,12,12,7398,6669
compact51_marcy__paper_roles,2019-10-13 21:00:00,19.0872633966,131.183338915,0,0,0,12,12,7884,6823
compact51_marcy__paper_roles,2019-10-13 22:00:00,23.5174463133,161.201290423,0,0,0,12,12,8464,7183
compact51_marcy__paper_roles,2019-10-13 23:00:00,27.3972559079,125.894732796,0,0,0,12,12,8651,6737
compact51_marcy__paper_roles,2019-10-14 00:00:00,12.1027800944,49.3062589999,0,0,0,12,12,4586,4206
compact51_marcy__paper_roles,2019-10-14 01:00:00,10.8819674657,50.2336990632,0,0,0,12,12,3624,4261
compact51_marcy__paper_roles,2019-10-14 02:00:00,15.5419674957,76.7582395894,0,0,0,12,12,6745,5532
compact51_marcy__paper_roles,2019-10-14 03:00:00,24.074177234,97.3848380298,0,0,0,12,12,8501,6176
compact51_marcy__paper_roles,2019-10-14 04:00:00,33.5798533058,146.234835012,1,0,0,12,12,8736,7014
compact51_marcy__paper_roles,2019-10-14 05:00:00,20.7566360923,113.218650079,0,0,0,12,12,8176,6506
compact51_marcy__paper_roles,2019-10-14 06:00:00,13.7653391031,114.526115453,1,0,0,12,12,5807,6531
compact51_marcy__paper_roles,2019-10-14 07:00:00,12.1545134364,32.8956471888,0,0,0,12,12,4634,2690
compact51_marcy__paper_roles,2019-10-14 08:00:00,9.64171473405,47.4025936986,0,0,0,12,12,2529,4041
compact51_marcy__paper_roles,2019-10-14 09:00:00,10.2356520219,56.4155347661,0,0,0,12,12,3073,4656
compact51_marcy__paper_roles,2019-10-14 10:00:00,11.1807693536,66.7635821441,0,0,0,12,12,3858,5149
compact51_marcy__paper_roles,2019-10-14 11:00:00,12.4909278169,54.420394912,0,0,0,12,12,4905,4542
compact51_marcy__paper_roles,2019-10-14 12:00:00,9.07471104373,50.2543309604,0,0,0,12,12,2091,4262
compact51_marcy__paper_roles,2019-10-14 13:00:00,9.83533615287,49.1066653918,0,0,0,12,12,2686,4189
compact51_marcy__paper_roles,2019-10-14 14:00:00,12.5056559598,59.9290210917,0,0,0,12,12,4921,4834
compact51_marcy__paper_roles,2019-10-14 15:00:00,14.9859375169,65.7665596347,0,0,0,13,13,6478,5110
compact51_marcy__paper_roles,2019-10-14 16:00:00,16.6301659678,70.9178308162,0,0,0,12,11,7190,5314
compact51_marcy__paper_roles,2019-10-14 17:00:00,15.879982293,71.8409947388,0,0,0,12,12,6886,5346
compact51_marcy__paper_roles,2019-10-14 18:00:00,12.7163203639,46.8649261886,0,0,0,12,12,5086,3994
compact51_marcy__paper_roles,2019-10-14 19:00:00,22.7130709477,66.9302879276,0,0,0,12,12,8398,5156
compact51_marcy__paper_roles,2019-10-14 20:00:00,22.0036466132,80.731602462,0,0,0,12,12,8324,5674
compact51_marcy__paper_roles,2019-10-14 21:00:00,20.5055923774,91.5062186751,0,0,0,12,12,8140,6001
compact51_marcy__paper_roles,2019-10-14 22:00:00,19.2924484776,59.7446863853,0,0,0,12,12,7918,4822
compact51_marcy__paper_roles,2019-10-14 23:00:00,19.0561286773,51.5776105718,0,0,0,12,12,7878,4353
compact51_marcy__paper_roles,2019-10-15 00:00:00,16.3090626516,48.3584939107,0,0,0,12,12,7062,4121
compact51_marcy__paper_roles,2019-10-15 01:00:00,15.321861634,62.5947355387,0,0,0,12,12,6643,4958
compact51_marcy__paper_roles,2019-10-15 02:00:00,17.5815013036,83.1756692305,0,0,0,12,12,7510,5749
compact51_marcy__paper_roles,2019-10-15 03:00:00,22.4727778076,113.668751084,1,0,0,12,12,8373,6512
compact51_marcy__paper_roles,2019-10-15 04:00:00,29.2781859281,94.1699945235,0,0,0,12,12,8685,6086
compact51_marcy__paper_roles,2019-10-15 05:00:00,32.4818953684,82.4159694529,0,0,0,12,12,8728,5723
compact51_marcy__paper_roles,2019-10-15 06:00:00,20.9905531996,70.3788506784,0,0,0,12,12,8208,5288
compact51_marcy__paper_roles,2019-10-15 07:00:00,24.1213040441,175.865477013,1,0,0,12,12,8505,7318
compact51_marcy__paper_roles,2019-10-15 08:00:00,28.939046575,300.574265882,1,0,0,12,12,8680,7925
compact51_marcy__paper_roles,2019-10-15 09:00:00,16.734440897,242.926624001,1,0,0,12,12,7221,7726
compact51_marcy__paper_roles,2019-10-15 10:00:00,14.2678514914,357.591047334,1,0,0,13,12,6109,8078
compact51_marcy__paper_roles,2019-10-15 11:00:00,17.066929742,687.455545977,1,0,0,12,12,7332,8393
compact51_marcy__paper_roles,2019-10-15 12:00:00,21.2666916294,938.875057046,2,0,0,12,12,8246,8479
compact51_marcy__paper_roles,2019-10-15 13:00:00,22.3235197267,675.705336453,2,0,0,12,12,8358,8384
compact51_marcy__paper_roles,2019-10-15 14:00:00,22.0476230354,488.712555297,2,0,0,12,12,8330,8237
compact51_marcy__paper_roles,2019-10-15 15:00:00,16.4774452434,127.14556333,1,0,0,12,12,7133,6767
compact51_marcy__paper_roles,2019-10-15 16:00:00,18.0797907624,139.438373946,1,0,0,12,12,7648,6930
compact51_marcy__paper_roles,2019-10-15 17:00:00,20.5363243491,138.408941771,1,0,0,12,12,8145,6915
compact51_marcy__paper_roles,2019-10-15 18:00:00,21.0197910654,118.969815557,1,0,0,12,12,8214,6599
compact51_marcy__paper_roles,2019-10-15 19:00:00,23.7644903869,118.837649984,1,0,0,12,12,8479,6598
compact51_marcy__paper_roles,2019-10-15 20:00:00,26.9569132444,110.402155155,1,0,0,12,12,8641,6453
compact51_marcy__paper_roles,2019-10-15 21:00:00,26.3598702966,110.342768798,1,0,0,12,12,8624,6452
compact51_marcy__paper_roles,2019-10-15 22:00:00,23.3769632937,113.115474691,0,0,0,13,13,8452,6503
compact51_marcy__paper_roles,2019-10-15 23:00:00,28.4632198828,125.915945836,0,0,0,12,12,8671,6739
compact51_marcy__paper_roles,2019-10-16 00:00:00,27.7223105501,220.766327302,0,0,0,13,13,8656,7611
compact51_marcy__paper_roles,2019-10-16 01:00:00,34.8474898936,247.161287786,1,0,0,12,12,8741,7749
compact51_marcy__paper_roles,2019-10-16 02:00:00,33.101144341,279.619356228,1,0,0,12,12,8734,7856
compact51_marcy__paper_roles,2019-10-16 03:00:00,35.7127191819,287.439678635,2,0,0,12,12,8744,7895
compact51_marcy__paper_roles,2019-10-16 04:00:00,43.3440919825,296.421063483,2,0,0,12,12,8760,7918
compact51_marcy__paper_roles,2019-10-16 05:00:00,43.2807337121,304.33698049,1,0,0,12,12,8759,7936
compact51_marcy__paper_roles,2019-10-16 06:00:00,32.1443800989,134.929871627,1,0,0,12,12,8725,6874
compact51_marcy__paper_roles,2019-10-16 07:00:00,25.0092280912,102.313082006,1,0,0,12,12,8567,6302
compact51_marcy__paper_roles,2019-10-16 08:00:00,20.2490897189,108.932690919,1,0,0,12,12,8098,6426
compact51_marcy__paper_roles,2019-10-16 09:00:00,17.2166919912,110.514032434,1,0,0,12,12,7388,6454
compact51_marcy__paper_roles,2019-10-16 10:00:00,17.6876437321,99.1385000841,0,0,0,12,12,7538,6214
compact51_marcy__paper_roles,2019-10-16 11:00:00,19.6198197836,118.641458131,1,0,0,12,12,7988,6595
compact51_marcy__paper_roles,2019-10-16 12:00:00,20.3223275209,116.57705467,1,0,0,12,12,8107,6557
compact51_marcy__paper_roles,2019-10-16 13:00:00,21.1167549785,121.7567136,1,0,0,12,12,8228,6662
compact51_marcy__paper_roles,2019-10-16 14:00:00,20.2032026546,99.0724088506,0,0,0,12,12,8088,6210
compact51_marcy__paper_roles,2019-10-16 15:00:00,20.1532094853,91.5574791397,0,0,0,12,12,8080,6002
compact51_marcy__paper_roles,2019-10-16 16:00:00,22.7155518667,101.873582484,1,0,0,12,12,8399,6290
compact51_marcy__paper_roles,2019-10-16 17:00:00,20.8785441802,75.1409053018,0,0,0,12,12,8189,5475
compact51_marcy__paper_roles,2019-10-16 18:00:00,21.4340910317,91.0815359242,0,0,0,12,12,8272,5986
compact51_marcy__paper_roles,2019-10-16 19:00:00,16.767024083,94.7644662832,0,0,0,12,12,7228,6107
compact51_marcy__paper_roles,2019-10-16 20:00:00,20.9994289569,78.3973864267,0,0,0,12,12,8211,5589
compact51_marcy__paper_roles,2019-10-16 21:00:00,19.0528901129,72.0974358276,0,0,0,12,12,7877,5355
compact51_marcy__paper_roles,2019-10-16 22:00:00,18.9788498057,66.4297704714,0,0,0,12,12,7859,5137
compact51_marcy__paper_roles,2019-10-16 23:00:00,35.5822814595,86.564156707,0,0,0,12,12,8743,5870
compact51_marcy__paper_roles,2019-10-17 00:00:00,28.4843081105,181.122292818,0,0,0,12,12,8672,7359
compact51_marcy__paper_roles,2019-10-17 01:00:00,23.2975413843,166.799944759,0,0,0,12,12,8445,7239
compact51_marcy__paper_roles,2019-10-17 02:00:00,20.7589399601,159.472002819,0,0,0,12,12,8177,7167
compact51_marcy__paper_roles,2019-10-17 03:00:00,22.1172484455,172.035458494,0,0,0,12,12,8342,7290
compact51_marcy__paper_roles,2019-10-17 04:00:00,29.4537924735,159.119933369,0,0,0,12,12,8687,7164
compact51_marcy__paper_roles,2019-10-17 05:00:00,36.526728591,157.791972477,0,0,0,12,12,8748,7147
compact51_marcy__paper_roles,2019-10-17 06:00:00,21.5157700616,123.271413491,1,0,0,12,12,8280,6696
compact51_marcy__paper_roles,2019-10-17 07:00:00,20.1492915977,100.537432007,0,0,0,12,12,8079,6253
compact51_marcy__paper_roles,2019-10-17 08:00:00,20.7707855906,99.0959044166,0,0,0,12,12,8179,6211
compact51_marcy__paper_roles,2019-10-17 09:00:00,17.5352119273,98.5371997684,0,0,0,12,12,7499,6197
compact51_marcy__paper_roles,2019-10-17 10:00:00,14.402957026,79.8668127595,0,0,0,14,14,6185,5646
compact51_marcy__paper_roles,2019-10-17 11:00:00,15.6956570442,82.4684600185,0,0,0,13,13,6806,5726
compact51_marcy__paper_roles,2019-10-17 12:00:00,13.1219907739,93.2918633966,0,0,0,12,11,5377,6063
compact51_marcy__paper_roles,2019-10-17 13:00:00,13.8115658143,78.6871611059,0,0,0,12,12,5840,5597
compact51_marcy__paper_roles,2019-10-17 14:00:00,13.5460949619,91.1641372516,0,0,0,12,12,5672,5988
compact51_marcy__paper_roles,2019-10-17 15:00:00,13.7627289762,91.3877629752,0,0,0,12,12,5803,5997
compact51_marcy__paper_roles,2019-10-17 16:00:00,15.5890211219,82.1499723368,0,0,0,13,13,6764,5719
compact51_marcy__paper_roles,2019-10-17 17:00:00,14.1623801059,68.3589743426,0,0,0,12,12,6045,5216
compact51_marcy__paper_roles,2019-10-17 18:00:00,13.6521688974,102.922004488,0,0,0,12,12,5734,6311
compact51_marcy__paper_roles,2019-10-17 19:00:00,19.6996920741,79.4067023073,0,0,0,12,12,8003,5624
compact51_marcy__paper_roles,2019-10-17 20:00:00,14.7829546661,75.5518475315,0,0,0,12,12,6370,5493
compact51_marcy__paper_roles,2019-10-17 21:00:00,19.5105938767,66.5580128844,0,0,0,12,12,7965,5141
compact51_marcy__paper_roles,2019-10-17 22:00:00,22.8882042202,66.5921431188,0,0,0,13,12,8415,5142
compact51_marcy__paper_roles,2019-10-17 23:00:00,24.3275614758,57.2090693906,0,0,0,12,12,8522,4702
compact51_marcy__paper_roles,2019-10-18 00:00:00,20.511218595,59.6692309962,0,0,0,12,12,8141,4817
compact51_marcy__paper_roles,2019-10-18 01:00:00,21.4375861495,77.2858874752,0,0,0,12,12,8274,5551
compact51_marcy__paper_roles,2019-10-18 02:00:00,11.1801825485,56.302015123,0,0,0,12,12,3857,4652
compact51_marcy__paper_roles,2019-10-18 03:00:00,15.5181702557,58.6027101415,0,0,0,12,12,6736,4766
compact51_marcy__paper_roles,2019-10-18 04:00:00,26.1866357688,92.1927019623,0,0,0,12,12,8617,6029
compact51_marcy__paper_roles,2019-10-18 05:00:00,26.6542309587,195.051881036,1,0,0,12,12,8634,7453
compact51_marcy__paper_roles,2019-10-18 06:00:00,16.0976732218,100.401169635,1,0,0,12,12,6973,6250
compact51_marcy__paper_roles,2019-10-18 07:00:00,17.3907108763,99.1826102741,0,0,0,12,12,7459,6216
compact51_marcy__paper_roles,2019-10-18 08:00:00,26.1566644066,146.866438945,1,0,0,12,12,8616,7022
compact51_marcy__paper_roles,2019-10-18 09:00:00,20.4764795452,149.331696666,1,0,0,12,12,8133,7047
compact51_marcy__paper_roles,2019-10-18 10:00:00,21.784839665,514.621609052,1,0,0,12,12,8305,8268
compact51_marcy__paper_roles,2019-10-18 11:00:00,18.6177816614,723.214993943,0,0,0,12,12,7785,8407
compact51_marcy__paper_roles,2019-10-18 12:00:00,12.7211039321,675.163517129,0,0,0,12,12,5091,8383
compact51_marcy__paper_roles,2019-10-18 13:00:00,12.348166838,512.874145792,1,0,0,12,12,4786,8265
compact51_marcy__paper_roles,2019-10-18 14:00:00,12.7442798879,117.362234011,1,0,0,12,12,5107,6566
compact51_marcy__paper_roles,2019-10-18 15:00:00,11.8771443322,99.1349648599,0,0,0,12,12,4412,6213
compact51_marcy__paper_roles,2019-10-18 16:00:00,14.4895114172,110.695716787,1,0,0,13,13,6229,6458
compact51_marcy__paper_roles,2019-10-18 17:00:00,15.5934232725,47.3374216324,0,0,0,12,12,6765,4034
compact51_marcy__paper_roles,2019-10-18 18:00:00,14.8758861734,23.5324969987,0,0,0,12,12,6416,1375
compact51_marcy__paper_roles,2019-10-18 19:00:00,26.5599724016,48.6479059342,0,0,0,12,12,8631,4149
compact51_marcy__paper_roles,2019-10-18 20:00:00,17.2561328442,37.6434794228,0,0,0,12,12,7410,3222
compact51_marcy__paper_roles,2019-10-18 21:00:00,16.5160828327,29.5874753595,0,0,0,12,12,7147,2287
compact51_marcy__paper_roles,2019-10-18 22:00:00,16.2329956317,35.3820303241,0,0,0,12,12,7028,2985
compact51_marcy__paper_roles,2019-10-18 23:00:00,20.9467549476,42.5470631487,0,0,0,12,12,8199,3665
compact51_marcy__paper_roles,2019-10-19 00:00:00,15.2164385435,33.6192759142,0,0,0,12,12,6591,2771
compact51_marcy__paper_roles,2019-10-19 01:00:00,15.6204413612,56.7318031276,0,0,0,12,12,6778,4678
compact51_marcy__paper_roles,2019-10-19 02:00:00,16.6360480887,89.4460520292,0,0,0,12,12,7193,5946
compact51_marcy__paper_roles,2019-10-19 03:00:00,19.3930679782,109.213961979,1,0,0,12,12,7939,6431
compact51_marcy__paper_roles,2019-10-19 04:00:00,21.0962543248,83.0388555863,0,0,0,12,12,8224,5745
compact51_marcy__paper_roles,2019-10-19 05:00:00,18.7889573664,156.987190291,1,0,0,12,12,7820,7137
compact51_marcy__paper_roles,2019-10-19 06:00:00,14.102131233,157.85634816,1,0,0,12,12,6012,7149
compact51_marcy__paper_roles,2019-10-19 07:00:00,17.5953785627,79.1583304754,0,0,0,12,12,7511,5613
compact51_marcy__paper_roles,2019-10-19 08:00:00,17.698270666,66.4723343004,0,0,0,13,12,7541,5138
compact51_marcy__paper_roles,2019-10-19 09:00:00,24.2528874956,113.667285331,0,0,0,12,12,8514,6511
compact51_marcy__paper_roles,2019-10-19 10:00:00,17.1777432874,122.722419115,0,0,0,12,12,7375,6683
compact51_marcy__paper_roles,2019-10-19 11:00:00,16.188681002,147.301271762,0,0,0,12,12,7015,7026
compact51_marcy__paper_roles,2019-10-19 12:00:00,14.1104289406,129.931785828,0,0,0,12,12,6018,6807
compact51_marcy__paper_roles,2019-10-19 13:00:00,12.2129269435,128.350615331,0,0,0,12,12,4676,6783
compact51_marcy__paper_roles,2019-10-19 14:00:00,12.8366123905,142.046741284,0,0,0,12,12,5187,6961
compact51_marcy__paper_roles,2019-10-19 15:00:00,13.9453413381,132.340512178,0,0,0,12,12,5921,6838
compact51_marcy__paper_roles,2019-10-19 16:00:00,13.9649900582,121.296365489,0,0,0,13,13,5934,6655
compact51_marcy__paper_roles,2019-10-19 17:00:00,17.5112782871,140.99928782,0,0,0,12,12,7493,6951
compact51_marcy__paper_roles,2019-10-19 18:00:00,17.9357505128,142.3642216,0,0,0,12,12,7612,6965
compact51_marcy__paper_roles,2019-10-19 19:00:00,22.1469755299,152.808790952,0,0,0,12,12,8346,7089
compact51_marcy__paper_roles,2019-10-19 20:00:00,18.6693060346,166.684971256,0,0,0,12,12,7800,7238
compact51_marcy__paper_roles,2019-10-19 21:00:00,17.4465320113,164.437739504,0,0,0,12,12,7478,7220
compact51_marcy__paper_roles,2019-10-19 22:00:00,16.4359712474,158.735655667,0,0,0,12,12,7118,7155
compact51_marcy__paper_roles,2019-10-19 23:00:00,17.6515945944,165.348690338,0,0,0,12,12,7528,7223
compact51_marcy__paper_roles,2019-10-20 00:00:00,19.3243408877,187.539855124,1,0,0,12,12,7924,7401
compact51_marcy__paper_roles,2019-10-20 01:00:00,18.7364075919,248.159144603,1,0,0,12,12,7812,7755
compact51_marcy__paper_roles,2019-10-20 02:00:00,17.9827690718,296.112873349,0,0,0,12,12,7625,7914
compact51_marcy__paper_roles,2019-10-20 03:00:00,19.5923624234,278.962361312,0,0,0,12,12,7983,7853
compact51_marcy__paper_roles,2019-10-20 04:00:00,16.8126428463,317.533542893,1,0,0,12,12,7241,7974
compact51_marcy__paper_roles,2019-10-20 05:00:00,25.9117464737,342.463449918,1,0,0,12,12,8605,8040
compact51_marcy__paper_roles,2019-10-20 06:00:00,30.3442546625,289.399576885,1,0,0,12,12,8707,7902
compact51_marcy__paper_roles,2019-10-20 07:00:00,24.7659825254,283.959236254,1,0,0,12,12,8553,7877
compact51_marcy__paper_roles,2019-10-20 08:00:00,20.7153187816,230.383501736,1,0,0,12,12,8169,7664
compact51_marcy__paper_roles,2019-10-20 09:00:00,20.213843227,203.836375682,1,0,0,12,12,8090,7515
compact51_marcy__paper_roles,2019-10-20 10:00:00,22.4159400195,168.96923442,1,0,0,12,12,8365,7255
compact51_marcy__paper_roles,2019-10-20 11:00:00,21.8176388069,169.075606934,1,0,0,12,12,8308,7257
compact51_marcy__paper_roles,2019-10-20 12:00:00,19.9715455696,146.996229269,1,0,0,12,12,8051,7024
compact51_marcy__paper_roles,2019-10-20 13:00:00,20.1651203254,128.323369585,1,0,0,12,12,8082,6782
compact51_marcy__paper_roles,2019-10-20 14:00:00,18.9142617258,134.781163338,1,0,0,12,12,7847,6869
compact51_marcy__paper_roles,2019-10-20 15:00:00,16.4990635659,136.291863344,1,0,0,12,12,7143,6887
compact51_marcy__paper_roles,2019-10-20 16:00:00,17.7043763037,139.408367893,1,0,0,12,12,7544,6929
compact51_marcy__paper_roles,2019-10-20 17:00:00,24.3909699058,155.667005688,1,0,0,12,12,8525,7125
compact51_marcy__paper_roles,2019-10-20 18:00:00,26.5501229828,206.667402127,0,0,0,12,12,8629,7533
compact51_marcy__paper_roles,2019-10-20 19:00:00,26.0391486022,177.455915258,0,0,0,12,12,8608,7333
compact51_marcy__paper_roles,2019-10-20 20:00:00,29.7007650647,173.131649913,0,0,0,12,12,8697,7298
compact51_marcy__paper_roles,2019-10-20 21:00:00,24.8243599215,126.138350275,0,0,0,12,12,8559,6744
compact51_marcy__paper_roles,2019-10-20 22:00:00,16.1282291492,72.1648465937,0,0,0,12,12,6989,5358
compact51_marcy__paper_roles,2019-10-20 23:00:00,14.8708127099,59.0053785973,0,0,0,12,12,6412,4781
compact51_marcy__paper_roles,2019-10-21 00:00:00,15.4363954819,60.6021091952,0,0,0,12,12,6695,4857
compact51_marcy__paper_roles,2019-10-21 01:00:00,12.8528360129,79.2135840823,0,0,0,12,12,5198,5616
compact51_marcy__paper_roles,2019-10-21 02:00:00,8.63102423908,76.0031749111,0,0,0,12,12,1753,5515
compact51_marcy__paper_roles,2019-10-21 03:00:00,15.5212582998,76.188640504,0,0,0,12,12,6737,5520
compact51_marcy__paper_roles,2019-10-21 04:00:00,33.8699670167,72.8525745124,0,0,0,12,12,8737,5378
compact51_marcy__paper_roles,2019-10-21 05:00:00,24.3155824264,658.334469343,1,0,0,12,12,8519,8371
compact51_marcy__paper_roles,2019-10-21 06:00:00,16.2589553146,109.885256541,0,0,0,12,12,7046,6445
compact51_marcy__paper_roles,2019-10-21 07:00:00,16.3193369242,40.9666775846,0,0,0,12,12,7070,3551
compact51_marcy__paper_roles,2019-10-21 08:00:00,24.5436280135,90.2869583659,0,0,0,13,13,8535,5973
compact51_marcy__paper_roles,2019-10-21 09:00:00,11.7360567552,37.7541282399,0,0,0,13,12,4300,3237
compact51_marcy__paper_roles,2019-10-21 10:00:00,16.2785712946,34.3644514983,0,0,0,12,12,7052,2864
compact51_marcy__paper_roles,2019-10-21 11:00:00,21.4284204563,80.7526662444,0,0,0,13,12,8271,5676
compact51_marcy__paper_roles,2019-10-21 12:00:00,11.5052601703,29.8492597585,0,0,0,12,12,4122,2319
compact51_marcy__paper_roles,2019-10-21 13:00:00,9.68546997094,53.1247808958,0,0,0,12,12,2557,4454
compact51_marcy__paper_roles,2019-10-21 14:00:00,13.3651624521,185.600491138,1,0,0,12,12,5550,7387
compact51_marcy__paper_roles,2019-10-21 15:00:00,13.3123854328,84.3620469731,0,0,0,12,12,5521,5794
compact51_marcy__paper_roles,2019-10-21 16:00:00,13.1447963246,54.9426365793,0,0,0,12,12,5400,4572
compact51_marcy__paper_roles,2019-10-21 17:00:00,16.5116210577,40.723961039,0,0,0,12,12,7146,3530
compact51_marcy__paper_roles,2019-10-21 18:00:00,14.0331066106,49.6126521178,0,0,0,12,12,5973,4228
compact51_marcy__paper_roles,2019-10-21 19:00:00,16.254117551,44.5181032339,0,0,0,12,12,7040,3823
compact51_marcy__paper_roles,2019-10-21 20:00:00,18.9633680702,64.2108501897,0,0,0,12,12,7854,5032
compact51_marcy__paper_roles,2019-10-21 21:00:00,17.830095277,68.8110609144,0,0,0,12,12,7586,5232
compact51_marcy__paper_roles,2019-10-21 22:00:00,22.1687074003,54.6187886729,0,0,0,12,12,8347,4555
compact51_marcy__paper_roles,2019-10-21 23:00:00,14.5254246161,47.3688933448,0,0,0,13,12,6250,4038
compact51_marcy__paper_roles,2019-10-22 00:00:00,18.3571176196,86.3506608088,0,0,0,13,12,7723,5866
compact51_marcy__paper_roles,2019-10-22 01:00:00,15.9194389991,1155.95077978,1,0,0,12,12,6904,8527
compact51_marcy__paper_roles,2019-10-22 02:00:00,13.6718587275,115.143099076,0,0,0,13,12,5747,6538
compact51_marcy__paper_roles,2019-10-22 03:00:00,11.9946355281,84.8474459032,0,0,0,12,12,4511,5813
compact51_marcy__paper_roles,2019-10-22 04:00:00,24.0545099197,148.935931477,0,0,0,12,12,8497,7042
compact51_marcy__paper_roles,2019-10-22 05:00:00,16.8395356131,119.244663755,1,0,0,12,12,7247,6605
compact51_marcy__paper_roles,2019-10-22 06:00:00,17.8042316807,176.810586303,0,0,0,12,12,7576,7330
compact51_marcy__paper_roles,2019-10-22 07:00:00,11.0320787347,201.322745385,0,0,0,12,12,3735,7501
compact51_marcy__paper_roles,2019-10-22 08:00:00,11.3970576569,212.637927175,0,0,0,12,12,4017,7566
compact51_marcy__paper_roles,2019-10-22 09:00:00,13.2885024493,131.807029045,0,0,0,12,12,5506,6831
compact51_marcy__paper_roles,2019-10-22 10:00:00,18.8526810327,175.992674044,0,0,0,14,13,7840,7321
compact51_marcy__paper_roles,2019-10-22 11:00:00,21.3300735989,171.310179076,0,0,0,11,11,8256,7281
compact51_marcy__paper_roles,2019-10-22 12:00:00,18.8296184961,146.381678579,1,0,0,12,12,7831,7019
compact51_marcy__paper_roles,2019-10-22 13:00:00,20.3793558734,156.579393562,0,0,0,12,12,8114,7132
compact51_marcy__paper_roles,2019-10-22 14:00:00,19.2962780584,158.727484725,0,0,0,13,12,7920,7154
compact51_marcy__paper_roles,2019-10-22 15:00:00,20.1434586472,143.110603643,0,0,0,12,12,8077,6980
compact51_marcy__paper_roles,2019-10-22 16:00:00,15.4333037786,94.9885034175,0,0,0,13,12,6693,6113
compact51_marcy__paper_roles,2019-10-22 17:00:00,19.2070491924,91.5583265301,0,0,0,12,12,7903,6003
compact51_marcy__paper_roles,2019-10-22 18:00:00,18.636730203,72.1825013446,0,0,0,12,12,7793,5360
compact51_marcy__paper_roles,2019-10-22 19:00:00,14.8654105011,83.6086952136,0,0,0,12,12,6408,5769
compact51_marcy__paper_roles,2019-10-22 20:00:00,19.9436770058,532.94118184,1,0,0,13,13,8043,8287
compact51_marcy__paper_roles,2019-10-22 21:00:00,20.5503535235,61.8580364305,0,0,0,12,12,8146,4923
compact51_marcy__paper_roles,2019-10-22 22:00:00,24.6902527043,82.1849132732,0,0,0,12,12,8546,5720
compact51_marcy__paper_roles,2019-10-22 23:00:00,24.4244232722,120.671918945,0,0,0,12,12,8529,6640
compact51_marcy__paper_roles,2019-10-23 00:00:00,11.8811714303,37.7785574404,0,0,0,12,12,4419,3245
compact51_marcy__paper_roles,2019-10-23 01:00:00,9.18102821867,32.8193100373,0,0,0,12,12,2168,2683
compact51_marcy__paper_roles,2019-10-23 02:00:00,7.98103693241,27.6006385577,0,0,0,12,12,1294,1989
compact51_marcy__paper_roles,2019-10-23 03:00:00,7.08447661754,22.4975960094,0,0,0,12,12,777,1225
compact51_marcy__paper_roles,2019-10-23 04:00:00,8.23983898776,20.9388875324,0,0,0,12,12,1462,1004
compact51_marcy__paper_roles,2019-10-23 05:00:00,12.911342831,29.9983434575,0,0,0,12,12,5239,2346
compact51_marcy__paper_roles,2019-10-23 06:00:00,12.0374873091,101.890513647,0,0,0,12,12,4537,6291
compact51_marcy__paper_roles,2019-10-23 07:00:00,15.8319894403,1186.89659907,0,0,0,12,12,6869,8534
compact51_marcy__paper_roles,2019-10-23 08:00:00,16.6314068859,302.701205107,0,0,0,12,12,7191,7933
compact51_marcy__paper_roles,2019-10-23 09:00:00,18.2790238863,1034.46074632,0,0,0,12,12,7706,8502
compact51_marcy__paper_roles,2019-10-23 10:00:00,20.4291208941,3764.97861115,0,0,0,13,12,8126,8686
compact51_marcy__paper_roles,2019-10-23 11:00:00,12.4444954359,4753.22671638,0,0,0,16,15,4860,8707
compact51_marcy__paper_roles,2019-10-23 12:00:00,16.5462435714,317.638118839,1,0,0,11,11,7158,7977
compact51_marcy__paper_roles,2019-10-23 13:00:00,10.5484798972,995.74910375,1,0,0,12,12,3346,8494
compact51_marcy__paper_roles,2019-10-23 14:00:00,15.611544482,1236.34216402,0,0,0,12,12,6774,8538
compact51_marcy__paper_roles,2019-10-23 15:00:00,10.9474000495,1139.24728674,0,0,0,12,12,3675,8525
compact51_marcy__paper_roles,2019-10-23 16:00:00,12.4993534176,398.542692503,0,0,0,12,12,4914,8137
compact51_marcy__paper_roles,2019-10-23 17:00:00,15.5273103017,515.725627068,0,0,0,12,12,6741,8270
compact51_marcy__paper_roles,2019-10-23 18:00:00,15.8218793063,1425.87705232,0,0,0,11,11,6858,8568
compact51_marcy__paper_roles,2019-10-23 19:00:00,23.5006334164,236.023436968,1,0,0,11,11,8461,7697
compact51_marcy__paper_roles,2019-10-23 20:00:00,24.4064843906,224.329009177,1,0,0,13,13,8526,7631
compact51_marcy__paper_roles,2019-10-23 21:00:00,25.0800139743,535.901735789,1,0,0,11,11,8570,8289
compact51_marcy__paper_roles,2019-10-23 22:00:00,25.2161417775,2986.20411655,1,0,0,12,12,8577,8668
compact51_marcy__paper_roles,2019-10-23 23:00:00,20.4829797162,2967.56769315,0,0,0,12,12,8135,8667
compact51_marcy__paper_roles,2019-10-24 00:00:00,20.6887137711,317.118167515,0,0,0,12,12,8167,7970
compact51_marcy__paper_roles,2019-10-24 01:00:00,11.9306225352,123.364041641,0,0,0,12,12,4452,6698
compact51_marcy__paper_roles,2019-10-24 02:00:00,12.9342348573,157.366587154,0,0,0,12,12,5254,7141
compact51_marcy__paper_roles,2019-10-24 03:00:00,9.60461144854,98.6635288525,0,0,0,12,12,2507,6199
compact51_marcy__paper_roles,2019-10-24 04:00:00,8.6877477918,76.3634001403,0,0,0,12,12,1798,5524
compact51_marcy__paper_roles,2019-10-24 05:00:00,12.5671511408,53.9934110375,0,0,0,12,12,4961,4512
compact51_marcy__paper_roles,2019-10-24 06:00:00,10.2711295169,45.2377021155,0,0,0,12,12,3104,3878
compact51_marcy__paper_roles,2019-10-24 07:00:00,21.1395212581,139.676245652,0,0,0,12,12,8232,6934
compact51_marcy__paper_roles,2019-10-24 08:00:00,22.1441174846,165.98157566,0,0,0,12,12,8345,7228
compact51_marcy__paper_roles,2019-10-24 09:00:00,24.757717954,252.391299576,0,0,0,12,12,8552,7769
compact51_marcy__paper_roles,2019-10-24 10:00:00,25.8229768149,2278.95717586,0,0,0,14,13,8600,8638
compact51_marcy__paper_roles,2019-10-24 11:00:00,20.8353987756,863.284130569,1,0,0,12,12,8187,8457
compact51_marcy__paper_roles,2019-10-24 12:00:00,23.9321650485,665.748813482,1,0,0,12,12,8487,8377
compact51_marcy__paper_roles,2019-10-24 13:00:00,27.2996616511,581.68160735,1,0,0,12,12,8649,8324
compact51_marcy__paper_roles,2019-10-24 14:00:00,22.8004636494,1854.16617349,1,0,0,12,12,8407,8606
compact51_marcy__paper_roles,2019-10-24 15:00:00,21.7684870458,1408.82621219,1,0,0,12,12,8303,8562
compact51_marcy__paper_roles,2019-10-24 16:00:00,23.9511890947,4052.85344592,0,0,0,12,12,8489,8694
compact51_marcy__paper_roles,2019-10-24 17:00:00,19.541985584,901.285300986,0,0,0,12,12,7972,8468
compact51_marcy__paper_roles,2019-10-24 18:00:00,24.3647200359,425.425514813,0,0,0,14,14,8524,8162
compact51_marcy__paper_roles,2019-10-24 19:00:00,25.2327781092,305.689060283,1,0,0,11,11,8578,7942
compact51_marcy__paper_roles,2019-10-24 20:00:00,36.0559931259,275.842284039,1,0,0,12,12,8745,7844
compact51_marcy__paper_roles,2019-10-24 21:00:00,36.8568960524,348.364955488,0,0,0,12,12,8749,8060
compact51_marcy__paper_roles,2019-10-24 22:00:00,31.7547207579,216.457614402,0,0,0,12,12,8724,7588
compact51_marcy__paper_roles,2019-10-24 23:00:00,39.9317266203,264.177924446,0,0,0,12,12,8756,7807
compact51_marcy__paper_roles,2019-10-25 00:00:00,14.5906068648,140.68729914,0,0,0,12,12,6278,6949
compact51_marcy__paper_roles,2019-10-25 01:00:00,10.1993993608,123.213016045,0,0,0,12,12,3037,6695
compact51_marcy__paper_roles,2019-10-25 02:00:00,12.3811718194,117.441995748,0,0,0,12,12,4803,6569
compact51_marcy__paper_roles,2019-10-25 03:00:00,10.9979867802,85.1437126648,0,0,0,12,12,3708,5821
compact51_marcy__paper_roles,2019-10-25 04:00:00,20.1286908296,166.287262255,0,0,0,12,12,8074,7233
compact51_marcy__paper_roles,2019-10-25 05:00:00,15.2881483201,267.895219944,0,0,0,12,12,6623,7818
compact51_marcy__paper_roles,2019-10-25 06:00:00,14.1121549312,120.411649658,0,0,0,12,12,6021,6630
compact51_marcy__paper_roles,2019-10-25 07:00:00,11.2237287382,271.903110861,0,0,0,12,12,3883,7829
compact51_marcy__paper_roles,2019-10-25 08:00:00,15.4008635781,92.8869244352,0,0,0,12,12,6682,6050
compact51_marcy__paper_roles,2019-10-25 09:00:00,15.9808224068,109.437124298,1,0,0,12,12,6932,6436
compact51_marcy__paper_roles,2019-10-25 10:00:00,20.020650046,147.867807224,1,0,0,12,12,8059,7033
compact51_marcy__paper_roles,2019-10-25 11:00:00,21.2723313662,170.962276371,1,0,0,12,12,8247,7277
compact51_marcy__paper_roles,2019-10-25 12:00:00,15.5674750009,153.152193664,1,0,0,12,12,6755,7096
compact51_marcy__paper_roles,2019-10-25 13:00:00,15.9398932108,145.921069495,1,0,0,12,12,6917,7006
compact51_marcy__paper_roles,2019-10-25 14:00:00,16.3744639001,270.141132262,1,0,0,12,12,7094,7826
compact51_marcy__paper_roles,2019-10-25 15:00:00,17.3551814045,233.897596003,1,0,0,12,12,7446,7679
compact51_marcy__paper_roles,2019-10-25 16:00:00,18.9335664465,183.682399783,1,0,0,12,12,7850,7374
compact51_marcy__paper_roles,2019-10-25 17:00:00,19.6934813907,270.228729653,1,0,0,12,12,8001,7827
compact51_marcy__paper_roles,2019-10-25 18:00:00,19.5606997945,325.523757248,1,0,0,12,12,7976,7997
compact51_marcy__paper_roles,2019-10-25 19:00:00,26.3842980236,958.37334366,1,0,0,12,12,8626,8483
compact51_marcy__paper_roles,2019-10-25 20:00:00,26.1419277043,5306.38089196,0,0,0,12,12,8614,8714
compact51_marcy__paper_roles,2019-10-25 21:00:00,16.1296855194,130.389239003,0,0,0,12,12,6991,6811
compact51_marcy__paper_roles,2019-10-25 22:00:00,13.2203499328,57.3514873565,0,0,0,12,12,5458,4711
compact51_marcy__paper_roles,2019-10-25 23:00:00,18.8265932588,103.411108882,0,0,0,12,12,7828,6323
compact51_marcy__paper_roles,2019-10-26 00:00:00,15.9356278491,73.696101047,0,0,0,12,12,6914,5415
compact51_marcy__paper_roles,2019-10-26 01:00:00,13.6390529137,65.7975940495,0,0,0,12,12,5726,5113
compact51_marcy__paper_roles,2019-10-26 02:00:00,11.3977106247,66.8191190808,0,0,0,12,12,4019,5151
compact51_marcy__paper_roles,2019-10-26 03:00:00,13.9844431652,69.981944354,0,0,0,12,12,5943,5272
compact51_marcy__paper_roles,2019-10-26 04:00:00,12.0502011343,69.3467246574,0,0,0,12,12,4551,5252
compact51_marcy__paper_roles,2019-10-26 05:00:00,12.0792438621,91.0934674048,0,0,0,12,12,4571,5987
compact51_marcy__paper_roles,2019-10-26 06:00:00,13.3630641208,140.66561134,0,0,0,12,12,5548,6948
compact51_marcy__paper_roles,2019-10-26 07:00:00,9.3503760331,75.3459779697,0,0,0,12,12,2309,5484
compact51_marcy__paper_roles,2019-10-26 08:00:00,13.2781968516,54.5635813486,0,0,0,12,12,5494,4551
compact51_marcy__paper_roles,2019-10-26 09:00:00,16.2555200818,185.57879498,0,0,0,12,12,7043,7386
compact51_marcy__paper_roles,2019-10-26 10:00:00,16.3527085441,131.192401422,0,0,0,12,12,7086,6824
compact51_marcy__paper_roles,2019-10-26 11:00:00,14.8777218592,94.210569605,0,0,0,12,12,6417,6089
compact51_marcy__paper_roles,2019-10-26 12:00:00,14.7915036278,67.5986538441,0,0,0,12,12,6375,5185
compact51_marcy__paper_roles,2019-10-26 13:00:00,12.642179651,85.5102122676,0,0,0,12,12,5025,5839
compact51_marcy__paper_roles,2019-10-26 14:00:00,11.6285593446,73.6471348832,0,0,0,12,12,4207,5412
compact51_marcy__paper_roles,2019-10-26 15:00:00,12.1006346039,50.063486542,0,0,0,12,12,4585,4250
compact51_marcy__paper_roles,2019-10-26 16:00:00,12.2350491953,181.951169957,0,0,0,12,12,4698,7365
compact51_marcy__paper_roles,2019-10-26 17:00:00,18.014848607,176.450094603,0,0,0,12,12,7634,7326
compact51_marcy__paper_roles,2019-10-26 18:00:00,17.365337492,112.216724991,0,0,0,12,12,7450,6487
compact51_marcy__paper_roles,2019-10-26 19:00:00,18.3446459082,79.7677527849,0,0,0,12,12,7720,5642
compact51_marcy__paper_roles,2019-10-26 20:00:00,17.6411746309,51.0368812003,0,0,0,12,12,7521,4313
compact51_marcy__paper_roles,2019-10-26 21:00:00,21.3827181813,182.185072853,0,0,0,12,12,8262,7367
compact51_marcy__paper_roles,2019-10-26 22:00:00,18.0127656239,111.649735286,0,0,0,12,12,7632,6480
compact51_marcy__paper_roles,2019-10-26 23:00:00,21.1459352684,557.310245224,0,0,0,12,12,8234,8300
compact51_marcy__paper_roles,2019-10-27 00:00:00,14.1789260516,159.309842222,0,0,0,13,13,6059,7166
compact51_marcy__paper_roles,2019-10-27 01:00:00,14.4758292071,44.1219721314,0,0,0,11,11,6224,3797
compact51_marcy__paper_roles,2019-10-27 02:00:00,13.6756639044,51.059064571,0,0,0,12,12,5750,4314
compact51_marcy__paper_roles,2019-10-27 03:00:00,13.0765692267,37.497384911,0,0,0,12,12,5349,3205
compact51_marcy__paper_roles,2019-10-27 04:00:00,14.5607298166,75.5411752917,0,0,0,12,12,6261,5492
compact51_marcy__paper_roles,2019-10-27 05:00:00,15.3430115174,82.4340568804,0,0,0,12,12,6652,5725
compact51_marcy__paper_roles,2019-10-27 06:00:00,10.3838436517,114.566239619,0,0,0,12,12,3194,6532
compact51_marcy__paper_roles,2019-10-27 07:00:00,8.29933691483,38.391169128,0,0,0,12,12,1497,3303
compact51_marcy__paper_roles,2019-10-27 08:00:00,12.0244053602,85.1649914806,0,0,0,12,12,4529,5823
compact51_marcy__paper_roles,2019-10-27 09:00:00,11.5579624626,102.69068427,0,0,0,12,12,4161,6307
compact51_marcy__paper_roles,2019-10-27 10:00:00,12.6050839625,77.2840535713,0,0,0,12,12,4981,5550
compact51_marcy__paper_roles,2019-10-27 11:00:00,12.8401994648,53.6329816249,0,0,0,12,12,5190,4494
compact51_marcy__paper_roles,2019-10-27 12:00:00,12.7618453055,34.7006869532,0,0,0,12,12,5120,2906
compact51_marcy__paper_roles,2019-10-27 13:00:00,12.831487411,43.0399657525,0,0,0,12,12,5181,3711
compact51_marcy__paper_roles,2019-10-27 14:00:00,14.6243760782,71.2710483926,0,0,0,12,12,6295,5323
compact51_marcy__paper_roles,2019-10-27 15:00:00,14.1471324715,67.8152213944,0,0,0,12,12,6040,5197
compact51_marcy__paper_roles,2019-10-27 16:00:00,9.38053814298,82.9657155741,0,0,0,12,12,2335,5742
compact51_marcy__paper_roles,2019-10-27 17:00:00,12.8827679353,126.721199501,0,0,0,12,12,5217,6757
compact51_marcy__paper_roles,2019-10-27 18:00:00,11.1612917775,30.5910920681,0,0,0,12,12,3843,2407
compact51_marcy__paper_roles,2019-10-27 19:00:00,12.1745602502,34.1366605398,0,0,0,12,12,4653,2834
compact51_marcy__paper_roles,2019-10-27 20:00:00,19.1204940254,104.513164668,0,0,0,12,12,7891,6351
compact51_marcy__paper_roles,2019-10-27 21:00:00,16.9006525354,132.335567428,0,0,0,12,12,7269,6836
compact51_marcy__paper_roles,2019-10-27 22:00:00,15.1117804941,82.4740485016,0,0,0,12,12,6539,5727
compact51_marcy__paper_roles,2019-10-27 23:00:00,15.9245261639,117.918763403,0,0,0,12,12,6906,6582
compact51_marcy__paper_roles,2019-10-28 00:00:00,14.832210166,158.548691195,0,0,0,12,12,6393,7153
compact51_marcy__paper_roles,2019-10-28 01:00:00,16.2278223975,153.998903641,0,0,0,12,12,7027,7104
compact51_marcy__paper_roles,2019-10-28 02:00:00,13.5428156939,612.193116941,0,0,0,12,12,5670,8344
compact51_marcy__paper_roles,2019-10-28 03:00:00,14.5049108376,803.049916333,0,0,0,12,12,6239,8434
compact51_marcy__paper_roles,2019-10-28 04:00:00,15.6016932484,233.088626091,0,0,0,12,12,6770,7676
compact51_marcy__paper_roles,2019-10-28 05:00:00,23.3403448754,1676.43648686,0,0,0,12,12,8448,8586
compact51_marcy__paper_roles,2019-10-28 06:00:00,17.5253089978,3905.51815219,1,0,0,12,12,7497,8690
compact51_marcy__paper_roles,2019-10-28 07:00:00,10.7162934289,749.395104613,1,0,0,12,12,3484,8417
compact51_marcy__paper_roles,2019-10-28 08:00:00,13.7054923264,455.509039484,1,0,0,12,12,5772,8200
compact51_marcy__paper_roles,2019-10-28 09:00:00,15.4775648317,522.827715261,1,0,0,12,12,6714,8276
compact51_marcy__paper_roles,2019-10-28 10:00:00,14.023604035,6614.71420634,0,0,0,12,12,5963,8725
compact51_marcy__paper_roles,2019-10-28 11:00:00,10.3196812022,266.512912188,0,0,0,12,12,3145,7812
compact51_marcy__paper_roles,2019-10-28 12:00:00,9.43723495665,2188.46397388,0,0,0,12,12,2382,8631
compact51_marcy__paper_roles,2019-10-28 13:00:00,10.7834900902,278.345973848,0,0,0,12,12,3543,7851
compact51_marcy__paper_roles,2019-10-28 14:00:00,11.8480393894,1574.63521945,1,0,0,12,12,4385,8578
compact51_marcy__paper_roles,2019-10-28 15:00:00,10.9202943165,842.418550547,0,0,0,12,12,3657,8449
compact51_marcy__paper_roles,2019-10-28 16:00:00,10.8234736423,1794.94321454,0,0,0,12,12,3576,8599
compact51_marcy__paper_roles,2019-10-28 17:00:00,13.4853991672,399.972764729,1,0,0,14,13,5630,8139
compact51_marcy__paper_roles,2019-10-28 18:00:00,14.9803114967,54.3867134966,0,0,0,11,11,6476,4538
compact51_marcy__paper_roles,2019-10-28 19:00:00,14.9762873143,97.8931846696,0,0,0,12,12,6473,6185
compact51_marcy__paper_roles,2019-10-28 20:00:00,22.4199550978,122.520552309,1,0,0,12,12,8366,6681
compact51_marcy__paper_roles,2019-10-28 21:00:00,17.0225546908,833.828946444,1,0,0,12,12,7312,8446
compact51_marcy__paper_roles,2019-10-28 22:00:00,18.669253948,135.104954548,0,0,0,12,12,7799,6875
compact51_marcy__paper_roles,2019-10-28 23:00:00,21.4360537258,496.315989466,0,0,0,12,12,8273,8248
compact51_marcy__paper_roles,2019-10-29 00:00:00,16.4130686801,1002.78857698,1,0,0,12,12,7108,8496
compact51_marcy__paper_roles,2019-10-29 01:00:00,16.2224895983,584.671793776,0,0,0,12,12,7026,8327
compact51_marcy__paper_roles,2019-10-29 02:00:00,15.0377142147,620.125781073,0,0,0,12,12,6503,8350
compact51_marcy__paper_roles,2019-10-29 03:00:00,11.48898908,1844.46452259,0,0,0,12,12,4107,8605
compact51_marcy__paper_roles,2019-10-29 04:00:00,13.2627192082,3449.09693838,1,0,0,12,12,5484,8682
compact51_marcy__paper_roles,2019-10-29 05:00:00,20.6167985923,388.958952144,1,0,0,12,12,8160,8124
compact51_marcy__paper_roles,2019-10-29 06:00:00,14.4583068605,652.54217319,1,0,0,12,12,6210,8365
compact51_marcy__paper_roles,2019-10-29 07:00:00,13.6121325823,241.341613768,1,0,0,12,12,5707,7716
compact51_marcy__paper_roles,2019-10-29 08:00:00,13.8866685822,218.814084464,1,0,0,12,12,5883,7601
compact51_marcy__paper_roles,2019-10-29 09:00:00,10.7620247458,832.608938241,1,0,0,12,12,3519,8445
compact51_marcy__paper_roles,2019-10-29 10:00:00,12.8879367989,381.260400851,1,0,0,13,12,5219,8114
compact51_marcy__paper_roles,2019-10-29 11:00:00,15.0186584168,269.119078713,1,0,0,12,12,6498,7825
compact51_marcy__paper_roles,2019-10-29 12:00:00,14.1246360927,251.65558918,1,0,0,12,12,6026,7767
compact51_marcy__paper_roles,2019-10-29 13:00:00,14.7615237404,223.207134872,1,0,0,12,12,6356,7624
compact51_marcy__paper_roles,2019-10-29 14:00:00,14.6003773114,247.705325289,1,0,0,12,12,6283,7752
compact51_marcy__paper_roles,2019-10-29 15:00:00,12.992926833,314.56306732,1,0,0,11,10,5293,7964
compact51_marcy__paper_roles,2019-10-29 16:00:00,14.3735139997,344.004090545,1,0,0,12,12,6165,8046
compact51_marcy__paper_roles,2019-10-29 17:00:00,12.8948832341,975.485052632,1,0,0,11,11,5228,8491
compact51_marcy__paper_roles,2019-10-29 18:00:00,11.0660078724,3223.01781484,0,0,0,12,12,3764,8674
compact51_marcy__paper_roles,2019-10-29 19:00:00,18.1828397484,240.116081218,1,0,0,12,12,7671,7714
compact51_marcy__paper_roles,2019-10-29 20:00:00,20.3202347817,438.189243918,1,0,0,9,9,8106,8178
compact51_marcy__paper_roles,2019-10-29 21:00:00,20.3168323624,247.916540138,1,0,0,12,12,8104,7753
compact51_marcy__paper_roles,2019-10-29 22:00:00,16.9989275478,595.113031636,0,0,0,12,12,7301,8334
compact51_marcy__paper_roles,2019-10-29 23:00:00,27.1603187875,2206.69738758,1,0,0,12,12,8646,8633
compact51_marcy__paper_roles,2019-10-30 00:00:00,21.9097526286,878.385518162,1,0,0,12,12,8316,8463
compact51_marcy__paper_roles,2019-10-30 01:00:00,17.2139374035,513.786926237,1,0,0,12,12,7386,8266
compact51_marcy__paper_roles,2019-10-30 02:00:00,17.954047164,683.361113809,1,0,0,12,12,7617,8388
compact51_marcy__paper_roles,2019-10-30 03:00:00,16.0049072561,1134.26794637,1,0,0,12,12,6940,8524
compact51_marcy__paper_roles,2019-10-30 04:00:00,18.6444532389,263.727392911,1,0,0,12,12,7795,7806
compact51_marcy__paper_roles,2019-10-30 05:00:00,18.9954472991,474.276779568,1,0,0,12,12,7863,8221
compact51_marcy__paper_roles,2019-10-30 06:00:00,10.905721864,76.1574302244,0,0,0,12,12,3650,5518
compact51_marcy__paper_roles,2019-10-30 07:00:00,7.45675977691,136.761328439,0,0,0,12,12,992,6894
compact51_marcy__paper_roles,2019-10-30 08:00:00,9.03811979453,649.615128714,1,0,0,12,12,2058,8362
compact51_marcy__paper_roles,2019-10-30 09:00:00,6.95586025713,489.728046978,0,0,0,12,12,706,8239
compact51_marcy__paper_roles,2019-10-30 10:00:00,9.85737631729,75.4962393598,0,0,0,12,12,2707,5490
compact51_marcy__paper_roles,2019-10-30 11:00:00,6.00612843961,845.916795156,0,0,0,12,12,305,8450
compact51_marcy__paper_roles,2019-10-30 12:00:00,8.17423786216,539.195405716,1,0,0,12,12,1415,8292
compact51_marcy__paper_roles,2019-10-30 13:00:00,11.5926009549,172.519938542,1,0,0,12,12,4188,7291
compact51_marcy__paper_roles,2019-10-30 14:00:00,9.78949982328,248.910955677,1,0,0,12,12,2650,7761
compact51_marcy__paper_roles,2019-10-30 15:00:00,10.0198229674,213.032537538,1,0,0,12,12,2869,7567
compact51_marcy__paper_roles,2019-10-30 16:00:00,14.6101733175,490.980719627,1,0,0,12,12,6290,8241
compact51_marcy__paper_roles,2019-10-30 17:00:00,7.14979590164,79.4994108887,0,0,0,12,12,802,5631
compact51_marcy__paper_roles,2019-10-30 18:00:00,14.215298234,697.404772938,0,0,0,12,12,6083,8401
compact51_marcy__paper_roles,2019-10-30 19:00:00,17.574185442,432.634282544,1,0,0,12,12,7508,8171
compact51_marcy__paper_roles,2019-10-30 20:00:00,25.1099992913,527.044396346,1,0,0,12,12,8573,8281
compact51_marcy__paper_roles,2019-10-30 21:00:00,23.3569329639,394.593571066,0,0,0,9,9,8451,8130
compact51_marcy__paper_roles,2019-10-30 22:00:00,17.2201256461,114.386329356,0,0,0,12,12,7394,6526
compact51_marcy__paper_roles,2019-10-30 23:00:00,19.9952247823,109.616667261,0,0,0,12,12,8055,6439
compact51_marcy__paper_roles,2019-10-31 00:00:00,13.4026198584,75.7249433087,0,0,0,12,12,5575,5502
compact51_marcy__paper_roles,2019-10-31 01:00:00,9.98878958569,73.7722405595,0,0,0,12,12,2833,5424
compact51_marcy__paper_roles,2019-10-31 02:00:00,10.5731441876,57.3926525616,0,0,0,12,12,3371,4713
compact51_marcy__paper_roles,2019-10-31 03:00:00,8.28510340635,68.400905464,0,0,0,12,12,1491,5220
compact51_marcy__paper_roles,2019-10-31 04:00:00,10.3446163509,77.2880328312,0,0,0,12,12,3158,5552
compact51_marcy__paper_roles,2019-10-31 05:00:00,14.5890540818,63.022725204,0,0,0,12,12,6277,4978
compact51_marcy__paper_roles,2019-10-31 06:00:00,15.8958438269,914.193380903,0,0,0,12,12,6892,8471
compact51_marcy__paper_roles,2019-10-31 07:00:00,12.111721913,2330.5594734,0,0,0,12,12,4597,8643
compact51_marcy__paper_roles,2019-10-31 08:00:00,15.490884523,3344.44533612,0,0,0,12,12,6722,8675
compact51_marcy__paper_roles,2019-10-31 09:00:00,13.0308085048,171.708847579,1,0,0,12,12,5317,7286
compact51_marcy__paper_roles,2019-10-31 10:00:00,10.4078816705,82.7398092788,0,0,0,12,12,3225,5736
compact51_marcy__paper_roles,2019-10-31 11:00:00,9.76028603647,70.6239069304,0,0,0,10,9,2622,5304
compact51_marcy__paper_roles,2019-10-31 12:00:00,13.6479327558,180.476184183,0,0,0,11,11,5731,7353
compact51_marcy__paper_roles,2019-10-31 13:00:00,19.6280501155,5887.18662512,1,0,0,13,13,7990,8721
compact51_marcy__paper_roles,2019-10-31 14:00:00,14.3054696252,141.047671796,0,0,0,12,12,6134,6953
compact51_marcy__paper_roles,2019-10-31 15:00:00,9.6562962288,206.70814653,0,0,0,12,12,2541,7534
compact51_marcy__paper_roles,2019-10-31 16:00:00,12.6381530097,63.0846352984,0,0,0,12,12,5018,4983
compact51_marcy__paper_roles,2019-10-31 17:00:00,17.0797072373,122.355733628,0,0,0,12,12,7341,6674
compact51_marcy__paper_roles,2019-10-31 18:00:00,14.1228154763,180.497345079,0,0,0,12,12,6025,7354
compact51_marcy__paper_roles,2019-10-31 19:00:00,13.2703183127,881.937139808,0,0,0,13,13,5490,8465
compact51_marcy__paper_roles,2019-10-31 20:00:00,15.7280791827,187.056637221,0,0,0,11,11,6819,7397
compact51_marcy__paper_roles,2019-10-31 21:00:00,16.5331728026,248.90186609,0,0,0,14,14,7153,7760
compact51_marcy__paper_roles,2019-10-31 22:00:00,18.3162619736,350.145720603,0,0,0,12,12,7713,8066
compact51_marcy__paper_roles,2019-10-31 23:00:00,19.8613036106,227.411297393,0,0,0,14,13,8033,7646
compact51_marcy__paper_roles,2019-11-01 00:00:00,12.4495820514,67.1609853124,0,0,0,14,14,4870,5165
compact51_marcy__paper_roles,2019-11-01 01:00:00,8.22796905755,36.5637120493,0,0,0,11,11,1456,3110
compact51_marcy__paper_roles,2019-11-01 02:00:00,8.60165907901,28.3062338322,0,0,0,12,12,1729,2091
compact51_marcy__paper_roles,2019-11-01 03:00:00,10.9783303894,62.3881843145,0,0,0,12,12,3701,4951
compact51_marcy__paper_roles,2019-11-01 04:00:00,10.5098581997,42.9432722904,0,0,0,12,12,3304,3700
compact51_marcy__paper_roles,2019-11-01 05:00:00,9.53161486198,27.436288786,0,0,0,12,12,2457,1966
compact51_marcy__paper_roles,2019-11-01 06:00:00,9.85950164426,51.2216647545,0,0,0,13,13,2711,4321
compact51_marcy__paper_roles,2019-11-01 07:00:00,8.79900152215,31.0708969406,0,0,0,12,12,1864,2472
compact51_marcy__paper_roles,2019-11-01 08:00:00,11.2027680222,34.5403221045,0,0,0,12,12,3871,2889
compact51_marcy__paper_roles,2019-11-01 09:00:00,13.3186117128,35.6281714169,0,0,0,12,12,5527,3010
compact51_marcy__paper_roles,2019-11-01 10:00:00,15.7736070649,152.991433924,0,0,0,12,12,6838,7092
compact51_marcy__paper_roles,2019-11-01 11:00:00,13.7054453818,43.4107440946,0,0,0,12,12,5771,3741
compact51_marcy__paper_roles,2019-11-01 12:00:00,9.35535869431,196.786154619,0,0,0,12,12,2312,7469
compact51_marcy__paper_roles,2019-11-01 13:00:00,9.71604494541,209.358151348,0,0,0,12,12,2586,7552
compact51_marcy__paper_roles,2019-11-01 14:00:00,9.08380333802,261.487541299,0,0,0,14,14,2096,7802
compact51_marcy__paper_roles,2019-11-01 15:00:00,9.90910966974,2441.75419654,0,0,0,10,10,2755,8649
compact51_marcy__paper_roles,2019-11-01 16:00:00,11.1494181659,218.35254985,0,0,0,12,12,3836,7600
compact51_marcy__paper_roles,2019-11-01 17:00:00,9.65344779291,122.47471287,0,0,0,12,12,2538,6679
compact51_marcy__paper_roles,2019-11-01 18:00:00,15.7915092761,293.421119377,0,0,0,13,12,6846,7909
compact51_marcy__paper_roles,2019-11-01 19:00:00,14.1734101171,38.881123576,0,0,0,12,12,6055,3344
compact51_marcy__paper_roles,2019-11-01 20:00:00,23.5167283798,62.692851399,0,0,0,12,12,8463,4962
compact51_marcy__paper_roles,2019-11-01 21:00:00,15.8723100191,39.1691600176,0,0,0,12,12,6885,3374
compact51_marcy__paper_roles,2019-11-01 22:00:00,16.152496334,46.9754087187,0,0,0,12,12,7003,4004
compact51_marcy__paper_roles,2019-11-01 23:00:00,20.5039106729,114.905428907,0,0,0,12,12,8139,6534
compact51_marcy__paper_roles,2019-11-02 00:00:00,15.7021714489,79.509559394,0,0,0,12,12,6809,5633
compact51_marcy__paper_roles,2019-11-02 01:00:00,17.4719988888,200.560423851,1,0,0,12,12,7486,7497
compact51_marcy__paper_roles,2019-11-02 02:00:00,17.8108751188,491.002236778,1,0,0,12,12,7582,8242
compact51_marcy__paper_roles,2019-11-02 03:00:00,19.3452488991,367.273538935,1,0,0,12,12,7930,8094
compact51_marcy__paper_roles,2019-11-02 04:00:00,17.9577376126,161.48967108,1,0,0,12,12,7620,7188
compact51_marcy__paper_roles,2019-11-02 05:00:00,15.0031253523,139.05103033,1,0,0,12,12,6490,6925
compact51_marcy__paper_roles,2019-11-02 06:00:00,11.3975847773,1784.13583784,0,0,0,12,12,4018,8597
compact51_marcy__paper_roles,2019-11-02 07:00:00,9.65978313442,76.3103447874,0,0,0,12,12,2542,5522
compact51_marcy__paper_roles,2019-11-02 08:00:00,12.808786321,39.8285680354,0,0,0,12,12,5160,3453
compact51_marcy__paper_roles,2019-11-02 09:00:00,20.8269086562,101.693706785,0,0,0,12,12,8185,6284
compact51_marcy__paper_roles,2019-11-02 10:00:00,17.3566526445,137.529313441,0,0,0,12,12,7448,6908
compact51_marcy__paper_roles,2019-11-02 11:00:00,13.5055936731,194.087600002,0,0,0,12,12,5643,7448
compact51_marcy__paper_roles,2019-11-02 12:00:00,11.0887893494,109.257172769,0,0,0,12,12,3786,6433
compact51_marcy__paper_roles,2019-11-02 13:00:00,13.4077447239,317.403592485,0,0,0,12,12,5580,7972
compact51_marcy__paper_roles,2019-11-02 14:00:00,14.4684320963,481.968620444,0,0,0,12,12,6215,8228
compact51_marcy__paper_roles,2019-11-02 15:00:00,14.5172775415,222.05226745,0,0,0,12,12,6244,7616
compact51_marcy__paper_roles,2019-11-02 16:00:00,9.810204982,86.028096173,0,0,0,12,12,2664,5858
compact51_marcy__paper_roles,2019-11-02 17:00:00,13.0215534424,81.3167914786,0,0,0,12,12,5313,5699
compact51_marcy__paper_roles,2019-11-02 18:00:00,18.033769813,71.4058137179,0,0,0,12,12,7640,5332
compact51_marcy__paper_roles,2019-11-02 19:00:00,19.1727271029,59.2543250771,0,0,0,12,12,7900,4798
compact51_marcy__paper_roles,2019-11-02 20:00:00,18.2261876016,58.0288296812,0,0,0,13,12,7687,4739
compact51_marcy__paper_roles,2019-11-02 21:00:00,14.032734164,39.3151571263,0,0,0,12,12,5972,3394
compact51_marcy__paper_roles,2019-11-02 22:00:00,10.8655313504,36.9198332948,0,0,0,12,12,3612,3153
compact51_marcy__paper_roles,2019-11-02 23:00:00,13.964982215,39.0199477362,0,0,0,12,12,5933,3360
compact51_marcy__paper_roles,2019-11-03 00:00:00,12.1312123832,55.2923720643,0,0,0,12,12,4622,4594
compact51_marcy__paper_roles,2019-11-03 01:00:00,12.1131442794,39.7248373308,0,0,7,24,12,4600,3436
compact51_marcy__paper_roles,2019-11-03 02:00:00,7.89434567618,45.2651206103,0,0,0,12,12,1239,3883
compact51_marcy__paper_roles,2019-11-03 03:00:00,11.0162912732,93.5616960586,0,0,0,12,12,3727,6070
compact51_marcy__paper_roles,2019-11-03 04:00:00,12.039660491,44.6450228087,0,0,0,12,12,4540,3836
compact51_marcy__paper_roles,2019-11-03 05:00:00,11.4502633381,47.8845857151,0,0,0,12,12,4070,4085
compact51_marcy__paper_roles,2019-11-03 06:00:00,12.8486676383,54.1931518697,0,0,0,12,12,5195,4524
compact51_marcy__paper_roles,2019-11-03 07:00:00,11.087810645,43.9217299525,0,0,0,12,12,3785,3779
compact51_marcy__paper_roles,2019-11-03 08:00:00,11.0658867335,47.1936348708,0,0,0,12,12,3763,4018
compact51_marcy__paper_roles,2019-11-03 09:00:00,13.4305222661,85.9138716594,0,0,0,12,12,5591,5851
compact51_marcy__paper_roles,2019-11-03 10:00:00,10.4845645484,62.9220885976,0,0,0,12,12,3286,4973
compact51_marcy__paper_roles,2019-11-03 11:00:00,14.081389879,514.887764535,0,0,0,12,12,6002,8269
compact51_marcy__paper_roles,2019-11-03 12:00:00,12.2043367101,168.981598327,0,0,0,12,12,4667,7256
compact51_marcy__paper_roles,2019-11-03 13:00:00,10.6680967446,83.831727492,0,0,0,12,12,3438,5781
compact51_marcy__paper_roles,2019-11-03 14:00:00,9.41266052956,56.7675806003,0,0,0,12,12,2358,4680
compact51_marcy__paper_roles,2019-11-03 15:00:00,7.25472429868,29.2911241238,0,0,0,12,12,867,2245
compact51_marcy__paper_roles,2019-11-03 16:00:00,8.60043705653,29.1683047592,0,0,0,12,12,1727,2222
compact51_marcy__paper_roles,2019-11-03 17:00:00,12.6801087246,58.3237942627,0,0,0,12,12,5058,4750
compact51_marcy__paper_roles,2019-11-03 18:00:00,12.1153943738,58.5552067575,0,0,0,12,12,4605,4760
compact51_marcy__paper_roles,2019-11-03 19:00:00,10.394745823,30.7660453226,0,0,0,12,12,3209,2430
compact51_marcy__paper_roles,2019-11-03 20:00:00,9.44180248322,29.3204242924,0,0,0,12,12,2386,2253
compact51_marcy__paper_roles,2019-11-03 21:00:00,9.30207186306,26.7331381993,0,0,0,12,12,2267,1872
compact51_marcy__paper_roles,2019-11-03 22:00:00,8.47480170007,24.0856005448,0,0,0,12,12,1636,1475
compact51_marcy__paper_roles,2019-11-03 23:00:00,11.7530541915,57.0545512422,0,0,0,12,12,4314,4693
compact51_marcy__paper_roles,2019-11-04 00:00:00,8.52751061686,96.6257707864,0,0,0,12,12,1675,6163
compact51_marcy__paper_roles,2019-11-04 01:00:00,6.94474319395,64.0188871588,0,0,0,12,12,696,5022
compact51_marcy__paper_roles,2019-11-04 02:00:00,10.7645432522,62.0332139518,0,0,0,12,12,3520,4937
compact51_marcy__paper_roles,2019-11-04 03:00:00,10.2473551298,50.1692617863,0,0,0,12,12,3086,4255
compact51_marcy__paper_roles,2019-11-04 04:00:00,13.2329669736,166.356583845,0,0,0,12,12,5465,7234
compact51_marcy__paper_roles,2019-11-04 05:00:00,11.8359688926,83.7085110965,0,0,0,12,12,4377,5775
compact51_marcy__paper_roles,2019-11-04 06:00:00,12.0654438143,118.579317195,0,0,0,12,12,4559,6593
compact51_marcy__paper_roles,2019-11-04 07:00:00,12.2297847276,48.9637166483,0,0,0,12,12,4690,4175
compact51_marcy__paper_roles,2019-11-04 08:00:00,7.54238649709,45.3689010803,0,0,0,12,12,1045,3887
compact51_marcy__paper_roles,2019-11-04 09:00:00,8.57874018515,108.717381545,0,0,0,12,12,1705,6423
compact51_marcy__paper_roles,2019-11-04 10:00:00,7.48038676459,75.6536140853,0,0,0,12,12,1010,5498
compact51_marcy__paper_roles,2019-11-04 11:00:00,8.66126271035,232.846742498,0,0,0,12,12,1780,7675
compact51_marcy__paper_roles,2019-11-04 12:00:00,9.9600287222,343.308232743,0,0,0,12,12,2807,8043
compact51_marcy__paper_roles,2019-11-04 13:00:00,10.0497144277,455.742407214,0,0,0,12,12,2891,8201
compact51_marcy__paper_roles,2019-11-04 14:00:00,8.83345207355,214.618266668,0,0,0,12,12,1892,7575
compact51_marcy__paper_roles,2019-11-04 15:00:00,6.96662568485,120.402513589,0,0,0,13,13,711,6629
compact51_marcy__paper_roles,2019-11-04 16:00:00,8.4381994815,195.947562777,0,0,0,12,12,1607,7461
compact51_marcy__paper_roles,2019-11-04 17:00:00,8.03338571155,149.175601163,0,0,0,12,12,1331,7044
compact51_marcy__paper_roles,2019-11-04 18:00:00,14.0068552777,618.872447129,0,0,0,12,12,5953,8349
compact51_marcy__paper_roles,2019-11-04 19:00:00,15.1445834571,306.306480842,0,0,0,12,12,6558,7945
compact51_marcy__paper_roles,2019-11-04 20:00:00,12.9954793604,155.808899897,0,0,0,12,12,5296,7126
compact51_marcy__paper_roles,2019-11-04 21:00:00,12.3332205072,102.925969788,0,0,0,12,12,4772,6312
compact51_marcy__paper_roles,2019-11-04 22:00:00,11.0817284461,78.3859080404,0,0,0,12,12,3777,5588
compact51_marcy__paper_roles,2019-11-04 23:00:00,13.1151035888,88.2759464612,0,0,0,12,12,5374,5907
compact51_marcy__paper_roles,2019-11-05 00:00:00,11.4616351166,99.1051753846,0,0,0,12,12,4081,6212
compact51_marcy__paper_roles,2019-11-05 01:00:00,16.5760130125,214.22957452,0,0,0,12,12,7174,7573
compact51_marcy__paper_roles,2019-11-05 02:00:00,16.3582069955,299.398771728,0,0,0,12,12,7090,7923
compact51_marcy__paper_roles,2019-11-05 03:00:00,12.0276897011,117.817051159,0,0,0,12,12,4533,6579
compact51_marcy__paper_roles,2019-11-05 04:00:00,13.7316646062,96.3916159206,0,0,0,12,12,5787,6157
compact51_marcy__paper_roles,2019-11-05 05:00:00,12.7809147123,51.232882905,0,0,0,12,12,5138,4324
compact51_marcy__paper_roles,2019-11-05 06:00:00,11.6636711486,78.8726110205,0,0,0,12,12,4247,5601
compact51_marcy__paper_roles,2019-11-05 07:00:00,11.7540907994,150.979354061,0,0,0,12,12,4315,7070
compact51_marcy__paper_roles,2019-11-05 08:00:00,9.23038714086,180.289833225,0,0,0,12,12,2205,7350
compact51_marcy__paper_roles,2019-11-05 09:00:00,9.42541825691,2331.49717463,1,0,0,12,12,2374,8644
compact51_marcy__paper_roles,2019-11-05 10:00:00,9.32273379791,686.542803351,1,0,0,12,12,2290,8390
compact51_marcy__paper_roles,2019-11-05 11:00:00,7.47849252162,309.355845219,0,0,0,12,12,1007,7954
compact51_marcy__paper_roles,2019-11-05 12:00:00,6.54788606213,75.784692217,0,0,0,12,12,505,5504
compact51_marcy__paper_roles,2019-11-05 13:00:00,7.16795880585,75.3248993545,0,0,0,12,12,811,5483
compact51_marcy__paper_roles,2019-11-05 14:00:00,7.75527655079,100.046743432,0,0,0,12,12,1171,6242
compact51_marcy__paper_roles,2019-11-05 15:00:00,5.5084304121,35.8042151077,0,0,0,12,12,185,3034
compact51_marcy__paper_roles,2019-11-05 16:00:00,7.19053934663,234.731164797,1,0,0,12,12,825,7684
compact51_marcy__paper_roles,2019-11-05 17:00:00,11.4000784138,3866.76888193,1,0,0,12,12,4022,8688
compact51_marcy__paper_roles,2019-11-05 18:00:00,11.8713225929,189.030823922,0,0,0,12,12,4406,7408
compact51_marcy__paper_roles,2019-11-05 19:00:00,12.4689214093,361.731971413,0,0,0,12,12,4891,8091
compact51_marcy__paper_roles,2019-11-05 20:00:00,10.530252319,126.2144351,0,0,0,12,12,3324,6745
compact51_marcy__paper_roles,2019-11-05 21:00:00,10.6923928989,103.549503621,0,0,0,12,12,3460,6326
compact51_marcy__paper_roles,2019-11-05 22:00:00,10.0039160488,56.9441675051,0,0,0,12,12,2850,4689
compact51_marcy__paper_roles,2019-11-05 23:00:00,11.4184952113,63.8040522881,0,0,0,12,12,4038,5015
compact51_marcy__paper_roles,2019-11-06 00:00:00,11.5007246322,70.9456843177,0,0,0,12,12,4118,5315
compact51_marcy__paper_roles,2019-11-06 01:00:00,8.48506828518,55.7854745808,0,0,0,12,12,1645,4627
compact51_marcy__paper_roles,2019-11-06 02:00:00,10.2213162923,76.9587927532,0,0,0,12,12,3060,5540
compact51_marcy__paper_roles,2019-11-06 03:00:00,8.30841418452,69.0429571505,0,0,0,12,12,1508,5245
compact51_marcy__paper_roles,2019-11-06 04:00:00,9.92873933088,97.8665761543,0,0,0,12,12,2778,6184
compact51_marcy__paper_roles,2019-11-06 05:00:00,22.6404496224,166.65036759,0,0,0,12,12,8389,7237
compact51_marcy__paper_roles,2019-11-06 06:00:00,25.1785979169,296.529960297,1,0,0,12,12,8575,7920
compact51_marcy__paper_roles,2019-11-06 07:00:00,29.4641528549,92.5478365675,0,0,0,12,12,8688,6039
compact51_marcy__paper_roles,2019-11-06 08:00:00,29.5579300081,146.340636235,1,0,0,12,12,8693,7018
compact51_marcy__paper_roles,2019-11-06 09:00:00,19.0881450833,759.496447498,1,0,0,12,12,7885,8422
compact51_marcy__paper_roles,2019-11-06 10:00:00,15.8290442024,730.65551135,1,0,0,12,12,6864,8410
compact51_marcy__paper_roles,2019-11-06 11:00:00,13.6263734229,673.349815296,1,0,0,12,12,5721,8381
compact51_marcy__paper_roles,2019-11-06 12:00:00,14.7774042271,5240.88755193,0,0,0,10,10,6367,8713
compact51_marcy__paper_roles,2019-11-06 13:00:00,15.5790869268,509.362119614,1,0,0,12,12,6759,8261
compact51_marcy__paper_roles,2019-11-06 14:00:00,14.1882206074,850.069532317,1,0,0,12,12,6061,8451
compact51_marcy__paper_roles,2019-11-06 15:00:00,10.1614813313,215.378195388,0,0,0,12,12,2995,7580
compact51_marcy__paper_roles,2019-11-06 16:00:00,15.2245421604,90.139992423,0,0,0,11,11,6593,5969
compact51_marcy__paper_roles,2019-11-06 17:00:00,26.5542009415,771.313710283,1,0,0,12,12,8630,8429
compact51_marcy__paper_roles,2019-11-06 18:00:00,32.2448930962,319.872748862,0,0,0,12,12,8727,7983
compact51_marcy__paper_roles,2019-11-06 19:00:00,26.7692359997,454.237338925,0,0,0,12,12,8638,8198
compact51_marcy__paper_roles,2019-11-06 20:00:00,18.4556478014,104.274484748,0,0,0,12,12,7738,6347
compact51_marcy__paper_roles,2019-11-06 21:00:00,16.6667977597,34.5380801713,0,0,0,12,12,7201,2888
compact51_marcy__paper_roles,2019-11-06 22:00:00,16.1510560293,166.939877007,0,0,0,12,12,7001,7241
compact51_marcy__paper_roles,2019-11-06 23:00:00,17.6796115935,661.043047676,1,0,0,12,12,7536,8373
compact51_marcy__paper_roles,2019-11-07 00:00:00,19.7533890442,241.63636007,0,0,0,12,12,8015,7719
compact51_marcy__paper_roles,2019-11-07 01:00:00,24.0616202058,117.125103475,1,0,0,12,12,8499,6562
compact51_marcy__paper_roles,2019-11-07 02:00:00,22.4607419385,121.442157137,1,0,0,12,12,8370,6657
compact51_marcy__paper_roles,2019-11-07 03:00:00,20.9300460836,464.190368179,1,0,0,12,12,8196,8209
compact51_marcy__paper_roles,2019-11-07 04:00:00,18.435393129,142.336668908,0,0,0,12,12,7735,6964
compact51_marcy__paper_roles,2019-11-07 05:00:00,17.8539631941,59.5174866234,0,0,0,12,12,7587,4812
compact51_marcy__paper_roles,2019-11-07 06:00:00,28.4269696419,473.876727466,1,0,0,12,12,8669,8219
compact51_marcy__paper_roles,2019-11-07 07:00:00,31.2715175024,1172.73722715,0,0,0,12,12,8722,8529
compact51_marcy__paper_roles,2019-11-07 08:00:00,30.2690607591,1855.83101353,0,0,0,12,12,8706,8607
compact51_marcy__paper_roles,2019-11-07 09:00:00,24.5593041377,1315.74373529,0,0,0,12,12,8536,8547
compact51_marcy__paper_roles,2019-11-07 10:00:00,26.0842544353,400.026927083,1,0,0,12,12,8610,8140
compact51_marcy__paper_roles,2019-11-07 11:00:00,26.5898360717,538.049544808,1,0,0,12,12,8633,8290
compact51_marcy__paper_roles,2019-11-07 12:00:00,23.533281196,2114.23709544,1,0,0,13,13,8466,8624
compact51_marcy__paper_roles,2019-11-07 13:00:00,23.4298813901,1377.29400251,1,0,0,12,12,8457,8556
compact51_marcy__paper_roles,2019-11-07 14:00:00,20.2325373449,216.983577157,0,0,0,12,12,8092,7592
compact51_marcy__paper_roles,2019-11-07 15:00:00,15.8009944779,94.7113443758,0,0,0,12,12,6850,6105
compact51_marcy__paper_roles,2019-11-07 16:00:00,20.2042516077,79.2558383007,0,0,0,12,12,8089,5618
compact51_marcy__paper_roles,2019-11-07 17:00:00,21.7986209623,103.924740375,0,0,0,12,12,8307,6337
compact51_marcy__paper_roles,2019-11-07 18:00:00,29.8016035989,286.73419792,1,0,0,12,12,8700,7893
compact51_marcy__paper_roles,2019-11-07 19:00:00,25.600217655,1868.9063772,1,0,0,12,12,8592,8609
compact51_marcy__paper_roles,2019-11-07 20:00:00,19.5436320519,258.168299191,0,0,0,12,12,7974,7792
compact51_marcy__paper_roles,2019-11-07 21:00:00,13.2849282422,40.6236773998,0,0,0,12,12,5502,3516
compact51_marcy__paper_roles,2019-11-07 22:00:00,18.0515460639,198.918426036,0,0,0,12,12,7646,7482
compact51_marcy__paper_roles,2019-11-07 23:00:00,17.6506287372,155.319049059,0,0,0,12,12,7527,7121
compact51_marcy__paper_roles,2019-11-08 00:00:00,23.3388136934,284.195192702,1,0,0,12,12,8447,7880
compact51_marcy__paper_roles,2019-11-08 01:00:00,29.7237511387,105.98572459,1,0,0,12,12,8699,6380
compact51_marcy__paper_roles,2019-11-08 02:00:00,26.7581190361,105.053564655,1,0,0,12,12,8637,6361
compact51_marcy__paper_roles,2019-11-08 03:00:00,25.5714633378,176.410799082,1,0,0,12,12,8590,7324
compact51_marcy__paper_roles,2019-11-08 04:00:00,25.0757057869,77.2582405125,0,0,0,12,12,8569,5546
compact51_marcy__paper_roles,2019-11-08 05:00:00,28.6407055826,84.7139033053,0,0,0,12,12,8673,5807
compact51_marcy__paper_roles,2019-11-08 06:00:00,26.2548870006,410.319269452,1,0,0,12,12,8622,8149
compact51_marcy__paper_roles,2019-11-08 07:00:00,32.6389514672,301.786774742,0,0,0,12,12,8730,7930
compact51_marcy__paper_roles,2019-11-08 08:00:00,24.878440624,119.180695483,0,0,0,12,12,8560,6604
compact51_marcy__paper_roles,2019-11-08 09:00:00,10.8660823272,52.8397699418,0,0,0,12,12,3615,4431
compact51_marcy__paper_roles,2019-11-08 10:00:00,13.6588458695,105.576136144,0,0,0,12,12,5740,6373
compact51_marcy__paper_roles,2019-11-08 11:00:00,13.2321304898,115.216216772,0,0,0,12,12,5464,6540
compact51_marcy__paper_roles,2019-11-08 12:00:00,9.84473003148,24.2127613161,0,0,0,12,12,2698,1487
compact51_marcy__paper_roles,2019-11-08 13:00:00,9.9919939714,23.8513737879,0,0,0,12,12,2839,1425
compact51_marcy__paper_roles,2019-11-08 14:00:00,11.8360283532,254.363894704,1,0,0,12,12,4378,7776
compact51_marcy__paper_roles,2019-11-08 15:00:00,12.2443701333,1110.09839087,0,0,0,12,12,4707,8520
compact51_marcy__paper_roles,2019-11-08 16:00:00,17.4791835082,2568.84971771,0,0,0,12,12,7488,8652
compact51_marcy__paper_roles,2019-11-08 17:00:00,25.6876161318,1675.83862091,1,0,0,12,12,8597,8585
compact51_marcy__paper_roles,2019-11-08 18:00:00,20.5921277711,1072.6730812,1,0,0,12,12,8152,8509
compact51_marcy__paper_roles,2019-11-08 19:00:00,25.0668657053,1908.28068749,1,0,0,12,12,8568,8611
compact51_marcy__paper_roles,2019-11-08 20:00:00,19.4175521816,5498.9903064,1,0,0,12,12,7945,8716
compact51_marcy__paper_roles,2019-11-08 21:00:00,14.4300306775,37.1077739227,0,0,0,12,12,6198,3168
compact51_marcy__paper_roles,2019-11-08 22:00:00,18.393244008,314.78054448,0,0,0,12,12,7731,7965
compact51_marcy__paper_roles,2019-11-08 23:00:00,18.5512743533,282.243289015,0,0,0,12,12,7763,7873
compact51_marcy__paper_roles,2019-11-09 00:00:00,25.2797720606,624.794253736,0,0,0,12,12,8580,8353
compact51_marcy__paper_roles,2019-11-09 01:00:00,22.0928234175,30.4831885023,0,0,0,12,12,8339,2393
compact51_marcy__paper_roles,2019-11-09 02:00:00,22.5532884375,1958.61007238,0,0,0,12,12,8381,8614
compact51_marcy__paper_roles,2019-11-09 03:00:00,26.7244967386,107.968346388,1,0,0,12,12,8636,6409
compact51_marcy__paper_roles,2019-11-09 04:00:00,24.6036872359,58.285625164,0,0,0,12,12,8540,4748
compact51_marcy__paper_roles,2019-11-09 05:00:00,30.3556663279,92.0255565787,0,0,0,12,12,8708,6022
compact51_marcy__paper_roles,2019-11-09 06:00:00,26.9681138293,108.222947095,0,0,0,12,12,8642,6412
compact51_marcy__paper_roles,2019-11-09 07:00:00,25.5829814001,561.9297067,1,0,0,12,12,8591,8305
compact51_marcy__paper_roles,2019-11-09 08:00:00,20.9732675959,359.979742999,1,0,0,12,12,8205,8084
compact51_marcy__paper_roles,2019-11-09 09:00:00,17.0574689438,145.613303837,0,0,0,12,12,7329,7003
compact51_marcy__paper_roles,2019-11-09 10:00:00,18.0091002087,191.656866304,0,0,0,12,12,7631,7428
compact51_marcy__paper_roles,2019-11-09 11:00:00,19.4421325025,2902.21156661,0,0,0,12,12,7952,8663
compact51_marcy__paper_roles,2019-11-09 12:00:00,17.9150926613,224.777386062,0,0,0,12,12,7608,7634
compact51_marcy__paper_roles,2019-11-09 13:00:00,20.3052151325,296.441667027,0,0,0,12,12,8102,7919
compact51_marcy__paper_roles,2019-11-09 14:00:00,22.533831042,733.441736561,1,0,0,12,12,8378,8411
compact51_marcy__paper_roles,2019-11-09 15:00:00,20.4730887631,740.267199404,0,0,0,12,12,8132,8412
compact51_marcy__paper_roles,2019-11-09 16:00:00,22.7544106333,199.636858528,1,0,0,12,12,8402,7487
compact51_marcy__paper_roles,2019-11-09 17:00:00,20.9447082283,32.1324200565,0,0,0,12,12,8198,2605
compact51_marcy__paper_roles,2019-11-09 18:00:00,23.0548221716,63.6384372403,0,0,0,12,12,8429,5009
compact51_marcy__paper_roles,2019-11-09 19:00:00,25.0069387182,99.8847215242,0,0,0,13,12,8566,6239
compact51_marcy__paper_roles,2019-11-09 20:00:00,19.4030604683,51.9437710418,0,0,0,12,12,7942,4375
compact51_marcy__paper_roles,2019-11-09 21:00:00,14.8122659508,88.4648660575,0,0,0,12,12,6388,5915
compact51_marcy__paper_roles,2019-11-09 22:00:00,15.4540611972,152.973255592,1,0,0,12,12,6702,7090
compact51_marcy__paper_roles,2019-11-09 23:00:00,10.1269740294,91.6226241329,0,0,0,12,12,2961,6006
compact51_marcy__paper_roles,2019-11-10 00:00:00,16.4694605155,91.2286589749,0,0,0,12,12,7130,5991
compact51_marcy__paper_roles,2019-11-10 01:00:00,12.6968975052,71.0362901898,0,0,0,12,12,5073,5317
compact51_marcy__paper_roles,2019-11-10 02:00:00,15.1929850822,258.521131052,1,0,0,12,12,6579,7794
compact51_marcy__paper_roles,2019-11-10 03:00:00,13.7144142513,92.3611037369,0,0,0,12,12,5773,6034
compact51_marcy__paper_roles,2019-11-10 04:00:00,15.2796919583,227.872411809,0,0,0,12,12,6617,7650
compact51_marcy__paper_roles,2019-11-10 05:00:00,17.4250207633,280.334759917,0,0,0,12,12,7473,7865
compact51_marcy__paper_roles,2019-11-10 06:00:00,16.9241086286,58.0327386624,0,0,0,12,12,7274,4740
compact51_marcy__paper_roles,2019-11-10 07:00:00,15.1132664845,37.0167478431,0,0,0,12,12,6540,3162
compact51_marcy__paper_roles,2019-11-10 08:00:00,16.2859124553,137.848174518,1,0,0,12,12,7057,6909
compact51_marcy__paper_roles,2019-11-10 09:00:00,18.3352707004,280.5102574,1,0,0,12,12,7716,7867
compact51_marcy__paper_roles,2019-11-10 10:00:00,23.0692721777,284.915725549,1,0,0,12,12,8430,7885
compact51_marcy__paper_roles,2019-11-10 11:00:00,24.7371815539,211.167266838,1,0,0,12,12,8551,7560
compact51_marcy__paper_roles,2019-11-10 12:00:00,19.9776655543,513.806731496,1,0,0,12,12,8054,8267
compact51_marcy__paper_roles,2019-11-10 13:00:00,16.125311768,307.037634865,1,0,0,12,12,6985,7949
compact51_marcy__paper_roles,2019-11-10 14:00:00,18.8280540375,530.069623987,1,0,0,12,12,7829,8285
compact51_marcy__paper_roles,2019-11-10 15:00:00,19.0446204196,344.280641936,1,0,0,12,12,7876,8048
compact51_marcy__paper_roles,2019-11-10 16:00:00,16.7986288282,460.909116429,0,0,0,12,12,7236,8205
compact51_marcy__paper_roles,2019-11-10 17:00:00,18.0085752735,80.9990035108,0,0,0,12,12,7630,5687
compact51_marcy__paper_roles,2019-11-10 18:00:00,15.5443822513,30.728442587,0,0,0,12,12,6747,2422
compact51_marcy__paper_roles,2019-11-10 19:00:00,13.3209446577,32.839128171,0,0,0,12,12,5529,2685
compact51_marcy__paper_roles,2019-11-10 20:00:00,10.3672287021,26.0798450864,0,0,0,12,12,3180,1771
compact51_marcy__paper_roles,2019-11-10 21:00:00,13.2898865689,120.428272408,0,0,0,12,12,5507,6631
compact51_marcy__paper_roles,2019-11-10 22:00:00,14.3715504885,61.5324748945,0,0,0,12,12,6164,4906
compact51_marcy__paper_roles,2019-11-10 23:00:00,14.9007388659,85.6167481062,0,0,0,12,12,6431,5844
compact51_marcy__paper_roles,2019-11-11 00:00:00,25.7724162459,360.92458018,0,0,0,12,12,8599,8088
compact51_marcy__paper_roles,2019-11-11 01:00:00,31.0110635388,451.351043967,0,0,0,12,12,8719,8195
compact51_marcy__paper_roles,2019-11-11 02:00:00,32.1601180214,360.116031975,0,0,0,12,12,8726,8085
compact51_marcy__paper_roles,2019-11-11 03:00:00,29.0770126882,128.097849785,0,0,0,12,12,8683,6777
compact51_marcy__paper_roles,2019-11-11 04:00:00,22.9469588891,118.056398603,0,0,0,12,12,8422,6585
compact51_marcy__paper_roles,2019-11-11 05:00:00,14.9292040103,68.3074496148,0,0,0,12,12,6447,5215
compact51_marcy__paper_roles,2019-11-11 06:00:00,19.00404932,624.609632125,0,0,0,12,12,7865,8352
compact51_marcy__paper_roles,2019-11-11 07:00:00,16.5713077123,1207.59262552,0,0,0,11,11,7169,8537
compact51_marcy__paper_roles,2019-11-11 08:00:00,17.7305049733,330.644333372,0,0,0,12,12,7554,8007
compact51_marcy__paper_roles,2019-11-11 09:00:00,15.0107395975,5548.09279589,1,0,0,12,12,6493,8718
compact51_marcy__paper_roles,2019-11-11 10:00:00,16.5104729466,3942.53451874,0,0,0,12,12,7145,8692
compact51_marcy__paper_roles,2019-11-11 11:00:00,16.4929627217,217.536142437,1,0,0,12,12,7141,7597
compact51_marcy__paper_roles,2019-11-11 12:00:00,21.3706870014,228.912866849,1,0,0,12,12,8259,7657
compact51_marcy__paper_roles,2019-11-11 13:00:00,19.3333730775,103.147451051,1,0,0,12,12,7926,6318
compact51_marcy__paper_roles,2019-11-11 14:00:00,20.637440582,74.278402931,0,0,0,12,12,8162,5447
compact51_marcy__paper_roles,2019-11-11 15:00:00,16.9490057011,95.3915278181,0,0,0,12,12,7279,6122
compact51_marcy__paper_roles,2019-11-11 16:00:00,13.8299569753,38.4131550938,0,0,0,12,12,5855,3305
compact51_marcy__paper_roles,2019-11-11 17:00:00,17.0495019223,42.7888769415,0,0,0,12,12,7328,3678
compact51_marcy__paper_roles,2019-11-11 18:00:00,15.1145774014,47.9419571239,0,0,0,12,12,6541,4087
compact51_marcy__paper_roles,2019-11-11 19:00:00,14.8757365802,82.4203047931,0,0,0,12,12,6415,5724
compact51_marcy__paper_roles,2019-11-11 20:00:00,15.9262910532,90.9729007414,0,0,0,12,12,6908,5984
compact51_marcy__paper_roles,2019-11-11 21:00:00,15.9032566632,127.833702002,0,0,0,12,12,6898,6774
compact51_marcy__paper_roles,2019-11-11 22:00:00,18.6907393133,199.952763409,1,0,0,12,12,7806,7492
compact51_marcy__paper_roles,2019-11-11 23:00:00,14.4938722251,223.117959413,1,0,0,12,12,6233,7622
compact51_marcy__paper_roles,2019-11-12 00:00:00,19.9601832165,77.876561818,0,0,0,12,12,8048,5572
compact51_marcy__paper_roles,2019-11-12 01:00:00,25.5304270433,183.218649685,0,0,0,12,12,8588,7371
compact51_marcy__paper_roles,2019-11-12 02:00:00,23.694972412,177.598567708,0,0,0,12,12,8474,7334
compact51_marcy__paper_roles,2019-11-12 03:00:00,27.8866113542,195.719171685,0,0,0,12,12,8659,7460
compact51_marcy__paper_roles,2019-11-12 04:00:00,20.5631726794,73.0492909268,0,0,0,12,12,8148,5384
compact51_marcy__paper_roles,2019-11-12 05:00:00,19.2228876049,64.5528136768,0,0,0,12,12,7910,5054
compact51_marcy__paper_roles,2019-11-12 06:00:00,24.9987268645,157.383080798,1,0,0,12,12,8565,7142
compact51_marcy__paper_roles,2019-11-12 07:00:00,21.5080649374,261.693292165,1,0,0,12,12,8277,7804
compact51_marcy__paper_roles,2019-11-12 08:00:00,17.9187993581,58.8428106573,0,0,0,12,12,7609,4775
compact51_marcy__paper_roles,2019-11-12 09:00:00,12.6416424432,54.2180444746,0,0,0,12,12,5024,4526
compact51_marcy__paper_roles,2019-11-12 10:00:00,16.5317440602,134.270711004,1,0,0,13,12,7152,6864
compact51_marcy__paper_roles,2019-11-12 11:00:00,15.2671379706,125.635241437,1,0,0,12,12,6613,6732
compact51_marcy__paper_roles,2019-11-12 12:00:00,17.7261591531,303.883631376,1,0,0,12,12,7553,7935
compact51_marcy__paper_roles,2019-11-12 13:00:00,18.5897979939,2871.10368708,1,0,0,12,12,7775,8662
compact51_marcy__paper_roles,2019-11-12 14:00:00,11.4549041559,234.786742157,0,0,0,12,12,4075,7685
compact51_marcy__paper_roles,2019-11-12 15:00:00,14.7342508781,306.015460582,1,0,0,12,12,6346,7944
compact51_marcy__paper_roles,2019-11-12 16:00:00,12.6068137005,28.5993654173,0,0,0,12,12,4984,2138
compact51_marcy__paper_roles,2019-11-12 17:00:00,14.765950884,337.636345446,1,0,0,12,12,6363,8026
compact51_marcy__paper_roles,2019-11-12 18:00:00,22.2189878571,171.416357295,1,0,0,12,12,8351,7283
compact51_marcy__paper_roles,2019-11-12 19:00:00,20.2847476465,138.830344406,1,0,0,12,12,8100,6920
compact51_marcy__paper_roles,2019-11-12 20:00:00,17.6618640149,175.661210382,1,0,0,12,12,7533,7317
compact51_marcy__paper_roles,2019-11-12 21:00:00,17.1324505849,308.275782664,1,0,0,13,13,7362,7953
compact51_marcy__paper_roles,2019-11-12 22:00:00,17.4639324633,271.478096093,0,0,0,12,12,7483,7828
compact51_marcy__paper_roles,2019-11-12 23:00:00,23.5505150963,248.610439789,1,0,0,13,13,8467,7759
compact51_marcy__paper_roles,2019-11-13 00:00:00,16.8245261799,32.0021470632,0,0,0,14,14,7244,2587
compact51_marcy__paper_roles,2019-11-13 01:00:00,22.8823777038,55.3245336846,0,0,0,10,10,8413,4595
compact51_marcy__paper_roles,2019-11-13 02:00:00,28.2418014835,347.98716955,1,0,0,12,12,8664,8058
compact51_marcy__paper_roles,2019-11-13 03:00:00,23.0372548935,159.716219715,1,0,0,12,12,8427,7169
compact51_marcy__paper_roles,2019-11-13 04:00:00,19.3383429067,119.173543149,1,0,0,12,12,7928,6603
compact51_marcy__paper_roles,2019-11-13 05:00:00,17.6820517288,101.486221477,0,0,0,12,12,7537,6279
compact51_marcy__paper_roles,2019-11-13 06:00:00,16.3122041625,235.762732209,1,0,0,12,12,7065,7694
compact51_marcy__paper_roles,2019-11-13 07:00:00,27.8392942258,202.385498746,1,0,0,12,12,8657,7510
compact51_marcy__paper_roles,2019-11-13 08:00:00,21.6599642729,329.520296656,1,0,0,12,12,8289,8003
compact51_marcy__paper_roles,2019-11-13 09:00:00,21.4491292029,569.096694455,1,0,0,12,12,8275,8313
compact51_marcy__paper_roles,2019-11-13 10:00:00,12.5647106216,26619.8013957,1,0,0,12,12,4960,8748
compact51_marcy__paper_roles,2019-11-13 11:00:00,10.4603253188,403.433743393,0,0,0,12,12,3265,8141
compact51_marcy__paper_roles,2019-11-13 12:00:00,9.27724654406,341.455064446,1,0,0,12,12,2241,8036
compact51_marcy__paper_roles,2019-11-13 13:00:00,8.67257655716,856.938223325,1,0,0,12,12,1790,8454
compact51_marcy__paper_roles,2019-11-13 14:00:00,10.0104278546,79.5052787422,0,0,0,10,10,2859,5632
compact51_marcy__paper_roles,2019-11-13 15:00:00,10.4953997826,199.092297792,1,0,0,11,11,3293,7483
compact51_marcy__paper_roles,2019-11-13 16:00:00,11.6046497632,29.1292087582,0,0,0,12,12,4194,2217
compact51_marcy__paper_roles,2019-11-13 17:00:00,17.6091796733,164.34016507,0,0,0,12,12,7515,7219
compact51_marcy__paper_roles,2019-11-13 18:00:00,20.0736410025,103.685260027,0,0,0,12,12,8065,6334
compact51_marcy__paper_roles,2019-11-13 19:00:00,17.1444196762,38.0072667071,0,0,0,12,12,7369,3267
compact51_marcy__paper_roles,2019-11-13 20:00:00,13.1619300574,27.8494711309,0,0,0,12,12,5411,2023
compact51_marcy__paper_roles,2019-11-13 21:00:00,9.88652083391,27.7658828178,0,0,0,12,12,2732,2012
compact51_marcy__paper_roles,2019-11-13 22:00:00,9.13548746564,36.008863158,0,0,0,13,13,2136,3056
compact51_marcy__paper_roles,2019-11-13 23:00:00,11.138390144,35.3778073028,0,0,0,12,12,3826,2984
compact51_marcy__paper_roles,2019-11-14 00:00:00,12.6635028503,98.932954696,0,0,0,12,12,5045,6205
compact51_marcy__paper_roles,2019-11-14 01:00:00,11.8066017334,71.2900321266,0,0,0,12,12,4352,5325
compact51_marcy__paper_roles,2019-11-14 02:00:00,11.8900602487,96.9000565223,0,0,0,12,12,4425,6167
compact51_marcy__paper_roles,2019-11-14 03:00:00,11.6612302695,92.1583572831,0,0,0,12,12,4246,6028
compact51_marcy__paper_roles,2019-11-14 04:00:00,12.5851600011,133.287959776,0,0,0,12,12,4969,6849
compact51_marcy__paper_roles,2019-11-14 05:00:00,16.415477394,152.428838958,0,0,0,12,12,7109,7083
compact51_marcy__paper_roles,2019-11-14 06:00:00,9.79960903261,46.0018237275,0,0,0,12,12,2659,3939
compact51_marcy__paper_roles,2019-11-14 07:00:00,8.72394547256,24.9900584513,0,0,0,12,12,1824,1583
compact51_marcy__paper_roles,2019-11-14 08:00:00,9.00573903459,67.0569568703,0,0,0,12,12,2040,5162
compact51_marcy__paper_roles,2019-11-14 09:00:00,9.37981798604,52.689277011,0,0,0,12,12,2333,4420
compact51_marcy__paper_roles,2019-11-14 10:00:00,10.8745943689,144.380091577,0,0,0,12,12,3622,6991
compact51_marcy__paper_roles,2019-11-14 11:00:00,8.53523454505,313.924522264,0,0,0,12,11,1681,7962
compact51_marcy__paper_roles,2019-11-14 12:00:00,10.2633103997,40.7301099586,0,0,0,12,12,3102,3532
compact51_marcy__paper_roles,2019-11-14 13:00:00,12.7742783735,36.1954183444,0,0,0,12,12,5132,3072
compact51_marcy__paper_roles,2019-11-14 14:00:00,10.7135795799,15.1640640956,0,0,0,12,12,3481,281
compact51_marcy__paper_roles,2019-11-14 15:00:00,9.3494846142,13.010668305,0,0,0,11,11,2308,128
compact51_marcy__paper_roles,2019-11-14 16:00:00,8.39264977094,18.1329482061,0,0,0,11,10,1573,607
compact51_marcy__paper_roles,2019-11-14 17:00:00,8.26006764314,26.0246380212,0,0,0,12,12,1474,1751
compact51_marcy__paper_roles,2019-11-14 18:00:00,10.4664745004,100.754949237,0,0,0,12,12,3277,6260
compact51_marcy__paper_roles,2019-11-14 19:00:00,10.3159488724,96.0380516632,0,0,0,12,12,3136,6146
compact51_marcy__paper_roles,2019-11-14 20:00:00,9.9850926234,91.4306168165,0,0,0,12,12,2826,5998
compact51_marcy__paper_roles,2019-11-14 21:00:00,11.0458214649,142.002074634,0,0,0,12,12,3748,6960
compact51_marcy__paper_roles,2019-11-14 22:00:00,12.0016419957,122.270340239,0,0,0,12,12,4515,6672
compact51_marcy__paper_roles,2019-11-14 23:00:00,12.8825601946,112.41946196,0,0,0,12,12,5216,6490
compact51_marcy__paper_roles,2019-11-15 00:00:00,11.9381113441,63.0823522821,0,0,0,12,12,4459,4982
compact51_marcy__paper_roles,2019-11-15 01:00:00,9.22290084108,35.109776527,0,0,0,12,12,2201,2947
compact51_marcy__paper_roles,2019-11-15 02:00:00,8.65085423339,41.0305329357,0,0,0,12,12,1769,3557
compact51_marcy__paper_roles,2019-11-15 03:00:00,10.0085454283,65.7503093313,0,0,0,12,12,2857,5109
compact51_marcy__paper_roles,2019-11-15 04:00:00,10.9217164714,60.7554781857,0,0,0,12,12,3658,4869
compact51_marcy__paper_roles,2019-11-15 05:00:00,12.3467712007,94.673028138,0,0,0,12,12,4783,6103
compact51_marcy__paper_roles,2019-11-15 06:00:00,14.3050931828,301.843153039,0,0,0,12,12,6133,7931
compact51_marcy__paper_roles,2019-11-15 07:00:00,15.2311070132,932.66519577,0,0,0,12,12,6597,8477
compact51_marcy__paper_roles,2019-11-15 08:00:00,14.7673774869,2141.30480119,0,0,0,12,12,6364,8629
compact51_marcy__paper_roles,2019-11-15 09:00:00,12.5978137442,361.180456156,0,0,0,12,12,4976,8089
compact51_marcy__paper_roles,2019-11-15 10:00:00,9.28325475581,896.950930951,1,0,0,13,12,2253,8467
compact51_marcy__paper_roles,2019-11-15 11:00:00,10.512377335,156.829433026,1,0,0,12,12,3306,7135
compact51_marcy__paper_roles,2019-11-15 12:00:00,11.6706874001,193.629835167,1,0,0,12,12,4250,7443
compact51_marcy__paper_roles,2019-11-15 13:00:00,11.1304189072,194.952334911,1,0,0,12,12,3820,7451
compact51_marcy__paper_roles,2019-11-15 14:00:00,9.00968097658,319.918792038,1,0,0,12,12,2043,7984
compact51_marcy__paper_roles,2019-11-15 15:00:00,9.50023970365,486.641029246,1,0,0,12,12,2430,8235
compact51_marcy__paper_roles,2019-11-15 16:00:00,9.83201515121,6621.46357779,0,0,0,12,12,2684,8726
compact51_marcy__paper_roles,2019-11-15 17:00:00,13.220942138,1028.93542553,0,0,0,12,12,5459,8501
compact51_marcy__paper_roles,2019-11-15 18:00:00,13.045094566,329.998378968,1,0,0,12,12,5329,8004
compact51_marcy__paper_roles,2019-11-15 19:00:00,11.0745508972,386.061178316,1,0,0,12,12,3769,8119
compact51_marcy__paper_roles,2019-11-15 20:00:00,12.461694138,245.553800843,1,0,0,12,12,4885,7738
compact51_marcy__paper_roles,2019-11-15 21:00:00,12.5454457722,173.773270332,1,0,0,12,12,4950,7304
compact51_marcy__paper_roles,2019-11-15 22:00:00,10.6889627208,2048.4681751,1,0,0,12,12,3457,8619
compact51_marcy__paper_roles,2019-11-15 23:00:00,17.4374448793,661.55446299,0,0,0,12,12,7476,8374
compact51_marcy__paper_roles,2019-11-16 00:00:00,16.1317491551,241.65404118,1,0,0,12,12,6994,7720
compact51_marcy__paper_roles,2019-11-16 01:00:00,14.1891888781,1545.75590637,1,0,0,12,12,6062,8576
compact51_marcy__paper_roles,2019-11-16 02:00:00,11.8987105081,4171.75851622,0,0,0,12,12,4432,8697
compact51_marcy__paper_roles,2019-11-16 03:00:00,11.542381808,692.454643197,0,0,0,12,12,4152,8396
compact51_marcy__paper_roles,2019-11-16 04:00:00,14.2205923886,532.915388685,1,0,0,12,12,6084,8286
compact51_marcy__paper_roles,2019-11-16 05:00:00,12.9133346008,761.673020043,0,0,0,12,12,5242,8423
compact51_marcy__paper_roles,2019-11-16 06:00:00,10.6909060943,193.961903151,0,0,0,12,12,3458,7445
compact51_marcy__paper_roles,2019-11-16 07:00:00,10.6852185355,222.523014367,0,0,0,12,12,3454,7618
compact51_marcy__paper_roles,2019-11-16 08:00:00,10.3970972486,102.694352755,1,0,0,12,12,3215,6308
compact51_marcy__paper_roles,2019-11-16 09:00:00,9.71712660551,204.635948257,0,0,0,12,12,2587,7523
compact51_marcy__paper_roles,2019-11-16 10:00:00,14.0858426168,1106.85107427,0,0,0,13,12,6004,8518
compact51_marcy__paper_roles,2019-11-16 11:00:00,11.725682624,974.491080854,0,0,0,12,12,4294,8490
compact51_marcy__paper_roles,2019-11-16 12:00:00,11.2681032616,252.921751874,1,0,0,12,12,3926,7771
compact51_marcy__paper_roles,2019-11-16 13:00:00,9.74052592814,248.524778365,1,0,0,12,12,2601,7758
compact51_marcy__paper_roles,2019-11-16 14:00:00,8.87583828052,2305.67259928,1,0,0,12,12,1925,8641
compact51_marcy__paper_roles,2019-11-16 15:00:00,9.29771765269,112.752156395,1,0,0,12,12,2263,6497
compact51_marcy__paper_roles,2019-11-16 16:00:00,8.89380377569,23.8572958577,0,0,0,12,12,1939,1429
compact51_marcy__paper_roles,2019-11-16 17:00:00,12.6199665885,43.3228252984,0,0,0,12,12,4998,3737
compact51_marcy__paper_roles,2019-11-16 18:00:00,11.4361405011,44.8580957405,0,0,0,12,12,4057,3851
compact51_marcy__paper_roles,2019-11-16 19:00:00,10.6138646164,26.6330208684,0,0,0,12,12,3404,1856
compact51_marcy__paper_roles,2019-11-16 20:00:00,12.5263005833,70.1099664095,0,0,0,12,12,4937,5278
compact51_marcy__paper_roles,2019-11-16 21:00:00,11.4300512155,80.3932079319,0,0,0,12,12,4048,5658
compact51_marcy__paper_roles,2019-11-16 22:00:00,12.1415920036,110.299935579,0,0,0,12,12,4627,6450
compact51_marcy__paper_roles,2019-11-16 23:00:00,13.7204556125,82.9266089415,0,0,0,12,12,5779,5740
compact51_marcy__paper_roles,2019-11-17 00:00:00,12.892954998,68.7101326183,0,0,0,12,12,5227,5230
compact51_marcy__paper_roles,2019-11-17 01:00:00,12.5771021209,84.4683486816,0,0,0,12,12,4965,5797
compact51_marcy__paper_roles,2019-11-17 02:00:00,12.7020894006,126.700251362,0,0,0,12,12,5079,6755
compact51_marcy__paper_roles,2019-11-17 03:00:00,12.3704697518,122.798872864,0,0,0,12,12,4798,6684
compact51_marcy__paper_roles,2019-11-17 04:00:00,13.0813215941,125.195663833,0,0,0,12,12,5351,6723
compact51_marcy__paper_roles,2019-11-17 05:00:00,11.9533517489,47.858975392,0,0,0,12,12,4473,4082
compact51_marcy__paper_roles,2019-11-17 06:00:00,9.39660005178,32.6259647168,0,0,0,12,12,2344,2659
compact51_marcy__paper_roles,2019-11-17 07:00:00,10.6113907555,34.0260433548,0,0,0,12,12,3401,2824
compact51_marcy__paper_roles,2019-11-17 08:00:00,10.5257801733,35.1369281867,0,0,0,12,12,3322,2951
compact51_marcy__paper_roles,2019-11-17 09:00:00,12.2313334233,69.31549398,0,0,0,12,12,4692,5250
compact51_marcy__paper_roles,2019-11-17 10:00:00,13.5292836834,134.195068561,0,0,0,12,12,5659,6862
compact51_marcy__paper_roles,2019-11-17 11:00:00,12.2068560429,120.6304772,0,0,0,12,12,4670,6637
compact51_marcy__paper_roles,2019-11-17 12:00:00,10.958586598,112.790401245,0,0,0,12,12,3685,6499
compact51_marcy__paper_roles,2019-11-17 13:00:00,9.98706270512,85.3874199619,0,0,0,12,12,2830,5836
compact51_marcy__paper_roles,2019-11-17 14:00:00,11.3005470439,74.1059617164,0,0,0,12,12,3945,5440
compact51_marcy__paper_roles,2019-11-17 15:00:00,10.3832452614,50.9106562512,0,0,0,12,12,3193,4300
compact51_marcy__paper_roles,2019-11-17 16:00:00,10.7013085255,49.399466469,0,0,0,12,12,3469,4212
compact51_marcy__paper_roles,2019-11-17 17:00:00,14.7199087888,74.2090469853,0,0,0,12,12,6334,5443
compact51_marcy__paper_roles,2019-11-17 18:00:00,12.9208510409,50.4142141691,0,0,0,12,12,5248,4270
compact51_marcy__paper_roles,2019-11-17 19:00:00,13.063438275,66.6465333849,0,0,0,12,12,5340,5144
compact51_marcy__paper_roles,2019-11-17 20:00:00,12.7536992375,116.325865503,0,0,0,12,12,5114,6554
compact51_marcy__paper_roles,2019-11-17 21:00:00,13.2837925422,176.899694802,0,0,0,12,12,5499,7331
compact51_marcy__paper_roles,2019-11-17 22:00:00,10.6014894823,126.887652638,0,0,0,12,12,3394,6762
compact51_marcy__paper_roles,2019-11-17 23:00:00,11.1232153145,59.811465533,0,0,0,12,12,3814,4829
compact51_marcy__paper_roles,2019-11-18 00:00:00,16.011952476,154.963173121,0,0,0,12,12,6942,7118
compact51_marcy__paper_roles,2019-11-18 01:00:00,13.3043969363,126.810285719,0,0,0,12,12,5515,6759
compact51_marcy__paper_roles,2019-11-18 02:00:00,9.59984559457,51.6421901272,0,0,0,12,12,2504,4359
compact51_marcy__paper_roles,2019-11-18 03:00:00,9.49030123842,67.6126324984,0,0,0,12,12,2425,5187
compact51_marcy__paper_roles,2019-11-18 04:00:00,8.8239055952,43.1320006792,0,0,0,12,12,1884,3719
compact51_marcy__paper_roles,2019-11-18 05:00:00,15.0378000699,208.614518795,0,0,0,12,12,6504,7546
compact51_marcy__paper_roles,2019-11-18 06:00:00,15.9418453669,612.700351748,1,0,0,12,12,6918,8345
compact51_marcy__paper_roles,2019-11-18 07:00:00,15.4956389823,27.6238105247,0,0,0,12,12,6725,1993
compact51_marcy__paper_roles,2019-11-18 08:00:00,14.2976019537,97.940139516,0,0,0,13,13,6128,6187
compact51_marcy__paper_roles,2019-11-18 09:00:00,9.98654114069,77.6365293746,0,0,0,12,12,2828,5561
compact51_marcy__paper_roles,2019-11-18 10:00:00,10.1438150297,44.5566004646,0,0,0,12,12,2974,3827
compact51_marcy__paper_roles,2019-11-18 11:00:00,8.00198442379,408.572449643,1,0,0,12,12,1304,8145
compact51_marcy__paper_roles,2019-11-18 12:00:00,8.42111764011,124.11116927,0,0,0,12,12,1594,6711
compact51_marcy__paper_roles,2019-11-18 13:00:00,10.5885524172,150.954186539,0,0,0,12,12,3385,7069
compact51_marcy__paper_roles,2019-11-18 14:00:00,9.64973043864,132.511598752,0,0,0,12,12,2536,6842
compact51_marcy__paper_roles,2019-11-18 15:00:00,9.33864440882,21.3180400641,0,0,0,12,12,2300,1055
compact51_marcy__paper_roles,2019-11-18 16:00:00,10.6098972352,90.7606423506,0,0,0,12,12,3397,5977
compact51_marcy__paper_roles,2019-11-18 17:00:00,19.3391405898,60.087549026,0,0,0,12,12,7929,4838
compact51_marcy__paper_roles,2019-11-18 18:00:00,23.1957197609,120.530369922,1,0,0,12,12,8435,6632
compact51_marcy__paper_roles,2019-11-18 19:00:00,27.1208896192,162.788673782,1,0,0,12,12,8645,7199
compact51_marcy__paper_roles,2019-11-18 20:00:00,19.8152142109,326.365834622,1,0,0,12,12,8025,7998
compact51_marcy__paper_roles,2019-11-18 21:00:00,14.5798952591,66.6184641482,0,0,0,12,12,6273,5143
compact51_marcy__paper_roles,2019-11-18 22:00:00,13.8211460039,296.271404966,1,0,0,12,12,5848,7916
compact51_marcy__paper_roles,2019-11-18 23:00:00,13.569684618,268.444114888,0,0,0,12,12,5685,7820
compact51_marcy__paper_roles,2019-11-19 00:00:00,13.058461941,2819.08546056,1,0,0,12,12,5336,8658
compact51_marcy__paper_roles,2019-11-19 01:00:00,9.45151457953,276.801651694,0,0,0,12,12,2400,7848
compact51_marcy__paper_roles,2019-11-19 02:00:00,7.93782525252,7455.2428079,0,0,0,12,12,1276,8731
compact51_marcy__paper_roles,2019-11-19 03:00:00,6.87006046414,17406.1856158,0,0,0,12,12,658,8743
compact51_marcy__paper_roles,2019-11-19 04:00:00,5.68505378036,228.359988717,0,0,0,12,12,226,7654
compact51_marcy__paper_roles,2019-11-19 05:00:00,10.8130770245,45.4963979531,0,0,0,12,12,3566,3901
compact51_marcy__paper_roles,2019-11-19 06:00:00,12.0398216472,27.9930567728,0,0,0,12,12,4541,2045
compact51_marcy__paper_roles,2019-11-19 07:00:00,15.8431956982,234.027905221,1,0,0,12,12,6873,7680
compact51_marcy__paper_roles,2019-11-19 08:00:00,13.2103093817,238.995948421,1,0,0,12,12,5445,7710
compact51_marcy__paper_roles,2019-11-19 09:00:00,14.9880550287,216.856418739,1,0,0,12,12,6479,7591
compact51_marcy__paper_roles,2019-11-19 10:00:00,17.0053978561,200.835182966,1,0,0,12,12,7304,7499
compact51_marcy__paper_roles,2019-11-19 11:00:00,17.7779563087,235.050291176,1,0,0,12,12,7567,7691
compact51_marcy__paper_roles,2019-11-19 12:00:00,17.132039827,200.006224071,1,0,0,12,12,7361,7493
compact51_marcy__paper_roles,2019-11-19 13:00:00,15.6889081242,176.633923161,1,0,0,12,12,6804,7328
compact51_marcy__paper_roles,2019-11-19 14:00:00,15.1541848189,138.950645032,1,0,0,12,12,6562,6922
compact51_marcy__paper_roles,2019-11-19 15:00:00,15.2494014867,118.435725908,1,0,0,12,12,6603,6591
compact51_marcy__paper_roles,2019-11-19 16:00:00,11.1215005086,49.5668433712,0,0,0,12,12,3812,4223
compact51_marcy__paper_roles,2019-11-19 17:00:00,15.9158875318,125.334190243,0,0,0,12,12,6902,6727
compact51_marcy__paper_roles,2019-11-19 18:00:00,18.9502939749,197.497283849,1,0,0,12,12,7852,7473
compact51_marcy__paper_roles,2019-11-19 19:00:00,15.3353427372,152.168606801,1,0,0,12,12,6650,7080
compact51_marcy__paper_roles,2019-11-19 20:00:00,15.7293743235,186.340713027,1,0,0,12,12,6820,7392
compact51_marcy__paper_roles,2019-11-19 21:00:00,14.3582252619,164.034726469,1,0,0,12,12,6153,7216
compact51_marcy__paper_roles,2019-11-19 22:00:00,14.3700765019,220.644531745,1,0,0,12,12,6163,7610
compact51_marcy__paper_roles,2019-11-19 23:00:00,14.2499047113,215.471459691,0,0,0,12,12,6104,7581
compact51_marcy__paper_roles,2019-11-20 00:00:00,11.2627727825,109.220547809,0,0,0,12,12,3916,6432
compact51_marcy__paper_roles,2019-11-20 01:00:00,14.1983627764,320.573189215,0,0,0,12,12,6068,7986
compact51_marcy__paper_roles,2019-11-20 02:00:00,10.8111737596,117.575471919,0,0,0,12,12,3564,6573
compact51_marcy__paper_roles,2019-11-20 03:00:00,16.1820793504,267.474352279,1,0,0,12,12,7013,7816
compact51_marcy__paper_roles,2019-11-20 04:00:00,19.3276991329,333.870031426,1,0,0,12,12,7925,8018
compact51_marcy__paper_roles,2019-11-20 05:00:00,16.2801380953,118.987008749,1,0,0,12,12,7053,6600
compact51_marcy__paper_roles,2019-11-20 06:00:00,14.6480680166,171.841151169,0,0,0,12,12,6299,7288
compact51_marcy__paper_roles,2019-11-20 07:00:00,25.9713674279,246.682765046,1,0,0,12,12,8607,7744
compact51_marcy__paper_roles,2019-11-20 08:00:00,11.4317085851,2145.14697315,1,0,0,12,12,4052,8630
compact51_marcy__paper_roles,2019-11-20 09:00:00,7.64983717807,560.637212772,0,0,0,12,12,1099,8302
compact51_marcy__paper_roles,2019-11-20 10:00:00,5.88773276894,17.0945984786,0,0,0,12,12,269,488
compact51_marcy__paper_roles,2019-11-20 11:00:00,8.4820066632,148.534414428,1,0,0,12,12,1641,7038
compact51_marcy__paper_roles,2019-11-20 12:00:00,11.2623522449,126.544544487,1,0,0,12,12,3914,6749
compact51_marcy__paper_roles,2019-11-20 13:00:00,10.0267338092,137.054092602,1,0,0,12,12,2878,6899
compact51_marcy__paper_roles,2019-11-20 14:00:00,10.2462504506,240.913458937,0,0,0,11,11,3084,7715
compact51_marcy__paper_roles,2019-11-20 15:00:00,10.0621381158,112.435444161,0,0,0,12,12,2903,6491
compact51_marcy__paper_roles,2019-11-20 16:00:00,7.5410718537,20.8279130796,0,0,0,12,12,1044,986
compact51_marcy__paper_roles,2019-11-20 17:00:00,7.97370610432,38.372633481,0,0,0,12,12,1292,3300
compact51_marcy__paper_roles,2019-11-20 18:00:00,8.006309299,42.4119132302,0,0,0,12,12,1310,3650
compact51_marcy__paper_roles,2019-11-20 19:00:00,9.30714090528,31.2411889463,0,0,0,12,12,2274,2496
compact51_marcy__paper_roles,2019-11-20 20:00:00,5.39748478919,17.1736713724,0,0,0,12,12,162,495
compact51_marcy__paper_roles,2019-11-20 21:00:00,5.5151717104,18.9744519455,0,0,0,12,12,186,717
compact51_marcy__paper_roles,2019-11-20 22:00:00,7.17416322829,31.0213211781,0,0,0,12,12,816,2467
compact51_marcy__paper_roles,2019-11-20 23:00:00,7.00988023307,48.1425383953,0,0,0,12,12,742,4105
compact51_marcy__paper_roles,2019-11-21 00:00:00,10.2074609324,218.298857036,1,0,0,12,12,3050,7599
compact51_marcy__paper_roles,2019-11-21 01:00:00,8.35364168224,287.907873254,1,0,0,12,12,1545,7898
compact51_marcy__paper_roles,2019-11-21 02:00:00,8.09956347746,2916.03208106,1,0,0,12,12,1368,8664
compact51_marcy__paper_roles,2019-11-21 03:00:00,7.41246220416,1759.83769844,0,0,0,12,12,957,8596
compact51_marcy__paper_roles,2019-11-21 04:00:00,6.83751328866,21.8847882682,0,0,0,12,12,643,1134
compact51_marcy__paper_roles,2019-11-21 05:00:00,10.5072207088,171.327435834,1,0,0,12,12,3302,7282
compact51_marcy__paper_roles,2019-11-21 06:00:00,14.2332210732,47.2852814904,0,0,0,12,12,6092,4028
compact51_marcy__paper_roles,2019-11-21 07:00:00,10.8084797263,28.9707208333,0,0,0,12,12,3563,2194
compact51_marcy__paper_roles,2019-11-21 08:00:00,8.70085509366,124.401347274,1,0,0,12,12,1807,6713
compact51_marcy__paper_roles,2019-11-21 09:00:00,13.2497988201,143.769356954,1,0,0,12,12,5476,6988
compact51_marcy__paper_roles,2019-11-21 10:00:00,11.8394427141,288.289739192,1,0,0,13,12,4381,7899
compact51_marcy__paper_roles,2019-11-21 11:00:00,13.6858084186,160.409491477,1,0,0,9,9,5755,7172
compact51_marcy__paper_roles,2019-11-21 12:00:00,10.511397122,192.783908369,1,0,0,12,12,3305,7438
compact51_marcy__paper_roles,2019-11-21 13:00:00,8.82730533979,154.424853852,1,0,0,12,12,1888,7114
compact51_marcy__paper_roles,2019-11-21 14:00:00,11.5163723815,153.378414259,1,0,0,12,12,4135,7099
compact51_marcy__paper_roles,2019-11-21 15:00:00,9.89123469434,169.304886856,0,0,0,12,12,2739,7260
compact51_marcy__paper_roles,2019-11-21 16:00:00,8.64491929046,45.572465334,0,0,0,12,12,1762,3904
compact51_marcy__paper_roles,2019-11-21 17:00:00,11.0500317671,28.7650378836,0,0,0,12,12,3749,2169
compact51_marcy__paper_roles,2019-11-21 18:00:00,11.8872679968,278.700829803,0,0,0,12,12,4422,7852
compact51_marcy__paper_roles,2019-11-21 19:00:00,12.6480564281,491.90214416,0,0,0,12,12,5029,8244
compact51_marcy__paper_roles,2019-11-21 20:00:00,9.64704014183,245.682987379,0,0,0,12,12,2533,7741
compact51_marcy__paper_roles,2019-11-21 21:00:00,11.0384116329,71.3646013573,0,0,0,12,12,3739,5329
compact51_marcy__paper_roles,2019-11-21 22:00:00,9.71230050338,113.46235236,0,0,0,13,12,2580,6510
compact51_marcy__paper_roles,2019-11-21 23:00:00,11.3077140376,238.794133684,0,0,0,12,12,3949,7709
compact51_marcy__paper_roles,2019-11-22 00:00:00,12.2970090686,114.207104351,1,0,0,12,12,4742,6520
compact51_marcy__paper_roles,2019-11-22 01:00:00,12.2471802424,506.116129518,1,0,0,12,12,4710,8256
compact51_marcy__paper_roles,2019-11-22 02:00:00,10.2583605913,1263.97006308,1,0,0,12,12,3099,8542
compact51_marcy__paper_roles,2019-11-22 03:00:00,10.1783614606,1753.54023911,0,0,0,12,12,3015,8595
compact51_marcy__paper_roles,2019-11-22 04:00:00,10.9054813072,207.748872238,1,0,0,12,12,3649,7539
compact51_marcy__paper_roles,2019-11-22 05:00:00,12.5730674589,1123.77087703,0,0,0,12,12,4964,8523
compact51_marcy__paper_roles,2019-11-22 06:00:00,13.8661342723,25843.9949717,0,0,0,12,12,5873,8747
compact51_marcy__paper_roles,2019-11-22 07:00:00,13.2672421189,231.555156735,1,0,0,12,12,5486,7669
compact51_marcy__paper_roles,2019-11-22 08:00:00,12.1730628186,163.371139012,1,0,0,13,13,4652,7204
compact51_marcy__paper_roles,2019-11-22 09:00:00,13.5964918532,243.301476849,1,0,0,12,12,5699,7729
compact51_marcy__paper_roles,2019-11-22 10:00:00,15.482377431,154.224095334,1,0,0,12,12,6715,7109
compact51_marcy__paper_roles,2019-11-22 11:00:00,14.2103294466,488.861300072,1,0,0,14,13,6080,8238
compact51_marcy__paper_roles,2019-11-22 12:00:00,13.562079427,696.382677442,1,0,0,13,12,5678,8398
compact51_marcy__paper_roles,2019-11-22 13:00:00,14.0147040194,1255.80771819,1,0,0,12,12,5959,8540
compact51_marcy__paper_roles,2019-11-22 14:00:00,12.9890841598,2118.51559845,0,0,0,12,12,5292,8625
compact51_marcy__paper_roles,2019-11-22 15:00:00,14.100259571,9527.3860043,1,0,0,12,12,6010,8735
compact51_marcy__paper_roles,2019-11-22 16:00:00,13.1680927499,709.73502429,1,0,0,12,12,5414,8404
compact51_marcy__paper_roles,2019-11-22 17:00:00,12.4482278437,123.000256676,1,0,0,14,14,4869,6688
compact51_marcy__paper_roles,2019-11-22 18:00:00,13.3312188767,127.032095959,1,0,0,11,11,5532,6765
compact51_marcy__paper_roles,2019-11-22 19:00:00,14.0937586262,133.915124468,1,0,0,12,12,6007,6860
compact51_marcy__paper_roles,2019-11-22 20:00:00,15.7978110536,194.758750601,1,0,0,12,12,6848,7450
compact51_marcy__paper_roles,2019-11-22 21:00:00,14.7171751162,209.168692045,1,0,0,12,12,6332,7550
compact51_marcy__paper_roles,2019-11-22 22:00:00,18.7634061221,769.933727735,1,0,0,12,12,7817,8428
compact51_marcy__paper_roles,2019-11-22 23:00:00,15.7163837308,148.152773918,0,0,0,13,12,6815,7034
compact51_marcy__paper_roles,2019-11-23 00:00:00,9.45857399572,23.8708658058,0,0,0,13,13,2404,1431
compact51_marcy__paper_roles,2019-11-23 01:00:00,8.1621077568,14.9747600358,0,0,0,12,12,1403,270
compact51_marcy__paper_roles,2019-11-23 02:00:00,8.13976438444,11.0705943982,0,0,0,12,12,1389,45
compact51_marcy__paper_roles,2019-11-23 03:00:00,9.32752694424,16.2073529266,0,0,0,12,12,2293,389
compact51_marcy__paper_roles,2019-11-23 04:00:00,9.12636144113,17.0939708593,0,0,0,12,12,2131,487
compact51_marcy__paper_roles,2019-11-23 05:00:00,11.1476533431,27.8931667976,0,0,0,12,12,3835,2030
compact51_marcy__paper_roles,2019-11-23 06:00:00,9.88166961696,26.0604419874,0,0,0,12,12,2728,1761
compact51_marcy__paper_roles,2019-11-23 07:00:00,9.67747842663,41.1023143093,0,0,0,12,12,2555,3564
compact51_marcy__paper_roles,2019-11-23 08:00:00,11.3728157615,31.9309367123,0,0,0,12,12,3999,2579
compact51_marcy__paper_roles,2019-11-23 09:00:00,13.1279312685,54.2258801453,0,0,0,12,12,5386,4527
compact51_marcy__paper_roles,2019-11-23 10:00:00,15.5812697654,80.5352047488,0,0,0,12,12,6761,5666
compact51_marcy__paper_roles,2019-11-23 11:00:00,15.3840720938,122.802746055,0,0,0,14,13,6672,6685
compact51_marcy__paper_roles,2019-11-23 12:00:00,11.7024105446,57.9326310598,0,0,0,14,14,4279,4735
compact51_marcy__paper_roles,2019-11-23 13:00:00,11.4747480535,55.4516737099,0,0,0,12,12,4090,4606
compact51_marcy__paper_roles,2019-11-23 14:00:00,11.6236290253,57.0212317787,0,0,0,12,12,4206,4692
compact51_marcy__paper_roles,2019-11-23 15:00:00,11.548228459,31.0570228663,0,0,0,12,12,4156,2470
compact51_marcy__paper_roles,2019-11-23 16:00:00,15.5844566149,57.525350816,0,0,0,13,12,6762,4721
compact51_marcy__paper_roles,2019-11-23 17:00:00,16.1508270977,58.8191490277,0,0,0,12,12,7000,4773
compact51_marcy__paper_roles,2019-11-23 18:00:00,12.696487619,29.1046568755,0,0,0,12,12,5072,2213
compact51_marcy__paper_roles,2019-11-23 19:00:00,11.3206062923,35.8719299315,0,0,0,12,12,3958,3039
compact51_marcy__paper_roles,2019-11-23 20:00:00,10.4330149387,27.1734537314,0,0,0,12,12,3243,1933
compact51_marcy__paper_roles,2019-11-23 21:00:00,12.6981695773,92.438435364,0,0,0,12,12,5075,6038
compact51_marcy__paper_roles,2019-11-23 22:00:00,13.7495450065,92.1969001668,0,0,0,12,12,5798,6030
compact51_marcy__paper_roles,2019-11-23 23:00:00,19.0369320944,89.3589022074,0,0,0,12,12,7873,5945
compact51_marcy__paper_roles,2019-11-24 00:00:00,17.2917821719,62.500883735,0,0,0,12,12,7428,4955
compact51_marcy__paper_roles,2019-11-24 01:00:00,12.6640540351,38.4950333343,0,0,0,12,12,5046,3314
compact51_marcy__paper_roles,2019-11-24 02:00:00,8.7912744112,28.9024534546,0,0,0,12,12,1859,2186
compact51_marcy__paper_roles,2019-11-24 03:00:00,7.86680807271,27.2400027393,0,0,0,12,12,1229,1942
compact51_marcy__paper_roles,2019-11-24 04:00:00,11.6409656591,30.0995918379,0,0,0,12,12,4225,2352
compact51_marcy__paper_roles,2019-11-24 05:00:00,10.2589454544,27.4937563341,0,0,0,12,12,3100,1970
compact51_marcy__paper_roles,2019-11-24 06:00:00,10.8970488853,26.0132531458,0,0,0,12,12,3639,1746
compact51_marcy__paper_roles,2019-11-24 07:00:00,12.3266354389,28.6955765791,0,0,0,12,12,4767,2154
compact51_marcy__paper_roles,2019-11-24 08:00:00,12.6429453736,31.72939942,0,0,0,12,12,5026,2543
compact51_marcy__paper_roles,2019-11-24 09:00:00,14.2884933789,59.7873308701,0,0,0,14,13,6124,4826
compact51_marcy__paper_roles,2019-11-24 10:00:00,13.620622459,44.450899602,0,0,0,11,11,5716,3821
compact51_marcy__paper_roles,2019-11-24 11:00:00,12.8411694789,38.8594435381,0,0,0,12,12,5191,3341
compact51_marcy__paper_roles,2019-11-24 12:00:00,11.8223431335,23.6545194241,0,0,0,12,12,4365,1394
compact51_marcy__paper_roles,2019-11-24 13:00:00,12.7590704168,33.7022844628,0,0,0,12,12,5115,2781
compact51_marcy__paper_roles,2019-11-24 14:00:00,11.145329634,25.985558609,0,0,0,12,12,3830,1741
compact51_marcy__paper_roles,2019-11-24 15:00:00,11.0877152205,28.4566518086,0,0,0,12,12,3784,2116
compact51_marcy__paper_roles,2019-11-24 16:00:00,11.1174255787,28.9447458414,0,0,0,12,12,3809,2190
compact51_marcy__paper_roles,2019-11-24 17:00:00,11.4402131673,27.5253035262,0,0,0,12,12,4064,1974
compact51_marcy__paper_roles,2019-11-24 18:00:00,12.8400807758,27.5395484454,0,0,0,12,12,5189,1976
compact51_marcy__paper_roles,2019-11-24 19:00:00,12.3923010039,27.8804107524,0,0,0,12,12,4814,2027
compact51_marcy__paper_roles,2019-11-24 20:00:00,12.1503435269,39.7583673946,0,0,0,12,12,4631,3444
compact51_marcy__paper_roles,2019-11-24 21:00:00,11.1711107931,56.734132639,0,0,0,14,14,3852,4679
compact51_marcy__paper_roles,2019-11-24 22:00:00,13.4700311312,56.5038085963,0,0,0,12,12,5617,4664
compact51_marcy__paper_roles,2019-11-24 23:00:00,11.4756131858,37.1150610409,0,0,0,14,13,4092,3170
compact51_marcy__paper_roles,2019-11-25 00:00:00,13.1155223758,923.607836028,0,0,0,12,12,5375,8475
compact51_marcy__paper_roles,2019-11-25 01:00:00,6.49378896221,14.6393483654,0,0,0,12,12,481,244
compact51_marcy__paper_roles,2019-11-25 02:00:00,6.67874972895,14.1286215714,0,0,0,12,12,566,208
compact51_marcy__paper_roles,2019-11-25 03:00:00,7.67482477454,45.2413461682,0,0,0,12,12,1117,3879
compact51_marcy__paper_roles,2019-11-25 04:00:00,8.62120698539,160.761026464,0,0,0,12,12,1743,7177
compact51_marcy__paper_roles,2019-11-25 05:00:00,12.3069435433,173.883314551,0,0,0,12,12,4749,7305
compact51_marcy__paper_roles,2019-11-25 06:00:00,14.0305635423,238.335576988,0,0,0,12,12,5968,7706
compact51_marcy__paper_roles,2019-11-25 07:00:00,10.9916089299,167.922914137,0,0,0,12,12,3705,7249
compact51_marcy__paper_roles,2019-11-25 08:00:00,12.7890558389,285.052992721,1,0,0,12,12,5145,7886
compact51_marcy__paper_roles,2019-11-25 09:00:00,14.151045596,269.002924344,1,0,0,12,12,6042,7824
compact51_marcy__paper_roles,2019-11-25 10:00:00,15.2302674856,204.670899,1,0,0,12,12,6596,7524
compact51_marcy__paper_roles,2019-11-25 11:00:00,11.0934362038,647.081212914,1,0,0,13,12,3790,8361
compact51_marcy__paper_roles,2019-11-25 12:00:00,13.8739193214,1147.56475413,1,0,0,12,12,5878,8526
compact51_marcy__paper_roles,2019-11-25 13:00:00,14.1660133001,1998.36018647,1,0,0,12,12,6048,8616
compact51_marcy__paper_roles,2019-11-25 14:00:00,10.3897682959,144.940780011,1,0,0,12,12,3200,6995
compact51_marcy__paper_roles,2019-11-25 15:00:00,6.87858118026,138.576682914,1,0,0,12,12,662,6919
compact51_marcy__paper_roles,2019-11-25 16:00:00,9.97862915469,79.4375304847,0,0,0,12,12,2824,5626
compact51_marcy__paper_roles,2019-11-25 17:00:00,10.1911399159,177.208986574,1,0,0,12,12,3025,7332
compact51_marcy__paper_roles,2019-11-25 18:00:00,9.79359083935,156.367034745,1,0,0,12,12,2654,7130
compact51_marcy__paper_roles,2019-11-25 19:00:00,11.3996239847,173.486275492,1,0,0,12,12,4021,7301
compact51_marcy__paper_roles,2019-11-25 20:00:00,10.3341286025,344.874024875,1,0,0,12,12,3153,8049
compact51_marcy__paper_roles,2019-11-25 21:00:00,11.1220609864,749.860305851,1,0,0,12,12,3813,8418
compact51_marcy__paper_roles,2019-11-25 22:00:00,12.504777955,204.015291544,0,0,0,14,13,4920,7517
compact51_marcy__paper_roles,2019-11-25 23:00:00,11.9783004815,64.5361890476,0,0,0,12,12,4493,5051
compact51_marcy__paper_roles,2019-11-26 00:00:00,16.4019424018,68.2922375869,0,0,0,12,12,7101,5214
compact51_marcy__paper_roles,2019-11-26 01:00:00,17.0612317413,48.8670258366,0,0,0,12,12,7330,4169
compact51_marcy__paper_roles,2019-11-26 02:00:00,18.6992306453,77.1707105305,0,0,0,12,12,7808,5544
compact51_marcy__paper_roles,2019-11-26 03:00:00,17.92322329,74.8205647605,0,0,0,12,12,7611,5463
compact51_marcy__paper_roles,2019-11-26 04:00:00,20.3946355365,117.515268153,0,0,0,12,12,8118,6572
compact51_marcy__paper_roles,2019-11-26 05:00:00,15.4883332929,273.05937452,0,0,0,12,12,6719,7832
compact51_marcy__paper_roles,2019-11-26 06:00:00,10.8305499652,36.4237271141,0,0,0,12,12,3583,3093
compact51_marcy__paper_roles,2019-11-26 07:00:00,10.3031589707,85.7674975657,0,0,0,12,12,3130,5848
compact51_marcy__paper_roles,2019-11-26 08:00:00,9.04032269553,46.9823695201,0,0,0,12,12,2062,4005
compact51_marcy__paper_roles,2019-11-26 09:00:00,8.65175112922,157.83001502,0,0,0,12,12,1770,7148
compact51_marcy__paper_roles,2019-11-26 10:00:00,12.1456933918,41172.370195,0,0,0,13,13,4629,8753
compact51_marcy__paper_roles,2019-11-26 11:00:00,9.83088932177,506.608211077,1,0,0,12,12,2683,8257
compact51_marcy__paper_roles,2019-11-26 12:00:00,12.0966169567,139.311515941,1,0,0,12,12,4582,6928
compact51_marcy__paper_roles,2019-11-26 13:00:00,12.5280567224,442.908936692,1,0,0,12,12,4940,8185
compact51_marcy__paper_roles,2019-11-26 14:00:00,12.3514997519,680.111172037,1,0,0,12,12,4790,8386
compact51_marcy__paper_roles,2019-11-26 15:00:00,10.1763850392,133.424959675,0,0,0,12,12,3012,6853
compact51_marcy__paper_roles,2019-11-26 16:00:00,13.7175016927,344.064330999,0,0,0,12,12,5777,8047
compact51_marcy__paper_roles,2019-11-26 17:00:00,15.3109888523,524.095979971,1,0,0,12,12,6634,8278
compact51_marcy__paper_roles,2019-11-26 18:00:00,12.6941474655,152463.109117,0,0,0,12,12,5070,8760
compact51_marcy__paper_roles,2019-11-26 19:00:00,14.026475674,2865.47488735,1,0,0,12,12,5966,8661
compact51_marcy__paper_roles,2019-11-26 20:00:00,12.4898259914,499.238383146,1,0,0,12,12,4904,8251
compact51_marcy__paper_roles,2019-11-26 21:00:00,13.0874789388,147.779646882,0,0,0,12,12,5355,7032
compact51_marcy__paper_roles,2019-11-26 22:00:00,12.9951714954,32.7401144946,0,0,0,12,12,5295,2672
compact51_marcy__paper_roles,2019-11-26 23:00:00,10.0232702077,23.6121432565,0,0,0,13,12,2875,1387
compact51_marcy__paper_roles,2019-11-27 00:00:00,10.5244431477,26.0692516717,0,0,0,12,12,3320,1765
compact51_marcy__paper_roles,2019-11-27 01:00:00,12.1681805092,27.6176759184,0,0,0,12,12,4647,1992
compact51_marcy__paper_roles,2019-11-27 02:00:00,12.6394028555,31.3705852313,0,0,0,12,12,5021,2514
compact51_marcy__paper_roles,2019-11-27 03:00:00,11.9762360033,30.7562222206,0,0,0,12,12,4490,2427
compact51_marcy__paper_roles,2019-11-27 04:00:00,11.5967918521,29.5141868866,0,0,0,12,12,4192,2282
compact51_marcy__paper_roles,2019-11-27 05:00:00,12.8589364292,29.7319591148,0,0,0,12,12,5200,2306
compact51_marcy__paper_roles,2019-11-27 06:00:00,13.1287361496,42.7540579795,0,0,0,12,12,5387,3674
compact51_marcy__paper_roles,2019-11-27 07:00:00,13.2630149717,49.8893106535,0,0,0,12,12,5485,4242
compact51_marcy__paper_roles,2019-11-27 08:00:00,12.9540689966,50.6106863899,0,0,0,12,12,5268,4275
compact51_marcy__paper_roles,2019-11-27 09:00:00,11.8222124714,31.3474990649,0,0,0,12,12,4363,2511
compact51_marcy__paper_roles,2019-11-27 10:00:00,11.8606165817,29.2730884216,0,0,0,12,12,4396,2241
compact51_marcy__paper_roles,2019-11-27 11:00:00,12.40966029,63.2336603762,0,0,0,12,12,4828,4993
compact51_marcy__paper_roles,2019-11-27 12:00:00,11.6604905484,215.946682764,0,0,0,13,13,4244,7582
compact51_marcy__paper_roles,2019-11-27 13:00:00,11.3067902556,2009.87600455,0,0,0,12,12,3948,8617
compact51_marcy__paper_roles,2019-11-27 14:00:00,10.9745499252,32.4607132269,0,0,0,12,12,3699,2647
compact51_marcy__paper_roles,2019-11-27 15:00:00,9.91530774887,31.6132239636,0,0,0,12,12,2763,2537
compact51_marcy__paper_roles,2019-11-27 16:00:00,9.46603429766,52.0734325391,0,0,0,12,12,2412,4387
compact51_marcy__paper_roles,2019-11-27 17:00:00,9.99836738814,27.9003733548,0,0,0,12,12,2847,2031
compact51_marcy__paper_roles,2019-11-27 18:00:00,11.2590579294,26.20146684,0,0,0,12,12,3910,1793
compact51_marcy__paper_roles,2019-11-27 19:00:00,12.8426314312,497.440607861,0,0,0,12,12,5192,8250
compact51_marcy__paper_roles,2019-11-27 20:00:00,14.8699129689,2132.61450313,0,0,0,12,12,6411,8627
compact51_marcy__paper_roles,2019-11-27 21:00:00,13.2218125077,15632.8794131,0,0,0,12,12,5460,8741
compact51_marcy__paper_roles,2019-11-27 22:00:00,15.3434655819,55.8515821688,0,0,0,12,12,6653,4633
compact51_marcy__paper_roles,2019-11-27 23:00:00,15.5969662289,49.2602322057,0,0,0,12,12,6766,4199
compact51_marcy__paper_roles,2019-11-28 00:00:00,13.2442476831,332.340189461,1,0,0,12,12,5472,8011
compact51_marcy__paper_roles,2019-11-28 01:00:00,14.4204119387,1054.68545396,1,0,0,12,12,6193,8505
compact51_marcy__paper_roles,2019-11-28 02:00:00,16.6501832043,601.456922504,1,0,0,12,12,7196,8339
compact51_marcy__paper_roles,2019-11-28 03:00:00,17.2838688759,723.370843966,1,0,0,12,12,7426,8408
compact51_marcy__paper_roles,2019-11-28 04:00:00,14.9431719965,285.126463387,1,0,0,12,12,6455,7887
compact51_marcy__paper_roles,2019-11-28 05:00:00,18.3044922714,968.776134703,1,0,0,12,12,7710,8486
compact51_marcy__paper_roles,2019-11-28 06:00:00,18.2687132914,6518.78864416,2,0,0,12,12,7701,8724
compact51_marcy__paper_roles,2019-11-28 07:00:00,18.1948461003,197.631978763,1,0,0,13,12,7676,7476
compact51_marcy__paper_roles,2019-11-28 08:00:00,20.4098385544,31118.396842,1,0,0,12,12,8121,8750
compact51_marcy__paper_roles,2019-11-28 09:00:00,20.4153289895,259.263051214,0,0,0,13,13,8123,7796
compact51_marcy__paper_roles,2019-11-28 10:00:00,18.2170540938,128.304491603,0,0,0,12,12,7683,6781
compact51_marcy__paper_roles,2019-11-28 11:00:00,19.9537512863,126.853975528,0,0,0,12,12,8047,6760
compact51_marcy__paper_roles,2019-11-28 12:00:00,20.6015514415,143.689564981,0,0,0,12,12,8154,6987
compact51_marcy__paper_roles,2019-11-28 13:00:00,16.6062616524,66.507399963,0,0,0,12,12,7181,5139
compact51_marcy__paper_roles,2019-11-28 14:00:00,10.9147690068,34.236570805,0,0,0,12,12,3654,2849
compact51_marcy__paper_roles,2019-11-28 15:00:00,10.3370865947,36.5643796777,0,0,0,12,12,3155,3111
compact51_marcy__paper_roles,2019-11-28 16:00:00,11.4534125883,60.6282072093,0,0,0,12,12,4072,4859
compact51_marcy__paper_roles,2019-11-28 17:00:00,17.4587110299,146.157896421,0,0,0,12,12,7481,7011
compact51_marcy__paper_roles,2019-11-28 18:00:00,13.4952301832,98.7119993354,0,0,0,12,12,5634,6202
compact51_marcy__paper_roles,2019-11-28 19:00:00,12.7457076634,103.113854406,0,0,0,12,12,5110,6316
compact51_marcy__paper_roles,2019-11-28 20:00:00,12.4254907546,96.77840863,0,0,0,12,12,4841,6166
compact51_marcy__paper_roles,2019-11-28 21:00:00,12.2228276269,94.6166668278,0,0,0,12,12,4684,6101
compact51_marcy__paper_roles,2019-11-28 22:00:00,11.3519162487,53.8340922687,0,0,0,12,12,3982,4506
compact51_marcy__paper_roles,2019-11-28 23:00:00,13.0891670879,50.5024321329,0,0,0,13,12,5358,4273
compact51_marcy__paper_roles,2019-11-29 00:00:00,12.3011874548,35.25882558,0,0,0,12,12,4746,2966
compact51_marcy__paper_roles,2019-11-29 01:00:00,12.824572291,31.2172137624,0,0,0,12,12,5174,2492
compact51_marcy__paper_roles,2019-11-29 02:00:00,11.5706735455,30.1541673426,0,0,0,12,12,4172,2358
compact51_marcy__paper_roles,2019-11-29 03:00:00,11.5078784035,27.8014556457,0,0,0,13,12,4126,2019
compact51_marcy__paper_roles,2019-11-29 04:00:00,11.9417716169,30.1610946965,0,0,0,12,12,4464,2359
compact51_marcy__paper_roles,2019-11-29 05:00:00,11.695035809,32.5014988554,0,0,0,12,12,4272,2649
compact51_marcy__paper_roles,2019-11-29 06:00:00,13.9003582372,73.7664939467,0,0,0,12,12,5894,5423
compact51_marcy__paper_roles,2019-11-29 07:00:00,17.7338294379,89.8309220918,0,0,0,12,12,7555,5956
compact51_marcy__paper_roles,2019-11-29 08:00:00,19.279975644,103.265187557,0,0,0,12,12,7915,6321
compact51_marcy__paper_roles,2019-11-29 09:00:00,13.5650921493,53.8673900613,0,0,0,12,12,5680,4507
compact51_marcy__paper_roles,2019-11-29 10:00:00,14.3298376892,120.351309277,0,0,0,12,12,6142,6627
compact51_marcy__paper_roles,2019-11-29 11:00:00,11.9477486061,175.924987669,0,0,0,12,12,4469,7320
compact51_marcy__paper_roles,2019-11-29 12:00:00,11.7250231373,249.346590443,0,0,0,13,13,4292,7762
compact51_marcy__paper_roles,2019-11-29 13:00:00,10.4354820584,150.477562675,0,0,0,12,12,3245,7065
compact51_marcy__paper_roles,2019-11-29 14:00:00,10.1794984899,91.5880655293,0,0,0,12,12,3017,6004
compact51_marcy__paper_roles,2019-11-29 15:00:00,7.7731452138,26.0751659527,0,0,0,12,12,1182,1767
compact51_marcy__paper_roles,2019-11-29 16:00:00,11.5444651886,32.2533701492,0,0,0,12,12,4154,2624
compact51_marcy__paper_roles,2019-11-29 17:00:00,15.8478176252,36.7670477345,0,0,0,12,12,6876,3130
compact51_marcy__paper_roles,2019-11-29 18:00:00,17.1173779481,42.5248250545,0,0,0,12,12,7354,3662
compact51_marcy__paper_roles,2019-11-29 19:00:00,13.51332861,36.1022928854,0,0,0,12,12,5646,3066
compact51_marcy__paper_roles,2019-11-29 20:00:00,11.3968294712,32.2681575253,0,0,0,12,12,4016,2626
compact51_marcy__paper_roles,2019-11-29 21:00:00,10.5312506262,36.8682316521,0,0,0,12,12,3325,3145
compact51_marcy__paper_roles,2019-11-29 22:00:00,10.8256032079,30.1624375699,0,0,0,12,12,3577,2360
compact51_marcy__paper_roles,2019-11-29 23:00:00,9.83970077559,28.2837618283,0,0,0,12,12,2693,2088
compact51_marcy__paper_roles,2019-11-30 00:00:00,17.9566838604,39.7763050496,0,0,0,12,12,7619,3446
compact51_marcy__paper_roles,2019-11-30 01:00:00,13.3998276643,34.513251683,0,0,0,12,12,5570,2887
compact51_marcy__paper_roles,2019-11-30 02:00:00,13.872536601,43.5342573898,0,0,0,12,12,5877,3749
compact51_marcy__paper_roles,2019-11-30 03:00:00,15.3447242065,40.8972013929,0,0,0,12,12,6654,3545
compact51_marcy__paper_roles,2019-11-30 04:00:00,13.6646965315,33.7338419061,0,0,0,12,12,5743,2790
compact51_marcy__paper_roles,2019-11-30 05:00:00,14.047208196,34.7953169788,0,0,0,12,12,5979,2918
compact51_marcy__paper_roles,2019-11-30 06:00:00,13.0941500388,45.0456004654,0,0,0,12,12,5360,3863
compact51_marcy__paper_roles,2019-11-30 07:00:00,12.6407655978,23.1666731423,0,0,0,12,12,5022,1325
compact51_marcy__paper_roles,2019-11-30 08:00:00,11.0073538495,36.4807503795,0,0,0,12,12,3719,3100
compact51_marcy__paper_roles,2019-11-30 09:00:00,9.84784179047,30.1413339881,0,0,0,12,12,2700,2356
compact51_marcy__paper_roles,2019-11-30 10:00:00,8.91814964316,18.5400473875,0,0,0,12,12,1958,651
compact51_marcy__paper_roles,2019-11-30 11:00:00,9.46924839767,18.4568428639,0,0,0,12,12,2414,638
compact51_marcy__paper_roles,2019-11-30 12:00:00,10.4725272749,17.1895228962,0,0,0,12,12,3282,497
compact51_marcy__paper_roles,2019-11-30 13:00:00,9.88752722711,16.735624922,0,0,0,12,12,2733,453
compact51_marcy__paper_roles,2019-11-30 14:00:00,11.7993854054,18.7573370721,0,0,0,12,12,4351,686
compact51_marcy__paper_roles,2019-11-30 15:00:00,11.6994089413,21.8773198621,0,0,0,12,12,4278,1129
compact51_marcy__paper_roles,2019-11-30 16:00:00,12.6984308693,31.7798669505,0,0,0,12,12,5076,2551
compact51_marcy__paper_roles,2019-11-30 17:00:00,12.3946226739,31.3090516018,0,0,0,12,12,4817,2506
compact51_marcy__paper_roles,2019-11-30 18:00:00,13.1324015555,31.2087011023,0,0,0,12,12,5391,2490
compact51_marcy__paper_roles,2019-11-30 19:00:00,12.6585885063,26.7242859869,0,0,0,12,12,5039,1869
compact51_marcy__paper_roles,2019-11-30 20:00:00,13.3062880241,27.1386348417,0,0,0,12,12,5519,1926
compact51_marcy__paper_roles,2019-11-30 21:00:00,12.4192543392,27.2773805235,0,0,0,12,12,4837,1946
compact51_marcy__paper_roles,2019-11-30 22:00:00,12.3491290699,25.2294773081,0,0,0,12,12,4788,1622
compact51_marcy__paper_roles,2019-11-30 23:00:00,14.5728658421,26.9497523995,0,0,0,12,12,6269,1907
compact51_marcy__paper_roles,2019-12-01 00:00:00,16.0158123571,23.9753951042,0,0,0,12,12,6948,1449
compact51_marcy__paper_roles,2019-12-01 01:00:00,14.3251735495,28.1374310533,0,0,0,12,12,6140,2067
compact51_marcy__paper_roles,2019-12-01 02:00:00,17.0044268672,29.0513749946,0,0,0,12,12,7302,2201
compact51_marcy__paper_roles,2019-12-01 03:00:00,18.9628431887,29.4310572528,0,0,0,12,12,7853,2271
compact51_marcy__paper_roles,2019-12-01 04:00:00,17.0638901554,36.3771217392,0,0,0,12,12,7331,3087
compact51_marcy__paper_roles,2019-12-01 05:00:00,14.9521855508,46.8398330192,0,0,0,12,12,6458,3993
compact51_marcy__paper_roles,2019-12-01 06:00:00,14.2143828947,44.9769305614,0,0,0,12,12,6081,3857
compact51_marcy__paper_roles,2019-12-01 07:00:00,19.1380309351,63.9731803446,0,0,0,12,12,7896,5021
compact51_marcy__paper_roles,2019-12-01 08:00:00,21.8685943131,62.0981112185,0,0,0,12,12,8312,4940
compact51_marcy__paper_roles,2019-12-01 09:00:00,16.1026443576,33.0563288107,0,0,0,12,12,6974,2702
compact51_marcy__paper_roles,2019-12-01 10:00:00,16.0922100538,39.557986218,0,0,0,12,12,6970,3421
compact51_marcy__paper_roles,2019-12-01 11:00:00,10.377733761,26.8631915459,0,0,0,12,12,3188,1888
compact51_marcy__paper_roles,2019-12-01 12:00:00,12.9334373952,43.2795687586,0,0,0,12,12,5253,3727
compact51_marcy__paper_roles,2019-12-01 13:00:00,12.6620229096,49.6059839858,0,0,0,12,12,5044,4227
compact51_marcy__paper_roles,2019-12-01 14:00:00,10.2437159283,37.2470206046,0,0,0,12,12,3083,3182
compact51_marcy__paper_roles,2019-12-01 15:00:00,13.4344715928,48.0692208601,0,0,0,12,12,5598,4100
compact51_marcy__paper_roles,2019-12-01 16:00:00,17.3952866062,64.857182094,0,0,0,12,12,7461,5075
compact51_marcy__paper_roles,2019-12-01 17:00:00,21.5777276941,133.746861955,0,0,0,12,12,8282,6856
compact51_marcy__paper_roles,2019-12-01 18:00:00,13.8038854181,54.8977686216,0,0,0,12,12,5834,4568
compact51_marcy__paper_roles,2019-12-01 19:00:00,11.1712412216,30.8744397713,0,0,0,12,12,3853,2451
compact51_marcy__paper_roles,2019-12-01 20:00:00,9.75685592336,26.8177578998,0,0,0,12,12,2612,1885
compact51_marcy__paper_roles,2019-12-01 21:00:00,9.74291194579,27.2750446778,0,0,0,12,12,2605,1945
compact51_marcy__paper_roles,2019-12-01 22:00:00,9.88531147606,17.7095516874,0,0,0,13,12,2730,559
compact51_marcy__paper_roles,2019-12-01 23:00:00,9.14164468466,30.2008577614,0,0,0,12,12,2139,2364
compact51_marcy__paper_roles,2019-12-02 00:00:00,10.5397716133,24.8959691719,0,0,0,12,12,3329,1573
compact51_marcy__paper_roles,2019-12-02 01:00:00,16.0780551485,67.3199289768,0,0,0,12,12,6969,5174
compact51_marcy__paper_roles,2019-12-02 02:00:00,16.6104240137,69.6310436773,0,0,0,12,12,7183,5262
compact51_marcy__paper_roles,2019-12-02 03:00:00,16.1769885872,69.4113845495,0,0,0,12,12,7010,5254
compact51_marcy__paper_roles,2019-12-02 04:00:00,12.0589457279,26.6951621979,0,0,0,12,12,4557,1864
compact51_marcy__paper_roles,2019-12-02 05:00:00,13.4576450028,41.2943619699,0,0,0,12,12,5610,3573
compact51_marcy__paper_roles,2019-12-02 06:00:00,11.8784842805,30.527613801,0,0,0,12,12,4416,2399
compact51_marcy__paper_roles,2019-12-02 07:00:00,13.6544978668,25.3324172809,0,0,0,12,12,5737,1640
compact51_marcy__paper_roles,2019-12-02 08:00:00,13.6177511744,50.358516951,0,0,0,12,12,5715,4267
compact51_marcy__paper_roles,2019-12-02 09:00:00,11.9354990176,44.2038496326,0,0,0,12,12,4456,3803
compact51_marcy__paper_roles,2019-12-02 10:00:00,9.75978307595,17.6894857958,0,0,0,12,12,2621,553
compact51_marcy__paper_roles,2019-12-02 11:00:00,9.31189651077,29.4926097086,0,0,0,12,12,2279,2276
compact51_marcy__paper_roles,2019-12-02 12:00:00,10.2826377576,33.2009380945,0,0,0,12,12,3116,2725
compact51_marcy__paper_roles,2019-12-02 13:00:00,10.3941932034,25.6489124618,0,0,0,12,12,3208,1686
compact51_marcy__paper_roles,2019-12-02 14:00:00,8.10486974042,16.3949355553,0,0,0,12,12,1372,417
compact51_marcy__paper_roles,2019-12-02 15:00:00,8.57877947358,18.1217150607,0,0,0,12,12,1706,603
compact51_marcy__paper_roles,2019-12-02 16:00:00,8.68851355859,22.4996332856,0,0,0,12,12,1799,1226
compact51_marcy__paper_roles,2019-12-02 17:00:00,9.70405587829,22.0379911296,0,0,0,12,12,2568,1157
compact51_marcy__paper_roles,2019-12-02 18:00:00,10.2062040231,25.3278388875,0,0,0,12,12,3048,1637
compact51_marcy__paper_roles,2019-12-02 19:00:00,9.22278545354,19.1278147885,0,0,0,12,12,2200,736
compact51_marcy__paper_roles,2019-12-02 20:00:00,10.0979794637,19.6020334803,0,0,0,12,12,2935,813
compact51_marcy__paper_roles,2019-12-02 21:00:00,10.2491696794,18.9103877946,0,0,0,12,12,3088,707
compact51_marcy__paper_roles,2019-12-02 22:00:00,14.511707235,26.9458176307,0,0,0,12,12,6241,1906
compact51_marcy__paper_roles,2019-12-02 23:00:00,14.1114796814,24.0662281608,0,0,0,12,12,6019,1469
compact51_marcy__paper_roles,2019-12-03 00:00:00,13.4558948036,42.8342835651,0,0,0,12,12,5608,3684
compact51_marcy__paper_roles,2019-12-03 01:00:00,12.2414951524,36.0748001769,0,0,0,12,12,4705,3062
compact51_marcy__paper_roles,2019-12-03 02:00:00,11.5609888941,39.3939904015,0,0,0,12,12,4163,3404
compact51_marcy__paper_roles,2019-12-03 03:00:00,9.67033550166,17.8840613355,0,0,0,12,12,2547,580
compact51_marcy__paper_roles,2019-12-03 04:00:00,11.4396213031,26.0133567463,0,0,0,12,12,4062,1747
compact51_marcy__paper_roles,2019-12-03 05:00:00,12.5534894362,48.9680104073,0,0,0,12,12,4951,4177
compact51_marcy__paper_roles,2019-12-03 06:00:00,9.43350949921,22.4118085328,0,0,0,12,12,2379,1209
compact51_marcy__paper_roles,2019-12-03 07:00:00,8.18897389253,17.5742865436,0,0,0,12,12,1424,542
compact51_marcy__paper_roles,2019-12-03 08:00:00,7.18955009999,15.6973075863,0,0,0,12,12,823,333
compact51_marcy__paper_roles,2019-12-03 09:00:00,9.743266549,79.594440991,0,0,0,12,12,2606,5636
compact51_marcy__paper_roles,2019-12-03 10:00:00,11.6536627593,311.982785684,0,0,0,13,12,4235,7959
compact51_marcy__paper_roles,2019-12-03 11:00:00,11.6756584162,136.871198775,0,0,0,12,12,4255,6896
compact51_marcy__paper_roles,2019-12-03 12:00:00,10.631784985,169.531135596,0,0,0,12,12,3415,7261
compact51_marcy__paper_roles,2019-12-03 13:00:00,8.3388832656,76.4557897255,0,0,0,12,12,1532,5527
compact51_marcy__paper_roles,2019-12-03 14:00:00,7.99593336206,45.0911942099,0,0,0,12,12,1300,3866
compact51_marcy__paper_roles,2019-12-03 15:00:00,5.93244332128,17.0664467144,0,0,0,12,12,280,484
compact51_marcy__paper_roles,2019-12-03 16:00:00,7.2660583028,35.1536304829,0,0,0,12,12,872,2954
compact51_marcy__paper_roles,2019-12-03 17:00:00,12.2438770977,114.365315025,0,0,0,12,12,4706,6524
compact51_marcy__paper_roles,2019-12-03 18:00:00,9.12768259489,21.9957113459,0,0,0,12,12,2132,1153
compact51_marcy__paper_roles,2019-12-03 19:00:00,7.63366802004,29.0096595617,0,0,0,12,12,1090,2198
compact51_marcy__paper_roles,2019-12-03 20:00:00,11.3186302142,28.2474983613,0,0,0,12,12,3956,2081
compact51_marcy__paper_roles,2019-12-03 21:00:00,6.91331056356,27.6407679949,0,0,0,12,12,678,1996
compact51_marcy__paper_roles,2019-12-03 22:00:00,7.90909236719,37.1380185227,0,0,0,12,12,1254,3173
compact51_marcy__paper_roles,2019-12-03 23:00:00,8.82516710546,18.8754028875,0,0,0,12,12,1885,702
compact51_marcy__paper_roles,2019-12-04 00:00:00,8.13441239612,24.0279135646,0,0,0,12,12,1383,1460
compact51_marcy__paper_roles,2019-12-04 01:00:00,7.34914603897,12.1684560754,0,0,0,13,12,910,82
compact51_marcy__paper_roles,2019-12-04 02:00:00,6.00073203939,11.8582970809,0,0,0,12,12,304,70
compact51_marcy__paper_roles,2019-12-04 03:00:00,6.20898981564,12.8026506686,0,0,0,12,12,366,119
compact51_marcy__paper_roles,2019-12-04 04:00:00,6.234508216,13.2986919658,0,0,0,12,12,378,156
compact51_marcy__paper_roles,2019-12-04 05:00:00,10.4619934407,22.3475334699,0,0,0,12,12,3270,1201
compact51_marcy__paper_roles,2019-12-04 06:00:00,12.1638811947,27.9354324656,0,0,0,12,12,4642,2038
compact51_marcy__paper_roles,2019-12-04 07:00:00,9.82167976834,18.4970864513,0,0,0,12,12,2675,645
compact51_marcy__paper_roles,2019-12-04 08:00:00,8.05794437046,22.0984970965,0,0,0,12,12,1349,1171
compact51_marcy__paper_roles,2019-12-04 09:00:00,9.3927593606,46.0483661278,0,0,0,12,12,2343,3942
compact51_marcy__paper_roles,2019-12-04 10:00:00,8.50997494332,33.8322179831,0,0,0,12,12,1663,2804
compact51_marcy__paper_roles,2019-12-04 11:00:00,6.92491670772,16.3779239035,0,0,0,12,12,689,413
compact51_marcy__paper_roles,2019-12-04 12:00:00,5.91384715345,18.1100839975,0,0,0,12,12,276,601
compact51_marcy__paper_roles,2019-12-04 13:00:00,7.0838087778,18.471945167,0,0,0,12,12,776,640
compact51_marcy__paper_roles,2019-12-04 14:00:00,7.19822127765,18.6738333667,0,0,0,12,12,831,675
compact51_marcy__paper_roles,2019-12-04 15:00:00,6.23212077918,15.6332585693,0,0,0,12,12,377,329
compact51_marcy__paper_roles,2019-12-04 16:00:00,8.51506783695,22.6645438006,0,0,0,12,12,1667,1253
compact51_marcy__paper_roles,2019-12-04 17:00:00,10.2479092052,33.8469153224,0,0,0,13,13,3087,2808
compact51_marcy__paper_roles,2019-12-04 18:00:00,8.10877083988,17.229664511,0,0,0,12,12,1374,505
compact51_marcy__paper_roles,2019-12-04 19:00:00,7.331668574,15.8356186872,0,0,0,13,13,896,351
compact51_marcy__paper_roles,2019-12-04 20:00:00,8.60431821497,29.495740556,0,0,0,12,12,1733,2278
compact51_marcy__paper_roles,2019-12-04 21:00:00,10.1683465682,58.8580693303,0,0,0,12,12,3003,4777
compact51_marcy__paper_roles,2019-12-04 22:00:00,12.0497800675,48.854842215,0,0,0,12,12,4550,4166
compact51_marcy__paper_roles,2019-12-04 23:00:00,13.1733763345,40.7366379206,0,0,0,12,12,5419,3533
compact51_marcy__paper_roles,2019-12-05 00:00:00,17.3718498991,63.9004064741,0,0,0,12,12,7453,5020
compact51_marcy__paper_roles,2019-12-05 01:00:00,15.6233830928,50.1887395352,0,0,0,12,12,6779,4257
compact51_marcy__paper_roles,2019-12-05 02:00:00,16.9354325758,76.8024778183,0,0,0,12,12,7276,5534
compact51_marcy__paper_roles,2019-12-05 03:00:00,17.8201961116,210.731988442,0,0,0,12,12,7584,7558
compact51_marcy__paper_roles,2019-12-05 04:00:00,17.2037835797,88.2352833861,0,0,0,12,12,7382,5905
compact51_marcy__paper_roles,2019-12-05 05:00:00,16.9941342764,66.8738923248,0,0,0,12,12,7299,5153
compact51_marcy__paper_roles,2019-12-05 06:00:00,16.3928708274,65.4159861587,0,0,0,12,12,7097,5095
compact51_marcy__paper_roles,2019-12-05 07:00:00,14.4605220969,89.1069351851,0,0,0,12,12,6211,5935
compact51_marcy__paper_roles,2019-12-05 08:00:00,9.51068053723,29.8346862041,0,0,0,12,12,2440,2317
compact51_marcy__paper_roles,2019-12-05 09:00:00,10.3973299228,62.6307021124,0,0,0,12,12,3216,4960
compact51_marcy__paper_roles,2019-12-05 10:00:00,12.4893235649,161.331468643,0,0,0,12,12,4903,7186
compact51_marcy__paper_roles,2019-12-05 11:00:00,11.3313081396,204.053438541,0,0,0,12,12,3963,7519
compact51_marcy__paper_roles,2019-12-05 12:00:00,10.0074153028,146.164007015,0,0,0,12,12,2855,7012
compact51_marcy__paper_roles,2019-12-05 13:00:00,10.7886764691,204.822777176,0,0,0,12,12,3548,7527
compact51_marcy__paper_roles,2019-12-05 14:00:00,8.746860911,63.4486674005,0,0,0,12,12,1833,5001
compact51_marcy__paper_roles,2019-12-05 15:00:00,5.91051975843,17.1619464106,0,0,0,12,12,274,493
compact51_marcy__paper_roles,2019-12-05 16:00:00,6.95566321667,19.552970916,0,0,0,12,12,705,803
compact51_marcy__paper_roles,2019-12-05 17:00:00,9.46772341761,98.3207924668,0,0,0,12,12,2413,6195
compact51_marcy__paper_roles,2019-12-05 18:00:00,8.59223121238,416.57379871,0,0,0,12,12,1719,8153
compact51_marcy__paper_roles,2019-12-05 19:00:00,7.92434246882,91.7889668312,0,0,0,12,12,1265,6011
compact51_marcy__paper_roles,2019-12-05 20:00:00,7.03852558439,17.91863844,0,0,0,12,12,755,582
compact51_marcy__paper_roles,2019-12-05 21:00:00,6.98516605285,18.616719477,0,0,0,12,12,724,662
compact51_marcy__paper_roles,2019-12-05 22:00:00,9.54697367303,106.220732499,0,0,0,12,12,2468,6384
compact51_marcy__paper_roles,2019-12-05 23:00:00,13.733319251,83.3735320587,0,0,0,12,12,5790,5756
compact51_marcy__paper_roles,2019-12-06 00:00:00,13.6859083412,236.250019687,0,0,0,12,12,5756,7698
compact51_marcy__paper_roles,2019-12-06 01:00:00,15.2786748113,391.634924976,0,0,0,12,12,6615,8127
compact51_marcy__paper_roles,2019-12-06 02:00:00,15.024978057,298.901287759,0,0,0,12,12,6501,7922
compact51_marcy__paper_roles,2019-12-06 03:00:00,14.8380079768,152.506264954,0,0,0,12,12,6395,7086
compact51_marcy__paper_roles,2019-12-06 04:00:00,14.3797030575,100.296676915,0,0,0,12,12,6172,6249
compact51_marcy__paper_roles,2019-12-06 05:00:00,13.2827498818,75.6011863634,0,0,0,12,12,5498,5494
compact51_marcy__paper_roles,2019-12-06 06:00:00,9.41371620745,22.8703018603,0,0,0,12,12,2361,1287
compact51_marcy__paper_roles,2019-12-06 07:00:00,9.01475023163,16.9843768277,0,0,0,12,12,2047,481
compact51_marcy__paper_roles,2019-12-06 08:00:00,8.79085900891,49.2948067755,0,0,0,12,12,1858,4202
compact51_marcy__paper_roles,2019-12-06 09:00:00,8.04895959181,342.339707465,0,0,0,12,12,1342,8039
compact51_marcy__paper_roles,2019-12-06 10:00:00,8.32287824295,1271.70863344,1,0,0,12,12,1519,8544
compact51_marcy__paper_roles,2019-12-06 11:00:00,9.17803171588,415.237912092,1,0,0,12,12,2166,8152
compact51_marcy__paper_roles,2019-12-06 12:00:00,8.58440608719,7109.73824525,1,0,0,12,12,1711,8727
compact51_marcy__paper_roles,2019-12-06 13:00:00,8.4750824785,318.410901423,0,0,0,12,12,1637,7980
compact51_marcy__paper_roles,2019-12-06 14:00:00,8.18347392612,152.414442496,0,0,0,12,12,1422,7082
compact51_marcy__paper_roles,2019-12-06 15:00:00,8.17751452518,67.6775638856,0,0,0,12,12,1420,5192
compact51_marcy__paper_roles,2019-12-06 16:00:00,9.29043445689,89.5890295568,0,0,0,12,12,2256,5949
compact51_marcy__paper_roles,2019-12-06 17:00:00,8.3030110478,102.804714296,0,0,0,12,12,1501,6309
compact51_marcy__paper_roles,2019-12-06 18:00:00,7.56577358991,80.1952629027,0,0,0,12,12,1062,5653
compact51_marcy__paper_roles,2019-12-06 19:00:00,5.80964338589,43.1683457024,0,0,0,12,12,253,3720
compact51_marcy__paper_roles,2019-12-06 20:00:00,8.82181074554,52.6004518992,0,0,0,12,12,1883,4418
compact51_marcy__paper_roles,2019-12-06 21:00:00,6.98930158761,13.900253552,0,0,0,12,12,726,194
compact51_marcy__paper_roles,2019-12-06 22:00:00,12.8752012935,32.4533328923,0,0,0,12,12,5211,2646
compact51_marcy__paper_roles,2019-12-06 23:00:00,14.106285359,28.0006347756,0,0,0,12,12,6014,2047
compact51_marcy__paper_roles,2019-12-07 00:00:00,21.5180190438,82.9290373021,0,0,0,12,12,8281,5741
compact51_marcy__paper_roles,2019-12-07 01:00:00,18.14973636,57.5096918293,0,0,0,12,12,7661,4718
compact51_marcy__paper_roles,2019-12-07 02:00:00,16.0932652659,46.1023150813,0,0,0,12,12,6972,3947
compact51_marcy__paper_roles,2019-12-07 03:00:00,15.1866990364,55.9583607888,0,0,0,12,12,6575,4638
compact51_marcy__paper_roles,2019-12-07 04:00:00,14.3036836832,41.0977115399,0,0,0,12,12,6132,3563
compact51_marcy__paper_roles,2019-12-07 05:00:00,15.170670644,61.6744278176,0,0,0,12,12,6568,4917
compact51_marcy__paper_roles,2019-12-07 06:00:00,15.859267919,3402.18333929,1,0,0,12,12,6880,8677
compact51_marcy__paper_roles,2019-12-07 07:00:00,12.8152275832,51.7373318134,0,0,0,12,12,5165,4364
compact51_marcy__paper_roles,2019-12-07 08:00:00,11.0652385777,18.7119031885,0,0,0,12,12,3761,681
compact51_marcy__paper_roles,2019-12-07 09:00:00,11.7253652534,74.881840552,0,0,0,12,12,4293,5465
compact51_marcy__paper_roles,2019-12-07 10:00:00,8.73866276642,123.499311036,1,0,0,12,12,1831,6701
compact51_marcy__paper_roles,2019-12-07 11:00:00,8.78340224814,15.6082081628,0,0,0,12,12,1854,326
compact51_marcy__paper_roles,2019-12-07 12:00:00,13.6045232648,50394.2039206,0,0,0,12,12,5704,8754
compact51_marcy__paper_roles,2019-12-07 13:00:00,11.1294035931,333.701606777,0,0,0,12,12,3818,8017
compact51_marcy__paper_roles,2019-12-07 14:00:00,8.65391921474,157.269310603,0,0,0,12,12,1772,7138
compact51_marcy__paper_roles,2019-12-07 15:00:00,7.40111470748,87.4008987329,0,0,0,12,12,952,5885
compact51_marcy__paper_roles,2019-12-07 16:00:00,5.96613962414,32.7491430151,0,0,0,12,12,294,2674
compact51_marcy__paper_roles,2019-12-07 17:00:00,8.6626205296,123.148582326,0,0,0,12,12,1782,6692
compact51_marcy__paper_roles,2019-12-07 18:00:00,7.79359107682,121.814080626,0,0,0,12,12,1193,6664
compact51_marcy__paper_roles,2019-12-07 19:00:00,5.63017150299,29.3680644621,0,0,0,12,12,213,2261
compact51_marcy__paper_roles,2019-12-07 20:00:00,5.39485923802,16.834946677,0,0,0,12,12,160,466
compact51_marcy__paper_roles,2019-12-07 21:00:00,4.32802232512,16.9362526652,0,0,0,12,12,42,472
compact51_marcy__paper_roles,2019-12-07 22:00:00,6.20812683868,20.0568807872,0,0,0,12,12,365,880
compact51_marcy__paper_roles,2019-12-07 23:00:00,11.8742724125,21.0617909675,0,0,0,13,12,4408,1021
compact51_marcy__paper_roles,2019-12-08 00:00:00,12.7294474536,19.2085985473,0,0,0,12,12,5096,754
compact51_marcy__paper_roles,2019-12-08 01:00:00,12.1058749962,20.1661579226,0,0,0,12,12,4591,894
compact51_marcy__paper_roles,2019-12-08 02:00:00,12.3980270737,23.6651511864,0,0,0,12,12,4820,1396
compact51_marcy__paper_roles,2019-12-08 03:00:00,14.6091600939,25.1898601403,0,0,0,12,12,6289,1615
compact51_marcy__paper_roles,2019-12-08 04:00:00,14.0555028527,26.1277332861,0,0,0,12,12,5987,1779
compact51_marcy__paper_roles,2019-12-08 05:00:00,14.0087591532,29.3166137611,0,0,0,12,12,5956,2252
compact51_marcy__paper_roles,2019-12-08 06:00:00,14.3737561823,35.3656899978,0,0,0,12,12,6166,2981
compact51_marcy__paper_roles,2019-12-08 07:00:00,15.0568028589,41.6608526284,0,0,0,12,12,6511,3592
compact51_marcy__paper_roles,2019-12-08 08:00:00,14.8533836599,59.9983940678,0,0,0,12,12,6404,4835
compact51_marcy__paper_roles,2019-12-08 09:00:00,16.5858901333,85.5415651459,0,0,0,12,12,7177,5840
compact51_marcy__paper_roles,2019-12-08 10:00:00,13.9453247013,71.854979342,0,0,0,12,12,5920,5347
compact51_marcy__paper_roles,2019-12-08 11:00:00,14.0044760227,97.9117600321,0,0,0,12,12,5950,6186
compact51_marcy__paper_roles,2019-12-08 12:00:00,14.6940592591,91.9551375456,0,0,0,12,12,6319,6019
compact51_marcy__paper_roles,2019-12-08 13:00:00,14.5683651346,130.902944329,0,0,0,13,13,6267,6817
compact51_marcy__paper_roles,2019-12-08 14:00:00,13.2715346208,115.634882881,0,0,0,12,12,5492,6548
compact51_marcy__paper_roles,2019-12-08 15:00:00,11.8557366456,84.1344274328,0,0,0,12,12,4393,5787
compact51_marcy__paper_roles,2019-12-08 16:00:00,13.6247901262,120.171515228,0,0,0,12,12,5720,6625
compact51_marcy__paper_roles,2019-12-08 17:00:00,18.9852015925,83.1747484432,0,0,0,12,12,7862,5748
compact51_marcy__paper_roles,2019-12-08 18:00:00,17.2195686873,120.022086895,0,0,0,12,12,7392,6617
compact51_marcy__paper_roles,2019-12-08 19:00:00,16.2909534279,74.0569805702,0,0,0,12,12,7058,5438
compact51_marcy__paper_roles,2019-12-08 20:00:00,15.521649725,99.2592313493,0,0,0,12,12,6739,6219
compact51_marcy__paper_roles,2019-12-08 21:00:00,13.9418888401,82.3091174127,0,0,0,12,12,5917,5722
compact51_marcy__paper_roles,2019-12-08 22:00:00,11.0723467742,60.2744528451,0,0,0,12,12,3767,4844
compact51_marcy__paper_roles,2019-12-08 23:00:00,12.6808886551,356.673483698,0,0,0,13,13,5060,8074
compact51_marcy__paper_roles,2019-12-09 00:00:00,13.2178109568,92.7685163083,0,0,0,12,12,5453,6046
compact51_marcy__paper_roles,2019-12-09 01:00:00,13.3372182152,131.671914059,1,0,0,12,12,5535,6828
compact51_marcy__paper_roles,2019-12-09 02:00:00,15.2565423586,697.179341611,1,0,0,12,12,6609,8400
compact51_marcy__paper_roles,2019-12-09 03:00:00,14.3373650031,853.628674605,1,0,0,12,12,6144,8452
compact51_marcy__paper_roles,2019-12-09 04:00:00,14.1937808627,1096.71794851,0,0,0,12,12,6064,8515
compact51_marcy__paper_roles,2019-12-09 05:00:00,13.1643250834,157.750064199,0,0,0,12,12,5412,7145
compact51_marcy__paper_roles,2019-12-09 06:00:00,17.3671872096,855.75356325,1,0,0,12,12,7452,8453
compact51_marcy__paper_roles,2019-12-09 07:00:00,14.3784592016,433.114497492,0,0,0,12,12,6169,8173
compact51_marcy__paper_roles,2019-12-09 08:00:00,12.4934856107,147.636149045,0,0,0,12,12,4910,7029
compact51_marcy__paper_roles,2019-12-09 09:00:00,12.2975493596,183.15563747,0,0,0,12,12,4743,7370
compact51_marcy__paper_roles,2019-12-09 10:00:00,11.9835260218,121.011165393,0,0,0,12,12,4498,6648
compact51_marcy__paper_roles,2019-12-09 11:00:00,15.4481844239,425.772999061,0,0,0,10,9,6700,8163
compact51_marcy__paper_roles,2019-12-09 12:00:00,13.0498021482,105.820905657,0,0,0,12,12,5332,6378
compact51_marcy__paper_roles,2019-12-09 13:00:00,10.2312319814,79.9234364362,0,0,0,12,12,3072,5647
compact51_marcy__paper_roles,2019-12-09 14:00:00,11.0826782873,124.526696806,0,0,0,12,12,3780,6714
compact51_marcy__paper_roles,2019-12-09 15:00:00,9.96843048328,79.0441641481,0,0,0,12,12,2811,5607
compact51_marcy__paper_roles,2019-12-09 16:00:00,9.45894825053,73.5470720264,0,0,0,12,12,2405,5406
compact51_marcy__paper_roles,2019-12-09 17:00:00,11.3627873364,204.747646629,0,0,0,12,12,3994,7525
compact51_marcy__paper_roles,2019-12-09 18:00:00,9.15743926605,126.019273457,0,0,0,11,11,2150,6741
compact51_marcy__paper_roles,2019-12-09 19:00:00,12.1665255208,398.901520574,0,0,0,13,13,4646,8138
compact51_marcy__paper_roles,2019-12-09 20:00:00,12.4530503138,509.745352574,0,0,0,12,12,4872,8262
compact51_marcy__paper_roles,2019-12-09 21:00:00,12.6153679342,120.774313496,0,0,0,12,12,4992,6645
compact51_marcy__paper_roles,2019-12-09 22:00:00,10.5634915125,156.723998804,0,0,0,12,12,3359,7133
compact51_marcy__paper_roles,2019-12-09 23:00:00,11.0863378366,98.0965034275,0,0,0,12,12,3783,6189
compact51_marcy__paper_roles,2019-12-10 00:00:00,8.46153794642,124.7026637,0,0,0,12,12,1627,6717
compact51_marcy__paper_roles,2019-12-10 01:00:00,13.6358978494,893.087724655,0,0,0,12,12,5725,8466
compact51_marcy__paper_roles,2019-12-10 02:00:00,16.4362850397,1688.52897139,1,0,0,12,12,7119,8587
compact51_marcy__paper_roles,2019-12-10 03:00:00,17.6265624624,2228.93146787,1,0,0,12,12,7518,8635
compact51_marcy__paper_roles,2019-12-10 04:00:00,15.2950454719,2436.23764782,1,0,0,12,12,6626,8648
compact51_marcy__paper_roles,2019-12-10 05:00:00,15.7039815943,1183.37186261,1,0,0,12,12,6811,8533
compact51_marcy__paper_roles,2019-12-10 06:00:00,12.7387574661,166.491958003,0,0,0,12,12,5101,7235
compact51_marcy__paper_roles,2019-12-10 07:00:00,14.0644295752,238.65524031,0,0,0,11,11,5991,7708
compact51_marcy__paper_roles,2019-12-10 08:00:00,15.0954226125,221.702770871,0,0,0,12,12,6530,7615
compact51_marcy__paper_roles,2019-12-10 09:00:00,13.6714554487,1270.31804296,1,0,0,12,12,5746,8543
compact51_marcy__paper_roles,2019-12-10 10:00:00,13.4175299939,1444.17030036,1,0,0,12,12,5586,8569
compact51_marcy__paper_roles,2019-12-10 11:00:00,11.9332564522,547.066443769,1,0,0,12,12,4454,8293
compact51_marcy__paper_roles,2019-12-10 12:00:00,15.9168867186,482.903666442,1,0,0,12,12,6903,8229
compact51_marcy__paper_roles,2019-12-10 13:00:00,16.4264675791,506.735774323,1,0,0,12,12,7112,8258
compact51_marcy__paper_roles,2019-12-10 14:00:00,15.230052558,366.110796924,1,0,0,12,12,6595,8093
compact51_marcy__paper_roles,2019-12-10 15:00:00,16.3839440112,12076.2042449,0,0,0,12,12,7095,8738
compact51_marcy__paper_roles,2019-12-10 16:00:00,14.8480726233,535.419934597,0,0,0,12,12,6403,8288
compact51_marcy__paper_roles,2019-12-10 17:00:00,14.9007155374,969.042076221,0,0,0,12,12,6430,8487
compact51_marcy__paper_roles,2019-12-10 18:00:00,13.5670422201,387.58742948,0,0,0,12,12,5682,8122
compact51_marcy__paper_roles,2019-12-10 19:00:00,14.2212356044,2627.66091304,0,0,0,12,12,6085,8654
compact51_marcy__paper_roles,2019-12-10 20:00:00,15.9315520557,1010.51459444,1,0,0,12,12,6909,8497
compact51_marcy__paper_roles,2019-12-10 21:00:00,16.9812692277,396.232098462,0,0,0,12,12,7293,8133
compact51_marcy__paper_roles,2019-12-10 22:00:00,15.9680339891,306.463863699,0,0,0,12,12,6927,7946
compact51_marcy__paper_roles,2019-12-10 23:00:00,17.9927930379,187.641926103,0,0,0,12,12,7628,7403
compact51_marcy__paper_roles,2019-12-11 00:00:00,14.8092571632,125.673764601,0,0,0,12,12,6387,6733
compact51_marcy__paper_roles,2019-12-11 01:00:00,13.0876235464,79.6628406226,0,0,0,12,12,5357,5639
compact51_marcy__paper_roles,2019-12-11 02:00:00,14.2378947867,105.978913095,0,0,0,12,12,6095,6379
compact51_marcy__paper_roles,2019-12-11 03:00:00,15.4748420574,109.628968321,0,0,0,12,12,6711,6440
compact51_marcy__paper_roles,2019-12-11 04:00:00,15.3210810447,96.3608870309,0,0,0,12,12,6642,6156
compact51_marcy__paper_roles,2019-12-11 05:00:00,15.3192173077,77.0469203004,0,0,0,12,12,6641,5542
compact51_marcy__paper_roles,2019-12-11 06:00:00,14.2011898934,52.1460926112,0,0,0,12,12,6069,4390
compact51_marcy__paper_roles,2019-12-11 07:00:00,16.6784538951,28.2259513384,0,0,0,12,12,7204,2077
compact51_marcy__paper_roles,2019-12-11 08:00:00,17.0716325366,28.7188455272,0,0,0,12,12,7334,2158
compact51_marcy__paper_roles,2019-12-11 09:00:00,15.3166105628,26.1283222178,0,0,0,12,12,6638,1780
compact51_marcy__paper_roles,2019-12-11 10:00:00,13.8570355176,27.0972300914,0,0,0,12,12,5869,1922
compact51_marcy__paper_roles,2019-12-11 11:00:00,12.7835195557,24.1640377397,0,0,0,10,10,5142,1483
compact51_marcy__paper_roles,2019-12-11 12:00:00,9.82955046142,22.8886861441,0,0,0,12,12,2679,1290
compact51_marcy__paper_roles,2019-12-11 13:00:00,10.767236213,204.187248278,0,0,0,11,11,3525,7520
compact51_marcy__paper_roles,2019-12-11 14:00:00,12.6913855784,3433.87586427,1,0,0,12,12,5067,8680
compact51_marcy__paper_roles,2019-12-11 15:00:00,12.4461066098,653.137131871,1,0,0,12,12,4865,8366
compact51_marcy__paper_roles,2019-12-11 16:00:00,15.7785796878,345.964624749,1,0,0,12,12,6839,8050
compact51_marcy__paper_roles,2019-12-11 17:00:00,20.9717761048,560.753922402,1,0,0,12,12,8204,8303
compact51_marcy__paper_roles,2019-12-11 18:00:00,19.829326535,434.875619794,1,0,0,12,12,8027,8176
compact51_marcy__paper_roles,2019-12-11 19:00:00,17.807335499,605.690932004,1,0,0,12,12,7578,8342
compact51_marcy__paper_roles,2019-12-11 20:00:00,14.3820975357,778.499904629,0,0,0,12,12,6176,8430
compact51_marcy__paper_roles,2019-12-11 21:00:00,15.3759287724,280.822648225,0,0,0,12,12,6668,7869
compact51_marcy__paper_roles,2019-12-11 22:00:00,13.6691653634,90.8099981509,0,0,0,12,12,5745,5980
compact51_marcy__paper_roles,2019-12-11 23:00:00,14.1395931401,36.6171844399,0,0,0,12,12,6034,3116
compact51_marcy__paper_roles,2019-12-12 00:00:00,13.4804957066,88.1334476923,0,0,0,12,12,5624,5901
compact51_marcy__paper_roles,2019-12-12 01:00:00,13.187606973,54.4087356283,0,0,0,12,12,5433,4541
compact51_marcy__paper_roles,2019-12-12 02:00:00,12.6222821457,55.1728449355,0,0,0,12,12,5001,4587
compact51_marcy__paper_roles,2019-12-12 03:00:00,9.13069963576,26.5657453474,0,0,0,12,12,2133,1846
compact51_marcy__paper_roles,2019-12-12 04:00:00,10.8472841437,29.3391202199,0,0,0,12,12,3596,2256
compact51_marcy__paper_roles,2019-12-12 05:00:00,10.1964867293,29.4072300112,0,0,0,12,12,3033,2266
compact51_marcy__paper_roles,2019-12-12 06:00:00,14.0586645573,485.500738643,0,0,0,12,12,5989,8233
compact51_marcy__paper_roles,2019-12-12 07:00:00,18.1689476353,922.428391942,0,0,0,12,12,7666,8473
compact51_marcy__paper_roles,2019-12-12 08:00:00,11.2693363417,192.365524215,0,0,0,12,12,3927,7434
compact51_marcy__paper_roles,2019-12-12 09:00:00,9.06946713682,80.6905360539,0,0,0,12,12,2087,5671
compact51_marcy__paper_roles,2019-12-12 10:00:00,10.4850852033,208.972567184,1,0,0,12,12,3287,7549
compact51_marcy__paper_roles,2019-12-12 11:00:00,7.78094636869,190.320115306,0,0,0,7,7,1187,7416
compact51_marcy__paper_roles,2019-12-12 12:00:00,6.55979001068,34.679662395,0,7,0,0,0,510,2904
compact51_marcy__paper_roles,2019-12-12 13:00:00,5.99461774418,20.9547001908,0,0,0,10,10,300,1006
compact51_marcy__paper_roles,2019-12-12 14:00:00,7.27039104857,16.9391167324,0,0,0,12,12,873,473
compact51_marcy__paper_roles,2019-12-12 15:00:00,7.37786030201,19.0588181585,0,0,0,12,12,937,729
compact51_marcy__paper_roles,2019-12-12 16:00:00,7.70304036239,21.5765629306,0,0,0,7,7,1132,1089
compact51_marcy__paper_roles,2019-12-12 17:00:00,11.8840043643,41.0669995117,0,0,0,12,12,4421,3561
compact51_marcy__paper_roles,2019-12-12 18:00:00,12.0885187629,58.281487969,0,0,0,12,12,4578,4747
compact51_marcy__paper_roles,2019-12-12 19:00:00,11.5286080349,58.8155287873,0,0,0,12,12,4145,4772
compact51_marcy__paper_roles,2019-12-12 20:00:00,14.7786245027,277.942455466,0,0,0,12,12,6368,7849
compact51_marcy__paper_roles,2019-12-12 21:00:00,14.472640117,653.734861926,1,0,0,12,12,6223,8367
compact51_marcy__paper_roles,2019-12-12 22:00:00,12.406557933,755.308384066,0,0,0,12,12,4826,8420
compact51_marcy__paper_roles,2019-12-12 23:00:00,12.0111301069,112.801110282,0,0,0,12,12,4521,6500
compact51_marcy__paper_roles,2019-12-13 00:00:00,15.0546937304,235.997478342,0,0,0,12,12,6510,7696
compact51_marcy__paper_roles,2019-12-13 01:00:00,15.9330448533,171.73215851,0,0,0,12,12,6911,7287
compact51_marcy__paper_roles,2019-12-13 02:00:00,14.4536202003,135.810792571,0,0,0,12,12,6206,6884
compact51_marcy__paper_roles,2019-12-13 03:00:00,14.9042766723,160.740403917,0,0,0,12,12,6433,7176
compact51_marcy__paper_roles,2019-12-13 04:00:00,15.0659576887,132.458371311,0,0,0,12,12,6514,6841
compact51_marcy__paper_roles,2019-12-13 05:00:00,16.1407572912,241.714527079,0,0,0,12,12,6996,7721
compact51_marcy__paper_roles,2019-12-13 06:00:00,15.2795546678,107.352666985,0,0,0,13,13,6616,6400
compact51_marcy__paper_roles,2019-12-13 07:00:00,17.1380464776,356.02451722,0,0,0,12,12,7366,8073
compact51_marcy__paper_roles,2019-12-13 08:00:00,14.792588973,143.558653984,0,0,0,12,12,6376,6985
compact51_marcy__paper_roles,2019-12-13 09:00:00,13.0051525319,139.675667522,0,0,0,12,12,5302,6933
compact51_marcy__paper_roles,2019-12-13 10:00:00,11.4937222236,81.1654565248,0,0,0,11,11,4111,5693
compact51_marcy__paper_roles,2019-12-13 11:00:00,11.5721039927,83.283762494,0,0,0,11,11,4175,5754
compact51_marcy__paper_roles,2019-12-13 12:00:00,10.8364375457,44.6199197799,0,0,0,12,12,3590,3833
compact51_marcy__paper_roles,2019-12-13 13:00:00,10.4214452883,51.1219740611,0,0,0,11,11,3231,4317
compact51_marcy__paper_roles,2019-12-13 14:00:00,10.1562644585,27.6614867165,0,0,0,12,12,2990,2000
compact51_marcy__paper_roles,2019-12-13 15:00:00,12.5003749912,50.9449959143,0,0,0,9,8,4915,4302
compact51_marcy__paper_roles,2019-12-13 16:00:00,11.9099678867,25.5975119033,0,0,0,12,12,4440,1677
compact51_marcy__paper_roles,2019-12-13 17:00:00,14.7335407895,90.0800954542,0,0,0,12,12,6345,5966
compact51_marcy__paper_roles,2019-12-13 18:00:00,11.367620972,61.9618310986,0,0,0,12,12,3997,4930
compact51_marcy__paper_roles,2019-12-13 19:00:00,12.7973734814,109.349269065,0,0,0,12,12,5152,6434
compact51_marcy__paper_roles,2019-12-13 20:00:00,11.6992668824,158.979971233,0,0,0,14,14,4277,7161
compact51_marcy__paper_roles,2019-12-13 21:00:00,11.5106324606,158.959693198,0,0,0,10,10,4131,7159
compact51_marcy__paper_roles,2019-12-13 22:00:00,8.69187603912,80.2008661943,0,0,0,12,12,1800,5654
compact51_marcy__paper_roles,2019-12-13 23:00:00,9.58697733491,36.3900116887,0,0,0,12,12,2497,3089
compact51_marcy__paper_roles,2019-12-14 00:00:00,12.9120995247,412.286041443,0,0,0,12,12,5241,8150
compact51_marcy__paper_roles,2019-12-14 01:00:00,12.994229062,1660.00631938,1,0,0,12,12,5294,8583
compact51_marcy__paper_roles,2019-12-14 02:00:00,14.2487592499,1374.35446619,1,0,0,12,12,6103,8555
compact51_marcy__paper_roles,2019-12-14 03:00:00,15.4371842933,2827.42510585,1,0,0,12,12,6696,8660
compact51_marcy__paper_roles,2019-12-14 04:00:00,16.2410556988,359.609858378,1,0,0,12,12,7031,8083
compact51_marcy__paper_roles,2019-12-14 05:00:00,17.8869919791,323.00286745,1,0,0,12,12,7597,7989
compact51_marcy__paper_roles,2019-12-14 06:00:00,16.1390181642,275.632828646,1,0,0,12,12,6995,7842
compact51_marcy__paper_roles,2019-12-14 07:00:00,17.6748891226,284.104152556,1,0,0,12,12,7535,7879
compact51_marcy__paper_roles,2019-12-14 08:00:00,17.0270441014,327.034151032,1,0,0,12,12,7314,8001
compact51_marcy__paper_roles,2019-12-14 09:00:00,13.7967002133,136.663904728,1,0,0,12,12,5828,6892
compact51_marcy__paper_roles,2019-12-14 10:00:00,13.781244374,180.829835261,1,0,0,12,12,5820,7355
compact51_marcy__paper_roles,2019-12-14 11:00:00,12.3312789966,179.07495607,1,0,0,12,12,4771,7342
compact51_marcy__paper_roles,2019-12-14 12:00:00,14.1524278015,139.700543513,1,0,0,12,12,6043,6935
compact51_marcy__paper_roles,2019-12-14 13:00:00,13.7785535423,144.639929561,1,0,0,12,12,5816,6994
compact51_marcy__paper_roles,2019-12-14 14:00:00,12.6755582458,209.999783311,1,0,0,12,12,5054,7556
compact51_marcy__paper_roles,2019-12-14 15:00:00,13.2589533655,190.773475574,1,0,0,12,12,5482,7420
compact51_marcy__paper_roles,2019-12-14 16:00:00,11.5620178013,154.108067233,1,0,0,12,12,4164,7106
compact51_marcy__paper_roles,2019-12-14 17:00:00,11.0437506329,156.113473268,1,0,0,12,12,3744,7129
compact51_marcy__paper_roles,2019-12-14 18:00:00,11.3109231013,184.310464,1,0,0,12,12,3950,7379
compact51_marcy__paper_roles,2019-12-14 19:00:00,13.0378625925,230.089717169,1,0,0,12,12,5324,7661
compact51_marcy__paper_roles,2019-12-14 20:00:00,11.6813997236,538.278440537,1,0,0,12,12,4261,8291
compact51_marcy__paper_roles,2019-12-14 21:00:00,10.2098714856,4526.93202595,1,0,0,12,12,3051,8704
compact51_marcy__paper_roles,2019-12-14 22:00:00,13.2193493189,1123.68590369,0,0,0,12,12,5457,8522
compact51_marcy__paper_roles,2019-12-14 23:00:00,14.9004124076,655.102858647,1,0,0,12,12,6429,8368
compact51_marcy__paper_roles,2019-12-15 00:00:00,15.1824047253,250.638369112,1,0,0,12,12,6572,7764
compact51_marcy__paper_roles,2019-12-15 01:00:00,13.7005316124,564.00767668,1,0,0,12,12,5764,8309
compact51_marcy__paper_roles,2019-12-15 02:00:00,11.682760016,1612.64028581,0,0,0,12,12,4262,8581
compact51_marcy__paper_roles,2019-12-15 03:00:00,12.6841035046,1839.09336797,0,0,0,12,12,5062,8604
compact51_marcy__paper_roles,2019-12-15 04:00:00,12.8508032817,4631.49140662,1,0,0,12,12,5197,8706
compact51_marcy__paper_roles,2019-12-15 05:00:00,15.0698223402,348.982986879,1,0,0,12,12,6516,8062
compact51_marcy__paper_roles,2019-12-15 06:00:00,17.2276352967,237.725592394,1,0,0,12,12,7396,7704
compact51_marcy__paper_roles,2019-12-15 07:00:00,16.443389585,2698.24944817,1,0,0,12,12,7120,8656
compact51_marcy__paper_roles,2019-12-15 08:00:00,18.2203746476,2141.05971082,1,0,0,12,12,7684,8628
compact51_marcy__paper_roles,2019-12-15 09:00:00,20.5313099992,590.085407691,1,0,0,12,12,8144,8333
compact51_marcy__paper_roles,2019-12-15 10:00:00,18.4840433063,599.892389635,0,0,0,12,12,7746,8336
compact51_marcy__paper_roles,2019-12-15 11:00:00,18.253970477,686.808853645,0,0,0,12,12,7695,8392
compact51_marcy__paper_roles,2019-12-15 12:00:00,15.9322492493,376.497126147,0,0,0,12,12,6910,8109
compact51_marcy__paper_roles,2019-12-15 13:00:00,15.559660456,259.865415204,0,0,0,12,12,6753,7799
compact51_marcy__paper_roles,2019-12-15 14:00:00,14.1675563103,348.191052771,0,0,0,12,12,6049,8059
compact51_marcy__paper_roles,2019-12-15 15:00:00,13.4990904186,1116.27504748,0,0,0,12,12,5639,8521
compact51_marcy__paper_roles,2019-12-15 16:00:00,13.3417879731,2071.40106375,1,0,0,12,12,5538,8621
compact51_marcy__paper_roles,2019-12-15 17:00:00,13.1575972429,339.786490636,1,0,0,12,12,5409,8029
compact51_marcy__paper_roles,2019-12-15 18:00:00,14.0113645103,257.112850741,1,0,0,12,12,5958,7787
compact51_marcy__paper_roles,2019-12-15 19:00:00,14.8170482441,231.354802117,1,0,0,12,12,6390,7668
compact51_marcy__paper_roles,2019-12-15 20:00:00,12.9176855508,192.655145378,1,0,0,12,12,5247,7436
compact51_marcy__paper_roles,2019-12-15 21:00:00,11.1090362156,324.22724925,1,0,0,12,12,3803,7993
compact51_marcy__paper_roles,2019-12-15 22:00:00,13.7157314174,1407.85973181,1,0,0,12,12,5776,8561
compact51_marcy__paper_roles,2019-12-15 23:00:00,16.7722060252,31912.3313916,0,0,0,12,12,7229,8751
compact51_marcy__paper_roles,2019-12-16 00:00:00,18.2540444811,357.366218476,1,0,0,12,12,7696,8077
compact51_marcy__paper_roles,2019-12-16 01:00:00,12.2631834226,3041.56955885,0,0,0,12,12,4718,8669
compact51_marcy__paper_roles,2019-12-16 02:00:00,11.7479054999,3054.07403696,1,0,0,12,12,4306,8671
compact51_marcy__paper_roles,2019-12-16 03:00:00,12.7356434627,1179.27134659,1,0,0,12,12,5100,8532
compact51_marcy__paper_roles,2019-12-16 04:00:00,14.2677502132,3046.8104233,0,0,0,13,12,6108,8670
compact51_marcy__paper_roles,2019-12-16 05:00:00,14.9744377694,1834.92823952,1,0,0,12,12,6471,8603
compact51_marcy__paper_roles,2019-12-16 06:00:00,15.340529137,273.065484079,1,0,0,12,12,6651,7833
compact51_marcy__paper_roles,2019-12-16 07:00:00,15.7350401633,368.414084251,1,0,0,12,12,6822,8096
compact51_marcy__paper_roles,2019-12-16 08:00:00,13.4002514663,176.509269264,1,0,0,12,12,5571,7327
compact51_marcy__paper_roles,2019-12-16 09:00:00,11.1448836299,398.123444822,1,0,0,12,12,3829,8134
compact51_marcy__paper_roles,2019-12-16 10:00:00,11.1259800142,2082.62942267,1,0,0,12,12,3816,8622
compact51_marcy__paper_roles,2019-12-16 11:00:00,8.41185573702,408.583789425,0,0,0,12,12,1587,8146
compact51_marcy__paper_roles,2019-12-16 12:00:00,6.38919859297,73.6973428658,0,0,0,12,12,438,5416
compact51_marcy__paper_roles,2019-12-16 13:00:00,6.96830635793,63.8073493087,0,0,0,12,12,713,5016
compact51_marcy__paper_roles,2019-12-16 14:00:00,5.49521253496,39.0271685837,0,0,0,12,12,179,3361
compact51_marcy__paper_roles,2019-12-16 15:00:00,6.48309510863,51.7451302052,0,0,0,12,12,475,4366
compact51_marcy__paper_roles,2019-12-16 16:00:00,8.36293860318,147.341525596,0,0,0,12,12,1553,7027
compact51_marcy__paper_roles,2019-12-16 17:00:00,10.0098852754,223.700311758,0,0,0,12,12,2858,7627
compact51_marcy__paper_roles,2019-12-16 18:00:00,7.50299318529,153.115745447,0,0,0,12,12,1024,7095
compact51_marcy__paper_roles,2019-12-16 19:00:00,6.640582371,227.774054694,0,0,0,12,12,544,7648
compact51_marcy__paper_roles,2019-12-16 20:00:00,9.16085540689,76.5672777475,0,0,0,12,12,2154,5529
compact51_marcy__paper_roles,2019-12-16 21:00:00,8.66652596799,15.8920870616,0,0,0,12,12,1784,357
compact51_marcy__paper_roles,2019-12-16 22:00:00,5.30038395974,13.7548348962,0,0,0,12,12,140,187
compact51_marcy__paper_roles,2019-12-16 23:00:00,8.6577896128,13.0048115871,0,0,0,12,12,1775,127
compact51_marcy__paper_roles,2019-12-17 00:00:00,7.07713741844,17.7744232881,0,0,0,12,12,773,566
compact51_marcy__paper_roles,2019-12-17 01:00:00,7.1659247325,18.2071454967,0,0,0,12,12,809,614
compact51_marcy__paper_roles,2019-12-17 02:00:00,7.68411439364,14.8985997405,0,0,0,12,12,1122,260
compact51_marcy__paper_roles,2019-12-17 03:00:00,8.41461430083,24.0974447222,0,0,0,12,12,1589,1476
compact51_marcy__paper_roles,2019-12-17 04:00:00,6.14207381992,66.2389383789,0,0,0,12,12,346,5131
compact51_marcy__paper_roles,2019-12-17 05:00:00,11.5341931053,187.410035726,0,0,0,12,12,4149,7400
compact51_marcy__paper_roles,2019-12-17 06:00:00,13.0957625634,104.877302247,0,0,0,12,12,5362,6358
compact51_marcy__paper_roles,2019-12-17 07:00:00,15.4542245226,1862.63447604,0,0,0,12,12,6703,8608
compact51_marcy__paper_roles,2019-12-17 08:00:00,14.9751837015,757.194098935,1,0,0,12,12,6472,8421
compact51_marcy__paper_roles,2019-12-17 09:00:00,12.3455525221,801.996166375,1,0,0,12,12,4782,8433
compact51_marcy__paper_roles,2019-12-17 10:00:00,11.0383403218,86.7249454664,0,0,0,12,12,3738,5872
compact51_marcy__paper_roles,2019-12-17 11:00:00,9.64141231265,17.4160997459,0,0,0,12,12,2527,526
compact51_marcy__paper_roles,2019-12-17 12:00:00,7.91914839693,15.6535933593,0,0,0,12,12,1260,330
compact51_marcy__paper_roles,2019-12-17 13:00:00,8.31154440694,21.402068026,0,0,0,12,12,1514,1068
compact51_marcy__paper_roles,2019-12-17 14:00:00,8.07942938544,13.5061439599,0,0,0,13,12,1355,172
compact51_marcy__paper_roles,2019-12-17 15:00:00,8.01191709486,15.1955617123,0,0,0,13,13,1315,284
compact51_marcy__paper_roles,2019-12-17 16:00:00,9.02572697695,21.7960873719,0,0,0,11,11,2052,1119
compact51_marcy__paper_roles,2019-12-17 17:00:00,12.2291658983,16.4062601653,0,0,0,12,12,4689,418
compact51_marcy__paper_roles,2019-12-17 18:00:00,10.5721893991,16.4733630886,0,0,0,13,13,3367,428
compact51_marcy__paper_roles,2019-12-17 19:00:00,10.163645298,39.1385865086,0,0,0,12,12,2999,3373
compact51_marcy__paper_roles,2019-12-17 20:00:00,9.88846160441,33.9235934553,0,0,0,12,12,2736,2813
compact51_marcy__paper_roles,2019-12-17 21:00:00,9.60935312156,31.2351816835,0,0,0,12,12,2508,2495
compact51_marcy__paper_roles,2019-12-17 22:00:00,11.2457779096,24.4277822558,0,0,0,12,12,3900,1518
compact51_marcy__paper_roles,2019-12-17 23:00:00,9.57647301758,24.1216332946,0,0,0,12,12,2489,1480
compact51_marcy__paper_roles,2019-12-18 00:00:00,13.3697015154,44.1586880109,0,0,0,12,12,5553,3801
compact51_marcy__paper_roles,2019-12-18 01:00:00,9.50569213132,33.0067860566,0,0,0,12,12,2435,2697
compact51_marcy__paper_roles,2019-12-18 02:00:00,14.2087740751,46.3024540206,0,0,0,12,12,6076,3958
compact51_marcy__paper_roles,2019-12-18 03:00:00,11.7471426169,28.5713766898,0,0,0,12,12,4305,2132
compact51_marcy__paper_roles,2019-12-18 04:00:00,13.1234991957,45.8361531448,0,0,0,12,12,5381,3927
compact51_marcy__paper_roles,2019-12-18 05:00:00,13.1085381718,61.003695763,0,0,0,12,12,5369,4883
compact51_marcy__paper_roles,2019-12-18 06:00:00,13.4157454335,56.7784607299,0,0,0,12,12,5584,4681
compact51_marcy__paper_roles,2019-12-18 07:00:00,8.98455776501,22.1981622218,0,0,0,12,12,2023,1180
compact51_marcy__paper_roles,2019-12-18 08:00:00,7.48842145286,15.2116884953,0,0,0,12,12,1018,286
compact51_marcy__paper_roles,2019-12-18 09:00:00,8.37513352072,14.3231577625,0,0,0,12,12,1563,221
compact51_marcy__paper_roles,2019-12-18 10:00:00,8.2425378641,19.1103851302,0,0,0,12,12,1464,733
compact51_marcy__paper_roles,2019-12-18 11:00:00,10.1545332774,29.8190247349,0,0,0,12,12,2986,2316
compact51_marcy__paper_roles,2019-12-18 12:00:00,11.0571953261,36.7915866429,0,0,0,12,12,3757,3134
compact51_marcy__paper_roles,2019-12-18 13:00:00,11.1530885089,58.011145332,0,0,0,13,12,3839,4737
compact51_marcy__paper_roles,2019-12-18 14:00:00,9.97278763137,29.5062813177,0,0,0,12,12,2818,2281
compact51_marcy__paper_roles,2019-12-18 15:00:00,10.1923666012,19.285487619,0,0,0,12,12,3028,767
compact51_marcy__paper_roles,2019-12-18 16:00:00,10.579077349,20.9066490981,0,0,0,12,12,3375,997
compact51_marcy__paper_roles,2019-12-18 17:00:00,8.30924984764,23.6437733953,0,0,0,12,12,1511,1393
compact51_marcy__paper_roles,2019-12-18 18:00:00,11.4363213918,44.1265122929,0,0,0,12,12,4058,3798
compact51_marcy__paper_roles,2019-12-18 19:00:00,9.35212383609,25.0407031717,0,0,0,12,12,2310,1591
compact51_marcy__paper_roles,2019-12-18 20:00:00,8.1565278099,24.2941679975,0,0,0,12,12,1397,1501
compact51_marcy__paper_roles,2019-12-18 21:00:00,10.4988719865,38.2607040948,0,0,0,12,12,3295,3291
compact51_marcy__paper_roles,2019-12-18 22:00:00,8.97954889588,23.9892181305,0,0,0,12,12,2016,1453
compact51_marcy__paper_roles,2019-12-18 23:00:00,15.2347689414,88.9499405766,0,0,0,12,12,6599,5929
compact51_marcy__paper_roles,2019-12-19 00:00:00,15.0013914678,112.206555684,1,0,0,12,12,6488,6486
compact51_marcy__paper_roles,2019-12-19 01:00:00,16.8481169061,139.661632022,1,0,0,12,12,7251,6932
compact51_marcy__paper_roles,2019-12-19 02:00:00,15.8825013056,113.875338813,1,0,0,12,12,6888,6516
compact51_marcy__paper_roles,2019-12-19 03:00:00,13.0383522648,97.1798732573,0,0,0,12,12,5325,6171
compact51_marcy__paper_roles,2019-12-19 04:00:00,10.1071106853,266.881584261,1,0,0,12,12,2944,7814
compact51_marcy__paper_roles,2019-12-19 05:00:00,13.6395127827,80.9496155648,0,0,0,12,12,5727,5686
compact51_marcy__paper_roles,2019-12-19 06:00:00,14.0253459547,57.7143279022,0,0,0,12,12,5965,4731
compact51_marcy__paper_roles,2019-12-19 07:00:00,7.17625609743,23.4388830624,0,0,0,12,12,818,1363
compact51_marcy__paper_roles,2019-12-19 08:00:00,7.35408977474,27.8348511365,0,0,0,12,12,913,2020
compact51_marcy__paper_roles,2019-12-19 09:00:00,8.93360706781,28.5138080943,0,0,0,12,12,1970,2121
compact51_marcy__paper_roles,2019-12-19 10:00:00,8.05816492195,15.2547142247,0,0,0,12,12,1350,294
compact51_marcy__paper_roles,2019-12-19 11:00:00,10.6242185386,29.6451700694,0,0,0,12,12,3408,2293
compact51_marcy__paper_roles,2019-12-19 12:00:00,10.7460709221,37.2682938043,0,0,0,12,12,3508,3186
compact51_marcy__paper_roles,2019-12-19 13:00:00,9.05485991699,15.3672994944,0,0,0,12,12,2072,303
compact51_marcy__paper_roles,2019-12-19 14:00:00,9.36464415794,30.8961955863,0,0,0,12,12,2320,2454
compact51_marcy__paper_roles,2019-12-19 15:00:00,10.9222680471,26.4642514954,0,0,0,12,12,3659,1830
compact51_marcy__paper_roles,2019-12-19 16:00:00,9.49192609307,23.4260886515,0,0,0,12,12,2426,1358
compact51_marcy__paper_roles,2019-12-19 17:00:00,7.31900695262,28.7377056469,0,0,0,12,12,887,2163
compact51_marcy__paper_roles,2019-12-19 18:00:00,7.64077442246,28.2371524291,0,0,0,12,12,1096,2079
compact51_marcy__paper_roles,2019-12-19 19:00:00,8.97909396703,36.9443431038,0,0,0,12,12,2013,3156
compact51_marcy__paper_roles,2019-12-19 20:00:00,7.22889553105,20.1284498134,0,0,0,12,12,855,891
compact51_marcy__paper_roles,2019-12-19 21:00:00,10.7075530023,22.4451055327,0,0,0,12,12,3475,1216
compact51_marcy__paper_roles,2019-12-19 22:00:00,16.1253281381,64.8250397197,0,0,0,12,12,6986,5069
compact51_marcy__paper_roles,2019-12-19 23:00:00,17.6049410919,73.8956184627,0,0,0,12,12,7514,5430
compact51_marcy__paper_roles,2019-12-20 00:00:00,13.7810293463,80.9999296886,0,0,0,12,12,5819,5688
compact51_marcy__paper_roles,2019-12-20 01:00:00,12.2532811273,116.735461104,1,0,0,12,12,4715,6558
compact51_marcy__paper_roles,2019-12-20 02:00:00,11.5395802103,97.194378641,0,0,0,12,12,4151,6172
compact51_marcy__paper_roles,2019-12-20 03:00:00,9.00264367622,90.8114492666,0,0,0,12,12,2037,5981
compact51_marcy__paper_roles,2019-12-20 04:00:00,10.8190009758,66.1590667886,0,0,0,12,12,3570,5128
compact51_marcy__paper_roles,2019-12-20 05:00:00,11.1358504814,62.4907651098,0,0,0,12,12,3822,4954
compact51_marcy__paper_roles,2019-12-20 06:00:00,12.845508221,37.6611406087,0,0,0,12,12,5194,3226
compact51_marcy__paper_roles,2019-12-20 07:00:00,13.9769903083,77.8507046535,0,0,0,12,12,5938,5569
compact51_marcy__paper_roles,2019-12-20 08:00:00,10.1602690611,33.8461863619,0,0,0,12,12,2993,2807
compact51_marcy__paper_roles,2019-12-20 09:00:00,9.1588618147,16.2340037035,0,0,0,12,12,2152,394
compact51_marcy__paper_roles,2019-12-20 10:00:00,14.0360097582,31.8970137786,0,0,0,12,12,5975,2574
compact51_marcy__paper_roles,2019-12-20 11:00:00,14.3026075637,33.7481672649,0,0,0,12,12,6129,2794
compact51_marcy__paper_roles,2019-12-20 12:00:00,13.5641056104,38.326746899,0,0,0,14,14,5679,3294
compact51_marcy__paper_roles,2019-12-20 13:00:00,12.3000586017,23.8721449142,0,0,0,11,11,4744,1432
compact51_marcy__paper_roles,2019-12-20 14:00:00,13.1242632369,36.6675184936,0,0,0,12,12,5382,3121
compact51_marcy__paper_roles,2019-12-20 15:00:00,12.0266509861,21.2212428304,0,0,0,12,12,4532,1043
compact51_marcy__paper_roles,2019-12-20 16:00:00,10.7021262093,25.3338243223,0,0,0,12,12,3470,1641
compact51_marcy__paper_roles,2019-12-20 17:00:00,10.2274283793,29.3067848709,0,0,0,12,12,3067,2248
compact51_marcy__paper_roles,2019-12-20 18:00:00,12.2649062358,33.2943368957,0,0,0,12,12,4722,2736
compact51_marcy__paper_roles,2019-12-20 19:00:00,13.3914587211,33.7413324377,0,0,0,12,12,5566,2791
compact51_marcy__paper_roles,2019-12-20 20:00:00,13.1923389057,36.8165343597,0,0,0,12,12,5436,3137
compact51_marcy__paper_roles,2019-12-20 21:00:00,15.3640913044,52.2409012262,0,0,0,12,12,6664,4396
compact51_marcy__paper_roles,2019-12-20 22:00:00,15.3636556883,56.6342703205,0,0,0,12,12,6663,4668
compact51_marcy__paper_roles,2019-12-20 23:00:00,15.647915509,67.7071565657,0,0,0,12,12,6793,5194
compact51_marcy__paper_roles,2019-12-21 00:00:00,17.5116848847,90.9549993669,0,0,0,12,12,7494,5983
compact51_marcy__paper_roles,2019-12-21 01:00:00,14.5344764681,84.7041716574,0,0,0,12,12,6253,5806
compact51_marcy__paper_roles,2019-12-21 02:00:00,12.2250273901,68.5195236566,0,0,0,12,12,4686,5225
compact51_marcy__paper_roles,2019-12-21 03:00:00,8.07854670681,41.7317331757,0,0,0,12,12,1354,3598
compact51_marcy__paper_roles,2019-12-21 04:00:00,7.95412358592,64.7189489096,0,0,0,12,12,1282,5060
compact51_marcy__paper_roles,2019-12-21 05:00:00,12.7446341134,89.8620423881,0,0,0,12,12,5108,5957
compact51_marcy__paper_roles,2019-12-21 06:00:00,17.1047594025,87.8061899289,0,0,0,12,12,7348,5891
compact51_marcy__paper_roles,2019-12-21 07:00:00,13.8664806707,78.9608859998,0,0,0,12,12,5874,5604
compact51_marcy__paper_roles,2019-12-21 08:00:00,12.3706466032,40.3417689762,0,0,0,12,12,4799,3493
compact51_marcy__paper_roles,2019-12-21 09:00:00,11.4465334101,29.8653285858,0,0,0,12,12,4068,2323
compact51_marcy__paper_roles,2019-12-21 10:00:00,12.9808456842,49.1895971028,0,0,0,12,12,5287,4195
compact51_marcy__paper_roles,2019-12-21 11:00:00,12.2197411506,52.334555759,0,0,0,12,12,4682,4402
compact51_marcy__paper_roles,2019-12-21 12:00:00,9.84114120529,22.7990745582,0,0,0,12,12,2696,1277
compact51_marcy__paper_roles,2019-12-21 13:00:00,8.8644194636,15.5676312413,0,0,0,12,12,1917,320
compact51_marcy__paper_roles,2019-12-21 14:00:00,8.21705997944,15.9610762355,0,0,0,12,12,1450,367
compact51_marcy__paper_roles,2019-12-21 15:00:00,8.09750371481,16.1184819595,0,0,0,12,12,1365,381
compact51_marcy__paper_roles,2019-12-21 16:00:00,12.0947515053,36.4033621054,0,0,0,12,12,4581,3091
compact51_marcy__paper_roles,2019-12-21 17:00:00,12.0770247486,45.4642154706,0,0,0,14,14,4568,3899
compact51_marcy__paper_roles,2019-12-21 18:00:00,11.8486177295,30.5340704612,0,0,0,10,10,4386,2400
compact51_marcy__paper_roles,2019-12-21 19:00:00,12.5938445834,31.1156619307,0,0,0,12,12,4973,2479
compact51_marcy__paper_roles,2019-12-21 20:00:00,9.3079126944,24.4197774003,0,0,0,12,12,2276,1515
compact51_marcy__paper_roles,2019-12-21 21:00:00,9.76142272367,24.8549946336,0,0,0,12,12,2624,1566
compact51_marcy__paper_roles,2019-12-21 22:00:00,9.72754820041,24.0415940596,0,0,0,12,12,2597,1462
compact51_marcy__paper_roles,2019-12-21 23:00:00,9.32607535392,26.662872941,0,0,0,12,12,2292,1860
compact51_marcy__paper_roles,2019-12-22 00:00:00,13.4590202615,27.4829748425,0,0,0,14,14,5611,1969
compact51_marcy__paper_roles,2019-12-22 01:00:00,16.3943957142,35.775934037,0,0,0,12,12,7098,3029
compact51_marcy__paper_roles,2019-12-22 02:00:00,11.7763412994,30.5036543581,0,0,0,12,12,4335,2397
compact51_marcy__paper_roles,2019-12-22 03:00:00,13.5235607721,29.6302762371,0,0,0,12,12,5655,2292
compact51_marcy__paper_roles,2019-12-22 04:00:00,13.1460567151,29.6478900301,0,0,0,12,12,5401,2294
compact51_marcy__paper_roles,2019-12-22 05:00:00,15.5172135593,48.2855679918,0,0,0,12,12,6733,4115
compact51_marcy__paper_roles,2019-12-22 06:00:00,21.1025409815,115.406665021,1,0,0,12,12,8225,6545
compact51_marcy__paper_roles,2019-12-22 07:00:00,10.8894333728,34.8141271427,0,0,0,12,12,3630,2921
compact51_marcy__paper_roles,2019-12-22 08:00:00,16.4019361163,116.316838192,0,0,0,12,12,7100,6553
compact51_marcy__paper_roles,2019-12-22 09:00:00,11.8593570291,54.6977892361,0,0,0,12,12,4395,4559
compact51_marcy__paper_roles,2019-12-22 10:00:00,13.4348834439,78.981061746,0,0,0,12,12,5599,5606
compact51_marcy__paper_roles,2019-12-22 11:00:00,12.8098625875,89.1134109699,0,0,0,12,12,5161,5936
compact51_marcy__paper_roles,2019-12-22 12:00:00,11.9853503798,117.784911344,0,0,0,12,12,4503,6577
compact51_marcy__paper_roles,2019-12-22 13:00:00,10.7889182066,61.9435535457,0,0,0,12,12,3550,4929
compact51_marcy__paper_roles,2019-12-22 14:00:00,10.6787068579,34.7392098111,0,0,0,12,12,3450,2911
compact51_marcy__paper_roles,2019-12-22 15:00:00,10.6665707378,26.802743296,0,0,0,12,12,3437,1883
compact51_marcy__paper_roles,2019-12-22 16:00:00,8.85593176815,22.3335095687,0,0,0,12,12,1912,1197
compact51_marcy__paper_roles,2019-12-22 17:00:00,8.85174916829,24.0678618061,0,0,0,12,12,1909,1471
compact51_marcy__paper_roles,2019-12-22 18:00:00,8.1923535302,24.3734181041,0,0,0,12,12,1428,1509
compact51_marcy__paper_roles,2019-12-22 19:00:00,7.3496077875,25.9536843747,0,0,0,12,12,911,1739
compact51_marcy__paper_roles,2019-12-22 20:00:00,8.17906153131,25.3434445005,0,0,0,12,12,1421,1644
compact51_marcy__paper_roles,2019-12-22 21:00:00,8.28859141788,21.5946054439,0,0,0,12,12,1494,1095
compact51_marcy__paper_roles,2019-12-22 22:00:00,11.5095661243,38.3306771664,0,0,0,13,12,4127,3296
compact51_marcy__paper_roles,2019-12-22 23:00:00,10.6511375439,26.1649181124,0,0,0,12,12,3426,1785
compact51_marcy__paper_roles,2019-12-23 00:00:00,12.0260051758,30.1218353266,0,0,0,12,12,4530,2354
compact51_marcy__paper_roles,2019-12-23 01:00:00,11.5635427017,29.7918079353,0,0,0,12,12,4166,2315
compact51_marcy__paper_roles,2019-12-23 02:00:00,10.2997141664,50.9661001135,0,0,0,12,12,3126,4305
compact51_marcy__paper_roles,2019-12-23 03:00:00,8.38472072109,170.192691429,0,0,0,12,12,1567,7270
compact51_marcy__paper_roles,2019-12-23 04:00:00,12.1077775104,570.078263706,1,0,0,12,12,4593,8314
compact51_marcy__paper_roles,2019-12-23 05:00:00,12.7661214897,289.510599051,0,0,0,14,13,5122,7903
compact51_marcy__paper_roles,2019-12-23 06:00:00,11.7529417798,29.7589996297,0,0,0,11,11,4313,2309
compact51_marcy__paper_roles,2019-12-23 07:00:00,14.5159744299,53.8046627053,0,0,0,12,12,6243,4500
compact51_marcy__paper_roles,2019-12-23 08:00:00,12.4933577661,60.6795823791,0,0,0,12,12,4909,4864
compact51_marcy__paper_roles,2019-12-23 09:00:00,10.54189347,37.7098552854,0,0,0,12,12,3333,3231
compact51_marcy__paper_roles,2019-12-23 10:00:00,12.3682511466,84.075125983,0,0,0,12,12,4795,5786
compact51_marcy__paper_roles,2019-12-23 11:00:00,10.3161661128,72.1329107973,0,0,0,12,12,3137,5356
compact51_marcy__paper_roles,2019-12-23 12:00:00,11.4612891079,90.2859085999,0,0,0,12,12,4079,5972
compact51_marcy__paper_roles,2019-12-23 13:00:00,10.4664561943,70.6202654386,0,0,0,12,12,3276,5303
compact51_marcy__paper_roles,2019-12-23 14:00:00,11.3750162817,71.5129402516,0,0,0,12,12,4002,5336
compact51_marcy__paper_roles,2019-12-23 15:00:00,10.2395050875,66.1248228057,0,0,0,12,12,3080,5125
compact51_marcy__paper_roles,2019-12-23 16:00:00,10.2164221278,76.1611169544,0,0,0,12,12,3058,5519
compact51_marcy__paper_roles,2019-12-23 17:00:00,10.1302702726,75.998543516,0,0,0,12,12,2964,5514
compact51_marcy__paper_roles,2019-12-23 18:00:00,8.94520275592,57.4201967857,0,0,0,12,12,1981,4714
compact51_marcy__paper_roles,2019-12-23 19:00:00,7.9762905507,23.8532909163,0,0,0,12,12,1293,1427
compact51_marcy__paper_roles,2019-12-23 20:00:00,7.81552803263,23.7648012204,0,0,0,13,12,1206,1414
compact51_marcy__paper_roles,2019-12-23 21:00:00,8.66902029398,40.2329067504,0,0,0,12,12,1785,3485
compact51_marcy__paper_roles,2019-12-23 22:00:00,7.82165117165,21.2865163407,0,0,0,13,12,1208,1050
compact51_marcy__paper_roles,2019-12-23 23:00:00,10.3862036622,23.8361215945,0,0,0,12,12,3196,1422
compact51_marcy__paper_roles,2019-12-24 00:00:00,13.1231552936,48.0516792006,0,0,0,12,12,5380,4099
compact51_marcy__paper_roles,2019-12-24 01:00:00,8.8616709054,17.7397484879,0,0,0,12,12,1915,563
compact51_marcy__paper_roles,2019-12-24 02:00:00,6.33144169919,17.1696870314,0,0,0,12,12,418,494
compact51_marcy__paper_roles,2019-12-24 03:00:00,7.56400259067,22.6733868284,0,0,0,12,12,1057,1255
compact51_marcy__paper_roles,2019-12-24 04:00:00,8.41892903074,23.8864515644,0,0,0,12,12,1592,1436
compact51_marcy__paper_roles,2019-12-24 05:00:00,6.45041755902,11.2006223568,0,0,0,12,12,462,52
compact51_marcy__paper_roles,2019-12-24 06:00:00,9.31341057221,28.6597167427,0,0,0,12,12,2283,2147
compact51_marcy__paper_roles,2019-12-24 07:00:00,9.82471148939,20.3662334546,0,0,0,12,12,2677,917
compact51_marcy__paper_roles,2019-12-24 08:00:00,7.38635422075,19.6111801916,0,0,0,12,12,940,815
compact51_marcy__paper_roles,2019-12-24 09:00:00,6.85522475372,20.7620378397,0,0,0,12,12,651,975
compact51_marcy__paper_roles,2019-12-24 10:00:00,9.17179941048,41.9470440177,0,0,0,12,12,2159,3616
compact51_marcy__paper_roles,2019-12-24 11:00:00,10.1685178499,101.378300513,0,0,0,12,12,3004,6277
compact51_marcy__paper_roles,2019-12-24 12:00:00,10.773586976,155.894042962,0,0,0,12,12,3533,7127
compact51_marcy__paper_roles,2019-12-24 13:00:00,9.91086711495,127.05820797,0,0,0,12,12,2758,6766
compact51_marcy__paper_roles,2019-12-24 14:00:00,9.81477517053,71.2617333668,0,0,0,12,12,2668,5322
compact51_marcy__paper_roles,2019-12-24 15:00:00,7.17518020361,17.6844939781,0,0,0,12,12,817,552
compact51_marcy__paper_roles,2019-12-24 16:00:00,12.4725642484,89.0474337985,0,0,0,12,12,4895,5931
compact51_marcy__paper_roles,2019-12-24 17:00:00,12.8911302162,85.7609475635,0,0,0,12,12,5224,5847
compact51_marcy__paper_roles,2019-12-24 18:00:00,12.6060204436,99.2862103978,0,0,0,12,12,4982,6221
compact51_marcy__paper_roles,2019-12-24 19:00:00,11.4969353764,56.8497984966,0,0,0,12,12,4114,4684
compact51_marcy__paper_roles,2019-12-24 20:00:00,11.5185874425,95.9092865881,0,0,0,12,12,4137,6141
compact51_marcy__paper_roles,2019-12-24 21:00:00,9.56415678216,18.2222867861,0,0,0,12,12,2484,617
compact51_marcy__paper_roles,2019-12-24 22:00:00,9.81099496069,20.7329304797,0,0,0,12,12,2665,971
compact51_marcy__paper_roles,2019-12-24 23:00:00,10.1107001013,26.2003334108,0,0,0,12,12,2948,1792
compact51_marcy__paper_roles,2019-12-25 00:00:00,12.0794443757,45.8520804364,0,0,0,12,12,4572,3928
compact51_marcy__paper_roles,2019-12-25 01:00:00,6.58446818032,33.1480917501,0,0,0,12,12,518,2718
compact51_marcy__paper_roles,2019-12-25 02:00:00,7.66804374065,49.7809342657,0,0,0,12,12,1114,4237
compact51_marcy__paper_roles,2019-12-25 03:00:00,10.0659591713,53.8759945871,0,0,0,12,12,2908,4509
compact51_marcy__paper_roles,2019-12-25 04:00:00,8.68452576356,61.0026345918,0,0,0,12,12,1796,4882
compact51_marcy__paper_roles,2019-12-25 05:00:00,13.8260034663,54.5940928282,0,0,0,12,12,5852,4554
compact51_marcy__paper_roles,2019-12-25 06:00:00,14.1637477033,67.710891013,0,0,0,12,12,6046,5195
compact51_marcy__paper_roles,2019-12-25 07:00:00,12.9682309752,69.6971042163,0,0,0,12,12,5278,5264
compact51_marcy__paper_roles,2019-12-25 08:00:00,9.69008367099,50.9528899197,0,0,0,12,12,2561,4303
compact51_marcy__paper_roles,2019-12-25 09:00:00,10.6455799832,52.1049282068,0,0,0,12,12,3421,4388
compact51_marcy__paper_roles,2019-12-25 10:00:00,13.2140135095,41.0579535076,0,0,0,12,12,5450,3559
compact51_marcy__paper_roles,2019-12-25 11:00:00,11.8134742516,37.1365106075,0,0,0,12,12,4357,3172
compact51_marcy__paper_roles,2019-12-25 12:00:00,11.6158141344,33.316325784,0,0,0,12,12,4201,2737
compact51_marcy__paper_roles,2019-12-25 13:00:00,10.5536304817,32.1385941674,0,0,0,12,12,3354,2607
compact51_marcy__paper_roles,2019-12-25 14:00:00,11.7352552692,33.8693988815,0,0,0,12,12,4299,2810
compact51_marcy__paper_roles,2019-12-25 15:00:00,10.7682506895,28.1196245139,0,0,0,12,12,3526,2063
compact51_marcy__paper_roles,2019-12-25 16:00:00,13.2465048686,43.0283412597,0,0,0,12,12,5474,3709
compact51_marcy__paper_roles,2019-12-25 17:00:00,11.4788569315,23.7519688444,0,0,0,12,12,4100,1408
compact51_marcy__paper_roles,2019-12-25 18:00:00,10.3318052331,28.1626917017,0,0,0,12,12,3152,2070
compact51_marcy__paper_roles,2019-12-25 19:00:00,9.93139624426,29.1687095668,0,0,0,12,12,2781,2223
compact51_marcy__paper_roles,2019-12-25 20:00:00,8.47459446476,22.9509106823,0,0,0,12,12,1635,1300
compact51_marcy__paper_roles,2019-12-25 21:00:00,8.15793107368,23.2936353332,0,0,0,12,12,1400,1342
compact51_marcy__paper_roles,2019-12-25 22:00:00,9.26856102775,18.3276416028,0,0,0,12,12,2237,626
compact51_marcy__paper_roles,2019-12-25 23:00:00,7.88396530179,24.6809309374,0,0,0,12,12,1237,1543
compact51_marcy__paper_roles,2019-12-26 00:00:00,12.0551844408,45.8571697727,0,0,0,12,12,4555,3929
compact51_marcy__paper_roles,2019-12-26 01:00:00,10.6717825754,56.6769390782,0,0,0,12,12,3444,4674
compact51_marcy__paper_roles,2019-12-26 02:00:00,8.7840150721,40.4628691252,0,0,0,12,12,1855,3504
compact51_marcy__paper_roles,2019-12-26 03:00:00,10.3921661358,41.4267064047,0,0,0,12,12,3205,3579
compact51_marcy__paper_roles,2019-12-26 04:00:00,9.97364161739,48.4695746286,0,0,0,12,12,2819,4134
compact51_marcy__paper_roles,2019-12-26 05:00:00,8.87537471757,36.0738768912,0,0,0,12,12,1924,3061
compact51_marcy__paper_roles,2019-12-26 06:00:00,9.70450487901,28.4987091279,0,0,0,12,12,2570,2120
compact51_marcy__paper_roles,2019-12-26 07:00:00,6.82968380717,23.841797831,0,0,0,12,12,641,1423
compact51_marcy__paper_roles,2019-12-26 08:00:00,6.71605157986,22.4094365011,0,0,0,12,12,586,1207
compact51_marcy__paper_roles,2019-12-26 09:00:00,6.48986730944,19.0716781483,0,0,0,12,12,479,730
compact51_marcy__paper_roles,2019-12-26 10:00:00,7.33451710964,25.0443024566,0,0,0,12,12,898,1592
compact51_marcy__paper_roles,2019-12-26 11:00:00,7.39794655716,21.7306946259,0,0,0,12,12,950,1113
compact51_marcy__paper_roles,2019-12-26 12:00:00,6.90469384235,18.0606182976,0,0,0,12,12,675,594
compact51_marcy__paper_roles,2019-12-26 13:00:00,6.81045223166,16.5822482669,0,0,0,12,12,627,436
compact51_marcy__paper_roles,2019-12-26 14:00:00,7.16996425601,19.5783967119,0,0,0,12,12,813,807
compact51_marcy__paper_roles,2019-12-26 15:00:00,9.47027378847,27.1319396404,0,0,0,12,12,2416,1925
compact51_marcy__paper_roles,2019-12-26 16:00:00,7.39445496281,18.5891573885,0,0,0,12,12,946,660
compact51_marcy__paper_roles,2019-12-26 17:00:00,11.5471010865,22.5625402063,0,0,0,12,12,4155,1232
compact51_marcy__paper_roles,2019-12-26 18:00:00,11.103960837,25.8150477072,0,0,0,11,11,3799,1716
compact51_marcy__paper_roles,2019-12-26 19:00:00,13.1481808966,31.2478864688,0,0,0,12,12,5402,2499
compact51_marcy__paper_roles,2019-12-26 20:00:00,11.569640042,35.9937889023,0,0,0,12,12,4169,3054
compact51_marcy__paper_roles,2019-12-26 21:00:00,10.2557093222,31.3333899734,0,0,0,13,12,3095,2507
compact51_marcy__paper_roles,2019-12-26 22:00:00,10.1583341038,42.1833176664,0,0,0,13,12,2991,3638
compact51_marcy__paper_roles,2019-12-26 23:00:00,11.7525709469,70.4996884126,0,0,0,12,12,4311,5298
compact51_marcy__paper_roles,2019-12-27 00:00:00,18.594428773,83.9854872732,0,0,0,12,12,7779,5784
compact51_marcy__paper_roles,2019-12-27 01:00:00,19.4217950611,90.6963635246,0,0,0,12,12,7946,5976
compact51_marcy__paper_roles,2019-12-27 02:00:00,18.6149347811,83.0032487392,0,0,0,12,12,7784,5744
compact51_marcy__paper_roles,2019-12-27 03:00:00,16.8680982595,83.4298129541,0,0,0,12,12,7256,5758
compact51_marcy__paper_roles,2019-12-27 04:00:00,15.7660173982,88.0215664456,0,0,0,12,12,6836,5894
compact51_marcy__paper_roles,2019-12-27 05:00:00,11.6400806706,84.8801116087,0,0,0,12,12,4223,5815
compact51_marcy__paper_roles,2019-12-27 06:00:00,13.6902887878,91.6469510897,0,0,0,12,12,5761,6007
compact51_marcy__paper_roles,2019-12-27 07:00:00,9.7028837267,62.1839179378,0,0,0,12,12,2565,4941
compact51_marcy__paper_roles,2019-12-27 08:00:00,10.8488544933,41.3534114121,0,0,0,12,12,3598,3575
compact51_marcy__paper_roles,2019-12-27 09:00:00,10.3170077124,37.332184668,0,0,0,12,12,3140,3191
compact51_marcy__paper_roles,2019-12-27 10:00:00,9.91195423396,28.7588854278,0,0,0,12,12,2761,2167
compact51_marcy__paper_roles,2019-12-27 11:00:00,9.23127483845,26.732646944,0,0,0,12,12,2207,1871
compact51_marcy__paper_roles,2019-12-27 12:00:00,10.8633072876,28.4339600062,0,0,0,12,12,3611,2111
compact51_marcy__paper_roles,2019-12-27 13:00:00,9.78707766392,25.6081436851,0,0,0,12,12,2649,1678
compact51_marcy__paper_roles,2019-12-27 14:00:00,9.41552771029,24.7616495102,0,0,0,12,12,2366,1559
compact51_marcy__paper_roles,2019-12-27 15:00:00,9.71327018916,26.5876743544,0,0,0,12,12,2582,1850
compact51_marcy__paper_roles,2019-12-27 16:00:00,9.45168437841,28.6369377637,0,0,0,12,12,2401,2143
compact51_marcy__paper_roles,2019-12-27 17:00:00,12.3152047445,31.8489844401,0,0,0,12,12,4756,2562
compact51_marcy__paper_roles,2019-12-27 18:00:00,12.6939144854,31.665257021,0,0,0,12,12,5068,2540
compact51_marcy__paper_roles,2019-12-27 19:00:00,13.1835647756,45.007251481,0,0,0,12,12,5430,3858
compact51_marcy__paper_roles,2019-12-27 20:00:00,10.8013954822,42.7966312762,0,0,0,13,13,3556,3680
compact51_marcy__paper_roles,2019-12-27 21:00:00,11.672720893,34.1751456277,0,0,0,12,12,4253,2838
compact51_marcy__paper_roles,2019-12-27 22:00:00,8.7002297322,21.8819989424,0,0,0,12,12,1806,1131
compact51_marcy__paper_roles,2019-12-27 23:00:00,9.12096389027,28.0802370897,0,0,0,12,12,2125,2059
compact51_marcy__paper_roles,2019-12-28 00:00:00,10.544701313,25.8133226635,0,0,0,12,12,3337,1715
compact51_marcy__paper_roles,2019-12-28 01:00:00,9.04264212036,31.9786797105,0,0,0,12,12,2065,2585
compact51_marcy__paper_roles,2019-12-28 02:00:00,12.6206612828,58.5791981645,0,0,0,12,12,4999,4764
compact51_marcy__paper_roles,2019-12-28 03:00:00,12.4116362063,61.2018340692,0,0,0,12,12,4831,4890
compact51_marcy__paper_roles,2019-12-28 04:00:00,10.4501516331,60.5622406935,0,0,0,12,12,3258,4853
compact51_marcy__paper_roles,2019-12-28 05:00:00,7.7829636478,35.4108938713,0,0,0,12,12,1189,2990
compact51_marcy__paper_roles,2019-12-28 06:00:00,7.30265807195,28.0977393195,0,0,0,12,12,883,2061
compact51_marcy__paper_roles,2019-12-28 07:00:00,6.34830497984,20.2999372706,0,0,0,12,12,421,905
compact51_marcy__paper_roles,2019-12-28 08:00:00,6.87121874948,35.3324436487,0,0,0,12,12,659,2973
compact51_marcy__paper_roles,2019-12-28 09:00:00,7.36641070726,59.2205144192,0,0,0,12,12,925,4794
compact51_marcy__paper_roles,2019-12-28 10:00:00,9.88276247758,99.1715352694,0,0,0,12,12,2729,6215
compact51_marcy__paper_roles,2019-12-28 11:00:00,7.52275850663,47.7276464978,0,0,0,12,12,1036,4065
compact51_marcy__paper_roles,2019-12-28 12:00:00,6.58898647478,26.8475552055,0,0,0,12,12,519,1887
compact51_marcy__paper_roles,2019-12-28 13:00:00,6.40648607376,30.3486725632,0,0,0,12,12,445,2373
compact51_marcy__paper_roles,2019-12-28 14:00:00,9.10576737737,51.5363544613,0,0,0,12,12,2109,4350
compact51_marcy__paper_roles,2019-12-28 15:00:00,8.73197635346,40.0737489016,0,0,0,12,12,1828,3470
compact51_marcy__paper_roles,2019-12-28 16:00:00,9.3793838849,25.2314920526,0,0,0,12,12,2332,1623
compact51_marcy__paper_roles,2019-12-28 17:00:00,8.05728043271,23.2309515463,0,0,0,12,12,1348,1338
compact51_marcy__paper_roles,2019-12-28 18:00:00,7.87736084315,22.6588833763,0,0,0,12,12,1233,1251
compact51_marcy__paper_roles,2019-12-28 19:00:00,8.0132331366,23.970547224,0,0,0,12,12,1316,1446
compact51_marcy__paper_roles,2019-12-28 20:00:00,6.49301378867,21.2345545028,0,0,0,12,12,480,1044
compact51_marcy__paper_roles,2019-12-28 21:00:00,7.03688372277,46.6461554724,0,0,0,12,12,754,3983
compact51_marcy__paper_roles,2019-12-28 22:00:00,10.4490559886,42.3267117721,0,0,0,12,12,3256,3646
compact51_marcy__paper_roles,2019-12-28 23:00:00,6.62648028666,19.6898256143,0,0,0,12,12,536,827
compact51_marcy__paper_roles,2019-12-29 00:00:00,11.2646255618,23.9943982674,0,0,0,12,12,3920,1454
compact51_marcy__paper_roles,2019-12-29 01:00:00,11.1884564286,26.9960478541,0,0,0,12,12,3864,1912
compact51_marcy__paper_roles,2019-12-29 02:00:00,11.5631550522,26.0846483946,0,0,0,12,12,4165,1773
compact51_marcy__paper_roles,2019-12-29 03:00:00,9.61896995188,24.6668902514,0,0,0,12,12,2513,1542
compact51_marcy__paper_roles,2019-12-29 04:00:00,9.97809734702,37.6308996239,0,0,0,12,12,2823,3220
compact51_marcy__paper_roles,2019-12-29 05:00:00,10.7818802027,55.4939811549,0,0,0,12,12,3541,4611
compact51_marcy__paper_roles,2019-12-29 06:00:00,8.91993084265,47.366629745,0,0,0,12,12,1961,4037
compact51_marcy__paper_roles,2019-12-29 07:00:00,8.52593296486,48.9501560176,0,0,0,12,12,1674,4173
compact51_marcy__paper_roles,2019-12-29 08:00:00,11.0823630329,45.8693310258,0,0,0,12,12,3778,3931
compact51_marcy__paper_roles,2019-12-29 09:00:00,12.0228871615,48.478310992,0,0,0,12,12,4528,4137
compact51_marcy__paper_roles,2019-12-29 10:00:00,12.6707023769,47.8349974159,0,0,0,12,12,5049,4078
compact51_marcy__paper_roles,2019-12-29 11:00:00,13.4683367575,48.5389564055,0,0,0,12,12,5615,4144
compact51_marcy__paper_roles,2019-12-29 12:00:00,11.9626756898,46.042913724,0,0,0,12,12,4479,3941
compact51_marcy__paper_roles,2019-12-29 13:00:00,11.2364832821,45.4483137131,0,0,0,12,12,3893,3896
compact51_marcy__paper_roles,2019-12-29 14:00:00,13.7948766219,53.0505550344,0,0,0,13,13,5827,4450
compact51_marcy__paper_roles,2019-12-29 15:00:00,18.0310006656,44.0922240586,0,0,0,12,12,7639,3794
compact51_marcy__paper_roles,2019-12-29 16:00:00,14.6801862638,37.4352426846,0,0,0,12,12,6312,3198
compact51_marcy__paper_roles,2019-12-29 17:00:00,15.1380333075,35.6036697169,0,0,0,12,12,6554,3008
compact51_marcy__paper_roles,2019-12-29 18:00:00,14.4097063375,31.7408041258,0,0,0,12,12,6188,2546
compact51_marcy__paper_roles,2019-12-29 19:00:00,15.8510933443,44.2776639341,0,0,0,12,12,6878,3810
compact51_marcy__paper_roles,2019-12-29 20:00:00,14.2631094479,36.5585545968,0,0,0,12,12,6107,3109
compact51_marcy__paper_roles,2019-12-29 21:00:00,11.8889742255,24.0195513188,0,0,0,12,12,4424,1456
compact51_marcy__paper_roles,2019-12-29 22:00:00,11.6587001548,29.0225063394,0,0,0,12,12,4242,2199
compact51_marcy__paper_roles,2019-12-29 23:00:00,15.0825939629,28.5257532037,0,0,0,12,12,6524,2123
compact51_marcy__paper_roles,2019-12-30 00:00:00,12.2713627279,37.6895822327,0,0,0,11,11,4726,3229
compact51_marcy__paper_roles,2019-12-30 01:00:00,14.1015679145,42.6355856162,0,0,0,12,12,6011,3668
compact51_marcy__paper_roles,2019-12-30 02:00:00,13.6676083387,53.2176915992,0,0,0,12,12,5744,4466
compact51_marcy__paper_roles,2019-12-30 03:00:00,13.7556033496,51.8230419232,0,0,0,12,12,5801,4368
compact51_marcy__paper_roles,2019-12-30 04:00:00,14.2152483411,52.0074424603,0,0,0,13,13,6082,4381
compact51_marcy__paper_roles,2019-12-30 05:00:00,14.5675978773,41.9890625198,0,0,0,12,12,6266,3621
compact51_marcy__paper_roles,2019-12-30 06:00:00,16.0168595488,56.8025634462,0,0,0,12,12,6949,4682
compact51_marcy__paper_roles,2019-12-30 07:00:00,12.9475247485,50.2124329633,0,0,0,12,12,5265,4260
compact51_marcy__paper_roles,2019-12-30 08:00:00,13.7890855954,45.177976382,0,0,0,12,12,5825,3871
compact51_marcy__paper_roles,2019-12-30 09:00:00,11.2326122573,54.9010936836,0,0,0,12,12,3889,4569
compact51_marcy__paper_roles,2019-12-30 10:00:00,12.6150558786,45.781547637,0,0,0,14,13,4990,3925
compact51_marcy__paper_roles,2019-12-30 11:00:00,13.9146264211,40.3815821128,0,0,0,12,12,5903,3495
compact51_marcy__paper_roles,2019-12-30 12:00:00,12.4407443656,32.5267354531,0,0,0,12,12,4858,2651
compact51_marcy__paper_roles,2019-12-30 13:00:00,12.5625782955,35.0336246849,0,0,0,14,14,4958,2939
compact51_marcy__paper_roles,2019-12-30 14:00:00,16.6916507617,36.4691301357,0,0,0,12,11,7210,3099
compact51_marcy__paper_roles,2019-12-30 15:00:00,16.9526983068,45.6235773652,0,0,0,13,12,7280,3911
compact51_marcy__paper_roles,2019-12-30 16:00:00,17.8737069736,40.0975319261,0,0,0,13,13,7592,3472
compact51_marcy__paper_roles,2019-12-30 17:00:00,16.2459650631,37.415025123,0,0,0,12,12,7034,3197
compact51_marcy__paper_roles,2019-12-30 18:00:00,18.836199971,37.2505020435,0,0,0,12,12,7832,3184
compact51_marcy__paper_roles,2019-12-30 19:00:00,19.1457779023,45.6532982004,0,0,0,12,12,7899,3916
compact51_marcy__paper_roles,2019-12-30 20:00:00,17.3734584697,47.5811312328,0,0,0,12,12,7454,4058
compact51_marcy__paper_roles,2019-12-30 21:00:00,14.0668384954,29.0545859964,0,0,0,12,12,5993,2202
compact51_marcy__paper_roles,2019-12-30 22:00:00,15.6137952612,33.5823095572,0,0,0,12,12,6775,2767
compact51_marcy__paper_roles,2019-12-30 23:00:00,19.8390667996,46.2085999502,0,0,0,12,12,8030,3952
compact51_marcy__paper_roles,2019-12-31 00:00:00,24.288310493,58.8784020079,0,0,0,12,12,8517,4778
compact51_marcy__paper_roles,2019-12-31 01:00:00,21.4012758416,70.5910092063,0,0,0,12,12,8268,5301
compact51_marcy__paper_roles,2019-12-31 02:00:00,18.4341388918,68.6953801134,0,0,0,12,12,7734,5229
compact51_marcy__paper_roles,2019-12-31 03:00:00,18.5054413557,77.3234250567,0,0,0,12,12,7751,5555
compact51_marcy__paper_roles,2019-12-31 04:00:00,19.0245227806,72.8848573129,0,0,0,12,12,7871,5379
compact51_marcy__paper_roles,2019-12-31 05:00:00,16.7289863583,61.660281867,0,0,0,12,12,7218,4914
compact51_marcy__paper_roles,2019-12-31 06:00:00,14.6629368957,59.8463238559,0,0,0,12,12,6304,4831
compact51_marcy__paper_roles,2019-12-31 07:00:00,12.0262336629,50.7162303665,0,0,0,12,12,4531,4283
compact51_marcy__paper_roles,2019-12-31 08:00:00,14.992986753,40.2798931545,0,0,0,12,12,6480,3488
compact51_marcy__paper_roles,2019-12-31 09:00:00,14.7245644538,34.9466066228,0,0,0,12,12,6335,2935
compact51_marcy__paper_roles,2019-12-31 10:00:00,14.0021827036,34.1426829026,0,0,0,12,12,5949,2835
compact51_marcy__paper_roles,2019-12-31 11:00:00,14.0541937479,34.1837309106,0,0,0,12,12,5983,2840
compact51_marcy__paper_roles,2019-12-31 12:00:00,13.49802723,32.4341487281,0,0,0,12,12,5637,2644
compact51_marcy__paper_roles,2019-12-31 13:00:00,15.1868691068,33.6957427627,0,0,0,12,12,6576,2780
compact51_marcy__paper_roles,2019-12-31 14:00:00,14.8783979053,33.7266012505,0,0,0,12,12,6418,2788
compact51_marcy__paper_roles,2019-12-31 15:00:00,15.3491894276,35.4257762449,0,0,0,12,12,6656,2994
compact51_marcy__paper_roles,2019-12-31 16:00:00,17.5655080155,48.7284801943,0,0,0,12,12,7507,4158
compact51_marcy__paper_roles,2019-12-31 17:00:00,18.0856263189,35.3548001633,0,0,0,13,13,7652,2978
compact51_marcy__paper_roles,2019-12-31 18:00:00,19.8100562351,36.7178764788,0,0,0,12,12,8022,3128
compact51_marcy__paper_roles,2019-12-31 19:00:00,18.2314367344,37.144234443,0,0,0,12,12,7689,3174
compact51_marcy__paper_roles,2019-12-31 20:00:00,16.253369748,33.7863805017,0,0,0,12,12,7039,2800
compact51_marcy__paper_roles,2019-12-31 21:00:00,14.5240248015,30.4614631442,0,0,0,12,12,6249,2386
compact51_marcy__paper_roles,2019-12-31 22:00:00,14.6997000739,33.1766698853,0,0,0,12,12,6324,2721
compact51_marcy__paper_roles,2019-12-31 23:00:00,16.0745047,40.0360640978,0,0,0,12,12,6967,3468
compact51_marcy__current_roles,2019-01-01 00:00:00,19.3029517492,54.2254164351,0,0,0,13,12,4495,1491
compact51_marcy__current_roles,2019-01-01 01:00:00,19.3529778963,53.124736426,0,0,0,12,12,4532,1289
compact51_marcy__current_roles,2019-01-01 02:00:00,21.6307611777,57.9631618396,0,0,0,12,12,5951,2336
compact51_marcy__current_roles,2019-01-01 03:00:00,19.8327062875,52.8988358891,0,0,0,12,12,4859,1240
compact51_marcy__current_roles,2019-01-01 04:00:00,22.7365826965,73.7401019396,0,0,0,12,12,6467,5062
compact51_marcy__current_roles,2019-01-01 05:00:00,23.3023164808,62.6594436059,0,0,0,12,12,6732,3418
compact51_marcy__current_roles,2019-01-01 06:00:00,24.8538137406,70.2509816501,0,0,0,12,12,7269,4713
compact51_marcy__current_roles,2019-01-01 07:00:00,26.2931202566,130.186771145,0,0,0,12,12,7638,6840
compact51_marcy__current_roles,2019-01-01 08:00:00,27.2003779431,489.967164504,0,0,0,12,12,7841,8237
compact51_marcy__current_roles,2019-01-01 09:00:00,27.7504759343,639.273480378,0,0,0,12,12,7949,8357
compact51_marcy__current_roles,2019-01-01 10:00:00,25.4916173269,163.482699569,0,0,0,12,12,7446,7225
compact51_marcy__current_roles,2019-01-01 11:00:00,24.331226621,173.896938819,0,0,0,12,12,7118,7317
compact51_marcy__current_roles,2019-01-01 12:00:00,26.1474373632,216.085001298,0,0,0,12,12,7610,7592
compact51_marcy__current_roles,2019-01-01 13:00:00,31.1148073982,480.733258674,0,0,0,12,12,8392,8224
compact51_marcy__current_roles,2019-01-01 14:00:00,28.6022234882,525.181155006,0,0,0,12,12,8062,8278
compact51_marcy__current_roles,2019-01-01 15:00:00,26.1194144476,205.085465594,0,0,0,12,12,7597,7538
compact51_marcy__current_roles,2019-01-01 16:00:00,28.7551052013,235.468456144,0,0,0,12,12,8089,7698
compact51_marcy__current_roles,2019-01-01 17:00:00,30.2661827209,168.620077055,0,0,0,12,12,8299,7266
compact51_marcy__current_roles,2019-01-01 18:00:00,29.018092627,163.495055183,0,0,0,12,12,8130,7226
compact51_marcy__current_roles,2019-01-01 19:00:00,28.8871124942,132.274349671,0,0,0,12,12,8110,6866
compact51_marcy__current_roles,2019-01-01 20:00:00,27.3169656304,133.789548582,0,0,0,12,12,7868,6887
compact51_marcy__current_roles,2019-01-01 21:00:00,30.4045371022,174.518937996,0,0,0,12,12,8313,7323
compact51_marcy__current_roles,2019-01-01 22:00:00,32.6825145469,278.041581153,0,0,0,12,12,8492,7863
compact51_marcy__current_roles,2019-01-01 23:00:00,24.5202785612,98.2636725757,0,0,0,12,12,7176,6145
compact51_marcy__current_roles,2019-01-02 00:00:00,26.1631170557,114.927814097,0,0,0,12,12,7615,6551
compact51_marcy__current_roles,2019-01-02 01:00:00,28.113402786,108.374575516,0,0,0,12,12,7998,6413
compact51_marcy__current_roles,2019-01-02 02:00:00,27.5188919645,109.13424891,0,0,0,12,12,7909,6430
compact51_marcy__current_roles,2019-01-02 03:00:00,26.4911436861,78.1571397115,0,0,0,12,12,7689,5412
compact51_marcy__current_roles,2019-01-02 04:00:00,29.9319206066,109.931125477,0,0,0,12,12,8257,6447
compact51_marcy__current_roles,2019-01-02 05:00:00,26.9444364127,119.907034332,0,0,0,12,12,7790,6638
compact51_marcy__current_roles,2019-01-02 06:00:00,25.4792990267,84.4683747997,0,0,0,12,12,7441,5700
compact51_marcy__current_roles,2019-01-02 07:00:00,31.2442432284,155.603710426,0,0,0,12,12,8398,7152
compact51_marcy__current_roles,2019-01-02 08:00:00,30.0505483913,131.882111486,0,0,0,12,12,8275,6863
compact51_marcy__current_roles,2019-01-02 09:00:00,31.0002554517,156.815334587,0,0,0,12,12,8385,7162
compact51_marcy__current_roles,2019-01-02 10:00:00,27.2868764644,122.398656683,0,0,0,12,12,7859,6695
compact51_marcy__current_roles,2019-01-02 11:00:00,30.5249163925,143.098685069,0,0,0,12,12,8329,7002
compact51_marcy__current_roles,2019-01-02 12:00:00,30.8421937665,179.505286409,0,0,0,12,12,8369,7354
compact51_marcy__current_roles,2019-01-02 13:00:00,30.7731069792,194.051227944,0,0,0,12,12,8363,7457
compact51_marcy__current_roles,2019-01-02 14:00:00,32.0569106592,183.240954986,0,0,0,12,12,8456,7382
compact51_marcy__current_roles,2019-01-02 15:00:00,26.9605629454,98.5999262857,0,0,0,12,12,7795,6154
compact51_marcy__current_roles,2019-01-02 16:00:00,29.9516964895,108.41712936,0,0,0,13,13,8261,6415
compact51_marcy__current_roles,2019-01-02 17:00:00,30.6723728217,81.5555115359,0,0,0,11,11,8349,5582
compact51_marcy__current_roles,2019-01-02 18:00:00,29.1855108912,85.0856023821,0,0,0,12,12,8155,5722
compact51_marcy__current_roles,2019-01-02 19:00:00,30.9453068123,107.82504073,0,0,0,12,12,8379,6401
compact51_marcy__current_roles,2019-01-02 20:00:00,24.9083153895,92.5700558865,0,0,0,12,12,7284,5965
compact51_marcy__current_roles,2019-01-02 21:00:00,21.602372683,76.8270540441,0,0,0,13,12,5936,5330
compact51_marcy__current_roles,2019-01-02 22:00:00,22.7254315536,60.8006911468,0,0,0,11,11,6461,2996
compact51_marcy__current_roles,2019-01-02 23:00:00,22.4871898173,57.1562409505,0,0,0,12,12,6343,2133
compact51_marcy__current_roles,2019-01-03 00:00:00,19.9645731171,50.8132716995,0,0,0,12,12,4949,870
compact51_marcy__current_roles,2019-01-03 01:00:00,24.9412844868,56.4674344049,0,0,0,12,12,7301,1970
compact51_marcy__current_roles,2019-01-03 02:00:00,26.5437885322,53.2848919658,0,0,0,12,12,7705,1328
compact51_marcy__current_roles,2019-01-03 03:00:00,26.8429633475,66.2604399383,0,0,0,12,12,7764,4164
compact51_marcy__current_roles,2019-01-03 04:00:00,28.9870698251,98.7637429513,0,0,0,12,12,8126,6161
compact51_marcy__current_roles,2019-01-03 05:00:00,25.4710651401,98.1623435661,0,0,0,12,12,7437,6142
compact51_marcy__current_roles,2019-01-03 06:00:00,21.3320882643,87.3432732367,0,0,0,12,12,5788,5794
compact51_marcy__current_roles,2019-01-03 07:00:00,25.4104167931,109.762129966,0,0,0,12,12,7425,6442
compact51_marcy__current_roles,2019-01-03 08:00:00,22.9455731918,98.681226976,0,0,0,12,12,6564,6158
compact51_marcy__current_roles,2019-01-03 09:00:00,20.6698589377,73.0607382336,0,0,0,12,12,5409,4984
compact51_marcy__current_roles,2019-01-03 10:00:00,18.0229208498,61.9331707787,0,0,0,12,12,3505,3265
compact51_marcy__current_roles,2019-01-03 11:00:00,18.4523279175,68.4007638213,0,0,0,12,12,3840,4479
compact51_marcy__current_roles,2019-01-03 12:00:00,20.4681190803,99.3969542833,0,0,0,12,12,5288,6182
compact51_marcy__current_roles,2019-01-03 13:00:00,22.4645845964,101.829891289,0,0,0,12,12,6324,6268
compact51_marcy__current_roles,2019-01-03 14:00:00,20.7349079087,71.1039335383,0,0,0,12,12,5449,4795
compact51_marcy__current_roles,2019-01-03 15:00:00,19.6111203055,68.7080265953,0,0,0,12,12,4716,4514
compact51_marcy__current_roles,2019-01-03 16:00:00,19.5687474933,64.0092383098,0,0,0,12,12,4696,3705
compact51_marcy__current_roles,2019-01-03 17:00:00,17.6562606492,61.9194694885,0,0,0,12,12,3190,3261
compact51_marcy__current_roles,2019-01-03 18:00:00,21.6247536954,63.4642555724,0,0,0,12,12,5948,3605
compact51_marcy__current_roles,2019-01-03 19:00:00,22.4057019633,65.4985396782,0,0,0,12,12,6294,4037
compact51_marcy__current_roles,2019-01-03 20:00:00,18.3468571264,60.3496101712,0,0,0,12,12,3769,2896
compact51_marcy__current_roles,2019-01-03 21:00:00,19.1923966479,62.8863653795,0,0,0,12,12,4424,3478
compact51_marcy__current_roles,2019-01-03 22:00:00,19.372804256,63.7552311435,0,0,0,12,12,4540,3656
compact51_marcy__current_roles,2019-01-03 23:00:00,14.7752424296,55.5348281881,0,0,0,12,12,1107,1776
compact51_marcy__current_roles,2019-01-04 00:00:00,15.7950196855,54.4927264809,0,0,0,12,12,1789,1548
compact51_marcy__current_roles,2019-01-04 01:00:00,17.4262108811,55.0633081228,0,0,0,12,12,3021,1672
compact51_marcy__current_roles,2019-01-04 02:00:00,18.2459949057,54.55428799,0,0,0,12,12,3683,1566
compact51_marcy__current_roles,2019-01-04 03:00:00,15.4727517854,51.5112984868,0,0,0,12,12,1590,991
compact51_marcy__current_roles,2019-01-04 04:00:00,15.9446379471,45.9731811564,0,0,0,12,12,1906,304
compact51_marcy__current_roles,2019-01-04 05:00:00,19.0148883524,53.3323467455,0,0,0,12,12,4291,1339
compact51_marcy__current_roles,2019-01-04 06:00:00,18.5554983918,48.7395328154,0,0,0,12,12,3913,584
compact51_marcy__current_roles,2019-01-04 07:00:00,16.4976418595,49.3685082343,0,0,0,12,12,2318,656
compact51_marcy__current_roles,2019-01-04 08:00:00,16.2974077333,51.2840869696,0,0,0,12,12,2156,952
compact51_marcy__current_roles,2019-01-04 09:00:00,15.3019463894,53.8371840027,0,0,0,12,12,1466,1431
compact51_marcy__current_roles,2019-01-04 10:00:00,17.4502552013,59.0506749058,0,0,0,12,12,3036,2609
compact51_marcy__current_roles,2019-01-04 11:00:00,19.8216918754,89.2513727869,0,0,0,12,12,4855,5857
compact51_marcy__current_roles,2019-01-04 12:00:00,20.930814236,102.636103711,0,0,0,12,12,5572,6286
compact51_marcy__current_roles,2019-01-04 13:00:00,21.9429142714,111.904586896,0,0,0,12,12,6108,6487
compact51_marcy__current_roles,2019-01-04 14:00:00,21.730488254,98.9873396053,0,0,0,12,12,5992,6165
compact51_marcy__current_roles,2019-01-04 15:00:00,20.3829156271,81.9055146089,0,0,0,12,12,5240,5597
compact51_marcy__current_roles,2019-01-04 16:00:00,20.0113818154,70.4759728233,0,0,0,12,12,4985,4736
compact51_marcy__current_roles,2019-01-04 17:00:00,20.7673009829,60.7568998213,0,0,0,13,12,5475,2987
compact51_marcy__current_roles,2019-01-04 18:00:00,18.1355717892,63.682617021,0,0,0,12,12,3603,3644
compact51_marcy__current_roles,2019-01-04 19:00:00,20.1441807806,75.2590818623,0,0,0,12,12,5081,5202
compact51_marcy__current_roles,2019-01-04 20:00:00,19.0895370206,72.9413609134,0,0,0,12,12,4354,4971
compact51_marcy__current_roles,2019-01-04 21:00:00,16.0317306265,58.2729811696,0,0,0,12,12,1964,2406
compact51_marcy__current_roles,2019-01-04 22:00:00,20.489559619,62.9251617974,0,0,0,12,12,5306,3487
compact51_marcy__current_roles,2019-01-04 23:00:00,16.3571724236,56.581177417,0,0,0,12,12,2209,2000
compact51_marcy__current_roles,2019-01-05 00:00:00,18.7584265376,58.2062567788,0,0,0,12,12,4066,2386
compact51_marcy__current_roles,2019-01-05 01:00:00,18.5190904184,59.7862494217,0,0,0,12,12,3886,2761
compact51_marcy__current_roles,2019-01-05 02:00:00,15.8062285966,52.1601870012,0,0,0,12,12,1798,1106
compact51_marcy__current_roles,2019-01-05 03:00:00,21.1824736634,61.5049505553,0,0,0,12,12,5706,3168
compact51_marcy__current_roles,2019-01-05 04:00:00,21.9375423066,65.0728403443,0,0,0,12,12,6106,3945
compact51_marcy__current_roles,2019-01-05 05:00:00,23.4764811361,66.387528033,0,0,0,12,12,6805,4178
compact51_marcy__current_roles,2019-01-05 06:00:00,22.5047494125,65.852229626,0,0,0,12,12,6353,4090
compact51_marcy__current_roles,2019-01-05 07:00:00,22.245445116,60.7693962304,0,0,0,12,12,6234,2988
compact51_marcy__current_roles,2019-01-05 08:00:00,17.261498687,59.8748002649,0,0,0,12,12,2897,2792
compact51_marcy__current_roles,2019-01-05 09:00:00,17.5750363663,58.5507714477,0,0,0,12,12,3134,2470
compact51_marcy__current_roles,2019-01-05 10:00:00,14.7015545692,56.6332250949,0,0,0,12,12,1066,2013
compact51_marcy__current_roles,2019-01-05 11:00:00,13.7828384505,56.0442620505,0,0,0,12,12,648,1882
compact51_marcy__current_roles,2019-01-05 12:00:00,13.9178695054,52.1955725326,0,0,0,12,12,709,1108
compact51_marcy__current_roles,2019-01-05 13:00:00,12.6082322029,53.2625841838,0,0,0,12,12,268,1321
compact51_marcy__current_roles,2019-01-05 14:00:00,12.4670818971,53.8886589813,0,0,0,12,12,236,1441
compact51_marcy__current_roles,2019-01-05 15:00:00,13.8769729516,49.8783129056,0,0,0,12,12,691,716
compact51_marcy__current_roles,2019-01-05 16:00:00,13.159834484,51.3199782605,0,0,0,12,12,439,958
compact51_marcy__current_roles,2019-01-05 17:00:00,14.9767845318,47.1082790609,0,0,0,12,12,1244,390
compact51_marcy__current_roles,2019-01-05 18:00:00,15.7621958643,57.9163025158,0,0,0,12,12,1775,2330
compact51_marcy__current_roles,2019-01-05 19:00:00,17.0786088502,59.002168852,0,0,0,12,12,2744,2595
compact51_marcy__current_roles,2019-01-05 20:00:00,16.072485668,58.5833065938,0,0,0,12,12,1995,2482
compact51_marcy__current_roles,2019-01-05 21:00:00,17.3069534194,63.7578389746,0,0,0,12,12,2933,3657
compact51_marcy__current_roles,2019-01-05 22:00:00,19.2011458803,65.11511882,0,0,0,12,12,4433,3952
compact51_marcy__current_roles,2019-01-05 23:00:00,16.9843230094,63.1410635644,0,0,0,12,12,2666,3529
compact51_marcy__current_roles,2019-01-06 00:00:00,15.7746280823,61.1684906452,0,0,0,12,12,1784,3086
compact51_marcy__current_roles,2019-01-06 01:00:00,15.9126435933,61.6745468469,0,0,0,12,12,1879,3211
compact51_marcy__current_roles,2019-01-06 02:00:00,16.7843771985,61.4976214802,0,0,0,12,12,2519,3164
compact51_marcy__current_roles,2019-01-06 03:00:00,18.7646618784,60.9543908151,0,0,0,12,12,4073,3035
compact51_marcy__current_roles,2019-01-06 04:00:00,18.8630026027,58.5690401802,0,0,0,12,12,4157,2479
compact51_marcy__current_roles,2019-01-06 05:00:00,17.7553146938,54.5870218538,0,0,0,12,12,3268,1578
compact51_marcy__current_roles,2019-01-06 06:00:00,17.7352190609,56.7170914387,0,0,0,12,12,3248,2029
compact51_marcy__current_roles,2019-01-06 07:00:00,18.5473207151,54.2927738634,0,0,0,12,12,3907,1507
compact51_marcy__current_roles,2019-01-06 08:00:00,21.330036393,56.8474475667,0,0,0,12,12,5787,2069
compact51_marcy__current_roles,2019-01-06 09:00:00,15.3528997731,50.1320775752,0,0,0,12,12,1498,759
compact51_marcy__current_roles,2019-01-06 10:00:00,17.2810725152,52.0809264387,0,0,0,12,12,2918,1091
compact51_marcy__current_roles,2019-01-06 11:00:00,16.5619210674,54.4225114598,0,0,0,12,12,2364,1532
compact51_marcy__current_roles,2019-01-06 12:00:00,17.5726772948,57.4261850985,0,0,0,12,12,3133,2202
compact51_marcy__current_roles,2019-01-06 13:00:00,20.1454508152,78.1481786562,0,0,0,12,12,5082,5410
compact51_marcy__current_roles,2019-01-06 14:00:00,21.0776663096,88.137915781,0,0,0,12,12,5662,5819
compact51_marcy__current_roles,2019-01-06 15:00:00,21.110176743,79.0991216187,0,0,0,12,12,5683,5456
compact51_marcy__current_roles,2019-01-06 16:00:00,22.7354305673,85.3210753162,0,0,0,12,12,6465,5736
compact51_marcy__current_roles,2019-01-06 17:00:00,20.1924434228,53.0882377688,0,0,0,12,12,5109,1277
compact51_marcy__current_roles,2019-01-06 18:00:00,22.2126743077,55.9964956071,0,0,0,12,12,6217,1873
compact51_marcy__current_roles,2019-01-06 19:00:00,21.4791802005,52.3963049925,0,0,0,12,12,5876,1142
compact51_marcy__current_roles,2019-01-06 20:00:00,17.0235437916,50.5757763499,0,0,0,12,12,2696,829
compact51_marcy__current_roles,2019-01-06 21:00:00,16.9239445675,50.817861341,0,0,0,12,12,2618,872
compact51_marcy__current_roles,2019-01-06 22:00:00,15.2559332492,52.0925864278,0,0,0,12,12,1436,1093
compact51_marcy__current_roles,2019-01-06 23:00:00,18.0191826823,55.7028097208,0,0,0,12,12,3503,1809
compact51_marcy__current_roles,2019-01-07 00:00:00,19.3360591377,55.2514953605,0,0,0,12,12,4518,1701
compact51_marcy__current_roles,2019-01-07 01:00:00,20.7951743861,58.7283240983,0,0,0,12,12,5494,2521
compact51_marcy__current_roles,2019-01-07 02:00:00,20.4402999575,57.3112657917,0,0,0,12,12,5273,2167
compact51_marcy__current_roles,2019-01-07 03:00:00,20.2357845911,58.2719356166,0,0,0,12,12,5142,2405
compact51_marcy__current_roles,2019-01-07 04:00:00,22.2791500592,60.1758215659,0,0,0,12,12,6250,2861
compact51_marcy__current_roles,2019-01-07 05:00:00,25.9310576663,65.8122827668,0,0,0,12,12,7555,4083
compact51_marcy__current_roles,2019-01-07 06:00:00,18.6257710757,61.043159692,0,0,0,12,12,3981,3059
compact51_marcy__current_roles,2019-01-07 07:00:00,14.7119297718,60.966936016,0,0,0,12,12,1073,3039
compact51_marcy__current_roles,2019-01-07 08:00:00,14.3355520715,61.0943459904,0,0,0,12,12,897,3070
compact51_marcy__current_roles,2019-01-07 09:00:00,16.5642904722,64.5616108211,0,0,0,12,12,2367,3831
compact51_marcy__current_roles,2019-01-07 10:00:00,17.2016316585,68.8810442517,0,0,0,12,12,2846,4538
compact51_marcy__current_roles,2019-01-07 11:00:00,16.4013825825,68.3343201117,0,0,0,12,12,2244,4469
compact51_marcy__current_roles,2019-01-07 12:00:00,15.7218973504,68.0848225381,0,0,0,12,12,1738,4434
compact51_marcy__current_roles,2019-01-07 13:00:00,16.3347361413,63.0498551028,0,0,0,12,12,2193,3512
compact51_marcy__current_roles,2019-01-07 14:00:00,15.1146545737,60.239603092,0,0,0,12,12,1327,2879
compact51_marcy__current_roles,2019-01-07 15:00:00,13.4620258263,58.0337022416,0,0,0,12,12,539,2355
compact51_marcy__current_roles,2019-01-07 16:00:00,14.709532348,56.8307635388,0,0,0,12,12,1072,2064
compact51_marcy__current_roles,2019-01-07 17:00:00,17.3626850152,61.8664910561,0,0,0,12,12,2967,3249
compact51_marcy__current_roles,2019-01-07 18:00:00,19.9640213035,61.1653639814,0,0,0,12,12,4948,3084
compact51_marcy__current_roles,2019-01-07 19:00:00,17.2082427044,58.1979464886,0,0,0,12,12,2853,2385
compact51_marcy__current_roles,2019-01-07 20:00:00,14.9958123084,54.9500670658,0,0,0,12,12,1258,1651
compact51_marcy__current_roles,2019-01-07 21:00:00,14.8751358981,55.2067330091,0,0,0,12,12,1172,1689
compact51_marcy__current_roles,2019-01-07 22:00:00,21.3595737609,60.9653343189,0,0,0,12,12,5807,3037
compact51_marcy__current_roles,2019-01-07 23:00:00,16.7523266311,50.5969883667,0,0,0,12,12,2493,836
compact51_marcy__current_roles,2019-01-08 00:00:00,15.6373628422,45.9433191469,0,0,0,12,12,1687,300
compact51_marcy__current_roles,2019-01-08 01:00:00,15.9111670498,46.1164290693,0,0,0,12,12,1876,314
compact51_marcy__current_roles,2019-01-08 02:00:00,14.7054473507,46.9838363053,0,0,0,12,12,1069,376
compact51_marcy__current_roles,2019-01-08 03:00:00,18.5799248664,49.3561496878,0,0,0,12,12,3947,651
compact51_marcy__current_roles,2019-01-08 04:00:00,19.9402048804,50.301284367,0,0,0,12,12,4930,789
compact51_marcy__current_roles,2019-01-08 05:00:00,19.8576136855,52.6273217842,0,0,0,12,12,4881,1190
compact51_marcy__current_roles,2019-01-08 06:00:00,21.9068396359,60.308342596,0,0,0,12,12,6092,2887
compact51_marcy__current_roles,2019-01-08 07:00:00,18.5238555121,57.2371979482,0,0,0,13,12,3891,2147
compact51_marcy__current_roles,2019-01-08 08:00:00,17.4142141535,53.077033848,0,0,0,12,12,3009,1276
compact51_marcy__current_roles,2019-01-08 09:00:00,17.0100415452,52.4955252494,0,0,0,12,12,2686,1161
compact51_marcy__current_roles,2019-01-08 10:00:00,15.6086370781,52.6188554015,0,0,0,12,12,1674,1189
compact51_marcy__current_roles,2019-01-08 11:00:00,16.9198274437,54.0377559393,0,0,0,12,12,2613,1463
compact51_marcy__current_roles,2019-01-08 12:00:00,17.7514645699,56.0087155355,0,0,0,12,12,3263,1875
compact51_marcy__current_roles,2019-01-08 13:00:00,14.9315308146,56.7249312413,0,0,0,12,12,1219,2034
compact51_marcy__current_roles,2019-01-08 14:00:00,13.4118292736,53.7398421526,0,0,0,12,12,518,1409
compact51_marcy__current_roles,2019-01-08 15:00:00,12.6253346567,51.0131740324,0,0,0,12,12,273,905
compact51_marcy__current_roles,2019-01-08 16:00:00,12.8232083508,53.3862477211,0,0,0,14,14,332,1350
compact51_marcy__current_roles,2019-01-08 17:00:00,13.8206098717,54.6220339369,0,0,0,10,10,664,1583
compact51_marcy__current_roles,2019-01-08 18:00:00,18.6727310427,61.9560575799,0,0,0,12,12,4013,3269
compact51_marcy__current_roles,2019-01-08 19:00:00,20.8073060527,66.9515159723,0,0,0,12,12,5504,4283
compact51_marcy__current_roles,2019-01-08 20:00:00,18.8909445699,66.6212735869,0,0,0,12,12,4182,4217
compact51_marcy__current_roles,2019-01-08 21:00:00,25.5547694998,74.3929043999,0,0,0,12,12,7459,5130
compact51_marcy__current_roles,2019-01-08 22:00:00,22.4300361161,70.7058530643,0,0,0,12,12,6309,4762
compact51_marcy__current_roles,2019-01-08 23:00:00,20.1503153756,62.4003629646,0,0,0,12,12,5083,3371
compact51_marcy__current_roles,2019-01-09 00:00:00,19.4901682205,59.9824215305,0,0,0,12,12,4634,2813
compact51_marcy__current_roles,2019-01-09 01:00:00,23.0690185443,95.7247011273,0,0,0,12,12,6618,6074
compact51_marcy__current_roles,2019-01-09 02:00:00,23.6688033456,82.0919493137,0,0,0,12,12,6896,5602
compact51_marcy__current_roles,2019-01-09 03:00:00,26.6394311173,112.715641479,0,0,0,12,12,7722,6506
compact51_marcy__current_roles,2019-01-09 04:00:00,25.4387036128,70.6926991707,0,0,0,12,12,7429,4759
compact51_marcy__current_roles,2019-01-09 05:00:00,20.7148873095,56.3401936091,0,0,0,12,12,5439,1947
compact51_marcy__current_roles,2019-01-09 06:00:00,16.7971660865,52.567733103,0,0,0,12,12,2531,1180
compact51_marcy__current_roles,2019-01-09 07:00:00,21.2182553079,57.6713672446,0,0,0,12,12,5726,2255
compact51_marcy__current_roles,2019-01-09 08:00:00,19.4419344067,57.3143440074,0,0,0,12,12,4593,2168
compact51_marcy__current_roles,2019-01-09 09:00:00,20.4016802795,80.0718426076,0,0,0,12,12,5252,5503
compact51_marcy__current_roles,2019-01-09 10:00:00,20.3278358672,94.8859760502,0,0,0,12,12,5202,6046
compact51_marcy__current_roles,2019-01-09 11:00:00,22.043540336,110.95392912,0,0,0,12,12,6145,6470
compact51_marcy__current_roles,2019-01-09 12:00:00,21.6341595872,104.61570988,0,0,0,12,12,5954,6340
compact51_marcy__current_roles,2019-01-09 13:00:00,22.2059021676,108.443739028,0,0,0,12,12,6215,6416
compact51_marcy__current_roles,2019-01-09 14:00:00,21.4494850749,94.1311648696,0,0,0,12,12,5861,6015
compact51_marcy__current_roles,2019-01-09 15:00:00,21.2401100172,94.4235394428,0,0,0,12,12,5742,6026
compact51_marcy__current_roles,2019-01-09 16:00:00,20.0099565387,83.1888790697,0,0,0,12,12,4984,5645
compact51_marcy__current_roles,2019-01-09 17:00:00,22.0898878234,112.312958721,0,0,0,12,12,6166,6497
compact51_marcy__current_roles,2019-01-09 18:00:00,23.3727237834,121.033054069,0,0,0,12,12,6756,6669
compact51_marcy__current_roles,2019-01-09 19:00:00,20.7460864173,110.661616653,0,0,0,12,12,5462,6459
compact51_marcy__current_roles,2019-01-09 20:00:00,18.2916808898,78.1276344546,0,0,0,12,12,3722,5409
compact51_marcy__current_roles,2019-01-09 21:00:00,19.1554024017,91.7994096783,0,0,0,12,12,4401,5937
compact51_marcy__current_roles,2019-01-09 22:00:00,25.2161269225,66.0364068761,0,0,0,12,12,7365,4125
compact51_marcy__current_roles,2019-01-09 23:00:00,19.742178771,62.7706286051,0,0,0,12,12,4811,3444
compact51_marcy__current_roles,2019-01-10 00:00:00,21.2641244955,56.1821865978,0,0,0,12,12,5752,1918
compact51_marcy__current_roles,2019-01-10 01:00:00,20.206892844,53.8062966883,0,0,0,12,12,5125,1424
compact51_marcy__current_roles,2019-01-10 02:00:00,19.4226830003,54.5044087803,0,0,0,12,12,4577,1554
compact51_marcy__current_roles,2019-01-10 03:00:00,20.5608455003,56.9536981312,0,0,0,12,12,5346,2088
compact51_marcy__current_roles,2019-01-10 04:00:00,20.9916554367,58.3606906228,0,0,0,12,12,5606,2420
compact51_marcy__current_roles,2019-01-10 05:00:00,20.0194031201,57.1761233152,0,0,0,12,12,4992,2137
compact51_marcy__current_roles,2019-01-10 06:00:00,16.4185829457,48.297674775,0,0,0,12,12,2258,529
compact51_marcy__current_roles,2019-01-10 07:00:00,15.3129774774,49.9479829691,0,0,0,12,12,1474,725
compact51_marcy__current_roles,2019-01-10 08:00:00,14.8305561785,49.3450314925,0,0,0,12,12,1149,646
compact51_marcy__current_roles,2019-01-10 09:00:00,16.742138721,54.0643618414,0,0,0,12,12,2487,1468
compact51_marcy__current_roles,2019-01-10 10:00:00,18.7975787082,77.2797256915,0,0,0,12,12,4096,5351
compact51_marcy__current_roles,2019-01-10 11:00:00,22.0839508055,84.4854445208,0,0,0,12,12,6162,5702
compact51_marcy__current_roles,2019-01-10 12:00:00,20.0328698592,66.2259518388,0,0,0,12,12,5006,4159
compact51_marcy__current_roles,2019-01-10 13:00:00,19.070940674,57.3402122512,0,0,0,12,12,4338,2175
compact51_marcy__current_roles,2019-01-10 14:00:00,18.6330909112,54.051468834,0,0,0,12,12,3987,1466
compact51_marcy__current_roles,2019-01-10 15:00:00,17.812817818,54.5021124867,0,0,0,12,12,3323,1553
compact51_marcy__current_roles,2019-01-10 16:00:00,16.6782123346,56.0168446631,0,0,0,12,12,2439,1878
compact51_marcy__current_roles,2019-01-10 17:00:00,19.9422964602,60.0049761829,0,0,0,12,12,4932,2817
compact51_marcy__current_roles,2019-01-10 18:00:00,20.7018141603,59.9293210776,0,0,0,12,12,5434,2802
compact51_marcy__current_roles,2019-01-10 19:00:00,17.514084549,55.161406565,0,0,0,12,12,3087,1684
compact51_marcy__current_roles,2019-01-10 20:00:00,18.0557653804,53.6963596672,0,0,0,12,12,3537,1399
compact51_marcy__current_roles,2019-01-10 21:00:00,18.3478728116,53.7667102635,0,0,0,12,12,3771,1416
compact51_marcy__current_roles,2019-01-10 22:00:00,20.3383337041,57.4784626651,0,0,0,12,12,5208,2216
compact51_marcy__current_roles,2019-01-10 23:00:00,24.7287547088,61.2007920078,0,0,0,12,12,7226,3094
compact51_marcy__current_roles,2019-01-11 00:00:00,17.3404058651,48.3058610685,0,0,0,12,12,2960,531
compact51_marcy__current_roles,2019-01-11 01:00:00,16.3858067651,46.1067804182,0,0,0,12,12,2229,311
compact51_marcy__current_roles,2019-01-11 02:00:00,16.0434414591,47.9721046154,0,0,0,12,12,1974,479
compact51_marcy__current_roles,2019-01-11 03:00:00,17.0718185127,49.6894459325,0,0,0,12,12,2735,695
compact51_marcy__current_roles,2019-01-11 04:00:00,20.7560535993,52.5381287167,0,0,0,12,12,5468,1169
compact51_marcy__current_roles,2019-01-11 05:00:00,21.2072865994,53.0037428317,0,0,0,12,12,5717,1266
compact51_marcy__current_roles,2019-01-11 06:00:00,22.8132827024,57.7908732933,0,0,0,12,12,6506,2290
compact51_marcy__current_roles,2019-01-11 07:00:00,20.5518245938,62.3908456477,0,0,0,12,12,5338,3368
compact51_marcy__current_roles,2019-01-11 08:00:00,19.9628443396,61.8065121579,0,0,0,12,12,4947,3235
compact51_marcy__current_roles,2019-01-11 09:00:00,21.3116295749,59.9202625746,0,0,0,12,12,5777,2799
compact51_marcy__current_roles,2019-01-11 10:00:00,20.0050856369,58.2414662643,0,0,0,12,12,4978,2394
compact51_marcy__current_roles,2019-01-11 11:00:00,17.3946597476,54.5858730006,0,0,0,12,12,2995,1576
compact51_marcy__current_roles,2019-01-11 12:00:00,17.5352382898,55.9513229358,0,0,0,12,12,3103,1861
compact51_marcy__current_roles,2019-01-11 13:00:00,18.0406312332,55.6555884157,0,0,0,12,12,3524,1798
compact51_marcy__current_roles,2019-01-11 14:00:00,18.9094450629,54.1461151188,0,0,0,12,12,4207,1479
compact51_marcy__current_roles,2019-01-11 15:00:00,20.7448238039,60.0566363101,0,0,0,13,13,5459,2840
compact51_marcy__current_roles,2019-01-11 16:00:00,16.3385520742,56.00450362,0,0,0,11,11,2195,1874
compact51_marcy__current_roles,2019-01-11 17:00:00,18.9935633939,64.960509898,0,0,0,12,12,4275,3924
compact51_marcy__current_roles,2019-01-11 18:00:00,15.4347243813,57.8291830157,0,0,0,12,12,1565,2303
compact51_marcy__current_roles,2019-01-11 19:00:00,14.2348983133,56.5417050938,0,0,0,12,12,851,1990
compact51_marcy__current_roles,2019-01-11 20:00:00,15.2344883876,51.8256296878,0,0,0,12,12,1417,1050
compact51_marcy__current_roles,2019-01-11 21:00:00,18.1846695849,45.8347069505,0,0,0,14,13,3643,289
compact51_marcy__current_roles,2019-01-11 22:00:00,20.3971815821,40.8244207216,0,0,0,10,10,5249,71
compact51_marcy__current_roles,2019-01-11 23:00:00,19.145064253,39.5639214786,0,0,0,12,12,4394,45
compact51_marcy__current_roles,2019-01-12 00:00:00,20.9231796122,44.2426219411,0,0,0,12,12,5568,188
compact51_marcy__current_roles,2019-01-12 01:00:00,19.3388529667,39.4583570719,0,0,0,12,12,4520,44
compact51_marcy__current_roles,2019-01-12 02:00:00,20.8378325756,42.5003425263,0,0,0,12,12,5527,110
compact51_marcy__current_roles,2019-01-12 03:00:00,22.9909741074,43.2154106462,0,0,0,12,12,6584,132
compact51_marcy__current_roles,2019-01-12 04:00:00,23.9521453137,49.0949387746,0,0,0,12,12,6992,623
compact51_marcy__current_roles,2019-01-12 05:00:00,22.2696464357,47.3317360378,0,0,0,12,12,6246,419
compact51_marcy__current_roles,2019-01-12 06:00:00,20.672590282,46.5891246493,0,0,0,12,12,5413,346
compact51_marcy__current_roles,2019-01-12 07:00:00,19.9903228533,50.9023250471,0,0,0,12,12,4968,890
compact51_marcy__current_roles,2019-01-12 08:00:00,19.6324754991,55.8371883415,0,0,0,14,13,4735,1835
compact51_marcy__current_roles,2019-01-12 09:00:00,21.8873981192,52.828254659,0,0,0,12,12,6082,1232
compact51_marcy__current_roles,2019-01-12 10:00:00,17.6675287351,52.9646815473,0,0,0,13,13,3200,1254
compact51_marcy__current_roles,2019-01-12 11:00:00,19.4528022606,59.0150446091,0,0,0,13,13,4603,2599
compact51_marcy__current_roles,2019-01-12 12:00:00,21.2203094614,57.697090892,0,0,0,12,12,5729,2267
compact51_marcy__current_roles,2019-01-12 13:00:00,20.4340324634,52.7583180128,0,0,0,12,12,5267,1214
compact51_marcy__current_roles,2019-01-12 14:00:00,21.7109928033,55.1186583819,0,0,0,12,12,5978,1679
compact51_marcy__current_roles,2019-01-12 15:00:00,21.8554103374,52.0925285501,0,0,0,12,12,6064,1092
compact51_marcy__current_roles,2019-01-12 16:00:00,20.4786992215,59.5369147533,0,0,0,12,12,5294,2706
compact51_marcy__current_roles,2019-01-12 17:00:00,19.4484967496,59.7666227419,0,0,0,13,13,4597,2754
compact51_marcy__current_roles,2019-01-12 18:00:00,18.8187012788,60.6597113455,0,0,0,11,11,4117,2961
compact51_marcy__current_roles,2019-01-12 19:00:00,18.4212227681,60.3164536049,0,0,0,12,12,3813,2891
compact51_marcy__current_roles,2019-01-12 20:00:00,19.7443992588,56.1493416049,0,0,0,12,12,4813,1910
compact51_marcy__current_roles,2019-01-12 21:00:00,19.9601260727,54.4503862377,0,0,0,12,12,4946,1537
compact51_marcy__current_roles,2019-01-12 22:00:00,22.2601159268,50.1924161497,0,0,0,12,12,6241,769
compact51_marcy__current_roles,2019-01-12 23:00:00,25.4669582581,52.3990655538,0,0,0,12,12,7436,1144
compact51_marcy__current_roles,2019-01-13 00:00:00,23.1765471637,49.7314901362,0,0,0,12,12,6669,696
compact51_marcy__current_roles,2019-01-13 01:00:00,19.9255419352,48.1975799447,0,0,0,12,12,4922,512
compact51_marcy__current_roles,2019-01-13 02:00:00,20.9485840676,44.0276698197,0,0,0,12,12,5586,164
compact51_marcy__current_roles,2019-01-13 03:00:00,23.1396228474,53.0720418073,0,0,0,12,12,6655,1274
compact51_marcy__current_roles,2019-01-13 04:00:00,22.7235433474,49.0513965832,0,0,0,12,12,6459,617
compact51_marcy__current_roles,2019-01-13 05:00:00,19.796552924,46.4817907819,0,0,0,12,12,4843,340
compact51_marcy__current_roles,2019-01-13 06:00:00,20.6536067378,48.0284592614,0,0,0,12,12,5400,487
compact51_marcy__current_roles,2019-01-13 07:00:00,17.1241078426,53.2626302319,0,0,0,12,12,2773,1322
compact51_marcy__current_roles,2019-01-13 08:00:00,17.6221356538,54.0283244479,0,0,0,12,12,3165,1459
compact51_marcy__current_roles,2019-01-13 09:00:00,18.6735795568,52.8417988001,0,0,0,12,12,4015,1235
compact51_marcy__current_roles,2019-01-13 10:00:00,17.7826500305,58.6997962643,0,0,0,12,12,3294,2514
compact51_marcy__current_roles,2019-01-13 11:00:00,19.1349942801,60.0117356436,0,0,0,12,12,4389,2820
compact51_marcy__current_roles,2019-01-13 12:00:00,18.5028933205,53.5896351442,0,0,0,12,12,3876,1381
compact51_marcy__current_roles,2019-01-13 13:00:00,19.0397033788,52.1295453083,0,0,0,12,12,4313,1100
compact51_marcy__current_roles,2019-01-13 14:00:00,18.802006054,54.1152577113,0,0,0,12,12,4099,1476
compact51_marcy__current_roles,2019-01-13 15:00:00,20.0685728214,56.6518485596,0,0,0,12,12,5033,2017
compact51_marcy__current_roles,2019-01-13 16:00:00,20.8378522527,59.7093066063,0,0,0,12,12,5528,2743
compact51_marcy__current_roles,2019-01-13 17:00:00,20.4023148439,56.6893671239,0,0,0,12,12,5253,2024
compact51_marcy__current_roles,2019-01-13 18:00:00,18.1246525448,61.4654922919,0,0,0,12,12,3592,3159
compact51_marcy__current_roles,2019-01-13 19:00:00,20.5356523036,57.6800902544,0,0,0,12,12,5330,2259
compact51_marcy__current_roles,2019-01-13 20:00:00,20.2478727672,57.6003495652,0,0,0,12,12,5147,2241
compact51_marcy__current_roles,2019-01-13 21:00:00,19.5211630245,54.8074037273,0,0,0,12,12,4667,1620
compact51_marcy__current_roles,2019-01-13 22:00:00,19.2587864514,51.1427345476,0,0,0,13,12,4469,929
compact51_marcy__current_roles,2019-01-13 23:00:00,19.3984112725,49.7930458809,0,0,0,12,12,4556,703
compact51_marcy__current_roles,2019-01-14 00:00:00,21.7332719216,47.4321304266,0,0,0,12,12,5994,429
compact51_marcy__current_roles,2019-01-14 01:00:00,21.9134438873,47.8848045053,0,0,0,12,12,6096,474
compact51_marcy__current_roles,2019-01-14 02:00:00,20.6877282417,48.9000776433,0,0,0,12,12,5423,599
compact51_marcy__current_roles,2019-01-14 03:00:00,19.9201947571,51.2463931369,0,0,0,12,12,4919,944
compact51_marcy__current_roles,2019-01-14 04:00:00,20.8095908036,50.7431865832,0,0,0,12,12,5508,860
compact51_marcy__current_roles,2019-01-14 05:00:00,22.7964610284,75.2658915656,0,0,0,13,13,6496,5203
compact51_marcy__current_roles,2019-01-14 06:00:00,24.778877956,64.6235813333,0,0,0,12,11,7245,3841
compact51_marcy__current_roles,2019-01-14 07:00:00,24.4484350531,69.9835180031,0,0,0,12,12,7156,4676
compact51_marcy__current_roles,2019-01-14 08:00:00,18.1899648749,72.3973081083,0,0,0,12,12,3646,4922
compact51_marcy__current_roles,2019-01-14 09:00:00,19.7105399573,61.6895610593,0,0,0,13,13,4796,3215
compact51_marcy__current_roles,2019-01-14 10:00:00,20.7742760669,58.2198116932,0,0,0,12,12,5479,2388
compact51_marcy__current_roles,2019-01-14 11:00:00,20.5159163573,66.0304163528,0,0,0,12,12,5321,4123
compact51_marcy__current_roles,2019-01-14 12:00:00,21.1262154815,58.9051641895,0,0,0,14,13,5689,2566
compact51_marcy__current_roles,2019-01-14 13:00:00,21.2122199921,59.5527590285,0,0,0,11,11,5721,2708
compact51_marcy__current_roles,2019-01-14 14:00:00,22.4006755948,59.1797488252,0,0,0,12,12,6291,2635
compact51_marcy__current_roles,2019-01-14 15:00:00,21.8319355659,54.6775921078,0,0,0,12,12,6045,1594
compact51_marcy__current_roles,2019-01-14 16:00:00,21.1724020793,64.5211133552,0,0,0,12,12,5700,3819
compact51_marcy__current_roles,2019-01-14 17:00:00,17.3839665814,64.58242109,0,0,0,12,12,2984,3835
compact51_marcy__current_roles,2019-01-14 18:00:00,14.5602313778,63.3280982274,0,0,0,12,12,998,3572
compact51_marcy__current_roles,2019-01-14 19:00:00,15.7954545825,59.3054239912,0,0,0,12,12,1790,2663
compact51_marcy__current_roles,2019-01-14 20:00:00,17.9517194946,54.0793953128,0,0,0,12,12,3448,1472
compact51_marcy__current_roles,2019-01-14 21:00:00,16.8385603395,51.0437865511,0,0,0,12,12,2561,910
compact51_marcy__current_roles,2019-01-14 22:00:00,17.8990082032,48.8562447443,0,0,0,12,12,3399,594
compact51_marcy__current_roles,2019-01-14 23:00:00,22.4223674525,51.1161995115,0,0,0,12,12,6301,924
compact51_marcy__current_roles,2019-01-15 00:00:00,24.9689976079,67.7410605351,0,0,0,12,12,7309,4396
compact51_marcy__current_roles,2019-01-15 01:00:00,22.9455834353,66.6734721934,0,0,0,12,12,6565,4231
compact51_marcy__current_roles,2019-01-15 02:00:00,24.3163609446,67.114285459,0,0,0,12,12,7113,4305
compact51_marcy__current_roles,2019-01-15 03:00:00,24.2044251145,68.7197433754,0,0,0,12,12,7070,4517
compact51_marcy__current_roles,2019-01-15 04:00:00,25.9947063987,72.5250874282,0,0,0,12,12,7572,4933
compact51_marcy__current_roles,2019-01-15 05:00:00,22.2946930167,49.97544981,0,0,0,12,12,6253,733
compact51_marcy__current_roles,2019-01-15 06:00:00,17.6921330375,48.2409488703,0,0,0,12,12,3216,521
compact51_marcy__current_roles,2019-01-15 07:00:00,14.6963379307,58.9278154929,0,0,0,12,12,1064,2571
compact51_marcy__current_roles,2019-01-15 08:00:00,12.8345663922,59.8356495372,0,0,0,12,12,334,2779
compact51_marcy__current_roles,2019-01-15 09:00:00,15.4387998454,57.5258238277,0,0,0,12,12,1567,2228
compact51_marcy__current_roles,2019-01-15 10:00:00,16.2318932246,65.4853237604,0,0,0,12,12,2107,4032
compact51_marcy__current_roles,2019-01-15 11:00:00,14.4625190399,60.39969924,0,0,0,13,13,953,2904
compact51_marcy__current_roles,2019-01-15 12:00:00,17.8048836883,54.4868870736,0,0,0,12,12,3316,1547
compact51_marcy__current_roles,2019-01-15 13:00:00,16.9448086882,52.9766878189,0,0,0,12,12,2639,1261
compact51_marcy__current_roles,2019-01-15 14:00:00,18.5062824684,52.3065726249,0,0,0,12,12,3877,1126
compact51_marcy__current_roles,2019-01-15 15:00:00,18.0905661936,52.5442726566,0,0,0,12,12,3565,1172
compact51_marcy__current_roles,2019-01-15 16:00:00,16.7447059183,57.3935741018,0,0,0,12,12,2490,2195
compact51_marcy__current_roles,2019-01-15 17:00:00,16.0675309637,58.3282183426,0,0,0,12,12,1990,2417
compact51_marcy__current_roles,2019-01-15 18:00:00,14.7084176131,60.0879358463,0,0,0,12,12,1071,2843
compact51_marcy__current_roles,2019-01-15 19:00:00,13.4969325894,61.6088148806,0,0,0,12,12,547,3195
compact51_marcy__current_roles,2019-01-15 20:00:00,14.9285309451,58.5615317414,0,0,0,12,12,1215,2477
compact51_marcy__current_roles,2019-01-15 21:00:00,16.2567913259,51.764399108,0,0,0,12,12,2121,1039
compact51_marcy__current_roles,2019-01-15 22:00:00,23.8211280831,56.7494118326,0,0,0,12,12,6947,2039
compact51_marcy__current_roles,2019-01-15 23:00:00,19.966089498,50.6913402984,0,0,0,12,12,4951,853
compact51_marcy__current_roles,2019-01-16 00:00:00,25.1907704767,65.0660108938,0,0,0,12,12,7360,3944
compact51_marcy__current_roles,2019-01-16 01:00:00,23.8949015542,100.416978952,0,0,0,12,12,6970,6219
compact51_marcy__current_roles,2019-01-16 02:00:00,29.0416442571,173.203148347,0,0,0,12,12,8134,7309
compact51_marcy__current_roles,2019-01-16 03:00:00,28.5095188205,278.350797014,0,0,0,12,12,8047,7866
compact51_marcy__current_roles,2019-01-16 04:00:00,28.8016449025,444.951657953,0,0,0,12,12,8094,8185
compact51_marcy__current_roles,2019-01-16 05:00:00,19.874472029,66.6480315374,0,0,0,12,12,4892,4224
compact51_marcy__current_roles,2019-01-16 06:00:00,19.2121840014,77.6334598083,0,0,0,12,12,4440,5378
compact51_marcy__current_roles,2019-01-16 07:00:00,19.0097723318,57.7697467532,0,0,0,12,12,4285,2281
compact51_marcy__current_roles,2019-01-16 08:00:00,16.743034203,54.1599825249,0,0,0,12,12,2488,1481
compact51_marcy__current_roles,2019-01-16 09:00:00,17.0477579216,53.23224355,0,0,0,12,12,2711,1314
compact51_marcy__current_roles,2019-01-16 10:00:00,16.3215930074,54.7235833717,0,0,0,12,12,2182,1602
compact51_marcy__current_roles,2019-01-16 11:00:00,15.2263728461,53.8970866207,0,0,0,12,12,1412,1442
compact51_marcy__current_roles,2019-01-16 12:00:00,16.8218454678,51.8372741799,0,0,0,12,12,2552,1052
compact51_marcy__current_roles,2019-01-16 13:00:00,19.6720951923,53.8238264057,0,0,0,12,12,4768,1427
compact51_marcy__current_roles,2019-01-16 14:00:00,21.5516894803,61.962456936,0,0,0,12,12,5916,3273
compact51_marcy__current_roles,2019-01-16 15:00:00,17.0388979773,55.9305253087,0,0,0,12,12,2705,1857
compact51_marcy__current_roles,2019-01-16 16:00:00,15.7604337537,58.2803998473,0,0,0,12,12,1771,2409
compact51_marcy__current_roles,2019-01-16 17:00:00,16.4960253029,61.4156901176,0,0,0,12,12,2317,3146
compact51_marcy__current_roles,2019-01-16 18:00:00,17.7976769958,56.8741263752,0,0,0,12,12,3305,2075
compact51_marcy__current_roles,2019-01-16 19:00:00,16.4924161467,56.7874779417,0,0,0,12,12,2313,2053
compact51_marcy__current_roles,2019-01-16 20:00:00,16.4803804834,55.7604640498,0,0,0,12,12,2302,1819
compact51_marcy__current_roles,2019-01-16 21:00:00,18.9544853453,53.6455009487,0,0,0,13,13,4237,1390
compact51_marcy__current_roles,2019-01-16 22:00:00,18.5891793983,53.5691976124,0,0,0,12,12,3954,1378
compact51_marcy__current_roles,2019-01-16 23:00:00,23.2843453262,60.5050239399,0,0,0,13,13,6723,2917
compact51_marcy__current_roles,2019-01-17 00:00:00,21.3300129924,54.770653562,0,0,0,12,12,5786,1613
compact51_marcy__current_roles,2019-01-17 01:00:00,25.6062589973,92.4023755489,0,0,0,12,12,7475,5959
compact51_marcy__current_roles,2019-01-17 02:00:00,24.6399417226,100.964826861,0,0,0,12,12,7203,6241
compact51_marcy__current_roles,2019-01-17 03:00:00,31.3033453271,133.347857833,0,0,0,12,12,8404,6883
compact51_marcy__current_roles,2019-01-17 04:00:00,30.334684546,123.883922042,0,0,0,12,12,8307,6730
compact51_marcy__current_roles,2019-01-17 05:00:00,23.6834950992,63.115427576,0,0,0,13,13,6901,3521
compact51_marcy__current_roles,2019-01-17 06:00:00,25.9208423765,54.3238627871,0,0,0,12,11,7550,1515
compact51_marcy__current_roles,2019-01-17 07:00:00,20.1941538873,591.145193763,1,0,0,12,12,5111,8333
compact51_marcy__current_roles,2019-01-17 08:00:00,18.3622270473,56.0460507121,0,0,0,12,12,3780,1883
compact51_marcy__current_roles,2019-01-17 09:00:00,17.4459913319,54.9564981537,0,0,0,12,12,3031,1652
compact51_marcy__current_roles,2019-01-17 10:00:00,16.893584093,57.1814772144,0,0,0,12,12,2598,2138
compact51_marcy__current_roles,2019-01-17 11:00:00,17.4518715453,61.2352012194,0,0,0,8,8,3037,3107
compact51_marcy__current_roles,2019-01-17 12:00:00,20.3563616458,54.8323851758,0,0,0,12,12,5215,1627
compact51_marcy__current_roles,2019-01-17 13:00:00,19.4955388792,58.4333438502,0,0,0,12,12,4641,2441
compact51_marcy__current_roles,2019-01-17 14:00:00,19.0761320111,56.932777317,0,0,0,12,12,4344,2086
compact51_marcy__current_roles,2019-01-17 15:00:00,19.8493469408,59.0161553184,0,0,0,12,12,4872,2600
compact51_marcy__current_roles,2019-01-17 16:00:00,20.697263264,64.2375100607,0,0,0,12,12,5430,3757
compact51_marcy__current_roles,2019-01-17 17:00:00,17.5466508594,64.6435951912,0,0,0,12,12,3113,3847
compact51_marcy__current_roles,2019-01-17 18:00:00,17.5808116081,64.9456146518,0,0,0,12,12,3138,3919
compact51_marcy__current_roles,2019-01-17 19:00:00,18.5825386864,61.1742505891,0,0,0,12,12,3950,3088
compact51_marcy__current_roles,2019-01-17 20:00:00,20.0322532591,57.4071976071,0,0,0,12,12,5005,2197
compact51_marcy__current_roles,2019-01-17 21:00:00,24.4927166923,78.7208836196,0,0,0,12,12,7168,5434
compact51_marcy__current_roles,2019-01-17 22:00:00,21.6242150762,53.5253347687,0,0,0,12,12,5947,1372
compact51_marcy__current_roles,2019-01-17 23:00:00,28.1843041306,86.868321416,0,0,0,12,12,8005,5780
compact51_marcy__current_roles,2019-01-18 00:00:00,24.4954388147,64.827717832,0,0,0,12,12,7170,3892
compact51_marcy__current_roles,2019-01-18 01:00:00,29.5067835322,253.93974204,0,0,0,12,12,8200,7785
compact51_marcy__current_roles,2019-01-18 02:00:00,30.864879477,226.04198052,0,0,0,12,12,8374,7647
compact51_marcy__current_roles,2019-01-18 03:00:00,33.5006304683,191.79027977,0,0,0,12,12,8534,7438
compact51_marcy__current_roles,2019-01-18 04:00:00,34.6977662328,235.029199109,0,0,0,12,12,8583,7695
compact51_marcy__current_roles,2019-01-18 05:00:00,23.438303269,106.975573043,0,0,0,12,12,6786,6389
compact51_marcy__current_roles,2019-01-18 06:00:00,22.0241523959,48.1750519835,0,0,0,12,12,6137,508
compact51_marcy__current_roles,2019-01-18 07:00:00,17.1308744555,55.1857819174,0,0,0,12,12,2777,1686
compact51_marcy__current_roles,2019-01-18 08:00:00,13.7716852469,57.6379279899,0,0,0,12,12,644,2248
compact51_marcy__current_roles,2019-01-18 09:00:00,14.3399048278,55.3950091148,0,0,0,12,12,901,1735
compact51_marcy__current_roles,2019-01-18 10:00:00,17.4933013101,51.0453009631,0,0,0,12,12,3070,911
compact51_marcy__current_roles,2019-01-18 11:00:00,17.6329912001,54.5386367742,0,0,0,12,12,3173,1562
compact51_marcy__current_roles,2019-01-18 12:00:00,17.3759770597,54.8319344527,0,0,0,12,12,2976,1625
compact51_marcy__current_roles,2019-01-18 13:00:00,16.9033376099,52.7469289907,0,0,0,12,12,2606,1212
compact51_marcy__current_roles,2019-01-18 14:00:00,16.0929209904,54.8432882452,0,0,0,12,12,2014,1629
compact51_marcy__current_roles,2019-01-18 15:00:00,15.7594330495,58.0265580544,0,0,0,12,12,1770,2350
compact51_marcy__current_roles,2019-01-18 16:00:00,14.1978768049,60.4745504682,0,0,0,12,12,833,2912
compact51_marcy__current_roles,2019-01-18 17:00:00,15.1882241507,55.0465423701,0,0,0,12,12,1383,1668
compact51_marcy__current_roles,2019-01-18 18:00:00,14.0746579917,56.5144886208,0,0,0,12,12,775,1985
compact51_marcy__current_roles,2019-01-18 19:00:00,14.2716984115,58.5467360949,0,0,0,12,12,870,2469
compact51_marcy__current_roles,2019-01-18 20:00:00,14.6799610817,54.0828784679,0,0,0,12,12,1050,1473
compact51_marcy__current_roles,2019-01-18 21:00:00,15.877628675,52.9198580327,0,0,0,12,12,1842,1246
compact51_marcy__current_roles,2019-01-18 22:00:00,19.7518559026,52.988139403,0,0,0,12,12,4818,1262
compact51_marcy__current_roles,2019-01-18 23:00:00,23.9204617853,85.5142096582,0,0,0,12,12,6978,5744
compact51_marcy__current_roles,2019-01-19 00:00:00,23.0777271503,85.4212665919,0,0,0,12,12,6624,5740
compact51_marcy__current_roles,2019-01-19 01:00:00,24.0621478838,81.9320347025,0,0,0,12,12,7020,5598
compact51_marcy__current_roles,2019-01-19 02:00:00,25.7209833487,95.7330564825,0,0,0,12,12,7503,6075
compact51_marcy__current_roles,2019-01-19 03:00:00,28.5706530861,135.897110081,0,0,0,12,12,8058,6913
compact51_marcy__current_roles,2019-01-19 04:00:00,29.2206604961,142.498122906,0,0,0,12,12,8162,6990
compact51_marcy__current_roles,2019-01-19 05:00:00,28.708577468,123.744099742,0,0,0,12,12,8077,6726
compact51_marcy__current_roles,2019-01-19 06:00:00,29.8134625814,107.783605957,0,0,0,12,12,8241,6398
compact51_marcy__current_roles,2019-01-19 07:00:00,14.2851783846,51.7157726886,0,0,0,12,12,873,1031
compact51_marcy__current_roles,2019-01-19 08:00:00,15.386357162,46.1878350311,0,0,0,12,12,1526,318
compact51_marcy__current_roles,2019-01-19 09:00:00,16.0383220971,48.2498607987,0,0,0,12,12,1969,523
compact51_marcy__current_roles,2019-01-19 10:00:00,16.3360557025,47.6329379827,0,0,0,12,12,2194,448
compact51_marcy__current_roles,2019-01-19 11:00:00,18.0000249557,49.3396436061,0,0,0,12,12,3487,645
compact51_marcy__current_roles,2019-01-19 12:00:00,17.8693233859,49.455541246,0,0,0,11,11,3374,662
compact51_marcy__current_roles,2019-01-19 13:00:00,18.7368421324,56.0552032017,0,0,0,12,12,4051,1885
compact51_marcy__current_roles,2019-01-19 14:00:00,16.2237950263,69.6115387021,0,0,0,12,12,2102,4625
compact51_marcy__current_roles,2019-01-19 15:00:00,18.9117552201,758.278169636,1,0,0,12,12,4209,8423
compact51_marcy__current_roles,2019-01-19 16:00:00,20.6493076455,175.101645504,1,0,0,12,12,5394,7325
compact51_marcy__current_roles,2019-01-19 17:00:00,23.2298785928,57.1235129924,0,0,0,12,12,6696,2124
compact51_marcy__current_roles,2019-01-19 18:00:00,20.4418480333,57.2496302409,0,0,0,12,12,5274,2151
compact51_marcy__current_roles,2019-01-19 19:00:00,19.4075578917,72.5881106186,0,0,0,12,12,4560,4939
compact51_marcy__current_roles,2019-01-19 20:00:00,21.0084790097,91.4969922065,0,0,0,12,12,5619,5926
compact51_marcy__current_roles,2019-01-19 21:00:00,21.1736834152,110.755052325,1,0,0,12,12,5702,6464
compact51_marcy__current_roles,2019-01-19 22:00:00,24.3270188952,174.353240692,1,0,0,12,12,7116,7321
compact51_marcy__current_roles,2019-01-19 23:00:00,24.3376375957,195.823292162,0,0,0,12,12,7120,7469
compact51_marcy__current_roles,2019-01-20 00:00:00,27.2856594562,53.5042790988,0,0,0,12,12,7858,1370
compact51_marcy__current_roles,2019-01-20 01:00:00,26.9492086923,47.8633972039,0,0,0,12,12,7792,470
compact51_marcy__current_roles,2019-01-20 02:00:00,28.8358952669,78.8560856973,0,0,0,12,12,8101,5441
compact51_marcy__current_roles,2019-01-20 03:00:00,31.8440933389,93.1320790703,0,0,0,12,12,8439,5985
compact51_marcy__current_roles,2019-01-20 04:00:00,32.7533085963,97.9344371424,0,0,0,12,12,8497,6133
compact51_marcy__current_roles,2019-01-20 05:00:00,29.0846856569,57.2495534775,0,0,0,12,12,8140,2150
compact51_marcy__current_roles,2019-01-20 06:00:00,32.0853230467,83.8228619631,0,0,0,12,12,8458,5675
compact51_marcy__current_roles,2019-01-20 07:00:00,30.6406411096,67.975152272,0,0,0,12,12,8343,4416
compact51_marcy__current_roles,2019-01-20 08:00:00,23.2626834945,53.0925072951,0,0,0,12,12,6710,1280
compact51_marcy__current_roles,2019-01-20 09:00:00,20.6496386837,47.0960226042,0,0,0,12,12,5395,389
compact51_marcy__current_roles,2019-01-20 10:00:00,19.8487245798,51.3837473806,0,0,0,12,12,4871,963
compact51_marcy__current_roles,2019-01-20 11:00:00,19.4263715231,51.5741857444,0,0,0,12,12,4580,1001
compact51_marcy__current_roles,2019-01-20 12:00:00,18.4081073523,48.0674170233,0,0,0,12,12,3806,493
compact51_marcy__current_roles,2019-01-20 13:00:00,22.0680761954,63.025640283,0,0,0,12,12,6152,3509
compact51_marcy__current_roles,2019-01-20 14:00:00,21.4871424798,48.6966635831,0,0,0,12,12,5880,582
compact51_marcy__current_roles,2019-01-20 15:00:00,21.8625624602,43.2875534049,0,0,0,12,12,6069,138
compact51_marcy__current_roles,2019-01-20 16:00:00,22.1653926283,43.2605110984,0,0,0,12,12,6200,136
compact51_marcy__current_roles,2019-01-20 17:00:00,19.9188804975,45.2848051806,0,0,0,12,12,4917,248
compact51_marcy__current_roles,2019-01-20 18:00:00,19.3159049953,48.0500320055,0,0,0,12,12,4508,489
compact51_marcy__current_roles,2019-01-20 19:00:00,17.744430281,47.3999552172,0,0,0,13,13,3256,423
compact51_marcy__current_roles,2019-01-20 20:00:00,18.2096078661,44.5979367617,0,0,0,12,12,3655,208
compact51_marcy__current_roles,2019-01-20 21:00:00,22.3296549435,45.3425792515,0,0,0,12,12,6267,250
compact51_marcy__current_roles,2019-01-20 22:00:00,21.1425168128,61.0075801274,0,0,0,13,13,5693,3050
compact51_marcy__current_roles,2019-01-20 23:00:00,22.4653543488,70.7776280082,0,0,0,12,12,6326,4769
compact51_marcy__current_roles,2019-01-21 00:00:00,23.0013256363,90.8009786036,0,0,0,13,12,6590,5903
compact51_marcy__current_roles,2019-01-21 01:00:00,24.1960825696,110.092478375,1,0,0,12,12,7065,6449
compact51_marcy__current_roles,2019-01-21 02:00:00,25.4041052593,74.3976266523,0,0,0,12,12,7422,5131
compact51_marcy__current_roles,2019-01-21 03:00:00,27.3638507147,79.530657873,0,0,0,12,12,7877,5476
compact51_marcy__current_roles,2019-01-21 04:00:00,24.2234413068,84.3277950809,0,0,0,12,12,7079,5692
compact51_marcy__current_roles,2019-01-21 05:00:00,24.3708515274,80.885692374,0,0,0,12,12,7137,5545
compact51_marcy__current_roles,2019-01-21 06:00:00,21.6402539778,55.2886480714,0,0,0,12,12,5959,1711
compact51_marcy__current_roles,2019-01-21 07:00:00,12.6939381951,55.9807083114,0,0,0,12,12,289,1867
compact51_marcy__current_roles,2019-01-21 08:00:00,13.6934987525,59.4288529887,0,0,0,12,12,615,2692
compact51_marcy__current_roles,2019-01-21 09:00:00,12.5620190306,56.8009696232,0,0,0,12,12,257,2055
compact51_marcy__current_roles,2019-01-21 10:00:00,13.7135686637,57.9078293178,0,0,0,12,12,621,2327
compact51_marcy__current_roles,2019-01-21 11:00:00,14.1365644691,48.8801245463,0,0,0,11,11,802,597
compact51_marcy__current_roles,2019-01-21 12:00:00,16.4243828878,39.3278270543,0,0,0,12,12,2265,42
compact51_marcy__current_roles,2019-01-21 13:00:00,13.141326081,42.8754014705,0,0,0,12,12,431,122
compact51_marcy__current_roles,2019-01-21 14:00:00,13.8210564678,44.1388408262,0,0,0,12,12,665,174
compact51_marcy__current_roles,2019-01-21 15:00:00,13.9196412783,43.7170913582,0,0,0,12,12,712,149
compact51_marcy__current_roles,2019-01-21 16:00:00,13.624456388,54.2467419136,0,0,0,12,12,589,1497
compact51_marcy__current_roles,2019-01-21 17:00:00,13.4450547453,58.9364473393,0,0,0,12,12,531,2575
compact51_marcy__current_roles,2019-01-21 18:00:00,15.4696555741,58.7295155671,0,0,0,12,12,1589,2522
compact51_marcy__current_roles,2019-01-21 19:00:00,18.9412635358,58.2911682845,0,0,0,12,12,4230,2412
compact51_marcy__current_roles,2019-01-21 20:00:00,16.8786940412,54.1814823916,0,0,0,12,12,2587,1485
compact51_marcy__current_roles,2019-01-21 21:00:00,15.0051271888,46.5063265465,0,0,0,12,12,1267,343
compact51_marcy__current_roles,2019-01-21 22:00:00,17.7335025033,62.2615100598,0,0,0,12,12,3246,3335
compact51_marcy__current_roles,2019-01-21 23:00:00,20.8186412447,90.0090616467,0,0,0,12,12,5516,5887
compact51_marcy__current_roles,2019-01-22 00:00:00,23.2180727139,154.816832817,1,0,0,13,12,6692,7144
compact51_marcy__current_roles,2019-01-22 01:00:00,24.3459562784,152.981066754,1,0,0,12,12,7125,7116
compact51_marcy__current_roles,2019-01-22 02:00:00,22.4625874623,115.395445402,1,0,0,12,12,6322,6561
compact51_marcy__current_roles,2019-01-22 03:00:00,22.3522428899,91.8123384398,0,0,0,13,12,6272,5938
compact51_marcy__current_roles,2019-01-22 04:00:00,18.1119772828,43.9999853299,0,0,0,12,12,3582,160
compact51_marcy__current_roles,2019-01-22 05:00:00,18.5979818544,41.4263272546,0,0,0,12,12,3965,83
compact51_marcy__current_roles,2019-01-22 06:00:00,26.6530928864,63.3950547532,0,0,0,12,12,7725,3586
compact51_marcy__current_roles,2019-01-22 07:00:00,28.1815989697,66.3912013886,0,0,0,12,12,8004,4180
compact51_marcy__current_roles,2019-01-22 08:00:00,25.3447373373,70.3972146419,0,0,0,12,12,7407,4731
compact51_marcy__current_roles,2019-01-22 09:00:00,22.7199106577,69.3882830156,0,0,0,12,12,6457,4601
compact51_marcy__current_roles,2019-01-22 10:00:00,17.7587971646,66.3320249345,0,0,0,12,12,3272,4169
compact51_marcy__current_roles,2019-01-22 11:00:00,14.0991458169,59.749683103,0,0,0,12,12,784,2750
compact51_marcy__current_roles,2019-01-22 12:00:00,18.75329628,51.4621332471,0,0,0,12,12,4063,980
compact51_marcy__current_roles,2019-01-22 13:00:00,15.49891907,46.993922313,0,0,0,12,12,1609,378
compact51_marcy__current_roles,2019-01-22 14:00:00,16.4395642747,50.0259094914,0,0,0,13,13,2282,744
compact51_marcy__current_roles,2019-01-22 15:00:00,16.2963591864,44.1625657605,0,0,0,12,12,2154,181
compact51_marcy__current_roles,2019-01-22 16:00:00,17.4186116448,48.9324349309,0,0,0,12,12,3013,604
compact51_marcy__current_roles,2019-01-22 17:00:00,17.8746377792,87.6719974237,0,0,0,12,12,3377,5805
compact51_marcy__current_roles,2019-01-22 18:00:00,18.9646197806,259.62578041,0,0,0,12,12,4245,7810
compact51_marcy__current_roles,2019-01-22 19:00:00,17.8336363202,198.427987157,0,0,0,13,13,3346,7488
compact51_marcy__current_roles,2019-01-22 20:00:00,20.1064440108,120.706113333,0,0,0,12,12,5052,6662
compact51_marcy__current_roles,2019-01-22 21:00:00,21.5469154527,53.9493912188,0,0,0,12,12,5913,1449
compact51_marcy__current_roles,2019-01-22 22:00:00,16.9338936239,75.6386819236,0,0,0,12,11,2629,5233
compact51_marcy__current_roles,2019-01-22 23:00:00,19.879235012,99.7032128008,0,0,0,12,12,4893,6191
compact51_marcy__current_roles,2019-01-23 00:00:00,26.6100043967,97.3776451488,0,0,0,12,12,7715,6119
compact51_marcy__current_roles,2019-01-23 01:00:00,29.0198990398,92.6588818374,0,0,0,12,12,8131,5966
compact51_marcy__current_roles,2019-01-23 02:00:00,33.1440317073,191.163642914,0,0,0,12,12,8516,7432
compact51_marcy__current_roles,2019-01-23 03:00:00,34.452558588,191.861550886,0,0,0,12,12,8571,7440
compact51_marcy__current_roles,2019-01-23 04:00:00,34.2274727301,94.2060327501,0,0,0,12,12,8560,6018
compact51_marcy__current_roles,2019-01-23 05:00:00,30.9945983148,68.9642794131,0,0,0,12,12,8384,4552
compact51_marcy__current_roles,2019-01-23 06:00:00,23.1818311267,58.9643492224,0,0,0,12,12,6675,2586
compact51_marcy__current_roles,2019-01-23 07:00:00,18.400847251,55.0119899456,0,0,0,12,12,3800,1665
compact51_marcy__current_roles,2019-01-23 08:00:00,16.427230693,62.585417692,0,0,0,12,12,2269,3404
compact51_marcy__current_roles,2019-01-23 09:00:00,15.3453803426,60.977472542,0,0,0,12,12,1491,3043
compact51_marcy__current_roles,2019-01-23 10:00:00,18.9613395657,55.2418698912,0,0,0,12,12,4243,1698
compact51_marcy__current_roles,2019-01-23 11:00:00,18.7534863566,59.2351804031,0,0,0,12,12,4064,2649
compact51_marcy__current_roles,2019-01-23 12:00:00,20.6280769956,58.4719953001,0,0,0,12,12,5376,2450
compact51_marcy__current_roles,2019-01-23 13:00:00,20.36321219,60.0313225308,0,0,0,12,12,5223,2824
compact51_marcy__current_roles,2019-01-23 14:00:00,19.1032192988,60.9463413334,0,0,0,12,12,4365,3032
compact51_marcy__current_roles,2019-01-23 15:00:00,17.1470651275,58.5688769411,0,0,0,12,12,2794,2478
compact51_marcy__current_roles,2019-01-23 16:00:00,15.2178996181,56.2439889782,0,0,0,12,12,1402,1928
compact51_marcy__current_roles,2019-01-23 17:00:00,12.9111087757,53.6160077219,0,0,0,12,12,352,1386
compact51_marcy__current_roles,2019-01-23 18:00:00,11.305129151,57.2202236632,0,0,0,12,12,55,2144
compact51_marcy__current_roles,2019-01-23 19:00:00,12.9826308983,56.3784337521,0,0,0,12,12,371,1953
compact51_marcy__current_roles,2019-01-23 20:00:00,12.3443384935,59.1824019613,0,0,0,12,12,207,2636
compact51_marcy__current_roles,2019-01-23 21:00:00,14.1330852038,60.9262252441,0,0,0,12,12,801,3026
compact51_marcy__current_roles,2019-01-23 22:00:00,12.7598365134,58.477174189,0,0,0,12,12,312,2451
compact51_marcy__current_roles,2019-01-23 23:00:00,15.0035571987,50.3085563456,0,0,0,12,12,1265,792
compact51_marcy__current_roles,2019-01-24 00:00:00,21.3605019429,50.7531587141,0,0,0,12,12,5808,861
compact51_marcy__current_roles,2019-01-24 01:00:00,18.6240253391,54.9634197306,0,0,0,12,12,3979,1653
compact51_marcy__current_roles,2019-01-24 02:00:00,20.0836173922,61.7214140315,0,0,0,12,12,5042,3222
compact51_marcy__current_roles,2019-01-24 03:00:00,20.7772655511,70.6639555447,0,0,0,12,12,5480,4754
compact51_marcy__current_roles,2019-01-24 04:00:00,20.5630604851,72.0621933887,0,0,0,12,12,5347,4895
compact51_marcy__current_roles,2019-01-24 05:00:00,22.1892510127,73.4466033004,0,0,0,12,12,6209,5021
compact51_marcy__current_roles,2019-01-24 06:00:00,13.5912532446,58.8383678053,0,0,0,12,12,575,2548
compact51_marcy__current_roles,2019-01-24 07:00:00,16.8950035122,66.1051990773,0,0,0,12,12,2600,4135
compact51_marcy__current_roles,2019-01-24 08:00:00,14.2227510857,66.1836790937,0,0,0,12,12,846,4154
compact51_marcy__current_roles,2019-01-24 09:00:00,14.8776068701,65.4405490673,0,0,0,12,12,1173,4024
compact51_marcy__current_roles,2019-01-24 10:00:00,12.8036840284,66.5056367331,0,0,0,12,12,325,4198
compact51_marcy__current_roles,2019-01-24 11:00:00,15.4180369409,58.3844383111,0,0,0,12,12,1552,2425
compact51_marcy__current_roles,2019-01-24 12:00:00,14.795852309,58.5614877658,0,0,0,12,12,1128,2476
compact51_marcy__current_roles,2019-01-24 13:00:00,14.7985791711,56.8106921355,0,0,0,12,12,1131,2060
compact51_marcy__current_roles,2019-01-24 14:00:00,14.9169306665,56.3293256066,0,0,0,12,12,1204,1943
compact51_marcy__current_roles,2019-01-24 15:00:00,14.103795862,57.453970035,0,0,0,12,12,791,2206
compact51_marcy__current_roles,2019-01-24 16:00:00,14.1400511581,55.1236223644,0,0,0,11,11,806,1680
compact51_marcy__current_roles,2019-01-24 17:00:00,11.7924874333,57.5167267409,0,0,0,12,12,110,2226
compact51_marcy__current_roles,2019-01-24 18:00:00,11.0445774398,59.8560274884,0,0,0,12,12,35,2787
compact51_marcy__current_roles,2019-01-24 19:00:00,11.8885211268,56.5069899399,0,0,0,12,12,124,1980
compact51_marcy__current_roles,2019-01-24 20:00:00,15.9588143574,49.8044386957,0,0,0,12,12,1916,704
compact51_marcy__current_roles,2019-01-24 21:00:00,12.622765613,54.4133061512,0,0,0,12,12,271,1530
compact51_marcy__current_roles,2019-01-24 22:00:00,11.7180330038,56.8560267473,0,0,0,12,12,100,2070
compact51_marcy__current_roles,2019-01-24 23:00:00,16.3816462363,57.1188153475,0,0,0,12,12,2223,2120
compact51_marcy__current_roles,2019-01-25 00:00:00,16.161859213,56.7759825729,0,0,0,12,12,2061,2048
compact51_marcy__current_roles,2019-01-25 01:00:00,15.4925813695,55.6207960524,0,0,0,12,12,1601,1791
compact51_marcy__current_roles,2019-01-25 02:00:00,18.4495827433,61.6578406963,0,0,0,12,12,3837,3207
compact51_marcy__current_roles,2019-01-25 03:00:00,19.5016727573,62.788968107,0,0,0,12,12,4649,3449
compact51_marcy__current_roles,2019-01-25 04:00:00,21.2205907566,63.652763617,0,0,0,12,12,5730,3636
compact51_marcy__current_roles,2019-01-25 05:00:00,18.5841660257,59.7915587799,0,0,0,12,12,3951,2766
compact51_marcy__current_roles,2019-01-25 06:00:00,13.9548194732,54.513550984,0,0,0,12,12,728,1559
compact51_marcy__current_roles,2019-01-25 07:00:00,13.4307296464,58.6873641215,0,0,0,12,12,524,2506
compact51_marcy__current_roles,2019-01-25 08:00:00,10.6592151607,57.1420471994,0,0,0,14,14,22,2130
compact51_marcy__current_roles,2019-01-25 09:00:00,11.2215275493,60.2505172691,0,0,0,10,10,47,2883
compact51_marcy__current_roles,2019-01-25 10:00:00,13.343924978,54.2717531695,0,0,0,12,12,500,1502
compact51_marcy__current_roles,2019-01-25 11:00:00,14.313206187,52.6923647139,0,0,0,12,12,888,1208
compact51_marcy__current_roles,2019-01-25 12:00:00,14.5966626836,54.5820231687,0,0,0,12,12,1019,1574
compact51_marcy__current_roles,2019-01-25 13:00:00,14.8937909464,55.4877867687,0,0,0,12,12,1186,1765
compact51_marcy__current_roles,2019-01-25 14:00:00,16.6981829845,55.8848191912,0,0,0,12,12,2456,1845
compact51_marcy__current_roles,2019-01-25 15:00:00,15.8204463018,54.4695766591,0,0,0,12,12,1804,1543
compact51_marcy__current_roles,2019-01-25 16:00:00,16.6271753725,50.1975549838,0,0,0,12,12,2410,770
compact51_marcy__current_roles,2019-01-25 17:00:00,15.6719866551,48.4837243486,0,0,0,12,12,1706,557
compact51_marcy__current_roles,2019-01-25 18:00:00,14.2553929732,53.4943684964,0,0,0,12,12,860,1367
compact51_marcy__current_roles,2019-01-25 19:00:00,14.5932441334,54.813296407,0,0,0,12,12,1018,1622
compact51_marcy__current_roles,2019-01-25 20:00:00,15.645506209,55.6896452465,0,0,0,12,12,1693,1808
compact51_marcy__current_roles,2019-01-25 21:00:00,15.2813459126,54.7583509786,0,0,0,12,12,1451,1609
compact51_marcy__current_roles,2019-01-25 22:00:00,15.3144828823,50.3020940636,0,0,0,12,12,1476,790
compact51_marcy__current_roles,2019-01-25 23:00:00,13.2593675723,46.2902500589,0,0,0,12,12,466,326
compact51_marcy__current_roles,2019-01-26 00:00:00,21.0471463018,51.2095422919,0,0,0,14,12,5649,938
compact51_marcy__current_roles,2019-01-26 01:00:00,20.4634089348,46.6809727399,0,0,0,12,12,5283,352
compact51_marcy__current_roles,2019-01-26 02:00:00,18.2997092036,45.6807215737,0,0,0,12,12,3728,279
compact51_marcy__current_roles,2019-01-26 03:00:00,18.4101567924,44.1588746429,0,0,0,12,12,3809,180
compact51_marcy__current_roles,2019-01-26 04:00:00,20.7888398839,48.3072498216,0,0,0,12,12,5490,532
compact51_marcy__current_roles,2019-01-26 05:00:00,19.227465461,51.6607890901,0,0,0,12,12,4449,1022
compact51_marcy__current_roles,2019-01-26 06:00:00,17.2690068926,52.7272300153,0,0,0,12,12,2903,1211
compact51_marcy__current_roles,2019-01-26 07:00:00,15.3579864493,50.2956392383,0,0,0,12,12,1505,787
compact51_marcy__current_roles,2019-01-26 08:00:00,15.0672952348,53.353003936,0,0,0,12,12,1307,1344
compact51_marcy__current_roles,2019-01-26 09:00:00,15.3184665024,52.099571577,0,0,0,12,12,1479,1094
compact51_marcy__current_roles,2019-01-26 10:00:00,15.1727036782,53.4133106203,0,0,0,12,12,1370,1355
compact51_marcy__current_roles,2019-01-26 11:00:00,14.345291768,62.6806063373,0,0,0,12,12,904,3425
compact51_marcy__current_roles,2019-01-26 12:00:00,15.45097965,64.9256988852,0,0,0,12,12,1577,3911
compact51_marcy__current_roles,2019-01-26 13:00:00,15.533884418,72.7819609093,0,0,0,12,12,1632,4951
compact51_marcy__current_roles,2019-01-26 14:00:00,16.4640645098,75.3795434404,0,0,0,12,12,2293,5216
compact51_marcy__current_roles,2019-01-26 15:00:00,16.5470857811,73.7769373383,0,0,0,12,12,2349,5068
compact51_marcy__current_roles,2019-01-26 16:00:00,15.7646774197,66.7418667942,0,0,0,12,12,1779,4239
compact51_marcy__current_roles,2019-01-26 17:00:00,16.0844090746,64.5411907884,0,0,0,12,12,2007,3823
compact51_marcy__current_roles,2019-01-26 18:00:00,14.7144190541,67.4561155457,0,0,0,12,12,1075,4355
compact51_marcy__current_roles,2019-01-26 19:00:00,14.1029441419,67.9126344413,0,0,0,12,12,790,4407
compact51_marcy__current_roles,2019-01-26 20:00:00,12.3833296608,63.2044895679,0,0,0,12,12,218,3542
compact51_marcy__current_roles,2019-01-26 21:00:00,12.8726053277,58.0291796826,0,0,0,13,13,346,2353
compact51_marcy__current_roles,2019-01-26 22:00:00,16.7915006049,62.6029496837,0,0,0,12,12,2525,3410
compact51_marcy__current_roles,2019-01-26 23:00:00,17.2708839211,54.494645076,0,0,0,13,13,2906,1549
compact51_marcy__current_roles,2019-01-27 00:00:00,18.8838003551,73.3378686714,0,0,0,12,12,4175,5011
compact51_marcy__current_roles,2019-01-27 01:00:00,20.1870680202,65.9921104774,0,0,0,12,12,5101,4115
compact51_marcy__current_roles,2019-01-27 02:00:00,19.2182772952,71.9422750298,0,0,0,12,12,4445,4882
compact51_marcy__current_roles,2019-01-27 03:00:00,16.7166578186,110.748482138,1,0,0,12,12,2470,6463
compact51_marcy__current_roles,2019-01-27 04:00:00,18.0828114701,77.906869165,0,0,0,12,12,3556,5393
compact51_marcy__current_roles,2019-01-27 05:00:00,14.7018055061,64.8473329639,0,0,0,12,12,1067,3897
compact51_marcy__current_roles,2019-01-27 06:00:00,16.9157015323,89.868344439,0,0,0,12,12,2610,5884
compact51_marcy__current_roles,2019-01-27 07:00:00,14.7700295368,67.2472497394,0,0,0,12,12,1102,4327
compact51_marcy__current_roles,2019-01-27 08:00:00,13.4453055818,45.4190297686,0,0,0,12,12,532,257
compact51_marcy__current_roles,2019-01-27 09:00:00,15.995300836,101.167986288,0,0,0,12,12,1940,6247
compact51_marcy__current_roles,2019-01-27 10:00:00,14.9080777107,52.1149434447,0,0,0,12,12,1199,1098
compact51_marcy__current_roles,2019-01-27 11:00:00,15.2028056363,50.0155875577,0,0,0,12,12,1395,742
compact51_marcy__current_roles,2019-01-27 12:00:00,15.4321605703,47.6316251286,0,0,0,12,12,1562,447
compact51_marcy__current_roles,2019-01-27 13:00:00,14.5411258484,49.5491018577,0,0,0,12,12,988,677
compact51_marcy__current_roles,2019-01-27 14:00:00,15.824205411,51.2594887142,0,0,0,12,12,1808,949
compact51_marcy__current_roles,2019-01-27 15:00:00,16.0365851294,51.1383953239,0,0,0,12,12,1968,927
compact51_marcy__current_roles,2019-01-27 16:00:00,14.7982070393,50.1458019181,0,0,0,13,12,1130,764
compact51_marcy__current_roles,2019-01-27 17:00:00,16.1432496298,50.2151580821,0,0,0,12,12,2050,774
compact51_marcy__current_roles,2019-01-27 18:00:00,13.4650052803,55.8186534945,0,0,0,12,12,540,1830
compact51_marcy__current_roles,2019-01-27 19:00:00,14.578787956,55.060913853,0,0,0,12,12,1010,1671
compact51_marcy__current_roles,2019-01-27 20:00:00,17.7093832589,59.7702399593,0,0,0,12,12,3230,2758
compact51_marcy__current_roles,2019-01-27 21:00:00,20.7594712878,61.0238255862,0,0,0,12,12,5470,3054
compact51_marcy__current_roles,2019-01-27 22:00:00,20.3225418435,62.7256883337,0,0,0,12,12,5197,3434
compact51_marcy__current_roles,2019-01-27 23:00:00,21.9116124014,81.8056903549,0,0,0,12,12,6095,5593
compact51_marcy__current_roles,2019-01-28 00:00:00,22.719957886,272.053671658,0,0,0,12,12,6458,7846
compact51_marcy__current_roles,2019-01-28 01:00:00,21.0204517017,127.652365822,1,0,0,12,12,5626,6802
compact51_marcy__current_roles,2019-01-28 02:00:00,21.195341423,3381.1623552,0,0,0,12,12,5712,8677
compact51_marcy__current_roles,2019-01-28 03:00:00,21.3670750101,63.717076851,0,0,0,12,12,5812,3650
compact51_marcy__current_roles,2019-01-28 04:00:00,21.6269598625,123.895944371,0,0,0,12,12,5949,6732
compact51_marcy__current_roles,2019-01-28 05:00:00,20.7692750741,57.1089138183,0,0,0,12,12,5476,2119
compact51_marcy__current_roles,2019-01-28 06:00:00,25.5007908394,311.055681352,0,0,0,12,12,7447,7965
compact51_marcy__current_roles,2019-01-28 07:00:00,23.5377898432,570.508908131,1,0,0,12,12,6835,8314
compact51_marcy__current_roles,2019-01-28 08:00:00,16.2744883958,60.2225687892,0,0,0,12,12,2132,2874
compact51_marcy__current_roles,2019-01-28 09:00:00,18.0459470632,65.2239242891,0,0,0,12,12,3527,3980
compact51_marcy__current_roles,2019-01-28 10:00:00,17.4494623311,69.3361027247,0,0,0,12,12,3033,4595
compact51_marcy__current_roles,2019-01-28 11:00:00,16.2074419254,75.3183131463,0,0,0,12,12,2087,5209
compact51_marcy__current_roles,2019-01-28 12:00:00,15.4088642723,69.8454041734,0,0,0,12,12,1545,4663
compact51_marcy__current_roles,2019-01-28 13:00:00,15.0027885034,67.4217335427,0,0,0,12,12,1264,4349
compact51_marcy__current_roles,2019-01-28 14:00:00,14.7044185536,67.6924913591,0,0,0,12,12,1068,4390
compact51_marcy__current_roles,2019-01-28 15:00:00,15.8545805935,68.4542788448,0,0,0,12,12,1822,4485
compact51_marcy__current_roles,2019-01-28 16:00:00,14.5383770799,69.8683066013,0,0,0,12,12,985,4666
compact51_marcy__current_roles,2019-01-28 17:00:00,14.0295272463,73.495410469,0,0,0,12,12,754,5028
compact51_marcy__current_roles,2019-01-28 18:00:00,13.4605493601,71.3971122121,0,0,0,12,12,538,4832
compact51_marcy__current_roles,2019-01-28 19:00:00,12.5211121204,66.1689814062,0,0,0,12,12,245,4149
compact51_marcy__current_roles,2019-01-28 20:00:00,15.3548009944,55.0665831543,0,0,0,12,12,1502,1674
compact51_marcy__current_roles,2019-01-28 21:00:00,15.7491269743,51.4586014338,0,0,0,12,12,1762,978
compact51_marcy__current_roles,2019-01-28 22:00:00,15.8395654109,76.824571829,0,0,0,12,12,1814,5329
compact51_marcy__current_roles,2019-01-28 23:00:00,15.2649835916,70.284828793,0,0,0,12,12,1443,4720
compact51_marcy__current_roles,2019-01-29 00:00:00,20.4247323616,130.454180025,1,0,0,12,12,5263,6844
compact51_marcy__current_roles,2019-01-29 01:00:00,15.7395891185,85.3548422936,0,0,0,12,12,1755,5737
compact51_marcy__current_roles,2019-01-29 02:00:00,15.6611432873,47.8337771242,0,0,0,12,12,1699,469
compact51_marcy__current_roles,2019-01-29 03:00:00,14.7392015337,50.0623713755,0,0,0,12,12,1084,751
compact51_marcy__current_roles,2019-01-29 04:00:00,17.6522209416,46.9795967764,0,0,0,12,12,3189,375
compact51_marcy__current_roles,2019-01-29 05:00:00,17.7563642808,45.1962389631,0,0,0,13,12,3271,242
compact51_marcy__current_roles,2019-01-29 06:00:00,17.6978463277,44.0016534249,0,0,0,12,12,3222,161
compact51_marcy__current_roles,2019-01-29 07:00:00,16.9312742953,58.2325820119,0,0,0,12,12,2626,2391
compact51_marcy__current_roles,2019-01-29 08:00:00,14.9282681611,57.1431871341,0,0,0,12,12,1214,2132
compact51_marcy__current_roles,2019-01-29 09:00:00,15.9202426071,52.9413116086,0,0,0,12,12,1889,1250
compact51_marcy__current_roles,2019-01-29 10:00:00,16.0774126953,48.0510411302,0,0,0,12,12,1998,490
compact51_marcy__current_roles,2019-01-29 11:00:00,16.1585257364,50.0083607433,0,0,0,12,12,2059,738
compact51_marcy__current_roles,2019-01-29 12:00:00,16.0066950527,50.2001212726,0,0,0,12,12,1948,772
compact51_marcy__current_roles,2019-01-29 13:00:00,16.6564668911,48.478243675,0,0,0,12,12,2423,555
compact51_marcy__current_roles,2019-01-29 14:00:00,17.4654461763,53.3332691689,0,0,0,12,12,3047,1340
compact51_marcy__current_roles,2019-01-29 15:00:00,16.0253417786,52.1726448905,0,0,0,12,12,1959,1107
compact51_marcy__current_roles,2019-01-29 16:00:00,16.2031430901,58.0265456267,0,0,0,12,12,2083,2349
compact51_marcy__current_roles,2019-01-29 17:00:00,15.9151840251,59.3351270139,0,0,0,12,12,1883,2670
compact51_marcy__current_roles,2019-01-29 18:00:00,15.2397828827,61.6802276702,0,0,0,12,12,1423,3213
compact51_marcy__current_roles,2019-01-29 19:00:00,14.1422710306,63.6927682514,0,0,0,12,12,810,3647
compact51_marcy__current_roles,2019-01-29 20:00:00,14.1754373542,64.3933510615,0,0,0,12,12,823,3789
compact51_marcy__current_roles,2019-01-29 21:00:00,16.7631293622,56.6890477985,0,0,0,12,12,2506,2023
compact51_marcy__current_roles,2019-01-29 22:00:00,18.0500622144,56.2875644194,0,0,0,12,12,3533,1934
compact51_marcy__current_roles,2019-01-29 23:00:00,19.564308294,64.1152410622,0,0,0,12,12,4693,3730
compact51_marcy__current_roles,2019-01-30 00:00:00,15.5576224346,74.3488676492,0,0,0,12,12,1647,5127
compact51_marcy__current_roles,2019-01-30 01:00:00,19.0696952047,43.7667914802,0,0,0,12,12,4336,152
compact51_marcy__current_roles,2019-01-30 02:00:00,22.9258814249,48.4506665769,0,0,0,12,12,6552,547
compact51_marcy__current_roles,2019-01-30 03:00:00,21.8009266861,47.6087020336,0,0,0,12,12,6030,446
compact51_marcy__current_roles,2019-01-30 04:00:00,24.7250169048,57.8044793672,0,0,0,12,12,7224,2296
compact51_marcy__current_roles,2019-01-30 05:00:00,19.2968285319,52.4093345011,0,0,0,12,12,4491,1147
compact51_marcy__current_roles,2019-01-30 06:00:00,16.4624275324,41.1797266271,0,0,0,12,12,2290,78
compact51_marcy__current_roles,2019-01-30 07:00:00,13.9753713292,54.6778264079,0,0,0,12,12,736,1595
compact51_marcy__current_roles,2019-01-30 08:00:00,12.189693168,50.6911597314,0,0,0,12,12,169,852
compact51_marcy__current_roles,2019-01-30 09:00:00,11.5219721163,52.9952699924,0,0,0,13,13,75,1265
compact51_marcy__current_roles,2019-01-30 10:00:00,10.4319712744,60.3651932705,0,0,0,12,12,16,2899
compact51_marcy__current_roles,2019-01-30 11:00:00,12.5491918717,62.7199948949,0,0,0,12,12,253,3432
compact51_marcy__current_roles,2019-01-30 12:00:00,12.134310604,59.6913344759,0,0,0,12,12,158,2739
compact51_marcy__current_roles,2019-01-30 13:00:00,12.2508153111,56.5015269347,0,0,0,12,12,183,1978
compact51_marcy__current_roles,2019-01-30 14:00:00,12.5952343131,58.7539759504,0,0,0,12,12,264,2526
compact51_marcy__current_roles,2019-01-30 15:00:00,13.0860838907,57.3337886512,0,0,0,12,12,410,2174
compact51_marcy__current_roles,2019-01-30 16:00:00,12.9678770587,61.7999675567,0,0,0,13,12,367,3232
compact51_marcy__current_roles,2019-01-30 17:00:00,13.0318480115,55.4177454026,0,0,0,12,12,392,1746
compact51_marcy__current_roles,2019-01-30 18:00:00,15.8652060262,65.3993207923,0,0,0,12,12,1831,4014
compact51_marcy__current_roles,2019-01-30 19:00:00,14.2567209923,58.4213616265,0,0,0,12,12,861,2436
compact51_marcy__current_roles,2019-01-30 20:00:00,17.2161568726,51.4436573956,0,0,0,12,12,2860,974
compact51_marcy__current_roles,2019-01-30 21:00:00,14.495587427,47.3046481829,0,0,0,13,12,963,416
compact51_marcy__current_roles,2019-01-30 22:00:00,14.9845505412,42.0230319125,0,0,0,12,12,1249,96
compact51_marcy__current_roles,2019-01-30 23:00:00,15.0435901009,45.6480281847,0,0,0,14,14,1288,275
compact51_marcy__current_roles,2019-01-31 00:00:00,15.3950611894,47.1165652189,0,0,0,12,12,1533,391
compact51_marcy__current_roles,2019-01-31 01:00:00,17.2238557275,46.9359018974,0,0,0,13,13,2866,373
compact51_marcy__current_roles,2019-01-31 02:00:00,14.8853533561,52.5505012791,0,0,0,12,12,1180,1174
compact51_marcy__current_roles,2019-01-31 03:00:00,17.4502371837,51.2467804853,0,0,0,12,12,3035,945
compact51_marcy__current_roles,2019-01-31 04:00:00,16.7808365846,45.0280559676,0,0,0,12,12,2516,232
compact51_marcy__current_roles,2019-01-31 05:00:00,18.2195795194,39.7426012592,0,0,0,12,12,3662,51
compact51_marcy__current_roles,2019-01-31 06:00:00,17.4101781904,40.3576433561,0,0,0,12,12,3006,59
compact51_marcy__current_roles,2019-01-31 07:00:00,20.8787447176,56.6795417838,0,0,0,12,12,5547,2020
compact51_marcy__current_roles,2019-01-31 08:00:00,20.389033726,58.5875821809,0,0,0,12,12,5245,2484
compact51_marcy__current_roles,2019-01-31 09:00:00,15.9691206172,52.60595476,0,0,0,12,12,1922,1185
compact51_marcy__current_roles,2019-01-31 10:00:00,13.5817365405,53.6969826316,0,0,0,13,12,573,1401
compact51_marcy__current_roles,2019-01-31 11:00:00,12.3684040739,52.8419461488,0,0,0,12,12,215,1236
compact51_marcy__current_roles,2019-01-31 12:00:00,14.1093900581,66.5388817349,0,0,0,12,12,792,4201
compact51_marcy__current_roles,2019-01-31 13:00:00,15.0266350616,59.901855137,0,0,0,12,12,1282,2796
compact51_marcy__current_roles,2019-01-31 14:00:00,14.9305326018,61.2526915254,0,0,0,12,12,1217,3109
compact51_marcy__current_roles,2019-01-31 15:00:00,14.9754421043,66.1056482313,0,0,0,12,12,1239,4137
compact51_marcy__current_roles,2019-01-31 16:00:00,14.5731113129,64.2131480502,0,0,0,12,12,1006,3752
compact51_marcy__current_roles,2019-01-31 17:00:00,12.6135376553,71.5964111047,0,0,0,12,12,270,4850
compact51_marcy__current_roles,2019-01-31 18:00:00,12.8007606744,76.0684340688,0,0,0,14,13,324,5266
compact51_marcy__current_roles,2019-01-31 19:00:00,17.1401633619,68.2169915539,0,0,0,12,12,2789,4453
compact51_marcy__current_roles,2019-01-31 20:00:00,17.3896403769,76.5263347391,0,0,0,12,12,2988,5307
compact51_marcy__current_roles,2019-01-31 21:00:00,16.2006990854,57.5184969186,0,0,0,12,12,2081,2227
compact51_marcy__current_roles,2019-01-31 22:00:00,18.6288064718,59.2349119151,0,0,0,12,12,3984,2648
compact51_marcy__current_roles,2019-01-31 23:00:00,20.5401741762,122.450098105,1,0,0,12,12,5332,6699
compact51_marcy__current_roles,2019-02-01 00:00:00,19.1367772574,110.806990031,1,0,0,12,12,4391,6466
compact51_marcy__current_roles,2019-02-01 01:00:00,17.1373023698,60.1176203277,0,0,0,12,12,2787,2851
compact51_marcy__current_roles,2019-02-01 02:00:00,17.7339028432,50.6686882208,0,0,0,12,12,3247,848
compact51_marcy__current_roles,2019-02-01 03:00:00,17.379793568,62.9107687633,0,0,0,12,12,2979,3481
compact51_marcy__current_roles,2019-02-01 04:00:00,16.8089680729,49.056371816,0,0,0,12,12,2545,618
compact51_marcy__current_roles,2019-02-01 05:00:00,16.3437883464,38.5065589624,0,0,0,12,12,2199,32
compact51_marcy__current_roles,2019-02-01 06:00:00,16.1242702399,48.2758106173,0,0,0,12,12,2037,524
compact51_marcy__current_roles,2019-02-01 07:00:00,13.6997251301,54.2606027523,0,0,0,12,12,617,1499
compact51_marcy__current_roles,2019-02-01 08:00:00,14.092852381,55.5111601248,0,0,0,12,12,781,1772
compact51_marcy__current_roles,2019-02-01 09:00:00,15.3095632031,52.2402950087,0,0,0,12,12,1470,1114
compact51_marcy__current_roles,2019-02-01 10:00:00,12.7308764634,58.7653732669,0,0,0,12,12,297,2530
compact51_marcy__current_roles,2019-02-01 11:00:00,12.8440203304,63.5827358214,0,0,0,12,12,337,3625
compact51_marcy__current_roles,2019-02-01 12:00:00,14.0575739906,63.4219642154,0,0,0,12,12,765,3590
compact51_marcy__current_roles,2019-02-01 13:00:00,13.979040842,58.5892774972,0,0,0,12,12,738,2485
compact51_marcy__current_roles,2019-02-01 14:00:00,14.8114405205,62.9201019577,0,0,0,12,12,1139,3484
compact51_marcy__current_roles,2019-02-01 15:00:00,11.8044104505,60.08965154,0,0,0,12,12,112,2844
compact51_marcy__current_roles,2019-02-01 16:00:00,12.7008302213,58.4634937674,0,0,0,12,12,291,2448
compact51_marcy__current_roles,2019-02-01 17:00:00,13.4368830163,54.0273338695,0,0,0,12,12,526,1458
compact51_marcy__current_roles,2019-02-01 18:00:00,13.7770856344,61.9305628989,0,0,0,12,12,646,3264
compact51_marcy__current_roles,2019-02-01 19:00:00,15.9214928126,67.9192220248,0,0,0,12,12,1891,4409
compact51_marcy__current_roles,2019-02-01 20:00:00,14.9764792245,63.873057785,0,0,0,12,12,1242,3683
compact51_marcy__current_roles,2019-02-01 21:00:00,13.3229516873,50.7552641922,0,0,0,12,12,488,862
compact51_marcy__current_roles,2019-02-01 22:00:00,16.2481478172,46.1154844721,0,0,0,12,12,2115,313
compact51_marcy__current_roles,2019-02-01 23:00:00,16.3794257503,50.9111891915,0,0,0,12,12,2219,893
compact51_marcy__current_roles,2019-02-02 00:00:00,20.9445036809,89.0615014976,0,0,0,12,12,5584,5848
compact51_marcy__current_roles,2019-02-02 01:00:00,20.3796449046,148.209461662,1,0,0,12,12,5235,7064
compact51_marcy__current_roles,2019-02-02 02:00:00,15.5808774435,93.8550724584,0,0,0,12,12,1660,6005
compact51_marcy__current_roles,2019-02-02 03:00:00,15.5724602571,81.2812089041,0,0,0,12,12,1652,5565
compact51_marcy__current_roles,2019-02-02 04:00:00,15.3782124984,77.5591461977,0,0,0,12,12,1517,5376
compact51_marcy__current_roles,2019-02-02 05:00:00,16.9509993557,50.0822726757,0,0,0,12,12,2643,754
compact51_marcy__current_roles,2019-02-02 06:00:00,14.1403469858,46.8876569749,0,0,0,12,12,808,368
compact51_marcy__current_roles,2019-02-02 07:00:00,10.9186578175,49.2156825237,0,0,0,12,12,33,631
compact51_marcy__current_roles,2019-02-02 08:00:00,10.5567746225,49.9322363782,0,0,0,12,12,20,724
compact51_marcy__current_roles,2019-02-02 09:00:00,13.2882394817,44.0083036034,0,0,0,12,12,476,163
compact51_marcy__current_roles,2019-02-02 10:00:00,16.5297196622,62.3425704417,0,0,0,12,12,2336,3359
compact51_marcy__current_roles,2019-02-02 11:00:00,14.5447300256,45.3221564916,0,0,0,12,12,991,249
compact51_marcy__current_roles,2019-02-02 12:00:00,16.1275015396,46.1179813877,0,0,0,12,12,2040,315
compact51_marcy__current_roles,2019-02-02 13:00:00,18.0419157696,101.891055039,1,0,0,12,12,3526,6272
compact51_marcy__current_roles,2019-02-02 14:00:00,17.2087294054,102.289779747,1,0,0,12,12,2854,6281
compact51_marcy__current_roles,2019-02-02 15:00:00,16.9811775672,99.8611534446,0,0,0,12,12,2662,6199
compact51_marcy__current_roles,2019-02-02 16:00:00,15.8804877391,63.2121115053,0,0,0,12,12,1846,3545
compact51_marcy__current_roles,2019-02-02 17:00:00,16.4839124934,69.1891613723,0,0,0,12,12,2304,4577
compact51_marcy__current_roles,2019-02-02 18:00:00,18.7211912813,94.7262443291,0,0,0,12,12,4044,6043
compact51_marcy__current_roles,2019-02-02 19:00:00,17.37235864,73.6162635488,0,0,0,12,12,2972,5045
compact51_marcy__current_roles,2019-02-02 20:00:00,16.6481340592,53.1772238236,0,0,0,12,12,2419,1307
compact51_marcy__current_roles,2019-02-02 21:00:00,15.3498508,49.2951975963,0,0,0,12,12,1494,638
compact51_marcy__current_roles,2019-02-02 22:00:00,15.6439224127,54.2272407844,0,0,0,12,12,1691,1492
compact51_marcy__current_roles,2019-02-02 23:00:00,18.4125893944,47.1578994721,0,0,0,12,12,3810,396
compact51_marcy__current_roles,2019-02-03 00:00:00,17.9095462279,54.760068636,0,0,0,12,12,3408,1610
compact51_marcy__current_roles,2019-02-03 01:00:00,15.4441360877,45.772811169,0,0,0,12,12,1570,283
compact51_marcy__current_roles,2019-02-03 02:00:00,15.659886146,50.8509730595,0,0,0,12,12,1697,879
compact51_marcy__current_roles,2019-02-03 03:00:00,16.1459149512,52.4037712643,0,0,0,12,12,2053,1146
compact51_marcy__current_roles,2019-02-03 04:00:00,15.9762094248,51.9974162408,0,0,0,12,12,1926,1083
compact51_marcy__current_roles,2019-02-03 05:00:00,16.5927155894,55.6625172744,0,0,0,12,12,2384,1800
compact51_marcy__current_roles,2019-02-03 06:00:00,15.9026981573,45.6691893259,0,0,0,12,12,1866,276
compact51_marcy__current_roles,2019-02-03 07:00:00,14.0627863673,43.7385211721,0,0,0,12,12,769,151
compact51_marcy__current_roles,2019-02-03 08:00:00,13.0881678155,50.6610057174,0,0,0,12,12,411,847
compact51_marcy__current_roles,2019-02-03 09:00:00,13.1403382562,54.627605972,0,0,0,12,12,430,1586
compact51_marcy__current_roles,2019-02-03 10:00:00,15.6585988883,61.4545566822,0,0,0,12,12,1696,3155
compact51_marcy__current_roles,2019-02-03 11:00:00,13.770245798,56.8107958738,0,0,0,12,12,643,2061
compact51_marcy__current_roles,2019-02-03 12:00:00,13.1969625235,55.5207271242,0,0,0,12,12,445,1773
compact51_marcy__current_roles,2019-02-03 13:00:00,13.3019479649,53.2662005207,0,0,0,12,12,479,1323
compact51_marcy__current_roles,2019-02-03 14:00:00,14.2116185079,54.8548893215,0,0,0,12,12,840,1632
compact51_marcy__current_roles,2019-02-03 15:00:00,14.0906836201,54.2324943298,0,0,0,12,12,779,1493
compact51_marcy__current_roles,2019-02-03 16:00:00,13.584827219,58.692625778,0,0,0,12,12,574,2511
compact51_marcy__current_roles,2019-02-03 17:00:00,13.2186180531,54.2379891954,0,0,0,12,12,452,1495
compact51_marcy__current_roles,2019-02-03 18:00:00,15.5967414895,49.5229770133,0,0,0,12,12,1669,671
compact51_marcy__current_roles,2019-02-03 19:00:00,12.7531008954,52.77613429,0,0,0,12,12,307,1222
compact51_marcy__current_roles,2019-02-03 20:00:00,13.345986604,53.7037557178,0,0,0,12,12,501,1403
compact51_marcy__current_roles,2019-02-03 21:00:00,13.0599093611,54.4528829638,0,0,0,12,12,400,1538
compact51_marcy__current_roles,2019-02-03 22:00:00,12.7350706358,54.7861717646,0,0,0,12,12,299,1616
compact51_marcy__current_roles,2019-02-03 23:00:00,15.3862675883,49.3987643791,0,0,0,12,12,1525,659
compact51_marcy__current_roles,2019-02-04 00:00:00,14.462732518,46.3839245056,0,0,0,12,12,954,334
compact51_marcy__current_roles,2019-02-04 01:00:00,13.3105538537,43.2320251718,0,0,0,12,12,485,133
compact51_marcy__current_roles,2019-02-04 02:00:00,14.9078004841,45.9638744231,0,0,0,12,12,1198,303
compact51_marcy__current_roles,2019-02-04 03:00:00,20.1420723695,55.3790321052,0,0,0,12,12,5079,1731
compact51_marcy__current_roles,2019-02-04 04:00:00,20.6323342028,86.8074627501,0,0,0,12,12,5379,5778
compact51_marcy__current_roles,2019-02-04 05:00:00,15.7160477099,46.7000126263,0,0,0,12,12,1737,355
compact51_marcy__current_roles,2019-02-04 06:00:00,13.7632571415,64.3329731394,0,0,0,12,12,640,3778
compact51_marcy__current_roles,2019-02-04 07:00:00,11.0529835281,50.897371869,0,0,0,12,12,36,888
compact51_marcy__current_roles,2019-02-04 08:00:00,13.7238164074,59.7135631366,0,0,0,12,12,628,2744
compact51_marcy__current_roles,2019-02-04 09:00:00,13.7157006765,63.882506179,0,0,0,12,12,623,3684
compact51_marcy__current_roles,2019-02-04 10:00:00,13.7212183236,64.7624812562,0,0,0,12,12,626,3865
compact51_marcy__current_roles,2019-02-04 11:00:00,12.6357673599,66.8717717546,0,0,0,12,12,277,4264
compact51_marcy__current_roles,2019-02-04 12:00:00,13.3083525607,65.818575731,0,0,0,12,12,484,4084
compact51_marcy__current_roles,2019-02-04 13:00:00,11.4483897041,62.1006516326,0,0,0,12,12,69,3303
compact51_marcy__current_roles,2019-02-04 14:00:00,12.327378639,67.9423072144,0,0,0,13,12,202,4411
compact51_marcy__current_roles,2019-02-04 15:00:00,12.5511920796,68.7870700548,0,0,0,12,12,254,4523
compact51_marcy__current_roles,2019-02-04 16:00:00,12.9823764575,65.8923315842,0,0,0,12,12,370,4100
compact51_marcy__current_roles,2019-02-04 17:00:00,13.9518965727,61.444687918,0,0,0,12,12,725,3154
compact51_marcy__current_roles,2019-02-04 18:00:00,13.231039635,61.095372705,0,0,0,12,12,458,3071
compact51_marcy__current_roles,2019-02-04 19:00:00,13.5320781628,61.2801194873,0,0,0,12,12,557,3118
compact51_marcy__current_roles,2019-02-04 20:00:00,11.1206519248,56.585629684,0,0,0,12,12,42,2002
compact51_marcy__current_roles,2019-02-04 21:00:00,11.2537714577,59.637918487,0,0,0,12,12,50,2727
compact51_marcy__current_roles,2019-02-04 22:00:00,11.2481847722,56.4037560062,0,0,0,12,12,48,1960
compact51_marcy__current_roles,2019-02-04 23:00:00,11.6427322848,48.5844677916,0,0,0,13,12,88,570
compact51_marcy__current_roles,2019-02-05 00:00:00,11.5411911548,48.0959670146,0,0,0,12,12,78,497
compact51_marcy__current_roles,2019-02-05 01:00:00,13.9242003994,45.2225877536,0,0,0,12,12,715,245
compact51_marcy__current_roles,2019-02-05 02:00:00,12.7387622735,47.485555709,0,0,0,12,12,301,435
compact51_marcy__current_roles,2019-02-05 03:00:00,13.025124204,44.152127706,0,0,0,12,12,390,178
compact51_marcy__current_roles,2019-02-05 04:00:00,11.7815507016,45.1010588796,0,0,0,12,12,108,234
compact51_marcy__current_roles,2019-02-05 05:00:00,13.2171784743,49.5403606972,0,0,0,12,12,451,675
compact51_marcy__current_roles,2019-02-05 06:00:00,15.3552773284,79.1868684548,0,0,0,13,12,1503,5461
compact51_marcy__current_roles,2019-02-05 07:00:00,12.1796455989,50.5912583402,0,0,0,12,12,168,834
compact51_marcy__current_roles,2019-02-05 08:00:00,15.3926721759,149.996836075,0,0,0,12,12,1532,7085
compact51_marcy__current_roles,2019-02-05 09:00:00,15.3317780141,73.8447492627,0,0,0,12,12,1488,5075
compact51_marcy__current_roles,2019-02-05 10:00:00,15.1979804469,60.8267283445,0,0,0,12,12,1390,3002
compact51_marcy__current_roles,2019-02-05 11:00:00,15.7295038039,61.5975247439,0,0,0,10,10,1747,3193
compact51_marcy__current_roles,2019-02-05 12:00:00,15.6319737557,92.3801564942,0,0,0,12,12,1686,5958
compact51_marcy__current_roles,2019-02-05 13:00:00,14.6777843088,63.9443897047,0,0,0,12,12,1048,3694
compact51_marcy__current_roles,2019-02-05 14:00:00,17.4502350159,120.531775415,0,0,0,10,10,3034,6653
compact51_marcy__current_roles,2019-02-05 15:00:00,18.9139781986,432.831999631,0,0,0,13,12,4212,8171
compact51_marcy__current_roles,2019-02-05 16:00:00,17.9454967961,199.693274294,0,0,0,12,12,3442,7500
compact51_marcy__current_roles,2019-02-05 17:00:00,15.7490436614,65.1559283398,0,0,0,12,12,1761,3959
compact51_marcy__current_roles,2019-02-05 18:00:00,13.9784991526,65.9872375904,0,0,0,12,12,737,4112
compact51_marcy__current_roles,2019-02-05 19:00:00,15.1467215708,69.2459864985,0,0,0,12,12,1348,4584
compact51_marcy__current_roles,2019-02-05 20:00:00,16.3656574312,66.571742752,0,0,0,12,12,2213,4204
compact51_marcy__current_roles,2019-02-05 21:00:00,17.1627715112,76.0949687327,0,0,0,12,12,2812,5271
compact51_marcy__current_roles,2019-02-05 22:00:00,15.1827864905,64.4026150789,0,0,0,12,12,1378,3792
compact51_marcy__current_roles,2019-02-05 23:00:00,23.6321755366,69.9184178084,0,0,0,12,12,6877,4672
compact51_marcy__current_roles,2019-02-06 00:00:00,23.3167179177,68.840846306,0,0,0,12,12,6738,4529
compact51_marcy__current_roles,2019-02-06 01:00:00,22.3250742412,66.4505320773,0,0,0,12,12,6266,4189
compact51_marcy__current_roles,2019-02-06 02:00:00,29.707830981,584.093110969,1,0,0,12,12,8223,8325
compact51_marcy__current_roles,2019-02-06 03:00:00,35.9298482842,198.306522083,1,0,0,12,12,8623,7487
compact51_marcy__current_roles,2019-02-06 04:00:00,28.752790723,75.3734153858,0,0,0,12,12,8088,5215
compact51_marcy__current_roles,2019-02-06 05:00:00,25.3148692854,66.4823531808,0,0,0,12,12,7397,4194
compact51_marcy__current_roles,2019-02-06 06:00:00,19.1132325565,67.1756285766,0,0,0,12,12,4377,4316
compact51_marcy__current_roles,2019-02-06 07:00:00,15.539169077,72.8991151375,0,0,0,12,12,1636,4965
compact51_marcy__current_roles,2019-02-06 08:00:00,19.9661478958,336.641581178,1,0,0,12,12,4952,8024
compact51_marcy__current_roles,2019-02-06 09:00:00,21.4063808441,148.536184171,1,0,0,12,12,5837,7066
compact51_marcy__current_roles,2019-02-06 10:00:00,22.1653867785,132.436660036,1,0,0,12,12,6199,6872
compact51_marcy__current_roles,2019-02-06 11:00:00,22.6939951586,111.883853237,1,0,0,12,12,6447,6485
compact51_marcy__current_roles,2019-02-06 12:00:00,17.2827064274,168.315385428,1,0,0,12,12,2923,7265
compact51_marcy__current_roles,2019-02-06 13:00:00,20.0248527752,129.472982967,1,0,0,12,12,5001,6836
compact51_marcy__current_roles,2019-02-06 14:00:00,16.428121407,162.282513204,1,0,0,12,12,2270,7212
compact51_marcy__current_roles,2019-02-06 15:00:00,16.0449212965,349.789773706,1,0,0,12,12,1976,8066
compact51_marcy__current_roles,2019-02-06 16:00:00,17.2813180705,589.560273463,1,0,0,12,12,2919,8330
compact51_marcy__current_roles,2019-02-06 17:00:00,11.8246098874,72.1851120694,0,0,0,12,12,116,4905
compact51_marcy__current_roles,2019-02-06 18:00:00,14.0224567901,198.480818067,1,0,0,12,12,751,7490
compact51_marcy__current_roles,2019-02-06 19:00:00,23.7750334783,279.251576047,1,0,0,12,12,6933,7868
compact51_marcy__current_roles,2019-02-06 20:00:00,21.305925732,1824.12545672,1,0,0,12,12,5775,8601
compact51_marcy__current_roles,2019-02-06 21:00:00,15.5058904965,112.722187931,0,0,0,12,12,1615,6507
compact51_marcy__current_roles,2019-02-06 22:00:00,14.4374581986,61.3355514763,0,0,0,12,12,944,3130
compact51_marcy__current_roles,2019-02-06 23:00:00,22.6229289959,71.6816627509,0,0,0,12,12,6413,4857
compact51_marcy__current_roles,2019-02-07 00:00:00,16.0817558298,54.8439092613,0,0,0,12,12,2006,1630
compact51_marcy__current_roles,2019-02-07 01:00:00,16.7660022119,54.573924333,0,0,0,12,12,2510,1573
compact51_marcy__current_roles,2019-02-07 02:00:00,19.1372820676,56.5665305732,0,0,0,12,12,4392,1997
compact51_marcy__current_roles,2019-02-07 03:00:00,22.7641063837,56.493598904,0,0,0,12,12,6476,1975
compact51_marcy__current_roles,2019-02-07 04:00:00,27.4819040307,67.911704819,0,0,0,12,12,7904,4406
compact51_marcy__current_roles,2019-02-07 05:00:00,21.974577573,201.715273629,0,0,0,12,12,6122,7514
compact51_marcy__current_roles,2019-02-07 06:00:00,21.9706570134,68.8667233688,0,0,0,12,12,6120,4535
compact51_marcy__current_roles,2019-02-07 07:00:00,20.2784909485,145.786010576,0,0,0,12,12,5164,7030
compact51_marcy__current_roles,2019-02-07 08:00:00,18.9712210211,331.727568461,1,0,0,12,12,4253,8012
compact51_marcy__current_roles,2019-02-07 09:00:00,17.1351865163,286.659407576,0,0,0,12,12,2784,7902
compact51_marcy__current_roles,2019-02-07 10:00:00,18.2571104346,319.661067637,0,0,0,12,12,3693,7987
compact51_marcy__current_roles,2019-02-07 11:00:00,17.9093314359,205.338903225,0,0,0,12,12,3407,7539
compact51_marcy__current_roles,2019-02-07 12:00:00,17.9916742288,212.209525624,0,0,0,12,12,3479,7571
compact51_marcy__current_roles,2019-02-07 13:00:00,14.9776034743,68.8599044472,0,0,0,12,12,1246,4533
compact51_marcy__current_roles,2019-02-07 14:00:00,14.1448693816,62.9474449642,0,0,0,12,12,811,3494
compact51_marcy__current_roles,2019-02-07 15:00:00,12.2984467668,61.4418355226,0,0,0,12,12,195,3152
compact51_marcy__current_roles,2019-02-07 16:00:00,11.3952711669,60.4320641049,0,0,0,12,12,65,2909
compact51_marcy__current_roles,2019-02-07 17:00:00,14.4266613849,53.2883117081,0,0,0,12,12,938,1329
compact51_marcy__current_roles,2019-02-07 18:00:00,15.1605118354,52.3067306166,0,0,0,12,12,1361,1127
compact51_marcy__current_roles,2019-02-07 19:00:00,13.5475139335,55.3831256528,0,0,0,12,12,563,1733
compact51_marcy__current_roles,2019-02-07 20:00:00,12.3053918229,59.8362689372,0,0,0,12,12,197,2780
compact51_marcy__current_roles,2019-02-07 21:00:00,10.9059592163,51.7989328409,0,0,0,12,12,32,1042
compact51_marcy__current_roles,2019-02-07 22:00:00,10.2544584707,50.8468912522,0,0,0,12,12,12,876
compact51_marcy__current_roles,2019-02-07 23:00:00,13.1592272115,51.6452312172,0,0,0,12,12,438,1018
compact51_marcy__current_roles,2019-02-08 00:00:00,15.4225814412,52.2056645006,0,0,0,12,12,1556,1110
compact51_marcy__current_roles,2019-02-08 01:00:00,19.0662953225,54.3046385357,0,0,0,12,12,4333,1510
compact51_marcy__current_roles,2019-02-08 02:00:00,20.6269169486,54.5617515224,0,0,0,12,12,5375,1567
compact51_marcy__current_roles,2019-02-08 03:00:00,17.9046766388,50.1439126461,0,0,0,15,14,3405,762
compact51_marcy__current_roles,2019-02-08 04:00:00,15.8909311718,45.0221728778,0,0,0,11,11,1856,231
compact51_marcy__current_roles,2019-02-08 05:00:00,16.7587057838,47.0926611874,0,0,0,13,12,2500,388
compact51_marcy__current_roles,2019-02-08 06:00:00,18.578524911,56.2399114009,0,0,0,12,12,3945,1927
compact51_marcy__current_roles,2019-02-08 07:00:00,23.4046192433,56.7887406692,0,0,0,12,12,6766,2054
compact51_marcy__current_roles,2019-02-08 08:00:00,21.0360771272,55.0752330899,0,0,0,12,12,5643,1675
compact51_marcy__current_roles,2019-02-08 09:00:00,16.477698971,57.6245239559,0,0,0,12,12,2300,2246
compact51_marcy__current_roles,2019-02-08 10:00:00,17.2590318601,57.3306899143,0,0,0,12,12,2895,2172
compact51_marcy__current_roles,2019-02-08 11:00:00,16.1482766564,58.8181214802,0,0,0,12,12,2056,2542
compact51_marcy__current_roles,2019-02-08 12:00:00,16.3228520505,58.6913308893,0,0,0,12,12,2183,2510
compact51_marcy__current_roles,2019-02-08 13:00:00,19.0516434598,130.227082239,0,0,0,12,12,4320,6842
compact51_marcy__current_roles,2019-02-08 14:00:00,21.3984076057,181.927084097,0,0,0,12,12,5834,7375
compact51_marcy__current_roles,2019-02-08 15:00:00,21.4267718032,156.447085416,0,0,0,12,12,5849,7158
compact51_marcy__current_roles,2019-02-08 16:00:00,19.3538047582,112.530108364,0,0,0,12,12,4534,6502
compact51_marcy__current_roles,2019-02-08 17:00:00,17.4899323238,58.5936763377,0,0,0,12,12,3065,2486
compact51_marcy__current_roles,2019-02-08 18:00:00,17.581815223,59.169579314,0,0,0,12,12,3139,2630
compact51_marcy__current_roles,2019-02-08 19:00:00,18.6280369713,68.9655770418,0,0,0,12,12,3983,4553
compact51_marcy__current_roles,2019-02-08 20:00:00,20.9556353863,136.179698946,0,0,0,12,12,5587,6914
compact51_marcy__current_roles,2019-02-08 21:00:00,20.076492379,84.8800777134,0,0,0,12,12,5036,5713
compact51_marcy__current_roles,2019-02-08 22:00:00,15.8684844171,53.4468653575,0,0,0,12,12,1835,1363
compact51_marcy__current_roles,2019-02-08 23:00:00,13.2313214287,45.8153484931,0,0,0,12,12,459,286
compact51_marcy__current_roles,2019-02-09 00:00:00,13.919353206,39.8500803568,0,0,0,12,12,711,52
compact51_marcy__current_roles,2019-02-09 01:00:00,14.655708815,40.3526105121,0,0,0,12,12,1040,58
compact51_marcy__current_roles,2019-02-09 02:00:00,14.2107160868,40.4130980697,0,0,0,12,12,839,61
compact51_marcy__current_roles,2019-02-09 03:00:00,16.1443200549,63.2164440161,0,0,0,12,12,2051,3547
compact51_marcy__current_roles,2019-02-09 04:00:00,16.2370482841,40.9408370456,0,0,0,12,12,2110,75
compact51_marcy__current_roles,2019-02-09 05:00:00,16.0283139463,38.6720096232,0,0,0,12,12,1961,35
compact51_marcy__current_roles,2019-02-09 06:00:00,16.5253313411,38.2105123765,0,0,0,12,12,2334,29
compact51_marcy__current_roles,2019-02-09 07:00:00,18.5883968654,43.6283778504,0,0,0,12,12,3953,144
compact51_marcy__current_roles,2019-02-09 08:00:00,17.6964210384,42.1459639692,0,0,0,12,12,3220,100
compact51_marcy__current_roles,2019-02-09 09:00:00,16.9281031413,45.1795422422,0,0,0,12,12,2623,240
compact51_marcy__current_roles,2019-02-09 10:00:00,15.9210872338,50.2729093046,0,0,0,12,12,1890,785
compact51_marcy__current_roles,2019-02-09 11:00:00,14.4779745657,51.8501162329,0,0,0,12,12,957,1054
compact51_marcy__current_roles,2019-02-09 12:00:00,18.6039507879,60.7815616081,0,0,0,12,12,3970,2990
compact51_marcy__current_roles,2019-02-09 13:00:00,19.4713093844,89.7852576731,0,0,0,12,12,4618,5879
compact51_marcy__current_roles,2019-02-09 14:00:00,19.6196001921,70.5404382946,0,0,0,12,12,4727,4740
compact51_marcy__current_roles,2019-02-09 15:00:00,15.858534459,57.197453466,0,0,0,12,12,1828,2140
compact51_marcy__current_roles,2019-02-09 16:00:00,15.512679266,57.8753521231,0,0,0,12,12,1620,2314
compact51_marcy__current_roles,2019-02-09 17:00:00,15.3806333414,53.532050891,0,0,0,12,12,1519,1373
compact51_marcy__current_roles,2019-02-09 18:00:00,15.7630927477,51.6725082291,0,0,0,12,12,1776,1027
compact51_marcy__current_roles,2019-02-09 19:00:00,13.2065926889,55.467084268,0,0,0,12,12,446,1759
compact51_marcy__current_roles,2019-02-09 20:00:00,16.5227749332,56.0237314529,0,0,0,12,12,2332,1879
compact51_marcy__current_roles,2019-02-09 21:00:00,13.7876185286,50.6958125621,0,0,0,12,12,651,854
compact51_marcy__current_roles,2019-02-09 22:00:00,15.5011175581,52.5619378525,0,0,0,12,12,1610,1177
compact51_marcy__current_roles,2019-02-09 23:00:00,17.5342938459,52.7701451033,0,0,0,12,12,3101,1219
compact51_marcy__current_roles,2019-02-10 00:00:00,17.4547037274,46.3426908053,0,0,0,12,12,3041,333
compact51_marcy__current_roles,2019-02-10 01:00:00,18.946152132,44.3691380096,0,0,0,12,12,4233,196
compact51_marcy__current_roles,2019-02-10 02:00:00,18.2042167819,42.018394744,0,0,0,12,12,3654,95
compact51_marcy__current_roles,2019-02-10 03:00:00,16.8561761417,46.7869137113,0,0,0,12,12,2573,359
compact51_marcy__current_roles,2019-02-10 04:00:00,18.2703712395,49.9656157613,0,0,0,12,12,3704,728
compact51_marcy__current_roles,2019-02-10 05:00:00,16.3062402505,46.8542896172,0,0,0,12,12,2166,365
compact51_marcy__current_roles,2019-02-10 06:00:00,15.5297319241,43.1136762961,0,0,0,12,12,1628,128
compact51_marcy__current_roles,2019-02-10 07:00:00,16.7653988596,47.0884605767,0,0,0,12,12,2509,387
compact51_marcy__current_roles,2019-02-10 08:00:00,19.5905151727,51.5476536302,0,0,0,12,12,4704,997
compact51_marcy__current_roles,2019-02-10 09:00:00,23.3078610194,256.846806732,0,0,0,12,12,6735,7797
compact51_marcy__current_roles,2019-02-10 10:00:00,19.4377100659,79.0780454116,0,0,0,12,12,4590,5454
compact51_marcy__current_roles,2019-02-10 11:00:00,23.2333569327,1076.03730336,1,0,0,12,12,6699,8511
compact51_marcy__current_roles,2019-02-10 12:00:00,25.2207652374,343.489738609,1,0,0,12,12,7367,8048
compact51_marcy__current_roles,2019-02-10 13:00:00,23.4087247072,124.294058002,1,0,0,12,12,6772,6740
compact51_marcy__current_roles,2019-02-10 14:00:00,23.179804129,677.776106027,1,0,0,12,12,6674,8383
compact51_marcy__current_roles,2019-02-10 15:00:00,25.8511621411,865.639827446,1,0,0,12,12,7533,8460
compact51_marcy__current_roles,2019-02-10 16:00:00,27.5989701863,686.690491876,1,0,0,12,12,7928,8388
compact51_marcy__current_roles,2019-02-10 17:00:00,25.8074689625,1518.9915277,1,0,0,12,12,7524,8577
compact51_marcy__current_roles,2019-02-10 18:00:00,29.9239111421,972.069705386,0,0,0,12,12,8254,8487
compact51_marcy__current_roles,2019-02-10 19:00:00,32.068700702,9438.73080458,0,0,0,12,12,8457,8734
compact51_marcy__current_roles,2019-02-10 20:00:00,30.0330772938,1195.06033868,0,0,0,12,12,8273,8537
compact51_marcy__current_roles,2019-02-10 21:00:00,25.8818539583,178.260858359,0,0,0,12,12,7539,7349
compact51_marcy__current_roles,2019-02-10 22:00:00,22.4236305252,56.458370211,0,0,0,11,11,6302,1968
compact51_marcy__current_roles,2019-02-10 23:00:00,22.615440075,59.174667301,0,0,0,12,12,6406,2634
compact51_marcy__current_roles,2019-02-11 00:00:00,29.4768798316,111.544379345,0,0,0,12,12,8194,6478
compact51_marcy__current_roles,2019-02-11 01:00:00,19.0855298227,55.8163767343,0,0,0,12,12,4350,1829
compact51_marcy__current_roles,2019-02-11 02:00:00,20.4697170458,132.625363524,1,0,0,12,12,5290,6876
compact51_marcy__current_roles,2019-02-11 03:00:00,20.2619162014,252.783809977,1,0,0,12,12,5155,7780
compact51_marcy__current_roles,2019-02-11 04:00:00,29.748794061,583.415017729,0,0,0,12,12,8227,8324
compact51_marcy__current_roles,2019-02-11 05:00:00,23.6306352595,48.5645257192,0,0,0,12,12,6875,565
compact51_marcy__current_roles,2019-02-11 06:00:00,17.5493320553,46.4051294711,0,0,0,12,12,3117,337
compact51_marcy__current_roles,2019-02-11 07:00:00,14.503446537,52.1424878661,0,0,0,12,12,969,1101
compact51_marcy__current_roles,2019-02-11 08:00:00,15.5980110198,56.5057010778,0,0,0,12,12,1670,1979
compact51_marcy__current_roles,2019-02-11 09:00:00,16.6170629767,56.8920348559,0,0,0,12,12,2403,2080
compact51_marcy__current_roles,2019-02-11 10:00:00,17.4789249567,58.2294681466,0,0,0,12,12,3057,2389
compact51_marcy__current_roles,2019-02-11 11:00:00,17.1254830513,57.6649487798,0,0,0,12,12,2774,2253
compact51_marcy__current_roles,2019-02-11 12:00:00,15.9797025434,55.1901310925,0,0,0,12,12,1930,1687
compact51_marcy__current_roles,2019-02-11 13:00:00,17.8937980938,62.1776705468,0,0,0,12,12,3396,3318
compact51_marcy__current_roles,2019-02-11 14:00:00,17.5765461058,59.2742323154,0,0,0,12,12,3135,2655
compact51_marcy__current_roles,2019-02-11 15:00:00,16.0092074004,57.2332928517,0,0,0,12,12,1950,2145
compact51_marcy__current_roles,2019-02-11 16:00:00,14.1391778711,56.5111502912,0,0,0,12,12,803,1983
compact51_marcy__current_roles,2019-02-11 17:00:00,15.4434613777,55.0099388224,0,0,0,12,12,1569,1664
compact51_marcy__current_roles,2019-02-11 18:00:00,17.2764841449,57.2872012124,0,0,0,12,12,2913,2162
compact51_marcy__current_roles,2019-02-11 19:00:00,15.2620475357,55.4114194394,0,0,0,12,12,1439,1741
compact51_marcy__current_roles,2019-02-11 20:00:00,16.1383697784,56.4881101761,0,0,0,12,12,2044,1973
compact51_marcy__current_roles,2019-02-11 21:00:00,16.0358996809,53.15007155,0,0,0,12,12,1967,1298
compact51_marcy__current_roles,2019-02-11 22:00:00,15.1370064686,50.3612798621,0,0,0,12,12,1340,799
compact51_marcy__current_roles,2019-02-11 23:00:00,18.6038667582,49.5512675367,0,0,0,12,12,3969,678
compact51_marcy__current_roles,2019-02-12 00:00:00,22.1647442195,55.0060991393,0,0,0,12,12,6198,1663
compact51_marcy__current_roles,2019-02-12 01:00:00,13.3710033158,47.0541965703,0,0,0,12,12,509,386
compact51_marcy__current_roles,2019-02-12 02:00:00,16.2141631549,347.462459523,0,0,0,12,12,2094,8059
compact51_marcy__current_roles,2019-02-12 03:00:00,15.7694760051,51.6540948418,0,0,0,12,12,1781,1021
compact51_marcy__current_roles,2019-02-12 04:00:00,15.0833647172,47.5942589976,0,0,0,12,12,1312,444
compact51_marcy__current_roles,2019-02-12 05:00:00,18.8620260281,175.139931502,1,0,0,12,12,4156,7326
compact51_marcy__current_roles,2019-02-12 06:00:00,17.4720921123,165.695950026,1,0,0,12,12,3055,7244
compact51_marcy__current_roles,2019-02-12 07:00:00,14.2916450599,47.2969058848,0,0,0,12,12,876,414
compact51_marcy__current_roles,2019-02-12 08:00:00,11.5284338651,56.3481972806,0,0,0,12,12,76,1950
compact51_marcy__current_roles,2019-02-12 09:00:00,11.1188972218,55.5624083797,0,0,0,12,12,41,1783
compact51_marcy__current_roles,2019-02-12 10:00:00,10.8623687905,53.6676884486,0,0,0,12,12,29,1394
compact51_marcy__current_roles,2019-02-12 11:00:00,11.8678172668,54.4835390384,0,0,0,11,11,123,1546
compact51_marcy__current_roles,2019-02-12 12:00:00,11.3904843278,55.2846478321,0,0,0,13,12,63,1708
compact51_marcy__current_roles,2019-02-12 13:00:00,12.4390538324,49.8649942541,0,0,0,12,12,230,713
compact51_marcy__current_roles,2019-02-12 14:00:00,12.192211338,50.6472596077,0,0,0,12,12,170,844
compact51_marcy__current_roles,2019-02-12 15:00:00,12.7578834272,49.3995013349,0,0,0,12,12,310,660
compact51_marcy__current_roles,2019-02-12 16:00:00,18.0781333179,48.1744726073,0,0,0,12,12,3549,507
compact51_marcy__current_roles,2019-02-12 17:00:00,20.825555629,102.67287381,1,0,0,12,12,5517,6288
compact51_marcy__current_roles,2019-02-12 18:00:00,18.8959815279,56.7624048726,0,0,0,12,12,4190,2044
compact51_marcy__current_roles,2019-02-12 19:00:00,16.8590472819,52.2688513073,0,0,0,12,12,2576,1122
compact51_marcy__current_roles,2019-02-12 20:00:00,15.0482777427,50.1480368484,0,0,0,12,12,1293,765
compact51_marcy__current_roles,2019-02-12 21:00:00,12.995131165,51.6099420834,0,0,0,12,12,376,1010
compact51_marcy__current_roles,2019-02-12 22:00:00,12.9890932285,46.2837486792,0,0,0,12,12,374,325
compact51_marcy__current_roles,2019-02-12 23:00:00,14.542515257,301.23584499,0,0,0,12,12,990,7935
compact51_marcy__current_roles,2019-02-13 00:00:00,17.866994072,8629.95511515,0,0,0,12,12,3371,8732
compact51_marcy__current_roles,2019-02-13 01:00:00,17.0226418247,426.65048685,0,0,0,12,12,2695,8163
compact51_marcy__current_roles,2019-02-13 02:00:00,19.1057725245,475.428213662,0,0,0,12,12,4372,8220
compact51_marcy__current_roles,2019-02-13 03:00:00,19.5916338911,466.585690986,0,0,0,12,12,4707,8206
compact51_marcy__current_roles,2019-02-13 04:00:00,20.4939729788,960.785647741,1,0,0,12,12,5309,8483
compact51_marcy__current_roles,2019-02-13 05:00:00,17.784869873,70.7271436415,0,0,0,12,12,3297,4765
compact51_marcy__current_roles,2019-02-13 06:00:00,15.8875113126,195.150227845,0,0,0,12,12,1853,7464
compact51_marcy__current_roles,2019-02-13 07:00:00,14.3067455742,190.052984362,0,0,0,12,12,881,7422
compact51_marcy__current_roles,2019-02-13 08:00:00,14.9548625193,70.869855846,0,0,0,12,12,1233,4774
compact51_marcy__current_roles,2019-02-13 09:00:00,12.0673717045,57.263652462,0,0,0,12,12,146,2153
compact51_marcy__current_roles,2019-02-13 10:00:00,14.9974730948,118.58027786,0,0,0,12,12,1260,6613
compact51_marcy__current_roles,2019-02-13 11:00:00,15.2311672136,81.5506951211,0,0,0,10,10,1415,5581
compact51_marcy__current_roles,2019-02-13 12:00:00,15.0047288511,74.9953223553,0,0,0,12,12,1266,5170
compact51_marcy__current_roles,2019-02-13 13:00:00,13.8840029459,67.6158002968,0,0,0,12,12,698,4374
compact51_marcy__current_roles,2019-02-13 14:00:00,13.131238148,55.3982473176,0,0,0,10,10,427,1737
compact51_marcy__current_roles,2019-02-13 15:00:00,11.8654924302,54.4269848891,0,0,0,12,12,122,1533
compact51_marcy__current_roles,2019-02-13 16:00:00,13.0139100138,55.9962177002,0,0,0,12,12,386,1872
compact51_marcy__current_roles,2019-02-13 17:00:00,13.8277810988,57.2670927054,0,0,0,12,12,669,2155
compact51_marcy__current_roles,2019-02-13 18:00:00,12.936277073,54.8708433244,0,0,0,12,12,359,1633
compact51_marcy__current_roles,2019-02-13 19:00:00,13.8544779804,57.365384814,0,0,0,12,12,682,2182
compact51_marcy__current_roles,2019-02-13 20:00:00,13.0347422298,54.6208846854,0,0,0,13,12,394,1582
compact51_marcy__current_roles,2019-02-13 21:00:00,15.4024728306,60.5560154423,0,0,0,12,12,1539,2935
compact51_marcy__current_roles,2019-02-13 22:00:00,16.0932079878,53.6028035532,0,0,0,12,12,2015,1385
compact51_marcy__current_roles,2019-02-13 23:00:00,17.5938756016,56.4879752083,0,0,0,12,12,3149,1972
compact51_marcy__current_roles,2019-02-14 00:00:00,13.8680141508,137.169028845,0,0,0,12,12,688,6925
compact51_marcy__current_roles,2019-02-14 01:00:00,11.7584767945,78.4383965124,0,0,0,12,12,104,5424
compact51_marcy__current_roles,2019-02-14 02:00:00,13.1830421817,81.765751695,0,0,0,12,12,442,5591
compact51_marcy__current_roles,2019-02-14 03:00:00,15.301145507,96.4098443041,0,0,0,12,12,1464,6099
compact51_marcy__current_roles,2019-02-14 04:00:00,18.5767602018,3854.57307445,0,0,0,12,12,3941,8688
compact51_marcy__current_roles,2019-02-14 05:00:00,14.2538752054,1335.24127694,1,0,0,12,12,859,8550
compact51_marcy__current_roles,2019-02-14 06:00:00,16.3262663375,126.649970491,0,0,0,12,12,2186,6780
compact51_marcy__current_roles,2019-02-14 07:00:00,17.5126298933,1715.44831735,0,0,0,12,12,3085,8591
compact51_marcy__current_roles,2019-02-14 08:00:00,20.9457327124,222.672056661,1,0,0,12,12,5585,7627
compact51_marcy__current_roles,2019-02-14 09:00:00,20.1382870401,5002.51089602,1,0,0,12,12,5077,8709
compact51_marcy__current_roles,2019-02-14 10:00:00,17.0494310558,79.1122932527,0,0,0,12,12,2712,5458
compact51_marcy__current_roles,2019-02-14 11:00:00,15.9582254594,88.4607567531,0,0,0,12,12,1915,5829
compact51_marcy__current_roles,2019-02-14 12:00:00,18.314886227,123.095549393,0,0,0,12,12,3740,6710
compact51_marcy__current_roles,2019-02-14 13:00:00,21.3773409965,1422.5875468,0,0,0,12,12,5820,8566
compact51_marcy__current_roles,2019-02-14 14:00:00,21.4753139174,1741.34513447,0,0,0,12,12,5872,8592
compact51_marcy__current_roles,2019-02-14 15:00:00,18.6546658192,346.013079839,0,0,0,12,12,4001,8054
compact51_marcy__current_roles,2019-02-14 16:00:00,19.0324730134,165.595835489,0,0,0,12,12,4307,7243
compact51_marcy__current_roles,2019-02-14 17:00:00,15.9681361836,60.7969746848,0,0,0,12,12,1921,2993
compact51_marcy__current_roles,2019-02-14 18:00:00,15.3623479207,58.6332691389,0,0,0,12,12,1508,2496
compact51_marcy__current_roles,2019-02-14 19:00:00,16.2468785031,59.231089964,0,0,0,12,12,2113,2645
compact51_marcy__current_roles,2019-02-14 20:00:00,17.9369693692,100.538557159,0,0,0,12,12,3433,6222
compact51_marcy__current_roles,2019-02-14 21:00:00,15.7585947526,55.4832362465,0,0,0,12,12,1769,1762
compact51_marcy__current_roles,2019-02-14 22:00:00,14.8400553561,49.6289272921,0,0,0,12,12,1153,687
compact51_marcy__current_roles,2019-02-14 23:00:00,19.1143087511,469.18030038,0,0,0,13,12,4379,8210
compact51_marcy__current_roles,2019-02-15 00:00:00,18.9159140408,253.734658648,0,0,0,12,12,4213,7784
compact51_marcy__current_roles,2019-02-15 01:00:00,16.6955281942,479.004925513,0,0,0,12,12,2454,8222
compact51_marcy__current_roles,2019-02-15 02:00:00,16.6238978569,223.076965115,0,0,0,12,12,2406,7629
compact51_marcy__current_roles,2019-02-15 03:00:00,18.549894804,135.834155563,0,0,0,12,12,3908,6912
compact51_marcy__current_roles,2019-02-15 04:00:00,24.5674061448,387.35667845,0,0,0,12,12,7184,8119
compact51_marcy__current_roles,2019-02-15 05:00:00,27.2976652903,2349.66673758,0,0,0,12,12,7862,8646
compact51_marcy__current_roles,2019-02-15 06:00:00,27.0019925552,9944.27615706,0,0,0,12,12,7805,8736
compact51_marcy__current_roles,2019-02-15 07:00:00,22.4905398446,150.089992152,0,0,0,12,12,6347,7086
compact51_marcy__current_roles,2019-02-15 08:00:00,17.1880874585,53.5678380141,0,0,0,12,12,2831,1377
compact51_marcy__current_roles,2019-02-15 09:00:00,15.2919878348,55.7371247551,0,0,0,12,12,1455,1815
compact51_marcy__current_roles,2019-02-15 10:00:00,17.2020843833,64.5099192906,0,0,0,12,12,2849,3815
compact51_marcy__current_roles,2019-02-15 11:00:00,18.9064081737,101.287289286,0,0,0,12,12,4203,6250
compact51_marcy__current_roles,2019-02-15 12:00:00,17.630720225,100.116978953,0,0,0,12,12,3169,6205
compact51_marcy__current_roles,2019-02-15 13:00:00,18.1656088153,128.04944599,0,0,0,12,12,3624,6806
compact51_marcy__current_roles,2019-02-15 14:00:00,19.5343772168,145.941709111,0,0,0,12,12,4676,7031
compact51_marcy__current_roles,2019-02-15 15:00:00,19.835562682,172.782043483,0,0,0,12,12,4864,7304
compact51_marcy__current_roles,2019-02-15 16:00:00,19.519060373,149.612508128,0,0,0,12,12,4664,7079
compact51_marcy__current_roles,2019-02-15 17:00:00,19.1714186549,82.5798349513,0,0,0,11,11,4405,5616
compact51_marcy__current_roles,2019-02-15 18:00:00,18.4343858589,55.7627505161,0,0,0,12,12,3824,1821
compact51_marcy__current_roles,2019-02-15 19:00:00,19.2619926932,72.8197502037,0,0,0,12,12,4470,4954
compact51_marcy__current_roles,2019-02-15 20:00:00,18.8401168571,65.7844994725,0,0,0,12,12,4137,4076
compact51_marcy__current_roles,2019-02-15 21:00:00,21.1718485846,152.476513423,0,0,0,12,12,5698,7110
compact51_marcy__current_roles,2019-02-15 22:00:00,27.3732265153,167.152478875,0,0,0,12,12,7884,7259
compact51_marcy__current_roles,2019-02-15 23:00:00,25.6908454155,301.595551501,0,0,0,13,13,7498,7936
compact51_marcy__current_roles,2019-02-16 00:00:00,19.9146284282,91.4580559786,0,0,0,12,12,4913,5924
compact51_marcy__current_roles,2019-02-16 01:00:00,25.2053532706,190.323785428,0,0,0,12,12,7364,7424
compact51_marcy__current_roles,2019-02-16 02:00:00,22.4846284671,99.8429277923,0,0,0,12,12,6340,6198
compact51_marcy__current_roles,2019-02-16 03:00:00,23.6902339335,65.7674650069,0,0,0,12,12,6908,4073
compact51_marcy__current_roles,2019-02-16 04:00:00,24.8073876455,81.9045315213,0,0,0,12,12,7257,5596
compact51_marcy__current_roles,2019-02-16 05:00:00,23.169773199,132.431314285,0,0,0,12,12,6668,6871
compact51_marcy__current_roles,2019-02-16 06:00:00,20.3139682734,110.896169113,0,0,0,12,12,5187,6468
compact51_marcy__current_roles,2019-02-16 07:00:00,20.9403380699,136.562883222,0,0,0,12,12,5582,6916
compact51_marcy__current_roles,2019-02-16 08:00:00,18.2960231023,46.7213900545,0,0,0,12,12,3725,356
compact51_marcy__current_roles,2019-02-16 09:00:00,20.1975302013,49.9658770935,0,0,0,12,12,5116,729
compact51_marcy__current_roles,2019-02-16 10:00:00,20.7160647044,115.174156618,0,0,0,12,12,5440,6556
compact51_marcy__current_roles,2019-02-16 11:00:00,20.5726390061,203.198559841,0,0,0,12,12,5353,7522
compact51_marcy__current_roles,2019-02-16 12:00:00,20.3346794711,171.201572479,0,0,0,12,12,5205,7291
compact51_marcy__current_roles,2019-02-16 13:00:00,19.5612128788,109.814647042,0,0,0,12,12,4688,6444
compact51_marcy__current_roles,2019-02-16 14:00:00,19.9208367627,127.82158881,0,0,0,12,12,4920,6804
compact51_marcy__current_roles,2019-02-16 15:00:00,22.5457922674,154.275966195,0,0,0,12,12,6375,7139
compact51_marcy__current_roles,2019-02-16 16:00:00,21.8721764361,68.0180437194,0,0,0,12,12,6075,4426
compact51_marcy__current_roles,2019-02-16 17:00:00,19.8559559367,50.208838258,0,0,0,12,12,4880,773
compact51_marcy__current_roles,2019-02-16 18:00:00,20.0552962106,53.5976725127,0,0,0,12,12,5025,1383
compact51_marcy__current_roles,2019-02-16 19:00:00,23.675531068,62.0243368115,0,0,0,12,12,6897,3283
compact51_marcy__current_roles,2019-02-16 20:00:00,23.6299621298,56.3444666855,0,0,0,12,12,6874,1948
compact51_marcy__current_roles,2019-02-16 21:00:00,22.2373753689,59.6621814817,0,0,0,12,12,6228,2729
compact51_marcy__current_roles,2019-02-16 22:00:00,19.6544880672,126.789787757,0,0,0,12,12,4752,6787
compact51_marcy__current_roles,2019-02-16 23:00:00,23.2037918738,495.630206013,1,0,0,12,12,6684,8243
compact51_marcy__current_roles,2019-02-17 00:00:00,25.9302847238,118.465392755,1,0,0,12,12,7554,6611
compact51_marcy__current_roles,2019-02-17 01:00:00,19.5157675182,175.897297689,0,0,0,12,12,4662,7332
compact51_marcy__current_roles,2019-02-17 02:00:00,19.1791362741,137.045852518,0,0,0,12,12,4415,6924
compact51_marcy__current_roles,2019-02-17 03:00:00,18.9865467773,150.783008675,0,0,0,12,12,4269,7095
compact51_marcy__current_roles,2019-02-17 04:00:00,24.7909073895,104.107283725,1,0,0,12,12,7252,6329
compact51_marcy__current_roles,2019-02-17 05:00:00,19.2448541281,50.3565456658,0,0,0,12,12,4458,798
compact51_marcy__current_roles,2019-02-17 06:00:00,15.167247825,48.8593584248,0,0,0,12,12,1367,595
compact51_marcy__current_roles,2019-02-17 07:00:00,17.7713403918,50.003820496,0,0,0,12,12,3285,736
compact51_marcy__current_roles,2019-02-17 08:00:00,18.1431383156,52.2416348686,0,0,0,12,12,3609,1116
compact51_marcy__current_roles,2019-02-17 09:00:00,21.7730404224,106.102678708,0,0,0,12,12,6018,6371
compact51_marcy__current_roles,2019-02-17 10:00:00,20.5578527767,167.009609183,0,0,0,12,12,5345,7257
compact51_marcy__current_roles,2019-02-17 11:00:00,21.0754928201,128.899212102,0,0,0,12,12,5659,6821
compact51_marcy__current_roles,2019-02-17 12:00:00,22.1891044423,135.460020959,0,0,0,12,12,6208,6906
compact51_marcy__current_roles,2019-02-17 13:00:00,23.6871301055,95.9312920154,0,0,0,13,12,6905,6086
compact51_marcy__current_roles,2019-02-17 14:00:00,19.4527185395,63.8309552135,0,0,0,12,12,4602,3676
compact51_marcy__current_roles,2019-02-17 15:00:00,19.1734796381,78.5690576045,0,0,0,12,12,4406,5428
compact51_marcy__current_roles,2019-02-17 16:00:00,19.3210939222,65.5758140622,0,0,0,12,12,4510,4048
compact51_marcy__current_roles,2019-02-17 17:00:00,15.8227746739,54.1311389408,0,0,0,12,12,1807,1477
compact51_marcy__current_roles,2019-02-17 18:00:00,16.7099054549,46.9320968649,0,0,0,12,12,2466,371
compact51_marcy__current_roles,2019-02-17 19:00:00,17.7112902657,51.806032814,0,0,0,12,12,3232,1044
compact51_marcy__current_roles,2019-02-17 20:00:00,21.7541114603,93.9986558645,0,0,0,12,12,6004,6009
compact51_marcy__current_roles,2019-02-17 21:00:00,18.2699672447,55.3028528875,0,0,0,12,12,3703,1716
compact51_marcy__current_roles,2019-02-17 22:00:00,24.1967864085,100.504543037,0,0,0,12,12,7066,6221
compact51_marcy__current_roles,2019-02-17 23:00:00,25.6858567278,1403.96635558,0,0,0,12,12,7494,8561
compact51_marcy__current_roles,2019-02-18 00:00:00,33.6590381725,141.022605883,1,0,0,12,12,8542,6976
compact51_marcy__current_roles,2019-02-18 01:00:00,27.0357669401,186.1722487,1,0,0,12,12,7812,7398
compact51_marcy__current_roles,2019-02-18 02:00:00,21.9328471708,818.255008299,1,0,0,12,12,6104,8441
compact51_marcy__current_roles,2019-02-18 03:00:00,26.7005406308,572.621397458,1,0,0,12,12,7732,8317
compact51_marcy__current_roles,2019-02-18 04:00:00,25.3442794076,763.673917213,0,0,0,12,12,7406,8426
compact51_marcy__current_roles,2019-02-18 05:00:00,27.8745469747,529.279241649,1,0,0,12,12,7962,8280
compact51_marcy__current_roles,2019-02-18 06:00:00,26.5241336443,257.691612697,1,0,0,12,12,7699,7802
compact51_marcy__current_roles,2019-02-18 07:00:00,30.4721306368,529.319820675,0,0,0,12,12,8320,8281
compact51_marcy__current_roles,2019-02-18 08:00:00,26.1449310516,6188.31448478,0,0,0,12,12,7608,8722
compact51_marcy__current_roles,2019-02-18 09:00:00,23.3910008482,247.153334244,0,0,0,12,12,6762,7756
compact51_marcy__current_roles,2019-02-18 10:00:00,23.0035817913,121.485088867,0,0,0,12,12,6591,6680
compact51_marcy__current_roles,2019-02-18 11:00:00,17.8625064706,54.0712681189,0,0,0,12,12,3369,1470
compact51_marcy__current_roles,2019-02-18 12:00:00,16.9378484678,53.34873316,0,0,0,12,12,2634,1343
compact51_marcy__current_roles,2019-02-18 13:00:00,14.7706412446,52.9393575706,0,0,0,12,12,1103,1249
compact51_marcy__current_roles,2019-02-18 14:00:00,14.1457614247,52.7542462013,0,0,0,12,12,812,1213
compact51_marcy__current_roles,2019-02-18 15:00:00,14.0897861214,53.0092953731,0,0,0,12,12,778,1268
compact51_marcy__current_roles,2019-02-18 16:00:00,13.7108672334,51.0346537374,0,0,0,12,12,620,909
compact51_marcy__current_roles,2019-02-18 17:00:00,15.3039799469,52.5657858762,0,0,0,12,12,1467,1179
compact51_marcy__current_roles,2019-02-18 18:00:00,14.5909620248,55.1976584517,0,0,0,12,12,1016,1688
compact51_marcy__current_roles,2019-02-18 19:00:00,13.981919231,52.9725430591,0,0,0,12,12,740,1259
compact51_marcy__current_roles,2019-02-18 20:00:00,14.4679951403,55.8284241901,0,0,0,12,12,955,1833
compact51_marcy__current_roles,2019-02-18 21:00:00,16.1658225523,55.5487631796,0,0,0,12,12,2062,1780
compact51_marcy__current_roles,2019-02-18 22:00:00,17.2556771627,54.9299748756,0,0,0,12,12,2890,1646
compact51_marcy__current_roles,2019-02-18 23:00:00,18.4768808735,71.1419985575,0,0,0,12,12,3861,4798
compact51_marcy__current_roles,2019-02-19 00:00:00,23.6166984229,53.1595120518,0,0,0,12,12,6872,1302
compact51_marcy__current_roles,2019-02-19 01:00:00,16.7197160171,45.6427390155,0,0,0,12,12,2471,274
compact51_marcy__current_roles,2019-02-19 02:00:00,15.2991878892,42.5292678718,0,0,0,12,12,1463,112
compact51_marcy__current_roles,2019-02-19 03:00:00,15.7431246261,42.0923294853,0,0,0,12,12,1758,97
compact51_marcy__current_roles,2019-02-19 04:00:00,23.233016347,50.8895715765,0,0,0,12,12,6698,886
compact51_marcy__current_roles,2019-02-19 05:00:00,21.0204012245,47.9988321178,0,0,0,12,12,5625,483
compact51_marcy__current_roles,2019-02-19 06:00:00,18.8311193624,47.7459049578,0,0,0,12,12,4124,458
compact51_marcy__current_roles,2019-02-19 07:00:00,26.7802010715,343.473215596,0,0,0,12,12,7747,8047
compact51_marcy__current_roles,2019-02-19 08:00:00,19.0650158963,161.43576544,0,0,0,12,12,4331,7207
compact51_marcy__current_roles,2019-02-19 09:00:00,14.7937319583,51.5750634738,0,0,0,12,12,1124,1003
compact51_marcy__current_roles,2019-02-19 10:00:00,15.0149047987,53.6964576466,0,0,0,12,12,1274,1400
compact51_marcy__current_roles,2019-02-19 11:00:00,13.2589658052,53.1197935256,0,0,0,12,12,465,1287
compact51_marcy__current_roles,2019-02-19 12:00:00,15.9592087767,61.6578754963,0,0,0,12,12,1918,3208
compact51_marcy__current_roles,2019-02-19 13:00:00,15.4923610232,56.8917652828,0,0,0,12,12,1600,2079
compact51_marcy__current_roles,2019-02-19 14:00:00,17.4329633821,84.8033346181,0,0,0,12,12,3023,5711
compact51_marcy__current_roles,2019-02-19 15:00:00,13.8854798153,51.8894494285,0,0,0,12,12,700,1061
compact51_marcy__current_roles,2019-02-19 16:00:00,12.9076253228,52.9070341474,0,0,0,12,12,351,1242
compact51_marcy__current_roles,2019-02-19 17:00:00,13.5482183026,52.9583329773,0,0,0,12,12,564,1253
compact51_marcy__current_roles,2019-02-19 18:00:00,13.4887980851,55.389463836,0,0,0,12,12,543,1734
compact51_marcy__current_roles,2019-02-19 19:00:00,13.8649046659,52.9693863383,0,0,0,12,12,687,1256
compact51_marcy__current_roles,2019-02-19 20:00:00,12.7517512569,54.6270128464,0,0,0,12,12,306,1585
compact51_marcy__current_roles,2019-02-19 21:00:00,14.0723981488,54.055018392,0,0,0,12,12,773,1467
compact51_marcy__current_roles,2019-02-19 22:00:00,17.0243406452,50.6204673832,0,0,0,12,12,2698,839
compact51_marcy__current_roles,2019-02-19 23:00:00,17.7684394419,63.6543787303,0,0,0,12,12,3281,3637
compact51_marcy__current_roles,2019-02-20 00:00:00,22.7688447756,52.1520803604,0,0,0,12,12,6480,1105
compact51_marcy__current_roles,2019-02-20 01:00:00,18.6552624024,48.4627954674,0,0,0,12,12,4002,550
compact51_marcy__current_roles,2019-02-20 02:00:00,19.0145792093,42.0116057108,0,0,0,12,12,4290,94
compact51_marcy__current_roles,2019-02-20 03:00:00,19.889466995,68.2211429788,0,0,0,12,12,4901,4455
compact51_marcy__current_roles,2019-02-20 04:00:00,22.892867561,95.4877931556,0,0,0,12,12,6538,6062
compact51_marcy__current_roles,2019-02-20 05:00:00,23.17906509,430.087920563,0,0,0,12,12,6672,8167
compact51_marcy__current_roles,2019-02-20 06:00:00,14.6582751822,45.8745392618,0,0,0,12,12,1041,292
compact51_marcy__current_roles,2019-02-20 07:00:00,16.5539234309,55.5701357616,0,0,0,12,12,2354,1784
compact51_marcy__current_roles,2019-02-20 08:00:00,13.903613788,55.2093691212,0,0,0,12,12,705,1691
compact51_marcy__current_roles,2019-02-20 09:00:00,12.7554151829,53.4618020892,0,0,0,12,12,308,1365
compact51_marcy__current_roles,2019-02-20 10:00:00,15.2347378529,49.6446356444,0,0,0,12,12,1418,691
compact51_marcy__current_roles,2019-02-20 11:00:00,15.4665495401,50.4114977538,0,0,0,12,12,1587,803
compact51_marcy__current_roles,2019-02-20 12:00:00,16.6708660871,50.5321496014,0,0,0,12,12,2437,823
compact51_marcy__current_roles,2019-02-20 13:00:00,12.6272158567,51.5389391419,0,0,0,12,12,274,995
compact51_marcy__current_roles,2019-02-20 14:00:00,12.4410844478,52.432227217,0,0,0,12,12,231,1150
compact51_marcy__current_roles,2019-02-20 15:00:00,12.7757619094,51.9694429408,0,0,0,12,12,315,1076
compact51_marcy__current_roles,2019-02-20 16:00:00,13.3482821382,52.4742772168,0,0,0,12,12,502,1158
compact51_marcy__current_roles,2019-02-20 17:00:00,15.3769926455,56.7249663374,0,0,0,12,12,1516,2035
compact51_marcy__current_roles,2019-02-20 18:00:00,15.5179870819,55.415971309,0,0,0,12,12,1624,1744
compact51_marcy__current_roles,2019-02-20 19:00:00,17.44755952,58.4094819023,0,0,0,12,12,3032,2433
compact51_marcy__current_roles,2019-02-20 20:00:00,17.3072981811,60.5991493074,0,0,0,12,12,2934,2949
compact51_marcy__current_roles,2019-02-20 21:00:00,18.8585491582,51.2054136354,0,0,0,12,12,4152,936
compact51_marcy__current_roles,2019-02-20 22:00:00,24.8300618608,62.7971842187,0,0,0,12,12,7261,3453
compact51_marcy__current_roles,2019-02-20 23:00:00,13.6672237454,49.9885674051,0,0,0,12,12,601,734
compact51_marcy__current_roles,2019-02-21 00:00:00,23.909498118,85.151181364,0,0,0,12,12,6973,5725
compact51_marcy__current_roles,2019-02-21 01:00:00,17.7327576317,49.3292414252,0,0,0,12,12,3245,642
compact51_marcy__current_roles,2019-02-21 02:00:00,25.7567644276,85.7822041883,0,0,0,12,12,7512,5752
compact51_marcy__current_roles,2019-02-21 03:00:00,23.6644016459,72.1406179424,0,0,0,12,12,6894,4902
compact51_marcy__current_roles,2019-02-21 04:00:00,27.5936186154,99.5324516182,0,0,0,13,13,7926,6186
compact51_marcy__current_roles,2019-02-21 05:00:00,23.5809128362,87.338378744,0,0,0,12,12,6857,5793
compact51_marcy__current_roles,2019-02-21 06:00:00,18.9547943361,47.9975284905,0,0,0,12,12,4239,482
compact51_marcy__current_roles,2019-02-21 07:00:00,22.7742945029,130.940259131,0,0,0,12,12,6485,6850
compact51_marcy__current_roles,2019-02-21 08:00:00,23.5110644748,84.7675414984,0,0,0,11,11,6823,5709
compact51_marcy__current_roles,2019-02-21 09:00:00,15.7485696608,52.6751998011,0,0,0,12,12,1759,1202
compact51_marcy__current_roles,2019-02-21 10:00:00,14.7723502157,50.0171544122,0,0,0,12,12,1104,743
compact51_marcy__current_roles,2019-02-21 11:00:00,16.2220901616,49.6862656732,0,0,0,12,12,2100,694
compact51_marcy__current_roles,2019-02-21 12:00:00,13.1472623802,49.3293053827,0,0,0,12,12,433,643
compact51_marcy__current_roles,2019-02-21 13:00:00,17.8624387285,53.3068931823,0,0,0,12,12,3368,1334
compact51_marcy__current_roles,2019-02-21 14:00:00,18.4351456053,54.173285121,0,0,0,12,12,3826,1483
compact51_marcy__current_roles,2019-02-21 15:00:00,14.5522714029,52.043451528,0,0,0,12,12,994,1086
compact51_marcy__current_roles,2019-02-21 16:00:00,11.9212695803,50.4152336041,0,0,0,12,12,126,805
compact51_marcy__current_roles,2019-02-21 17:00:00,11.6728005424,47.8132195593,0,0,0,12,12,92,466
compact51_marcy__current_roles,2019-02-21 18:00:00,13.6795601692,50.0871936947,0,0,0,12,12,607,756
compact51_marcy__current_roles,2019-02-21 19:00:00,13.8104815753,48.9185667981,0,0,0,12,12,658,601
compact51_marcy__current_roles,2019-02-21 20:00:00,13.0374796124,51.4208541026,0,0,0,12,12,396,967
compact51_marcy__current_roles,2019-02-21 21:00:00,17.8289841793,52.264920643,0,0,0,12,12,3339,1121
compact51_marcy__current_roles,2019-02-21 22:00:00,20.1356920803,87.2243444841,0,0,0,11,11,5075,5787
compact51_marcy__current_roles,2019-02-21 23:00:00,29.6839323946,67.3493316906,0,0,0,12,12,8219,4339
compact51_marcy__current_roles,2019-02-22 00:00:00,17.1351482746,44.4997649208,0,0,0,12,12,2783,203
compact51_marcy__current_roles,2019-02-22 01:00:00,17.5110077711,41.6758543593,0,0,0,12,12,3083,85
compact51_marcy__current_roles,2019-02-22 02:00:00,19.184285128,44.1772595071,0,0,0,12,12,4419,183
compact51_marcy__current_roles,2019-02-22 03:00:00,23.994590621,50.7054849336,0,0,0,12,12,6998,857
compact51_marcy__current_roles,2019-02-22 04:00:00,19.7979022292,46.4748262481,0,0,0,12,12,4844,339
compact51_marcy__current_roles,2019-02-22 05:00:00,17.7683119218,46.3393386428,0,0,0,12,12,3280,331
compact51_marcy__current_roles,2019-02-22 06:00:00,19.6826489699,53.3100138455,0,0,0,12,12,4776,1336
compact51_marcy__current_roles,2019-02-22 07:00:00,18.689665052,58.9358886378,0,0,0,12,12,4026,2574
compact51_marcy__current_roles,2019-02-22 08:00:00,15.0264371618,54.668580718,0,0,0,12,12,1281,1592
compact51_marcy__current_roles,2019-02-22 09:00:00,15.2004535556,52.4818990318,0,0,0,12,12,1392,1159
compact51_marcy__current_roles,2019-02-22 10:00:00,17.9798714141,61.7898592173,0,0,0,13,13,3472,3231
compact51_marcy__current_roles,2019-02-22 11:00:00,20.6908883966,65.9760253673,0,0,0,12,12,5425,4110
compact51_marcy__current_roles,2019-02-22 12:00:00,17.4895455573,58.2956451217,0,0,0,12,12,3064,2413
compact51_marcy__current_roles,2019-02-22 13:00:00,18.0483894546,60.0344911987,0,0,0,12,12,3531,2827
compact51_marcy__current_roles,2019-02-22 14:00:00,16.6264963237,61.2606152852,0,0,0,12,12,2409,3111
compact51_marcy__current_roles,2019-02-22 15:00:00,14.7625230846,56.3943433701,0,0,0,12,12,1097,1956
compact51_marcy__current_roles,2019-02-22 16:00:00,15.1207679052,55.6635630345,0,0,0,12,12,1330,1802
compact51_marcy__current_roles,2019-02-22 17:00:00,16.8219977828,55.7390162675,0,0,0,12,12,2553,1816
compact51_marcy__current_roles,2019-02-22 18:00:00,17.886915901,59.6552464172,0,0,0,12,12,3392,2728
compact51_marcy__current_roles,2019-02-22 19:00:00,18.5686126102,61.0057978557,0,0,0,12,12,3929,3049
compact51_marcy__current_roles,2019-02-22 20:00:00,17.9692211415,61.6162258584,0,0,0,12,12,3462,3197
compact51_marcy__current_roles,2019-02-22 21:00:00,18.9252786263,62.0874842339,0,0,0,12,12,4219,3296
compact51_marcy__current_roles,2019-02-22 22:00:00,19.5262804389,58.976923326,0,0,0,12,12,4671,2587
compact51_marcy__current_roles,2019-02-22 23:00:00,16.3139409394,52.9703016091,0,0,0,12,12,2175,1258
compact51_marcy__current_roles,2019-02-23 00:00:00,24.7935092986,56.9274494669,0,0,0,12,12,7253,2084
compact51_marcy__current_roles,2019-02-23 01:00:00,17.6094392186,43.1896876257,0,0,0,12,12,3159,130
compact51_marcy__current_roles,2019-02-23 02:00:00,17.0003586709,42.9958782902,0,0,0,12,12,2677,123
compact51_marcy__current_roles,2019-02-23 03:00:00,18.1470179905,51.9828717381,0,0,0,12,12,3614,1079
compact51_marcy__current_roles,2019-02-23 04:00:00,19.4052830845,50.4937043987,0,0,0,12,12,4559,816
compact51_marcy__current_roles,2019-02-23 05:00:00,22.4101479969,53.2324389873,0,0,0,12,12,6297,1315
compact51_marcy__current_roles,2019-02-23 06:00:00,21.3998679506,119.787129303,0,0,0,12,12,5835,6633
compact51_marcy__current_roles,2019-02-23 07:00:00,20.0215636578,152.041009994,0,0,0,12,12,4997,7105
compact51_marcy__current_roles,2019-02-23 08:00:00,19.6640973593,96.3257935729,0,0,0,12,12,4761,6096
compact51_marcy__current_roles,2019-02-23 09:00:00,18.9933932317,59.2761216664,0,0,0,12,12,4274,2657
compact51_marcy__current_roles,2019-02-23 10:00:00,20.8012654175,86.7894880272,0,0,0,12,12,5498,5777
compact51_marcy__current_roles,2019-02-23 11:00:00,20.4354467914,78.3733266441,0,0,0,12,12,5269,5418
compact51_marcy__current_roles,2019-02-23 12:00:00,18.9386292,60.547037848,0,0,0,12,12,4227,2932
compact51_marcy__current_roles,2019-02-23 13:00:00,17.9018773832,57.7380373221,0,0,0,12,12,3402,2275
compact51_marcy__current_roles,2019-02-23 14:00:00,17.8727354405,59.2208924858,0,0,0,12,12,3375,2641
compact51_marcy__current_roles,2019-02-23 15:00:00,16.8025614519,58.6902016061,0,0,0,12,12,2539,2508
compact51_marcy__current_roles,2019-02-23 16:00:00,15.0742526866,56.3219688173,0,0,0,12,12,1310,1942
compact51_marcy__current_roles,2019-02-23 17:00:00,17.8898687573,55.773369457,0,0,0,12,12,3394,1823
compact51_marcy__current_roles,2019-02-23 18:00:00,14.8481385423,50.4812345053,0,0,0,12,12,1159,812
compact51_marcy__current_roles,2019-02-23 19:00:00,19.4234088969,67.3986958351,0,0,0,11,11,4579,4345
compact51_marcy__current_roles,2019-02-23 20:00:00,17.32579435,54.8102069486,0,0,0,12,12,2949,1621
compact51_marcy__current_roles,2019-02-23 21:00:00,19.4182932866,59.8182313477,0,0,0,12,12,4573,2773
compact51_marcy__current_roles,2019-02-23 22:00:00,13.8529445424,51.2205647676,0,0,0,12,12,681,939
compact51_marcy__current_roles,2019-02-23 23:00:00,17.2230727459,51.4247039886,0,0,0,12,12,2865,970
compact51_marcy__current_roles,2019-02-24 00:00:00,17.2363852018,53.7350940026,0,0,0,12,12,2879,1408
compact51_marcy__current_roles,2019-02-24 01:00:00,18.3564013494,53.8315280729,0,0,0,12,12,3774,1428
compact51_marcy__current_roles,2019-02-24 02:00:00,16.6075648882,50.8800351871,0,0,0,12,12,2393,885
compact51_marcy__current_roles,2019-02-24 03:00:00,18.5675478261,51.7511380632,0,0,0,12,12,3928,1035
compact51_marcy__current_roles,2019-02-24 04:00:00,18.6135916357,50.4662395182,0,0,0,12,12,3976,810
compact51_marcy__current_roles,2019-02-24 05:00:00,19.4182970679,54.5728435097,0,0,0,12,12,4574,1572
compact51_marcy__current_roles,2019-02-24 06:00:00,17.5036044157,48.8549746435,0,0,0,12,12,3078,593
compact51_marcy__current_roles,2019-02-24 07:00:00,19.2189839283,48.9095924603,0,0,0,12,12,4446,600
compact51_marcy__current_roles,2019-02-24 08:00:00,17.0278597484,51.4378922367,0,0,0,12,12,2701,971
compact51_marcy__current_roles,2019-02-24 09:00:00,13.8637182926,50.3446764584,0,0,0,12,12,686,795
compact51_marcy__current_roles,2019-02-24 10:00:00,14.8309016868,50.1450180349,0,0,0,12,12,1150,763
compact51_marcy__current_roles,2019-02-24 11:00:00,16.8917080605,52.8334709145,0,0,0,12,12,2595,1233
compact51_marcy__current_roles,2019-02-24 12:00:00,17.8821440035,51.9638467755,0,0,0,12,12,3388,1075
compact51_marcy__current_roles,2019-02-24 13:00:00,16.9796173055,53.9698479099,0,0,0,13,13,2658,1451
compact51_marcy__current_roles,2019-02-24 14:00:00,12.2592069157,50.5871754271,0,0,0,12,12,188,833
compact51_marcy__current_roles,2019-02-24 15:00:00,15.1058131215,51.676250667,0,0,0,12,12,1321,1028
compact51_marcy__current_roles,2019-02-24 16:00:00,18.140333519,57.5513382533,0,0,0,12,12,3606,2233
compact51_marcy__current_roles,2019-02-24 17:00:00,15.3543214618,54.6639601683,0,0,0,12,12,1501,1591
compact51_marcy__current_roles,2019-02-24 18:00:00,17.7464548254,55.8283776791,0,0,0,13,12,3257,1832
compact51_marcy__current_roles,2019-02-24 19:00:00,18.4232950075,58.798380574,0,0,0,12,12,3814,2534
compact51_marcy__current_roles,2019-02-24 20:00:00,20.1927159274,60.7183164911,0,0,0,12,12,5110,2980
compact51_marcy__current_roles,2019-02-24 21:00:00,22.2358418766,62.1777295404,0,0,0,12,12,6226,3319
compact51_marcy__current_roles,2019-02-24 22:00:00,16.6386644904,57.3891713979,0,0,0,12,12,2416,2191
compact51_marcy__current_roles,2019-02-24 23:00:00,12.4822412661,47.5466699835,0,0,0,12,12,239,440
compact51_marcy__current_roles,2019-02-25 00:00:00,11.7285808949,43.7360907019,0,0,0,12,12,102,150
compact51_marcy__current_roles,2019-02-25 01:00:00,15.5320586207,50.352335522,0,0,0,12,12,1630,796
compact51_marcy__current_roles,2019-02-25 02:00:00,16.7957868088,49.5324285358,0,0,0,12,12,2528,674
compact51_marcy__current_roles,2019-02-25 03:00:00,17.8820828349,49.8759973357,0,0,0,12,12,3387,715
compact51_marcy__current_roles,2019-02-25 04:00:00,20.785987346,52.7059152365,0,0,0,12,12,5488,1209
compact51_marcy__current_roles,2019-02-25 05:00:00,20.6580210359,50.4823672948,0,0,0,12,12,5404,813
compact51_marcy__current_roles,2019-02-25 06:00:00,19.3806691802,46.3910717524,0,0,0,12,12,4545,335
compact51_marcy__current_roles,2019-02-25 07:00:00,21.939393805,52.5259010278,0,0,0,12,12,6107,1166
compact51_marcy__current_roles,2019-02-25 08:00:00,23.0175392089,56.8199692831,0,0,0,12,12,6595,2063
compact51_marcy__current_roles,2019-02-25 09:00:00,26.8893626071,162.713849914,0,0,0,12,12,7778,7215
compact51_marcy__current_roles,2019-02-25 10:00:00,24.7219072644,293.466867913,0,0,0,12,12,7223,7919
compact51_marcy__current_roles,2019-02-25 11:00:00,18.5915692451,60.1135226338,0,0,0,12,12,3958,2850
compact51_marcy__current_roles,2019-02-25 12:00:00,20.6659611188,128.397685259,0,0,0,12,12,5408,6815
compact51_marcy__current_roles,2019-02-25 13:00:00,22.6139447445,189.284429739,0,0,0,12,12,6404,7417
compact51_marcy__current_roles,2019-02-25 14:00:00,20.9952370483,99.3673135759,0,0,0,12,12,5607,6181
compact51_marcy__current_roles,2019-02-25 15:00:00,24.1227807502,186.520945657,0,0,0,12,12,7040,7401
compact51_marcy__current_roles,2019-02-25 16:00:00,21.3478435917,111.582977345,0,0,0,12,12,5797,6480
compact51_marcy__current_roles,2019-02-25 17:00:00,18.391393175,60.556013176,0,0,0,12,12,3796,2934
compact51_marcy__current_roles,2019-02-25 18:00:00,20.525260709,107.190002605,0,0,0,12,12,5324,6391
compact51_marcy__current_roles,2019-02-25 19:00:00,22.5294474557,221.249352059,0,0,0,12,12,6364,7621
compact51_marcy__current_roles,2019-02-25 20:00:00,20.4994497808,307.558859965,0,0,0,12,12,5310,7960
compact51_marcy__current_roles,2019-02-25 21:00:00,18.4244885963,142.713249227,0,0,0,12,12,3815,6996
compact51_marcy__current_roles,2019-02-25 22:00:00,25.022800022,63.3601976583,0,0,0,12,12,7326,3578
compact51_marcy__current_roles,2019-02-25 23:00:00,20.027528365,95.0497945834,0,0,0,13,13,5003,6049
compact51_marcy__current_roles,2019-02-26 00:00:00,21.4951411251,239.550309865,0,0,0,12,12,5885,7720
compact51_marcy__current_roles,2019-02-26 01:00:00,15.8942688149,48.6922967117,0,0,0,12,12,1860,581
compact51_marcy__current_roles,2019-02-26 02:00:00,14.7372882518,39.5888540021,0,0,0,12,12,1083,46
compact51_marcy__current_roles,2019-02-26 03:00:00,17.4445572832,45.4140307014,0,0,0,12,12,3027,256
compact51_marcy__current_roles,2019-02-26 04:00:00,19.7991834483,104.889719623,1,0,0,12,12,4845,6348
compact51_marcy__current_roles,2019-02-26 05:00:00,24.414765068,136.883657697,1,0,0,12,12,7146,6923
compact51_marcy__current_roles,2019-02-26 06:00:00,22.7690913309,45.2164718312,0,0,0,12,12,6481,244
compact51_marcy__current_roles,2019-02-26 07:00:00,21.9672519344,53.9429615788,0,0,0,12,12,6117,1448
compact51_marcy__current_roles,2019-02-26 08:00:00,19.1468861674,61.8703367834,0,0,0,12,12,4397,3251
compact51_marcy__current_roles,2019-02-26 09:00:00,18.9564034181,157.408813564,0,0,0,13,13,4240,7171
compact51_marcy__current_roles,2019-02-26 10:00:00,21.07649783,922.796885128,1,0,0,12,12,5660,8474
compact51_marcy__current_roles,2019-02-26 11:00:00,24.2526546156,419.209199532,1,0,0,12,12,7088,8155
compact51_marcy__current_roles,2019-02-26 12:00:00,22.998721006,245.268852527,1,0,0,12,12,6588,7745
compact51_marcy__current_roles,2019-02-26 13:00:00,20.8260804449,201.344258026,1,0,0,12,12,5519,7510
compact51_marcy__current_roles,2019-02-26 14:00:00,19.194649458,325.16428368,1,0,0,12,12,4426,7999
compact51_marcy__current_roles,2019-02-26 15:00:00,20.3132362544,501.636833558,1,0,0,12,12,5186,8252
compact51_marcy__current_roles,2019-02-26 16:00:00,20.0223353547,860.567750549,1,0,0,12,12,4999,8457
compact51_marcy__current_roles,2019-02-26 17:00:00,17.9481744078,331.472365393,0,0,0,12,12,3444,8011
compact51_marcy__current_roles,2019-02-26 18:00:00,18.4525065369,132.338891635,0,0,0,12,12,3841,6868
compact51_marcy__current_roles,2019-02-26 19:00:00,17.4719123199,204.02615634,0,0,0,12,12,3054,7527
compact51_marcy__current_roles,2019-02-26 20:00:00,15.9862816467,100.862855197,0,0,0,12,12,1936,6236
compact51_marcy__current_roles,2019-02-26 21:00:00,13.1680333648,53.7216118809,0,0,0,12,12,440,1407
compact51_marcy__current_roles,2019-02-26 22:00:00,13.9677545819,50.0109138608,0,0,0,12,12,734,740
compact51_marcy__current_roles,2019-02-26 23:00:00,19.7153089163,63.1854498539,0,0,0,12,12,4798,3536
compact51_marcy__current_roles,2019-02-27 00:00:00,17.072820629,51.9715849062,0,0,0,12,12,2737,1078
compact51_marcy__current_roles,2019-02-27 01:00:00,20.8790373831,305.421994663,1,0,0,12,12,5548,7950
compact51_marcy__current_roles,2019-02-27 02:00:00,17.2253771947,110.31378556,1,0,0,12,12,2869,6453
compact51_marcy__current_roles,2019-02-27 03:00:00,19.1877508686,58.0791723287,0,0,0,12,12,4420,2365
compact51_marcy__current_roles,2019-02-27 04:00:00,20.0638901479,4450.43501399,1,0,0,12,12,5030,8703
compact51_marcy__current_roles,2019-02-27 05:00:00,19.3479624318,131.03787223,1,0,0,12,12,4528,6852
compact51_marcy__current_roles,2019-02-27 06:00:00,16.4300098939,51.9240036041,0,0,0,12,12,2272,1071
compact51_marcy__current_roles,2019-02-27 07:00:00,14.4501962301,63.4852281046,0,0,0,12,12,947,3609
compact51_marcy__current_roles,2019-02-27 08:00:00,13.8955534241,63.8595196001,0,0,0,12,12,703,3680
compact51_marcy__current_roles,2019-02-27 09:00:00,15.6979353955,68.4728041836,0,0,0,12,12,1729,4486
compact51_marcy__current_roles,2019-02-27 10:00:00,13.3546252236,60.2398144282,0,0,0,12,12,503,2880
compact51_marcy__current_roles,2019-02-27 11:00:00,12.0020960446,58.134892793,0,0,0,12,12,136,2372
compact51_marcy__current_roles,2019-02-27 12:00:00,15.710702212,73.1721475258,0,0,0,12,12,1734,4996
compact51_marcy__current_roles,2019-02-27 13:00:00,11.0624153459,62.1077282716,0,0,0,12,12,37,3304
compact51_marcy__current_roles,2019-02-27 14:00:00,10.790403426,57.7898245548,0,0,0,12,12,26,2289
compact51_marcy__current_roles,2019-02-27 15:00:00,12.30510327,52.4970558657,0,0,0,12,12,196,1162
compact51_marcy__current_roles,2019-02-27 16:00:00,12.2649014011,53.1265779044,0,0,0,12,12,189,1290
compact51_marcy__current_roles,2019-02-27 17:00:00,13.1482719301,58.7390407231,0,0,0,12,12,434,2523
compact51_marcy__current_roles,2019-02-27 18:00:00,18.2764924977,54.7095794851,0,0,0,12,12,3710,1600
compact51_marcy__current_roles,2019-02-27 19:00:00,16.8158530474,61.1710811762,0,0,0,12,12,2547,3087
compact51_marcy__current_roles,2019-02-27 20:00:00,13.4295683073,60.8342576577,0,0,0,12,12,523,3005
compact51_marcy__current_roles,2019-02-27 21:00:00,10.1486411551,54.5700274879,0,0,0,12,12,11,1570
compact51_marcy__current_roles,2019-02-27 22:00:00,14.9262431901,48.6821565572,0,0,0,12,12,1213,579
compact51_marcy__current_roles,2019-02-27 23:00:00,17.7040824516,48.6111068678,0,0,0,12,12,3226,574
compact51_marcy__current_roles,2019-02-28 00:00:00,16.0809596134,43.9904307364,0,0,0,12,12,2005,158
compact51_marcy__current_roles,2019-02-28 01:00:00,16.4047366419,45.9517576562,0,0,0,12,12,2246,301
compact51_marcy__current_roles,2019-02-28 02:00:00,17.7595978817,45.8544279728,0,0,0,12,12,3274,290
compact51_marcy__current_roles,2019-02-28 03:00:00,16.2755456782,44.8243785196,0,0,0,12,12,2133,219
compact51_marcy__current_roles,2019-02-28 04:00:00,17.4339783793,61.0115046433,0,0,0,12,12,3024,3051
compact51_marcy__current_roles,2019-02-28 05:00:00,17.0710471054,44.163150668,0,0,0,12,12,2730,182
compact51_marcy__current_roles,2019-02-28 06:00:00,16.0408922027,49.3584139482,0,0,0,13,12,1972,653
compact51_marcy__current_roles,2019-02-28 07:00:00,17.3777229279,70.5890229707,0,0,0,12,12,2978,4743
compact51_marcy__current_roles,2019-02-28 08:00:00,16.4062688023,66.703957687,0,0,0,12,12,2248,4237
compact51_marcy__current_roles,2019-02-28 09:00:00,16.6641233349,65.2223349712,0,0,0,12,12,2429,3979
compact51_marcy__current_roles,2019-02-28 10:00:00,11.9279981516,57.8623513405,0,0,0,12,12,127,2307
compact51_marcy__current_roles,2019-02-28 11:00:00,14.1403219589,62.2356350258,0,0,0,12,12,807,3328
compact51_marcy__current_roles,2019-02-28 12:00:00,14.0580362509,60.889682069,0,0,0,12,12,766,3018
compact51_marcy__current_roles,2019-02-28 13:00:00,13.2737728691,58.7688294526,0,0,0,12,12,472,2531
compact51_marcy__current_roles,2019-02-28 14:00:00,12.5245028609,57.5432496871,0,0,0,12,12,247,2231
compact51_marcy__current_roles,2019-02-28 15:00:00,13.139778675,58.2394979949,0,0,0,12,12,429,2392
compact51_marcy__current_roles,2019-02-28 16:00:00,11.8342640402,57.9031205229,0,0,0,12,12,118,2325
compact51_marcy__current_roles,2019-02-28 17:00:00,11.810718781,63.4615152501,0,0,0,12,12,113,3604
compact51_marcy__current_roles,2019-02-28 18:00:00,15.1026806073,61.2699940681,0,0,0,12,12,1320,3116
compact51_marcy__current_roles,2019-02-28 19:00:00,13.0170912928,58.0551560847,0,0,0,12,12,387,2358
compact51_marcy__current_roles,2019-02-28 20:00:00,14.5780144303,59.5988077111,0,0,0,12,12,1009,2721
compact51_marcy__current_roles,2019-02-28 21:00:00,12.5402252959,55.0535720734,0,0,0,12,12,251,1670
compact51_marcy__current_roles,2019-02-28 22:00:00,14.2057548642,51.2060011425,0,0,0,12,12,838,937
compact51_marcy__current_roles,2019-02-28 23:00:00,16.0610328832,52.6274112853,0,0,0,12,12,1987,1191
compact51_marcy__current_roles,2019-03-01 00:00:00,19.2121084199,62.3121996114,0,0,0,12,12,4439,3345
compact51_marcy__current_roles,2019-03-01 01:00:00,17.7841971156,49.1646365753,0,0,0,12,12,3296,629
compact51_marcy__current_roles,2019-03-01 02:00:00,23.7493311111,52.9208499569,0,0,0,12,12,6929,1247
compact51_marcy__current_roles,2019-03-01 03:00:00,22.5306188713,47.3027949028,0,0,0,12,12,6365,415
compact51_marcy__current_roles,2019-03-01 04:00:00,22.4524207626,51.5079418481,0,0,0,12,12,6316,989
compact51_marcy__current_roles,2019-03-01 05:00:00,19.6898293122,49.5104970338,0,0,0,12,12,4782,668
compact51_marcy__current_roles,2019-03-01 06:00:00,18.0882075791,53.31145796,0,0,0,12,12,3563,1337
compact51_marcy__current_roles,2019-03-01 07:00:00,16.9640406331,57.3536282787,0,0,0,12,12,2653,2179
compact51_marcy__current_roles,2019-03-01 08:00:00,13.8217235587,54.8885820724,0,0,0,12,12,666,1636
compact51_marcy__current_roles,2019-03-01 09:00:00,12.4564973429,50.5289351318,0,0,0,12,12,235,822
compact51_marcy__current_roles,2019-03-01 10:00:00,14.4561593154,54.9416836902,0,0,0,12,12,949,1650
compact51_marcy__current_roles,2019-03-01 11:00:00,16.2872073639,58.5053115909,0,0,0,12,12,2145,2457
compact51_marcy__current_roles,2019-03-01 12:00:00,14.191811992,53.4864490986,0,0,0,12,12,828,1366
compact51_marcy__current_roles,2019-03-01 13:00:00,18.7986520057,62.1406712563,0,0,0,12,12,4097,3309
compact51_marcy__current_roles,2019-03-01 14:00:00,18.4500336909,60.7807061647,0,0,0,12,12,3838,2989
compact51_marcy__current_roles,2019-03-01 15:00:00,20.1910821322,62.793082275,0,0,0,12,12,5107,3450
compact51_marcy__current_roles,2019-03-01 16:00:00,22.0138101502,64.6362831846,0,0,0,12,12,6133,3845
compact51_marcy__current_roles,2019-03-01 17:00:00,22.4883543745,62.4266116244,0,0,0,12,12,6344,3378
compact51_marcy__current_roles,2019-03-01 18:00:00,20.3556342372,60.5218555573,0,0,0,12,12,5213,2923
compact51_marcy__current_roles,2019-03-01 19:00:00,23.2634080062,69.8365881778,0,0,0,12,12,6711,4659
compact51_marcy__current_roles,2019-03-01 20:00:00,23.848311076,73.1708768411,0,0,0,12,12,6956,4995
compact51_marcy__current_roles,2019-03-01 21:00:00,28.6996556899,81.727038544,0,0,0,12,12,8072,5588
compact51_marcy__current_roles,2019-03-01 22:00:00,33.4379008596,83.5470635983,0,0,0,13,12,8530,5658
compact51_marcy__current_roles,2019-03-01 23:00:00,40.9091570157,91.6854787967,0,0,0,12,12,8718,5932
compact51_marcy__current_roles,2019-03-02 00:00:00,22.1044371246,55.8744226275,0,0,0,12,12,6172,1842
compact51_marcy__current_roles,2019-03-02 01:00:00,19.6521038654,50.6488148851,0,0,0,12,12,4751,845
compact51_marcy__current_roles,2019-03-02 02:00:00,18.8638671959,49.7873892141,0,0,0,12,12,4158,702
compact51_marcy__current_roles,2019-03-02 03:00:00,19.7365336444,49.2692169258,0,0,0,12,12,4806,636
compact51_marcy__current_roles,2019-03-02 04:00:00,18.5232677181,46.0041029306,0,0,0,12,12,3889,305
compact51_marcy__current_roles,2019-03-02 05:00:00,16.2349402735,39.1280599009,0,0,0,12,12,2109,40
compact51_marcy__current_roles,2019-03-02 06:00:00,13.2420670057,32.3893073308,0,0,0,12,12,463,11
compact51_marcy__current_roles,2019-03-02 07:00:00,14.149815359,32.7581733501,0,0,0,12,12,813,12
compact51_marcy__current_roles,2019-03-02 08:00:00,15.3568432717,30.3316186688,0,0,0,12,12,1504,3
compact51_marcy__current_roles,2019-03-02 09:00:00,17.0412509875,30.8271502898,0,0,0,12,12,2707,5
compact51_marcy__current_roles,2019-03-02 10:00:00,16.3022023757,31.1087616192,0,0,0,12,12,2162,6
compact51_marcy__current_roles,2019-03-02 11:00:00,15.543736789,31.3916957261,0,0,0,12,12,1638,7
compact51_marcy__current_roles,2019-03-02 12:00:00,17.291143044,31.7805888697,0,0,0,12,12,2928,9
compact51_marcy__current_roles,2019-03-02 13:00:00,16.774671761,31.7399815925,0,0,0,12,12,2513,8
compact51_marcy__current_roles,2019-03-02 14:00:00,17.2481697568,30.4563274632,0,0,0,12,12,2887,4
compact51_marcy__current_roles,2019-03-02 15:00:00,17.783348014,28.9012403414,0,0,0,12,12,3295,1
compact51_marcy__current_roles,2019-03-02 16:00:00,17.4984140272,30.208676464,0,0,0,12,12,3075,2
compact51_marcy__current_roles,2019-03-02 17:00:00,18.5012869264,34.4158080603,0,0,0,12,12,3875,13
compact51_marcy__current_roles,2019-03-02 18:00:00,19.9306584274,40.00057221,0,0,0,12,12,4925,54
compact51_marcy__current_roles,2019-03-02 19:00:00,19.5971658749,40.2152064202,0,0,0,12,12,4710,56
compact51_marcy__current_roles,2019-03-02 20:00:00,20.2127272085,42.6527320225,0,0,0,12,12,5128,116
compact51_marcy__current_roles,2019-03-02 21:00:00,20.0889845218,38.6817167713,0,0,0,12,12,5043,36
compact51_marcy__current_roles,2019-03-02 22:00:00,19.7844661977,37.5961157643,0,0,0,12,12,4835,28
compact51_marcy__current_roles,2019-03-02 23:00:00,18.1842577209,32.332927771,0,0,0,12,12,3642,10
compact51_marcy__current_roles,2019-03-03 00:00:00,20.4449489084,166.138078558,1,0,0,12,12,5276,7246
compact51_marcy__current_roles,2019-03-03 01:00:00,22.7684906378,141.259044615,1,0,0,12,12,6479,6980
compact51_marcy__current_roles,2019-03-03 02:00:00,20.9692284026,166.620428423,1,0,0,12,12,5591,7252
compact51_marcy__current_roles,2019-03-03 03:00:00,22.3787270225,110.701847868,1,0,0,12,12,6279,6462
compact51_marcy__current_roles,2019-03-03 04:00:00,25.8940713887,78.9008696188,0,0,0,12,12,7543,5444
compact51_marcy__current_roles,2019-03-03 05:00:00,23.5010677251,65.1561480887,0,0,0,12,12,6819,3960
compact51_marcy__current_roles,2019-03-03 06:00:00,18.2781479378,45.9212092882,0,0,0,12,12,3712,296
compact51_marcy__current_roles,2019-03-03 07:00:00,18.8383169941,111.587114118,0,0,0,12,12,4134,6481
compact51_marcy__current_roles,2019-03-03 08:00:00,15.8449202539,44.8297073281,0,0,0,12,12,1816,220
compact51_marcy__current_roles,2019-03-03 09:00:00,18.8982031021,52.5940385826,0,0,0,12,12,4195,1184
compact51_marcy__current_roles,2019-03-03 10:00:00,18.8238220515,79.5578141317,0,0,0,12,12,4120,5477
compact51_marcy__current_roles,2019-03-03 11:00:00,19.1466120028,70.0286596748,0,0,0,12,12,4395,4681
compact51_marcy__current_roles,2019-03-03 12:00:00,21.0851818154,55.9180541507,0,0,0,12,12,5665,1855
compact51_marcy__current_roles,2019-03-03 13:00:00,18.9092915651,50.9146927137,0,0,0,12,12,4206,894
compact51_marcy__current_roles,2019-03-03 14:00:00,15.6875561006,50.5726020254,0,0,0,12,12,1723,828
compact51_marcy__current_roles,2019-03-03 15:00:00,16.0268398676,52.3405206157,0,0,0,12,12,1960,1132
compact51_marcy__current_roles,2019-03-03 16:00:00,15.6058321755,48.2291707048,0,0,0,12,12,1672,520
compact51_marcy__current_roles,2019-03-03 17:00:00,15.7935393423,44.6564217807,0,0,0,12,12,1787,211
compact51_marcy__current_roles,2019-03-03 18:00:00,16.8206253149,42.7203007381,0,0,0,12,12,2551,119
compact51_marcy__current_roles,2019-03-03 19:00:00,17.5471821669,47.5843774973,0,0,0,12,12,3115,442
compact51_marcy__current_roles,2019-03-03 20:00:00,16.6840623503,50.0453150875,0,0,0,12,12,2445,748
compact51_marcy__current_roles,2019-03-03 21:00:00,18.8068103405,52.2299586129,0,0,0,12,12,4104,1112
compact51_marcy__current_roles,2019-03-03 22:00:00,19.7482035034,51.682569749,0,0,0,12,12,4815,1029
compact51_marcy__current_roles,2019-03-03 23:00:00,32.934646157,63.1185644054,0,0,0,12,12,8505,3523
compact51_marcy__current_roles,2019-03-04 00:00:00,27.4570830067,70.6129430783,0,0,0,12,12,7902,4747
compact51_marcy__current_roles,2019-03-04 01:00:00,28.2880405995,101.899743353,0,0,0,12,12,8018,6273
compact51_marcy__current_roles,2019-03-04 02:00:00,29.8881428093,95.4083674345,0,0,0,12,12,8250,6059
compact51_marcy__current_roles,2019-03-04 03:00:00,28.8484767445,201.675927418,0,0,0,12,12,8104,7513
compact51_marcy__current_roles,2019-03-04 04:00:00,32.5433568538,381.425249389,1,0,0,12,12,8481,8114
compact51_marcy__current_roles,2019-03-04 05:00:00,23.3773919606,56.1360930907,0,0,0,12,12,6758,1905
compact51_marcy__current_roles,2019-03-04 06:00:00,13.6166403439,45.6225460432,0,0,0,12,12,583,273
compact51_marcy__current_roles,2019-03-04 07:00:00,16.923567399,54.7310286691,0,0,0,12,12,2617,1604
compact51_marcy__current_roles,2019-03-04 08:00:00,18.0859609316,56.877125013,0,0,0,12,12,3559,2077
compact51_marcy__current_roles,2019-03-04 09:00:00,15.1098460981,53.425004664,0,0,0,12,12,1324,1357
compact51_marcy__current_roles,2019-03-04 10:00:00,14.3584442788,50.2152714197,0,0,0,12,12,909,775
compact51_marcy__current_roles,2019-03-04 11:00:00,15.7572964119,49.9315766859,0,0,0,13,13,1768,723
compact51_marcy__current_roles,2019-03-04 12:00:00,14.12206775,51.4384270138,0,0,0,12,12,796,973
compact51_marcy__current_roles,2019-03-04 13:00:00,13.7003430002,51.3080261438,0,0,0,12,12,618,957
compact51_marcy__current_roles,2019-03-04 14:00:00,12.1329700507,50.2347858691,0,0,0,12,12,157,777
compact51_marcy__current_roles,2019-03-04 15:00:00,12.5327912167,51.6406005683,0,0,0,12,12,249,1017
compact51_marcy__current_roles,2019-03-04 16:00:00,14.1564034593,52.4386438643,0,0,0,12,12,815,1151
compact51_marcy__current_roles,2019-03-04 17:00:00,13.1328597578,49.5980833644,0,0,0,12,12,428,682
compact51_marcy__current_roles,2019-03-04 18:00:00,13.2224019925,51.4767840348,0,0,0,12,12,455,985
compact51_marcy__current_roles,2019-03-04 19:00:00,13.5794818505,50.6026080578,0,0,0,12,12,571,837
compact51_marcy__current_roles,2019-03-04 20:00:00,13.9797268431,48.5149022468,0,0,0,12,12,739,562
compact51_marcy__current_roles,2019-03-04 21:00:00,12.2336997441,46.8328019829,0,0,0,12,12,178,363
compact51_marcy__current_roles,2019-03-04 22:00:00,13.3992580231,64.317764212,0,0,0,12,12,515,3774
compact51_marcy__current_roles,2019-03-04 23:00:00,18.0113416157,65.5408263974,0,0,0,12,12,3496,4046
compact51_marcy__current_roles,2019-03-05 00:00:00,16.1695865759,47.3051526649,0,0,0,12,12,2064,417
compact51_marcy__current_roles,2019-03-05 01:00:00,16.7437266423,44.1033915127,0,0,0,12,12,2489,168
compact51_marcy__current_roles,2019-03-05 02:00:00,19.6141177097,93.0353233929,0,0,0,13,12,4718,5982
compact51_marcy__current_roles,2019-03-05 03:00:00,22.3391203508,125.522063793,1,0,0,13,13,6269,6754
compact51_marcy__current_roles,2019-03-05 04:00:00,18.444271324,50.6991708304,0,0,0,13,12,3835,855
compact51_marcy__current_roles,2019-03-05 05:00:00,19.842314151,120.739765042,1,0,0,12,12,4868,6663
compact51_marcy__current_roles,2019-03-05 06:00:00,14.9775424824,42.3100250688,0,0,0,12,12,1245,104
compact51_marcy__current_roles,2019-03-05 07:00:00,17.0588950452,52.262604799,0,0,0,12,12,2720,1120
compact51_marcy__current_roles,2019-03-05 08:00:00,16.4857602468,56.1236285446,0,0,0,12,12,2306,1900
compact51_marcy__current_roles,2019-03-05 09:00:00,14.3699950097,52.7185581853,0,0,0,12,12,913,1210
compact51_marcy__current_roles,2019-03-05 10:00:00,12.0703220124,49.0111608956,0,0,0,12,12,147,612
compact51_marcy__current_roles,2019-03-05 11:00:00,12.4285135115,50.4957613248,0,0,0,12,12,228,817
compact51_marcy__current_roles,2019-03-05 12:00:00,13.0405645232,52.3031234645,0,0,0,13,13,397,1125
compact51_marcy__current_roles,2019-03-05 13:00:00,12.6013713747,53.8351251066,0,0,0,12,12,265,1429
compact51_marcy__current_roles,2019-03-05 14:00:00,13.0118556141,55.2329402659,0,0,0,12,12,384,1694
compact51_marcy__current_roles,2019-03-05 15:00:00,14.877611543,51.8898097415,0,0,0,12,12,1174,1062
compact51_marcy__current_roles,2019-03-05 16:00:00,14.5487872161,52.992249096,0,0,0,12,12,992,1263
compact51_marcy__current_roles,2019-03-05 17:00:00,15.9109789972,56.7416059718,0,0,0,12,12,1875,2038
compact51_marcy__current_roles,2019-03-05 18:00:00,15.9437571119,66.3597081933,0,0,0,12,12,1905,4172
compact51_marcy__current_roles,2019-03-05 19:00:00,12.7046286783,57.9021613795,0,0,0,12,12,293,2324
compact51_marcy__current_roles,2019-03-05 20:00:00,10.6823451702,56.5575617887,0,0,0,12,12,23,1993
compact51_marcy__current_roles,2019-03-05 21:00:00,11.4747928528,47.7997264193,0,0,0,12,12,72,464
compact51_marcy__current_roles,2019-03-05 22:00:00,13.8133860768,49.2372942826,0,0,0,12,12,660,633
compact51_marcy__current_roles,2019-03-05 23:00:00,14.1611903777,48.1965399216,0,0,0,12,12,817,511
compact51_marcy__current_roles,2019-03-06 00:00:00,12.6737603906,45.9411493336,0,0,0,12,12,284,299
compact51_marcy__current_roles,2019-03-06 01:00:00,12.431033219,46.1120594427,0,0,0,12,12,229,312
compact51_marcy__current_roles,2019-03-06 02:00:00,12.7826414002,47.2086741579,0,0,0,12,12,318,405
compact51_marcy__current_roles,2019-03-06 03:00:00,14.7944962812,48.6190962533,0,0,0,12,12,1127,575
compact51_marcy__current_roles,2019-03-06 04:00:00,14.7828260747,47.1987146695,0,0,0,12,12,1116,402
compact51_marcy__current_roles,2019-03-06 05:00:00,16.3694506404,42.2148328912,0,0,0,12,12,2215,101
compact51_marcy__current_roles,2019-03-06 06:00:00,15.0664044895,46.9963320384,0,0,0,14,13,1304,379
compact51_marcy__current_roles,2019-03-06 07:00:00,14.5258602179,55.4575413662,0,0,0,12,12,979,1757
compact51_marcy__current_roles,2019-03-06 08:00:00,11.9893513667,57.0415971838,0,0,0,12,12,134,2107
compact51_marcy__current_roles,2019-03-06 09:00:00,10.8745390092,51.6710964271,0,0,0,12,12,30,1026
compact51_marcy__current_roles,2019-03-06 10:00:00,11.2952836788,49.767832612,0,0,0,13,12,53,699
compact51_marcy__current_roles,2019-03-06 11:00:00,11.0905969172,46.6297330175,0,0,0,12,12,38,350
compact51_marcy__current_roles,2019-03-06 12:00:00,14.661110184,64.4642646069,0,0,0,12,12,1044,3805
compact51_marcy__current_roles,2019-03-06 13:00:00,13.498225594,46.8950950357,0,0,0,12,12,548,369
compact51_marcy__current_roles,2019-03-06 14:00:00,12.8972529278,46.8105563943,0,0,0,12,12,350,362
compact51_marcy__current_roles,2019-03-06 15:00:00,13.9495875686,53.0048616659,0,0,0,12,12,723,1267
compact51_marcy__current_roles,2019-03-06 16:00:00,14.5071802483,97.2757302955,0,0,0,12,12,971,6117
compact51_marcy__current_roles,2019-03-06 17:00:00,13.5958378814,52.3562234013,0,0,0,13,12,578,1134
compact51_marcy__current_roles,2019-03-06 18:00:00,17.1359618496,59.5543321526,0,0,0,12,12,2785,2710
compact51_marcy__current_roles,2019-03-06 19:00:00,17.8430692021,60.7065373632,0,0,0,12,12,3354,2975
compact51_marcy__current_roles,2019-03-06 20:00:00,13.3242943333,48.2220793517,0,0,0,12,12,489,517
compact51_marcy__current_roles,2019-03-06 21:00:00,13.2815840545,44.9622643741,0,0,0,12,12,475,229
compact51_marcy__current_roles,2019-03-06 22:00:00,12.3904831165,48.1011075957,0,0,0,12,12,219,498
compact51_marcy__current_roles,2019-03-06 23:00:00,15.2803971742,46.5675972909,0,0,0,12,12,1449,345
compact51_marcy__current_roles,2019-03-07 00:00:00,13.7865209917,45.1786260749,0,0,0,12,12,650,239
compact51_marcy__current_roles,2019-03-07 01:00:00,13.6722984799,47.762837061,0,0,0,12,12,604,459
compact51_marcy__current_roles,2019-03-07 02:00:00,12.8527647661,47.1368569551,0,0,0,12,12,340,394
compact51_marcy__current_roles,2019-03-07 03:00:00,14.2015016126,42.4011653742,0,0,0,12,12,835,108
compact51_marcy__current_roles,2019-03-07 04:00:00,17.9878013625,50.3819210799,0,0,0,12,12,3474,801
compact51_marcy__current_roles,2019-03-07 05:00:00,14.69632826,50.5806644967,0,0,0,12,12,1063,830
compact51_marcy__current_roles,2019-03-07 06:00:00,12.1682558766,55.6672976867,0,0,0,12,12,166,1806
compact51_marcy__current_roles,2019-03-07 07:00:00,14.5988900215,63.6108599593,0,0,0,12,12,1020,3629
compact51_marcy__current_roles,2019-03-07 08:00:00,11.4806083509,51.1371768357,0,0,0,12,12,73,926
compact51_marcy__current_roles,2019-03-07 09:00:00,13.3690793917,53.6557409143,0,0,0,12,12,508,1391
compact51_marcy__current_roles,2019-03-07 10:00:00,14.1817200909,55.2485870355,0,0,0,12,12,824,1699
compact51_marcy__current_roles,2019-03-07 11:00:00,14.2183038271,53.7751361671,0,0,0,12,12,845,1419
compact51_marcy__current_roles,2019-03-07 12:00:00,12.4039313452,51.5594236234,0,0,0,12,12,222,1000
compact51_marcy__current_roles,2019-03-07 13:00:00,12.0713656283,51.5874775244,0,0,0,12,12,148,1005
compact51_marcy__current_roles,2019-03-07 14:00:00,13.4413743013,48.1761116325,0,0,0,12,12,528,509
compact51_marcy__current_roles,2019-03-07 15:00:00,12.8092409777,47.5096923032,0,0,0,12,12,327,438
compact51_marcy__current_roles,2019-03-07 16:00:00,12.2206343496,46.6050039549,0,0,0,12,12,175,348
compact51_marcy__current_roles,2019-03-07 17:00:00,14.3597245749,51.8560780927,0,0,0,12,12,911,1055
compact51_marcy__current_roles,2019-03-07 18:00:00,14.8469413837,54.5124918475,0,0,0,12,12,1158,1558
compact51_marcy__current_roles,2019-03-07 19:00:00,15.1777558628,54.4364393056,0,0,0,12,12,1373,1534
compact51_marcy__current_roles,2019-03-07 20:00:00,15.5725783818,48.1320532777,0,0,0,12,12,1653,503
compact51_marcy__current_roles,2019-03-07 21:00:00,14.9760484531,47.1667963129,0,0,0,12,12,1241,397
compact51_marcy__current_roles,2019-03-07 22:00:00,17.802912038,73.3872132568,0,0,0,12,12,3313,5017
compact51_marcy__current_roles,2019-03-07 23:00:00,21.8150289052,64.0766158329,0,0,0,12,12,6035,3720
compact51_marcy__current_roles,2019-03-08 00:00:00,19.0628661756,53.1993717699,0,0,0,12,12,4328,1311
compact51_marcy__current_roles,2019-03-08 01:00:00,17.7638232285,181.810646075,1,0,0,12,12,3278,7373
compact51_marcy__current_roles,2019-03-08 02:00:00,17.2409227936,140.164111429,1,0,0,12,12,2880,6965
compact51_marcy__current_roles,2019-03-08 03:00:00,16.963306865,92.961151583,0,0,0,12,12,2651,5981
compact51_marcy__current_roles,2019-03-08 04:00:00,18.134632063,50.0134575466,0,0,0,12,12,3601,741
compact51_marcy__current_roles,2019-03-08 05:00:00,18.3182826699,48.7676943302,0,0,0,12,12,3745,588
compact51_marcy__current_roles,2019-03-08 06:00:00,14.4198445203,48.1044483256,0,0,0,12,12,931,499
compact51_marcy__current_roles,2019-03-08 07:00:00,14.9993188759,46.0597190488,0,0,0,12,12,1261,308
compact51_marcy__current_roles,2019-03-08 08:00:00,12.2669285021,44.5349271735,0,0,0,12,12,190,204
compact51_marcy__current_roles,2019-03-08 09:00:00,12.2537664022,46.2570374619,0,0,0,12,12,186,323
compact51_marcy__current_roles,2019-03-08 10:00:00,12.9229101236,47.6424381976,0,0,0,12,12,354,449
compact51_marcy__current_roles,2019-03-08 11:00:00,14.3596433831,48.1260351161,0,0,0,12,12,910,501
compact51_marcy__current_roles,2019-03-08 12:00:00,14.2271449548,48.0213096912,0,0,0,12,12,847,485
compact51_marcy__current_roles,2019-03-08 13:00:00,15.9796171332,51.2535625794,0,0,0,12,12,1929,947
compact51_marcy__current_roles,2019-03-08 14:00:00,15.9553644116,49.8882262794,0,0,0,12,12,1914,718
compact51_marcy__current_roles,2019-03-08 15:00:00,14.6500291139,53.3919014139,0,0,0,12,12,1037,1353
compact51_marcy__current_roles,2019-03-08 16:00:00,12.9630655416,54.562377159,0,0,0,12,12,366,1568
compact51_marcy__current_roles,2019-03-08 17:00:00,14.8849076774,54.3126328199,0,0,0,12,12,1179,1512
compact51_marcy__current_roles,2019-03-08 18:00:00,15.5836827662,49.2552825814,0,0,0,12,12,1662,634
compact51_marcy__current_roles,2019-03-08 19:00:00,15.9089403471,89.9163100308,0,0,0,12,12,1871,5886
compact51_marcy__current_roles,2019-03-08 20:00:00,13.0054254563,47.5264717467,0,0,0,12,12,381,439
compact51_marcy__current_roles,2019-03-08 21:00:00,15.3214770083,54.5854778251,0,0,0,12,12,1480,1575
compact51_marcy__current_roles,2019-03-08 22:00:00,15.5863756465,82.6895801576,0,0,0,12,12,1664,5623
compact51_marcy__current_roles,2019-03-08 23:00:00,17.554975931,357.772917705,1,0,0,12,12,3122,8081
compact51_marcy__current_roles,2019-03-09 00:00:00,18.3566679501,3893.06637754,1,0,0,12,12,3775,8690
compact51_marcy__current_roles,2019-03-09 01:00:00,18.5711852909,1060.00217098,1,0,0,12,12,3933,8506
compact51_marcy__current_roles,2019-03-09 02:00:00,18.7040858018,10378.6377139,0,0,0,12,12,4035,8737
compact51_marcy__current_roles,2019-03-09 03:00:00,20.4659495039,693.5699406,0,0,0,12,12,5286,8394
compact51_marcy__current_roles,2019-03-09 04:00:00,20.5715859735,552.600718884,0,0,0,12,12,5352,8294
compact51_marcy__current_roles,2019-03-09 05:00:00,21.0824889214,660.576902604,1,0,0,12,12,5663,8371
compact51_marcy__current_roles,2019-03-09 06:00:00,20.7417636172,104.083779236,1,0,0,12,12,5455,6327
compact51_marcy__current_roles,2019-03-09 07:00:00,19.5691474887,57.6867532486,0,0,0,12,12,4697,2262
compact51_marcy__current_roles,2019-03-09 08:00:00,18.7837429682,73.9288805708,0,0,0,12,12,4092,5085
compact51_marcy__current_roles,2019-03-09 09:00:00,16.9789769077,90.8927594406,0,0,0,12,12,2657,5907
compact51_marcy__current_roles,2019-03-09 10:00:00,15.03352439,51.2264141397,0,0,0,12,12,1285,940
compact51_marcy__current_roles,2019-03-09 11:00:00,15.2219694926,50.1757897458,0,0,0,13,13,1407,768
compact51_marcy__current_roles,2019-03-09 12:00:00,14.8436415514,52.5077438617,0,0,0,12,12,1155,1164
compact51_marcy__current_roles,2019-03-09 13:00:00,14.4311437072,52.6867867779,0,0,0,12,12,941,1206
compact51_marcy__current_roles,2019-03-09 14:00:00,14.5156492771,53.8218416901,0,0,0,12,12,977,1426
compact51_marcy__current_roles,2019-03-09 15:00:00,15.6170938053,51.8115273372,0,0,0,12,12,1677,1046
compact51_marcy__current_roles,2019-03-09 16:00:00,15.1973722955,50.1269758646,0,0,0,12,12,1389,758
compact51_marcy__current_roles,2019-03-09 17:00:00,15.1939782564,57.500466038,0,0,0,12,12,1385,2219
compact51_marcy__current_roles,2019-03-09 18:00:00,13.8804868445,48.4881759698,0,0,0,12,12,693,559
compact51_marcy__current_roles,2019-03-09 19:00:00,14.7363582628,48.5808897661,0,0,0,13,13,1081,566
compact51_marcy__current_roles,2019-03-09 20:00:00,14.0662881567,49.3076494996,0,0,0,12,12,771,639
compact51_marcy__current_roles,2019-03-09 21:00:00,14.9767238336,2821.22337521,0,0,0,12,12,1243,8659
compact51_marcy__current_roles,2019-03-09 22:00:00,13.1077733015,50.9065621583,0,0,0,12,12,418,891
compact51_marcy__current_roles,2019-03-09 23:00:00,13.3075121369,242.532477923,0,0,0,12,12,483,7733
compact51_marcy__current_roles,2019-03-10 00:00:00,16.0910563541,51.0226621496,0,0,0,12,12,2012,907
compact51_marcy__current_roles,2019-03-10 01:00:00,14.8813174519,44.2498437346,0,0,0,12,12,1176,189
compact51_marcy__current_roles,2019-03-10 02:00:00,15.5187638903,43.0996596541,0,7,0,0,0,1625,127
compact51_marcy__current_roles,2019-03-10 03:00:00,16.4269537214,42.5988668114,0,0,0,14,12,2268,114
compact51_marcy__current_roles,2019-03-10 04:00:00,17.6740758927,42.3698619469,0,0,0,12,12,3203,106
compact51_marcy__current_roles,2019-03-10 05:00:00,15.8897233242,41.2859644769,0,0,0,12,12,1855,79
compact51_marcy__current_roles,2019-03-10 06:00:00,15.6752962582,43.9619790033,0,0,0,12,12,1710,157
compact51_marcy__current_roles,2019-03-10 07:00:00,15.258030002,47.7789164445,0,0,0,12,12,1437,461
compact51_marcy__current_roles,2019-03-10 08:00:00,14.4586348805,45.5018646766,0,0,0,12,12,951,262
compact51_marcy__current_roles,2019-03-10 09:00:00,16.7290494587,55.9510539124,0,0,0,11,11,2477,1860
compact51_marcy__current_roles,2019-03-10 10:00:00,19.0924918681,51.0657026872,0,0,0,12,12,4358,914
compact51_marcy__current_roles,2019-03-10 11:00:00,19.3255714506,45.0693045387,0,0,0,12,12,4512,233
compact51_marcy__current_roles,2019-03-10 12:00:00,18.5362020931,44.3318105351,0,0,0,12,12,3902,195
compact51_marcy__current_roles,2019-03-10 13:00:00,17.4446676905,44.4524103166,0,0,0,12,12,3028,199
compact51_marcy__current_roles,2019-03-10 14:00:00,16.9009939068,47.2210277925,0,0,0,12,12,2604,408
compact51_marcy__current_roles,2019-03-10 15:00:00,15.3537052391,42.1419635421,0,0,0,12,12,1499,99
compact51_marcy__current_roles,2019-03-10 16:00:00,15.8464429559,44.1381373791,0,0,0,12,12,1818,173
compact51_marcy__current_roles,2019-03-10 17:00:00,15.4477885142,50.7961912827,0,0,0,12,12,1575,869
compact51_marcy__current_roles,2019-03-10 18:00:00,13.3345853525,50.2993893612,0,0,0,12,12,496,788
compact51_marcy__current_roles,2019-03-10 19:00:00,18.2360300034,75.2341344291,0,0,0,12,12,3678,5199
compact51_marcy__current_roles,2019-03-10 20:00:00,18.0980951313,44.729739031,0,0,0,12,12,3570,217
compact51_marcy__current_roles,2019-03-10 21:00:00,19.3636082518,46.2509578678,0,0,0,12,12,4537,321
compact51_marcy__current_roles,2019-03-10 22:00:00,21.0265170236,46.5015948365,0,0,0,12,12,5630,342
compact51_marcy__current_roles,2019-03-10 23:00:00,22.7389533742,58.2735310562,0,0,0,12,12,6469,2407
compact51_marcy__current_roles,2019-03-11 00:00:00,15.2948341006,47.7869762905,0,0,0,12,12,1461,462
compact51_marcy__current_roles,2019-03-11 01:00:00,16.0595308678,47.373522023,0,0,0,12,12,1985,421
compact51_marcy__current_roles,2019-03-11 02:00:00,16.5704799632,46.9349635057,0,0,0,12,12,2372,372
compact51_marcy__current_roles,2019-03-11 03:00:00,17.1632227095,51.6052901432,0,0,0,12,12,2813,1009
compact51_marcy__current_roles,2019-03-11 04:00:00,17.7691462235,53.274216468,0,0,0,12,12,3283,1327
compact51_marcy__current_roles,2019-03-11 05:00:00,22.1867101679,54.0087538295,0,0,0,12,12,6207,1457
compact51_marcy__current_roles,2019-03-11 06:00:00,23.7880685363,57.1355271255,0,0,0,12,12,6939,2127
compact51_marcy__current_roles,2019-03-11 07:00:00,15.8566273724,51.1121470476,0,0,0,12,12,1825,922
compact51_marcy__current_roles,2019-03-11 08:00:00,21.1783342456,114.273505772,0,0,0,12,12,5704,6536
compact51_marcy__current_roles,2019-03-11 09:00:00,17.1265360942,54.9360203186,0,0,0,12,12,2776,1648
compact51_marcy__current_roles,2019-03-11 10:00:00,15.0109913287,53.0920467332,0,0,0,12,12,1270,1279
compact51_marcy__current_roles,2019-03-11 11:00:00,12.4026412008,49.9704963724,0,0,0,12,12,221,732
compact51_marcy__current_roles,2019-03-11 12:00:00,12.4885770429,51.0177183683,0,0,0,12,12,242,906
compact51_marcy__current_roles,2019-03-11 13:00:00,12.4828353872,52.7781353327,0,0,0,12,12,240,1223
compact51_marcy__current_roles,2019-03-11 14:00:00,13.2792125249,50.0081392225,0,0,0,12,12,474,737
compact51_marcy__current_roles,2019-03-11 15:00:00,12.2391448078,51.6230625756,0,0,0,12,12,179,1013
compact51_marcy__current_roles,2019-03-11 16:00:00,12.2960191947,53.4470309052,0,0,0,12,12,194,1364
compact51_marcy__current_roles,2019-03-11 17:00:00,12.0951563703,48.1414359283,0,0,0,12,12,152,504
compact51_marcy__current_roles,2019-03-11 18:00:00,12.9678869104,43.588431766,0,0,0,12,12,368,143
compact51_marcy__current_roles,2019-03-11 19:00:00,13.9862320592,58.2593256171,0,0,0,12,12,745,2403
compact51_marcy__current_roles,2019-03-11 20:00:00,13.8797265614,140.310611669,1,0,0,12,12,692,6968
compact51_marcy__current_roles,2019-03-11 21:00:00,15.7488336287,55.2855219703,0,0,0,12,12,1760,1709
compact51_marcy__current_roles,2019-03-11 22:00:00,17.9732729484,40.7114106263,0,0,0,12,12,3464,66
compact51_marcy__current_roles,2019-03-11 23:00:00,14.4135842813,54.4981945104,0,0,0,12,12,929,1552
compact51_marcy__current_roles,2019-03-12 00:00:00,14.4233666309,668.886304968,1,0,0,12,12,935,8378
compact51_marcy__current_roles,2019-03-12 01:00:00,13.3325877333,53.9172581385,0,0,0,12,12,493,1447
compact51_marcy__current_roles,2019-03-12 02:00:00,17.1326423891,128.99215323,0,0,0,12,12,2779,6826
compact51_marcy__current_roles,2019-03-12 03:00:00,19.4407602959,66.130408382,0,0,0,12,12,4591,4141
compact51_marcy__current_roles,2019-03-12 04:00:00,26.5404536144,57.0367706578,0,0,0,12,12,7703,2106
compact51_marcy__current_roles,2019-03-12 05:00:00,32.6226464266,192.200211005,0,0,0,12,12,8485,7442
compact51_marcy__current_roles,2019-03-12 06:00:00,18.0744370825,1572.71828749,0,0,0,12,12,3547,8579
compact51_marcy__current_roles,2019-03-12 07:00:00,17.9431687705,146.763334502,0,0,0,12,12,3439,7044
compact51_marcy__current_roles,2019-03-12 08:00:00,17.1463615606,55.6456459979,0,0,0,12,12,2793,1794
compact51_marcy__current_roles,2019-03-12 09:00:00,16.2271888264,62.8027517839,0,0,0,12,12,2104,3456
compact51_marcy__current_roles,2019-03-12 10:00:00,15.0540705363,85.7255467518,0,0,0,12,12,1296,5749
compact51_marcy__current_roles,2019-03-12 11:00:00,13.9844007523,47.4940025152,0,0,0,12,12,743,436
compact51_marcy__current_roles,2019-03-12 12:00:00,13.5043119692,56.153134805,0,0,0,12,12,552,1912
compact51_marcy__current_roles,2019-03-12 13:00:00,12.3677593978,55.9418186073,0,0,0,12,12,214,1859
compact51_marcy__current_roles,2019-03-12 14:00:00,12.3315315344,56.589842849,0,0,0,12,12,205,2003
compact51_marcy__current_roles,2019-03-12 15:00:00,15.6599702667,58.8006999842,0,0,0,12,12,1698,2535
compact51_marcy__current_roles,2019-03-12 16:00:00,17.9271679048,60.6802460785,0,0,0,12,12,3424,2965
compact51_marcy__current_roles,2019-03-12 17:00:00,17.2689616698,57.1253100862,0,0,0,12,12,2902,2126
compact51_marcy__current_roles,2019-03-12 18:00:00,15.1263702199,50.3544801916,0,0,0,12,12,1334,797
compact51_marcy__current_roles,2019-03-12 19:00:00,15.144039737,56.8642415811,0,0,0,12,12,1345,2072
compact51_marcy__current_roles,2019-03-12 20:00:00,15.7545246829,77.2901979824,0,0,0,12,12,1767,5355
compact51_marcy__current_roles,2019-03-12 21:00:00,15.4597992451,54.8322061116,0,0,0,12,12,1584,1626
compact51_marcy__current_roles,2019-03-12 22:00:00,15.1776154731,41.0665574478,0,0,0,12,12,1372,77
compact51_marcy__current_roles,2019-03-12 23:00:00,15.3148991973,71.9505453234,0,0,0,12,12,1477,4883
compact51_marcy__current_roles,2019-03-13 00:00:00,16.6966138754,104.83871427,1,0,0,12,12,2455,6346
compact51_marcy__current_roles,2019-03-13 01:00:00,17.6351718632,971.62247733,1,0,0,12,12,3178,8486
compact51_marcy__current_roles,2019-03-13 02:00:00,19.0439667765,966.349934972,1,0,0,12,12,4319,8484
compact51_marcy__current_roles,2019-03-13 03:00:00,19.5549833953,153.860313034,0,0,0,12,12,4684,7129
compact51_marcy__current_roles,2019-03-13 04:00:00,30.3990747451,186.122937852,0,0,0,12,12,8312,7397
compact51_marcy__current_roles,2019-03-13 05:00:00,29.1376879832,261.544544043,0,0,0,12,12,8147,7818
compact51_marcy__current_roles,2019-03-13 06:00:00,21.8365728605,104.09805415,1,0,0,12,12,6048,6328
compact51_marcy__current_roles,2019-03-13 07:00:00,18.1207223226,45.5960032092,0,0,0,12,12,3589,269
compact51_marcy__current_roles,2019-03-13 08:00:00,14.53270723,46.8037190218,0,0,0,12,12,982,360
compact51_marcy__current_roles,2019-03-13 09:00:00,14.4287472397,45.2022740388,0,0,0,12,12,940,243
compact51_marcy__current_roles,2019-03-13 10:00:00,13.620002467,53.3964432657,0,0,0,12,12,585,1354
compact51_marcy__current_roles,2019-03-13 11:00:00,13.8909373444,56.8345295174,0,0,0,12,12,701,2067
compact51_marcy__current_roles,2019-03-13 12:00:00,15.6893436922,62.4085173804,0,0,0,12,12,1725,3375
compact51_marcy__current_roles,2019-03-13 13:00:00,16.6118230345,66.0170325347,0,0,0,12,12,2396,4121
compact51_marcy__current_roles,2019-03-13 14:00:00,15.4452084969,63.7004530528,0,0,0,12,12,1572,3649
compact51_marcy__current_roles,2019-03-13 15:00:00,14.6600326241,58.0329822877,0,0,0,12,12,1043,2354
compact51_marcy__current_roles,2019-03-13 16:00:00,15.4013443948,51.3963250508,0,0,0,12,12,1537,964
compact51_marcy__current_roles,2019-03-13 17:00:00,17.3375363621,48.9865456469,0,0,0,12,12,2956,608
compact51_marcy__current_roles,2019-03-13 18:00:00,15.0804667709,41.6848679619,0,0,0,12,12,1311,87
compact51_marcy__current_roles,2019-03-13 19:00:00,19.34478062,84.8172125076,0,0,0,12,12,4527,5712
compact51_marcy__current_roles,2019-03-13 20:00:00,20.4689457198,59.6849683208,0,0,0,12,12,5289,2738
compact51_marcy__current_roles,2019-03-13 21:00:00,18.4984167336,38.4047868919,0,0,0,12,12,3872,31
compact51_marcy__current_roles,2019-03-13 22:00:00,15.5350630951,38.7705934784,0,0,0,12,12,1633,37
compact51_marcy__current_roles,2019-03-13 23:00:00,15.7290559431,48.9468977329,0,0,0,12,12,1746,605
compact51_marcy__current_roles,2019-03-14 00:00:00,15.0080586505,49.0190590096,0,0,0,12,12,1268,613
compact51_marcy__current_roles,2019-03-14 01:00:00,14.3527337232,49.6276184275,0,0,0,12,12,906,686
compact51_marcy__current_roles,2019-03-14 02:00:00,16.1201433582,51.4445018022,0,0,0,12,12,2031,975
compact51_marcy__current_roles,2019-03-14 03:00:00,18.3362966194,52.9926348238,0,0,0,12,12,3757,1264
compact51_marcy__current_roles,2019-03-14 04:00:00,24.1589436768,74.9556079314,0,0,0,12,12,7050,5168
compact51_marcy__current_roles,2019-03-14 05:00:00,23.9258414183,87.3684379928,0,0,0,12,12,6981,5796
compact51_marcy__current_roles,2019-03-14 06:00:00,18.8747135687,52.3929774519,0,0,0,12,12,4169,1140
compact51_marcy__current_roles,2019-03-14 07:00:00,14.8744647644,49.064350614,0,0,0,12,12,1171,619
compact51_marcy__current_roles,2019-03-14 08:00:00,13.8238466873,51.1647671364,0,0,0,12,12,668,930
compact51_marcy__current_roles,2019-03-14 09:00:00,13.4230795788,52.9044196032,0,0,0,12,12,522,1241
compact51_marcy__current_roles,2019-03-14 10:00:00,12.8509099371,53.2362109134,0,0,0,12,12,339,1317
compact51_marcy__current_roles,2019-03-14 11:00:00,11.84673923,54.3793294875,0,0,0,12,12,121,1524
compact51_marcy__current_roles,2019-03-14 12:00:00,14.1018349453,58.5242381433,0,0,0,12,12,788,2461
compact51_marcy__current_roles,2019-03-14 13:00:00,12.7788981596,57.8453756923,0,0,0,13,12,317,2304
compact51_marcy__current_roles,2019-03-14 14:00:00,14.7469095666,55.9133454048,0,0,0,12,12,1086,1853
compact51_marcy__current_roles,2019-03-14 15:00:00,15.4154851009,58.8079399279,0,0,0,12,12,1549,2539
compact51_marcy__current_roles,2019-03-14 16:00:00,12.6628541305,48.2287704048,0,0,0,12,12,280,519
compact51_marcy__current_roles,2019-03-14 17:00:00,11.2797953141,48.0231061854,0,0,0,12,12,52,486
compact51_marcy__current_roles,2019-03-14 18:00:00,13.3355665906,42.0067194058,0,0,0,12,12,498,93
compact51_marcy__current_roles,2019-03-14 19:00:00,15.2796635166,39.1242190477,0,0,0,12,12,1447,39
compact51_marcy__current_roles,2019-03-14 20:00:00,13.0042126826,43.7824217803,0,0,0,13,12,380,153
compact51_marcy__current_roles,2019-03-14 21:00:00,13.9623030222,40.6122377384,0,0,0,12,12,730,65
compact51_marcy__current_roles,2019-03-14 22:00:00,12.5617564779,44.9262208661,0,0,0,12,12,256,227
compact51_marcy__current_roles,2019-03-14 23:00:00,15.381311981,45.831148627,0,0,0,12,12,1521,288
compact51_marcy__current_roles,2019-03-15 00:00:00,11.660109055,48.129722686,0,0,0,12,12,91,502
compact51_marcy__current_roles,2019-03-15 01:00:00,14.8337968817,49.5290595575,0,0,0,12,12,1151,672
compact51_marcy__current_roles,2019-03-15 02:00:00,16.1024687641,49.9141166352,0,0,0,12,12,2020,720
compact51_marcy__current_roles,2019-03-15 03:00:00,15.2641999872,50.3021021192,0,0,0,12,12,1441,791
compact51_marcy__current_roles,2019-03-15 04:00:00,22.5797121556,56.1257033153,0,0,0,12,12,6389,1901
compact51_marcy__current_roles,2019-03-15 05:00:00,23.912088618,63.3320524502,0,0,0,12,12,6974,3573
compact51_marcy__current_roles,2019-03-15 06:00:00,24.1198479254,66.3990295532,0,0,0,12,12,7038,4181
compact51_marcy__current_roles,2019-03-15 07:00:00,23.6670631565,64.232793186,0,0,0,12,12,6895,3754
compact51_marcy__current_roles,2019-03-15 08:00:00,20.3195176914,63.2609752443,0,0,0,12,12,5194,3557
compact51_marcy__current_roles,2019-03-15 09:00:00,17.0072034001,71.8198166868,0,0,0,12,12,2681,4874
compact51_marcy__current_roles,2019-03-15 10:00:00,13.1029303849,63.2458049192,0,0,0,12,12,416,3552
compact51_marcy__current_roles,2019-03-15 11:00:00,13.0758025731,64.5123580676,0,0,0,12,12,406,3816
compact51_marcy__current_roles,2019-03-15 12:00:00,13.5657401078,80.8942458788,0,0,0,12,12,566,5546
compact51_marcy__current_roles,2019-03-15 13:00:00,17.4192690651,64.6259932396,0,0,0,11,11,3015,3842
compact51_marcy__current_roles,2019-03-15 14:00:00,19.1762869928,67.0887413607,0,0,0,12,12,4410,4302
compact51_marcy__current_roles,2019-03-15 15:00:00,18.2961307649,62.9304473189,0,0,0,12,12,3726,3488
compact51_marcy__current_roles,2019-03-15 16:00:00,19.9277145757,68.9482749152,0,0,0,12,12,4923,4548
compact51_marcy__current_roles,2019-03-15 17:00:00,19.436035925,64.5808900041,0,0,0,12,12,4588,3834
compact51_marcy__current_roles,2019-03-15 18:00:00,18.8592986577,61.8156491324,0,0,0,12,12,4153,3238
compact51_marcy__current_roles,2019-03-15 19:00:00,18.7700451492,63.7901937766,0,0,0,12,12,4079,3663
compact51_marcy__current_roles,2019-03-15 20:00:00,18.8882642343,59.0042388086,0,0,0,12,12,4179,2596
compact51_marcy__current_roles,2019-03-15 21:00:00,16.7601785497,62.0113004544,0,0,0,12,12,2502,3279
compact51_marcy__current_roles,2019-03-15 22:00:00,15.1069292083,60.7959573266,0,0,0,12,12,1322,2992
compact51_marcy__current_roles,2019-03-15 23:00:00,17.0451173292,65.3313907053,0,0,0,12,12,2710,4004
compact51_marcy__current_roles,2019-03-16 00:00:00,18.1153126936,67.8199540959,0,0,0,12,12,3584,4401
compact51_marcy__current_roles,2019-03-16 01:00:00,22.071215751,70.0886786525,0,0,0,12,12,6154,4696
compact51_marcy__current_roles,2019-03-16 02:00:00,20.5577427674,66.0019440915,0,0,0,12,12,5344,4118
compact51_marcy__current_roles,2019-03-16 03:00:00,17.4523465597,61.2321153687,0,0,0,12,12,3039,3103
compact51_marcy__current_roles,2019-03-16 04:00:00,20.3177330302,69.3432943766,0,0,0,12,12,5191,4596
compact51_marcy__current_roles,2019-03-16 05:00:00,23.1470208885,74.3804201491,0,0,0,12,12,6658,5129
compact51_marcy__current_roles,2019-03-16 06:00:00,23.1071746336,73.0452378891,0,0,0,12,12,6643,4981
compact51_marcy__current_roles,2019-03-16 07:00:00,22.9590785335,65.3292637881,0,0,0,14,13,6572,4002
compact51_marcy__current_roles,2019-03-16 08:00:00,18.9186140697,60.6823116379,0,0,0,12,12,4215,2967
compact51_marcy__current_roles,2019-03-16 09:00:00,20.9648736541,67.793289299,0,0,0,12,12,5589,4399
compact51_marcy__current_roles,2019-03-16 10:00:00,17.9922585462,65.8536787352,0,0,0,12,12,3480,4091
compact51_marcy__current_roles,2019-03-16 11:00:00,21.0422049493,66.8450695189,0,0,0,12,12,5647,4260
compact51_marcy__current_roles,2019-03-16 12:00:00,19.9097888865,66.5919192778,0,0,0,12,12,4910,4209
compact51_marcy__current_roles,2019-03-16 13:00:00,17.5338473002,76.6409387031,0,0,0,12,12,3100,5315
compact51_marcy__current_roles,2019-03-16 14:00:00,18.3238086921,77.3730858853,0,0,0,12,12,3748,5360
compact51_marcy__current_roles,2019-03-16 15:00:00,19.3506743618,79.91020039,0,0,0,12,12,4529,5497
compact51_marcy__current_roles,2019-03-16 16:00:00,19.7296641404,79.0215773045,0,0,0,12,12,4802,5450
compact51_marcy__current_roles,2019-03-16 17:00:00,18.165597285,76.802830518,0,0,0,12,12,3623,5328
compact51_marcy__current_roles,2019-03-16 18:00:00,16.0757598438,74.4277813376,0,0,0,12,12,1997,5133
compact51_marcy__current_roles,2019-03-16 19:00:00,13.6313367965,67.2419755549,0,0,0,12,12,590,4325
compact51_marcy__current_roles,2019-03-16 20:00:00,14.0439810154,73.3534131041,0,0,0,12,12,760,5012
compact51_marcy__current_roles,2019-03-16 21:00:00,17.8033540725,76.3259308547,0,0,0,12,12,3314,5287
compact51_marcy__current_roles,2019-03-16 22:00:00,17.6259330815,72.6315981706,0,0,0,12,12,3166,4943
compact51_marcy__current_roles,2019-03-16 23:00:00,15.3958101261,71.6239188205,0,0,0,12,12,1534,4851
compact51_marcy__current_roles,2019-03-17 00:00:00,12.3304674121,64.8556351096,0,0,0,12,12,204,3899
compact51_marcy__current_roles,2019-03-17 01:00:00,14.5104469141,60.0417187377,0,0,0,12,12,973,2831
compact51_marcy__current_roles,2019-03-17 02:00:00,14.9175699076,59.2695142686,0,0,0,12,12,1207,2654
compact51_marcy__current_roles,2019-03-17 03:00:00,15.4125394841,58.579204256,0,0,0,12,12,1548,2481
compact51_marcy__current_roles,2019-03-17 04:00:00,16.304657092,65.4305126568,0,0,0,12,12,2163,4023
compact51_marcy__current_roles,2019-03-17 05:00:00,19.1948884989,67.945310449,0,0,0,12,12,4427,4412
compact51_marcy__current_roles,2019-03-17 06:00:00,20.1353460886,64.299119903,0,0,0,12,12,5073,3770
compact51_marcy__current_roles,2019-03-17 07:00:00,16.8425703475,61.3134490424,0,0,0,12,12,2563,3125
compact51_marcy__current_roles,2019-03-17 08:00:00,12.1238485807,62.955157914,0,0,0,12,12,155,3495
compact51_marcy__current_roles,2019-03-17 09:00:00,14.7574217046,67.1644049271,0,0,0,12,12,1093,4314
compact51_marcy__current_roles,2019-03-17 10:00:00,16.8014671318,78.8655440047,0,0,0,12,12,2536,5442
compact51_marcy__current_roles,2019-03-17 11:00:00,18.1405152652,97.2817055231,0,0,0,12,12,3607,6118
compact51_marcy__current_roles,2019-03-17 12:00:00,17.690663299,70.8249584562,0,0,0,12,12,3214,4771
compact51_marcy__current_roles,2019-03-17 13:00:00,19.0432109441,70.3963378189,0,0,0,12,12,4318,4730
compact51_marcy__current_roles,2019-03-17 14:00:00,18.8401634198,72.1109098776,0,0,0,12,12,4138,4898
compact51_marcy__current_roles,2019-03-17 15:00:00,19.6654348016,70.9896136267,0,0,0,12,12,4763,4789
compact51_marcy__current_roles,2019-03-17 16:00:00,22.1768668265,82.2633231953,0,0,0,12,12,6205,5609
compact51_marcy__current_roles,2019-03-17 17:00:00,19.7352916691,72.6192120018,0,0,0,12,12,4804,4941
compact51_marcy__current_roles,2019-03-17 18:00:00,16.8368323945,66.4551169039,0,0,0,12,12,2560,4190
compact51_marcy__current_roles,2019-03-17 19:00:00,17.2835487493,61.4251926349,0,0,0,12,12,2924,3147
compact51_marcy__current_roles,2019-03-17 20:00:00,16.6993708333,67.3090850667,0,0,0,12,12,2457,4336
compact51_marcy__current_roles,2019-03-17 21:00:00,18.085884878,66.8508667183,0,0,0,12,12,3558,4262
compact51_marcy__current_roles,2019-03-17 22:00:00,15.4754824829,74.2776295807,0,0,0,12,12,1592,5113
compact51_marcy__current_roles,2019-03-17 23:00:00,18.0292917262,76.5688927789,0,0,0,12,12,3511,5312
compact51_marcy__current_roles,2019-03-18 00:00:00,16.1116080855,64.5502824902,0,0,0,13,13,2026,3824
compact51_marcy__current_roles,2019-03-18 01:00:00,15.5834464617,71.3996198522,0,0,0,12,12,1661,4833
compact51_marcy__current_roles,2019-03-18 02:00:00,17.9382479749,82.7469116179,0,0,0,12,12,3434,5629
compact51_marcy__current_roles,2019-03-18 03:00:00,23.1029469518,83.5094702038,0,0,0,12,12,6640,5655
compact51_marcy__current_roles,2019-03-18 04:00:00,28.8201430887,80.9751277154,0,0,0,12,12,8097,5550
compact51_marcy__current_roles,2019-03-18 05:00:00,32.1310186992,85.1408297804,0,0,0,12,12,8461,5723
compact51_marcy__current_roles,2019-03-18 06:00:00,20.3861353861,58.17504093,0,0,0,12,12,5243,2379
compact51_marcy__current_roles,2019-03-18 07:00:00,15.3107882423,61.9622176401,0,0,0,12,12,1471,3272
compact51_marcy__current_roles,2019-03-18 08:00:00,15.2481970072,57.5665159398,0,0,0,12,12,1431,2237
compact51_marcy__current_roles,2019-03-18 09:00:00,17.0427399717,58.3876188498,0,0,0,12,12,2708,2427
compact51_marcy__current_roles,2019-03-18 10:00:00,15.6208378981,65.4802203612,0,0,0,12,12,1681,4031
compact51_marcy__current_roles,2019-03-18 11:00:00,15.1163082787,74.6249165259,0,0,0,12,12,1328,5146
compact51_marcy__current_roles,2019-03-18 12:00:00,14.6840828975,76.2824991079,0,0,0,14,14,1055,5283
compact51_marcy__current_roles,2019-03-18 13:00:00,14.5497917409,69.0189837196,0,0,0,10,10,993,4561
compact51_marcy__current_roles,2019-03-18 14:00:00,14.923677306,75.0034334927,0,0,0,12,12,1212,5173
compact51_marcy__current_roles,2019-03-18 15:00:00,14.0402006763,71.5393744089,0,0,0,12,12,758,4846
compact51_marcy__current_roles,2019-03-18 16:00:00,15.6922345661,68.7833305944,0,0,0,12,12,1727,4521
compact51_marcy__current_roles,2019-03-18 17:00:00,16.3177773718,63.8161929828,0,0,0,12,12,2178,3671
compact51_marcy__current_roles,2019-03-18 18:00:00,14.6431617425,61.0385736279,0,0,0,12,12,1034,3058
compact51_marcy__current_roles,2019-03-18 19:00:00,14.1929480506,60.7100690656,0,0,0,12,12,830,2978
compact51_marcy__current_roles,2019-03-18 20:00:00,13.623830803,63.1256410511,0,0,0,12,12,588,3525
compact51_marcy__current_roles,2019-03-18 21:00:00,15.1005363952,57.1014585849,0,0,0,12,12,1318,2117
compact51_marcy__current_roles,2019-03-18 22:00:00,16.7896253952,51.4576469638,0,0,0,12,12,2524,976
compact51_marcy__current_roles,2019-03-18 23:00:00,13.9102888065,57.76783548,0,0,0,12,12,706,2279
compact51_marcy__current_roles,2019-03-19 00:00:00,14.9143338279,61.7241618836,0,0,0,12,12,1203,3223
compact51_marcy__current_roles,2019-03-19 01:00:00,15.7611410213,60.9361275117,0,0,0,12,12,1773,3028
compact51_marcy__current_roles,2019-03-19 02:00:00,15.5530074021,63.2051530424,0,0,0,12,12,1644,3543
compact51_marcy__current_roles,2019-03-19 03:00:00,18.5309981167,65.2715149741,0,0,0,12,12,3897,3992
compact51_marcy__current_roles,2019-03-19 04:00:00,26.8527917652,70.2581619334,0,0,0,12,12,7765,4716
compact51_marcy__current_roles,2019-03-19 05:00:00,26.0341419365,68.7344337832,0,0,0,12,12,7582,4519
compact51_marcy__current_roles,2019-03-19 06:00:00,19.5083743936,53.1084035982,0,0,0,12,12,4657,1284
compact51_marcy__current_roles,2019-03-19 07:00:00,26.2644377543,63.1665049964,0,0,0,12,12,7636,3532
compact51_marcy__current_roles,2019-03-19 08:00:00,23.2514733614,66.184630023,0,0,0,12,12,6704,4155
compact51_marcy__current_roles,2019-03-19 09:00:00,17.8918477578,53.8430761424,0,0,0,12,12,3395,1434
compact51_marcy__current_roles,2019-03-19 10:00:00,15.9075740439,68.0428875837,0,0,0,12,12,1870,4431
compact51_marcy__current_roles,2019-03-19 11:00:00,16.9525607335,68.4756253074,0,0,0,12,12,2644,4487
compact51_marcy__current_roles,2019-03-19 12:00:00,14.9224684543,73.9535402551,0,0,0,12,12,1210,5088
compact51_marcy__current_roles,2019-03-19 13:00:00,16.3467786019,74.3557078386,0,0,0,12,12,2202,5128
compact51_marcy__current_roles,2019-03-19 14:00:00,15.2935039644,71.3398455418,0,0,0,12,12,1458,4826
compact51_marcy__current_roles,2019-03-19 15:00:00,17.5397442188,68.8751703224,0,0,0,12,12,3105,4537
compact51_marcy__current_roles,2019-03-19 16:00:00,17.5431267312,69.4741488345,0,0,0,12,12,3108,4613
compact51_marcy__current_roles,2019-03-19 17:00:00,14.7337075123,62.3186496034,0,0,0,12,12,1080,3348
compact51_marcy__current_roles,2019-03-19 18:00:00,15.6432247139,65.4159462461,0,0,0,12,12,1690,4017
compact51_marcy__current_roles,2019-03-19 19:00:00,15.750170432,68.8644341713,0,0,0,12,12,1764,4534
compact51_marcy__current_roles,2019-03-19 20:00:00,16.3135651642,62.8845165616,0,0,0,12,12,2174,3477
compact51_marcy__current_roles,2019-03-19 21:00:00,18.7443327966,53.1376731175,0,0,0,12,12,4056,1293
compact51_marcy__current_roles,2019-03-19 22:00:00,17.954452544,58.7106811966,0,0,0,12,12,3451,2516
compact51_marcy__current_roles,2019-03-19 23:00:00,15.498888829,61.2260987553,0,0,0,12,12,1608,3100
compact51_marcy__current_roles,2019-03-20 00:00:00,14.193036439,59.6715682361,0,0,0,12,12,831,2735
compact51_marcy__current_roles,2019-03-20 01:00:00,12.350098664,59.973748212,0,0,0,12,12,208,2809
compact51_marcy__current_roles,2019-03-20 02:00:00,13.3020853616,56.8081609995,0,0,0,12,12,480,2059
compact51_marcy__current_roles,2019-03-20 03:00:00,18.2652352318,61.5473697128,0,0,0,12,12,3697,3179
compact51_marcy__current_roles,2019-03-20 04:00:00,18.8167314421,67.1176416738,0,0,0,12,12,4114,4306
compact51_marcy__current_roles,2019-03-20 05:00:00,20.9104281852,63.5966232834,0,0,0,12,12,5565,3626
compact51_marcy__current_roles,2019-03-20 06:00:00,15.910140988,55.2387899619,0,0,0,12,12,1874,1695
compact51_marcy__current_roles,2019-03-20 07:00:00,12.7446465288,51.7523995353,0,0,0,12,12,304,1036
compact51_marcy__current_roles,2019-03-20 08:00:00,16.169859587,55.2967100383,0,0,0,13,12,2065,1713
compact51_marcy__current_roles,2019-03-20 09:00:00,16.8389670934,55.6054834892,0,0,0,12,12,2562,1789
compact51_marcy__current_roles,2019-03-20 10:00:00,15.7409767146,64.6580476706,0,0,0,12,12,1756,3851
compact51_marcy__current_roles,2019-03-20 11:00:00,15.3881902569,67.0904958465,0,0,0,12,12,1528,4303
compact51_marcy__current_roles,2019-03-20 12:00:00,14.2734636167,69.0116104822,0,0,0,12,12,871,4560
compact51_marcy__current_roles,2019-03-20 13:00:00,14.4225645843,72.9243393289,0,0,0,14,14,933,4968
compact51_marcy__current_roles,2019-03-20 14:00:00,15.9919111227,60.5245578248,0,0,0,12,12,1939,2924
compact51_marcy__current_roles,2019-03-20 15:00:00,15.1654389483,73.5681091259,0,0,0,12,12,1365,5041
compact51_marcy__current_roles,2019-03-20 16:00:00,16.2617098937,68.6225487389,0,0,0,12,12,2125,4506
compact51_marcy__current_roles,2019-03-20 17:00:00,16.1271656215,60.5150128866,0,0,0,12,12,2038,2920
compact51_marcy__current_roles,2019-03-20 18:00:00,16.3236003373,64.5167613405,0,0,0,12,12,2185,3818
compact51_marcy__current_roles,2019-03-20 19:00:00,14.0059625136,65.0441385465,0,0,0,12,12,748,3936
compact51_marcy__current_roles,2019-03-20 20:00:00,14.1918937071,60.0423996704,0,0,0,12,12,829,2833
compact51_marcy__current_roles,2019-03-20 21:00:00,15.3494516269,60.5580032253,0,0,0,12,12,1493,2936
compact51_marcy__current_roles,2019-03-20 22:00:00,14.9204282449,56.5274709998,0,0,0,12,12,1208,1988
compact51_marcy__current_roles,2019-03-20 23:00:00,16.9808120061,66.9248461093,0,0,0,12,12,2661,4276
compact51_marcy__current_roles,2019-03-21 00:00:00,14.8052838943,67.2501746715,0,0,0,12,12,1137,4328
compact51_marcy__current_roles,2019-03-21 01:00:00,14.247559821,62.2507026215,0,0,0,12,12,856,3332
compact51_marcy__current_roles,2019-03-21 02:00:00,14.6508919498,61.5197025748,0,0,0,12,12,1039,3174
compact51_marcy__current_roles,2019-03-21 03:00:00,16.0196942603,63.6908300668,0,0,0,12,12,1957,3646
compact51_marcy__current_roles,2019-03-21 04:00:00,23.2868466062,66.5776295492,0,0,0,12,12,6725,4205
compact51_marcy__current_roles,2019-03-21 05:00:00,23.106736552,75.343422632,0,0,0,12,12,6642,5213
compact51_marcy__current_roles,2019-03-21 06:00:00,19.6070497358,66.8663793614,0,0,0,12,12,4713,4263
compact51_marcy__current_roles,2019-03-21 07:00:00,16.2731388836,68.4959315435,0,0,0,12,12,2131,4492
compact51_marcy__current_roles,2019-03-21 08:00:00,13.8851616382,68.0126800863,0,0,0,12,12,699,4425
compact51_marcy__current_roles,2019-03-21 09:00:00,13.1295557849,64.4401246139,0,0,0,12,12,426,3801
compact51_marcy__current_roles,2019-03-21 10:00:00,13.1028544864,60.126959329,0,0,0,12,12,415,2853
compact51_marcy__current_roles,2019-03-21 11:00:00,13.8839697069,62.6207405597,0,0,0,12,12,697,3412
compact51_marcy__current_roles,2019-03-21 12:00:00,14.628241136,63.9869420651,0,0,0,12,12,1031,3701
compact51_marcy__current_roles,2019-03-21 13:00:00,14.7821359474,70.0343209924,0,0,0,12,12,1115,4682
compact51_marcy__current_roles,2019-03-21 14:00:00,12.6402268925,65.5236045563,0,0,0,12,12,279,4043
compact51_marcy__current_roles,2019-03-21 15:00:00,11.7475735131,61.5016210477,0,0,0,12,12,103,3166
compact51_marcy__current_roles,2019-03-21 16:00:00,11.1940936735,62.2048575325,0,0,0,12,12,45,3323
compact51_marcy__current_roles,2019-03-21 17:00:00,11.390760551,60.0113428559,0,0,0,12,12,64,2819
compact51_marcy__current_roles,2019-03-21 18:00:00,12.0355781487,54.6374861158,0,0,0,12,12,140,1587
compact51_marcy__current_roles,2019-03-21 19:00:00,13.0722218069,59.0959828059,0,0,0,12,12,403,2615
compact51_marcy__current_roles,2019-03-21 20:00:00,14.513001546,62.2910419153,0,0,0,12,12,975,3338
compact51_marcy__current_roles,2019-03-21 21:00:00,15.0292778884,58.1869847127,0,0,0,12,12,1283,2381
compact51_marcy__current_roles,2019-03-21 22:00:00,13.8336941181,60.1798883545,0,0,0,12,12,671,2863
compact51_marcy__current_roles,2019-03-21 23:00:00,13.3967728628,56.844964054,0,0,0,12,12,514,2068
compact51_marcy__current_roles,2019-03-22 00:00:00,13.2960281947,66.613217429,0,0,0,14,13,478,4214
compact51_marcy__current_roles,2019-03-22 01:00:00,15.7970017424,71.1030307549,0,0,0,11,11,1794,4794
compact51_marcy__current_roles,2019-03-22 02:00:00,17.5617697053,71.8687412643,0,0,0,12,12,3127,4878
compact51_marcy__current_roles,2019-03-22 03:00:00,16.7839147637,74.0636424183,0,0,0,12,12,2518,5096
compact51_marcy__current_roles,2019-03-22 04:00:00,21.1266535917,78.0958593697,0,0,0,12,12,5690,5405
compact51_marcy__current_roles,2019-03-22 05:00:00,21.1720367128,78.8248388307,0,0,0,12,12,5699,5439
compact51_marcy__current_roles,2019-03-22 06:00:00,19.0080220753,77.2428892051,0,0,0,12,12,4284,5348
compact51_marcy__current_roles,2019-03-22 07:00:00,13.4427240204,69.7844073632,0,0,0,12,12,530,4648
compact51_marcy__current_roles,2019-03-22 08:00:00,13.5152059687,66.0086910949,0,0,0,12,12,554,4119
compact51_marcy__current_roles,2019-03-22 09:00:00,14.9613439363,72.8750630345,0,0,0,12,12,1235,4963
compact51_marcy__current_roles,2019-03-22 10:00:00,14.513233238,68.3253152974,0,0,0,12,12,976,4467
compact51_marcy__current_roles,2019-03-22 11:00:00,14.7793673697,68.3910461761,0,0,0,12,12,1111,4475
compact51_marcy__current_roles,2019-03-22 12:00:00,13.9491200202,66.7621181199,0,0,0,12,12,722,4243
compact51_marcy__current_roles,2019-03-22 13:00:00,15.3130214198,74.9976503599,0,0,0,12,12,1475,5171
compact51_marcy__current_roles,2019-03-22 14:00:00,16.0182835929,75.2165682403,0,0,0,12,12,1956,5197
compact51_marcy__current_roles,2019-03-22 15:00:00,16.2618217239,83.9573265745,0,0,0,12,12,2126,5680
compact51_marcy__current_roles,2019-03-22 16:00:00,17.2017080512,84.4120826314,0,0,0,12,12,2848,5696
compact51_marcy__current_roles,2019-03-22 17:00:00,16.4211539727,75.0908900591,0,0,0,12,12,2259,5182
compact51_marcy__current_roles,2019-03-22 18:00:00,16.4955323285,75.8819388217,0,0,0,12,12,2316,5255
compact51_marcy__current_roles,2019-03-22 19:00:00,15.1443357838,75.3070500369,0,0,0,12,12,1346,5208
compact51_marcy__current_roles,2019-03-22 20:00:00,15.1364637065,73.355830345,0,0,0,12,12,1339,5013
compact51_marcy__current_roles,2019-03-22 21:00:00,16.5398969527,70.2782487617,0,0,0,12,12,2342,4718
compact51_marcy__current_roles,2019-03-22 22:00:00,16.8124296653,62.3290376142,0,0,0,12,12,2546,3351
compact51_marcy__current_roles,2019-03-22 23:00:00,16.6794383086,68.3958082777,0,0,0,12,12,2441,4477
compact51_marcy__current_roles,2019-03-23 00:00:00,15.7377871589,70.0415377607,0,0,0,12,12,1753,4684
compact51_marcy__current_roles,2019-03-23 01:00:00,14.6824017711,64.629098477,0,0,0,12,12,1053,3844
compact51_marcy__current_roles,2019-03-23 02:00:00,15.1958079624,65.7237209383,0,0,0,12,12,1387,4066
compact51_marcy__current_roles,2019-03-23 03:00:00,14.7913754286,67.4306776155,0,0,0,12,12,1120,4351
compact51_marcy__current_roles,2019-03-23 04:00:00,15.6633503169,65.8802031147,0,0,0,12,12,1700,4096
compact51_marcy__current_roles,2019-03-23 05:00:00,17.5895349514,65.3212013023,0,0,0,12,12,3144,3998
compact51_marcy__current_roles,2019-03-23 06:00:00,15.4082274281,68.176222134,0,0,0,12,12,1543,4445
compact51_marcy__current_roles,2019-03-23 07:00:00,12.6251506684,61.0801821802,0,0,0,12,12,272,3067
compact51_marcy__current_roles,2019-03-23 08:00:00,17.1816099143,103.842762053,0,0,0,12,12,2825,6320
compact51_marcy__current_roles,2019-03-23 09:00:00,17.1485429849,99.7496425709,0,0,0,12,12,2795,6195
compact51_marcy__current_roles,2019-03-23 10:00:00,18.5535959546,100.794233338,0,0,0,12,12,3912,6232
compact51_marcy__current_roles,2019-03-23 11:00:00,20.3072813928,111.812341692,0,0,0,12,12,5182,6484
compact51_marcy__current_roles,2019-03-23 12:00:00,22.3572077115,121.454431492,0,0,0,12,12,6273,6676
compact51_marcy__current_roles,2019-03-23 13:00:00,21.5770808161,123.530543711,0,0,0,12,12,5926,6725
compact51_marcy__current_roles,2019-03-23 14:00:00,21.1949286491,125.623320642,0,0,0,12,12,5711,6757
compact51_marcy__current_roles,2019-03-23 15:00:00,21.2671611686,129.073565043,0,0,0,12,12,5756,6827
compact51_marcy__current_roles,2019-03-23 16:00:00,24.0788063334,133.208752221,0,0,0,12,12,7028,6880
compact51_marcy__current_roles,2019-03-23 17:00:00,22.5609615542,125.794438359,0,0,0,12,12,6381,6765
compact51_marcy__current_roles,2019-03-23 18:00:00,20.7836271989,112.701184338,0,0,0,12,12,5485,6505
compact51_marcy__current_roles,2019-03-23 19:00:00,17.4283466587,106.672581672,0,0,0,12,12,3022,6385
compact51_marcy__current_roles,2019-03-23 20:00:00,19.7382627701,104.405928086,0,0,0,12,12,4807,6335
compact51_marcy__current_roles,2019-03-23 21:00:00,23.2054574907,110.804474598,0,0,0,12,12,6685,6465
compact51_marcy__current_roles,2019-03-23 22:00:00,16.2543083687,61.611865256,0,0,0,12,12,2119,3196
compact51_marcy__current_roles,2019-03-23 23:00:00,17.7960538346,72.231058968,0,0,0,12,12,3303,4910
compact51_marcy__current_roles,2019-03-24 00:00:00,17.2316128984,67.3762237357,0,0,0,12,12,2874,4342
compact51_marcy__current_roles,2019-03-24 01:00:00,19.6154711631,69.2611266474,0,0,0,12,12,4719,4586
compact51_marcy__current_roles,2019-03-24 02:00:00,19.975352352,64.7871253439,0,0,0,12,12,4960,3873
compact51_marcy__current_roles,2019-03-24 03:00:00,19.7917656397,66.3819789246,0,0,0,12,12,4839,4176
compact51_marcy__current_roles,2019-03-24 04:00:00,20.4650342684,65.4917460608,0,0,0,12,12,5284,4034
compact51_marcy__current_roles,2019-03-24 05:00:00,18.4276032359,56.1260084772,0,0,0,12,12,3818,1902
compact51_marcy__current_roles,2019-03-24 06:00:00,15.8097019513,59.8374701979,0,0,0,12,12,1800,2781
compact51_marcy__current_roles,2019-03-24 07:00:00,15.1165739621,58.6382306023,0,0,0,12,12,1329,2499
compact51_marcy__current_roles,2019-03-24 08:00:00,15.3978639224,58.3061018502,0,0,0,12,12,1536,2416
compact51_marcy__current_roles,2019-03-24 09:00:00,19.6862428584,69.4301291346,0,0,0,12,12,4777,4606
compact51_marcy__current_roles,2019-03-24 10:00:00,23.0726570529,84.9715775917,0,0,0,12,12,6619,5716
compact51_marcy__current_roles,2019-03-24 11:00:00,24.3151292,126.933257235,0,0,0,12,12,7112,6792
compact51_marcy__current_roles,2019-03-24 12:00:00,25.967111411,167.846751961,0,0,0,12,12,7566,7262
compact51_marcy__current_roles,2019-03-24 13:00:00,27.9805000153,326.801399615,0,0,0,12,12,7977,8004
compact51_marcy__current_roles,2019-03-24 14:00:00,24.7372028058,196.197148969,0,0,0,13,13,7228,7473
compact51_marcy__current_roles,2019-03-24 15:00:00,23.5564965812,124.846186287,0,0,0,10,10,6847,6747
compact51_marcy__current_roles,2019-03-24 16:00:00,20.9027804655,86.7670180995,0,0,0,12,12,5559,5776
compact51_marcy__current_roles,2019-03-24 17:00:00,20.0080042961,81.0330759671,0,0,0,12,12,4981,5554
compact51_marcy__current_roles,2019-03-24 18:00:00,17.4963173069,70.9627958183,0,0,0,12,12,3072,4783
compact51_marcy__current_roles,2019-03-24 19:00:00,19.290049694,74.6997619668,0,0,0,12,12,4484,5150
compact51_marcy__current_roles,2019-03-24 20:00:00,15.7423837663,61.3940508878,0,0,0,12,12,1757,3143
compact51_marcy__current_roles,2019-03-24 21:00:00,19.0689084437,73.2737079033,0,0,0,12,12,4335,5006
compact51_marcy__current_roles,2019-03-24 22:00:00,19.4157543249,81.8242221737,0,0,0,12,12,4570,5594
compact51_marcy__current_roles,2019-03-24 23:00:00,21.6569620303,84.1524633038,0,0,0,12,12,5965,5686
compact51_marcy__current_roles,2019-03-25 00:00:00,21.6626650472,80.7649556897,0,0,0,12,12,5967,5536
compact51_marcy__current_roles,2019-03-25 01:00:00,20.0478335396,78.414728743,0,0,0,12,12,5019,5422
compact51_marcy__current_roles,2019-03-25 02:00:00,24.0399629525,89.6148435284,0,0,0,12,12,7014,5873
compact51_marcy__current_roles,2019-03-25 03:00:00,26.7583898037,94.4573121792,0,0,0,12,12,7744,6027
compact51_marcy__current_roles,2019-03-25 04:00:00,31.3466584472,150.24252996,0,0,0,12,12,8407,7088
compact51_marcy__current_roles,2019-03-25 05:00:00,27.215552427,151.34233863,0,0,0,12,12,7847,7100
compact51_marcy__current_roles,2019-03-25 06:00:00,24.0312076261,93.2475392922,0,0,0,12,12,7012,5988
compact51_marcy__current_roles,2019-03-25 07:00:00,19.9226091962,141.179327969,0,0,0,12,12,4921,6979
compact51_marcy__current_roles,2019-03-25 08:00:00,19.9585215035,75.0452362239,0,0,0,12,12,4942,5178
compact51_marcy__current_roles,2019-03-25 09:00:00,19.4281812181,100.685249348,1,0,0,12,12,4582,6229
compact51_marcy__current_roles,2019-03-25 10:00:00,20.8614922029,80.291107681,0,0,0,12,12,5537,5511
compact51_marcy__current_roles,2019-03-25 11:00:00,22.263984905,202.143176674,0,0,0,12,12,6242,7519
compact51_marcy__current_roles,2019-03-25 12:00:00,19.677406872,70.9882273218,0,0,0,12,12,4772,4788
compact51_marcy__current_roles,2019-03-25 13:00:00,22.4984530138,80.012329626,0,0,0,12,12,6350,5502
compact51_marcy__current_roles,2019-03-25 14:00:00,20.4539733649,73.110089063,0,0,0,12,12,5279,4989
compact51_marcy__current_roles,2019-03-25 15:00:00,20.2256355205,71.8078341859,0,0,0,12,12,5137,4873
compact51_marcy__current_roles,2019-03-25 16:00:00,21.2244976517,74.5837712207,0,0,0,12,12,5733,5144
compact51_marcy__current_roles,2019-03-25 17:00:00,20.514319842,72.2927454243,0,0,0,12,12,5318,4914
compact51_marcy__current_roles,2019-03-25 18:00:00,18.9226100513,71.3036280925,0,0,0,12,12,4217,4822
compact51_marcy__current_roles,2019-03-25 19:00:00,15.9477655344,65.5230580531,0,0,0,12,12,1909,4042
compact51_marcy__current_roles,2019-03-25 20:00:00,19.2732342502,63.8612014649,0,0,0,12,12,4474,3681
compact51_marcy__current_roles,2019-03-25 21:00:00,17.8219151383,65.4191658836,0,0,0,12,12,3333,4019
compact51_marcy__current_roles,2019-03-25 22:00:00,20.5486349975,248.000413986,0,0,0,12,12,5337,7763
compact51_marcy__current_roles,2019-03-25 23:00:00,20.2005738167,589.639196193,0,0,0,12,12,5119,8331
compact51_marcy__current_roles,2019-03-26 00:00:00,18.1580890136,340.190879841,1,0,0,12,12,3619,8034
compact51_marcy__current_roles,2019-03-26 01:00:00,19.1022128284,62.8645767531,0,0,0,12,12,4363,3471
compact51_marcy__current_roles,2019-03-26 02:00:00,19.3429678379,67.4010611824,0,0,0,12,12,4524,4346
compact51_marcy__current_roles,2019-03-26 03:00:00,19.1773926171,71.0597173473,0,0,0,12,12,4413,4792
compact51_marcy__current_roles,2019-03-26 04:00:00,25.6378104276,76.0803918703,0,0,0,12,12,7484,5268
compact51_marcy__current_roles,2019-03-26 05:00:00,17.0962153519,66.7577692883,0,0,0,12,12,2757,4240
compact51_marcy__current_roles,2019-03-26 06:00:00,14.6901862501,65.118665056,0,0,0,12,12,1058,3954
compact51_marcy__current_roles,2019-03-26 07:00:00,17.1655491133,76.1492319488,0,0,0,12,12,2817,5274
compact51_marcy__current_roles,2019-03-26 08:00:00,17.3245349545,77.8468055607,0,0,0,12,12,2948,5388
compact51_marcy__current_roles,2019-03-26 09:00:00,17.8315465303,73.194181068,0,0,0,12,12,3342,5000
compact51_marcy__current_roles,2019-03-26 10:00:00,20.4186839078,79.4608347212,0,0,0,12,12,5259,5472
compact51_marcy__current_roles,2019-03-26 11:00:00,18.8113694907,87.3649196739,0,0,0,12,12,4111,5795
compact51_marcy__current_roles,2019-03-26 12:00:00,19.6297710123,81.679373648,0,0,0,12,12,4731,5585
compact51_marcy__current_roles,2019-03-26 13:00:00,19.9320090904,81.6905829874,0,0,0,12,12,4926,5586
compact51_marcy__current_roles,2019-03-26 14:00:00,17.7494826392,84.9075897218,0,0,0,12,12,3262,5714
compact51_marcy__current_roles,2019-03-26 15:00:00,17.2309726438,87.2776757931,0,0,0,12,12,2873,5789
compact51_marcy__current_roles,2019-03-26 16:00:00,17.5497231144,89.6331543264,0,0,0,12,12,3118,5875
compact51_marcy__current_roles,2019-03-26 17:00:00,16.6999057768,70.4498406024,0,0,0,12,12,2458,4734
compact51_marcy__current_roles,2019-03-26 18:00:00,16.6896617301,64.7790387458,0,0,0,12,12,2448,3870
compact51_marcy__current_roles,2019-03-26 19:00:00,16.0058776787,69.791186737,0,0,0,12,12,1947,4649
compact51_marcy__current_roles,2019-03-26 20:00:00,17.5371927558,66.8046871126,0,0,0,12,12,3104,4254
compact51_marcy__current_roles,2019-03-26 21:00:00,17.8516441451,65.6299627371,0,0,0,12,12,3363,4055
compact51_marcy__current_roles,2019-03-26 22:00:00,18.3098511756,66.196589829,0,0,0,12,12,3734,4156
compact51_marcy__current_roles,2019-03-26 23:00:00,17.9691082503,64.0408162599,0,0,0,12,12,3461,3713
compact51_marcy__current_roles,2019-03-27 00:00:00,18.2867573292,67.9553297366,0,0,0,12,12,3717,4414
compact51_marcy__current_roles,2019-03-27 01:00:00,20.9890865627,132.426505253,1,0,0,12,12,5605,6870
compact51_marcy__current_roles,2019-03-27 02:00:00,18.8908049103,180.301781728,1,0,0,12,12,4181,7361
compact51_marcy__current_roles,2019-03-27 03:00:00,18.8313357812,174.029824718,0,0,0,12,12,4126,7318
compact51_marcy__current_roles,2019-03-27 04:00:00,21.1097868786,64.5056503937,0,0,0,12,12,5682,3814
compact51_marcy__current_roles,2019-03-27 05:00:00,18.4186231872,68.8291609853,0,0,0,12,12,3812,4528
compact51_marcy__current_roles,2019-03-27 06:00:00,22.6625430313,79.7521662541,0,0,0,12,12,6435,5490
compact51_marcy__current_roles,2019-03-27 07:00:00,24.4715933993,72.0534002221,0,0,0,12,12,7163,4893
compact51_marcy__current_roles,2019-03-27 08:00:00,18.8858693872,68.3953515961,0,0,0,12,12,4177,4476
compact51_marcy__current_roles,2019-03-27 09:00:00,20.0136336526,68.2821330057,0,0,0,12,12,4989,4461
compact51_marcy__current_roles,2019-03-27 10:00:00,17.9326447588,76.2849645931,0,0,0,12,12,3426,5284
compact51_marcy__current_roles,2019-03-27 11:00:00,17.1610640294,79.4516939804,0,0,0,12,12,2810,5471
compact51_marcy__current_roles,2019-03-27 12:00:00,17.1712709195,78.7965108492,0,0,0,12,12,2821,5438
compact51_marcy__current_roles,2019-03-27 13:00:00,15.6964993207,77.2729046081,0,0,0,12,12,1728,5350
compact51_marcy__current_roles,2019-03-27 14:00:00,15.6561878211,64.137556174,0,0,0,12,12,1695,3737
compact51_marcy__current_roles,2019-03-27 15:00:00,14.0325646795,74.823540594,0,0,0,12,12,756,5160
compact51_marcy__current_roles,2019-03-27 16:00:00,14.7590026899,81.4622543984,0,0,0,12,12,1094,5578
compact51_marcy__current_roles,2019-03-27 17:00:00,14.3795365129,67.6798690913,0,0,0,12,12,916,4386
compact51_marcy__current_roles,2019-03-27 18:00:00,15.5169651004,64.8830595485,0,0,0,12,12,1623,3904
compact51_marcy__current_roles,2019-03-27 19:00:00,13.4146220321,73.3567949843,0,0,0,12,12,520,5014
compact51_marcy__current_roles,2019-03-27 20:00:00,14.989942492,66.8912019586,0,0,0,12,12,1255,4268
compact51_marcy__current_roles,2019-03-27 21:00:00,17.0552423327,54.9934234622,0,0,0,12,12,2718,1662
compact51_marcy__current_roles,2019-03-27 22:00:00,19.0013942273,51.3051281907,0,0,0,12,12,4279,956
compact51_marcy__current_roles,2019-03-27 23:00:00,14.3324252709,49.655858791,0,0,0,12,12,895,692
compact51_marcy__current_roles,2019-03-28 00:00:00,12.0654929642,55.0774419374,0,0,0,12,12,145,1676
compact51_marcy__current_roles,2019-03-28 01:00:00,13.1582527452,56.7230657802,0,0,0,12,12,437,2033
compact51_marcy__current_roles,2019-03-28 02:00:00,12.0838805676,49.1590817707,0,0,0,12,12,151,628
compact51_marcy__current_roles,2019-03-28 03:00:00,11.3134819828,48.1766893463,0,0,0,12,12,58,510
compact51_marcy__current_roles,2019-03-28 04:00:00,16.9200187233,53.5802006472,0,0,0,12,12,2614,1379
compact51_marcy__current_roles,2019-03-28 05:00:00,10.4406846422,42.5268739226,0,0,0,12,12,17,111
compact51_marcy__current_roles,2019-03-28 06:00:00,12.252780649,62.9709457067,0,0,0,12,12,185,3497
compact51_marcy__current_roles,2019-03-28 07:00:00,12.8379369184,63.8194389598,0,0,0,12,12,336,3673
compact51_marcy__current_roles,2019-03-28 08:00:00,11.9853515742,58.5048433124,0,0,0,12,12,132,2456
compact51_marcy__current_roles,2019-03-28 09:00:00,13.8193036803,61.0523246776,0,0,0,12,12,662,3060
compact51_marcy__current_roles,2019-03-28 10:00:00,15.7518489276,64.7644359706,0,0,0,12,12,1766,3866
compact51_marcy__current_roles,2019-03-28 11:00:00,16.7138086743,67.3867045707,0,0,0,12,12,2468,4343
compact51_marcy__current_roles,2019-03-28 12:00:00,16.0682873007,70.5869603818,0,0,0,12,12,1991,4741
compact51_marcy__current_roles,2019-03-28 13:00:00,15.1984342846,73.7889173935,0,0,0,12,12,1391,5070
compact51_marcy__current_roles,2019-03-28 14:00:00,15.8169285883,76.2667014977,0,0,0,12,12,1803,5281
compact51_marcy__current_roles,2019-03-28 15:00:00,14.3161934186,75.0011881997,0,0,0,12,12,889,5172
compact51_marcy__current_roles,2019-03-28 16:00:00,12.9968711835,67.4249707303,0,0,0,12,12,378,4350
compact51_marcy__current_roles,2019-03-28 17:00:00,12.5365486666,61.5614249709,0,0,0,12,12,250,3183
compact51_marcy__current_roles,2019-03-28 18:00:00,14.1008682412,54.4111758059,0,0,0,12,12,787,1529
compact51_marcy__current_roles,2019-03-28 19:00:00,13.5289166715,54.8307470883,0,0,0,12,12,555,1624
compact51_marcy__current_roles,2019-03-28 20:00:00,14.3095611544,58.6339253757,0,0,0,12,12,883,2497
compact51_marcy__current_roles,2019-03-28 21:00:00,15.0571451193,58.0943533335,0,0,0,12,12,1298,2368
compact51_marcy__current_roles,2019-03-28 22:00:00,21.4864741811,56.6480763599,0,0,0,12,12,5879,2016
compact51_marcy__current_roles,2019-03-28 23:00:00,17.8387914303,62.0835224137,0,0,0,12,12,3351,3294
compact51_marcy__current_roles,2019-03-29 00:00:00,16.7237966386,61.0676395227,0,0,0,12,12,2475,3063
compact51_marcy__current_roles,2019-03-29 01:00:00,17.6589128862,63.2974616727,0,0,0,12,12,3192,3565
compact51_marcy__current_roles,2019-03-29 02:00:00,18.6079520006,69.330670135,0,0,0,12,12,3971,4593
compact51_marcy__current_roles,2019-03-29 03:00:00,22.8082673843,82.1214033485,0,0,0,12,12,6501,5603
compact51_marcy__current_roles,2019-03-29 04:00:00,30.0396251093,98.6463770605,0,0,0,12,12,8274,6155
compact51_marcy__current_roles,2019-03-29 05:00:00,28.3676591822,76.681983834,0,0,0,12,12,8026,5319
compact51_marcy__current_roles,2019-03-29 06:00:00,20.9124602481,74.2912332322,0,0,0,12,12,5566,5116
compact51_marcy__current_roles,2019-03-29 07:00:00,14.805098628,66.2463224436,0,0,0,12,12,1136,4161
compact51_marcy__current_roles,2019-03-29 08:00:00,18.2385419336,60.1837318733,0,0,0,12,12,3681,2865
compact51_marcy__current_roles,2019-03-29 09:00:00,17.9758585355,59.7799707797,0,0,0,12,12,3468,2760
compact51_marcy__current_roles,2019-03-29 10:00:00,18.1381435286,60.3741230237,0,0,0,12,12,3604,2903
compact51_marcy__current_roles,2019-03-29 11:00:00,17.1529768203,62.3087466367,0,0,0,12,12,2800,3344
compact51_marcy__current_roles,2019-03-29 12:00:00,16.5138060575,61.8559896925,0,0,0,13,13,2327,3247
compact51_marcy__current_roles,2019-03-29 13:00:00,16.6055803176,61.2294393364,0,0,0,12,12,2391,3102
compact51_marcy__current_roles,2019-03-29 14:00:00,15.38605419,62.4376450386,0,0,0,13,12,1524,3384
compact51_marcy__current_roles,2019-03-29 15:00:00,15.4357887711,60.8907050726,0,0,0,12,12,1566,3019
compact51_marcy__current_roles,2019-03-29 16:00:00,15.1604952767,58.090828482,0,0,0,12,12,1360,2367
compact51_marcy__current_roles,2019-03-29 17:00:00,16.6087558226,57.7782185222,0,0,0,12,12,2395,2284
compact51_marcy__current_roles,2019-03-29 18:00:00,16.7021128428,58.1090431435,0,0,0,12,12,2460,2370
compact51_marcy__current_roles,2019-03-29 19:00:00,17.4116280989,55.3998308048,0,0,0,12,12,3007,1738
compact51_marcy__current_roles,2019-03-29 20:00:00,16.5468464405,59.4241317658,0,0,0,12,12,2348,2690
compact51_marcy__current_roles,2019-03-29 21:00:00,15.1872884216,69.1882114526,0,0,0,12,12,1382,4576
compact51_marcy__current_roles,2019-03-29 22:00:00,17.134951781,65.4612377875,0,0,0,12,12,2782,4029
compact51_marcy__current_roles,2019-03-29 23:00:00,16.142822081,54.7532077881,0,0,0,12,12,2049,1606
compact51_marcy__current_roles,2019-03-30 00:00:00,14.8656306533,47.969435644,0,0,0,12,12,1166,478
compact51_marcy__current_roles,2019-03-30 01:00:00,18.2303923165,58.9614747246,0,0,0,12,12,3671,2584
compact51_marcy__current_roles,2019-03-30 02:00:00,17.7977779022,73.4519917826,0,0,0,12,12,3306,5022
compact51_marcy__current_roles,2019-03-30 03:00:00,16.8864786449,67.6543093337,0,0,0,12,12,2591,4382
compact51_marcy__current_roles,2019-03-30 04:00:00,16.2513711677,65.1976633889,0,0,0,12,12,2117,3974
compact51_marcy__current_roles,2019-03-30 05:00:00,16.9597624207,66.3484276011,0,0,0,12,12,2650,4170
compact51_marcy__current_roles,2019-03-30 06:00:00,17.1613689467,62.9458940108,0,0,0,12,12,2811,3493
compact51_marcy__current_roles,2019-03-30 07:00:00,22.7748530181,62.1509387771,0,0,0,12,12,6486,3313
compact51_marcy__current_roles,2019-03-30 08:00:00,17.0952117754,67.5416826455,0,0,0,12,12,2755,4365
compact51_marcy__current_roles,2019-03-30 09:00:00,15.7358680971,61.2490195153,0,0,0,12,12,1752,3108
compact51_marcy__current_roles,2019-03-30 10:00:00,16.7104201816,64.9763698373,0,0,0,12,12,2467,3927
compact51_marcy__current_roles,2019-03-30 11:00:00,18.1837539329,83.3918456972,0,0,0,12,12,3641,5652
compact51_marcy__current_roles,2019-03-30 12:00:00,17.6996418532,85.297046712,0,0,0,12,12,3223,5733
compact51_marcy__current_roles,2019-03-30 13:00:00,19.2384685498,124.624531816,0,0,0,12,12,4454,6744
compact51_marcy__current_roles,2019-03-30 14:00:00,18.3105835831,98.1473261463,0,0,0,12,12,3735,6141
compact51_marcy__current_roles,2019-03-30 15:00:00,16.949705338,60.6905104337,0,0,0,12,12,2642,2972
compact51_marcy__current_roles,2019-03-30 16:00:00,14.6011149839,61.8438328898,0,0,0,12,12,1022,3243
compact51_marcy__current_roles,2019-03-30 17:00:00,14.7471415162,56.4022097527,0,0,0,12,12,1087,1958
compact51_marcy__current_roles,2019-03-30 18:00:00,13.6699933319,56.5210344074,0,0,0,12,12,603,1987
compact51_marcy__current_roles,2019-03-30 19:00:00,14.3394221788,50.6327166852,0,0,0,12,12,900,843
compact51_marcy__current_roles,2019-03-30 20:00:00,16.6140364178,56.0137151341,0,0,0,12,12,2399,1877
compact51_marcy__current_roles,2019-03-30 21:00:00,19.4408940995,61.7043629345,0,0,0,12,12,4592,3219
compact51_marcy__current_roles,2019-03-30 22:00:00,19.8906397303,66.1769179284,0,0,0,12,12,4902,4152
compact51_marcy__current_roles,2019-03-30 23:00:00,19.8496800629,63.8866187907,0,0,0,12,12,4873,3685
compact51_marcy__current_roles,2019-03-31 00:00:00,17.7952790253,61.8592708736,0,0,0,12,12,3301,3248
compact51_marcy__current_roles,2019-03-31 01:00:00,19.4292816067,63.0681959658,0,0,0,12,12,4583,3515
compact51_marcy__current_roles,2019-03-31 02:00:00,20.6374574318,64.5047680432,0,0,0,12,12,5383,3812
compact51_marcy__current_roles,2019-03-31 03:00:00,23.9959277785,63.4378908705,0,0,0,12,12,7001,3595
compact51_marcy__current_roles,2019-03-31 04:00:00,22.4612176623,71.2304491034,0,0,0,11,11,6321,4810
compact51_marcy__current_roles,2019-03-31 05:00:00,21.1067685107,73.6790050876,0,0,0,12,12,5679,5049
compact51_marcy__current_roles,2019-03-31 06:00:00,19.6181863088,70.3936228152,0,0,0,12,12,4724,4729
compact51_marcy__current_roles,2019-03-31 07:00:00,23.1982923301,71.5663331558,0,0,0,12,12,6682,4849
compact51_marcy__current_roles,2019-03-31 08:00:00,20.2891758243,69.5999093381,0,0,0,12,12,5172,4624
compact51_marcy__current_roles,2019-03-31 09:00:00,16.1042452919,66.6471430468,0,0,0,12,12,2021,4223
compact51_marcy__current_roles,2019-03-31 10:00:00,18.1935397767,68.4482076338,0,0,0,12,12,3647,4483
compact51_marcy__current_roles,2019-03-31 11:00:00,18.3878035098,67.6336187362,0,0,0,12,12,3794,4379
compact51_marcy__current_roles,2019-03-31 12:00:00,16.800129632,62.8958014592,0,0,0,12,12,2533,3480
compact51_marcy__current_roles,2019-03-31 13:00:00,17.8020096025,67.6529083223,0,0,0,12,12,3311,4381
compact51_marcy__current_roles,2019-03-31 14:00:00,18.518617841,98.9845858038,0,0,0,13,13,3885,6164
compact51_marcy__current_roles,2019-03-31 15:00:00,19.5077520272,132.582332829,0,0,0,12,12,4656,6875
compact51_marcy__current_roles,2019-03-31 16:00:00,20.6764092343,107.866672254,0,0,0,12,12,5414,6405
compact51_marcy__current_roles,2019-03-31 17:00:00,18.1196936264,70.5872427347,0,0,0,12,12,3588,4742
compact51_marcy__current_roles,2019-03-31 18:00:00,19.3072055501,63.5812440267,0,0,0,12,12,4502,3623
compact51_marcy__current_roles,2019-03-31 19:00:00,16.1487836988,57.1424601054,0,0,0,12,12,2057,2131
compact51_marcy__current_roles,2019-03-31 20:00:00,16.8988901733,58.0620378732,0,0,0,12,12,2602,2359
compact51_marcy__current_roles,2019-03-31 21:00:00,20.5481684909,51.239649825,0,0,0,12,12,5336,942
compact51_marcy__current_roles,2019-03-31 22:00:00,17.9458759256,70.0506842352,0,0,0,12,12,3443,4685
compact51_marcy__current_roles,2019-03-31 23:00:00,19.7629413657,60.9560772252,0,0,0,12,12,4826,3036
compact51_marcy__current_roles,2019-04-01 00:00:00,20.2212964421,69.90024309,0,0,0,12,12,5134,4669
compact51_marcy__current_roles,2019-04-01 01:00:00,19.5847898615,70.6017206479,0,0,0,12,12,4701,4745
compact51_marcy__current_roles,2019-04-01 02:00:00,21.4927145316,69.5356675077,0,0,0,12,12,5884,4617
compact51_marcy__current_roles,2019-04-01 03:00:00,21.9573496986,77.1799666528,0,0,0,12,12,6114,5344
compact51_marcy__current_roles,2019-04-01 04:00:00,26.1322438043,79.0971642195,0,0,0,12,12,7605,5455
compact51_marcy__current_roles,2019-04-01 05:00:00,29.7811493391,80.8361890857,0,0,0,12,12,8236,5539
compact51_marcy__current_roles,2019-04-01 06:00:00,22.8280513819,69.0644296385,0,0,0,12,12,6512,4566
compact51_marcy__current_roles,2019-04-01 07:00:00,19.3820501854,69.8436352814,0,0,0,12,12,4547,4662
compact51_marcy__current_roles,2019-04-01 08:00:00,17.7547587534,65.8104741226,0,0,0,12,12,3267,4081
compact51_marcy__current_roles,2019-04-01 09:00:00,16.5831537865,64.412440382,0,0,0,12,12,2380,3794
compact51_marcy__current_roles,2019-04-01 10:00:00,16.1886420458,62.3045519802,0,0,0,12,12,2072,3341
compact51_marcy__current_roles,2019-04-01 11:00:00,16.2473053222,67.5284467903,0,0,0,12,12,2114,4362
compact51_marcy__current_roles,2019-04-01 12:00:00,17.3336182691,70.0761715646,0,0,0,12,12,2954,4690
compact51_marcy__current_roles,2019-04-01 13:00:00,16.1108007708,70.9694593674,0,0,0,12,12,2025,4784
compact51_marcy__current_roles,2019-04-01 14:00:00,18.1255643733,72.7968954545,0,0,0,12,12,3593,4953
compact51_marcy__current_roles,2019-04-01 15:00:00,18.1577588802,80.0730704273,0,0,0,12,12,3617,5504
compact51_marcy__current_roles,2019-04-01 16:00:00,20.0205623246,77.6962461319,0,0,0,12,12,4995,5380
compact51_marcy__current_roles,2019-04-01 17:00:00,17.1382734666,68.9641835636,0,0,0,12,12,2788,4551
compact51_marcy__current_roles,2019-04-01 18:00:00,20.3665636855,72.1327917975,0,0,0,12,12,5225,4900
compact51_marcy__current_roles,2019-04-01 19:00:00,19.8030304761,72.495230851,0,0,0,12,12,4846,4932
compact51_marcy__current_roles,2019-04-01 20:00:00,19.4723046591,66.6968331578,0,0,0,12,12,4620,4236
compact51_marcy__current_roles,2019-04-01 21:00:00,19.1998205126,59.3668544945,0,0,0,12,12,4431,2677
compact51_marcy__current_roles,2019-04-01 22:00:00,22.1248553128,57.8749067498,0,0,0,12,12,6184,2313
compact51_marcy__current_roles,2019-04-01 23:00:00,22.244696419,59.1705933753,0,0,0,12,12,6232,2632
compact51_marcy__current_roles,2019-04-02 00:00:00,16.8012244357,59.7903674456,0,0,0,12,12,2534,2763
compact51_marcy__current_roles,2019-04-02 01:00:00,18.7588563321,66.1726489012,0,0,0,12,12,4068,4151
compact51_marcy__current_roles,2019-04-02 02:00:00,24.0867166077,65.8427512694,0,0,0,12,12,7030,4087
compact51_marcy__current_roles,2019-04-02 03:00:00,28.1969988834,73.8624946691,0,0,0,12,12,8007,5076
compact51_marcy__current_roles,2019-04-02 04:00:00,33.0513354301,73.0362211225,0,0,0,12,12,8508,4980
compact51_marcy__current_roles,2019-04-02 05:00:00,34.4057593138,65.8475170383,0,0,0,12,12,8568,4089
compact51_marcy__current_roles,2019-04-02 06:00:00,15.1259011165,57.7354247463,0,0,0,12,12,1333,2274
compact51_marcy__current_roles,2019-04-02 07:00:00,16.0326802366,56.9712540828,0,0,0,12,12,1965,2091
compact51_marcy__current_roles,2019-04-02 08:00:00,13.5391754535,59.54565342,0,0,0,12,12,560,2707
compact51_marcy__current_roles,2019-04-02 09:00:00,15.4174477462,70.6776427365,0,0,0,12,12,1551,4756
compact51_marcy__current_roles,2019-04-02 10:00:00,16.1235316996,69.0546889721,0,0,0,12,12,2036,4565
compact51_marcy__current_roles,2019-04-02 11:00:00,17.2990671982,64.2762942593,0,0,0,12,12,2931,3766
compact51_marcy__current_roles,2019-04-02 12:00:00,21.798892593,69.7246739842,0,0,0,12,12,6029,4640
compact51_marcy__current_roles,2019-04-02 13:00:00,23.2105674668,76.6661586252,0,0,0,12,12,6691,5318
compact51_marcy__current_roles,2019-04-02 14:00:00,21.3572546434,75.0540194747,0,0,0,12,12,5803,5179
compact51_marcy__current_roles,2019-04-02 15:00:00,21.5954147722,69.6728618805,0,0,0,12,12,5933,4635
compact51_marcy__current_roles,2019-04-02 16:00:00,20.3822067941,65.8260646776,0,0,0,12,12,5239,4086
compact51_marcy__current_roles,2019-04-02 17:00:00,17.9336652341,60.8480333842,0,0,0,12,12,3427,3007
compact51_marcy__current_roles,2019-04-02 18:00:00,16.7875709797,57.5699056348,0,0,0,12,12,2522,2238
compact51_marcy__current_roles,2019-04-02 19:00:00,15.623238134,57.6546410521,0,0,0,12,12,1683,2251
compact51_marcy__current_roles,2019-04-02 20:00:00,14.8813485819,63.3018671576,0,0,0,12,12,1177,3567
compact51_marcy__current_roles,2019-04-02 21:00:00,16.6515527234,61.9361490039,0,0,0,12,12,2420,3266
compact51_marcy__current_roles,2019-04-02 22:00:00,18.1821594074,62.8071597071,0,0,0,12,12,3638,3458
compact51_marcy__current_roles,2019-04-02 23:00:00,17.5272441492,69.2246870427,0,0,0,12,12,3097,4581
compact51_marcy__current_roles,2019-04-03 00:00:00,15.2672783622,72.953923724,0,0,0,12,12,1444,4974
compact51_marcy__current_roles,2019-04-03 01:00:00,17.2727781782,70.8766754388,0,0,0,12,12,2909,4777
compact51_marcy__current_roles,2019-04-03 02:00:00,15.3259753748,66.8778293751,0,0,0,12,12,1484,4267
compact51_marcy__current_roles,2019-04-03 03:00:00,17.834517272,68.6806587961,0,0,0,12,12,3347,4513
compact51_marcy__current_roles,2019-04-03 04:00:00,28.6207881411,82.6136110873,0,0,0,12,12,8065,5619
compact51_marcy__current_roles,2019-04-03 05:00:00,27.5803813797,74.5353130394,0,0,0,12,12,7925,5140
compact51_marcy__current_roles,2019-04-03 06:00:00,20.6999553592,69.589715544,0,0,0,12,12,5432,4623
compact51_marcy__current_roles,2019-04-03 07:00:00,16.3798585357,62.4447329006,0,0,0,12,12,2220,3386
compact51_marcy__current_roles,2019-04-03 08:00:00,16.8015603913,68.188591339,0,0,0,12,12,2537,4448
compact51_marcy__current_roles,2019-04-03 09:00:00,17.9746635522,73.5307257888,0,0,0,12,12,3466,5033
compact51_marcy__current_roles,2019-04-03 10:00:00,21.2336191754,95.8421422511,0,0,0,12,12,5737,6078
compact51_marcy__current_roles,2019-04-03 11:00:00,23.0916168662,128.11538845,0,0,0,12,12,6631,6809
compact51_marcy__current_roles,2019-04-03 12:00:00,22.7720133279,142.803091028,0,0,0,12,12,6483,6997
compact51_marcy__current_roles,2019-04-03 13:00:00,23.4275117346,160.904887742,0,0,0,12,12,6779,7200
compact51_marcy__current_roles,2019-04-03 14:00:00,22.333982156,143.030113128,0,0,0,12,12,6268,6999
compact51_marcy__current_roles,2019-04-03 15:00:00,22.8086479892,135.705123624,0,0,0,12,12,6502,6910
compact51_marcy__current_roles,2019-04-03 16:00:00,22.070131857,128.083322672,0,0,0,12,12,6153,6807
compact51_marcy__current_roles,2019-04-03 17:00:00,22.699023214,123.7994438,0,0,0,12,12,6450,6728
compact51_marcy__current_roles,2019-04-03 18:00:00,21.4680956563,100.240856926,0,0,0,12,12,5869,6212
compact51_marcy__current_roles,2019-04-03 19:00:00,21.9569285598,134.201360184,0,0,0,12,12,6113,6892
compact51_marcy__current_roles,2019-04-03 20:00:00,23.3492884407,154.068119559,0,0,0,12,12,6751,7132
compact51_marcy__current_roles,2019-04-03 21:00:00,23.7069747848,172.874904315,0,0,0,12,12,6917,7305
compact51_marcy__current_roles,2019-04-03 22:00:00,24.2748855208,140.609934137,0,0,0,12,12,7098,6972
compact51_marcy__current_roles,2019-04-03 23:00:00,23.138274428,179.935737247,0,0,0,12,12,6653,7358
compact51_marcy__current_roles,2019-04-04 00:00:00,19.5039012478,87.2778632753,0,0,0,12,12,4651,5790
compact51_marcy__current_roles,2019-04-04 01:00:00,21.0917734291,108.140112848,0,0,0,12,12,5667,6408
compact51_marcy__current_roles,2019-04-04 02:00:00,22.6484227542,86.3742578532,0,0,0,12,12,6426,5769
compact51_marcy__current_roles,2019-04-04 03:00:00,23.5146717314,92.804713935,0,0,0,12,12,6825,5973
compact51_marcy__current_roles,2019-04-04 04:00:00,40.8147365838,337.754944237,0,0,0,12,12,8716,8029
compact51_marcy__current_roles,2019-04-04 05:00:00,30.7663833448,289.53886846,0,0,0,12,12,8362,7912
compact51_marcy__current_roles,2019-04-04 06:00:00,22.7372688344,100.875925211,0,0,0,12,12,6468,6237
compact51_marcy__current_roles,2019-04-04 07:00:00,21.4917792036,81.372761922,0,0,0,12,12,5883,5573
compact51_marcy__current_roles,2019-04-04 08:00:00,22.9478401708,95.0772855888,0,0,0,12,12,6567,6051
compact51_marcy__current_roles,2019-04-04 09:00:00,25.3608631853,300.757656339,0,0,0,12,12,7412,7933
compact51_marcy__current_roles,2019-04-04 10:00:00,25.4773086202,142.933600905,0,0,0,12,12,7440,6998
compact51_marcy__current_roles,2019-04-04 11:00:00,27.7341311297,117.781882466,0,0,0,12,12,7946,6596
compact51_marcy__current_roles,2019-04-04 12:00:00,26.5817533185,163.809538954,0,0,0,13,12,7711,7232
compact51_marcy__current_roles,2019-04-04 13:00:00,25.4296851917,230.356778693,0,0,0,12,12,7427,7669
compact51_marcy__current_roles,2019-04-04 14:00:00,28.1383343803,768.237019982,0,0,0,12,12,8000,8429
compact51_marcy__current_roles,2019-04-04 15:00:00,29.8178869817,15135.6313425,1,0,0,12,12,8243,8740
compact51_marcy__current_roles,2019-04-04 16:00:00,24.6210458549,2263.74529877,0,0,0,12,12,7198,8638
compact51_marcy__current_roles,2019-04-04 17:00:00,25.2782359184,485.973014124,0,0,0,12,12,7385,8231
compact51_marcy__current_roles,2019-04-04 18:00:00,24.2950661406,371.079971073,0,0,0,12,12,7105,8102
compact51_marcy__current_roles,2019-04-04 19:00:00,21.6034146178,61.8123971952,0,0,0,12,12,5937,3236
compact51_marcy__current_roles,2019-04-04 20:00:00,23.8097122926,75.9422385906,0,0,0,12,12,6944,5261
compact51_marcy__current_roles,2019-04-04 21:00:00,27.5332681659,54.3122755791,0,0,0,12,12,7915,1511
compact51_marcy__current_roles,2019-04-04 22:00:00,22.9572036548,59.2304273423,0,0,0,12,12,6571,2643
compact51_marcy__current_roles,2019-04-04 23:00:00,29.2485686952,166.85304695,0,0,0,12,12,8166,7253
compact51_marcy__current_roles,2019-04-05 00:00:00,21.8587002496,126.67624392,0,0,0,12,12,6067,6782
compact51_marcy__current_roles,2019-04-05 01:00:00,20.219883665,93.5214961259,0,0,0,12,12,5133,5995
compact51_marcy__current_roles,2019-04-05 02:00:00,21.357495487,100.828464679,0,0,0,12,12,5804,6234
compact51_marcy__current_roles,2019-04-05 03:00:00,23.4076622756,126.864006382,0,0,0,12,12,6768,6790
compact51_marcy__current_roles,2019-04-05 04:00:00,30.5398184434,107.835861763,0,0,0,12,12,8334,6402
compact51_marcy__current_roles,2019-04-05 05:00:00,35.7059208415,145.108147194,0,0,0,12,12,8618,7021
compact51_marcy__current_roles,2019-04-05 06:00:00,18.0816035728,90.3287239767,0,0,0,13,12,3554,5897
compact51_marcy__current_roles,2019-04-05 07:00:00,17.8298618073,81.5240631387,0,0,0,12,12,3340,5580
compact51_marcy__current_roles,2019-04-05 08:00:00,20.8257501995,78.9316228474,0,0,0,12,12,5518,5446
compact51_marcy__current_roles,2019-04-05 09:00:00,25.3024580013,82.6716388162,0,0,0,13,13,7393,5621
compact51_marcy__current_roles,2019-04-05 10:00:00,24.1988069438,133.893233551,0,0,0,12,12,7068,6889
compact51_marcy__current_roles,2019-04-05 11:00:00,26.8386758456,229.655361139,0,0,0,12,12,7762,7666
compact51_marcy__current_roles,2019-04-05 12:00:00,24.4392908012,205.425311708,0,0,0,12,12,7153,7540
compact51_marcy__current_roles,2019-04-05 13:00:00,21.3847375465,129.56963547,0,0,0,12,12,5826,6837
compact51_marcy__current_roles,2019-04-05 14:00:00,25.67998267,117.106477211,0,0,0,12,12,7492,6581
compact51_marcy__current_roles,2019-04-05 15:00:00,27.2568288003,81.775922778,0,0,0,12,12,7854,5592
compact51_marcy__current_roles,2019-04-05 16:00:00,29.4729587953,92.9035000771,0,0,0,12,11,8193,5978
compact51_marcy__current_roles,2019-04-05 17:00:00,27.989601847,76.380964891,0,0,0,12,12,7980,5294
compact51_marcy__current_roles,2019-04-05 18:00:00,23.5881172176,66.9495934259,0,0,0,12,12,6862,4282
compact51_marcy__current_roles,2019-04-05 19:00:00,24.7907736363,69.1832790405,0,0,0,12,12,7251,4573
compact51_marcy__current_roles,2019-04-05 20:00:00,29.0972756696,75.9208552025,0,0,0,12,12,8142,5258
compact51_marcy__current_roles,2019-04-05 21:00:00,23.3550223682,65.9761352213,0,0,0,12,12,6754,4111
compact51_marcy__current_roles,2019-04-05 22:00:00,29.509798953,70.0731767067,0,0,0,12,12,8202,4689
compact51_marcy__current_roles,2019-04-05 23:00:00,27.3661122325,65.2694901601,0,0,0,12,12,7880,3990
compact51_marcy__current_roles,2019-04-06 00:00:00,14.1957179178,49.4787574066,0,0,0,12,12,832,664
compact51_marcy__current_roles,2019-04-06 01:00:00,14.681475118,53.8445326062,0,0,0,12,12,1051,1435
compact51_marcy__current_roles,2019-04-06 02:00:00,14.5562860272,52.439911492,0,0,0,12,12,997,1152
compact51_marcy__current_roles,2019-04-06 03:00:00,18.8930518997,60.6732852035,0,0,0,12,12,4186,2963
compact51_marcy__current_roles,2019-04-06 04:00:00,20.0386181752,59.0988436964,0,0,0,12,12,5014,2616
compact51_marcy__current_roles,2019-04-06 05:00:00,23.4728290924,68.5280485768,0,0,0,13,12,6804,4497
compact51_marcy__current_roles,2019-04-06 06:00:00,24.5997002723,59.4917014671,0,0,0,12,12,7192,2697
compact51_marcy__current_roles,2019-04-06 07:00:00,26.0240137612,69.5771738841,0,0,0,12,12,7579,4620
compact51_marcy__current_roles,2019-04-06 08:00:00,13.5710515988,51.8098349487,0,0,0,12,12,569,1045
compact51_marcy__current_roles,2019-04-06 09:00:00,14.2139245661,57.3588182969,0,0,0,12,12,841,2180
compact51_marcy__current_roles,2019-04-06 10:00:00,18.786282089,100.684621414,0,0,0,12,12,4093,6228
compact51_marcy__current_roles,2019-04-06 11:00:00,22.1127654523,207.76045351,0,0,0,12,12,6175,7550
compact51_marcy__current_roles,2019-04-06 12:00:00,25.972249286,343.041417723,0,0,0,12,12,7568,8045
compact51_marcy__current_roles,2019-04-06 13:00:00,25.8534048353,192.338954452,0,0,0,12,12,7534,7443
compact51_marcy__current_roles,2019-04-06 14:00:00,33.5609008153,228.920255154,0,0,0,12,12,8540,7664
compact51_marcy__current_roles,2019-04-06 15:00:00,32.6434033457,254.175675644,0,0,0,12,12,8487,7786
compact51_marcy__current_roles,2019-04-06 16:00:00,25.4751431695,169.610600897,0,0,0,12,12,7438,7278
compact51_marcy__current_roles,2019-04-06 17:00:00,29.3609222541,153.109523327,0,0,0,12,12,8177,7120
compact51_marcy__current_roles,2019-04-06 18:00:00,24.8627504874,125.630477654,0,0,0,12,12,7271,6759
compact51_marcy__current_roles,2019-04-06 19:00:00,18.9687501429,65.0871757982,0,0,0,12,12,4248,3949
compact51_marcy__current_roles,2019-04-06 20:00:00,15.6767827724,59.1103460022,0,0,0,12,12,1712,2618
compact51_marcy__current_roles,2019-04-06 21:00:00,17.4611989067,61.1311510904,0,0,0,12,12,3044,3078
compact51_marcy__current_roles,2019-04-06 22:00:00,21.3388676895,63.2851047059,0,0,0,12,12,5792,3563
compact51_marcy__current_roles,2019-04-06 23:00:00,21.316592693,91.2699432226,0,0,0,12,12,5779,5916
compact51_marcy__current_roles,2019-04-07 00:00:00,16.9954920942,60.8892209498,0,0,0,12,12,2674,3017
compact51_marcy__current_roles,2019-04-07 01:00:00,21.7303046124,70.0061157105,0,0,0,12,12,5991,4680
compact51_marcy__current_roles,2019-04-07 02:00:00,23.1331705542,74.4217626427,0,0,0,12,12,6651,5132
compact51_marcy__current_roles,2019-04-07 03:00:00,21.8876273493,71.1456548688,0,0,0,12,12,6083,4800
compact51_marcy__current_roles,2019-04-07 04:00:00,24.7799411309,66.3671205561,0,0,0,12,12,7247,4174
compact51_marcy__current_roles,2019-04-07 05:00:00,23.4594452933,69.9201206169,0,0,0,12,12,6796,4673
compact51_marcy__current_roles,2019-04-07 06:00:00,25.6542964673,70.8709098996,0,0,0,12,12,7487,4775
compact51_marcy__current_roles,2019-04-07 07:00:00,22.8653120611,66.7735207896,0,0,0,12,12,6525,4247
compact51_marcy__current_roles,2019-04-07 08:00:00,21.4247262272,112.0353539,0,0,0,12,12,5847,6490
compact51_marcy__current_roles,2019-04-07 09:00:00,28.5530710005,157.330456664,0,0,0,12,12,8053,7168
compact51_marcy__current_roles,2019-04-07 10:00:00,28.498810263,170.701689625,0,0,0,12,12,8046,7286
compact51_marcy__current_roles,2019-04-07 11:00:00,29.7076930617,158.85082577,0,0,0,12,12,8222,7182
compact51_marcy__current_roles,2019-04-07 12:00:00,29.1819336983,235.014153432,0,0,0,12,12,8153,7694
compact51_marcy__current_roles,2019-04-07 13:00:00,31.6876812008,283.904650663,0,0,0,12,12,8433,7887
compact51_marcy__current_roles,2019-04-07 14:00:00,29.4729482336,228.409659532,0,0,0,12,12,8192,7662
compact51_marcy__current_roles,2019-04-07 15:00:00,30.2028972663,245.592311799,0,0,0,13,13,8287,7747
compact51_marcy__current_roles,2019-04-07 16:00:00,26.7735147034,121.080387708,0,0,0,10,10,7746,6670
compact51_marcy__current_roles,2019-04-07 17:00:00,25.2886678043,97.5159363207,0,0,0,12,12,7390,6123
compact51_marcy__current_roles,2019-04-07 18:00:00,20.1735677859,74.1180482942,0,0,0,12,12,5091,5102
compact51_marcy__current_roles,2019-04-07 19:00:00,22.7701616776,76.6074236056,0,0,0,12,12,6482,5314
compact51_marcy__current_roles,2019-04-07 20:00:00,20.0590950667,68.0916427326,0,0,0,12,12,5027,4435
compact51_marcy__current_roles,2019-04-07 21:00:00,16.9852940127,63.9198490764,0,0,0,12,12,2669,3692
compact51_marcy__current_roles,2019-04-07 22:00:00,18.0783476581,65.0863739771,0,0,0,12,12,3550,3948
compact51_marcy__current_roles,2019-04-07 23:00:00,20.1192536012,75.9323640737,0,0,0,12,12,5062,5260
compact51_marcy__current_roles,2019-04-08 00:00:00,22.8857972747,88.8008589448,0,0,0,12,12,6536,5840
compact51_marcy__current_roles,2019-04-08 01:00:00,26.6840732606,126.633669897,0,0,0,12,12,7730,6778
compact51_marcy__current_roles,2019-04-08 02:00:00,28.7720613804,150.274584873,0,0,0,12,12,8090,7089
compact51_marcy__current_roles,2019-04-08 03:00:00,26.6213737773,128.924571118,0,0,0,12,12,7718,6823
compact51_marcy__current_roles,2019-04-08 04:00:00,35.1441680695,213.088271579,0,0,0,12,12,8603,7574
compact51_marcy__current_roles,2019-04-08 05:00:00,38.4248239617,216.081097002,0,0,0,12,12,8692,7591
compact51_marcy__current_roles,2019-04-08 06:00:00,28.7010185556,216.400943862,0,0,0,12,12,8073,7594
compact51_marcy__current_roles,2019-04-08 07:00:00,25.4160300307,183.885781718,0,0,0,12,12,7426,7385
compact51_marcy__current_roles,2019-04-08 08:00:00,25.0589818578,146.247702818,0,0,0,12,12,7338,7038
compact51_marcy__current_roles,2019-04-08 09:00:00,24.0043128608,134.855129263,0,0,0,12,12,7004,6899
compact51_marcy__current_roles,2019-04-08 10:00:00,24.0838166304,162.571226742,0,0,0,12,12,7029,7213
compact51_marcy__current_roles,2019-04-08 11:00:00,25.7062934403,243.405922612,0,0,0,12,12,7500,7739
compact51_marcy__current_roles,2019-04-08 12:00:00,22.5395083407,204.333579068,0,0,0,12,12,6369,7530
compact51_marcy__current_roles,2019-04-08 13:00:00,22.7318301308,155.590741122,0,0,0,10,10,6464,7151
compact51_marcy__current_roles,2019-04-08 14:00:00,23.0382690547,165.505133285,0,0,0,12,12,6606,7242
compact51_marcy__current_roles,2019-04-08 15:00:00,20.9826532506,188.578436134,0,0,0,12,12,5603,7413
compact51_marcy__current_roles,2019-04-08 16:00:00,21.3265612428,152.779689717,0,0,0,12,12,5785,7114
compact51_marcy__current_roles,2019-04-08 17:00:00,21.6085223184,120.690999509,0,0,0,12,12,5940,6660
compact51_marcy__current_roles,2019-04-08 18:00:00,17.4983484977,55.7527008182,0,0,0,12,12,3074,1818
compact51_marcy__current_roles,2019-04-08 19:00:00,16.539577008,52.9136770039,0,0,0,12,12,2341,1244
compact51_marcy__current_roles,2019-04-08 20:00:00,16.5015828906,46.9937933589,0,0,0,12,12,2321,377
compact51_marcy__current_roles,2019-04-08 21:00:00,17.8266207679,57.7795853226,0,0,0,12,12,3334,2285
compact51_marcy__current_roles,2019-04-08 22:00:00,19.3808071942,64.528991328,0,0,0,12,12,4546,3821
compact51_marcy__current_roles,2019-04-08 23:00:00,18.6844708834,57.2719536197,0,0,0,12,12,4021,2156
compact51_marcy__current_roles,2019-04-09 00:00:00,19.9432907046,61.6676165234,0,0,0,12,12,4933,3209
compact51_marcy__current_roles,2019-04-09 01:00:00,17.2826280734,59.1901848953,0,0,0,12,12,2922,2638
compact51_marcy__current_roles,2019-04-09 02:00:00,19.4842986,61.2824666262,0,0,0,12,12,4630,3119
compact51_marcy__current_roles,2019-04-09 03:00:00,20.5523127147,64.1887896109,0,0,0,12,12,5339,3744
compact51_marcy__current_roles,2019-04-09 04:00:00,22.9768945357,69.2138892883,0,0,0,12,12,6581,4580
compact51_marcy__current_roles,2019-04-09 05:00:00,33.8738582054,96.9601548732,0,0,0,12,12,8550,6111
compact51_marcy__current_roles,2019-04-09 06:00:00,21.3338577037,78.1598265025,0,0,0,12,12,5789,5413
compact51_marcy__current_roles,2019-04-09 07:00:00,17.59337698,69.4587002628,0,0,0,12,12,3148,4609
compact51_marcy__current_roles,2019-04-09 08:00:00,18.8645078473,74.9444579149,0,0,0,12,12,4159,5167
compact51_marcy__current_roles,2019-04-09 09:00:00,23.6008094929,186.831550429,0,0,0,12,12,6866,7403
compact51_marcy__current_roles,2019-04-09 10:00:00,23.2443034878,244.869625664,0,0,0,12,12,6703,7744
compact51_marcy__current_roles,2019-04-09 11:00:00,20.8538377516,127.18639536,0,0,0,10,10,5534,6797
compact51_marcy__current_roles,2019-04-09 12:00:00,21.5142853197,116.801768101,0,0,0,12,12,5899,6578
compact51_marcy__current_roles,2019-04-09 13:00:00,18.6924494532,73.6863938241,0,0,0,11,11,4029,5050
compact51_marcy__current_roles,2019-04-09 14:00:00,19.4157487717,74.7896592584,0,0,0,12,12,4569,5154
compact51_marcy__current_roles,2019-04-09 15:00:00,18.1470134294,70.388873584,0,0,0,12,12,3613,4727
compact51_marcy__current_roles,2019-04-09 16:00:00,15.2810091618,57.8762440095,0,0,0,12,12,1450,2315
compact51_marcy__current_roles,2019-04-09 17:00:00,15.9200366256,51.077519195,0,0,0,12,12,1888,916
compact51_marcy__current_roles,2019-04-09 18:00:00,15.0692772786,50.4560720706,0,0,0,12,12,1308,807
compact51_marcy__current_roles,2019-04-09 19:00:00,14.8301221808,54.9715511077,0,0,0,12,12,1148,1656
compact51_marcy__current_roles,2019-04-09 20:00:00,17.5522804972,62.15547031,0,0,0,12,12,3121,3314
compact51_marcy__current_roles,2019-04-09 21:00:00,18.3728310638,64.0251981133,0,0,0,12,12,3787,3710
compact51_marcy__current_roles,2019-04-09 22:00:00,20.4876018015,66.8292274085,0,0,0,12,12,5304,4259
compact51_marcy__current_roles,2019-04-09 23:00:00,24.9772077239,201.758521264,0,0,0,12,12,7311,7515
compact51_marcy__current_roles,2019-04-10 00:00:00,20.9792365545,80.8400876368,0,0,0,13,13,5599,5540
compact51_marcy__current_roles,2019-04-10 01:00:00,21.9766029715,64.9180350002,0,0,0,12,12,6123,3908
compact51_marcy__current_roles,2019-04-10 02:00:00,24.7063436743,62.479817356,0,0,0,12,12,7221,3392
compact51_marcy__current_roles,2019-04-10 03:00:00,27.2063037951,64.436420947,0,0,0,12,12,7844,3799
compact51_marcy__current_roles,2019-04-10 04:00:00,30.6736562381,74.2862806357,0,0,0,12,12,8350,5115
compact51_marcy__current_roles,2019-04-10 05:00:00,32.2029039637,92.0863792227,0,0,0,12,12,8464,5948
compact51_marcy__current_roles,2019-04-10 06:00:00,19.7610150452,67.7054210478,0,0,0,12,12,4825,4393
compact51_marcy__current_roles,2019-04-10 07:00:00,16.3210065839,66.7804895819,0,0,0,12,12,2181,4249
compact51_marcy__current_roles,2019-04-10 08:00:00,17.4441814135,60.8300234947,0,0,0,12,12,3026,3003
compact51_marcy__current_roles,2019-04-10 09:00:00,17.3556628376,59.0847041269,0,0,0,12,12,2963,2613
compact51_marcy__current_roles,2019-04-10 10:00:00,17.0811989975,56.995436332,0,0,0,12,12,2745,2097
compact51_marcy__current_roles,2019-04-10 11:00:00,18.0369403494,62.2054731524,0,0,0,10,10,3519,3324
compact51_marcy__current_roles,2019-04-10 12:00:00,21.3518002745,119.116502845,0,0,0,12,12,5800,6622
compact51_marcy__current_roles,2019-04-10 13:00:00,15.4827200309,56.0963858554,0,0,0,12,12,1597,1892
compact51_marcy__current_roles,2019-04-10 14:00:00,14.4883649388,58.5522899918,0,0,0,11,11,961,2472
compact51_marcy__current_roles,2019-04-10 15:00:00,15.1130762675,59.0628184353,0,0,0,12,12,1326,2611
compact51_marcy__current_roles,2019-04-10 16:00:00,15.6714638433,56.1471963206,0,0,0,12,12,1705,1909
compact51_marcy__current_roles,2019-04-10 17:00:00,13.386058907,55.8889038167,0,0,0,11,10,512,1847
compact51_marcy__current_roles,2019-04-10 18:00:00,14.2152422987,52.6742221787,0,0,0,12,12,844,1201
compact51_marcy__current_roles,2019-04-10 19:00:00,15.2401618036,57.6158616584,0,0,0,12,12,1424,2245
compact51_marcy__current_roles,2019-04-10 20:00:00,11.8282680852,58.9609030886,0,0,0,13,12,117,2583
compact51_marcy__current_roles,2019-04-10 21:00:00,13.1549847115,54.7867117343,0,0,0,12,12,435,1618
compact51_marcy__current_roles,2019-04-10 22:00:00,14.5032721355,56.1310263377,0,0,0,12,12,968,1904
compact51_marcy__current_roles,2019-04-10 23:00:00,19.4445210004,60.6931185522,0,0,0,15,13,4594,2973
compact51_marcy__current_roles,2019-04-11 00:00:00,19.8278108006,52.107491847,0,0,0,11,11,4857,1096
compact51_marcy__current_roles,2019-04-11 01:00:00,19.188707314,44.7607932014,0,0,0,12,12,4422,218
compact51_marcy__current_roles,2019-04-11 02:00:00,19.409575972,44.2793105865,0,0,0,12,12,4563,191
compact51_marcy__current_roles,2019-04-11 03:00:00,17.0635189879,46.2734224376,0,0,0,12,12,2724,324
compact51_marcy__current_roles,2019-04-11 04:00:00,17.0752858657,51.3592224624,0,0,0,12,12,2741,960
compact51_marcy__current_roles,2019-04-11 05:00:00,19.3840862728,55.7166817035,0,0,0,12,12,4549,1811
compact51_marcy__current_roles,2019-04-11 06:00:00,14.1208701245,53.8999758453,0,0,0,13,12,795,1444
compact51_marcy__current_roles,2019-04-11 07:00:00,12.5681534378,58.9200058049,0,0,0,12,12,259,2569
compact51_marcy__current_roles,2019-04-11 08:00:00,14.3110768659,60.0442799908,0,0,0,12,12,884,2835
compact51_marcy__current_roles,2019-04-11 09:00:00,12.3699471814,58.6742740353,0,0,0,12,12,216,2504
compact51_marcy__current_roles,2019-04-11 10:00:00,12.3523156982,63.8655988628,0,0,0,12,12,209,3682
compact51_marcy__current_roles,2019-04-11 11:00:00,12.5649930005,64.0504717951,0,0,0,12,12,258,3716
compact51_marcy__current_roles,2019-04-11 12:00:00,12.291388624,75.8819749699,0,0,0,12,12,192,5256
compact51_marcy__current_roles,2019-04-11 13:00:00,13.6973348567,73.7997281988,0,0,0,12,12,616,5072
compact51_marcy__current_roles,2019-04-11 14:00:00,16.2063700096,93.3278754231,0,0,0,12,12,2086,5991
compact51_marcy__current_roles,2019-04-11 15:00:00,16.5659859387,70.0961985518,0,0,0,12,12,2370,4697
compact51_marcy__current_roles,2019-04-11 16:00:00,15.6272757034,65.2672019415,0,0,0,12,12,1685,3989
compact51_marcy__current_roles,2019-04-11 17:00:00,13.0337389766,59.157247132,0,0,0,12,12,393,2626
compact51_marcy__current_roles,2019-04-11 18:00:00,12.0637104572,51.4228748284,0,0,0,12,12,144,968
compact51_marcy__current_roles,2019-04-11 19:00:00,14.2583613004,49.1570491652,0,0,0,12,12,862,627
compact51_marcy__current_roles,2019-04-11 20:00:00,17.7979853621,43.2694557975,0,0,0,12,12,3307,137
compact51_marcy__current_roles,2019-04-11 21:00:00,20.5310541038,39.4192210685,0,0,0,12,12,5329,43
compact51_marcy__current_roles,2019-04-11 22:00:00,16.0609832444,44.2778354634,0,0,0,12,12,1986,190
compact51_marcy__current_roles,2019-04-11 23:00:00,15.1940139843,44.2397487205,0,0,0,12,12,1386,187
compact51_marcy__current_roles,2019-04-12 00:00:00,12.229132358,47.3464397489,0,0,0,12,12,176,420
compact51_marcy__current_roles,2019-04-12 01:00:00,11.5674942765,47.7719651984,0,0,0,12,12,81,460
compact51_marcy__current_roles,2019-04-12 02:00:00,13.5423983559,45.5578938875,0,0,0,12,12,561,266
compact51_marcy__current_roles,2019-04-12 03:00:00,13.9449183385,45.5246360656,0,0,0,12,12,720,263
compact51_marcy__current_roles,2019-04-12 04:00:00,15.4078477285,47.2830490425,0,0,0,12,12,1542,412
compact51_marcy__current_roles,2019-04-12 05:00:00,16.9361857863,42.46814487,0,0,0,12,12,2632,109
compact51_marcy__current_roles,2019-04-12 06:00:00,18.1449128996,56.2755253834,0,0,0,12,12,3612,1933
compact51_marcy__current_roles,2019-04-12 07:00:00,17.2056860849,39.237368374,0,0,0,12,12,2851,41
compact51_marcy__current_roles,2019-04-12 08:00:00,15.712402351,44.4169571111,0,0,0,12,12,1735,198
compact51_marcy__current_roles,2019-04-12 09:00:00,15.1812652397,44.6671394432,0,0,0,12,12,1375,212
compact51_marcy__current_roles,2019-04-12 10:00:00,17.0321921549,44.033313385,0,0,0,12,12,2703,165
compact51_marcy__current_roles,2019-04-12 11:00:00,12.4278787884,47.4096507913,0,0,0,12,12,227,425
compact51_marcy__current_roles,2019-04-12 12:00:00,12.488143017,51.6694353653,0,0,0,12,12,241,1025
compact51_marcy__current_roles,2019-04-12 13:00:00,14.6087834997,44.8999076959,0,0,0,12,12,1023,224
compact51_marcy__current_roles,2019-04-12 14:00:00,14.975448764,43.0687417309,0,0,0,12,12,1240,126
compact51_marcy__current_roles,2019-04-12 15:00:00,11.8385747144,51.6209353321,0,0,0,12,12,120,1012
compact51_marcy__current_roles,2019-04-12 16:00:00,16.1215575774,51.914199317,0,0,0,12,12,2033,1069
compact51_marcy__current_roles,2019-04-12 17:00:00,14.9234249411,50.7680163332,0,0,0,12,12,1211,865
compact51_marcy__current_roles,2019-04-12 18:00:00,14.3344583552,46.5935679047,0,0,0,12,12,896,347
compact51_marcy__current_roles,2019-04-12 19:00:00,14.0564309848,41.9184961076,0,0,0,12,12,764,91
compact51_marcy__current_roles,2019-04-12 20:00:00,14.7941921552,41.4030377873,0,0,0,12,12,1126,82
compact51_marcy__current_roles,2019-04-12 21:00:00,16.5647142159,54.9931128112,0,0,0,12,12,2368,1661
compact51_marcy__current_roles,2019-04-12 22:00:00,16.9410861727,52.5391145818,0,0,0,12,12,2636,1170
compact51_marcy__current_roles,2019-04-12 23:00:00,20.809043612,44.2913081694,0,0,0,12,12,5505,193
compact51_marcy__current_roles,2019-04-13 00:00:00,22.0189657517,3055.95802347,0,0,0,12,12,6134,8672
compact51_marcy__current_roles,2019-04-13 01:00:00,28.5651014555,5969.19750581,2,0,0,12,12,8055,8721
compact51_marcy__current_roles,2019-04-13 02:00:00,28.6735636153,994.583416494,2,0,0,12,12,8070,8494
compact51_marcy__current_roles,2019-04-13 03:00:00,29.2519365563,554.991621888,2,0,0,12,12,8167,8298
compact51_marcy__current_roles,2019-04-13 04:00:00,32.5468269695,644.32235359,2,0,0,12,12,8482,8358
compact51_marcy__current_roles,2019-04-13 05:00:00,33.1375205717,638.858149605,2,0,0,12,12,8515,8355
compact51_marcy__current_roles,2019-04-13 06:00:00,35.1189706107,501.231271813,2,0,0,12,12,8601,8251
compact51_marcy__current_roles,2019-04-13 07:00:00,34.6430869142,554.568508355,2,0,0,12,12,8578,8297
compact51_marcy__current_roles,2019-04-13 08:00:00,31.3515282525,1162.38147206,2,0,0,12,12,8408,8528
compact51_marcy__current_roles,2019-04-13 09:00:00,30.0324107333,3085.03602405,1,0,0,13,13,8272,8673
compact51_marcy__current_roles,2019-04-13 10:00:00,24.2374973094,125252.945563,2,0,0,13,12,7083,8757
compact51_marcy__current_roles,2019-04-13 11:00:00,27.6506831974,20859.6344995,2,0,0,12,12,7933,8746
compact51_marcy__current_roles,2019-04-13 12:00:00,32.4092915697,732.387357348,2,0,0,12,12,8472,8409
compact51_marcy__current_roles,2019-04-13 13:00:00,30.3818423547,652.544150304,2,0,0,12,12,8310,8365
compact51_marcy__current_roles,2019-04-13 14:00:00,28.1902540218,1509.10609828,2,0,0,12,12,8006,8576
compact51_marcy__current_roles,2019-04-13 15:00:00,26.8840220073,1441.56360765,2,0,0,12,12,7775,8569
compact51_marcy__current_roles,2019-04-13 16:00:00,29.7756623566,1925.81720444,2,0,0,12,12,8235,8612
compact51_marcy__current_roles,2019-04-13 17:00:00,27.1454472779,1832.70315683,1,0,0,12,12,7833,8602
compact51_marcy__current_roles,2019-04-13 18:00:00,26.7343469442,725.577772604,1,0,0,12,12,7741,8406
compact51_marcy__current_roles,2019-04-13 19:00:00,23.2568692812,396.984241539,1,0,0,12,12,6708,8132
compact51_marcy__current_roles,2019-04-13 20:00:00,20.7192711186,181.836399613,0,0,0,10,10,5443,7374
compact51_marcy__current_roles,2019-04-13 21:00:00,20.7544592031,241.760318495,0,0,0,12,12,5466,7730
compact51_marcy__current_roles,2019-04-13 22:00:00,26.1159385386,331.987965836,0,0,0,12,12,7596,8013
compact51_marcy__current_roles,2019-04-13 23:00:00,26.141861901,95.4943533616,0,0,0,12,12,7606,6063
compact51_marcy__current_roles,2019-04-14 00:00:00,23.6395989332,72.7475391945,0,0,0,13,13,6882,4948
compact51_marcy__current_roles,2019-04-14 01:00:00,24.2506870824,55.0261971304,0,0,0,12,12,7087,1667
compact51_marcy__current_roles,2019-04-14 02:00:00,27.380861528,64.553035901,0,0,0,12,12,7889,3826
compact51_marcy__current_roles,2019-04-14 03:00:00,24.9549384789,56.4406708069,0,0,0,12,12,7305,1963
compact51_marcy__current_roles,2019-04-14 04:00:00,23.6112944651,57.8049511572,0,0,0,12,12,6868,2297
compact51_marcy__current_roles,2019-04-14 05:00:00,20.6785427409,57.0750376144,0,0,0,12,12,5416,2113
compact51_marcy__current_roles,2019-04-14 06:00:00,21.3016228204,58.4799871788,0,0,0,12,12,5773,2452
compact51_marcy__current_roles,2019-04-14 07:00:00,21.9907005004,61.8682077989,0,0,0,12,12,6127,3250
compact51_marcy__current_roles,2019-04-14 08:00:00,16.2965534325,68.6769302345,0,0,0,12,12,2155,4512
compact51_marcy__current_roles,2019-04-14 09:00:00,17.4691881501,69.1826352533,0,0,0,12,12,3053,4571
compact51_marcy__current_roles,2019-04-14 10:00:00,17.1677872706,75.8543021559,0,0,0,12,12,2819,5251
compact51_marcy__current_roles,2019-04-14 11:00:00,21.9557289626,82.0918734907,0,0,0,12,12,6111,5601
compact51_marcy__current_roles,2019-04-14 12:00:00,26.5564961809,73.9206789428,0,0,0,12,12,7707,5083
compact51_marcy__current_roles,2019-04-14 13:00:00,20.0128164183,62.8490800012,0,0,0,12,12,4988,3465
compact51_marcy__current_roles,2019-04-14 14:00:00,18.7063126291,58.194247598,0,0,0,12,12,4037,2383
compact51_marcy__current_roles,2019-04-14 15:00:00,17.0609729081,56.0689145534,0,0,0,12,12,2722,1888
compact51_marcy__current_roles,2019-04-14 16:00:00,18.34767429,51.1905696363,0,0,0,12,12,3770,935
compact51_marcy__current_roles,2019-04-14 17:00:00,18.5848358001,42.6698281255,0,0,0,12,12,3952,117
compact51_marcy__current_roles,2019-04-14 18:00:00,18.8396631009,43.258959381,0,0,0,12,12,4135,135
compact51_marcy__current_roles,2019-04-14 19:00:00,22.5926965641,43.1155821795,0,0,0,12,12,6395,129
compact51_marcy__current_roles,2019-04-14 20:00:00,30.0646764471,69.3812700061,0,0,0,12,12,8279,4600
compact51_marcy__current_roles,2019-04-14 21:00:00,27.7910675072,64.0940950009,0,0,0,12,12,7955,3725
compact51_marcy__current_roles,2019-04-14 22:00:00,28.8218033734,433.177209075,0,0,0,12,12,8098,8173
compact51_marcy__current_roles,2019-04-14 23:00:00,29.3271731374,193.942034485,0,0,0,12,12,8176,7454
compact51_marcy__current_roles,2019-04-15 00:00:00,22.4274198845,143.094482871,0,0,0,13,13,6305,7001
compact51_marcy__current_roles,2019-04-15 01:00:00,22.3001482383,130.211357737,0,0,0,12,12,6256,6841
compact51_marcy__current_roles,2019-04-15 02:00:00,26.3047000072,150.285738205,0,0,0,12,12,7641,7090
compact51_marcy__current_roles,2019-04-15 03:00:00,30.2834054876,139.854794652,0,0,0,12,12,8303,6961
compact51_marcy__current_roles,2019-04-15 04:00:00,34.0857841039,126.065386309,0,0,0,12,12,8554,6771
compact51_marcy__current_roles,2019-04-15 05:00:00,36.4364245555,301.039802726,0,0,0,12,12,8638,7934
compact51_marcy__current_roles,2019-04-15 06:00:00,31.9647144837,111.288944417,0,0,0,12,12,8449,6473
compact51_marcy__current_roles,2019-04-15 07:00:00,25.9710736674,88.4615910417,0,0,0,12,12,7567,5830
compact51_marcy__current_roles,2019-04-15 08:00:00,24.8666821352,103.954632064,0,0,0,13,12,7274,6323
compact51_marcy__current_roles,2019-04-15 09:00:00,27.1418113756,188.765722805,0,0,0,12,12,7832,7414
compact51_marcy__current_roles,2019-04-15 10:00:00,25.7830225087,105.135128071,0,0,0,12,12,7518,6351
compact51_marcy__current_roles,2019-04-15 11:00:00,26.3630682443,69.5751874767,0,0,0,12,12,7660,4619
compact51_marcy__current_roles,2019-04-15 12:00:00,26.990129304,101.359371713,0,0,0,12,12,7803,6251
compact51_marcy__current_roles,2019-04-15 13:00:00,26.1759797059,58.8032478798,0,0,0,12,12,7619,2536
compact51_marcy__current_roles,2019-04-15 14:00:00,20.8598506714,58.8335632598,0,0,0,12,12,5536,2545
compact51_marcy__current_roles,2019-04-15 15:00:00,24.4951919277,56.6128799039,0,0,0,12,12,7169,2006
compact51_marcy__current_roles,2019-04-15 16:00:00,20.0653716942,49.848419586,0,0,0,12,12,5031,711
compact51_marcy__current_roles,2019-04-15 17:00:00,20.324003145,44.7024905011,0,0,0,12,12,5198,216
compact51_marcy__current_roles,2019-04-15 18:00:00,22.0655366519,46.4737786407,0,0,0,12,12,6151,338
compact51_marcy__current_roles,2019-04-15 19:00:00,20.2788485169,73.3291247129,0,0,0,12,12,5165,5009
compact51_marcy__current_roles,2019-04-15 20:00:00,25.7732316316,64.1177347516,0,0,0,12,12,7516,3731
compact51_marcy__current_roles,2019-04-15 21:00:00,28.1004013341,93.6487871892,0,0,0,12,12,7997,6000
compact51_marcy__current_roles,2019-04-15 22:00:00,27.2180305143,89.2625761235,0,0,0,12,12,7848,5859
compact51_marcy__current_roles,2019-04-15 23:00:00,27.3038053114,85.263982233,0,0,0,12,12,7866,5731
compact51_marcy__current_roles,2019-04-16 00:00:00,18.4810153794,49.3340944842,0,0,0,12,12,3862,644
compact51_marcy__current_roles,2019-04-16 01:00:00,18.8760861597,51.0079257598,0,0,0,12,12,4171,903
compact51_marcy__current_roles,2019-04-16 02:00:00,21.0004432779,69.5583993743,0,0,0,12,12,5612,4618
compact51_marcy__current_roles,2019-04-16 03:00:00,24.1277099585,82.989281626,0,0,0,12,12,7043,5637
compact51_marcy__current_roles,2019-04-16 04:00:00,23.8271070065,81.449854469,0,0,0,12,12,6950,5576
compact51_marcy__current_roles,2019-04-16 05:00:00,23.1000663246,82.5412807218,0,0,0,12,12,6636,5615
compact51_marcy__current_roles,2019-04-16 06:00:00,23.0685113887,49.5571778835,0,0,0,12,12,6617,680
compact51_marcy__current_roles,2019-04-16 07:00:00,20.919190983,46.1848647217,0,0,0,12,12,5567,316
compact51_marcy__current_roles,2019-04-16 08:00:00,29.0686048022,49.9676910867,0,0,0,12,12,8138,731
compact51_marcy__current_roles,2019-04-16 09:00:00,27.5455232096,68.9985498413,0,0,0,14,13,7918,4557
compact51_marcy__current_roles,2019-04-16 10:00:00,24.1011524824,107.089708416,0,0,0,12,12,7033,6390
compact51_marcy__current_roles,2019-04-16 11:00:00,26.8129573937,125.727213028,0,0,0,11,11,7757,6763
compact51_marcy__current_roles,2019-04-16 12:00:00,26.6733510948,87.5377050158,0,0,0,13,13,7727,5802
compact51_marcy__current_roles,2019-04-16 13:00:00,30.9175094802,198.865629222,0,0,0,12,12,8376,7492
compact51_marcy__current_roles,2019-04-16 14:00:00,27.1976973185,141.560669181,0,0,0,12,12,7840,6982
compact51_marcy__current_roles,2019-04-16 15:00:00,28.9575677634,149.292168189,0,0,0,12,12,8122,7073
compact51_marcy__current_roles,2019-04-16 16:00:00,25.4912812139,61.5924585519,0,0,0,12,12,7445,3190
compact51_marcy__current_roles,2019-04-16 17:00:00,26.1017888216,67.5071518951,0,0,0,12,12,7592,4358
compact51_marcy__current_roles,2019-04-16 18:00:00,17.3811534539,51.6023571575,0,0,0,12,12,2981,1007
compact51_marcy__current_roles,2019-04-16 19:00:00,23.2403492459,61.2531359453,0,0,0,12,12,6700,3110
compact51_marcy__current_roles,2019-04-16 20:00:00,22.466933102,68.1065425477,0,0,0,12,12,6328,4437
compact51_marcy__current_roles,2019-04-16 21:00:00,21.9685770058,96.3117136892,0,0,0,12,12,6118,6095
compact51_marcy__current_roles,2019-04-16 22:00:00,26.7853498306,120.062209092,0,0,0,12,12,7749,6643
compact51_marcy__current_roles,2019-04-16 23:00:00,36.1840297081,243.348980663,0,0,0,12,12,8628,7738
compact51_marcy__current_roles,2019-04-17 00:00:00,29.8929400266,106.21912571,0,0,0,12,12,8251,6373
compact51_marcy__current_roles,2019-04-17 01:00:00,29.1909067577,151.619593951,0,0,0,12,12,8157,7102
compact51_marcy__current_roles,2019-04-17 02:00:00,31.1280306232,199.115720274,0,0,0,12,12,8393,7495
compact51_marcy__current_roles,2019-04-17 03:00:00,32.3431653411,159.259181344,0,0,0,12,12,8469,7188
compact51_marcy__current_roles,2019-04-17 04:00:00,34.7056587006,200.776713718,0,0,0,12,12,8585,7507
compact51_marcy__current_roles,2019-04-17 05:00:00,35.5448016398,214.017420476,0,0,0,12,12,8616,7577
compact51_marcy__current_roles,2019-04-17 06:00:00,30.2610015868,157.888810381,0,0,0,12,12,8298,7177
compact51_marcy__current_roles,2019-04-17 07:00:00,31.3215939286,93.7971573715,0,0,0,12,12,8406,6004
compact51_marcy__current_roles,2019-04-17 08:00:00,31.2456176086,85.0639470236,0,0,0,12,12,8399,5721
compact51_marcy__current_roles,2019-04-17 09:00:00,25.5839040348,57.989080751,0,0,0,12,12,7470,2342
compact51_marcy__current_roles,2019-04-17 10:00:00,25.2830947371,65.5361267412,0,0,0,12,12,7389,4045
compact51_marcy__current_roles,2019-04-17 11:00:00,22.6218642839,69.2653830288,0,0,0,12,12,6412,4587
compact51_marcy__current_roles,2019-04-17 12:00:00,23.9376069793,74.5975962471,0,0,0,11,11,6984,5145
compact51_marcy__current_roles,2019-04-17 13:00:00,26.5583375938,92.2028793468,0,0,0,12,12,7708,5955
compact51_marcy__current_roles,2019-04-17 14:00:00,23.6867929542,75.2186933313,0,0,0,12,12,6904,5198
compact51_marcy__current_roles,2019-04-17 15:00:00,23.9223324303,78.150083342,0,0,0,12,12,6980,5411
compact51_marcy__current_roles,2019-04-17 16:00:00,23.0185199785,71.1727818622,0,0,0,12,12,6597,4804
compact51_marcy__current_roles,2019-04-17 17:00:00,20.0625626829,67.6909393068,0,0,0,12,12,5029,4388
compact51_marcy__current_roles,2019-04-17 18:00:00,21.8761708111,69.1865113215,0,0,0,12,12,6077,4575
compact51_marcy__current_roles,2019-04-17 19:00:00,22.5715680108,65.2017404856,0,0,0,12,12,6385,3976
compact51_marcy__current_roles,2019-04-17 20:00:00,24.2945370531,63.7888068751,0,0,0,12,12,7104,3662
compact51_marcy__current_roles,2019-04-17 21:00:00,22.2171122798,62.041607286,0,0,0,12,12,6219,3288
compact51_marcy__current_roles,2019-04-17 22:00:00,23.2305069458,65.0514330419,0,0,0,12,12,6697,3940
compact51_marcy__current_roles,2019-04-17 23:00:00,22.7848748385,64.8266608375,0,0,0,12,12,6489,3891
compact51_marcy__current_roles,2019-04-18 00:00:00,19.4501808539,62.0028546621,0,0,0,12,12,4600,3277
compact51_marcy__current_roles,2019-04-18 01:00:00,20.8165431535,65.235847105,0,0,0,12,12,5511,3984
compact51_marcy__current_roles,2019-04-18 02:00:00,21.0315754792,70.0028418725,0,0,0,12,12,5636,4678
compact51_marcy__current_roles,2019-04-18 03:00:00,22.0320029954,72.0272683239,0,0,0,12,12,6141,4889
compact51_marcy__current_roles,2019-04-18 04:00:00,27.0572983159,107.612824422,0,0,0,12,12,7817,6397
compact51_marcy__current_roles,2019-04-18 05:00:00,25.7399238409,104.905799485,0,0,0,12,12,7510,6349
compact51_marcy__current_roles,2019-04-18 06:00:00,25.1326253981,79.8270041577,0,0,0,12,12,7351,5495
compact51_marcy__current_roles,2019-04-18 07:00:00,19.7008684975,58.4412734027,0,0,0,12,12,4790,2446
compact51_marcy__current_roles,2019-04-18 08:00:00,19.6921904219,60.6934142121,0,0,0,12,12,4784,2974
compact51_marcy__current_roles,2019-04-18 09:00:00,22.6345501826,63.3746249541,0,0,0,12,12,6419,3582
compact51_marcy__current_roles,2019-04-18 10:00:00,23.3347657713,63.2588788299,0,0,0,12,12,6746,3556
compact51_marcy__current_roles,2019-04-18 11:00:00,23.2791855086,67.0671842409,0,0,0,12,12,6721,4298
compact51_marcy__current_roles,2019-04-18 12:00:00,19.8047626117,59.6263636117,0,0,0,12,12,4848,2726
compact51_marcy__current_roles,2019-04-18 13:00:00,21.4463846611,63.8023325499,0,0,0,12,12,5857,3667
compact51_marcy__current_roles,2019-04-18 14:00:00,20.3353352555,63.8560364762,0,0,0,12,12,5206,3679
compact51_marcy__current_roles,2019-04-18 15:00:00,21.255717793,64.1574079917,0,0,0,12,12,5748,3739
compact51_marcy__current_roles,2019-04-18 16:00:00,21.2012833865,60.5604736582,0,0,0,13,13,5714,2938
compact51_marcy__current_roles,2019-04-18 17:00:00,18.6364081477,62.1679628763,0,0,0,12,12,3988,3316
compact51_marcy__current_roles,2019-04-18 18:00:00,23.4606446218,64.513212111,0,0,0,12,12,6798,3817
compact51_marcy__current_roles,2019-04-18 19:00:00,21.0703487264,64.8405845,0,0,0,12,12,5657,3896
compact51_marcy__current_roles,2019-04-18 20:00:00,18.8380319649,57.3913813619,0,0,0,12,12,4133,2192
compact51_marcy__current_roles,2019-04-18 21:00:00,19.0767445778,60.6419399851,0,0,0,12,12,4345,2958
compact51_marcy__current_roles,2019-04-18 22:00:00,20.0576982587,54.5056711731,0,0,0,12,12,5026,1556
compact51_marcy__current_roles,2019-04-18 23:00:00,20.6784580464,51.011667027,0,0,0,12,12,5415,904
compact51_marcy__current_roles,2019-04-19 00:00:00,23.2863645446,94.6060155606,0,0,0,12,12,6724,6035
compact51_marcy__current_roles,2019-04-19 01:00:00,26.3695731881,119.810274311,0,0,0,12,12,7662,6634
compact51_marcy__current_roles,2019-04-19 02:00:00,25.8536382732,91.9104893976,0,0,0,12,12,7535,5942
compact51_marcy__current_roles,2019-04-19 03:00:00,27.8589826946,78.6690746771,0,0,0,12,12,7961,5432
compact51_marcy__current_roles,2019-04-19 04:00:00,29.9243155166,89.5705776397,0,0,0,12,12,8255,5870
compact51_marcy__current_roles,2019-04-19 05:00:00,27.480720738,72.4552394362,0,0,0,12,12,7903,4928
compact51_marcy__current_roles,2019-04-19 06:00:00,21.4098302312,58.9956833117,0,0,0,12,12,5838,2594
compact51_marcy__current_roles,2019-04-19 07:00:00,18.513971756,57.4350292927,0,0,0,11,11,3882,2205
compact51_marcy__current_roles,2019-04-19 08:00:00,17.0642667762,59.9084700556,0,0,0,12,12,2725,2797
compact51_marcy__current_roles,2019-04-19 09:00:00,19.0792931145,65.1818710681,0,0,0,13,13,4346,3971
compact51_marcy__current_roles,2019-04-19 10:00:00,16.9284654287,59.4099536465,0,0,0,10,10,2624,2688
compact51_marcy__current_roles,2019-04-19 11:00:00,16.2924438621,58.6159103719,0,0,0,12,12,2149,2492
compact51_marcy__current_roles,2019-04-19 12:00:00,16.3164792686,61.3762645107,0,0,0,12,12,2177,3140
compact51_marcy__current_roles,2019-04-19 13:00:00,16.7715568986,60.7986309606,0,0,0,12,12,2512,2995
compact51_marcy__current_roles,2019-04-19 14:00:00,16.8876776091,60.9763095971,0,0,0,12,12,2593,3042
compact51_marcy__current_roles,2019-04-19 15:00:00,18.1757579803,64.1339017125,0,0,0,12,12,3635,3734
compact51_marcy__current_roles,2019-04-19 16:00:00,19.0613937891,64.6034506379,0,0,0,12,12,4326,3838
compact51_marcy__current_roles,2019-04-19 17:00:00,16.7682510827,62.4633276799,0,0,0,12,12,2511,3390
compact51_marcy__current_roles,2019-04-19 18:00:00,19.6516884241,66.9557930166,0,0,0,12,12,4750,4284
compact51_marcy__current_roles,2019-04-19 19:00:00,18.3129714128,64.7098096696,0,0,0,12,12,3736,3858
compact51_marcy__current_roles,2019-04-19 20:00:00,15.0123839787,58.8084647095,0,0,0,12,12,1271,2540
compact51_marcy__current_roles,2019-04-19 21:00:00,18.3734690114,63.4722930537,0,0,0,12,12,3788,3606
compact51_marcy__current_roles,2019-04-19 22:00:00,21.8023563276,67.6670075853,0,0,0,13,12,6031,4383
compact51_marcy__current_roles,2019-04-19 23:00:00,23.5231024823,65.8705048881,0,0,0,12,12,6829,4094
compact51_marcy__current_roles,2019-04-20 00:00:00,25.5628582828,3385.12841347,1,0,0,12,12,7462,8678
compact51_marcy__current_roles,2019-04-20 01:00:00,25.9536332233,4317.73724223,1,0,0,12,12,7564,8701
compact51_marcy__current_roles,2019-04-20 02:00:00,26.7091155053,929.112507776,2,0,0,12,12,7734,8476
compact51_marcy__current_roles,2019-04-20 03:00:00,29.13766697,473.661438612,2,0,0,12,12,8146,8216
compact51_marcy__current_roles,2019-04-20 04:00:00,37.8745713883,403.779307391,2,0,0,12,12,8679,8141
compact51_marcy__current_roles,2019-04-20 05:00:00,37.5465339782,498.839420582,2,0,0,12,12,8671,8248
compact51_marcy__current_roles,2019-04-20 06:00:00,39.8278580811,734.449807927,2,0,0,12,12,8707,8411
compact51_marcy__current_roles,2019-04-20 07:00:00,36.3119591742,987.279677057,2,0,0,12,12,8634,8491
compact51_marcy__current_roles,2019-04-20 08:00:00,34.0091202785,1954.08708069,2,0,0,12,12,8552,8614
compact51_marcy__current_roles,2019-04-20 09:00:00,28.9604464449,502.3400122,1,0,0,12,12,8123,8253
compact51_marcy__current_roles,2019-04-20 10:00:00,32.4915385771,313.520746269,1,0,0,12,12,8476,7969
compact51_marcy__current_roles,2019-04-20 11:00:00,34.1186878695,197.573592014,1,0,0,12,12,8556,7483
compact51_marcy__current_roles,2019-04-20 12:00:00,31.8738910177,256.404337751,1,0,0,12,12,8443,7796
compact51_marcy__current_roles,2019-04-20 13:00:00,30.2167879028,468.965397673,1,0,0,12,12,8289,8209
compact51_marcy__current_roles,2019-04-20 14:00:00,32.4376019946,5302.4987726,1,0,0,12,12,8473,8713
compact51_marcy__current_roles,2019-04-20 15:00:00,34.3521852309,1166.57756212,2,0,0,12,12,8566,8529
compact51_marcy__current_roles,2019-04-20 16:00:00,34.159147518,704.379178182,2,0,0,12,12,8558,8400
compact51_marcy__current_roles,2019-04-20 17:00:00,35.8529534921,1003.65213485,2,0,0,12,12,8622,8498
compact51_marcy__current_roles,2019-04-20 18:00:00,36.6074555236,472.493354007,2,0,0,12,12,8641,8214
compact51_marcy__current_roles,2019-04-20 19:00:00,34.4707952009,342.667027462,2,0,0,12,12,8572,8043
compact51_marcy__current_roles,2019-04-20 20:00:00,30.6854050453,1135.23058341,2,0,0,12,12,8352,8524
compact51_marcy__current_roles,2019-04-20 21:00:00,26.0210246653,811.110799575,0,0,0,12,12,7577,8437
compact51_marcy__current_roles,2019-04-20 22:00:00,26.024511694,110.638057546,0,0,0,12,12,7580,6458
compact51_marcy__current_roles,2019-04-20 23:00:00,26.361348052,96.1525444925,0,0,0,12,12,7659,6092
compact51_marcy__current_roles,2019-04-21 00:00:00,25.1510822328,165.212345767,0,0,0,13,12,7355,7240
compact51_marcy__current_roles,2019-04-21 01:00:00,28.8868894233,84.6041679134,0,0,0,12,12,8109,5705
compact51_marcy__current_roles,2019-04-21 02:00:00,25.9610293117,73.4040020981,0,0,0,12,12,7565,5018
compact51_marcy__current_roles,2019-04-21 03:00:00,27.0517243152,77.2685594817,0,0,0,12,12,7814,5349
compact51_marcy__current_roles,2019-04-21 04:00:00,28.6459105065,68.3609455108,0,0,0,12,12,8066,4472
compact51_marcy__current_roles,2019-04-21 05:00:00,26.450011673,64.9466753994,0,0,0,12,12,7676,3920
compact51_marcy__current_roles,2019-04-21 06:00:00,28.0567697298,65.4512899985,0,0,0,12,12,7992,4025
compact51_marcy__current_roles,2019-04-21 07:00:00,25.7217213284,66.4212694736,0,0,0,13,12,7504,4185
compact51_marcy__current_roles,2019-04-21 08:00:00,24.1657717799,75.5103008902,0,0,0,13,13,7053,5227
compact51_marcy__current_roles,2019-04-21 09:00:00,19.3413737849,73.4273850965,0,0,0,12,12,4523,5020
compact51_marcy__current_roles,2019-04-21 10:00:00,17.4074599748,70.239170509,0,0,0,12,12,3003,4711
compact51_marcy__current_roles,2019-04-21 11:00:00,18.5600253238,72.2581336109,0,0,0,12,12,3919,4911
compact51_marcy__current_roles,2019-04-21 12:00:00,20.6365853378,74.3465387768,0,0,0,13,12,5382,5126
compact51_marcy__current_roles,2019-04-21 13:00:00,16.9902980641,66.9245646518,0,0,0,12,12,2670,4274
compact51_marcy__current_roles,2019-04-21 14:00:00,21.0029870962,73.2495798208,0,0,0,12,12,5613,5004
compact51_marcy__current_roles,2019-04-21 15:00:00,21.1072042508,75.3027375419,0,0,0,12,12,5680,5206
compact51_marcy__current_roles,2019-04-21 16:00:00,22.7903643542,77.6562497549,0,0,0,12,12,6494,5379
compact51_marcy__current_roles,2019-04-21 17:00:00,22.9184786202,74.8992373988,0,0,0,12,12,6550,5164
compact51_marcy__current_roles,2019-04-21 18:00:00,22.5398148153,68.8667479013,0,0,0,12,12,6370,4536
compact51_marcy__current_roles,2019-04-21 19:00:00,16.8071566036,62.9351348972,0,0,0,12,12,2543,3489
compact51_marcy__current_roles,2019-04-21 20:00:00,18.4035483795,62.8957050246,0,0,0,12,12,3802,3479
compact51_marcy__current_roles,2019-04-21 21:00:00,20.4378315717,64.1998081965,0,0,0,12,12,5270,3747
compact51_marcy__current_roles,2019-04-21 22:00:00,18.3041430321,61.6425447626,0,0,0,12,12,3731,3202
compact51_marcy__current_roles,2019-04-21 23:00:00,20.8840066145,67.9475640826,0,0,0,12,12,5552,4413
compact51_marcy__current_roles,2019-04-22 00:00:00,19.5046220611,61.3528138747,0,0,0,12,12,4652,3135
compact51_marcy__current_roles,2019-04-22 01:00:00,19.1791225269,62.8104127173,0,0,0,12,12,4414,3459
compact51_marcy__current_roles,2019-04-22 02:00:00,17.4519242959,58.6637289411,0,0,0,12,12,3038,2503
compact51_marcy__current_roles,2019-04-22 03:00:00,16.5137955217,58.6958318343,0,0,0,12,12,2326,2512
compact51_marcy__current_roles,2019-04-22 04:00:00,26.8844254318,68.9622722149,0,0,0,12,12,7776,4550
compact51_marcy__current_roles,2019-04-22 05:00:00,24.7645819314,89.2920255875,0,0,0,12,12,7237,5861
compact51_marcy__current_roles,2019-04-22 06:00:00,25.4554462925,117.735528311,0,0,0,12,12,7434,6595
compact51_marcy__current_roles,2019-04-22 07:00:00,19.2958416229,49.8614801972,0,0,0,12,12,4490,712
compact51_marcy__current_roles,2019-04-22 08:00:00,30.5311727765,121.473241005,0,0,0,13,12,8331,6679
compact51_marcy__current_roles,2019-04-22 09:00:00,35.4617819114,312.544060597,0,0,0,12,12,8614,7968
compact51_marcy__current_roles,2019-04-22 10:00:00,23.1791785941,163.593472934,0,0,0,12,12,6673,7228
compact51_marcy__current_roles,2019-04-22 11:00:00,20.1908284479,72.203013913,0,0,0,12,12,5105,4909
compact51_marcy__current_roles,2019-04-22 12:00:00,24.2762322165,94.6034505674,0,0,0,12,12,7100,6034
compact51_marcy__current_roles,2019-04-22 13:00:00,15.8758940012,54.5441021775,0,0,0,12,12,1839,1563
compact51_marcy__current_roles,2019-04-22 14:00:00,13.657922333,51.9608390822,0,0,0,12,12,598,1074
compact51_marcy__current_roles,2019-04-22 15:00:00,16.6133713865,54.49742235,0,0,0,12,12,2398,1551
compact51_marcy__current_roles,2019-04-22 16:00:00,14.1896065013,50.8555880339,0,0,0,12,12,826,880
compact51_marcy__current_roles,2019-04-22 17:00:00,15.050033499,53.0622275508,0,0,0,12,12,1294,1273
compact51_marcy__current_roles,2019-04-22 18:00:00,18.4651015449,51.6923158641,0,0,0,12,12,3853,1030
compact51_marcy__current_roles,2019-04-22 19:00:00,20.4385042623,50.0749444347,0,0,0,12,12,5271,752
compact51_marcy__current_roles,2019-04-22 20:00:00,20.7886899471,49.2800639283,0,0,0,12,12,5489,637
compact51_marcy__current_roles,2019-04-22 21:00:00,14.6335905869,47.5594243892,0,0,0,12,12,1032,441
compact51_marcy__current_roles,2019-04-22 22:00:00,18.4590341842,50.3339306968,0,0,0,12,12,3845,794
compact51_marcy__current_roles,2019-04-22 23:00:00,20.3104429897,53.2336357445,0,0,0,12,12,5185,1316
compact51_marcy__current_roles,2019-04-23 00:00:00,20.4031593434,54.4554732862,0,0,0,12,12,5254,1539
compact51_marcy__current_roles,2019-04-23 01:00:00,22.9657927572,55.3499277516,0,0,0,12,12,6576,1726
compact51_marcy__current_roles,2019-04-23 02:00:00,20.7641567957,56.3042329702,0,0,0,12,12,5474,1937
compact51_marcy__current_roles,2019-04-23 03:00:00,25.9299808668,52.3281978093,0,0,0,12,12,7553,1129
compact51_marcy__current_roles,2019-04-23 04:00:00,25.3915200526,50.2412965204,0,0,0,12,12,7420,779
compact51_marcy__current_roles,2019-04-23 05:00:00,24.2753694077,48.929193993,0,0,0,12,12,7099,603
compact51_marcy__current_roles,2019-04-23 06:00:00,26.9016767157,59.803762558,0,0,0,12,12,7782,2769
compact51_marcy__current_roles,2019-04-23 07:00:00,16.5937762684,46.8609174583,0,0,0,12,12,2385,366
compact51_marcy__current_roles,2019-04-23 08:00:00,26.0923254645,100.683760678,0,0,0,12,12,7591,6227
compact51_marcy__current_roles,2019-04-23 09:00:00,21.2471312678,82.8513714034,0,0,0,12,12,5746,5631
compact51_marcy__current_roles,2019-04-23 10:00:00,21.2841697817,85.2033140395,0,0,0,12,12,5765,5730
compact51_marcy__current_roles,2019-04-23 11:00:00,17.907926344,61.649843587,0,0,0,9,9,3406,3204
compact51_marcy__current_roles,2019-04-23 12:00:00,16.086025004,63.5035774164,0,0,0,12,12,2008,3614
compact51_marcy__current_roles,2019-04-23 13:00:00,28.6728804877,213.523275645,0,0,0,12,12,8069,7575
compact51_marcy__current_roles,2019-04-23 14:00:00,24.2593612515,126.712780413,0,0,0,12,12,7092,6784
compact51_marcy__current_roles,2019-04-23 15:00:00,22.5219330147,70.7689318528,0,0,0,12,12,6360,4768
compact51_marcy__current_roles,2019-04-23 16:00:00,19.1296705363,55.98412977,0,0,0,12,12,4387,1869
compact51_marcy__current_roles,2019-04-23 17:00:00,19.6273184998,47.4305239037,0,0,0,12,12,4730,427
compact51_marcy__current_roles,2019-04-23 18:00:00,23.0918014652,47.4335396288,0,0,0,12,12,6632,430
compact51_marcy__current_roles,2019-04-23 19:00:00,25.2364396672,50.9096763424,0,0,0,12,12,7375,892
compact51_marcy__current_roles,2019-04-23 20:00:00,27.5410794608,55.6469012124,0,0,0,12,12,7917,1795
compact51_marcy__current_roles,2019-04-23 21:00:00,25.7860388317,63.7183224454,0,0,0,13,12,7520,3651
compact51_marcy__current_roles,2019-04-23 22:00:00,26.8086241133,72.5944520864,0,0,0,13,13,7754,4940
compact51_marcy__current_roles,2019-04-23 23:00:00,28.0190191898,114.145570336,0,0,0,13,13,7987,6532
compact51_marcy__current_roles,2019-04-24 00:00:00,19.2843855914,103.653449143,0,0,0,12,12,4480,6313
compact51_marcy__current_roles,2019-04-24 01:00:00,20.2216531208,91.4353690207,0,0,0,12,12,5135,5923
compact51_marcy__current_roles,2019-04-24 02:00:00,24.4238758243,63.7931602078,0,0,0,12,12,7148,3664
compact51_marcy__current_roles,2019-04-24 03:00:00,25.8923815298,64.2726806888,0,0,0,12,12,7542,3764
compact51_marcy__current_roles,2019-04-24 04:00:00,22.7778112352,70.7607427343,0,0,0,12,12,6487,4767
compact51_marcy__current_roles,2019-04-24 05:00:00,17.8821684147,61.7295992901,0,0,0,12,12,3389,3224
compact51_marcy__current_roles,2019-04-24 06:00:00,20.6970856868,58.5010256929,0,0,0,12,12,5429,2453
compact51_marcy__current_roles,2019-04-24 07:00:00,20.194660926,42.7709973521,0,0,0,12,12,5112,121
compact51_marcy__current_roles,2019-04-24 08:00:00,21.7396617706,40.7661907641,0,0,0,12,12,5998,70
compact51_marcy__current_roles,2019-04-24 09:00:00,19.0662693269,38.9894461934,0,0,0,13,13,4332,38
compact51_marcy__current_roles,2019-04-24 10:00:00,18.6693047558,40.2443318468,0,0,0,12,12,4010,57
compact51_marcy__current_roles,2019-04-24 11:00:00,13.415239159,45.3674001044,0,0,0,10,10,521,252
compact51_marcy__current_roles,2019-04-24 12:00:00,15.1551377797,48.5930072236,0,0,0,12,11,1355,572
compact51_marcy__current_roles,2019-04-24 13:00:00,15.1451057918,48.2913911462,0,0,0,12,12,1347,527
compact51_marcy__current_roles,2019-04-24 14:00:00,14.7124657036,47.7997281453,0,0,0,12,12,1074,465
compact51_marcy__current_roles,2019-04-24 15:00:00,15.9377154323,47.9894436303,0,0,0,11,11,1899,480
compact51_marcy__current_roles,2019-04-24 16:00:00,16.5530465656,51.1659933436,0,0,0,12,12,2353,931
compact51_marcy__current_roles,2019-04-24 17:00:00,16.5456792063,54.0837715864,0,0,0,12,12,2346,1474
compact51_marcy__current_roles,2019-04-24 18:00:00,16.5866228937,48.4541997764,0,0,0,12,12,2383,548
compact51_marcy__current_roles,2019-04-24 19:00:00,15.2649744535,47.384377522,0,0,0,12,12,1442,422
compact51_marcy__current_roles,2019-04-24 20:00:00,14.7165844117,44.4624464295,0,0,0,12,12,1076,200
compact51_marcy__current_roles,2019-04-24 21:00:00,13.3547674252,50.7003909027,0,0,0,12,12,504,856
compact51_marcy__current_roles,2019-04-24 22:00:00,15.2369315316,45.8940806879,0,0,0,12,12,1421,295
compact51_marcy__current_roles,2019-04-24 23:00:00,21.3730490155,54.0447417299,0,0,0,12,12,5815,1465
compact51_marcy__current_roles,2019-04-25 00:00:00,18.1680610528,62.7046383168,0,0,0,12,12,3628,3430
compact51_marcy__current_roles,2019-04-25 01:00:00,26.2112470929,64.0501738422,0,0,0,12,12,7624,3715
compact51_marcy__current_roles,2019-04-25 02:00:00,37.2650022626,192.449542178,0,0,0,12,12,8663,7446
compact51_marcy__current_roles,2019-04-25 03:00:00,40.0425526241,256.928569567,0,0,0,12,12,8709,7798
compact51_marcy__current_roles,2019-04-25 04:00:00,48.8805114695,563.709921603,0,0,0,12,12,8751,8307
compact51_marcy__current_roles,2019-04-25 05:00:00,37.716326135,195.61069227,0,0,0,12,12,8673,7468
compact51_marcy__current_roles,2019-04-25 06:00:00,28.0146721431,454.32518816,0,0,0,12,12,7985,8196
compact51_marcy__current_roles,2019-04-25 07:00:00,22.1920443475,103.296247305,0,0,0,12,12,6211,6305
compact51_marcy__current_roles,2019-04-25 08:00:00,24.3466224983,254.501558989,0,0,0,12,12,7126,7789
compact51_marcy__current_roles,2019-04-25 09:00:00,23.0314857237,212.025377537,0,0,0,12,12,6602,7570
compact51_marcy__current_roles,2019-04-25 10:00:00,23.4996547075,832.332712333,0,0,0,12,12,6818,8446
compact51_marcy__current_roles,2019-04-25 11:00:00,23.7432171377,333.563883438,0,0,0,12,12,6928,8018
compact51_marcy__current_roles,2019-04-25 12:00:00,24.8669740946,371.62913583,0,0,0,12,12,7275,8103
compact51_marcy__current_roles,2019-04-25 13:00:00,24.4530955232,279.843558106,0,0,0,12,12,7158,7873
compact51_marcy__current_roles,2019-04-25 14:00:00,23.5450790588,145.997389342,0,0,0,12,12,6841,7033
compact51_marcy__current_roles,2019-04-25 15:00:00,21.7298177009,70.2172481183,0,0,0,12,12,5990,4710
compact51_marcy__current_roles,2019-04-25 16:00:00,21.8171300007,67.1556888632,0,0,0,12,12,6037,4312
compact51_marcy__current_roles,2019-04-25 17:00:00,19.6873492619,57.4706724866,0,0,0,12,12,4778,2213
compact51_marcy__current_roles,2019-04-25 18:00:00,19.1837284632,58.4032745556,0,0,0,12,12,4418,2430
compact51_marcy__current_roles,2019-04-25 19:00:00,18.1224748348,54.6230318947,0,0,0,12,12,3590,1584
compact51_marcy__current_roles,2019-04-25 20:00:00,15.2039451096,45.139866982,0,0,0,12,12,1397,237
compact51_marcy__current_roles,2019-04-25 21:00:00,15.5806754925,48.2932324472,0,0,0,12,12,1659,528
compact51_marcy__current_roles,2019-04-25 22:00:00,17.8477164332,54.6984076568,0,0,0,12,12,3358,1599
compact51_marcy__current_roles,2019-04-25 23:00:00,25.3729863092,75.4065394946,0,0,0,12,12,7415,5218
compact51_marcy__current_roles,2019-04-26 00:00:00,24.5937622452,91.334531951,0,0,0,12,12,7189,5919
compact51_marcy__current_roles,2019-04-26 01:00:00,25.3726127177,76.4183194558,0,0,0,12,12,7414,5296
compact51_marcy__current_roles,2019-04-26 02:00:00,28.2426258886,73.5369967168,0,0,0,12,12,8012,5036
compact51_marcy__current_roles,2019-04-26 03:00:00,28.374833462,48.3763045675,0,0,0,12,12,8027,540
compact51_marcy__current_roles,2019-04-26 04:00:00,35.7912282212,63.3632087375,0,0,0,12,12,8620,3579
compact51_marcy__current_roles,2019-04-26 05:00:00,41.0244807679,88.0511805307,0,0,0,12,12,8720,5812
compact51_marcy__current_roles,2019-04-26 06:00:00,19.862362915,48.4942945121,0,0,0,12,12,4885,560
compact51_marcy__current_roles,2019-04-26 07:00:00,17.7668847428,38.6230150588,0,0,0,12,12,3279,34
compact51_marcy__current_roles,2019-04-26 08:00:00,18.0016555096,35.7338541109,0,0,0,12,12,3490,17
compact51_marcy__current_roles,2019-04-26 09:00:00,16.2798487055,42.2948161287,0,0,0,12,12,2136,103
compact51_marcy__current_roles,2019-04-26 10:00:00,17.9490551386,36.8483651287,0,0,0,12,12,3445,25
compact51_marcy__current_roles,2019-04-26 11:00:00,15.9638208522,38.4036691077,0,0,0,13,13,1919,30
compact51_marcy__current_roles,2019-04-26 12:00:00,14.4700212719,39.7052650457,0,0,0,12,12,956,50
compact51_marcy__current_roles,2019-04-26 13:00:00,13.009143941,35.332700673,0,0,0,12,12,383,16
compact51_marcy__current_roles,2019-04-26 14:00:00,12.0762144903,36.7328958582,0,0,0,12,12,149,22
compact51_marcy__current_roles,2019-04-26 15:00:00,13.7835066925,40.7421724273,0,0,0,12,12,649,69
compact51_marcy__current_roles,2019-04-26 16:00:00,15.1833055807,36.7652614081,0,0,0,12,12,1379,23
compact51_marcy__current_roles,2019-04-26 17:00:00,14.8146659155,44.6161647432,0,0,0,12,12,1141,209
compact51_marcy__current_roles,2019-04-26 18:00:00,16.4658181726,51.5542621554,0,0,0,12,12,2296,998
compact51_marcy__current_roles,2019-04-26 19:00:00,15.5501496521,53.3093826631,0,0,0,12,12,1641,1335
compact51_marcy__current_roles,2019-04-26 20:00:00,17.9995612255,57.330464832,0,0,0,12,12,3486,2171
compact51_marcy__current_roles,2019-04-26 21:00:00,19.6390297699,52.6650260099,0,0,0,12,12,4741,1200
compact51_marcy__current_roles,2019-04-26 22:00:00,22.091944927,62.960351578,0,0,0,12,12,6167,3496
compact51_marcy__current_roles,2019-04-26 23:00:00,23.1100612333,62.8523108277,0,0,0,12,12,6645,3466
compact51_marcy__current_roles,2019-04-27 00:00:00,25.7300084331,85.9697450339,0,0,0,12,12,7507,5759
compact51_marcy__current_roles,2019-04-27 01:00:00,29.3924707514,92.8796566544,0,0,0,12,12,8183,5976
compact51_marcy__current_roles,2019-04-27 02:00:00,29.0566901704,73.7356047622,0,0,0,12,12,8135,5060
compact51_marcy__current_roles,2019-04-27 03:00:00,26.4718964058,63.2482423208,0,0,0,12,12,7682,3553
compact51_marcy__current_roles,2019-04-27 04:00:00,29.2222636075,86.6974466174,0,0,0,12,12,8163,5774
compact51_marcy__current_roles,2019-04-27 05:00:00,21.2416242671,65.9652263157,0,0,0,12,12,5744,4106
compact51_marcy__current_roles,2019-04-27 06:00:00,20.3715069621,47.5998072975,0,0,0,12,12,5231,445
compact51_marcy__current_roles,2019-04-27 07:00:00,14.2633104042,36.3992235358,0,0,0,13,12,866,19
compact51_marcy__current_roles,2019-04-27 08:00:00,13.5951763889,37.2044021044,0,0,0,12,12,577,27
compact51_marcy__current_roles,2019-04-27 09:00:00,15.1125491709,39.9247246216,0,0,0,12,12,1325,53
compact51_marcy__current_roles,2019-04-27 10:00:00,16.2799571512,45.186998728,0,0,0,12,12,2137,241
compact51_marcy__current_roles,2019-04-27 11:00:00,15.8219636931,48.0857422389,0,0,0,12,12,1805,495
compact51_marcy__current_roles,2019-04-27 12:00:00,15.8697562155,47.2203799441,0,0,0,12,12,1836,407
compact51_marcy__current_roles,2019-04-27 13:00:00,17.44477634,47.8239613622,0,0,0,12,12,3029,467
compact51_marcy__current_roles,2019-04-27 14:00:00,14.8700816427,44.1079804684,0,0,0,12,12,1170,170
compact51_marcy__current_roles,2019-04-27 15:00:00,13.451587883,46.2980792357,0,0,0,12,12,533,327
compact51_marcy__current_roles,2019-04-27 16:00:00,15.3364788688,49.2252519754,0,0,0,12,12,1489,632
compact51_marcy__current_roles,2019-04-27 17:00:00,17.2307540133,41.7871675529,0,0,0,12,12,2872,90
compact51_marcy__current_roles,2019-04-27 18:00:00,17.7698234587,37.1867561445,0,0,0,12,12,3284,26
compact51_marcy__current_roles,2019-04-27 19:00:00,20.3215699323,46.8505703199,0,0,0,12,12,5195,364
compact51_marcy__current_roles,2019-04-27 20:00:00,18.2317724731,43.5744820902,0,0,0,12,12,3672,142
compact51_marcy__current_roles,2019-04-27 21:00:00,16.2869426335,36.7197851471,0,0,0,12,12,2144,21
compact51_marcy__current_roles,2019-04-27 22:00:00,19.0629334797,44.5776325028,0,0,0,12,12,4329,206
compact51_marcy__current_roles,2019-04-27 23:00:00,20.6466909786,42.2414005959,0,0,0,12,12,5391,102
compact51_marcy__current_roles,2019-04-28 00:00:00,20.7423846378,50.9642209678,0,0,0,12,12,5458,897
compact51_marcy__current_roles,2019-04-28 01:00:00,27.6119683496,83.5155921092,0,0,0,12,12,7929,5656
compact51_marcy__current_roles,2019-04-28 02:00:00,31.3831914551,123.940772594,0,0,0,12,12,8411,6734
compact51_marcy__current_roles,2019-04-28 03:00:00,29.5909618701,58.8356066648,0,0,0,12,12,8208,2546
compact51_marcy__current_roles,2019-04-28 04:00:00,28.7126617148,59.9778632876,0,0,0,12,12,8078,2811
compact51_marcy__current_roles,2019-04-28 05:00:00,25.2949109669,64.6469870596,0,0,0,12,12,7391,3849
compact51_marcy__current_roles,2019-04-28 06:00:00,21.4616210247,61.9573547687,0,0,0,12,12,5866,3270
compact51_marcy__current_roles,2019-04-28 07:00:00,24.7715127734,57.701538162,0,0,0,12,12,7243,2268
compact51_marcy__current_roles,2019-04-28 08:00:00,23.0545608907,66.7672132443,0,0,0,12,12,6614,4245
compact51_marcy__current_roles,2019-04-28 09:00:00,22.762817086,63.9309182056,0,0,0,12,12,6475,3693
compact51_marcy__current_roles,2019-04-28 10:00:00,20.410632878,62.7775316691,0,0,0,12,12,5258,3446
compact51_marcy__current_roles,2019-04-28 11:00:00,18.6130404307,60.4187171997,0,0,0,12,12,3974,2906
compact51_marcy__current_roles,2019-04-28 12:00:00,16.4949364665,62.3239801959,0,0,0,12,12,2315,3350
compact51_marcy__current_roles,2019-04-28 13:00:00,18.1696133279,64.3659088515,0,0,0,12,12,3631,3785
compact51_marcy__current_roles,2019-04-28 14:00:00,16.4377753275,56.8677175081,0,0,0,12,12,2279,2073
compact51_marcy__current_roles,2019-04-28 15:00:00,17.6018920236,58.5276492312,0,0,0,12,12,3156,2462
compact51_marcy__current_roles,2019-04-28 16:00:00,16.7369284541,55.2104612616,0,0,0,12,12,2484,1692
compact51_marcy__current_roles,2019-04-28 17:00:00,13.2595246392,48.2986689706,0,0,0,12,12,467,530
compact51_marcy__current_roles,2019-04-28 18:00:00,16.4264408022,44.6935575376,0,0,0,12,12,2266,215
compact51_marcy__current_roles,2019-04-28 19:00:00,20.6209737605,48.4704760504,0,0,0,12,12,5369,552
compact51_marcy__current_roles,2019-04-28 20:00:00,20.7418159932,49.5317543714,0,0,0,12,12,5456,673
compact51_marcy__current_roles,2019-04-28 21:00:00,19.4696066702,47.1966165429,0,0,0,12,12,4617,401
compact51_marcy__current_roles,2019-04-28 22:00:00,23.135034168,59.3330013284,0,0,0,12,12,6652,2669
compact51_marcy__current_roles,2019-04-28 23:00:00,27.2392016706,64.1578037863,0,0,0,12,12,7850,3740
compact51_marcy__current_roles,2019-04-29 00:00:00,29.1573489629,189.901536678,0,0,0,12,12,8150,7421
compact51_marcy__current_roles,2019-04-29 01:00:00,29.5069584452,5651.54590927,1,0,0,12,12,8201,8719
compact51_marcy__current_roles,2019-04-29 02:00:00,29.0575968306,1173.06029168,0,0,0,12,12,8136,8532
compact51_marcy__current_roles,2019-04-29 03:00:00,26.6824252346,376.169529715,1,0,0,12,12,7729,8107
compact51_marcy__current_roles,2019-04-29 04:00:00,31.2874426496,365.477152526,0,0,0,12,12,8402,8093
compact51_marcy__current_roles,2019-04-29 05:00:00,23.8000316082,97.4578165574,0,0,0,13,13,6942,6121
compact51_marcy__current_roles,2019-04-29 06:00:00,17.9797945986,49.0018243705,0,0,0,12,12,3471,610
compact51_marcy__current_roles,2019-04-29 07:00:00,22.107893313,42.3960139896,0,0,0,12,12,6173,107
compact51_marcy__current_roles,2019-04-29 08:00:00,20.8371056718,46.9988247144,0,0,0,12,12,5525,380
compact51_marcy__current_roles,2019-04-29 09:00:00,19.5050111849,74.9078397898,0,0,0,12,12,4653,5165
compact51_marcy__current_roles,2019-04-29 10:00:00,20.3257867009,134.622662853,0,0,0,12,12,5199,6895
compact51_marcy__current_roles,2019-04-29 11:00:00,24.8516832721,169.686479646,0,0,0,12,12,7268,7279
compact51_marcy__current_roles,2019-04-29 12:00:00,22.6519777915,64.9979017133,0,0,0,12,12,6429,3931
compact51_marcy__current_roles,2019-04-29 13:00:00,21.8695180124,88.7347654491,0,0,0,12,12,6073,5837
compact51_marcy__current_roles,2019-04-29 14:00:00,24.0107436512,98.2953964981,0,0,0,12,12,7008,6147
compact51_marcy__current_roles,2019-04-29 15:00:00,21.8277289881,55.5908774022,0,0,0,12,12,6042,1786
compact51_marcy__current_roles,2019-04-29 16:00:00,21.4333600428,67.4699299039,0,0,0,12,12,5855,4356
compact51_marcy__current_roles,2019-04-29 17:00:00,23.0552135499,71.2650182822,0,0,0,12,12,6615,4814
compact51_marcy__current_roles,2019-04-29 18:00:00,20.4699666642,66.9463857928,0,0,0,12,12,5291,4281
compact51_marcy__current_roles,2019-04-29 19:00:00,18.1110750673,63.8505092304,0,0,0,12,12,3581,3678
compact51_marcy__current_roles,2019-04-29 20:00:00,25.6343076722,64.9095755315,0,0,0,12,12,7483,3907
compact51_marcy__current_roles,2019-04-29 21:00:00,23.2430949858,62.4770894955,0,0,0,12,12,6701,3391
compact51_marcy__current_roles,2019-04-29 22:00:00,20.196295187,65.22465946,0,0,0,12,12,5115,3981
compact51_marcy__current_roles,2019-04-29 23:00:00,21.8420373865,72.7923257192,0,0,0,12,12,6052,4952
compact51_marcy__current_roles,2019-04-30 00:00:00,18.1685753407,40.5909244326,0,0,0,12,12,3629,64
compact51_marcy__current_roles,2019-04-30 01:00:00,27.0567169283,56.5005694105,0,0,0,12,12,7816,1977
compact51_marcy__current_roles,2019-04-30 02:00:00,20.0204939392,70.0836855234,0,0,0,12,12,4994,4695
compact51_marcy__current_roles,2019-04-30 03:00:00,18.5783654911,56.040304832,0,0,0,12,12,3944,1881
compact51_marcy__current_roles,2019-04-30 04:00:00,27.2943147876,61.7347254423,0,0,0,12,12,7861,3226
compact51_marcy__current_roles,2019-04-30 05:00:00,31.3945601008,66.58160511,0,0,0,12,12,8412,4206
compact51_marcy__current_roles,2019-04-30 06:00:00,17.6944085901,50.7680146317,0,0,0,12,12,3218,864
compact51_marcy__current_roles,2019-04-30 07:00:00,23.2754138707,64.7450607764,0,0,0,13,13,6717,3863
compact51_marcy__current_roles,2019-04-30 08:00:00,30.785633466,80.9437039968,0,0,0,11,11,8365,5547
compact51_marcy__current_roles,2019-04-30 09:00:00,31.9204375519,154.150705985,1,0,0,12,12,8446,7135
compact51_marcy__current_roles,2019-04-30 10:00:00,23.482899758,88.7526336867,0,0,0,12,12,6810,5838
compact51_marcy__current_roles,2019-04-30 11:00:00,23.3405481368,1042.57793285,1,0,0,12,12,6748,8504
compact51_marcy__current_roles,2019-04-30 12:00:00,23.8706228193,284.949957701,0,0,0,12,12,6961,7896
compact51_marcy__current_roles,2019-04-30 13:00:00,21.4470352222,153.052483113,0,0,0,12,12,5858,7118
compact51_marcy__current_roles,2019-04-30 14:00:00,16.4161715095,200.296607133,0,0,0,13,12,2252,7504
compact51_marcy__current_roles,2019-04-30 15:00:00,16.4544308915,162.254099524,0,0,0,12,12,2288,7211
compact51_marcy__current_roles,2019-04-30 16:00:00,20.4669826338,122.025360107,0,0,0,12,12,5287,6687
compact51_marcy__current_roles,2019-04-30 17:00:00,22.2253010646,89.0207252164,0,0,0,12,12,6222,5846
compact51_marcy__current_roles,2019-04-30 18:00:00,21.9864096771,83.5778963409,0,0,0,12,12,6125,5661
compact51_marcy__current_roles,2019-04-30 19:00:00,22.7600278184,77.9139404808,0,0,0,12,12,6474,5394
compact51_marcy__current_roles,2019-04-30 20:00:00,22.7506873384,119.38525728,0,0,0,12,12,6471,6629
compact51_marcy__current_roles,2019-04-30 21:00:00,22.5506032108,85.4596253351,0,0,0,12,12,6378,5742
compact51_marcy__current_roles,2019-04-30 22:00:00,21.9870876988,83.4570404317,0,0,0,12,12,6126,5653
compact51_marcy__current_roles,2019-04-30 23:00:00,30.4735513819,87.846855691,0,0,0,12,12,8321,5809
compact51_marcy__current_roles,2019-05-01 00:00:00,27.1146109971,67.9677218676,0,0,0,12,12,7825,4415
compact51_marcy__current_roles,2019-05-01 01:00:00,25.8955779671,70.746450088,0,0,0,12,12,7544,4766
compact51_marcy__current_roles,2019-05-01 02:00:00,25.5238099198,64.9452771719,0,0,0,12,12,7453,3918
compact51_marcy__current_roles,2019-05-01 03:00:00,20.635396614,58.9903004958,0,0,0,12,12,5381,2593
compact51_marcy__current_roles,2019-05-01 04:00:00,29.0412007901,106.290602493,0,0,0,12,12,8133,6379
compact51_marcy__current_roles,2019-05-01 05:00:00,30.6671953138,99.0326014445,0,0,0,12,12,8348,6167
compact51_marcy__current_roles,2019-05-01 06:00:00,25.7882599988,79.935578455,0,0,0,12,12,7522,5500
compact51_marcy__current_roles,2019-05-01 07:00:00,25.5993511825,82.7214643841,0,0,0,12,12,7474,5626
compact51_marcy__current_roles,2019-05-01 08:00:00,23.5546349987,159.904705888,0,0,0,12,12,6845,7191
compact51_marcy__current_roles,2019-05-01 09:00:00,18.5903500536,51.2978916712,0,0,0,12,12,3956,954
compact51_marcy__current_roles,2019-05-01 10:00:00,25.4666733992,189.86046193,0,0,0,12,12,7435,7420
compact51_marcy__current_roles,2019-05-01 11:00:00,23.9785968967,279.835202734,0,0,0,12,12,6995,7872
compact51_marcy__current_roles,2019-05-01 12:00:00,16.0668739908,122.914585001,0,0,0,12,12,1989,6707
compact51_marcy__current_roles,2019-05-01 13:00:00,22.9417463169,2303.5952251,1,0,0,12,12,6561,8641
compact51_marcy__current_roles,2019-05-01 14:00:00,22.5428370572,187.383192199,0,0,0,12,12,6374,7407
compact51_marcy__current_roles,2019-05-01 15:00:00,21.7281649569,215.07130632,0,0,0,12,12,5988,7582
compact51_marcy__current_roles,2019-05-01 16:00:00,24.053977039,196.129255408,0,0,0,14,14,7017,7471
compact51_marcy__current_roles,2019-05-01 17:00:00,25.4496411866,208.432317806,0,0,0,12,12,7432,7554
compact51_marcy__current_roles,2019-05-01 18:00:00,23.3365768987,44.1998315024,0,0,0,12,12,6747,186
compact51_marcy__current_roles,2019-05-01 19:00:00,23.7688932529,44.1541493293,0,0,0,12,12,6931,179
compact51_marcy__current_roles,2019-05-01 20:00:00,23.9217972498,40.4066907429,0,0,0,12,12,6979,60
compact51_marcy__current_roles,2019-05-01 21:00:00,23.2234581896,79.1966415808,0,0,0,12,12,6694,5462
compact51_marcy__current_roles,2019-05-01 22:00:00,23.0760725644,42.0031575058,0,0,0,12,12,6622,92
compact51_marcy__current_roles,2019-05-01 23:00:00,23.4953126298,57.4633451595,0,0,0,12,12,6817,2209
compact51_marcy__current_roles,2019-05-02 00:00:00,20.0292903328,58.1677985736,0,0,0,12,12,5004,2376
compact51_marcy__current_roles,2019-05-02 01:00:00,19.472752638,75.9608802468,0,0,0,12,12,4621,5263
compact51_marcy__current_roles,2019-05-02 02:00:00,21.852667855,96.5547915269,0,0,0,12,12,6062,6104
compact51_marcy__current_roles,2019-05-02 03:00:00,28.1980362791,99.3176766004,0,0,0,12,12,8008,6180
compact51_marcy__current_roles,2019-05-02 04:00:00,36.2107413527,80.7033873653,0,0,0,12,12,8629,5529
compact51_marcy__current_roles,2019-05-02 05:00:00,32.0176969367,68.9158867591,0,0,0,12,12,8454,4543
compact51_marcy__current_roles,2019-05-02 06:00:00,19.4611121373,56.758658904,0,0,0,12,12,4610,2041
compact51_marcy__current_roles,2019-05-02 07:00:00,19.966265091,44.6679172302,0,0,0,12,12,4953,213
compact51_marcy__current_roles,2019-05-02 08:00:00,18.4762694768,46.394986429,0,0,0,12,12,3860,336
compact51_marcy__current_roles,2019-05-02 09:00:00,19.8030959381,51.6385896202,0,0,0,12,12,4847,1016
compact51_marcy__current_roles,2019-05-02 10:00:00,18.0936318057,47.0090083085,0,0,0,12,12,3568,382
compact51_marcy__current_roles,2019-05-02 11:00:00,19.649473323,44.9466136707,0,0,0,12,12,4748,228
compact51_marcy__current_roles,2019-05-02 12:00:00,21.3152469507,80.7099308909,0,0,0,12,12,5778,5530
compact51_marcy__current_roles,2019-05-02 13:00:00,20.8940355319,71.3702886761,0,0,0,13,12,5556,4830
compact51_marcy__current_roles,2019-05-02 14:00:00,18.8233254505,50.442743214,0,0,0,12,12,4119,806
compact51_marcy__current_roles,2019-05-02 15:00:00,17.7017987934,40.9498229435,0,0,0,13,13,3224,76
compact51_marcy__current_roles,2019-05-02 16:00:00,19.4834756809,36.8223648259,0,0,0,12,12,4628,24
compact51_marcy__current_roles,2019-05-02 17:00:00,16.6336012624,49.3504114875,0,0,0,12,12,2415,649
compact51_marcy__current_roles,2019-05-02 18:00:00,17.0784054656,45.2344062345,0,0,0,12,12,2743,246
compact51_marcy__current_roles,2019-05-02 19:00:00,15.8847472157,46.66403891,0,0,0,12,12,1849,351
compact51_marcy__current_roles,2019-05-02 20:00:00,19.9504680434,40.7327521428,0,0,0,12,12,4934,68
compact51_marcy__current_roles,2019-05-02 21:00:00,17.869132996,44.5939912935,0,0,0,12,12,3373,207
compact51_marcy__current_roles,2019-05-02 22:00:00,20.1737351706,54.3441714599,0,0,0,12,12,5092,1519
compact51_marcy__current_roles,2019-05-02 23:00:00,23.4497074321,50.8777527252,0,0,0,12,12,6792,883
compact51_marcy__current_roles,2019-05-03 00:00:00,20.6185566181,58.6254200723,0,0,0,12,12,5367,2494
compact51_marcy__current_roles,2019-05-03 01:00:00,20.0194374683,56.1501397349,0,0,0,12,12,4993,1911
compact51_marcy__current_roles,2019-05-03 02:00:00,19.1771373278,54.8793864033,0,0,0,12,12,4412,1635
compact51_marcy__current_roles,2019-05-03 03:00:00,19.042703579,53.3793267414,0,0,0,12,12,4316,1349
compact51_marcy__current_roles,2019-05-03 04:00:00,23.8407975107,58.0717070742,0,0,0,12,12,6955,2364
compact51_marcy__current_roles,2019-05-03 05:00:00,33.6909986716,63.5262930954,0,0,0,12,12,8544,3618
compact51_marcy__current_roles,2019-05-03 06:00:00,24.3852429121,62.0379288997,0,0,0,12,12,7140,3287
compact51_marcy__current_roles,2019-05-03 07:00:00,18.4038754107,44.1254429963,0,0,0,12,12,3803,172
compact51_marcy__current_roles,2019-05-03 08:00:00,18.1604380436,39.6975484456,0,0,0,12,12,3621,49
compact51_marcy__current_roles,2019-05-03 09:00:00,19.2502584348,36.2390877322,0,0,0,12,12,4463,18
compact51_marcy__current_roles,2019-05-03 10:00:00,16.5097072511,39.6299516645,0,0,0,12,12,2324,47
compact51_marcy__current_roles,2019-05-03 11:00:00,13.6821785906,48.343449441,0,0,0,12,12,608,536
compact51_marcy__current_roles,2019-05-03 12:00:00,17.4875042457,67.1972179495,0,0,0,12,12,3063,4319
compact51_marcy__current_roles,2019-05-03 13:00:00,20.6996141658,75.0708528692,0,0,0,12,12,5431,5181
compact51_marcy__current_roles,2019-05-03 14:00:00,17.9369460033,70.9130258068,0,0,0,12,12,3432,4779
compact51_marcy__current_roles,2019-05-03 15:00:00,17.7377522424,64.8357142981,0,0,0,12,12,3251,3894
compact51_marcy__current_roles,2019-05-03 16:00:00,20.0099315383,58.7945553495,0,0,0,12,12,4983,2533
compact51_marcy__current_roles,2019-05-03 17:00:00,18.2711717116,55.439199625,0,0,0,12,12,3706,1754
compact51_marcy__current_roles,2019-05-03 18:00:00,17.3269413559,58.4087435594,0,0,0,12,12,2950,2431
compact51_marcy__current_roles,2019-05-03 19:00:00,15.6888877328,60.8082692115,0,0,0,12,12,1724,2999
compact51_marcy__current_roles,2019-05-03 20:00:00,16.0716554325,56.9717838885,0,0,0,12,12,1994,2093
compact51_marcy__current_roles,2019-05-03 21:00:00,19.227638348,59.3729176663,0,0,0,12,12,4450,2679
compact51_marcy__current_roles,2019-05-03 22:00:00,23.6618278829,50.5257569515,0,0,0,12,12,6893,821
compact51_marcy__current_roles,2019-05-03 23:00:00,29.1820250298,62.3064572281,0,0,0,12,12,8154,3342
compact51_marcy__current_roles,2019-05-04 00:00:00,20.8025424399,60.312645482,0,0,0,12,12,5501,2890
compact51_marcy__current_roles,2019-05-04 01:00:00,19.5128656583,57.7918380105,0,0,0,12,12,4660,2291
compact51_marcy__current_roles,2019-05-04 02:00:00,19.5384686803,61.7362189058,0,0,0,12,12,4679,3227
compact51_marcy__current_roles,2019-05-04 03:00:00,19.4506617046,61.5157496373,0,0,0,12,12,4601,3170
compact51_marcy__current_roles,2019-05-04 04:00:00,22.8680273491,61.0603692479,0,0,0,12,12,6527,3061
compact51_marcy__current_roles,2019-05-04 05:00:00,17.0174548115,52.760329376,0,0,0,12,12,2692,1216
compact51_marcy__current_roles,2019-05-04 06:00:00,19.6189023521,66.1676882558,0,0,0,12,12,4726,4148
compact51_marcy__current_roles,2019-05-04 07:00:00,24.8296892751,74.2257510987,0,0,0,12,12,7260,5110
compact51_marcy__current_roles,2019-05-04 08:00:00,22.7139684492,89.4645753965,0,0,0,12,12,6456,5868
compact51_marcy__current_roles,2019-05-04 09:00:00,22.2645539631,65.1776875416,0,0,0,12,12,6243,3968
compact51_marcy__current_roles,2019-05-04 10:00:00,24.17498676,70.6886632272,0,0,0,12,12,7058,4757
compact51_marcy__current_roles,2019-05-04 11:00:00,28.2781344227,73.7850123012,0,0,0,12,12,8017,5069
compact51_marcy__current_roles,2019-05-04 12:00:00,24.1716222482,68.1501406795,0,0,0,12,12,7057,4444
compact51_marcy__current_roles,2019-05-04 13:00:00,22.4083081007,72.0395280492,0,0,0,12,12,6296,4891
compact51_marcy__current_roles,2019-05-04 14:00:00,18.7224614588,76.9817694412,0,0,0,12,12,4046,5337
compact51_marcy__current_roles,2019-05-04 15:00:00,20.8185853555,75.8518265234,0,0,0,12,12,5515,5250
compact51_marcy__current_roles,2019-05-04 16:00:00,21.9280179489,75.208855946,0,0,0,12,12,6101,5196
compact51_marcy__current_roles,2019-05-04 17:00:00,23.1384391764,71.752426057,0,0,0,12,12,6654,4864
compact51_marcy__current_roles,2019-05-04 18:00:00,26.0181054789,70.1471016683,0,0,0,12,12,7576,4708
compact51_marcy__current_roles,2019-05-04 19:00:00,26.8982710527,70.3918151256,0,0,0,12,12,7779,4728
compact51_marcy__current_roles,2019-05-04 20:00:00,25.9872140766,62.2258585464,0,0,0,12,12,7570,3327
compact51_marcy__current_roles,2019-05-04 21:00:00,25.2333086947,58.5395632821,0,0,0,12,12,7371,2466
compact51_marcy__current_roles,2019-05-04 22:00:00,26.4603820778,68.9617044159,0,0,0,12,12,7680,4549
compact51_marcy__current_roles,2019-05-04 23:00:00,25.4092506027,73.460266177,0,0,0,12,12,7424,5024
compact51_marcy__current_roles,2019-05-05 00:00:00,19.3351759215,87.3296039841,0,0,0,12,12,4516,5792
compact51_marcy__current_roles,2019-05-05 01:00:00,21.3663327063,88.8646124588,0,0,0,12,12,5810,5843
compact51_marcy__current_roles,2019-05-05 02:00:00,24.2134067197,87.4629861431,0,0,0,12,12,7074,5800
compact51_marcy__current_roles,2019-05-05 03:00:00,23.3000454724,83.4965324143,0,0,0,12,12,6729,5654
compact51_marcy__current_roles,2019-05-05 04:00:00,24.4644660045,84.0226655324,0,0,0,12,12,7162,5682
compact51_marcy__current_roles,2019-05-05 05:00:00,23.6209685422,80.8670203658,0,0,0,12,12,6873,5543
compact51_marcy__current_roles,2019-05-05 06:00:00,22.7236731818,82.6531949436,0,0,0,12,12,6460,5620
compact51_marcy__current_roles,2019-05-05 07:00:00,23.2082470857,92.062535574,0,0,0,12,12,6688,5947
compact51_marcy__current_roles,2019-05-05 08:00:00,19.2010309366,88.7804853423,0,0,0,12,12,4432,5839
compact51_marcy__current_roles,2019-05-05 09:00:00,18.3176478479,87.2992659651,0,0,0,12,12,3744,5791
compact51_marcy__current_roles,2019-05-05 10:00:00,17.8004291196,89.3558465817,0,0,0,12,12,3308,5863
compact51_marcy__current_roles,2019-05-05 11:00:00,17.2869519041,84.4304523317,0,0,0,12,12,2926,5697
compact51_marcy__current_roles,2019-05-05 12:00:00,16.3141778175,76.4897251707,0,0,0,12,12,2176,5304
compact51_marcy__current_roles,2019-05-05 13:00:00,16.8769648834,77.9262639862,0,0,0,12,12,2585,5395
compact51_marcy__current_roles,2019-05-05 14:00:00,17.5228761877,76.0846040306,0,0,0,12,12,3091,5270
compact51_marcy__current_roles,2019-05-05 15:00:00,17.8326559225,78.7752225712,0,0,0,12,12,3343,5437
compact51_marcy__current_roles,2019-05-05 16:00:00,17.0714703253,78.1261737068,0,0,0,12,12,2732,5408
compact51_marcy__current_roles,2019-05-05 17:00:00,15.5027086334,74.3196573275,0,0,0,12,12,1612,5124
compact51_marcy__current_roles,2019-05-05 18:00:00,16.2027371308,74.0740862511,0,0,0,12,12,2082,5097
compact51_marcy__current_roles,2019-05-05 19:00:00,16.0551908898,75.1836640729,0,0,0,12,12,1982,5195
compact51_marcy__current_roles,2019-05-05 20:00:00,16.1216505451,69.498407143,0,0,0,12,12,2034,4614
compact51_marcy__current_roles,2019-05-05 21:00:00,13.777861099,73.5744216943,0,0,0,12,12,647,5043
compact51_marcy__current_roles,2019-05-05 22:00:00,18.2758480706,73.0468371649,0,0,0,12,12,3708,4982
compact51_marcy__current_roles,2019-05-05 23:00:00,23.014032233,100.13198787,0,0,0,12,12,6593,6207
compact51_marcy__current_roles,2019-05-06 00:00:00,21.7590513818,90.2344689195,0,0,0,12,12,6009,5893
compact51_marcy__current_roles,2019-05-06 01:00:00,24.1440225054,87.1735404533,0,0,0,12,12,7047,5786
compact51_marcy__current_roles,2019-05-06 02:00:00,27.118359912,88.9782075141,0,0,0,12,12,7826,5845
compact51_marcy__current_roles,2019-05-06 03:00:00,24.7790862502,84.4360725767,0,0,0,12,12,7246,5698
compact51_marcy__current_roles,2019-05-06 04:00:00,25.6901941218,84.9363767439,0,0,0,12,12,7497,5715
compact51_marcy__current_roles,2019-05-06 05:00:00,26.3282086799,80.9516950105,0,0,0,12,12,7649,5549
compact51_marcy__current_roles,2019-05-06 06:00:00,21.165439678,78.3980862936,0,0,0,12,12,5697,5421
compact51_marcy__current_roles,2019-05-06 07:00:00,24.4991843349,77.9751744955,0,0,0,12,12,7171,5397
compact51_marcy__current_roles,2019-05-06 08:00:00,26.81469341,123.068708641,0,0,0,12,12,7758,6709
compact51_marcy__current_roles,2019-05-06 09:00:00,27.8364185001,80.4758117339,0,0,0,12,12,7957,5516
compact51_marcy__current_roles,2019-05-06 10:00:00,25.9531994598,92.4209533207,0,0,0,12,12,7563,5960
compact51_marcy__current_roles,2019-05-06 11:00:00,24.800629837,76.5702638787,0,0,0,12,12,7254,5313
compact51_marcy__current_roles,2019-05-06 12:00:00,26.1911788555,75.6565163987,0,0,0,12,12,7622,5236
compact51_marcy__current_roles,2019-05-06 13:00:00,24.1181876499,77.0510587844,0,0,0,12,12,7037,5340
compact51_marcy__current_roles,2019-05-06 14:00:00,22.4803462375,64.957282503,0,0,0,12,12,6337,3923
compact51_marcy__current_roles,2019-05-06 15:00:00,21.5207651193,60.8594971135,0,0,0,12,12,5902,3013
compact51_marcy__current_roles,2019-05-06 16:00:00,22.4113471219,50.3251799639,0,0,0,12,12,6298,793
compact51_marcy__current_roles,2019-05-06 17:00:00,21.0772070702,53.0944668447,0,0,0,12,12,5661,1282
compact51_marcy__current_roles,2019-05-06 18:00:00,22.384652914,51.0524134705,0,0,0,12,12,6281,912
compact51_marcy__current_roles,2019-05-06 19:00:00,19.6174222636,58.9482046476,0,0,0,12,12,4723,2580
compact51_marcy__current_roles,2019-05-06 20:00:00,21.7536074501,56.5311528126,0,0,0,12,12,6003,1989
compact51_marcy__current_roles,2019-05-06 21:00:00,28.3483710498,57.6854156143,0,0,0,12,12,8023,2261
compact51_marcy__current_roles,2019-05-06 22:00:00,26.51279863,67.1647053289,0,0,0,12,12,7695,4315
compact51_marcy__current_roles,2019-05-06 23:00:00,26.9215718266,103.596262368,0,0,0,13,12,7786,6312
compact51_marcy__current_roles,2019-05-07 00:00:00,25.6865847012,116.557089267,0,0,0,12,12,7495,6573
compact51_marcy__current_roles,2019-05-07 01:00:00,22.6729685544,69.3535696188,0,0,0,12,12,6439,4598
compact51_marcy__current_roles,2019-05-07 02:00:00,24.2344529905,70.6247524793,0,0,0,12,12,7082,4750
compact51_marcy__current_roles,2019-05-07 03:00:00,27.8812954357,75.0041695547,0,0,0,12,12,7965,5174
compact51_marcy__current_roles,2019-05-07 04:00:00,36.1319949688,85.0424044011,0,0,0,12,12,8627,5719
compact51_marcy__current_roles,2019-05-07 05:00:00,43.5186380685,93.6191245236,0,0,0,12,12,8735,5999
compact51_marcy__current_roles,2019-05-07 06:00:00,28.7373806396,84.2569575279,0,0,0,12,12,8083,5689
compact51_marcy__current_roles,2019-05-07 07:00:00,20.564769619,76.2433131343,0,0,0,12,12,5348,5279
compact51_marcy__current_roles,2019-05-07 08:00:00,21.0358206708,76.6984748462,0,0,0,12,12,5642,5321
compact51_marcy__current_roles,2019-05-07 09:00:00,22.9692156726,80.4936210628,0,0,0,12,12,6577,5517
compact51_marcy__current_roles,2019-05-07 10:00:00,22.1837582977,76.1453496543,0,0,0,12,12,6206,5273
compact51_marcy__current_roles,2019-05-07 11:00:00,24.5270715513,77.4615027566,0,0,0,12,12,7177,5366
compact51_marcy__current_roles,2019-05-07 12:00:00,20.4857846217,67.2027044815,0,0,0,12,12,5303,4321
compact51_marcy__current_roles,2019-05-07 13:00:00,21.2852670678,60.9422077409,0,0,0,12,12,5766,3031
compact51_marcy__current_roles,2019-05-07 14:00:00,22.4401336132,58.7890410579,0,0,0,12,12,6313,2532
compact51_marcy__current_roles,2019-05-07 15:00:00,18.2691690299,59.5193892373,0,0,0,12,12,3702,2701
compact51_marcy__current_roles,2019-05-07 16:00:00,18.8758963465,53.6813913189,0,0,0,12,12,4170,1396
compact51_marcy__current_roles,2019-05-07 17:00:00,17.7301172184,53.8046869359,0,0,0,12,12,3243,1422
compact51_marcy__current_roles,2019-05-07 18:00:00,18.4596768568,51.9698771614,0,0,0,12,12,3847,1077
compact51_marcy__current_roles,2019-05-07 19:00:00,17.4168403555,52.561872069,0,0,0,11,11,3011,1176
compact51_marcy__current_roles,2019-05-07 20:00:00,17.9954155796,56.9299357069,0,0,0,12,12,3483,2085
compact51_marcy__current_roles,2019-05-07 21:00:00,19.9586961583,49.8228483224,0,0,0,12,12,4943,708
compact51_marcy__current_roles,2019-05-07 22:00:00,17.754291417,55.5062696125,0,0,0,12,12,3266,1769
compact51_marcy__current_roles,2019-05-07 23:00:00,25.0626568856,74.2037398556,0,0,0,12,12,7339,5106
compact51_marcy__current_roles,2019-05-08 00:00:00,21.649069705,76.2524028268,0,0,0,12,12,5961,5280
compact51_marcy__current_roles,2019-05-08 01:00:00,29.3000480772,132.175969493,0,0,0,12,12,8175,6865
compact51_marcy__current_roles,2019-05-08 02:00:00,31.4338630449,135.1651298,0,0,0,12,12,8417,6904
compact51_marcy__current_roles,2019-05-08 03:00:00,31.0579587479,153.611052391,0,0,0,12,12,8387,7128
compact51_marcy__current_roles,2019-05-08 04:00:00,33.4899411337,182.180550826,0,0,0,12,12,8531,7377
compact51_marcy__current_roles,2019-05-08 05:00:00,37.9912663614,138.982873229,0,0,0,12,12,8684,6948
compact51_marcy__current_roles,2019-05-08 06:00:00,28.4664008807,89.8628614675,0,0,0,12,12,8038,5883
compact51_marcy__current_roles,2019-05-08 07:00:00,24.6760823844,74.3003724111,0,0,0,12,12,7215,5120
compact51_marcy__current_roles,2019-05-08 08:00:00,27.2225806291,76.3217274854,0,0,0,12,12,7849,5286
compact51_marcy__current_roles,2019-05-08 09:00:00,24.7835966041,67.7867671534,0,0,0,12,12,7248,4398
compact51_marcy__current_roles,2019-05-08 10:00:00,22.4645569772,64.0081207177,0,0,0,12,12,6323,3704
compact51_marcy__current_roles,2019-05-08 11:00:00,24.2841033049,65.4681166991,0,0,0,12,12,7102,4030
compact51_marcy__current_roles,2019-05-08 12:00:00,21.913445829,63.1493070668,0,0,0,12,12,6097,3530
compact51_marcy__current_roles,2019-05-08 13:00:00,22.5620694236,66.3539736207,0,0,0,12,12,6383,4171
compact51_marcy__current_roles,2019-05-08 14:00:00,22.5246896392,60.5662713141,0,0,0,12,12,6362,2940
compact51_marcy__current_roles,2019-05-08 15:00:00,21.9255421293,58.9510869375,0,0,0,12,12,6100,2581
compact51_marcy__current_roles,2019-05-08 16:00:00,20.759343764,57.0025607378,0,0,0,12,12,5469,2099
compact51_marcy__current_roles,2019-05-08 17:00:00,20.0003180195,55.7312547199,0,0,0,12,12,4974,1814
compact51_marcy__current_roles,2019-05-08 18:00:00,21.0250621049,57.8185230221,0,0,0,12,12,5628,2300
compact51_marcy__current_roles,2019-05-08 19:00:00,18.8033177893,56.1132612088,0,0,0,12,12,4101,1898
compact51_marcy__current_roles,2019-05-08 20:00:00,17.2247419695,49.827178438,0,0,0,12,12,2867,709
compact51_marcy__current_roles,2019-05-08 21:00:00,20.2645905049,48.5994427712,0,0,0,12,12,5157,573
compact51_marcy__current_roles,2019-05-08 22:00:00,25.7713660765,60.9735295296,0,0,0,12,12,7514,3040
compact51_marcy__current_roles,2019-05-08 23:00:00,29.8729490837,114.222810332,0,0,0,12,12,8248,6535
compact51_marcy__current_roles,2019-05-09 00:00:00,22.8153557374,55.434759771,0,0,0,12,12,6507,1752
compact51_marcy__current_roles,2019-05-09 01:00:00,25.7272852623,118.77674202,0,0,0,12,12,7505,6618
compact51_marcy__current_roles,2019-05-09 02:00:00,29.7351516831,165.447551055,0,0,0,12,12,8226,7241
compact51_marcy__current_roles,2019-05-09 03:00:00,30.7143686259,347.045430219,0,0,0,12,12,8355,8056
compact51_marcy__current_roles,2019-05-09 04:00:00,30.7463532782,234.789054891,0,0,0,12,12,8360,7691
compact51_marcy__current_roles,2019-05-09 05:00:00,30.4046582854,227.847522084,0,0,0,12,12,8314,7657
compact51_marcy__current_roles,2019-05-09 06:00:00,26.2446384348,116.296333453,0,0,0,12,12,7632,6568
compact51_marcy__current_roles,2019-05-09 07:00:00,20.1198325617,47.8645297619,0,0,0,12,12,5063,471
compact51_marcy__current_roles,2019-05-09 08:00:00,20.9957886198,55.4881320787,0,0,0,12,12,5608,1766
compact51_marcy__current_roles,2019-05-09 09:00:00,18.679199245,50.849000086,0,0,0,12,12,4019,878
compact51_marcy__current_roles,2019-05-09 10:00:00,23.0850327131,70.4082272648,0,0,0,12,12,6628,4732
compact51_marcy__current_roles,2019-05-09 11:00:00,25.3234670871,77.008999299,0,0,0,12,12,7399,5338
compact51_marcy__current_roles,2019-05-09 12:00:00,25.6227390794,55.9141208817,0,0,0,12,12,7481,1854
compact51_marcy__current_roles,2019-05-09 13:00:00,25.5526249539,58.6992434237,0,0,0,12,12,7458,2513
compact51_marcy__current_roles,2019-05-09 14:00:00,25.5841546458,49.4468515786,0,0,0,12,12,7471,661
compact51_marcy__current_roles,2019-05-09 15:00:00,26.4774996257,52.9698438608,0,0,0,12,12,7683,1257
compact51_marcy__current_roles,2019-05-09 16:00:00,25.9136598071,53.2299563037,0,0,0,12,12,7548,1312
compact51_marcy__current_roles,2019-05-09 17:00:00,26.0461718984,54.2878114648,0,0,0,12,12,7586,1506
compact51_marcy__current_roles,2019-05-09 18:00:00,24.0246174684,57.5913993616,0,0,0,12,12,7011,2240
compact51_marcy__current_roles,2019-05-09 19:00:00,18.9327416017,48.4377843965,0,0,0,12,12,4222,546
compact51_marcy__current_roles,2019-05-09 20:00:00,22.9388625163,49.3119069624,0,0,0,12,12,6558,640
compact51_marcy__current_roles,2019-05-09 21:00:00,27.2899671706,109.56397558,0,0,0,12,12,7860,6437
compact51_marcy__current_roles,2019-05-09 22:00:00,23.143365941,101.359946369,0,0,0,12,12,6656,6252
compact51_marcy__current_roles,2019-05-09 23:00:00,27.4859963857,1744.26510589,1,0,0,14,14,7906,8593
compact51_marcy__current_roles,2019-05-10 00:00:00,27.5329109606,429.30524212,0,0,0,12,12,7914,8166
compact51_marcy__current_roles,2019-05-10 01:00:00,31.4834395618,1578.58343722,0,0,0,12,12,8420,8581
compact51_marcy__current_roles,2019-05-10 02:00:00,31.969654729,742.967234513,0,0,0,12,12,8450,8416
compact51_marcy__current_roles,2019-05-10 03:00:00,32.5197077977,317.632485955,0,0,0,12,12,8479,7983
compact51_marcy__current_roles,2019-05-10 04:00:00,31.8058234233,244.603599265,0,0,0,12,12,8437,7743
compact51_marcy__current_roles,2019-05-10 05:00:00,28.5217974317,317.151139855,0,0,0,12,12,8049,7979
compact51_marcy__current_roles,2019-05-10 06:00:00,20.242120993,53.3673646045,0,0,0,12,12,5144,1347
compact51_marcy__current_roles,2019-05-10 07:00:00,17.8761961442,45.9403343426,0,0,0,12,12,3382,298
compact51_marcy__current_roles,2019-05-10 08:00:00,17.0875006761,44.0043248357,0,0,0,12,12,2751,162
compact51_marcy__current_roles,2019-05-10 09:00:00,18.0048915122,46.1912613667,0,0,0,12,12,3493,319
compact51_marcy__current_roles,2019-05-10 10:00:00,21.0330938628,55.4184805739,0,0,0,12,12,5637,1747
compact51_marcy__current_roles,2019-05-10 11:00:00,20.9815416478,57.9639589907,0,0,0,12,12,5601,2337
compact51_marcy__current_roles,2019-05-10 12:00:00,16.9564096453,49.7732976501,0,0,0,12,12,2649,701
compact51_marcy__current_roles,2019-05-10 13:00:00,20.56699316,54.2403327876,0,0,0,12,12,5350,1496
compact51_marcy__current_roles,2019-05-10 14:00:00,17.667214299,50.9198480933,0,0,0,12,12,3199,895
compact51_marcy__current_roles,2019-05-10 15:00:00,23.9137649538,56.6714345729,0,0,0,12,12,6976,2019
compact51_marcy__current_roles,2019-05-10 16:00:00,22.5169423438,54.1953947721,0,0,0,12,12,6358,1487
compact51_marcy__current_roles,2019-05-10 17:00:00,18.7300711795,49.6013958487,0,0,0,12,12,4050,683
compact51_marcy__current_roles,2019-05-10 18:00:00,17.265925559,50.8991156041,0,0,0,12,12,2900,889
compact51_marcy__current_roles,2019-05-10 19:00:00,17.3899202287,48.4812447713,0,0,0,12,12,2990,556
compact51_marcy__current_roles,2019-05-10 20:00:00,20.2340409991,56.1100463905,0,0,0,12,12,5141,1897
compact51_marcy__current_roles,2019-05-10 21:00:00,20.8371773418,58.8276971883,0,0,0,12,12,5526,2544
compact51_marcy__current_roles,2019-05-10 22:00:00,20.00856201,57.7547011403,0,0,0,12,12,4982,2276
compact51_marcy__current_roles,2019-05-10 23:00:00,16.98453282,53.4337670779,0,0,0,12,12,2667,1358
compact51_marcy__current_roles,2019-05-11 00:00:00,16.2308153997,52.6566445358,0,0,0,12,12,2106,1197
compact51_marcy__current_roles,2019-05-11 01:00:00,21.2179197854,58.6084530315,0,0,0,12,12,5725,2490
compact51_marcy__current_roles,2019-05-11 02:00:00,23.0733389546,60.082038109,0,0,0,12,12,6620,2842
compact51_marcy__current_roles,2019-05-11 03:00:00,27.1232115877,66.8968282197,0,0,0,12,12,7828,4269
compact51_marcy__current_roles,2019-05-11 04:00:00,27.0060401442,67.0646983497,0,0,0,12,12,7807,4295
compact51_marcy__current_roles,2019-05-11 05:00:00,32.1074812737,76.3541447775,0,0,0,12,12,8459,5291
compact51_marcy__current_roles,2019-05-11 06:00:00,21.08300267,73.7703999074,0,0,0,12,12,5664,5066
compact51_marcy__current_roles,2019-05-11 07:00:00,24.574491527,148.996593788,0,0,0,12,12,7186,7070
compact51_marcy__current_roles,2019-05-11 08:00:00,21.8781483453,104.171679844,0,0,0,12,12,6081,6331
compact51_marcy__current_roles,2019-05-11 09:00:00,22.1185536501,81.4338141441,0,0,0,12,12,6180,5575
compact51_marcy__current_roles,2019-05-11 10:00:00,21.3833570856,76.3793057845,0,0,0,12,12,5825,5293
compact51_marcy__current_roles,2019-05-11 11:00:00,21.2827607008,75.7591150542,0,0,0,13,12,5764,5246
compact51_marcy__current_roles,2019-05-11 12:00:00,20.5571103898,72.8732255773,0,0,0,12,12,5343,4962
compact51_marcy__current_roles,2019-05-11 13:00:00,18.5820142806,76.2688763031,0,0,0,12,12,3949,5282
compact51_marcy__current_roles,2019-05-11 14:00:00,20.3676141095,79.5785305296,0,0,0,12,12,5227,5480
compact51_marcy__current_roles,2019-05-11 15:00:00,22.3648319218,83.0115393799,0,0,0,12,12,6277,5638
compact51_marcy__current_roles,2019-05-11 16:00:00,27.3933625549,93.7804595719,0,0,0,12,12,7891,6003
compact51_marcy__current_roles,2019-05-11 17:00:00,24.3520628621,85.1791305949,0,0,0,12,12,7129,5728
compact51_marcy__current_roles,2019-05-11 18:00:00,17.7166545257,73.3824898994,0,0,0,12,12,3234,5016
compact51_marcy__current_roles,2019-05-11 19:00:00,20.8100284591,79.6182033813,0,0,0,12,12,5509,5483
compact51_marcy__current_roles,2019-05-11 20:00:00,18.7095567223,71.6856512748,0,0,0,12,12,4039,4858
compact51_marcy__current_roles,2019-05-11 21:00:00,20.9797752862,75.4697092243,0,0,0,12,12,5600,5222
compact51_marcy__current_roles,2019-05-11 22:00:00,21.2196105489,68.491625749,0,0,0,12,12,5728,4491
compact51_marcy__current_roles,2019-05-11 23:00:00,17.6382678159,90.0827576816,0,0,0,12,12,3182,5889
compact51_marcy__current_roles,2019-05-12 00:00:00,24.5730797229,65.9688933053,0,0,0,13,13,7185,4108
compact51_marcy__current_roles,2019-05-12 01:00:00,24.5924019676,65.2528769813,0,0,0,12,12,7188,3987
compact51_marcy__current_roles,2019-05-12 02:00:00,27.0403327238,65.1784972814,0,0,0,12,12,7813,3969
compact51_marcy__current_roles,2019-05-12 03:00:00,28.6028704715,65.8561260452,0,0,0,12,12,8063,4092
compact51_marcy__current_roles,2019-05-12 04:00:00,26.1772135082,63.4329130232,0,0,0,12,12,7620,3594
compact51_marcy__current_roles,2019-05-12 05:00:00,24.0017782461,62.0837837969,0,0,0,12,12,7003,3295
compact51_marcy__current_roles,2019-05-12 06:00:00,27.1389876241,60.3490225629,0,0,0,12,12,7831,2895
compact51_marcy__current_roles,2019-05-12 07:00:00,26.8559169427,65.1521035182,0,0,0,12,12,7767,3958
compact51_marcy__current_roles,2019-05-12 08:00:00,24.9570195424,65.3595536864,0,0,0,12,12,7306,4009
compact51_marcy__current_roles,2019-05-12 09:00:00,21.7911499748,62.6599123099,0,0,0,12,12,6025,3419
compact51_marcy__current_roles,2019-05-12 10:00:00,16.2947573293,60.5604293646,0,0,0,12,12,2152,2937
compact51_marcy__current_roles,2019-05-12 11:00:00,16.9851847376,63.7537595439,0,0,0,12,12,2668,3655
compact51_marcy__current_roles,2019-05-12 12:00:00,16.3466450848,62.3374044639,0,0,0,12,12,2201,3355
compact51_marcy__current_roles,2019-05-12 13:00:00,16.6693274405,62.0134639255,0,0,0,12,12,2434,3280
compact51_marcy__current_roles,2019-05-12 14:00:00,19.4123447268,64.7170258331,0,0,0,12,12,4566,3859
compact51_marcy__current_roles,2019-05-12 15:00:00,19.9526107902,62.5840161772,0,0,0,12,12,4935,3403
compact51_marcy__current_roles,2019-05-12 16:00:00,13.8069629594,58.1689905638,0,0,0,12,12,657,2377
compact51_marcy__current_roles,2019-05-12 17:00:00,15.5890780915,60.5216037213,0,0,0,12,12,1666,2922
compact51_marcy__current_roles,2019-05-12 18:00:00,15.3619600195,58.2666330043,0,0,0,12,12,1507,2404
compact51_marcy__current_roles,2019-05-12 19:00:00,14.7818925105,56.9869032196,0,0,0,12,12,1113,2096
compact51_marcy__current_roles,2019-05-12 20:00:00,16.3467786151,58.0545868423,0,0,0,12,12,2203,2357
compact51_marcy__current_roles,2019-05-12 21:00:00,15.4053919215,56.2379559127,0,0,0,12,12,1540,1925
compact51_marcy__current_roles,2019-05-12 22:00:00,18.2203499944,58.1424686802,0,0,0,12,12,3664,2373
compact51_marcy__current_roles,2019-05-12 23:00:00,20.3317629383,60.6853019171,0,0,0,12,12,5203,2968
compact51_marcy__current_roles,2019-05-13 00:00:00,19.2532089938,57.6932140083,0,0,0,12,12,4465,2265
compact51_marcy__current_roles,2019-05-13 01:00:00,21.5579854088,56.4024777553,0,0,0,12,12,5919,1959
compact51_marcy__current_roles,2019-05-13 02:00:00,25.9387845236,71.794070347,0,0,0,12,12,7560,4871
compact51_marcy__current_roles,2019-05-13 03:00:00,27.4349346173,60.2152778587,0,0,0,12,12,7897,2871
compact51_marcy__current_roles,2019-05-13 04:00:00,31.5090569326,65.3293197167,0,0,0,12,12,8422,4003
compact51_marcy__current_roles,2019-05-13 05:00:00,37.3599818719,74.5397739886,0,0,0,12,12,8666,5142
compact51_marcy__current_roles,2019-05-13 06:00:00,22.943485026,54.2703814123,0,0,0,12,12,6562,1500
compact51_marcy__current_roles,2019-05-13 07:00:00,21.4233720136,60.8949045635,0,0,0,12,12,5846,3022
compact51_marcy__current_roles,2019-05-13 08:00:00,21.2935944031,100.185725413,0,0,0,12,12,5768,6211
compact51_marcy__current_roles,2019-05-13 09:00:00,19.6093850882,123.337268997,0,0,0,12,12,4714,6718
compact51_marcy__current_roles,2019-05-13 10:00:00,20.2340104385,105.65057836,0,0,0,12,12,5140,6362
compact51_marcy__current_roles,2019-05-13 11:00:00,23.381807462,148.549212704,0,0,0,12,12,6760,7067
compact51_marcy__current_roles,2019-05-13 12:00:00,20.0766438078,95.7576080396,0,0,0,12,12,5037,6077
compact51_marcy__current_roles,2019-05-13 13:00:00,21.0036046761,111.130377462,0,0,0,12,12,5616,6471
compact51_marcy__current_roles,2019-05-13 14:00:00,21.12145674,85.7117105884,0,0,0,12,12,5687,5748
compact51_marcy__current_roles,2019-05-13 15:00:00,23.455514432,130.568895768,0,0,0,12,12,6794,6846
compact51_marcy__current_roles,2019-05-13 16:00:00,25.3265465329,124.800975139,0,0,0,12,12,7401,6746
compact51_marcy__current_roles,2019-05-13 17:00:00,18.7227682806,70.6068550218,0,0,0,12,12,4047,4746
compact51_marcy__current_roles,2019-05-13 18:00:00,15.9272068197,57.1400466943,0,0,0,12,12,1896,2129
compact51_marcy__current_roles,2019-05-13 19:00:00,17.6858768785,71.642257975,0,0,0,12,12,3210,4854
compact51_marcy__current_roles,2019-05-13 20:00:00,19.4301845425,120.368716028,0,0,0,12,12,4584,6648
compact51_marcy__current_roles,2019-05-13 21:00:00,27.5742720329,223.164363631,0,0,0,12,12,7923,7631
compact51_marcy__current_roles,2019-05-13 22:00:00,23.1822683244,131.27663391,0,0,0,12,12,6676,6857
compact51_marcy__current_roles,2019-05-13 23:00:00,26.1898891403,129.378808027,0,0,0,12,12,7621,6831
compact51_marcy__current_roles,2019-05-14 00:00:00,24.0926615561,63.0226689083,0,0,0,12,12,7032,3508
compact51_marcy__current_roles,2019-05-14 01:00:00,27.5300627081,73.273355415,0,0,0,12,12,7912,5005
compact51_marcy__current_roles,2019-05-14 02:00:00,28.9027497595,86.1194665835,0,0,0,12,12,8113,5761
compact51_marcy__current_roles,2019-05-14 03:00:00,35.4503548571,113.44166073,0,0,0,12,12,8613,6522
compact51_marcy__current_roles,2019-05-14 04:00:00,35.1572736671,73.5281999633,0,0,0,12,12,8606,5032
compact51_marcy__current_roles,2019-05-14 05:00:00,44.6574517011,81.9999628935,0,0,0,12,12,8744,5599
compact51_marcy__current_roles,2019-05-14 06:00:00,29.7920838541,73.9132032481,0,0,0,12,12,8238,5082
compact51_marcy__current_roles,2019-05-14 07:00:00,20.2474716998,80.8718022335,0,0,0,12,12,5146,5544
compact51_marcy__current_roles,2019-05-14 08:00:00,17.6096846843,61.1415115062,0,0,0,12,12,3160,3079
compact51_marcy__current_roles,2019-05-14 09:00:00,20.6870970377,118.662251725,0,0,0,12,12,5421,6616
compact51_marcy__current_roles,2019-05-14 10:00:00,21.4603602261,112.224404562,0,0,0,12,12,5865,6496
compact51_marcy__current_roles,2019-05-14 11:00:00,19.2257343803,75.8457177126,0,0,0,12,12,4448,5249
compact51_marcy__current_roles,2019-05-14 12:00:00,21.7743874016,95.6651482233,0,0,0,12,12,6020,6071
compact51_marcy__current_roles,2019-05-14 13:00:00,22.511451115,95.7573628268,0,0,0,12,12,6356,6076
compact51_marcy__current_roles,2019-05-14 14:00:00,21.7596353117,89.4902019966,0,0,0,12,12,6010,5869
compact51_marcy__current_roles,2019-05-14 15:00:00,21.4743140617,104.039135581,0,0,0,12,12,5871,6325
compact51_marcy__current_roles,2019-05-14 16:00:00,20.1340590392,61.2968699632,0,0,0,12,12,5070,3123
compact51_marcy__current_roles,2019-05-14 17:00:00,14.4837237475,51.9572678428,0,0,0,12,12,959,1072
compact51_marcy__current_roles,2019-05-14 18:00:00,14.5879625597,53.3392507483,0,0,0,12,12,1013,1341
compact51_marcy__current_roles,2019-05-14 19:00:00,13.0724412545,55.8702162416,0,0,0,12,12,404,1841
compact51_marcy__current_roles,2019-05-14 20:00:00,16.3830518101,61.0385235919,0,0,0,12,12,2225,3057
compact51_marcy__current_roles,2019-05-14 21:00:00,19.7064452899,59.9243401915,0,0,0,12,12,4794,2800
compact51_marcy__current_roles,2019-05-14 22:00:00,18.8279326119,55.5228431336,0,0,0,12,12,4123,1774
compact51_marcy__current_roles,2019-05-14 23:00:00,20.1330732209,58.4261077801,0,0,0,12,12,5069,2437
compact51_marcy__current_roles,2019-05-15 00:00:00,19.6970671151,58.6430387688,0,0,0,12,12,4789,2500
compact51_marcy__current_roles,2019-05-15 01:00:00,22.7874448271,61.4335947855,0,0,0,12,12,6492,3148
compact51_marcy__current_roles,2019-05-15 02:00:00,24.700494608,64.369595065,0,0,0,12,12,7219,3786
compact51_marcy__current_roles,2019-05-15 03:00:00,27.696801808,64.0184208649,0,0,0,12,12,7939,3708
compact51_marcy__current_roles,2019-05-15 04:00:00,27.3771932986,66.3840535707,0,0,0,12,12,7886,4177
compact51_marcy__current_roles,2019-05-15 05:00:00,30.140241602,68.490355846,0,0,0,12,12,8284,4490
compact51_marcy__current_roles,2019-05-15 06:00:00,30.0534665437,77.3900286445,0,0,0,12,12,8276,5361
compact51_marcy__current_roles,2019-05-15 07:00:00,22.0779795295,65.7166427043,0,0,0,12,12,6158,4065
compact51_marcy__current_roles,2019-05-15 08:00:00,21.2596124301,64.857097388,0,0,0,12,12,5750,3901
compact51_marcy__current_roles,2019-05-15 09:00:00,19.2168103107,66.6707862981,0,0,0,12,12,4444,4230
compact51_marcy__current_roles,2019-05-15 10:00:00,15.3502253366,67.6999206904,0,0,0,12,12,1495,4391
compact51_marcy__current_roles,2019-05-15 11:00:00,17.6321536307,72.8244513559,0,0,0,12,12,3171,4956
compact51_marcy__current_roles,2019-05-15 12:00:00,20.8862369552,97.8037233813,0,0,0,14,13,5553,6128
compact51_marcy__current_roles,2019-05-15 13:00:00,22.6820552259,95.555690871,0,0,0,11,11,6442,6066
compact51_marcy__current_roles,2019-05-15 14:00:00,24.6134853207,77.2920513743,0,0,0,12,12,7195,5357
compact51_marcy__current_roles,2019-05-15 15:00:00,21.3058260983,81.2580454259,0,0,0,12,12,5774,5564
compact51_marcy__current_roles,2019-05-15 16:00:00,25.3104444474,73.0689182037,0,0,0,12,12,7394,4985
compact51_marcy__current_roles,2019-05-15 17:00:00,22.6048085798,71.4736554388,0,0,0,12,12,6402,4837
compact51_marcy__current_roles,2019-05-15 18:00:00,25.8076373633,74.333875135,0,0,0,12,12,7525,5125
compact51_marcy__current_roles,2019-05-15 19:00:00,24.6750937679,68.2158954709,0,0,0,12,12,7214,4452
compact51_marcy__current_roles,2019-05-15 20:00:00,20.8022310725,64.1793470474,0,0,0,12,12,5500,3743
compact51_marcy__current_roles,2019-05-15 21:00:00,25.4801827787,63.8229439561,0,0,0,12,12,7442,3674
compact51_marcy__current_roles,2019-05-15 22:00:00,21.4298844275,77.4644883264,0,0,0,12,12,5851,5367
compact51_marcy__current_roles,2019-05-15 23:00:00,23.6400765653,70.082128711,0,0,0,12,12,6883,4694
compact51_marcy__current_roles,2019-05-16 00:00:00,27.073216453,65.7293995648,0,0,0,12,12,7820,4067
compact51_marcy__current_roles,2019-05-16 01:00:00,28.7054050485,79.768285849,0,0,0,12,12,8076,5494
compact51_marcy__current_roles,2019-05-16 02:00:00,29.6663713151,85.301291913,0,0,0,12,12,8214,5734
compact51_marcy__current_roles,2019-05-16 03:00:00,31.1744994817,86.3258111602,0,0,0,12,12,8394,5767
compact51_marcy__current_roles,2019-05-16 04:00:00,36.9090349293,89.2554938655,0,0,0,12,12,8652,5858
compact51_marcy__current_roles,2019-05-16 05:00:00,42.347512533,76.1104478814,0,0,0,12,12,8728,5272
compact51_marcy__current_roles,2019-05-16 06:00:00,34.6972551918,73.0259677858,0,0,0,12,12,8582,4977
compact51_marcy__current_roles,2019-05-16 07:00:00,25.9343239843,84.6681852962,0,0,0,12,12,7559,5706
compact51_marcy__current_roles,2019-05-16 08:00:00,30.1429031014,105.221901052,0,0,0,12,11,8285,6354
compact51_marcy__current_roles,2019-05-16 09:00:00,30.022796276,126.105392683,0,0,0,12,12,8270,6772
compact51_marcy__current_roles,2019-05-16 10:00:00,24.931752278,110.239864772,0,0,0,12,12,7297,6450
compact51_marcy__current_roles,2019-05-16 11:00:00,21.7126274169,132.967993112,0,0,0,9,9,5981,6879
compact51_marcy__current_roles,2019-05-16 12:00:00,26.3409406047,78.0136469539,0,0,0,12,12,7655,5400
compact51_marcy__current_roles,2019-05-16 13:00:00,18.9230488918,93.2378734644,0,0,0,12,12,4218,5987
compact51_marcy__current_roles,2019-05-16 14:00:00,22.4992881693,75.0142540972,0,0,0,12,12,6351,5176
compact51_marcy__current_roles,2019-05-16 15:00:00,26.6281211153,78.449492623,0,0,0,12,12,7719,5425
compact51_marcy__current_roles,2019-05-16 16:00:00,28.7262069684,129.409286539,0,0,0,12,12,8080,6833
compact51_marcy__current_roles,2019-05-16 17:00:00,37.8768475161,119.307570843,0,0,0,12,11,8680,6628
compact51_marcy__current_roles,2019-05-16 18:00:00,23.810911023,69.334350943,0,0,0,12,12,6945,4594
compact51_marcy__current_roles,2019-05-16 19:00:00,25.4344329574,70.6502671186,0,0,0,12,12,7428,4752
compact51_marcy__current_roles,2019-05-16 20:00:00,27.0563387417,90.7858566916,0,0,0,12,12,7815,5902
compact51_marcy__current_roles,2019-05-16 21:00:00,24.8651280143,64.9367896888,0,0,0,12,12,7272,3917
compact51_marcy__current_roles,2019-05-16 22:00:00,18.2171843552,59.7914430474,0,0,0,12,12,3660,2765
compact51_marcy__current_roles,2019-05-16 23:00:00,23.890160691,69.9712642902,0,0,0,12,12,6969,4674
compact51_marcy__current_roles,2019-05-17 00:00:00,24.9196064875,63.9826945118,0,0,0,12,12,7290,3700
compact51_marcy__current_roles,2019-05-17 01:00:00,24.2188618802,61.5993583579,0,0,0,12,12,7076,3194
compact51_marcy__current_roles,2019-05-17 02:00:00,27.9875290341,64.4801455895,0,0,0,12,12,7979,3808
compact51_marcy__current_roles,2019-05-17 03:00:00,28.2618052378,64.2027901791,0,0,0,12,12,8016,3748
compact51_marcy__current_roles,2019-05-17 04:00:00,33.5544536949,73.3012693919,0,0,0,12,12,8539,5008
compact51_marcy__current_roles,2019-05-17 05:00:00,35.009718142,74.0257259247,0,0,0,12,12,8595,5091
compact51_marcy__current_roles,2019-05-17 06:00:00,38.6673464221,76.5626932922,0,0,0,12,12,8695,5310
compact51_marcy__current_roles,2019-05-17 07:00:00,36.2439428038,74.0143801159,0,0,0,12,12,8630,5090
compact51_marcy__current_roles,2019-05-17 08:00:00,21.7668638374,68.2747112616,0,0,0,12,12,6016,4459
compact51_marcy__current_roles,2019-05-17 09:00:00,17.4976118573,60.8402475565,0,0,0,12,12,3073,3006
compact51_marcy__current_roles,2019-05-17 10:00:00,21.282127818,74.7272054598,0,0,0,12,12,5763,5152
compact51_marcy__current_roles,2019-05-17 11:00:00,21.4624652446,75.0208031381,0,0,0,12,12,5867,5177
compact51_marcy__current_roles,2019-05-17 12:00:00,26.1637088829,88.0724601386,0,0,0,12,12,7616,5813
compact51_marcy__current_roles,2019-05-17 13:00:00,22.2364211635,65.9900228474,0,0,0,12,12,6227,4113
compact51_marcy__current_roles,2019-05-17 14:00:00,18.6194702969,61.2321607394,0,0,0,12,12,3977,3104
compact51_marcy__current_roles,2019-05-17 15:00:00,22.514536061,64.8597299742,0,0,0,12,12,6357,3902
compact51_marcy__current_roles,2019-05-17 16:00:00,14.9310613522,51.4238550861,0,0,0,12,12,1218,969
compact51_marcy__current_roles,2019-05-17 17:00:00,18.0520330008,57.9156714571,0,0,0,12,12,3535,2329
compact51_marcy__current_roles,2019-05-17 18:00:00,14.8241666861,51.603954985,0,0,0,12,12,1146,1008
compact51_marcy__current_roles,2019-05-17 19:00:00,16.852285733,58.3783252891,0,0,0,12,12,2570,2424
compact51_marcy__current_roles,2019-05-17 20:00:00,17.2819373091,57.4641962621,0,0,0,12,12,2920,2210
compact51_marcy__current_roles,2019-05-17 21:00:00,17.1607267765,60.0606069586,0,0,0,12,12,2809,2841
compact51_marcy__current_roles,2019-05-17 22:00:00,16.4314684812,56.0796989175,0,0,0,12,12,2273,1890
compact51_marcy__current_roles,2019-05-17 23:00:00,28.972540243,74.1782258295,0,0,0,12,12,8124,5104
compact51_marcy__current_roles,2019-05-18 00:00:00,18.5069379839,55.5946919395,0,0,0,12,12,3878,1787
compact51_marcy__current_roles,2019-05-18 01:00:00,24.0130991299,62.004213087,0,0,0,12,12,7009,3278
compact51_marcy__current_roles,2019-05-18 02:00:00,25.8641653007,64.4636850008,0,0,0,12,12,7536,3804
compact51_marcy__current_roles,2019-05-18 03:00:00,21.376730399,58.8843677608,0,0,0,12,12,5819,2560
compact51_marcy__current_roles,2019-05-18 04:00:00,26.5346421613,58.7566174739,0,0,0,12,12,7701,2528
compact51_marcy__current_roles,2019-05-18 05:00:00,28.741313793,61.9200201175,0,0,0,12,12,8084,3262
compact51_marcy__current_roles,2019-05-18 06:00:00,21.6324327678,60.1994650496,0,0,0,12,12,5953,2869
compact51_marcy__current_roles,2019-05-18 07:00:00,21.7306334713,96.4420791603,0,0,0,12,12,5993,6100
compact51_marcy__current_roles,2019-05-18 08:00:00,19.4853110381,77.8994013333,0,0,0,12,12,4631,5392
compact51_marcy__current_roles,2019-05-18 09:00:00,18.1026366434,71.4809943401,0,0,0,12,12,3576,4838
compact51_marcy__current_roles,2019-05-18 10:00:00,18.2545282399,69.9159390428,0,0,0,12,12,3692,4671
compact51_marcy__current_roles,2019-05-18 11:00:00,15.0248358765,70.9234054285,0,0,0,12,12,1280,4781
compact51_marcy__current_roles,2019-05-18 12:00:00,15.0207904935,63.3511905192,0,0,0,12,12,1277,3576
compact51_marcy__current_roles,2019-05-18 13:00:00,17.0098289448,67.9325426553,0,0,0,12,12,2685,4410
compact51_marcy__current_roles,2019-05-18 14:00:00,17.0074373531,79.6187864248,0,0,0,12,12,2682,5484
compact51_marcy__current_roles,2019-05-18 15:00:00,18.0417375977,111.453382948,0,0,0,12,12,3525,6475
compact51_marcy__current_roles,2019-05-18 16:00:00,17.6177700416,127.87146782,0,0,0,12,12,3162,6805
compact51_marcy__current_roles,2019-05-18 17:00:00,13.8204136486,72.8680122172,0,0,0,12,12,663,4961
compact51_marcy__current_roles,2019-05-18 18:00:00,16.2818181092,63.056648944,0,0,0,12,12,2138,3513
compact51_marcy__current_roles,2019-05-18 19:00:00,15.8451763556,82.3778684101,0,0,0,12,12,1817,5612
compact51_marcy__current_roles,2019-05-18 20:00:00,18.0304436128,57.516277068,0,0,0,12,12,3512,2225
compact51_marcy__current_roles,2019-05-18 21:00:00,16.435457201,53.3011814554,0,0,0,12,12,2277,1333
compact51_marcy__current_roles,2019-05-18 22:00:00,14.9718348874,52.6150802771,0,0,0,12,12,1238,1188
compact51_marcy__current_roles,2019-05-18 23:00:00,14.945532552,50.9870736951,0,0,0,12,12,1229,901
compact51_marcy__current_roles,2019-05-19 00:00:00,20.7940053914,57.794566837,0,0,0,12,12,5493,2292
compact51_marcy__current_roles,2019-05-19 01:00:00,26.9579190552,62.9386841016,0,0,0,12,12,7794,3491
compact51_marcy__current_roles,2019-05-19 02:00:00,28.5434219571,68.999528976,0,0,0,12,12,8051,4558
compact51_marcy__current_roles,2019-05-19 03:00:00,27.9911315426,63.6597824338,0,0,0,12,12,7981,3640
compact51_marcy__current_roles,2019-05-19 04:00:00,27.7071482191,62.0328802351,0,0,0,12,12,7942,3284
compact51_marcy__current_roles,2019-05-19 05:00:00,30.842381733,87.0706394388,0,0,0,12,12,8370,5783
compact51_marcy__current_roles,2019-05-19 06:00:00,29.4113927219,83.8266577179,0,0,0,12,12,8186,5676
compact51_marcy__current_roles,2019-05-19 07:00:00,22.3912256795,55.2490903125,0,0,0,12,12,6285,1700
compact51_marcy__current_roles,2019-05-19 08:00:00,19.6514526994,58.9426709033,0,0,0,12,12,4749,2578
compact51_marcy__current_roles,2019-05-19 09:00:00,18.6132419349,58.544528677,0,0,0,12,12,3975,2468
compact51_marcy__current_roles,2019-05-19 10:00:00,17.8416713718,58.1205754209,0,0,0,12,12,3352,2371
compact51_marcy__current_roles,2019-05-19 11:00:00,20.8770068648,62.7462387698,0,0,0,12,12,5546,3437
compact51_marcy__current_roles,2019-05-19 12:00:00,21.7042286891,64.0899799355,0,0,0,12,12,5977,3724
compact51_marcy__current_roles,2019-05-19 13:00:00,21.7586099985,62.9789209819,0,0,0,12,12,6007,3498
compact51_marcy__current_roles,2019-05-19 14:00:00,21.2974462499,64.0951831528,0,0,0,12,12,5769,3727
compact51_marcy__current_roles,2019-05-19 15:00:00,20.1118364767,69.1364011227,0,0,0,12,12,5056,4569
compact51_marcy__current_roles,2019-05-19 16:00:00,20.7787923001,72.4361636277,0,0,0,12,12,5481,4926
compact51_marcy__current_roles,2019-05-19 17:00:00,20.7317175641,64.68254557,0,0,0,12,12,5448,3854
compact51_marcy__current_roles,2019-05-19 18:00:00,19.7448655796,60.7342762964,0,0,0,12,12,4814,2982
compact51_marcy__current_roles,2019-05-19 19:00:00,17.4682465041,56.3131471798,0,0,0,12,12,3051,1940
compact51_marcy__current_roles,2019-05-19 20:00:00,17.2053019267,55.1100925882,0,0,0,12,12,2850,1678
compact51_marcy__current_roles,2019-05-19 21:00:00,17.1188970684,58.0637006883,0,0,0,12,12,2769,2362
compact51_marcy__current_roles,2019-05-19 22:00:00,19.5533841065,60.9858116989,0,0,0,14,14,4682,3045
compact51_marcy__current_roles,2019-05-19 23:00:00,13.9548700594,51.663652875,0,0,0,12,12,729,1023
compact51_marcy__current_roles,2019-05-20 00:00:00,16.4156166072,52.0127432543,0,0,0,12,12,2251,1085
compact51_marcy__current_roles,2019-05-20 01:00:00,19.853727182,54.572023676,0,0,0,12,12,4877,1571
compact51_marcy__current_roles,2019-05-20 02:00:00,24.1307757551,57.5107546159,0,0,0,12,12,7044,2222
compact51_marcy__current_roles,2019-05-20 03:00:00,27.9530110243,57.7751605139,0,0,0,12,12,7974,2283
compact51_marcy__current_roles,2019-05-20 04:00:00,27.1940836541,59.3186497002,0,0,0,12,12,7839,2666
compact51_marcy__current_roles,2019-05-20 05:00:00,29.8143061976,60.4039347452,0,0,0,12,12,8242,2905
compact51_marcy__current_roles,2019-05-20 06:00:00,21.7466441042,58.3733018421,0,0,0,12,12,6002,2423
compact51_marcy__current_roles,2019-05-20 07:00:00,18.0270595169,44.4652779444,0,0,0,12,12,3507,201
compact51_marcy__current_roles,2019-05-20 08:00:00,16.8014670585,44.379115485,0,0,0,13,12,2535,197
compact51_marcy__current_roles,2019-05-20 09:00:00,16.6188005587,51.006554644,0,0,0,12,12,2404,902
compact51_marcy__current_roles,2019-05-20 10:00:00,15.2746216739,44.041434326,0,0,0,12,12,1445,166
compact51_marcy__current_roles,2019-05-20 11:00:00,16.1464407705,44.9013478489,0,0,0,12,12,2054,225
compact51_marcy__current_roles,2019-05-20 12:00:00,23.9450616221,52.3702361571,0,0,0,12,12,6987,1136
compact51_marcy__current_roles,2019-05-20 13:00:00,20.9721306602,53.6250720896,0,0,0,12,12,5594,1387
compact51_marcy__current_roles,2019-05-20 14:00:00,23.5856905785,71.1620598459,0,0,0,13,12,6860,4803
compact51_marcy__current_roles,2019-05-20 15:00:00,24.6519754081,53.0394488372,0,0,0,12,12,7207,1271
compact51_marcy__current_roles,2019-05-20 16:00:00,26.2993585286,75.7289249682,0,0,0,12,12,7640,5243
compact51_marcy__current_roles,2019-05-20 17:00:00,26.7882612606,80.5038555698,0,0,0,12,12,7750,5518
compact51_marcy__current_roles,2019-05-20 18:00:00,24.9982395415,73.897366621,0,0,0,12,12,7320,5079
compact51_marcy__current_roles,2019-05-20 19:00:00,23.0875873602,51.2601992098,0,0,0,12,12,6630,950
compact51_marcy__current_roles,2019-05-20 20:00:00,23.2980635781,55.5329452059,0,0,0,12,12,6728,1775
compact51_marcy__current_roles,2019-05-20 21:00:00,22.9560981206,58.8453640088,0,0,0,12,12,6570,2550
compact51_marcy__current_roles,2019-05-20 22:00:00,21.271236631,74.2345218335,0,0,0,12,12,5758,5111
compact51_marcy__current_roles,2019-05-20 23:00:00,22.4789828075,60.8593548975,0,0,0,12,12,6336,3012
compact51_marcy__current_roles,2019-05-21 00:00:00,23.4606221912,94.3152574568,0,0,0,12,12,6797,6022
compact51_marcy__current_roles,2019-05-21 01:00:00,27.3219740681,75.2585449408,0,0,0,12,12,7869,5201
compact51_marcy__current_roles,2019-05-21 02:00:00,26.103018429,61.2671899582,0,0,0,12,12,7594,3113
compact51_marcy__current_roles,2019-05-21 03:00:00,28.7738622828,51.3030468434,0,0,0,12,12,8092,955
compact51_marcy__current_roles,2019-05-21 04:00:00,27.8751556007,48.5811678604,0,0,0,12,12,7963,567
compact51_marcy__current_roles,2019-05-21 05:00:00,27.4183284553,66.9879714302,0,0,0,12,12,7896,4289
compact51_marcy__current_roles,2019-05-21 06:00:00,29.1323747674,61.0177599699,0,0,0,12,12,8145,3052
compact51_marcy__current_roles,2019-05-21 07:00:00,28.7014700967,56.8172710289,0,0,0,12,12,8074,2062
compact51_marcy__current_roles,2019-05-21 08:00:00,16.2106728553,45.7762432775,0,0,0,12,12,2091,285
compact51_marcy__current_roles,2019-05-21 09:00:00,17.9250833842,47.1890454913,0,0,0,12,12,3422,399
compact51_marcy__current_roles,2019-05-21 10:00:00,16.4877168976,45.2516658981,0,0,0,12,12,2308,247
compact51_marcy__current_roles,2019-05-21 11:00:00,23.0824122686,57.9941537868,0,0,0,12,11,6626,2343
compact51_marcy__current_roles,2019-05-21 12:00:00,18.4925581981,57.6255591854,0,0,0,12,12,3869,2247
compact51_marcy__current_roles,2019-05-21 13:00:00,20.3342113918,48.1485121757,0,0,0,12,12,5204,506
compact51_marcy__current_roles,2019-05-21 14:00:00,13.0998309686,39.6966167941,0,0,0,12,12,414,48
compact51_marcy__current_roles,2019-05-21 15:00:00,15.8933839128,44.8618231367,0,0,0,12,12,1859,223
compact51_marcy__current_roles,2019-05-21 16:00:00,14.3008418563,43.3070268343,0,0,0,12,12,879,139
compact51_marcy__current_roles,2019-05-21 17:00:00,14.5762127872,42.3349408929,0,0,0,12,12,1008,105
compact51_marcy__current_roles,2019-05-21 18:00:00,14.3221848925,42.1357313087,0,0,0,12,12,891,98
compact51_marcy__current_roles,2019-05-21 19:00:00,12.2434329232,40.8698546356,0,0,0,12,12,180,72
compact51_marcy__current_roles,2019-05-21 20:00:00,9.30312019944,34.4888459897,0,0,0,12,12,3,14
compact51_marcy__current_roles,2019-05-21 21:00:00,16.2718220183,46.9122731381,0,0,0,12,12,2128,370
compact51_marcy__current_roles,2019-05-21 22:00:00,15.9250154381,48.2278800499,0,0,0,12,12,1895,518
compact51_marcy__current_roles,2019-05-21 23:00:00,17.9238595511,53.1443628122,0,0,0,12,12,3419,1296
compact51_marcy__current_roles,2019-05-22 00:00:00,17.2800480416,50.6256772018,0,0,0,12,12,2917,840
compact51_marcy__current_roles,2019-05-22 01:00:00,20.9998731645,52.6521386727,0,0,0,12,12,5611,1195
compact51_marcy__current_roles,2019-05-22 02:00:00,22.2714239157,71.3725795373,0,0,0,12,12,6248,4831
compact51_marcy__current_roles,2019-05-22 03:00:00,23.1840188971,63.5007853114,0,0,0,12,12,6677,3611
compact51_marcy__current_roles,2019-05-22 04:00:00,29.6813452398,51.2633198434,0,0,0,12,12,8218,951
compact51_marcy__current_roles,2019-05-22 05:00:00,26.4862666642,50.8338709888,0,0,0,12,12,7686,873
compact51_marcy__current_roles,2019-05-22 06:00:00,28.0159443935,59.4017655911,0,0,0,12,12,7986,2686
compact51_marcy__current_roles,2019-05-22 07:00:00,29.6985828619,63.8374856486,0,0,0,12,12,8221,3677
compact51_marcy__current_roles,2019-05-22 08:00:00,22.6338640841,64.8255113733,0,0,0,12,12,6418,3890
compact51_marcy__current_roles,2019-05-22 09:00:00,30.8547798039,77.5202710712,0,0,0,12,12,8373,5371
compact51_marcy__current_roles,2019-05-22 10:00:00,28.6588561839,78.0197997445,0,0,0,12,12,8067,5401
compact51_marcy__current_roles,2019-05-22 11:00:00,24.8459904637,74.0061196976,0,0,0,12,12,7265,5089
compact51_marcy__current_roles,2019-05-22 12:00:00,24.9130869814,73.9390101721,0,0,0,12,12,7286,5086
compact51_marcy__current_roles,2019-05-22 13:00:00,22.1921384331,70.4828958897,0,0,0,12,12,6212,4738
compact51_marcy__current_roles,2019-05-22 14:00:00,20.4825259012,65.2821759249,0,0,0,12,12,5299,3994
compact51_marcy__current_roles,2019-05-22 15:00:00,19.3444157388,66.3651085892,0,0,0,12,12,4526,4173
compact51_marcy__current_roles,2019-05-22 16:00:00,23.681990816,73.4539843177,0,0,0,12,12,6900,5023
compact51_marcy__current_roles,2019-05-22 17:00:00,21.2284941212,66.8100136407,0,0,0,12,12,5735,4256
compact51_marcy__current_roles,2019-05-22 18:00:00,19.9717062841,58.0343684481,0,0,0,12,12,4957,2356
compact51_marcy__current_roles,2019-05-22 19:00:00,16.842582198,53.3543394833,0,0,0,12,12,2564,1345
compact51_marcy__current_roles,2019-05-22 20:00:00,18.7425249276,48.1988442344,0,0,0,12,12,4053,513
compact51_marcy__current_roles,2019-05-22 21:00:00,16.4284997722,52.1470100872,0,0,0,12,12,2271,1103
compact51_marcy__current_roles,2019-05-22 22:00:00,17.0112149933,50.6028752426,0,0,0,12,12,2687,838
compact51_marcy__current_roles,2019-05-22 23:00:00,17.2249342585,62.800068891,0,0,0,12,12,2868,3455
compact51_marcy__current_roles,2019-05-23 00:00:00,22.6960268865,68.0035618903,0,0,0,12,12,6448,4422
compact51_marcy__current_roles,2019-05-23 01:00:00,23.0170489704,62.3645222816,0,0,0,12,12,6594,3363
compact51_marcy__current_roles,2019-05-23 02:00:00,26.4006677435,63.6762494565,0,0,0,12,12,7667,3642
compact51_marcy__current_roles,2019-05-23 03:00:00,26.5031060423,62.3537194489,0,0,0,12,12,7692,3360
compact51_marcy__current_roles,2019-05-23 04:00:00,30.6255589436,68.4831148373,0,0,0,12,12,8342,4489
compact51_marcy__current_roles,2019-05-23 05:00:00,30.3638976427,66.9028714996,0,0,0,12,12,8308,4271
compact51_marcy__current_roles,2019-05-23 06:00:00,29.2735134209,79.7556165266,0,0,0,12,12,8171,5491
compact51_marcy__current_roles,2019-05-23 07:00:00,27.5603542014,77.5268590112,0,0,0,12,12,7922,5372
compact51_marcy__current_roles,2019-05-23 08:00:00,24.3780973242,73.4760716284,0,0,0,12,12,7138,5027
compact51_marcy__current_roles,2019-05-23 09:00:00,22.8009326483,76.8005206666,0,0,0,12,12,6499,5326
compact51_marcy__current_roles,2019-05-23 10:00:00,18.1058255409,71.9952248606,0,0,0,12,12,3579,4885
compact51_marcy__current_roles,2019-05-23 11:00:00,17.9612399641,69.0198529323,0,0,0,12,12,3457,4562
compact51_marcy__current_roles,2019-05-23 12:00:00,15.4986809807,64.3326868082,0,0,0,12,12,1607,3777
compact51_marcy__current_roles,2019-05-23 13:00:00,22.8669580558,64.1370957031,0,0,0,13,13,6526,3736
compact51_marcy__current_roles,2019-05-23 14:00:00,21.5479995228,83.8358239437,0,0,0,12,12,5914,5678
compact51_marcy__current_roles,2019-05-23 15:00:00,30.7276320317,600.921228097,0,0,0,13,12,8356,8337
compact51_marcy__current_roles,2019-05-23 16:00:00,28.4420246923,160.485675049,0,0,0,12,12,8035,7195
compact51_marcy__current_roles,2019-05-23 17:00:00,24.8882697146,95.5914531344,0,0,0,12,12,7281,6067
compact51_marcy__current_roles,2019-05-23 18:00:00,24.7416271479,99.4459440975,0,0,0,12,12,7229,6185
compact51_marcy__current_roles,2019-05-23 19:00:00,19.4607576022,86.8349209088,0,0,0,12,12,4609,5779
compact51_marcy__current_roles,2019-05-23 20:00:00,19.7719146866,76.7727614846,0,0,0,12,12,4830,5323
compact51_marcy__current_roles,2019-05-23 21:00:00,18.7473250743,69.5055891248,0,0,0,12,12,4059,4615
compact51_marcy__current_roles,2019-05-23 22:00:00,19.986017191,71.506784819,0,0,0,12,12,4965,4840
compact51_marcy__current_roles,2019-05-23 23:00:00,20.2705288504,106.670047791,0,0,0,12,12,5161,6384
compact51_marcy__current_roles,2019-05-24 00:00:00,21.4902034897,106.511654116,0,0,0,12,12,5882,6382
compact51_marcy__current_roles,2019-05-24 01:00:00,21.6844953611,118.292284008,0,0,0,12,12,5972,6609
compact51_marcy__current_roles,2019-05-24 02:00:00,23.020668008,143.195336335,0,0,0,12,12,6598,7004
compact51_marcy__current_roles,2019-05-24 03:00:00,25.921613253,163.350589377,0,0,0,12,12,7551,7222
compact51_marcy__current_roles,2019-05-24 04:00:00,25.0535579378,109.167485136,0,0,0,12,12,7336,6431
compact51_marcy__current_roles,2019-05-24 05:00:00,34.3939658582,93.4805623666,0,0,0,12,12,8567,5994
compact51_marcy__current_roles,2019-05-24 06:00:00,31.6195326695,78.6134422453,0,0,0,12,12,8429,5430
compact51_marcy__current_roles,2019-05-24 07:00:00,18.7746867725,63.3336019051,0,0,0,12,12,4087,3574
compact51_marcy__current_roles,2019-05-24 08:00:00,17.0506509145,60.5051827621,0,0,0,12,12,2713,2918
compact51_marcy__current_roles,2019-05-24 09:00:00,17.8335729115,62.852931779,0,0,0,12,12,3345,3467
compact51_marcy__current_roles,2019-05-24 10:00:00,17.2089710833,59.693984128,0,0,0,12,12,2855,2740
compact51_marcy__current_roles,2019-05-24 11:00:00,16.7362196048,62.3709258614,0,0,0,12,12,2483,3365
compact51_marcy__current_roles,2019-05-24 12:00:00,20.482072267,62.5932272826,0,0,0,12,12,5297,3406
compact51_marcy__current_roles,2019-05-24 13:00:00,19.1419629481,61.372656404,0,0,0,13,12,4393,3139
compact51_marcy__current_roles,2019-05-24 14:00:00,18.9500672749,59.5180452677,0,0,0,12,12,4235,2700
compact51_marcy__current_roles,2019-05-24 15:00:00,16.3975760582,61.3489637653,0,0,0,12,12,2239,3134
compact51_marcy__current_roles,2019-05-24 16:00:00,19.4032489953,64.3063336882,0,0,0,12,12,4558,3771
compact51_marcy__current_roles,2019-05-24 17:00:00,15.6484509114,58.257909484,0,0,0,12,12,1694,2399
compact51_marcy__current_roles,2019-05-24 18:00:00,16.7474681912,59.1699716964,0,0,0,12,12,2491,2631
compact51_marcy__current_roles,2019-05-24 19:00:00,18.3756475762,64.3611901689,0,0,0,12,12,3791,3784
compact51_marcy__current_roles,2019-05-24 20:00:00,16.6903567422,57.7812698955,0,0,0,12,12,2452,2288
compact51_marcy__current_roles,2019-05-24 21:00:00,18.0319079667,52.5508959775,0,0,0,12,12,3516,1175
compact51_marcy__current_roles,2019-05-24 22:00:00,18.067311103,60.4975184287,0,0,0,12,12,3541,2916
compact51_marcy__current_roles,2019-05-24 23:00:00,17.2571190648,62.4540318292,0,0,0,12,12,2892,3389
compact51_marcy__current_roles,2019-05-25 00:00:00,19.7566590198,66.1672062315,0,0,0,12,12,4820,4147
compact51_marcy__current_roles,2019-05-25 01:00:00,19.3360588742,62.7964635255,0,0,0,12,12,4517,3451
compact51_marcy__current_roles,2019-05-25 02:00:00,23.2643837478,61.2172927121,0,0,0,12,12,6712,3098
compact51_marcy__current_roles,2019-05-25 03:00:00,23.2080241196,59.7044373952,0,0,0,12,12,6687,2742
compact51_marcy__current_roles,2019-05-25 04:00:00,24.4890308095,60.0518316835,0,0,0,12,12,7167,2838
compact51_marcy__current_roles,2019-05-25 05:00:00,30.2591357785,284.209861168,0,0,0,13,12,8297,7890
compact51_marcy__current_roles,2019-05-25 06:00:00,31.6842414301,1672.97672757,0,0,0,12,12,8432,8585
compact51_marcy__current_roles,2019-05-25 07:00:00,25.3399791391,206.971552249,0,0,0,12,12,7404,7547
compact51_marcy__current_roles,2019-05-25 08:00:00,25.7741879325,191.599363449,0,0,0,12,12,7517,7435
compact51_marcy__current_roles,2019-05-25 09:00:00,31.3539091492,236.007616253,0,0,0,12,12,8409,7704
compact51_marcy__current_roles,2019-05-25 10:00:00,28.1599475357,305.157541748,0,0,0,12,12,8002,7947
compact51_marcy__current_roles,2019-05-25 11:00:00,27.2468404784,147.095597611,0,0,0,12,12,7852,7051
compact51_marcy__current_roles,2019-05-25 12:00:00,27.7861065157,144.045088148,0,0,0,12,12,7954,7012
compact51_marcy__current_roles,2019-05-25 13:00:00,25.7077155751,186.61646198,0,0,0,12,12,7501,7402
compact51_marcy__current_roles,2019-05-25 14:00:00,24.0507111594,158.211643771,0,0,0,12,12,7016,7179
compact51_marcy__current_roles,2019-05-25 15:00:00,22.5977114189,138.932090411,0,0,0,12,12,6396,6947
compact51_marcy__current_roles,2019-05-25 16:00:00,22.803067098,177.352897588,0,0,0,12,12,6500,7344
compact51_marcy__current_roles,2019-05-25 17:00:00,25.6955240753,236.568553127,0,0,0,12,12,7499,7710
compact51_marcy__current_roles,2019-05-25 18:00:00,25.8297010539,161.55429507,0,0,0,12,12,7530,7208
compact51_marcy__current_roles,2019-05-25 19:00:00,23.6133952232,75.4387382561,0,0,0,12,12,6870,5219
compact51_marcy__current_roles,2019-05-25 20:00:00,22.0419923036,60.1804689374,0,0,0,12,12,6144,2864
compact51_marcy__current_roles,2019-05-25 21:00:00,21.0579361246,60.0341528285,0,0,0,12,12,5651,2826
compact51_marcy__current_roles,2019-05-25 22:00:00,20.8727581308,81.3320267401,0,0,0,12,12,5542,5567
compact51_marcy__current_roles,2019-05-25 23:00:00,23.5702963494,131.080209705,0,0,0,12,12,6853,6853
compact51_marcy__current_roles,2019-05-26 00:00:00,25.5796255745,80.8137168069,0,0,0,12,12,7467,5537
compact51_marcy__current_roles,2019-05-26 01:00:00,27.3725535333,80.7611431786,0,0,0,12,12,7883,5535
compact51_marcy__current_roles,2019-05-26 02:00:00,32.5675194136,129.408954026,0,0,0,12,12,8483,6832
compact51_marcy__current_roles,2019-05-26 03:00:00,31.7647996757,131.139927304,0,0,0,13,12,8436,6855
compact51_marcy__current_roles,2019-05-26 04:00:00,29.033908084,111.427229684,0,0,0,12,12,8132,6474
compact51_marcy__current_roles,2019-05-26 05:00:00,30.0855341854,102.973943415,0,0,0,12,12,8281,6297
compact51_marcy__current_roles,2019-05-26 06:00:00,24.9133830331,72.8520044142,0,0,0,12,12,7287,4958
compact51_marcy__current_roles,2019-05-26 07:00:00,25.1980792694,103.829028378,0,0,0,12,12,7361,6319
compact51_marcy__current_roles,2019-05-26 08:00:00,26.3156141426,97.4155236515,0,0,0,12,12,7644,6120
compact51_marcy__current_roles,2019-05-26 09:00:00,30.2884821177,131.731591687,0,0,0,12,12,8305,6862
compact51_marcy__current_roles,2019-05-26 10:00:00,26.049060087,119.822726075,0,0,0,12,12,7587,6635
compact51_marcy__current_roles,2019-05-26 11:00:00,23.4398695963,75.9216824541,0,0,0,12,12,6788,5259
compact51_marcy__current_roles,2019-05-26 12:00:00,16.8020454132,61.0210457209,0,0,0,12,12,2538,3053
compact51_marcy__current_roles,2019-05-26 13:00:00,19.9340651728,63.4607009632,0,0,0,12,12,4928,3603
compact51_marcy__current_roles,2019-05-26 14:00:00,20.6058313729,64.8833064897,0,0,0,12,12,5365,3905
compact51_marcy__current_roles,2019-05-26 15:00:00,18.0678106475,65.4582311581,0,0,0,12,12,3542,4027
compact51_marcy__current_roles,2019-05-26 16:00:00,18.765376193,67.2789552287,0,0,0,12,12,4074,4329
compact51_marcy__current_roles,2019-05-26 17:00:00,17.6271690126,63.3980215031,0,0,0,12,12,3167,3587
compact51_marcy__current_roles,2019-05-26 18:00:00,17.669069892,59.84298043,0,0,0,12,12,3201,2782
compact51_marcy__current_roles,2019-05-26 19:00:00,20.6725040948,63.4414562429,0,0,0,12,12,5412,3596
compact51_marcy__current_roles,2019-05-26 20:00:00,19.8145647319,65.3581350678,0,0,0,12,12,4853,4008
compact51_marcy__current_roles,2019-05-26 21:00:00,22.8122469406,68.2944368301,0,0,0,12,12,6505,4463
compact51_marcy__current_roles,2019-05-26 22:00:00,20.6423361425,65.7889678229,0,0,0,12,12,5389,4078
compact51_marcy__current_roles,2019-05-26 23:00:00,17.8969716081,59.2245428688,0,0,0,12,12,3397,2642
compact51_marcy__current_roles,2019-05-27 00:00:00,17.7018613387,57.814561268,0,0,0,12,12,3225,2298
compact51_marcy__current_roles,2019-05-27 01:00:00,19.1499089508,59.8893901018,0,0,0,12,12,4399,2794
compact51_marcy__current_roles,2019-05-27 02:00:00,23.2662781853,60.1361782698,0,0,0,12,12,6713,2856
compact51_marcy__current_roles,2019-05-27 03:00:00,22.9461006385,58.3310809709,0,0,0,12,12,6566,2418
compact51_marcy__current_roles,2019-05-27 04:00:00,25.9477049299,58.718217853,0,0,0,12,12,7562,2517
compact51_marcy__current_roles,2019-05-27 05:00:00,24.7693623537,56.2165351462,0,0,0,12,12,7242,1923
compact51_marcy__current_roles,2019-05-27 06:00:00,22.2495789482,57.9576639663,0,0,0,12,12,6238,2335
compact51_marcy__current_roles,2019-05-27 07:00:00,15.798258445,59.0520656793,0,0,0,12,12,1795,2610
compact51_marcy__current_roles,2019-05-27 08:00:00,16.1083147446,62.3176608174,0,0,0,12,12,2023,3347
compact51_marcy__current_roles,2019-05-27 09:00:00,19.557780365,68.1960190069,0,0,0,12,12,4685,4449
compact51_marcy__current_roles,2019-05-27 10:00:00,18.395980617,65.7602283951,0,0,0,12,12,3797,4071
compact51_marcy__current_roles,2019-05-27 11:00:00,18.5005449948,72.0114038021,0,0,0,12,12,3873,4887
compact51_marcy__current_roles,2019-05-27 12:00:00,19.022880438,67.1364301042,0,0,0,12,12,4300,4309
compact51_marcy__current_roles,2019-05-27 13:00:00,16.4544211999,62.1707993539,0,0,0,12,12,2287,3317
compact51_marcy__current_roles,2019-05-27 14:00:00,17.6758943769,60.8495554508,0,0,0,12,12,3205,3009
compact51_marcy__current_roles,2019-05-27 15:00:00,16.07945315,58.887461476,0,0,0,12,12,2001,2562
compact51_marcy__current_roles,2019-05-27 16:00:00,16.1399440156,63.2502801408,0,0,0,12,12,2047,3554
compact51_marcy__current_roles,2019-05-27 17:00:00,15.3813658307,58.8790503815,0,0,0,12,11,1522,2558
compact51_marcy__current_roles,2019-05-27 18:00:00,14.0442045917,56.1424047079,0,0,0,12,12,761,1907
compact51_marcy__current_roles,2019-05-27 19:00:00,17.1199859311,60.7371289359,0,0,0,12,12,2770,2983
compact51_marcy__current_roles,2019-05-27 20:00:00,17.4043834773,60.9382714895,0,0,0,12,12,3000,3029
compact51_marcy__current_roles,2019-05-27 21:00:00,17.1601408563,59.6715680097,0,0,0,12,12,2808,2734
compact51_marcy__current_roles,2019-05-27 22:00:00,17.3932955864,64.2574307213,0,0,0,12,12,2994,3759
compact51_marcy__current_roles,2019-05-27 23:00:00,17.4673508086,63.6392571054,0,0,0,13,13,3050,3633
compact51_marcy__current_roles,2019-05-28 00:00:00,18.2026732179,66.6119723619,0,0,0,12,12,3652,4213
compact51_marcy__current_roles,2019-05-28 01:00:00,19.4883313277,62.9960167628,0,0,0,12,12,4633,3501
compact51_marcy__current_roles,2019-05-28 02:00:00,22.9927865981,64.9495404682,0,0,0,13,13,6585,3921
compact51_marcy__current_roles,2019-05-28 03:00:00,25.5772257906,66.4317299804,0,0,0,12,12,7465,4186
compact51_marcy__current_roles,2019-05-28 04:00:00,25.7292759626,63.7385275777,0,0,0,12,12,7506,3653
compact51_marcy__current_roles,2019-05-28 05:00:00,28.4336745815,67.9907653709,0,0,0,12,12,8032,4420
compact51_marcy__current_roles,2019-05-28 06:00:00,25.136359739,73.3326691585,0,0,0,12,12,7353,5010
compact51_marcy__current_roles,2019-05-28 07:00:00,20.4221994001,71.8746619093,0,0,0,12,12,5261,4879
compact51_marcy__current_roles,2019-05-28 08:00:00,10.8227308734,55.2586520262,0,0,0,12,12,27,1703
compact51_marcy__current_roles,2019-05-28 09:00:00,14.9207958136,60.0100949146,0,0,0,12,12,1209,2818
compact51_marcy__current_roles,2019-05-28 10:00:00,16.3067909474,62.1408278373,0,0,0,12,12,2168,3310
compact51_marcy__current_roles,2019-05-28 11:00:00,18.2124635213,66.6800878278,0,0,0,12,12,3657,4234
compact51_marcy__current_roles,2019-05-28 12:00:00,17.3102836563,60.7211801546,0,0,0,12,12,2937,2981
compact51_marcy__current_roles,2019-05-28 13:00:00,19.0605092076,56.8686113248,0,0,0,12,12,4325,2074
compact51_marcy__current_roles,2019-05-28 14:00:00,15.6841530019,62.3965385849,0,0,0,12,12,1719,3369
compact51_marcy__current_roles,2019-05-28 15:00:00,17.7524634693,58.9413796928,0,0,0,11,11,3265,2576
compact51_marcy__current_roles,2019-05-28 16:00:00,18.6431927728,60.5967417775,0,0,0,12,12,3993,2948
compact51_marcy__current_roles,2019-05-28 17:00:00,17.4056182416,55.3193963589,0,0,0,12,12,3001,1721
compact51_marcy__current_roles,2019-05-28 18:00:00,18.936836022,51.8745374047,0,0,0,12,12,4224,1059
compact51_marcy__current_roles,2019-05-28 19:00:00,16.8559892838,51.366580467,0,0,0,12,12,2572,962
compact51_marcy__current_roles,2019-05-28 20:00:00,17.958469997,52.3768042703,0,0,0,12,12,3455,1137
compact51_marcy__current_roles,2019-05-28 21:00:00,21.0382372216,46.4915608329,0,0,0,12,12,5645,341
compact51_marcy__current_roles,2019-05-28 22:00:00,18.9704858635,62.2993615019,0,0,0,12,12,4252,3340
compact51_marcy__current_roles,2019-05-28 23:00:00,23.4040194006,63.8891400509,0,0,0,12,12,6765,3686
compact51_marcy__current_roles,2019-05-29 00:00:00,14.336794522,57.5721104455,0,0,0,12,12,899,2239
compact51_marcy__current_roles,2019-05-29 01:00:00,13.1763281695,55.3365206681,0,0,0,12,12,441,1724
compact51_marcy__current_roles,2019-05-29 02:00:00,17.6916929372,58.3894532994,0,0,0,12,12,3215,2428
compact51_marcy__current_roles,2019-05-29 03:00:00,17.1654216187,54.3031585616,0,0,0,12,12,2816,1509
compact51_marcy__current_roles,2019-05-29 04:00:00,18.7278071632,54.5636677921,0,0,0,12,12,4048,1569
compact51_marcy__current_roles,2019-05-29 05:00:00,23.186425642,60.8629432001,0,0,0,12,12,6680,3014
compact51_marcy__current_roles,2019-05-29 06:00:00,17.9033898458,64.1336201492,0,0,0,12,12,3403,3733
compact51_marcy__current_roles,2019-05-29 07:00:00,14.9042489296,60.1540214319,0,0,0,12,12,1195,2859
compact51_marcy__current_roles,2019-05-29 08:00:00,12.9843251725,59.0340834198,0,0,0,12,12,373,2607
compact51_marcy__current_roles,2019-05-29 09:00:00,11.3518904671,55.4338564066,0,0,0,12,12,60,1751
compact51_marcy__current_roles,2019-05-29 10:00:00,13.1284090943,52.8099684493,0,0,0,12,12,425,1227
compact51_marcy__current_roles,2019-05-29 11:00:00,11.7096576256,47.8871363343,0,0,0,12,12,98,475
compact51_marcy__current_roles,2019-05-29 12:00:00,13.4932539108,50.2857268993,0,0,0,12,12,546,786
compact51_marcy__current_roles,2019-05-29 13:00:00,11.2585044858,56.3298470894,0,0,0,12,12,51,1944
compact51_marcy__current_roles,2019-05-29 14:00:00,12.6997294662,58.6113549243,0,0,0,12,12,290,2491
compact51_marcy__current_roles,2019-05-29 15:00:00,13.2288243249,58.5290544359,0,0,0,12,12,457,2463
compact51_marcy__current_roles,2019-05-29 16:00:00,15.4283313168,52.8152020868,0,0,0,12,12,1557,1230
compact51_marcy__current_roles,2019-05-29 17:00:00,15.3019051469,53.7586424126,0,0,0,12,12,1465,1414
compact51_marcy__current_roles,2019-05-29 18:00:00,14.5914783006,48.8471375956,0,0,0,12,12,1017,592
compact51_marcy__current_roles,2019-05-29 19:00:00,14.2141335403,53.434584821,0,0,0,12,12,842,1359
compact51_marcy__current_roles,2019-05-29 20:00:00,16.288781388,56.1422880728,0,0,0,12,12,2146,1906
compact51_marcy__current_roles,2019-05-29 21:00:00,17.9752275905,56.1593605446,0,0,0,12,12,3467,1913
compact51_marcy__current_roles,2019-05-29 22:00:00,17.9447061218,43.530543451,0,0,0,12,12,3440,141
compact51_marcy__current_roles,2019-05-29 23:00:00,14.3127829856,49.5561124082,0,0,0,12,12,887,679
compact51_marcy__current_roles,2019-05-30 00:00:00,13.0672061108,40.9385928322,0,0,0,12,12,402,74
compact51_marcy__current_roles,2019-05-30 01:00:00,16.6421772385,43.0616624638,0,0,0,12,12,2417,125
compact51_marcy__current_roles,2019-05-30 02:00:00,16.4655521984,44.2806337731,0,0,0,12,12,2295,192
compact51_marcy__current_roles,2019-05-30 03:00:00,16.2894762671,43.9934450367,0,0,0,12,12,2147,159
compact51_marcy__current_roles,2019-05-30 04:00:00,19.3350049736,49.8663813526,0,0,0,12,12,4515,714
compact51_marcy__current_roles,2019-05-30 05:00:00,21.1133760371,53.6880166575,0,0,0,12,12,5685,1397
compact51_marcy__current_roles,2019-05-30 06:00:00,16.2663532633,52.8123374198,0,0,0,12,12,2127,1228
compact51_marcy__current_roles,2019-05-30 07:00:00,15.2448838168,55.607512615,0,0,0,12,12,1429,1790
compact51_marcy__current_roles,2019-05-30 08:00:00,12.0196395536,54.203294849,0,0,0,12,12,137,1488
compact51_marcy__current_roles,2019-05-30 09:00:00,8.44044224717,50.9846249599,0,0,0,12,12,1,900
compact51_marcy__current_roles,2019-05-30 10:00:00,10.9586000604,51.5265137487,0,0,0,12,12,34,993
compact51_marcy__current_roles,2019-05-30 11:00:00,9.33634097503,51.0848551954,0,0,0,8,8,4,919
compact51_marcy__current_roles,2019-05-30 12:00:00,12.9248608479,41.6827239169,0,0,0,12,12,355,86
compact51_marcy__current_roles,2019-05-30 13:00:00,10.3504081961,49.9561261358,0,0,0,12,12,14,726
compact51_marcy__current_roles,2019-05-30 14:00:00,12.7324976531,43.24569245,0,0,0,12,12,298,134
compact51_marcy__current_roles,2019-05-30 15:00:00,11.9394944277,43.8869947288,0,0,0,12,12,129,155
compact51_marcy__current_roles,2019-05-30 16:00:00,14.5523592707,55.5459362181,0,0,0,12,12,995,1779
compact51_marcy__current_roles,2019-05-30 17:00:00,15.3521365611,57.0306226258,0,0,0,12,12,1497,2104
compact51_marcy__current_roles,2019-05-30 18:00:00,12.9693209275,55.3701447247,0,0,0,12,12,369,1728
compact51_marcy__current_roles,2019-05-30 19:00:00,14.782012145,49.3462415933,0,0,0,12,12,1114,647
compact51_marcy__current_roles,2019-05-30 20:00:00,12.9582086994,45.1055610803,0,0,0,12,12,365,235
compact51_marcy__current_roles,2019-05-30 21:00:00,11.3084878512,47.7251313827,0,0,0,12,12,56,454
compact51_marcy__current_roles,2019-05-30 22:00:00,17.0170620157,43.0547618196,0,0,0,12,12,2691,124
compact51_marcy__current_roles,2019-05-30 23:00:00,21.8661735111,50.5150864365,0,0,0,12,12,6070,820
compact51_marcy__current_roles,2019-05-31 00:00:00,16.002342831,48.1193555131,0,0,0,12,12,1946,500
compact51_marcy__current_roles,2019-05-31 01:00:00,15.9097411621,48.207336976,0,0,0,12,12,1872,515
compact51_marcy__current_roles,2019-05-31 02:00:00,20.4835906844,54.7564993696,0,0,0,12,12,5301,1608
compact51_marcy__current_roles,2019-05-31 03:00:00,19.6921771611,52.0801374538,0,0,0,12,12,4783,1090
compact51_marcy__current_roles,2019-05-31 04:00:00,23.1043692412,59.0164145889,0,0,0,12,12,6641,2601
compact51_marcy__current_roles,2019-05-31 05:00:00,28.5514816205,67.5832482955,0,0,0,12,12,8052,4372
compact51_marcy__current_roles,2019-05-31 06:00:00,19.4229511198,59.8139377549,0,0,0,12,12,4578,2771
compact51_marcy__current_roles,2019-05-31 07:00:00,21.3755892176,64.1650704821,0,0,0,12,12,5817,3741
compact51_marcy__current_roles,2019-05-31 08:00:00,15.0898960818,65.0464634575,0,0,0,12,12,1316,3938
compact51_marcy__current_roles,2019-05-31 09:00:00,15.9702293886,70.1329234224,0,0,0,12,12,1923,4703
compact51_marcy__current_roles,2019-05-31 10:00:00,16.9804311872,70.6973766399,0,0,0,12,12,2659,4760
compact51_marcy__current_roles,2019-05-31 11:00:00,18.5918806555,69.6443703726,0,0,0,12,12,3959,4632
compact51_marcy__current_roles,2019-05-31 12:00:00,19.5966185046,71.6670048648,0,0,0,12,12,4709,4856
compact51_marcy__current_roles,2019-05-31 13:00:00,18.8542767065,66.8067970513,0,0,0,11,11,4145,4255
compact51_marcy__current_roles,2019-05-31 14:00:00,19.591473102,62.5579609503,0,0,0,12,12,4706,3401
compact51_marcy__current_roles,2019-05-31 15:00:00,17.1507006015,53.4399274678,0,0,0,12,12,2797,1361
compact51_marcy__current_roles,2019-05-31 16:00:00,15.2252678909,58.3869129211,0,0,0,12,12,1411,2426
compact51_marcy__current_roles,2019-05-31 17:00:00,19.1749486789,71.2107401284,0,0,0,12,12,4408,4809
compact51_marcy__current_roles,2019-05-31 18:00:00,19.6546219656,64.6835239372,0,0,0,12,12,4753,3855
compact51_marcy__current_roles,2019-05-31 19:00:00,18.0801155007,61.0750699437,0,0,0,12,12,3553,3066
compact51_marcy__current_roles,2019-05-31 20:00:00,20.4387677266,66.0161552374,0,0,0,13,12,5272,4120
compact51_marcy__current_roles,2019-05-31 21:00:00,22.6898823849,64.049459324,0,0,0,12,12,6444,3714
compact51_marcy__current_roles,2019-05-31 22:00:00,16.9439581551,47.1483677696,0,0,0,12,12,2638,395
compact51_marcy__current_roles,2019-05-31 23:00:00,12.8528073759,58.6907840172,0,0,0,12,12,341,2509
compact51_marcy__current_roles,2019-06-01 00:00:00,11.988893986,57.5658573098,0,0,0,12,12,133,2236
compact51_marcy__current_roles,2019-06-01 01:00:00,16.2773436535,62.8603582982,0,0,0,12,12,2134,3469
compact51_marcy__current_roles,2019-06-01 02:00:00,19.1978254423,62.1157771627,0,0,0,12,12,4429,3305
compact51_marcy__current_roles,2019-06-01 03:00:00,17.660982656,57.6078507067,0,0,0,12,12,3195,2243
compact51_marcy__current_roles,2019-06-01 04:00:00,19.6415530555,57.5283635878,0,0,0,12,12,4743,2229
compact51_marcy__current_roles,2019-06-01 05:00:00,18.861158798,56.5816951045,0,0,0,12,12,4154,2001
compact51_marcy__current_roles,2019-06-01 06:00:00,18.2875901657,59.818486325,0,0,0,12,12,3718,2774
compact51_marcy__current_roles,2019-06-01 07:00:00,20.4430299967,63.228754462,0,0,0,12,12,5275,3549
compact51_marcy__current_roles,2019-06-01 08:00:00,24.1807679471,73.1872104328,0,0,0,12,12,7059,4997
compact51_marcy__current_roles,2019-06-01 09:00:00,22.5584185199,66.1722641365,0,0,0,12,12,6380,4150
compact51_marcy__current_roles,2019-06-01 10:00:00,20.0373548268,61.4013615766,0,0,0,12,12,5012,3144
compact51_marcy__current_roles,2019-06-01 11:00:00,14.6583096889,56.0696193201,0,0,0,12,12,1042,1889
compact51_marcy__current_roles,2019-06-01 12:00:00,14.1315261761,54.7656994495,0,0,0,12,12,800,1611
compact51_marcy__current_roles,2019-06-01 13:00:00,14.060968609,52.8988053361,0,0,0,12,12,768,1239
compact51_marcy__current_roles,2019-06-01 14:00:00,12.5243394976,50.4826576001,0,0,0,12,12,246,814
compact51_marcy__current_roles,2019-06-01 15:00:00,15.9122443672,57.122897096,0,0,0,12,12,1877,2123
compact51_marcy__current_roles,2019-06-01 16:00:00,12.8628977949,52.384337322,0,0,0,12,12,345,1138
compact51_marcy__current_roles,2019-06-01 17:00:00,14.0731690135,50.2506472756,0,0,0,12,12,774,781
compact51_marcy__current_roles,2019-06-01 18:00:00,15.6645358898,53.4390854664,0,0,0,12,12,1702,1360
compact51_marcy__current_roles,2019-06-01 19:00:00,18.9732654604,61.0892268822,0,0,0,12,12,4256,3069
compact51_marcy__current_roles,2019-06-01 20:00:00,17.2712991796,59.1644747398,0,0,0,12,12,2907,2627
compact51_marcy__current_roles,2019-06-01 21:00:00,15.4558271686,53.2899226197,0,0,0,12,12,1583,1330
compact51_marcy__current_roles,2019-06-01 22:00:00,14.566194697,51.8916585615,0,0,0,12,12,1003,1063
compact51_marcy__current_roles,2019-06-01 23:00:00,13.682374799,57.5449511432,0,0,0,12,12,609,2232
compact51_marcy__current_roles,2019-06-02 00:00:00,11.901822688,55.4212630373,0,0,0,12,12,125,1749
compact51_marcy__current_roles,2019-06-02 01:00:00,17.5257118145,59.9778320886,0,0,0,12,12,3095,2810
compact51_marcy__current_roles,2019-06-02 02:00:00,19.6596315473,57.1019798631,0,0,0,12,12,4755,2118
compact51_marcy__current_roles,2019-06-02 03:00:00,18.641248782,53.781122493,0,0,0,12,12,3991,1420
compact51_marcy__current_roles,2019-06-02 04:00:00,13.8304229034,49.3473291361,0,0,0,12,12,670,648
compact51_marcy__current_roles,2019-06-02 05:00:00,11.7810228754,47.8269599502,0,0,0,12,12,107,468
compact51_marcy__current_roles,2019-06-02 06:00:00,16.8466000127,53.1675463527,0,0,0,12,12,2567,1304
compact51_marcy__current_roles,2019-06-02 07:00:00,18.8984614113,54.7862391119,0,0,0,12,12,4196,1617
compact51_marcy__current_roles,2019-06-02 08:00:00,21.8963186825,63.2679704565,0,0,0,12,12,6090,3560
compact51_marcy__current_roles,2019-06-02 09:00:00,21.5202547212,68.2505791454,0,0,0,12,12,5901,4458
compact51_marcy__current_roles,2019-06-02 10:00:00,16.0889739618,58.648357454,0,0,0,12,12,2009,2502
compact51_marcy__current_roles,2019-06-02 11:00:00,14.8083770366,56.7570173386,0,0,0,12,12,1138,2040
compact51_marcy__current_roles,2019-06-02 12:00:00,14.7624311346,57.2413010136,0,0,0,12,12,1096,2148
compact51_marcy__current_roles,2019-06-02 13:00:00,13.3858376744,55.994148703,0,0,0,12,12,511,1871
compact51_marcy__current_roles,2019-06-02 14:00:00,14.9611627631,55.8472281078,0,0,0,12,12,1234,1838
compact51_marcy__current_roles,2019-06-02 15:00:00,19.7582232271,50.5925778158,0,0,0,13,12,4822,835
compact51_marcy__current_roles,2019-06-02 16:00:00,15.3863972891,49.2661845326,0,0,0,12,12,1527,635
compact51_marcy__current_roles,2019-06-02 17:00:00,17.1977260462,49.5779703434,0,0,0,12,12,2842,681
compact51_marcy__current_roles,2019-06-02 18:00:00,18.4624337563,49.6163756824,0,0,0,12,12,3850,685
compact51_marcy__current_roles,2019-06-02 19:00:00,20.4797892314,54.0337817735,0,0,0,12,12,5296,1460
compact51_marcy__current_roles,2019-06-02 20:00:00,22.1235905787,59.3355344016,0,0,0,12,12,6182,2671
compact51_marcy__current_roles,2019-06-02 21:00:00,21.0459013392,55.8870635889,0,0,0,12,12,5648,1846
compact51_marcy__current_roles,2019-06-02 22:00:00,18.2895991886,53.665505842,0,0,0,12,12,3719,1393
compact51_marcy__current_roles,2019-06-02 23:00:00,12.7411506379,47.588442695,0,0,0,12,12,303,443
compact51_marcy__current_roles,2019-06-03 00:00:00,15.4642045774,50.7328646884,0,0,0,12,12,1585,859
compact51_marcy__current_roles,2019-06-03 01:00:00,19.1468280889,52.0586455078,0,0,0,12,12,4396,1087
compact51_marcy__current_roles,2019-06-03 02:00:00,21.3619495072,52.4295427675,0,0,0,12,12,5809,1149
compact51_marcy__current_roles,2019-06-03 03:00:00,25.6817272811,54.478893146,0,0,0,12,12,7493,1544
compact51_marcy__current_roles,2019-06-03 04:00:00,29.2135433187,53.7512875785,0,0,0,12,12,8159,1411
compact51_marcy__current_roles,2019-06-03 05:00:00,26.4040328943,51.6160075409,0,0,0,12,12,7669,1011
compact51_marcy__current_roles,2019-06-03 06:00:00,19.759293851,61.8818309825,0,0,0,12,12,4823,3253
compact51_marcy__current_roles,2019-06-03 07:00:00,16.7290831434,58.3650235489,0,0,0,12,12,2478,2421
compact51_marcy__current_roles,2019-06-03 08:00:00,23.6340725476,64.4670889655,0,0,0,12,12,6879,3806
compact51_marcy__current_roles,2019-06-03 09:00:00,17.9234148669,72.1699017581,0,0,0,12,12,3416,4903
compact51_marcy__current_roles,2019-06-03 10:00:00,18.5717741037,84.1586512441,0,0,0,13,12,3934,5687
compact51_marcy__current_roles,2019-06-03 11:00:00,21.3760818292,95.7157561071,0,0,0,12,12,5818,6073
compact51_marcy__current_roles,2019-06-03 12:00:00,16.2856445949,93.4622231064,0,0,0,12,12,2143,5993
compact51_marcy__current_roles,2019-06-03 13:00:00,20.1546043836,152.159828938,0,0,0,12,12,5088,7106
compact51_marcy__current_roles,2019-06-03 14:00:00,26.5910022116,2371.53252146,0,0,0,12,12,7714,8647
compact51_marcy__current_roles,2019-06-03 15:00:00,23.5390517763,358.724152863,1,0,0,12,12,6837,8082
compact51_marcy__current_roles,2019-06-03 16:00:00,30.2282881151,1410.27985696,0,0,0,12,12,8294,8564
compact51_marcy__current_roles,2019-06-03 17:00:00,30.458178299,293.156436749,0,0,0,12,12,8318,7916
compact51_marcy__current_roles,2019-06-03 18:00:00,31.0632114014,226.969201377,0,0,0,12,12,8388,7650
compact51_marcy__current_roles,2019-06-03 19:00:00,26.0279838865,149.671657577,0,0,0,12,12,7581,7080
compact51_marcy__current_roles,2019-06-03 20:00:00,24.1667293727,91.7832701293,0,0,0,12,12,7054,5935
compact51_marcy__current_roles,2019-06-03 21:00:00,22.0868427396,55.4877019082,0,0,0,12,12,6165,1764
compact51_marcy__current_roles,2019-06-03 22:00:00,15.8568953318,48.6916663336,0,0,0,13,12,1826,580
compact51_marcy__current_roles,2019-06-03 23:00:00,20.3566173279,63.0216419167,0,0,0,12,12,5216,3507
compact51_marcy__current_roles,2019-06-04 00:00:00,26.7262932652,65.4929050135,0,0,0,12,12,7738,4036
compact51_marcy__current_roles,2019-06-04 01:00:00,19.6880797562,57.8184219654,0,0,0,12,12,4779,2299
compact51_marcy__current_roles,2019-06-04 02:00:00,22.4937650026,58.2315954006,0,0,0,12,12,6349,2390
compact51_marcy__current_roles,2019-06-04 03:00:00,26.0422171278,58.7234604265,0,0,0,12,12,7584,2519
compact51_marcy__current_roles,2019-06-04 04:00:00,25.1999646639,58.1835405661,0,0,0,12,12,7362,2380
compact51_marcy__current_roles,2019-06-04 05:00:00,27.3367604265,61.3291827347,0,0,0,12,12,7871,3129
compact51_marcy__current_roles,2019-06-04 06:00:00,18.3138051104,48.6206502379,0,0,0,13,12,3738,576
compact51_marcy__current_roles,2019-06-04 07:00:00,20.9592036665,56.7623772732,0,0,0,12,12,5588,2043
compact51_marcy__current_roles,2019-06-04 08:00:00,20.153317042,62.7966079571,0,0,0,12,12,5087,3452
compact51_marcy__current_roles,2019-06-04 09:00:00,16.9246114203,64.2100372416,0,0,0,12,12,2620,3750
compact51_marcy__current_roles,2019-06-04 10:00:00,17.1964631538,78.4801766936,0,0,0,12,12,2840,5427
compact51_marcy__current_roles,2019-06-04 11:00:00,19.168403879,112.093381149,0,0,0,12,12,4404,6493
compact51_marcy__current_roles,2019-06-04 12:00:00,19.4117330215,103.000729023,0,0,0,12,12,4564,6299
compact51_marcy__current_roles,2019-06-04 13:00:00,17.8266546868,80.8635668665,0,0,0,12,12,3335,5542
compact51_marcy__current_roles,2019-06-04 14:00:00,19.4265884861,101.108993222,0,0,0,12,12,4581,6244
compact51_marcy__current_roles,2019-06-04 15:00:00,24.0057548806,88.0461535073,0,0,0,12,12,7005,5811
compact51_marcy__current_roles,2019-06-04 16:00:00,22.6237751005,62.4852545821,0,0,0,12,12,6414,3393
compact51_marcy__current_roles,2019-06-04 17:00:00,22.3006184758,62.7743351493,0,0,0,12,12,6257,3445
compact51_marcy__current_roles,2019-06-04 18:00:00,18.97251854,58.7421341992,0,0,0,12,12,4255,2524
compact51_marcy__current_roles,2019-06-04 19:00:00,16.0017768566,57.4683671252,0,0,0,12,12,1945,2211
compact51_marcy__current_roles,2019-06-04 20:00:00,16.0157932718,54.0379860317,0,0,0,12,12,1954,1464
compact51_marcy__current_roles,2019-06-04 21:00:00,16.3507003098,53.129161758,0,0,0,12,12,2207,1291
compact51_marcy__current_roles,2019-06-04 22:00:00,15.4090722874,52.9510400846,0,0,0,12,12,1547,1251
compact51_marcy__current_roles,2019-06-04 23:00:00,15.8300727049,78.8539516934,0,0,0,12,12,1810,5440
compact51_marcy__current_roles,2019-06-05 00:00:00,12.7228595725,95.3349126758,0,0,0,12,12,294,6058
compact51_marcy__current_roles,2019-06-05 01:00:00,17.234298323,165.099814591,0,0,0,12,12,2876,7239
compact51_marcy__current_roles,2019-06-05 02:00:00,16.2509363093,56.1787803243,0,0,0,12,12,2116,1917
compact51_marcy__current_roles,2019-06-05 03:00:00,20.5873477266,75.453475262,0,0,0,12,12,5358,5220
compact51_marcy__current_roles,2019-06-05 04:00:00,24.0647316852,105.365023782,0,0,0,12,12,7022,6357
compact51_marcy__current_roles,2019-06-05 05:00:00,24.1857782823,138.418038237,0,0,0,12,12,7060,6941
compact51_marcy__current_roles,2019-06-05 06:00:00,26.4493425833,191.835477026,0,0,0,12,12,7675,7439
compact51_marcy__current_roles,2019-06-05 07:00:00,25.5893349045,82.702399275,0,0,0,12,12,7472,5624
compact51_marcy__current_roles,2019-06-05 08:00:00,20.6157262872,85.2023920221,0,0,0,13,13,5366,5729
compact51_marcy__current_roles,2019-06-05 09:00:00,21.6140358029,123.098863172,0,0,0,12,12,5942,6711
compact51_marcy__current_roles,2019-06-05 10:00:00,19.0576219971,64.4021015249,0,0,0,12,12,4323,3791
compact51_marcy__current_roles,2019-06-05 11:00:00,14.4997132311,63.4603936013,0,0,0,12,12,965,3602
compact51_marcy__current_roles,2019-06-05 12:00:00,23.6317776551,74.1129473344,0,0,0,13,12,6876,5100
compact51_marcy__current_roles,2019-06-05 13:00:00,17.1085771111,69.6805529438,0,0,0,12,12,2764,4636
compact51_marcy__current_roles,2019-06-05 14:00:00,15.8317659632,70.5122205414,0,0,0,12,12,1811,4739
compact51_marcy__current_roles,2019-06-05 15:00:00,18.3410796887,77.3167851861,0,0,0,12,12,3761,5359
compact51_marcy__current_roles,2019-06-05 16:00:00,22.470672793,66.0779735409,0,0,0,12,12,6331,4132
compact51_marcy__current_roles,2019-06-05 17:00:00,17.8329221115,65.0476021096,0,0,0,12,12,3344,3939
compact51_marcy__current_roles,2019-06-05 18:00:00,21.5917936611,66.3897824038,0,0,0,12,12,5931,4179
compact51_marcy__current_roles,2019-06-05 19:00:00,19.4942482485,61.1797102804,0,0,0,12,12,4640,3090
compact51_marcy__current_roles,2019-06-05 20:00:00,24.1981570181,61.1533759802,0,0,0,12,12,7067,3081
compact51_marcy__current_roles,2019-06-05 21:00:00,33.7311700746,61.4583463456,0,0,0,12,12,8545,3157
compact51_marcy__current_roles,2019-06-05 22:00:00,23.5523020623,59.3917342274,0,0,0,12,12,6844,2684
compact51_marcy__current_roles,2019-06-05 23:00:00,28.4290355868,50.7654194394,0,0,0,12,12,8031,863
compact51_marcy__current_roles,2019-06-06 00:00:00,26.783399128,73.151594665,0,0,0,12,12,7748,4993
compact51_marcy__current_roles,2019-06-06 01:00:00,24.6417227258,54.7843560901,0,0,0,12,12,7204,1615
compact51_marcy__current_roles,2019-06-06 02:00:00,22.129332721,55.3757103163,0,0,0,12,12,6186,1730
compact51_marcy__current_roles,2019-06-06 03:00:00,19.1982784195,57.8199720132,0,0,0,12,12,4430,2301
compact51_marcy__current_roles,2019-06-06 04:00:00,18.4664526851,57.3055884862,0,0,0,12,12,3854,2166
compact51_marcy__current_roles,2019-06-06 05:00:00,23.4700827731,65.3231478376,0,0,0,12,12,6802,3999
compact51_marcy__current_roles,2019-06-06 06:00:00,23.0099259646,67.0773830214,0,0,0,12,12,6592,4300
compact51_marcy__current_roles,2019-06-06 07:00:00,22.9083260661,68.4789212898,0,0,0,12,12,6546,4488
compact51_marcy__current_roles,2019-06-06 08:00:00,17.52479583,64.5585743229,0,0,0,13,12,3093,3830
compact51_marcy__current_roles,2019-06-06 09:00:00,14.9426002314,60.9513402232,0,0,0,12,12,1227,3034
compact51_marcy__current_roles,2019-06-06 10:00:00,20.1026590862,71.1145324588,0,0,0,12,12,5050,4797
compact51_marcy__current_roles,2019-06-06 11:00:00,14.752928993,61.5806261923,0,0,0,12,12,1091,3189
compact51_marcy__current_roles,2019-06-06 12:00:00,14.9924603095,59.8180227838,0,0,0,12,12,1256,2772
compact51_marcy__current_roles,2019-06-06 13:00:00,19.1243695202,64.9270477066,0,0,0,12,12,4385,3912
compact51_marcy__current_roles,2019-06-06 14:00:00,17.0096601938,60.5938577785,0,0,0,12,12,2684,2946
compact51_marcy__current_roles,2019-06-06 15:00:00,18.786326941,63.4555910662,0,0,0,12,12,4094,3600
compact51_marcy__current_roles,2019-06-06 16:00:00,27.7285311223,134.832394,0,0,0,12,12,7945,6898
compact51_marcy__current_roles,2019-06-06 17:00:00,25.6245522005,64.9789765826,0,0,0,12,12,7482,3928
compact51_marcy__current_roles,2019-06-06 18:00:00,13.8372667153,50.2508850782,0,0,0,12,12,673,782
compact51_marcy__current_roles,2019-06-06 19:00:00,13.6878348904,58.2530148093,0,0,0,12,12,612,2398
compact51_marcy__current_roles,2019-06-06 20:00:00,16.0140646893,59.5538809021,0,0,0,12,12,1953,2709
compact51_marcy__current_roles,2019-06-06 21:00:00,19.5068731191,55.4088364941,0,0,0,12,12,4654,1740
compact51_marcy__current_roles,2019-06-06 22:00:00,17.5825482552,45.5387587054,0,0,0,12,12,3141,264
compact51_marcy__current_roles,2019-06-06 23:00:00,19.0154573483,56.5991218662,0,0,0,12,12,4292,2005
compact51_marcy__current_roles,2019-06-07 00:00:00,14.139901839,56.3480251908,0,0,0,12,12,805,1949
compact51_marcy__current_roles,2019-06-07 01:00:00,13.9661121957,53.9752843394,0,0,0,12,12,733,1453
compact51_marcy__current_roles,2019-06-07 02:00:00,14.9350269074,53.2681010801,0,0,0,12,12,1220,1324
compact51_marcy__current_roles,2019-06-07 03:00:00,16.5551300164,51.7204761729,0,0,0,12,12,2358,1033
compact51_marcy__current_roles,2019-06-07 04:00:00,21.4864684338,101.226728626,0,0,0,12,12,5878,6249
compact51_marcy__current_roles,2019-06-07 05:00:00,29.9573426874,114.117369881,0,0,0,12,12,8262,6531
compact51_marcy__current_roles,2019-06-07 06:00:00,26.7289548003,69.823618364,0,0,0,12,12,7740,4655
compact51_marcy__current_roles,2019-06-07 07:00:00,20.0350170581,57.5534612199,0,0,0,12,12,5011,2234
compact51_marcy__current_roles,2019-06-07 08:00:00,18.3264759288,63.190318251,0,0,0,12,12,3749,3540
compact51_marcy__current_roles,2019-06-07 09:00:00,19.0021345892,83.1989150047,0,0,0,13,13,4280,5646
compact51_marcy__current_roles,2019-06-07 10:00:00,20.6558698913,68.7143839935,0,0,0,12,11,5402,4516
compact51_marcy__current_roles,2019-06-07 11:00:00,21.3515047038,64.6567763655,0,0,0,12,12,5799,3850
compact51_marcy__current_roles,2019-06-07 12:00:00,18.8813046378,63.3385764406,0,0,0,12,12,4174,3575
compact51_marcy__current_roles,2019-06-07 13:00:00,20.888517314,65.1672759835,0,0,0,12,12,5554,3962
compact51_marcy__current_roles,2019-06-07 14:00:00,23.597960622,66.4672360073,0,0,0,12,12,6864,4192
compact51_marcy__current_roles,2019-06-07 15:00:00,22.6037272044,61.8127727734,0,0,0,12,12,6401,3237
compact51_marcy__current_roles,2019-06-07 16:00:00,23.2566034464,59.9694996686,0,0,0,12,12,6707,2808
compact51_marcy__current_roles,2019-06-07 17:00:00,25.3132270395,65.6032727682,0,0,0,12,12,7396,4052
compact51_marcy__current_roles,2019-06-07 18:00:00,19.0009133603,50.5463494172,0,0,0,12,12,4278,824
compact51_marcy__current_roles,2019-06-07 19:00:00,14.5419898546,53.1505207023,0,0,0,12,12,989,1299
compact51_marcy__current_roles,2019-06-07 20:00:00,19.3065772371,57.4205026788,0,0,0,12,12,4500,2200
compact51_marcy__current_roles,2019-06-07 21:00:00,19.8613546191,57.3755794526,0,0,0,12,11,4883,2186
compact51_marcy__current_roles,2019-06-07 22:00:00,16.2077485033,35.2392069073,0,0,0,13,13,2088,15
compact51_marcy__current_roles,2019-06-07 23:00:00,13.9269082617,43.6333550107,0,0,0,12,12,716,145
compact51_marcy__current_roles,2019-06-08 00:00:00,13.3330791752,45.4796921611,0,0,0,12,12,495,260
compact51_marcy__current_roles,2019-06-08 01:00:00,13.3315198223,47.4509419708,0,0,0,12,12,492,431
compact51_marcy__current_roles,2019-06-08 02:00:00,21.3582886004,55.320142885,0,0,0,12,12,5805,1722
compact51_marcy__current_roles,2019-06-08 03:00:00,22.4646008253,54.0071808906,0,0,0,12,12,6325,1456
compact51_marcy__current_roles,2019-06-08 04:00:00,25.0480030069,60.8160304684,0,0,0,12,12,7334,3000
compact51_marcy__current_roles,2019-06-08 05:00:00,26.2323188792,56.1728927246,0,0,0,12,12,7628,1915
compact51_marcy__current_roles,2019-06-08 06:00:00,25.6883493525,66.9559931751,0,0,0,12,12,7496,4285
compact51_marcy__current_roles,2019-06-08 07:00:00,24.5352120875,84.4093153918,0,0,0,12,12,7179,5695
compact51_marcy__current_roles,2019-06-08 08:00:00,28.2096699269,102.538229059,0,0,0,12,12,8009,6283
compact51_marcy__current_roles,2019-06-08 09:00:00,24.1708414054,85.9441562506,0,0,0,12,12,7056,5756
compact51_marcy__current_roles,2019-06-08 10:00:00,29.7114182487,205.899503868,0,0,0,12,12,8224,7542
compact51_marcy__current_roles,2019-06-08 11:00:00,26.822834893,122.568251007,0,0,0,12,12,7760,6703
compact51_marcy__current_roles,2019-06-08 12:00:00,22.8161176064,140.321024227,0,0,0,12,12,6508,6969
compact51_marcy__current_roles,2019-06-08 13:00:00,19.3032101708,1368.30315618,0,0,0,12,12,4496,8554
compact51_marcy__current_roles,2019-06-08 14:00:00,16.7082914262,56.5122194295,0,0,0,12,12,2465,1984
compact51_marcy__current_roles,2019-06-08 15:00:00,20.6024150668,240.019512302,0,0,0,12,12,5364,7722
compact51_marcy__current_roles,2019-06-08 16:00:00,17.8179962987,52.7657859065,0,0,0,12,12,3331,1218
compact51_marcy__current_roles,2019-06-08 17:00:00,18.0797472887,50.9693579445,0,0,0,12,12,3552,899
compact51_marcy__current_roles,2019-06-08 18:00:00,16.1222822626,47.2375339131,0,0,0,12,12,2035,409
compact51_marcy__current_roles,2019-06-08 19:00:00,15.0897302797,48.2070338586,0,0,0,12,12,1315,514
compact51_marcy__current_roles,2019-06-08 20:00:00,14.9422093352,56.0987727175,0,0,0,12,12,1226,1893
compact51_marcy__current_roles,2019-06-08 21:00:00,16.3489548395,87.2255521892,0,0,0,13,12,2205,5788
compact51_marcy__current_roles,2019-06-08 22:00:00,15.4749463573,54.2985997156,0,0,0,12,12,1591,1508
compact51_marcy__current_roles,2019-06-08 23:00:00,16.0304181872,51.9919563379,0,0,0,12,12,1963,1081
compact51_marcy__current_roles,2019-06-09 00:00:00,18.5962029962,73.189512328,0,0,0,12,12,3963,4998
compact51_marcy__current_roles,2019-06-09 01:00:00,24.4475434844,71.3390362233,0,0,0,12,12,7155,4825
compact51_marcy__current_roles,2019-06-09 02:00:00,29.1483592591,73.462383309,0,0,0,12,12,8148,5025
compact51_marcy__current_roles,2019-06-09 03:00:00,26.3732723555,59.0095834632,0,0,0,12,12,7665,2597
compact51_marcy__current_roles,2019-06-09 04:00:00,25.578975499,54.9166547319,0,0,0,12,12,7466,1642
compact51_marcy__current_roles,2019-06-09 05:00:00,26.7060780612,57.6819877856,0,0,0,12,12,7733,2260
compact51_marcy__current_roles,2019-06-09 06:00:00,28.0503257654,55.2616551777,0,0,0,12,12,7991,1705
compact51_marcy__current_roles,2019-06-09 07:00:00,21.4309923312,57.4166267692,0,0,0,12,12,5853,2198
compact51_marcy__current_roles,2019-06-09 08:00:00,25.7856177022,65.7494376601,0,0,0,12,12,7519,4068
compact51_marcy__current_roles,2019-06-09 09:00:00,29.7814737813,74.4428934776,0,0,0,12,12,8237,5134
compact51_marcy__current_roles,2019-06-09 10:00:00,23.834139484,75.6633340675,0,0,0,12,12,6953,5238
compact51_marcy__current_roles,2019-06-09 11:00:00,26.7092974001,78.9124559926,0,0,0,12,12,7735,5445
compact51_marcy__current_roles,2019-06-09 12:00:00,26.8983843903,78.1185637459,0,0,0,12,12,7780,5407
compact51_marcy__current_roles,2019-06-09 13:00:00,24.7877370023,71.7271877191,0,0,0,12,12,7250,4861
compact51_marcy__current_roles,2019-06-09 14:00:00,18.9535132668,65.2005076314,0,0,0,13,12,4236,3975
compact51_marcy__current_roles,2019-06-09 15:00:00,18.8360505207,62.8217293399,0,0,0,12,12,4130,3462
compact51_marcy__current_roles,2019-06-09 16:00:00,18.1988735547,57.456095837,0,0,0,12,12,3648,2207
compact51_marcy__current_roles,2019-06-09 17:00:00,19.8801494024,93.27039292,0,0,0,12,12,4894,5989
compact51_marcy__current_roles,2019-06-09 18:00:00,18.032329397,54.5866013784,0,0,0,12,12,3517,1577
compact51_marcy__current_roles,2019-06-09 19:00:00,20.1819333128,95.3311321755,0,0,0,14,13,5098,6057
compact51_marcy__current_roles,2019-06-09 20:00:00,16.3892805274,66.6676983444,0,0,0,11,11,2232,4229
compact51_marcy__current_roles,2019-06-09 21:00:00,13.4376193928,41.3434304612,0,0,0,12,12,527,80
compact51_marcy__current_roles,2019-06-09 22:00:00,13.6169432256,52.5863195616,0,0,0,12,12,584,1183
compact51_marcy__current_roles,2019-06-09 23:00:00,15.9126183775,57.3925565175,0,0,0,12,12,1878,2193
compact51_marcy__current_roles,2019-06-10 00:00:00,15.7824739229,72.7121129129,0,0,0,12,12,1786,4947
compact51_marcy__current_roles,2019-06-10 01:00:00,18.8978574175,53.7514232754,0,0,0,12,12,4193,1412
compact51_marcy__current_roles,2019-06-10 02:00:00,22.9775109384,55.648460485,0,0,0,12,12,6582,1796
compact51_marcy__current_roles,2019-06-10 03:00:00,23.7724750997,57.0979848853,0,0,0,12,12,6932,2116
compact51_marcy__current_roles,2019-06-10 04:00:00,25.5148044276,62.3423545346,0,0,0,12,12,7452,3358
compact51_marcy__current_roles,2019-06-10 05:00:00,28.4776862529,65.0738504488,0,0,0,12,12,8042,3947
compact51_marcy__current_roles,2019-06-10 06:00:00,30.6424581424,67.0102880164,0,0,0,12,12,8345,4290
compact51_marcy__current_roles,2019-06-10 07:00:00,31.9996998524,102.670325663,0,0,0,13,13,8452,6287
compact51_marcy__current_roles,2019-06-10 08:00:00,23.5070387506,340.22493267,0,0,0,12,12,6821,8035
compact51_marcy__current_roles,2019-06-10 09:00:00,26.8625494159,2469.15537093,0,0,0,12,12,7769,8651
compact51_marcy__current_roles,2019-06-10 10:00:00,24.3033065019,5375.92341025,1,0,0,12,12,7107,8715
compact51_marcy__current_roles,2019-06-10 11:00:00,23.1264541368,334.353956036,1,0,0,12,12,6649,8020
compact51_marcy__current_roles,2019-06-10 12:00:00,18.6791147624,309.898792362,0,0,0,12,12,4018,7963
compact51_marcy__current_roles,2019-06-10 13:00:00,26.511340111,1387.50072704,0,0,0,14,14,7694,8560
compact51_marcy__current_roles,2019-06-10 14:00:00,25.5797177782,398.368665063,1,0,0,10,10,7468,8135
compact51_marcy__current_roles,2019-06-10 15:00:00,21.4777339874,264.886969581,1,0,0,12,12,5875,7824
compact51_marcy__current_roles,2019-06-10 16:00:00,19.638359821,357.281864077,0,0,0,12,12,4740,8078
compact51_marcy__current_roles,2019-06-10 17:00:00,19.7798308958,213.643847819,0,0,0,12,12,4832,7576
compact51_marcy__current_roles,2019-06-10 18:00:00,19.591411012,286.324658841,0,0,0,12,12,4705,7900
compact51_marcy__current_roles,2019-06-10 19:00:00,15.9343509707,138.859656194,0,0,0,12,12,1898,6945
compact51_marcy__current_roles,2019-06-10 20:00:00,15.130350165,122.44204218,0,0,0,12,12,1336,6698
compact51_marcy__current_roles,2019-06-10 21:00:00,17.9163809241,100.073097502,0,0,0,12,12,3410,6204
compact51_marcy__current_roles,2019-06-10 22:00:00,24.1599136553,235.725657271,0,0,0,12,12,7051,7700
compact51_marcy__current_roles,2019-06-10 23:00:00,19.681055182,258.599449022,0,0,0,12,12,4775,7808
compact51_marcy__current_roles,2019-06-11 00:00:00,18.4407218611,288.375796517,0,0,0,12,12,3828,7909
compact51_marcy__current_roles,2019-06-11 01:00:00,18.3230454077,138.350583081,0,0,0,12,12,3747,6937
compact51_marcy__current_roles,2019-06-11 02:00:00,19.2201367638,199.947873279,0,0,0,12,12,4447,7501
compact51_marcy__current_roles,2019-06-11 03:00:00,17.1895636858,145.995318699,0,0,0,12,12,2834,7032
compact51_marcy__current_roles,2019-06-11 04:00:00,20.7994157014,650.366347164,0,0,0,12,12,5497,8363
compact51_marcy__current_roles,2019-06-11 05:00:00,20.8166825734,391.82808054,0,0,0,12,12,5513,8124
compact51_marcy__current_roles,2019-06-11 06:00:00,23.1673561155,523.069243225,0,0,0,12,12,6667,8275
compact51_marcy__current_roles,2019-06-11 07:00:00,21.7962722399,284.333427888,0,0,0,12,12,6027,7891
compact51_marcy__current_roles,2019-06-11 08:00:00,30.4265789707,218.986541663,0,0,0,13,13,8315,7610
compact51_marcy__current_roles,2019-06-11 09:00:00,30.2177993292,210.6811619,0,0,0,12,12,8290,7565
compact51_marcy__current_roles,2019-06-11 10:00:00,28.0014597969,141.74035039,0,0,0,12,12,7983,6985
compact51_marcy__current_roles,2019-06-11 11:00:00,23.9065277262,146.167811339,0,0,0,7,7,6972,7037
compact51_marcy__current_roles,2019-06-11 12:00:00,20.2916633523,121.464064849,0,0,0,11,11,5173,6678
compact51_marcy__current_roles,2019-06-11 13:00:00,23.6921869033,117.834210942,0,0,0,11,11,6909,6601
compact51_marcy__current_roles,2019-06-11 14:00:00,21.2040802459,125.329936616,0,0,0,12,12,5715,6753
compact51_marcy__current_roles,2019-06-11 15:00:00,13.6219071549,51.0782488134,0,0,0,12,12,586,917
compact51_marcy__current_roles,2019-06-11 16:00:00,18.2501142067,60.0346443008,0,0,0,12,12,3686,2828
compact51_marcy__current_roles,2019-06-11 17:00:00,18.5614629743,62.1250730882,0,0,0,12,12,3921,3308
compact51_marcy__current_roles,2019-06-11 18:00:00,24.2162063221,101.574530375,0,0,0,12,12,7075,6260
compact51_marcy__current_roles,2019-06-11 19:00:00,22.5845749433,64.7895616408,0,0,0,14,14,6391,3876
compact51_marcy__current_roles,2019-06-11 20:00:00,21.232894976,61.676884162,0,0,0,12,12,5736,3212
compact51_marcy__current_roles,2019-06-11 21:00:00,18.2813334256,59.7674855499,0,0,0,12,12,3714,2756
compact51_marcy__current_roles,2019-06-11 22:00:00,20.0381337733,65.0610022242,0,0,0,13,13,5013,3941
compact51_marcy__current_roles,2019-06-11 23:00:00,16.3990779084,60.2241333793,0,0,0,12,12,2242,2875
compact51_marcy__current_roles,2019-06-12 00:00:00,13.0899174914,56.8080747967,0,0,0,12,12,412,2058
compact51_marcy__current_roles,2019-06-12 01:00:00,18.7521819808,58.4367114638,0,0,0,12,12,4062,2443
compact51_marcy__current_roles,2019-06-12 02:00:00,19.4302724109,59.2923466795,0,0,0,12,12,4585,2659
compact51_marcy__current_roles,2019-06-12 03:00:00,22.1177241498,57.7996369414,0,0,0,12,12,6178,2294
compact51_marcy__current_roles,2019-06-12 04:00:00,23.6359188765,59.5315534695,0,0,0,12,12,6880,2703
compact51_marcy__current_roles,2019-06-12 05:00:00,22.7647652346,59.1515745727,0,0,0,12,12,6477,2625
compact51_marcy__current_roles,2019-06-12 06:00:00,25.9319424366,72.3415901874,0,0,0,12,12,7556,4916
compact51_marcy__current_roles,2019-06-12 07:00:00,34.1151780231,80.1355978057,0,0,0,13,12,8555,5505
compact51_marcy__current_roles,2019-06-12 08:00:00,24.4134989502,73.4208825973,0,0,0,12,12,7145,5019
compact51_marcy__current_roles,2019-06-12 09:00:00,22.6963977639,77.9495834975,0,0,0,12,12,6449,5396
compact51_marcy__current_roles,2019-06-12 10:00:00,24.464270917,96.7734280017,0,0,0,12,12,7161,6107
compact51_marcy__current_roles,2019-06-12 11:00:00,24.499703368,128.254865401,0,0,0,9,9,7172,6811
compact51_marcy__current_roles,2019-06-12 12:00:00,22.3076685609,99.8938613231,0,0,0,9,9,6261,6202
compact51_marcy__current_roles,2019-06-12 13:00:00,22.9047272317,93.7364948533,0,0,0,11,11,6544,6002
compact51_marcy__current_roles,2019-06-12 14:00:00,23.6323278565,95.170310695,0,0,0,11,11,6878,6054
compact51_marcy__current_roles,2019-06-12 15:00:00,25.818232311,144.349489736,0,0,0,13,12,7527,7014
compact51_marcy__current_roles,2019-06-12 16:00:00,27.6385664911,199.199415739,0,0,0,13,12,7932,7497
compact51_marcy__current_roles,2019-06-12 17:00:00,27.3518171666,159.037754017,0,0,0,12,12,7875,7186
compact51_marcy__current_roles,2019-06-12 18:00:00,24.9289454475,88.6605576238,0,0,0,12,12,7296,5835
compact51_marcy__current_roles,2019-06-12 19:00:00,20.0214027051,55.703502025,0,0,0,12,12,4996,1810
compact51_marcy__current_roles,2019-06-12 20:00:00,18.8099070605,55.5407756373,0,0,0,12,12,4109,1777
compact51_marcy__current_roles,2019-06-12 21:00:00,20.0489451705,49.3597572356,0,0,0,12,12,5021,654
compact51_marcy__current_roles,2019-06-12 22:00:00,14.9059159484,55.6658656378,0,0,0,12,12,1196,1804
compact51_marcy__current_roles,2019-06-12 23:00:00,15.150534882,58.9478847421,0,0,0,12,12,1349,2579
compact51_marcy__current_roles,2019-06-13 00:00:00,14.1113639101,53.8982341695,0,0,0,12,12,793,1443
compact51_marcy__current_roles,2019-06-13 01:00:00,15.2006617285,54.8521117494,0,0,0,12,12,1393,1631
compact51_marcy__current_roles,2019-06-13 02:00:00,18.9438311923,56.7185724745,0,0,0,12,12,4231,2031
compact51_marcy__current_roles,2019-06-13 03:00:00,22.4722963279,57.2347551772,0,0,0,12,12,6332,2146
compact51_marcy__current_roles,2019-06-13 04:00:00,23.3343844333,58.50316872,0,0,0,12,12,6745,2455
compact51_marcy__current_roles,2019-06-13 05:00:00,25.2538708153,75.1635968423,0,0,0,12,12,7378,5193
compact51_marcy__current_roles,2019-06-13 06:00:00,18.9780645763,57.714517394,0,0,0,12,12,4262,2270
compact51_marcy__current_roles,2019-06-13 07:00:00,21.4476329175,58.170113724,0,0,0,12,12,5860,2378
compact51_marcy__current_roles,2019-06-13 08:00:00,19.3778670895,60.109206019,0,0,0,12,12,4542,2848
compact51_marcy__current_roles,2019-06-13 09:00:00,16.3002346613,56.0649324964,0,0,0,12,12,2160,1887
compact51_marcy__current_roles,2019-06-13 10:00:00,16.0808032071,56.1044599966,0,0,0,12,12,2004,1895
compact51_marcy__current_roles,2019-06-13 11:00:00,17.3815492331,60.5254874024,0,0,0,12,12,2982,2925
compact51_marcy__current_roles,2019-06-13 12:00:00,17.7422124557,59.7652723802,0,0,0,12,12,3254,2752
compact51_marcy__current_roles,2019-06-13 13:00:00,19.8960637792,88.528262134,0,0,0,12,12,4905,5831
compact51_marcy__current_roles,2019-06-13 14:00:00,21.22613153,111.487765472,0,0,0,12,12,5734,6477
compact51_marcy__current_roles,2019-06-13 15:00:00,21.8469359468,80.5251374162,0,0,0,12,12,6054,5519
compact51_marcy__current_roles,2019-06-13 16:00:00,22.7124579523,74.2004376934,0,0,0,12,12,6455,5105
compact51_marcy__current_roles,2019-06-13 17:00:00,22.5875822906,69.7545258593,0,0,0,12,12,6393,4645
compact51_marcy__current_roles,2019-06-13 18:00:00,19.8854928615,57.7681665426,0,0,0,12,12,4897,2280
compact51_marcy__current_roles,2019-06-13 19:00:00,16.6793244856,58.0640902605,0,0,0,12,12,2440,2363
compact51_marcy__current_roles,2019-06-13 20:00:00,18.0047254015,57.8996351346,0,0,0,12,12,3491,2321
compact51_marcy__current_roles,2019-06-13 21:00:00,17.1644222217,60.5796552128,0,0,0,12,12,2814,2942
compact51_marcy__current_roles,2019-06-13 22:00:00,18.6909694591,62.2719035229,0,0,0,13,13,4028,3337
compact51_marcy__current_roles,2019-06-13 23:00:00,19.3128386172,63.8260224473,0,0,0,12,12,4505,3675
compact51_marcy__current_roles,2019-06-14 00:00:00,16.2781644964,57.1992120537,0,0,0,13,13,2135,2141
compact51_marcy__current_roles,2019-06-14 01:00:00,18.9124373437,55.2983263196,0,0,0,12,12,4210,1715
compact51_marcy__current_roles,2019-06-14 02:00:00,21.9568336575,56.64711624,0,0,0,12,12,6112,2015
compact51_marcy__current_roles,2019-06-14 03:00:00,22.5422071781,53.1543531986,0,0,0,12,12,6372,1300
compact51_marcy__current_roles,2019-06-14 04:00:00,22.9340080782,56.5106751387,0,0,0,12,12,6556,1982
compact51_marcy__current_roles,2019-06-14 05:00:00,30.1099337397,104.769089848,0,0,0,12,12,8282,6345
compact51_marcy__current_roles,2019-06-14 06:00:00,31.2947448052,216.128917748,0,0,0,13,12,8403,7593
compact51_marcy__current_roles,2019-06-14 07:00:00,32.0022907605,169.751609129,0,0,0,12,12,8453,7280
compact51_marcy__current_roles,2019-06-14 08:00:00,31.517589769,225.489056013,0,0,0,12,12,8425,7644
compact51_marcy__current_roles,2019-06-14 09:00:00,30.6862059886,215.131598667,0,0,0,13,13,8353,7583
compact51_marcy__current_roles,2019-06-14 10:00:00,26.9630076468,232.274526789,0,0,0,12,12,7796,7677
compact51_marcy__current_roles,2019-06-14 11:00:00,30.2739230767,307.210540253,0,0,0,12,12,8301,7958
compact51_marcy__current_roles,2019-06-14 12:00:00,31.5187090736,320.33739845,0,0,0,12,12,8426,7990
compact51_marcy__current_roles,2019-06-14 13:00:00,29.2612464966,512.044081458,0,0,0,12,12,8169,8263
compact51_marcy__current_roles,2019-06-14 14:00:00,32.4079755134,358.766873166,0,0,0,12,12,8470,8083
compact51_marcy__current_roles,2019-06-14 15:00:00,36.6384741773,342.976979592,0,0,0,12,12,8642,8044
compact51_marcy__current_roles,2019-06-14 16:00:00,37.6806903813,424.022293753,0,0,0,12,12,8672,8159
compact51_marcy__current_roles,2019-06-14 17:00:00,32.3051733284,275.762940115,0,0,0,12,12,8468,7856
compact51_marcy__current_roles,2019-06-14 18:00:00,32.110140634,260.568325471,0,0,0,12,12,8460,7815
compact51_marcy__current_roles,2019-06-14 19:00:00,28.474898549,191.018557868,0,0,0,12,12,8040,7431
compact51_marcy__current_roles,2019-06-14 20:00:00,29.2940316008,221.025492979,0,0,0,12,12,8173,7620
compact51_marcy__current_roles,2019-06-14 21:00:00,26.8730361485,214.315274157,0,0,0,12,12,7772,7580
compact51_marcy__current_roles,2019-06-14 22:00:00,29.9385802727,196.171464279,0,0,0,12,12,8258,7472
compact51_marcy__current_roles,2019-06-14 23:00:00,25.8965217872,147.644293873,0,0,0,12,12,7545,7057
compact51_marcy__current_roles,2019-06-15 00:00:00,16.3200861765,57.7334991439,0,0,0,12,12,2179,2272
compact51_marcy__current_roles,2019-06-15 01:00:00,14.783605123,51.4892536616,0,0,0,12,12,1117,986
compact51_marcy__current_roles,2019-06-15 02:00:00,22.8696390629,63.0945371956,0,0,0,12,12,6529,3518
compact51_marcy__current_roles,2019-06-15 03:00:00,23.7882200424,78.0489909648,0,0,0,12,12,6940,5402
compact51_marcy__current_roles,2019-06-15 04:00:00,24.7630448101,73.2242374351,0,0,0,12,12,7236,5002
compact51_marcy__current_roles,2019-06-15 05:00:00,26.5212136311,85.2702513311,0,0,0,12,12,7698,5732
compact51_marcy__current_roles,2019-06-15 06:00:00,20.750271121,101.849228082,0,0,0,12,12,5463,6269
compact51_marcy__current_roles,2019-06-15 07:00:00,17.3752307248,73.7423937512,0,0,0,12,12,2974,5064
compact51_marcy__current_roles,2019-06-15 08:00:00,17.3127562249,85.9211011069,0,0,0,12,12,2939,5755
compact51_marcy__current_roles,2019-06-15 09:00:00,19.6171548929,95.9876746019,0,0,0,12,12,4722,6087
compact51_marcy__current_roles,2019-06-15 10:00:00,22.5268681129,137.421984107,0,0,0,12,12,6363,6929
compact51_marcy__current_roles,2019-06-15 11:00:00,23.8269460775,153.270527029,0,0,0,12,12,6949,7124
compact51_marcy__current_roles,2019-06-15 12:00:00,23.5838731548,151.718391589,0,0,0,12,12,6859,7103
compact51_marcy__current_roles,2019-06-15 13:00:00,14.7510711198,89.1842269612,0,0,0,12,12,1090,5854
compact51_marcy__current_roles,2019-06-15 14:00:00,15.8997665618,98.2083765331,0,0,0,12,12,1865,6143
compact51_marcy__current_roles,2019-06-15 15:00:00,18.0400315169,104.620255243,0,0,0,12,12,3523,6341
compact51_marcy__current_roles,2019-06-15 16:00:00,19.4557799639,102.914870567,0,0,0,12,12,4606,6295
compact51_marcy__current_roles,2019-06-15 17:00:00,18.5905723004,82.6029306585,0,0,0,12,12,3957,5617
compact51_marcy__current_roles,2019-06-15 18:00:00,20.4269201361,92.76772335,0,0,0,12,12,5265,5969
compact51_marcy__current_roles,2019-06-15 19:00:00,22.2873319524,114.180653585,0,0,0,12,12,6252,6533
compact51_marcy__current_roles,2019-06-15 20:00:00,20.9076856605,79.6646003945,0,0,0,12,12,5562,5488
compact51_marcy__current_roles,2019-06-15 21:00:00,19.3537058108,57.1384574873,0,0,0,12,12,4533,2128
compact51_marcy__current_roles,2019-06-15 22:00:00,19.0299375003,64.7412001721,0,0,0,12,12,4306,3861
compact51_marcy__current_roles,2019-06-15 23:00:00,18.5637622839,67.200433645,0,0,0,12,12,3924,4320
compact51_marcy__current_roles,2019-06-16 00:00:00,18.9805864275,60.6119687525,0,0,0,12,12,4263,2951
compact51_marcy__current_roles,2019-06-16 01:00:00,21.5273396663,61.8906077237,0,0,0,12,12,5904,3257
compact51_marcy__current_roles,2019-06-16 02:00:00,27.0975469618,80.6482341263,0,0,0,12,12,7823,5525
compact51_marcy__current_roles,2019-06-16 03:00:00,23.8724597899,57.5125787225,0,0,0,12,12,6962,2223
compact51_marcy__current_roles,2019-06-16 04:00:00,29.2520176861,67.1200781726,0,0,0,12,12,8168,4307
compact51_marcy__current_roles,2019-06-16 05:00:00,23.5281286608,64.7532175874,0,0,0,12,12,6831,3864
compact51_marcy__current_roles,2019-06-16 06:00:00,20.4253470837,64.5917004863,0,0,0,12,12,5264,3837
compact51_marcy__current_roles,2019-06-16 07:00:00,20.3522644402,64.6210828168,0,0,0,12,12,5211,3840
compact51_marcy__current_roles,2019-06-16 08:00:00,23.4868749409,70.3551862318,0,0,0,12,12,6811,4724
compact51_marcy__current_roles,2019-06-16 09:00:00,23.4780159809,64.3128579458,0,0,0,12,12,6808,3773
compact51_marcy__current_roles,2019-06-16 10:00:00,21.7861188652,71.3058453904,0,0,0,12,12,6023,4823
compact51_marcy__current_roles,2019-06-16 11:00:00,19.0422702152,62.4048726232,0,0,0,12,12,4315,3374
compact51_marcy__current_roles,2019-06-16 12:00:00,24.1409343971,83.0487999614,0,0,0,12,12,7046,5640
compact51_marcy__current_roles,2019-06-16 13:00:00,17.525792286,65.011654622,0,0,0,12,12,3096,3933
compact51_marcy__current_roles,2019-06-16 14:00:00,16.5621975664,65.1690970907,0,0,0,12,12,2365,3963
compact51_marcy__current_roles,2019-06-16 15:00:00,20.9776873939,69.6410783377,0,0,0,12,12,5598,4631
compact51_marcy__current_roles,2019-06-16 16:00:00,24.6944128798,94.547032054,0,0,0,12,12,7217,6030
compact51_marcy__current_roles,2019-06-16 17:00:00,20.2611625671,59.7249771261,0,0,0,12,12,5153,2746
compact51_marcy__current_roles,2019-06-16 18:00:00,16.9211127282,60.9039673957,0,0,0,12,12,2615,3023
compact51_marcy__current_roles,2019-06-16 19:00:00,20.1255239627,89.1941316535,0,0,0,12,12,5068,5855
compact51_marcy__current_roles,2019-06-16 20:00:00,19.9349826099,94.3912209539,0,0,0,12,12,4929,6024
compact51_marcy__current_roles,2019-06-16 21:00:00,21.0502865305,106.206777362,0,0,0,12,12,5650,6372
compact51_marcy__current_roles,2019-06-16 22:00:00,20.8456251894,101.486164889,0,0,0,12,12,5529,6256
compact51_marcy__current_roles,2019-06-16 23:00:00,22.2672167048,99.7073789565,0,0,0,13,13,6245,6192
compact51_marcy__current_roles,2019-06-17 00:00:00,15.5278648622,58.160224881,0,0,0,12,12,1626,2374
compact51_marcy__current_roles,2019-06-17 01:00:00,17.7560869775,60.6594626044,0,0,0,12,12,3269,2960
compact51_marcy__current_roles,2019-06-17 02:00:00,18.4437215037,60.6059898078,0,0,0,12,12,3832,2950
compact51_marcy__current_roles,2019-06-17 03:00:00,21.100773877,65.2898254832,0,0,0,12,12,5673,3995
compact51_marcy__current_roles,2019-06-17 04:00:00,20.9362875172,69.2804189131,0,0,0,12,12,5577,4589
compact51_marcy__current_roles,2019-06-17 05:00:00,23.4588615848,129.309399337,0,0,0,12,12,6795,6829
compact51_marcy__current_roles,2019-06-17 06:00:00,24.2428410871,105.499173674,0,0,0,12,12,7086,6360
compact51_marcy__current_roles,2019-06-17 07:00:00,26.5781515789,221.266036577,0,0,0,12,12,7710,7622
compact51_marcy__current_roles,2019-06-17 08:00:00,18.0173288889,197.147831445,0,0,0,12,12,3502,7482
compact51_marcy__current_roles,2019-06-17 09:00:00,17.1259709673,258.120056195,0,0,0,12,12,2775,7804
compact51_marcy__current_roles,2019-06-17 10:00:00,16.9975198853,394.972708198,0,0,0,12,12,2676,8129
compact51_marcy__current_roles,2019-06-17 11:00:00,12.9403891392,93.5417949255,0,0,0,12,12,362,5996
compact51_marcy__current_roles,2019-06-17 12:00:00,11.3774327505,59.5657396607,0,0,0,12,12,62,2714
compact51_marcy__current_roles,2019-06-17 13:00:00,12.6662975344,58.9265795949,0,0,0,12,12,282,2570
compact51_marcy__current_roles,2019-06-17 14:00:00,16.0096479015,134.910486334,0,0,0,12,12,1952,6900
compact51_marcy__current_roles,2019-06-17 15:00:00,16.244172816,163.521621661,0,0,0,12,12,2112,7227
compact51_marcy__current_roles,2019-06-17 16:00:00,18.0876722119,245.606992584,0,0,0,12,12,3561,7748
compact51_marcy__current_roles,2019-06-17 17:00:00,15.3637116813,96.532960219,0,0,0,12,12,1509,6103
compact51_marcy__current_roles,2019-06-17 18:00:00,14.5857719864,56.1842649461,0,0,0,12,12,1012,1919
compact51_marcy__current_roles,2019-06-17 19:00:00,12.3622519146,51.7986726839,0,0,0,12,12,213,1041
compact51_marcy__current_roles,2019-06-17 20:00:00,14.9125849014,54.3407998304,0,0,0,12,12,1201,1518
compact51_marcy__current_roles,2019-06-17 21:00:00,18.2686139826,47.1958812742,0,0,0,12,12,3700,400
compact51_marcy__current_roles,2019-06-17 22:00:00,19.5069815305,94.0911075714,0,0,0,12,12,4655,6013
compact51_marcy__current_roles,2019-06-17 23:00:00,24.273742389,124.901785872,0,0,0,12,12,7096,6748
compact51_marcy__current_roles,2019-06-18 00:00:00,19.4967883849,113.19942904,0,0,0,12,12,4644,6518
compact51_marcy__current_roles,2019-06-18 01:00:00,19.6968103205,162.742893131,0,0,0,12,12,4788,7216
compact51_marcy__current_roles,2019-06-18 02:00:00,20.4192448315,141.701163687,0,0,0,12,12,5260,6983
compact51_marcy__current_roles,2019-06-18 03:00:00,18.4600929477,95.9101309237,0,0,0,12,12,3848,6085
compact51_marcy__current_roles,2019-06-18 04:00:00,24.9442993282,143.540730813,0,0,0,12,12,7302,7006
compact51_marcy__current_roles,2019-06-18 05:00:00,30.6788682889,103.442835887,0,0,0,12,12,8351,6308
compact51_marcy__current_roles,2019-06-18 06:00:00,26.3699706521,168.951247666,0,0,0,13,13,7663,7267
compact51_marcy__current_roles,2019-06-18 07:00:00,16.439367941,66.9304684795,0,0,0,12,12,2281,4279
compact51_marcy__current_roles,2019-06-18 08:00:00,18.235883583,113.141015715,0,0,0,12,12,3677,6516
compact51_marcy__current_roles,2019-06-18 09:00:00,14.6959686658,75.4538181626,0,0,0,12,12,1062,5221
compact51_marcy__current_roles,2019-06-18 10:00:00,11.8012362267,57.1195080101,0,0,0,12,12,111,2121
compact51_marcy__current_roles,2019-06-18 11:00:00,13.1114466217,54.8213970429,0,0,0,12,12,420,1623
compact51_marcy__current_roles,2019-06-18 12:00:00,15.2174617528,60.131028316,0,0,0,12,11,1401,2855
compact51_marcy__current_roles,2019-06-18 13:00:00,13.1888614797,67.5103555717,0,0,0,12,12,444,4359
compact51_marcy__current_roles,2019-06-18 14:00:00,11.507536671,55.5515170047,0,0,0,12,12,74,1781
compact51_marcy__current_roles,2019-06-18 15:00:00,14.4609226362,58.2580084994,0,0,0,12,12,952,2400
compact51_marcy__current_roles,2019-06-18 16:00:00,16.2974798103,53.8735001899,0,0,0,12,12,2157,1437
compact51_marcy__current_roles,2019-06-18 17:00:00,17.3876614794,50.7908653721,0,0,0,14,14,2986,868
compact51_marcy__current_roles,2019-06-18 18:00:00,19.3036778621,49.2143248814,0,0,0,11,11,4497,630
compact51_marcy__current_roles,2019-06-18 19:00:00,21.8228438158,77.8689232068,0,0,0,12,12,6040,5390
compact51_marcy__current_roles,2019-06-18 20:00:00,23.8377718433,101.658709736,1,0,0,12,12,6954,6262
compact51_marcy__current_roles,2019-06-18 21:00:00,27.1024219291,95.3294719116,0,0,0,12,12,7824,6056
compact51_marcy__current_roles,2019-06-18 22:00:00,23.4675551625,62.7668521141,0,0,0,12,12,6800,3442
compact51_marcy__current_roles,2019-06-18 23:00:00,24.2227477694,41.3833958637,0,0,0,12,12,7078,81
compact51_marcy__current_roles,2019-06-19 00:00:00,16.4216708995,54.8736195078,0,0,0,12,12,2262,1634
compact51_marcy__current_roles,2019-06-19 01:00:00,13.8384450155,53.8766967279,0,0,0,12,12,674,1438
compact51_marcy__current_roles,2019-06-19 02:00:00,13.9123965684,56.5097715952,0,0,0,12,12,708,1981
compact51_marcy__current_roles,2019-06-19 03:00:00,13.5458945206,55.8983709495,0,0,0,12,12,562,1848
compact51_marcy__current_roles,2019-06-19 04:00:00,15.3653278008,56.682734538,0,0,0,12,12,1511,2021
compact51_marcy__current_roles,2019-06-19 05:00:00,22.1438053102,60.2504660747,0,0,0,12,12,6193,2882
compact51_marcy__current_roles,2019-06-19 06:00:00,24.0551549439,76.1692993306,0,0,0,14,14,7018,5277
compact51_marcy__current_roles,2019-06-19 07:00:00,14.6404659803,64.402792865,0,0,0,12,12,1033,3793
compact51_marcy__current_roles,2019-06-19 08:00:00,15.9218989503,64.3712776618,0,0,0,12,12,1892,3787
compact51_marcy__current_roles,2019-06-19 09:00:00,12.6814011088,59.1651307825,0,0,0,12,12,286,2628
compact51_marcy__current_roles,2019-06-19 10:00:00,16.627893409,65.6730279753,0,0,0,14,13,2411,4059
compact51_marcy__current_roles,2019-06-19 11:00:00,14.8788775611,63.7715927237,0,0,0,11,11,1175,3660
compact51_marcy__current_roles,2019-06-19 12:00:00,17.7395975207,62.1194003519,0,0,0,12,12,3252,3306
compact51_marcy__current_roles,2019-06-19 13:00:00,18.5660160125,66.1009245211,0,0,0,12,12,3927,4134
compact51_marcy__current_roles,2019-06-19 14:00:00,16.995136091,61.0606429996,0,0,0,12,12,2673,3062
compact51_marcy__current_roles,2019-06-19 15:00:00,16.5344729674,58.8403023821,0,0,0,12,12,2337,2549
compact51_marcy__current_roles,2019-06-19 16:00:00,19.6331432611,63.0321585131,0,0,0,12,12,4736,3510
compact51_marcy__current_roles,2019-06-19 17:00:00,19.854889316,51.1092318386,0,0,0,12,12,4879,921
compact51_marcy__current_roles,2019-06-19 18:00:00,19.7946767423,59.1285907487,0,0,0,12,12,4840,2623
compact51_marcy__current_roles,2019-06-19 19:00:00,15.4019186856,47.2080228663,0,0,0,12,12,1538,404
compact51_marcy__current_roles,2019-06-19 20:00:00,16.7222149528,46.8766867896,0,0,0,13,13,2472,367
compact51_marcy__current_roles,2019-06-19 21:00:00,18.5347160818,45.7760371445,0,0,0,12,12,3900,284
compact51_marcy__current_roles,2019-06-19 22:00:00,16.6816772218,44.0917892042,0,0,0,12,12,2443,167
compact51_marcy__current_roles,2019-06-19 23:00:00,25.5670092257,52.8922302567,0,0,0,12,12,7464,1237
compact51_marcy__current_roles,2019-06-20 00:00:00,17.9389711987,57.7590512651,0,0,0,12,12,3435,2277
compact51_marcy__current_roles,2019-06-20 01:00:00,14.3724637056,55.4604031635,0,0,0,12,12,914,1758
compact51_marcy__current_roles,2019-06-20 02:00:00,14.248631944,59.7663814153,0,0,0,12,12,857,2753
compact51_marcy__current_roles,2019-06-20 03:00:00,16.9188337762,61.0741813918,0,0,0,12,12,2612,3065
compact51_marcy__current_roles,2019-06-20 04:00:00,20.1173182595,61.572213645,0,0,0,12,12,5061,3185
compact51_marcy__current_roles,2019-06-20 05:00:00,27.9284250789,67.4018309853,0,0,0,12,12,7972,4347
compact51_marcy__current_roles,2019-06-20 06:00:00,22.2984697962,67.2189314536,0,0,0,12,12,6255,4324
compact51_marcy__current_roles,2019-06-20 07:00:00,19.4690832589,61.8994031851,0,0,0,12,12,4616,3260
compact51_marcy__current_roles,2019-06-20 08:00:00,13.7393668933,54.6859999133,0,0,0,12,12,632,1597
compact51_marcy__current_roles,2019-06-20 09:00:00,13.6416115878,55.2746446497,0,0,0,12,12,592,1706
compact51_marcy__current_roles,2019-06-20 10:00:00,15.8096453189,68.5597548041,0,0,0,13,12,1799,4500
compact51_marcy__current_roles,2019-06-20 11:00:00,14.8965918112,73.2011811726,0,0,0,12,12,1188,5001
compact51_marcy__current_roles,2019-06-20 12:00:00,18.7806429803,199.176786734,0,0,0,13,13,4090,7496
compact51_marcy__current_roles,2019-06-20 13:00:00,17.8616110901,118.262501305,0,0,0,12,12,3367,6607
compact51_marcy__current_roles,2019-06-20 14:00:00,18.871598175,121.18269812,0,0,0,12,12,4164,6672
compact51_marcy__current_roles,2019-06-20 15:00:00,22.5308805214,119.77114122,0,0,0,12,12,6366,6632
compact51_marcy__current_roles,2019-06-20 16:00:00,17.9965226238,62.4470345657,0,0,0,12,12,3484,3387
compact51_marcy__current_roles,2019-06-20 17:00:00,18.5942143385,58.5607965494,0,0,0,12,12,3961,2475
compact51_marcy__current_roles,2019-06-20 18:00:00,20.2044926617,54.5493568071,0,0,0,12,12,5122,1564
compact51_marcy__current_roles,2019-06-20 19:00:00,20.9858828293,55.6658599435,0,0,0,12,12,5604,1803
compact51_marcy__current_roles,2019-06-20 20:00:00,23.4110852643,54.4166727741,0,0,0,12,12,6773,1531
compact51_marcy__current_roles,2019-06-20 21:00:00,21.948923365,45.887707639,0,0,0,13,13,6110,293
compact51_marcy__current_roles,2019-06-20 22:00:00,14.1249863805,51.8245165033,0,0,0,12,12,797,1049
compact51_marcy__current_roles,2019-06-20 23:00:00,16.8593729705,58.9619118653,0,0,0,12,12,2577,2585
compact51_marcy__current_roles,2019-06-21 00:00:00,16.9245177163,55.9005293742,0,0,0,12,12,2619,1849
compact51_marcy__current_roles,2019-06-21 01:00:00,17.0530161879,55.1478813064,0,0,0,14,14,2716,1683
compact51_marcy__current_roles,2019-06-21 02:00:00,13.1881420214,53.5854939458,0,0,0,10,10,443,1380
compact51_marcy__current_roles,2019-06-21 03:00:00,17.0857788835,56.5691846083,0,0,0,12,12,2749,1999
compact51_marcy__current_roles,2019-06-21 04:00:00,20.1869232283,58.5029258271,0,0,0,12,12,5100,2454
compact51_marcy__current_roles,2019-06-21 05:00:00,22.0839373622,63.4591115731,0,0,0,12,12,6161,3601
compact51_marcy__current_roles,2019-06-21 06:00:00,19.0418289372,65.1757399351,0,0,0,13,13,4314,3967
compact51_marcy__current_roles,2019-06-21 07:00:00,12.10169834,56.8322815684,0,0,0,12,12,153,2065
compact51_marcy__current_roles,2019-06-21 08:00:00,12.7737421126,54.3732305027,0,0,0,12,12,314,1522
compact51_marcy__current_roles,2019-06-21 09:00:00,14.8156818244,57.0099568686,0,0,0,12,12,1142,2101
compact51_marcy__current_roles,2019-06-21 10:00:00,11.5899158451,51.5554904825,0,0,0,12,12,84,999
compact51_marcy__current_roles,2019-06-21 11:00:00,12.9911093914,50.6797007563,0,0,0,12,12,375,851
compact51_marcy__current_roles,2019-06-21 12:00:00,12.1636602292,55.2278059257,0,0,0,12,12,165,1693
compact51_marcy__current_roles,2019-06-21 13:00:00,12.6076837702,54.4797780889,0,0,0,12,12,267,1545
compact51_marcy__current_roles,2019-06-21 14:00:00,14.7366361623,170.993874008,0,0,0,12,12,1082,7290
compact51_marcy__current_roles,2019-06-21 15:00:00,13.6144678317,77.4703886464,0,0,0,12,12,581,5368
compact51_marcy__current_roles,2019-06-21 16:00:00,12.6318443378,60.9103353287,0,0,0,12,12,276,3024
compact51_marcy__current_roles,2019-06-21 17:00:00,15.2361661492,80.6300497147,0,0,0,12,12,1420,5524
compact51_marcy__current_roles,2019-06-21 18:00:00,13.0761001839,54.0012642869,0,0,0,12,12,407,1454
compact51_marcy__current_roles,2019-06-21 19:00:00,15.5999592531,45.6774264119,0,0,0,12,12,1671,278
compact51_marcy__current_roles,2019-06-21 20:00:00,17.0521018949,45.5521773537,0,0,0,12,12,2715,265
compact51_marcy__current_roles,2019-06-21 21:00:00,17.8310170109,44.8529785573,0,0,0,12,12,3341,221
compact51_marcy__current_roles,2019-06-21 22:00:00,17.4196595195,53.6006439666,0,0,0,12,12,3016,1384
compact51_marcy__current_roles,2019-06-21 23:00:00,21.8665184857,93.6603897523,0,0,0,12,12,6071,6001
compact51_marcy__current_roles,2019-06-22 00:00:00,22.4291696447,73.6578889714,0,0,0,12,12,6308,5048
compact51_marcy__current_roles,2019-06-22 01:00:00,20.7163383577,61.0858105436,0,0,0,12,12,5441,3068
compact51_marcy__current_roles,2019-06-22 02:00:00,23.2541788837,63.3016568116,0,0,0,12,12,6706,3566
compact51_marcy__current_roles,2019-06-22 03:00:00,21.0254938743,60.3183036419,0,0,0,12,12,5629,2892
compact51_marcy__current_roles,2019-06-22 04:00:00,22.7055134435,60.292719728,0,0,0,12,12,6452,2885
compact51_marcy__current_roles,2019-06-22 05:00:00,22.4302519236,61.3015657357,0,0,0,12,12,6310,3124
compact51_marcy__current_roles,2019-06-22 06:00:00,22.8176009438,65.3279396673,0,0,0,12,12,6509,4001
compact51_marcy__current_roles,2019-06-22 07:00:00,19.4751434251,64.616937034,0,0,0,12,12,4623,3839
compact51_marcy__current_roles,2019-06-22 08:00:00,22.9409733332,63.9105563974,0,0,0,12,12,6560,3688
compact51_marcy__current_roles,2019-06-22 09:00:00,22.5223839141,72.4351978246,0,0,0,12,12,6361,4925
compact51_marcy__current_roles,2019-06-22 10:00:00,16.1023916682,57.9783870894,0,0,0,12,12,2019,2338
compact51_marcy__current_roles,2019-06-22 11:00:00,15.9591559635,80.7222162122,0,0,0,12,12,1917,5532
compact51_marcy__current_roles,2019-06-22 12:00:00,13.7158014759,58.9333368636,0,0,0,12,12,624,2572
compact51_marcy__current_roles,2019-06-22 13:00:00,15.0695602711,60.1046988172,0,0,0,12,12,1309,2845
compact51_marcy__current_roles,2019-06-22 14:00:00,16.327193683,58.9334471928,0,0,0,12,12,2187,2573
compact51_marcy__current_roles,2019-06-22 15:00:00,16.7405309738,58.8933595453,0,0,0,12,12,2486,2563
compact51_marcy__current_roles,2019-06-22 16:00:00,15.0531730356,56.8808223069,0,0,0,12,12,1295,2078
compact51_marcy__current_roles,2019-06-22 17:00:00,13.6591017758,52.1048312773,0,0,0,12,12,599,1095
compact51_marcy__current_roles,2019-06-22 18:00:00,14.0802302186,54.3777985117,0,0,0,12,12,777,1523
compact51_marcy__current_roles,2019-06-22 19:00:00,15.1714645455,53.8385435571,0,0,0,12,12,1368,1432
compact51_marcy__current_roles,2019-06-22 20:00:00,15.7327323337,52.2787489002,0,0,0,12,12,1748,1124
compact51_marcy__current_roles,2019-06-22 21:00:00,16.861987327,60.1761980906,0,0,0,13,12,2580,2862
compact51_marcy__current_roles,2019-06-22 22:00:00,17.3870896792,61.5543607412,0,0,0,12,12,2985,3180
compact51_marcy__current_roles,2019-06-22 23:00:00,17.4530321998,60.7973402406,0,0,0,12,12,3040,2994
compact51_marcy__current_roles,2019-06-23 00:00:00,15.2382579014,59.8502864612,0,0,0,12,12,1422,2786
compact51_marcy__current_roles,2019-06-23 01:00:00,15.1717449059,59.3625288254,0,0,0,12,12,1369,2676
compact51_marcy__current_roles,2019-06-23 02:00:00,17.2472076863,65.3892137949,0,0,0,12,12,2886,4012
compact51_marcy__current_roles,2019-06-23 03:00:00,19.5148234062,69.3072399159,0,0,0,12,12,4661,4590
compact51_marcy__current_roles,2019-06-23 04:00:00,21.0300374673,64.0885407664,0,0,0,12,12,5633,3723
compact51_marcy__current_roles,2019-06-23 05:00:00,22.7521368309,66.9284684544,0,0,0,12,12,6472,4277
compact51_marcy__current_roles,2019-06-23 06:00:00,18.9400281667,66.8454425918,0,0,0,12,12,4228,4261
compact51_marcy__current_roles,2019-06-23 07:00:00,18.1772352261,72.9413167032,0,0,0,12,12,3636,4970
compact51_marcy__current_roles,2019-06-23 08:00:00,18.4638471099,76.5142175617,0,0,0,12,12,3852,5306
compact51_marcy__current_roles,2019-06-23 09:00:00,21.0305300406,73.1120390424,0,0,0,12,12,5634,4990
compact51_marcy__current_roles,2019-06-23 10:00:00,20.1015886524,85.0604244535,0,0,0,12,12,5049,5720
compact51_marcy__current_roles,2019-06-23 11:00:00,21.5733404576,69.1831692215,0,0,0,12,12,5925,4572
compact51_marcy__current_roles,2019-06-23 12:00:00,25.562785553,103.204799859,0,0,0,12,12,7461,6303
compact51_marcy__current_roles,2019-06-23 13:00:00,23.4048045727,103.666300934,0,0,0,12,12,6767,6315
compact51_marcy__current_roles,2019-06-23 14:00:00,21.7118242835,113.458696928,0,0,0,12,12,5980,6523
compact51_marcy__current_roles,2019-06-23 15:00:00,17.2693000769,73.549690409,0,0,0,12,12,2904,5039
compact51_marcy__current_roles,2019-06-23 16:00:00,18.0915431448,63.4319681155,0,0,0,12,12,3567,3593
compact51_marcy__current_roles,2019-06-23 17:00:00,19.2863025352,93.1348478982,0,0,0,12,12,4481,5986
compact51_marcy__current_roles,2019-06-23 18:00:00,14.9115544004,53.9630575239,0,0,0,12,12,1200,1450
compact51_marcy__current_roles,2019-06-23 19:00:00,15.774521358,51.983541083,0,0,0,12,12,1783,1080
compact51_marcy__current_roles,2019-06-23 20:00:00,14.0107360355,57.0886838056,0,0,0,12,12,749,2115
compact51_marcy__current_roles,2019-06-23 21:00:00,15.8797919473,53.0730213864,0,0,0,12,12,1844,1275
compact51_marcy__current_roles,2019-06-23 22:00:00,19.2951889071,108.657826664,0,0,0,12,12,4488,6418
compact51_marcy__current_roles,2019-06-23 23:00:00,18.6254211254,62.2257835409,0,0,0,12,12,3980,3325
compact51_marcy__current_roles,2019-06-24 00:00:00,19.6437175061,60.6338430586,0,0,0,12,12,4744,2956
compact51_marcy__current_roles,2019-06-24 01:00:00,18.8612166353,57.9418397053,0,0,0,12,12,4155,2333
compact51_marcy__current_roles,2019-06-24 02:00:00,18.407636229,55.4386279558,0,0,0,12,12,3805,1753
compact51_marcy__current_roles,2019-06-24 03:00:00,21.0340613132,57.1968089923,0,0,0,12,12,5638,2139
compact51_marcy__current_roles,2019-06-24 04:00:00,24.9250357133,61.561182466,0,0,0,12,12,7293,3182
compact51_marcy__current_roles,2019-06-24 05:00:00,24.1880409652,63.9122285305,0,0,0,12,12,7061,3690
compact51_marcy__current_roles,2019-06-24 06:00:00,24.6303376541,74.3030382242,0,0,0,12,12,7200,5123
compact51_marcy__current_roles,2019-06-24 07:00:00,25.2332919568,74.1175242234,0,0,0,12,12,7370,5101
compact51_marcy__current_roles,2019-06-24 08:00:00,19.791220761,86.2356929836,0,0,0,12,12,4838,5766
compact51_marcy__current_roles,2019-06-24 09:00:00,17.4901817004,73.9109947802,0,0,0,12,12,3066,5081
compact51_marcy__current_roles,2019-06-24 10:00:00,13.897733978,66.0006631239,0,0,0,13,13,704,4117
compact51_marcy__current_roles,2019-06-24 11:00:00,13.0467323512,62.3397493285,0,0,0,13,12,398,3357
compact51_marcy__current_roles,2019-06-24 12:00:00,15.9994084082,67.6847894514,0,0,0,12,12,1944,4387
compact51_marcy__current_roles,2019-06-24 13:00:00,14.78124105,68.134851266,0,0,0,12,12,1112,4443
compact51_marcy__current_roles,2019-06-24 14:00:00,13.3053705838,61.5014155226,0,0,0,12,12,482,3165
compact51_marcy__current_roles,2019-06-24 15:00:00,12.2049865264,64.5050221268,0,0,0,12,12,172,3813
compact51_marcy__current_roles,2019-06-24 16:00:00,11.4734040313,65.2107459835,0,0,0,12,12,71,3978
compact51_marcy__current_roles,2019-06-24 17:00:00,12.0543004485,61.4395597259,0,0,0,12,11,142,3150
compact51_marcy__current_roles,2019-06-24 18:00:00,11.4657367034,59.0269699468,0,0,0,12,12,70,2605
compact51_marcy__current_roles,2019-06-24 19:00:00,12.574217535,55.6445805811,0,0,0,13,13,260,1793
compact51_marcy__current_roles,2019-06-24 20:00:00,13.4539286133,83.6377000701,0,0,0,12,12,536,5664
compact51_marcy__current_roles,2019-06-24 21:00:00,15.1576731489,123.890653695,1,0,0,12,12,1358,6731
compact51_marcy__current_roles,2019-06-24 22:00:00,19.6306218696,56.4251125974,0,0,0,12,12,4733,1962
compact51_marcy__current_roles,2019-06-24 23:00:00,18.9641010923,44.294385109,0,0,0,12,12,4244,194
compact51_marcy__current_roles,2019-06-25 00:00:00,9.49167523169,50.2218970745,0,0,0,12,12,6,776
compact51_marcy__current_roles,2019-06-25 01:00:00,9.97005236607,45.439072836,0,0,0,12,12,10,259
compact51_marcy__current_roles,2019-06-25 02:00:00,13.113948313,52.2500307859,0,0,0,12,12,422,1117
compact51_marcy__current_roles,2019-06-25 03:00:00,15.4294738283,52.6593942719,0,0,0,12,12,1558,1199
compact51_marcy__current_roles,2019-06-25 04:00:00,15.6914796383,50.7782381772,0,0,0,12,12,1726,867
compact51_marcy__current_roles,2019-06-25 05:00:00,20.6225215699,75.685714362,0,0,0,12,12,5371,5240
compact51_marcy__current_roles,2019-06-25 06:00:00,13.7224756711,58.2513067524,0,0,0,12,12,627,2397
compact51_marcy__current_roles,2019-06-25 07:00:00,13.6364008468,64.0377947022,0,0,0,12,12,591,3712
compact51_marcy__current_roles,2019-06-25 08:00:00,15.9177197625,64.7944923016,0,0,0,14,14,1885,3878
compact51_marcy__current_roles,2019-06-25 09:00:00,12.2309203942,55.9914230036,0,0,0,11,11,177,1870
compact51_marcy__current_roles,2019-06-25 10:00:00,12.6091073306,61.4937264171,0,0,0,12,12,269,3163
compact51_marcy__current_roles,2019-06-25 11:00:00,12.9951844165,59.2822367456,0,0,0,11,11,377,2658
compact51_marcy__current_roles,2019-06-25 12:00:00,12.5775296889,781.842837154,0,0,0,11,11,261,8434
compact51_marcy__current_roles,2019-06-25 13:00:00,11.8375946419,57.3760137742,0,0,0,12,12,119,2187
compact51_marcy__current_roles,2019-06-25 14:00:00,11.3119894827,56.2140653259,0,0,0,12,12,57,1922
compact51_marcy__current_roles,2019-06-25 15:00:00,13.2086556969,54.6843462721,0,0,0,12,12,447,1596
compact51_marcy__current_roles,2019-06-25 16:00:00,14.4548369235,143.057775518,0,0,0,12,12,948,7000
compact51_marcy__current_roles,2019-06-25 17:00:00,12.6892472265,62.1814826384,0,0,0,12,12,287,3321
compact51_marcy__current_roles,2019-06-25 18:00:00,12.1246284903,61.5433750836,0,0,0,13,13,156,3178
compact51_marcy__current_roles,2019-06-25 19:00:00,12.3779608416,56.5495819797,0,0,0,12,12,217,1992
compact51_marcy__current_roles,2019-06-25 20:00:00,13.7760230873,51.4767765899,0,0,0,12,12,645,984
compact51_marcy__current_roles,2019-06-25 21:00:00,15.8859888912,53.145106106,0,0,0,12,12,1852,1297
compact51_marcy__current_roles,2019-06-25 22:00:00,12.7589431088,46.2083869546,0,0,0,12,12,311,320
compact51_marcy__current_roles,2019-06-25 23:00:00,21.3934867567,43.6926262319,0,0,0,12,12,5830,148
compact51_marcy__current_roles,2019-06-26 00:00:00,9.45461584111,47.6595080124,0,0,0,12,12,5,451
compact51_marcy__current_roles,2019-06-26 01:00:00,12.750619011,48.8894525493,0,0,0,12,12,305,598
compact51_marcy__current_roles,2019-06-26 02:00:00,10.309649634,46.0939425242,0,0,0,12,12,13,310
compact51_marcy__current_roles,2019-06-26 03:00:00,9.87995452472,47.4608911704,0,0,0,12,12,9,432
compact51_marcy__current_roles,2019-06-26 04:00:00,13.2366540007,51.4893404882,0,0,0,12,12,460,987
compact51_marcy__current_roles,2019-06-26 05:00:00,21.3715386609,60.1047829998,0,0,0,12,12,5814,2846
compact51_marcy__current_roles,2019-06-26 06:00:00,14.7959621508,63.26594348,0,0,0,12,12,1129,3559
compact51_marcy__current_roles,2019-06-26 07:00:00,18.2600023886,68.8410725832,0,0,0,12,12,3694,4530
compact51_marcy__current_roles,2019-06-26 08:00:00,14.4035721456,68.3718127239,0,0,0,12,12,925,4473
compact51_marcy__current_roles,2019-06-26 09:00:00,14.5628366245,63.3185364848,0,0,0,12,12,1001,3571
compact51_marcy__current_roles,2019-06-26 10:00:00,13.6772967715,58.756522381,0,0,0,12,12,605,2527
compact51_marcy__current_roles,2019-06-26 11:00:00,12.9370007139,90.1192966501,0,0,0,12,12,360,5891
compact51_marcy__current_roles,2019-06-26 12:00:00,14.4324908756,377.293658678,1,0,0,12,12,942,8109
compact51_marcy__current_roles,2019-06-26 13:00:00,13.7485216161,279.748712248,0,0,0,12,12,635,7870
compact51_marcy__current_roles,2019-06-26 14:00:00,12.5554998527,203.144629969,1,0,0,14,14,255,7521
compact51_marcy__current_roles,2019-06-26 15:00:00,12.9356742732,86.4910341566,0,0,0,11,11,358,5770
compact51_marcy__current_roles,2019-06-26 16:00:00,13.7186418119,73.9275512015,0,0,0,12,12,625,5084
compact51_marcy__current_roles,2019-06-26 17:00:00,15.5856901758,187.885501612,0,0,0,12,12,1663,7411
compact51_marcy__current_roles,2019-06-26 18:00:00,13.5796264351,65.9732600722,0,0,0,12,12,572,4109
compact51_marcy__current_roles,2019-06-26 19:00:00,18.8158220115,122.306572192,1,0,0,12,12,4113,6693
compact51_marcy__current_roles,2019-06-26 20:00:00,19.0949913503,131.698543684,1,0,0,12,12,4360,6861
compact51_marcy__current_roles,2019-06-26 21:00:00,17.8996178456,100.166731169,1,0,0,12,12,3401,6209
compact51_marcy__current_roles,2019-06-26 22:00:00,21.1001185495,47.0073734282,0,0,0,12,11,5671,381
compact51_marcy__current_roles,2019-06-26 23:00:00,15.8927640607,51.7602533193,0,0,0,13,12,1858,1037
compact51_marcy__current_roles,2019-06-27 00:00:00,12.0769470494,56.5578932923,0,0,0,12,12,150,1994
compact51_marcy__current_roles,2019-06-27 01:00:00,12.7771307847,60.6884737463,0,0,0,12,12,316,2970
compact51_marcy__current_roles,2019-06-27 02:00:00,14.0999544368,59.9624971811,0,0,0,12,12,785,2806
compact51_marcy__current_roles,2019-06-27 03:00:00,12.2160935869,56.6417718445,0,0,0,12,12,174,2014
compact51_marcy__current_roles,2019-06-27 04:00:00,17.5078097359,58.2995448123,0,0,0,12,12,3081,2414
compact51_marcy__current_roles,2019-06-27 05:00:00,28.7522064992,70.6896915392,0,0,0,12,12,8087,4758
compact51_marcy__current_roles,2019-06-27 06:00:00,16.7956572988,74.5797004397,0,0,0,12,12,2527,5143
compact51_marcy__current_roles,2019-06-27 07:00:00,14.3003686826,128.539368112,1,0,0,12,12,878,6817
compact51_marcy__current_roles,2019-06-27 08:00:00,14.7406423542,66.4168355992,0,0,0,12,12,1085,4184
compact51_marcy__current_roles,2019-06-27 09:00:00,16.2571175236,225.224316799,0,0,0,12,12,2122,7642
compact51_marcy__current_roles,2019-06-27 10:00:00,17.8783317115,241.353532923,0,0,0,12,12,3384,7726
compact51_marcy__current_roles,2019-06-27 11:00:00,16.5554743063,353.99190853,1,0,0,9,9,2359,8072
compact51_marcy__current_roles,2019-06-27 12:00:00,20.7376947133,460.9419577,0,0,0,12,12,5451,8202
compact51_marcy__current_roles,2019-06-27 13:00:00,18.2442527802,75.4698806824,0,0,0,12,12,3682,5223
compact51_marcy__current_roles,2019-06-27 14:00:00,16.8584238455,69.7083152923,0,0,0,13,13,2574,4638
compact51_marcy__current_roles,2019-06-27 15:00:00,20.0029815008,92.0275085342,0,0,0,12,12,4976,5946
compact51_marcy__current_roles,2019-06-27 16:00:00,16.8953693095,78.9682476764,0,0,0,12,12,2601,5448
compact51_marcy__current_roles,2019-06-27 17:00:00,15.7497396613,72.5620638815,0,0,0,13,13,1763,4936
compact51_marcy__current_roles,2019-06-27 18:00:00,12.8331741631,279.798957866,0,0,0,12,12,333,7871
compact51_marcy__current_roles,2019-06-27 19:00:00,11.571776501,87.6665143004,0,0,0,12,12,82,5804
compact51_marcy__current_roles,2019-06-27 20:00:00,16.0477991335,291.410159514,0,0,0,12,12,1979,7915
compact51_marcy__current_roles,2019-06-27 21:00:00,20.318409967,305.215715574,0,0,0,12,12,5192,7948
compact51_marcy__current_roles,2019-06-27 22:00:00,11.2956229487,52.3089722584,0,0,0,13,13,54,1128
compact51_marcy__current_roles,2019-06-27 23:00:00,17.7252833743,95.1476207109,0,0,0,11,11,3241,6052
compact51_marcy__current_roles,2019-06-28 00:00:00,22.4561315711,127.564903982,0,0,0,12,12,6317,6800
compact51_marcy__current_roles,2019-06-28 01:00:00,15.0438346338,58.2401401772,0,0,0,12,12,1289,2393
compact51_marcy__current_roles,2019-06-28 02:00:00,15.3264258839,61.2924309132,0,0,0,12,12,1485,3121
compact51_marcy__current_roles,2019-06-28 03:00:00,20.4853782964,117.156791973,1,0,0,12,12,5302,6582
compact51_marcy__current_roles,2019-06-28 04:00:00,24.9871603309,82.0546610598,0,0,0,12,12,7313,5600
compact51_marcy__current_roles,2019-06-28 05:00:00,37.7929303402,741.297930972,0,0,0,12,12,8675,8415
compact51_marcy__current_roles,2019-06-28 06:00:00,31.853295154,70.875153598,0,0,0,12,12,8441,4776
compact51_marcy__current_roles,2019-06-28 07:00:00,25.6124401722,62.5980926743,0,0,0,12,12,7477,3409
compact51_marcy__current_roles,2019-06-28 08:00:00,22.4865051964,68.1883091031,0,0,0,13,13,6342,4447
compact51_marcy__current_roles,2019-06-28 09:00:00,24.6394964007,73.1922635632,0,0,0,14,14,7202,4999
compact51_marcy__current_roles,2019-06-28 10:00:00,28.6753994575,70.6451201669,0,0,0,13,13,8071,4751
compact51_marcy__current_roles,2019-06-28 11:00:00,30.7802071974,74.2936335184,0,0,0,12,12,8364,5117
compact51_marcy__current_roles,2019-06-28 12:00:00,24.8965882005,87.3962806154,0,0,0,13,12,7283,5797
compact51_marcy__current_roles,2019-06-28 13:00:00,28.6682593864,79.3982785183,0,0,0,12,12,8068,5468
compact51_marcy__current_roles,2019-06-28 14:00:00,27.0627454457,81.1722121217,0,0,0,11,11,7818,5560
compact51_marcy__current_roles,2019-06-28 15:00:00,28.5402597956,88.2190833432,0,0,0,13,13,8050,5821
compact51_marcy__current_roles,2019-06-28 16:00:00,37.2157169724,88.1993212209,0,0,0,12,12,8660,5820
compact51_marcy__current_roles,2019-06-28 17:00:00,38.8943950201,72.4612815113,0,0,0,12,12,8698,4929
compact51_marcy__current_roles,2019-06-28 18:00:00,25.9332586003,59.554812937,0,0,0,12,12,7558,2711
compact51_marcy__current_roles,2019-06-28 19:00:00,25.0437085155,245.892547342,0,0,0,12,12,7332,7750
compact51_marcy__current_roles,2019-06-28 20:00:00,31.2771880233,106.244215973,0,0,0,12,12,8400,6378
compact51_marcy__current_roles,2019-06-28 21:00:00,30.596118598,189.803978801,0,0,0,12,12,8340,7419
compact51_marcy__current_roles,2019-06-28 22:00:00,20.1356137721,81.202585527,0,0,0,12,12,5074,5562
compact51_marcy__current_roles,2019-06-28 23:00:00,27.9192663172,232.250572923,1,0,0,12,12,7971,7676
compact51_marcy__current_roles,2019-06-29 00:00:00,21.502025153,52.4928402678,0,0,0,12,12,5890,1160
compact51_marcy__current_roles,2019-06-29 01:00:00,20.5282264768,120.889586897,0,0,0,12,12,5326,6666
compact51_marcy__current_roles,2019-06-29 02:00:00,26.3402322193,166.986904016,0,0,0,12,12,7654,7255
compact51_marcy__current_roles,2019-06-29 03:00:00,24.805652305,133.430642251,0,0,0,13,12,7256,6886
compact51_marcy__current_roles,2019-06-29 04:00:00,23.3841558464,134.665984512,0,0,0,12,12,6761,6896
compact51_marcy__current_roles,2019-06-29 05:00:00,22.4603217865,65.2286351956,0,0,0,12,12,6319,3983
compact51_marcy__current_roles,2019-06-29 06:00:00,24.3881803095,76.4500230701,0,0,0,12,12,7141,5300
compact51_marcy__current_roles,2019-06-29 07:00:00,27.6130581408,323.290565462,0,0,0,12,12,7930,7994
compact51_marcy__current_roles,2019-06-29 08:00:00,36.9483392116,131.115893982,0,0,0,12,12,8653,6854
compact51_marcy__current_roles,2019-06-29 09:00:00,32.5812124871,117.794244192,0,0,0,12,12,8484,6598
compact51_marcy__current_roles,2019-06-29 10:00:00,29.0955969105,102.910711617,0,0,0,13,13,8141,6294
compact51_marcy__current_roles,2019-06-29 11:00:00,30.2284004925,97.7912298286,0,0,0,12,11,8295,6127
compact51_marcy__current_roles,2019-06-29 12:00:00,34.6760499678,112.890210133,0,0,0,12,12,8580,6515
compact51_marcy__current_roles,2019-06-29 13:00:00,39.2152231904,145.023269295,0,0,0,12,12,8702,7020
compact51_marcy__current_roles,2019-06-29 14:00:00,31.3951425566,101.141844154,0,0,0,12,12,8413,6246
compact51_marcy__current_roles,2019-06-29 15:00:00,29.5972441869,98.5640694245,0,0,0,12,12,8211,6153
compact51_marcy__current_roles,2019-06-29 16:00:00,34.8041499686,100.576653509,0,0,0,12,12,8587,6223
compact51_marcy__current_roles,2019-06-29 17:00:00,28.3122309348,99.71546872,0,0,0,12,12,8019,6194
compact51_marcy__current_roles,2019-06-29 18:00:00,26.4794122943,74.4951606269,0,0,0,12,12,7684,5136
compact51_marcy__current_roles,2019-06-29 19:00:00,25.8205792365,69.4146708425,0,0,0,11,11,7528,4604
compact51_marcy__current_roles,2019-06-29 20:00:00,26.4966631512,65.2262112973,0,0,0,11,11,7691,3982
compact51_marcy__current_roles,2019-06-29 21:00:00,24.9722364497,691.730279358,0,0,0,12,12,7310,8392
compact51_marcy__current_roles,2019-06-29 22:00:00,19.5872248959,294.760236266,1,0,0,12,12,4703,7922
compact51_marcy__current_roles,2019-06-29 23:00:00,23.3098375566,52.6420550633,0,0,0,12,12,6736,1193
compact51_marcy__current_roles,2019-06-30 00:00:00,11.2498795593,54.9336839273,0,0,0,12,12,49,1647
compact51_marcy__current_roles,2019-06-30 01:00:00,9.21045504851,54.9831346669,0,0,0,12,12,2,1659
compact51_marcy__current_roles,2019-06-30 02:00:00,15.4938918285,59.8435986158,0,0,0,12,12,1604,2783
compact51_marcy__current_roles,2019-06-30 03:00:00,14.0356993407,60.5966532474,0,0,0,12,12,757,2947
compact51_marcy__current_roles,2019-06-30 04:00:00,12.6662361772,56.2488481771,0,0,0,12,12,281,1930
compact51_marcy__current_roles,2019-06-30 05:00:00,12.4160111859,53.1021525055,0,0,0,12,12,224,1283
compact51_marcy__current_roles,2019-06-30 06:00:00,12.9126971174,69.1161844303,0,0,0,12,12,353,4568
compact51_marcy__current_roles,2019-06-30 07:00:00,14.9385956487,76.2426872551,0,0,0,12,12,1222,5278
compact51_marcy__current_roles,2019-06-30 08:00:00,19.3684720117,92.1948423301,0,0,0,13,13,4538,5953
compact51_marcy__current_roles,2019-06-30 09:00:00,16.5805858768,90.714651537,0,0,0,14,14,2379,5900
compact51_marcy__current_roles,2019-06-30 10:00:00,17.3656062059,94.4884737399,0,0,0,10,10,2969,6029
compact51_marcy__current_roles,2019-06-30 11:00:00,16.3958545729,89.6243959846,0,0,0,12,12,2235,5874
compact51_marcy__current_roles,2019-06-30 12:00:00,14.8672237221,75.0110849072,0,0,0,12,12,1167,5175
compact51_marcy__current_roles,2019-06-30 13:00:00,17.9195460646,72.646757857,0,0,0,12,12,3411,4945
compact51_marcy__current_roles,2019-06-30 14:00:00,19.8428185903,121.965014676,1,0,0,12,12,4869,6686
compact51_marcy__current_roles,2019-06-30 15:00:00,16.9679458424,94.4778680892,0,0,0,13,13,2654,6028
compact51_marcy__current_roles,2019-06-30 16:00:00,16.8588506651,337.471762701,1,0,0,12,12,2575,8026
compact51_marcy__current_roles,2019-06-30 17:00:00,15.832572204,169.872673775,1,0,0,12,12,1812,7282
compact51_marcy__current_roles,2019-06-30 18:00:00,15.0346939539,114.48840913,1,0,0,12,12,1286,6543
compact51_marcy__current_roles,2019-06-30 19:00:00,18.5295007001,144.174634057,1,0,0,12,12,3895,7013
compact51_marcy__current_roles,2019-06-30 20:00:00,18.1700447528,284.537119053,1,0,0,12,12,3632,7893
compact51_marcy__current_roles,2019-06-30 21:00:00,15.9970023332,145.438098888,1,0,0,12,12,1941,7026
compact51_marcy__current_roles,2019-06-30 22:00:00,13.5127690273,51.9123161535,0,0,0,12,12,553,1068
compact51_marcy__current_roles,2019-06-30 23:00:00,12.4503769381,66.7755168838,0,0,0,12,12,234,4248
compact51_marcy__current_roles,2019-07-01 00:00:00,19.0062643352,79.0532773902,0,0,0,11,11,4282,5453
compact51_marcy__current_roles,2019-07-01 01:00:00,14.6789867453,67.631126424,0,0,0,12,12,1049,4378
compact51_marcy__current_roles,2019-07-01 02:00:00,15.72306096,58.8214434394,0,0,0,12,12,1741,2543
compact51_marcy__current_roles,2019-07-01 03:00:00,20.1669953965,53.1825180037,0,0,0,12,12,5089,1309
compact51_marcy__current_roles,2019-07-01 04:00:00,23.4378467663,52.9351883531,0,0,0,12,12,6785,1248
compact51_marcy__current_roles,2019-07-01 05:00:00,20.9340877136,59.965266533,0,0,0,12,12,5575,2807
compact51_marcy__current_roles,2019-07-01 06:00:00,20.4796390019,89.2872732141,0,0,0,12,12,5295,5860
compact51_marcy__current_roles,2019-07-01 07:00:00,22.8338759716,97.7734711662,0,0,0,12,12,6516,6126
compact51_marcy__current_roles,2019-07-01 08:00:00,22.5525545252,100.117366326,0,0,0,12,12,6379,6206
compact51_marcy__current_roles,2019-07-01 09:00:00,24.4547013108,107.818421341,0,0,0,12,12,7159,6400
compact51_marcy__current_roles,2019-07-01 10:00:00,22.9452084869,229.596701846,0,0,0,13,13,6563,7665
compact51_marcy__current_roles,2019-07-01 11:00:00,18.046679847,95.516740908,0,0,0,12,12,3528,6064
compact51_marcy__current_roles,2019-07-01 12:00:00,15.5018484563,101.974179608,0,0,0,12,12,1611,6275
compact51_marcy__current_roles,2019-07-01 13:00:00,18.5085845777,5173.14117253,0,0,0,13,13,3879,8711
compact51_marcy__current_roles,2019-07-01 14:00:00,15.6763232366,480.21604736,1,0,0,14,14,1711,8223
compact51_marcy__current_roles,2019-07-01 15:00:00,16.8337423418,258.467177076,1,0,0,13,12,2556,7806
compact51_marcy__current_roles,2019-07-01 16:00:00,17.6339711298,491.037712181,1,0,0,12,12,3174,8239
compact51_marcy__current_roles,2019-07-01 17:00:00,15.8516398353,114.083877809,1,0,0,15,14,1820,6530
compact51_marcy__current_roles,2019-07-01 18:00:00,14.6248666292,78.1861732934,0,0,0,14,12,1030,5415
compact51_marcy__current_roles,2019-07-01 19:00:00,18.0208524843,103.563416169,1,0,0,12,12,3504,6310
compact51_marcy__current_roles,2019-07-01 20:00:00,17.7189397329,81.7432327179,0,0,0,12,12,3235,5589
compact51_marcy__current_roles,2019-07-01 21:00:00,17.4138532834,71.1455294963,0,0,0,12,12,3008,4799
compact51_marcy__current_roles,2019-07-01 22:00:00,15.352049476,64.3986676138,0,0,0,14,13,1496,3790
compact51_marcy__current_roles,2019-07-01 23:00:00,15.3247471694,55.9683662967,0,0,0,11,11,1483,1865
compact51_marcy__current_roles,2019-07-02 00:00:00,14.2444949081,54.277268436,0,0,0,12,11,855,1505
compact51_marcy__current_roles,2019-07-02 01:00:00,11.1340813614,55.3447214999,0,0,0,12,12,43,1725
compact51_marcy__current_roles,2019-07-02 02:00:00,14.3902943061,59.4845467896,0,0,0,12,12,924,2694
compact51_marcy__current_roles,2019-07-02 03:00:00,15.7386910754,59.2747784669,0,0,0,12,12,1754,2656
compact51_marcy__current_roles,2019-07-02 04:00:00,25.0641366571,66.9778531118,0,0,0,12,12,7341,4288
compact51_marcy__current_roles,2019-07-02 05:00:00,23.5643628665,70.2640714308,0,0,0,12,12,6850,4717
compact51_marcy__current_roles,2019-07-02 06:00:00,21.3360410992,70.8449566205,0,0,0,12,12,5791,4773
compact51_marcy__current_roles,2019-07-02 07:00:00,18.4904003306,67.3005515812,0,0,0,13,13,3866,4335
compact51_marcy__current_roles,2019-07-02 08:00:00,14.2861308093,73.7947032212,0,0,0,16,15,874,5071
compact51_marcy__current_roles,2019-07-02 09:00:00,13.8018030084,314.171727973,1,0,0,12,12,656,7971
compact51_marcy__current_roles,2019-07-02 10:00:00,12.7871806586,70.4450937187,0,0,0,15,14,319,4733
compact51_marcy__current_roles,2019-07-02 11:00:00,14.3424933422,83.0595217322,0,0,0,11,11,902,5641
compact51_marcy__current_roles,2019-07-02 12:00:00,15.9778904227,2321.71171758,1,0,0,12,12,1927,8643
compact51_marcy__current_roles,2019-07-02 13:00:00,16.4264555115,266.782129537,1,0,0,12,12,2267,7829
compact51_marcy__current_roles,2019-07-02 14:00:00,13.3551422929,87.7681864009,0,0,0,14,12,505,5806
compact51_marcy__current_roles,2019-07-02 15:00:00,14.1899540124,87.1251952571,0,0,0,12,12,827,5784
compact51_marcy__current_roles,2019-07-02 16:00:00,17.6005319123,76.6868236107,0,0,0,12,12,3155,5320
compact51_marcy__current_roles,2019-07-02 17:00:00,16.1271727308,70.0800225713,0,0,0,12,12,2039,4692
compact51_marcy__current_roles,2019-07-02 18:00:00,18.4249822209,110.665335491,1,0,0,14,14,3816,6460
compact51_marcy__current_roles,2019-07-02 19:00:00,19.4466415433,121.181754668,1,0,0,9,9,4596,6671
compact51_marcy__current_roles,2019-07-02 20:00:00,20.0488390963,91.8748201015,0,0,0,12,12,5020,5940
compact51_marcy__current_roles,2019-07-02 21:00:00,22.8225187834,137.205729211,1,0,0,16,14,6510,6927
compact51_marcy__current_roles,2019-07-02 22:00:00,21.6193940858,124.069961493,1,0,0,12,12,5945,6736
compact51_marcy__current_roles,2019-07-02 23:00:00,23.4772446907,99.4298464372,0,0,0,12,12,6807,6183
compact51_marcy__current_roles,2019-07-03 00:00:00,14.6928095603,58.5096426221,0,0,0,13,12,1060,2458
compact51_marcy__current_roles,2019-07-03 01:00:00,13.4345903472,57.5141942771,0,0,0,12,12,525,2224
compact51_marcy__current_roles,2019-07-03 02:00:00,12.1227948732,57.4306693556,0,0,0,12,12,154,2203
compact51_marcy__current_roles,2019-07-03 03:00:00,12.874666982,61.5184791284,0,0,0,12,12,347,3173
compact51_marcy__current_roles,2019-07-03 04:00:00,15.0007840231,66.4647878333,0,0,0,12,12,1263,4191
compact51_marcy__current_roles,2019-07-03 05:00:00,25.6195933728,72.1849297445,0,0,0,12,12,7479,4904
compact51_marcy__current_roles,2019-07-03 06:00:00,23.4401977655,72.6449301745,0,0,0,12,12,6789,4944
compact51_marcy__current_roles,2019-07-03 07:00:00,15.1524313121,173.754430483,0,0,0,14,13,1352,7314
compact51_marcy__current_roles,2019-07-03 08:00:00,14.3438711129,572.174917809,1,0,0,12,12,903,8316
compact51_marcy__current_roles,2019-07-03 09:00:00,22.4589739613,280.47149386,1,0,0,12,12,6318,7878
compact51_marcy__current_roles,2019-07-03 10:00:00,18.9704671833,442.055002519,0,0,0,12,12,4251,8182
compact51_marcy__current_roles,2019-07-03 11:00:00,14.2433082716,473.424776092,0,0,0,12,12,854,8215
compact51_marcy__current_roles,2019-07-03 12:00:00,12.8142762911,84.369207658,0,0,0,12,12,328,5694
compact51_marcy__current_roles,2019-07-03 13:00:00,14.2027750863,77.2091282978,0,0,0,12,12,836,5345
compact51_marcy__current_roles,2019-07-03 14:00:00,14.3601021065,79.5638825059,0,0,0,13,13,912,5478
compact51_marcy__current_roles,2019-07-03 15:00:00,14.5039081369,86.5205437868,0,0,0,12,12,970,5771
compact51_marcy__current_roles,2019-07-03 16:00:00,15.123682195,86.212356868,0,0,0,12,12,1331,5763
compact51_marcy__current_roles,2019-07-03 17:00:00,18.1811588329,76.7936576951,0,0,0,12,12,3637,5325
compact51_marcy__current_roles,2019-07-03 18:00:00,19.190698827,102.224945083,1,0,0,12,12,4423,6277
compact51_marcy__current_roles,2019-07-03 19:00:00,20.2245408841,142.637347455,1,0,0,12,12,5136,6994
compact51_marcy__current_roles,2019-07-03 20:00:00,20.7006475593,148.806126758,1,0,0,12,12,5433,7068
compact51_marcy__current_roles,2019-07-03 21:00:00,21.5139333866,108.802653767,1,0,0,12,12,5898,6424
compact51_marcy__current_roles,2019-07-03 22:00:00,17.7472639609,70.8801000895,0,0,0,12,12,3258,4778
compact51_marcy__current_roles,2019-07-03 23:00:00,21.2772837392,54.7706171372,0,0,0,12,12,5759,1612
compact51_marcy__current_roles,2019-07-04 00:00:00,15.7246115574,54.4596900999,0,0,0,12,12,1743,1541
compact51_marcy__current_roles,2019-07-04 01:00:00,11.40283835,53.5676541641,0,0,0,13,13,66,1376
compact51_marcy__current_roles,2019-07-04 02:00:00,12.5210348548,52.5633790924,0,0,0,11,11,244,1178
compact51_marcy__current_roles,2019-07-04 03:00:00,13.6469650666,61.1838634495,0,0,0,12,12,593,3092
compact51_marcy__current_roles,2019-07-04 04:00:00,16.1989318575,59.8894949757,0,0,0,12,12,2080,2795
compact51_marcy__current_roles,2019-07-04 05:00:00,15.7610990537,65.3776466603,0,0,0,12,12,1772,4010
compact51_marcy__current_roles,2019-07-04 06:00:00,17.8816504835,72.2682407333,0,0,0,12,12,3386,4912
compact51_marcy__current_roles,2019-07-04 07:00:00,19.6646985123,68.5997894771,0,0,0,12,12,4762,4504
compact51_marcy__current_roles,2019-07-04 08:00:00,17.0265670397,65.4864172089,0,0,0,12,12,2700,4033
compact51_marcy__current_roles,2019-07-04 09:00:00,18.8960972416,63.4976870031,0,0,0,12,12,4191,3610
compact51_marcy__current_roles,2019-07-04 10:00:00,17.836309707,64.3605375594,0,0,0,12,12,3348,3783
compact51_marcy__current_roles,2019-07-04 11:00:00,16.8601625338,94.0737210869,0,0,0,12,12,2579,6012
compact51_marcy__current_roles,2019-07-04 12:00:00,17.6962073955,92.1395580578,0,0,0,12,12,3219,5950
compact51_marcy__current_roles,2019-07-04 13:00:00,19.6742660921,146.257774969,1,0,0,12,12,4770,7039
compact51_marcy__current_roles,2019-07-04 14:00:00,18.7586989774,163.9328847,1,0,0,12,12,4067,7233
compact51_marcy__current_roles,2019-07-04 15:00:00,19.179407943,133.395173647,1,0,0,12,12,4416,6884
compact51_marcy__current_roles,2019-07-04 16:00:00,17.3338397972,96.2321836057,0,0,0,12,12,2955,6094
compact51_marcy__current_roles,2019-07-04 17:00:00,13.8494322937,75.1514525654,0,0,0,12,12,678,5191
compact51_marcy__current_roles,2019-07-04 18:00:00,14.5403186279,74.6950866764,0,0,0,12,12,986,5149
compact51_marcy__current_roles,2019-07-04 19:00:00,17.7735946509,173.120441415,1,0,0,12,12,3286,7308
compact51_marcy__current_roles,2019-07-04 20:00:00,19.5124247171,120.311631356,1,0,0,12,12,4659,6646
compact51_marcy__current_roles,2019-07-04 21:00:00,15.3650496044,103.925556059,1,0,0,12,12,1510,6321
compact51_marcy__current_roles,2019-07-04 22:00:00,11.6093979002,56.0527655388,0,0,0,13,13,86,1884
compact51_marcy__current_roles,2019-07-04 23:00:00,15.9751928903,46.2515198442,0,0,0,11,11,1925,322
compact51_marcy__current_roles,2019-07-05 00:00:00,12.3132423813,47.1209640256,0,0,0,12,12,200,393
compact51_marcy__current_roles,2019-07-05 01:00:00,11.765277302,51.4117354451,0,0,0,12,12,106,965
compact51_marcy__current_roles,2019-07-05 02:00:00,11.6130551585,56.8920788837,0,0,0,12,12,87,2081
compact51_marcy__current_roles,2019-07-05 03:00:00,11.4118106871,54.9410649294,0,0,0,12,12,67,1649
compact51_marcy__current_roles,2019-07-05 04:00:00,17.1569241028,57.4571918447,0,0,0,12,12,2803,2208
compact51_marcy__current_roles,2019-07-05 05:00:00,24.1205983772,67.0724744087,0,0,0,12,12,7039,4299
compact51_marcy__current_roles,2019-07-05 06:00:00,19.2802083174,74.300464794,0,0,0,12,12,4478,5121
compact51_marcy__current_roles,2019-07-05 07:00:00,13.3570562949,66.0412953817,0,0,0,12,12,506,4126
compact51_marcy__current_roles,2019-07-05 08:00:00,16.4354845531,69.2251535454,0,0,0,12,12,2278,4582
compact51_marcy__current_roles,2019-07-05 09:00:00,20.189940885,91.7323869006,0,0,0,12,12,5104,5933
compact51_marcy__current_roles,2019-07-05 10:00:00,21.0058591084,283.984133601,1,0,0,12,12,5617,7888
compact51_marcy__current_roles,2019-07-05 11:00:00,18.8430411626,1088.54679214,1,0,0,12,12,4141,8512
compact51_marcy__current_roles,2019-07-05 12:00:00,19.4084365138,129898.452982,0,0,0,12,12,4561,8758
compact51_marcy__current_roles,2019-07-05 13:00:00,19.8812989402,1488.1744606,0,0,0,12,12,4895,8572
compact51_marcy__current_roles,2019-07-05 14:00:00,20.3736213798,2455.57400357,1,0,0,12,12,5233,8650
compact51_marcy__current_roles,2019-07-05 15:00:00,20.2314404931,223.929356789,1,0,0,12,12,5139,7636
compact51_marcy__current_roles,2019-07-05 16:00:00,20.9745757535,78.3484680503,0,0,0,12,12,5596,5417
compact51_marcy__current_roles,2019-07-05 17:00:00,20.7241389029,92.7706614729,0,0,0,12,12,5446,5971
compact51_marcy__current_roles,2019-07-05 18:00:00,19.3513335005,83.777784779,0,0,0,12,12,4530,5673
compact51_marcy__current_roles,2019-07-05 19:00:00,25.732673899,161.727641259,1,0,0,12,12,7508,7209
compact51_marcy__current_roles,2019-07-05 20:00:00,22.5760616747,274.983913194,1,0,0,12,12,6387,7852
compact51_marcy__current_roles,2019-07-05 21:00:00,15.9896189623,180.239367328,1,0,0,12,12,1937,7359
compact51_marcy__current_roles,2019-07-05 22:00:00,15.1011104532,72.8524636352,0,0,0,12,12,1319,4959
compact51_marcy__current_roles,2019-07-05 23:00:00,19.8419212617,69.7101781142,0,0,0,12,12,4867,4639
compact51_marcy__current_roles,2019-07-06 00:00:00,16.2573585658,52.8078194267,0,0,0,11,11,2123,1226
compact51_marcy__current_roles,2019-07-06 01:00:00,14.3163082759,43.6494734938,0,0,0,12,12,890,146
compact51_marcy__current_roles,2019-07-06 02:00:00,12.8088313556,52.5082424541,0,0,0,12,12,326,1165
compact51_marcy__current_roles,2019-07-06 03:00:00,11.761483976,52.8140597404,0,0,0,12,12,105,1229
compact51_marcy__current_roles,2019-07-06 04:00:00,12.7948081917,51.510341209,0,0,0,12,12,322,990
compact51_marcy__current_roles,2019-07-06 05:00:00,14.411532137,56.971272291,0,0,0,12,12,927,2092
compact51_marcy__current_roles,2019-07-06 06:00:00,19.4721516515,67.5111623007,0,0,0,12,12,4619,4361
compact51_marcy__current_roles,2019-07-06 07:00:00,25.7932337855,72.3675118436,0,0,0,12,12,7523,4918
compact51_marcy__current_roles,2019-07-06 08:00:00,20.4588927721,61.5160382719,0,0,0,12,12,5281,3171
compact51_marcy__current_roles,2019-07-06 09:00:00,19.2916303584,54.2735801593,0,0,0,12,12,4485,1503
compact51_marcy__current_roles,2019-07-06 10:00:00,21.5258513916,61.2965374406,0,0,0,12,12,5903,3122
compact51_marcy__current_roles,2019-07-06 11:00:00,20.8497831319,53.7596803013,0,0,0,12,12,5533,1415
compact51_marcy__current_roles,2019-07-06 12:00:00,26.0738604459,48.0166574585,0,0,0,12,12,7589,484
compact51_marcy__current_roles,2019-07-06 13:00:00,21.5158407083,52.5370541111,0,0,0,12,12,5900,1168
compact51_marcy__current_roles,2019-07-06 14:00:00,26.5370868601,55.6841030374,0,0,0,12,12,7702,1807
compact51_marcy__current_roles,2019-07-06 15:00:00,22.3131812605,51.5464441268,0,0,0,12,12,6262,996
compact51_marcy__current_roles,2019-07-06 16:00:00,24.1678371263,94.6319122038,0,0,0,12,12,7055,6039
compact51_marcy__current_roles,2019-07-06 17:00:00,22.1386100192,75.6398901129,0,0,0,12,12,6190,5234
compact51_marcy__current_roles,2019-07-06 18:00:00,26.8743422312,121.193994778,1,0,0,12,12,7773,6673
compact51_marcy__current_roles,2019-07-06 19:00:00,29.7627375687,196.419056084,1,0,0,18,18,8230,7476
compact51_marcy__current_roles,2019-07-06 20:00:00,28.9509948085,159.650416337,1,0,0,11,11,8121,7190
compact51_marcy__current_roles,2019-07-06 21:00:00,23.5335003873,119.125652085,1,0,0,12,12,6834,6623
compact51_marcy__current_roles,2019-07-06 22:00:00,22.7041449671,112.57412961,1,0,0,12,12,6451,6503
compact51_marcy__current_roles,2019-07-06 23:00:00,18.5620920205,60.9947480566,0,0,0,12,12,3922,3046
compact51_marcy__current_roles,2019-07-07 00:00:00,15.8408077982,71.2919760925,0,0,0,12,12,1815,4820
compact51_marcy__current_roles,2019-07-07 01:00:00,11.0922447449,58.4205849905,0,0,0,12,12,39,2435
compact51_marcy__current_roles,2019-07-07 02:00:00,13.0372629591,62.2571311344,0,0,0,12,12,395,3333
compact51_marcy__current_roles,2019-07-07 03:00:00,14.561720912,63.0208998574,0,0,0,12,12,1000,3506
compact51_marcy__current_roles,2019-07-07 04:00:00,15.8577484433,60.5355261432,0,0,0,12,12,1827,2929
compact51_marcy__current_roles,2019-07-07 05:00:00,16.8598026308,60.5310446421,0,0,0,12,12,2578,2927
compact51_marcy__current_roles,2019-07-07 06:00:00,20.3694942764,65.2091759586,0,0,0,12,12,5230,3977
compact51_marcy__current_roles,2019-07-07 07:00:00,16.5486759286,68.6383832901,0,0,0,12,12,2351,4509
compact51_marcy__current_roles,2019-07-07 08:00:00,21.2491767427,72.7595159218,0,0,0,12,12,5747,4949
compact51_marcy__current_roles,2019-07-07 09:00:00,18.4330307799,69.4143995313,0,0,0,12,12,3821,4603
compact51_marcy__current_roles,2019-07-07 10:00:00,20.2881363576,76.0829174956,0,0,0,12,12,5170,5269
compact51_marcy__current_roles,2019-07-07 11:00:00,18.9720498749,73.6028232942,0,0,0,12,12,4254,5044
compact51_marcy__current_roles,2019-07-07 12:00:00,16.6708193194,69.0658332219,0,0,0,12,12,2436,4567
compact51_marcy__current_roles,2019-07-07 13:00:00,16.3808834032,68.1127003565,0,0,0,12,12,2221,4440
compact51_marcy__current_roles,2019-07-07 14:00:00,14.8021871025,64.8334252822,0,0,0,12,12,1133,3893
compact51_marcy__current_roles,2019-07-07 15:00:00,15.8633825743,62.8601057688,0,0,0,12,12,1830,3468
compact51_marcy__current_roles,2019-07-07 16:00:00,17.1540920588,65.4590998291,0,0,0,12,12,2801,4028
compact51_marcy__current_roles,2019-07-07 17:00:00,16.4228305152,57.9349211115,0,0,0,12,12,2264,2332
compact51_marcy__current_roles,2019-07-07 18:00:00,15.7964556591,53.632612618,0,0,0,12,12,1793,1388
compact51_marcy__current_roles,2019-07-07 19:00:00,17.0145987119,51.0679096989,0,0,0,12,12,2689,915
compact51_marcy__current_roles,2019-07-07 20:00:00,19.6802882358,57.1222637139,0,0,0,12,12,4773,2122
compact51_marcy__current_roles,2019-07-07 21:00:00,18.5236517653,58.2581613003,0,0,0,12,12,3890,2401
compact51_marcy__current_roles,2019-07-07 22:00:00,14.0908123401,59.3868267004,0,0,0,12,12,780,2683
compact51_marcy__current_roles,2019-07-07 23:00:00,18.2608133992,53.5117201072,0,0,0,12,12,3695,1371
compact51_marcy__current_roles,2019-07-08 00:00:00,19.2547188862,57.3936089948,0,0,0,12,12,4467,2196
compact51_marcy__current_roles,2019-07-08 01:00:00,17.0532686079,59.6227751686,0,0,0,12,12,2717,2725
compact51_marcy__current_roles,2019-07-08 02:00:00,11.7880514509,59.3010706054,0,0,0,12,12,109,2661
compact51_marcy__current_roles,2019-07-08 03:00:00,13.5991147632,56.2676337897,0,0,0,12,12,579,1932
compact51_marcy__current_roles,2019-07-08 04:00:00,18.4595455812,57.9820675736,0,0,0,12,12,3846,2340
compact51_marcy__current_roles,2019-07-08 05:00:00,26.7966526,75.90816099,0,0,0,12,12,7751,5257
compact51_marcy__current_roles,2019-07-08 06:00:00,20.0128095467,89.7812997683,0,0,0,12,12,4987,5878
compact51_marcy__current_roles,2019-07-08 07:00:00,12.7358390297,60.5317191623,0,0,0,12,12,300,2928
compact51_marcy__current_roles,2019-07-08 08:00:00,13.5375328561,67.445702348,0,0,0,12,12,559,4354
compact51_marcy__current_roles,2019-07-08 09:00:00,13.2521588896,63.7857390373,0,0,0,12,12,464,3661
compact51_marcy__current_roles,2019-07-08 10:00:00,12.6757491817,65.1792230897,0,0,0,12,12,285,3970
compact51_marcy__current_roles,2019-07-08 11:00:00,15.064961337,66.9707184575,0,0,0,12,12,1303,4287
compact51_marcy__current_roles,2019-07-08 12:00:00,15.4931439438,88.1050342098,0,0,0,12,12,1602,5816
compact51_marcy__current_roles,2019-07-08 13:00:00,15.674401321,90.1120090169,0,0,0,13,12,1708,5890
compact51_marcy__current_roles,2019-07-08 14:00:00,14.8870166445,148.166844219,1,0,0,12,12,1181,7063
compact51_marcy__current_roles,2019-07-08 15:00:00,14.6831779206,73.0751366443,0,0,0,12,12,1054,4987
compact51_marcy__current_roles,2019-07-08 16:00:00,16.7326203058,77.2251661433,0,0,0,14,13,2481,5347
compact51_marcy__current_roles,2019-07-08 17:00:00,15.8890352769,72.0177772583,0,0,0,12,12,1854,4888
compact51_marcy__current_roles,2019-07-08 18:00:00,13.2089999277,66.6446912664,0,0,0,12,12,448,4221
compact51_marcy__current_roles,2019-07-08 19:00:00,17.7606282782,69.8235689788,0,0,0,12,12,3275,4654
compact51_marcy__current_roles,2019-07-08 20:00:00,21.4098632442,93.5785221443,0,0,0,12,12,5839,5998
compact51_marcy__current_roles,2019-07-08 21:00:00,16.7780098847,57.7218134006,0,0,0,12,12,2514,2271
compact51_marcy__current_roles,2019-07-08 22:00:00,18.7672705862,63.4446518121,0,0,0,12,12,4076,3597
compact51_marcy__current_roles,2019-07-08 23:00:00,24.7472623488,160.321962754,0,0,0,12,12,7232,7192
compact51_marcy__current_roles,2019-07-09 00:00:00,16.8058668272,50.2490388926,0,0,0,12,12,2541,780
compact51_marcy__current_roles,2019-07-09 01:00:00,15.9970164684,54.5520458464,0,0,0,12,12,1942,1565
compact51_marcy__current_roles,2019-07-09 02:00:00,13.1106454914,48.9272374295,0,0,0,12,12,419,602
compact51_marcy__current_roles,2019-07-09 03:00:00,11.8210112153,44.8612251994,0,0,0,12,12,115,222
compact51_marcy__current_roles,2019-07-09 04:00:00,14.5247712674,46.3169269813,0,0,0,12,12,978,330
compact51_marcy__current_roles,2019-07-09 05:00:00,23.0011108415,56.4520768688,0,0,0,12,12,6589,1965
compact51_marcy__current_roles,2019-07-09 06:00:00,22.9635468455,71.1818204272,0,0,0,12,12,6575,4806
compact51_marcy__current_roles,2019-07-09 07:00:00,21.8936086892,100.148016762,0,0,0,12,12,6088,6208
compact51_marcy__current_roles,2019-07-09 08:00:00,16.3784203341,69.7259497664,0,0,0,12,12,2218,4641
compact51_marcy__current_roles,2019-07-09 09:00:00,15.498487719,72.3026517942,0,0,0,12,12,1606,4915
compact51_marcy__current_roles,2019-07-09 10:00:00,15.5670202115,71.2098811442,0,0,0,12,12,1650,4808
compact51_marcy__current_roles,2019-07-09 11:00:00,16.0084081147,76.6587423125,0,0,0,12,12,1949,5316
compact51_marcy__current_roles,2019-07-09 12:00:00,18.4330558777,68.4333792026,0,0,0,12,12,3822,4482
compact51_marcy__current_roles,2019-07-09 13:00:00,17.2563440763,76.339517771,0,0,0,12,12,2891,5290
compact51_marcy__current_roles,2019-07-09 14:00:00,18.982105497,93.2826112864,0,0,0,12,12,4266,5990
compact51_marcy__current_roles,2019-07-09 15:00:00,14.6669931191,69.4248724947,0,0,0,12,12,1046,4605
compact51_marcy__current_roles,2019-07-09 16:00:00,13.2667182241,68.1105369864,0,0,0,12,12,469,4439
compact51_marcy__current_roles,2019-07-09 17:00:00,14.4077301133,72.1967000313,0,0,0,12,12,926,4906
compact51_marcy__current_roles,2019-07-09 18:00:00,19.4904181169,62.3643525315,0,0,0,12,12,4635,3362
compact51_marcy__current_roles,2019-07-09 19:00:00,24.1958371226,59.3695186066,0,0,0,12,12,7063,2678
compact51_marcy__current_roles,2019-07-09 20:00:00,23.6889075767,77.7809302027,0,0,0,12,12,6907,5383
compact51_marcy__current_roles,2019-07-09 21:00:00,27.2992384234,80.4031511434,0,0,0,12,12,7864,5513
compact51_marcy__current_roles,2019-07-09 22:00:00,22.6011373413,62.3373783721,0,0,0,12,12,6398,3354
compact51_marcy__current_roles,2019-07-09 23:00:00,25.2352655579,48.4708474148,0,0,0,12,12,7373,553
compact51_marcy__current_roles,2019-07-10 00:00:00,17.0837041217,51.0886501512,0,0,0,12,12,2748,920
compact51_marcy__current_roles,2019-07-10 01:00:00,14.6101101531,49.5152621524,0,0,0,12,12,1024,669
compact51_marcy__current_roles,2019-07-10 02:00:00,13.686124367,47.9210260108,0,0,0,12,12,611,476
compact51_marcy__current_roles,2019-07-10 03:00:00,11.3699628124,47.4251896982,0,0,0,12,12,61,426
compact51_marcy__current_roles,2019-07-10 04:00:00,13.5000357868,52.6581539225,0,0,0,12,12,549,1198
compact51_marcy__current_roles,2019-07-10 05:00:00,21.3418329232,81.3797250811,0,0,0,13,13,5795,5574
compact51_marcy__current_roles,2019-07-10 06:00:00,17.0067118307,71.7811571768,0,0,0,12,12,2680,4870
compact51_marcy__current_roles,2019-07-10 07:00:00,12.7241126916,61.069632413,0,0,0,12,12,295,3064
compact51_marcy__current_roles,2019-07-10 08:00:00,16.2203152884,66.3197066432,0,0,0,12,12,2098,4168
compact51_marcy__current_roles,2019-07-10 09:00:00,15.9246869264,161.147707648,1,0,0,13,13,1894,7202
compact51_marcy__current_roles,2019-07-10 10:00:00,16.6246969032,378.701449203,1,0,0,13,13,2408,8110
compact51_marcy__current_roles,2019-07-10 11:00:00,18.3691589209,209.915324372,0,0,0,12,11,3783,7563
compact51_marcy__current_roles,2019-07-10 12:00:00,19.2099580717,180.395785999,0,0,0,12,12,4437,7362
compact51_marcy__current_roles,2019-07-10 13:00:00,17.9570882118,65.264896271,0,0,0,15,14,3453,3988
compact51_marcy__current_roles,2019-07-10 14:00:00,19.409353368,64.4674971187,0,0,0,12,12,4562,3807
compact51_marcy__current_roles,2019-07-10 15:00:00,20.7173143445,71.8074327066,0,0,0,12,12,5442,4872
compact51_marcy__current_roles,2019-07-10 16:00:00,22.8467759959,68.8001881981,0,0,0,12,12,6520,4526
compact51_marcy__current_roles,2019-07-10 17:00:00,25.2387701277,76.4776948365,0,0,0,11,11,7376,5303
compact51_marcy__current_roles,2019-07-10 18:00:00,25.2359084319,64.1341785111,0,0,0,12,12,7374,3735
compact51_marcy__current_roles,2019-07-10 19:00:00,29.1868827929,94.6142353161,0,0,0,13,13,8156,6037
compact51_marcy__current_roles,2019-07-10 20:00:00,30.0192775451,138.225514173,0,0,0,12,12,8269,6936
compact51_marcy__current_roles,2019-07-10 21:00:00,29.4776946476,8651.4458313,0,0,0,12,12,8195,8733
compact51_marcy__current_roles,2019-07-10 22:00:00,28.4452882624,1612.69471922,1,0,0,12,12,8036,8583
compact51_marcy__current_roles,2019-07-10 23:00:00,24.1492356826,326.670458472,0,0,0,12,12,7048,8003
compact51_marcy__current_roles,2019-07-11 00:00:00,23.4696144027,474.032832303,0,0,0,12,12,6801,8218
compact51_marcy__current_roles,2019-07-11 01:00:00,17.8439355236,247.497710436,0,0,0,12,12,3355,7758
compact51_marcy__current_roles,2019-07-11 02:00:00,18.8902462678,339.917589451,0,0,0,12,12,4180,8032
compact51_marcy__current_roles,2019-07-11 03:00:00,20.8047952346,196.254454543,0,0,0,12,12,5502,7474
compact51_marcy__current_roles,2019-07-11 04:00:00,21.8777643179,128.959478186,0,0,0,12,12,6079,6824
compact51_marcy__current_roles,2019-07-11 05:00:00,22.0804787289,70.1177562026,0,0,0,12,12,6159,4701
compact51_marcy__current_roles,2019-07-11 06:00:00,22.4767504059,63.9500238272,0,0,0,12,12,6335,3696
compact51_marcy__current_roles,2019-07-11 07:00:00,18.9360035134,217.43278031,1,0,0,12,12,4223,7604
compact51_marcy__current_roles,2019-07-11 08:00:00,19.3064871628,208.948728172,1,0,0,12,12,4498,7557
compact51_marcy__current_roles,2019-07-11 09:00:00,20.1753710939,196.976503689,1,0,0,12,12,5093,7480
compact51_marcy__current_roles,2019-07-11 10:00:00,19.9708759483,367.685268406,1,0,0,12,12,4956,8095
compact51_marcy__current_roles,2019-07-11 11:00:00,17.4629037864,224.201096369,1,0,0,12,12,3045,7637
compact51_marcy__current_roles,2019-07-11 12:00:00,20.019168227,200.149137298,1,0,0,12,12,4991,7503
compact51_marcy__current_roles,2019-07-11 13:00:00,20.4651967939,204.568608845,1,0,0,12,12,5285,7532
compact51_marcy__current_roles,2019-07-11 14:00:00,20.6925908401,266.11381019,1,0,0,12,12,5426,7826
compact51_marcy__current_roles,2019-07-11 15:00:00,22.227481135,156.854110169,0,0,0,15,14,6223,7164
compact51_marcy__current_roles,2019-07-11 16:00:00,23.9059859638,81.8740210655,0,0,0,11,11,6971,5595
compact51_marcy__current_roles,2019-07-11 17:00:00,23.9974596523,81.7653748948,0,0,0,12,12,7002,5590
compact51_marcy__current_roles,2019-07-11 18:00:00,19.0332613563,940.72345975,0,0,0,12,12,4308,8479
compact51_marcy__current_roles,2019-07-11 19:00:00,21.679549184,467.381470336,0,0,0,12,11,5969,8207
compact51_marcy__current_roles,2019-07-11 20:00:00,21.8773537763,304.582293468,0,0,0,12,12,6078,7945
compact51_marcy__current_roles,2019-07-11 21:00:00,36.541988991,304.68376675,1,0,0,12,12,8639,7946
compact51_marcy__current_roles,2019-07-11 22:00:00,36.9600982337,227.895825463,1,0,0,11,11,8654,7659
compact51_marcy__current_roles,2019-07-11 23:00:00,30.5404668236,2215.71260369,1,0,0,12,12,8335,8635
compact51_marcy__current_roles,2019-07-12 00:00:00,27.9187932303,838.909729407,1,0,0,12,12,7970,8450
compact51_marcy__current_roles,2019-07-12 01:00:00,20.0220851898,391.055030582,1,0,0,12,12,4998,8122
compact51_marcy__current_roles,2019-07-12 02:00:00,16.6665229684,246.834602157,1,0,0,12,12,2432,7753
compact51_marcy__current_roles,2019-07-12 03:00:00,18.2028966587,237.080419892,1,0,0,12,12,3653,7712
compact51_marcy__current_roles,2019-07-12 04:00:00,17.9226391444,181.271599821,1,0,0,12,12,3415,7370
compact51_marcy__current_roles,2019-07-12 05:00:00,22.4250009255,186.392424361,1,0,0,12,12,6304,7400
compact51_marcy__current_roles,2019-07-12 06:00:00,21.5044048005,744.691717549,1,0,0,12,12,5894,8417
compact51_marcy__current_roles,2019-07-12 07:00:00,17.1882033687,107.331792941,1,0,0,12,12,2832,6392
compact51_marcy__current_roles,2019-07-12 08:00:00,17.445782438,62.9205991283,0,0,0,12,12,3030,3485
compact51_marcy__current_roles,2019-07-12 09:00:00,17.4386690866,83.6638241296,0,0,0,15,14,3025,5667
compact51_marcy__current_roles,2019-07-12 10:00:00,14.5358057173,66.6271299199,0,0,0,10,10,984,4218
compact51_marcy__current_roles,2019-07-12 11:00:00,14.0981617205,61.5139223803,0,0,0,12,12,783,3169
compact51_marcy__current_roles,2019-07-12 12:00:00,14.4201857589,61.2351049377,0,0,0,12,12,932,3106
compact51_marcy__current_roles,2019-07-12 13:00:00,15.4297753221,64.1043088027,0,0,0,12,12,1559,3728
compact51_marcy__current_roles,2019-07-12 14:00:00,15.9447997566,71.7722528055,0,0,0,13,12,1908,4867
compact51_marcy__current_roles,2019-07-12 15:00:00,17.7790425285,74.8771413273,0,0,0,12,12,3292,5162
compact51_marcy__current_roles,2019-07-12 16:00:00,20.9376195875,75.8796393038,0,0,0,12,12,5578,5254
compact51_marcy__current_roles,2019-07-12 17:00:00,19.0756147478,59.0908479871,0,0,0,12,12,4343,2614
compact51_marcy__current_roles,2019-07-12 18:00:00,18.8967100434,53.175967424,0,0,0,12,12,4192,1305
compact51_marcy__current_roles,2019-07-12 19:00:00,17.4803034951,53.6914564813,0,0,0,13,13,3059,1398
compact51_marcy__current_roles,2019-07-12 20:00:00,18.1865907844,51.7705149755,0,0,0,12,12,3645,1040
compact51_marcy__current_roles,2019-07-12 21:00:00,19.102141092,51.6306050215,0,0,0,12,12,4362,1014
compact51_marcy__current_roles,2019-07-12 22:00:00,17.1851326866,54.7252683731,0,0,0,12,12,2827,1603
compact51_marcy__current_roles,2019-07-12 23:00:00,20.214135836,47.2139817697,0,0,0,12,12,5129,406
compact51_marcy__current_roles,2019-07-13 00:00:00,15.0603216948,45.1745892334,0,0,0,12,12,1302,238
compact51_marcy__current_roles,2019-07-13 01:00:00,14.7754494653,53.1163615582,0,0,0,12,12,1108,1286
compact51_marcy__current_roles,2019-07-13 02:00:00,12.9321942999,52.8059078384,0,0,0,12,12,357,1225
compact51_marcy__current_roles,2019-07-13 03:00:00,12.5023416724,49.0017957847,0,0,0,12,12,243,609
compact51_marcy__current_roles,2019-07-13 04:00:00,12.8479384231,47.2779907674,0,0,0,12,12,338,410
compact51_marcy__current_roles,2019-07-13 05:00:00,14.7248027267,48.5039226421,0,0,0,12,12,1079,561
compact51_marcy__current_roles,2019-07-13 06:00:00,20.6883032845,51.8351142895,0,0,0,12,12,5424,1051
compact51_marcy__current_roles,2019-07-13 07:00:00,19.0592551174,62.1506494276,0,0,0,12,12,4324,3312
compact51_marcy__current_roles,2019-07-13 08:00:00,20.6455250854,71.5336728148,0,0,0,12,12,5390,4844
compact51_marcy__current_roles,2019-07-13 09:00:00,18.3714218625,63.0166302206,0,0,0,12,12,3786,3505
compact51_marcy__current_roles,2019-07-13 10:00:00,16.6898088792,65.6947902597,0,0,0,12,12,2449,4061
compact51_marcy__current_roles,2019-07-13 11:00:00,16.663062264,69.8322288031,0,0,0,12,12,2427,4658
compact51_marcy__current_roles,2019-07-13 12:00:00,15.3888717469,61.9614902459,0,0,0,12,12,1530,3271
compact51_marcy__current_roles,2019-07-13 13:00:00,16.7232555858,60.6227951171,0,0,0,12,12,2474,2953
compact51_marcy__current_roles,2019-07-13 14:00:00,17.6355351358,61.8755266743,0,0,0,12,12,3179,3252
compact51_marcy__current_roles,2019-07-13 15:00:00,19.3805184032,61.8900241361,0,0,0,12,12,4544,3255
compact51_marcy__current_roles,2019-07-13 16:00:00,19.5540353403,61.9389576118,0,0,0,12,12,4683,3267
compact51_marcy__current_roles,2019-07-13 17:00:00,20.3623656504,59.2337689489,0,0,0,12,12,5222,2647
compact51_marcy__current_roles,2019-07-13 18:00:00,24.4423084111,48.813493564,0,0,0,12,12,7154,589
compact51_marcy__current_roles,2019-07-13 19:00:00,21.4112500085,50.4583006597,0,0,0,10,10,5840,808
compact51_marcy__current_roles,2019-07-13 20:00:00,22.2200872574,54.3989934611,0,0,0,14,14,6220,1526
compact51_marcy__current_roles,2019-07-13 21:00:00,24.1637298022,71.523014421,0,0,0,9,9,7052,4842
compact51_marcy__current_roles,2019-07-13 22:00:00,19.3438523111,50.6754501797,0,0,0,12,12,4525,850
compact51_marcy__current_roles,2019-07-13 23:00:00,20.0448043203,50.8703581346,0,0,0,12,12,5016,882
compact51_marcy__current_roles,2019-07-14 00:00:00,19.0102694591,52.6142098725,0,0,0,12,12,4286,1187
compact51_marcy__current_roles,2019-07-14 01:00:00,13.5663272009,54.3185603686,0,0,0,13,13,567,1514
compact51_marcy__current_roles,2019-07-14 02:00:00,15.1857561219,52.5339097232,0,0,0,12,12,1381,1167
compact51_marcy__current_roles,2019-07-14 03:00:00,17.5911654236,56.2290436017,0,0,0,12,12,3145,1924
compact51_marcy__current_roles,2019-07-14 04:00:00,18.1241012482,54.8963199689,0,0,0,12,12,3591,1638
compact51_marcy__current_roles,2019-07-14 05:00:00,17.2758618941,54.8918926813,0,0,0,12,12,2911,1637
compact51_marcy__current_roles,2019-07-14 06:00:00,19.7860729233,57.6027215715,0,0,0,12,12,4836,2242
compact51_marcy__current_roles,2019-07-14 07:00:00,22.1692473361,65.9078621912,0,0,0,12,12,6204,4101
compact51_marcy__current_roles,2019-07-14 08:00:00,21.0647071242,72.199854572,0,0,0,12,12,5654,4908
compact51_marcy__current_roles,2019-07-14 09:00:00,19.6894012622,74.8210317176,0,0,0,12,12,4780,5159
compact51_marcy__current_roles,2019-07-14 10:00:00,16.3656990808,64.802802594,0,0,0,12,12,2214,3882
compact51_marcy__current_roles,2019-07-14 11:00:00,16.1140435624,56.2396424183,0,0,0,12,12,2027,1926
compact51_marcy__current_roles,2019-07-14 12:00:00,17.6101140681,55.4420852236,0,0,0,12,12,3161,1755
compact51_marcy__current_roles,2019-07-14 13:00:00,19.0119032257,55.8208968307,0,0,0,12,12,4288,1831
compact51_marcy__current_roles,2019-07-14 14:00:00,15.4335512011,61.2252757492,0,0,0,12,12,1563,3099
compact51_marcy__current_roles,2019-07-14 15:00:00,16.0781737531,62.2435434824,0,0,0,13,12,1999,3331
compact51_marcy__current_roles,2019-07-14 16:00:00,16.4643345398,58.9546908887,0,0,0,12,12,2294,2582
compact51_marcy__current_roles,2019-07-14 17:00:00,19.4031087635,61.4387793483,0,0,0,12,12,4557,3149
compact51_marcy__current_roles,2019-07-14 18:00:00,19.2017915067,62.693969283,0,0,0,12,12,4434,3427
compact51_marcy__current_roles,2019-07-14 19:00:00,23.0994258139,53.122927211,0,0,0,12,12,6635,1288
compact51_marcy__current_roles,2019-07-14 20:00:00,22.0772876707,50.0346124311,0,0,0,12,12,6157,745
compact51_marcy__current_roles,2019-07-14 21:00:00,19.4618999933,51.4182633531,0,0,0,12,12,4614,966
compact51_marcy__current_roles,2019-07-14 22:00:00,19.5936372162,47.1751797747,0,0,0,12,12,4708,398
compact51_marcy__current_roles,2019-07-14 23:00:00,21.5680215951,55.6539389191,0,0,0,12,12,5923,1797
compact51_marcy__current_roles,2019-07-15 00:00:00,12.8183027245,57.0722456664,0,0,0,12,12,331,2111
compact51_marcy__current_roles,2019-07-15 01:00:00,13.410548019,62.3365794341,0,0,0,12,12,517,3353
compact51_marcy__current_roles,2019-07-15 02:00:00,14.5317530091,57.8222980645,0,0,0,12,12,980,2302
compact51_marcy__current_roles,2019-07-15 03:00:00,18.1007835266,58.5953108283,0,0,0,12,12,3574,2487
compact51_marcy__current_roles,2019-07-15 04:00:00,21.7336222103,58.2484662282,0,0,0,12,12,5995,2396
compact51_marcy__current_roles,2019-07-15 05:00:00,30.0635942675,77.9965177576,0,0,0,12,12,8278,5398
compact51_marcy__current_roles,2019-07-15 06:00:00,24.2097449508,69.4466661369,0,0,0,13,13,7072,4608
compact51_marcy__current_roles,2019-07-15 07:00:00,18.8553618452,71.5304369047,0,0,0,12,12,4148,4843
compact51_marcy__current_roles,2019-07-15 08:00:00,17.1102359987,72.4255749282,0,0,0,12,12,2765,4924
compact51_marcy__current_roles,2019-07-15 09:00:00,17.5083524353,73.556516672,0,0,0,12,12,3082,5040
compact51_marcy__current_roles,2019-07-15 10:00:00,20.6936955898,150.15175081,1,0,0,14,13,5428,7087
compact51_marcy__current_roles,2019-07-15 11:00:00,20.2553028525,340.744294777,1,0,0,12,12,5152,8037
compact51_marcy__current_roles,2019-07-15 12:00:00,19.0280673161,296.316570269,1,0,0,12,12,4305,7926
compact51_marcy__current_roles,2019-07-15 13:00:00,17.4234194144,478.181324338,1,0,0,12,12,3019,8221
compact51_marcy__current_roles,2019-07-15 14:00:00,17.6796303489,79.700418744,0,0,0,12,12,3206,5489
compact51_marcy__current_roles,2019-07-15 15:00:00,17.9428241626,152.574081171,0,0,0,12,12,3438,7112
compact51_marcy__current_roles,2019-07-15 16:00:00,17.5925564485,393.120464538,0,0,0,12,12,3147,8125
compact51_marcy__current_roles,2019-07-15 17:00:00,18.4024411369,185.010364638,1,0,0,12,12,3801,7391
compact51_marcy__current_roles,2019-07-15 18:00:00,22.6141343035,230.890587455,1,0,0,12,12,6405,7670
compact51_marcy__current_roles,2019-07-15 19:00:00,24.9963021428,119.286955416,1,0,0,12,12,7318,6627
compact51_marcy__current_roles,2019-07-15 20:00:00,19.8623562256,83.5936651306,0,0,0,12,12,4884,5663
compact51_marcy__current_roles,2019-07-15 21:00:00,21.6708303105,68.9072827004,0,0,0,12,12,5968,4542
compact51_marcy__current_roles,2019-07-15 22:00:00,19.9750711045,61.3263986493,0,0,0,12,12,4959,3128
compact51_marcy__current_roles,2019-07-15 23:00:00,21.5096819547,52.3299024531,0,0,0,12,12,5896,1130
compact51_marcy__current_roles,2019-07-16 00:00:00,10.6234836248,57.3160250854,0,0,0,12,12,21,2169
compact51_marcy__current_roles,2019-07-16 01:00:00,11.948641081,61.6896903877,0,0,0,12,12,130,3216
compact51_marcy__current_roles,2019-07-16 02:00:00,13.2776551351,63.3741915651,0,0,0,12,12,473,3580
compact51_marcy__current_roles,2019-07-16 03:00:00,13.8228082419,58.0092741042,0,0,0,12,12,667,2346
compact51_marcy__current_roles,2019-07-16 04:00:00,16.8945382958,59.5244381461,0,0,0,12,12,2599,2702
compact51_marcy__current_roles,2019-07-16 05:00:00,19.7829589769,64.1747864957,0,0,0,12,12,4833,3742
compact51_marcy__current_roles,2019-07-16 06:00:00,17.073055384,64.8231486364,0,0,0,12,12,2738,3886
compact51_marcy__current_roles,2019-07-16 07:00:00,13.2595724713,60.6726504144,0,0,0,12,12,468,2962
compact51_marcy__current_roles,2019-07-16 08:00:00,21.5302011074,72.7094928522,0,0,0,12,12,5906,4946
compact51_marcy__current_roles,2019-07-16 09:00:00,18.8352400978,227.694161072,1,0,0,13,12,4128,7655
compact51_marcy__current_roles,2019-07-16 10:00:00,22.102004281,488.012825584,1,0,0,12,12,6170,8233
compact51_marcy__current_roles,2019-07-16 11:00:00,18.167389158,90.6714512085,0,0,0,12,12,3627,5899
compact51_marcy__current_roles,2019-07-16 12:00:00,15.3884276337,70.2531175196,0,0,0,12,12,1529,4715
compact51_marcy__current_roles,2019-07-16 13:00:00,17.2726920703,92.9574191825,0,0,0,13,13,2908,5980
compact51_marcy__current_roles,2019-07-16 14:00:00,19.7440533402,332.756670413,0,0,0,13,13,4812,8016
compact51_marcy__current_roles,2019-07-16 15:00:00,18.280540886,1204.10336957,0,0,0,11,11,3713,8538
compact51_marcy__current_roles,2019-07-16 16:00:00,18.6531094042,186.108038993,0,0,0,12,12,3999,7396
compact51_marcy__current_roles,2019-07-16 17:00:00,22.191439282,208.82682472,0,0,0,10,10,6210,7556
compact51_marcy__current_roles,2019-07-16 18:00:00,17.0554882331,59.3590499575,0,0,0,12,12,2719,2675
compact51_marcy__current_roles,2019-07-16 19:00:00,17.4685591016,65.8714020267,0,0,0,12,12,3052,4095
compact51_marcy__current_roles,2019-07-16 20:00:00,18.871037241,69.8096377057,0,0,0,12,12,4163,4651
compact51_marcy__current_roles,2019-07-16 21:00:00,19.969014224,59.1052546899,0,0,0,12,12,4955,2617
compact51_marcy__current_roles,2019-07-16 22:00:00,20.4344904419,48.6331961637,0,0,0,12,12,5268,577
compact51_marcy__current_roles,2019-07-16 23:00:00,17.1591306207,45.6699376145,0,0,0,12,12,2806,277
compact51_marcy__current_roles,2019-07-17 00:00:00,18.069454629,46.5262567127,0,0,0,12,12,3545,344
compact51_marcy__current_roles,2019-07-17 01:00:00,13.6881287303,53.4440536529,0,0,0,12,12,613,1362
compact51_marcy__current_roles,2019-07-17 02:00:00,11.5317443561,57.384055647,0,0,0,12,12,77,2190
compact51_marcy__current_roles,2019-07-17 03:00:00,14.1398532727,62.6693071631,0,0,0,12,12,804,3424
compact51_marcy__current_roles,2019-07-17 04:00:00,21.1228344104,69.2513306064,0,0,0,12,12,5688,4585
compact51_marcy__current_roles,2019-07-17 05:00:00,17.8806148189,66.435219025,0,0,0,12,12,3385,4187
compact51_marcy__current_roles,2019-07-17 06:00:00,15.6752766596,58.8853965693,0,0,0,12,12,1709,2561
compact51_marcy__current_roles,2019-07-17 07:00:00,16.5168552811,54.0344998435,0,0,0,12,12,2330,1461
compact51_marcy__current_roles,2019-07-17 08:00:00,18.0149272552,65.7071109754,0,0,0,12,12,3500,4063
compact51_marcy__current_roles,2019-07-17 09:00:00,23.419828487,83.5911136192,0,0,0,12,12,6776,5662
compact51_marcy__current_roles,2019-07-17 10:00:00,21.8924767782,154.463206652,1,0,0,12,12,6086,7143
compact51_marcy__current_roles,2019-07-17 11:00:00,19.473411202,93.8709913781,0,0,0,12,12,4622,6006
compact51_marcy__current_roles,2019-07-17 12:00:00,18.1139898017,81.0641144632,0,0,0,12,12,3583,5556
compact51_marcy__current_roles,2019-07-17 13:00:00,16.9224897556,60.7537943911,0,0,0,12,12,2616,2984
compact51_marcy__current_roles,2019-07-17 14:00:00,21.7620111767,66.132361657,0,0,0,12,12,6012,4142
compact51_marcy__current_roles,2019-07-17 15:00:00,25.0437790139,117.473067153,1,0,0,12,12,7333,6590
compact51_marcy__current_roles,2019-07-17 16:00:00,30.9428795317,2957.40378579,1,0,0,12,12,8377,8666
compact51_marcy__current_roles,2019-07-17 17:00:00,26.8696425109,3440.76595026,0,0,0,12,12,7771,8682
compact51_marcy__current_roles,2019-07-17 18:00:00,32.6491743305,1381.67178671,0,0,0,12,12,8489,8558
compact51_marcy__current_roles,2019-07-17 19:00:00,33.5133855843,2118.92913392,0,0,0,12,12,8536,8628
compact51_marcy__current_roles,2019-07-17 20:00:00,41.5275560751,1746.73862202,1,0,0,12,12,8725,8594
compact51_marcy__current_roles,2019-07-17 21:00:00,36.2552696867,3571.02459946,1,0,0,12,12,8631,8685
compact51_marcy__current_roles,2019-07-17 22:00:00,23.8776484405,220.359134481,1,0,0,12,12,6964,7616
compact51_marcy__current_roles,2019-07-17 23:00:00,15.560918224,63.8036109392,0,0,0,12,12,1648,3668
compact51_marcy__current_roles,2019-07-18 00:00:00,17.6220744249,268.662977629,0,0,0,12,12,3164,7838
compact51_marcy__current_roles,2019-07-18 01:00:00,16.1100331635,1998.21259066,1,0,0,12,12,2024,8616
compact51_marcy__current_roles,2019-07-18 02:00:00,13.338728066,184.893724832,0,0,0,14,13,499,7389
compact51_marcy__current_roles,2019-07-18 03:00:00,15.5529845961,117.407110133,0,0,0,12,12,1643,6588
compact51_marcy__current_roles,2019-07-18 04:00:00,22.7786720356,196.278234468,0,0,0,12,12,6488,7475
compact51_marcy__current_roles,2019-07-18 05:00:00,27.5573826589,244.419154161,0,0,0,12,12,7920,7742
compact51_marcy__current_roles,2019-07-18 06:00:00,18.6848262879,492.531941326,0,0,0,12,12,4023,8241
compact51_marcy__current_roles,2019-07-18 07:00:00,13.9658673449,60.4365345678,0,0,0,13,12,732,2910
compact51_marcy__current_roles,2019-07-18 08:00:00,14.6243866591,60.2211586449,0,0,0,12,12,1029,2873
compact51_marcy__current_roles,2019-07-18 09:00:00,14.9526184239,64.787188902,0,0,0,12,12,1232,3874
compact51_marcy__current_roles,2019-07-18 10:00:00,19.1767696315,689.525269163,1,0,0,12,12,4411,8391
compact51_marcy__current_roles,2019-07-18 11:00:00,24.937040218,139.449249013,0,0,0,12,12,7299,6954
compact51_marcy__current_roles,2019-07-18 12:00:00,28.6098520135,162.209043445,0,0,0,13,13,8064,7210
compact51_marcy__current_roles,2019-07-18 13:00:00,26.1279849519,69.8377824023,0,0,0,12,12,7604,4660
compact51_marcy__current_roles,2019-07-18 14:00:00,20.7241669835,76.9344030176,0,0,0,12,11,5447,5333
compact51_marcy__current_roles,2019-07-18 15:00:00,25.1001410582,79.5727600519,0,0,0,12,12,7347,5479
compact51_marcy__current_roles,2019-07-18 16:00:00,18.1437225583,72.3506080535,0,0,0,14,14,3610,4917
compact51_marcy__current_roles,2019-07-18 17:00:00,20.1216831711,71.1612562196,0,0,0,11,10,5065,4802
compact51_marcy__current_roles,2019-07-18 18:00:00,22.9623158029,68.985766848,0,0,0,12,12,6574,4555
compact51_marcy__current_roles,2019-07-18 19:00:00,24.0631590156,62.2708016529,0,0,0,10,10,7021,3336
compact51_marcy__current_roles,2019-07-18 20:00:00,21.1868430215,58.7247212527,0,0,0,12,12,5709,2520
compact51_marcy__current_roles,2019-07-18 21:00:00,23.0453225492,57.0748012087,0,0,0,12,12,6610,2112
compact51_marcy__current_roles,2019-07-18 22:00:00,23.5689201333,59.1223753184,0,0,0,12,12,6852,2622
compact51_marcy__current_roles,2019-07-18 23:00:00,23.530698092,99.6477752962,0,0,0,12,12,6832,6188
compact51_marcy__current_roles,2019-07-19 00:00:00,21.8496632745,82.7052212625,0,0,0,12,12,6057,5625
compact51_marcy__current_roles,2019-07-19 01:00:00,18.8473863282,115.216726459,1,0,0,12,12,4143,6558
compact51_marcy__current_roles,2019-07-19 02:00:00,16.5000633621,181.109998089,1,0,0,12,12,2320,7369
compact51_marcy__current_roles,2019-07-19 03:00:00,15.449155228,576.110971395,1,0,0,12,12,1576,8320
compact51_marcy__current_roles,2019-07-19 04:00:00,23.6577136812,522.009015582,1,0,0,12,12,6891,8272
compact51_marcy__current_roles,2019-07-19 05:00:00,28.4406862596,255.535533459,1,0,0,12,12,8033,7794
compact51_marcy__current_roles,2019-07-19 06:00:00,28.0666809738,128.420143806,1,0,0,12,12,7994,6816
compact51_marcy__current_roles,2019-07-19 07:00:00,19.2898227802,77.896901862,0,0,0,12,12,4483,5391
compact51_marcy__current_roles,2019-07-19 08:00:00,18.9545295572,64.0127071496,0,0,0,12,12,4238,3707
compact51_marcy__current_roles,2019-07-19 09:00:00,16.9435562702,67.531363653,0,0,0,12,12,2637,4364
compact51_marcy__current_roles,2019-07-19 10:00:00,17.1894851207,75.6853622517,0,0,0,12,12,2833,5239
compact51_marcy__current_roles,2019-07-19 11:00:00,18.2764315052,77.7107255141,0,0,0,12,12,3709,5381
compact51_marcy__current_roles,2019-07-19 12:00:00,17.8267945109,68.3189018607,0,0,0,12,12,3336,4465
compact51_marcy__current_roles,2019-07-19 13:00:00,19.7773555728,63.1162351305,0,0,0,12,12,4831,3522
compact51_marcy__current_roles,2019-07-19 14:00:00,24.3564012102,120.766315581,1,0,0,12,12,7131,6664
compact51_marcy__current_roles,2019-07-19 15:00:00,30.5753229125,206.810725735,1,0,0,12,12,8337,7546
compact51_marcy__current_roles,2019-07-19 16:00:00,29.7133974363,203.372137385,0,0,0,14,14,8225,7524
compact51_marcy__current_roles,2019-07-19 17:00:00,29.6780916048,88.5865334833,0,0,0,11,11,8217,5833
compact51_marcy__current_roles,2019-07-19 18:00:00,27.5117052085,99.2099401067,0,0,0,12,12,7908,6176
compact51_marcy__current_roles,2019-07-19 19:00:00,21.3983860686,55.4875448371,0,0,0,12,12,5833,1763
compact51_marcy__current_roles,2019-07-19 20:00:00,20.5947772821,49.1483723268,0,0,0,12,12,5361,626
compact51_marcy__current_roles,2019-07-19 21:00:00,19.1928886663,46.7642692794,0,0,0,12,12,4425,357
compact51_marcy__current_roles,2019-07-19 22:00:00,22.8291308555,47.465500883,0,0,0,12,12,6513,433
compact51_marcy__current_roles,2019-07-19 23:00:00,18.3645904398,55.9635266661,0,0,0,12,12,3781,1864
compact51_marcy__current_roles,2019-07-20 00:00:00,18.0690059256,52.3995314098,0,0,0,12,12,3544,1145
compact51_marcy__current_roles,2019-07-20 01:00:00,13.7426789345,55.2981646958,0,0,0,12,12,633,1714
compact51_marcy__current_roles,2019-07-20 02:00:00,12.2447514545,54.1552562467,0,0,0,12,12,182,1480
compact51_marcy__current_roles,2019-07-20 03:00:00,11.2006334965,55.8385148088,0,0,0,12,12,46,1836
compact51_marcy__current_roles,2019-07-20 04:00:00,11.1614976177,55.0477805055,0,0,0,12,12,44,1669
compact51_marcy__current_roles,2019-07-20 05:00:00,14.4157903926,61.1100256331,0,0,0,12,12,930,3076
compact51_marcy__current_roles,2019-07-20 06:00:00,16.9338154295,68.2093286992,0,0,0,12,12,2628,4450
compact51_marcy__current_roles,2019-07-20 07:00:00,16.4910107,65.6134071904,0,0,0,12,12,2312,4054
compact51_marcy__current_roles,2019-07-20 08:00:00,17.7258094165,71.2667988285,0,0,0,12,12,3242,4815
compact51_marcy__current_roles,2019-07-20 09:00:00,18.9780116933,68.3476185297,0,0,0,12,12,4261,4470
compact51_marcy__current_roles,2019-07-20 10:00:00,16.6899056953,58.2177196908,0,0,0,12,12,2451,2387
compact51_marcy__current_roles,2019-07-20 11:00:00,18.5534553491,57.1685571164,0,0,0,12,12,3911,2134
compact51_marcy__current_roles,2019-07-20 12:00:00,20.2142237672,55.9318881144,0,0,0,12,12,5130,1858
compact51_marcy__current_roles,2019-07-20 13:00:00,19.2114081315,63.951335706,0,0,0,12,12,4438,3697
compact51_marcy__current_roles,2019-07-20 14:00:00,17.0716948684,64.5638821294,0,0,0,12,12,2734,3832
compact51_marcy__current_roles,2019-07-20 15:00:00,20.3799956031,73.7095529096,0,0,0,12,12,5236,5054
compact51_marcy__current_roles,2019-07-20 16:00:00,25.3805015175,113.749777289,0,0,0,13,12,7418,6526
compact51_marcy__current_roles,2019-07-20 17:00:00,29.0801525757,149.310645942,0,0,0,12,12,8139,7074
compact51_marcy__current_roles,2019-07-20 18:00:00,26.9817211002,88.2331660424,0,0,0,12,12,7799,5822
compact51_marcy__current_roles,2019-07-20 19:00:00,21.9702344738,55.3975021187,0,0,0,12,12,6119,1736
compact51_marcy__current_roles,2019-07-20 20:00:00,22.3160578986,52.9745348855,0,0,0,12,12,6264,1260
compact51_marcy__current_roles,2019-07-20 21:00:00,29.4076114319,99.861308513,0,0,0,12,12,8185,6200
compact51_marcy__current_roles,2019-07-20 22:00:00,24.7049719563,76.9526678934,0,0,0,12,12,7220,5335
compact51_marcy__current_roles,2019-07-20 23:00:00,17.3634013623,56.4578921947,0,0,0,12,12,2968,1967
compact51_marcy__current_roles,2019-07-21 00:00:00,17.9238196009,50.8951588879,0,0,0,12,12,3418,887
compact51_marcy__current_roles,2019-07-21 01:00:00,14.6447178734,53.7156009652,0,0,0,12,12,1035,1405
compact51_marcy__current_roles,2019-07-21 02:00:00,13.7304702701,58.9870774413,0,0,0,12,12,630,2590
compact51_marcy__current_roles,2019-07-21 03:00:00,12.8775282309,61.7128939782,0,0,0,12,12,348,3220
compact51_marcy__current_roles,2019-07-21 04:00:00,12.3618088633,61.0966919409,0,0,0,12,12,212,3072
compact51_marcy__current_roles,2019-07-21 05:00:00,13.8828684583,68.7334333071,0,0,0,12,12,695,4518
compact51_marcy__current_roles,2019-07-21 06:00:00,18.5103317218,74.4616959457,0,0,0,12,12,3880,5135
compact51_marcy__current_roles,2019-07-21 07:00:00,16.926063655,70.7263455884,0,0,0,12,12,2621,4764
compact51_marcy__current_roles,2019-07-21 08:00:00,15.243361005,72.922557982,0,0,0,12,12,1426,4967
compact51_marcy__current_roles,2019-07-21 09:00:00,16.0523000749,60.1961646206,0,0,0,12,12,1981,2868
compact51_marcy__current_roles,2019-07-21 10:00:00,17.8268366832,70.059104555,0,0,0,12,12,3337,4687
compact51_marcy__current_roles,2019-07-21 11:00:00,16.3071419443,62.293743376,0,0,0,12,12,2169,3339
compact51_marcy__current_roles,2019-07-21 12:00:00,19.3830419274,64.6764032815,0,0,0,12,12,4548,3852
compact51_marcy__current_roles,2019-07-21 13:00:00,21.1456141212,57.2869611795,0,0,0,12,12,5694,2161
compact51_marcy__current_roles,2019-07-21 14:00:00,19.1047797677,66.4788269589,0,0,0,12,12,4370,4193
compact51_marcy__current_roles,2019-07-21 15:00:00,19.2874932451,66.7663286497,0,0,0,12,12,4482,4244
compact51_marcy__current_roles,2019-07-21 16:00:00,18.210914375,63.501547291,0,0,0,12,12,3656,3613
compact51_marcy__current_roles,2019-07-21 17:00:00,22.6307850703,56.378847771,0,0,0,12,12,6416,1954
compact51_marcy__current_roles,2019-07-21 18:00:00,26.3241563008,54.0371268167,0,0,0,13,11,7647,1462
compact51_marcy__current_roles,2019-07-21 19:00:00,31.4484360051,58.806335928,0,0,0,12,12,8418,2538
compact51_marcy__current_roles,2019-07-21 20:00:00,25.440179403,63.1361817479,0,0,0,12,12,7430,3527
compact51_marcy__current_roles,2019-07-21 21:00:00,23.6887200911,72.9187692796,0,0,0,12,12,6906,4966
compact51_marcy__current_roles,2019-07-21 22:00:00,22.5724201688,47.0527688394,0,0,0,12,12,6386,385
compact51_marcy__current_roles,2019-07-21 23:00:00,17.8385441261,49.0865347863,0,0,0,12,12,3350,622
compact51_marcy__current_roles,2019-07-22 00:00:00,17.9882802867,56.9195938626,0,0,0,12,12,3476,2082
compact51_marcy__current_roles,2019-07-22 01:00:00,13.791332252,64.0749694667,0,0,0,12,12,652,3719
compact51_marcy__current_roles,2019-07-22 02:00:00,13.3932763258,63.2699946766,0,0,0,12,12,513,3561
compact51_marcy__current_roles,2019-07-22 03:00:00,10.3841921265,63.7402142416,0,0,0,12,12,15,3654
compact51_marcy__current_roles,2019-07-22 04:00:00,14.9143120521,72.5734838033,0,0,0,12,12,1202,4938
compact51_marcy__current_roles,2019-07-22 05:00:00,20.2822570307,80.6705853779,0,0,0,12,12,5167,5527
compact51_marcy__current_roles,2019-07-22 06:00:00,19.2952448475,80.5843421766,0,0,0,12,12,4489,5521
compact51_marcy__current_roles,2019-07-22 07:00:00,15.1835579356,68.0366049347,0,0,0,12,12,1380,4430
compact51_marcy__current_roles,2019-07-22 08:00:00,17.0716905054,66.1201586753,0,0,0,12,12,2733,4138
compact51_marcy__current_roles,2019-07-22 09:00:00,15.9057033511,59.1104066843,0,0,0,12,12,1868,2619
compact51_marcy__current_roles,2019-07-22 10:00:00,16.5738968098,62.0341850384,0,0,0,12,12,2376,3286
compact51_marcy__current_roles,2019-07-22 11:00:00,17.4199085535,61.4080262486,0,0,0,12,12,3017,3145
compact51_marcy__current_roles,2019-07-22 12:00:00,15.5087072982,64.9301023505,0,0,0,12,12,1616,3913
compact51_marcy__current_roles,2019-07-22 13:00:00,18.1013024366,53.8154802061,0,0,0,12,12,3575,1425
compact51_marcy__current_roles,2019-07-22 14:00:00,23.6126957599,54.2709259502,0,0,0,12,12,6869,1501
compact51_marcy__current_roles,2019-07-22 15:00:00,29.9871025208,122.872588061,1,0,0,12,12,8268,6706
compact51_marcy__current_roles,2019-07-22 16:00:00,34.4312162056,237.120651487,1,0,0,13,13,8570,7713
compact51_marcy__current_roles,2019-07-22 17:00:00,34.8442997213,551.341865002,0,0,0,11,11,8588,8293
compact51_marcy__current_roles,2019-07-22 18:00:00,32.4702496521,145.338998407,1,0,0,12,12,8475,7024
compact51_marcy__current_roles,2019-07-22 19:00:00,25.514706644,59.3269197065,0,0,0,12,12,7451,2667
compact51_marcy__current_roles,2019-07-22 20:00:00,23.7765984944,69.6255671441,0,0,0,12,12,6934,4628
compact51_marcy__current_roles,2019-07-22 21:00:00,23.3032728974,64.2597329287,0,0,0,12,12,6733,3760
compact51_marcy__current_roles,2019-07-22 22:00:00,17.9345370713,54.6486744925,0,0,0,12,12,3429,1589
compact51_marcy__current_roles,2019-07-22 23:00:00,17.1337589553,59.7868417266,0,0,0,12,12,2780,2762
compact51_marcy__current_roles,2019-07-23 00:00:00,19.7016002118,59.5602353542,0,0,0,12,12,4792,2712
compact51_marcy__current_roles,2019-07-23 01:00:00,15.365331925,65.88459805,0,0,0,13,12,1512,4097
compact51_marcy__current_roles,2019-07-23 02:00:00,15.3726523077,62.845645259,0,0,0,12,12,1514,3463
compact51_marcy__current_roles,2019-07-23 03:00:00,15.9147123699,57.2953822761,0,0,0,12,12,1882,2164
compact51_marcy__current_roles,2019-07-23 04:00:00,19.502426769,64.4821934593,0,0,0,12,12,4650,3809
compact51_marcy__current_roles,2019-07-23 05:00:00,21.5597663084,73.7367975685,0,0,0,12,12,5921,5061
compact51_marcy__current_roles,2019-07-23 06:00:00,19.6361949625,68.3307185677,0,0,0,12,12,4739,4468
compact51_marcy__current_roles,2019-07-23 07:00:00,17.5511460161,154.11190531,0,0,0,12,12,3119,7134
compact51_marcy__current_roles,2019-07-23 08:00:00,19.1345611771,108.78949225,0,0,0,12,12,4388,6422
compact51_marcy__current_roles,2019-07-23 09:00:00,19.9914484605,123.166439128,0,0,0,12,12,4969,6713
compact51_marcy__current_roles,2019-07-23 10:00:00,18.557233606,89.7229381113,0,0,0,12,12,3915,5877
compact51_marcy__current_roles,2019-07-23 11:00:00,17.7107566883,77.3159939144,0,0,0,13,13,3231,5358
compact51_marcy__current_roles,2019-07-23 12:00:00,18.2710914061,99.4351022123,0,0,0,12,12,3705,6184
compact51_marcy__current_roles,2019-07-23 13:00:00,19.9155848247,4289.46497825,0,0,0,12,12,4915,8699
compact51_marcy__current_roles,2019-07-23 14:00:00,19.4121803127,70.0355271734,0,0,0,12,12,4565,4683
compact51_marcy__current_roles,2019-07-23 15:00:00,19.0337796035,69.4736377946,0,0,0,12,12,4309,4612
compact51_marcy__current_roles,2019-07-23 16:00:00,20.5129501385,72.0422879693,0,0,0,12,12,5317,4892
compact51_marcy__current_roles,2019-07-23 17:00:00,22.1100036035,81.2361065779,0,0,0,13,12,6174,5563
compact51_marcy__current_roles,2019-07-23 18:00:00,20.7606560009,95.887252335,0,0,0,14,14,5472,6083
compact51_marcy__current_roles,2019-07-23 19:00:00,21.5466861518,330.162445368,1,0,0,11,11,5912,8008
compact51_marcy__current_roles,2019-07-23 20:00:00,20.8016491862,448.121416507,1,0,0,12,12,5499,8188
compact51_marcy__current_roles,2019-07-23 21:00:00,20.6491467873,681.227679154,1,0,0,12,12,5393,8385
compact51_marcy__current_roles,2019-07-23 22:00:00,15.4429251713,62.1219394333,0,0,0,12,12,1568,3307
compact51_marcy__current_roles,2019-07-23 23:00:00,19.2522126752,89.8184615513,0,0,0,12,12,4464,5880
compact51_marcy__current_roles,2019-07-24 00:00:00,14.8922876863,54.6610814416,0,0,0,12,12,1185,1590
compact51_marcy__current_roles,2019-07-24 01:00:00,16.624074391,75.8385426889,0,0,0,12,12,2407,5248
compact51_marcy__current_roles,2019-07-24 02:00:00,16.8084734711,94.677574157,0,0,0,12,12,2544,6042
compact51_marcy__current_roles,2019-07-24 03:00:00,17.5511889354,60.5552548952,0,0,0,12,12,3120,2933
compact51_marcy__current_roles,2019-07-24 04:00:00,23.2809761215,64.2030639503,0,0,0,12,12,6722,3749
compact51_marcy__current_roles,2019-07-24 05:00:00,30.8012073541,103.115978462,0,0,0,12,12,8366,6302
compact51_marcy__current_roles,2019-07-24 06:00:00,29.1296423031,187.895027944,0,0,0,12,12,8144,7412
compact51_marcy__current_roles,2019-07-24 07:00:00,18.6956131627,125.545965466,0,0,0,12,12,4031,6755
compact51_marcy__current_roles,2019-07-24 08:00:00,16.2823747735,71.2368528433,0,0,0,13,12,2140,4811
compact51_marcy__current_roles,2019-07-24 09:00:00,16.0585005891,65.820829705,0,0,0,13,13,1984,4085
compact51_marcy__current_roles,2019-07-24 10:00:00,15.4090375317,70.5963919551,0,0,0,12,12,1546,4744
compact51_marcy__current_roles,2019-07-24 11:00:00,15.2936213422,112.456573169,1,0,0,13,13,1459,6501
compact51_marcy__current_roles,2019-07-24 12:00:00,15.135278465,80.7603678989,0,0,0,11,11,1338,5534
compact51_marcy__current_roles,2019-07-24 13:00:00,16.8354600324,102.228307915,1,0,0,12,12,2558,6278
compact51_marcy__current_roles,2019-07-24 14:00:00,14.8159480719,69.1898856061,0,0,0,12,12,1143,4578
compact51_marcy__current_roles,2019-07-24 15:00:00,14.079715917,83.2482273111,0,0,0,12,12,776,5647
compact51_marcy__current_roles,2019-07-24 16:00:00,16.1176592377,68.7975670852,0,0,0,12,12,2028,4524
compact51_marcy__current_roles,2019-07-24 17:00:00,13.3272457314,68.2799698583,0,0,0,12,12,491,4460
compact51_marcy__current_roles,2019-07-24 18:00:00,17.8758400043,64.4907874758,0,0,0,12,12,3379,3810
compact51_marcy__current_roles,2019-07-24 19:00:00,21.3885903372,63.2393449362,0,0,0,13,12,5827,3551
compact51_marcy__current_roles,2019-07-24 20:00:00,19.2027373522,55.4895587051,0,0,0,12,12,4435,1767
compact51_marcy__current_roles,2019-07-24 21:00:00,17.8039465379,62.5145050589,0,0,0,12,12,3315,3397
compact51_marcy__current_roles,2019-07-24 22:00:00,11.598919375,58.6327029256,0,0,0,12,12,85,2495
compact51_marcy__current_roles,2019-07-24 23:00:00,15.0669681919,54.800896234,0,0,0,12,12,1306,1619
compact51_marcy__current_roles,2019-07-25 00:00:00,12.5435913478,61.112979286,0,0,0,12,12,252,3077
compact51_marcy__current_roles,2019-07-25 01:00:00,11.329630506,55.4196771395,0,0,0,12,12,59,1748
compact51_marcy__current_roles,2019-07-25 02:00:00,12.5937052761,51.4732668996,0,0,0,12,12,263,983
compact51_marcy__current_roles,2019-07-25 03:00:00,11.5521450233,51.4583116283,0,0,0,12,12,79,977
compact51_marcy__current_roles,2019-07-25 04:00:00,15.1281867041,57.29956581,0,0,0,12,12,1335,2165
compact51_marcy__current_roles,2019-07-25 05:00:00,24.6385775027,69.8167738206,0,0,0,12,12,7201,4653
compact51_marcy__current_roles,2019-07-25 06:00:00,23.3011909572,71.7702011805,0,0,0,12,12,6731,4865
compact51_marcy__current_roles,2019-07-25 07:00:00,15.2554254174,63.4473545051,0,0,0,12,12,1435,3598
compact51_marcy__current_roles,2019-07-25 08:00:00,15.1819842797,65.8434256609,0,0,0,12,12,1376,4088
compact51_marcy__current_roles,2019-07-25 09:00:00,16.1971115429,68.3962127041,0,0,0,12,12,2078,4478
compact51_marcy__current_roles,2019-07-25 10:00:00,14.9172664023,72.4379485953,0,0,0,12,12,1206,4927
compact51_marcy__current_roles,2019-07-25 11:00:00,15.4770009543,67.6336210622,0,0,0,12,12,1593,4380
compact51_marcy__current_roles,2019-07-25 12:00:00,15.5327802349,73.4662546309,0,0,0,12,12,1631,5026
compact51_marcy__current_roles,2019-07-25 13:00:00,15.1624745037,67.3002432552,0,0,0,12,12,1363,4334
compact51_marcy__current_roles,2019-07-25 14:00:00,14.3861088198,68.0039234424,0,0,0,12,12,920,4423
compact51_marcy__current_roles,2019-07-25 15:00:00,15.1658341431,66.41549818,0,0,0,12,12,1366,4183
compact51_marcy__current_roles,2019-07-25 16:00:00,14.4329296927,69.6128176433,0,0,0,12,12,943,4626
compact51_marcy__current_roles,2019-07-25 17:00:00,17.7079829655,68.6071549025,0,0,0,12,12,3229,4505
compact51_marcy__current_roles,2019-07-25 18:00:00,17.1234161548,63.4061406479,0,0,0,12,12,2771,3588
compact51_marcy__current_roles,2019-07-25 19:00:00,19.527149433,167.746346402,1,0,0,12,12,4673,7260
compact51_marcy__current_roles,2019-07-25 20:00:00,14.4998986919,65.4134512289,0,0,0,12,12,966,4015
compact51_marcy__current_roles,2019-07-25 21:00:00,14.0957855973,60.0332543369,0,0,0,12,12,782,2825
compact51_marcy__current_roles,2019-07-25 22:00:00,14.5610064269,58.8717553012,0,0,0,12,12,999,2555
compact51_marcy__current_roles,2019-07-25 23:00:00,18.6702035167,46.3050939616,0,0,0,12,12,4011,329
compact51_marcy__current_roles,2019-07-26 00:00:00,11.7136633293,52.6296296861,0,0,0,12,12,99,1192
compact51_marcy__current_roles,2019-07-26 01:00:00,13.0728064942,52.2044950935,0,0,0,12,12,405,1109
compact51_marcy__current_roles,2019-07-26 02:00:00,12.8862127743,49.1460690172,0,0,0,12,12,349,625
compact51_marcy__current_roles,2019-07-26 03:00:00,13.6661174057,50.5575456976,0,0,0,12,12,600,825
compact51_marcy__current_roles,2019-07-26 04:00:00,21.8777864664,57.0692788332,0,0,0,12,12,6080,2109
compact51_marcy__current_roles,2019-07-26 05:00:00,28.9471191093,69.9102008344,0,0,0,12,12,8120,4670
compact51_marcy__current_roles,2019-07-26 06:00:00,27.0247009743,153.936899922,0,0,0,12,12,7810,7130
compact51_marcy__current_roles,2019-07-26 07:00:00,13.9238174071,61.7511066138,0,0,0,12,12,714,3230
compact51_marcy__current_roles,2019-07-26 08:00:00,14.9367013413,64.7763180728,0,0,0,12,12,1221,3869
compact51_marcy__current_roles,2019-07-26 09:00:00,17.0905139361,67.0869838774,0,0,0,12,12,2753,4301
compact51_marcy__current_roles,2019-07-26 10:00:00,15.9789264836,70.6742289027,0,0,0,12,12,1928,4755
compact51_marcy__current_roles,2019-07-26 11:00:00,18.0379875705,72.9529808947,0,0,0,12,12,3522,4973
compact51_marcy__current_roles,2019-07-26 12:00:00,18.4439657178,69.5878276501,0,0,0,12,12,3834,4622
compact51_marcy__current_roles,2019-07-26 13:00:00,18.0289448392,75.5002374757,0,0,0,12,12,3510,5226
compact51_marcy__current_roles,2019-07-26 14:00:00,16.3816124562,94.2158178407,0,0,0,12,12,2222,6020
compact51_marcy__current_roles,2019-07-26 15:00:00,16.758178509,105.778726737,1,0,0,12,12,2499,6365
compact51_marcy__current_roles,2019-07-26 16:00:00,17.5572523138,86.1700767704,0,0,0,12,12,3125,5762
compact51_marcy__current_roles,2019-07-26 17:00:00,18.3132375529,81.3666292794,0,0,0,12,12,3737,5572
compact51_marcy__current_roles,2019-07-26 18:00:00,24.1355376201,91.8415532589,0,0,0,12,12,7045,5939
compact51_marcy__current_roles,2019-07-26 19:00:00,27.7694499933,104.393837664,1,0,0,12,12,7952,6334
compact51_marcy__current_roles,2019-07-26 20:00:00,26.2052559939,104.659203445,1,0,0,12,12,7623,6342
compact51_marcy__current_roles,2019-07-26 21:00:00,29.3665534439,149.854517549,1,0,0,12,12,8178,7082
compact51_marcy__current_roles,2019-07-26 22:00:00,25.0161797195,99.8378623213,0,0,0,12,12,7324,6197
compact51_marcy__current_roles,2019-07-26 23:00:00,26.8849436246,62.2604634014,0,0,0,12,12,7777,3334
compact51_marcy__current_roles,2019-07-27 00:00:00,23.7006142748,44.1509115641,0,0,0,12,12,6914,177
compact51_marcy__current_roles,2019-07-27 01:00:00,22.6165247444,48.3830963173,0,0,0,12,12,6407,542
compact51_marcy__current_roles,2019-07-27 02:00:00,21.5322416516,51.6343276208,0,0,0,12,12,5909,1015
compact51_marcy__current_roles,2019-07-27 03:00:00,21.579034774,75.6604962308,0,0,0,12,12,5927,5237
compact51_marcy__current_roles,2019-07-27 04:00:00,24.6471803092,88.6476986526,0,0,0,12,12,7205,5834
compact51_marcy__current_roles,2019-07-27 05:00:00,30.7582863368,83.0874009006,0,0,0,12,12,8361,5642
compact51_marcy__current_roles,2019-07-27 06:00:00,33.3225269508,82.7328049073,0,0,0,12,12,8523,5627
compact51_marcy__current_roles,2019-07-27 07:00:00,27.0345177554,93.0775320761,0,0,0,12,12,7811,5983
compact51_marcy__current_roles,2019-07-27 08:00:00,16.3838292601,61.84278481,0,0,0,13,12,2226,3242
compact51_marcy__current_roles,2019-07-27 09:00:00,17.1549020247,72.4873140863,0,0,0,12,12,2802,4931
compact51_marcy__current_roles,2019-07-27 10:00:00,19.5641615814,76.396588632,0,0,0,12,12,4692,5295
compact51_marcy__current_roles,2019-07-27 11:00:00,21.2396764631,75.8734602907,0,0,0,12,12,5741,5253
compact51_marcy__current_roles,2019-07-27 12:00:00,21.380859833,87.793957492,0,0,0,12,12,5823,5807
compact51_marcy__current_roles,2019-07-27 13:00:00,22.9325949453,77.8397540458,0,0,0,12,12,6555,5387
compact51_marcy__current_roles,2019-07-27 14:00:00,18.6323067356,83.6998952312,0,0,0,12,12,3985,5669
compact51_marcy__current_roles,2019-07-27 15:00:00,18.1318017453,92.0885855082,0,0,0,12,12,3599,5949
compact51_marcy__current_roles,2019-07-27 16:00:00,20.7533774252,82.2601506347,0,0,0,12,12,5465,5608
compact51_marcy__current_roles,2019-07-27 17:00:00,26.041277422,95.6513360484,0,0,0,12,12,7583,6070
compact51_marcy__current_roles,2019-07-27 18:00:00,30.2540780115,91.5969294967,0,0,0,12,12,8296,5931
compact51_marcy__current_roles,2019-07-27 19:00:00,22.1970036482,82.1478552569,0,0,0,12,12,6214,5604
compact51_marcy__current_roles,2019-07-27 20:00:00,16.398876891,59.9937029204,0,0,0,12,12,2241,2815
compact51_marcy__current_roles,2019-07-27 21:00:00,18.3789992851,59.8466695564,0,0,0,12,12,3792,2785
compact51_marcy__current_roles,2019-07-27 22:00:00,15.7665561323,59.0276592792,0,0,0,12,12,1780,2606
compact51_marcy__current_roles,2019-07-27 23:00:00,17.3963288719,64.7682834611,0,0,0,12,12,2996,3867
compact51_marcy__current_roles,2019-07-28 00:00:00,13.2716063006,59.9201752526,0,0,0,12,12,471,2798
compact51_marcy__current_roles,2019-07-28 01:00:00,16.7577619316,169.593768417,0,0,0,12,12,2497,7276
compact51_marcy__current_roles,2019-07-28 02:00:00,14.5409376404,54.7311469091,0,0,0,12,12,987,1605
compact51_marcy__current_roles,2019-07-28 03:00:00,17.031436926,160.82202233,0,0,0,12,12,2702,7199
compact51_marcy__current_roles,2019-07-28 04:00:00,15.9390514213,135.273137622,0,0,0,12,12,1901,6905
compact51_marcy__current_roles,2019-07-28 05:00:00,19.3876040004,338.018979129,0,0,0,12,12,4552,8030
compact51_marcy__current_roles,2019-07-28 06:00:00,23.143677927,153.599236945,0,0,0,12,12,6657,7127
compact51_marcy__current_roles,2019-07-28 07:00:00,23.5308510416,60.9384211337,0,0,0,12,12,6833,3030
compact51_marcy__current_roles,2019-07-28 08:00:00,22.3604819968,98.7067910309,0,0,0,13,13,6275,6159
compact51_marcy__current_roles,2019-07-28 09:00:00,15.8753729363,63.5816070886,0,0,0,13,12,1838,3624
compact51_marcy__current_roles,2019-07-28 10:00:00,15.348201216,66.761122067,0,0,0,12,12,1492,4242
compact51_marcy__current_roles,2019-07-28 11:00:00,17.0917949802,61.4626433439,0,0,0,12,12,2754,3158
compact51_marcy__current_roles,2019-07-28 12:00:00,16.6121333399,56.4608474671,0,0,0,12,12,2397,1969
compact51_marcy__current_roles,2019-07-28 13:00:00,15.1430926783,54.2048334603,0,0,0,12,12,1344,1489
compact51_marcy__current_roles,2019-07-28 14:00:00,13.9535643478,54.4631721258,0,0,0,12,12,727,1542
compact51_marcy__current_roles,2019-07-28 15:00:00,16.1467766719,53.6633937856,0,0,0,12,12,2055,1392
compact51_marcy__current_roles,2019-07-28 16:00:00,16.1811811516,55.6379531886,0,0,0,12,12,2069,1792
compact51_marcy__current_roles,2019-07-28 17:00:00,17.546832613,61.5683814505,0,0,0,12,12,3114,3184
compact51_marcy__current_roles,2019-07-28 18:00:00,17.5306044595,75.7215211532,0,0,0,12,12,3099,5241
compact51_marcy__current_roles,2019-07-28 19:00:00,18.2656660227,88.3994266038,0,0,0,12,12,3698,5827
compact51_marcy__current_roles,2019-07-28 20:00:00,16.7553277463,77.7330442799,0,0,0,12,12,2496,5382
compact51_marcy__current_roles,2019-07-28 21:00:00,17.7248657421,79.2422672308,0,0,0,12,12,3240,5463
compact51_marcy__current_roles,2019-07-28 22:00:00,14.7924362478,52.692107337,0,0,0,12,12,1122,1207
compact51_marcy__current_roles,2019-07-28 23:00:00,19.0947444034,48.8676265169,0,0,0,12,12,4359,596
compact51_marcy__current_roles,2019-07-29 00:00:00,14.4890386411,78.0645601532,0,0,0,12,12,962,5404
compact51_marcy__current_roles,2019-07-29 01:00:00,11.6582280233,53.7560573664,0,0,0,12,12,90,1413
compact51_marcy__current_roles,2019-07-29 02:00:00,12.3260733114,54.7147430453,0,0,0,12,12,201,1601
compact51_marcy__current_roles,2019-07-29 03:00:00,12.1442094741,50.7263757698,0,0,0,12,12,161,858
compact51_marcy__current_roles,2019-07-29 04:00:00,19.3396328681,61.5736448667,0,0,0,12,12,4522,3186
compact51_marcy__current_roles,2019-07-29 05:00:00,27.1667344303,87.506984392,0,0,0,12,12,7835,5801
compact51_marcy__current_roles,2019-07-29 06:00:00,15.5294666402,58.4341350746,0,0,0,12,12,1627,2442
compact51_marcy__current_roles,2019-07-29 07:00:00,21.2796486682,61.4911807088,0,0,0,12,12,5761,3162
compact51_marcy__current_roles,2019-07-29 08:00:00,18.7706446396,72.4171039803,0,0,0,12,12,4080,4923
compact51_marcy__current_roles,2019-07-29 09:00:00,19.2750384331,74.6950669509,0,0,0,12,12,4475,5148
compact51_marcy__current_roles,2019-07-29 10:00:00,22.4606668078,120.697918724,1,0,0,12,12,6320,6661
compact51_marcy__current_roles,2019-07-29 11:00:00,19.9530836585,98.4378415153,0,0,0,12,12,4937,6150
compact51_marcy__current_roles,2019-07-29 12:00:00,20.8488906314,81.3442053847,0,0,0,12,12,5531,5569
compact51_marcy__current_roles,2019-07-29 13:00:00,22.2500949654,69.8309449624,0,0,0,12,12,6239,4657
compact51_marcy__current_roles,2019-07-29 14:00:00,25.3164966016,76.4705725014,0,0,0,12,12,7398,5302
compact51_marcy__current_roles,2019-07-29 15:00:00,25.0270862002,74.5201472582,0,0,0,12,12,7329,5139
compact51_marcy__current_roles,2019-07-29 16:00:00,24.2578362497,75.2802183251,0,0,0,12,12,7090,5205
compact51_marcy__current_roles,2019-07-29 17:00:00,22.3574523463,69.7519368905,0,0,0,12,12,6274,4644
compact51_marcy__current_roles,2019-07-29 18:00:00,23.0386421523,65.6825064559,0,0,0,12,12,6607,4060
compact51_marcy__current_roles,2019-07-29 19:00:00,24.4291173444,54.9926351274,0,0,0,12,12,7150,1660
compact51_marcy__current_roles,2019-07-29 20:00:00,22.811553075,62.045290036,0,0,0,12,12,6504,3289
compact51_marcy__current_roles,2019-07-29 21:00:00,27.8044293355,232.480848515,1,0,0,12,12,7956,7678
compact51_marcy__current_roles,2019-07-29 22:00:00,24.981651263,314.823793497,1,0,0,12,12,7312,7974
compact51_marcy__current_roles,2019-07-29 23:00:00,20.1247604113,352.580825965,1,0,0,12,12,5067,8069
compact51_marcy__current_roles,2019-07-30 00:00:00,20.0534132423,575.909252965,0,0,0,12,12,5024,8319
compact51_marcy__current_roles,2019-07-30 01:00:00,19.3978112884,315.155568757,0,0,0,12,12,4555,7975
compact51_marcy__current_roles,2019-07-30 02:00:00,16.7528770218,235.041786914,0,0,0,12,12,2494,7697
compact51_marcy__current_roles,2019-07-30 03:00:00,14.336686512,650.332515208,1,0,0,12,12,898,8362
compact51_marcy__current_roles,2019-07-30 04:00:00,14.6927030477,224.552816094,0,0,0,12,12,1059,7639
compact51_marcy__current_roles,2019-07-30 05:00:00,18.7671830992,128.905264088,0,0,0,12,12,4075,6822
compact51_marcy__current_roles,2019-07-30 06:00:00,18.3365679828,96.0878812672,0,0,0,12,12,3758,6091
compact51_marcy__current_roles,2019-07-30 07:00:00,16.6285479976,103.925763978,1,0,0,12,12,2412,6322
compact51_marcy__current_roles,2019-07-30 08:00:00,18.7485550594,108.213507341,1,0,0,12,12,4060,6409
compact51_marcy__current_roles,2019-07-30 09:00:00,17.6061817883,91.2850628202,0,0,0,12,12,3158,5917
compact51_marcy__current_roles,2019-07-30 10:00:00,16.9750971394,94.8062831381,0,0,0,12,12,2655,6045
compact51_marcy__current_roles,2019-07-30 11:00:00,16.5571601462,63.4313867921,0,0,0,12,12,2361,3592
compact51_marcy__current_roles,2019-07-30 12:00:00,19.5999806686,75.9561139323,0,0,0,12,12,4712,5262
compact51_marcy__current_roles,2019-07-30 13:00:00,20.1908897518,60.9476490068,0,0,0,12,12,5106,3033
compact51_marcy__current_roles,2019-07-30 14:00:00,20.9325786718,57.8004528497,0,0,0,12,12,5574,2295
compact51_marcy__current_roles,2019-07-30 15:00:00,19.5219339767,60.852461815,0,0,0,12,12,4668,3010
compact51_marcy__current_roles,2019-07-30 16:00:00,20.0518860992,63.1696796841,0,0,0,12,12,5022,3533
compact51_marcy__current_roles,2019-07-30 17:00:00,20.6323962895,59.7355988126,0,0,0,12,12,5380,2747
compact51_marcy__current_roles,2019-07-30 18:00:00,21.9220890021,71.7522275244,0,0,0,12,12,6098,4863
compact51_marcy__current_roles,2019-07-30 19:00:00,24.255845381,112.690966876,1,0,0,12,12,7089,6504
compact51_marcy__current_roles,2019-07-30 20:00:00,25.9322213271,140.840429362,1,0,0,12,12,7557,6975
compact51_marcy__current_roles,2019-07-30 21:00:00,24.988079007,152.444478261,1,0,0,12,12,7314,7109
compact51_marcy__current_roles,2019-07-30 22:00:00,22.1191211261,123.211378291,1,0,0,12,12,6181,6714
compact51_marcy__current_roles,2019-07-30 23:00:00,24.733069164,96.5089805768,0,0,0,12,12,7227,6102
compact51_marcy__current_roles,2019-07-31 00:00:00,17.2760448137,154.231418424,1,0,0,12,12,2912,7138
compact51_marcy__current_roles,2019-07-31 01:00:00,13.334637504,106.230519818,1,0,0,12,12,497,6376
compact51_marcy__current_roles,2019-07-31 02:00:00,14.8698796023,69.8721871545,0,0,0,12,12,1169,4667
compact51_marcy__current_roles,2019-07-31 03:00:00,13.4905869737,55.373199745,0,0,0,12,12,545,1729
compact51_marcy__current_roles,2019-07-31 04:00:00,13.8121324753,55.9075877527,0,0,0,12,12,659,1850
compact51_marcy__current_roles,2019-07-31 05:00:00,15.9411029833,53.2529890952,0,0,0,12,12,1903,1319
compact51_marcy__current_roles,2019-07-31 06:00:00,15.9224347253,55.5407819549,0,0,0,12,12,1893,1778
compact51_marcy__current_roles,2019-07-31 07:00:00,16.0406001646,56.4779249078,0,0,0,12,12,1971,1971
compact51_marcy__current_roles,2019-07-31 08:00:00,18.0878008142,126.637973942,1,0,0,12,12,3562,6779
compact51_marcy__current_roles,2019-07-31 09:00:00,19.2307954829,206.808166645,1,0,0,12,12,4451,7545
compact51_marcy__current_roles,2019-07-31 10:00:00,19.8999112041,136.624228438,1,0,0,12,12,4908,6917
compact51_marcy__current_roles,2019-07-31 11:00:00,19.0827148399,140.278720684,1,0,0,12,12,4348,6966
compact51_marcy__current_roles,2019-07-31 12:00:00,20.5694212419,145.518866603,1,0,0,12,12,5351,7028
compact51_marcy__current_roles,2019-07-31 13:00:00,26.4108405434,125.906670594,1,0,0,12,12,7670,6767
compact51_marcy__current_roles,2019-07-31 14:00:00,30.5833071061,507.835391789,1,0,0,12,12,8338,8259
compact51_marcy__current_roles,2019-07-31 15:00:00,29.298105588,741.154748029,0,0,0,12,12,8174,8414
compact51_marcy__current_roles,2019-07-31 16:00:00,29.4911730575,76.9060840622,0,0,0,12,12,8197,5332
compact51_marcy__current_roles,2019-07-31 17:00:00,34.4887392008,209.338664689,0,0,0,14,14,8573,7560
compact51_marcy__current_roles,2019-07-31 18:00:00,34.5726408644,80.6615097039,0,0,0,11,11,8576,5526
compact51_marcy__current_roles,2019-07-31 19:00:00,31.3585063845,74.512745521,0,0,0,12,12,8410,5138
compact51_marcy__current_roles,2019-07-31 20:00:00,26.8403037892,307.25422214,0,0,0,12,12,7763,7959
compact51_marcy__current_roles,2019-07-31 21:00:00,25.5313123779,162.571306524,0,0,0,12,12,7454,7214
compact51_marcy__current_roles,2019-07-31 22:00:00,25.0852022773,217.790550062,0,0,0,12,12,7344,7606
compact51_marcy__current_roles,2019-07-31 23:00:00,17.5450872412,63.4082088388,0,0,0,12,12,3112,3589
compact51_marcy__current_roles,2019-08-01 00:00:00,14.7859825551,94.2295463361,0,0,0,12,12,1118,6021
compact51_marcy__current_roles,2019-08-01 01:00:00,14.6223132226,66.9102347009,0,0,0,12,12,1026,4272
compact51_marcy__current_roles,2019-08-01 02:00:00,18.4091501498,62.079199909,0,0,0,12,12,3808,3292
compact51_marcy__current_roles,2019-08-01 03:00:00,21.3826687047,61.6409329589,0,0,0,12,12,5824,3201
compact51_marcy__current_roles,2019-08-01 04:00:00,23.1023880293,62.4992559077,0,0,0,12,12,6639,3395
compact51_marcy__current_roles,2019-08-01 05:00:00,22.1026299419,69.2421724857,0,0,0,12,12,6171,4583
compact51_marcy__current_roles,2019-08-01 06:00:00,18.835665653,69.7838050149,0,0,0,13,12,4129,4647
compact51_marcy__current_roles,2019-08-01 07:00:00,15.2508223038,65.9652994743,0,0,0,12,12,1434,4107
compact51_marcy__current_roles,2019-08-01 08:00:00,17.2576203373,130.947575552,1,0,0,12,12,2894,6851
compact51_marcy__current_roles,2019-08-01 09:00:00,20.6510857438,212.629735804,1,0,0,12,12,5397,7572
compact51_marcy__current_roles,2019-08-01 10:00:00,18.904237399,330.444424397,1,0,0,12,12,4201,8009
compact51_marcy__current_roles,2019-08-01 11:00:00,19.1059597481,458.921469491,1,0,0,12,12,4373,8200
compact51_marcy__current_roles,2019-08-01 12:00:00,19.6258351403,267.462414304,1,0,0,12,12,4729,7831
compact51_marcy__current_roles,2019-08-01 13:00:00,19.9758128976,214.119680609,1,0,0,12,12,4961,7578
compact51_marcy__current_roles,2019-08-01 14:00:00,21.3187923666,246.563399062,1,0,0,12,12,5781,7752
compact51_marcy__current_roles,2019-08-01 15:00:00,24.6647058424,197.574662094,0,0,0,12,12,7210,7484
compact51_marcy__current_roles,2019-08-01 16:00:00,23.4668275996,633.702497794,1,0,0,12,12,6799,8353
compact51_marcy__current_roles,2019-08-01 17:00:00,22.2663718075,903.56329404,1,0,0,12,12,6244,8471
compact51_marcy__current_roles,2019-08-01 18:00:00,21.3744428088,517.323861353,1,0,0,12,12,5816,8270
compact51_marcy__current_roles,2019-08-01 19:00:00,20.2773282539,279.95344422,1,0,0,12,12,5162,7874
compact51_marcy__current_roles,2019-08-01 20:00:00,21.7450856612,176.059096047,1,0,0,12,12,6000,7335
compact51_marcy__current_roles,2019-08-01 21:00:00,20.7134574215,122.065732369,1,0,0,12,12,5438,6688
compact51_marcy__current_roles,2019-08-01 22:00:00,18.3432308914,117.257327002,1,0,0,12,12,3766,6584
compact51_marcy__current_roles,2019-08-01 23:00:00,18.2129286156,293.263585352,0,0,0,12,12,3658,7917
compact51_marcy__current_roles,2019-08-02 00:00:00,13.2903086379,62.6243483172,0,0,0,12,12,477,3413
compact51_marcy__current_roles,2019-08-02 01:00:00,17.0239572394,88.0889120358,0,0,0,12,12,2697,5814
compact51_marcy__current_roles,2019-08-02 02:00:00,18.1348142743,71.8794088277,0,0,0,12,12,3602,4880
compact51_marcy__current_roles,2019-08-02 03:00:00,17.1982665892,84.7871366161,0,0,0,12,12,2843,5710
compact51_marcy__current_roles,2019-08-02 04:00:00,20.046909748,98.0342839366,0,0,0,12,12,5018,6136
compact51_marcy__current_roles,2019-08-02 05:00:00,24.2395325852,115.617448916,1,0,0,12,12,7084,6563
compact51_marcy__current_roles,2019-08-02 06:00:00,21.4163375413,201.416315512,0,0,0,12,12,5843,7512
compact51_marcy__current_roles,2019-08-02 07:00:00,16.527975291,68.7848446056,0,0,0,12,12,2335,4522
compact51_marcy__current_roles,2019-08-02 08:00:00,16.4076177367,70.9767497088,0,0,0,12,12,2249,4785
compact51_marcy__current_roles,2019-08-02 09:00:00,19.992581289,76.069105461,0,0,0,12,12,4970,5267
compact51_marcy__current_roles,2019-08-02 10:00:00,20.2056214967,126.474782899,1,0,0,12,12,5123,6777
compact51_marcy__current_roles,2019-08-02 11:00:00,17.6887696897,163.806744145,1,0,0,12,12,3212,7231
compact51_marcy__current_roles,2019-08-02 12:00:00,20.8991843367,368.477540369,1,0,0,12,12,5558,8098
compact51_marcy__current_roles,2019-08-02 13:00:00,20.5388420036,439.037322913,1,0,0,12,12,5331,8179
compact51_marcy__current_roles,2019-08-02 14:00:00,18.9009126753,867.675382745,1,0,0,12,12,4198,8461
compact51_marcy__current_roles,2019-08-02 15:00:00,20.8759555387,169.599601768,0,0,0,12,12,5544,7277
compact51_marcy__current_roles,2019-08-02 16:00:00,21.0371490502,83.5431403645,0,0,0,12,12,5644,5657
compact51_marcy__current_roles,2019-08-02 17:00:00,25.3941444412,83.7404877235,0,0,0,12,12,7421,5671
compact51_marcy__current_roles,2019-08-02 18:00:00,30.288109077,177.756949018,1,0,0,12,12,8304,7346
compact51_marcy__current_roles,2019-08-02 19:00:00,30.3853023995,227.882251617,1,0,0,12,12,8311,7658
compact51_marcy__current_roles,2019-08-02 20:00:00,29.4869877385,155.515718814,1,0,0,12,12,8196,7150
compact51_marcy__current_roles,2019-08-02 21:00:00,30.1142745661,95.7042591862,0,0,0,12,12,8283,6072
compact51_marcy__current_roles,2019-08-02 22:00:00,22.9035599121,76.5105919195,0,0,0,12,12,6543,5305
compact51_marcy__current_roles,2019-08-02 23:00:00,21.9991857739,288.51585872,1,0,0,12,12,6129,7910
compact51_marcy__current_roles,2019-08-03 00:00:00,13.5335806809,56.3638407291,0,0,0,12,12,558,1952
compact51_marcy__current_roles,2019-08-03 01:00:00,13.4081380212,63.6892358412,0,0,0,12,12,516,3645
compact51_marcy__current_roles,2019-08-03 02:00:00,12.3075484566,63.6249253197,0,0,0,12,12,199,3630
compact51_marcy__current_roles,2019-08-03 03:00:00,16.6532028402,65.8602724972,0,0,0,12,12,2421,4093
compact51_marcy__current_roles,2019-08-03 04:00:00,17.9241933943,66.2996983387,0,0,0,12,12,3420,4167
compact51_marcy__current_roles,2019-08-03 05:00:00,23.2272725222,77.8672035492,0,0,0,12,12,6695,5389
compact51_marcy__current_roles,2019-08-03 06:00:00,25.6611292759,79.0317460941,0,0,0,12,12,7490,5451
compact51_marcy__current_roles,2019-08-03 07:00:00,27.4022924952,71.1778019131,0,0,0,12,12,7893,4805
compact51_marcy__current_roles,2019-08-03 08:00:00,20.2867003328,69.7262323268,0,0,0,12,12,5169,4642
compact51_marcy__current_roles,2019-08-03 09:00:00,22.4839849444,110.912471237,1,0,0,12,12,6339,6469
compact51_marcy__current_roles,2019-08-03 10:00:00,25.0135752714,146.887361528,1,0,0,12,12,7323,7047
compact51_marcy__current_roles,2019-08-03 11:00:00,29.4727875746,168.000148242,1,0,0,12,12,8191,7264
compact51_marcy__current_roles,2019-08-03 12:00:00,28.8942023111,216.501953534,1,0,0,13,13,8112,7597
compact51_marcy__current_roles,2019-08-03 13:00:00,33.8556438472,222.874520833,1,0,0,12,12,8549,7628
compact51_marcy__current_roles,2019-08-03 14:00:00,37.5366290787,253.375421348,1,0,0,12,12,8670,7783
compact51_marcy__current_roles,2019-08-03 15:00:00,36.2933610685,282.609899258,1,0,0,12,12,8633,7886
compact51_marcy__current_roles,2019-08-03 16:00:00,34.6651053425,341.520613413,1,0,0,12,12,8579,8040
compact51_marcy__current_roles,2019-08-03 17:00:00,34.2778807893,347.19543258,1,0,0,12,12,8564,8057
compact51_marcy__current_roles,2019-08-03 18:00:00,36.5814723199,317.623493082,1,0,0,12,12,8640,7982
compact51_marcy__current_roles,2019-08-03 19:00:00,35.9300346318,230.951501045,1,0,0,12,12,8624,7671
compact51_marcy__current_roles,2019-08-03 20:00:00,28.0635842852,225.429348463,1,0,0,12,12,7993,7643
compact51_marcy__current_roles,2019-08-03 21:00:00,29.7511659508,398.199547693,1,0,0,12,12,8228,8134
compact51_marcy__current_roles,2019-08-03 22:00:00,28.4835156271,368.419813576,1,0,0,12,12,8043,8097
compact51_marcy__current_roles,2019-08-03 23:00:00,28.2456480707,140293.886761,0,0,0,12,12,8014,8759
compact51_marcy__current_roles,2019-08-04 00:00:00,19.080233323,168.965654529,1,0,0,12,12,4347,7268
compact51_marcy__current_roles,2019-08-04 01:00:00,17.5053178382,123.502387364,1,0,0,12,12,3079,6724
compact51_marcy__current_roles,2019-08-04 02:00:00,18.1031443719,233.251396412,1,0,0,12,12,3577,7682
compact51_marcy__current_roles,2019-08-04 03:00:00,15.2493010598,56.085836515,0,0,0,12,12,1432,1891
compact51_marcy__current_roles,2019-08-04 04:00:00,18.0106785679,57.868445959,0,0,0,12,12,3495,2311
compact51_marcy__current_roles,2019-08-04 05:00:00,15.4459251426,56.1972625354,0,0,0,12,12,1573,1920
compact51_marcy__current_roles,2019-08-04 06:00:00,26.1754781712,123.490633806,0,0,0,12,12,7618,6722
compact51_marcy__current_roles,2019-08-04 07:00:00,19.8939484287,483.467102563,1,0,0,12,12,4904,8227
compact51_marcy__current_roles,2019-08-04 08:00:00,16.0411222525,123.928852866,0,0,0,12,12,1973,6733
compact51_marcy__current_roles,2019-08-04 09:00:00,15.9386003234,170.876231033,1,0,0,12,12,1900,7289
compact51_marcy__current_roles,2019-08-04 10:00:00,16.5574349063,67.0657748791,0,0,0,12,12,2362,4296
compact51_marcy__current_roles,2019-08-04 11:00:00,17.7063355696,67.6923365408,0,0,0,12,12,3228,4389
compact51_marcy__current_roles,2019-08-04 12:00:00,16.9294675039,74.8105681888,0,0,0,12,12,2625,5157
compact51_marcy__current_roles,2019-08-04 13:00:00,20.3378910211,111.556871262,1,0,0,12,12,5207,6479
compact51_marcy__current_roles,2019-08-04 14:00:00,19.4920477672,120.558720454,1,0,0,12,12,4637,6654
compact51_marcy__current_roles,2019-08-04 15:00:00,20.712950651,171.286100886,1,0,0,12,12,5437,7292
compact51_marcy__current_roles,2019-08-04 16:00:00,19.4363578446,228.292615753,1,0,0,12,12,4589,7660
compact51_marcy__current_roles,2019-08-04 17:00:00,20.5290576014,143.559271886,1,0,0,12,12,5327,7008
compact51_marcy__current_roles,2019-08-04 18:00:00,22.8386455548,189.246045915,1,0,0,12,12,6518,7416
compact51_marcy__current_roles,2019-08-04 19:00:00,23.6540313532,182.641845588,1,0,0,12,12,6890,7379
compact51_marcy__current_roles,2019-08-04 20:00:00,25.9917165395,135.502253022,1,0,0,12,12,7571,6907
compact51_marcy__current_roles,2019-08-04 21:00:00,24.6639638541,79.7665100889,0,0,0,12,12,7209,5492
compact51_marcy__current_roles,2019-08-04 22:00:00,20.2174106984,64.8567279505,0,0,0,12,12,5132,3900
compact51_marcy__current_roles,2019-08-04 23:00:00,22.0634303209,57.858849887,0,0,0,12,12,6148,2306
compact51_marcy__current_roles,2019-08-05 00:00:00,18.3578095637,341.851029658,1,0,0,12,12,3777,8041
compact51_marcy__current_roles,2019-08-05 01:00:00,13.000394143,436.474064606,1,0,0,12,12,379,8176
compact51_marcy__current_roles,2019-08-05 02:00:00,12.5886838441,117.493470154,0,0,0,12,12,262,6591
compact51_marcy__current_roles,2019-08-05 03:00:00,14.5014470777,247.033679978,1,0,0,12,12,967,7754
compact51_marcy__current_roles,2019-08-05 04:00:00,21.9723694144,233.339730974,0,0,0,12,12,6121,7683
compact51_marcy__current_roles,2019-08-05 05:00:00,25.026709556,73.0481421116,0,0,0,13,13,7327,4983
compact51_marcy__current_roles,2019-08-05 06:00:00,22.5831052191,81.5903051101,0,0,0,12,12,6390,5583
compact51_marcy__current_roles,2019-08-05 07:00:00,15.6171218999,150.89926866,0,0,0,12,12,1678,7096
compact51_marcy__current_roles,2019-08-05 08:00:00,14.5320813853,625.019345737,1,0,0,12,12,981,8351
compact51_marcy__current_roles,2019-08-05 09:00:00,18.2628619352,502.93689961,1,0,0,12,12,3696,8254
compact51_marcy__current_roles,2019-08-05 10:00:00,19.3158899252,79.4812412085,0,0,0,12,12,4507,5473
compact51_marcy__current_roles,2019-08-05 11:00:00,17.9651389309,83.284708666,0,0,0,12,12,3459,5650
compact51_marcy__current_roles,2019-08-05 12:00:00,21.5617124866,91.1819430735,0,0,0,12,12,5922,5913
compact51_marcy__current_roles,2019-08-05 13:00:00,24.6084037536,133.82766058,0,0,0,12,12,7194,6888
compact51_marcy__current_roles,2019-08-05 14:00:00,24.7781118539,75.4053608374,0,0,0,12,12,7244,5217
compact51_marcy__current_roles,2019-08-05 15:00:00,27.8927535813,75.7466710928,0,0,0,12,12,7967,5245
compact51_marcy__current_roles,2019-08-05 16:00:00,27.7017481345,74.2993447764,0,0,0,12,12,7941,5119
compact51_marcy__current_roles,2019-08-05 17:00:00,28.0499578615,80.5889041193,0,0,0,12,12,7990,5522
compact51_marcy__current_roles,2019-08-05 18:00:00,29.178590688,157.779127984,0,0,0,12,12,8151,7174
compact51_marcy__current_roles,2019-08-05 19:00:00,31.6734404281,216.055359389,0,0,0,12,12,8431,7590
compact51_marcy__current_roles,2019-08-05 20:00:00,28.8517282576,320.76000319,0,0,0,12,12,8107,7992
compact51_marcy__current_roles,2019-08-05 21:00:00,28.850634407,92.4273393053,0,0,0,12,12,8106,5961
compact51_marcy__current_roles,2019-08-05 22:00:00,20.8698942819,70.7126009713,0,0,0,12,12,5541,4763
compact51_marcy__current_roles,2019-08-05 23:00:00,22.6503423201,64.8005105551,0,0,0,12,12,6428,3880
compact51_marcy__current_roles,2019-08-06 00:00:00,13.7141814618,149.441371139,1,0,0,12,12,622,7076
compact51_marcy__current_roles,2019-08-06 01:00:00,10.5238467734,56.923776741,0,0,0,12,12,19,2083
compact51_marcy__current_roles,2019-08-06 02:00:00,14.60020733,215.691341815,1,0,0,12,12,1021,7588
compact51_marcy__current_roles,2019-08-06 03:00:00,18.3081887251,216.922090305,1,0,0,12,12,3733,7599
compact51_marcy__current_roles,2019-08-06 04:00:00,18.8545322599,281.027794962,1,0,0,12,12,4146,7883
compact51_marcy__current_roles,2019-08-06 05:00:00,20.0452842282,2470.66238445,1,0,0,12,12,5017,8652
compact51_marcy__current_roles,2019-08-06 06:00:00,12.1362032332,99.7886825453,0,0,0,12,12,159,6196
compact51_marcy__current_roles,2019-08-06 07:00:00,16.7953271137,96.9036056817,0,0,0,12,12,2526,6110
compact51_marcy__current_roles,2019-08-06 08:00:00,18.391376841,337.525784116,0,0,0,12,12,3795,8027
compact51_marcy__current_roles,2019-08-06 09:00:00,21.2075813621,389.819663092,0,0,0,12,12,5718,8121
compact51_marcy__current_roles,2019-08-06 10:00:00,23.5155128649,114.465455576,0,0,0,12,12,6826,6542
compact51_marcy__current_roles,2019-08-06 11:00:00,31.0787897107,126.936020747,0,0,0,12,12,8389,6793
compact51_marcy__current_roles,2019-08-06 12:00:00,32.8578847101,132.936970181,0,0,0,12,12,8500,6878
compact51_marcy__current_roles,2019-08-06 13:00:00,31.8469674799,66.655979993,0,0,0,12,12,8440,4226
compact51_marcy__current_roles,2019-08-06 14:00:00,27.3791704635,71.313792325,0,0,0,12,12,7887,4824
compact51_marcy__current_roles,2019-08-06 15:00:00,30.1641265537,71.3446258062,0,0,0,12,12,8286,4827
compact51_marcy__current_roles,2019-08-06 16:00:00,29.8863839977,76.539029319,0,0,0,12,12,8249,5308
compact51_marcy__current_roles,2019-08-06 17:00:00,26.7113806021,70.9783324194,0,0,0,12,12,7736,4786
compact51_marcy__current_roles,2019-08-06 18:00:00,26.3323902025,71.5567346981,0,0,0,12,12,7651,4848
compact51_marcy__current_roles,2019-08-06 19:00:00,29.5655057918,64.3065263986,0,0,0,12,12,8207,3772
compact51_marcy__current_roles,2019-08-06 20:00:00,37.3288098623,65.0000745016,0,0,0,12,12,8665,3932
compact51_marcy__current_roles,2019-08-06 21:00:00,29.8416540727,84.3224212197,0,0,0,12,12,8245,5691
compact51_marcy__current_roles,2019-08-06 22:00:00,25.2343686828,441.004322567,0,0,0,13,13,7372,8181
compact51_marcy__current_roles,2019-08-06 23:00:00,27.2977474868,247.066993353,1,0,0,12,12,7863,7755
compact51_marcy__current_roles,2019-08-07 00:00:00,18.037442591,255.939717686,1,0,0,12,12,3521,7795
compact51_marcy__current_roles,2019-08-07 01:00:00,18.2015931182,62.448118703,0,0,0,12,12,3651,3388
compact51_marcy__current_roles,2019-08-07 02:00:00,18.3268396007,471.12444022,0,0,0,12,12,3751,8212
compact51_marcy__current_roles,2019-08-07 03:00:00,18.2768757894,60.3051171501,0,0,0,12,12,3711,2886
compact51_marcy__current_roles,2019-08-07 04:00:00,21.0864133693,142.31727124,1,0,0,12,12,5666,6989
compact51_marcy__current_roles,2019-08-07 05:00:00,21.5023355263,67.909803672,0,0,0,12,12,5892,4405
compact51_marcy__current_roles,2019-08-07 06:00:00,18.578535434,67.9825513966,0,0,0,12,12,3946,4419
compact51_marcy__current_roles,2019-08-07 07:00:00,19.6726465588,149.906903521,1,0,0,12,11,4769,7083
compact51_marcy__current_roles,2019-08-07 08:00:00,20.7201232223,231.78394715,1,0,0,12,12,5445,7675
compact51_marcy__current_roles,2019-08-07 09:00:00,19.9104200883,207.934043575,1,0,0,12,12,4911,7551
compact51_marcy__current_roles,2019-08-07 10:00:00,18.5744263229,215.269695783,1,0,0,12,12,3940,7585
compact51_marcy__current_roles,2019-08-07 11:00:00,18.8730170323,173.208808768,1,0,0,12,12,4165,7311
compact51_marcy__current_roles,2019-08-07 12:00:00,24.8511933584,236.514674444,1,0,0,12,12,7267,7709
compact51_marcy__current_roles,2019-08-07 13:00:00,30.5089622806,1253.53490159,0,0,0,12,12,8326,8541
compact51_marcy__current_roles,2019-08-07 14:00:00,28.5699700089,264.548529725,0,0,0,12,12,8056,7823
compact51_marcy__current_roles,2019-08-07 15:00:00,33.2580070693,300.500410553,0,0,0,12,12,8521,7931
compact51_marcy__current_roles,2019-08-07 16:00:00,33.3214356098,667.70437979,0,0,0,12,12,8522,8377
compact51_marcy__current_roles,2019-08-07 17:00:00,32.6842798757,90.2457000203,0,0,0,12,12,8493,5894
compact51_marcy__current_roles,2019-08-07 18:00:00,34.1445540784,70.3289071013,0,0,0,12,12,8557,4721
compact51_marcy__current_roles,2019-08-07 19:00:00,34.8777577769,67.5295464517,0,0,0,12,12,8589,4363
compact51_marcy__current_roles,2019-08-07 20:00:00,40.2368589236,175.464437294,1,0,0,12,12,8711,7329
compact51_marcy__current_roles,2019-08-07 21:00:00,36.7631171888,174.503740909,0,0,0,12,12,8645,7322
compact51_marcy__current_roles,2019-08-07 22:00:00,29.547826387,464.953199266,0,0,0,12,12,8205,8204
compact51_marcy__current_roles,2019-08-07 23:00:00,36.8022758913,67.2029649951,0,0,0,12,12,8646,4322
compact51_marcy__current_roles,2019-08-08 00:00:00,20.7727124792,323.702631959,1,0,0,12,12,5477,7995
compact51_marcy__current_roles,2019-08-08 01:00:00,20.4461060539,149.162120221,1,0,0,12,12,5277,7071
compact51_marcy__current_roles,2019-08-08 02:00:00,17.8478257149,107.488855799,1,0,0,12,12,3359,6395
compact51_marcy__current_roles,2019-08-08 03:00:00,16.9832878927,99.6024567105,0,0,0,12,12,2665,6187
compact51_marcy__current_roles,2019-08-08 04:00:00,15.9162920505,95.8655950092,0,0,0,12,12,1884,6081
compact51_marcy__current_roles,2019-08-08 05:00:00,23.9775345115,64.5577848467,0,0,0,12,12,6994,3829
compact51_marcy__current_roles,2019-08-08 06:00:00,20.785205932,303.712024576,0,0,0,12,12,5486,7943
compact51_marcy__current_roles,2019-08-08 07:00:00,17.6627281401,76.6599307072,0,0,0,12,12,3197,5317
compact51_marcy__current_roles,2019-08-08 08:00:00,17.3159349149,69.2784751259,0,0,0,12,12,2942,4588
compact51_marcy__current_roles,2019-08-08 09:00:00,19.1121066919,108.365377797,1,0,0,12,12,4376,6412
compact51_marcy__current_roles,2019-08-08 10:00:00,18.235705339,154.314054309,1,0,0,12,12,3676,7140
compact51_marcy__current_roles,2019-08-08 11:00:00,18.7618966385,150.451437781,1,0,0,12,12,4071,7091
compact51_marcy__current_roles,2019-08-08 12:00:00,21.2641388179,101.958398953,1,0,0,12,12,5753,6274
compact51_marcy__current_roles,2019-08-08 13:00:00,18.6218505244,73.2484274611,0,0,0,12,12,3978,5003
compact51_marcy__current_roles,2019-08-08 14:00:00,21.0306033961,83.6792732049,0,0,0,12,12,5635,5668
compact51_marcy__current_roles,2019-08-08 15:00:00,18.8923636754,72.8219823521,0,0,0,12,12,4184,4955
compact51_marcy__current_roles,2019-08-08 16:00:00,15.5370244868,65.4255067707,0,0,0,12,12,1634,4021
compact51_marcy__current_roles,2019-08-08 17:00:00,16.6162786838,62.6963123506,0,0,0,13,13,2402,3428
compact51_marcy__current_roles,2019-08-08 18:00:00,20.7384501691,51.9924440288,0,0,0,12,12,5453,1082
compact51_marcy__current_roles,2019-08-08 19:00:00,25.7730724285,85.9612571788,0,0,0,12,12,7515,5757
compact51_marcy__current_roles,2019-08-08 20:00:00,24.454772038,132.726603267,1,0,0,12,12,7160,6877
compact51_marcy__current_roles,2019-08-08 21:00:00,22.4283967229,86.2344727575,0,0,0,11,11,6307,5765
compact51_marcy__current_roles,2019-08-08 22:00:00,18.6274212016,59.7181250836,0,0,0,12,12,3982,2745
compact51_marcy__current_roles,2019-08-08 23:00:00,19.6156981791,48.3996699174,0,0,0,12,12,4720,544
compact51_marcy__current_roles,2019-08-09 00:00:00,17.1026082265,55.4282043758,0,0,0,12,12,2760,1750
compact51_marcy__current_roles,2019-08-09 01:00:00,17.8858815293,129.780233927,0,0,0,12,12,3391,6839
compact51_marcy__current_roles,2019-08-09 02:00:00,17.7757300925,112.755437026,0,0,0,12,12,3288,6509
compact51_marcy__current_roles,2019-08-09 03:00:00,19.6693543752,62.7633973844,0,0,0,12,12,4766,3440
compact51_marcy__current_roles,2019-08-09 04:00:00,27.3760835461,65.5892827441,0,0,0,12,12,7885,4050
compact51_marcy__current_roles,2019-08-09 05:00:00,27.7014803806,89.3346428256,0,0,0,12,12,7940,5862
compact51_marcy__current_roles,2019-08-09 06:00:00,24.4189926386,149.594677428,0,0,0,12,12,7147,7078
compact51_marcy__current_roles,2019-08-09 07:00:00,17.661164666,56.632209768,0,0,0,12,12,3196,2011
compact51_marcy__current_roles,2019-08-09 08:00:00,18.5131246084,61.443331752,0,0,0,12,12,3881,3153
compact51_marcy__current_roles,2019-08-09 09:00:00,17.6376910105,57.8644887959,0,0,0,12,12,3181,2308
compact51_marcy__current_roles,2019-08-09 10:00:00,19.2544154851,58.5312609615,0,0,0,12,12,4466,2464
compact51_marcy__current_roles,2019-08-09 11:00:00,17.6196776533,55.2401571789,0,0,0,12,12,3163,1696
compact51_marcy__current_roles,2019-08-09 12:00:00,18.5565363469,62.7791642118,0,0,0,12,12,3914,3447
compact51_marcy__current_roles,2019-08-09 13:00:00,18.3701653477,57.1247922614,0,0,0,12,12,3784,2125
compact51_marcy__current_roles,2019-08-09 14:00:00,17.0652470206,57.9055423236,0,0,0,12,12,2726,2326
compact51_marcy__current_roles,2019-08-09 15:00:00,16.7837915794,62.7206000093,0,0,0,11,11,2517,3433
compact51_marcy__current_roles,2019-08-09 16:00:00,17.1834354949,58.3950976834,0,0,0,12,12,2826,2429
compact51_marcy__current_roles,2019-08-09 17:00:00,16.1856248041,56.5643344107,0,0,0,12,12,2070,1995
compact51_marcy__current_roles,2019-08-09 18:00:00,18.3362770762,56.2442092623,0,0,0,12,12,3756,1929
compact51_marcy__current_roles,2019-08-09 19:00:00,18.6588383123,53.8565427209,0,0,0,12,12,4004,1436
compact51_marcy__current_roles,2019-08-09 20:00:00,19.735979257,55.3189809812,0,0,0,12,12,4805,1720
compact51_marcy__current_roles,2019-08-09 21:00:00,20.1382175243,54.3688062573,0,0,0,12,12,5076,1521
compact51_marcy__current_roles,2019-08-09 22:00:00,17.1692981315,55.8465451079,0,0,0,12,12,2820,1837
compact51_marcy__current_roles,2019-08-09 23:00:00,23.2769426965,122.120267238,0,0,0,12,12,6718,6689
compact51_marcy__current_roles,2019-08-10 00:00:00,13.3596729118,50.2554620897,0,0,0,13,13,507,783
compact51_marcy__current_roles,2019-08-10 01:00:00,14.7781173217,66.0676857078,0,0,0,11,11,1110,4129
compact51_marcy__current_roles,2019-08-10 02:00:00,18.1830626903,67.725578573,0,0,0,12,12,3639,4395
compact51_marcy__current_roles,2019-08-10 03:00:00,19.4356165886,66.8021865261,0,0,0,12,12,4587,4253
compact51_marcy__current_roles,2019-08-10 04:00:00,18.9646506846,66.1207970091,0,0,0,12,12,4246,4139
compact51_marcy__current_roles,2019-08-10 05:00:00,18.7073842344,67.8500164126,0,0,0,12,12,4038,4403
compact51_marcy__current_roles,2019-08-10 06:00:00,27.9633983489,75.3259636388,0,0,0,12,12,7976,5211
compact51_marcy__current_roles,2019-08-10 07:00:00,23.3662361927,70.7024531188,0,0,0,12,12,6755,4761
compact51_marcy__current_roles,2019-08-10 08:00:00,20.7509532611,72.9261595109,0,0,0,12,12,5464,4969
compact51_marcy__current_roles,2019-08-10 09:00:00,18.6758179748,72.004879743,0,0,0,12,12,4016,4886
compact51_marcy__current_roles,2019-08-10 10:00:00,18.8081562941,80.4669031261,0,0,0,12,12,4107,5515
compact51_marcy__current_roles,2019-08-10 11:00:00,17.9037767302,73.697712368,0,0,0,12,12,3404,5053
compact51_marcy__current_roles,2019-08-10 12:00:00,17.2319104175,71.7715915169,0,0,0,12,12,2875,4866
compact51_marcy__current_roles,2019-08-10 13:00:00,16.4573855447,69.6606837219,0,0,0,12,12,2289,4633
compact51_marcy__current_roles,2019-08-10 14:00:00,16.5740300398,71.4730009003,0,0,0,12,12,2377,4836
compact51_marcy__current_roles,2019-08-10 15:00:00,18.8172887965,117.81140175,0,0,0,12,12,4116,6599
compact51_marcy__current_roles,2019-08-10 16:00:00,18.4583827617,131.593211178,0,0,0,12,12,3844,6859
compact51_marcy__current_roles,2019-08-10 17:00:00,19.6746445255,118.399610778,0,0,0,12,12,4771,6610
compact51_marcy__current_roles,2019-08-10 18:00:00,17.6971979436,68.3607209875,0,0,0,12,12,3221,4471
compact51_marcy__current_roles,2019-08-10 19:00:00,17.01558304,64.8391721324,0,0,0,12,12,2690,3895
compact51_marcy__current_roles,2019-08-10 20:00:00,18.4301053672,63.190213265,0,0,0,12,12,3820,3539
compact51_marcy__current_roles,2019-08-10 21:00:00,19.7899248919,56.3061861792,0,0,0,12,12,4837,1938
compact51_marcy__current_roles,2019-08-10 22:00:00,18.8926113214,63.6957030174,0,0,0,12,12,4185,3648
compact51_marcy__current_roles,2019-08-10 23:00:00,17.6310751152,61.098710664,0,0,0,12,12,3170,3073
compact51_marcy__current_roles,2019-08-11 00:00:00,14.6884185756,62.4306203904,0,0,0,12,12,1056,3381
compact51_marcy__current_roles,2019-08-11 01:00:00,16.0943790688,59.7487153154,0,0,0,12,12,2016,2749
compact51_marcy__current_roles,2019-08-11 02:00:00,18.1315643306,68.8827683305,0,0,0,12,12,3598,4540
compact51_marcy__current_roles,2019-08-11 03:00:00,16.9533619775,57.2799564431,0,0,0,12,12,2646,2159
compact51_marcy__current_roles,2019-08-11 04:00:00,16.099494305,52.834150426,0,0,0,12,12,2017,1234
compact51_marcy__current_roles,2019-08-11 05:00:00,14.6499981057,50.2000632713,0,0,0,12,12,1036,771
compact51_marcy__current_roles,2019-08-11 06:00:00,15.1528509613,51.3610038303,0,0,0,12,12,1353,961
compact51_marcy__current_roles,2019-08-11 07:00:00,17.8423521729,50.0864004524,0,0,0,12,12,3353,755
compact51_marcy__current_roles,2019-08-11 08:00:00,16.7868390823,64.8251085603,0,0,0,12,12,2520,3889
compact51_marcy__current_roles,2019-08-11 09:00:00,18.8922591717,55.4707379498,0,0,0,13,13,4183,1760
compact51_marcy__current_roles,2019-08-11 10:00:00,16.5251550677,71.292644516,0,0,0,12,12,2333,4821
compact51_marcy__current_roles,2019-08-11 11:00:00,16.8451417958,69.8087832794,0,0,0,12,12,2566,4650
compact51_marcy__current_roles,2019-08-11 12:00:00,18.7205436012,70.005745476,0,0,0,12,12,4043,4679
compact51_marcy__current_roles,2019-08-11 13:00:00,18.6643930445,68.512273858,0,0,0,12,12,4006,4494
compact51_marcy__current_roles,2019-08-11 14:00:00,14.9070421264,64.0523090424,0,0,0,12,12,1197,3717
compact51_marcy__current_roles,2019-08-11 15:00:00,13.9311435934,62.6858216216,0,0,0,12,12,717,3426
compact51_marcy__current_roles,2019-08-11 16:00:00,16.0725059192,59.9613667417,0,0,0,12,12,1996,2805
compact51_marcy__current_roles,2019-08-11 17:00:00,19.0253925454,58.0290977488,0,0,0,12,12,4303,2352
compact51_marcy__current_roles,2019-08-11 18:00:00,19.8506352759,62.7162836234,0,0,0,12,12,4874,3431
compact51_marcy__current_roles,2019-08-11 19:00:00,20.4911229318,71.7749926332,0,0,0,12,12,5307,4869
compact51_marcy__current_roles,2019-08-11 20:00:00,17.6349654926,62.8605485194,0,0,0,12,12,3176,3470
compact51_marcy__current_roles,2019-08-11 21:00:00,23.8488021229,65.6055538015,0,0,0,12,12,6957,4053
compact51_marcy__current_roles,2019-08-11 22:00:00,15.549192551,58.099336515,0,0,0,12,12,1639,2369
compact51_marcy__current_roles,2019-08-11 23:00:00,13.8811710499,61.7187750673,0,0,0,12,12,694,3221
compact51_marcy__current_roles,2019-08-12 00:00:00,15.2973816346,57.6949242529,0,0,0,12,12,1462,2266
compact51_marcy__current_roles,2019-08-12 01:00:00,17.3656184135,76.3389965063,0,0,0,12,12,2970,5289
compact51_marcy__current_roles,2019-08-12 02:00:00,20.3036333577,227.314932983,0,0,0,12,12,5179,7652
compact51_marcy__current_roles,2019-08-12 03:00:00,21.6273824052,30105.2902324,0,0,0,12,12,5950,8749
compact51_marcy__current_roles,2019-08-12 04:00:00,28.0428982202,3159.15238434,0,0,0,12,12,7988,8674
compact51_marcy__current_roles,2019-08-12 05:00:00,33.5013379406,428.062237323,0,0,0,12,12,8535,8165
compact51_marcy__current_roles,2019-08-12 06:00:00,24.815299615,120.581841585,0,0,0,12,12,7258,6656
compact51_marcy__current_roles,2019-08-12 07:00:00,19.648310319,64.8084642792,0,0,0,12,12,4747,3883
compact51_marcy__current_roles,2019-08-12 08:00:00,17.5920227461,259.643236824,1,0,0,12,12,3146,7812
compact51_marcy__current_roles,2019-08-12 09:00:00,19.412791528,142.54024754,1,0,0,12,12,4567,6991
compact51_marcy__current_roles,2019-08-12 10:00:00,15.6857775622,75.1030270067,0,0,0,12,12,1720,5185
compact51_marcy__current_roles,2019-08-12 11:00:00,17.1443833478,74.2155515548,0,0,0,12,12,2791,5108
compact51_marcy__current_roles,2019-08-12 12:00:00,17.0059606914,78.3163681709,0,0,0,12,12,2679,5416
compact51_marcy__current_roles,2019-08-12 13:00:00,16.6898458039,191.494302831,1,0,0,12,12,2450,7434
compact51_marcy__current_roles,2019-08-12 14:00:00,14.5648146686,3424.71957469,0,0,0,12,12,1002,8680
compact51_marcy__current_roles,2019-08-12 15:00:00,15.5956157026,197.5953925,0,0,0,12,12,1668,7485
compact51_marcy__current_roles,2019-08-12 16:00:00,15.9803906417,77.8296552339,0,0,0,12,12,1931,5386
compact51_marcy__current_roles,2019-08-12 17:00:00,18.2261795226,94.9501988175,0,0,0,12,12,3668,6048
compact51_marcy__current_roles,2019-08-12 18:00:00,19.4543699405,85.3187891572,0,0,0,12,12,4604,5735
compact51_marcy__current_roles,2019-08-12 19:00:00,20.0993643935,116.265450187,1,0,0,12,12,5048,6567
compact51_marcy__current_roles,2019-08-12 20:00:00,20.120732249,133.312371338,1,0,0,12,12,5064,6882
compact51_marcy__current_roles,2019-08-12 21:00:00,18.6524627455,145.482361077,1,0,0,12,12,3998,7027
compact51_marcy__current_roles,2019-08-12 22:00:00,15.6809681129,153.078922302,1,0,0,12,12,1716,7119
compact51_marcy__current_roles,2019-08-12 23:00:00,17.1949563592,72.4787079806,0,0,0,12,12,2838,4930
compact51_marcy__current_roles,2019-08-13 00:00:00,19.6316674822,834.491966851,0,0,0,12,12,4734,8449
compact51_marcy__current_roles,2019-08-13 01:00:00,15.8823973177,286.69855375,1,0,0,12,12,1847,7903
compact51_marcy__current_roles,2019-08-13 02:00:00,17.7222751949,141.355844201,1,0,0,12,12,3239,6981
compact51_marcy__current_roles,2019-08-13 03:00:00,19.0427374475,280.270844216,1,0,0,12,12,4317,7877
compact51_marcy__current_roles,2019-08-13 04:00:00,28.5705529296,274.740601498,1,0,0,12,12,8057,7851
compact51_marcy__current_roles,2019-08-13 05:00:00,25.2786235949,160.72168417,1,0,0,12,12,7386,7196
compact51_marcy__current_roles,2019-08-13 06:00:00,19.5587332681,142.557284322,1,0,0,12,12,4686,6993
compact51_marcy__current_roles,2019-08-13 07:00:00,19.0222408592,64.435987464,0,0,0,12,12,4298,3798
compact51_marcy__current_roles,2019-08-13 08:00:00,20.501237238,101.003735308,1,0,0,12,12,5311,6242
compact51_marcy__current_roles,2019-08-13 09:00:00,19.3367192753,117.395930326,1,0,0,12,12,4519,6587
compact51_marcy__current_roles,2019-08-13 10:00:00,19.7416401996,176.214128734,1,0,0,12,12,4810,7336
compact51_marcy__current_roles,2019-08-13 11:00:00,21.8508255396,1354.51026017,1,0,0,12,12,6060,8552
compact51_marcy__current_roles,2019-08-13 12:00:00,25.2274243819,4565.21596991,1,0,0,12,12,7368,8705
compact51_marcy__current_roles,2019-08-13 13:00:00,26.6302357781,136.655875787,0,0,0,12,12,7720,6918
compact51_marcy__current_roles,2019-08-13 14:00:00,22.4739093275,81.5034066109,0,0,0,12,12,6334,5579
compact51_marcy__current_roles,2019-08-13 15:00:00,23.7308357859,76.4411498057,0,0,0,12,12,6923,5298
compact51_marcy__current_roles,2019-08-13 16:00:00,24.8844180387,74.0524144606,0,0,0,12,12,7280,5094
compact51_marcy__current_roles,2019-08-13 17:00:00,26.8281335449,77.5188645872,0,0,0,12,12,7761,5370
compact51_marcy__current_roles,2019-08-13 18:00:00,27.9840102144,67.4184817699,0,0,0,12,12,7978,4348
compact51_marcy__current_roles,2019-08-13 19:00:00,27.4844296159,67.1429463219,0,0,0,12,12,7905,4310
compact51_marcy__current_roles,2019-08-13 20:00:00,28.4958083274,191.288481529,1,0,0,12,12,8045,7433
compact51_marcy__current_roles,2019-08-13 21:00:00,29.1979025051,137.508762058,1,0,0,12,12,8158,6931
compact51_marcy__current_roles,2019-08-13 22:00:00,22.2285653328,120.03521047,1,0,0,12,12,6224,6641
compact51_marcy__current_roles,2019-08-13 23:00:00,17.340273306,67.5427056997,0,0,0,12,12,2958,4366
compact51_marcy__current_roles,2019-08-14 00:00:00,18.3146333805,60.3285010565,0,0,0,12,12,3739,2894
compact51_marcy__current_roles,2019-08-14 01:00:00,16.1518679668,57.9811968865,0,0,0,12,12,2058,2339
compact51_marcy__current_roles,2019-08-14 02:00:00,16.9107089476,204.818565127,0,0,0,12,12,2607,7536
compact51_marcy__current_roles,2019-08-14 03:00:00,17.4929423138,236.477258582,0,0,0,12,12,3069,7708
compact51_marcy__current_roles,2019-08-14 04:00:00,21.756740321,103.680013414,0,0,0,12,12,6005,6316
compact51_marcy__current_roles,2019-08-14 05:00:00,22.9047472337,174.11240955,0,0,0,12,12,6545,7319
compact51_marcy__current_roles,2019-08-14 06:00:00,15.5739947084,58.2483146101,0,0,0,12,12,1654,2395
compact51_marcy__current_roles,2019-08-14 07:00:00,13.8465973823,61.8060628842,0,0,0,12,12,677,3233
compact51_marcy__current_roles,2019-08-14 08:00:00,14.9009773382,63.2887789151,0,0,0,12,12,1192,3564
compact51_marcy__current_roles,2019-08-14 09:00:00,18.0471925918,139.005148579,1,0,0,12,12,3530,6949
compact51_marcy__current_roles,2019-08-14 10:00:00,17.6035139192,348.579491191,1,0,0,11,11,3157,8062
compact51_marcy__current_roles,2019-08-14 11:00:00,18.7443396715,646.145627442,1,0,0,12,12,4057,8359
compact51_marcy__current_roles,2019-08-14 12:00:00,17.8880080887,239.654452113,1,0,0,12,12,3393,7721
compact51_marcy__current_roles,2019-08-14 13:00:00,17.0513127181,613.959693111,0,0,0,12,12,2714,8344
compact51_marcy__current_roles,2019-08-14 14:00:00,16.4526975088,5517.28852288,1,0,0,12,12,2286,8717
compact51_marcy__current_roles,2019-08-14 15:00:00,15.6798773582,1067.95002228,0,0,0,12,12,1715,8507
compact51_marcy__current_roles,2019-08-14 16:00:00,17.7610098464,463.932646509,1,0,0,12,11,3276,8203
compact51_marcy__current_roles,2019-08-14 17:00:00,18.2686766502,250.946335499,1,0,0,12,12,3701,7775
compact51_marcy__current_roles,2019-08-14 18:00:00,21.6837688507,195.253139512,1,0,0,12,12,5971,7465
compact51_marcy__current_roles,2019-08-14 19:00:00,19.6338133,114.992625115,1,0,0,12,12,4737,6554
compact51_marcy__current_roles,2019-08-14 20:00:00,19.1158372426,129.427664218,1,0,0,13,12,4380,6834
compact51_marcy__current_roles,2019-08-14 21:00:00,21.7588214383,217.155013931,1,0,0,11,11,6008,7601
compact51_marcy__current_roles,2019-08-14 22:00:00,20.6240650756,290.579075474,1,0,0,12,12,5373,7914
compact51_marcy__current_roles,2019-08-14 23:00:00,22.4810342276,120.022909893,0,0,0,12,12,6338,6640
compact51_marcy__current_roles,2019-08-15 00:00:00,14.0281538392,126.425157905,1,0,0,11,11,753,6776
compact51_marcy__current_roles,2019-08-15 01:00:00,15.0236122772,196.796192804,1,0,0,12,12,1278,7479
compact51_marcy__current_roles,2019-08-15 02:00:00,15.9143238977,3926.57294839,0,0,0,12,12,1881,8692
compact51_marcy__current_roles,2019-08-15 03:00:00,14.7607869917,107.422365479,1,0,0,12,12,1095,6394
compact51_marcy__current_roles,2019-08-15 04:00:00,16.9490345875,137.182225793,1,0,0,12,12,2641,6926
compact51_marcy__current_roles,2019-08-15 05:00:00,18.8106572428,1505.3791416,1,0,0,12,12,4110,8575
compact51_marcy__current_roles,2019-08-15 06:00:00,17.3752458066,169.806885642,1,0,0,12,12,2975,7281
compact51_marcy__current_roles,2019-08-15 07:00:00,17.8136902209,160.972368839,1,0,0,13,13,3324,7201
compact51_marcy__current_roles,2019-08-15 08:00:00,18.6104354211,193.615898012,1,0,0,12,12,3972,7452
compact51_marcy__current_roles,2019-08-15 09:00:00,19.2761909322,821.693864486,1,0,0,12,12,4476,8442
compact51_marcy__current_roles,2019-08-15 10:00:00,18.9916891218,492.671077233,0,0,0,12,12,4273,8242
compact51_marcy__current_roles,2019-08-15 11:00:00,19.1230832128,517.336226794,0,0,0,12,12,4384,8271
compact51_marcy__current_roles,2019-08-15 12:00:00,19.8353285605,209.822098585,1,0,0,12,12,4863,7562
compact51_marcy__current_roles,2019-08-15 13:00:00,21.7629163196,874.637011193,1,0,0,12,12,6014,8463
compact51_marcy__current_roles,2019-08-15 14:00:00,18.253357096,1386.68017801,1,0,0,12,12,3689,8559
compact51_marcy__current_roles,2019-08-15 15:00:00,21.2410324617,587.640283444,1,0,0,12,12,5743,8327
compact51_marcy__current_roles,2019-08-15 16:00:00,20.6622962005,305.812375264,1,0,0,12,12,5407,7952
compact51_marcy__current_roles,2019-08-15 17:00:00,20.2029198782,161.280567584,1,0,0,12,12,5120,7203
compact51_marcy__current_roles,2019-08-15 18:00:00,20.2860834229,164.198001383,1,0,0,12,12,5168,7234
compact51_marcy__current_roles,2019-08-15 19:00:00,21.2389603224,172.026602427,1,0,0,13,11,5739,7298
compact51_marcy__current_roles,2019-08-15 20:00:00,24.396622302,253.224212956,1,0,0,12,12,7142,7782
compact51_marcy__current_roles,2019-08-15 21:00:00,23.476906487,275.372223463,1,0,0,12,12,6806,7854
compact51_marcy__current_roles,2019-08-15 22:00:00,16.9832081837,171.620026123,1,0,0,12,12,2664,7295
compact51_marcy__current_roles,2019-08-15 23:00:00,21.8113878464,61.5949025242,0,0,0,12,12,6034,3191
compact51_marcy__current_roles,2019-08-16 00:00:00,16.4220199953,190.775490042,0,0,0,12,12,2263,7428
compact51_marcy__current_roles,2019-08-16 01:00:00,14.1022329301,822.328572778,0,0,0,12,12,789,8443
compact51_marcy__current_roles,2019-08-16 02:00:00,14.94488392,379.737009851,0,0,0,12,12,1228,8111
compact51_marcy__current_roles,2019-08-16 03:00:00,14.8540507113,902.723792633,1,0,0,12,12,1161,8470
compact51_marcy__current_roles,2019-08-16 04:00:00,19.8927766049,317.805607763,1,0,0,12,12,4903,7985
compact51_marcy__current_roles,2019-08-16 05:00:00,22.4725293089,447.767872444,1,0,0,12,12,6333,8187
compact51_marcy__current_roles,2019-08-16 06:00:00,16.2827121535,257.29114289,1,0,0,13,12,2141,7801
compact51_marcy__current_roles,2019-08-16 07:00:00,17.1853202646,163.166278102,1,0,0,14,14,2828,7219
compact51_marcy__current_roles,2019-08-16 08:00:00,17.3903912124,180.875522304,1,0,0,10,10,2992,7367
compact51_marcy__current_roles,2019-08-16 09:00:00,18.71894917,430.16596969,1,0,0,12,12,4042,8168
compact51_marcy__current_roles,2019-08-16 10:00:00,18.8939180806,507.352565235,1,0,0,12,12,4188,8258
compact51_marcy__current_roles,2019-08-16 11:00:00,17.4657176389,1258.97828167,0,0,0,12,12,3048,8543
compact51_marcy__current_roles,2019-08-16 12:00:00,18.0515457189,7428.41868647,1,0,0,12,12,3534,8730
compact51_marcy__current_roles,2019-08-16 13:00:00,15.9101175654,443.699637495,1,0,0,12,12,1873,8184
compact51_marcy__current_roles,2019-08-16 14:00:00,17.3402852043,243.594881489,0,0,0,12,12,2959,7740
compact51_marcy__current_roles,2019-08-16 15:00:00,22.7081227356,439.77390547,1,0,0,12,12,6453,8180
compact51_marcy__current_roles,2019-08-16 16:00:00,22.648927251,191.696957805,1,0,0,12,12,6427,7437
compact51_marcy__current_roles,2019-08-16 17:00:00,23.7199262545,272.811458311,1,0,0,12,12,6921,7847
compact51_marcy__current_roles,2019-08-16 18:00:00,20.3185135939,136.71785862,1,0,0,12,12,5193,6920
compact51_marcy__current_roles,2019-08-16 19:00:00,20.7954426355,174.634908883,1,0,0,12,12,5495,7324
compact51_marcy__current_roles,2019-08-16 20:00:00,19.2821335253,154.913566279,1,0,0,12,12,4479,7145
compact51_marcy__current_roles,2019-08-16 21:00:00,18.8549882592,219.726187053,1,0,0,12,12,4147,7613
compact51_marcy__current_roles,2019-08-16 22:00:00,16.3119921756,315.830380183,1,0,0,12,12,2173,7977
compact51_marcy__current_roles,2019-08-16 23:00:00,19.4912840121,251.646609174,1,0,0,12,12,4636,7776
compact51_marcy__current_roles,2019-08-17 00:00:00,13.0282004237,267.935587131,1,0,0,12,12,391,7835
compact51_marcy__current_roles,2019-08-17 01:00:00,12.9395378896,79.4191173822,0,0,0,12,12,361,5469
compact51_marcy__current_roles,2019-08-17 02:00:00,13.112830151,56.9572941122,0,0,0,12,12,421,2090
compact51_marcy__current_roles,2019-08-17 03:00:00,15.7014859325,59.0449408217,0,0,0,12,12,1730,2608
compact51_marcy__current_roles,2019-08-17 04:00:00,15.6779364682,51.0228720254,0,0,0,12,12,1713,908
compact51_marcy__current_roles,2019-08-17 05:00:00,15.154885683,52.7602807576,0,0,0,12,12,1354,1215
compact51_marcy__current_roles,2019-08-17 06:00:00,17.5998489761,59.1710600121,0,0,0,12,12,3154,2633
compact51_marcy__current_roles,2019-08-17 07:00:00,23.1128257277,62.6650685374,0,0,0,12,12,6646,3422
compact51_marcy__current_roles,2019-08-17 08:00:00,17.8210173151,65.1412296418,0,0,0,12,12,3332,3955
compact51_marcy__current_roles,2019-08-17 09:00:00,15.7694930768,65.8887645315,0,0,0,12,12,1782,4098
compact51_marcy__current_roles,2019-08-17 10:00:00,13.8001350326,64.6281927506,0,0,0,12,12,654,3843
compact51_marcy__current_roles,2019-08-17 11:00:00,15.16094615,65.5290467523,0,0,0,12,12,1362,4044
compact51_marcy__current_roles,2019-08-17 12:00:00,16.4183386068,61.504183702,0,0,0,12,12,2257,3167
compact51_marcy__current_roles,2019-08-17 13:00:00,18.1610917627,57.7804932963,0,0,0,11,11,3622,2286
compact51_marcy__current_roles,2019-08-17 14:00:00,17.0619412692,62.0138315615,0,0,0,12,12,2723,3281
compact51_marcy__current_roles,2019-08-17 15:00:00,15.2018802757,58.8750272587,0,0,0,12,12,1394,2556
compact51_marcy__current_roles,2019-08-17 16:00:00,16.5110936096,57.3664332569,0,0,0,12,12,2325,2183
compact51_marcy__current_roles,2019-08-17 17:00:00,16.7014939703,55.911824709,0,0,0,12,12,2459,1851
compact51_marcy__current_roles,2019-08-17 18:00:00,18.0791274883,55.8836510731,0,0,0,12,12,3551,1844
compact51_marcy__current_roles,2019-08-17 19:00:00,19.026393514,91.3785713615,0,0,0,12,12,4304,5920
compact51_marcy__current_roles,2019-08-17 20:00:00,17.95422722,84.7453218306,0,0,0,12,12,3450,5708
compact51_marcy__current_roles,2019-08-17 21:00:00,15.8142173241,60.0485989836,0,0,0,13,13,1802,2836
compact51_marcy__current_roles,2019-08-17 22:00:00,15.4060822214,111.205386752,1,0,0,12,12,1541,6472
compact51_marcy__current_roles,2019-08-17 23:00:00,12.3555838423,55.4159462582,0,0,0,12,12,210,1743
compact51_marcy__current_roles,2019-08-18 00:00:00,14.2288353846,53.9141800899,0,0,0,13,12,848,1445
compact51_marcy__current_roles,2019-08-18 01:00:00,13.237660323,48.3099636888,0,0,0,12,12,461,533
compact51_marcy__current_roles,2019-08-18 02:00:00,16.4664805773,47.7412649419,0,0,0,12,12,2298,457
compact51_marcy__current_roles,2019-08-18 03:00:00,18.9385678259,49.7652744146,0,0,0,12,12,4226,698
compact51_marcy__current_roles,2019-08-18 04:00:00,20.5281403695,51.8926476073,0,0,0,12,12,5325,1064
compact51_marcy__current_roles,2019-08-18 05:00:00,16.4659683608,50.4733976919,0,0,0,12,12,2297,811
compact51_marcy__current_roles,2019-08-18 06:00:00,17.8781092765,61.3216194506,0,0,0,12,12,3383,3127
compact51_marcy__current_roles,2019-08-18 07:00:00,17.848062011,57.2781588214,0,0,0,12,12,3360,2157
compact51_marcy__current_roles,2019-08-18 08:00:00,20.8734650298,57.61153871,0,0,0,12,12,5543,2244
compact51_marcy__current_roles,2019-08-18 09:00:00,17.6808132962,62.0464446811,0,0,0,12,12,3207,3290
compact51_marcy__current_roles,2019-08-18 10:00:00,16.6611367852,68.9365371394,0,0,0,14,14,2425,4547
compact51_marcy__current_roles,2019-08-18 11:00:00,16.2256496698,64.3207054431,0,0,0,11,11,2103,3775
compact51_marcy__current_roles,2019-08-18 12:00:00,16.0995481367,67.1459321737,0,0,0,11,11,2018,4311
compact51_marcy__current_roles,2019-08-18 13:00:00,18.8930535982,72.1255742438,0,0,0,12,12,4187,4899
compact51_marcy__current_roles,2019-08-18 14:00:00,17.8656669859,65.9921781922,0,0,0,12,12,3370,4116
compact51_marcy__current_roles,2019-08-18 15:00:00,21.5445078706,70.6537735725,0,0,0,12,12,5910,4753
compact51_marcy__current_roles,2019-08-18 16:00:00,23.0495489747,70.1136172714,0,0,0,12,12,6612,4700
compact51_marcy__current_roles,2019-08-18 17:00:00,29.1571028075,195.405950596,1,0,0,12,12,8149,7466
compact51_marcy__current_roles,2019-08-18 18:00:00,26.9528130056,287.30814935,1,0,0,12,12,7793,7905
compact51_marcy__current_roles,2019-08-18 19:00:00,23.0951280888,178.63812179,1,0,0,12,12,6634,7351
compact51_marcy__current_roles,2019-08-18 20:00:00,23.2233314559,234.264397763,1,0,0,12,12,6693,7687
compact51_marcy__current_roles,2019-08-18 21:00:00,18.3428314393,235.808402899,1,0,0,12,12,3764,7702
compact51_marcy__current_roles,2019-08-18 22:00:00,16.764899901,192.991224213,1,0,0,12,12,2508,7450
compact51_marcy__current_roles,2019-08-18 23:00:00,17.8154844921,16507.1444308,0,0,0,12,12,3326,8742
compact51_marcy__current_roles,2019-08-19 00:00:00,12.4246882191,45.1377931295,0,0,0,12,12,226,236
compact51_marcy__current_roles,2019-08-19 01:00:00,16.5628197004,80.4584207245,0,0,0,12,12,2366,5514
compact51_marcy__current_roles,2019-08-19 02:00:00,15.620485636,98.9066892195,0,0,0,12,12,1680,6162
compact51_marcy__current_roles,2019-08-19 03:00:00,16.2031451398,64.2827091879,0,0,0,12,12,2084,3768
compact51_marcy__current_roles,2019-08-19 04:00:00,15.5542164947,46.3414563862,0,0,0,12,12,1645,332
compact51_marcy__current_roles,2019-08-19 05:00:00,21.7621436201,125.552669935,1,0,0,12,12,6013,6756
compact51_marcy__current_roles,2019-08-19 06:00:00,15.578901756,1108.16777218,1,0,0,12,12,1657,8518
compact51_marcy__current_roles,2019-08-19 07:00:00,20.2122424971,91.4847638235,0,0,0,12,12,5127,5925
compact51_marcy__current_roles,2019-08-19 08:00:00,19.2391320068,84.282370153,0,0,0,12,12,4455,5690
compact51_marcy__current_roles,2019-08-19 09:00:00,18.7673126003,105.15011823,1,0,0,12,12,4077,6352
compact51_marcy__current_roles,2019-08-19 10:00:00,17.2753986655,105.681449243,1,0,0,12,12,2910,6363
compact51_marcy__current_roles,2019-08-19 11:00:00,17.3088396851,113.78862109,1,0,0,12,12,2936,6527
compact51_marcy__current_roles,2019-08-19 12:00:00,19.9850273725,147.058921445,1,0,0,12,12,4964,7050
compact51_marcy__current_roles,2019-08-19 13:00:00,20.6003929895,103.596015917,1,0,0,12,12,5363,6311
compact51_marcy__current_roles,2019-08-19 14:00:00,21.7938358791,94.1887399618,0,0,0,12,12,6026,6016
compact51_marcy__current_roles,2019-08-19 15:00:00,29.4515200162,220.471289097,1,0,0,12,12,8187,7617
compact51_marcy__current_roles,2019-08-19 16:00:00,38.4796289614,1072.4123692,0,0,0,12,12,8693,8508
compact51_marcy__current_roles,2019-08-19 17:00:00,29.9718327899,163.637273465,0,0,0,12,12,8263,7229
compact51_marcy__current_roles,2019-08-19 18:00:00,30.487535369,102.2661279,0,0,0,12,12,8323,6279
compact51_marcy__current_roles,2019-08-19 19:00:00,26.1259818618,1105.05532145,1,0,0,12,12,7602,8516
compact51_marcy__current_roles,2019-08-19 20:00:00,22.5616562274,280.039033999,1,0,0,12,12,6382,7875
compact51_marcy__current_roles,2019-08-19 21:00:00,27.1192848913,2260.24748312,1,0,0,12,12,7827,8637
compact51_marcy__current_roles,2019-08-19 22:00:00,25.7358571187,230.10372615,1,0,0,12,12,7509,7668
compact51_marcy__current_roles,2019-08-19 23:00:00,18.060949402,219.091165368,0,0,0,12,12,3539,7611
compact51_marcy__current_roles,2019-08-20 00:00:00,15.7518423326,55.3620282761,0,0,0,12,12,1765,1727
compact51_marcy__current_roles,2019-08-20 01:00:00,13.332805867,56.9424623813,0,0,0,12,12,494,2087
compact51_marcy__current_roles,2019-08-20 02:00:00,16.722537568,99.6796021593,0,0,0,12,12,2473,6190
compact51_marcy__current_roles,2019-08-20 03:00:00,17.2420204156,169.206872016,1,0,0,12,12,2881,7273
compact51_marcy__current_roles,2019-08-20 04:00:00,15.4534571587,81.074603128,0,0,0,14,12,1581,5557
compact51_marcy__current_roles,2019-08-20 05:00:00,17.1644921546,62.1806101691,0,0,0,12,12,2815,3320
compact51_marcy__current_roles,2019-08-20 06:00:00,12.8606873604,84.5637186132,0,0,0,12,12,344,5704
compact51_marcy__current_roles,2019-08-20 07:00:00,14.8443670648,70.3866160789,0,0,0,12,12,1156,4726
compact51_marcy__current_roles,2019-08-20 08:00:00,19.2497706016,85.1691721071,0,0,0,11,10,4462,5727
compact51_marcy__current_roles,2019-08-20 09:00:00,18.4289572022,108.457845212,1,0,0,12,12,3819,6417
compact51_marcy__current_roles,2019-08-20 10:00:00,17.3832746693,139.780686868,1,0,0,13,12,2983,6960
compact51_marcy__current_roles,2019-08-20 11:00:00,20.554663285,574.336999461,1,0,0,12,12,5341,8318
compact51_marcy__current_roles,2019-08-20 12:00:00,21.4657307761,1751.22438452,0,0,0,12,12,5868,8595
compact51_marcy__current_roles,2019-08-20 13:00:00,20.0332754082,243.729688304,0,0,0,12,12,5008,7741
compact51_marcy__current_roles,2019-08-20 14:00:00,19.6935192183,73.1469136576,0,0,0,12,12,4785,4992
compact51_marcy__current_roles,2019-08-20 15:00:00,24.9975171275,421.429730881,0,0,0,12,12,7319,8156
compact51_marcy__current_roles,2019-08-20 16:00:00,24.3139068329,295.62686827,0,0,0,12,12,7111,7923
compact51_marcy__current_roles,2019-08-20 17:00:00,26.1232787338,183.340788468,0,0,0,12,12,7598,7383
compact51_marcy__current_roles,2019-08-20 18:00:00,32.9035909234,135.660042957,0,0,0,12,12,8503,6909
compact51_marcy__current_roles,2019-08-20 19:00:00,32.2763845937,588.740369518,0,0,0,12,12,8467,8328
compact51_marcy__current_roles,2019-08-20 20:00:00,34.7722417036,547.071937459,0,0,0,12,12,8586,8292
compact51_marcy__current_roles,2019-08-20 21:00:00,32.4414615661,1926.97159246,1,0,0,12,12,8474,8613
compact51_marcy__current_roles,2019-08-20 22:00:00,25.1527770065,828.51894512,1,0,0,12,12,7356,8444
compact51_marcy__current_roles,2019-08-20 23:00:00,18.2837572793,40146.2498725,0,0,0,12,12,3716,8752
compact51_marcy__current_roles,2019-08-21 00:00:00,13.0579805829,95.8504130486,0,0,0,12,12,399,6079
compact51_marcy__current_roles,2019-08-21 01:00:00,12.7990447019,53.1646198526,0,0,0,12,12,323,1303
compact51_marcy__current_roles,2019-08-21 02:00:00,14.4116340552,103.105139557,1,0,0,12,12,928,6300
compact51_marcy__current_roles,2019-08-21 03:00:00,15.1827560292,85.0201147752,0,0,0,12,12,1377,5718
compact51_marcy__current_roles,2019-08-21 04:00:00,17.069749763,265.482591153,1,0,0,12,12,2729,7825
compact51_marcy__current_roles,2019-08-21 05:00:00,17.2822116178,255.34326139,1,0,0,12,12,2921,7792
compact51_marcy__current_roles,2019-08-21 06:00:00,14.2685101324,66.0661187853,0,0,0,12,12,867,4128
compact51_marcy__current_roles,2019-08-21 07:00:00,16.3457552047,71.6396238637,0,0,0,12,12,2200,4853
compact51_marcy__current_roles,2019-08-21 08:00:00,18.5698537213,106.224269693,1,0,0,12,12,3930,6375
compact51_marcy__current_roles,2019-08-21 09:00:00,18.4675024567,66.7962317308,0,0,0,12,12,3857,4251
compact51_marcy__current_roles,2019-08-21 10:00:00,17.3395744494,74.2192774875,0,0,0,12,12,2957,5109
compact51_marcy__current_roles,2019-08-21 11:00:00,18.1604238958,128.115496806,1,0,0,12,12,3620,6810
compact51_marcy__current_roles,2019-08-21 12:00:00,21.7768631482,425.028253709,1,0,0,12,12,6022,8160
compact51_marcy__current_roles,2019-08-21 13:00:00,24.1960301539,865.241310947,1,0,0,12,12,7064,8459
compact51_marcy__current_roles,2019-08-21 14:00:00,28.2583026037,151.162082551,0,0,0,12,12,8015,7099
compact51_marcy__current_roles,2019-08-21 15:00:00,37.238066342,102.046744002,0,0,0,12,12,8662,6276
compact51_marcy__current_roles,2019-08-21 16:00:00,33.0930916027,224.257215055,0,0,0,12,12,8512,7638
compact51_marcy__current_roles,2019-08-21 17:00:00,33.0864214003,122.48426512,0,0,0,12,12,8511,6701
compact51_marcy__current_roles,2019-08-21 18:00:00,34.2531674633,138.41050526,0,0,0,12,12,8563,6940
compact51_marcy__current_roles,2019-08-21 19:00:00,33.3865572855,114.375904105,0,0,0,12,12,8527,6539
compact51_marcy__current_roles,2019-08-21 20:00:00,26.4549408152,236.618293102,0,0,0,12,12,7679,7711
compact51_marcy__current_roles,2019-08-21 21:00:00,26.3353007271,500.036502275,0,0,0,12,12,7652,8250
compact51_marcy__current_roles,2019-08-21 22:00:00,20.0017529511,554.401277116,1,0,0,12,12,4975,8296
compact51_marcy__current_roles,2019-08-21 23:00:00,15.8764806768,63.150774127,0,0,0,12,12,1840,3531
compact51_marcy__current_roles,2019-08-22 00:00:00,16.7362059047,77.8164856414,0,0,0,12,12,2482,5385
compact51_marcy__current_roles,2019-08-22 01:00:00,14.8678510807,48.4754883992,0,0,0,12,12,1168,554
compact51_marcy__current_roles,2019-08-22 02:00:00,12.691728492,49.4567897649,0,0,0,12,12,288,663
compact51_marcy__current_roles,2019-08-22 03:00:00,12.4447585141,78.0967074449,0,0,0,12,12,233,5406
compact51_marcy__current_roles,2019-08-22 04:00:00,18.9989625674,92.8209907354,0,0,0,12,12,4277,5975
compact51_marcy__current_roles,2019-08-22 05:00:00,21.5548007452,131.32681003,0,0,0,12,12,5917,6858
compact51_marcy__current_roles,2019-08-22 06:00:00,17.9236513713,65.3239705173,0,0,0,12,12,3417,4000
compact51_marcy__current_roles,2019-08-22 07:00:00,15.2117421084,59.489843446,0,0,0,12,12,1398,2696
compact51_marcy__current_roles,2019-08-22 08:00:00,14.7778716922,59.4845773537,0,0,0,12,12,1109,2695
compact51_marcy__current_roles,2019-08-22 09:00:00,17.7427412443,61.8548356598,0,0,0,12,12,3255,3246
compact51_marcy__current_roles,2019-08-22 10:00:00,18.5291656593,65.1081795605,0,0,0,12,12,3894,3951
compact51_marcy__current_roles,2019-08-22 11:00:00,17.3184906547,66.0676882676,0,0,0,12,12,2945,4130
compact51_marcy__current_roles,2019-08-22 12:00:00,17.8509753163,65.5161921161,0,0,0,12,12,3362,4040
compact51_marcy__current_roles,2019-08-22 13:00:00,17.8523692294,61.897604051,0,0,0,12,12,3364,3259
compact51_marcy__current_roles,2019-08-22 14:00:00,19.0205383347,60.4974299652,0,0,0,12,12,4297,2915
compact51_marcy__current_roles,2019-08-22 15:00:00,23.1234398022,56.7171468795,0,0,0,12,12,6647,2030
compact51_marcy__current_roles,2019-08-22 16:00:00,21.6172931811,55.4144698684,0,0,0,12,12,5944,1742
compact51_marcy__current_roles,2019-08-22 17:00:00,22.8562733492,55.4034202575,0,0,0,12,12,6521,1739
compact51_marcy__current_roles,2019-08-22 18:00:00,23.4945240007,49.4836469748,0,0,0,12,12,6816,665
compact51_marcy__current_roles,2019-08-22 19:00:00,22.3222245879,51.7167789998,0,0,0,12,12,6265,1032
compact51_marcy__current_roles,2019-08-22 20:00:00,25.4869027916,52.9173792112,0,0,0,14,13,7444,1245
compact51_marcy__current_roles,2019-08-22 21:00:00,22.7869637019,52.0112701126,0,0,0,11,11,6491,1084
compact51_marcy__current_roles,2019-08-22 22:00:00,21.7032650015,59.3419331253,0,0,0,12,12,5976,2673
compact51_marcy__current_roles,2019-08-22 23:00:00,23.0918364997,88.8303257425,0,0,0,12,12,6633,5841
compact51_marcy__current_roles,2019-08-23 00:00:00,12.854592385,59.536146127,0,0,0,12,12,342,2705
compact51_marcy__current_roles,2019-08-23 01:00:00,17.1583324159,94.0912169154,0,0,0,12,12,2805,6014
compact51_marcy__current_roles,2019-08-23 02:00:00,21.2009029695,280.102069511,0,0,0,12,12,5713,7876
compact51_marcy__current_roles,2019-08-23 03:00:00,18.3607144346,76.8566613032,0,0,0,12,12,3778,5331
compact51_marcy__current_roles,2019-08-23 04:00:00,26.145147612,65.4917877132,0,0,0,12,12,7609,4035
compact51_marcy__current_roles,2019-08-23 05:00:00,27.9608013409,85.8418885007,0,0,0,12,12,7975,5753
compact51_marcy__current_roles,2019-08-23 06:00:00,18.8008895574,94.7968983884,0,0,0,12,12,4098,6044
compact51_marcy__current_roles,2019-08-23 07:00:00,15.2463823808,59.0243233912,0,0,0,12,12,1430,2603
compact51_marcy__current_roles,2019-08-23 08:00:00,15.51522921,61.8852598336,0,0,0,12,12,1622,3254
compact51_marcy__current_roles,2019-08-23 09:00:00,14.1732579347,62.8736885461,0,0,0,12,12,822,3472
compact51_marcy__current_roles,2019-08-23 10:00:00,14.2398949157,64.7412957047,0,0,0,12,12,852,3862
compact51_marcy__current_roles,2019-08-23 11:00:00,14.7736521589,64.9840401427,0,0,0,12,12,1106,3930
compact51_marcy__current_roles,2019-08-23 12:00:00,17.300949755,67.6179191385,0,0,0,12,12,2932,4375
compact51_marcy__current_roles,2019-08-23 13:00:00,14.2150958468,63.7219222079,0,0,0,12,12,843,3652
compact51_marcy__current_roles,2019-08-23 14:00:00,13.9854752173,61.2166435532,0,0,0,12,12,744,3097
compact51_marcy__current_roles,2019-08-23 15:00:00,15.3900345284,58.8363166333,0,0,0,12,12,1531,2547
compact51_marcy__current_roles,2019-08-23 16:00:00,16.3061461143,59.4959194815,0,0,0,12,12,2165,2699
compact51_marcy__current_roles,2019-08-23 17:00:00,14.6978455102,52.1495192568,0,0,0,12,12,1065,1104
compact51_marcy__current_roles,2019-08-23 18:00:00,17.2615075974,54.5248021356,0,0,0,12,12,2898,1560
compact51_marcy__current_roles,2019-08-23 19:00:00,18.5723286012,62.6973452801,0,0,0,12,12,3935,3429
compact51_marcy__current_roles,2019-08-23 20:00:00,15.322041687,57.7806921984,0,0,0,12,12,1481,2287
compact51_marcy__current_roles,2019-08-23 21:00:00,14.7570649538,58.4603275054,0,0,0,12,12,1092,2447
compact51_marcy__current_roles,2019-08-23 22:00:00,15.2303776759,62.6286358936,0,0,0,12,12,1414,3414
compact51_marcy__current_roles,2019-08-23 23:00:00,27.7699571342,1496.46267269,1,0,0,12,12,7953,8574
compact51_marcy__current_roles,2019-08-24 00:00:00,16.0459762911,285.836891868,0,0,0,13,12,1977,7899
compact51_marcy__current_roles,2019-08-24 01:00:00,17.9704061771,613.55259233,1,0,0,12,12,3463,8343
compact51_marcy__current_roles,2019-08-24 02:00:00,20.346734376,374.862129338,1,0,0,12,12,5210,8105
compact51_marcy__current_roles,2019-08-24 03:00:00,21.7976968425,638.977279697,1,0,0,12,12,6028,8356
compact51_marcy__current_roles,2019-08-24 04:00:00,22.0279035451,666.972394116,1,0,0,12,12,6140,8376
compact51_marcy__current_roles,2019-08-24 05:00:00,25.8302542853,438.20562345,1,0,0,12,12,7531,8178
compact51_marcy__current_roles,2019-08-24 06:00:00,33.4154459502,2950.72534696,0,0,0,12,12,8529,8665
compact51_marcy__current_roles,2019-08-24 07:00:00,27.9069631944,416.846616607,0,0,0,12,12,7969,8154
compact51_marcy__current_roles,2019-08-24 08:00:00,22.4483108247,484.281634588,0,0,0,12,12,6315,8228
compact51_marcy__current_roles,2019-08-24 09:00:00,22.6458935741,217.278631573,0,0,0,12,12,6424,7603
compact51_marcy__current_roles,2019-08-24 10:00:00,20.657204698,111.473153763,0,0,0,12,12,5403,6476
compact51_marcy__current_roles,2019-08-24 11:00:00,19.4860243816,69.8547420376,0,0,0,12,12,4632,4664
compact51_marcy__current_roles,2019-08-24 12:00:00,21.5950951297,65.2507810189,0,0,0,12,12,5932,3986
compact51_marcy__current_roles,2019-08-24 13:00:00,17.6329250407,69.671196634,0,0,0,12,12,3172,4634
compact51_marcy__current_roles,2019-08-24 14:00:00,16.3870998229,62.3334211174,0,0,0,12,12,2230,3352
compact51_marcy__current_roles,2019-08-24 15:00:00,17.0964890215,65.0309482333,0,0,0,12,12,2758,3935
compact51_marcy__current_roles,2019-08-24 16:00:00,17.3761670902,65.0453642292,0,0,0,12,12,2977,3937
compact51_marcy__current_roles,2019-08-24 17:00:00,18.2220620929,66.6132541573,0,0,0,12,12,3665,4215
compact51_marcy__current_roles,2019-08-24 18:00:00,17.40215405,59.3757534915,0,0,0,12,12,2999,2681
compact51_marcy__current_roles,2019-08-24 19:00:00,18.7940614403,59.4957965006,0,0,0,12,12,4095,2698
compact51_marcy__current_roles,2019-08-24 20:00:00,19.8881869865,80.2329775673,0,0,0,12,12,4899,5508
compact51_marcy__current_roles,2019-08-24 21:00:00,23.1636051711,79.3849452204,0,0,0,12,12,6665,5467
compact51_marcy__current_roles,2019-08-24 22:00:00,17.3193808097,60.5259595567,0,0,0,12,12,2947,2926
compact51_marcy__current_roles,2019-08-24 23:00:00,22.2425006895,67.4350734597,0,0,0,12,12,6231,4352
compact51_marcy__current_roles,2019-08-25 00:00:00,21.3799648204,234.152160553,0,0,0,12,12,5822,7686
compact51_marcy__current_roles,2019-08-25 01:00:00,17.7938450603,66.3735484043,0,0,0,12,12,3300,4175
compact51_marcy__current_roles,2019-08-25 02:00:00,18.4532225942,65.5912405401,0,0,0,12,12,3842,4051
compact51_marcy__current_roles,2019-08-25 03:00:00,16.0796903493,61.6233454619,0,0,0,12,12,2002,3200
compact51_marcy__current_roles,2019-08-25 04:00:00,18.8312453064,59.1672209366,0,0,0,12,12,4125,2629
compact51_marcy__current_roles,2019-08-25 05:00:00,17.5440697815,57.5643072418,0,0,0,12,12,3110,2235
compact51_marcy__current_roles,2019-08-25 06:00:00,17.6597003175,62.983125757,0,0,0,12,12,3194,3500
compact51_marcy__current_roles,2019-08-25 07:00:00,23.6160987246,65.8891760329,0,0,0,13,13,6871,4099
compact51_marcy__current_roles,2019-08-25 08:00:00,18.4349964262,71.1503936922,0,0,0,12,12,3825,4801
compact51_marcy__current_roles,2019-08-25 09:00:00,18.3216603284,74.9404521267,0,0,0,12,12,3746,5166
compact51_marcy__current_roles,2019-08-25 10:00:00,22.7095908913,76.4436652563,0,0,0,12,12,6454,5299
compact51_marcy__current_roles,2019-08-25 11:00:00,18.514107212,71.1040243898,0,0,0,12,12,3883,4796
compact51_marcy__current_roles,2019-08-25 12:00:00,17.7199961406,74.7957248662,0,0,0,12,12,3236,5155
compact51_marcy__current_roles,2019-08-25 13:00:00,17.3671455494,73.1130140626,0,0,0,12,12,2971,4991
compact51_marcy__current_roles,2019-08-25 14:00:00,18.0470983045,72.8541380394,0,0,0,12,12,3529,4960
compact51_marcy__current_roles,2019-08-25 15:00:00,16.1071304942,64.3513333936,0,0,0,12,12,2022,3782
compact51_marcy__current_roles,2019-08-25 16:00:00,23.9480203911,74.8073913741,0,0,0,12,12,6989,5156
compact51_marcy__current_roles,2019-08-25 17:00:00,20.3804722736,92.2828400252,0,0,0,12,12,5237,5957
compact51_marcy__current_roles,2019-08-25 18:00:00,18.1721371822,62.0977562569,0,0,0,12,12,3633,3301
compact51_marcy__current_roles,2019-08-25 19:00:00,17.2262359135,56.7147713277,0,0,0,12,12,2870,2028
compact51_marcy__current_roles,2019-08-25 20:00:00,20.0688766409,63.9881950524,0,0,0,12,12,5034,3702
compact51_marcy__current_roles,2019-08-25 21:00:00,16.5547711657,60.3116616177,0,0,0,12,12,2356,2889
compact51_marcy__current_roles,2019-08-25 22:00:00,18.8149899673,49.4929278553,0,0,0,12,12,4112,667
compact51_marcy__current_roles,2019-08-25 23:00:00,20.8094723385,62.61518565,0,0,0,12,12,5507,3411
compact51_marcy__current_roles,2019-08-26 00:00:00,15.0326869798,58.0109973562,0,0,0,12,12,1284,2347
compact51_marcy__current_roles,2019-08-26 01:00:00,14.9414495496,65.9493389505,0,0,0,12,12,1225,4104
compact51_marcy__current_roles,2019-08-26 02:00:00,22.6570152031,207.460684255,0,0,0,12,12,6432,7548
compact51_marcy__current_roles,2019-08-26 03:00:00,22.6424005072,175.41589884,0,0,0,12,12,6423,7328
compact51_marcy__current_roles,2019-08-26 04:00:00,28.3935569954,109.811222223,0,0,0,12,12,8029,6443
compact51_marcy__current_roles,2019-08-26 05:00:00,32.6954636435,68.6498625783,0,0,0,12,12,8496,4510
compact51_marcy__current_roles,2019-08-26 06:00:00,30.522015376,66.6097082545,0,0,0,12,12,8328,4212
compact51_marcy__current_roles,2019-08-26 07:00:00,21.5729198969,59.8321904644,0,0,0,12,12,5924,2778
compact51_marcy__current_roles,2019-08-26 08:00:00,17.9556679452,68.0313988245,0,0,0,12,12,3452,4428
compact51_marcy__current_roles,2019-08-26 09:00:00,21.0143078792,178.303243394,1,0,0,12,12,5623,7350
compact51_marcy__current_roles,2019-08-26 10:00:00,21.1858474582,73.9408282429,0,0,0,12,12,5708,5087
compact51_marcy__current_roles,2019-08-26 11:00:00,19.7562496454,173.20474627,0,0,0,12,12,4819,7310
compact51_marcy__current_roles,2019-08-26 12:00:00,17.9779488976,369.53008673,1,0,0,12,12,3470,8101
compact51_marcy__current_roles,2019-08-26 13:00:00,17.1520125043,241.9695793,1,0,0,12,12,2799,7731
compact51_marcy__current_roles,2019-08-26 14:00:00,17.7368293521,217.276085383,1,0,0,12,12,3249,7602
compact51_marcy__current_roles,2019-08-26 15:00:00,18.498382861,167.041742613,1,0,0,12,12,3871,7258
compact51_marcy__current_roles,2019-08-26 16:00:00,15.5909169049,91.3126450586,0,0,0,12,12,1667,5918
compact51_marcy__current_roles,2019-08-26 17:00:00,15.7946685596,257.082038826,1,0,0,12,12,1788,7799
compact51_marcy__current_roles,2019-08-26 18:00:00,18.5350253712,193.481007643,1,0,0,12,12,3901,7451
compact51_marcy__current_roles,2019-08-26 19:00:00,16.9021482823,174.286246616,1,0,0,12,12,2605,7320
compact51_marcy__current_roles,2019-08-26 20:00:00,15.568640256,106.231756518,1,0,0,12,12,1651,6377
compact51_marcy__current_roles,2019-08-26 21:00:00,16.1788211905,58.2769522662,0,0,0,12,12,2068,2408
compact51_marcy__current_roles,2019-08-26 22:00:00,14.7665547968,53.026178791,0,0,0,12,12,1099,1269
compact51_marcy__current_roles,2019-08-26 23:00:00,20.3526022151,347.21997929,0,0,0,12,12,5212,8058
compact51_marcy__current_roles,2019-08-27 00:00:00,14.8121516393,89.6918650598,0,0,0,12,12,1140,5876
compact51_marcy__current_roles,2019-08-27 01:00:00,14.1637391174,64.7972024063,0,0,0,12,12,819,3879
compact51_marcy__current_roles,2019-08-27 02:00:00,15.8989484605,60.9797372557,0,0,0,12,12,1864,3044
compact51_marcy__current_roles,2019-08-27 03:00:00,15.7029641317,60.4866163821,0,0,0,12,12,1732,2913
compact51_marcy__current_roles,2019-08-27 04:00:00,16.6140412212,64.3394920511,0,0,0,12,12,2400,3780
compact51_marcy__current_roles,2019-08-27 05:00:00,18.5159703606,67.2975681484,0,0,0,12,12,3884,4332
compact51_marcy__current_roles,2019-08-27 06:00:00,22.5185696121,1290.33799295,0,0,0,12,12,6359,8546
compact51_marcy__current_roles,2019-08-27 07:00:00,17.9248375906,85.3955706127,0,0,0,12,12,3421,5739
compact51_marcy__current_roles,2019-08-27 08:00:00,17.4738412509,1364.49180498,0,0,0,13,12,3056,8553
compact51_marcy__current_roles,2019-08-27 09:00:00,14.6213623626,1369.56071522,1,0,0,12,12,1025,8555
compact51_marcy__current_roles,2019-08-27 10:00:00,17.9881805461,996.99313969,0,0,0,12,12,3475,8496
compact51_marcy__current_roles,2019-08-27 11:00:00,16.5601456815,76.4401714781,0,0,0,11,11,2363,5297
compact51_marcy__current_roles,2019-08-27 12:00:00,16.8775504574,68.6339566379,0,0,0,10,10,2586,4508
compact51_marcy__current_roles,2019-08-27 13:00:00,19.2996563933,63.4818087022,0,0,0,11,11,4493,3608
compact51_marcy__current_roles,2019-08-27 14:00:00,18.9096851285,71.2750738834,0,0,0,10,10,4208,4817
compact51_marcy__current_roles,2019-08-27 15:00:00,21.4152061306,66.1500766465,0,0,0,12,12,5842,4145
compact51_marcy__current_roles,2019-08-27 16:00:00,18.9129991255,64.8537690854,0,0,0,12,12,4211,3898
compact51_marcy__current_roles,2019-08-27 17:00:00,18.1673317186,64.2625322508,0,0,0,12,12,3626,3761
compact51_marcy__current_roles,2019-08-27 18:00:00,19.9559503389,61.8285359641,0,0,0,12,12,4941,3241
compact51_marcy__current_roles,2019-08-27 19:00:00,19.828471894,129.08009606,0,0,0,12,12,4858,6828
compact51_marcy__current_roles,2019-08-27 20:00:00,17.6400301408,154.19999446,0,0,0,12,12,3183,7136
compact51_marcy__current_roles,2019-08-27 21:00:00,14.55562755,60.3730885652,0,0,0,12,12,996,2902
compact51_marcy__current_roles,2019-08-27 22:00:00,18.3426316057,47.7277292074,0,0,0,12,12,3763,455
compact51_marcy__current_roles,2019-08-27 23:00:00,19.8631273222,275.498929995,1,0,0,12,12,4886,7855
compact51_marcy__current_roles,2019-08-28 00:00:00,16.7529963665,112.07957005,0,0,0,12,12,2495,6492
compact51_marcy__current_roles,2019-08-28 01:00:00,13.7539370362,57.734459978,0,0,0,12,12,638,2273
compact51_marcy__current_roles,2019-08-28 02:00:00,13.1281591922,60.6333353752,0,0,0,12,12,424,2955
compact51_marcy__current_roles,2019-08-28 03:00:00,17.1072636382,67.3510909289,0,0,0,12,12,2762,4340
compact51_marcy__current_roles,2019-08-28 04:00:00,27.5261772413,109.095171487,0,0,0,12,12,7911,6429
compact51_marcy__current_roles,2019-08-28 05:00:00,26.9258173402,302.019697367,1,0,0,12,12,7789,7939
compact51_marcy__current_roles,2019-08-28 06:00:00,15.7350322435,96.0474583151,0,0,0,12,12,1751,6090
compact51_marcy__current_roles,2019-08-28 07:00:00,18.0913962144,63.1862899876,0,0,0,12,12,3566,3537
compact51_marcy__current_roles,2019-08-28 08:00:00,19.3875302991,74.2961316725,0,0,0,12,12,4551,5118
compact51_marcy__current_roles,2019-08-28 09:00:00,18.2156491196,70.0681585402,0,0,0,12,12,3659,4688
compact51_marcy__current_roles,2019-08-28 10:00:00,20.3809825253,69.8565959538,0,0,0,13,12,5238,4665
compact51_marcy__current_roles,2019-08-28 11:00:00,24.9343089425,89.2361700442,0,0,0,12,12,7298,5856
compact51_marcy__current_roles,2019-08-28 12:00:00,24.8797160388,74.0310826439,0,0,0,12,12,7278,5092
compact51_marcy__current_roles,2019-08-28 13:00:00,26.4927940361,81.3354197982,0,0,0,12,12,7690,5568
compact51_marcy__current_roles,2019-08-28 14:00:00,20.6292635719,64.8859690566,0,0,0,12,12,5377,3906
compact51_marcy__current_roles,2019-08-28 15:00:00,19.2943429086,69.8104857781,0,0,0,12,12,4487,4652
compact51_marcy__current_roles,2019-08-28 16:00:00,19.7148992508,65.519439096,0,0,0,12,12,4797,4041
compact51_marcy__current_roles,2019-08-28 17:00:00,22.2452937868,67.0588525384,0,0,0,12,12,6233,4294
compact51_marcy__current_roles,2019-08-28 18:00:00,21.8600523992,64.0032879312,0,0,0,12,12,6068,3703
compact51_marcy__current_roles,2019-08-28 19:00:00,21.5450159554,60.8931548773,0,0,0,12,12,5911,3020
compact51_marcy__current_roles,2019-08-28 20:00:00,21.2237803903,58.8710834329,0,0,0,12,12,5732,2554
compact51_marcy__current_roles,2019-08-28 21:00:00,20.4329336458,53.3448313921,0,0,0,12,12,5266,1342
compact51_marcy__current_roles,2019-08-28 22:00:00,22.4680615716,95.0562505843,0,0,0,12,12,6329,6050
compact51_marcy__current_roles,2019-08-28 23:00:00,28.2336454999,94.5616529673,0,0,0,12,12,8011,6031
compact51_marcy__current_roles,2019-08-29 00:00:00,16.7800408294,134.365189911,0,0,0,12,12,2515,6894
compact51_marcy__current_roles,2019-08-29 01:00:00,16.5945268652,117.031978707,0,0,0,12,12,2386,6580
compact51_marcy__current_roles,2019-08-29 02:00:00,18.9739502366,4081.72878418,1,0,0,12,12,4257,8695
compact51_marcy__current_roles,2019-08-29 03:00:00,20.6700469094,1674.32011045,1,0,0,12,12,5410,8586
compact51_marcy__current_roles,2019-08-29 04:00:00,18.7627853209,224.760692959,0,0,0,12,12,4072,7640
compact51_marcy__current_roles,2019-08-29 05:00:00,24.0783242891,61.1750576866,0,0,0,12,12,7027,3089
compact51_marcy__current_roles,2019-08-29 06:00:00,17.5840487606,59.4005092066,0,0,0,12,12,3142,2685
compact51_marcy__current_roles,2019-08-29 07:00:00,18.2335671464,67.2823200902,0,0,0,12,12,3673,4330
compact51_marcy__current_roles,2019-08-29 08:00:00,14.4260612032,150.462946551,1,0,0,12,12,937,7092
compact51_marcy__current_roles,2019-08-29 09:00:00,13.8693128588,130.563697094,0,0,0,12,12,689,6845
compact51_marcy__current_roles,2019-08-29 10:00:00,15.9673354581,466.520468229,1,0,0,12,12,1920,8205
compact51_marcy__current_roles,2019-08-29 11:00:00,15.508884743,384.681750247,0,0,0,12,12,1618,8117
compact51_marcy__current_roles,2019-08-29 12:00:00,12.952971616,68.0726149691,0,0,0,13,13,363,4433
compact51_marcy__current_roles,2019-08-29 13:00:00,13.5933852778,84.2113813703,0,0,0,12,12,576,5688
compact51_marcy__current_roles,2019-08-29 14:00:00,14.0299410706,99.8908037817,0,0,0,12,12,755,6201
compact51_marcy__current_roles,2019-08-29 15:00:00,15.0668474464,80.2657686443,0,0,0,12,12,1305,5510
compact51_marcy__current_roles,2019-08-29 16:00:00,18.5738903896,189.609781723,0,0,0,12,12,3939,7418
compact51_marcy__current_roles,2019-08-29 17:00:00,14.6821730799,70.0992954739,0,0,0,12,12,1052,4698
compact51_marcy__current_roles,2019-08-29 18:00:00,16.3964748981,61.1675016839,0,0,0,12,12,2237,3085
compact51_marcy__current_roles,2019-08-29 19:00:00,16.2932165349,63.1266470003,0,0,0,12,12,2150,3526
compact51_marcy__current_roles,2019-08-29 20:00:00,17.269522983,59.3746572894,0,0,0,12,12,2905,2680
compact51_marcy__current_roles,2019-08-29 21:00:00,19.21443913,55.8342507883,0,0,0,12,12,4442,1834
compact51_marcy__current_roles,2019-08-29 22:00:00,18.8060257621,50.629605075,0,0,0,12,12,4103,842
compact51_marcy__current_roles,2019-08-29 23:00:00,15.8682973873,227.385818352,0,0,0,12,12,1834,7653
compact51_marcy__current_roles,2019-08-30 00:00:00,16.4166158009,125.738755491,0,0,0,12,12,2253,6764
compact51_marcy__current_roles,2019-08-30 01:00:00,17.6284593296,1073.88566698,0,0,0,12,12,3168,8510
compact51_marcy__current_roles,2019-08-30 02:00:00,18.5459766677,3477.0551966,0,0,0,12,12,3906,8684
compact51_marcy__current_roles,2019-08-30 03:00:00,18.199179011,4303.04190567,0,0,0,12,12,3649,8700
compact51_marcy__current_roles,2019-08-30 04:00:00,19.8825132636,5050.13343059,1,0,0,12,12,4896,8710
compact51_marcy__current_roles,2019-08-30 05:00:00,21.1946140151,14925.2344753,1,0,0,12,12,5710,8739
compact51_marcy__current_roles,2019-08-30 06:00:00,19.3957270225,232.689120654,0,0,0,12,12,4554,7679
compact51_marcy__current_roles,2019-08-30 07:00:00,21.1007624908,64.5845648433,0,0,0,12,12,5672,3836
compact51_marcy__current_roles,2019-08-30 08:00:00,18.777991595,56.4443905205,0,0,0,12,12,4089,1964
compact51_marcy__current_roles,2019-08-30 09:00:00,14.3844396263,105.445205816,0,0,0,12,12,918,6359
compact51_marcy__current_roles,2019-08-30 10:00:00,14.8445984576,62.7687904673,0,0,0,12,12,1157,3443
compact51_marcy__current_roles,2019-08-30 11:00:00,17.5298305433,67.1332059088,0,0,0,12,12,3098,4308
compact51_marcy__current_roles,2019-08-30 12:00:00,15.235112821,140.285718163,1,0,0,12,12,1419,6967
compact51_marcy__current_roles,2019-08-30 13:00:00,18.6664680715,814.515956067,1,0,0,12,12,4008,8439
compact51_marcy__current_roles,2019-08-30 14:00:00,14.0264803931,70.4781953816,0,0,0,12,12,752,4737
compact51_marcy__current_roles,2019-08-30 15:00:00,17.1057740422,138.188058036,0,0,0,12,12,2761,6935
compact51_marcy__current_roles,2019-08-30 16:00:00,17.8169509553,72.3686338218,0,0,0,12,12,3328,4919
compact51_marcy__current_roles,2019-08-30 17:00:00,19.8405175476,65.5121389745,0,0,0,12,12,4866,4039
compact51_marcy__current_roles,2019-08-30 18:00:00,18.501151561,60.7094136959,0,0,0,12,12,3874,2977
compact51_marcy__current_roles,2019-08-30 19:00:00,14.3788771775,58.1610527461,0,0,0,12,12,915,2375
compact51_marcy__current_roles,2019-08-30 20:00:00,15.6737018053,56.9743196418,0,0,0,12,12,1707,2094
compact51_marcy__current_roles,2019-08-30 21:00:00,18.7175406733,63.8194304684,0,0,0,12,12,4041,3672
compact51_marcy__current_roles,2019-08-30 22:00:00,14.0149241518,55.5551192819,0,0,0,12,12,750,1782
compact51_marcy__current_roles,2019-08-30 23:00:00,24.8163767286,54.9059965245,0,0,0,12,12,7259,1639
compact51_marcy__current_roles,2019-08-31 00:00:00,17.172059238,52.6545222269,0,0,0,12,12,2822,1196
compact51_marcy__current_roles,2019-08-31 01:00:00,15.2244832489,53.8825885222,0,0,0,12,12,1408,1440
compact51_marcy__current_roles,2019-08-31 02:00:00,15.8852594063,55.8790266738,0,0,0,12,12,1851,1843
compact51_marcy__current_roles,2019-08-31 03:00:00,15.1902475481,58.5856451702,0,0,0,12,12,1384,2483
compact51_marcy__current_roles,2019-08-31 04:00:00,14.8571418876,57.3415044348,0,0,0,12,12,1162,2176
compact51_marcy__current_roles,2019-08-31 05:00:00,15.7615918564,57.2175412877,0,0,0,13,12,1774,2142
compact51_marcy__current_roles,2019-08-31 06:00:00,21.8374522891,66.6785297703,0,0,0,12,12,6049,4233
compact51_marcy__current_roles,2019-08-31 07:00:00,21.8586734139,62.1632713702,0,0,0,12,12,6066,3315
compact51_marcy__current_roles,2019-08-31 08:00:00,17.0859030473,57.9282270481,0,0,0,12,12,2750,2331
compact51_marcy__current_roles,2019-08-31 09:00:00,22.5417245524,63.5758637014,0,0,0,12,12,6371,3622
compact51_marcy__current_roles,2019-08-31 10:00:00,15.1520902852,62.0953071789,0,0,0,12,12,1351,3300
compact51_marcy__current_roles,2019-08-31 11:00:00,15.6810596052,63.4760581836,0,0,0,12,12,1717,3607
compact51_marcy__current_roles,2019-08-31 12:00:00,17.2434667976,66.5000606475,0,0,0,12,12,2882,4196
compact51_marcy__current_roles,2019-08-31 13:00:00,17.1754426101,63.5528431931,0,0,0,12,12,2823,3620
compact51_marcy__current_roles,2019-08-31 14:00:00,16.6645102497,58.8060306931,0,0,0,12,12,2430,2537
compact51_marcy__current_roles,2019-08-31 15:00:00,15.6219721121,59.4145844317,0,0,0,12,12,1682,2689
compact51_marcy__current_roles,2019-08-31 16:00:00,18.2668861292,61.2664974236,0,0,0,12,12,3699,3112
compact51_marcy__current_roles,2019-08-31 17:00:00,21.3394970399,59.3184632932,0,0,0,12,12,5793,2665
compact51_marcy__current_roles,2019-08-31 18:00:00,18.2364214875,56.6553604357,0,0,0,13,12,3679,2018
compact51_marcy__current_roles,2019-08-31 19:00:00,17.4187462712,60.237718966,0,0,0,12,12,3014,2878
compact51_marcy__current_roles,2019-08-31 20:00:00,16.7052114232,62.0985870458,0,0,0,12,12,2462,3302
compact51_marcy__current_roles,2019-08-31 21:00:00,17.7907216033,60.8947721399,0,0,0,12,12,3299,3021
compact51_marcy__current_roles,2019-08-31 22:00:00,15.5138242043,56.6326566201,0,0,0,12,12,1621,2012
compact51_marcy__current_roles,2019-08-31 23:00:00,19.7841387991,55.3110306921,0,0,0,14,13,4834,1718
compact51_marcy__current_roles,2019-09-01 00:00:00,15.3308722126,63.8002396962,0,0,0,12,12,1487,3665
compact51_marcy__current_roles,2019-09-01 01:00:00,19.8062046916,82.771625973,0,0,0,13,13,4849,5630
compact51_marcy__current_roles,2019-09-01 02:00:00,19.1034662907,64.4257526026,0,0,0,12,12,4367,3797
compact51_marcy__current_roles,2019-09-01 03:00:00,16.9387920675,61.3921118328,0,0,0,12,12,2635,3142
compact51_marcy__current_roles,2019-09-01 04:00:00,15.8561735259,59.595871397,0,0,0,12,12,1824,2720
compact51_marcy__current_roles,2019-09-01 05:00:00,13.6775929279,55.7870565618,0,0,0,12,12,606,1826
compact51_marcy__current_roles,2019-09-01 06:00:00,14.5907095049,50.6272279685,0,0,0,12,12,1015,841
compact51_marcy__current_roles,2019-09-01 07:00:00,14.9893379073,55.9824589856,0,0,0,12,12,1254,1868
compact51_marcy__current_roles,2019-09-01 08:00:00,15.7132327759,64.0621435888,0,0,0,12,12,1736,3718
compact51_marcy__current_roles,2019-09-01 09:00:00,18.5960270684,67.7041819662,0,0,0,12,12,3962,4392
compact51_marcy__current_roles,2019-09-01 10:00:00,16.4850013162,67.5677904498,0,0,0,12,12,2305,4370
compact51_marcy__current_roles,2019-09-01 11:00:00,20.2458251222,73.8664585885,0,0,0,12,12,5145,5077
compact51_marcy__current_roles,2019-09-01 12:00:00,20.8835107247,75.1402705272,0,0,0,12,12,5551,5187
compact51_marcy__current_roles,2019-09-01 13:00:00,18.0684663689,70.1330986331,0,0,0,12,12,3543,4704
compact51_marcy__current_roles,2019-09-01 14:00:00,10.6965152187,63.308029349,0,0,0,12,12,24,3570
compact51_marcy__current_roles,2019-09-01 15:00:00,13.8526539864,65.7723549284,0,0,0,12,12,679,4074
compact51_marcy__current_roles,2019-09-01 16:00:00,14.8836187482,64.0256603129,0,0,0,12,12,1178,3711
compact51_marcy__current_roles,2019-09-01 17:00:00,16.7958028772,65.1634428616,0,0,0,12,12,2529,3961
compact51_marcy__current_roles,2019-09-01 18:00:00,17.8010719746,63.5282994166,0,0,0,12,12,3310,3619
compact51_marcy__current_roles,2019-09-01 19:00:00,17.0224762017,59.8275585871,0,0,0,12,12,2694,2777
compact51_marcy__current_roles,2019-09-01 20:00:00,14.7489210306,59.0761724594,0,0,0,12,12,1088,2612
compact51_marcy__current_roles,2019-09-01 21:00:00,16.3763691951,54.4585372657,0,0,0,12,12,2217,1540
compact51_marcy__current_roles,2019-09-01 22:00:00,16.5710569007,48.3897581152,0,0,0,13,12,2373,543
compact51_marcy__current_roles,2019-09-01 23:00:00,19.1883778722,60.9105514938,0,0,0,12,12,4421,3025
compact51_marcy__current_roles,2019-09-02 00:00:00,14.5749621638,60.1533149835,0,0,0,12,12,1007,2858
compact51_marcy__current_roles,2019-09-02 01:00:00,15.0838558001,67.6741645571,0,0,0,12,12,1313,4384
compact51_marcy__current_roles,2019-09-02 02:00:00,15.6084974313,60.0273225461,0,0,0,12,12,1673,2822
compact51_marcy__current_roles,2019-09-02 03:00:00,16.6159840907,57.6564923795,0,0,0,12,12,2401,2252
compact51_marcy__current_roles,2019-09-02 04:00:00,14.2836633874,54.9088265766,0,0,0,12,12,872,1640
compact51_marcy__current_roles,2019-09-02 05:00:00,14.5831840823,50.4133330358,0,0,0,12,12,1011,804
compact51_marcy__current_roles,2019-09-02 06:00:00,13.0122498813,56.6149617908,0,0,0,12,12,385,2007
compact51_marcy__current_roles,2019-09-02 07:00:00,16.8473534301,67.0660639707,0,0,0,12,12,2568,4297
compact51_marcy__current_roles,2019-09-02 08:00:00,16.5033152135,65.2796353251,0,0,0,12,12,2322,3993
compact51_marcy__current_roles,2019-09-02 09:00:00,18.3737365679,63.6270041039,0,0,0,12,12,3789,3631
compact51_marcy__current_roles,2019-09-02 10:00:00,15.4649480472,62.3784747401,0,0,0,12,12,1586,3366
compact51_marcy__current_roles,2019-09-02 11:00:00,17.4056855454,67.0360300177,0,0,0,12,12,3002,4291
compact51_marcy__current_roles,2019-09-02 12:00:00,12.1428758569,55.5064318182,0,0,0,12,12,160,1770
compact51_marcy__current_roles,2019-09-02 13:00:00,15.4671024844,56.9840356629,0,0,0,12,12,1588,2095
compact51_marcy__current_roles,2019-09-02 14:00:00,13.7583753737,59.5810435979,0,0,0,12,12,639,2718
compact51_marcy__current_roles,2019-09-02 15:00:00,16.2089600684,64.2687213485,0,0,0,12,12,2089,3762
compact51_marcy__current_roles,2019-09-02 16:00:00,17.2264241325,63.1197239642,0,0,0,12,12,2871,3524
compact51_marcy__current_roles,2019-09-02 17:00:00,17.5127794717,59.8610617414,0,0,0,12,12,3086,2790
compact51_marcy__current_roles,2019-09-02 18:00:00,18.7425428218,57.7717175068,0,0,0,12,12,4054,2282
compact51_marcy__current_roles,2019-09-02 19:00:00,17.457350787,57.8572439562,0,0,0,12,12,3042,2305
compact51_marcy__current_roles,2019-09-02 20:00:00,18.0870578458,56.7037983974,0,0,0,12,12,3560,2027
compact51_marcy__current_roles,2019-09-02 21:00:00,15.4803218394,59.5616601325,0,0,0,12,12,1595,2713
compact51_marcy__current_roles,2019-09-02 22:00:00,18.3340399969,72.0548276345,0,0,0,12,12,3755,4894
compact51_marcy__current_roles,2019-09-02 23:00:00,20.7894566584,57.2626771418,0,0,0,12,12,5491,2152
compact51_marcy__current_roles,2019-09-03 00:00:00,18.8573186121,63.6789261994,0,0,0,12,12,4151,3643
compact51_marcy__current_roles,2019-09-03 01:00:00,18.1174953911,64.0841134093,0,0,0,12,12,3586,3722
compact51_marcy__current_roles,2019-09-03 02:00:00,20.780952872,101.173644436,0,0,0,12,12,5484,6248
compact51_marcy__current_roles,2019-09-03 03:00:00,19.5613858195,90.6632415708,0,0,0,12,12,4689,5898
compact51_marcy__current_roles,2019-09-03 04:00:00,23.557181123,94.6094427812,0,0,0,12,12,6848,6036
compact51_marcy__current_roles,2019-09-03 05:00:00,29.5586506626,75.0995090446,0,0,0,12,12,8206,5184
compact51_marcy__current_roles,2019-09-03 06:00:00,22.0845711224,68.5830305157,0,0,0,12,12,6163,4502
compact51_marcy__current_roles,2019-09-03 07:00:00,21.5045837573,67.9766223483,0,0,0,12,12,5895,4417
compact51_marcy__current_roles,2019-09-03 08:00:00,14.7501988876,63.5012447249,0,0,0,12,12,1089,3612
compact51_marcy__current_roles,2019-09-03 09:00:00,20.3853802549,137.938773192,1,0,0,11,11,5241,6934
compact51_marcy__current_roles,2019-09-03 10:00:00,20.395933329,77.4393244845,0,0,0,12,12,5248,5365
compact51_marcy__current_roles,2019-09-03 11:00:00,22.3821783552,170.184995657,1,0,0,12,12,6280,7283
compact51_marcy__current_roles,2019-09-03 12:00:00,21.4201589222,708.344714528,1,0,0,12,12,5844,8401
compact51_marcy__current_roles,2019-09-03 13:00:00,25.112478125,557.529827448,0,0,0,12,12,7348,8301
compact51_marcy__current_roles,2019-09-03 14:00:00,21.1130949627,563.422958927,0,0,0,12,12,5684,8306
compact51_marcy__current_roles,2019-09-03 15:00:00,18.2922655279,74.6363843154,0,0,0,12,12,3723,5147
compact51_marcy__current_roles,2019-09-03 16:00:00,20.9283873052,81.7028280454,0,0,0,12,12,5571,5587
compact51_marcy__current_roles,2019-09-03 17:00:00,27.7341670251,94.5747603789,0,0,0,12,12,7947,6032
compact51_marcy__current_roles,2019-09-03 18:00:00,22.8099731683,145.148214207,0,0,0,12,12,6503,7022
compact51_marcy__current_roles,2019-09-03 19:00:00,17.2525962946,68.8514791844,0,0,0,12,12,2889,4532
compact51_marcy__current_roles,2019-09-03 20:00:00,17.5169486066,63.2091817345,0,0,0,12,12,3088,3544
compact51_marcy__current_roles,2019-09-03 21:00:00,16.6082412686,60.7078225952,0,0,0,12,12,2394,2976
compact51_marcy__current_roles,2019-09-03 22:00:00,23.2780661865,268.898852055,1,0,0,12,12,6720,7839
compact51_marcy__current_roles,2019-09-03 23:00:00,24.7487354726,2289.97473182,1,0,0,14,13,7233,8640
compact51_marcy__current_roles,2019-09-04 00:00:00,15.1795753142,206.037208515,0,0,0,12,12,1374,7543
compact51_marcy__current_roles,2019-09-04 01:00:00,16.1894424212,765.44576451,0,0,0,12,12,2073,8427
compact51_marcy__current_roles,2019-09-04 02:00:00,17.0830534339,450.541535924,1,0,0,12,12,2746,8191
compact51_marcy__current_roles,2019-09-04 03:00:00,20.4554104094,405.263646247,1,0,0,12,12,5280,8142
compact51_marcy__current_roles,2019-09-04 04:00:00,22.8747881968,605.480349904,1,0,0,12,12,6532,8339
compact51_marcy__current_roles,2019-09-04 05:00:00,25.0530939155,261.881918533,1,0,0,12,12,7335,7820
compact51_marcy__current_roles,2019-09-04 06:00:00,21.2575298826,94.422594759,0,0,0,12,12,5749,6025
compact51_marcy__current_roles,2019-09-04 07:00:00,26.7683095195,106.957633433,0,0,0,12,12,7745,6388
compact51_marcy__current_roles,2019-09-04 08:00:00,29.6723449357,125.983904611,0,0,0,13,13,8215,6768
compact51_marcy__current_roles,2019-09-04 09:00:00,26.612113819,121.761692319,0,0,0,12,12,7716,6683
compact51_marcy__current_roles,2019-09-04 10:00:00,20.760054647,108.678943642,0,0,0,12,12,5471,6419
compact51_marcy__current_roles,2019-09-04 11:00:00,20.3688500184,109.415622316,0,0,0,12,12,5229,6436
compact51_marcy__current_roles,2019-09-04 12:00:00,22.3159917889,107.796567352,0,0,0,12,12,6263,6399
compact51_marcy__current_roles,2019-09-04 13:00:00,23.0404425857,105.922499575,0,0,0,13,13,6608,6367
compact51_marcy__current_roles,2019-09-04 14:00:00,32.5329141943,100.680813176,1,0,0,11,11,8480,6226
compact51_marcy__current_roles,2019-09-04 15:00:00,35.2006663484,114.291788513,0,0,0,12,12,8607,6537
compact51_marcy__current_roles,2019-09-04 16:00:00,37.4903468395,100.897362663,0,0,0,11,10,8668,6238
compact51_marcy__current_roles,2019-09-04 17:00:00,43.8952812054,98.5463979502,0,0,0,12,12,8739,6152
compact51_marcy__current_roles,2019-09-04 18:00:00,36.0928191347,4858.35906371,1,0,0,12,12,8626,8708
compact51_marcy__current_roles,2019-09-04 19:00:00,29.9816475424,82.2161613492,0,0,0,12,12,8266,5607
compact51_marcy__current_roles,2019-09-04 20:00:00,21.7252993865,101.557852681,0,0,0,12,12,5987,6259
compact51_marcy__current_roles,2019-09-04 21:00:00,22.6680258503,126.662293583,0,0,0,12,12,6437,6781
compact51_marcy__current_roles,2019-09-04 22:00:00,23.6510087546,65.5111496631,0,0,0,12,12,6886,4038
compact51_marcy__current_roles,2019-09-04 23:00:00,26.0069823468,60.1130369341,0,0,0,12,12,7575,2849
compact51_marcy__current_roles,2019-09-05 00:00:00,17.1146791537,58.7032189772,0,0,0,12,12,2766,2515
compact51_marcy__current_roles,2019-09-05 01:00:00,17.6696241528,71.7457284913,0,0,0,12,12,3202,4862
compact51_marcy__current_roles,2019-09-05 02:00:00,16.0801997252,64.6815450424,0,0,0,12,12,2003,3853
compact51_marcy__current_roles,2019-09-05 03:00:00,15.6251137272,69.8911579616,0,0,0,12,12,1684,4668
compact51_marcy__current_roles,2019-09-05 04:00:00,16.021668878,73.6334325298,0,0,0,12,12,1958,5046
compact51_marcy__current_roles,2019-09-05 05:00:00,22.4849126932,68.7526036747,0,0,0,12,12,6341,4520
compact51_marcy__current_roles,2019-09-05 06:00:00,18.2379967455,70.1453242263,0,0,0,12,12,3680,4707
compact51_marcy__current_roles,2019-09-05 07:00:00,11.690651956,57.6494425817,0,0,0,12,12,95,2250
compact51_marcy__current_roles,2019-09-05 08:00:00,13.1199258188,62.8192923446,0,0,0,12,12,423,3460
compact51_marcy__current_roles,2019-09-05 09:00:00,15.4528709011,69.5779965061,0,0,0,12,12,1580,4621
compact51_marcy__current_roles,2019-09-05 10:00:00,17.5679578376,563.302246103,0,0,0,14,13,3128,8305
compact51_marcy__current_roles,2019-09-05 11:00:00,17.483140593,220.539692346,0,0,0,12,11,3061,7618
compact51_marcy__current_roles,2019-09-05 12:00:00,16.1587971078,103.665945911,0,0,0,12,12,2060,6314
compact51_marcy__current_roles,2019-09-05 13:00:00,16.6808427195,4209.46577104,0,0,0,12,12,2442,8698
compact51_marcy__current_roles,2019-09-05 14:00:00,17.5239381117,125.286595902,0,0,0,12,12,3092,6752
compact51_marcy__current_roles,2019-09-05 15:00:00,16.8761303792,248.207377112,0,0,0,12,12,2583,7765
compact51_marcy__current_roles,2019-09-05 16:00:00,16.4480912478,91.2226885668,0,0,0,12,12,2285,5914
compact51_marcy__current_roles,2019-09-05 17:00:00,14.0507933885,67.5553943622,0,0,0,12,12,762,4368
compact51_marcy__current_roles,2019-09-05 18:00:00,15.5789285628,68.6226039346,0,0,0,12,12,1658,4507
compact51_marcy__current_roles,2019-09-05 19:00:00,15.3609558767,719.503738935,0,0,0,12,12,1506,8404
compact51_marcy__current_roles,2019-09-05 20:00:00,21.0925320366,324.440907335,0,0,0,12,12,5668,7997
compact51_marcy__current_roles,2019-09-05 21:00:00,22.8742302575,186.326324053,1,0,0,12,12,6530,7399
compact51_marcy__current_roles,2019-09-05 22:00:00,18.6371828279,56.8047956275,0,0,0,12,12,3989,2056
compact51_marcy__current_roles,2019-09-05 23:00:00,24.1266498988,57.3800407996,0,0,0,12,12,7041,2188
compact51_marcy__current_roles,2019-09-06 00:00:00,17.8475016063,64.6850402997,0,0,0,12,12,3357,3856
compact51_marcy__current_roles,2019-09-06 01:00:00,16.3431665567,68.8827584295,0,0,0,12,12,2198,4539
compact51_marcy__current_roles,2019-09-06 02:00:00,15.6447890173,61.2346786835,0,0,0,12,12,1692,3105
compact51_marcy__current_roles,2019-09-06 03:00:00,14.2318803105,59.2960622044,0,0,0,12,12,850,2660
compact51_marcy__current_roles,2019-09-06 04:00:00,18.0722365426,62.5864062561,0,0,0,12,12,3546,3405
compact51_marcy__current_roles,2019-09-06 05:00:00,28.5851917781,75.1439970601,0,0,0,12,12,8061,5189
compact51_marcy__current_roles,2019-09-06 06:00:00,18.3164952025,66.5245774435,0,0,0,13,12,3742,4200
compact51_marcy__current_roles,2019-09-06 07:00:00,17.315499473,54.9790886904,0,0,0,12,12,2940,1658
compact51_marcy__current_roles,2019-09-06 08:00:00,14.7926515524,66.9368767421,0,0,0,13,13,1123,4280
compact51_marcy__current_roles,2019-09-06 09:00:00,14.6228896502,1446.68386809,1,0,0,12,12,1027,8571
compact51_marcy__current_roles,2019-09-06 10:00:00,14.8040664075,63.5090779434,0,0,0,12,12,1135,3615
compact51_marcy__current_roles,2019-09-06 11:00:00,16.5659259658,77.5035059271,0,0,0,12,12,2369,5369
compact51_marcy__current_roles,2019-09-06 12:00:00,15.6390043067,68.5361276024,0,0,0,12,12,1688,4498
compact51_marcy__current_roles,2019-09-06 13:00:00,17.8176392836,67.5611044985,0,0,0,12,12,3330,4369
compact51_marcy__current_roles,2019-09-06 14:00:00,15.2213096097,62.7641963709,0,0,0,12,12,1404,3441
compact51_marcy__current_roles,2019-09-06 15:00:00,14.5337837023,65.8107624766,0,0,0,12,12,983,4082
compact51_marcy__current_roles,2019-09-06 16:00:00,21.653487786,80.8590427476,0,0,0,12,12,5962,5541
compact51_marcy__current_roles,2019-09-06 17:00:00,19.8889395257,141.039374767,1,0,0,12,12,4900,6977
compact51_marcy__current_roles,2019-09-06 18:00:00,24.1075385856,192.364800669,1,0,0,12,12,7035,7444
compact51_marcy__current_roles,2019-09-06 19:00:00,16.4213546624,58.5604501684,0,0,0,11,11,2260,2474
compact51_marcy__current_roles,2019-09-06 20:00:00,24.0740659922,63.766372512,0,0,0,12,12,7026,3659
compact51_marcy__current_roles,2019-09-06 21:00:00,23.5736880235,97.4709892178,0,0,0,12,12,6854,6122
compact51_marcy__current_roles,2019-09-06 22:00:00,22.9593629371,4139.35345688,1,0,0,12,12,6573,8696
compact51_marcy__current_roles,2019-09-06 23:00:00,27.1342001331,7341.14315713,1,0,0,13,13,7830,8729
compact51_marcy__current_roles,2019-09-07 00:00:00,23.2733738459,124.539379386,0,0,0,12,11,6716,6743
compact51_marcy__current_roles,2019-09-07 01:00:00,19.24449002,64.2733140912,0,0,0,12,12,4457,3765
compact51_marcy__current_roles,2019-09-07 02:00:00,20.7736763747,1177.53185776,0,0,0,12,12,5478,8533
compact51_marcy__current_roles,2019-09-07 03:00:00,23.5174095628,1693.09507963,1,0,0,12,12,6827,8590
compact51_marcy__current_roles,2019-09-07 04:00:00,25.7404082135,815.345137596,1,0,0,12,12,7511,8440
compact51_marcy__current_roles,2019-09-07 05:00:00,24.8570849797,3736.58330293,0,0,0,12,12,7270,8686
compact51_marcy__current_roles,2019-09-07 06:00:00,31.5157518177,335.668003686,0,0,0,12,12,8424,8021
compact51_marcy__current_roles,2019-09-07 07:00:00,32.8678404491,323.122060857,0,0,0,12,12,8501,7993
compact51_marcy__current_roles,2019-09-07 08:00:00,22.0239746078,347.000399491,0,0,0,12,12,6136,8055
compact51_marcy__current_roles,2019-09-07 09:00:00,20.7358072915,105.363926125,0,0,0,13,12,5450,6356
compact51_marcy__current_roles,2019-09-07 10:00:00,22.3872749095,187.182568308,0,0,0,12,12,6284,7405
compact51_marcy__current_roles,2019-09-07 11:00:00,19.4980410777,64.1443393319,0,0,0,12,12,4645,3738
compact51_marcy__current_roles,2019-09-07 12:00:00,18.8199314057,66.0347649089,0,0,0,12,12,4118,4124
compact51_marcy__current_roles,2019-09-07 13:00:00,16.3850109379,63.9134707023,0,0,0,12,12,2228,3691
compact51_marcy__current_roles,2019-09-07 14:00:00,17.1987289563,64.2149751465,0,0,0,12,12,2844,3753
compact51_marcy__current_roles,2019-09-07 15:00:00,17.2523892552,59.8605517165,0,0,0,12,12,2888,2789
compact51_marcy__current_roles,2019-09-07 16:00:00,17.9347367811,62.3221050797,0,0,0,12,12,3430,3349
compact51_marcy__current_roles,2019-09-07 17:00:00,22.0866730575,67.6220788725,0,0,0,12,12,6164,4377
compact51_marcy__current_roles,2019-09-07 18:00:00,23.4868998393,57.4744875185,0,0,0,13,13,6812,2214
compact51_marcy__current_roles,2019-09-07 19:00:00,15.1425081409,59.8742715836,0,0,0,12,12,1343,2791
compact51_marcy__current_roles,2019-09-07 20:00:00,16.8870511694,60.3720539529,0,0,0,12,12,2592,2900
compact51_marcy__current_roles,2019-09-07 21:00:00,19.0204510928,58.196288872,0,0,0,12,12,4296,2384
compact51_marcy__current_roles,2019-09-07 22:00:00,17.8975030889,54.1405560517,0,0,0,12,12,3398,1478
compact51_marcy__current_roles,2019-09-07 23:00:00,17.8759949368,62.6572661971,0,0,0,12,12,3381,3417
compact51_marcy__current_roles,2019-09-08 00:00:00,16.8927198317,65.3096086604,0,0,0,12,12,2597,3997
compact51_marcy__current_roles,2019-09-08 01:00:00,16.8845164628,68.2305424493,0,0,0,12,12,2589,4456
compact51_marcy__current_roles,2019-09-08 02:00:00,14.9392294665,62.936391642,0,0,0,12,12,1223,3490
compact51_marcy__current_roles,2019-09-08 03:00:00,18.1301922937,64.4376428821,0,0,0,12,12,3597,3800
compact51_marcy__current_roles,2019-09-08 04:00:00,18.8410877921,63.6505402439,0,0,0,12,12,4139,3635
compact51_marcy__current_roles,2019-09-08 05:00:00,14.786549409,61.5300945859,0,0,0,12,12,1119,3176
compact51_marcy__current_roles,2019-09-08 06:00:00,19.6898005959,59.6227228394,0,0,0,12,12,4781,2724
compact51_marcy__current_roles,2019-09-08 07:00:00,24.3457181175,68.4151827128,0,0,0,12,12,7124,4481
compact51_marcy__current_roles,2019-09-08 08:00:00,24.5047804351,77.6133960351,0,0,0,12,12,7173,5377
compact51_marcy__current_roles,2019-09-08 09:00:00,17.899366573,68.0707245155,0,0,0,13,13,3400,4432
compact51_marcy__current_roles,2019-09-08 10:00:00,18.8396862002,67.0389846539,0,0,0,12,11,4136,4292
compact51_marcy__current_roles,2019-09-08 11:00:00,18.406372295,67.3684462075,0,0,0,12,12,3804,4341
compact51_marcy__current_roles,2019-09-08 12:00:00,22.2495027424,74.4994101185,0,0,0,12,12,6237,5137
compact51_marcy__current_roles,2019-09-08 13:00:00,24.3125314241,77.1138421563,0,0,0,12,12,7110,5342
compact51_marcy__current_roles,2019-09-08 14:00:00,19.4492654653,81.0765097849,0,0,0,12,12,4599,5558
compact51_marcy__current_roles,2019-09-08 15:00:00,20.5294436328,114.965261105,0,0,0,13,12,5328,6553
compact51_marcy__current_roles,2019-09-08 16:00:00,19.5112951641,105.056362103,0,0,0,12,12,4658,6350
compact51_marcy__current_roles,2019-09-08 17:00:00,20.2934740274,57.9010897228,0,0,0,12,12,5175,2322
compact51_marcy__current_roles,2019-09-08 18:00:00,19.0646909985,59.53244057,0,0,0,12,12,4330,2704
compact51_marcy__current_roles,2019-09-08 19:00:00,15.5522428072,56.7835015777,0,0,0,12,12,1642,2052
compact51_marcy__current_roles,2019-09-08 20:00:00,22.0103254836,60.1893440019,0,0,0,12,12,6131,2866
compact51_marcy__current_roles,2019-09-08 21:00:00,18.8691074146,54.9186282039,0,0,0,12,12,4161,1643
compact51_marcy__current_roles,2019-09-08 22:00:00,19.0170824569,50.5695384867,0,0,0,12,12,4293,827
compact51_marcy__current_roles,2019-09-08 23:00:00,18.6499767588,55.0827650589,0,0,0,12,12,3996,1677
compact51_marcy__current_roles,2019-09-09 00:00:00,15.0132383734,60.5121450378,0,0,0,12,12,1272,2919
compact51_marcy__current_roles,2019-09-09 01:00:00,14.8896956115,59.6697744761,0,0,0,12,12,1184,2733
compact51_marcy__current_roles,2019-09-09 02:00:00,16.6574242486,62.0211113726,0,0,0,12,12,2424,3282
compact51_marcy__current_roles,2019-09-09 03:00:00,18.0821780711,60.6895713692,0,0,0,12,12,3555,2971
compact51_marcy__current_roles,2019-09-09 04:00:00,18.0273182487,58.3686584277,0,0,0,12,12,3508,2422
compact51_marcy__current_roles,2019-09-09 05:00:00,21.0390332513,62.0895292945,0,0,0,12,12,5646,3299
compact51_marcy__current_roles,2019-09-09 06:00:00,25.0952041409,68.9051100012,0,0,0,12,12,7346,4541
compact51_marcy__current_roles,2019-09-09 07:00:00,23.4533207105,68.5409433956,0,0,0,12,12,6793,4499
compact51_marcy__current_roles,2019-09-09 08:00:00,18.5267560356,62.6634313661,0,0,0,12,12,3893,3420
compact51_marcy__current_roles,2019-09-09 09:00:00,16.4174971763,60.4931022947,0,0,0,12,12,2255,2914
compact51_marcy__current_roles,2019-09-09 10:00:00,14.7169701212,59.3317660599,0,0,0,12,12,1077,2668
compact51_marcy__current_roles,2019-09-09 11:00:00,14.3225292531,62.742961846,0,0,0,12,12,892,3436
compact51_marcy__current_roles,2019-09-09 12:00:00,19.2994804834,243.277739084,1,0,0,12,12,4492,7736
compact51_marcy__current_roles,2019-09-09 13:00:00,15.8031258367,92.5559546008,0,0,0,13,13,1797,5963
compact51_marcy__current_roles,2019-09-09 14:00:00,14.3529119002,56.3369946187,0,0,0,13,13,907,1946
compact51_marcy__current_roles,2019-09-09 15:00:00,14.6895576353,55.7886797817,0,0,0,12,11,1057,1827
compact51_marcy__current_roles,2019-09-09 16:00:00,15.3368254206,55.2406083661,0,0,0,13,12,1490,1697
compact51_marcy__current_roles,2019-09-09 17:00:00,20.6934289808,56.6919617298,0,0,0,12,12,5427,2025
compact51_marcy__current_roles,2019-09-09 18:00:00,16.5451559757,48.0555774911,0,0,0,12,12,2345,492
compact51_marcy__current_roles,2019-09-09 19:00:00,14.5696937451,47.4306187076,0,0,0,12,12,1005,428
compact51_marcy__current_roles,2019-09-09 20:00:00,13.3154540316,48.5866291799,0,0,0,12,12,486,571
compact51_marcy__current_roles,2019-09-09 21:00:00,15.044781843,44.1914322027,0,0,0,12,12,1290,185
compact51_marcy__current_roles,2019-09-09 22:00:00,14.0561645585,45.6816946021,0,0,0,12,12,763,280
compact51_marcy__current_roles,2019-09-09 23:00:00,16.433513137,46.7736743472,0,0,0,12,12,2275,358
compact51_marcy__current_roles,2019-09-10 00:00:00,13.9350551387,48.2200051251,0,0,0,12,12,718,516
compact51_marcy__current_roles,2019-09-10 01:00:00,10.8969608056,52.9110855557,0,0,0,12,12,31,1243
compact51_marcy__current_roles,2019-09-10 02:00:00,12.2939489692,49.8149067142,0,0,0,12,12,193,705
compact51_marcy__current_roles,2019-09-10 03:00:00,12.4148574414,49.9264134575,0,0,0,12,12,223,722
compact51_marcy__current_roles,2019-09-10 04:00:00,15.0205517227,48.6975452046,0,0,0,12,12,1276,583
compact51_marcy__current_roles,2019-09-10 05:00:00,15.7642398707,42.6022183683,0,0,0,12,12,1778,115
compact51_marcy__current_roles,2019-09-10 06:00:00,13.5719053293,47.9354774023,0,0,0,12,12,570,477
compact51_marcy__current_roles,2019-09-10 07:00:00,22.9966986635,66.6278387175,0,0,0,12,12,6587,4219
compact51_marcy__current_roles,2019-09-10 08:00:00,21.428613785,66.0470383202,0,0,0,12,12,5850,4127
compact51_marcy__current_roles,2019-09-10 09:00:00,11.1050310986,55.2883725147,0,0,0,13,13,40,1710
compact51_marcy__current_roles,2019-09-10 10:00:00,13.7950804271,60.3091066032,0,0,0,12,12,653,2888
compact51_marcy__current_roles,2019-09-10 11:00:00,12.2096530509,49.9660538677,0,0,0,12,12,173,730
compact51_marcy__current_roles,2019-09-10 12:00:00,13.9201383798,68.0194576069,0,0,0,12,12,713,4427
compact51_marcy__current_roles,2019-09-10 13:00:00,20.116784059,184.895509208,0,0,0,12,12,5060,7390
compact51_marcy__current_roles,2019-09-10 14:00:00,18.2898342514,149.47852532,0,0,0,12,12,3720,7077
compact51_marcy__current_roles,2019-09-10 15:00:00,16.7634853693,120.644680709,0,0,0,12,12,2507,6658
compact51_marcy__current_roles,2019-09-10 16:00:00,18.7736568032,91.0406494907,0,0,0,12,12,4086,5910
compact51_marcy__current_roles,2019-09-10 17:00:00,19.5012791304,127.764088801,0,0,0,12,12,4647,6803
compact51_marcy__current_roles,2019-09-10 18:00:00,19.109704273,65.1422404617,0,0,0,12,12,4374,3956
compact51_marcy__current_roles,2019-09-10 19:00:00,16.2047440541,51.2842413462,0,0,0,12,12,2085,953
compact51_marcy__current_roles,2019-09-10 20:00:00,21.1491522997,447.719893692,0,0,0,13,12,5695,8186
compact51_marcy__current_roles,2019-09-10 21:00:00,18.4733209574,45.3533084992,0,0,0,12,12,3859,251
compact51_marcy__current_roles,2019-09-10 22:00:00,25.056316327,191.009349836,0,0,0,12,12,7337,7430
compact51_marcy__current_roles,2019-09-10 23:00:00,26.2557488013,194.005003022,1,0,0,12,12,7634,7456
compact51_marcy__current_roles,2019-09-11 00:00:00,22.6180036132,53.1384654952,0,0,0,12,12,6409,1294
compact51_marcy__current_roles,2019-09-11 01:00:00,20.8957284276,73.7326950625,0,0,0,12,12,5557,5059
compact51_marcy__current_roles,2019-09-11 02:00:00,18.9775382254,122.179232021,1,0,0,12,12,4260,6691
compact51_marcy__current_roles,2019-09-11 03:00:00,16.6030808328,93.0982119153,0,0,0,12,12,2389,5984
compact51_marcy__current_roles,2019-09-11 04:00:00,17.083351433,128.543648844,1,0,0,12,12,2747,6818
compact51_marcy__current_roles,2019-09-11 05:00:00,25.3496621176,73.0711424318,0,0,0,12,12,7409,4986
compact51_marcy__current_roles,2019-09-11 06:00:00,20.261885432,84.4749513189,0,0,0,12,12,5154,5701
compact51_marcy__current_roles,2019-09-11 07:00:00,20.0958585972,82.1501409882,0,0,0,12,12,5045,5606
compact51_marcy__current_roles,2019-09-11 08:00:00,22.0724237641,184.134084172,0,0,0,12,12,6156,7386
compact51_marcy__current_roles,2019-09-11 09:00:00,28.5769130728,103.959651507,0,0,0,12,12,8060,6324
compact51_marcy__current_roles,2019-09-11 10:00:00,25.3429472072,106.852065711,0,0,0,12,12,7405,6387
compact51_marcy__current_roles,2019-09-11 11:00:00,23.9508184155,118.243111363,0,0,0,12,12,6991,6606
compact51_marcy__current_roles,2019-09-11 12:00:00,22.5375871529,108.721612551,0,0,0,12,12,6368,6421
compact51_marcy__current_roles,2019-09-11 13:00:00,28.4911126394,127.647657713,0,0,0,12,12,8044,6801
compact51_marcy__current_roles,2019-09-11 14:00:00,31.5708344794,141.712674324,0,0,0,12,12,8427,6984
compact51_marcy__current_roles,2019-09-11 15:00:00,37.0574717796,146.307330826,0,0,0,12,12,8657,7041
compact51_marcy__current_roles,2019-09-11 16:00:00,42.0834181798,140.358341674,0,0,0,12,12,8727,6970
compact51_marcy__current_roles,2019-09-11 17:00:00,38.218952269,125.150881297,0,0,0,13,12,8688,6750
compact51_marcy__current_roles,2019-09-11 18:00:00,38.2293828202,179.148544758,1,0,0,12,12,8689,7353
compact51_marcy__current_roles,2019-09-11 19:00:00,34.0237822535,104.528310325,0,0,0,12,12,8553,6339
compact51_marcy__current_roles,2019-09-11 20:00:00,34.7032124753,82.6121143085,0,0,0,12,12,8584,5618
compact51_marcy__current_roles,2019-09-11 21:00:00,28.8309019701,449.814255902,1,0,0,12,12,8100,8190
compact51_marcy__current_roles,2019-09-11 22:00:00,23.0443153969,1022.34510939,0,0,0,12,12,6609,8500
compact51_marcy__current_roles,2019-09-11 23:00:00,21.6972999326,1878.07634457,1,0,0,12,12,5974,8610
compact51_marcy__current_roles,2019-09-12 00:00:00,29.5912550329,98.253872884,0,0,0,12,12,8209,6144
compact51_marcy__current_roles,2019-09-12 01:00:00,24.950026537,95.6440663369,0,0,0,12,12,7304,6069
compact51_marcy__current_roles,2019-09-12 02:00:00,20.6423296827,100.242500889,0,0,0,12,12,5388,6213
compact51_marcy__current_roles,2019-09-12 03:00:00,21.2701025449,102.2854848,0,0,0,12,12,5757,6280
compact51_marcy__current_roles,2019-09-12 04:00:00,27.0032999573,103.417909903,0,0,0,12,12,7806,6307
compact51_marcy__current_roles,2019-09-12 05:00:00,28.893382403,98.0673764696,0,0,0,12,12,8111,6137
compact51_marcy__current_roles,2019-09-12 06:00:00,21.8158622427,105.50107206,0,0,0,12,12,6036,6361
compact51_marcy__current_roles,2019-09-12 07:00:00,21.8246521624,100.932553176,0,0,0,12,12,6041,6240
compact51_marcy__current_roles,2019-09-12 08:00:00,27.6589879556,116.792760677,0,0,0,12,12,7935,6577
compact51_marcy__current_roles,2019-09-12 09:00:00,24.45084667,118.291313673,0,0,0,12,12,7157,6608
compact51_marcy__current_roles,2019-09-12 10:00:00,23.153612581,122.434331093,0,0,0,12,12,6663,6697
compact51_marcy__current_roles,2019-09-12 11:00:00,23.2523587951,149.970816372,0,0,0,12,12,6705,7084
compact51_marcy__current_roles,2019-09-12 12:00:00,19.9876164334,111.973906332,0,0,0,12,12,4966,6488
compact51_marcy__current_roles,2019-09-12 13:00:00,21.8557903978,172.920681787,0,0,0,12,12,6065,7306
compact51_marcy__current_roles,2019-09-12 14:00:00,23.4305796901,369.188199084,0,0,0,12,12,6780,8100
compact51_marcy__current_roles,2019-09-12 15:00:00,21.850368252,979.930513713,1,0,0,12,11,6059,8490
compact51_marcy__current_roles,2019-09-12 16:00:00,27.5388591742,2103.03485773,1,0,0,12,12,7916,8624
compact51_marcy__current_roles,2019-09-12 17:00:00,26.900290328,603.211970446,0,0,0,12,12,7781,8338
compact51_marcy__current_roles,2019-09-12 18:00:00,24.4132885992,457.175713341,0,0,0,12,12,7144,8199
compact51_marcy__current_roles,2019-09-12 19:00:00,21.8376661092,135.534038758,0,0,0,12,12,6050,6908
compact51_marcy__current_roles,2019-09-12 20:00:00,19.9785711256,100.847185111,1,0,0,12,12,4962,6235
compact51_marcy__current_roles,2019-09-12 21:00:00,25.0950366102,123.443257499,1,0,0,13,12,7345,6721
compact51_marcy__current_roles,2019-09-12 22:00:00,20.4753899334,98.6803882596,0,0,0,12,12,5293,6157
compact51_marcy__current_roles,2019-09-12 23:00:00,24.208309751,211.740576695,1,0,0,12,12,7071,7569
compact51_marcy__current_roles,2019-09-13 00:00:00,15.3659228063,284.518817995,1,0,0,12,12,1513,7892
compact51_marcy__current_roles,2019-09-13 01:00:00,17.5061801531,95.4579356879,0,0,0,12,12,3080,6061
compact51_marcy__current_roles,2019-09-13 02:00:00,18.5587656787,95.1477135915,0,0,0,12,12,3918,6053
compact51_marcy__current_roles,2019-09-13 03:00:00,22.8991341445,159.055559247,0,0,0,12,12,6542,7187
compact51_marcy__current_roles,2019-09-13 04:00:00,30.0288171208,324.89166431,1,0,0,12,12,8271,7998
compact51_marcy__current_roles,2019-09-13 05:00:00,23.0498859812,365.446404156,0,0,0,12,12,6613,8092
compact51_marcy__current_roles,2019-09-13 06:00:00,19.2922476584,128.625778093,0,0,0,12,12,4486,6819
compact51_marcy__current_roles,2019-09-13 07:00:00,18.8508678322,89.4412092076,0,0,0,12,12,4144,5865
compact51_marcy__current_roles,2019-09-13 08:00:00,22.2948187545,85.964065361,0,0,0,12,12,6254,5758
compact51_marcy__current_roles,2019-09-13 09:00:00,23.0821127729,95.444522037,0,0,0,12,12,6625,6060
compact51_marcy__current_roles,2019-09-13 10:00:00,24.8662259702,152.725101213,1,0,0,12,12,7273,7113
compact51_marcy__current_roles,2019-09-13 11:00:00,25.068550536,111.789628005,1,0,0,12,12,7342,6483
compact51_marcy__current_roles,2019-09-13 12:00:00,24.6655165498,145.243536632,0,0,0,12,12,7211,7023
compact51_marcy__current_roles,2019-09-13 13:00:00,20.9069163227,98.0777380591,0,0,0,12,12,5560,6138
compact51_marcy__current_roles,2019-09-13 14:00:00,22.6642912861,121.030107804,0,0,0,13,13,6436,6668
compact51_marcy__current_roles,2019-09-13 15:00:00,27.4359827565,266.418507147,0,0,0,12,11,7898,7827
compact51_marcy__current_roles,2019-09-13 16:00:00,22.1509215477,215.259694379,1,0,0,14,14,6194,7584
compact51_marcy__current_roles,2019-09-13 17:00:00,20.1132220749,871.941522688,0,0,0,10,10,5058,8462
compact51_marcy__current_roles,2019-09-13 18:00:00,20.1875710875,107622.407727,0,0,0,12,12,5102,8756
compact51_marcy__current_roles,2019-09-13 19:00:00,16.6691059329,340.683689521,0,0,0,12,12,2433,8036
compact51_marcy__current_roles,2019-09-13 20:00:00,17.9635827048,195.048831956,0,0,0,12,12,3458,7462
compact51_marcy__current_roles,2019-09-13 21:00:00,17.0760455804,108.263129534,0,0,0,12,12,2742,6411
compact51_marcy__current_roles,2019-09-13 22:00:00,15.5123672697,86.225420829,0,0,0,12,12,1619,5764
compact51_marcy__current_roles,2019-09-13 23:00:00,22.118359265,275.358766614,0,0,0,12,12,6179,7853
compact51_marcy__current_roles,2019-09-14 00:00:00,13.3261076089,83.5549397218,0,0,0,12,12,490,5660
compact51_marcy__current_roles,2019-09-14 01:00:00,15.0148126973,52.44903094,0,0,0,12,12,1273,1153
compact51_marcy__current_roles,2019-09-14 02:00:00,18.2199273399,56.9554924146,0,0,0,13,13,3663,2089
compact51_marcy__current_roles,2019-09-14 03:00:00,20.9975246888,66.2463753421,0,0,0,12,12,5609,4162
compact51_marcy__current_roles,2019-09-14 04:00:00,23.8830979438,59.4030425307,0,0,0,12,12,6965,2687
compact51_marcy__current_roles,2019-09-14 05:00:00,17.4797168069,53.297297137,0,0,0,12,12,3058,1331
compact51_marcy__current_roles,2019-09-14 06:00:00,17.3191550191,62.8774676188,0,0,0,12,12,2946,3473
compact51_marcy__current_roles,2019-09-14 07:00:00,11.6848959645,45.8214493421,0,0,0,12,12,94,287
compact51_marcy__current_roles,2019-09-14 08:00:00,12.4193033433,45.5913618021,0,0,0,12,12,225,268
compact51_marcy__current_roles,2019-09-14 09:00:00,13.2115451362,44.5416170093,0,0,0,12,12,449,205
compact51_marcy__current_roles,2019-09-14 10:00:00,14.7919155933,61.6453244988,0,0,0,12,12,1121,3203
compact51_marcy__current_roles,2019-09-14 11:00:00,14.6502904659,50.2661201397,0,0,0,12,12,1038,784
compact51_marcy__current_roles,2019-09-14 12:00:00,14.8872200814,51.7638112473,0,0,0,12,12,1183,1038
compact51_marcy__current_roles,2019-09-14 13:00:00,16.4056205284,53.8369149794,0,0,0,12,12,2247,1430
compact51_marcy__current_roles,2019-09-14 14:00:00,14.163870483,51.1808018693,0,0,0,12,12,820,933
compact51_marcy__current_roles,2019-09-14 15:00:00,13.7536377623,49.8288783918,0,0,0,12,12,637,710
compact51_marcy__current_roles,2019-09-14 16:00:00,13.9121392566,48.5843277817,0,0,0,12,12,707,569
compact51_marcy__current_roles,2019-09-14 17:00:00,14.9396407299,48.4584932131,0,0,0,12,12,1224,549
compact51_marcy__current_roles,2019-09-14 18:00:00,13.6483607695,46.9730691987,0,0,0,12,12,594,374
compact51_marcy__current_roles,2019-09-14 19:00:00,15.2443287853,40.720206933,0,0,0,12,12,1428,67
compact51_marcy__current_roles,2019-09-14 20:00:00,13.2411135925,43.5147498997,0,0,0,12,12,462,140
compact51_marcy__current_roles,2019-09-14 21:00:00,12.4773800409,42.569057176,0,0,0,12,12,238,113
compact51_marcy__current_roles,2019-09-14 22:00:00,9.85784434473,45.4849129414,0,0,0,12,12,8,261
compact51_marcy__current_roles,2019-09-14 23:00:00,15.2922524716,52.6107646224,0,0,0,12,12,1457,1186
compact51_marcy__current_roles,2019-09-15 00:00:00,12.0347601453,49.4851814542,0,0,0,12,12,139,666
compact51_marcy__current_roles,2019-09-15 01:00:00,14.9889557774,52.6487469769,0,0,0,12,12,1253,1194
compact51_marcy__current_roles,2019-09-15 02:00:00,14.8870580346,52.583830302,0,0,0,12,12,1182,1182
compact51_marcy__current_roles,2019-09-15 03:00:00,14.1630380608,48.662917802,0,0,0,12,12,818,578
compact51_marcy__current_roles,2019-09-15 04:00:00,14.1166338502,46.0683381979,0,0,0,12,12,794,309
compact51_marcy__current_roles,2019-09-15 05:00:00,14.2685830713,44.9629040546,0,0,0,12,12,868,230
compact51_marcy__current_roles,2019-09-15 06:00:00,15.6796389261,48.7429117092,0,0,0,12,12,1714,585
compact51_marcy__current_roles,2019-09-15 07:00:00,15.991634089,50.0787597426,0,0,0,12,12,1938,753
compact51_marcy__current_roles,2019-09-15 08:00:00,14.0715807882,56.2965865479,0,0,0,12,12,772,1935
compact51_marcy__current_roles,2019-09-15 09:00:00,17.5450089319,60.1581291968,0,0,0,13,13,3111,2860
compact51_marcy__current_roles,2019-09-15 10:00:00,15.9128676777,60.0235548595,0,0,0,13,12,1880,2821
compact51_marcy__current_roles,2019-09-15 11:00:00,19.9412699088,63.9763945457,0,0,0,12,12,4931,3699
compact51_marcy__current_roles,2019-09-15 12:00:00,21.6342458101,73.716507121,0,0,0,12,12,5955,5057
compact51_marcy__current_roles,2019-09-15 13:00:00,18.6610262913,170.708507921,0,0,0,12,12,4005,7287
compact51_marcy__current_roles,2019-09-15 14:00:00,19.5617860543,61.9860504864,0,0,0,12,12,4690,3276
compact51_marcy__current_roles,2019-09-15 15:00:00,18.1101900475,89.0921351343,0,0,0,12,12,3580,5850
compact51_marcy__current_roles,2019-09-15 16:00:00,14.8983337423,114.751631529,0,0,0,13,13,1189,6549
compact51_marcy__current_roles,2019-09-15 17:00:00,17.2166900982,45.6970028082,0,0,0,12,12,2861,281
compact51_marcy__current_roles,2019-09-15 18:00:00,15.3765504634,52.1098166959,0,0,0,12,12,1515,1097
compact51_marcy__current_roles,2019-09-15 19:00:00,16.540508485,61.2269396062,0,0,0,12,12,2343,3101
compact51_marcy__current_roles,2019-09-15 20:00:00,19.9892270569,588.761319921,0,0,0,12,12,4967,8329
compact51_marcy__current_roles,2019-09-15 21:00:00,18.0152326748,101.101937484,0,0,0,12,12,3501,6243
compact51_marcy__current_roles,2019-09-15 22:00:00,19.7577946407,71.2540720124,0,0,0,12,12,4821,4812
compact51_marcy__current_roles,2019-09-15 23:00:00,20.8092248846,83.8178937011,0,0,0,12,12,5506,5674
compact51_marcy__current_roles,2019-09-16 00:00:00,17.2434790528,69.2045429194,0,0,0,12,12,2883,4579
compact51_marcy__current_roles,2019-09-16 01:00:00,16.6634616386,80.6050229595,0,0,0,12,12,2428,5523
compact51_marcy__current_roles,2019-09-16 02:00:00,20.9081886318,112.80298251,0,0,0,12,12,5564,6513
compact51_marcy__current_roles,2019-09-16 03:00:00,19.302617439,83.5533296419,0,0,0,12,12,4494,5659
compact51_marcy__current_roles,2019-09-16 04:00:00,25.4449078496,83.6591552378,0,0,0,12,12,7431,5666
compact51_marcy__current_roles,2019-09-16 05:00:00,29.6901766545,64.9529710361,0,0,0,12,12,8220,3922
compact51_marcy__current_roles,2019-09-16 06:00:00,22.577093439,68.5774767573,0,0,0,12,12,6388,4501
compact51_marcy__current_roles,2019-09-16 07:00:00,19.2780101317,121.531593856,0,0,0,12,12,4477,6681
compact51_marcy__current_roles,2019-09-16 08:00:00,17.6877426312,71.7068104018,0,0,0,12,12,3211,4859
compact51_marcy__current_roles,2019-09-16 09:00:00,14.4821823714,120.565486537,1,0,0,12,12,958,6655
compact51_marcy__current_roles,2019-09-16 10:00:00,15.6644289207,992.949877694,1,0,0,12,12,1701,8493
compact51_marcy__current_roles,2019-09-16 11:00:00,15.8295388985,234.540072989,1,0,0,12,12,1809,7688
compact51_marcy__current_roles,2019-09-16 12:00:00,19.7227358424,405.94583679,0,0,0,12,12,4801,8144
compact51_marcy__current_roles,2019-09-16 13:00:00,20.6504623407,422.140164501,0,0,0,13,13,5396,8157
compact51_marcy__current_roles,2019-09-16 14:00:00,19.9320313369,181.009478662,0,0,0,12,12,4927,7368
compact51_marcy__current_roles,2019-09-16 15:00:00,20.5886742692,665.387075486,1,0,0,12,12,5359,8374
compact51_marcy__current_roles,2019-09-16 16:00:00,17.3279078096,200.534772322,1,0,0,12,12,2952,7505
compact51_marcy__current_roles,2019-09-16 17:00:00,18.337831882,58.6844409014,0,0,0,12,12,3759,2505
compact51_marcy__current_roles,2019-09-16 18:00:00,16.4317213824,55.7663512414,0,0,0,12,12,2274,1822
compact51_marcy__current_roles,2019-09-16 19:00:00,21.6398538705,88.6844880219,0,0,0,12,12,5958,5836
compact51_marcy__current_roles,2019-09-16 20:00:00,21.2668442896,56.5153608703,0,0,0,12,12,5755,1986
compact51_marcy__current_roles,2019-09-16 21:00:00,18.5249643452,84.1352970495,0,0,0,12,12,3892,5685
compact51_marcy__current_roles,2019-09-16 22:00:00,21.3919774155,84.536346917,0,0,0,12,12,5829,5703
compact51_marcy__current_roles,2019-09-16 23:00:00,25.1356817541,53.5025595655,0,0,0,12,12,7352,1369
compact51_marcy__current_roles,2019-09-17 00:00:00,20.7805722228,54.1773844471,0,0,0,12,12,5483,1484
compact51_marcy__current_roles,2019-09-17 01:00:00,15.7958724979,53.2702068282,0,0,0,12,12,1791,1326
compact51_marcy__current_roles,2019-09-17 02:00:00,15.9446808631,55.1396678487,0,0,0,12,12,1907,1681
compact51_marcy__current_roles,2019-09-17 03:00:00,17.5962677633,57.3738089586,0,0,0,12,12,3152,2185
compact51_marcy__current_roles,2019-09-17 04:00:00,20.2620266902,55.4777185391,0,0,0,12,12,5156,1761
compact51_marcy__current_roles,2019-09-17 05:00:00,24.7450674351,61.8222289909,0,0,0,12,12,7231,3240
compact51_marcy__current_roles,2019-09-17 06:00:00,22.8307161614,76.0645059226,0,0,0,12,12,6514,5265
compact51_marcy__current_roles,2019-09-17 07:00:00,22.0272182405,752.127499788,1,0,0,12,12,6139,8420
compact51_marcy__current_roles,2019-09-17 08:00:00,21.0128726587,19498.3231904,0,0,0,12,12,5620,8744
compact51_marcy__current_roles,2019-09-17 09:00:00,19.0713943271,4410.71429398,0,0,0,12,12,4340,8702
compact51_marcy__current_roles,2019-09-17 10:00:00,17.7376851804,127.222135667,0,0,0,12,12,3250,6799
compact51_marcy__current_roles,2019-09-17 11:00:00,18.8043399375,176.778978482,1,0,0,12,12,4102,7341
compact51_marcy__current_roles,2019-09-17 12:00:00,16.9375797903,71.7231314814,0,0,0,12,12,2633,4860
compact51_marcy__current_roles,2019-09-17 13:00:00,16.7976832709,66.0211916576,0,0,0,12,12,2532,4122
compact51_marcy__current_roles,2019-09-17 14:00:00,15.4921283957,59.1188840368,0,0,0,12,12,1599,2621
compact51_marcy__current_roles,2019-09-17 15:00:00,15.9538427581,100.685676225,1,0,0,12,12,1912,6230
compact51_marcy__current_roles,2019-09-17 16:00:00,16.3982233395,576.749686918,1,0,0,12,12,2240,8321
compact51_marcy__current_roles,2019-09-17 17:00:00,17.9953550491,142.551563128,1,0,0,12,12,3482,6992
compact51_marcy__current_roles,2019-09-17 18:00:00,18.1002388487,184.248258794,1,0,0,12,12,3573,7387
compact51_marcy__current_roles,2019-09-17 19:00:00,16.120960674,59.6735604476,0,0,0,12,12,2032,2736
compact51_marcy__current_roles,2019-09-17 20:00:00,25.2818765928,57.0694205864,0,0,0,12,12,7388,2110
compact51_marcy__current_roles,2019-09-17 21:00:00,27.3652650183,52.8220391948,0,0,0,12,12,7879,1231
compact51_marcy__current_roles,2019-09-17 22:00:00,25.1444557841,2658.79895256,1,0,0,12,12,7354,8656
compact51_marcy__current_roles,2019-09-17 23:00:00,24.7679502712,579.248590867,0,0,0,12,12,7240,8322
compact51_marcy__current_roles,2019-09-18 00:00:00,17.4936118409,64.789874019,0,0,0,12,12,3071,3877
compact51_marcy__current_roles,2019-09-18 01:00:00,13.0822268653,56.3983698444,0,0,0,12,12,408,1957
compact51_marcy__current_roles,2019-09-18 02:00:00,13.9526277176,58.0624053982,0,0,0,12,12,726,2361
compact51_marcy__current_roles,2019-09-18 03:00:00,14.3880356463,51.4596364468,0,0,0,12,12,922,979
compact51_marcy__current_roles,2019-09-18 04:00:00,14.4570133331,55.7296371828,0,0,0,12,12,950,1813
compact51_marcy__current_roles,2019-09-18 05:00:00,20.7061915353,62.0876611216,0,0,0,12,12,5436,3297
compact51_marcy__current_roles,2019-09-18 06:00:00,15.7642195287,62.6640541285,0,0,0,12,12,1777,3421
compact51_marcy__current_roles,2019-09-18 07:00:00,15.3060687541,58.8158620866,0,0,0,12,12,1468,2541
compact51_marcy__current_roles,2019-09-18 08:00:00,15.8838397729,64.4175642236,0,0,0,12,12,1848,3795
compact51_marcy__current_roles,2019-09-18 09:00:00,17.8114992061,336.027036064,0,0,0,12,12,3322,8022
compact51_marcy__current_roles,2019-09-18 10:00:00,15.2211801932,69.4406343753,0,0,0,12,12,1403,4607
compact51_marcy__current_roles,2019-09-18 11:00:00,16.1741849924,597.459932438,1,0,0,12,12,2066,8335
compact51_marcy__current_roles,2019-09-18 12:00:00,17.2213859918,453.810534774,0,0,0,12,12,2864,8194
compact51_marcy__current_roles,2019-09-18 13:00:00,13.9363251933,142.706273658,0,0,0,12,12,719,6995
compact51_marcy__current_roles,2019-09-18 14:00:00,15.7219451226,216.49211347,0,0,0,12,12,1739,7596
compact51_marcy__current_roles,2019-09-18 15:00:00,16.3505148372,88.1346128886,0,0,0,12,12,2206,5818
compact51_marcy__current_roles,2019-09-18 16:00:00,15.4513400331,64.2557904042,0,0,0,12,12,1578,3758
compact51_marcy__current_roles,2019-09-18 17:00:00,15.157430176,65.4558156797,0,0,0,12,12,1357,4026
compact51_marcy__current_roles,2019-09-18 18:00:00,15.4970571421,59.6138656821,0,0,0,12,12,1605,2723
compact51_marcy__current_roles,2019-09-18 19:00:00,18.940723732,125.076777698,0,0,0,12,12,4229,6749
compact51_marcy__current_roles,2019-09-18 20:00:00,20.4044190619,234.800011109,0,0,0,12,12,5255,7692
compact51_marcy__current_roles,2019-09-18 21:00:00,21.8199383283,177.889260776,1,0,0,12,12,6038,7348
compact51_marcy__current_roles,2019-09-18 22:00:00,18.12964597,51.2557269836,0,0,0,12,12,3596,948
compact51_marcy__current_roles,2019-09-18 23:00:00,18.8315103358,54.1924376753,0,0,0,12,12,4127,1486
compact51_marcy__current_roles,2019-09-19 00:00:00,11.6916912265,58.5521784418,0,0,0,12,12,96,2471
compact51_marcy__current_roles,2019-09-19 01:00:00,12.0322171212,54.2762784563,0,0,0,12,12,138,1504
compact51_marcy__current_roles,2019-09-19 02:00:00,12.7931139083,52.7733611713,0,0,0,12,12,321,1220
compact51_marcy__current_roles,2019-09-19 03:00:00,13.5036639066,50.0455571737,0,0,0,12,12,551,749
compact51_marcy__current_roles,2019-09-19 04:00:00,16.2988046783,51.4729334641,0,0,0,12,12,2158,982
compact51_marcy__current_roles,2019-09-19 05:00:00,21.2773862309,57.1735429782,0,0,0,12,12,5760,2135
compact51_marcy__current_roles,2019-09-19 06:00:00,18.1580556583,223.502299992,0,0,0,12,12,3618,7633
compact51_marcy__current_roles,2019-09-19 07:00:00,15.9042441969,53.6693739222,0,0,0,12,12,1867,1395
compact51_marcy__current_roles,2019-09-19 08:00:00,16.3047730838,62.0812302433,0,0,0,12,12,2164,3293
compact51_marcy__current_roles,2019-09-19 09:00:00,18.3439032463,70.8351106844,0,0,0,12,12,3767,4772
compact51_marcy__current_roles,2019-09-19 10:00:00,19.9176325236,77.5396682632,0,0,0,12,12,4916,5374
compact51_marcy__current_roles,2019-09-19 11:00:00,17.2768179614,72.1967278961,0,0,0,12,12,2914,4907
compact51_marcy__current_roles,2019-09-19 12:00:00,19.4214442629,74.9622192754,0,0,0,12,12,4576,5169
compact51_marcy__current_roles,2019-09-19 13:00:00,17.7590102271,88.4497613955,0,0,0,12,12,3273,5828
compact51_marcy__current_roles,2019-09-19 14:00:00,18.0372965184,948.446047723,0,0,0,12,12,3520,8481
compact51_marcy__current_roles,2019-09-19 15:00:00,17.4084053237,67.2935382914,0,0,0,13,13,3004,4331
compact51_marcy__current_roles,2019-09-19 16:00:00,22.1348501054,332.497326607,1,0,0,12,12,6188,8014
compact51_marcy__current_roles,2019-09-19 17:00:00,23.7260847823,203.290996874,1,0,0,13,13,6922,7523
compact51_marcy__current_roles,2019-09-19 18:00:00,17.7523524954,409.535738872,0,0,0,12,12,3264,8148
compact51_marcy__current_roles,2019-09-19 19:00:00,17.9447993106,63.3076498673,0,0,0,12,12,3441,3569
compact51_marcy__current_roles,2019-09-19 20:00:00,15.9189265476,57.5011330636,0,0,0,12,12,1887,2220
compact51_marcy__current_roles,2019-09-19 21:00:00,18.126459009,47.7959165064,0,0,0,12,12,3595,463
compact51_marcy__current_roles,2019-09-19 22:00:00,17.8610723074,53.5347206134,0,0,0,12,12,3366,1374
compact51_marcy__current_roles,2019-09-19 23:00:00,17.3619357482,60.9655405047,0,0,0,12,12,2966,3038
compact51_marcy__current_roles,2019-09-20 00:00:00,13.4426880095,57.2427886269,0,0,0,12,12,529,2149
compact51_marcy__current_roles,2019-09-20 01:00:00,13.4863235108,56.5463266183,0,0,0,12,12,542,1991
compact51_marcy__current_roles,2019-09-20 02:00:00,16.5355837651,59.5845872035,0,0,0,12,12,2339,2719
compact51_marcy__current_roles,2019-09-20 03:00:00,17.1318334329,58.0814637254,0,0,0,12,12,2778,2366
compact51_marcy__current_roles,2019-09-20 04:00:00,17.7744463114,55.0122753885,0,0,0,12,12,3287,1666
compact51_marcy__current_roles,2019-09-20 05:00:00,21.8482780416,57.4317452363,0,0,0,12,12,6055,2204
compact51_marcy__current_roles,2019-09-20 06:00:00,20.9388961072,77.0656674645,0,0,0,12,12,5579,5341
compact51_marcy__current_roles,2019-09-20 07:00:00,19.8868403614,67.8435568205,0,0,0,12,12,4898,4402
compact51_marcy__current_roles,2019-09-20 08:00:00,15.8947782516,64.4483204314,0,0,0,12,12,1862,3802
compact51_marcy__current_roles,2019-09-20 09:00:00,20.2167364624,73.546502467,0,0,0,12,12,5131,5037
compact51_marcy__current_roles,2019-09-20 10:00:00,17.0080461134,74.2543358938,0,0,0,14,13,2683,5112
compact51_marcy__current_roles,2019-09-20 11:00:00,13.9969137965,70.9951569835,0,0,0,12,12,746,4790
compact51_marcy__current_roles,2019-09-20 12:00:00,14.7694585794,72.8277242467,0,0,0,12,12,1101,4957
compact51_marcy__current_roles,2019-09-20 13:00:00,14.3111183827,78.7666238754,0,0,0,12,12,885,5436
compact51_marcy__current_roles,2019-09-20 14:00:00,14.8222288286,75.2498732281,0,0,0,12,12,1145,5200
compact51_marcy__current_roles,2019-09-20 15:00:00,22.4062780172,945.401284128,1,0,0,12,12,6295,8480
compact51_marcy__current_roles,2019-09-20 16:00:00,21.0355062776,79.2874311753,0,0,0,12,12,5640,5464
compact51_marcy__current_roles,2019-09-20 17:00:00,21.4754787268,202.034177399,1,0,0,12,12,5873,7518
compact51_marcy__current_roles,2019-09-20 18:00:00,16.1688481482,60.8216894135,0,0,0,12,12,2063,3001
compact51_marcy__current_roles,2019-09-20 19:00:00,16.2962029408,529.742150027,0,0,0,12,12,2153,8282
compact51_marcy__current_roles,2019-09-20 20:00:00,18.7710026854,69.5077922831,0,0,0,12,12,4082,4616
compact51_marcy__current_roles,2019-09-20 21:00:00,17.722039422,107.863789159,0,0,0,12,12,3238,6404
compact51_marcy__current_roles,2019-09-20 22:00:00,18.0983838268,90.1881762445,0,0,0,12,12,3571,5892
compact51_marcy__current_roles,2019-09-20 23:00:00,24.4001840466,657.520512122,0,0,0,12,12,7143,8369
compact51_marcy__current_roles,2019-09-21 00:00:00,23.4206805874,7114.49941279,1,0,0,12,12,6778,8728
compact51_marcy__current_roles,2019-09-21 01:00:00,18.8027121192,1425.81618811,0,0,0,12,12,4100,8567
compact51_marcy__current_roles,2019-09-21 02:00:00,18.0312515628,83.2744189797,0,0,0,12,12,3514,5648
compact51_marcy__current_roles,2019-09-21 03:00:00,17.9343615046,138.379893206,0,0,0,12,12,3428,6938
compact51_marcy__current_roles,2019-09-21 04:00:00,20.6386573252,106.519472541,0,0,0,12,12,5384,6383
compact51_marcy__current_roles,2019-09-21 05:00:00,19.215841915,60.7823546543,0,0,0,12,12,4443,2991
compact51_marcy__current_roles,2019-09-21 06:00:00,17.9149955017,59.7588901342,0,0,0,12,12,3409,2751
compact51_marcy__current_roles,2019-09-21 07:00:00,21.5021307622,65.3955114984,0,0,0,12,12,5891,4013
compact51_marcy__current_roles,2019-09-21 08:00:00,14.2882450972,65.3785332625,0,0,0,12,12,875,4011
compact51_marcy__current_roles,2019-09-21 09:00:00,14.6952061669,207.978510303,0,0,0,12,12,1061,7552
compact51_marcy__current_roles,2019-09-21 10:00:00,18.1865747248,73.5031430659,0,0,0,12,12,3644,5029
compact51_marcy__current_roles,2019-09-21 11:00:00,15.5556144963,73.2928177196,0,0,0,12,12,1646,5007
compact51_marcy__current_roles,2019-09-21 12:00:00,15.4343322186,69.7757720774,0,0,0,12,12,1564,4646
compact51_marcy__current_roles,2019-09-21 13:00:00,18.0135884005,68.9823936933,0,0,0,12,12,3498,4554
compact51_marcy__current_roles,2019-09-21 14:00:00,20.0987528144,68.7986830365,0,0,0,12,12,5046,4525
compact51_marcy__current_roles,2019-09-21 15:00:00,18.5332970233,64.9712984397,0,0,0,12,12,3898,3926
compact51_marcy__current_roles,2019-09-21 16:00:00,21.2649745069,116.34865811,0,0,0,12,12,5754,6571
compact51_marcy__current_roles,2019-09-21 17:00:00,21.394244724,120.052730374,0,0,0,12,12,5831,6642
compact51_marcy__current_roles,2019-09-21 18:00:00,20.4821196637,170.227614566,0,0,0,12,12,5298,7285
compact51_marcy__current_roles,2019-09-21 19:00:00,26.1610877524,360.546390862,0,0,0,12,12,7614,8088
compact51_marcy__current_roles,2019-09-21 20:00:00,26.5818262088,140.422492003,0,0,0,12,12,7712,6971
compact51_marcy__current_roles,2019-09-21 21:00:00,20.1110180543,52.6758393643,0,0,0,12,12,5055,1203
compact51_marcy__current_roles,2019-09-21 22:00:00,22.6017614001,40.1224877074,0,0,0,12,12,6399,55
compact51_marcy__current_roles,2019-09-21 23:00:00,22.6217388856,43.9418410098,0,0,0,12,12,6411,156
compact51_marcy__current_roles,2019-09-22 00:00:00,18.6376209534,674.724655724,1,0,0,12,12,3990,8380
compact51_marcy__current_roles,2019-09-22 01:00:00,15.7221277319,146.710417571,1,0,0,14,14,1740,7043
compact51_marcy__current_roles,2019-09-22 02:00:00,15.4935646737,181.615514144,1,0,0,11,11,1603,7372
compact51_marcy__current_roles,2019-09-22 03:00:00,15.821977605,353.131034234,1,0,0,12,12,1806,8070
compact51_marcy__current_roles,2019-09-22 04:00:00,17.5857104832,393.382450439,1,0,0,12,12,3143,8126
compact51_marcy__current_roles,2019-09-22 05:00:00,17.7418682126,467.630060216,1,0,0,12,12,3253,8208
compact51_marcy__current_roles,2019-09-22 06:00:00,17.3731428424,130.661159758,1,0,0,12,12,2973,6848
compact51_marcy__current_roles,2019-09-22 07:00:00,26.4526688502,275.973138548,1,0,0,12,12,7677,7858
compact51_marcy__current_roles,2019-09-22 08:00:00,22.397476273,241.581460295,1,0,0,12,12,6289,7727
compact51_marcy__current_roles,2019-09-22 09:00:00,16.8882337079,354.53024413,1,0,0,12,12,2594,8074
compact51_marcy__current_roles,2019-09-22 10:00:00,16.7304361421,62.0638716719,0,0,0,12,12,2479,3291
compact51_marcy__current_roles,2019-09-22 11:00:00,17.0727907412,63.8012805395,0,0,0,12,12,2736,3666
compact51_marcy__current_roles,2019-09-22 12:00:00,19.6103196237,66.1792437404,0,0,0,12,12,4715,4153
compact51_marcy__current_roles,2019-09-22 13:00:00,18.6413027283,66.2553504995,0,0,0,12,12,3992,4163
compact51_marcy__current_roles,2019-09-22 14:00:00,18.9041385192,66.2970887043,0,0,0,12,12,4200,4166
compact51_marcy__current_roles,2019-09-22 15:00:00,17.5697712736,63.2820107466,0,0,0,12,12,3131,3562
compact51_marcy__current_roles,2019-09-22 16:00:00,18.684759637,64.1990562273,0,0,0,13,13,4022,3746
compact51_marcy__current_roles,2019-09-22 17:00:00,22.5462717713,122.170821374,0,0,0,12,11,6376,6690
compact51_marcy__current_roles,2019-09-22 18:00:00,22.8919306089,173.742029385,0,0,0,12,12,6537,7313
compact51_marcy__current_roles,2019-09-22 19:00:00,22.9762085533,54.2358636505,0,0,0,12,12,6580,1494
compact51_marcy__current_roles,2019-09-22 20:00:00,24.7836604523,51.9201128554,0,0,0,12,12,7249,1070
compact51_marcy__current_roles,2019-09-22 21:00:00,20.3720952933,127.205995484,1,0,0,12,12,5232,6798
compact51_marcy__current_roles,2019-09-22 22:00:00,21.1762636077,219.190701144,0,0,0,12,12,5703,7612
compact51_marcy__current_roles,2019-09-22 23:00:00,20.9234333157,150.659600094,0,0,0,12,12,5569,7094
compact51_marcy__current_roles,2019-09-23 00:00:00,15.3285248409,146.064725479,0,0,0,12,12,1486,7034
compact51_marcy__current_roles,2019-09-23 01:00:00,12.6294988819,50.4972594631,0,0,0,12,12,275,818
compact51_marcy__current_roles,2019-09-23 02:00:00,16.0182482648,376.057212289,0,0,0,12,12,1955,8106
compact51_marcy__current_roles,2019-09-23 03:00:00,17.199077145,1421.77696655,0,0,0,12,12,2845,8565
compact51_marcy__current_roles,2019-09-23 04:00:00,20.6206190781,2605.61989433,1,0,0,12,12,5368,8654
compact51_marcy__current_roles,2019-09-23 05:00:00,27.2427140563,147.674373313,1,0,0,12,12,7851,7058
compact51_marcy__current_roles,2019-09-23 06:00:00,19.0620867628,280.712373859,1,0,0,12,12,4327,7880
compact51_marcy__current_roles,2019-09-23 07:00:00,22.693922669,247.696660449,1,0,0,12,12,6446,7759
compact51_marcy__current_roles,2019-09-23 08:00:00,19.2469162083,144.403245639,1,0,0,12,12,4461,7017
compact51_marcy__current_roles,2019-09-23 09:00:00,19.7633614407,95.8758589489,0,0,0,12,12,4827,6082
compact51_marcy__current_roles,2019-09-23 10:00:00,16.1456467896,63.3745047682,0,0,0,13,12,2052,3581
compact51_marcy__current_roles,2019-09-23 11:00:00,15.4219346897,58.3535916541,0,0,0,12,12,1555,2419
compact51_marcy__current_roles,2019-09-23 12:00:00,17.1581601315,60.0427235264,0,0,0,12,12,2804,2834
compact51_marcy__current_roles,2019-09-23 13:00:00,16.3209176362,167.794342603,1,0,0,12,12,2180,7261
compact51_marcy__current_roles,2019-09-23 14:00:00,15.8012045058,49.8204813803,0,0,0,13,13,1796,706
compact51_marcy__current_roles,2019-09-23 15:00:00,18.8458743521,60.0367498181,0,0,0,12,12,4142,2830
compact51_marcy__current_roles,2019-09-23 16:00:00,16.3294892974,58.941964692,0,0,0,12,12,2191,2577
compact51_marcy__current_roles,2019-09-23 17:00:00,17.2081083774,58.6458375351,0,0,0,12,12,2852,2501
compact51_marcy__current_roles,2019-09-23 18:00:00,14.8993978218,55.8570416586,0,0,0,12,12,1191,1840
compact51_marcy__current_roles,2019-09-23 19:00:00,16.2821051833,52.4158616444,0,0,0,12,12,2139,1148
compact51_marcy__current_roles,2019-09-23 20:00:00,14.9790453762,51.1134521123,0,0,0,12,12,1247,923
compact51_marcy__current_roles,2019-09-23 21:00:00,15.8673026688,49.8209675356,0,0,0,14,13,1832,707
compact51_marcy__current_roles,2019-09-23 22:00:00,18.8803544038,45.9555570664,0,0,0,12,12,4173,302
compact51_marcy__current_roles,2019-09-23 23:00:00,20.3981981226,45.3848108029,0,0,0,12,12,5250,254
compact51_marcy__current_roles,2019-09-24 00:00:00,15.1572000635,56.859706512,0,0,0,12,12,1356,2071
compact51_marcy__current_roles,2019-09-24 01:00:00,18.0362472679,75.0947412544,0,0,0,12,12,3518,5183
compact51_marcy__current_roles,2019-09-24 02:00:00,16.4448636774,94.199584445,0,0,0,12,12,2284,6017
compact51_marcy__current_roles,2019-09-24 03:00:00,18.0753032886,104.370217151,0,0,0,12,12,3548,6333
compact51_marcy__current_roles,2019-09-24 04:00:00,22.3869521928,124.099311923,0,0,0,12,12,6283,6737
compact51_marcy__current_roles,2019-09-24 05:00:00,37.8918124645,306.957945818,0,0,0,14,13,8681,7956
compact51_marcy__current_roles,2019-09-24 06:00:00,23.7988890881,1787.94004761,1,0,0,11,11,6941,8598
compact51_marcy__current_roles,2019-09-24 07:00:00,17.8759405802,78.5924083578,0,0,0,11,11,3380,5429
compact51_marcy__current_roles,2019-09-24 08:00:00,19.0849023882,225.836790194,1,0,0,12,12,4349,7645
compact51_marcy__current_roles,2019-09-24 09:00:00,18.1049183013,381.741424493,1,0,0,12,12,3578,8115
compact51_marcy__current_roles,2019-09-24 10:00:00,17.40986137,279.278112576,1,0,0,12,12,3005,7869
compact51_marcy__current_roles,2019-09-24 11:00:00,14.9965254559,812.304011938,0,0,0,8,8,1259,8438
compact51_marcy__current_roles,2019-09-24 12:00:00,15.3122275376,248.398094024,1,0,0,11,11,1473,7767
compact51_marcy__current_roles,2019-09-24 13:00:00,15.2906505644,119.273190186,0,0,0,11,11,1454,6626
compact51_marcy__current_roles,2019-09-24 14:00:00,14.3852931358,427.77970038,0,0,0,12,12,919,8164
compact51_marcy__current_roles,2019-09-24 15:00:00,16.1277068827,712.878234664,1,0,0,13,13,2041,8403
compact51_marcy__current_roles,2019-09-24 16:00:00,17.1186555867,75.4779519644,0,0,0,12,12,2767,5224
compact51_marcy__current_roles,2019-09-24 17:00:00,19.3329731383,405.889405475,1,0,0,12,12,4513,8143
compact51_marcy__current_roles,2019-09-24 18:00:00,16.8330797185,1026.10993535,1,0,0,12,12,2555,8501
compact51_marcy__current_roles,2019-09-24 19:00:00,16.4866883657,157.304189129,1,0,0,12,12,2307,7167
compact51_marcy__current_roles,2019-09-24 20:00:00,20.1769066444,101.755978824,1,0,0,12,12,5094,6266
compact51_marcy__current_roles,2019-09-24 21:00:00,25.3321283871,190.881617887,0,0,0,12,12,7403,7429
compact51_marcy__current_roles,2019-09-24 22:00:00,16.885971813,47.8736684483,0,0,0,12,12,2590,472
compact51_marcy__current_roles,2019-09-24 23:00:00,21.0347934396,92.204509449,0,0,0,12,12,5639,5956
compact51_marcy__current_roles,2019-09-25 00:00:00,15.7059802186,54.5286600108,0,0,0,12,12,1733,1561
compact51_marcy__current_roles,2019-09-25 01:00:00,15.2037648478,60.4251785765,0,0,0,12,12,1396,2908
compact51_marcy__current_roles,2019-09-25 02:00:00,16.0472613806,61.6225441694,0,0,0,12,12,1978,3199
compact51_marcy__current_roles,2019-09-25 03:00:00,16.5547877343,71.2752466681,0,0,0,12,12,2357,4818
compact51_marcy__current_roles,2019-09-25 04:00:00,16.9111648245,58.4396221865,0,0,0,12,12,2608,2444
compact51_marcy__current_roles,2019-09-25 05:00:00,26.9990547091,223.64670987,0,0,0,12,12,7804,7634
compact51_marcy__current_roles,2019-09-25 06:00:00,22.6066059817,383.981825396,0,0,0,12,12,6403,8116
compact51_marcy__current_roles,2019-09-25 07:00:00,20.6418084352,100.405821225,0,0,0,12,12,5386,6218
compact51_marcy__current_roles,2019-09-25 08:00:00,23.7161442018,879.289277578,1,0,0,12,12,6920,8465
compact51_marcy__current_roles,2019-09-25 09:00:00,18.2301052581,622.639760654,0,0,0,12,12,3670,8348
compact51_marcy__current_roles,2019-09-25 10:00:00,21.5502598788,2011.88585322,1,0,0,12,12,5915,8619
compact51_marcy__current_roles,2019-09-25 11:00:00,18.1529904422,173.068630586,1,0,0,12,12,3616,7307
compact51_marcy__current_roles,2019-09-25 12:00:00,17.1971940468,629.205317762,1,0,0,12,12,2841,8352
compact51_marcy__current_roles,2019-09-25 13:00:00,17.3168940205,122.402429218,1,0,0,10,10,2943,6696
compact51_marcy__current_roles,2019-09-25 14:00:00,16.4906700162,158.804786398,1,0,0,11,11,2310,7181
compact51_marcy__current_roles,2019-09-25 15:00:00,22.9735799235,226.650685084,1,0,0,10,10,6579,7648
compact51_marcy__current_roles,2019-09-25 16:00:00,19.6941948415,157.48166683,1,0,0,12,12,4786,7172
compact51_marcy__current_roles,2019-09-25 17:00:00,21.7392307427,140.157331766,1,0,0,12,12,5997,6963
compact51_marcy__current_roles,2019-09-25 18:00:00,17.7487282739,281.004206681,0,0,0,12,12,3261,7882
compact51_marcy__current_roles,2019-09-25 19:00:00,20.623865437,250.193012355,1,0,0,12,12,5372,7773
compact51_marcy__current_roles,2019-09-25 20:00:00,26.5412783886,190.664948206,1,0,0,12,12,7704,7425
compact51_marcy__current_roles,2019-09-25 21:00:00,23.4083356316,311.915991282,1,0,0,12,12,6770,7966
compact51_marcy__current_roles,2019-09-25 22:00:00,19.8593250152,1099.20546494,0,0,0,12,12,4882,8515
compact51_marcy__current_roles,2019-09-25 23:00:00,24.381390618,553.805207038,1,0,0,12,12,7139,8295
compact51_marcy__current_roles,2019-09-26 00:00:00,20.200380104,2060.01129129,1,0,0,12,12,5118,8621
compact51_marcy__current_roles,2019-09-26 01:00:00,20.140973772,354.147739315,1,0,0,12,12,5078,8073
compact51_marcy__current_roles,2019-09-26 02:00:00,19.6640360127,381.075756248,1,0,0,12,12,4760,8112
compact51_marcy__current_roles,2019-09-26 03:00:00,20.1921906651,341.039227512,1,0,0,12,12,5108,8038
compact51_marcy__current_roles,2019-09-26 04:00:00,21.3183550183,285.130432557,1,0,0,12,12,5780,7898
compact51_marcy__current_roles,2019-09-26 05:00:00,27.9931612845,423.963124104,1,0,0,12,12,7982,8158
compact51_marcy__current_roles,2019-09-26 06:00:00,24.0328280665,201.930456238,0,0,0,12,12,7013,7516
compact51_marcy__current_roles,2019-09-26 07:00:00,19.7390947292,95.5284871227,0,0,0,12,12,4808,6065
compact51_marcy__current_roles,2019-09-26 08:00:00,14.9017769548,62.2258392646,0,0,0,12,12,1193,3326
compact51_marcy__current_roles,2019-09-26 09:00:00,15.1418491915,65.5878776983,0,0,0,12,12,1342,4049
compact51_marcy__current_roles,2019-09-26 10:00:00,13.0202809727,276.378788841,1,0,0,12,12,389,7859
compact51_marcy__current_roles,2019-09-26 11:00:00,13.4900815332,566.696084946,1,0,0,12,12,544,8309
compact51_marcy__current_roles,2019-09-26 12:00:00,14.8002293755,163.444042698,1,0,0,12,12,1132,7224
compact51_marcy__current_roles,2019-09-26 13:00:00,13.060174529,20081.0335835,1,0,0,12,12,401,8745
compact51_marcy__current_roles,2019-09-26 14:00:00,16.4429335101,142.087581113,0,0,0,12,12,2283,6987
compact51_marcy__current_roles,2019-09-26 15:00:00,15.0401496868,59.3173066592,0,0,0,12,12,1287,2664
compact51_marcy__current_roles,2019-09-26 16:00:00,19.4490700863,53.2566176066,0,0,0,12,12,4598,1320
compact51_marcy__current_roles,2019-09-26 17:00:00,18.9871671569,61.3383916579,0,0,0,12,12,4270,3132
compact51_marcy__current_roles,2019-09-26 18:00:00,23.7866823636,190.733909013,0,0,0,12,12,6938,7426
compact51_marcy__current_roles,2019-09-26 19:00:00,17.134519632,181.323492794,0,0,0,12,12,2781,7371
compact51_marcy__current_roles,2019-09-26 20:00:00,26.977390299,357.012955661,1,0,0,12,12,7798,8077
compact51_marcy__current_roles,2019-09-26 21:00:00,25.9997114098,413.572794678,0,0,0,12,12,7573,8151
compact51_marcy__current_roles,2019-09-26 22:00:00,19.3064967471,166.209577998,0,0,0,12,12,4499,7247
compact51_marcy__current_roles,2019-09-26 23:00:00,24.4336368544,117.941808182,0,0,0,12,12,7152,6604
compact51_marcy__current_roles,2019-09-27 00:00:00,18.7708975386,112.862948388,0,0,0,12,12,4081,6514
compact51_marcy__current_roles,2019-09-27 01:00:00,18.4912876831,146.268491702,0,0,0,12,12,3867,7040
compact51_marcy__current_roles,2019-09-27 02:00:00,18.5781230549,126.326467343,0,0,0,12,12,3943,6775
compact51_marcy__current_roles,2019-09-27 03:00:00,20.7383295166,101.798860518,0,0,0,12,12,5452,6267
compact51_marcy__current_roles,2019-09-27 04:00:00,21.4305785342,69.458973413,0,0,0,12,12,5852,4610
compact51_marcy__current_roles,2019-09-27 05:00:00,27.2589127404,101.733808031,0,0,0,12,12,7856,6265
compact51_marcy__current_roles,2019-09-27 06:00:00,24.5490118075,101.111880042,0,0,0,14,14,7181,6245
compact51_marcy__current_roles,2019-09-27 07:00:00,20.3158386872,252.383970447,0,0,0,11,11,5189,7778
compact51_marcy__current_roles,2019-09-27 08:00:00,17.6510198927,61.8064117716,0,0,0,12,12,3186,3234
compact51_marcy__current_roles,2019-09-27 09:00:00,17.8364947291,81.0328432543,0,0,0,12,12,3349,5553
compact51_marcy__current_roles,2019-09-27 10:00:00,19.4924020893,172.718054572,1,0,0,12,12,4638,7303
compact51_marcy__current_roles,2019-09-27 11:00:00,14.7938566615,268.573903784,0,0,0,12,12,1125,7837
compact51_marcy__current_roles,2019-09-27 12:00:00,18.2353367992,211.05058053,0,0,0,12,12,3675,7567
compact51_marcy__current_roles,2019-09-27 13:00:00,16.4166611303,257.788420945,0,0,0,12,12,2254,7803
compact51_marcy__current_roles,2019-09-27 14:00:00,14.9482477601,59.7981471786,0,0,0,13,12,1230,2768
compact51_marcy__current_roles,2019-09-27 15:00:00,15.4182224711,175.311172464,0,0,0,12,12,1553,7327
compact51_marcy__current_roles,2019-09-27 16:00:00,15.6175335734,65.943206184,0,0,0,12,12,1679,4102
compact51_marcy__current_roles,2019-09-27 17:00:00,13.7683720455,61.7476727252,0,0,0,12,12,642,3229
compact51_marcy__current_roles,2019-09-27 18:00:00,12.9538674172,58.2836709478,0,0,0,12,12,364,2410
compact51_marcy__current_roles,2019-09-27 19:00:00,14.4230974416,74.8698131956,0,0,0,12,12,934,5161
compact51_marcy__current_roles,2019-09-27 20:00:00,19.6449011309,170.749389255,0,0,0,12,12,4745,7288
compact51_marcy__current_roles,2019-09-27 21:00:00,19.3090952464,138.51027891,0,0,0,12,12,4504,6942
compact51_marcy__current_roles,2019-09-27 22:00:00,18.9043814203,56.7185911018,0,0,0,12,12,4202,2032
compact51_marcy__current_roles,2019-09-27 23:00:00,20.0521626649,75.064693213,0,0,0,13,12,5023,5180
compact51_marcy__current_roles,2019-09-28 00:00:00,16.9814259535,64.4255525007,0,0,0,13,12,2663,3796
compact51_marcy__current_roles,2019-09-28 01:00:00,16.32867691,60.5192763381,0,0,0,12,12,2190,2921
compact51_marcy__current_roles,2019-09-28 02:00:00,16.5458054798,62.5154447731,0,0,0,12,12,2347,3398
compact51_marcy__current_roles,2019-09-28 03:00:00,15.5431544885,59.9308360587,0,0,0,12,12,1637,2803
compact51_marcy__current_roles,2019-09-28 04:00:00,15.4524583712,53.7673225844,0,0,0,12,12,1579,1417
compact51_marcy__current_roles,2019-09-28 05:00:00,15.7263110141,55.5760350727,0,0,0,12,12,1744,1785
compact51_marcy__current_roles,2019-09-28 06:00:00,16.2138623655,92.9306981101,0,0,0,12,12,2092,5979
compact51_marcy__current_roles,2019-09-28 07:00:00,21.4727554039,61.2746461174,0,0,0,12,12,5870,3117
compact51_marcy__current_roles,2019-09-28 08:00:00,18.5996550084,63.9488931494,0,0,0,12,12,3966,3695
compact51_marcy__current_roles,2019-09-28 09:00:00,15.3247355064,60.5910947931,0,0,0,12,12,1482,2945
compact51_marcy__current_roles,2019-09-28 10:00:00,12.3609923579,57.0077849013,0,0,0,12,12,211,2100
compact51_marcy__current_roles,2019-09-28 11:00:00,13.9999524892,121.762569201,0,0,0,12,12,747,6684
compact51_marcy__current_roles,2019-09-28 12:00:00,12.6054424448,60.4484163769,0,0,0,12,12,266,2911
compact51_marcy__current_roles,2019-09-28 13:00:00,13.2279733128,568.006409359,0,0,0,12,12,456,8311
compact51_marcy__current_roles,2019-09-28 14:00:00,11.6773212809,55.1402642399,0,0,0,12,11,93,1682
compact51_marcy__current_roles,2019-09-28 15:00:00,19.0050671802,125.98486418,0,0,0,11,11,4281,6769
compact51_marcy__current_roles,2019-09-28 16:00:00,12.0542865814,58.8765254282,0,0,0,12,12,141,2557
compact51_marcy__current_roles,2019-09-28 17:00:00,10.4929409856,58.5218303685,0,0,0,12,12,18,2460
compact51_marcy__current_roles,2019-09-28 18:00:00,12.1597869813,58.3041233926,0,0,0,12,12,164,2415
compact51_marcy__current_roles,2019-09-28 19:00:00,15.9841346439,66.9154565389,0,0,0,11,11,1933,4273
compact51_marcy__current_roles,2019-09-28 20:00:00,15.6874338467,94.0017287702,0,0,0,12,12,1722,6010
compact51_marcy__current_roles,2019-09-28 21:00:00,13.093325851,61.364913817,0,0,0,12,12,413,3137
compact51_marcy__current_roles,2019-09-28 22:00:00,13.7447766388,50.0423159369,0,0,0,12,12,634,747
compact51_marcy__current_roles,2019-09-28 23:00:00,16.4215382313,61.1498584588,0,0,0,12,12,2261,3080
compact51_marcy__current_roles,2019-09-29 00:00:00,15.3807216671,51.5746543545,0,0,0,12,12,1520,1002
compact51_marcy__current_roles,2019-09-29 01:00:00,16.0708128635,59.2324221936,0,0,0,12,12,1993,2646
compact51_marcy__current_roles,2019-09-29 02:00:00,12.1971904728,58.9769681659,0,0,0,12,12,171,2588
compact51_marcy__current_roles,2019-09-29 03:00:00,14.3875022032,61.1065708994,0,0,0,12,12,921,3074
compact51_marcy__current_roles,2019-09-29 04:00:00,14.3821900797,54.6397465686,0,0,0,12,12,917,1588
compact51_marcy__current_roles,2019-09-29 05:00:00,14.8496756193,57.2798651593,0,0,0,12,12,1160,2158
compact51_marcy__current_roles,2019-09-29 06:00:00,15.0593525416,62.4268964076,0,0,0,12,12,1301,3379
compact51_marcy__current_roles,2019-09-29 07:00:00,16.5160039217,61.5303776501,0,0,0,12,12,2329,3177
compact51_marcy__current_roles,2019-09-29 08:00:00,14.2999868405,68.2107155872,0,0,0,12,12,877,4451
compact51_marcy__current_roles,2019-09-29 09:00:00,13.858766155,66.675757385,0,0,0,12,12,685,4232
compact51_marcy__current_roles,2019-09-29 10:00:00,14.4464648824,65.2708366572,0,0,0,12,12,946,3991
compact51_marcy__current_roles,2019-09-29 11:00:00,14.7682345953,63.9707264773,0,0,0,12,12,1100,3698
compact51_marcy__current_roles,2019-09-29 12:00:00,13.2153448769,56.7601886789,0,0,0,12,12,450,2042
compact51_marcy__current_roles,2019-09-29 13:00:00,13.9179558059,61.8516067801,0,0,0,12,12,710,3244
compact51_marcy__current_roles,2019-09-29 14:00:00,14.5679874859,59.2435922593,0,0,0,13,12,1004,2650
compact51_marcy__current_roles,2019-09-29 15:00:00,16.6064424622,62.1410054653,0,0,0,12,12,2392,3311
compact51_marcy__current_roles,2019-09-29 16:00:00,11.9787917923,59.255211964,0,0,0,12,12,131,2653
compact51_marcy__current_roles,2019-09-29 17:00:00,12.7631582963,60.9329635232,0,0,0,12,12,313,3027
compact51_marcy__current_roles,2019-09-29 18:00:00,13.3212691782,62.8842262695,0,0,0,12,12,487,3476
compact51_marcy__current_roles,2019-09-29 19:00:00,12.5246074548,64.9192938941,0,0,0,12,12,248,3909
compact51_marcy__current_roles,2019-09-29 20:00:00,14.2291712457,63.6602216286,0,0,0,12,12,849,3641
compact51_marcy__current_roles,2019-09-29 21:00:00,16.9529813712,61.5786260402,0,0,0,12,12,2645,3188
compact51_marcy__current_roles,2019-09-29 22:00:00,17.1941754954,75.6374799867,0,0,0,12,12,2836,5232
compact51_marcy__current_roles,2019-09-29 23:00:00,20.2487145729,143.443795724,0,0,0,12,12,5148,7005
compact51_marcy__current_roles,2019-09-30 00:00:00,16.3285457586,70.3498187704,0,0,0,12,12,2189,4723
compact51_marcy__current_roles,2019-09-30 01:00:00,15.4814201521,93.9300222302,0,0,0,12,12,1596,6008
compact51_marcy__current_roles,2019-09-30 02:00:00,16.1935393238,156.020034416,0,0,0,12,12,2075,7155
compact51_marcy__current_roles,2019-09-30 03:00:00,16.2405057479,92.6650959525,0,0,0,12,12,2111,5967
compact51_marcy__current_roles,2019-09-30 04:00:00,22.5113150438,163.275105428,0,0,0,12,12,6355,7220
compact51_marcy__current_roles,2019-09-30 05:00:00,23.3921163458,220.285949504,0,0,0,12,12,6763,7615
compact51_marcy__current_roles,2019-09-30 06:00:00,14.5115451813,59.7668422532,0,0,0,12,12,974,2755
compact51_marcy__current_roles,2019-09-30 07:00:00,15.3853326081,201.194836718,0,0,0,12,12,1523,7509
compact51_marcy__current_roles,2019-09-30 08:00:00,14.3531141461,65.7129087805,0,0,0,12,12,908,4064
compact51_marcy__current_roles,2019-09-30 09:00:00,17.2904349761,1495.53548746,1,0,0,12,12,2927,8573
compact51_marcy__current_roles,2019-09-30 10:00:00,21.3558183911,273.478805245,1,0,0,14,14,5802,7850
compact51_marcy__current_roles,2019-09-30 11:00:00,22.5040034483,73.730003221,0,0,0,12,12,6352,5058
compact51_marcy__current_roles,2019-09-30 12:00:00,20.6521325966,222.124136519,1,0,0,12,12,5399,7625
compact51_marcy__current_roles,2019-09-30 13:00:00,17.0184800653,68.9179171728,0,0,0,12,12,2693,4544
compact51_marcy__current_roles,2019-09-30 14:00:00,18.2537753081,71.5421803686,0,0,0,12,12,3690,4847
compact51_marcy__current_roles,2019-09-30 15:00:00,17.6942921873,700.065898177,1,0,0,12,12,3217,8399
compact51_marcy__current_roles,2019-09-30 16:00:00,21.3005838329,131.89198842,1,0,0,12,12,5772,6864
compact51_marcy__current_roles,2019-09-30 17:00:00,21.4500797766,75.8655791696,0,0,0,12,12,5863,5252
compact51_marcy__current_roles,2019-09-30 18:00:00,20.1527263664,89.0815621016,0,0,0,14,14,5086,5849
compact51_marcy__current_roles,2019-09-30 19:00:00,17.976366938,158.137521738,0,0,0,11,11,3469,7178
compact51_marcy__current_roles,2019-09-30 20:00:00,17.6751194296,72.5682271593,0,0,0,12,12,3204,4937
compact51_marcy__current_roles,2019-09-30 21:00:00,22.038969794,72.8988069828,0,0,0,12,12,6142,4964
compact51_marcy__current_roles,2019-09-30 22:00:00,18.7806761631,572.117287505,1,0,0,12,12,4091,8315
compact51_marcy__current_roles,2019-09-30 23:00:00,19.5861783957,65.9543993303,0,0,0,12,12,4702,4105
compact51_marcy__current_roles,2019-10-01 00:00:00,19.1195438549,276.676990126,0,0,0,12,12,4382,7860
compact51_marcy__current_roles,2019-10-01 01:00:00,17.9679607011,119.904999573,0,0,0,12,12,3460,6637
compact51_marcy__current_roles,2019-10-01 02:00:00,19.5205868442,185.503197511,0,0,0,12,12,4665,7393
compact51_marcy__current_roles,2019-10-01 03:00:00,18.0985921658,183.078074669,0,0,0,12,12,3572,7380
compact51_marcy__current_roles,2019-10-01 04:00:00,20.6517396147,231.308591483,0,0,0,12,12,5398,7672
compact51_marcy__current_roles,2019-10-01 05:00:00,27.7183109303,281.206898543,0,0,0,12,12,7944,7884
compact51_marcy__current_roles,2019-10-01 06:00:00,20.9817582029,434.551979683,0,0,0,12,12,5602,8174
compact51_marcy__current_roles,2019-10-01 07:00:00,24.279209818,96.0390238269,0,0,0,13,12,7101,6089
compact51_marcy__current_roles,2019-10-01 08:00:00,15.2797515061,83.957352338,0,0,0,12,12,1448,5681
compact51_marcy__current_roles,2019-10-01 09:00:00,16.5955977619,79.3303323577,0,0,0,12,12,2387,5466
compact51_marcy__current_roles,2019-10-01 10:00:00,13.7535455879,73.5724467636,0,0,0,12,12,636,5042
compact51_marcy__current_roles,2019-10-01 11:00:00,15.5387761149,74.0522693798,0,0,0,12,12,1635,5093
compact51_marcy__current_roles,2019-10-01 12:00:00,18.9666834016,73.8063811773,0,0,0,14,13,4247,5073
compact51_marcy__current_roles,2019-10-01 13:00:00,16.6310026417,76.7730827367,0,0,0,11,11,2413,5324
compact51_marcy__current_roles,2019-10-01 14:00:00,23.3800658553,87.1497318945,0,0,0,12,12,6759,5785
compact51_marcy__current_roles,2019-10-01 15:00:00,23.7356994276,82.6853160951,0,0,0,11,11,6925,5622
compact51_marcy__current_roles,2019-10-01 16:00:00,34.333301175,197.75899818,0,0,0,12,11,8565,7486
compact51_marcy__current_roles,2019-10-01 17:00:00,25.0103423341,71.898932774,0,0,0,13,13,7322,4881
compact51_marcy__current_roles,2019-10-01 18:00:00,24.2583018831,76.337872139,0,0,0,12,12,7091,5288
compact51_marcy__current_roles,2019-10-01 19:00:00,26.5183491722,72.972225491,0,0,0,12,12,7696,4976
compact51_marcy__current_roles,2019-10-01 20:00:00,27.4474444005,62.9452122915,0,0,0,13,12,7900,3492
compact51_marcy__current_roles,2019-10-01 21:00:00,21.5135678736,54.9135309604,0,0,0,12,12,5897,1641
compact51_marcy__current_roles,2019-10-01 22:00:00,23.4328359193,153.301934829,1,0,0,13,12,6781,7125
compact51_marcy__current_roles,2019-10-01 23:00:00,21.8277440232,449.466048015,0,0,0,12,12,6043,8189
compact51_marcy__current_roles,2019-10-02 00:00:00,16.0901479864,64.5323446523,0,0,0,12,12,2011,3822
compact51_marcy__current_roles,2019-10-02 01:00:00,16.3234620171,74.7766045555,0,0,0,12,12,2184,5153
compact51_marcy__current_roles,2019-10-02 02:00:00,20.3856375639,77.9974313033,0,0,0,12,12,5242,5399
compact51_marcy__current_roles,2019-10-02 03:00:00,20.5658926309,163.704739693,0,0,0,12,12,5349,7230
compact51_marcy__current_roles,2019-10-02 04:00:00,23.1908185538,151.924302245,0,0,0,12,12,6681,7104
compact51_marcy__current_roles,2019-10-02 05:00:00,41.6622907916,297.449530441,0,0,0,12,12,8726,7928
compact51_marcy__current_roles,2019-10-02 06:00:00,21.5016358688,80.8352457902,0,0,0,12,12,5889,5538
compact51_marcy__current_roles,2019-10-02 07:00:00,18.7768235435,74.2842226415,0,0,0,12,12,4088,5114
compact51_marcy__current_roles,2019-10-02 08:00:00,21.2995562217,128.363989383,1,0,0,12,12,5770,6814
compact51_marcy__current_roles,2019-10-02 09:00:00,17.7685606487,96.1834896155,0,0,0,12,12,3282,6093
compact51_marcy__current_roles,2019-10-02 10:00:00,19.1296319838,238.629529652,0,0,0,12,12,4386,7716
compact51_marcy__current_roles,2019-10-02 11:00:00,21.2216577884,137.213399093,0,0,0,12,12,5731,6928
compact51_marcy__current_roles,2019-10-02 12:00:00,27.067812621,77.5402382347,0,0,0,12,12,7819,5375
compact51_marcy__current_roles,2019-10-02 13:00:00,29.2255674366,237.892265111,0,0,0,12,12,8164,7714
compact51_marcy__current_roles,2019-10-02 14:00:00,27.1268654347,147.397467156,1,0,0,12,12,7829,7055
compact51_marcy__current_roles,2019-10-02 15:00:00,32.1941102007,137.462918844,1,0,0,12,12,8463,6930
compact51_marcy__current_roles,2019-10-02 16:00:00,31.9311951086,65.1967016175,0,0,0,12,12,8447,3973
compact51_marcy__current_roles,2019-10-02 17:00:00,28.8086662452,66.8019175015,0,0,0,12,12,8095,4252
compact51_marcy__current_roles,2019-10-02 18:00:00,29.4594990578,408.622558067,1,0,0,12,12,8189,8147
compact51_marcy__current_roles,2019-10-02 19:00:00,32.5133438987,106.689221975,1,0,0,12,12,8478,6386
compact51_marcy__current_roles,2019-10-02 20:00:00,25.1271444939,62.3626228572,0,0,0,12,12,7350,3361
compact51_marcy__current_roles,2019-10-02 21:00:00,21.6013732327,58.4322528714,0,0,0,12,12,5935,2440
compact51_marcy__current_roles,2019-10-02 22:00:00,20.3102131564,62.6692133176,0,0,0,12,12,5184,3423
compact51_marcy__current_roles,2019-10-02 23:00:00,21.7161625893,66.9247941814,0,0,0,12,12,5982,4275
compact51_marcy__current_roles,2019-10-03 00:00:00,17.388630685,64.6466521418,0,0,0,12,12,2987,3848
compact51_marcy__current_roles,2019-10-03 01:00:00,15.0948218062,60.5430791246,0,0,0,12,12,1317,2930
compact51_marcy__current_roles,2019-10-03 02:00:00,14.0602185074,61.2699729925,0,0,0,12,12,767,3115
compact51_marcy__current_roles,2019-10-03 03:00:00,19.8241738102,109.054028111,0,0,0,12,12,4856,6428
compact51_marcy__current_roles,2019-10-03 04:00:00,26.7499329045,89.8718437239,0,0,0,12,12,7743,5885
compact51_marcy__current_roles,2019-10-03 05:00:00,36.6588028098,88.8450792019,0,0,0,12,12,8643,5842
compact51_marcy__current_roles,2019-10-03 06:00:00,18.9985807453,100.827868418,0,0,0,12,12,4276,6233
compact51_marcy__current_roles,2019-10-03 07:00:00,15.1094379219,62.5028229686,0,0,0,12,12,1323,3396
compact51_marcy__current_roles,2019-10-03 08:00:00,15.6151225855,82.8698406385,0,0,0,12,12,1676,5632
compact51_marcy__current_roles,2019-10-03 09:00:00,18.217920431,192.702006021,0,0,0,12,12,3661,7448
compact51_marcy__current_roles,2019-10-03 10:00:00,17.8113495914,293.816888704,0,0,0,12,12,3321,7920
compact51_marcy__current_roles,2019-10-03 11:00:00,18.7499885394,259.633654393,1,0,0,12,12,4061,7811
compact51_marcy__current_roles,2019-10-03 12:00:00,18.8085215095,778.6671716,1,0,0,12,12,4108,8433
compact51_marcy__current_roles,2019-10-03 13:00:00,20.8684843395,234.807756164,1,0,0,12,12,5539,7693
compact51_marcy__current_roles,2019-10-03 14:00:00,21.6545834134,243.151500245,0,0,0,12,12,5963,7735
compact51_marcy__current_roles,2019-10-03 15:00:00,22.9553423072,560.989653997,1,0,0,13,12,6569,8303
compact51_marcy__current_roles,2019-10-03 16:00:00,21.4506741366,58.285160798,0,0,0,12,12,5864,2411
compact51_marcy__current_roles,2019-10-03 17:00:00,23.1011215698,54.1670389047,0,0,0,12,12,6638,1482
compact51_marcy__current_roles,2019-10-03 18:00:00,23.7574704089,57.9873992235,0,0,0,12,12,6930,2341
compact51_marcy__current_roles,2019-10-03 19:00:00,25.9191859155,58.7207886778,0,0,0,12,12,7549,2518
compact51_marcy__current_roles,2019-10-03 20:00:00,23.2072007801,395.308799028,0,0,0,12,12,6686,8130
compact51_marcy__current_roles,2019-10-03 21:00:00,21.0993433417,305.370666651,0,0,0,12,12,5669,7949
compact51_marcy__current_roles,2019-10-03 22:00:00,22.1948989988,6434.05554703,1,0,0,12,12,6213,8723
compact51_marcy__current_roles,2019-10-03 23:00:00,27.1772138299,2190.08520778,0,0,0,12,12,7837,8633
compact51_marcy__current_roles,2019-10-04 00:00:00,20.2062321997,505.962621732,0,0,0,12,12,5124,8255
compact51_marcy__current_roles,2019-10-04 01:00:00,18.1833234429,284.748443456,0,0,0,12,12,3640,7894
compact51_marcy__current_roles,2019-10-04 02:00:00,16.2102773821,120.654265023,0,0,0,12,12,2090,6659
compact51_marcy__current_roles,2019-10-04 03:00:00,18.328153472,104.494248426,0,0,0,12,12,3752,6337
compact51_marcy__current_roles,2019-10-04 04:00:00,26.3312984396,162.778340941,0,0,0,12,12,7650,7217
compact51_marcy__current_roles,2019-10-04 05:00:00,30.537535892,830.045728763,0,0,0,12,12,8333,8445
compact51_marcy__current_roles,2019-10-04 06:00:00,23.8872215492,511.404230378,0,0,0,12,12,6968,8262
compact51_marcy__current_roles,2019-10-04 07:00:00,16.1905336005,63.6423990813,0,0,0,12,12,2074,3634
compact51_marcy__current_roles,2019-10-04 08:00:00,14.9846521156,166.281412191,1,0,0,12,12,1250,7248
compact51_marcy__current_roles,2019-10-04 09:00:00,15.0464434124,351.81211083,0,0,0,12,12,1291,8068
compact51_marcy__current_roles,2019-10-04 10:00:00,17.3180911066,198.511232853,1,0,0,12,12,2944,7491
compact51_marcy__current_roles,2019-10-04 11:00:00,18.4428988676,154.353824106,1,0,0,12,12,3831,7141
compact51_marcy__current_roles,2019-10-04 12:00:00,18.9070902671,115.278764447,1,0,0,13,12,4204,6559
compact51_marcy__current_roles,2019-10-04 13:00:00,21.4956013159,63.2131287246,0,0,0,12,12,5886,3546
compact51_marcy__current_roles,2019-10-04 14:00:00,19.1590829732,60.8051946197,0,0,0,12,12,4402,2997
compact51_marcy__current_roles,2019-10-04 15:00:00,17.6889014015,144.382805239,1,0,0,12,12,3213,7016
compact51_marcy__current_roles,2019-10-04 16:00:00,18.4605711813,179.812623025,1,0,0,12,12,3849,7356
compact51_marcy__current_roles,2019-10-04 17:00:00,16.3302539955,99.2625376294,0,0,0,12,12,2192,6178
compact51_marcy__current_roles,2019-10-04 18:00:00,18.3747273171,1335.37316516,0,0,0,12,12,3790,8551
compact51_marcy__current_roles,2019-10-04 19:00:00,19.8129257103,310.073306188,1,0,0,12,12,4852,7964
compact51_marcy__current_roles,2019-10-04 20:00:00,24.2220191237,176.447412914,1,0,0,12,12,7077,7338
compact51_marcy__current_roles,2019-10-04 21:00:00,30.2708961849,147.167845176,0,0,0,13,12,8300,7053
compact51_marcy__current_roles,2019-10-04 22:00:00,22.8002372459,225.9390927,0,0,0,12,12,6498,7646
compact51_marcy__current_roles,2019-10-04 23:00:00,26.4809821948,47.8739559936,0,0,0,12,12,7685,473
compact51_marcy__current_roles,2019-10-05 00:00:00,20.3611356885,54.5046852267,0,0,0,12,12,5220,1555
compact51_marcy__current_roles,2019-10-05 01:00:00,20.816584629,67.7679838374,0,0,0,12,12,5512,4397
compact51_marcy__current_roles,2019-10-05 02:00:00,21.87063167,53.637883844,0,0,0,12,12,6074,1389
compact51_marcy__current_roles,2019-10-05 03:00:00,23.2771285835,123.7875148,1,0,0,12,12,6719,6727
compact51_marcy__current_roles,2019-10-05 04:00:00,24.7652751339,62.9823081796,0,0,0,12,12,7238,3499
compact51_marcy__current_roles,2019-10-05 05:00:00,21.2136052211,51.2481577843,0,0,0,12,12,5723,946
compact51_marcy__current_roles,2019-10-05 06:00:00,21.3230437267,56.6221358823,0,0,0,12,12,5783,2009
compact51_marcy__current_roles,2019-10-05 07:00:00,22.9177742509,64.2938057679,0,0,0,12,12,6549,3769
compact51_marcy__current_roles,2019-10-05 08:00:00,17.5564687201,58.0623285422,0,0,0,12,12,3124,2360
compact51_marcy__current_roles,2019-10-05 09:00:00,18.5381368014,185.459002426,0,0,0,12,12,3903,7392
compact51_marcy__current_roles,2019-10-05 10:00:00,23.2918637692,64.4552225387,0,0,0,12,12,6726,3803
compact51_marcy__current_roles,2019-10-05 11:00:00,21.1020472072,63.3049382935,0,0,0,12,12,5676,3568
compact51_marcy__current_roles,2019-10-05 12:00:00,18.3291925224,68.9215829364,0,0,0,12,12,3754,4545
compact51_marcy__current_roles,2019-10-05 13:00:00,17.005899367,68.5048615341,0,0,0,12,12,2678,4493
compact51_marcy__current_roles,2019-10-05 14:00:00,15.009828872,69.6923137304,0,0,0,13,13,1269,4637
compact51_marcy__current_roles,2019-10-05 15:00:00,12.8169500056,64.3389267377,0,0,0,12,12,330,3779
compact51_marcy__current_roles,2019-10-05 16:00:00,17.4006901594,69.3225852381,0,0,0,12,12,2998,4592
compact51_marcy__current_roles,2019-10-05 17:00:00,20.8639975243,74.5393439435,0,0,0,12,12,5538,5141
compact51_marcy__current_roles,2019-10-05 18:00:00,22.0473889977,75.2684312987,0,0,0,12,12,6146,5204
compact51_marcy__current_roles,2019-10-05 19:00:00,21.3066248428,73.0790758166,0,0,0,13,13,5776,4988
compact51_marcy__current_roles,2019-10-05 20:00:00,23.3002592077,155.265853031,0,0,0,12,12,6730,7148
compact51_marcy__current_roles,2019-10-05 21:00:00,18.6848635976,59.1883808058,0,0,0,12,12,4024,2637
compact51_marcy__current_roles,2019-10-05 22:00:00,15.8609259267,50.7750547507,0,0,0,12,12,1829,866
compact51_marcy__current_roles,2019-10-05 23:00:00,22.4302699472,53.9752259596,0,0,0,12,12,6311,1452
compact51_marcy__current_roles,2019-10-06 00:00:00,17.5033277293,46.8071224442,0,0,0,12,12,3077,361
compact51_marcy__current_roles,2019-10-06 01:00:00,14.9169323523,40.934994412,0,0,0,12,12,1205,73
compact51_marcy__current_roles,2019-10-06 02:00:00,12.8554675432,43.7992170531,0,0,0,12,12,343,154
compact51_marcy__current_roles,2019-10-06 03:00:00,19.5318403016,196.780384488,0,0,0,12,12,4674,7477
compact51_marcy__current_roles,2019-10-06 04:00:00,19.7317966311,227.134499677,0,0,0,12,12,4803,7651
compact51_marcy__current_roles,2019-10-06 05:00:00,17.2942291552,485.258627739,0,0,0,12,12,2929,8229
compact51_marcy__current_roles,2019-10-06 06:00:00,19.5270740088,557.052332097,0,0,0,12,12,4672,8299
compact51_marcy__current_roles,2019-10-06 07:00:00,24.5948088749,317.412872299,0,0,0,12,12,7190,7981
compact51_marcy__current_roles,2019-10-06 08:00:00,21.351801836,163.348541661,0,0,0,12,12,5801,7221
compact51_marcy__current_roles,2019-10-06 09:00:00,19.5705859269,92.5586737053,0,0,0,12,12,4698,5964
compact51_marcy__current_roles,2019-10-06 10:00:00,19.5381335539,115.377251679,0,0,0,13,12,4678,6560
compact51_marcy__current_roles,2019-10-06 11:00:00,19.7965225524,114.5059238,0,0,0,12,12,4842,6544
compact51_marcy__current_roles,2019-10-06 12:00:00,17.5178606273,64.8240164929,0,0,0,12,12,3090,3887
compact51_marcy__current_roles,2019-10-06 13:00:00,22.2160761401,368.555123787,0,0,0,12,12,6218,8099
compact51_marcy__current_roles,2019-10-06 14:00:00,15.3117314425,54.3135615094,0,0,0,12,12,1472,1513
compact51_marcy__current_roles,2019-10-06 15:00:00,17.0752023492,46.696010113,0,0,0,12,12,2740,354
compact51_marcy__current_roles,2019-10-06 16:00:00,17.0671022145,128.737295968,0,0,0,12,12,2727,6820
compact51_marcy__current_roles,2019-10-06 17:00:00,16.3078711343,88.1037251292,0,0,0,12,12,2171,5815
compact51_marcy__current_roles,2019-10-06 18:00:00,17.0439132269,160.439590203,0,0,0,12,12,2709,7194
compact51_marcy__current_roles,2019-10-06 19:00:00,16.3394366094,96.4882798957,0,0,0,12,12,2196,6101
compact51_marcy__current_roles,2019-10-06 20:00:00,22.1284939081,767.99538717,1,0,0,12,12,6185,8428
compact51_marcy__current_roles,2019-10-06 21:00:00,22.8244923374,522.158543825,1,0,0,12,12,6511,8273
compact51_marcy__current_roles,2019-10-06 22:00:00,20.9245650719,497.266902902,1,0,0,14,13,5570,8245
compact51_marcy__current_roles,2019-10-06 23:00:00,21.4475076102,208.341824238,0,0,0,12,12,5859,7553
compact51_marcy__current_roles,2019-10-07 00:00:00,19.4811660718,65.8099145161,0,0,0,13,12,4626,4080
compact51_marcy__current_roles,2019-10-07 01:00:00,19.7656724749,61.0258964311,0,0,0,12,12,4828,3055
compact51_marcy__current_roles,2019-10-07 02:00:00,20.0796243014,79.9250141484,0,0,0,12,12,5039,5499
compact51_marcy__current_roles,2019-10-07 03:00:00,19.0739544595,83.9318259518,0,0,0,12,12,4342,5679
compact51_marcy__current_roles,2019-10-07 04:00:00,23.4079370697,61.0045781609,0,0,0,12,12,6769,3048
compact51_marcy__current_roles,2019-10-07 05:00:00,33.1681747858,68.4495588274,0,0,0,12,12,8517,4484
compact51_marcy__current_roles,2019-10-07 06:00:00,20.1066449461,66.5997853545,0,0,0,12,12,5053,4210
compact51_marcy__current_roles,2019-10-07 07:00:00,17.9906805323,254.958865948,0,0,0,13,13,3478,7791
compact51_marcy__current_roles,2019-10-07 08:00:00,17.0677176589,64.5505144466,0,0,0,12,12,2728,3825
compact51_marcy__current_roles,2019-10-07 09:00:00,19.0875586753,63.9040677942,0,0,0,12,12,4352,3687
compact51_marcy__current_roles,2019-10-07 10:00:00,18.3993003781,72.0355848373,0,0,0,12,12,3799,4890
compact51_marcy__current_roles,2019-10-07 11:00:00,13.9831271748,125.839108903,0,0,0,12,12,742,6766
compact51_marcy__current_roles,2019-10-07 12:00:00,15.4298571695,67.4981369154,0,0,0,12,12,1560,4357
compact51_marcy__current_roles,2019-10-07 13:00:00,16.4338990184,66.2112322617,0,0,0,12,12,2276,4157
compact51_marcy__current_roles,2019-10-07 14:00:00,16.8767007961,60.6803967349,0,0,0,12,12,2584,2966
compact51_marcy__current_roles,2019-10-07 15:00:00,16.5862191269,57.9962136022,0,0,0,12,12,2382,2344
compact51_marcy__current_roles,2019-10-07 16:00:00,18.9809580708,61.160123585,0,0,0,12,12,4265,3082
compact51_marcy__current_roles,2019-10-07 17:00:00,18.4863119146,59.4268886577,0,0,0,12,12,3865,2691
compact51_marcy__current_roles,2019-10-07 18:00:00,20.8276894871,57.8790848523,0,0,0,12,12,5522,2316
compact51_marcy__current_roles,2019-10-07 19:00:00,21.8503075593,56.6862668731,0,0,0,12,12,6058,2022
compact51_marcy__current_roles,2019-10-07 20:00:00,26.6999652803,296.182947135,0,0,0,12,12,7731,7924
compact51_marcy__current_roles,2019-10-07 21:00:00,21.1793760592,113.344048609,0,0,0,12,12,5705,6520
compact51_marcy__current_roles,2019-10-07 22:00:00,25.0268953655,59.5780616093,0,0,0,12,12,7328,2716
compact51_marcy__current_roles,2019-10-07 23:00:00,25.2053085011,79.3285276649,0,0,0,12,12,7363,5465
compact51_marcy__current_roles,2019-10-08 00:00:00,23.0251504164,332.852892388,0,0,0,12,12,6600,8017
compact51_marcy__current_roles,2019-10-08 01:00:00,22.1322275175,179.9324029,0,0,0,12,12,6187,7357
compact51_marcy__current_roles,2019-10-08 02:00:00,22.4917619811,169.108401294,0,0,0,12,12,6348,7272
compact51_marcy__current_roles,2019-10-08 03:00:00,23.4943276866,140.159403794,0,0,0,12,12,6815,6964
compact51_marcy__current_roles,2019-10-08 04:00:00,25.2169828924,128.980700625,0,0,0,12,12,7366,6825
compact51_marcy__current_roles,2019-10-08 05:00:00,27.9334960516,83.7425666887,0,0,0,12,12,7973,5672
compact51_marcy__current_roles,2019-10-08 06:00:00,22.7899523675,470.978035509,0,0,0,12,12,6493,8211
compact51_marcy__current_roles,2019-10-08 07:00:00,22.6726555393,195.42573765,1,0,0,13,13,6438,7467
compact51_marcy__current_roles,2019-10-08 08:00:00,21.7290731705,79.6332547795,0,0,0,13,13,5989,5485
compact51_marcy__current_roles,2019-10-08 09:00:00,18.0535730131,71.7739489285,0,0,0,12,12,3536,4868
compact51_marcy__current_roles,2019-10-08 10:00:00,19.0378903575,567.889260174,0,0,0,12,12,4312,8310
compact51_marcy__current_roles,2019-10-08 11:00:00,16.7967589753,139.182046928,0,0,0,12,12,2530,6951
compact51_marcy__current_roles,2019-10-08 12:00:00,15.2625193343,87.8952598732,0,0,0,12,12,1440,5810
compact51_marcy__current_roles,2019-10-08 13:00:00,17.7322633651,635.575452784,0,0,0,12,12,3244,8354
compact51_marcy__current_roles,2019-10-08 14:00:00,18.025279142,1166.70094555,0,0,0,12,12,3506,8530
compact51_marcy__current_roles,2019-10-08 15:00:00,20.5451456424,729.99919975,0,0,0,12,12,5335,8407
compact51_marcy__current_roles,2019-10-08 16:00:00,17.1795092921,287.839887654,0,0,0,12,12,2824,7906
compact51_marcy__current_roles,2019-10-08 17:00:00,16.7142727799,69.8303588526,0,0,0,12,12,2469,4656
compact51_marcy__current_roles,2019-10-08 18:00:00,15.8913997781,64.9252788722,0,0,0,12,12,1857,3910
compact51_marcy__current_roles,2019-10-08 19:00:00,20.4053698014,187.604399581,1,0,0,12,12,5256,7409
compact51_marcy__current_roles,2019-10-08 20:00:00,23.3516756025,117.276039754,1,0,0,12,12,6752,6585
compact51_marcy__current_roles,2019-10-08 21:00:00,24.3652751437,136.350828748,0,0,0,12,12,7135,6915
compact51_marcy__current_roles,2019-10-08 22:00:00,24.5167783547,77.221990816,0,0,0,12,12,7175,5346
compact51_marcy__current_roles,2019-10-08 23:00:00,29.9770214618,66.0947321425,0,0,0,12,12,8265,4133
compact51_marcy__current_roles,2019-10-09 00:00:00,21.7646495157,57.5323097186,0,0,0,12,12,6015,2230
compact51_marcy__current_roles,2019-10-09 01:00:00,18.8379189798,56.0559615532,0,0,0,12,12,4132,1886
compact51_marcy__current_roles,2019-10-09 02:00:00,20.4513770762,58.687723075,0,0,0,12,12,5278,2507
compact51_marcy__current_roles,2019-10-09 03:00:00,18.7373604905,57.6696932685,0,0,0,12,12,4052,2254
compact51_marcy__current_roles,2019-10-09 04:00:00,20.9677704385,58.9129429177,0,0,0,12,12,5590,2567
compact51_marcy__current_roles,2019-10-09 05:00:00,32.8500617715,102.826634385,0,0,0,12,12,8499,6293
compact51_marcy__current_roles,2019-10-09 06:00:00,23.8854974728,100.922685318,0,0,0,13,12,6966,6239
compact51_marcy__current_roles,2019-10-09 07:00:00,18.3711193786,104.056969768,0,0,0,12,12,3785,6326
compact51_marcy__current_roles,2019-10-09 08:00:00,19.6120671645,98.0967385059,0,0,0,12,12,4717,6140
compact51_marcy__current_roles,2019-10-09 09:00:00,20.8263755592,102.591115565,0,0,0,12,12,5520,6285
compact51_marcy__current_roles,2019-10-09 10:00:00,18.8981262281,117.238542118,0,0,0,12,12,4194,6583
compact51_marcy__current_roles,2019-10-09 11:00:00,18.088366503,108.792610935,0,0,0,12,12,3564,6423
compact51_marcy__current_roles,2019-10-09 12:00:00,19.7951136796,203.856870041,1,0,0,12,12,4841,7525
compact51_marcy__current_roles,2019-10-09 13:00:00,19.0904889269,336.086208316,0,0,0,12,12,4355,8023
compact51_marcy__current_roles,2019-10-09 14:00:00,18.9224183602,100.183140319,0,0,0,12,12,4216,6210
compact51_marcy__current_roles,2019-10-09 15:00:00,21.8083757656,112.452895665,0,0,0,12,12,6032,6500
compact51_marcy__current_roles,2019-10-09 16:00:00,19.1635978369,106.293737108,0,0,0,12,12,4403,6380
compact51_marcy__current_roles,2019-10-09 17:00:00,21.8899327707,108.376523635,1,0,0,12,12,6084,6414
compact51_marcy__current_roles,2019-10-09 18:00:00,27.3905388131,254.806007811,1,0,0,12,12,7890,7790
compact51_marcy__current_roles,2019-10-09 19:00:00,22.4418020464,1052.6906474,0,0,0,12,12,6314,8505
compact51_marcy__current_roles,2019-10-09 20:00:00,22.863022113,103.710681357,0,0,0,12,12,6524,6317
compact51_marcy__current_roles,2019-10-09 21:00:00,26.3141373003,97.6780812389,0,0,0,12,12,7643,6125
compact51_marcy__current_roles,2019-10-09 22:00:00,28.7440419539,86.5212411498,0,0,0,12,12,8085,5772
compact51_marcy__current_roles,2019-10-09 23:00:00,35.4450974191,86.9274182457,0,0,0,12,12,8612,5781
compact51_marcy__current_roles,2019-10-10 00:00:00,30.5323733234,94.6724690737,0,0,0,12,12,8332,6040
compact51_marcy__current_roles,2019-10-10 01:00:00,26.1711017901,93.9134546022,0,0,0,12,12,7617,6007
compact51_marcy__current_roles,2019-10-10 02:00:00,26.9633789281,105.16339838,1,0,0,12,12,7797,6353
compact51_marcy__current_roles,2019-10-10 03:00:00,26.9847769945,88.2837412029,0,0,0,12,12,7800,5825
compact51_marcy__current_roles,2019-10-10 04:00:00,30.7326008175,101.621330386,1,0,0,12,12,8358,6261
compact51_marcy__current_roles,2019-10-10 05:00:00,47.4176030946,106.296782512,0,0,0,12,12,8746,6381
compact51_marcy__current_roles,2019-10-10 06:00:00,30.5678156748,99.655201228,0,0,0,12,12,8336,6189
compact51_marcy__current_roles,2019-10-10 07:00:00,24.5991917742,432.543270896,0,0,0,12,12,7191,8169
compact51_marcy__current_roles,2019-10-10 08:00:00,21.0137182622,99.0178207432,0,0,0,12,12,5622,6166
compact51_marcy__current_roles,2019-10-10 09:00:00,17.8753888662,108.966956869,0,0,0,12,12,3378,6427
compact51_marcy__current_roles,2019-10-10 10:00:00,18.450090973,349.092297822,1,0,0,12,12,3839,8064
compact51_marcy__current_roles,2019-10-10 11:00:00,19.4147887764,332.565788569,1,0,0,12,12,4568,8015
compact51_marcy__current_roles,2019-10-10 12:00:00,17.6517340793,1292.79691553,0,0,0,12,12,3187,8547
compact51_marcy__current_roles,2019-10-10 13:00:00,18.3404207275,95.638792508,0,0,0,12,12,3760,6068
compact51_marcy__current_roles,2019-10-10 14:00:00,17.4851418295,453.598316919,1,0,0,12,12,3062,8193
compact51_marcy__current_roles,2019-10-10 15:00:00,19.4189566135,349.693865593,0,0,0,12,12,4575,8065
compact51_marcy__current_roles,2019-10-10 16:00:00,16.7630088945,58.8588964477,0,0,0,12,12,2505,2551
compact51_marcy__current_roles,2019-10-10 17:00:00,22.7592737184,130.62927571,0,0,0,12,12,6473,6847
compact51_marcy__current_roles,2019-10-10 18:00:00,18.8568785998,53.3872518818,0,0,0,12,12,4150,1351
compact51_marcy__current_roles,2019-10-10 19:00:00,20.1434133209,51.1863477564,0,0,0,12,12,5080,934
compact51_marcy__current_roles,2019-10-10 20:00:00,21.7454094093,56.5689520012,0,0,0,12,12,6001,1998
compact51_marcy__current_roles,2019-10-10 21:00:00,24.6472291364,85.6011075311,0,0,0,12,12,7206,5747
compact51_marcy__current_roles,2019-10-10 22:00:00,24.9922360493,50.0003865637,0,0,0,12,12,7316,735
compact51_marcy__current_roles,2019-10-10 23:00:00,30.5884642809,69.1686168146,0,0,0,12,12,8339,4570
compact51_marcy__current_roles,2019-10-11 00:00:00,16.3818483,57.6411175456,0,0,0,12,12,2224,2249
compact51_marcy__current_roles,2019-10-11 01:00:00,14.8641292156,51.9073346251,0,0,0,12,12,1165,1066
compact51_marcy__current_roles,2019-10-11 02:00:00,12.983253458,52.2412523515,0,0,0,12,12,372,1115
compact51_marcy__current_roles,2019-10-11 03:00:00,13.0089739217,58.2584378756,0,0,0,12,12,382,2402
compact51_marcy__current_roles,2019-10-11 04:00:00,17.6656006875,62.3971917414,0,0,0,12,12,3198,3370
compact51_marcy__current_roles,2019-10-11 05:00:00,18.5934187282,57.2199200265,0,0,0,12,12,3960,2143
compact51_marcy__current_roles,2019-10-11 06:00:00,19.3625072974,61.2863413396,0,0,0,12,12,4536,3120
compact51_marcy__current_roles,2019-10-11 07:00:00,17.4996169091,61.596172954,0,0,0,12,12,3076,3192
compact51_marcy__current_roles,2019-10-11 08:00:00,16.2933950564,56.1262658544,0,0,0,12,12,2151,1903
compact51_marcy__current_roles,2019-10-11 09:00:00,15.4549594051,63.6544337975,0,0,0,12,12,1582,3638
compact51_marcy__current_roles,2019-10-11 10:00:00,14.1006597143,66.6282246658,0,0,0,12,12,786,4220
compact51_marcy__current_roles,2019-10-11 11:00:00,16.6451698334,68.2424955166,0,0,0,12,12,2418,4457
compact51_marcy__current_roles,2019-10-11 12:00:00,14.4266662702,66.2659384409,0,0,0,13,12,939,4165
compact51_marcy__current_roles,2019-10-11 13:00:00,14.1305680715,68.6515066727,0,0,0,12,12,799,4511
compact51_marcy__current_roles,2019-10-11 14:00:00,13.6911818454,66.5560178873,0,0,0,12,12,614,4203
compact51_marcy__current_roles,2019-10-11 15:00:00,17.6519907233,58.4288252306,0,0,0,12,12,3188,2438
compact51_marcy__current_roles,2019-10-11 16:00:00,16.9349826368,57.3704905535,0,0,0,12,12,2631,2184
compact51_marcy__current_roles,2019-10-11 17:00:00,17.8499657033,52.4538136832,0,0,0,12,12,3361,1155
compact51_marcy__current_roles,2019-10-11 18:00:00,18.9740447135,48.4281531196,0,0,0,12,12,4258,545
compact51_marcy__current_roles,2019-10-11 19:00:00,18.4414610534,51.4379617397,0,0,0,12,12,3829,972
compact51_marcy__current_roles,2019-10-11 20:00:00,18.6510289009,55.5078390308,0,0,0,12,12,3997,1771
compact51_marcy__current_roles,2019-10-11 21:00:00,20.2700308206,57.3810819718,0,0,0,12,12,5160,2189
compact51_marcy__current_roles,2019-10-11 22:00:00,20.5855723648,45.8741120536,0,0,0,12,12,5356,291
compact51_marcy__current_roles,2019-10-11 23:00:00,20.0143764026,48.3738654103,0,0,0,12,12,4990,539
compact51_marcy__current_roles,2019-10-12 00:00:00,15.9398123321,47.500678625,0,0,0,12,12,1902,437
compact51_marcy__current_roles,2019-10-12 01:00:00,36.9945615685,132.384470456,0,0,0,12,12,8655,6869
compact51_marcy__current_roles,2019-10-12 02:00:00,37.1180636032,267.679805266,1,0,0,12,12,8658,7833
compact51_marcy__current_roles,2019-10-12 03:00:00,34.5443982637,54172.5052305,1,0,0,12,12,8575,8755
compact51_marcy__current_roles,2019-10-12 04:00:00,30.5104027067,302.070013084,1,0,0,12,12,8327,7940
compact51_marcy__current_roles,2019-10-12 05:00:00,30.6533225519,158.971443354,1,0,0,12,12,8347,7184
compact51_marcy__current_roles,2019-10-12 06:00:00,35.0374604857,359.291418243,1,0,0,12,12,8597,8084
compact51_marcy__current_roles,2019-10-12 07:00:00,30.374807186,86.548045508,0,0,0,12,12,8309,5773
compact51_marcy__current_roles,2019-10-12 08:00:00,28.9069978914,71.3539887133,0,0,0,12,12,8115,4828
compact51_marcy__current_roles,2019-10-12 09:00:00,20.8768471044,86.9933800971,0,0,0,12,12,5545,5782
compact51_marcy__current_roles,2019-10-12 10:00:00,21.7109964817,73.5161894645,0,0,0,12,12,5979,5031
compact51_marcy__current_roles,2019-10-12 11:00:00,22.8336896605,75.1252645789,0,0,0,12,12,6515,5186
compact51_marcy__current_roles,2019-10-12 12:00:00,23.1849938018,78.0590239557,0,0,0,12,12,6678,5403
compact51_marcy__current_roles,2019-10-12 13:00:00,22.6904499245,72.9579083227,0,0,0,12,12,6445,4975
compact51_marcy__current_roles,2019-10-12 14:00:00,26.5203664774,78.1787383453,0,0,0,12,12,7697,5414
compact51_marcy__current_roles,2019-10-12 15:00:00,17.8175129295,77.4199493821,0,0,0,12,12,3329,5364
compact51_marcy__current_roles,2019-10-12 16:00:00,16.933644709,101.50321007,0,0,0,12,12,2627,6258
compact51_marcy__current_roles,2019-10-12 17:00:00,23.0213995562,113.158063769,0,0,0,12,12,6599,6517
compact51_marcy__current_roles,2019-10-12 18:00:00,28.7320726064,102.69004447,0,0,0,12,12,8081,6289
compact51_marcy__current_roles,2019-10-12 19:00:00,28.3603669616,93.4199801807,0,0,0,12,12,8024,5992
compact51_marcy__current_roles,2019-10-12 20:00:00,27.3440012146,105.930968858,0,0,0,12,12,7874,6368
compact51_marcy__current_roles,2019-10-12 21:00:00,28.1628200481,65.1738926153,0,0,0,12,12,8003,3966
compact51_marcy__current_roles,2019-10-12 22:00:00,29.7701312371,80.9929756854,0,0,0,12,12,8233,5551
compact51_marcy__current_roles,2019-10-12 23:00:00,27.0179490119,79.9381041523,0,0,0,12,12,7808,5501
compact51_marcy__current_roles,2019-10-13 00:00:00,33.372026884,91.981887286,0,0,0,13,12,8525,5945
compact51_marcy__current_roles,2019-10-13 01:00:00,36.8321963431,149.727575827,1,0,0,12,12,8647,7081
compact51_marcy__current_roles,2019-10-13 02:00:00,34.8855632937,125.64822211,1,0,0,12,12,8590,6761
compact51_marcy__current_roles,2019-10-13 03:00:00,37.9691737665,111.901879767,0,0,0,12,12,8683,6486
compact51_marcy__current_roles,2019-10-13 04:00:00,37.9519832224,114.439098191,0,0,0,12,12,8682,6541
compact51_marcy__current_roles,2019-10-13 05:00:00,39.4513201648,146.818738945,1,0,0,12,12,8704,7045
compact51_marcy__current_roles,2019-10-13 06:00:00,34.1741515279,90.8807509454,0,0,0,12,12,8559,5906
compact51_marcy__current_roles,2019-10-13 07:00:00,33.100120073,78.6799315867,0,0,0,12,12,8513,5433
compact51_marcy__current_roles,2019-10-13 08:00:00,24.0650141214,67.9969257215,0,0,0,12,12,7023,4421
compact51_marcy__current_roles,2019-10-13 09:00:00,23.5421881745,69.1844326475,0,0,0,12,12,6839,4574
compact51_marcy__current_roles,2019-10-13 10:00:00,22.0952826645,70.1324139708,0,0,0,12,12,6168,4702
compact51_marcy__current_roles,2019-10-13 11:00:00,19.5425235133,76.9473476576,0,0,0,12,12,4681,5334
compact51_marcy__current_roles,2019-10-13 12:00:00,18.1446123397,72.6269505325,0,0,0,12,12,3611,4942
compact51_marcy__current_roles,2019-10-13 13:00:00,17.8682510758,72.5502517537,0,0,0,12,12,3372,4935
compact51_marcy__current_roles,2019-10-13 14:00:00,18.7720290306,68.2198063296,0,0,0,12,12,4083,4454
compact51_marcy__current_roles,2019-10-13 15:00:00,21.1097010132,66.0777608066,0,0,0,12,12,5681,4131
compact51_marcy__current_roles,2019-10-13 16:00:00,17.3157685673,64.9698796354,0,0,0,12,12,2941,3925
compact51_marcy__current_roles,2019-10-13 17:00:00,18.6651271339,60.8538009399,0,0,0,12,12,4007,3011
compact51_marcy__current_roles,2019-10-13 18:00:00,20.9701360709,56.5660996071,0,0,0,12,12,5592,1996
compact51_marcy__current_roles,2019-10-13 19:00:00,23.3172419048,81.6421888617,0,0,0,12,12,6739,5584
compact51_marcy__current_roles,2019-10-13 20:00:00,21.8900426144,97.1214306251,0,0,0,12,12,6085,6114
compact51_marcy__current_roles,2019-10-13 21:00:00,21.8932361512,114.958738584,0,0,0,12,12,6087,6552
compact51_marcy__current_roles,2019-10-13 22:00:00,26.3675594833,148.363765886,0,0,0,12,12,7661,7065
compact51_marcy__current_roles,2019-10-13 23:00:00,30.6461466434,119.585574455,0,0,0,12,12,8346,6631
compact51_marcy__current_roles,2019-10-14 00:00:00,24.760990147,64.5231752747,0,0,0,12,12,7235,3820
compact51_marcy__current_roles,2019-10-14 01:00:00,27.211420511,100.672735596,0,0,0,12,12,7845,6224
compact51_marcy__current_roles,2019-10-14 02:00:00,34.9413875108,172.330758729,0,0,0,12,12,8592,7300
compact51_marcy__current_roles,2019-10-14 03:00:00,42.4587553532,192.070283759,0,0,0,12,12,8729,7441
compact51_marcy__current_roles,2019-10-14 04:00:00,53.3027973346,260.115475246,1,0,0,12,12,8757,7814
compact51_marcy__current_roles,2019-10-14 05:00:00,36.8756252644,113.218650079,0,0,0,12,12,8650,6519
compact51_marcy__current_roles,2019-10-14 06:00:00,20.2934469195,114.526115453,1,0,0,12,12,5174,6545
compact51_marcy__current_roles,2019-10-14 07:00:00,22.1620609044,64.819554575,0,0,0,12,12,6197,3885
compact51_marcy__current_roles,2019-10-14 08:00:00,20.503214572,62.4417991864,0,0,0,12,12,5315,3385
compact51_marcy__current_roles,2019-10-14 09:00:00,22.6034998348,58.5169787498,0,0,0,12,12,6400,2459
compact51_marcy__current_roles,2019-10-14 10:00:00,20.3011666309,70.1447502129,0,0,0,12,12,5178,4706
compact51_marcy__current_roles,2019-10-14 11:00:00,19.1041142217,74.109963588,0,0,0,12,12,4369,5099
compact51_marcy__current_roles,2019-10-14 12:00:00,19.8652130489,69.993677575,0,0,0,12,12,4888,4677
compact51_marcy__current_roles,2019-10-14 13:00:00,18.772419329,70.2512237389,0,0,0,12,12,4084,4714
compact51_marcy__current_roles,2019-10-14 14:00:00,17.9499269894,59.9290210917,0,0,0,12,12,3446,2801
compact51_marcy__current_roles,2019-10-14 15:00:00,20.2540527567,65.7665596347,0,0,0,13,13,5150,4072
compact51_marcy__current_roles,2019-10-14 16:00:00,21.1036227839,70.9178308162,0,0,0,12,11,5678,4780
compact51_marcy__current_roles,2019-10-14 17:00:00,21.4979856867,71.8409947388,0,0,0,12,12,5887,4876
compact51_marcy__current_roles,2019-10-14 18:00:00,21.0182879303,64.5554300954,0,0,0,12,12,5624,3828
compact51_marcy__current_roles,2019-10-14 19:00:00,29.765892841,66.9302879276,0,0,0,12,12,8231,4278
compact51_marcy__current_roles,2019-10-14 20:00:00,26.8107098627,80.731602462,0,0,0,12,12,7755,5533
compact51_marcy__current_roles,2019-10-14 21:00:00,22.8744542581,91.5062186751,0,0,0,12,12,6531,5927
compact51_marcy__current_roles,2019-10-14 22:00:00,20.6420640349,59.7446863853,0,0,0,12,12,5387,2748
compact51_marcy__current_roles,2019-10-14 23:00:00,22.1619619884,54.9689837441,0,0,0,12,12,6196,1655
compact51_marcy__current_roles,2019-10-15 00:00:00,24.5773585193,55.811527664,0,0,0,12,12,7187,1828
compact51_marcy__current_roles,2019-10-15 01:00:00,26.4542037188,62.5947355387,0,0,0,12,12,7678,3407
compact51_marcy__current_roles,2019-10-15 02:00:00,27.6797128546,83.1756692305,0,0,0,12,12,7936,5644
compact51_marcy__current_roles,2019-10-15 03:00:00,35.1551244491,113.668751084,1,0,0,12,12,8604,6525
compact51_marcy__current_roles,2019-10-15 04:00:00,47.5399393825,117.533849039,0,0,0,12,12,8748,6593
compact51_marcy__current_roles,2019-10-15 05:00:00,51.2720406121,129.451495613,0,0,0,12,12,8753,6835
compact51_marcy__current_roles,2019-10-15 06:00:00,34.6767715109,70.3788506784,0,0,0,12,12,8581,4725
compact51_marcy__current_roles,2019-10-15 07:00:00,35.2314021284,175.865477013,1,0,0,12,12,8608,7331
compact51_marcy__current_roles,2019-10-15 08:00:00,35.6025846675,300.574265882,1,0,0,12,12,8617,7932
compact51_marcy__current_roles,2019-10-15 09:00:00,27.5975618399,242.926624001,1,0,0,12,12,7927,7734
compact51_marcy__current_roles,2019-10-15 10:00:00,25.545888677,357.591047334,1,0,0,13,12,7457,8080
compact51_marcy__current_roles,2019-10-15 11:00:00,26.5605990447,687.455545977,1,0,0,12,12,7709,8390
compact51_marcy__current_roles,2019-10-15 12:00:00,28.9847322472,938.875057046,2,0,0,12,12,8125,8478
compact51_marcy__current_roles,2019-10-15 13:00:00,29.0662659141,675.705336453,2,0,0,12,12,8137,8382
compact51_marcy__current_roles,2019-10-15 14:00:00,28.9072682883,488.712555297,2,0,0,12,12,8116,8234
compact51_marcy__current_roles,2019-10-15 15:00:00,22.0257089056,127.14556333,1,0,0,12,12,6138,6796
compact51_marcy__current_roles,2019-10-15 16:00:00,23.3933207984,139.438373946,1,0,0,12,12,6764,6953
compact51_marcy__current_roles,2019-10-15 17:00:00,25.1698643125,138.408941771,1,0,0,12,12,7358,6939
compact51_marcy__current_roles,2019-10-15 18:00:00,26.9076965226,118.969815557,1,0,0,12,12,7783,6620
compact51_marcy__current_roles,2019-10-15 19:00:00,30.5061214051,118.837649984,1,0,0,12,12,8324,6619
compact51_marcy__current_roles,2019-10-15 20:00:00,29.105506958,110.402155155,1,0,0,12,12,8143,6456
compact51_marcy__current_roles,2019-10-15 21:00:00,25.3780672146,110.342768798,1,0,0,12,12,7416,6455
compact51_marcy__current_roles,2019-10-15 22:00:00,22.010911484,73.8116775162,0,0,0,13,13,6132,5074
compact51_marcy__current_roles,2019-10-15 23:00:00,29.951216142,102.978439358,0,0,0,12,12,8260,6298
compact51_marcy__current_roles,2019-10-16 00:00:00,36.3500352,199.585154999,0,0,0,13,13,8635,7498
compact51_marcy__current_roles,2019-10-16 01:00:00,43.4582254201,205.777895751,1,0,0,12,12,8734,7541
compact51_marcy__current_roles,2019-10-16 02:00:00,41.3365989756,235.717832407,1,0,0,12,12,8723,7699
compact51_marcy__current_roles,2019-10-16 03:00:00,42.913031121,245.967900335,2,0,0,12,12,8732,7751
compact51_marcy__current_roles,2019-10-16 04:00:00,53.003012667,254.468448097,2,0,0,12,12,8756,7788
compact51_marcy__current_roles,2019-10-16 05:00:00,54.9642840624,255.396183211,1,0,0,12,12,8759,7793
compact51_marcy__current_roles,2019-10-16 06:00:00,34.2528594761,134.929871627,1,0,0,12,12,8562,6901
compact51_marcy__current_roles,2019-10-16 07:00:00,28.009330972,102.313082006,1,0,0,12,12,7984,6282
compact51_marcy__current_roles,2019-10-16 08:00:00,27.7687423115,108.932690919,1,0,0,12,12,7951,6426
compact51_marcy__current_roles,2019-10-16 09:00:00,27.8470379213,110.514032434,1,0,0,12,12,7959,6457
compact51_marcy__current_roles,2019-10-16 10:00:00,23.6082157804,99.1385000841,0,0,0,12,12,6867,6173
compact51_marcy__current_roles,2019-10-16 11:00:00,24.2737733302,118.641458131,1,0,0,12,12,7097,6614
compact51_marcy__current_roles,2019-10-16 12:00:00,23.9445864698,116.57705467,1,0,0,12,12,6986,6574
compact51_marcy__current_roles,2019-10-16 13:00:00,26.8619990219,121.7567136,1,0,0,12,12,7768,6682
compact51_marcy__current_roles,2019-10-16 14:00:00,24.8318969326,99.0724088506,0,0,0,12,12,7263,6168
compact51_marcy__current_roles,2019-10-16 15:00:00,23.7107168386,91.5574791397,0,0,0,12,12,6919,5928
compact51_marcy__current_roles,2019-10-16 16:00:00,27.5251804769,101.873582484,1,0,0,12,12,7910,6270
compact51_marcy__current_roles,2019-10-16 17:00:00,22.2848800633,75.1409053018,0,0,0,12,12,6251,5188
compact51_marcy__current_roles,2019-10-16 18:00:00,26.8775056624,91.0815359242,0,0,0,12,12,7774,5911
compact51_marcy__current_roles,2019-10-16 19:00:00,25.5101660289,83.6469662118,0,0,0,12,12,7450,5665
compact51_marcy__current_roles,2019-10-16 20:00:00,22.919347391,78.3973864267,0,0,0,12,12,6551,5420
compact51_marcy__current_roles,2019-10-16 21:00:00,22.994230001,72.0974358276,0,0,0,12,12,6586,4897
compact51_marcy__current_roles,2019-10-16 22:00:00,20.523866623,52.3961255532,0,0,0,12,12,5323,1141
compact51_marcy__current_roles,2019-10-16 23:00:00,31.8262340747,70.1819783926,0,0,0,12,12,8438,4709
compact51_marcy__current_roles,2019-10-17 00:00:00,36.2802924612,151.557945233,0,0,0,12,12,8632,7101
compact51_marcy__current_roles,2019-10-17 01:00:00,37.2212952567,139.55243143,0,0,0,12,12,8661,6955
compact51_marcy__current_roles,2019-10-17 02:00:00,37.4205662532,135.069293093,0,0,0,12,12,8667,6902
compact51_marcy__current_roles,2019-10-17 03:00:00,41.0765722102,148.022088479,0,0,0,12,12,8721,7061
compact51_marcy__current_roles,2019-10-17 04:00:00,51.7094318496,142.271552448,0,0,0,12,12,8754,6988
compact51_marcy__current_roles,2019-10-17 05:00:00,59.2330962104,138.924094364,0,0,0,12,12,8760,6946
compact51_marcy__current_roles,2019-10-17 06:00:00,39.9702495355,123.271413491,1,0,0,12,12,8708,6717
compact51_marcy__current_roles,2019-10-17 07:00:00,25.3247281373,88.3992742849,0,0,0,12,12,7400,5826
compact51_marcy__current_roles,2019-10-17 08:00:00,24.2236031832,99.0959044166,0,0,0,12,12,7080,6170
compact51_marcy__current_roles,2019-10-17 09:00:00,27.4009881921,98.5371997684,0,0,0,12,12,7892,6151
compact51_marcy__current_roles,2019-10-17 10:00:00,23.419299004,79.8668127595,0,0,0,14,14,6775,5496
compact51_marcy__current_roles,2019-10-17 11:00:00,22.3989415116,77.4081628518,0,0,0,13,13,6290,5362
compact51_marcy__current_roles,2019-10-17 12:00:00,26.1591497057,80.2546900622,0,0,0,12,11,7613,5509
compact51_marcy__current_roles,2019-10-17 13:00:00,23.8754070565,75.1555950102,0,0,0,12,12,6963,5192
compact51_marcy__current_roles,2019-10-17 14:00:00,21.8670276725,75.5494297191,0,0,0,12,12,6072,5229
compact51_marcy__current_roles,2019-10-17 15:00:00,21.2061566364,81.3531326534,0,0,0,12,12,5716,5570
compact51_marcy__current_roles,2019-10-17 16:00:00,24.2693774999,82.1499723368,0,0,0,13,13,7095,5605
compact51_marcy__current_roles,2019-10-17 17:00:00,23.1093736387,67.187143785,0,0,0,12,12,6644,4317
compact51_marcy__current_roles,2019-10-17 18:00:00,23.0482467922,81.3661730927,0,0,0,12,12,6611,5571
compact51_marcy__current_roles,2019-10-17 19:00:00,23.1856534229,71.6245789321,0,0,0,12,12,6679,4852
compact51_marcy__current_roles,2019-10-17 20:00:00,22.0810402048,68.1069048599,0,0,0,12,12,6160,4438
compact51_marcy__current_roles,2019-10-17 21:00:00,17.873726172,61.7312483757,0,0,0,12,12,3376,3225
compact51_marcy__current_roles,2019-10-17 22:00:00,18.96044541,57.1737584175,0,0,0,13,12,4242,2136
compact51_marcy__current_roles,2019-10-17 23:00:00,21.725136286,57.079765434,0,0,0,12,12,5986,2114
compact51_marcy__current_roles,2019-10-18 00:00:00,23.3338226857,59.6692309962,0,0,0,12,12,6744,2731
compact51_marcy__current_roles,2019-10-18 01:00:00,24.1883688388,77.2858874752,0,0,0,12,12,7062,5353
compact51_marcy__current_roles,2019-10-18 02:00:00,31.0959599021,68.8442052666,0,0,0,12,12,8390,4531
compact51_marcy__current_roles,2019-10-18 03:00:00,37.038328846,73.0302667388,0,0,0,12,12,8656,4979
compact51_marcy__current_roles,2019-10-18 04:00:00,51.7355104546,92.1927019623,0,0,0,12,12,8755,5952
compact51_marcy__current_roles,2019-10-18 05:00:00,49.1850930395,195.051881036,1,0,0,12,12,8752,7463
compact51_marcy__current_roles,2019-10-18 06:00:00,32.144508352,100.401169635,1,0,0,12,12,8462,6217
compact51_marcy__current_roles,2019-10-18 07:00:00,26.6780356406,99.1826102741,0,0,0,12,12,7728,6175
compact51_marcy__current_roles,2019-10-18 08:00:00,21.0267334313,146.866438945,1,0,0,12,12,5631,7046
compact51_marcy__current_roles,2019-10-18 09:00:00,22.7737595607,149.331696666,1,0,0,12,12,6484,7075
compact51_marcy__current_roles,2019-10-18 10:00:00,20.3609054607,514.621609052,1,0,0,12,12,5219,8267
compact51_marcy__current_roles,2019-10-18 11:00:00,17.7878124,723.214993943,0,0,0,12,12,3298,8405
compact51_marcy__current_roles,2019-10-18 12:00:00,19.6408282183,675.163517129,0,0,0,12,12,4742,8381
compact51_marcy__current_roles,2019-10-18 13:00:00,18.572748164,512.874145792,1,0,0,12,12,3936,8264
compact51_marcy__current_roles,2019-10-18 14:00:00,21.8445394515,117.362234011,1,0,0,12,12,6053,6586
compact51_marcy__current_roles,2019-10-18 15:00:00,22.9300643468,99.1349648599,0,0,0,12,12,6554,6172
compact51_marcy__current_roles,2019-10-18 16:00:00,21.4264493539,110.695716787,1,0,0,13,13,5848,6461
compact51_marcy__current_roles,2019-10-18 17:00:00,21.6799307451,69.6262988382,0,0,0,12,12,5970,4629
compact51_marcy__current_roles,2019-10-18 18:00:00,25.1653565508,79.6440928774,0,0,0,12,12,7357,5486
compact51_marcy__current_roles,2019-10-18 19:00:00,25.2994354157,74.3020021011,0,0,0,12,12,7392,5122
compact51_marcy__current_roles,2019-10-18 20:00:00,23.3043334119,70.2424494084,0,0,0,12,12,6734,4712
compact51_marcy__current_roles,2019-10-18 21:00:00,18.3011064475,66.5841964398,0,0,0,12,12,3729,4208
compact51_marcy__current_roles,2019-10-18 22:00:00,14.2714299026,60.1922619795,0,0,0,12,12,869,2867
compact51_marcy__current_roles,2019-10-18 23:00:00,17.3552924139,64.9357555328,0,0,0,12,12,2962,3915
compact51_marcy__current_roles,2019-10-19 00:00:00,22.508184737,66.1364026239,0,0,0,12,12,6354,4143
compact51_marcy__current_roles,2019-10-19 01:00:00,26.8195248304,67.2137948071,0,0,0,12,12,7759,4323
compact51_marcy__current_roles,2019-10-19 02:00:00,33.3901864216,89.4460520292,0,0,0,12,12,8528,5866
compact51_marcy__current_roles,2019-10-19 03:00:00,38.3341735965,109.213961979,1,0,0,12,12,8690,6432
compact51_marcy__current_roles,2019-10-19 04:00:00,43.8549555049,83.0388555863,0,0,0,12,12,8738,5639
compact51_marcy__current_roles,2019-10-19 05:00:00,40.7970506159,156.987190291,1,0,0,12,12,8714,7165
compact51_marcy__current_roles,2019-10-19 06:00:00,31.7644094445,157.85634816,1,0,0,12,12,8435,7176
compact51_marcy__current_roles,2019-10-19 07:00:00,35.2539082541,79.1583304754,0,0,0,12,12,8609,5460
compact51_marcy__current_roles,2019-10-19 08:00:00,32.8942608216,85.5471935378,0,0,0,13,12,8502,5746
compact51_marcy__current_roles,2019-10-19 09:00:00,32.0500790175,87.4229191893,0,0,0,12,12,8455,5799
compact51_marcy__current_roles,2019-10-19 10:00:00,31.2369442758,105.721381667,0,0,0,12,12,8397,6364
compact51_marcy__current_roles,2019-10-19 11:00:00,28.1573964129,110.036292271,0,0,0,12,12,8001,6448
compact51_marcy__current_roles,2019-10-19 12:00:00,30.9840272133,112.05645046,0,0,0,12,12,8382,6491
compact51_marcy__current_roles,2019-10-19 13:00:00,29.832399725,100.435168528,0,0,0,12,12,8244,6220
compact51_marcy__current_roles,2019-10-19 14:00:00,32.6860901796,97.6120578719,0,0,0,12,12,8494,6124
compact51_marcy__current_roles,2019-10-19 15:00:00,34.4080260837,85.0075647022,0,0,0,12,12,8569,5717
compact51_marcy__current_roles,2019-10-19 16:00:00,28.1254977108,82.8724138066,0,0,0,13,13,7999,5633
compact51_marcy__current_roles,2019-10-19 17:00:00,29.2151066137,77.2902276168,0,0,0,12,12,8161,5356
compact51_marcy__current_roles,2019-10-19 18:00:00,26.1020964651,72.9529573364,0,0,0,12,12,7593,4972
compact51_marcy__current_roles,2019-10-19 19:00:00,29.8047528395,81.1774588059,0,0,0,12,12,8239,5561
compact51_marcy__current_roles,2019-10-19 20:00:00,28.4252770988,95.3180700108,0,0,0,12,12,8030,6055
compact51_marcy__current_roles,2019-10-19 21:00:00,22.9117203708,95.8531045865,0,0,0,12,12,6548,6080
compact51_marcy__current_roles,2019-10-19 22:00:00,20.3085173205,99.7128978729,0,0,0,12,12,5183,6193
compact51_marcy__current_roles,2019-10-19 23:00:00,23.1006767062,121.257595364,0,0,0,12,12,6637,6674
compact51_marcy__current_roles,2019-10-20 00:00:00,33.3639918877,143.109346557,1,0,0,12,12,8524,7003
compact51_marcy__current_roles,2019-10-20 01:00:00,32.7677400823,197.061081454,1,0,0,12,12,8498,7481
compact51_marcy__current_roles,2019-10-20 02:00:00,33.2292395234,240.719810842,0,0,0,12,12,8519,7724
compact51_marcy__current_roles,2019-10-20 03:00:00,33.5169986594,219.876651291,0,0,0,12,12,8537,7614
compact51_marcy__current_roles,2019-10-20 04:00:00,32.9230689168,247.241492757,1,0,0,12,12,8504,7757
compact51_marcy__current_roles,2019-10-20 05:00:00,41.4406534796,261.008251926,1,0,0,12,12,8724,7816
compact51_marcy__current_roles,2019-10-20 06:00:00,47.5106291987,204.478486689,1,0,0,12,12,8747,7531
compact51_marcy__current_roles,2019-10-20 07:00:00,39.1801100095,194.363943264,1,0,0,12,12,8701,7459
compact51_marcy__current_roles,2019-10-20 08:00:00,30.6415951827,146.985369585,1,0,0,12,12,8344,7048
compact51_marcy__current_roles,2019-10-20 09:00:00,28.5118481561,155.122531658,1,0,0,12,12,8048,7147
compact51_marcy__current_roles,2019-10-20 10:00:00,29.2674044147,168.96923442,1,0,0,12,12,8170,7269
compact51_marcy__current_roles,2019-10-20 11:00:00,26.728191326,169.075606934,1,0,0,12,12,7739,7271
compact51_marcy__current_roles,2019-10-20 12:00:00,26.2544332297,146.996229269,1,0,0,12,12,7633,7049
compact51_marcy__current_roles,2019-10-20 13:00:00,25.8768104492,128.323369585,1,0,0,12,12,7537,6813
compact51_marcy__current_roles,2019-10-20 14:00:00,26.50510687,134.781163338,1,0,0,12,12,7693,6897
compact51_marcy__current_roles,2019-10-20 15:00:00,26.2433108052,109.721914372,1,0,0,12,12,7631,6441
compact51_marcy__current_roles,2019-10-20 16:00:00,28.366520855,110.245384924,1,0,0,12,12,8025,6451
compact51_marcy__current_roles,2019-10-20 17:00:00,33.1361836892,109.835911228,1,0,0,12,12,8514,6445
compact51_marcy__current_roles,2019-10-20 18:00:00,31.8536363398,104.749564399,0,0,0,12,12,8442,6343
compact51_marcy__current_roles,2019-10-20 19:00:00,30.972527965,89.4591084181,0,0,0,12,12,8381,5867
compact51_marcy__current_roles,2019-10-20 20:00:00,32.276012196,91.4148722054,0,0,0,12,12,8466,5921
compact51_marcy__current_roles,2019-10-20 21:00:00,26.4900935119,75.1672793036,0,0,0,12,12,7687,5194
compact51_marcy__current_roles,2019-10-20 22:00:00,16.3576076231,57.0246698108,0,0,0,12,12,2210,2103
compact51_marcy__current_roles,2019-10-20 23:00:00,20.5901167623,66.6615289101,0,0,0,12,12,5360,4228
compact51_marcy__current_roles,2019-10-21 00:00:00,24.3028688377,70.1382278723,0,0,0,12,12,7106,4705
compact51_marcy__current_roles,2019-10-21 01:00:00,21.2799164396,73.7161781634,0,0,0,12,12,5762,5056
compact51_marcy__current_roles,2019-10-21 02:00:00,23.9918111954,71.4987691568,0,0,0,12,12,6996,4839
compact51_marcy__current_roles,2019-10-21 03:00:00,33.812305356,80.7181087662,0,0,0,12,12,8548,5531
compact51_marcy__current_roles,2019-10-21 04:00:00,53.5300264445,96.6114323709,0,0,0,12,12,8758,6105
compact51_marcy__current_roles,2019-10-21 05:00:00,40.8048542568,658.334469343,1,0,0,12,12,8715,8370
compact51_marcy__current_roles,2019-10-21 06:00:00,25.829162221,109.885256541,0,0,0,12,12,7529,6446
compact51_marcy__current_roles,2019-10-21 07:00:00,20.5403151031,64.7878361921,0,0,0,12,12,5333,3875
compact51_marcy__current_roles,2019-10-21 08:00:00,22.4276592363,90.2869583659,0,0,0,13,13,6306,5896
compact51_marcy__current_roles,2019-10-21 09:00:00,17.7967164309,78.4198172181,0,0,0,13,12,3304,5423
compact51_marcy__current_roles,2019-10-21 10:00:00,17.7483596925,78.7563639312,0,0,0,12,12,3260,5435
compact51_marcy__current_roles,2019-10-21 11:00:00,24.4774990557,89.135496069,0,0,0,13,12,7165,5853
compact51_marcy__current_roles,2019-10-21 12:00:00,14.9818969789,79.1097076408,0,0,0,12,12,1248,5457
compact51_marcy__current_roles,2019-10-21 13:00:00,17.9586323795,88.535392991,0,0,0,12,12,3456,5832
compact51_marcy__current_roles,2019-10-21 14:00:00,17.7630432367,185.600491138,1,0,0,12,12,3277,7395
compact51_marcy__current_roles,2019-10-21 15:00:00,18.5814814927,84.3620469731,0,0,0,12,12,3948,5693
compact51_marcy__current_roles,2019-10-21 16:00:00,18.7055419684,74.1413567418,0,0,0,12,12,4036,5103
compact51_marcy__current_roles,2019-10-21 17:00:00,19.0700190529,72.2911389678,0,0,0,12,12,4337,4913
compact51_marcy__current_roles,2019-10-21 18:00:00,15.9318170165,75.3379840102,0,0,0,12,12,1897,5212
compact51_marcy__current_roles,2019-10-21 19:00:00,16.481458327,72.5254434167,0,0,0,12,12,2303,4934
compact51_marcy__current_roles,2019-10-21 20:00:00,19.967192133,64.2108501897,0,0,0,12,12,4954,3751
compact51_marcy__current_roles,2019-10-21 21:00:00,19.2459098262,65.6993435259,0,0,0,12,12,4460,4062
compact51_marcy__current_roles,2019-10-21 22:00:00,20.4085482136,54.6187886729,0,0,0,12,12,5257,1581
compact51_marcy__current_roles,2019-10-21 23:00:00,17.8445552094,57.6924433615,0,0,0,13,12,3356,2264
compact51_marcy__current_roles,2019-10-22 00:00:00,25.3516020227,86.3506608088,0,0,0,13,12,7411,5768
compact51_marcy__current_roles,2019-10-22 01:00:00,25.9274130311,1155.95077978,1,0,0,12,12,7552,8527
compact51_marcy__current_roles,2019-10-22 02:00:00,29.395312932,110.813281128,0,0,0,13,12,8184,6467
compact51_marcy__current_roles,2019-10-22 03:00:00,29.3820828945,78.6379743292,0,0,0,12,12,8181,5431
compact51_marcy__current_roles,2019-10-22 04:00:00,42.5775461719,148.935931477,0,0,0,12,12,8730,7069
compact51_marcy__current_roles,2019-10-22 05:00:00,28.8303371469,119.244663755,1,0,0,12,12,8099,6625
compact51_marcy__current_roles,2019-10-22 06:00:00,33.4924104054,143.668932444,0,0,0,12,12,8533,7009
compact51_marcy__current_roles,2019-10-22 07:00:00,21.4454814487,161.395545334,0,0,0,12,12,5856,7206
compact51_marcy__current_roles,2019-10-22 08:00:00,21.6153661872,179.662143787,0,0,0,12,12,5943,7355
compact51_marcy__current_roles,2019-10-22 09:00:00,19.3944171812,104.752207095,0,0,0,12,12,4553,6344
compact51_marcy__current_roles,2019-10-22 10:00:00,21.3910733618,129.327350166,0,0,0,14,13,5828,6830
compact51_marcy__current_roles,2019-10-22 11:00:00,22.5464187427,119.846826368,0,0,0,11,11,6377,6636
compact51_marcy__current_roles,2019-10-22 12:00:00,20.7050251543,122.519823793,1,0,0,12,12,5435,6702
compact51_marcy__current_roles,2019-10-22 13:00:00,20.1119222009,107.531076158,0,0,0,12,12,5057,6396
compact51_marcy__current_roles,2019-10-22 14:00:00,20.1803958027,112.011709386,0,0,0,13,12,5095,6489
compact51_marcy__current_roles,2019-10-22 15:00:00,21.2105276546,103.78311142,0,0,0,12,12,5720,6318
compact51_marcy__current_roles,2019-10-22 16:00:00,20.3670628791,72.3920155742,0,0,0,13,12,5226,4921
compact51_marcy__current_roles,2019-10-22 17:00:00,18.6780917916,91.5583265301,0,0,0,12,12,4017,5929
compact51_marcy__current_roles,2019-10-22 18:00:00,18.9477593414,73.5040702449,0,0,0,12,12,4234,5030
compact51_marcy__current_roles,2019-10-22 19:00:00,16.9468142262,81.4571949807,0,0,0,12,12,2640,5577
compact51_marcy__current_roles,2019-10-22 20:00:00,20.6589678379,532.94118184,1,0,0,13,13,5405,8285
compact51_marcy__current_roles,2019-10-22 21:00:00,20.7559325412,73.7104932125,0,0,0,12,12,5467,5055
compact51_marcy__current_roles,2019-10-22 22:00:00,22.0650700025,52.6787900529,0,0,0,12,12,6150,1205
compact51_marcy__current_roles,2019-10-22 23:00:00,24.8315799669,94.5880345656,0,0,0,12,12,7262,6033
compact51_marcy__current_roles,2019-10-23 00:00:00,17.8005383785,58.6215196129,0,0,0,12,12,3309,2493
compact51_marcy__current_roles,2019-10-23 01:00:00,19.6806979707,62.913267576,0,0,0,12,12,4774,3482
compact51_marcy__current_roles,2019-10-23 02:00:00,19.3142339645,63.7607878261,0,0,0,12,12,4506,3658
compact51_marcy__current_roles,2019-10-23 03:00:00,18.0304513951,62.5952593113,0,0,0,12,12,3513,3408
compact51_marcy__current_roles,2019-10-23 04:00:00,24.8033511062,68.5938279969,0,0,0,12,12,7255,4503
compact51_marcy__current_roles,2019-10-23 05:00:00,29.8098577643,71.9577122155,0,0,0,12,12,8240,4884
compact51_marcy__current_roles,2019-10-23 06:00:00,28.7735385838,101.890513647,0,0,0,12,12,8091,6271
compact51_marcy__current_roles,2019-10-23 07:00:00,22.0397610432,1186.89659907,0,0,0,12,12,6143,8536
compact51_marcy__current_roles,2019-10-23 08:00:00,21.9925228338,302.701205107,0,0,0,12,12,6128,7941
compact51_marcy__current_roles,2019-10-23 09:00:00,23.5448990838,1034.46074632,0,0,0,12,12,6840,8503
compact51_marcy__current_roles,2019-10-23 10:00:00,24.66101552,3764.97861115,0,0,0,13,12,7208,8687
compact51_marcy__current_roles,2019-10-23 11:00:00,23.2090868533,4753.22671638,0,0,0,16,15,6690,8707
compact51_marcy__current_roles,2019-10-23 12:00:00,19.265601227,317.638118839,1,0,0,11,11,4472,7984
compact51_marcy__current_roles,2019-10-23 13:00:00,23.4709721464,995.74910375,1,0,0,12,12,6803,8495
compact51_marcy__current_roles,2019-10-23 14:00:00,20.1888584961,1236.34216402,0,0,0,12,12,5103,8540
compact51_marcy__current_roles,2019-10-23 15:00:00,20.8496694589,1139.24728674,0,0,0,12,12,5532,8525
compact51_marcy__current_roles,2019-10-23 16:00:00,18.8555869524,398.542692503,0,0,0,12,12,4149,8136
compact51_marcy__current_roles,2019-10-23 17:00:00,19.3243762684,515.725627068,0,0,0,12,12,4511,8269
compact51_marcy__current_roles,2019-10-23 18:00:00,19.1137867116,1425.87705232,0,0,0,11,11,4378,8568
compact51_marcy__current_roles,2019-10-23 19:00:00,26.3371321959,236.023436968,1,0,0,11,11,7653,7705
compact51_marcy__current_roles,2019-10-23 20:00:00,26.9256756737,226.890706667,1,0,0,13,13,7788,7649
compact51_marcy__current_roles,2019-10-23 21:00:00,26.8124945928,535.901735789,1,0,0,11,11,7756,8287
compact51_marcy__current_roles,2019-10-23 22:00:00,27.4089218666,2986.20411655,1,0,0,12,12,7894,8668
compact51_marcy__current_roles,2019-10-23 23:00:00,23.3274484442,2967.56769315,0,0,0,12,12,6742,8667
compact51_marcy__current_roles,2019-10-24 00:00:00,22.5312637887,317.118167515,0,0,0,12,12,6367,7978
compact51_marcy__current_roles,2019-10-24 01:00:00,19.0345424489,123.364041641,0,0,0,12,12,4310,6719
compact51_marcy__current_roles,2019-10-24 02:00:00,20.9392364571,157.366587154,0,0,0,12,12,5581,7169
compact51_marcy__current_roles,2019-10-24 03:00:00,19.1471374311,98.6635288525,0,0,0,12,12,4398,6156
compact51_marcy__current_roles,2019-10-24 04:00:00,21.4053326564,76.3634001403,0,0,0,12,12,5836,5292
compact51_marcy__current_roles,2019-10-24 05:00:00,24.9917996251,55.2817187643,0,0,0,12,12,7315,1707
compact51_marcy__current_roles,2019-10-24 06:00:00,22.6477679483,57.795618533,0,0,0,12,12,6425,2293
compact51_marcy__current_roles,2019-10-24 07:00:00,26.1233626853,139.676245652,0,0,0,12,12,7599,6958
compact51_marcy__current_roles,2019-10-24 08:00:00,24.4881444406,165.98157566,0,0,0,12,12,7166,7245
compact51_marcy__current_roles,2019-10-24 09:00:00,27.6871612768,252.391299576,0,0,0,12,12,7937,7779
compact51_marcy__current_roles,2019-10-24 10:00:00,28.7236700529,2278.95717586,0,0,0,14,13,8079,8639
compact51_marcy__current_roles,2019-10-24 11:00:00,25.6587492946,863.284130569,1,0,0,12,12,7488,8458
compact51_marcy__current_roles,2019-10-24 12:00:00,28.3147565471,665.748813482,1,0,0,12,12,8021,8375
compact51_marcy__current_roles,2019-10-24 13:00:00,31.0034135752,581.68160735,1,0,0,12,12,8386,8323
compact51_marcy__current_roles,2019-10-24 14:00:00,26.8053457912,1854.16617349,1,0,0,12,12,7752,8606
compact51_marcy__current_roles,2019-10-24 15:00:00,25.3297619194,1408.82621219,1,0,0,12,12,7402,8563
compact51_marcy__current_roles,2019-10-24 16:00:00,29.0042364948,4052.85344592,0,0,0,12,12,8129,8694
compact51_marcy__current_roles,2019-10-24 17:00:00,27.6963683194,901.285300986,0,0,0,12,12,7938,8469
compact51_marcy__current_roles,2019-10-24 18:00:00,29.7660824718,425.425514813,0,0,0,14,14,8232,8161
compact51_marcy__current_roles,2019-10-24 19:00:00,30.7307404721,305.689060283,1,0,0,11,11,8357,7951
compact51_marcy__current_roles,2019-10-24 20:00:00,39.7785226708,275.842284039,1,0,0,12,12,8706,7857
compact51_marcy__current_roles,2019-10-24 21:00:00,37.2791565558,348.364955488,0,0,0,12,12,8664,8061
compact51_marcy__current_roles,2019-10-24 22:00:00,33.5882543415,216.457614402,0,0,0,12,12,8541,7595
compact51_marcy__current_roles,2019-10-24 23:00:00,40.3175097527,264.177924446,0,0,0,12,12,8712,7822
compact51_marcy__current_roles,2019-10-25 00:00:00,20.6830239738,140.68729914,0,0,0,12,12,5419,6974
compact51_marcy__current_roles,2019-10-25 01:00:00,20.003343819,123.213016045,0,0,0,12,12,4977,6715
compact51_marcy__current_roles,2019-10-25 02:00:00,22.9288477946,117.441995748,0,0,0,12,12,6553,6589
compact51_marcy__current_roles,2019-10-25 03:00:00,26.0424847047,85.1437126648,0,0,0,12,12,7585,5724
compact51_marcy__current_roles,2019-10-25 04:00:00,38.8229461966,166.287262255,0,0,0,12,12,8697,7249
compact51_marcy__current_roles,2019-10-25 05:00:00,29.369644173,267.895219944,0,0,0,12,12,8179,7834
compact51_marcy__current_roles,2019-10-25 06:00:00,26.9183769254,120.411649658,0,0,0,12,12,7785,6650
compact51_marcy__current_roles,2019-10-25 07:00:00,21.6055528225,271.903110861,0,0,0,12,12,5938,7845
compact51_marcy__current_roles,2019-10-25 08:00:00,25.2409989342,92.8869244352,0,0,0,12,12,7377,5977
compact51_marcy__current_roles,2019-10-25 09:00:00,26.2560104413,116.82694859,1,0,0,12,12,7635,6579
compact51_marcy__current_roles,2019-10-25 10:00:00,30.6255376479,147.867807224,1,0,0,12,12,8341,7060
compact51_marcy__current_roles,2019-10-25 11:00:00,31.581630344,172.156818382,1,0,0,12,12,8428,7299
compact51_marcy__current_roles,2019-10-25 12:00:00,27.2007303705,153.152193664,1,0,0,12,12,7842,7123
compact51_marcy__current_roles,2019-10-25 13:00:00,26.3846570143,147.151163344,1,0,0,12,12,7666,7052
compact51_marcy__current_roles,2019-10-25 14:00:00,32.9488517207,270.141132262,1,0,0,12,12,8506,7842
compact51_marcy__current_roles,2019-10-25 15:00:00,29.9232900679,233.897596003,1,0,0,12,12,8253,7684
compact51_marcy__current_roles,2019-10-25 16:00:00,30.4484704054,183.682399783,1,0,0,12,12,8317,7384
compact51_marcy__current_roles,2019-10-25 17:00:00,31.3973677246,270.228729653,1,0,0,12,12,8414,7843
compact51_marcy__current_roles,2019-10-25 18:00:00,30.4820473575,325.523757248,1,0,0,12,12,8322,8000
compact51_marcy__current_roles,2019-10-25 19:00:00,37.7305144016,958.37334366,1,0,0,12,12,8674,8482
compact51_marcy__current_roles,2019-10-25 20:00:00,36.3920730389,5306.38089196,0,0,0,12,12,8637,8714
compact51_marcy__current_roles,2019-10-25 21:00:00,24.9268165847,130.389239003,0,0,0,12,12,7294,6843
compact51_marcy__current_roles,2019-10-25 22:00:00,21.7249479663,61.96429295,0,0,0,12,12,5985,3274
compact51_marcy__current_roles,2019-10-25 23:00:00,27.3381639651,103.411108882,0,0,0,12,12,7872,6306
compact51_marcy__current_roles,2019-10-26 00:00:00,24.3559195961,73.696101047,0,0,0,12,12,7130,5051
compact51_marcy__current_roles,2019-10-26 01:00:00,21.9368614266,65.7975940495,0,0,0,12,12,6105,4079
compact51_marcy__current_roles,2019-10-26 02:00:00,19.9744426338,66.8191190808,0,0,0,12,12,4958,4258
compact51_marcy__current_roles,2019-10-26 03:00:00,21.7352999741,69.981944354,0,0,0,12,12,5996,4675
compact51_marcy__current_roles,2019-10-26 04:00:00,20.586332769,69.3467246574,0,0,0,12,12,5357,4597
compact51_marcy__current_roles,2019-10-26 05:00:00,20.7450081204,91.0934674048,0,0,0,12,12,5460,5912
compact51_marcy__current_roles,2019-10-26 06:00:00,24.4766745724,140.66561134,0,0,0,12,12,7164,6973
compact51_marcy__current_roles,2019-10-26 07:00:00,19.0668854358,75.3459779697,0,0,0,12,12,4334,5214
compact51_marcy__current_roles,2019-10-26 08:00:00,22.7669122011,57.6738586675,0,0,0,12,12,6478,2257
compact51_marcy__current_roles,2019-10-26 09:00:00,25.3797660664,185.57879498,0,0,0,12,12,7417,7394
compact51_marcy__current_roles,2019-10-26 10:00:00,26.2391295381,131.192401422,0,0,0,12,12,7629,6856
compact51_marcy__current_roles,2019-10-26 11:00:00,24.070155153,94.210569605,0,0,0,12,12,7025,6019
compact51_marcy__current_roles,2019-10-26 12:00:00,23.4787492138,73.9100382674,0,0,0,12,12,6809,5080
compact51_marcy__current_roles,2019-10-26 13:00:00,21.7708847741,85.5102122676,0,0,0,12,12,6017,5743
compact51_marcy__current_roles,2019-10-26 14:00:00,21.0655885565,73.6471348832,0,0,0,12,12,5655,5047
compact51_marcy__current_roles,2019-10-26 15:00:00,20.9978690447,67.2998486709,0,0,0,12,12,5610,4333
compact51_marcy__current_roles,2019-10-26 16:00:00,20.5019833145,181.951169957,0,0,0,12,12,5312,7376
compact51_marcy__current_roles,2019-10-26 17:00:00,24.7511623752,176.450094603,0,0,0,12,12,7234,7339
compact51_marcy__current_roles,2019-10-26 18:00:00,23.5741407653,112.216724991,0,0,0,12,12,6855,6495
compact51_marcy__current_roles,2019-10-26 19:00:00,24.3408485382,79.7677527849,0,0,0,12,12,7122,5493
compact51_marcy__current_roles,2019-10-26 20:00:00,22.2242079064,54.0016404748,0,0,0,12,12,6221,1455
compact51_marcy__current_roles,2019-10-26 21:00:00,26.6445742897,182.185072853,0,0,0,12,12,7723,7378
compact51_marcy__current_roles,2019-10-26 22:00:00,23.7792057054,111.649735286,0,0,0,12,12,6936,6482
compact51_marcy__current_roles,2019-10-26 23:00:00,27.3343272945,557.310245224,0,0,0,12,12,7870,8300
compact51_marcy__current_roles,2019-10-27 00:00:00,19.0252632812,159.309842222,0,0,0,13,13,4302,7189
compact51_marcy__current_roles,2019-10-27 01:00:00,18.8732971874,47.1182974385,0,0,0,11,11,4167,392
compact51_marcy__current_roles,2019-10-27 02:00:00,18.2945567364,51.059064571,0,0,0,12,12,3724,913
compact51_marcy__current_roles,2019-10-27 03:00:00,17.807033163,49.7699935395,0,0,0,12,12,3318,700
compact51_marcy__current_roles,2019-10-27 04:00:00,19.461898542,75.5411752917,0,0,0,12,12,4613,5228
compact51_marcy__current_roles,2019-10-27 05:00:00,19.8510266425,82.4340568804,0,0,0,12,12,4875,5613
compact51_marcy__current_roles,2019-10-27 06:00:00,17.5691608657,114.566239619,0,0,0,12,12,3129,6547
compact51_marcy__current_roles,2019-10-27 07:00:00,15.3092740985,52.2579795059,0,0,0,12,12,1469,1119
compact51_marcy__current_roles,2019-10-27 08:00:00,18.1256704845,85.1649914806,0,0,0,12,12,3594,5726
compact51_marcy__current_roles,2019-10-27 09:00:00,18.6997986269,102.69068427,0,0,0,12,12,4034,6290
compact51_marcy__current_roles,2019-10-27 10:00:00,18.8736825896,77.2840535713,0,0,0,12,12,4168,5352
compact51_marcy__current_roles,2019-10-27 11:00:00,20.183034639,55.7612299517,0,0,0,12,12,5099,1820
compact51_marcy__current_roles,2019-10-27 12:00:00,19.8631529994,59.2502418819,0,0,0,12,12,4887,2651
compact51_marcy__current_roles,2019-10-27 13:00:00,19.6627327183,59.026075528,0,0,0,12,12,4758,2604
compact51_marcy__current_roles,2019-10-27 14:00:00,21.0034035149,71.2710483926,0,0,0,12,12,5615,4816
compact51_marcy__current_roles,2019-10-27 15:00:00,20.6794577115,67.8152213944,0,0,0,12,12,5417,4400
compact51_marcy__current_roles,2019-10-27 16:00:00,17.5428394193,82.9657155741,0,0,0,12,12,3107,5636
compact51_marcy__current_roles,2019-10-27 17:00:00,20.8104160594,126.721199501,0,0,0,12,12,5510,6785
compact51_marcy__current_roles,2019-10-27 18:00:00,18.8078914491,55.2085907258,0,0,0,12,12,4106,1690
compact51_marcy__current_roles,2019-10-27 19:00:00,18.563121061,53.2522183008,0,0,0,12,12,3923,1318
compact51_marcy__current_roles,2019-10-27 20:00:00,24.6161739244,104.513164668,0,0,0,12,12,7196,6338
compact51_marcy__current_roles,2019-10-27 21:00:00,22.8973734752,132.335567428,0,0,0,12,12,6541,6867
compact51_marcy__current_roles,2019-10-27 22:00:00,21.5313364412,82.4740485016,0,0,0,12,12,5907,5614
compact51_marcy__current_roles,2019-10-27 23:00:00,22.2414536491,117.918763403,0,0,0,12,12,6230,6603
compact51_marcy__current_roles,2019-10-28 00:00:00,19.3848159654,158.548691195,0,0,0,12,12,4550,7180
compact51_marcy__current_roles,2019-10-28 01:00:00,20.6242380073,153.998903641,0,0,0,12,12,5374,7131
compact51_marcy__current_roles,2019-10-28 02:00:00,21.4759263297,612.193116941,0,0,0,12,12,5874,8341
compact51_marcy__current_roles,2019-10-28 03:00:00,23.9462343397,803.049916333,0,0,0,12,12,6988,8436
compact51_marcy__current_roles,2019-10-28 04:00:00,27.4982516831,233.088626091,0,0,0,12,12,7907,7681
compact51_marcy__current_roles,2019-10-28 05:00:00,38.3667577802,1676.43648686,0,0,0,12,12,8691,8588
compact51_marcy__current_roles,2019-10-28 06:00:00,32.6568644189,3905.51815219,1,0,0,12,12,8490,8691
compact51_marcy__current_roles,2019-10-28 07:00:00,22.1370844012,749.395104613,1,0,0,12,12,6189,8418
compact51_marcy__current_roles,2019-10-28 08:00:00,23.0183275375,455.509039484,1,0,0,12,12,6596,8197
compact51_marcy__current_roles,2019-10-28 09:00:00,24.9451310779,522.827715261,1,0,0,12,12,7303,8274
compact51_marcy__current_roles,2019-10-28 10:00:00,24.0590438076,6614.71420634,0,0,0,12,12,7019,8724
compact51_marcy__current_roles,2019-10-28 11:00:00,20.6221258264,266.512912188,0,0,0,12,12,5370,7828
compact51_marcy__current_roles,2019-10-28 12:00:00,20.1516195774,2188.46397388,0,0,0,12,12,5084,8632
compact51_marcy__current_roles,2019-10-28 13:00:00,21.8208608842,278.345973848,0,0,0,12,12,6039,7865
compact51_marcy__current_roles,2019-10-28 14:00:00,23.6865979626,1574.63521945,1,0,0,12,12,6903,8580
compact51_marcy__current_roles,2019-10-28 15:00:00,22.9734102722,842.418550547,0,0,0,12,12,6578,8451
compact51_marcy__current_roles,2019-10-28 16:00:00,21.5577539527,1794.94321454,0,0,0,12,12,5918,8599
compact51_marcy__current_roles,2019-10-28 17:00:00,24.7076424262,399.972764729,1,0,0,14,13,7222,8138
compact51_marcy__current_roles,2019-10-28 18:00:00,26.8532872494,62.8194350814,0,0,0,11,11,7766,3461
compact51_marcy__current_roles,2019-10-28 19:00:00,26.4645978266,97.8931846696,0,0,0,12,12,7681,6131
compact51_marcy__current_roles,2019-10-28 20:00:00,31.4956767947,124.042847866,1,0,0,12,12,8421,6735
compact51_marcy__current_roles,2019-10-28 21:00:00,24.9163371763,833.828946444,1,0,0,12,12,7289,8448
compact51_marcy__current_roles,2019-10-28 22:00:00,27.3083510492,135.104954548,0,0,0,12,12,7867,6903
compact51_marcy__current_roles,2019-10-28 23:00:00,29.4957294422,496.315989466,0,0,0,12,12,8198,8244
compact51_marcy__current_roles,2019-10-29 00:00:00,23.1646982613,1002.78857698,1,0,0,12,12,6666,8497
compact51_marcy__current_roles,2019-10-29 01:00:00,22.8967162503,584.671793776,0,0,0,12,12,6540,8326
compact51_marcy__current_roles,2019-10-29 02:00:00,22.6543306389,620.125781073,0,0,0,12,12,6431,8347
compact51_marcy__current_roles,2019-10-29 03:00:00,18.7726694447,1844.46452259,0,0,0,12,12,4085,8605
compact51_marcy__current_roles,2019-10-29 04:00:00,20.7954438943,3449.09693838,1,0,0,12,12,5496,8683
compact51_marcy__current_roles,2019-10-29 05:00:00,32.5094807563,394.488139002,1,0,0,12,12,8477,8127
compact51_marcy__current_roles,2019-10-29 06:00:00,26.30943812,652.54217319,1,0,0,12,12,7642,8364
compact51_marcy__current_roles,2019-10-29 07:00:00,23.5191035503,241.341613768,1,0,0,12,12,6828,7725
compact51_marcy__current_roles,2019-10-29 08:00:00,23.373086368,218.814084464,1,0,0,12,12,6757,7609
compact51_marcy__current_roles,2019-10-29 09:00:00,19.9963269548,832.608938241,1,0,0,12,12,4972,8447
compact51_marcy__current_roles,2019-10-29 10:00:00,22.2475901864,381.260400851,1,0,0,13,12,6235,8113
compact51_marcy__current_roles,2019-10-29 11:00:00,25.0640323302,269.119078713,1,0,0,12,12,7340,7841
compact51_marcy__current_roles,2019-10-29 12:00:00,24.3702849545,251.65558918,1,0,0,12,12,7136,7777
compact51_marcy__current_roles,2019-10-29 13:00:00,24.9943434178,223.207134872,1,0,0,12,12,7317,7632
compact51_marcy__current_roles,2019-10-29 14:00:00,24.9593725839,247.705325289,1,0,0,12,12,7307,7761
compact51_marcy__current_roles,2019-10-29 15:00:00,23.0763716159,314.56306732,1,0,0,11,10,6623,7972
compact51_marcy__current_roles,2019-10-29 16:00:00,25.5913766604,344.004090545,1,0,0,12,12,7473,8049
compact51_marcy__current_roles,2019-10-29 17:00:00,23.7415207334,975.485052632,1,0,0,11,11,6927,8489
compact51_marcy__current_roles,2019-10-29 18:00:00,22.1553875258,3223.01781484,0,0,0,12,12,6195,8675
compact51_marcy__current_roles,2019-10-29 19:00:00,28.839639696,240.116081218,1,0,0,12,12,8102,7723
compact51_marcy__current_roles,2019-10-29 20:00:00,31.2212051237,438.189243918,1,0,0,9,9,8396,8177
compact51_marcy__current_roles,2019-10-29 21:00:00,29.8548434446,247.916540138,1,0,0,12,12,8246,7762
compact51_marcy__current_roles,2019-10-29 22:00:00,23.540383496,595.113031636,0,0,0,12,12,6838,8334
compact51_marcy__current_roles,2019-10-29 23:00:00,36.8754873996,2206.69738758,1,0,0,12,12,8649,8634
compact51_marcy__current_roles,2019-10-30 00:00:00,31.5110005774,878.385518162,1,0,0,12,12,8423,8464
compact51_marcy__current_roles,2019-10-30 01:00:00,26.2242333818,513.786926237,1,0,0,12,12,7627,8265
compact51_marcy__current_roles,2019-10-30 02:00:00,27.3637725588,683.361113809,1,0,0,12,12,7876,8386
compact51_marcy__current_roles,2019-10-30 03:00:00,25.475749655,1134.26794637,1,0,0,12,12,7439,8523
compact51_marcy__current_roles,2019-10-30 04:00:00,28.5741868454,263.727392911,1,0,0,12,12,8059,7821
compact51_marcy__current_roles,2019-10-30 05:00:00,31.1862020321,474.276779568,1,0,0,12,12,8395,8219
compact51_marcy__current_roles,2019-10-30 06:00:00,22.0237763192,76.1574302244,0,0,0,12,12,6135,5275
compact51_marcy__current_roles,2019-10-30 07:00:00,18.3152915932,136.761328439,0,0,0,12,12,3741,6921
compact51_marcy__current_roles,2019-10-30 08:00:00,18.5699797716,649.615128714,1,0,0,12,12,3931,8361
compact51_marcy__current_roles,2019-10-30 09:00:00,15.4789321903,489.728046978,0,0,0,12,12,1594,8236
compact51_marcy__current_roles,2019-10-30 10:00:00,18.4455917521,75.4962393598,0,0,0,12,12,3836,5225
compact51_marcy__current_roles,2019-10-30 11:00:00,17.2180485254,845.916795156,0,0,0,12,12,2862,8452
compact51_marcy__current_roles,2019-10-30 12:00:00,16.9769610491,539.195405716,1,0,0,12,12,2656,8290
compact51_marcy__current_roles,2019-10-30 13:00:00,21.0084681785,172.519938542,1,0,0,12,12,5618,7302
compact51_marcy__current_roles,2019-10-30 14:00:00,19.3078632758,248.910955677,1,0,0,12,12,4503,7771
compact51_marcy__current_roles,2019-10-30 15:00:00,20.3152200306,213.032537538,1,0,0,12,12,5188,7573
compact51_marcy__current_roles,2019-10-30 16:00:00,25.9870323446,490.980719627,1,0,0,12,12,7569,8238
compact51_marcy__current_roles,2019-10-30 17:00:00,17.3899927796,79.4994108887,0,0,0,12,12,2991,5474
compact51_marcy__current_roles,2019-10-30 18:00:00,24.3236782848,697.404772938,0,0,0,12,12,7115,8397
compact51_marcy__current_roles,2019-10-30 19:00:00,28.3824772587,432.634282544,1,0,0,12,12,8028,8170
compact51_marcy__current_roles,2019-10-30 20:00:00,34.9379307557,527.044396346,1,0,0,12,12,8591,8279
compact51_marcy__current_roles,2019-10-30 21:00:00,31.6582000261,394.593571066,0,0,0,9,9,8430,8128
compact51_marcy__current_roles,2019-10-30 22:00:00,23.9950631282,114.386329356,0,0,0,12,12,6999,6540
compact51_marcy__current_roles,2019-10-30 23:00:00,26.6151576188,109.616667261,0,0,0,12,12,7717,6438
compact51_marcy__current_roles,2019-10-31 00:00:00,19.5977327763,75.7249433087,0,0,0,12,12,4711,5242
compact51_marcy__current_roles,2019-10-31 01:00:00,16.3842820955,73.7722405595,0,0,0,12,12,2227,5067
compact51_marcy__current_roles,2019-10-31 02:00:00,16.686929668,57.3926525616,0,0,0,12,12,2446,2194
compact51_marcy__current_roles,2019-10-31 03:00:00,14.9286662337,68.400905464,0,0,0,12,12,1216,4480
compact51_marcy__current_roles,2019-10-31 04:00:00,18.0048555304,77.2880328312,0,0,0,12,12,3492,5354
compact51_marcy__current_roles,2019-10-31 05:00:00,26.1245874329,66.5524715432,0,0,0,12,12,7600,4202
compact51_marcy__current_roles,2019-10-31 06:00:00,27.5586188843,914.193380903,0,0,0,12,12,7921,8472
compact51_marcy__current_roles,2019-10-31 07:00:00,21.6566235226,2330.5594734,0,0,0,12,12,5964,8644
compact51_marcy__current_roles,2019-10-31 08:00:00,25.3820852568,3344.44533612,0,0,0,12,12,7419,8676
compact51_marcy__current_roles,2019-10-31 09:00:00,22.7292862879,171.708847579,1,0,0,12,12,6463,7296
compact51_marcy__current_roles,2019-10-31 10:00:00,19.2454703365,82.7398092788,0,0,0,12,12,4459,5628
compact51_marcy__current_roles,2019-10-31 11:00:00,17.8062442052,70.6239069304,0,0,0,10,9,3317,4749
compact51_marcy__current_roles,2019-10-31 12:00:00,23.4366253046,180.476184183,0,0,0,11,11,6784,7363
compact51_marcy__current_roles,2019-10-31 13:00:00,29.4625350155,5887.18662512,1,0,0,13,13,8190,8720
compact51_marcy__current_roles,2019-10-31 14:00:00,23.7848318874,141.047671796,0,0,0,12,12,6937,6978
compact51_marcy__current_roles,2019-10-31 15:00:00,19.3190541799,206.70814653,0,0,0,12,12,4509,7544
compact51_marcy__current_roles,2019-10-31 16:00:00,20.6319301382,63.0846352984,0,0,0,12,12,5378,3517
compact51_marcy__current_roles,2019-10-31 17:00:00,25.5799348328,122.355733628,0,0,0,12,12,7469,6694
compact51_marcy__current_roles,2019-10-31 18:00:00,23.8242677674,180.497345079,0,0,0,12,12,6948,7364
compact51_marcy__current_roles,2019-10-31 19:00:00,23.0832146327,881.937139808,0,0,0,13,13,6627,8466
compact51_marcy__current_roles,2019-10-31 20:00:00,24.7421974577,187.056637221,0,0,0,11,11,7230,7404
compact51_marcy__current_roles,2019-10-31 21:00:00,24.0416671836,248.90186609,0,0,0,14,14,7015,7770
compact51_marcy__current_roles,2019-10-31 22:00:00,25.6384451432,350.145720603,0,0,0,12,12,7485,8067
compact51_marcy__current_roles,2019-10-31 23:00:00,26.4324780939,227.411297393,0,0,0,14,13,7673,7654
compact51_marcy__current_roles,2019-11-01 00:00:00,18.9806659841,67.1609853124,0,0,0,14,14,4264,4313
compact51_marcy__current_roles,2019-11-01 01:00:00,13.7077766502,54.4030906837,0,0,0,11,11,619,1527
compact51_marcy__current_roles,2019-11-01 02:00:00,15.9845605687,53.7014802111,0,0,0,12,12,1935,1402
compact51_marcy__current_roles,2019-11-01 03:00:00,19.9528568174,62.3881843145,0,0,0,12,12,4936,3367
compact51_marcy__current_roles,2019-11-01 04:00:00,19.522153066,52.4541276486,0,0,0,12,12,4669,1156
compact51_marcy__current_roles,2019-11-01 05:00:00,16.8921449589,47.990692589,0,0,0,12,12,2596,481
compact51_marcy__current_roles,2019-11-01 06:00:00,18.4126244708,51.8963230074,0,0,0,13,13,3811,1065
compact51_marcy__current_roles,2019-11-01 07:00:00,18.1728890406,48.0933030013,0,0,0,12,12,3634,496
compact51_marcy__current_roles,2019-11-01 08:00:00,20.9079057655,52.8936699492,0,0,0,12,12,5563,1238
compact51_marcy__current_roles,2019-11-01 09:00:00,23.0382612129,56.8756181654,0,0,0,12,12,6605,2076
compact51_marcy__current_roles,2019-11-01 10:00:00,25.3494922368,152.991433924,0,0,0,12,12,7408,7117
compact51_marcy__current_roles,2019-11-01 11:00:00,21.8548930316,67.4456091844,0,0,0,12,12,6063,4353
compact51_marcy__current_roles,2019-11-01 12:00:00,18.2990118504,196.786154619,0,0,0,12,12,3727,7478
compact51_marcy__current_roles,2019-11-01 13:00:00,17.7475068923,209.358151348,0,0,0,12,12,3259,7561
compact51_marcy__current_roles,2019-11-01 14:00:00,17.4220340116,261.487541299,0,0,0,14,14,3018,7817
compact51_marcy__current_roles,2019-11-01 15:00:00,19.333813958,2441.75419654,0,0,0,10,10,4514,8649
compact51_marcy__current_roles,2019-11-01 16:00:00,21.0712805912,218.35254985,0,0,0,12,12,5658,7608
compact51_marcy__current_roles,2019-11-01 17:00:00,18.729164208,122.47471287,0,0,0,12,12,4049,6700
compact51_marcy__current_roles,2019-11-01 18:00:00,26.53116925,293.421119377,0,0,0,13,12,7700,7918
compact51_marcy__current_roles,2019-11-01 19:00:00,24.5564619174,49.1177966358,0,0,0,12,12,7182,624
compact51_marcy__current_roles,2019-11-01 20:00:00,33.0239624161,63.5563348398,0,0,0,12,12,8507,3621
compact51_marcy__current_roles,2019-11-01 21:00:00,25.2545958276,51.5824771073,0,0,0,12,12,7379,1004
compact51_marcy__current_roles,2019-11-01 22:00:00,24.6009212667,53.2973521194,0,0,0,12,12,7193,1332
compact51_marcy__current_roles,2019-11-01 23:00:00,29.9406715104,114.905428907,0,0,0,12,12,8259,6550
compact51_marcy__current_roles,2019-11-02 00:00:00,26.4037431336,79.509559394,0,0,0,12,12,7668,5475
compact51_marcy__current_roles,2019-11-02 01:00:00,29.4578911065,200.560423851,1,0,0,12,12,8188,7506
compact51_marcy__current_roles,2019-11-02 02:00:00,29.93183781,497.280682651,1,0,0,12,12,8256,8246
compact51_marcy__current_roles,2019-11-02 03:00:00,31.8932019936,372.163076184,1,0,0,12,12,8444,8104
compact51_marcy__current_roles,2019-11-02 04:00:00,29.1808850482,164.809438201,1,0,0,12,12,8152,7236
compact51_marcy__current_roles,2019-11-02 05:00:00,26.988827023,139.05103033,1,0,0,12,12,7801,6950
compact51_marcy__current_roles,2019-11-02 06:00:00,24.3632671755,1784.13583784,0,0,0,12,12,7134,8597
compact51_marcy__current_roles,2019-11-02 07:00:00,18.7561785951,76.3103447874,0,0,0,12,12,4065,5285
compact51_marcy__current_roles,2019-11-02 08:00:00,23.6530376744,49.6306648474,0,0,0,12,12,6887,688
compact51_marcy__current_roles,2019-11-02 09:00:00,31.4157317433,101.693706785,0,0,0,12,12,8416,6263
compact51_marcy__current_roles,2019-11-02 10:00:00,27.8818738522,137.529313441,0,0,0,12,12,7966,6932
compact51_marcy__current_roles,2019-11-02 11:00:00,23.3231838981,194.087600002,0,0,0,12,12,6740,7458
compact51_marcy__current_roles,2019-11-02 12:00:00,19.6305314975,109.257172769,0,0,0,12,12,4732,6434
compact51_marcy__current_roles,2019-11-02 13:00:00,22.0053355237,317.403592485,0,0,0,12,12,6130,7980
compact51_marcy__current_roles,2019-11-02 14:00:00,23.4405610594,481.968620444,0,0,0,12,12,6790,8225
compact51_marcy__current_roles,2019-11-02 15:00:00,24.2104524401,222.05226745,0,0,0,12,12,7073,7624
compact51_marcy__current_roles,2019-11-02 16:00:00,21.0644568878,86.028096173,0,0,0,12,12,5653,5760
compact51_marcy__current_roles,2019-11-02 17:00:00,24.3631788448,81.3167914786,0,0,0,12,12,7133,5566
compact51_marcy__current_roles,2019-11-02 18:00:00,28.7018660965,71.4058137179,0,0,0,12,12,8075,4834
compact51_marcy__current_roles,2019-11-02 19:00:00,30.8488817651,59.2543250771,0,0,0,12,12,8372,2652
compact51_marcy__current_roles,2019-11-02 20:00:00,29.6190348981,58.0288296812,0,0,0,13,12,8213,2351
compact51_marcy__current_roles,2019-11-02 21:00:00,23.6985503827,53.1309691924,0,0,0,12,12,6913,1292
compact51_marcy__current_roles,2019-11-02 22:00:00,19.9142785389,50.5811691237,0,0,0,12,12,4912,831
compact51_marcy__current_roles,2019-11-02 23:00:00,21.5837985874,52.3412472865,0,0,0,12,12,5928,1133
compact51_marcy__current_roles,2019-11-03 00:00:00,19.4616417828,55.2923720643,0,0,0,12,12,4612,1712
compact51_marcy__current_roles,2019-11-03 01:00:00,18.5587437451,47.281744166,0,0,7,24,12,3917,411
compact51_marcy__current_roles,2019-11-03 02:00:00,15.0002784758,46.6918905156,0,0,0,12,12,1262,353
compact51_marcy__current_roles,2019-11-03 03:00:00,19.8330346231,93.5616960586,0,0,0,12,12,4860,5997
compact51_marcy__current_roles,2019-11-03 04:00:00,20.4835537397,45.5961635277,0,0,0,12,12,5300,270
compact51_marcy__current_roles,2019-11-03 05:00:00,21.1022494567,54.224340803,0,0,0,12,12,5677,1490
compact51_marcy__current_roles,2019-11-03 06:00:00,22.8820437944,63.2506354405,0,0,0,12,12,6534,3555
compact51_marcy__current_roles,2019-11-03 07:00:00,21.319667269,50.1403109709,0,0,0,12,12,5782,761
compact51_marcy__current_roles,2019-11-03 08:00:00,20.0231364806,53.774973093,0,0,0,12,12,5000,1418
compact51_marcy__current_roles,2019-11-03 09:00:00,22.1437851905,85.9138716594,0,0,0,12,12,6192,5754
compact51_marcy__current_roles,2019-11-03 10:00:00,19.6238179863,62.9220885976,0,0,0,12,12,4728,3486
compact51_marcy__current_roles,2019-11-03 11:00:00,23.2946064249,514.887764535,0,0,0,12,12,6727,8268
compact51_marcy__current_roles,2019-11-03 12:00:00,20.9410726332,168.981598327,0,0,0,12,12,5583,7270
compact51_marcy__current_roles,2019-11-03 13:00:00,20.2275697863,83.831727492,0,0,0,12,12,5138,5677
compact51_marcy__current_roles,2019-11-03 14:00:00,18.4090532456,56.7675806003,0,0,0,12,12,3807,2046
compact51_marcy__current_roles,2019-11-03 15:00:00,16.7620116095,53.1555830126,0,0,0,12,12,2504,1301
compact51_marcy__current_roles,2019-11-03 16:00:00,18.2289987315,54.3863382732,0,0,0,12,12,3669,1525
compact51_marcy__current_roles,2019-11-03 17:00:00,22.4365153594,61.1634123136,0,0,0,12,12,6312,3083
compact51_marcy__current_roles,2019-11-03 18:00:00,22.3867781894,58.5552067575,0,0,0,12,12,6282,2473
compact51_marcy__current_roles,2019-11-03 19:00:00,21.0683406129,53.1813318541,0,0,0,12,12,5656,1308
compact51_marcy__current_roles,2019-11-03 20:00:00,19.8714030256,52.339790726,0,0,0,12,12,4891,1131
compact51_marcy__current_roles,2019-11-03 21:00:00,19.1105319925,51.5912805894,0,0,0,12,12,4375,1006
compact51_marcy__current_roles,2019-11-03 22:00:00,18.2519734947,51.5043621344,0,0,0,12,12,3687,988
compact51_marcy__current_roles,2019-11-03 23:00:00,21.9079272738,62.6528516968,0,0,0,12,12,6093,3416
compact51_marcy__current_roles,2019-11-04 00:00:00,20.5957979051,96.6257707864,0,0,0,12,12,5362,6106
compact51_marcy__current_roles,2019-11-04 01:00:00,20.1948638509,64.0188871588,0,0,0,12,12,5113,3709
compact51_marcy__current_roles,2019-11-04 02:00:00,24.2908919662,62.0332139518,0,0,0,12,12,7103,3285
compact51_marcy__current_roles,2019-11-04 03:00:00,22.4030460524,52.2070162164,0,0,0,12,12,6293,1111
compact51_marcy__current_roles,2019-11-04 04:00:00,23.9502333812,166.356583845,0,0,0,12,12,6990,7250
compact51_marcy__current_roles,2019-11-04 05:00:00,21.3663636692,83.7085110965,0,0,0,12,12,5811,5670
compact51_marcy__current_roles,2019-11-04 06:00:00,23.177497791,118.579317195,0,0,0,12,12,6670,6612
compact51_marcy__current_roles,2019-11-04 07:00:00,22.6338104704,53.7420638813,0,0,0,12,12,6417,1410
compact51_marcy__current_roles,2019-11-04 08:00:00,17.2104679364,53.7104618779,0,0,0,12,12,2856,1404
compact51_marcy__current_roles,2019-11-04 09:00:00,18.0845797301,108.717381545,0,0,0,12,12,3557,6420
compact51_marcy__current_roles,2019-11-04 10:00:00,17.0893791669,75.6536140853,0,0,0,12,12,2752,5235
compact51_marcy__current_roles,2019-11-04 11:00:00,17.3114417838,232.846742498,0,0,0,12,12,2938,7680
compact51_marcy__current_roles,2019-11-04 12:00:00,17.1515644613,343.308232743,0,0,0,12,12,2798,8046
compact51_marcy__current_roles,2019-11-04 13:00:00,17.5416059187,455.742407214,0,0,0,12,12,3106,8198
compact51_marcy__current_roles,2019-11-04 14:00:00,17.9304329066,214.618266668,0,0,0,12,12,3425,7581
compact51_marcy__current_roles,2019-11-04 15:00:00,15.5087185462,120.402513589,0,0,0,13,13,1617,6649
compact51_marcy__current_roles,2019-11-04 16:00:00,17.2604514689,195.947562777,0,0,0,12,12,2896,7470
compact51_marcy__current_roles,2019-11-04 17:00:00,16.6191568251,149.175601163,0,0,0,12,12,2405,7072
compact51_marcy__current_roles,2019-11-04 18:00:00,23.8006163355,618.872447129,0,0,0,12,12,6943,8346
compact51_marcy__current_roles,2019-11-04 19:00:00,25.7870982669,306.306480842,0,0,0,12,12,7521,7954
compact51_marcy__current_roles,2019-11-04 20:00:00,22.6806225375,155.808899897,0,0,0,12,12,6441,7153
compact51_marcy__current_roles,2019-11-04 21:00:00,21.9657143692,102.925969788,0,0,0,12,12,6116,6296
compact51_marcy__current_roles,2019-11-04 22:00:00,18.2477359526,78.3859080404,0,0,0,12,12,3684,5419
compact51_marcy__current_roles,2019-11-04 23:00:00,18.8850177196,88.2759464612,0,0,0,12,12,4176,5824
compact51_marcy__current_roles,2019-11-05 00:00:00,20.0908315199,99.1051753846,0,0,0,12,12,5044,6171
compact51_marcy__current_roles,2019-11-05 01:00:00,26.3172167323,214.22957452,0,0,0,12,12,7645,7579
compact51_marcy__current_roles,2019-11-05 02:00:00,25.1164567711,299.398771728,0,0,0,12,12,7349,7930
compact51_marcy__current_roles,2019-11-05 03:00:00,19.9934846904,117.817051159,0,0,0,12,12,4971,6600
compact51_marcy__current_roles,2019-11-05 04:00:00,22.6619465325,96.3916159206,0,0,0,12,12,6434,6098
compact51_marcy__current_roles,2019-11-05 05:00:00,20.9759115128,51.232882905,0,0,0,12,12,5597,941
compact51_marcy__current_roles,2019-11-05 06:00:00,22.1238141622,78.8726110205,0,0,0,12,12,6183,5443
compact51_marcy__current_roles,2019-11-05 07:00:00,22.4893338307,150.979354061,0,0,0,12,12,6346,7098
compact51_marcy__current_roles,2019-11-05 08:00:00,18.9459250874,180.289833225,0,0,0,12,12,4232,7360
compact51_marcy__current_roles,2019-11-05 09:00:00,19.3071161367,2331.49717463,1,0,0,12,12,4501,8645
compact51_marcy__current_roles,2019-11-05 10:00:00,18.6531712044,686.542803351,1,0,0,12,12,4000,8387
compact51_marcy__current_roles,2019-11-05 11:00:00,16.7600574355,309.355845219,0,0,0,12,12,2501,7962
compact51_marcy__current_roles,2019-11-05 12:00:00,15.9524758385,75.784692217,0,0,0,12,12,1911,5247
compact51_marcy__current_roles,2019-11-05 13:00:00,16.6614836452,75.3248993545,0,0,0,12,12,2426,5210
compact51_marcy__current_roles,2019-11-05 14:00:00,17.2669165719,100.046743432,0,0,0,12,12,2901,6203
compact51_marcy__current_roles,2019-11-05 15:00:00,13.8528453116,50.150136463,0,0,0,12,12,680,766
compact51_marcy__current_roles,2019-11-05 16:00:00,15.7019843213,234.731164797,1,0,0,12,12,1731,7689
compact51_marcy__current_roles,2019-11-05 17:00:00,21.0358089196,3866.76888193,1,0,0,12,12,5641,8689
compact51_marcy__current_roles,2019-11-05 18:00:00,21.6583500565,189.030823922,0,0,0,12,12,5966,7415
compact51_marcy__current_roles,2019-11-05 19:00:00,21.944464621,361.731971413,0,0,0,12,12,6109,8091
compact51_marcy__current_roles,2019-11-05 20:00:00,19.9555834609,126.2144351,0,0,0,12,12,4940,6773
compact51_marcy__current_roles,2019-11-05 21:00:00,20.2935130215,103.549503621,0,0,0,12,12,5176,6309
compact51_marcy__current_roles,2019-11-05 22:00:00,19.1050553007,64.5750429615,0,0,0,12,12,4371,3833
compact51_marcy__current_roles,2019-11-05 23:00:00,18.3990369221,63.8040522881,0,0,0,12,12,3798,3669
compact51_marcy__current_roles,2019-11-06 00:00:00,20.2885657845,70.9456843177,0,0,0,12,12,5171,4782
compact51_marcy__current_roles,2019-11-06 01:00:00,16.8256436273,55.7854745808,0,0,0,12,12,2554,1825
compact51_marcy__current_roles,2019-11-06 02:00:00,19.6666132243,76.9587927532,0,0,0,12,12,4764,5336
compact51_marcy__current_roles,2019-11-06 03:00:00,18.9084338155,69.0429571505,0,0,0,12,12,4205,4564
compact51_marcy__current_roles,2019-11-06 04:00:00,18.5607173229,97.8665761543,0,0,0,12,12,3920,6130
compact51_marcy__current_roles,2019-11-06 05:00:00,35.7156482982,172.475919005,0,0,0,12,12,8619,7301
compact51_marcy__current_roles,2019-11-06 06:00:00,40.0488723859,302.785364372,1,0,0,12,12,8710,7942
compact51_marcy__current_roles,2019-11-06 07:00:00,44.388321634,97.0965114543,0,0,0,12,12,8743,6113
compact51_marcy__current_roles,2019-11-06 08:00:00,44.1884277741,146.340636235,1,0,0,12,12,8742,7042
compact51_marcy__current_roles,2019-11-06 09:00:00,33.2299182068,759.496447498,1,0,0,12,12,8520,8424
compact51_marcy__current_roles,2019-11-06 10:00:00,28.8602221032,730.65551135,1,0,0,12,12,8108,8408
compact51_marcy__current_roles,2019-11-06 11:00:00,25.2720024687,673.349815296,1,0,0,12,12,7383,8379
compact51_marcy__current_roles,2019-11-06 12:00:00,26.4367292501,5240.88755193,0,0,0,10,10,7674,8712
compact51_marcy__current_roles,2019-11-06 13:00:00,26.1262660412,509.362119614,1,0,0,12,12,7603,8260
compact51_marcy__current_roles,2019-11-06 14:00:00,24.6808778627,850.069532317,1,0,0,12,12,7216,8453
compact51_marcy__current_roles,2019-11-06 15:00:00,20.0069035607,215.378195388,0,0,0,12,12,4980,7586
compact51_marcy__current_roles,2019-11-06 16:00:00,26.8079959856,109.713874135,0,0,0,11,11,7753,6440
compact51_marcy__current_roles,2019-11-06 17:00:00,40.4940486128,771.313710283,1,0,0,12,12,8713,8431
compact51_marcy__current_roles,2019-11-06 18:00:00,43.834357403,319.872748862,0,0,0,12,12,8737,7988
compact51_marcy__current_roles,2019-11-06 19:00:00,37.8074099111,454.237338925,0,0,0,12,12,8676,8195
compact51_marcy__current_roles,2019-11-06 20:00:00,30.8444513366,104.274484748,0,0,0,12,12,8371,6332
compact51_marcy__current_roles,2019-11-06 21:00:00,29.3792408223,92.6952392399,0,0,0,12,12,8180,5968
compact51_marcy__current_roles,2019-11-06 22:00:00,27.635516028,166.939877007,0,0,0,12,12,7931,7254
compact51_marcy__current_roles,2019-11-06 23:00:00,27.2539054658,661.043047676,1,0,0,12,12,7853,8372
compact51_marcy__current_roles,2019-11-07 00:00:00,31.3051249949,247.704912092,0,0,0,12,12,8405,7760
compact51_marcy__current_roles,2019-11-07 01:00:00,35.2983966477,119.054417456,1,0,0,12,12,8610,6621
compact51_marcy__current_roles,2019-11-07 02:00:00,33.6870871557,123.383958918,1,0,0,12,12,8543,6720
compact51_marcy__current_roles,2019-11-07 03:00:00,32.6449820145,471.704072325,1,0,0,12,12,8488,8213
compact51_marcy__current_roles,2019-11-07 04:00:00,30.9844020704,145.363731245,0,0,0,12,12,8383,7025
compact51_marcy__current_roles,2019-11-07 05:00:00,33.491984713,85.4547790576,0,0,0,12,12,8532,5741
compact51_marcy__current_roles,2019-11-07 06:00:00,43.9792452731,473.876727466,1,0,0,12,12,8741,8217
compact51_marcy__current_roles,2019-11-07 07:00:00,46.0938155511,1172.73722715,0,0,0,12,12,8745,8531
compact51_marcy__current_roles,2019-11-07 08:00:00,40.8848355292,1855.83101353,0,0,0,12,12,8717,8607
compact51_marcy__current_roles,2019-11-07 09:00:00,34.2294948165,1315.74373529,0,0,0,12,12,8561,8548
compact51_marcy__current_roles,2019-11-07 10:00:00,36.3761090655,400.026927083,1,0,0,12,12,8636,8139
compact51_marcy__current_roles,2019-11-07 11:00:00,37.5074880116,538.049544808,1,0,0,12,12,8669,8288
compact51_marcy__current_roles,2019-11-07 12:00:00,33.7642684238,2114.23709544,1,0,0,13,13,8546,8626
compact51_marcy__current_roles,2019-11-07 13:00:00,33.8000668834,1377.29400251,1,0,0,12,12,8547,8557
compact51_marcy__current_roles,2019-11-07 14:00:00,29.3854167588,216.983577157,0,0,0,12,12,8182,7600
compact51_marcy__current_roles,2019-11-07 15:00:00,25.0212582355,113.432386801,0,0,0,12,12,7325,6521
compact51_marcy__current_roles,2019-11-07 16:00:00,28.4760989953,119.52079114,0,0,0,12,12,8041,6630
compact51_marcy__current_roles,2019-11-07 17:00:00,29.5435651659,120.123291051,0,0,0,12,12,8204,6644
compact51_marcy__current_roles,2019-11-07 18:00:00,41.1137741793,286.73419792,1,0,0,12,12,8722,7904
compact51_marcy__current_roles,2019-11-07 19:00:00,37.8117749132,1868.9063772,1,0,0,12,12,8677,8609
compact51_marcy__current_roles,2019-11-07 20:00:00,30.8100198319,258.168299191,0,0,0,12,12,8368,7805
compact51_marcy__current_roles,2019-11-07 21:00:00,25.5088286849,104.462441619,0,0,0,12,12,7448,6336
compact51_marcy__current_roles,2019-11-07 22:00:00,31.4777938147,198.918426036,0,0,0,12,12,8419,7493
compact51_marcy__current_roles,2019-11-07 23:00:00,30.5306826483,155.319049059,0,0,0,12,12,8330,7149
compact51_marcy__current_roles,2019-11-08 00:00:00,33.0628494855,284.195192702,1,0,0,12,12,8509,7889
compact51_marcy__current_roles,2019-11-08 01:00:00,38.9594056506,105.98572459,1,0,0,12,12,8700,6370
compact51_marcy__current_roles,2019-11-08 02:00:00,33.9465734114,105.404064827,1,0,0,12,12,8551,6358
compact51_marcy__current_roles,2019-11-08 03:00:00,30.0686424287,176.410799082,1,0,0,12,12,8280,7337
compact51_marcy__current_roles,2019-11-08 04:00:00,32.6429569264,98.2927536876,0,0,0,12,12,8486,6146
compact51_marcy__current_roles,2019-11-08 05:00:00,36.8889583687,125.630241009,1,0,0,12,12,8651,6758
compact51_marcy__current_roles,2019-11-08 06:00:00,38.1513266188,410.319269452,1,0,0,12,12,8686,8149
compact51_marcy__current_roles,2019-11-08 07:00:00,42.8603166407,301.786774742,0,0,0,12,12,8731,7937
compact51_marcy__current_roles,2019-11-08 08:00:00,35.9806906503,119.180695483,0,0,0,12,12,8625,6624
compact51_marcy__current_roles,2019-11-08 09:00:00,22.1162760915,105.284464754,0,0,0,12,12,6177,6355
compact51_marcy__current_roles,2019-11-08 10:00:00,24.5634199342,112.761859929,0,0,0,12,12,7183,6510
compact51_marcy__current_roles,2019-11-08 11:00:00,23.6856859681,115.216216772,0,0,0,12,12,6902,6557
compact51_marcy__current_roles,2019-11-08 12:00:00,20.5844661818,98.329420074,0,0,0,12,12,5355,6149
compact51_marcy__current_roles,2019-11-08 13:00:00,19.7516324049,94.0196303009,0,0,0,12,12,4817,6011
compact51_marcy__current_roles,2019-11-08 14:00:00,21.559517387,254.363894704,1,0,0,12,12,5920,7787
compact51_marcy__current_roles,2019-11-08 15:00:00,22.2702253668,1110.09839087,0,0,0,12,12,6247,8519
compact51_marcy__current_roles,2019-11-08 16:00:00,27.0201738621,2568.84971771,0,0,0,12,12,7809,8653
compact51_marcy__current_roles,2019-11-08 17:00:00,35.8007115985,1675.83862091,1,0,0,12,12,8621,8587
compact51_marcy__current_roles,2019-11-08 18:00:00,33.3739984522,1072.6730812,1,0,0,12,12,8526,8509
compact51_marcy__current_roles,2019-11-08 19:00:00,38.2016109252,1908.28068749,1,0,0,12,12,8687,8611
compact51_marcy__current_roles,2019-11-08 20:00:00,31.7383310719,5498.9903064,1,0,0,12,12,8434,8716
compact51_marcy__current_roles,2019-11-08 21:00:00,27.4102822189,94.3315738362,0,0,0,12,12,7895,6023
compact51_marcy__current_roles,2019-11-08 22:00:00,30.7016110958,314.78054448,0,0,0,12,12,8354,7973
compact51_marcy__current_roles,2019-11-08 23:00:00,30.2228000082,282.243289015,0,0,0,12,12,8292,7885
compact51_marcy__current_roles,2019-11-09 00:00:00,35.0669953709,624.794253736,0,0,0,12,12,8598,8350
compact51_marcy__current_roles,2019-11-09 01:00:00,30.2255950528,92.804948813,0,0,0,12,12,8293,5974
compact51_marcy__current_roles,2019-11-09 02:00:00,29.5969627917,1958.61007238,0,0,0,12,12,8210,8615
compact51_marcy__current_roles,2019-11-09 03:00:00,34.9494056769,107.968346388,1,0,0,12,12,8593,6406
compact51_marcy__current_roles,2019-11-09 04:00:00,33.5299800115,91.9780701395,0,0,0,12,12,8538,5944
compact51_marcy__current_roles,2019-11-09 05:00:00,39.3326643226,100.353030678,1,0,0,12,12,8703,6215
compact51_marcy__current_roles,2019-11-09 06:00:00,38.816824247,108.222947095,0,0,0,12,12,8696,6410
compact51_marcy__current_roles,2019-11-09 07:00:00,36.871236854,561.9297067,1,0,0,12,12,8648,8304
compact51_marcy__current_roles,2019-11-09 08:00:00,30.0535388697,359.979742999,1,0,0,12,12,8277,8086
compact51_marcy__current_roles,2019-11-09 09:00:00,25.0316525056,145.613303837,0,0,0,12,12,7330,7029
compact51_marcy__current_roles,2019-11-09 10:00:00,26.1571300733,191.656866304,0,0,0,12,12,7612,7436
compact51_marcy__current_roles,2019-11-09 11:00:00,28.2447063826,2902.21156661,0,0,0,12,12,8013,8663
compact51_marcy__current_roles,2019-11-09 12:00:00,26.590981582,224.777386062,0,0,0,12,12,7713,7641
compact51_marcy__current_roles,2019-11-09 13:00:00,28.4553008777,296.441667027,0,0,0,12,12,8037,7927
compact51_marcy__current_roles,2019-11-09 14:00:00,30.2155835357,733.441736561,1,0,0,12,12,8288,8410
compact51_marcy__current_roles,2019-11-09 15:00:00,30.8063748807,740.267199404,0,0,0,12,12,8367,8413
compact51_marcy__current_roles,2019-11-09 16:00:00,30.5074296305,199.636858528,1,0,0,12,12,8325,7499
compact51_marcy__current_roles,2019-11-09 17:00:00,27.5802807499,101.383533517,0,0,0,12,12,7924,6255
compact51_marcy__current_roles,2019-11-09 18:00:00,31.9008300506,114.672221712,0,0,0,12,12,8445,6548
compact51_marcy__current_roles,2019-11-09 19:00:00,35.0824394058,107.844440665,0,0,0,13,12,8599,6403
compact51_marcy__current_roles,2019-11-09 20:00:00,28.3145211106,97.960569336,0,0,0,12,12,8020,6135
compact51_marcy__current_roles,2019-11-09 21:00:00,23.4921486207,101.371263483,0,0,0,12,12,6814,6253
compact51_marcy__current_roles,2019-11-09 22:00:00,23.9311513624,152.973255592,1,0,0,12,12,6982,7115
compact51_marcy__current_roles,2019-11-09 23:00:00,22.6400622451,102.559597695,0,0,0,12,12,6422,6284
compact51_marcy__current_roles,2019-11-10 00:00:00,28.9196894506,101.698581212,0,0,0,12,12,8118,6264
compact51_marcy__current_roles,2019-11-10 01:00:00,25.8459543149,100.675388171,0,0,0,12,12,7532,6225
compact51_marcy__current_roles,2019-11-10 02:00:00,28.8497394425,258.521131052,1,0,0,12,12,8105,7807
compact51_marcy__current_roles,2019-11-10 03:00:00,26.3525443723,97.8056002027,0,0,0,12,12,7657,6129
compact51_marcy__current_roles,2019-11-10 04:00:00,27.548485675,235.037707105,0,0,0,12,12,7919,7696
compact51_marcy__current_roles,2019-11-10 05:00:00,29.6744724095,290.009122713,0,0,0,12,12,8216,7913
compact51_marcy__current_roles,2019-11-10 06:00:00,24.1171032633,91.77282318,0,0,0,12,12,7036,5934
compact51_marcy__current_roles,2019-11-10 07:00:00,23.993475313,89.5930765425,0,0,0,12,12,6997,5872
compact51_marcy__current_roles,2019-11-10 08:00:00,24.9230582338,137.848174518,1,0,0,12,12,7292,6933
compact51_marcy__current_roles,2019-11-10 09:00:00,27.265917798,280.5102574,1,0,0,12,12,7857,7879
compact51_marcy__current_roles,2019-11-10 10:00:00,32.4083967135,284.915725549,1,0,0,12,12,8471,7895
compact51_marcy__current_roles,2019-11-10 11:00:00,34.6341270091,211.167266838,1,0,0,12,12,8577,7568
compact51_marcy__current_roles,2019-11-10 12:00:00,29.7736361168,513.806731496,1,0,0,12,12,8234,8266
compact51_marcy__current_roles,2019-11-10 13:00:00,27.6557621021,307.037634865,1,0,0,12,12,7934,7957
compact51_marcy__current_roles,2019-11-10 14:00:00,29.862974344,530.069623987,1,0,0,12,12,8247,8283
compact51_marcy__current_roles,2019-11-10 15:00:00,31.9853236176,344.280641936,1,0,0,12,12,8451,8051
compact51_marcy__current_roles,2019-11-10 16:00:00,29.5224711857,460.909116429,0,0,0,12,12,8203,8201
compact51_marcy__current_roles,2019-11-10 17:00:00,28.7357587546,97.019165767,0,0,0,12,12,8082,6112
compact51_marcy__current_roles,2019-11-10 18:00:00,27.3639166795,100.353602392,0,0,0,12,12,7878,6216
compact51_marcy__current_roles,2019-11-10 19:00:00,25.7119353084,94.9341651043,0,0,0,12,12,7502,6047
compact51_marcy__current_roles,2019-11-10 20:00:00,20.2689915686,108.847723364,0,0,0,12,12,5159,6425
compact51_marcy__current_roles,2019-11-10 21:00:00,23.5387866226,120.428272408,0,0,0,12,12,6836,6651
compact51_marcy__current_roles,2019-11-10 22:00:00,23.9131804804,118.698751504,0,0,0,12,12,6975,6617
compact51_marcy__current_roles,2019-11-10 23:00:00,26.3500791798,121.454873303,0,0,0,12,12,7656,6677
compact51_marcy__current_roles,2019-11-11 00:00:00,40.9248683178,360.92458018,0,0,0,12,12,8719,8089
compact51_marcy__current_roles,2019-11-11 01:00:00,47.921507063,451.351043967,0,0,0,12,12,8750,8192
compact51_marcy__current_roles,2019-11-11 02:00:00,47.6561617542,360.116031975,0,0,0,12,12,8749,8087
compact51_marcy__current_roles,2019-11-11 03:00:00,43.943993531,128.097849785,0,0,0,12,12,8740,6808
compact51_marcy__current_roles,2019-11-11 04:00:00,37.1544126106,118.056398603,0,0,0,12,12,8659,6605
compact51_marcy__current_roles,2019-11-11 05:00:00,30.8819683906,99.0829241202,0,0,0,12,12,8375,6169
compact51_marcy__current_roles,2019-11-11 06:00:00,29.2150694729,624.609632125,0,0,0,12,12,8160,8349
compact51_marcy__current_roles,2019-11-11 07:00:00,28.987665474,1207.59262552,0,0,0,11,11,8127,8539
compact51_marcy__current_roles,2019-11-11 08:00:00,28.0904450736,330.644333372,0,0,0,12,12,7996,8010
compact51_marcy__current_roles,2019-11-11 09:00:00,23.6809657201,5548.09279589,1,0,0,12,12,6898,8718
compact51_marcy__current_roles,2019-11-11 10:00:00,23.0853499487,3942.53451874,0,0,0,12,12,6629,8693
compact51_marcy__current_roles,2019-11-11 11:00:00,22.3917708077,217.536142437,1,0,0,12,12,6286,7605
compact51_marcy__current_roles,2019-11-11 12:00:00,26.989155095,228.912866849,1,0,0,12,12,7802,7663
compact51_marcy__current_roles,2019-11-11 13:00:00,25.6680738325,126.761100511,1,0,0,12,12,7491,6786
compact51_marcy__current_roles,2019-11-11 14:00:00,28.9135298408,121.411841074,0,0,0,12,12,8117,6675
compact51_marcy__current_roles,2019-11-11 15:00:00,25.4049559556,112.449526056,0,0,0,12,12,7423,6499
compact51_marcy__current_roles,2019-11-11 16:00:00,20.8792584013,113.929183947,0,0,0,12,12,5549,6529
compact51_marcy__current_roles,2019-11-11 17:00:00,24.0923065643,117.917762938,0,0,0,12,12,7031,6602
compact51_marcy__current_roles,2019-11-11 18:00:00,22.4209416877,123.837820302,0,0,0,12,12,6299,6729
compact51_marcy__current_roles,2019-11-11 19:00:00,23.8544996654,115.004491591,0,0,0,12,12,6959,6555
compact51_marcy__current_roles,2019-11-11 20:00:00,26.5448649442,116.722004754,0,0,0,12,12,7706,6575
compact51_marcy__current_roles,2019-11-11 21:00:00,28.0668938893,129.70419208,0,0,0,12,12,7995,6838
compact51_marcy__current_roles,2019-11-11 22:00:00,31.1038576571,199.952763409,1,0,0,12,12,8391,7502
compact51_marcy__current_roles,2019-11-11 23:00:00,27.3681788988,223.117959413,1,0,0,12,12,7881,7630
compact51_marcy__current_roles,2019-11-12 00:00:00,32.6734033762,104.13235102,0,0,0,12,12,8491,6330
compact51_marcy__current_roles,2019-11-12 01:00:00,38.9193696322,165.008737273,0,0,0,12,12,8699,7237
compact51_marcy__current_roles,2019-11-12 02:00:00,35.1348449954,156.491376244,0,0,0,12,12,8602,7160
compact51_marcy__current_roles,2019-11-12 03:00:00,36.7574660003,177.766851377,0,0,0,12,12,8644,7347
compact51_marcy__current_roles,2019-11-12 04:00:00,27.3802561806,90.9929144597,0,0,0,12,12,7888,5909
compact51_marcy__current_roles,2019-11-12 05:00:00,28.9468254927,91.2579148548,0,0,0,12,12,8119,5915
compact51_marcy__current_roles,2019-11-12 06:00:00,35.1567998708,157.383080798,1,0,0,12,12,8605,7170
compact51_marcy__current_roles,2019-11-12 07:00:00,33.0783610393,261.693292165,1,0,0,12,12,8510,7819
compact51_marcy__current_roles,2019-11-12 08:00:00,31.9409430199,114.540409395,0,0,0,12,12,8448,6546
compact51_marcy__current_roles,2019-11-12 09:00:00,25.3514298407,110.323572538,0,0,0,12,12,7410,6454
compact51_marcy__current_roles,2019-11-12 10:00:00,29.2279395133,134.270711004,1,0,0,13,12,8165,6893
compact51_marcy__current_roles,2019-11-12 11:00:00,27.7611608426,125.635241437,1,0,0,12,12,7950,6760
compact51_marcy__current_roles,2019-11-12 12:00:00,29.7588852942,303.883631376,1,0,0,12,12,8229,7944
compact51_marcy__current_roles,2019-11-12 13:00:00,30.2833477422,2871.10368708,1,0,0,12,12,8302,8662
compact51_marcy__current_roles,2019-11-12 14:00:00,22.100526166,234.786742157,0,0,0,12,12,6169,7690
compact51_marcy__current_roles,2019-11-12 15:00:00,25.6099565638,306.015460582,1,0,0,12,12,7476,7953
compact51_marcy__current_roles,2019-11-12 16:00:00,23.4469883041,91.8865375087,0,0,0,12,12,6791,5941
compact51_marcy__current_roles,2019-11-12 17:00:00,25.0711362457,337.636345446,1,0,0,12,12,7343,8028
compact51_marcy__current_roles,2019-11-12 18:00:00,34.5094582135,171.416357295,1,0,0,12,12,8574,7294
compact51_marcy__current_roles,2019-11-12 19:00:00,32.6863288648,138.830344406,1,0,0,12,12,8495,6944
compact51_marcy__current_roles,2019-11-12 20:00:00,29.4996267267,175.661210382,1,0,0,12,12,8199,7330
compact51_marcy__current_roles,2019-11-12 21:00:00,29.6153384148,308.275782664,1,0,0,13,13,8212,7961
compact51_marcy__current_roles,2019-11-12 22:00:00,30.9462991136,271.478096093,0,0,0,12,12,8380,7844
compact51_marcy__current_roles,2019-11-12 23:00:00,38.5320582947,248.610439789,1,0,0,13,13,8694,7769
compact51_marcy__current_roles,2019-11-13 00:00:00,28.7472135586,79.5929731599,0,0,0,14,14,8086,5481
compact51_marcy__current_roles,2019-11-13 01:00:00,35.3785815184,87.5489267931,0,0,0,10,10,8611,5803
compact51_marcy__current_roles,2019-11-13 02:00:00,43.6759971955,340.024573933,1,0,0,12,12,8736,8033
compact51_marcy__current_roles,2019-11-13 03:00:00,38.0982750108,156.459946611,1,0,0,12,12,8685,7159
compact51_marcy__current_roles,2019-11-13 04:00:00,35.0921137644,116.434200245,1,0,0,12,12,8600,6572
compact51_marcy__current_roles,2019-11-13 05:00:00,30.3339367869,101.486221477,0,0,0,12,12,8306,6257
compact51_marcy__current_roles,2019-11-13 06:00:00,29.8948576795,235.762732209,1,0,0,12,12,8252,7701
compact51_marcy__current_roles,2019-11-13 07:00:00,42.9739372781,202.385498746,1,0,0,12,12,8733,7520
compact51_marcy__current_roles,2019-11-13 08:00:00,35.4864111745,329.520296656,1,0,0,12,12,8615,8005
compact51_marcy__current_roles,2019-11-13 09:00:00,34.9779982288,569.096694455,1,0,0,12,12,8594,8312
compact51_marcy__current_roles,2019-11-13 10:00:00,24.153240659,26619.8013957,1,0,0,12,12,7049,8748
compact51_marcy__current_roles,2019-11-13 11:00:00,21.2195546614,403.433743393,0,0,0,12,12,5727,8140
compact51_marcy__current_roles,2019-11-13 12:00:00,19.0356481286,341.455064446,1,0,0,12,12,4311,8039
compact51_marcy__current_roles,2019-11-13 13:00:00,17.1593170819,856.938223325,1,0,0,12,12,2807,8456
compact51_marcy__current_roles,2019-11-13 14:00:00,20.5022140469,107.979054613,0,0,0,10,10,5313,6407
compact51_marcy__current_roles,2019-11-13 15:00:00,19.4587752633,199.092297792,1,0,0,11,11,4607,7494
compact51_marcy__current_roles,2019-11-13 16:00:00,19.361884916,116.151337593,0,0,0,12,12,4535,6566
compact51_marcy__current_roles,2019-11-13 17:00:00,24.3405667065,164.34016507,0,0,0,12,12,7121,7235
compact51_marcy__current_roles,2019-11-13 18:00:00,27.8389384999,124.265273792,0,0,0,12,12,7958,6739
compact51_marcy__current_roles,2019-11-13 19:00:00,23.1522525086,115.694870696,0,0,0,12,12,6659,6565
compact51_marcy__current_roles,2019-11-13 20:00:00,17.8078219303,92.7756083621,0,0,0,12,12,3319,5972
compact51_marcy__current_roles,2019-11-13 21:00:00,13.8560346587,66.5047067927,0,0,0,12,12,683,4197
compact51_marcy__current_roles,2019-11-13 22:00:00,13.6565982499,51.6515401228,0,0,0,13,13,597,1020
compact51_marcy__current_roles,2019-11-13 23:00:00,15.0196034938,48.7529712153,0,0,0,12,12,1275,586
compact51_marcy__current_roles,2019-11-14 00:00:00,18.3616414053,98.932954696,0,0,0,12,12,3779,6163
compact51_marcy__current_roles,2019-11-14 01:00:00,17.953613888,71.2900321266,0,0,0,12,12,3449,4819
compact51_marcy__current_roles,2019-11-14 02:00:00,18.4668891414,96.9000565223,0,0,0,12,12,3856,6109
compact51_marcy__current_roles,2019-11-14 03:00:00,18.8731354487,92.1583572831,0,0,0,12,12,4166,5951
compact51_marcy__current_roles,2019-11-14 04:00:00,20.1351346802,133.287959776,0,0,0,12,12,5071,6881
compact51_marcy__current_roles,2019-11-14 05:00:00,23.5814124579,152.428838958,0,0,0,12,12,6858,7108
compact51_marcy__current_roles,2019-11-14 06:00:00,16.6894433393,65.171780035,0,0,0,12,12,2447,3964
compact51_marcy__current_roles,2019-11-14 07:00:00,15.430774068,67.5530527263,0,0,0,12,12,1561,4367
compact51_marcy__current_roles,2019-11-14 08:00:00,15.8530915467,67.0569568703,0,0,0,12,12,1821,4293
compact51_marcy__current_roles,2019-11-14 09:00:00,16.996719815,64.7796590514,0,0,0,12,12,2675,3871
compact51_marcy__current_roles,2019-11-14 10:00:00,18.3455285988,144.380091577,0,0,0,12,12,3768,7015
compact51_marcy__current_roles,2019-11-14 11:00:00,16.2895784042,313.924522264,0,0,0,12,11,2148,7970
compact51_marcy__current_roles,2019-11-14 12:00:00,17.5558929724,68.0114104402,0,0,0,12,12,3123,4424
compact51_marcy__current_roles,2019-11-14 13:00:00,21.3583001753,82.3093743378,0,0,0,12,12,5806,5611
compact51_marcy__current_roles,2019-11-14 14:00:00,17.7562990508,77.782214612,0,0,0,12,12,3270,5384
compact51_marcy__current_roles,2019-11-14 15:00:00,15.669304208,73.5349090182,0,0,0,11,11,1704,5034
compact51_marcy__current_roles,2019-11-14 16:00:00,14.0638424323,68.3101289425,0,0,0,11,10,770,4464
compact51_marcy__current_roles,2019-11-14 17:00:00,15.1237277694,68.8145209792,0,0,0,12,12,1332,4527
compact51_marcy__current_roles,2019-11-14 18:00:00,17.9571163055,100.754949237,0,0,0,12,12,3454,6231
compact51_marcy__current_roles,2019-11-14 19:00:00,17.6401281335,96.0380516632,0,0,0,12,12,3184,6088
compact51_marcy__current_roles,2019-11-14 20:00:00,16.5680278097,91.4306168165,0,0,0,12,12,2371,5922
compact51_marcy__current_roles,2019-11-14 21:00:00,17.8078917189,142.002074634,0,0,0,12,12,3320,6986
compact51_marcy__current_roles,2019-11-14 22:00:00,17.8143187905,122.270340239,0,0,0,12,12,3325,6692
compact51_marcy__current_roles,2019-11-14 23:00:00,19.5185189987,112.41946196,0,0,0,12,12,4663,6498
compact51_marcy__current_roles,2019-11-15 00:00:00,20.3931079042,63.0823522821,0,0,0,12,12,5246,3516
compact51_marcy__current_roles,2019-11-15 01:00:00,16.4892740741,51.6686970739,0,0,0,12,12,2309,1024
compact51_marcy__current_roles,2019-11-15 02:00:00,16.4909992407,51.5240073516,0,0,0,12,12,2311,992
compact51_marcy__current_roles,2019-11-15 03:00:00,17.4575141791,65.7503093313,0,0,0,12,12,3043,4069
compact51_marcy__current_roles,2019-11-15 04:00:00,17.9807161113,60.7554781857,0,0,0,12,12,3473,2986
compact51_marcy__current_roles,2019-11-15 05:00:00,22.1655017416,94.673028138,0,0,0,12,12,6201,6041
compact51_marcy__current_roles,2019-11-15 06:00:00,21.9847465644,301.843153039,0,0,0,12,12,6124,7938
compact51_marcy__current_roles,2019-11-15 07:00:00,22.6522637926,932.66519577,0,0,0,12,12,6430,8477
compact51_marcy__current_roles,2019-11-15 08:00:00,20.3273727014,2141.30480119,0,0,0,12,12,5201,8631
compact51_marcy__current_roles,2019-11-15 09:00:00,19.2329707002,361.180456156,0,0,0,12,12,4453,8090
compact51_marcy__current_roles,2019-11-15 10:00:00,17.332551607,896.950930951,1,0,0,13,12,2953,8468
compact51_marcy__current_roles,2019-11-15 11:00:00,17.3915338278,156.829433026,1,0,0,12,12,2993,7163
compact51_marcy__current_roles,2019-11-15 12:00:00,19.1033935147,193.629835167,1,0,0,12,12,4366,7453
compact51_marcy__current_roles,2019-11-15 13:00:00,18.5512478332,194.952334911,1,0,0,12,12,3909,7461
compact51_marcy__current_roles,2019-11-15 14:00:00,16.7879835043,319.918792038,1,0,0,12,12,2523,7989
compact51_marcy__current_roles,2019-11-15 15:00:00,17.0130525236,486.641029246,1,0,0,12,12,2688,8232
compact51_marcy__current_roles,2019-11-15 16:00:00,17.5485067703,6621.46357779,0,0,0,12,12,3116,8725
compact51_marcy__current_roles,2019-11-15 17:00:00,21.852652635,1028.93542553,0,0,0,12,12,6061,8502
compact51_marcy__current_roles,2019-11-15 18:00:00,22.844455752,329.998378968,1,0,0,12,12,6519,8007
compact51_marcy__current_roles,2019-11-15 19:00:00,20.6481428457,386.061178316,1,0,0,12,12,5392,8118
compact51_marcy__current_roles,2019-11-15 20:00:00,21.9028119172,245.553800843,1,0,0,12,12,6091,7746
compact51_marcy__current_roles,2019-11-15 21:00:00,21.4136941648,173.773270332,1,0,0,12,12,5841,7315
compact51_marcy__current_roles,2019-11-15 22:00:00,20.1522204625,2048.4681751,1,0,0,12,12,5085,8620
compact51_marcy__current_roles,2019-11-15 23:00:00,27.7389410653,661.55446299,0,0,0,12,12,7948,8373
compact51_marcy__current_roles,2019-11-16 00:00:00,26.0612788935,241.65404118,1,0,0,12,12,7588,7728
compact51_marcy__current_roles,2019-11-16 01:00:00,23.7053002023,1545.75590637,1,0,0,12,12,6915,8578
compact51_marcy__current_roles,2019-11-16 02:00:00,23.6539054477,4171.75851622,0,0,0,12,12,6889,8697
compact51_marcy__current_roles,2019-11-16 03:00:00,24.4300766696,692.454643197,0,0,0,12,12,7151,8393
compact51_marcy__current_roles,2019-11-16 04:00:00,25.5454788669,532.915388685,1,0,0,12,12,7456,8284
compact51_marcy__current_roles,2019-11-16 05:00:00,23.2622626022,761.673020043,0,0,0,12,12,6709,8425
compact51_marcy__current_roles,2019-11-16 06:00:00,22.6619108274,193.961903151,0,0,0,12,12,6433,7455
compact51_marcy__current_roles,2019-11-16 07:00:00,20.6813016028,222.523014367,0,0,0,12,12,5418,7626
compact51_marcy__current_roles,2019-11-16 08:00:00,20.935990834,102.694352755,1,0,0,12,12,5576,6291
compact51_marcy__current_roles,2019-11-16 09:00:00,20.306465595,204.635948257,0,0,0,12,12,5180,7533
compact51_marcy__current_roles,2019-11-16 10:00:00,26.2420371582,1106.85107427,0,0,0,13,12,7630,8517
compact51_marcy__current_roles,2019-11-16 11:00:00,23.0328234946,974.491080854,0,0,0,12,12,6603,8488
compact51_marcy__current_roles,2019-11-16 12:00:00,22.2721089832,252.921751874,1,0,0,12,12,6249,7781
compact51_marcy__current_roles,2019-11-16 13:00:00,19.5206893752,248.524778365,1,0,0,12,12,4666,7768
compact51_marcy__current_roles,2019-11-16 14:00:00,18.7426450536,2305.67259928,1,0,0,12,12,4055,8642
compact51_marcy__current_roles,2019-11-16 15:00:00,19.3756018464,112.752156395,1,0,0,12,12,4541,6508
compact51_marcy__current_roles,2019-11-16 16:00:00,18.2913284881,70.0817048862,0,0,0,12,12,3721,4693
compact51_marcy__current_roles,2019-11-16 17:00:00,21.101865545,71.5342396995,0,0,0,12,12,5675,4845
compact51_marcy__current_roles,2019-11-16 18:00:00,20.1093872267,68.9910653953,0,0,0,12,12,5054,4556
compact51_marcy__current_roles,2019-11-16 19:00:00,19.996448769,66.5817513038,0,0,0,12,12,4973,4207
compact51_marcy__current_roles,2019-11-16 20:00:00,21.23825276,70.1099664095,0,0,0,12,12,5738,4699
compact51_marcy__current_roles,2019-11-16 21:00:00,20.2802189934,80.3932079319,0,0,0,12,12,5166,5512
compact51_marcy__current_roles,2019-11-16 22:00:00,20.9317740786,110.299935579,0,0,0,12,12,5573,6452
compact51_marcy__current_roles,2019-11-16 23:00:00,22.1396836232,82.9266089415,0,0,0,12,12,6191,5634
compact51_marcy__current_roles,2019-11-17 00:00:00,22.9484945043,68.7101326183,0,0,0,12,12,6568,4515
compact51_marcy__current_roles,2019-11-17 01:00:00,19.1966908986,84.4683486816,0,0,0,12,12,4428,5699
compact51_marcy__current_roles,2019-11-17 02:00:00,19.6603190227,126.700251362,0,0,0,12,12,4756,6783
compact51_marcy__current_roles,2019-11-17 03:00:00,19.4830385261,122.798872864,0,0,0,12,12,4627,6704
compact51_marcy__current_roles,2019-11-17 04:00:00,20.0745855274,125.195663833,0,0,0,12,12,5035,6751
compact51_marcy__current_roles,2019-11-17 05:00:00,18.4686474003,49.8905504627,0,0,0,12,12,3858,719
compact51_marcy__current_roles,2019-11-17 06:00:00,15.5310388576,48.0319230469,0,0,0,12,12,1629,488
compact51_marcy__current_roles,2019-11-17 07:00:00,16.705637419,54.6089409443,0,0,0,12,12,2463,1580
compact51_marcy__current_roles,2019-11-17 08:00:00,16.8748790659,60.6855962683,0,0,0,12,12,2582,2969
compact51_marcy__current_roles,2019-11-17 09:00:00,18.6861189285,69.31549398,0,0,0,12,12,4025,4591
compact51_marcy__current_roles,2019-11-17 10:00:00,19.9538262593,134.195068561,0,0,0,12,12,4938,6891
compact51_marcy__current_roles,2019-11-17 11:00:00,17.8588974644,120.6304772,0,0,0,12,12,3365,6657
compact51_marcy__current_roles,2019-11-17 12:00:00,16.8996362359,112.790401245,0,0,0,12,12,2603,6511
compact51_marcy__current_roles,2019-11-17 13:00:00,16.1380855824,85.3874199619,0,0,0,12,12,2043,5738
compact51_marcy__current_roles,2019-11-17 14:00:00,17.5712261637,74.1059617164,0,0,0,12,12,3132,5098
compact51_marcy__current_roles,2019-11-17 15:00:00,15.9710289587,64.6422399007,0,0,0,12,12,1924,3846
compact51_marcy__current_roles,2019-11-17 16:00:00,15.686345844,64.7700776796,0,0,0,12,12,1721,3868
compact51_marcy__current_roles,2019-11-17 17:00:00,21.0216849359,74.2090469853,0,0,0,12,12,5627,5107
compact51_marcy__current_roles,2019-11-17 18:00:00,19.2042071901,64.130226549,0,0,0,12,12,4436,3732
compact51_marcy__current_roles,2019-11-17 19:00:00,20.2506922347,66.6465333849,0,0,0,12,12,5149,4222
compact51_marcy__current_roles,2019-11-17 20:00:00,20.4239371594,116.325865503,0,0,0,12,12,5262,6570
compact51_marcy__current_roles,2019-11-17 21:00:00,20.5548358208,176.899694802,0,0,0,12,12,5342,7342
compact51_marcy__current_roles,2019-11-17 22:00:00,16.6710382426,126.887652638,0,0,0,12,12,2438,6791
compact51_marcy__current_roles,2019-11-17 23:00:00,17.1442251709,63.3588590704,0,0,0,12,12,2790,3577
compact51_marcy__current_roles,2019-11-18 00:00:00,23.6533718634,154.963173121,0,0,0,12,12,6888,7146
compact51_marcy__current_roles,2019-11-18 01:00:00,21.6388020725,126.810285719,0,0,0,12,12,5957,6788
compact51_marcy__current_roles,2019-11-18 02:00:00,17.5351519717,54.0664099287,0,0,0,12,12,3102,1469
compact51_marcy__current_roles,2019-11-18 03:00:00,15.8943463262,67.6126324984,0,0,0,12,12,1861,4373
compact51_marcy__current_roles,2019-11-18 04:00:00,15.8678769251,54.5117498557,0,0,0,12,12,1833,1557
compact51_marcy__current_roles,2019-11-18 05:00:00,22.3505919009,208.614518795,0,0,0,12,12,6271,7555
compact51_marcy__current_roles,2019-11-18 06:00:00,22.9405774515,612.700351748,1,0,0,12,12,6559,8342
compact51_marcy__current_roles,2019-11-18 07:00:00,22.990581449,66.7675018566,0,0,0,12,12,6583,4246
compact51_marcy__current_roles,2019-11-18 08:00:00,23.9166674698,97.940139516,0,0,0,13,13,6977,6134
compact51_marcy__current_roles,2019-11-18 09:00:00,21.2153911226,78.4564289469,0,0,0,12,12,5724,5426
compact51_marcy__current_roles,2019-11-18 10:00:00,20.7629597969,79.1393838324,0,0,0,12,12,5473,5459
compact51_marcy__current_roles,2019-11-18 11:00:00,16.8501582636,408.572449643,1,0,0,12,12,2569,8145
compact51_marcy__current_roles,2019-11-18 12:00:00,17.4670933721,124.11116927,0,0,0,12,12,3049,6738
compact51_marcy__current_roles,2019-11-18 13:00:00,19.8522913358,150.954186539,0,0,0,12,12,4876,7097
compact51_marcy__current_roles,2019-11-18 14:00:00,19.0199619145,132.511598752,0,0,0,12,12,4295,6874
compact51_marcy__current_roles,2019-11-18 15:00:00,16.362423372,67.9801346471,0,0,0,12,12,2212,4418
compact51_marcy__current_roles,2019-11-18 16:00:00,19.4167626964,90.7606423506,0,0,0,12,12,4571,5901
compact51_marcy__current_roles,2019-11-18 17:00:00,30.9445892481,81.0588681528,0,0,0,12,12,8378,5555
compact51_marcy__current_roles,2019-11-18 18:00:00,35.0110134079,120.530369922,1,0,0,12,12,8596,6652
compact51_marcy__current_roles,2019-11-18 19:00:00,39.5910480851,162.788673782,1,0,0,12,12,8705,7218
compact51_marcy__current_roles,2019-11-18 20:00:00,30.4656862859,326.365834622,1,0,0,12,12,8319,8001
compact51_marcy__current_roles,2019-11-18 21:00:00,23.3251927038,66.6184641482,0,0,0,12,12,6741,4216
compact51_marcy__current_roles,2019-11-18 22:00:00,23.065999805,296.271404966,1,0,0,12,12,6616,7925
compact51_marcy__current_roles,2019-11-18 23:00:00,23.5044980093,268.444114888,0,0,0,12,12,6820,7836
compact51_marcy__current_roles,2019-11-19 00:00:00,22.797362028,2819.08546056,1,0,0,12,12,6497,8658
compact51_marcy__current_roles,2019-11-19 01:00:00,21.7891219033,276.801651694,0,0,0,12,12,6024,7861
compact51_marcy__current_roles,2019-11-19 02:00:00,20.3458984384,7455.2428079,0,0,0,12,12,5209,8731
compact51_marcy__current_roles,2019-11-19 03:00:00,19.9291620049,17406.1856158,0,0,0,12,12,4924,8743
compact51_marcy__current_roles,2019-11-19 04:00:00,16.9560802612,228.359988717,0,0,0,12,12,2648,7661
compact51_marcy__current_roles,2019-11-19 05:00:00,20.1806716835,52.5000311709,0,0,0,12,12,5097,1163
compact51_marcy__current_roles,2019-11-19 06:00:00,20.5158247572,55.2613097857,0,0,0,12,12,5320,1704
compact51_marcy__current_roles,2019-11-19 07:00:00,26.9445045559,234.027905221,1,0,0,12,12,7791,7685
compact51_marcy__current_roles,2019-11-19 08:00:00,23.3545234721,238.995948421,1,0,0,12,12,6753,7719
compact51_marcy__current_roles,2019-11-19 09:00:00,26.2818587938,216.856418739,1,0,0,12,12,7637,7598
compact51_marcy__current_roles,2019-11-19 10:00:00,28.8453732319,201.975911035,1,0,0,12,12,8103,7517
compact51_marcy__current_roles,2019-11-19 11:00:00,29.9833144215,236.329112623,1,0,0,12,12,8267,7707
compact51_marcy__current_roles,2019-11-19 12:00:00,28.9958945942,201.163630762,1,0,0,12,12,8128,7508
compact51_marcy__current_roles,2019-11-19 13:00:00,26.9154033429,177.726003616,1,0,0,12,12,7784,7345
compact51_marcy__current_roles,2019-11-19 14:00:00,26.6342068624,139.912531369,1,0,0,12,12,7721,6962
compact51_marcy__current_roles,2019-11-19 15:00:00,26.3281330619,118.650503624,1,0,0,12,12,7648,6615
compact51_marcy__current_roles,2019-11-19 16:00:00,21.3968462225,75.5796482353,0,0,0,12,12,5832,5230
compact51_marcy__current_roles,2019-11-19 17:00:00,26.7137424904,126.221169195,0,0,0,12,12,7737,6774
compact51_marcy__current_roles,2019-11-19 18:00:00,29.9751208828,198.455579035,1,0,0,12,12,8264,7489
compact51_marcy__current_roles,2019-11-19 19:00:00,27.2995070288,153.149249439,1,0,0,12,12,7865,7122
compact51_marcy__current_roles,2019-11-19 20:00:00,26.8673889442,187.373545889,1,0,0,12,12,7770,7406
compact51_marcy__current_roles,2019-11-19 21:00:00,25.2325125593,165.018669986,1,0,0,12,12,7369,7238
compact51_marcy__current_roles,2019-11-19 22:00:00,25.0382935383,220.644531745,1,0,0,12,12,7331,7619
compact51_marcy__current_roles,2019-11-19 23:00:00,25.255569491,215.471459691,0,0,0,12,12,7381,7587
compact51_marcy__current_roles,2019-11-20 00:00:00,20.719326586,109.220547809,0,0,0,12,12,5444,6433
compact51_marcy__current_roles,2019-11-20 01:00:00,24.2663635495,320.573189215,0,0,0,12,12,7094,7991
compact51_marcy__current_roles,2019-11-20 02:00:00,21.7612535212,117.575471919,0,0,0,12,12,6011,6594
compact51_marcy__current_roles,2019-11-20 03:00:00,28.4706835032,267.474352279,1,0,0,12,12,8039,7832
compact51_marcy__current_roles,2019-11-20 04:00:00,33.1758864431,337.184183161,1,0,0,12,12,8518,8025
compact51_marcy__current_roles,2019-11-20 05:00:00,27.4533457776,123.224371751,1,0,0,12,12,7901,6716
compact51_marcy__current_roles,2019-11-20 06:00:00,26.2949020452,175.916433676,0,0,0,12,12,7639,7333
compact51_marcy__current_roles,2019-11-20 07:00:00,37.8615371322,248.128739959,1,0,0,12,12,8678,7764
compact51_marcy__current_roles,2019-11-20 08:00:00,20.5530417251,2110.78728183,1,0,0,12,12,5340,8625
compact51_marcy__current_roles,2019-11-20 09:00:00,16.2231911327,698.033829111,0,0,0,12,12,2101,8398
compact51_marcy__current_roles,2019-11-20 10:00:00,15.2766808032,65.1455667274,0,0,0,12,12,1446,3957
compact51_marcy__current_roles,2019-11-20 11:00:00,18.3551687282,248.30435619,1,0,0,12,12,3773,7766
compact51_marcy__current_roles,2019-11-20 12:00:00,20.3618205069,161.301784761,1,0,0,12,12,5221,7204
compact51_marcy__current_roles,2019-11-20 13:00:00,18.0132585008,180.81257386,1,0,0,12,12,3497,7365
compact51_marcy__current_roles,2019-11-20 14:00:00,17.4177270034,315.341241592,0,0,0,11,11,3012,7976
compact51_marcy__current_roles,2019-11-20 15:00:00,18.3416864525,166.992951705,0,0,0,12,12,3762,7256
compact51_marcy__current_roles,2019-11-20 16:00:00,14.8213278083,62.8471945895,0,0,0,12,12,1144,3464
compact51_marcy__current_roles,2019-11-20 17:00:00,15.8471652074,63.9114913008,0,0,0,12,12,1819,3689
compact51_marcy__current_roles,2019-11-20 18:00:00,16.5848856205,64.2797236168,0,0,0,12,12,2381,3767
compact51_marcy__current_roles,2019-11-20 19:00:00,18.4437643056,63.1765238146,0,0,0,12,12,3833,3534
compact51_marcy__current_roles,2019-11-20 20:00:00,13.7245186144,61.5292929358,0,0,0,12,12,629,3175
compact51_marcy__current_roles,2019-11-20 21:00:00,14.4442124966,60.8663526095,0,0,0,12,12,945,3016
compact51_marcy__current_roles,2019-11-20 22:00:00,16.7496604875,63.3819423116,0,0,0,12,12,2492,3583
compact51_marcy__current_roles,2019-11-20 23:00:00,16.2300536988,63.6091135154,0,0,0,12,12,2105,3627
compact51_marcy__current_roles,2019-11-21 00:00:00,20.1133594007,218.298857036,1,0,0,12,12,5059,7607
compact51_marcy__current_roles,2019-11-21 01:00:00,18.9908429979,287.907873254,1,0,0,12,12,4272,7907
compact51_marcy__current_roles,2019-11-21 02:00:00,18.3655821282,2916.03208106,1,0,0,12,12,3782,8664
compact51_marcy__current_roles,2019-11-21 03:00:00,18.343103603,1759.83769844,0,0,0,12,12,3765,8596
compact51_marcy__current_roles,2019-11-21 04:00:00,16.064681289,50.3740344562,0,0,0,12,12,1988,800
compact51_marcy__current_roles,2019-11-21 05:00:00,19.6451770041,171.327435834,1,0,0,12,12,4746,7293
compact51_marcy__current_roles,2019-11-21 06:00:00,24.3429503828,49.0028321357,0,0,0,12,12,7123,611
compact51_marcy__current_roles,2019-11-21 07:00:00,22.1133979489,59.3048395853,0,0,0,12,12,6176,2662
compact51_marcy__current_roles,2019-11-21 08:00:00,17.636493778,124.401347274,1,0,0,12,12,3180,6741
compact51_marcy__current_roles,2019-11-21 09:00:00,21.6323109177,143.769356954,1,0,0,12,12,5952,7011
compact51_marcy__current_roles,2019-11-21 10:00:00,21.1733010804,288.289739192,1,0,0,13,12,5701,7908
compact51_marcy__current_roles,2019-11-21 11:00:00,22.1682891615,160.409491477,1,0,0,9,9,6202,7193
compact51_marcy__current_roles,2019-11-21 12:00:00,18.6722584946,192.783908369,1,0,0,12,12,4012,7449
compact51_marcy__current_roles,2019-11-21 13:00:00,16.7050568233,154.424853852,1,0,0,12,12,2461,7142
compact51_marcy__current_roles,2019-11-21 14:00:00,19.4553605401,153.378414259,1,0,0,12,12,4605,7126
compact51_marcy__current_roles,2019-11-21 15:00:00,16.8427922682,169.304886856,0,0,0,12,12,2565,7274
compact51_marcy__current_roles,2019-11-21 16:00:00,15.2128065645,62.4193146695,0,0,0,12,12,1399,3377
compact51_marcy__current_roles,2019-11-21 17:00:00,16.6657147808,57.8851820206,0,0,0,12,12,2431,2317
compact51_marcy__current_roles,2019-11-21 18:00:00,17.5126105697,278.700829803,0,0,0,12,12,3084,7867
compact51_marcy__current_roles,2019-11-21 19:00:00,18.8256287751,491.90214416,0,0,0,12,12,4121,8240
compact51_marcy__current_roles,2019-11-21 20:00:00,16.3075573407,245.682987379,0,0,0,12,12,2170,7749
compact51_marcy__current_roles,2019-11-21 21:00:00,16.4982632819,71.3646013573,0,0,0,12,12,2319,4829
compact51_marcy__current_roles,2019-11-21 22:00:00,16.653796022,113.46235236,0,0,0,13,12,2422,6524
compact51_marcy__current_roles,2019-11-21 23:00:00,17.3503748565,238.794133684,0,0,0,12,12,2961,7718
compact51_marcy__current_roles,2019-11-22 00:00:00,19.8064299972,114.207104351,1,0,0,12,12,4850,6534
compact51_marcy__current_roles,2019-11-22 01:00:00,20.0423178274,523.539611746,1,0,0,12,12,5015,8276
compact51_marcy__current_roles,2019-11-22 02:00:00,18.7609639181,1324.92907751,1,0,0,12,12,4070,8549
compact51_marcy__current_roles,2019-11-22 03:00:00,20.2680250839,1813.03591155,0,0,0,12,12,5158,8600
compact51_marcy__current_roles,2019-11-22 04:00:00,19.9827230111,207.748872238,1,0,0,12,12,4963,7549
compact51_marcy__current_roles,2019-11-22 05:00:00,23.1786760782,1123.77087703,0,0,0,12,12,6671,8522
compact51_marcy__current_roles,2019-11-22 06:00:00,23.0286121115,25843.9949717,0,0,0,12,12,6601,8747
compact51_marcy__current_roles,2019-11-22 07:00:00,22.3055006726,231.555156735,1,0,0,12,12,6258,7674
compact51_marcy__current_roles,2019-11-22 08:00:00,21.288459164,163.371139012,1,0,0,13,13,5767,7223
compact51_marcy__current_roles,2019-11-22 09:00:00,22.4653565647,243.301476849,1,0,0,12,12,6327,7737
compact51_marcy__current_roles,2019-11-22 10:00:00,23.7378589811,154.224095334,1,0,0,12,12,6926,7137
compact51_marcy__current_roles,2019-11-22 11:00:00,22.2492573506,488.861300072,1,0,0,14,13,6236,8235
compact51_marcy__current_roles,2019-11-22 12:00:00,21.9641098151,696.382677442,1,0,0,13,12,6115,8395
compact51_marcy__current_roles,2019-11-22 13:00:00,22.1690693444,1255.80771819,1,0,0,12,12,6203,8542
compact51_marcy__current_roles,2019-11-22 14:00:00,20.8818277864,2118.51559845,0,0,0,12,12,5550,8627
compact51_marcy__current_roles,2019-11-22 15:00:00,21.720331099,9527.3860043,1,0,0,12,12,5983,8735
compact51_marcy__current_roles,2019-11-22 16:00:00,21.6079063966,709.73502429,1,0,0,12,12,5939,8402
compact51_marcy__current_roles,2019-11-22 17:00:00,21.7765448446,123.000256676,1,0,0,14,14,6021,6708
compact51_marcy__current_roles,2019-11-22 18:00:00,23.4390798537,127.032095959,1,0,0,11,11,6787,6794
compact51_marcy__current_roles,2019-11-22 19:00:00,23.3470722105,133.915124468,1,0,0,12,12,6750,6890
compact51_marcy__current_roles,2019-11-22 20:00:00,25.4863343764,194.758750601,1,0,0,12,12,7443,7460
compact51_marcy__current_roles,2019-11-22 21:00:00,23.6985296882,209.168692045,1,0,0,12,12,6912,7559
compact51_marcy__current_roles,2019-11-22 22:00:00,27.3415727987,769.933727735,1,0,0,12,12,7873,8430
compact51_marcy__current_roles,2019-11-22 23:00:00,24.1040995667,148.152773918,0,0,0,13,12,7034,7062
compact51_marcy__current_roles,2019-11-23 00:00:00,18.0049822727,56.621479571,0,0,0,13,13,3494,2008
compact51_marcy__current_roles,2019-11-23 01:00:00,16.5732345106,55.663496183,0,0,0,12,12,2375,1801
compact51_marcy__current_roles,2019-11-23 02:00:00,15.058649305,63.2626517135,0,0,0,12,12,1300,3558
compact51_marcy__current_roles,2019-11-23 03:00:00,15.1969672674,63.2265268449,0,0,0,12,12,1388,3548
compact51_marcy__current_roles,2019-11-23 04:00:00,15.2214194126,60.5463348661,0,0,0,12,12,1405,2931
compact51_marcy__current_roles,2019-11-23 05:00:00,17.2773876732,61.6524991597,0,0,0,12,12,2915,3205
compact51_marcy__current_roles,2019-11-23 06:00:00,16.5430864157,60.8483901771,0,0,0,12,12,2344,3008
compact51_marcy__current_roles,2019-11-23 07:00:00,17.186725744,61.0270629977,0,0,0,12,12,2830,3056
compact51_marcy__current_roles,2019-11-23 08:00:00,19.5659262486,64.9358539182,0,0,0,12,12,4695,3916
compact51_marcy__current_roles,2019-11-23 09:00:00,21.1013982674,66.7609084275,0,0,0,12,12,5674,4241
compact51_marcy__current_roles,2019-11-23 10:00:00,23.1529162028,80.5352047488,0,0,0,12,12,6662,5520
compact51_marcy__current_roles,2019-11-23 11:00:00,23.8283113728,122.802746055,0,0,0,14,13,6951,6705
compact51_marcy__current_roles,2019-11-23 12:00:00,20.1805445765,67.1928571756,0,0,0,14,14,5096,4318
compact51_marcy__current_roles,2019-11-23 13:00:00,18.9689574631,69.619537475,0,0,0,12,12,4249,4627
compact51_marcy__current_roles,2019-11-23 14:00:00,18.712424999,66.6001289202,0,0,0,12,12,4040,4211
compact51_marcy__current_roles,2019-11-23 15:00:00,19.0249176781,56.2541494919,0,0,0,12,12,4301,1931
compact51_marcy__current_roles,2019-11-23 16:00:00,21.4325792161,61.8173009856,0,0,0,13,12,5854,3239
compact51_marcy__current_roles,2019-11-23 17:00:00,21.1286387265,58.9791233251,0,0,0,12,12,5691,2589
compact51_marcy__current_roles,2019-11-23 18:00:00,18.2814494072,58.0012717378,0,0,0,12,12,3715,2345
compact51_marcy__current_roles,2019-11-23 19:00:00,16.3008124277,57.7648920449,0,0,0,12,12,2161,2278
compact51_marcy__current_roles,2019-11-23 20:00:00,15.5647467623,57.8692014079,0,0,0,12,12,1649,2312
compact51_marcy__current_roles,2019-11-23 21:00:00,18.5730621849,92.438435364,0,0,0,12,12,3938,5962
compact51_marcy__current_roles,2019-11-23 22:00:00,19.8077967514,92.1969001668,0,0,0,12,12,4851,5954
compact51_marcy__current_roles,2019-11-23 23:00:00,26.7399729619,89.3589022074,0,0,0,12,12,7742,5864
compact51_marcy__current_roles,2019-11-24 00:00:00,24.362832298,68.3814358068,0,0,0,12,12,7132,4474
compact51_marcy__current_roles,2019-11-24 01:00:00,19.1552243965,66.6953690639,0,0,0,12,12,4400,4235
compact51_marcy__current_roles,2019-11-24 02:00:00,15.4087979115,61.9798328503,0,0,0,12,12,1544,3275
compact51_marcy__current_roles,2019-11-24 03:00:00,14.3228084984,62.4287508,0,0,0,12,12,893,3380
compact51_marcy__current_roles,2019-11-24 04:00:00,18.6478887483,68.097384102,0,0,0,12,12,3995,4436
compact51_marcy__current_roles,2019-11-24 05:00:00,16.1384950295,60.1367691568,0,0,0,12,12,2045,2857
compact51_marcy__current_roles,2019-11-24 06:00:00,17.4804261996,58.8939662425,0,0,0,12,12,3060,2564
compact51_marcy__current_roles,2019-11-24 07:00:00,18.8993236051,62.2418439405,0,0,0,12,12,4197,3330
compact51_marcy__current_roles,2019-11-24 08:00:00,18.5654703955,70.3342406116,0,0,0,12,12,3926,4722
compact51_marcy__current_roles,2019-11-24 09:00:00,19.8995617334,77.4148544232,0,0,0,14,13,4907,5363
compact51_marcy__current_roles,2019-11-24 10:00:00,19.0130042383,69.7489219129,0,0,0,11,11,4289,4643
compact51_marcy__current_roles,2019-11-24 11:00:00,18.2003077326,66.7906813872,0,0,0,12,12,3650,4250
compact51_marcy__current_roles,2019-11-24 12:00:00,17.3079131704,65.2929792702,0,0,0,12,12,2935,3996
compact51_marcy__current_roles,2019-11-24 13:00:00,18.3031283842,66.4140545056,0,0,0,12,12,3730,4182
compact51_marcy__current_roles,2019-11-24 14:00:00,16.3427264432,62.0888813925,0,0,0,12,12,2197,3298
compact51_marcy__current_roles,2019-11-24 15:00:00,16.4943668869,59.8202029902,0,0,0,12,12,2314,2775
compact51_marcy__current_roles,2019-11-24 16:00:00,16.7390437596,61.5165061034,0,0,0,12,12,2485,3172
compact51_marcy__current_roles,2019-11-24 17:00:00,16.534818271,61.8900985545,0,0,0,12,12,2338,3256
compact51_marcy__current_roles,2019-11-24 18:00:00,18.2530474463,62.7579144819,0,0,0,12,12,3688,3439
compact51_marcy__current_roles,2019-11-24 19:00:00,18.3288684973,62.8790573001,0,0,0,12,12,3753,3474
compact51_marcy__current_roles,2019-11-24 20:00:00,18.0493703207,60.8635996594,0,0,0,12,12,3532,3015
compact51_marcy__current_roles,2019-11-24 21:00:00,16.5507127249,65.7863663038,0,0,0,14,14,2352,4077
compact51_marcy__current_roles,2019-11-24 22:00:00,19.4838495947,75.3037213104,0,0,0,12,12,4629,5207
compact51_marcy__current_roles,2019-11-24 23:00:00,17.2641684155,68.0342648586,0,0,0,14,13,2899,4429
compact51_marcy__current_roles,2019-11-25 00:00:00,21.5034786564,923.607836028,0,0,0,12,12,5893,8475
compact51_marcy__current_roles,2019-11-25 01:00:00,17.2208330671,45.3907034171,0,0,0,12,12,2863,255
compact51_marcy__current_roles,2019-11-25 02:00:00,17.7212330222,45.5992244166,0,0,0,12,12,3237,271
compact51_marcy__current_roles,2019-11-25 03:00:00,18.9314686287,49.3661925099,0,0,0,12,12,4221,655
compact51_marcy__current_roles,2019-11-25 04:00:00,20.6837624135,160.761026464,0,0,0,12,12,5420,7198
compact51_marcy__current_roles,2019-11-25 05:00:00,21.2130142377,173.883314551,0,0,0,12,12,5722,7316
compact51_marcy__current_roles,2019-11-25 06:00:00,23.6383958103,238.335576988,0,0,0,12,12,6881,7715
compact51_marcy__current_roles,2019-11-25 07:00:00,21.0030992695,167.922914137,0,0,0,12,12,5614,7263
compact51_marcy__current_roles,2019-11-25 08:00:00,23.6006577648,285.052992721,1,0,0,12,12,6865,7897
compact51_marcy__current_roles,2019-11-25 09:00:00,24.9111377285,269.002924344,1,0,0,12,12,7285,7840
compact51_marcy__current_roles,2019-11-25 10:00:00,25.4524294779,204.670899,1,0,0,12,12,7433,7534
compact51_marcy__current_roles,2019-11-25 11:00:00,20.3750992744,647.081212914,1,0,0,13,12,5234,8360
compact51_marcy__current_roles,2019-11-25 12:00:00,22.3722841338,1147.56475413,1,0,0,12,12,6278,8526
compact51_marcy__current_roles,2019-11-25 13:00:00,22.7499884067,1998.36018647,1,0,0,12,12,6470,8617
compact51_marcy__current_roles,2019-11-25 14:00:00,19.7501752671,144.940780011,1,0,0,12,12,4816,7019
compact51_marcy__current_roles,2019-11-25 15:00:00,16.5564947636,138.576682914,1,0,0,12,12,2360,6943
compact51_marcy__current_roles,2019-11-25 16:00:00,20.3679808968,79.4375304847,0,0,0,12,12,5228,5470
compact51_marcy__current_roles,2019-11-25 17:00:00,19.6675644582,177.208986574,1,0,0,12,12,4765,7343
compact51_marcy__current_roles,2019-11-25 18:00:00,19.7414474596,156.367034745,1,0,0,12,12,4809,7157
compact51_marcy__current_roles,2019-11-25 19:00:00,21.8759207431,173.486275492,1,0,0,12,12,6076,7312
compact51_marcy__current_roles,2019-11-25 20:00:00,20.5154518277,344.874024875,1,0,0,12,12,5319,8052
compact51_marcy__current_roles,2019-11-25 21:00:00,20.3557235788,749.860305851,1,0,0,12,12,5214,8419
compact51_marcy__current_roles,2019-11-25 22:00:00,23.7316073892,204.015291544,0,0,0,14,13,6924,7526
compact51_marcy__current_roles,2019-11-25 23:00:00,18.9697848477,69.0212386478,0,0,0,12,12,4250,4563
compact51_marcy__current_roles,2019-11-26 00:00:00,21.5958762717,68.2922375869,0,0,0,12,12,5934,4462
compact51_marcy__current_roles,2019-11-26 01:00:00,21.9079604198,64.1113917952,0,0,0,12,12,6094,3729
compact51_marcy__current_roles,2019-11-26 02:00:00,25.0010414642,77.1707105305,0,0,0,12,12,7321,5343
compact51_marcy__current_roles,2019-11-26 03:00:00,24.6296141122,74.8205647605,0,0,0,12,12,7199,5158
compact51_marcy__current_roles,2019-11-26 04:00:00,28.7871347728,117.515268153,0,0,0,12,12,8093,6592
compact51_marcy__current_roles,2019-11-26 05:00:00,23.8151136896,273.05937452,0,0,0,12,12,6946,7848
compact51_marcy__current_roles,2019-11-26 06:00:00,17.2575459526,55.5039690273,0,0,0,12,12,2893,1768
compact51_marcy__current_roles,2019-11-26 07:00:00,18.63296729,85.7674975657,0,0,0,12,12,3986,5751
compact51_marcy__current_roles,2019-11-26 08:00:00,17.3807144518,57.3624249643,0,0,0,12,12,2980,2181
compact51_marcy__current_roles,2019-11-26 09:00:00,19.0859829076,157.83001502,0,0,0,12,12,4351,7175
compact51_marcy__current_roles,2019-11-26 10:00:00,22.7856202118,41172.370195,0,0,0,13,13,6490,8753
compact51_marcy__current_roles,2019-11-26 11:00:00,20.3588840166,506.608211077,1,0,0,12,12,5217,8256
compact51_marcy__current_roles,2019-11-26 12:00:00,24.310416257,139.311515941,1,0,0,12,12,7109,6952
compact51_marcy__current_roles,2019-11-26 13:00:00,23.1259702123,442.908936692,1,0,0,12,12,6648,8183
compact51_marcy__current_roles,2019-11-26 14:00:00,21.379164978,680.111172037,1,0,0,12,12,5821,8384
compact51_marcy__current_roles,2019-11-26 15:00:00,18.6106138933,133.424959675,0,0,0,12,12,3973,6885
compact51_marcy__current_roles,2019-11-26 16:00:00,22.5695703831,344.064330999,0,0,0,12,12,6384,8050
compact51_marcy__current_roles,2019-11-26 17:00:00,25.8915992765,524.095979971,1,0,0,12,12,7541,8277
compact51_marcy__current_roles,2019-11-26 18:00:00,22.7363547307,152463.109117,0,0,0,12,12,6466,8760
compact51_marcy__current_roles,2019-11-26 19:00:00,23.858635176,2865.47488735,1,0,0,12,12,6960,8661
compact51_marcy__current_roles,2019-11-26 20:00:00,22.3642556469,499.238383146,1,0,0,12,12,6276,8249
compact51_marcy__current_roles,2019-11-26 21:00:00,22.6371888045,147.779646882,0,0,0,12,12,6421,7059
compact51_marcy__current_roles,2019-11-26 22:00:00,22.4884659698,70.9856362828,0,0,0,12,12,6345,4787
compact51_marcy__current_roles,2019-11-26 23:00:00,18.1430597243,62.1827372269,0,0,0,13,12,3608,3322
compact51_marcy__current_roles,2019-11-27 00:00:00,15.7340701627,57.6744681972,0,0,0,12,12,1750,2258
compact51_marcy__current_roles,2019-11-27 01:00:00,17.2780126108,61.6176457553,0,0,0,12,12,2916,3198
compact51_marcy__current_roles,2019-11-27 02:00:00,18.5519833675,62.5444929837,0,0,0,12,12,3910,3400
compact51_marcy__current_roles,2019-11-27 03:00:00,17.9265405485,59.0187165676,0,0,0,12,12,3423,2602
compact51_marcy__current_roles,2019-11-27 04:00:00,17.939488112,54.3275371575,0,0,0,12,12,3437,1516
compact51_marcy__current_roles,2019-11-27 05:00:00,18.4268711168,50.5839974335,0,0,0,12,12,3817,832
compact51_marcy__current_roles,2019-11-27 06:00:00,19.4355912173,54.4948556467,0,0,0,12,12,4586,1550
compact51_marcy__current_roles,2019-11-27 07:00:00,19.47911921,60.1286890805,0,0,0,12,12,4625,2854
compact51_marcy__current_roles,2019-11-27 08:00:00,18.975999618,59.8244109964,0,0,0,12,12,4259,2776
compact51_marcy__current_roles,2019-11-27 09:00:00,17.6593365995,55.9133310977,0,0,0,12,12,3193,1852
compact51_marcy__current_roles,2019-11-27 10:00:00,17.5170392253,56.4137254458,0,0,0,12,12,3089,1961
compact51_marcy__current_roles,2019-11-27 11:00:00,18.4338603585,63.2336603762,0,0,0,12,12,3823,3550
compact51_marcy__current_roles,2019-11-27 12:00:00,18.5583012324,215.946682764,0,0,0,13,13,3916,7589
compact51_marcy__current_roles,2019-11-27 13:00:00,19.3518373711,2009.87600455,0,0,0,12,12,4531,8618
compact51_marcy__current_roles,2019-11-27 14:00:00,18.352402743,49.8783305939,0,0,0,12,12,3772,717
compact51_marcy__current_roles,2019-11-27 15:00:00,17.2458039867,52.5825734792,0,0,0,12,12,2885,1181
compact51_marcy__current_roles,2019-11-27 16:00:00,17.1946935927,53.4956644618,0,0,0,12,12,2837,1368
compact51_marcy__current_roles,2019-11-27 17:00:00,16.632269348,57.8965117008,0,0,0,12,12,2414,2320
compact51_marcy__current_roles,2019-11-27 18:00:00,16.2159244374,60.2322440781,0,0,0,12,12,2096,2877
compact51_marcy__current_roles,2019-11-27 19:00:00,18.6021201594,497.440607861,0,0,0,12,12,3968,8247
compact51_marcy__current_roles,2019-11-27 20:00:00,21.5002645191,2132.61450313,0,0,0,12,12,5888,8629
compact51_marcy__current_roles,2019-11-27 21:00:00,20.6414599816,15632.8794131,0,0,0,12,12,5385,8741
compact51_marcy__current_roles,2019-11-27 22:00:00,23.5657174379,57.3426699705,0,0,0,12,12,6851,2177
compact51_marcy__current_roles,2019-11-27 23:00:00,23.586000302,47.204677371,0,0,0,12,12,6861,403
compact51_marcy__current_roles,2019-11-28 00:00:00,21.5314497611,353.191555314,1,0,0,12,12,5908,8071
compact51_marcy__current_roles,2019-11-28 01:00:00,22.5422416596,1091.23817392,1,0,0,12,12,6373,8513
compact51_marcy__current_roles,2019-11-28 02:00:00,24.8960429524,615.505044615,1,0,0,12,12,7282,8345
compact51_marcy__current_roles,2019-11-28 03:00:00,25.5347426087,739.77066249,1,0,0,12,12,7455,8412
compact51_marcy__current_roles,2019-11-28 04:00:00,22.2545771683,294.243146522,1,0,0,12,12,6240,7921
compact51_marcy__current_roles,2019-11-28 05:00:00,23.6607264387,990.768415562,1,0,0,12,12,6892,8492
compact51_marcy__current_roles,2019-11-28 06:00:00,24.8818403373,6631.33065004,2,0,0,12,12,7279,8726
compact51_marcy__current_roles,2019-11-28 07:00:00,23.9955509827,201.365779646,1,0,0,13,12,7000,7511
compact51_marcy__current_roles,2019-11-28 08:00:00,27.4431196258,31118.396842,1,0,0,12,12,7899,8750
compact51_marcy__current_roles,2019-11-28 09:00:00,26.669776056,259.263051214,0,0,0,13,13,7726,7809
compact51_marcy__current_roles,2019-11-28 10:00:00,24.7678659542,128.304491603,0,0,0,12,12,7239,6812
compact51_marcy__current_roles,2019-11-28 11:00:00,26.1256518211,126.853975528,0,0,0,12,12,7601,6789
compact51_marcy__current_roles,2019-11-28 12:00:00,28.3412686373,143.689564981,0,0,0,12,12,8022,7010
compact51_marcy__current_roles,2019-11-28 13:00:00,25.36345711,66.507399963,0,0,0,12,12,7413,4199
compact51_marcy__current_roles,2019-11-28 14:00:00,19.7184291012,53.5927144025,0,0,0,12,12,4800,1382
compact51_marcy__current_roles,2019-11-28 15:00:00,18.8790729707,57.0367031741,0,0,0,12,12,4172,2105
compact51_marcy__current_roles,2019-11-28 16:00:00,19.9146638114,60.6282072093,0,0,0,12,12,4914,2954
compact51_marcy__current_roles,2019-11-28 17:00:00,25.621691395,146.157896421,0,0,0,12,12,7480,7035
compact51_marcy__current_roles,2019-11-28 18:00:00,21.6888688314,98.7119993354,0,0,0,12,12,5973,6160
compact51_marcy__current_roles,2019-11-28 19:00:00,21.299671527,103.113854406,0,0,0,12,12,5771,6301
compact51_marcy__current_roles,2019-11-28 20:00:00,20.8692521587,96.77840863,0,0,0,12,12,5540,6108
compact51_marcy__current_roles,2019-11-28 21:00:00,22.0636333915,94.6166668278,0,0,0,12,12,6149,6038
compact51_marcy__current_roles,2019-11-28 22:00:00,20.3946459376,58.7638552014,0,0,0,12,12,5247,2529
compact51_marcy__current_roles,2019-11-28 23:00:00,23.2086077225,60.6184445217,0,0,0,13,12,6689,2952
compact51_marcy__current_roles,2019-11-29 00:00:00,21.9325467085,48.3475824135,0,0,0,12,12,6103,537
compact51_marcy__current_roles,2019-11-29 01:00:00,21.8358001133,45.6215652091,0,0,0,12,12,6047,272
compact51_marcy__current_roles,2019-11-29 02:00:00,19.2430448927,47.3183348462,0,0,0,12,12,4456,418
compact51_marcy__current_roles,2019-11-29 03:00:00,18.1669723631,50.836709158,0,0,0,13,12,3625,875
compact51_marcy__current_roles,2019-11-29 04:00:00,18.693566753,49.644041938,0,0,0,12,12,4030,690
compact51_marcy__current_roles,2019-11-29 05:00:00,18.8674231869,45.8927107364,0,0,0,12,12,4160,294
compact51_marcy__current_roles,2019-11-29 06:00:00,23.64154792,73.7664939467,0,0,0,12,12,6884,5065
compact51_marcy__current_roles,2019-11-29 07:00:00,26.9243525239,89.8309220918,0,0,0,12,12,7787,5881
compact51_marcy__current_roles,2019-11-29 08:00:00,27.8558826943,103.265187557,0,0,0,12,12,7960,6304
compact51_marcy__current_roles,2019-11-29 09:00:00,23.2435761063,56.1742631661,0,0,0,12,12,6702,1916
compact51_marcy__current_roles,2019-11-29 10:00:00,23.6962842723,120.351309277,0,0,0,12,12,6910,6647
compact51_marcy__current_roles,2019-11-29 11:00:00,18.8424728548,175.924987669,0,0,0,12,12,4140,7334
compact51_marcy__current_roles,2019-11-29 12:00:00,20.2073986315,249.346590443,0,0,0,13,13,5126,7772
compact51_marcy__current_roles,2019-11-29 13:00:00,19.7067970135,150.477562675,0,0,0,12,12,4795,7093
compact51_marcy__current_roles,2019-11-29 14:00:00,19.7016843787,91.5880655293,0,0,0,12,12,4793,5930
compact51_marcy__current_roles,2019-11-29 15:00:00,16.5545833676,56.4911283473,0,0,0,12,12,2355,1974
compact51_marcy__current_roles,2019-11-29 16:00:00,18.8072338653,56.7652708969,0,0,0,12,12,4105,2045
compact51_marcy__current_roles,2019-11-29 17:00:00,22.5904558113,52.9663741697,0,0,0,12,12,6394,1255
compact51_marcy__current_roles,2019-11-29 18:00:00,24.0657195832,50.0085628488,0,0,0,12,12,7024,739
compact51_marcy__current_roles,2019-11-29 19:00:00,20.9717230796,54.7843288581,0,0,0,12,12,5593,1614
compact51_marcy__current_roles,2019-11-29 20:00:00,18.1694326055,52.0776445837,0,0,0,12,12,3630,1089
compact51_marcy__current_roles,2019-11-29 21:00:00,16.4786448723,49.3562601062,0,0,0,12,12,2301,652
compact51_marcy__current_roles,2019-11-29 22:00:00,17.9210403432,51.8143063486,0,0,0,12,12,3413,1048
compact51_marcy__current_roles,2019-11-29 23:00:00,16.9804368321,55.3072716599,0,0,0,12,12,2660,1717
compact51_marcy__current_roles,2019-11-30 00:00:00,24.0094691637,45.7139279715,0,0,0,12,12,7007,282
compact51_marcy__current_roles,2019-11-30 01:00:00,20.082264125,44.1221444089,0,0,0,12,12,5041,171
compact51_marcy__current_roles,2019-11-30 02:00:00,19.5322669828,43.6533615394,0,0,0,12,12,4675,147
compact51_marcy__current_roles,2019-11-30 03:00:00,21.2101104718,44.1427318844,0,0,0,12,12,5719,175
compact51_marcy__current_roles,2019-11-30 04:00:00,21.7021237677,48.3783376,0,0,0,12,12,5975,541
compact51_marcy__current_roles,2019-11-30 05:00:00,21.8334385887,44.4980702016,0,0,0,12,12,6046,202
compact51_marcy__current_roles,2019-11-30 06:00:00,19.2699614787,48.2870482903,0,0,0,12,12,4473,526
compact51_marcy__current_roles,2019-11-30 07:00:00,19.091774905,49.0855877303,0,0,0,12,12,4357,621
compact51_marcy__current_roles,2019-11-30 08:00:00,17.9219125355,47.7114865596,0,0,0,12,12,3414,452
compact51_marcy__current_roles,2019-11-30 09:00:00,16.2151520516,49.9628543676,0,0,0,12,12,2095,727
compact51_marcy__current_roles,2019-11-30 10:00:00,14.762720414,59.3772797109,0,0,0,12,12,1098,2682
compact51_marcy__current_roles,2019-11-30 11:00:00,16.5189265865,62.5624518219,0,0,0,12,12,2331,3402
compact51_marcy__current_roles,2019-11-30 12:00:00,16.9912032728,68.9237693431,0,0,0,12,12,2671,4546
compact51_marcy__current_roles,2019-11-30 13:00:00,15.8109536228,64.8755322134,0,0,0,12,12,1801,3903
compact51_marcy__current_roles,2019-11-30 14:00:00,16.2327181228,64.3738505909,0,0,0,12,12,2108,3788
compact51_marcy__current_roles,2019-11-30 15:00:00,15.871388607,62.4036723761,0,0,0,12,12,1837,3373
compact51_marcy__current_roles,2019-11-30 16:00:00,18.0140188374,57.3266393117,0,0,0,12,12,3499,2170
compact51_marcy__current_roles,2019-11-30 17:00:00,17.0711898976,57.4847072559,0,0,0,12,12,2731,2217
compact51_marcy__current_roles,2019-11-30 18:00:00,17.9503816028,57.0117248326,0,0,0,12,12,3447,2102
compact51_marcy__current_roles,2019-11-30 19:00:00,17.2137239423,59.1169405059,0,0,0,12,12,2858,2620
compact51_marcy__current_roles,2019-11-30 20:00:00,18.0562030523,59.0102381945,0,0,0,12,12,3538,2598
compact51_marcy__current_roles,2019-11-30 21:00:00,17.1187982068,60.0422459651,0,0,0,12,12,2768,2832
compact51_marcy__current_roles,2019-11-30 22:00:00,16.6917790326,54.9765159772,0,0,0,12,12,2453,1657
compact51_marcy__current_roles,2019-11-30 23:00:00,19.5787834113,56.2080156564,0,0,0,12,12,4699,1921
compact51_marcy__current_roles,2019-12-01 00:00:00,21.3358541248,55.2548531496,0,0,0,12,12,5790,1702
compact51_marcy__current_roles,2019-12-01 01:00:00,19.7164479062,52.7626607833,0,0,0,12,12,4799,1217
compact51_marcy__current_roles,2019-12-01 02:00:00,22.8624431014,57.4684853258,0,0,0,12,12,6522,2212
compact51_marcy__current_roles,2019-12-01 03:00:00,24.83864499,57.043705777,0,0,0,12,12,7264,2108
compact51_marcy__current_roles,2019-12-01 04:00:00,22.6197236028,52.2401284701,0,0,0,12,12,6410,1113
compact51_marcy__current_roles,2019-12-01 05:00:00,20.1039049805,48.3734165589,0,0,0,12,12,5051,538
compact51_marcy__current_roles,2019-12-01 06:00:00,19.5391329312,45.583662258,0,0,0,12,12,4680,267
compact51_marcy__current_roles,2019-12-01 07:00:00,24.3517773034,53.3283080485,0,0,0,12,12,7128,1338
compact51_marcy__current_roles,2019-12-01 08:00:00,27.7143827643,64.0109389621,0,0,0,12,12,7943,3706
compact51_marcy__current_roles,2019-12-01 09:00:00,21.2612072847,59.881814032,0,0,0,12,12,5751,2793
compact51_marcy__current_roles,2019-12-01 10:00:00,20.8066834027,59.987294484,0,0,0,12,12,5503,2814
compact51_marcy__current_roles,2019-12-01 11:00:00,14.166042344,50.8489889527,0,0,0,12,12,821,877
compact51_marcy__current_roles,2019-12-01 12:00:00,16.2215737627,47.4778668746,0,0,0,12,12,2099,434
compact51_marcy__current_roles,2019-12-01 13:00:00,16.5142645126,49.6059839858,0,0,0,12,12,2328,684
compact51_marcy__current_roles,2019-12-01 14:00:00,13.8450338256,49.0303894756,0,0,0,12,12,676,616
compact51_marcy__current_roles,2019-12-01 15:00:00,15.7962671888,48.0692208601,0,0,0,12,12,1792,494
compact51_marcy__current_roles,2019-12-01 16:00:00,18.6967946857,52.7753473052,0,0,0,12,12,4032,1221
compact51_marcy__current_roles,2019-12-01 17:00:00,23.1557982797,67.9163009721,0,0,0,12,12,6664,4408
compact51_marcy__current_roles,2019-12-01 18:00:00,16.3968618968,63.182146509,0,0,0,12,12,2238,3535
compact51_marcy__current_roles,2019-12-01 19:00:00,13.8147470289,53.0310253384,0,0,0,12,12,661,1270
compact51_marcy__current_roles,2019-12-01 20:00:00,13.2201586789,56.0346105055,0,0,0,12,12,453,1880
compact51_marcy__current_roles,2019-12-01 21:00:00,14.4980660731,56.5910930597,0,0,0,12,12,964,2004
compact51_marcy__current_roles,2019-12-01 22:00:00,17.5249545939,58.8590169828,0,0,0,13,12,3094,2552
compact51_marcy__current_roles,2019-12-01 23:00:00,15.885105541,47.7156797706,0,0,0,12,12,1850,453
compact51_marcy__current_roles,2019-12-02 00:00:00,19.0173248205,52.9523841838,0,0,0,12,12,4294,1252
compact51_marcy__current_roles,2019-12-02 01:00:00,23.3322746222,67.3199289768,0,0,0,12,12,6743,4337
compact51_marcy__current_roles,2019-12-02 02:00:00,22.6365383331,69.6310436773,0,0,0,12,12,6420,4630
compact51_marcy__current_roles,2019-12-02 03:00:00,22.056143967,69.4113845495,0,0,0,12,12,6147,4602
compact51_marcy__current_roles,2019-12-02 04:00:00,19.0907895141,56.4551376253,0,0,0,12,12,4356,1966
compact51_marcy__current_roles,2019-12-02 05:00:00,20.9073628166,57.2809902776,0,0,0,12,12,5561,2160
compact51_marcy__current_roles,2019-12-02 06:00:00,19.5015045666,62.3081473403,0,0,0,12,12,4648,3343
compact51_marcy__current_roles,2019-12-02 07:00:00,20.8456729282,66.1055915533,0,0,0,12,12,5530,4136
compact51_marcy__current_roles,2019-12-02 08:00:00,21.0585341229,66.8987181893,0,0,0,12,12,5652,4270
compact51_marcy__current_roles,2019-12-02 09:00:00,19.4596780805,65.0619960563,0,0,0,12,12,4608,3942
compact51_marcy__current_roles,2019-12-02 10:00:00,16.8191224223,61.3675993988,0,0,0,12,12,2550,3138
compact51_marcy__current_roles,2019-12-02 11:00:00,15.5884770885,55.5972636889,0,0,0,12,12,1665,1788
compact51_marcy__current_roles,2019-12-02 12:00:00,17.0953983982,65.6724700221,0,0,0,12,12,2756,4058
compact51_marcy__current_roles,2019-12-02 13:00:00,16.2845895367,65.3519345176,0,0,0,12,12,2142,4007
compact51_marcy__current_roles,2019-12-02 14:00:00,13.649671031,65.1175816282,0,0,0,12,12,595,3953
compact51_marcy__current_roles,2019-12-02 15:00:00,13.5306996323,63.1886325385,0,0,0,12,12,556,3538
compact51_marcy__current_roles,2019-12-02 16:00:00,12.2440223669,65.6399379198,0,0,0,12,12,181,4056
compact51_marcy__current_roles,2019-12-02 17:00:00,14.1408396041,72.0826743087,0,0,0,12,12,809,4896
compact51_marcy__current_roles,2019-12-02 18:00:00,15.5494149189,70.4602391259,0,0,0,12,12,1640,4735
compact51_marcy__current_roles,2019-12-02 19:00:00,15.9540009585,68.9995455234,0,0,0,12,12,1913,4559
compact51_marcy__current_roles,2019-12-02 20:00:00,18.2540334237,67.6216810672,0,0,0,12,12,3691,4376
compact51_marcy__current_roles,2019-12-02 21:00:00,18.9890136935,65.4246049622,0,0,0,12,12,4271,4020
compact51_marcy__current_roles,2019-12-02 22:00:00,21.5293077957,75.7363640437,0,0,0,12,12,5905,5244
compact51_marcy__current_roles,2019-12-02 23:00:00,21.8096928809,76.7355749732,0,0,0,12,12,6033,5322
compact51_marcy__current_roles,2019-12-03 00:00:00,20.1238457167,61.5758339719,0,0,0,12,12,5066,3187
compact51_marcy__current_roles,2019-12-03 01:00:00,21.0131133339,61.3530792997,0,0,0,12,12,5621,3136
compact51_marcy__current_roles,2019-12-03 02:00:00,20.5794241134,60.3720880871,0,0,0,12,12,5354,2901
compact51_marcy__current_roles,2019-12-03 03:00:00,17.5695105341,59.9797554388,0,0,0,12,12,3130,2812
compact51_marcy__current_roles,2019-12-03 04:00:00,18.7688961911,59.8584401826,0,0,0,12,12,4078,2788
compact51_marcy__current_roles,2019-12-03 05:00:00,19.4455885628,60.0300348215,0,0,0,12,12,4595,2823
compact51_marcy__current_roles,2019-12-03 06:00:00,16.8162448845,57.8683816383,0,0,0,12,12,2548,2310
compact51_marcy__current_roles,2019-12-03 07:00:00,14.8573035531,60.6492768547,0,0,0,12,12,1163,2959
compact51_marcy__current_roles,2019-12-03 08:00:00,13.6698638864,65.413494708,0,0,0,12,12,602,4016
compact51_marcy__current_roles,2019-12-03 09:00:00,16.8737985395,79.594440991,0,0,0,12,12,2581,5482
compact51_marcy__current_roles,2019-12-03 10:00:00,19.2143414055,311.982785684,0,0,0,13,12,4441,7967
compact51_marcy__current_roles,2019-12-03 11:00:00,17.8021468236,136.871198775,0,0,0,12,12,3312,6922
compact51_marcy__current_roles,2019-12-03 12:00:00,18.5705998329,169.531135596,0,0,0,12,12,3932,7275
compact51_marcy__current_roles,2019-12-03 13:00:00,16.7315289265,76.4557897255,0,0,0,12,12,2480,5301
compact51_marcy__current_roles,2019-12-03 14:00:00,15.8802471503,68.1858299959,0,0,0,12,12,1845,4446
compact51_marcy__current_roles,2019-12-03 15:00:00,13.7366139883,62.3383806607,0,0,0,12,12,631,3356
compact51_marcy__current_roles,2019-12-03 16:00:00,14.4238927998,64.6960651956,0,0,0,12,12,936,3857
compact51_marcy__current_roles,2019-12-03 17:00:00,21.162122651,114.365315025,0,0,0,12,12,5696,6538
compact51_marcy__current_roles,2019-12-03 18:00:00,16.0343424967,61.7018296542,0,0,0,12,12,1966,3218
compact51_marcy__current_roles,2019-12-03 19:00:00,14.5885051545,61.6967426986,0,0,0,12,12,1014,3217
compact51_marcy__current_roles,2019-12-03 20:00:00,20.2967159642,59.6624496045,0,0,0,12,12,5177,2730
compact51_marcy__current_roles,2019-12-03 21:00:00,15.0579675748,59.4371948623,0,0,0,12,12,1299,2693
compact51_marcy__current_roles,2019-12-03 22:00:00,14.962554144,60.6358192387,0,0,0,12,12,1237,2957
compact51_marcy__current_roles,2019-12-03 23:00:00,17.8165971536,71.0435918298,0,0,0,12,12,3327,4791
compact51_marcy__current_roles,2019-12-04 00:00:00,16.0695917643,56.7354434562,0,0,0,12,12,1992,2037
compact51_marcy__current_roles,2019-12-04 01:00:00,14.2407270921,58.412363417,0,0,0,13,12,853,2434
compact51_marcy__current_roles,2019-12-04 02:00:00,14.4882212528,62.4336904083,0,0,0,12,12,960,3382
compact51_marcy__current_roles,2019-12-04 03:00:00,16.1984009948,58.8613459351,0,0,0,12,12,2079,2553
compact51_marcy__current_roles,2019-12-04 04:00:00,13.4522589905,56.7326595681,0,0,0,12,12,534,2036
compact51_marcy__current_roles,2019-12-04 05:00:00,15.5744924108,59.3448499927,0,0,0,12,12,1655,2674
compact51_marcy__current_roles,2019-12-04 06:00:00,18.5219635521,65.0731555851,0,0,0,12,12,3887,3946
compact51_marcy__current_roles,2019-12-04 07:00:00,16.2993927051,63.1930268568,0,0,0,12,12,2159,3541
compact51_marcy__current_roles,2019-12-04 08:00:00,13.9459539364,59.5771653255,0,0,0,12,12,721,2715
compact51_marcy__current_roles,2019-12-04 09:00:00,15.3964199283,60.8073647437,0,0,0,12,12,1535,2998
compact51_marcy__current_roles,2019-12-04 10:00:00,13.7654912263,62.7384187055,0,0,0,12,12,641,3435
compact51_marcy__current_roles,2019-12-04 11:00:00,11.5724376322,61.6554241243,0,0,0,12,12,83,3206
compact51_marcy__current_roles,2019-12-04 12:00:00,10.7524409052,65.646845856,0,0,0,12,12,25,4057
compact51_marcy__current_roles,2019-12-04 13:00:00,11.9390203497,67.5812119771,0,0,0,12,12,128,4371
compact51_marcy__current_roles,2019-12-04 14:00:00,12.0630742695,67.5108530983,0,0,0,12,12,143,4360
compact51_marcy__current_roles,2019-12-04 15:00:00,10.8299196306,63.6318396861,0,0,0,12,12,28,3632
compact51_marcy__current_roles,2019-12-04 16:00:00,12.4438649315,69.3657436924,0,0,0,12,12,232,4599
compact51_marcy__current_roles,2019-12-04 17:00:00,14.8252988114,73.7402532041,0,0,0,13,13,1147,5063
compact51_marcy__current_roles,2019-12-04 18:00:00,14.0428477591,64.3466281388,0,0,0,12,12,759,3781
compact51_marcy__current_roles,2019-12-04 19:00:00,12.8151251735,64.2353550863,0,0,0,13,13,329,3755
compact51_marcy__current_roles,2019-12-04 20:00:00,13.8438434893,69.4609974777,0,0,0,12,12,675,4611
compact51_marcy__current_roles,2019-12-04 21:00:00,15.9986507489,72.3741873943,0,0,0,12,12,1943,4920
compact51_marcy__current_roles,2019-12-04 22:00:00,18.0655641167,73.0299162644,0,0,0,12,12,3540,4978
compact51_marcy__current_roles,2019-12-04 23:00:00,19.0895051784,72.7641088438,0,0,0,12,12,4353,4950
compact51_marcy__current_roles,2019-12-05 00:00:00,23.6816211264,66.4357357385,0,0,0,12,12,6899,4188
compact51_marcy__current_roles,2019-12-05 01:00:00,23.5261155149,62.4163796456,0,0,0,12,12,6830,3376
compact51_marcy__current_roles,2019-12-05 02:00:00,24.1992169409,76.8024778183,0,0,0,12,12,7069,5327
compact51_marcy__current_roles,2019-12-05 03:00:00,24.849521056,210.731988442,0,0,0,12,12,7266,7566
compact51_marcy__current_roles,2019-12-05 04:00:00,24.1267751051,88.2352833861,0,0,0,12,12,7042,5823
compact51_marcy__current_roles,2019-12-05 05:00:00,23.3448414069,66.8738923248,0,0,0,12,12,6749,4266
compact51_marcy__current_roles,2019-12-05 06:00:00,22.421687822,65.4159861587,0,0,0,12,12,6300,4018
compact51_marcy__current_roles,2019-12-05 07:00:00,20.8264198872,89.1069351851,0,0,0,12,12,5521,5851
compact51_marcy__current_roles,2019-12-05 08:00:00,15.4174354135,57.9015915293,0,0,0,12,12,1550,2323
compact51_marcy__current_roles,2019-12-05 09:00:00,15.1348250677,62.6307021124,0,0,0,12,12,1337,3415
compact51_marcy__current_roles,2019-12-05 10:00:00,17.0404049131,161.331468643,0,0,0,12,12,2706,7205
compact51_marcy__current_roles,2019-12-05 11:00:00,16.0914009755,204.053438541,0,0,0,12,12,2013,7528
compact51_marcy__current_roles,2019-12-05 12:00:00,15.2946096834,146.164007015,0,0,0,12,12,1460,7036
compact51_marcy__current_roles,2019-12-05 13:00:00,16.806396235,204.822777176,0,0,0,12,12,2542,7537
compact51_marcy__current_roles,2019-12-05 14:00:00,14.3889825888,63.4486674005,0,0,0,12,12,923,3599
compact51_marcy__current_roles,2019-12-05 15:00:00,11.7216189274,57.291902418,0,0,0,12,12,101,2163
compact51_marcy__current_roles,2019-12-05 16:00:00,13.1420886216,56.6246865877,0,0,0,12,12,432,2010
compact51_marcy__current_roles,2019-12-05 17:00:00,17.1004973193,98.3207924668,0,0,0,12,12,2759,6148
compact51_marcy__current_roles,2019-12-05 18:00:00,18.492263856,416.57379871,0,0,0,12,12,3868,8153
compact51_marcy__current_roles,2019-12-05 19:00:00,18.7223631961,91.7889668312,0,0,0,12,12,4045,5936
compact51_marcy__current_roles,2019-12-05 20:00:00,17.3600882214,53.1926874434,0,0,0,12,12,2965,1310
compact51_marcy__current_roles,2019-12-05 21:00:00,16.95442246,53.8054303725,0,0,0,12,12,2647,1423
compact51_marcy__current_roles,2019-12-05 22:00:00,19.0710099557,106.220732499,0,0,0,12,12,4339,6374
compact51_marcy__current_roles,2019-12-05 23:00:00,25.2811442522,83.3735320587,0,0,0,12,12,7387,5651
compact51_marcy__current_roles,2019-12-06 00:00:00,23.4205172413,236.250019687,0,0,0,12,12,6777,7706
compact51_marcy__current_roles,2019-12-06 01:00:00,26.2179447369,391.634924976,0,0,0,12,12,7626,8123
compact51_marcy__current_roles,2019-12-06 02:00:00,26.35974183,298.901287759,0,0,0,12,12,7658,7929
compact51_marcy__current_roles,2019-12-06 03:00:00,25.8804341634,152.506264954,0,0,0,12,12,7538,7111
compact51_marcy__current_roles,2019-12-06 04:00:00,24.6997406593,100.296676915,0,0,0,12,12,7218,6214
compact51_marcy__current_roles,2019-12-06 05:00:00,22.424054895,75.6011863634,0,0,0,12,12,6303,5231
compact51_marcy__current_roles,2019-12-06 06:00:00,18.2241988128,57.4859264545,0,0,0,12,12,3666,2218
compact51_marcy__current_roles,2019-12-06 07:00:00,17.4256704791,62.9961192022,0,0,0,12,12,3020,3502
compact51_marcy__current_roles,2019-12-06 08:00:00,15.9841739122,60.3639208947,0,0,0,12,12,1934,2898
compact51_marcy__current_roles,2019-12-06 09:00:00,15.2441113746,342.339707465,0,0,0,12,12,1427,8042
compact51_marcy__current_roles,2019-12-06 10:00:00,15.94340275,1271.70863344,1,0,0,12,12,1904,8545
compact51_marcy__current_roles,2019-12-06 11:00:00,15.6126421698,415.237912092,1,0,0,12,12,1675,8152
compact51_marcy__current_roles,2019-12-06 12:00:00,16.1408175344,7109.73824525,1,0,0,12,12,2048,8727
compact51_marcy__current_roles,2019-12-06 13:00:00,16.4626305047,318.410901423,0,0,0,12,12,2291,7986
compact51_marcy__current_roles,2019-12-06 14:00:00,16.9638000708,152.414442496,0,0,0,12,12,2652,7107
compact51_marcy__current_roles,2019-12-06 15:00:00,16.4387005695,67.6775638856,0,0,0,12,12,2280,4385
compact51_marcy__current_roles,2019-12-06 16:00:00,18.6436249503,89.5890295568,0,0,0,12,12,3994,5871
compact51_marcy__current_roles,2019-12-06 17:00:00,16.3113764535,102.804714296,0,0,0,12,12,2172,6292
compact51_marcy__current_roles,2019-12-06 18:00:00,17.5819106061,80.1952629027,0,0,0,12,12,3140,5506
compact51_marcy__current_roles,2019-12-06 19:00:00,16.2521775919,59.6979305352,0,0,0,12,12,2118,2741
compact51_marcy__current_roles,2019-12-06 20:00:00,17.5786645789,58.191852793,0,0,0,12,12,3136,2382
compact51_marcy__current_roles,2019-12-06 21:00:00,15.1736581078,58.9876683043,0,0,0,12,12,1371,2591
compact51_marcy__current_roles,2019-12-06 22:00:00,17.7957760296,65.3384899829,0,0,0,12,12,3302,4005
compact51_marcy__current_roles,2019-12-06 23:00:00,19.660619303,73.5354757942,0,0,0,12,12,4757,5035
compact51_marcy__current_roles,2019-12-07 00:00:00,27.2051363832,82.9290373021,0,0,0,12,12,7843,5635
compact51_marcy__current_roles,2019-12-07 01:00:00,23.1525175026,57.5096918293,0,0,0,12,12,6661,2221
compact51_marcy__current_roles,2019-12-07 02:00:00,20.8933783057,56.1016906331,0,0,0,12,12,5555,1894
compact51_marcy__current_roles,2019-12-07 03:00:00,20.0348539139,55.9583607888,0,0,0,12,12,5010,1863
compact51_marcy__current_roles,2019-12-07 04:00:00,19.3390052657,46.0200377951,0,0,0,12,12,4521,307
compact51_marcy__current_roles,2019-12-07 05:00:00,20.7802407954,61.6744278176,0,0,0,12,12,5482,3210
compact51_marcy__current_roles,2019-12-07 06:00:00,22.6861217962,3402.18333929,1,0,0,12,12,6443,8679
compact51_marcy__current_roles,2019-12-07 07:00:00,19.1808186819,54.441429152,0,0,0,12,12,4417,1535
compact51_marcy__current_roles,2019-12-07 08:00:00,16.1970623561,57.8964467684,0,0,0,12,12,2077,2319
compact51_marcy__current_roles,2019-12-07 09:00:00,17.2358923628,74.881840552,0,0,0,12,12,2877,5163
compact51_marcy__current_roles,2019-12-07 10:00:00,15.4461147037,123.499311036,1,0,0,12,12,1574,6723
compact51_marcy__current_roles,2019-12-07 11:00:00,15.6426341291,55.7201608213,0,0,0,12,12,1689,1812
compact51_marcy__current_roles,2019-12-07 12:00:00,19.696766138,50394.2039206,0,0,0,12,12,4787,8754
compact51_marcy__current_roles,2019-12-07 13:00:00,19.0559488316,333.701606777,0,0,0,12,12,4322,8019
compact51_marcy__current_roles,2019-12-07 14:00:00,17.2861892671,157.269310603,0,0,0,12,12,2925,7166
compact51_marcy__current_roles,2019-12-07 15:00:00,17.1961911464,87.4008987329,0,0,0,12,12,2839,5798
compact51_marcy__current_roles,2019-12-07 16:00:00,15.0892860308,52.4688178726,0,0,0,12,12,1314,1157
compact51_marcy__current_roles,2019-12-07 17:00:00,16.4128429685,123.148582326,0,0,0,12,12,2250,6712
compact51_marcy__current_roles,2019-12-07 18:00:00,17.0374448187,121.814080626,0,0,0,12,12,2704,6685
compact51_marcy__current_roles,2019-12-07 19:00:00,14.1871182863,49.6400815012,0,0,0,12,12,825,689
compact51_marcy__current_roles,2019-12-07 20:00:00,15.4200255852,49.3785551485,0,0,0,12,12,1554,657
compact51_marcy__current_roles,2019-12-07 21:00:00,13.2699817988,49.0232994604,0,0,0,12,12,470,614
compact51_marcy__current_roles,2019-12-07 22:00:00,14.352655896,50.6707897605,0,0,0,12,12,905,849
compact51_marcy__current_roles,2019-12-07 23:00:00,23.5517360137,64.3238499894,0,0,0,13,12,6843,3776
compact51_marcy__current_roles,2019-12-08 00:00:00,19.4961501228,51.1411623704,0,0,0,12,12,4642,928
compact51_marcy__current_roles,2019-12-08 01:00:00,18.3807502442,51.8859937827,0,0,0,12,12,3793,1060
compact51_marcy__current_roles,2019-12-08 02:00:00,17.8273017598,53.1410715835,0,0,0,12,12,3338,1295
compact51_marcy__current_roles,2019-12-08 03:00:00,20.3072137826,48.4646007867,0,0,0,12,12,5181,551
compact51_marcy__current_roles,2019-12-08 04:00:00,19.8428205926,45.938547169,0,0,0,12,12,4870,297
compact51_marcy__current_roles,2019-12-08 05:00:00,19.4764167484,44.6784053378,0,0,0,12,12,4624,214
compact51_marcy__current_roles,2019-12-08 06:00:00,20.3880679621,47.7359809977,0,0,0,12,12,5244,456
compact51_marcy__current_roles,2019-12-08 07:00:00,21.7400345827,47.0292772155,0,0,0,12,12,5999,383
compact51_marcy__current_roles,2019-12-08 08:00:00,20.9389996339,59.9983940678,0,0,0,12,12,5580,2816
compact51_marcy__current_roles,2019-12-08 09:00:00,22.9374831118,85.5415651459,0,0,0,12,12,6557,5745
compact51_marcy__current_roles,2019-12-08 10:00:00,20.3595769732,71.854979342,0,0,0,12,12,5218,4877
compact51_marcy__current_roles,2019-12-08 11:00:00,20.6716265173,97.9117600321,0,0,0,12,12,5411,6132
compact51_marcy__current_roles,2019-12-08 12:00:00,21.0997465725,91.9551375456,0,0,0,12,12,5670,5943
compact51_marcy__current_roles,2019-12-08 13:00:00,20.5219205362,130.902944329,0,0,0,13,13,5322,6849
compact51_marcy__current_roles,2019-12-08 14:00:00,20.0123956995,115.634882881,0,0,0,12,12,4986,6564
compact51_marcy__current_roles,2019-12-08 15:00:00,18.2748512493,84.1344274328,0,0,0,12,12,3707,5684
compact51_marcy__current_roles,2019-12-08 16:00:00,20.4892280385,120.171515228,0,0,0,12,12,5305,6645
compact51_marcy__current_roles,2019-12-08 17:00:00,26.6507078236,83.1747484432,0,0,0,12,12,7724,5643
compact51_marcy__current_roles,2019-12-08 18:00:00,26.3704651167,120.022086895,0,0,0,12,12,7664,6639
compact51_marcy__current_roles,2019-12-08 19:00:00,25.1769945042,74.0569805702,0,0,0,12,12,7359,5095
compact51_marcy__current_roles,2019-12-08 20:00:00,24.7679904022,99.2592313493,0,0,0,12,12,7241,6177
compact51_marcy__current_roles,2019-12-08 21:00:00,22.4012785689,82.3091174127,0,0,0,12,12,6292,5610
compact51_marcy__current_roles,2019-12-08 22:00:00,18.9182457747,60.2744528451,0,0,0,12,12,4214,2884
compact51_marcy__current_roles,2019-12-08 23:00:00,22.3924790784,356.673483698,0,0,0,13,13,6287,8076
compact51_marcy__current_roles,2019-12-09 00:00:00,23.4879243913,92.7685163083,0,0,0,12,12,6813,5970
compact51_marcy__current_roles,2019-12-09 01:00:00,23.4344112864,131.671914059,1,0,0,12,12,6782,6860
compact51_marcy__current_roles,2019-12-09 02:00:00,26.0013722622,697.179341611,1,0,0,12,12,7574,8396
compact51_marcy__current_roles,2019-12-09 03:00:00,24.9154812566,853.628674605,1,0,0,12,12,7288,8454
compact51_marcy__current_roles,2019-12-09 04:00:00,25.9081737066,1096.71794851,0,0,0,12,12,7546,8514
compact51_marcy__current_roles,2019-12-09 05:00:00,22.3061356388,157.750064199,0,0,0,12,12,6260,7173
compact51_marcy__current_roles,2019-12-09 06:00:00,26.023897916,855.75356325,1,0,0,12,12,7578,8455
compact51_marcy__current_roles,2019-12-09 07:00:00,21.6228410935,433.114497492,0,0,0,12,12,5946,8172
compact51_marcy__current_roles,2019-12-09 08:00:00,20.0685010307,147.636149045,0,0,0,12,12,5032,7056
compact51_marcy__current_roles,2019-12-09 09:00:00,20.2367327503,183.15563747,0,0,0,12,12,5143,7381
compact51_marcy__current_roles,2019-12-09 10:00:00,18.6013702664,121.011165393,0,0,0,12,12,3967,6667
compact51_marcy__current_roles,2019-12-09 11:00:00,23.8531957609,425.772999061,0,0,0,10,9,6958,8162
compact51_marcy__current_roles,2019-12-09 12:00:00,19.4636649562,105.820905657,0,0,0,12,12,4615,6366
compact51_marcy__current_roles,2019-12-09 13:00:00,17.0599987216,79.9234364362,0,0,0,12,12,2721,5498
compact51_marcy__current_roles,2019-12-09 14:00:00,19.2315076973,124.526696806,0,0,0,12,12,4452,6742
compact51_marcy__current_roles,2019-12-09 15:00:00,15.9806601318,79.0441641481,0,0,0,12,12,1932,5452
compact51_marcy__current_roles,2019-12-09 16:00:00,14.8574215165,73.5470720264,0,0,0,12,12,1164,5038
compact51_marcy__current_roles,2019-12-09 17:00:00,18.4626447836,204.747646629,0,0,0,12,12,3851,7535
compact51_marcy__current_roles,2019-12-09 18:00:00,14.9946218842,126.019273457,0,0,0,11,11,1257,6770
compact51_marcy__current_roles,2019-12-09 19:00:00,20.7384910091,398.901520574,0,0,0,13,13,5454,8137
compact51_marcy__current_roles,2019-12-09 20:00:00,20.1949438146,509.745352574,0,0,0,12,12,5114,8261
compact51_marcy__current_roles,2019-12-09 21:00:00,24.9224991183,120.774313496,0,0,0,12,12,7291,6665
compact51_marcy__current_roles,2019-12-09 22:00:00,18.8692777211,156.723998804,0,0,0,12,12,4162,7161
compact51_marcy__current_roles,2019-12-09 23:00:00,18.3264908048,98.0965034275,0,0,0,12,12,3750,6139
compact51_marcy__current_roles,2019-12-10 00:00:00,20.5023661125,124.7026637,0,0,0,12,12,5314,6745
compact51_marcy__current_roles,2019-12-10 01:00:00,27.1563379181,893.087724655,0,0,0,12,12,7834,8467
compact51_marcy__current_roles,2019-12-10 02:00:00,30.7409948144,1688.52897139,1,0,0,12,12,8359,8589
compact51_marcy__current_roles,2019-12-10 03:00:00,32.2251556052,2228.93146787,1,0,0,12,12,8465,8636
compact51_marcy__current_roles,2019-12-10 04:00:00,28.8160011483,2436.23764782,1,0,0,12,12,8096,8648
compact51_marcy__current_roles,2019-12-10 05:00:00,25.6607358268,1183.37186261,1,0,0,12,12,7489,8535
compact51_marcy__current_roles,2019-12-10 06:00:00,20.2001001023,166.491958003,0,0,0,12,12,5117,7251
compact51_marcy__current_roles,2019-12-10 07:00:00,23.435550755,238.65524031,0,0,0,11,11,6783,7717
compact51_marcy__current_roles,2019-12-10 08:00:00,23.5625002481,221.702770871,0,0,0,12,12,6849,7623
compact51_marcy__current_roles,2019-12-10 09:00:00,23.9350418203,1270.31804296,1,0,0,12,12,6983,8544
compact51_marcy__current_roles,2019-12-10 10:00:00,21.6409149441,1444.17030036,1,0,0,12,12,5960,8570
compact51_marcy__current_roles,2019-12-10 11:00:00,20.0249421456,547.066443769,1,0,0,12,12,5002,8291
compact51_marcy__current_roles,2019-12-10 12:00:00,24.9411109337,482.903666442,1,0,0,12,12,7300,8226
compact51_marcy__current_roles,2019-12-10 13:00:00,25.9402503916,506.735774323,1,0,0,12,12,7561,8257
compact51_marcy__current_roles,2019-12-10 14:00:00,25.2742697381,366.110796924,1,0,0,12,12,7384,8094
compact51_marcy__current_roles,2019-12-10 15:00:00,26.4306519514,12076.2042449,0,0,0,12,12,7672,8738
compact51_marcy__current_roles,2019-12-10 16:00:00,24.516286986,535.419934597,0,0,0,12,12,7174,8286
compact51_marcy__current_roles,2019-12-10 17:00:00,24.3348421253,969.042076221,0,0,0,12,12,7119,8485
compact51_marcy__current_roles,2019-12-10 18:00:00,22.8691932461,387.58742948,0,0,0,12,12,6528,8120
compact51_marcy__current_roles,2019-12-10 19:00:00,24.0073093572,2627.66091304,0,0,0,12,12,7006,8655
compact51_marcy__current_roles,2019-12-10 20:00:00,25.9083787689,1010.51459444,1,0,0,12,12,7547,8499
compact51_marcy__current_roles,2019-12-10 21:00:00,27.8774175152,396.232098462,0,0,0,12,12,7964,8131
compact51_marcy__current_roles,2019-12-10 22:00:00,27.5325638123,306.463863699,0,0,0,12,12,7913,7955
compact51_marcy__current_roles,2019-12-10 23:00:00,28.0462702913,187.641926103,0,0,0,12,12,7989,7410
compact51_marcy__current_roles,2019-12-11 00:00:00,25.2552653802,125.673764601,0,0,0,12,12,7380,6762
compact51_marcy__current_roles,2019-12-11 01:00:00,22.4681512591,79.6628406226,0,0,0,12,12,6330,5487
compact51_marcy__current_roles,2019-12-11 02:00:00,26.2130344295,105.978913095,0,0,0,12,12,7625,6369
compact51_marcy__current_roles,2019-12-11 03:00:00,25.3122219349,109.628968321,0,0,0,12,12,7395,6439
compact51_marcy__current_roles,2019-12-11 04:00:00,25.5561101996,96.3608870309,0,0,0,12,12,7460,6097
compact51_marcy__current_roles,2019-12-11 05:00:00,23.5145842843,77.0469203004,0,0,0,12,12,6824,5339
compact51_marcy__current_roles,2019-12-11 06:00:00,21.3509318484,58.4318094661,0,0,0,12,12,5798,2439
compact51_marcy__current_roles,2019-12-11 07:00:00,23.6967823177,64.7823458167,0,0,0,12,12,6911,3872
compact51_marcy__current_roles,2019-12-11 08:00:00,23.075015791,62.4025566803,0,0,0,12,12,6621,3372
compact51_marcy__current_roles,2019-12-11 09:00:00,20.8181059535,63.4263335806,0,0,0,12,12,5514,3591
compact51_marcy__current_roles,2019-12-11 10:00:00,18.6692183705,60.3603451426,0,0,0,12,12,4009,2897
compact51_marcy__current_roles,2019-12-11 11:00:00,19.1756458639,66.728766254,0,0,0,10,10,4409,4238
compact51_marcy__current_roles,2019-12-11 12:00:00,16.0294405438,65.7745793909,0,0,0,12,12,1962,4075
compact51_marcy__current_roles,2019-12-11 13:00:00,18.9284248993,204.187248278,0,0,0,11,11,4220,7529
compact51_marcy__current_roles,2019-12-11 14:00:00,20.97363942,3433.87586427,1,0,0,12,12,5595,8681
compact51_marcy__current_roles,2019-12-11 15:00:00,20.470556268,653.137131871,1,0,0,12,12,5292,8366
compact51_marcy__current_roles,2019-12-11 16:00:00,24.3175306646,345.964624749,1,0,0,12,12,7114,8053
compact51_marcy__current_roles,2019-12-11 17:00:00,31.2873962191,560.753922402,1,0,0,12,12,8401,8302
compact51_marcy__current_roles,2019-12-11 18:00:00,30.2226750067,434.875619794,1,0,0,12,12,8291,8175
compact51_marcy__current_roles,2019-12-11 19:00:00,27.9064826637,605.690932004,1,0,0,12,12,7968,8340
compact51_marcy__current_roles,2019-12-11 20:00:00,23.5547362691,778.499904629,0,0,0,12,12,6846,8432
compact51_marcy__current_roles,2019-12-11 21:00:00,23.8313320358,280.822648225,0,0,0,12,12,6952,7881
compact51_marcy__current_roles,2019-12-11 22:00:00,21.4495612622,90.8099981509,0,0,0,12,12,5862,5904
compact51_marcy__current_roles,2019-12-11 23:00:00,20.7855122873,55.7449034679,0,0,0,12,12,5487,1817
compact51_marcy__current_roles,2019-12-12 00:00:00,22.0717148167,88.1334476923,0,0,0,12,12,6155,5817
compact51_marcy__current_roles,2019-12-12 01:00:00,22.8815109487,54.4087356283,0,0,0,12,12,6533,1528
compact51_marcy__current_roles,2019-12-12 02:00:00,22.8629907619,55.1728449355,0,0,0,12,12,6523,1685
compact51_marcy__current_roles,2019-12-12 03:00:00,19.3712985369,56.172187932,0,0,0,12,12,4539,1914
compact51_marcy__current_roles,2019-12-12 04:00:00,21.2394052947,55.9283581599,0,0,0,12,12,5740,1856
compact51_marcy__current_roles,2019-12-12 05:00:00,20.1351943857,50.1130958464,0,0,0,12,12,5072,757
compact51_marcy__current_roles,2019-12-12 06:00:00,25.5088724195,485.500738643,0,0,0,12,12,7449,8230
compact51_marcy__current_roles,2019-12-12 07:00:00,30.4404411215,922.428391942,0,0,0,12,12,8316,8473
compact51_marcy__current_roles,2019-12-12 08:00:00,21.8377273964,192.365524215,0,0,0,12,12,6051,7445
compact51_marcy__current_roles,2019-12-12 09:00:00,18.6569857782,80.6905360539,0,0,0,12,12,4003,5528
compact51_marcy__current_roles,2019-12-12 10:00:00,19.2574543901,208.972567184,1,0,0,12,12,4468,7558
compact51_marcy__current_roles,2019-12-12 11:00:00,14.2003486798,190.320115306,0,0,0,7,7,834,7423
compact51_marcy__current_roles,2019-12-12 12:00:00,13.019691651,70.7962801072,0,7,0,0,0,388,4770
compact51_marcy__current_roles,2019-12-12 13:00:00,12.2542163253,62.8036850977,0,0,0,10,10,187,3457
compact51_marcy__current_roles,2019-12-12 14:00:00,12.2895678277,68.3237956107,0,0,0,12,12,191,4466
compact51_marcy__current_roles,2019-12-12 15:00:00,12.9277184931,63.0146645468,0,0,0,12,12,356,3504
compact51_marcy__current_roles,2019-12-12 16:00:00,12.1682948384,68.5211214517,0,0,0,7,7,167,4496
compact51_marcy__current_roles,2019-12-12 17:00:00,16.7262508822,71.6500386718,0,0,0,12,12,2476,4855
compact51_marcy__current_roles,2019-12-12 18:00:00,18.9568161786,70.0562737576,0,0,0,12,12,4241,4686
compact51_marcy__current_roles,2019-12-12 19:00:00,18.000897631,64.080926731,0,0,0,12,12,3488,3721
compact51_marcy__current_roles,2019-12-12 20:00:00,21.1858275366,277.942455466,0,0,0,12,12,5707,7862
compact51_marcy__current_roles,2019-12-12 21:00:00,19.9593063274,653.734861926,1,0,0,12,12,4945,8367
compact51_marcy__current_roles,2019-12-12 22:00:00,17.1494556324,755.308384066,0,0,0,12,12,2796,8421
compact51_marcy__current_roles,2019-12-12 23:00:00,17.4923423382,112.801110282,0,0,0,12,12,3068,6512
compact51_marcy__current_roles,2019-12-13 00:00:00,21.9248155502,235.997478342,0,0,0,12,12,6099,7703
compact51_marcy__current_roles,2019-12-13 01:00:00,22.9109999149,171.73215851,0,0,0,12,12,6547,7297
compact51_marcy__current_roles,2019-12-13 02:00:00,20.7418724177,135.810792571,0,0,0,12,12,5457,6911
compact51_marcy__current_roles,2019-12-13 03:00:00,21.0297058585,160.740403917,0,0,0,12,12,5632,7197
compact51_marcy__current_roles,2019-12-13 04:00:00,21.4231070254,132.458371311,0,0,0,12,12,5845,6873
compact51_marcy__current_roles,2019-12-13 05:00:00,21.8306418629,241.714527079,0,0,0,12,12,6044,7729
compact51_marcy__current_roles,2019-12-13 06:00:00,23.1524847792,107.352666985,0,0,0,13,13,6660,6393
compact51_marcy__current_roles,2019-12-13 07:00:00,23.3136494769,356.02451722,0,0,0,12,12,6737,8075
compact51_marcy__current_roles,2019-12-13 08:00:00,20.7459071817,143.558653984,0,0,0,12,12,5461,7007
compact51_marcy__current_roles,2019-12-13 09:00:00,19.8334101412,139.675667522,0,0,0,12,12,4861,6957
compact51_marcy__current_roles,2019-12-13 10:00:00,18.4427737823,81.1654565248,0,0,0,11,11,3830,5559
compact51_marcy__current_roles,2019-12-13 11:00:00,19.0073902528,83.283762494,0,0,0,11,11,4283,5649
compact51_marcy__current_roles,2019-12-13 12:00:00,17.7782257993,58.6367364132,0,0,0,12,12,3291,2498
compact51_marcy__current_roles,2019-12-13 13:00:00,18.305042967,61.1072081057,0,0,0,11,11,3732,3075
compact51_marcy__current_roles,2019-12-13 14:00:00,18.1156404298,61.3384600351,0,0,0,12,12,3585,3133
compact51_marcy__current_roles,2019-12-13 15:00:00,21.6112171026,65.0118501737,0,0,0,9,8,5941,3934
compact51_marcy__current_roles,2019-12-13 16:00:00,18.9381384045,60.566292728,0,0,0,12,12,4225,2941
compact51_marcy__current_roles,2019-12-13 17:00:00,21.3442509804,90.0800954542,0,0,0,12,12,5796,5888
compact51_marcy__current_roles,2019-12-13 18:00:00,17.398318607,65.9920542326,0,0,0,12,12,2997,4114
compact51_marcy__current_roles,2019-12-13 19:00:00,18.5404234355,109.349269065,0,0,0,12,12,3904,6435
compact51_marcy__current_roles,2019-12-13 20:00:00,19.4941633875,158.979971233,0,0,0,14,14,4639,7185
compact51_marcy__current_roles,2019-12-13 21:00:00,20.3261076022,158.959693198,0,0,0,10,10,5200,7183
compact51_marcy__current_roles,2019-12-13 22:00:00,17.215115471,80.2008661943,0,0,0,12,12,2859,5507
compact51_marcy__current_roles,2019-12-13 23:00:00,17.9389867874,64.8027178452,0,0,0,12,12,3436,3881
compact51_marcy__current_roles,2019-12-14 00:00:00,21.7245936022,412.286041443,0,0,0,12,12,5984,8150
compact51_marcy__current_roles,2019-12-14 01:00:00,23.2018185832,1660.00631938,1,0,0,12,12,6683,8584
compact51_marcy__current_roles,2019-12-14 02:00:00,24.2236801446,1374.35446619,1,0,0,12,12,7081,8556
compact51_marcy__current_roles,2019-12-14 03:00:00,26.3193119036,2827.42510585,1,0,0,12,12,7646,8660
compact51_marcy__current_roles,2019-12-14 04:00:00,27.0747061001,359.609858378,1,0,0,12,12,7821,8085
compact51_marcy__current_roles,2019-12-14 05:00:00,26.1087649653,326.399223655,1,0,0,12,12,7595,8002
compact51_marcy__current_roles,2019-12-14 06:00:00,26.1422787406,278.247603032,1,0,0,12,12,7607,7864
compact51_marcy__current_roles,2019-12-14 07:00:00,28.9058923279,286.370180643,1,0,0,12,12,8114,7901
compact51_marcy__current_roles,2019-12-14 08:00:00,27.0790136928,329.592451625,1,0,0,12,12,7822,8006
compact51_marcy__current_roles,2019-12-14 09:00:00,23.5096403295,136.663904728,1,0,0,12,12,6822,6919
compact51_marcy__current_roles,2019-12-14 10:00:00,25.6424330549,180.829835261,1,0,0,12,12,7486,7366
compact51_marcy__current_roles,2019-12-14 11:00:00,22.2395693766,179.07495607,1,0,0,12,12,6229,7352
compact51_marcy__current_roles,2019-12-14 12:00:00,25.2569198016,139.700543513,1,0,0,12,12,7382,6959
compact51_marcy__current_roles,2019-12-14 13:00:00,23.647287257,144.639929561,1,0,0,12,12,6885,7018
compact51_marcy__current_roles,2019-12-14 14:00:00,22.2119200293,209.999783311,1,0,0,12,12,6216,7564
compact51_marcy__current_roles,2019-12-14 15:00:00,22.6171289824,190.773475574,1,0,0,12,12,6408,7427
compact51_marcy__current_roles,2019-12-14 16:00:00,21.587942915,154.108067233,1,0,0,12,12,5930,7133
compact51_marcy__current_roles,2019-12-14 17:00:00,21.4862475793,156.113473268,1,0,0,12,12,5877,7156
compact51_marcy__current_roles,2019-12-14 18:00:00,19.4984914485,184.310464,1,0,0,12,12,4646,7388
compact51_marcy__current_roles,2019-12-14 19:00:00,19.8971223823,230.089717169,1,0,0,12,12,4906,7667
compact51_marcy__current_roles,2019-12-14 20:00:00,18.4955106841,538.278440537,1,0,0,12,12,3870,8289
compact51_marcy__current_roles,2019-12-14 21:00:00,18.8957021462,4526.93202595,1,0,0,12,12,4189,8704
compact51_marcy__current_roles,2019-12-14 22:00:00,22.3959218619,1123.68590369,0,0,0,12,12,6288,8521
compact51_marcy__current_roles,2019-12-14 23:00:00,24.6175797485,655.102858647,1,0,0,12,12,7197,8368
compact51_marcy__current_roles,2019-12-15 00:00:00,24.3092585396,250.638369112,1,0,0,12,12,7108,7774
compact51_marcy__current_roles,2019-12-15 01:00:00,24.6714463969,564.00767668,1,0,0,12,12,7212,8308
compact51_marcy__current_roles,2019-12-15 02:00:00,24.8691300879,1612.64028581,0,0,0,12,12,7276,8582
compact51_marcy__current_roles,2019-12-15 03:00:00,25.5630183265,1839.09336797,0,0,0,12,12,7463,8604
compact51_marcy__current_roles,2019-12-15 04:00:00,26.0832761707,4631.49140662,1,0,0,12,12,7590,8706
compact51_marcy__current_roles,2019-12-15 05:00:00,25.8143984597,348.982986879,1,0,0,12,12,7526,8063
compact51_marcy__current_roles,2019-12-15 06:00:00,26.417562544,242.179206625,1,0,0,12,12,7671,7732
compact51_marcy__current_roles,2019-12-15 07:00:00,24.4261285617,2698.24944817,1,0,0,12,12,7149,8657
compact51_marcy__current_roles,2019-12-15 08:00:00,28.2274739051,2141.05971082,1,0,0,12,12,8010,8630
compact51_marcy__current_roles,2019-12-15 09:00:00,31.3991196581,590.085407691,1,0,0,12,12,8415,8332
compact51_marcy__current_roles,2019-12-15 10:00:00,27.1734205105,599.892389635,0,0,0,12,12,7836,8336
compact51_marcy__current_roles,2019-12-15 11:00:00,27.2131582649,686.808853645,0,0,0,12,12,7846,8389
compact51_marcy__current_roles,2019-12-15 12:00:00,24.8779620891,376.497126147,0,0,0,12,12,7277,8108
compact51_marcy__current_roles,2019-12-15 13:00:00,24.527990397,259.865415204,0,0,0,12,12,7178,7813
compact51_marcy__current_roles,2019-12-15 14:00:00,22.679424171,348.191052771,0,0,0,12,12,6440,8060
compact51_marcy__current_roles,2019-12-15 15:00:00,22.3423612239,1116.27504748,0,0,0,12,12,6270,8520
compact51_marcy__current_roles,2019-12-15 16:00:00,22.8842189001,2071.40106375,1,0,0,12,12,6535,8622
compact51_marcy__current_roles,2019-12-15 17:00:00,23.1270363071,339.786490636,1,0,0,12,12,6650,8031
compact51_marcy__current_roles,2019-12-15 18:00:00,23.9408559776,257.112850741,1,0,0,12,12,6985,7800
compact51_marcy__current_roles,2019-12-15 19:00:00,24.9683207532,231.354802117,1,0,0,12,12,7308,7673
compact51_marcy__current_roles,2019-12-15 20:00:00,22.7261603223,192.655145378,1,0,0,12,12,6462,7447
compact51_marcy__current_roles,2019-12-15 21:00:00,19.2631960418,324.22724925,1,0,0,12,12,4471,7996
compact51_marcy__current_roles,2019-12-15 22:00:00,22.8954601181,1407.85973181,1,0,0,12,12,6539,8562
compact51_marcy__current_roles,2019-12-15 23:00:00,28.4419447173,31912.3313916,0,0,0,12,12,8034,8751
compact51_marcy__current_roles,2019-12-16 00:00:00,28.5587308671,357.366218476,1,0,0,12,12,8054,8079
compact51_marcy__current_roles,2019-12-16 01:00:00,24.2422864136,3041.56955885,0,0,0,12,12,7085,8669
compact51_marcy__current_roles,2019-12-16 02:00:00,23.7779220696,3054.07403696,1,0,0,12,12,6935,8671
compact51_marcy__current_roles,2019-12-16 03:00:00,24.5356025228,1179.27134659,1,0,0,12,12,7180,8534
compact51_marcy__current_roles,2019-12-16 04:00:00,27.3694239796,3046.8104233,0,0,0,13,12,7882,8670
compact51_marcy__current_roles,2019-12-16 05:00:00,25.8863458546,1834.92823952,1,0,0,12,12,7540,8603
compact51_marcy__current_roles,2019-12-16 06:00:00,27.2573108281,273.065484079,1,0,0,12,12,7855,7849
compact51_marcy__current_roles,2019-12-16 07:00:00,24.6746613705,368.414084251,1,0,0,12,12,7213,8096
compact51_marcy__current_roles,2019-12-16 08:00:00,22.5989439811,176.509269264,1,0,0,12,12,6397,7340
compact51_marcy__current_roles,2019-12-16 09:00:00,18.3569449327,398.123444822,1,0,0,12,12,3776,8133
compact51_marcy__current_roles,2019-12-16 10:00:00,19.9587725259,2082.62942267,1,0,0,12,12,4944,8623
compact51_marcy__current_roles,2019-12-16 11:00:00,17.3898761865,408.583789425,0,0,0,12,12,2989,8146
compact51_marcy__current_roles,2019-12-16 12:00:00,14.3323874776,73.6973428658,0,0,0,12,12,894,5052
compact51_marcy__current_roles,2019-12-16 13:00:00,14.2630730704,63.8073493087,0,0,0,12,12,865,3670
compact51_marcy__current_roles,2019-12-16 14:00:00,12.6724949895,46.3019816689,0,0,0,12,12,283,328
compact51_marcy__current_roles,2019-12-16 15:00:00,12.8356744368,51.7451302052,0,0,0,12,12,335,1034
compact51_marcy__current_roles,2019-12-16 16:00:00,14.3118471158,147.341525596,0,0,0,12,12,886,7054
compact51_marcy__current_roles,2019-12-16 17:00:00,18.250033701,223.700311758,0,0,0,12,12,3685,7635
compact51_marcy__current_roles,2019-12-16 18:00:00,17.8855618848,153.115745447,0,0,0,12,12,3390,7121
compact51_marcy__current_roles,2019-12-16 19:00:00,17.6350672572,227.774054694,0,0,0,12,12,3177,7656
compact51_marcy__current_roles,2019-12-16 20:00:00,16.2617008506,76.5672777475,0,0,0,12,12,2124,5311
compact51_marcy__current_roles,2019-12-16 21:00:00,15.876743168,38.5563257607,0,0,0,12,12,1841,33
compact51_marcy__current_roles,2019-12-16 22:00:00,14.8411480034,51.536265518,0,0,0,12,12,1154,994
compact51_marcy__current_roles,2019-12-16 23:00:00,19.6186769121,59.8073817716,0,0,0,12,12,4725,2770
compact51_marcy__current_roles,2019-12-17 00:00:00,15.6679839455,50.8135849415,0,0,0,12,12,1703,871
compact51_marcy__current_roles,2019-12-17 01:00:00,15.2866191602,51.805722901,0,0,0,12,12,1453,1043
compact51_marcy__current_roles,2019-12-17 02:00:00,15.5029916745,52.3655265168,0,0,0,12,12,1613,1135
compact51_marcy__current_roles,2019-12-17 03:00:00,18.6907635284,56.4980866539,0,0,0,12,12,4027,1976
compact51_marcy__current_roles,2019-12-17 04:00:00,21.1348900902,66.2389383789,0,0,0,12,12,5692,4160
compact51_marcy__current_roles,2019-12-17 05:00:00,26.1567881763,187.410035726,0,0,0,12,12,7611,7408
compact51_marcy__current_roles,2019-12-17 06:00:00,23.4087016271,104.877302247,0,0,0,12,12,6771,6347
compact51_marcy__current_roles,2019-12-17 07:00:00,27.1908957492,1862.63447604,0,0,0,12,12,7838,8608
compact51_marcy__current_roles,2019-12-17 08:00:00,25.6154196552,757.194098935,1,0,0,12,12,7478,8422
compact51_marcy__current_roles,2019-12-17 09:00:00,23.5780573082,801.996166375,1,0,0,12,12,6856,8435
compact51_marcy__current_roles,2019-12-17 10:00:00,20.3171344144,86.7249454664,0,0,0,12,12,5190,5775
compact51_marcy__current_roles,2019-12-17 11:00:00,18.7608323296,70.2801515152,0,0,0,12,12,4069,4719
compact51_marcy__current_roles,2019-12-17 12:00:00,15.1512936925,66.9619924869,0,0,0,12,12,1350,4286
compact51_marcy__current_roles,2019-12-17 13:00:00,15.2819647216,66.8723505261,0,0,0,12,12,1452,4265
compact51_marcy__current_roles,2019-12-17 14:00:00,16.0439499269,73.1611767221,0,0,0,13,12,1975,4994
compact51_marcy__current_roles,2019-12-17 15:00:00,15.2217048362,71.1879850475,0,0,0,13,13,1406,4807
compact51_marcy__current_roles,2019-12-17 16:00:00,15.240864464,65.3474065611,0,0,0,11,11,1425,4006
compact51_marcy__current_roles,2019-12-17 17:00:00,18.4816079526,77.5374302669,0,0,0,12,12,3863,5373
compact51_marcy__current_roles,2019-12-17 18:00:00,19.461487533,74.7192860362,0,0,0,13,13,4611,5151
compact51_marcy__current_roles,2019-12-17 19:00:00,16.361640619,65.0636999345,0,0,0,12,12,2211,3943
compact51_marcy__current_roles,2019-12-17 20:00:00,17.1458044691,66.4905144266,0,0,0,12,12,2792,4195
compact51_marcy__current_roles,2019-12-17 21:00:00,15.445042595,64.5540327386,0,0,0,12,12,1571,3827
compact51_marcy__current_roles,2019-12-17 22:00:00,17.1236190533,65.5607043182,0,0,0,12,12,2772,4047
compact51_marcy__current_roles,2019-12-17 23:00:00,18.5775378839,64.2361609173,0,0,0,12,12,3942,3756
compact51_marcy__current_roles,2019-12-18 00:00:00,19.022581881,54.8404248595,0,0,0,12,12,4299,1628
compact51_marcy__current_roles,2019-12-18 01:00:00,17.7767673665,49.6719361479,0,0,0,12,12,3289,693
compact51_marcy__current_roles,2019-12-18 02:00:00,21.2437986677,52.2782853566,0,0,0,12,12,5745,1123
compact51_marcy__current_roles,2019-12-18 03:00:00,19.0965586252,56.3140446508,0,0,0,12,12,4361,1941
compact51_marcy__current_roles,2019-12-18 04:00:00,20.0802400191,48.1416869086,0,0,0,12,12,5040,505
compact51_marcy__current_roles,2019-12-18 05:00:00,18.8276517113,61.003695763,0,0,0,12,12,4122,3047
compact51_marcy__current_roles,2019-12-18 06:00:00,15.3541105876,56.7784607299,0,0,0,12,12,1500,2049
compact51_marcy__current_roles,2019-12-18 07:00:00,12.3972200294,53.7209227267,0,0,0,12,12,220,1406
compact51_marcy__current_roles,2019-12-18 08:00:00,11.6509297386,56.7829819317,0,0,0,12,12,89,2051
compact51_marcy__current_roles,2019-12-18 09:00:00,11.4477227869,61.2061218443,0,0,0,12,12,68,3096
compact51_marcy__current_roles,2019-12-18 10:00:00,9.72423689434,58.5430308689,0,0,0,12,12,7,2467
compact51_marcy__current_roles,2019-12-18 11:00:00,11.5662374118,53.1091974175,0,0,0,12,12,80,1285
compact51_marcy__current_roles,2019-12-18 12:00:00,12.7046212713,54.4443940537,0,0,0,12,12,292,1536
compact51_marcy__current_roles,2019-12-18 13:00:00,14.1298775239,58.011145332,0,0,0,13,12,798,2348
compact51_marcy__current_roles,2019-12-18 14:00:00,12.1597730226,53.8817905058,0,0,0,12,12,163,1439
compact51_marcy__current_roles,2019-12-18 15:00:00,13.5489487527,56.3332759616,0,0,0,12,12,565,1945
compact51_marcy__current_roles,2019-12-18 16:00:00,13.6019798194,60.1056825495,0,0,0,12,12,580,2847
compact51_marcy__current_roles,2019-12-18 17:00:00,12.4689325244,62.7986204147,0,0,0,12,12,237,3454
compact51_marcy__current_roles,2019-12-18 18:00:00,17.1856864867,65.4277566756,0,0,0,12,12,2829,4022
compact51_marcy__current_roles,2019-12-18 19:00:00,13.9518861281,58.9888713094,0,0,0,12,12,724,2592
compact51_marcy__current_roles,2019-12-18 20:00:00,13.1578768605,55.666301407,0,0,0,12,12,436,1805
compact51_marcy__current_roles,2019-12-18 21:00:00,14.7727411097,58.9162939905,0,0,0,12,12,1105,2568
compact51_marcy__current_roles,2019-12-18 22:00:00,14.5089275957,50.5115750612,0,0,0,12,12,972,819
compact51_marcy__current_roles,2019-12-18 23:00:00,19.901607816,88.9499405766,0,0,0,12,12,4909,5844
compact51_marcy__current_roles,2019-12-19 00:00:00,18.4839440869,112.206555684,1,0,0,12,12,3864,6494
compact51_marcy__current_roles,2019-12-19 01:00:00,20.2777615085,139.661632022,1,0,0,12,12,5163,6956
compact51_marcy__current_roles,2019-12-19 02:00:00,19.8170123316,113.875338813,1,0,0,12,12,4854,6528
compact51_marcy__current_roles,2019-12-19 03:00:00,17.6345099763,97.1798732573,0,0,0,12,12,3175,6115
compact51_marcy__current_roles,2019-12-19 04:00:00,15.4893139862,266.881584261,1,0,0,12,12,1598,7830
compact51_marcy__current_roles,2019-12-19 05:00:00,17.4146232684,80.9496155648,0,0,0,12,12,3010,5548
compact51_marcy__current_roles,2019-12-19 06:00:00,19.1227787041,57.7143279022,0,0,0,12,12,4383,2269
compact51_marcy__current_roles,2019-12-19 07:00:00,17.3273943459,53.9148562072,0,0,0,12,12,2951,1446
compact51_marcy__current_roles,2019-12-19 08:00:00,16.2562974265,57.9540110865,0,0,0,12,12,2120,2334
compact51_marcy__current_roles,2019-12-19 09:00:00,16.6697800215,49.7585500214,0,0,0,12,12,2435,697
compact51_marcy__current_roles,2019-12-19 10:00:00,14.2615999236,54.5974330197,0,0,0,12,12,864,1579
compact51_marcy__current_roles,2019-12-19 11:00:00,15.7816260749,48.5521267135,0,0,0,12,12,1785,563
compact51_marcy__current_roles,2019-12-19 12:00:00,17.0262688135,51.6503680236,0,0,0,12,12,2699,1019
compact51_marcy__current_roles,2019-12-19 13:00:00,15.8546975093,55.4167114596,0,0,0,12,12,1823,1745
compact51_marcy__current_roles,2019-12-19 14:00:00,16.5978069719,48.9576842843,0,0,0,12,12,2388,606
compact51_marcy__current_roles,2019-12-19 15:00:00,17.558476707,46.1862931053,0,0,0,12,12,3126,317
compact51_marcy__current_roles,2019-12-19 16:00:00,17.2016864213,50.3986625206,0,0,0,12,12,2847,802
compact51_marcy__current_roles,2019-12-19 17:00:00,16.1779677139,63.5161418184,0,0,0,12,12,2067,3616
compact51_marcy__current_roles,2019-12-19 18:00:00,16.3283118864,64.9352240506,0,0,0,12,12,2188,3914
compact51_marcy__current_roles,2019-12-19 19:00:00,17.9358764922,65.0945268198,0,0,0,12,12,3431,3950
compact51_marcy__current_roles,2019-12-19 20:00:00,16.3067441304,58.4710904848,0,0,0,12,12,2167,2449
compact51_marcy__current_roles,2019-12-19 21:00:00,18.5728539335,48.7563582887,0,0,0,12,12,3937,587
compact51_marcy__current_roles,2019-12-19 22:00:00,23.0380004132,64.8250397197,0,0,0,12,12,6604,3888
compact51_marcy__current_roles,2019-12-19 23:00:00,24.0193236752,73.8956184627,0,0,0,12,12,7010,5078
compact51_marcy__current_roles,2019-12-20 00:00:00,19.6158480558,80.9999296886,0,0,0,12,12,4721,5552
compact51_marcy__current_roles,2019-12-20 01:00:00,20.0057904433,116.735461104,1,0,0,12,12,4979,6576
compact51_marcy__current_roles,2019-12-20 02:00:00,18.0012036025,97.194378641,0,0,0,12,12,3489,6116
compact51_marcy__current_roles,2019-12-20 03:00:00,19.53690143,90.8114492666,0,0,0,12,12,4677,5905
compact51_marcy__current_roles,2019-12-20 04:00:00,15.6816657118,66.1590667886,0,0,0,12,12,1718,4146
compact51_marcy__current_roles,2019-12-20 05:00:00,16.8186407065,62.4907651098,0,0,0,12,12,2549,3394
compact51_marcy__current_roles,2019-12-20 06:00:00,15.3796523718,52.7910822917,0,0,0,12,12,1518,1224
compact51_marcy__current_roles,2019-12-20 07:00:00,16.1396999865,76.562014861,0,0,0,12,12,2046,5309
compact51_marcy__current_roles,2019-12-20 08:00:00,11.814792526,65.2418428378,0,0,0,12,12,114,3985
compact51_marcy__current_roles,2019-12-20 09:00:00,13.5683594826,61.8912487965,0,0,0,12,12,568,3258
compact51_marcy__current_roles,2019-12-20 10:00:00,16.3910525246,59.793436317,0,0,0,12,12,2233,2767
compact51_marcy__current_roles,2019-12-20 11:00:00,16.3963319295,60.2438155434,0,0,0,12,12,2236,2881
compact51_marcy__current_roles,2019-12-20 12:00:00,16.2728438913,59.6694805863,0,0,0,14,14,2129,2732
compact51_marcy__current_roles,2019-12-20 13:00:00,15.140603417,63.0032379671,0,0,0,11,11,1341,3503
compact51_marcy__current_roles,2019-12-20 14:00:00,15.164856392,55.9738887842,0,0,0,12,12,1364,1866
compact51_marcy__current_roles,2019-12-20 15:00:00,14.1571359767,61.1951681876,0,0,0,12,12,816,3093
compact51_marcy__current_roles,2019-12-20 16:00:00,11.9991420282,68.1173635391,0,0,0,12,12,135,4441
compact51_marcy__current_roles,2019-12-20 17:00:00,12.7411196507,70.0775374328,0,0,0,12,12,302,4691
compact51_marcy__current_roles,2019-12-20 18:00:00,15.2617526768,60.0501715317,0,0,0,12,12,1438,2837
compact51_marcy__current_roles,2019-12-20 19:00:00,14.6626455495,63.0489179969,0,0,0,12,12,1045,3511
compact51_marcy__current_roles,2019-12-20 20:00:00,14.8990984739,60.2041542405,0,0,0,12,12,1190,2870
compact51_marcy__current_roles,2019-12-20 21:00:00,16.8359080106,55.317396934,0,0,0,12,12,2559,1719
compact51_marcy__current_roles,2019-12-20 22:00:00,16.7066139981,56.8073644635,0,0,0,12,12,2464,2057
compact51_marcy__current_roles,2019-12-20 23:00:00,16.917168698,67.7071565657,0,0,0,12,12,2611,4394
compact51_marcy__current_roles,2019-12-21 00:00:00,18.1188920494,90.9549993669,0,0,0,12,12,3587,5908
compact51_marcy__current_roles,2019-12-21 01:00:00,16.2730514157,84.7041716574,0,0,0,12,12,2130,5707
compact51_marcy__current_roles,2019-12-21 02:00:00,14.3094984837,68.5195236566,0,0,0,12,12,882,4495
compact51_marcy__current_roles,2019-12-21 03:00:00,12.757404557,50.5632686729,0,0,0,12,12,309,826
compact51_marcy__current_roles,2019-12-21 04:00:00,16.2140810502,64.7189489096,0,0,0,12,12,2093,3860
compact51_marcy__current_roles,2019-12-21 05:00:00,15.7263273917,89.8620423881,0,0,0,12,12,1745,5882
compact51_marcy__current_roles,2019-12-21 06:00:00,17.9198200705,87.8061899289,0,0,0,12,12,3412,5808
compact51_marcy__current_roles,2019-12-21 07:00:00,16.055754632,78.9608859998,0,0,0,12,12,1983,5447
compact51_marcy__current_roles,2019-12-21 08:00:00,14.2053981919,53.0578701967,0,0,0,12,12,837,1272
compact51_marcy__current_roles,2019-12-21 09:00:00,12.6373154433,59.1996386611,0,0,0,12,12,278,2639
compact51_marcy__current_roles,2019-12-21 10:00:00,14.6751425103,56.1430924256,0,0,0,12,12,1047,1908
compact51_marcy__current_roles,2019-12-21 11:00:00,14.8938538601,56.3794007918,0,0,0,12,12,1187,1955
compact51_marcy__current_roles,2019-12-21 12:00:00,12.1485107658,62.3693839638,0,0,0,12,12,162,3364
compact51_marcy__current_roles,2019-12-21 13:00:00,12.2524381884,63.1066478663,0,0,0,12,12,184,3519
compact51_marcy__current_roles,2019-12-21 14:00:00,12.3276468962,55.3798017565,0,0,0,12,12,203,1732
compact51_marcy__current_roles,2019-12-21 15:00:00,11.7004573038,56.3538084291,0,0,0,12,12,97,1951
compact51_marcy__current_roles,2019-12-21 16:00:00,15.0467255606,54.9186653865,0,0,0,12,12,1292,1644
compact51_marcy__current_roles,2019-12-21 17:00:00,16.1958654189,52.1257895021,0,0,0,14,14,2076,1099
compact51_marcy__current_roles,2019-12-21 18:00:00,13.8708173184,54.3322879808,0,0,0,10,10,690,1517
compact51_marcy__current_roles,2019-12-21 19:00:00,13.6231760467,54.9650044354,0,0,0,12,12,587,1654
compact51_marcy__current_roles,2019-12-21 20:00:00,12.7898442747,56.0113635992,0,0,0,12,12,320,1876
compact51_marcy__current_roles,2019-12-21 21:00:00,13.3770308106,52.4519723799,0,0,0,12,12,510,1154
compact51_marcy__current_roles,2019-12-21 22:00:00,13.4535102964,53.2683695461,0,0,0,12,12,535,1325
compact51_marcy__current_roles,2019-12-21 23:00:00,13.6153930697,53.5360510938,0,0,0,12,12,582,1375
compact51_marcy__current_roles,2019-12-22 00:00:00,18.5647092775,47.6458924405,0,0,0,14,14,3925,450
compact51_marcy__current_roles,2019-12-22 01:00:00,23.8856917293,41.7482791266,0,0,0,12,12,6967,88
compact51_marcy__current_roles,2019-12-22 02:00:00,19.9191406687,44.9187179371,0,0,0,12,12,4918,226
compact51_marcy__current_roles,2019-12-22 03:00:00,19.6361570684,44.6235158058,0,0,0,12,12,4738,210
compact51_marcy__current_roles,2019-12-22 04:00:00,19.7010882025,44.1504422053,0,0,0,12,12,4791,176
compact51_marcy__current_roles,2019-12-22 05:00:00,19.8537306759,48.2855679918,0,0,0,12,12,4878,525
compact51_marcy__current_roles,2019-12-22 06:00:00,24.7270200662,115.406665021,1,0,0,12,12,7225,6562
compact51_marcy__current_roles,2019-12-22 07:00:00,16.3885860974,36.4307693472,0,0,0,12,12,2231,20
compact51_marcy__current_roles,2019-12-22 08:00:00,23.7075453146,116.316838192,0,0,0,12,12,6918,6569
compact51_marcy__current_roles,2019-12-22 09:00:00,18.8367333511,54.6977892361,0,0,0,12,12,4131,1598
compact51_marcy__current_roles,2019-12-22 10:00:00,20.0345785632,78.981061746,0,0,0,12,12,5009,5449
compact51_marcy__current_roles,2019-12-22 11:00:00,20.5426789544,89.1134109699,0,0,0,12,12,5334,5852
compact51_marcy__current_roles,2019-12-22 12:00:00,19.8695408227,117.784911344,0,0,0,12,12,4890,6597
compact51_marcy__current_roles,2019-12-22 13:00:00,17.6823798336,61.9435535457,0,0,0,12,12,3208,3268
compact51_marcy__current_roles,2019-12-22 14:00:00,16.0389728064,59.1288699549,0,0,0,12,12,1970,2624
compact51_marcy__current_roles,2019-12-22 15:00:00,15.0241283747,58.4400477447,0,0,0,12,12,1279,2445
compact51_marcy__current_roles,2019-12-22 16:00:00,13.8012282599,57.2654725019,0,0,0,12,12,655,2154
compact51_marcy__current_roles,2019-12-22 17:00:00,15.2248688753,55.6560070559,0,0,0,12,12,1409,1799
compact51_marcy__current_roles,2019-12-22 18:00:00,13.8354992898,49.3522477325,0,0,0,12,12,672,650
compact51_marcy__current_roles,2019-12-22 19:00:00,13.3028093388,51.8498395828,0,0,0,12,12,481,1053
compact51_marcy__current_roles,2019-12-22 20:00:00,13.6509946155,50.8558527134,0,0,0,12,12,596,881
compact51_marcy__current_roles,2019-12-22 21:00:00,13.083546414,55.445326537,0,0,0,12,12,409,1756
compact51_marcy__current_roles,2019-12-22 22:00:00,17.5962429655,65.757782052,0,0,0,13,12,3151,4070
compact51_marcy__current_roles,2019-12-22 23:00:00,17.2959416624,56.2998146989,0,0,0,12,12,2930,1936
compact51_marcy__current_roles,2019-12-23 00:00:00,19.0557182374,48.4864036695,0,0,0,12,12,4321,558
compact51_marcy__current_roles,2019-12-23 01:00:00,19.8345585276,42.7127660713,0,0,0,12,12,4862,118
compact51_marcy__current_roles,2019-12-23 02:00:00,18.0280681064,50.9661001135,0,0,0,12,12,3509,898
compact51_marcy__current_roles,2019-12-23 03:00:00,16.469094063,170.192691429,0,0,0,12,12,2299,7284
compact51_marcy__current_roles,2019-12-23 04:00:00,18.4665643497,570.078263706,1,0,0,12,12,3855,8313
compact51_marcy__current_roles,2019-12-23 05:00:00,20.2544422508,289.510599051,0,0,0,14,13,5151,7911
compact51_marcy__current_roles,2019-12-23 06:00:00,16.4640506551,44.1037438962,0,0,0,11,11,2292,169
compact51_marcy__current_roles,2019-12-23 07:00:00,20.1722547115,53.8046627053,0,0,0,12,12,5090,1421
compact51_marcy__current_roles,2019-12-23 08:00:00,18.1394413448,60.6795823791,0,0,0,12,12,3605,2964
compact51_marcy__current_roles,2019-12-23 09:00:00,17.2457692161,53.3881266272,0,0,0,12,12,2884,1352
compact51_marcy__current_roles,2019-12-23 10:00:00,19.7718887284,84.075125983,0,0,0,12,12,4829,5683
compact51_marcy__current_roles,2019-12-23 11:00:00,15.8778241225,72.1329107973,0,0,0,12,12,1843,4901
compact51_marcy__current_roles,2019-12-23 12:00:00,17.2136712071,90.2859085999,0,0,0,12,12,2857,5895
compact51_marcy__current_roles,2019-12-23 13:00:00,17.4906147351,70.6202654386,0,0,0,12,12,3067,4748
compact51_marcy__current_roles,2019-12-23 14:00:00,17.5436278589,71.5129402516,0,0,0,12,12,3109,4841
compact51_marcy__current_roles,2019-12-23 15:00:00,14.9859187993,66.1248228057,0,0,0,12,12,1251,4140
compact51_marcy__current_roles,2019-12-23 16:00:00,15.9482377888,76.1611169544,0,0,0,12,12,1910,5276
compact51_marcy__current_roles,2019-12-23 17:00:00,17.1913103398,75.998543516,0,0,0,12,12,2835,5264
compact51_marcy__current_roles,2019-12-23 18:00:00,16.3711956921,57.4201967857,0,0,0,12,12,2216,2199
compact51_marcy__current_roles,2019-12-23 19:00:00,14.9502892429,49.5478235088,0,0,0,12,12,1231,676
compact51_marcy__current_roles,2019-12-23 20:00:00,15.9189182323,48.2438892631,0,0,0,13,12,1886,522
compact51_marcy__current_roles,2019-12-23 21:00:00,16.605532312,52.2541194505,0,0,0,12,12,2390,1118
compact51_marcy__current_roles,2019-12-23 22:00:00,14.9035751312,52.5481522796,0,0,0,13,12,1194,1173
compact51_marcy__current_roles,2019-12-23 23:00:00,16.9940197475,50.8800008341,0,0,0,12,12,2672,884
compact51_marcy__current_roles,2019-12-24 00:00:00,21.1185457806,48.0516792006,0,0,0,12,12,5686,491
compact51_marcy__current_roles,2019-12-24 01:00:00,16.7875240606,44.1889773316,0,0,0,12,12,2521,184
compact51_marcy__current_roles,2019-12-24 02:00:00,16.1330541362,49.3259998035,0,0,0,12,12,2042,641
compact51_marcy__current_roles,2019-12-24 03:00:00,18.5223939795,50.4933257128,0,0,0,12,12,3888,815
compact51_marcy__current_roles,2019-12-24 04:00:00,17.5968288207,51.8123058855,0,0,0,12,12,3153,1047
compact51_marcy__current_roles,2019-12-24 05:00:00,16.3536802029,46.0162392414,0,0,0,12,12,2208,306
compact51_marcy__current_roles,2019-12-24 06:00:00,14.7074466798,40.5045553846,0,0,0,12,12,1070,62
compact51_marcy__current_roles,2019-12-24 07:00:00,14.2508954326,48.3201355878,0,0,0,12,12,858,534
compact51_marcy__current_roles,2019-12-24 08:00:00,12.3058079067,52.5394206969,0,0,0,12,12,198,1171
compact51_marcy__current_roles,2019-12-24 09:00:00,13.5034975256,58.8958243072,0,0,0,12,12,550,2565
compact51_marcy__current_roles,2019-12-24 10:00:00,17.5798491502,62.7504296851,0,0,0,12,12,3137,3438
compact51_marcy__current_roles,2019-12-24 11:00:00,20.098969084,101.378300513,0,0,0,12,12,5047,6254
compact51_marcy__current_roles,2019-12-24 12:00:00,21.5873226955,155.894042962,0,0,0,12,12,5929,7154
compact51_marcy__current_roles,2019-12-24 13:00:00,20.6611349859,127.05820797,0,0,0,12,12,5406,6795
compact51_marcy__current_roles,2019-12-24 14:00:00,19.8371852576,71.2617333668,0,0,0,12,12,4865,4813
compact51_marcy__current_roles,2019-12-24 15:00:00,16.9342894892,56.9992732492,0,0,0,12,12,2630,2098
compact51_marcy__current_roles,2019-12-24 16:00:00,22.83745188,89.0474337985,0,0,0,12,12,6517,5847
compact51_marcy__current_roles,2019-12-24 17:00:00,23.2719267876,85.7609475635,0,0,0,12,12,6714,5750
compact51_marcy__current_roles,2019-12-24 18:00:00,23.7064106822,99.2862103978,0,0,0,12,12,6916,6179
compact51_marcy__current_roles,2019-12-24 19:00:00,21.3250915191,61.4736931395,0,0,0,12,12,5784,3160
compact51_marcy__current_roles,2019-12-24 20:00:00,20.6876944902,95.9092865881,0,0,0,12,12,5422,6084
compact51_marcy__current_roles,2019-12-24 21:00:00,18.9836939461,64.2709417,0,0,0,12,12,4268,3763
compact51_marcy__current_roles,2019-12-24 22:00:00,17.7781621952,59.5789965265,0,0,0,12,12,3290,2717
compact51_marcy__current_roles,2019-12-24 23:00:00,17.4634717764,57.8675537486,0,0,0,12,12,3046,2309
compact51_marcy__current_roles,2019-12-25 00:00:00,18.5309701976,52.1452970765,0,0,0,12,12,3896,1102
compact51_marcy__current_roles,2019-12-25 01:00:00,15.2159016054,50.0413007721,0,0,0,12,12,1400,746
compact51_marcy__current_roles,2019-12-25 02:00:00,15.8971148516,48.5567710542,0,0,0,12,12,1863,564
compact51_marcy__current_roles,2019-12-25 03:00:00,18.316588573,47.4079351347,0,0,0,12,12,3743,424
compact51_marcy__current_roles,2019-12-25 04:00:00,16.1192372136,43.1987035417,0,0,0,12,12,2029,131
compact51_marcy__current_roles,2019-12-25 05:00:00,20.3216611522,42.7246076749,0,0,0,12,12,5196,120
compact51_marcy__current_roles,2019-12-25 06:00:00,20.3660447585,41.6463353461,0,0,0,12,12,5224,84
compact51_marcy__current_roles,2019-12-25 07:00:00,17.9947967694,41.7531290366,0,0,0,12,12,3481,89
compact51_marcy__current_roles,2019-12-25 08:00:00,14.7247784486,45.4339513606,0,0,0,12,12,1078,258
compact51_marcy__current_roles,2019-12-25 09:00:00,15.7335970874,53.0932120972,0,0,0,12,12,1749,1281
compact51_marcy__current_roles,2019-12-25 10:00:00,20.0332471331,63.5234317837,0,0,0,12,12,5007,3617
compact51_marcy__current_roles,2019-12-25 11:00:00,18.6985038985,66.1441742173,0,0,0,12,12,4033,4144
compact51_marcy__current_roles,2019-12-25 12:00:00,17.6587462889,65.943947415,0,0,0,12,12,3191,4103
compact51_marcy__current_roles,2019-12-25 13:00:00,16.3468318576,62.2374038762,0,0,0,12,12,2204,3329
compact51_marcy__current_roles,2019-12-25 14:00:00,17.3566461124,61.4406475772,0,0,0,12,12,2964,3151
compact51_marcy__current_roles,2019-12-25 15:00:00,15.7244976078,55.958143873,0,0,0,12,12,1742,1862
compact51_marcy__current_roles,2019-12-25 16:00:00,17.165810073,49.5176928841,0,0,0,12,12,2818,670
compact51_marcy__current_roles,2019-12-25 17:00:00,15.2919927256,54.0730477914,0,0,0,12,12,1456,1471
compact51_marcy__current_roles,2019-12-25 18:00:00,13.8563435058,51.0845476773,0,0,0,12,12,684,918
compact51_marcy__current_roles,2019-12-25 19:00:00,14.2589108904,49.3846846826,0,0,0,12,12,863,658
compact51_marcy__current_roles,2019-12-25 20:00:00,13.4751244664,53.8391113561,0,0,0,12,12,541,1433
compact51_marcy__current_roles,2019-12-25 21:00:00,14.1558583571,52.6770872938,0,0,0,12,12,814,1204
compact51_marcy__current_roles,2019-12-25 22:00:00,15.227795675,60.9749748469,0,0,0,12,12,1413,3041
compact51_marcy__current_roles,2019-12-25 23:00:00,13.4557971263,54.7548478642,0,0,0,12,12,537,1607
compact51_marcy__current_roles,2019-12-26 00:00:00,18.9832449549,49.0853296708,0,0,0,12,12,4267,620
compact51_marcy__current_roles,2019-12-26 01:00:00,17.7817788929,51.9103346064,0,0,0,12,12,3293,1067
compact51_marcy__current_roles,2019-12-26 02:00:00,16.548229259,48.9765395474,0,0,0,12,12,2350,607
compact51_marcy__current_roles,2019-12-26 03:00:00,17.7145004795,48.3409252359,0,0,0,12,12,3233,535
compact51_marcy__current_roles,2019-12-26 04:00:00,18.5898108941,51.8619813017,0,0,0,12,12,3955,1057
compact51_marcy__current_roles,2019-12-26 05:00:00,16.8810253324,50.0605615793,0,0,0,12,12,2588,750
compact51_marcy__current_roles,2019-12-26 06:00:00,14.8396396015,56.7807851188,0,0,0,12,12,1152,2050
compact51_marcy__current_roles,2019-12-26 07:00:00,13.4139105206,54.9240673192,0,0,0,12,12,519,1645
compact51_marcy__current_roles,2019-12-26 08:00:00,13.9750255572,58.4092845481,0,0,0,12,12,735,2432
compact51_marcy__current_roles,2019-12-26 09:00:00,13.8945241193,56.1059306939,0,0,0,12,12,702,1896
compact51_marcy__current_roles,2019-12-26 10:00:00,14.6239094239,59.598834185,0,0,0,12,12,1028,2722
compact51_marcy__current_roles,2019-12-26 11:00:00,13.8836919382,61.2686757546,0,0,0,12,12,696,3114
compact51_marcy__current_roles,2019-12-26 12:00:00,12.3435289844,61.3809319975,0,0,0,12,12,206,3141
compact51_marcy__current_roles,2019-12-26 13:00:00,13.1041181267,61.3209859499,0,0,0,12,12,417,3126
compact51_marcy__current_roles,2019-12-26 14:00:00,12.7268762445,60.5874496085,0,0,0,12,12,296,2944
compact51_marcy__current_roles,2019-12-26 15:00:00,15.3159340937,60.2271289222,0,0,0,12,12,1478,2876
compact51_marcy__current_roles,2019-12-26 16:00:00,13.2222298314,57.6733465817,0,0,0,12,12,454,2256
compact51_marcy__current_roles,2019-12-26 17:00:00,15.159596435,51.3452154977,0,0,0,12,12,1359,959
compact51_marcy__current_roles,2019-12-26 18:00:00,16.0793915642,55.3255442143,0,0,0,11,11,2000,1723
compact51_marcy__current_roles,2019-12-26 19:00:00,17.6462642854,51.8713246708,0,0,0,12,12,3185,1058
compact51_marcy__current_roles,2019-12-26 20:00:00,16.805405788,54.3514265065,0,0,0,12,12,2540,1520
compact51_marcy__current_roles,2019-12-26 21:00:00,16.8545306487,59.230730669,0,0,0,13,12,2571,2644
compact51_marcy__current_roles,2019-12-26 22:00:00,16.4182773066,56.3130214079,0,0,0,13,12,2256,1939
compact51_marcy__current_roles,2019-12-26 23:00:00,17.9984169077,54.6759050376,0,0,0,12,12,3485,1593
compact51_marcy__current_roles,2019-12-27 00:00:00,24.3506675711,61.4569540571,0,0,0,12,12,7127,3156
compact51_marcy__current_roles,2019-12-27 01:00:00,25.7582497649,68.1279227898,0,0,0,12,12,7513,4442
compact51_marcy__current_roles,2019-12-27 02:00:00,24.9276018853,61.6845507755,0,0,0,12,12,7295,3214
compact51_marcy__current_roles,2019-12-27 03:00:00,23.5928181139,64.1913809516,0,0,0,12,12,6863,3745
compact51_marcy__current_roles,2019-12-27 04:00:00,22.7940370178,69.8378869563,0,0,0,12,12,6495,4661
compact51_marcy__current_roles,2019-12-27 05:00:00,18.596739356,67.1051118351,0,0,0,12,12,3964,4304
compact51_marcy__current_roles,2019-12-27 06:00:00,19.5226485433,73.3591190805,0,0,0,12,12,4670,5015
compact51_marcy__current_roles,2019-12-27 07:00:00,16.0518773131,53.3757779693,0,0,0,12,12,1980,1348
compact51_marcy__current_roles,2019-12-27 08:00:00,16.9136480889,60.0356695601,0,0,0,12,12,2609,2829
compact51_marcy__current_roles,2019-12-27 09:00:00,16.5035125756,60.3185869368,0,0,0,12,12,2323,2893
compact51_marcy__current_roles,2019-12-27 10:00:00,16.0894924015,61.5588094903,0,0,0,12,12,2010,3181
compact51_marcy__current_roles,2019-12-27 11:00:00,15.5768292215,61.1811536227,0,0,0,12,12,1656,3091
compact51_marcy__current_roles,2019-12-27 12:00:00,17.1084843722,62.8836569713,0,0,0,12,12,2763,3475
compact51_marcy__current_roles,2019-12-27 13:00:00,16.4035669141,60.4248314262,0,0,0,12,12,2245,2907
compact51_marcy__current_roles,2019-12-27 14:00:00,15.9070662704,58.5955479698,0,0,0,12,12,1869,2488
compact51_marcy__current_roles,2019-12-27 15:00:00,15.8369040604,57.3489270874,0,0,0,12,12,1813,2178
compact51_marcy__current_roles,2019-12-27 16:00:00,14.9623395876,52.3965314456,0,0,0,12,12,1236,1143
compact51_marcy__current_roles,2019-12-27 17:00:00,18.5456592795,49.9228962183,0,0,0,12,12,3905,721
compact51_marcy__current_roles,2019-12-27 18:00:00,19.5594481803,52.384857577,0,0,0,12,12,4687,1139
compact51_marcy__current_roles,2019-12-27 19:00:00,19.7594727498,58.5380492208,0,0,0,12,12,4824,2465
compact51_marcy__current_roles,2019-12-27 20:00:00,18.4355566742,59.7911799576,0,0,0,13,13,3827,2764
compact51_marcy__current_roles,2019-12-27 21:00:00,19.6714813045,66.6604836226,0,0,0,12,12,4767,4227
compact51_marcy__current_roles,2019-12-27 22:00:00,16.5757226706,60.713467435,0,0,0,12,12,2378,2979
compact51_marcy__current_roles,2019-12-27 23:00:00,15.505787665,52.0754143815,0,0,0,12,12,1614,1088
compact51_marcy__current_roles,2019-12-28 00:00:00,17.2360269546,46.6241425561,0,0,0,12,12,2878,349
compact51_marcy__current_roles,2019-12-28 01:00:00,16.216515029,47.0402853064,0,0,0,12,12,2097,384
compact51_marcy__current_roles,2019-12-28 02:00:00,20.0777099166,58.5791981645,0,0,0,12,12,5038,2480
compact51_marcy__current_roles,2019-12-28 03:00:00,19.1027919965,61.2018340692,0,0,0,12,12,4364,3095
compact51_marcy__current_roles,2019-12-28 04:00:00,18.8170678693,60.5622406935,0,0,0,12,12,4115,2939
compact51_marcy__current_roles,2019-12-28 05:00:00,13.9633748283,40.5643546064,0,0,0,12,12,731,63
compact51_marcy__current_roles,2019-12-28 06:00:00,15.2252624008,47.2921556658,0,0,0,12,12,1410,413
compact51_marcy__current_roles,2019-12-28 07:00:00,17.7053175701,50.1353368517,0,0,0,12,12,3227,760
compact51_marcy__current_roles,2019-12-28 08:00:00,15.2507839128,53.1768930712,0,0,0,12,12,1433,1306
compact51_marcy__current_roles,2019-12-28 09:00:00,18.1331292494,59.2205144192,0,0,0,12,12,3600,2640
compact51_marcy__current_roles,2019-12-28 10:00:00,21.4874150516,99.1715352694,0,0,0,12,12,5881,6174
compact51_marcy__current_roles,2019-12-28 11:00:00,18.5334164369,61.4771666963,0,0,0,12,12,3899,3161
compact51_marcy__current_roles,2019-12-28 12:00:00,17.0738659151,66.6504835184,0,0,0,12,12,2739,4225
compact51_marcy__current_roles,2019-12-28 13:00:00,16.5379865607,63.1381510973,0,0,0,12,12,2340,3528
compact51_marcy__current_roles,2019-12-28 14:00:00,18.1514855484,66.2247105692,0,0,0,12,12,3615,4158
compact51_marcy__current_roles,2019-12-28 15:00:00,16.3933942873,65.1727278253,0,0,0,12,12,2234,3965
compact51_marcy__current_roles,2019-12-28 16:00:00,16.8350032827,59.7699295214,0,0,0,12,12,2557,2757
compact51_marcy__current_roles,2019-12-28 17:00:00,15.2343836986,54.2517715659,0,0,0,12,12,1416,1498
compact51_marcy__current_roles,2019-12-28 18:00:00,15.0541750144,51.2430946582,0,0,0,12,12,1297,943
compact51_marcy__current_roles,2019-12-28 19:00:00,16.0094388181,54.1078303228,0,0,0,12,12,1951,1475
compact51_marcy__current_roles,2019-12-28 20:00:00,13.6841394194,53.0883649249,0,0,0,12,12,610,1278
compact51_marcy__current_roles,2019-12-28 21:00:00,16.4003088158,59.336835681,0,0,0,12,12,2243,2672
compact51_marcy__current_roles,2019-12-28 22:00:00,20.7930938511,71.0762641517,0,0,0,12,12,5492,4793
compact51_marcy__current_roles,2019-12-28 23:00:00,14.9884952172,55.0660225646,0,0,0,12,12,1252,1673
compact51_marcy__current_roles,2019-12-29 00:00:00,21.3418290961,50.2363494399,0,0,0,12,12,5794,778
compact51_marcy__current_roles,2019-12-29 01:00:00,19.4965993185,53.4155237776,0,0,0,12,12,4643,1356
compact51_marcy__current_roles,2019-12-29 02:00:00,18.9032303822,50.6567316458,0,0,0,12,12,4199,846
compact51_marcy__current_roles,2019-12-29 03:00:00,14.8031401869,48.5842448282,0,0,0,12,12,1134,568
compact51_marcy__current_roles,2019-12-29 04:00:00,16.18844291,56.6950284618,0,0,0,12,12,2071,2026
compact51_marcy__current_roles,2019-12-29 05:00:00,16.6835175268,56.7680850023,0,0,0,12,12,2444,2047
compact51_marcy__current_roles,2019-12-29 06:00:00,14.3010910198,53.366630957,0,0,0,12,12,880,1346
compact51_marcy__current_roles,2019-12-29 07:00:00,13.982743364,55.8481123709,0,0,0,12,12,741,1839
compact51_marcy__current_roles,2019-12-29 08:00:00,17.135980999,62.9167331785,0,0,0,12,12,2786,3483
compact51_marcy__current_roles,2019-12-29 09:00:00,19.0717495855,66.8112744311,0,0,0,12,12,4341,4257
compact51_marcy__current_roles,2019-12-29 10:00:00,18.6735226846,67.3273491017,0,0,0,12,12,4014,4338
compact51_marcy__current_roles,2019-12-29 11:00:00,19.9542378833,75.1502925239,0,0,0,12,12,4939,5190
compact51_marcy__current_roles,2019-12-29 12:00:00,18.7446785912,71.4135027934,0,0,0,12,12,4058,4835
compact51_marcy__current_roles,2019-12-29 13:00:00,16.9280465225,64.4918522774,0,0,0,12,12,2622,3811
compact51_marcy__current_roles,2019-12-29 14:00:00,19.4178064502,61.7434263826,0,0,0,13,13,4572,3228
compact51_marcy__current_roles,2019-12-29 15:00:00,22.6301032909,53.2309412746,0,0,0,12,12,6415,1313
compact51_marcy__current_roles,2019-12-29 16:00:00,19.9646958883,56.1232910892,0,0,0,12,12,4950,1899
compact51_marcy__current_roles,2019-12-29 17:00:00,20.4011371322,55.7768820645,0,0,0,12,12,5251,1824
compact51_marcy__current_roles,2019-12-29 18:00:00,19.8688978011,58.8813490089,0,0,0,12,12,4889,2559
compact51_marcy__current_roles,2019-12-29 19:00:00,21.7741920897,60.0552390401,0,0,0,12,12,6019,2839
compact51_marcy__current_roles,2019-12-29 20:00:00,20.829399207,60.7545236474,0,0,0,12,12,5523,2985
compact51_marcy__current_roles,2019-12-29 21:00:00,19.1184530698,67.3878176148,0,0,0,12,12,4381,4344
compact51_marcy__current_roles,2019-12-29 22:00:00,18.0313292113,57.9137373595,0,0,0,12,12,3515,2328
compact51_marcy__current_roles,2019-12-29 23:00:00,20.8305918055,67.245558406,0,0,0,12,12,5524,4326
compact51_marcy__current_roles,2019-12-30 00:00:00,18.2344064857,50.8353537867,0,0,0,11,11,3674,874
compact51_marcy__current_roles,2019-12-30 01:00:00,19.379293392,50.928674997,0,0,0,12,12,4543,896
compact51_marcy__current_roles,2019-12-30 02:00:00,17.9735201114,51.1679447161,0,0,0,12,12,3465,932
compact51_marcy__current_roles,2019-12-30 03:00:00,17.9890177507,51.8563294072,0,0,0,12,12,3477,1056
compact51_marcy__current_roles,2019-12-30 04:00:00,19.1741367418,48.8272934496,0,0,0,13,13,4407,590
compact51_marcy__current_roles,2019-12-30 05:00:00,19.5656193074,45.3830014418,0,0,0,12,12,4694,253
compact51_marcy__current_roles,2019-12-30 06:00:00,21.8492196031,50.1518924971,0,0,0,12,12,6056,767
compact51_marcy__current_roles,2019-12-30 07:00:00,19.6577785449,60.2206169494,0,0,0,12,12,4754,2872
compact51_marcy__current_roles,2019-12-30 08:00:00,20.2040452142,62.4355988322,0,0,0,12,12,5121,3383
compact51_marcy__current_roles,2019-12-30 09:00:00,16.7612625762,61.3373151499,0,0,0,12,12,2503,3131
compact51_marcy__current_roles,2019-12-30 10:00:00,17.6850119813,65.1892783298,0,0,0,14,13,3209,3972
compact51_marcy__current_roles,2019-12-30 11:00:00,18.4561887895,64.0942966991,0,0,0,12,12,3843,3726
compact51_marcy__current_roles,2019-12-30 12:00:00,16.5711873793,63.0661254445,0,0,0,12,12,2374,3514
compact51_marcy__current_roles,2019-12-30 13:00:00,16.7579840302,62.3171215828,0,0,0,14,14,2498,3346
compact51_marcy__current_roles,2019-12-30 14:00:00,19.6629902007,51.9590249025,0,0,0,12,11,4759,1073
compact51_marcy__current_roles,2019-12-30 15:00:00,20.0605804034,57.6884334087,0,0,0,13,12,5028,2263
compact51_marcy__current_roles,2019-12-30 16:00:00,21.7582842161,57.4250080084,0,0,0,13,13,6006,2201
compact51_marcy__current_roles,2019-12-30 17:00:00,20.8583027322,57.8959001383,0,0,0,12,12,5535,2318
compact51_marcy__current_roles,2019-12-30 18:00:00,22.3060561978,60.1197356727,0,0,0,12,12,6259,2852
compact51_marcy__current_roles,2019-12-30 19:00:00,22.5869320748,59.7713380534,0,0,0,12,12,6392,2759
compact51_marcy__current_roles,2019-12-30 20:00:00,21.6347193495,64.9838036433,0,0,0,12,12,5956,3929
compact51_marcy__current_roles,2019-12-30 21:00:00,18.6833692568,71.8367596587,0,0,0,12,12,4020,4875
compact51_marcy__current_roles,2019-12-30 22:00:00,20.4913278858,62.5413646722,0,0,0,12,12,5308,3399
compact51_marcy__current_roles,2019-12-30 23:00:00,24.2615424692,57.4782535636,0,0,0,12,12,7093,2215
compact51_marcy__current_roles,2019-12-31 00:00:00,29.278134206,57.3322012326,0,0,0,12,12,8172,2173
compact51_marcy__current_roles,2019-12-31 01:00:00,26.4906862314,51.4686654423,0,0,0,12,12,7688,981
compact51_marcy__current_roles,2019-12-31 02:00:00,23.9730030052,50.4606483416,0,0,0,12,12,6993,809
compact51_marcy__current_roles,2019-12-31 03:00:00,23.5497775136,49.0243572093,0,0,0,12,12,6842,615
compact51_marcy__current_roles,2019-12-31 04:00:00,23.2725115844,51.1166835655,0,0,0,12,12,6715,925
compact51_marcy__current_roles,2019-12-31 05:00:00,20.4615950539,48.837160313,0,0,0,12,12,5282,591
compact51_marcy__current_roles,2019-12-31 06:00:00,19.1040384251,56.8330204375,0,0,0,12,12,4368,2066
compact51_marcy__current_roles,2019-12-31 07:00:00,16.1197467248,58.5997530478,0,0,0,12,12,2030,2489
compact51_marcy__current_roles,2019-12-31 08:00:00,19.010399356,63.1132885323,0,0,0,12,12,4287,3520
compact51_marcy__current_roles,2019-12-31 09:00:00,18.887319168,59.6818790514,0,0,0,12,12,4178,2737
compact51_marcy__current_roles,2019-12-31 10:00:00,18.2256722562,59.8451882323,0,0,0,12,12,3667,2784
compact51_marcy__current_roles,2019-12-31 11:00:00,18.0971478293,60.8340674928,0,0,0,12,12,3569,3004
compact51_marcy__current_roles,2019-12-31 12:00:00,17.5942416771,61.8524397989,0,0,0,12,12,3150,3245
compact51_marcy__current_roles,2019-12-31 13:00:00,19.5790920805,63.388270185,0,0,0,12,12,4700,3584
compact51_marcy__current_roles,2019-12-31 14:00:00,19.1354443067,63.6095285264,0,0,0,12,12,4390,3628
compact51_marcy__current_roles,2019-12-31 15:00:00,19.5626504541,63.6581513781,0,0,0,12,12,4691,3639
compact51_marcy__current_roles,2019-12-31 16:00:00,21.8952424671,67.8886583134,0,0,0,12,12,6089,4404
compact51_marcy__current_roles,2019-12-31 17:00:00,22.2335413852,63.3924416967,0,0,0,13,13,6225,3585
compact51_marcy__current_roles,2019-12-31 18:00:00,24.3308346038,62.7845603677,0,0,0,12,12,7117,3448
compact51_marcy__current_roles,2019-12-31 19:00:00,23.4140818281,61.920352469,0,0,0,12,12,6774,3263
compact51_marcy__current_roles,2019-12-31 20:00:00,21.9295389225,59.9311591119,0,0,0,12,12,6102,2804
compact51_marcy__current_roles,2019-12-31 21:00:00,20.655764445,64.8087094783,0,0,0,12,12,5401,3884
compact51_marcy__current_roles,2019-12-31 22:00:00,20.5045728313,60.5849412223,0,0,0,12,12,5316,2943
compact51_marcy__current_roles,2019-12-31 23:00:00,21.371327396,58.7465276895,0,0,0,12,12,5813,2525
